m,r,p0,expected_smaller_count,ks_distance,bias_in_model_sd,sd_ratio,endpoint_atom
114,0.02,0.9990133642141359,0.11247647958850848,0.6424140847710692,-0.45268738335552827,0.6354344146783362,0.8935687499737729
114,0.03,0.9977809823015401,0.25296801762442755,0.619136660829601,-0.5342587077531064,0.8903839663167042,0.7762744848290856
114,0.04,0.9960573506572389,0.4494620250747674,0.5475615667554135,-0.5454373326710854,1.0823317547854696,0.6374047681216266
114,0.05,0.9938441702975689,0.7017645860771471,0.4478794131804021,-0.5095683511816198,1.207420384714863,0.49463584039529557
114,0.06,0.9911436253643443,1.0096267084647492,0.3406406781624689,-0.4482501492421462,1.270936664466829,0.36271999788536213
114,0.07,0.9879583809693737,1.3727445694913962,0.24187090694860577,-0.37859949591809816,1.284844096467828,0.25130785996678723
114,0.08,0.9842915805643156,1.790759815668016,0.21562953943050256,-0.3121066667448229,1.2644663977596122,0.16447875453871635
114,0.09,0.9801468428384714,2.263259916414258,0.1816050928098218,-0.2549243956913391,1.225194514845739,0.10166947221319976
114,0.1,0.9755282581475768,2.7897785711762424,0.16716386659018145,-0.20907164888883897,1.1798919300844348,0.059339430076693074
114,0.11,0.9704403844771127,3.369796169609155,0.14702661488710916,-0.17394844298205817,1.137414043428218,0.03269265407380254
114,0.12,0.9648882429441258,4.00274030436966,0.1367900069255944,-0.14769345813404225,1.1023742318140954,0.016997289245063517
114,0.13,0.9588773128419905,4.687986336013081,0.1260311076714481,-0.12814592984488643,1.0759485327028562,0.008336561046299231
114,0.14,0.9524135262330098,5.424858009436884,0.11561930144895816,-0.11338100032469459,1.0572012932948454,0.0038557887368276876
114,0.15,0.9455032620941839,6.212628121263036,0.1074322423237572,-0.10191227913965017,1.0443474413497436,0.0016810692208263118
114,0.16,0.9381533400219317,7.050519237499782,0.10140421509995429,-0.09269321587043557,1.0355950767722313,0.0006905840058857497
114,0.17,0.9303710135019718,7.937704460775212,0.09565560344393487,-0.0850297375538837,1.029526832052742,0.000267179730518299
114,0.18,0.9221639627510075,8.873308246385141,0.09040272796373611,-0.07847585487524869,1.0251651096141652,9.730355146619378e-05
114,0.19,0.9135402871372809,9.856407266349983,0.08566961058552203,-0.07274608263494813,1.0218911192787852,3.333944096355159e-05
114,0.2,0.9045084971874736,10.886031320628009,0.08139666900270098,-0.06765360686459386,1.0193314864605938,1.0740938359933754e-05
114,0.21,0.8950775061878451,11.961164294585659,0.0774921879339493,-0.06307106877415018,1.0172637529770892,3.251721363536069e-06
114,0.22,0.8852566213878946,13.080745161780012,0.07385679001146095,-0.05890731591678703,1.0155526362237832,9.24457507006645e-07
114,0.23,0.8750555348152297,14.243669031063815,0.07061932689991268,-0.0550940696705015,1.0141119926980977,2.466381397601612e-07
114,0.24,0.8644843137107059,15.448788236979528,0.06811835134170918,-0.051578272752341565,1.0128837263223764,6.170372344208663e-08
114,0.25,0.8535533905932737,16.694913472366796,0.06562428489475347,-0.04831755247925491,1.0118264704230922,1.4464348265113576e-08
114,0.26,0.8422735529643444,17.98081496206474,0.06305683127347339,-0.04527738239887172,1.0109094716720723,3.1743932245752085e-09
114,0.27,0.830655932661826,19.305223676551833,0.06085190690449466,-0.04242919706193754,1.0101091405213571,6.516486770722425e-10
114,0.28,0.8187119948743448,20.6668325843247,0.058998677656068255,-0.039749072155050386,1.0094069748973833,1.2501193282397813e-10
114,0.29,0.8064535268264883,22.064297941780335,0.056857697323277,-0.03721676241367452,1.0087882227690743,2.2389551328093563e-11
114,0.3,0.7938926261462367,23.49624061932902,0.05536725509960788,-0.03481497956564426,1.00824097063095,3.7397413620868325e-12
114,0.31,0.7810416889260654,24.961247462428545,0.05360650817098794,-0.032528838708636466,1.0077554960527093,5.819163481037168e-13
114,0.32,0.7679133974894983,26.4578726861972,0.05224834736744305,-0.030345426753519714,1.0073237942018367,8.425503961082179e-14
114,0.33,0.7545207078751855,27.984639302228846,0.050680019812926136,-0.02825346141381059,1.0069392241810082,1.1337378375974036e-14
114,0.34,0.7408768370508576,29.540040576202234,0.04955954281030073,-0.026243018557788014,1.0065962405002091,1.4159435856026205e-15
114,0.35,0.7269952498697735,31.12254151484582,0.0481893015558576,-0.024305311914803056,1.006290186440755,1.639076966511353e-16
114,0.36,0.7128896457825363,32.73058038079086,0.04716392474847386,-0.02243251335906273,1.0060171332289891,1.7560747203264504e-17
114,0.37,0.6985739453173904,34.3625702338175,0.04612595911987416,-0.020617604968463887,1.005773753629976,1.7386483249093407e-18
114,0.38,0.684062276342339,36.016900496973356,0.044971864519555316,-0.01885425619009884,1.0055572217467068,1.588192361293925e-19
114,0.39,0.6693689601226458,37.69193854601838,0.044179366464811576,-0.017136720996939223,1.0053651330106128,1.3362106143070492e-20
114,0.4,0.6545084971874737,39.38603132062799,0.04334587198030354,-0.015459751068452942,1.0051954399032024,1.033577307303557e-21
114,0.41,0.6394955530196147,41.097506955763926,0.042452306922192706,-0.013818521884223205,1.005046400064245,7.336320264734855e-23
114,0.42,0.6243449435824274,42.82467643160327,0.041660604140393964,-0.012208569266949179,1.0049165342544966,4.7687468208176276e-24
114,0.43,0.6090716206982714,44.565835240397064,0.04105025594914913,-0.010625734402572345,1.0048045922408402,2.8326540010617525e-25
114,0.44,0.5936906572928623,46.319265068613696,0.040404148718797994,-0.009066115743439452,1.0047095251201879,1.5341381452470554e-26
114,0.45,0.5782172325201155,48.083235492706834,0.0397356643655713,-0.007526026489812564,1.00463046293816,7.557488662552244e-28
114,0.46,0.5626666167821522,49.85600568683464,0.039054717644435855,-0.006001956570266312,1.004566696719063,3.377777151073026e-29
114,0.47,0.5470541566592573,51.63582614084467,0.038633067595548354,-0.004490538214454282,1.0045176642265083,1.36601899462708e-30
114,0.48,0.5313952597646567,53.42094038682913,0.03819487553081646,-0.0029885143448604235,1.0044829389344299,4.984427985050283e-32
114,0.49,0.5157053795390643,55.209586732546676,0.037744190008616174,-0.0014927091155120195,1.0044622218177188,1.637289317150143e-33
114,0.5,0.5000000000000001,56.999999999999986,0.037282519371638734,2.3707876222259364e-15,1.0044553356787922,9.629649721936194e-35
114,0.51,0.48429462046093585,55.20958673254669,0.03774419000861484,0.001492709115540469,1.004462221817719,1.6372893171501235e-33
114,0.52,0.4686047402353432,53.42094038682912,0.03819487553081519,0.002988514344877019,1.0044829389344292,4.98442798505019e-32
114,0.53,0.4529458433407428,51.63582614084468,0.03863306759554874,0.004490538214413978,1.004517664226508,1.3660189946270688e-30
114,0.54,0.4373333832178478,49.85600568683465,0.039054717644435355,0.006001956570252087,1.0045666967190623,3.3777771510729147e-29
114,0.55,0.4217827674798844,48.08323549270682,0.0397356643655698,0.0075260264898220465,1.0046304629381602,7.557488662552431e-28
114,0.56,0.4063093427071376,46.31926506861369,0.04040414871879894,0.009066115743446564,1.0047095251201879,1.5341381452470767e-26
114,0.57,0.39092837930172875,44.56583524039708,0.041050255949148906,0.010625734402579457,1.0048045922408402,2.8326540010616713e-25
114,0.58,0.37565505641757274,42.824676431603294,0.04166060414039563,0.012208569266942066,1.0049165342544968,4.768746820817621e-24
114,0.59,0.3605044469803855,41.09750695576395,0.04245230692219304,0.013818521884239801,1.0050464000642454,7.336320264734639e-23
114,0.6,0.3454915028125263,39.38603132062799,0.04334587198030376,0.015459751068450572,1.0051954399032028,1.0335773073035494e-21
114,0.61,0.3306310398773543,37.69193854601839,0.044179366464811576,0.01713672099695108,1.0053651330106133,1.3362106143070227e-20
114,0.62,0.315937723657661,36.01690049697335,0.04497186451955493,0.01885425619012966,1.0055572217467077,1.5881923612939403e-19
114,0.63,0.30142605468260975,34.36257023381751,0.046125959119872495,0.02061760496846863,1.0057737536299765,1.7386483249093122e-18
114,0.64,0.2871103542174636,32.730580380790855,0.04716392474847331,0.02243251335906273,1.0060171332289893,1.756074720326457e-17
114,0.65,0.2730047501302266,31.122541514845835,0.04818930155585843,0.024305311914829132,1.0062901864407556,1.6390769665113117e-16
114,0.66,0.2591231629491423,29.54004057620222,0.04955954281030217,0.026243018557785644,1.0065962405002091,1.4159435856026377e-15
114,0.67,0.24547929212481437,27.98463930222884,0.050680019812924026,0.028253461413824815,1.0069392241810078,1.1337378375974256e-14
114,0.68,0.2320866025105016,26.45787268619718,0.052248347367443215,0.0303454267535292,1.0073237942018372,8.425503961082265e-14
114,0.69,0.21895831107393482,24.96124746242857,0.053606508170986666,0.03252883870865069,1.0077554960527098,5.819163481036937e-13
114,0.7,0.20610737385376346,23.496240619329033,0.05536725509960727,0.03481497956566797,1.0082409706309503,3.739741362086734e-12
114,0.71,0.19354647317351184,22.06429794178035,0.056857697323276724,0.03721676241366978,1.0087882227690745,2.238955132809307e-11
114,0.72,0.18128800512565516,20.666832584324688,0.05899867765607025,0.03974907215508002,1.0094069748973828,1.2501193282398022e-10
114,0.73,0.16934406733817414,19.30522367655185,0.060851906904493935,0.04242919706194465,1.0101091405213565,6.516486770722307e-10
114,0.74,0.15772644703565564,17.98081496206474,0.06305683127347295,0.04527738239887172,1.0109094716720726,3.1743932245752126e-09
114,0.75,0.1464466094067263,16.6949134723668,0.06562428489475391,0.048317552479251354,1.0118264704230924,1.4464348265113487e-08
114,0.76,0.13551568628929433,15.448788236979555,0.06811835134170963,0.05157827275232378,1.0128837263223767,6.170372344208498e-08
114,0.77,0.12494446518477025,14.243669031063808,0.07061932689991351,0.05509406967049201,1.0141119926980977,2.4663813976016455e-07
114,0.78,0.11474337861210546,13.080745161780023,0.07385679001145906,0.05890731591679414,1.0155526362237834,9.244575070066366e-07
114,0.79,0.10492249381215481,11.961164294585648,0.07749218793395196,0.06307106877415848,1.0172637529770896,3.251721363536112e-06
114,0.8,0.0954915028125263,10.886031320627998,0.0813966690027007,0.06765360686460216,1.0193314864605938,1.074093835993388e-05
114,0.81,0.08645971286271904,9.85640726634997,0.08566961058552491,0.07274608263494338,1.0218911192787856,3.333944096355204e-05
114,0.82,0.0778360372489926,8.873308246385157,0.09040272796373505,0.07847585487527596,1.0251651096141656,9.730355146618795e-05
114,0.83,0.06962898649802822,7.937704460775217,0.09565560344393542,0.08502973755385643,1.029526832052741,0.0002671797305183241
114,0.84,0.06184665997806829,7.050519237499786,0.10140421509995556,0.09269321587044387,1.035595076772231,0.0006905840058857244
114,0.85,0.0544967379058161,6.212628121263036,0.10743224232375548,0.10191227913965432,1.0443474413497438,0.0016810692208263178
114,0.86,0.0475864737669903,5.424858009436894,0.11561930144895871,0.11338100032468273,1.0572012932948454,0.0038557887368276507
114,0.87,0.04112268715800943,4.687986336013075,0.12603110767144776,0.12814592984486806,1.0759485327028573,0.008336561046299287
114,0.88,0.03511175705587434,4.0027403043696745,0.1367900069255933,0.14769345813404997,1.1023742318140972,0.016997289245063277
114,0.89,0.029559615522887255,3.369796169609147,0.14702661488710744,0.17394844298206527,1.1374140434282216,0.03269265407380282
114,0.9,0.02447174185242323,2.789778571176248,0.16716386659018478,0.2090716488888455,1.1798919300844375,0.059339430076692685
114,0.91,0.019853157161528443,2.2632599164142424,0.18160509280982784,0.25492439569134445,1.225194514845743,0.10166947221320137
114,0.92,0.015708419435684445,1.7907598156680267,0.21562953943050678,0.3121066667448303,1.2644663977596122,0.1644787545387146
114,0.93,0.012041619030626274,1.3727445694913953,0.24187090694860625,0.37859949591809255,1.2848440964678265,0.25130785996678745
114,0.94,0.008856374635655695,1.0096267084647492,0.340640678162469,0.44825014924215595,1.2709366644668254,0.36271999788536224
114,0.95,0.006155829702431145,0.7017645860771505,0.44787941318040014,0.509568351181612,1.2074203847148584,0.4946358403952937
114,0.96,0.003942649342761104,0.44946202507476585,0.5475615667554141,0.5454373326711007,1.0823317547854618,0.6374047681216275
114,0.97,0.0022190176984599953,0.2529680176244395,0.6191366608295958,0.5342587077531148,0.890383966316714,0.7762744848290763
114,0.98,0.0009866357858642255,0.11247647958852171,0.6424140847710671,0.4526873833555463,0.635434414678364,0.8935687499737613
114,0.99,0.0002467198171342206,0.028126059153301148,0.6036121671556852,0.2795504810847314,0.3312423464885896,0.9722624221229735
114,1.0,3.749399456654644e-33,4.274315380586294e-31,0.5,-2.7026978893375674e-13,2.702729612062019e-13,0.9999999999999919
114,1.01,0.0002467198171342168,0.028126059153300714,0.6036121671556838,0.2795504810847598,0.3312423464885868,0.972262422122975
114,1.02,0.0009866357858642181,0.11247647958852086,0.6424140847710661,0.4526873833555416,0.6354344146783621,0.8935687499737621
114,1.03,0.0022190176984599836,0.25296801762443816,0.6191366608295961,0.5342587077530958,0.8903839663167118,0.7762744848290773
114,1.04,0.003942649342761088,0.449462025074764,0.5475615667554149,0.5454373326710912,1.0823317547854603,0.6374047681216287
114,1.05,0.006155829702431126,0.7017645860771484,0.4478794131804008,0.5095683511816262,1.2074203847148577,0.49463584039529523
114,1.06,0.00885637463565567,1.0096267084647466,0.34064067816246946,0.44825014924216067,1.270936664466825,0.36271999788536324
114,1.07,0.012041619030626295,1.3727445694913976,0.24187090694860525,0.37859949591811154,1.284844096467827,0.25130785996678695
114,1.08,0.015708419435684472,1.7907598156680298,0.21562953943050744,0.3121066667448303,1.2644663977596118,0.16447875453871405
114,1.09,0.019853157161528474,2.263259916414246,0.18160509280982762,0.25492439569136344,1.2251945148457426,0.10166947221320098
114,1.1,0.024471741852423266,2.789778571176252,0.167163866590184,0.2090716488888455,1.179891930084437,0.05933943007669248
114,1.11,0.029559615522887286,3.3697961696091507,0.14702661488710705,0.17394844298206052,1.1374140434282212,0.03269265407380272
114,1.12,0.03511175705587437,4.002740304369678,0.13679000692559384,0.14769345813405943,1.1023742318140974,0.016997289245063222
114,1.13,0.0411226871580093,4.68798633601306,0.12603110767144843,0.128145929844887,1.075948532702858,0.008336561046299427
114,1.14,0.04758647376699014,5.424858009436877,0.11561930144895721,0.11338100032469696,1.0572012932948462,0.0038557887368277227
114,1.15,0.05449673790581593,6.212628121263016,0.10743224232375526,0.10191227913964483,1.0443474413497447,0.001681069220826367
114,1.16,0.061846659978068125,7.050519237499766,0.10140421509995723,0.09269321587042964,1.0355950767722313,0.000690584005885766
114,1.17,0.06962898649802805,7.937704460775198,0.09565560344393675,0.08502973755386117,1.0295268320527413,0.00026717973051832474
114,1.18,0.0778360372489924,8.873308246385134,0.09040272796373428,0.07847585487525226,1.0251651096141656,9.730355146622024e-05
114,1.19,0.08645971286271899,9.856407266349965,0.0856696105855238,0.07274608263493863,1.0218911192787852,3.3339440963552233e-05
114,1.2,0.09549150281252623,10.88603132062799,0.08139666900270115,0.06765360686459741,1.0193314864605938,1.0740938359933964e-05
114,1.21,0.10492249381215474,11.96116429458564,0.07749218793395307,0.06307106877415848,1.0172637529770894,3.2517213635361492e-06
114,1.22,0.11474337861210537,13.080745161780012,0.07385679001145895,0.05890731591677992,1.0155526362237834,9.244575070066457e-07
114,1.23,0.12494446518477016,14.2436690310638,0.07061932689991213,0.055094069670506236,1.0141119926980982,2.466381397601669e-07
114,1.24,0.13551568628929425,15.448788236979544,0.06811835134171046,0.051578272752361716,1.0128837263223767,6.170372344208556e-08
114,1.25,0.1464466094067262,16.69491347236679,0.06562428489475447,0.04831755247926084,1.0118264704230924,1.4464348265113601e-08
114,1.26,0.15772644703565553,17.98081496206473,0.06305683127347439,0.04527738239886223,1.0109094716720728,3.1743932245752486e-09
114,1.27,0.16934406733817406,19.305223676551844,0.06085190690449227,0.04242919706194939,1.0101091405213571,6.516486770722355e-10
114,1.28,0.1812880051256552,20.666832584324695,0.0589986776560687,0.03974907215505157,1.0094069748973835,1.2501193282397931e-10
114,1.29,0.19354647317351176,22.06429794178034,0.05685769732327828,0.03721676241366978,1.0087882227690748,2.238955132809332e-11
114,1.3,0.2061073738537634,23.49624061932903,0.055367255099607826,0.03481497956566323,1.0082409706309505,3.739741362086789e-12
114,1.31,0.21895831107393457,24.961247462428542,0.05360650817098678,0.03252883870865544,1.0077554960527098,5.819163481037219e-13
114,1.32,0.23208660251050184,26.45787268619721,0.052248347367444714,0.03034542675353394,1.0073237942018367,8.42550396108199e-14
114,1.33,0.24547929212481442,27.984639302228846,0.05068001981292458,0.02825346141383904,1.0069392241810085,1.1337378375974068e-14
114,1.34,0.2591231629491424,29.540040576202234,0.04955954281030228,0.026243018557804608,1.006596240500209,1.415943585602614e-15
114,1.35,0.2730047501302265,31.12254151484582,0.048189301555857766,0.024305311914829132,1.006290186440755,1.63907696651134e-16
114,1.36,0.28711035421746395,32.73058038079089,0.04716392474847342,0.022432513359076953,1.00601713322899,1.7560747203263647e-17
114,1.37,0.30142605468260986,34.36257023381752,0.046125959119872884,0.020617604968473372,1.005773753629977,1.738648324909281e-18
114,1.38,0.31593772365766076,36.01690049697333,0.04497186451955448,0.018854256190120176,1.0055572217467077,1.588192361293999e-19
114,1.39,0.3306310398773539,37.69193854601835,0.044179366464811576,0.01713672099695819,1.0053651330106135,1.3362106143070982e-20
114,1.4,0.34549150281252616,39.386031320627986,0.0433458719803026,0.01545975106847191,1.0051954399032033,1.0335773073035695e-21
114,1.41,0.3605044469803852,41.09750695576391,0.04245230692219337,0.013818521884244542,1.005046400064245,7.336320264735069e-23
114,1.42,0.3756550564175723,42.824676431603244,0.04166060414039674,0.012208569266963403,1.0049165342544972,4.768746820817908e-24
114,1.43,0.39092837930172836,44.565835240397035,0.041050255949148684,0.010625734402562861,1.0048045922408402,2.8326540010618457e-25
114,1.44,0.40630934270713776,46.3192650686137,0.040404148718797606,0.009066115743458418,1.0047095251201876,1.5341381452470118e-26
114,1.45,0.4217827674798844,48.08323549270682,0.0397356643655698,0.0075260264898220465,1.0046304629381602,7.557488662552431e-28
114,1.46,0.43733338321784765,49.856005686834635,0.03905471764443491,0.006001956570273424,1.004566696719063,3.3777771510730655e-29
114,1.47,0.4529458433407425,51.63582614084464,0.03863306759554741,0.004490538214428203,1.0045176642265086,1.3660189946271314e-30
114,1.48,0.4686047402353434,53.420940386829145,0.0381948755308158,0.0029885143448722777,1.0044829389344294,4.984427985050072e-32
114,1.49,0.48429462046093585,55.20958673254669,0.03774419000861484,0.001492709115540469,1.004462221817719,1.6372893171501235e-33
114,1.5,0.4999999999999999,56.999999999999986,0.03728251937163768,2.3707876222259364e-15,1.004455335678792,9.629649721936192e-35
114,1.51,0.5157053795390639,55.20958673254671,0.03774419000861612,-0.0014927091155215028,1.0044622218177184,1.6372893171500226e-33
114,1.52,0.5313952597646564,53.42094038682917,0.038194875530815964,-0.0029885143448604235,1.0044829389344296,4.984427985049927e-32
114,1.53,0.5470541566592572,51.635826140844685,0.038633067595546466,-0.004490538214485102,1.0045176642265068,1.3660189946270485e-30
114,1.54,0.562666616782152,49.85600568683467,0.03905471764443541,-0.006001956570271054,1.0045666967190623,3.3777771510728744e-29
114,1.55,0.5782172325201155,48.083235492706834,0.0397356643655713,-0.007526026489812564,1.00463046293816,7.557488662552244e-28
114,1.56,0.5936906572928622,46.31926506861371,0.04040414871879866,-0.009066115743446564,1.0047095251201874,1.5341381452470227e-26
114,1.57,0.6090716206982714,44.565835240397064,0.04105025594914913,-0.010625734402572345,1.0048045922408402,2.8326540010617525e-25
114,1.58,0.6243449435824274,42.82467643160327,0.041660604140393964,-0.012208569266949179,1.0049165342544966,4.7687468208176276e-24
114,1.59,0.6394955530196145,41.09750695576395,0.04245230692219215,-0.01381852188423506,1.005046400064245,7.336320264734565e-23
114,1.6,0.6545084971874736,39.38603132062801,0.04334587198030465,-0.015459751068452942,1.0051954399032026,1.0335773073035371e-21
114,1.61,0.669368960122646,37.691938546018356,0.04417936646481163,-0.017136720996939223,1.0053651330106133,1.3362106143070997e-20
114,1.62,0.6840622763423392,36.016900496973335,0.04497186451955554,-0.018854256190086984,1.0055572217467073,1.5881923612939836e-19
114,1.63,0.6985739453173899,34.36257023381755,0.04612595911987277,-0.020617604968463887,1.005773753629976,1.7386483249092147e-18
114,1.64,0.712889645782536,32.7305803807909,0.04716392474847453,-0.022432513359055616,1.0060171332289896,1.756074720326357e-17
114,1.65,0.7269952498697734,31.122541514845835,0.04818930155585838,-0.024305311914803056,1.0062901864407559,1.6390769665113247e-16
114,1.66,0.7408768370508575,29.540040576202244,0.049559542810301616,-0.026243018557792756,1.0065962405002093,1.4159435856025963e-15
114,1.67,0.7545207078751853,27.984639302228874,0.05068001981292547,-0.028253461413820073,1.006939224181008,1.1337378375973656e-14
114,1.68,0.7679133974894982,26.45787268619721,0.05224834736744416,-0.030345426753519714,1.0073237942018367,8.42550396108204e-14
114,1.69,0.7810416889260654,24.961247462428545,0.05360650817098794,-0.032528838708636466,1.0077554960527093,5.819163481037168e-13
114,1.7,0.7938926261462365,23.496240619329043,0.055367255099606605,-0.03481497956565019,1.00824097063095,3.739741362086713e-12
114,1.71,0.8064535268264881,22.06429794178036,0.056857697323277334,-0.03721676241366859,1.0087882227690745,2.238955132809286e-11
114,1.72,0.8187119948743445,20.666832584324723,0.0589986776560682,-0.0397490721550492,1.0094069748973833,1.2501193282397425e-10
114,1.73,0.830655932661826,19.305223676551833,0.06085190690449466,-0.04242919706193754,1.0101091405213571,6.516486770722425e-10
114,1.74,0.8422735529643444,17.98081496206474,0.06305683127347339,-0.04527738239887172,1.0109094716720723,3.1743932245752085e-09
114,1.75,0.8535533905932737,16.694913472366796,0.06562428489475347,-0.04831755247925491,1.0118264704230922,1.4464348265113576e-08
114,1.76,0.8644843137107057,15.448788236979555,0.0681183513417083,-0.05157827275234749,1.0128837263223764,6.170372344208483e-08
114,1.77,0.8750555348152297,14.243669031063815,0.07061932689991268,-0.0550940696705015,1.0141119926980977,2.466381397601612e-07
114,1.78,0.8852566213878946,13.080745161780012,0.07385679001146095,-0.05890731591678703,1.0155526362237832,9.24457507006645e-07
114,1.79,0.8950775061878451,11.961164294585659,0.0774921879339493,-0.06307106877415018,1.0172637529770892,3.251721363536069e-06
114,1.8,0.9045084971874736,10.886031320628009,0.08139666900270098,-0.06765360686459386,1.0193314864605938,1.0740938359933754e-05
114,1.81,0.9135402871372809,9.856407266349983,0.08566961058552203,-0.07274608263494813,1.0218911192787852,3.333944096355159e-05
114,1.82,0.9221639627510075,8.873308246385141,0.09040272796373611,-0.07847585487524869,1.0251651096141652,9.730355146619378e-05
114,1.83,0.9303710135019718,7.937704460775212,0.09565560344393487,-0.0850297375538837,1.029526832052742,0.000267179730518299
114,1.84,0.9381533400219317,7.050519237499782,0.10140421509995429,-0.09269321587043557,1.0355950767722313,0.0006905840058857497
114,1.85,0.9455032620941839,6.212628121263036,0.1074322423237572,-0.10191227913965017,1.0443474413497436,0.0016810692208263118
114,1.86,0.9524135262330098,5.424858009436884,0.11561930144895816,-0.11338100032469459,1.0572012932948454,0.0038557887368276876
114,1.87,0.9588773128419907,4.687986336013056,0.12603110767144854,-0.128145929844887,1.075948532702857,0.00833656104629945
114,1.88,0.9648882429441256,4.002740304369686,0.13679000692559334,-0.14769345813404286,1.102374231814094,0.01699728924506307
114,1.89,0.9704403844771127,3.369796169609155,0.14702661488710916,-0.17394844298205817,1.137414043428218,0.03269265407380254
114,1.9,0.9755282581475766,2.7897785711762677,0.16716386659018057,-0.2090716488888384,1.1798919300844326,0.059339430076691534
114,1.91,0.9801468428384714,2.263259916414258,0.1816050928098218,-0.2549243956913391,1.225194514845739,0.10166947221319976
114,1.92,0.9842915805643154,1.7907598156680413,0.21562953943050106,-0.31210666674482024,1.2644663977596102,0.1644787545387121
114,1.93,0.9879583809693735,1.3727445694914215,0.2418709069485999,-0.37859949591809317,1.2848440964678276,0.2513078599667808
114,1.94,0.9911436253643443,1.0096267084647492,0.3406406781624689,-0.4482501492421462,1.270936664466829,0.36271999788536213
114,1.95,0.9938441702975689,0.7017645860771471,0.4478794131804021,-0.5095683511816198,1.207420384714863,0.49463584039529557
114,1.96,0.9960573506572389,0.4494620250747674,0.5475615667554135,-0.5454373326710854,1.0823317547854696,0.6374047681216266
114,1.97,0.9977809823015399,0.25296801762445287,0.6191366608295935,-0.5342587077531128,0.890383966316738,0.7762744848290659
114,1.98,0.9990133642141359,0.11247647958850848,0.6424140847710692,-0.45268738335552827,0.6354344146783362,0.8935687499737729
289,0.02,0.9990133642141359,0.28513774211472764,0.6090765051537896,-0.5414447024187649,0.9299653113478885,0.7518048488220718
289,0.03,0.9977809823015401,0.6412961148549085,0.47167997786361376,-0.5216493691689814,1.1842449429322597,0.5262343185478836
289,0.04,0.9960573506572389,1.139425660057963,0.30295471565377213,-0.4247091497635318,1.2804292775313002,0.31928289231564544
289,0.05,0.9938441702975689,1.7790347840025922,0.21669710225061672,-0.3171883754620477,1.2655652600537626,0.16787542750559714
289,0.06,0.9911436253643443,2.5594922697044957,0.17333877574704343,-0.23139006072097082,1.2005400498717036,0.07646718787569991
289,0.07,0.9879583809693737,3.4800278998509957,0.1461134127266961,-0.17334285981600236,1.132359475230566,0.030162669731042792
289,0.08,0.9842915805643156,4.5397332169127775,0.12760514494677944,-0.13687082866567524,1.0826032077637127,0.010298396364903284
289,0.09,0.9801468428384714,5.737562419681759,0.11354817528973404,-0.11384439336882807,1.0527574505656874,0.0030418724813946045
289,0.1,0.9755282581475768,7.072333395350299,0.10146998009636893,-0.09834869681420938,1.0363448381517617,0.000776815430302638
289,0.11,0.9704403844771127,8.542728886114437,0.09205309483045726,-0.0870200523538811,1.0271702756032792,0.00017139608308625664
289,0.12,0.9648882429441258,10.147297789147649,0.08412039981783903,-0.07815555427147841,1.0215608155971185,3.2648048033299245e-05
289,0.13,0.9588773128419905,11.884456588664742,0.07793408496839627,-0.07090119660246075,1.017757675797867,5.364379695205281e-06
289,0.14,0.9524135262330098,13.752490918660172,0.07235804853890648,-0.06479320077504819,1.0149743968842893,7.596005920438451e-07
289,0.15,0.9455032620941839,15.749557254780855,0.06753714508342973,-0.05954899346720677,1.0128390724445602,9.260109404177627e-08
289,0.16,0.9381533400219317,17.87368473366173,0.0633238886524044,-0.05497913102666879,1.0111514809983504,9.708152855748276e-09
289,0.17,0.9303710135019718,20.122777097930143,0.059486590488428526,-0.050948502881498325,1.0097895327112258,8.742455958702791e-10
289,0.18,0.9221639627510075,22.494614764958822,0.056322642966318004,-0.047356927448162445,1.0086723525770662,6.753895165172363e-11
289,0.19,0.9135402871372809,24.986857017325832,0.0534259285456119,-0.0441280839300886,1.0077436132933297,4.469990511441479e-12
289,0.2,0.9045084971874736,27.597044312820124,0.05086370865251805,-0.04120259666616999,1.0069627561352263,2.5307903220785537e-13
289,0.21,0.8950775061878451,30.322600711712766,0.04841982867494854,-0.03853346516382161,1.0062998345931182,1.2238434941547896e-14
289,0.22,0.8852566213878946,33.160836418898455,0.04627154637581393,-0.036082929519125284,1.005732281155823,5.046544635891901e-16
289,0.23,0.8750555348152297,36.10895043839862,0.04437237321574439,-0.033820259084362814,1.0052427923291856,1.771303801561375e-17
289,0.24,0.8644843137107059,39.164033337606,0.04258731084863199,-0.031720156198053684,1.004817900927349,5.282103403425491e-19
289,0.25,0.8535533905932737,42.32307011854389,0.04103594650024245,-0.02976158116064953,1.0044469873636064,1.3355801086635669e-20
289,0.26,0.8422735529643444,45.58294319330448,0.039604601442336684,-0.02792687246693515,1.0041215799635106,2.8573567431207746e-22
289,0.27,0.830655932661826,48.94043546073228,0.03820586390714992,-0.026201078149264312,1.003834850426074,5.160817239701081e-24
289,0.28,0.8187119948743448,52.39223348131436,0.03695798602094447,-0.024571440722087612,1.0035812439442158,7.850607913703068e-26
289,0.29,0.8064535268264883,55.93493074714488,0.035776290134621413,-0.02302699562511401,1.0033562040318202,1.0033001076731815e-27
289,0.3,0.7938926261462367,59.5650310437376,0.03472627997882349,-0.021558254698949897,1.0031559650944981,1.0743628729525412e-29
289,0.31,0.7810416889260654,63.2789519003671,0.03369320039248813,-0.020156954164030405,1.0029773941981037,9.612763492910265e-32
289,0.32,0.7679133974894983,67.073028125535,0.0327170446888051,-0.018815852083976292,1.002817869060127,7.16537124033293e-34
289,0.33,0.7545207078751855,70.94351542407138,0.031874220999167535,-0.017528564181265027,1.0026751830467908,4.435741784444375e-36
289,0.34,0.7408768370508576,74.88659409230215,0.031069924212381417,-0.016289429655643284,1.0025474705368391,2.2729974290091168e-38
289,0.35,0.7269952498697735,78.89837278763547,0.030307218532773295,-0.015093400672852031,1.0024331478093134,9.60781564395273e-41
289,0.36,0.7128896457825363,82.974892368847,0.029582071849162117,-0.013935950672280706,1.002330865881968,3.3376954395622584e-43
289,0.37,0.6985739453173904,87.11212980327419,0.028933798290049717,-0.01281299774007616,1.0022394726356398,9.492462740377103e-46
289,0.38,0.684062276342339,91.30600213706404,0.028337895467958008,-0.01172084011895258,1.0021579822181819,2.2011027793816863e-48
289,0.39,0.6693689601226458,95.55237052455537,0.027762022924865626,-0.01065610154747576,1.0020855502039274,4.143330443530188e-51
289,0.4,0.6545084971874737,99.84704431282009,0.027190740109463762,-0.009615684598041296,1.0020214533416907,6.30258295657787e-54
289,0.41,0.6394955530196147,104.18578517733135,0.026700917344579855,-0.0085967305469965,1.001965072991386,7.709848076677881e-57
289,0.42,0.6243449435824274,108.56431130467847,0.026233834037892423,-0.007596584593206002,1.0019158815509615,7.545865496245511e-60
289,0.43,0.6090716206982714,112.97830161819958,0.02576285761612307,-0.006612765462342907,1.0018734313291,5.877021542689476e-63
289,0.44,0.5936906572928623,117.4234000423628,0.025380699334084544,-0.005642938603277692,1.00183734543735,3.621612911203548e-66
289,0.45,0.5782172325201155,121.89521980168662,0.02495791740059039,-0.004684892320866663,1.0018073103674285,1.7551243188372022e-69
289,0.46,0.5626666167821522,126.389347749958,0.024638136056759352,-0.0037365162928060247,1.0017830699916384,6.646332745656348e-73
289,0.47,0.5470541566592573,130.90134872547463,0.024275331782532716,-0.002795782001488778,1.0017644207819358,1.9532738429683128e-76
289,0.48,0.5313952597646567,135.4267699280142,0.023998832540841675,-0.0018607246764745788,1.0017512080896378,4.422912754092552e-80
289,0.49,0.5157053795390643,139.96114531321044,0.023699265382547074,-0.0009294263919148449,1.001743323365989,7.657380852182344e-84
289,0.5,0.5000000000000001,144.49999999999997,0.02345371317451045,0.0,1.0017407022360216,2.0107646833859595e-87
289,0.51,0.48429462046093585,139.96114531321047,0.023699265382546297,0.0009294263919374934,1.0017433233659891,7.657380852181614e-84
289,0.52,0.4686047402353432,135.42676992801418,0.023998832540843673,0.0018607246764972274,1.0017512080896378,4.422912754092333e-80
289,0.53,0.4529458433407428,130.90134872547466,0.024275331782525944,0.002795782001881353,1.0017644207819418,1.95327384296825e-76
289,0.54,0.4373333832178478,126.38934774995802,0.02463813605675963,0.0037365162928362228,1.001783069991637,6.646332745655986e-73
289,0.55,0.4217827674798844,121.8952198016866,0.024957917400591556,0.0046848923209157345,1.0018073103674285,1.7551243188372805e-69
289,0.56,0.4063093427071376,117.42340004236276,0.025380699334083823,0.005642938603296566,1.0018373454373501,3.62161291120369e-66
289,0.57,0.39092837930172875,112.97830161819961,0.025762857616121737,0.006612765462365555,1.0018734313290993,5.877021542689068e-63
289,0.58,0.37565505641757274,108.56431130467853,0.026233834037892034,0.007596584593198452,1.001915881550961,7.54586549624533e-60
289,0.59,0.3605044469803855,104.1857851773314,0.026700917344575525,0.00859673054693988,1.001965072991385,7.709848076677072e-57
289,0.6,0.3454915028125263,99.84704431282009,0.027190740109465095,0.009615684598033747,1.002021453341691,6.302582956577926e-54
289,0.61,0.3306310398773543,95.5523705245554,0.027762022924868124,0.010656101547460661,1.0020855502039276,4.143330443530001e-51
289,0.62,0.315937723657661,91.30600213706403,0.028337895467960006,0.011720840118911058,1.0021579822181825,2.2011027793817544e-48
289,0.63,0.30142605468260975,87.11212980327421,0.028933798290046553,0.01281299774007616,1.00223947263564,9.492462740376613e-46
289,0.64,0.2871103542174636,82.97489236884698,0.029582071849163727,0.01393595067228448,1.0023308658819683,3.3376954395623046e-43
289,0.65,0.2730047501302266,78.8983727876355,0.030307218532772184,0.015093400672965274,1.002433147809314,9.607815643952416e-41
289,0.66,0.2591231629491423,74.88659409230212,0.031069924212382416,0.01628942965564706,1.0025474705368382,2.2729974290092045e-38
289,0.67,0.24547929212481437,70.94351542407135,0.031874220999172365,0.017528564181231054,1.00267518304679,4.4357417844445444e-36
289,0.68,0.2320866025105016,67.07302812553496,0.03271704468880576,0.01881585208399139,1.0028178690601268,7.165371240333178e-34
289,0.69,0.21895831107393482,63.27895190036716,0.03369320039249035,0.020156954164032292,1.002977394198103,9.612763492909482e-32
289,0.7,0.20610737385376346,59.56503104373764,0.03472627997882105,0.02155825469895367,1.0031559650944981,1.0743628729525145e-29
289,0.71,0.19354647317351184,55.934930747144925,0.0357762901346228,0.023026995625115898,1.003356204031821,1.0033001076731187e-27
289,0.72,0.18128800512565516,52.39223348131434,0.036957986020943356,0.024571440722087612,1.0035812439442169,7.850607913703267e-26
289,0.73,0.16934406733817414,48.940435460732324,0.03820586390715075,0.02620107814927186,1.003834850426075,5.160817239700775e-24
289,0.74,0.15772644703565564,45.58294319330448,0.03960460144233918,0.02792687246694836,1.0041215799635106,2.857356743120747e-22
289,0.75,0.1464466094067263,42.3230701185439,0.041035946500243003,0.029761581160626882,1.0044469873636055,1.3355801086635744e-20
289,0.76,0.13551568628929433,39.164033337606064,0.04258731084863432,0.0317201561980518,1.0048179009273484,5.28210340342509e-19
289,0.77,0.12494446518477025,36.1089504383986,0.044372373215742944,0.033820259084355264,1.005242792329185,1.7713038015614172e-17
289,0.78,0.11474337861210546,33.16083641889848,0.04627154637581499,0.036082929519146045,1.005732281155823,5.046544635891821e-16
289,0.79,0.10492249381215481,30.322600711712738,0.048419828674948484,0.038533465163832936,1.0062998345931178,1.2238434941548303e-14
289,0.8,0.0954915028125263,27.597044312820103,0.05086370865252088,0.04120259666613224,1.0069627561352248,2.5307903220786204e-13
289,0.81,0.08645971286271904,24.986857017325804,0.05342592854561312,0.044128083930130124,1.0077436132933295,4.469990511441606e-12
289,0.82,0.0778360372489926,22.49461476495886,0.05632264296631784,0.047356927448154895,1.008672352577065,6.753895165172078e-11
289,0.83,0.06962898649802822,20.122777097930154,0.05948659048842575,0.05094850288147379,1.0097895327112258,8.742455958702694e-10
289,0.84,0.06184665997806829,17.873684733661737,0.06332388865240557,0.054979131026664074,1.01115148099835,9.708152855748224e-09
289,0.85,0.0544967379058161,15.749557254780852,0.06753714508342756,0.05954899346719733,1.0128390724445595,9.260109404177628e-08
289,0.86,0.0475864737669903,13.752490918660197,0.07235804853890515,0.06479320077507555,1.0149743968842906,7.596005920438224e-07
289,0.87,0.04112268715800943,11.884456588664726,0.07793408496839449,0.07090119660244376,1.0177576757978686,5.364379695205358e-06
289,0.88,0.03511175705587434,10.147297789147684,0.08412039981784303,0.07815555427148313,1.0215608155971219,3.2648048033298e-05
289,0.89,0.029559615522887255,8.542728886114416,0.09205309483045176,0.08702005235387356,1.0271702756032821,0.00017139608308624563
289,0.9,0.02447174185242323,7.072333395350314,0.10146998009637476,0.09834869681425751,1.036344838151763,0.0007768154303025857
289,0.91,0.019853157161528443,5.73756241968172,0.11354817528974503,0.11384439336884222,1.0527574505656865,0.0030418724813947254
289,0.92,0.015708419435684445,4.539733216912804,0.1276051449467807,0.1368708286656828,1.0826032077637076,0.010298396364903
289,0.93,0.012041619030626274,3.480027899850993,0.14611341272669243,0.17334285981604625,1.1323594752305635,0.030162669731042854
289,0.94,0.008856374635655695,2.5594922697044957,0.17333877574703865,0.23139006072096846,1.2005400498717043,0.07646718787569992
289,0.95,0.006155829702431145,1.779034784002601,0.21669710225061967,0.3171883754620364,1.2655652600537646,0.16787542750559561
289,0.96,0.003942649342761104,1.1394256600579589,0.3029547156537731,0.42470914976355445,1.2804292775313009,0.3192828923156466
289,0.97,0.0022190176984599953,0.6412961148549386,0.47167997786360116,0.5216493691689585,1.184244942932268,0.5262343185478674
289,0.98,0.0009866357858642255,0.2851377421147612,0.6090765051537755,0.5414447024187403,0.9299653113479214,0.7518048488220463
289,0.99,0.0002467198171342206,0.07130202715178975,0.6345261235158334,0.3942921298265962,0.5157742930215704,0.9311724160246664
289,1.0,3.749399456654644e-33,1.083576442973192e-30,0.5,0.0,2.0831020660263896e-15,1.0
289,1.01,0.0002467198171342168,0.07130202715178866,0.6345261235158318,0.39429212982656603,0.5157742930215671,0.9311724160246667
289,1.02,0.0009866357858642181,0.28513774211475906,0.6090765051537752,0.5414447024187479,0.9299653113479192,0.751804848822048
289,1.03,0.0022190176984599836,0.6412961148549353,0.47167997786360205,0.5216493691689585,1.1842449429322666,0.5262343185478693
289,1.04,0.003942649342761088,1.1394256600579544,0.3029547156537743,0.424709149763562,1.2804292775313004,0.31928289231564805
289,1.05,0.006155829702431126,1.7790347840025955,0.21669710225061944,0.3171883754620213,1.2655652600537648,0.16787542750559659
289,1.06,0.00885637463565567,2.5594922697044886,0.17333877574703777,0.2313900607209609,1.2005400498717047,0.07646718787570045
289,1.07,0.012041619030626295,3.4800278998509993,0.14611341272669132,0.17334285981603115,1.132359475230563,0.030162669731042677
289,1.08,0.015708419435684472,4.539733216912812,0.12760514494678243,0.1368708286656828,1.0826032077637073,0.010298396364902918
289,1.09,0.019853157161528474,5.737562419681729,0.11354817528974637,0.11384439336883467,1.0527574505656863,0.003041872481394701
289,1.1,0.024471741852423266,7.072333395350324,0.10146998009637442,0.09834869681418956,1.0363448381517628,0.0007768154303026233
289,1.11,0.029559615522887286,8.542728886114427,0.09205309483044977,0.0870200523539113,1.0271702756032826,0.00017139608308624547
289,1.12,0.03511175705587437,10.147297789147693,0.08412039981784447,0.07815555427149823,1.021560815597122,3.264804803329768e-05
289,1.13,0.0411226871580093,11.884456588664687,0.07793408496839604,0.07090119660245131,1.017757675797869,5.364379695205585e-06
289,1.14,0.04758647376699014,13.75249091866015,0.07235804853890526,0.06479320077503026,1.0149743968842901,7.596005920438611e-07
289,1.15,0.05449673790581593,15.749557254780804,0.06753714508342679,0.05954899346719733,1.0128390724445593,9.260109404178134e-08
289,1.16,0.061846659978068125,17.873684733661687,0.06332388865240679,0.054979131026656525,1.0111514809983502,9.708152855748665e-09
289,1.17,0.06962898649802805,20.122777097930108,0.059486590488429525,0.05094850288133035,1.0097895327112256,8.74245595870318e-10
289,1.18,0.0778360372489924,22.494614764958804,0.05632264296631734,0.047356927448147346,1.0086723525770653,6.753895165172456e-11
289,1.19,0.08645971286271899,24.986857017325786,0.053425928545611345,0.04412808393009238,1.0077436132933295,4.469990511441689e-12
289,1.2,0.09549150281252623,27.59704431282008,0.05086370865252193,0.04120259666613979,1.0069627561352255,2.530790322078694e-13
289,1.21,0.10492249381215474,30.32260071171272,0.04841982867494976,0.038533465163840486,1.0062998345931173,1.2238434941548529e-14
289,1.22,0.11474337861210537,33.160836418898455,0.046271546375814876,0.03608292951907055,1.0057322811558227,5.046544635891933e-16
289,1.23,0.12494446518477016,36.10895043839858,0.04437237321574172,0.033820259084347715,1.0052427923291853,1.771303801561456e-17
289,1.24,0.13551568628929425,39.164033337606035,0.042587310848635984,0.03172015619811219,1.0048179009273488,5.282103403425205e-19
289,1.25,0.1464466094067262,42.323070118543875,0.04103594650024367,0.02976158116067218,1.0044469873636062,1.3355801086636036e-20
289,1.26,0.15772644703565553,45.582943193304445,0.03960460144234157,0.02792687246697856,1.0041215799635106,2.8573567431208503e-22
289,1.27,0.16934406733817406,48.9404354607323,0.038205863907148974,0.026201078149256762,1.0038348504260748,5.16081723970096e-24
289,1.28,0.1812880051256552,52.392233481314356,0.03695798602094197,0.02457144072210271,1.0035812439442169,7.850607913703045e-26
289,1.29,0.19354647317351176,55.9349307471449,0.03577629013462447,0.02302699562510835,1.0033562040318211,1.0033001076731618e-27
289,1.3,0.2061073738537634,59.565031043737626,0.03472627997882177,0.02155825469897632,1.0031559650944988,1.0743628729525146e-29
289,1.31,0.21895831107393457,63.27895190036709,0.033693200392491185,0.020156954164024743,1.0029773941981028,9.612763492910273e-32
289,1.32,0.23208660251050184,67.07302812553503,0.03271704468880776,0.01881585208399894,1.0028178690601266,7.16537124033258e-34
289,1.33,0.24547929212481442,70.94351542407136,0.03187422099917303,0.01752856418130655,1.0026751830467906,4.435741784444356e-36
289,1.34,0.2591231629491424,74.88659409230215,0.03106992421238297,0.01628942965564706,1.0025474705368385,2.272997429009107e-38
289,1.35,0.2730047501302265,78.89837278763547,0.030307218532772184,0.015093400672904878,1.0024331478093134,9.607815643952414e-41
289,1.36,0.28711035421746395,82.97489236884708,0.029582071849162506,0.013935950672352426,1.0023308658819687,3.337695439561855e-43
289,1.37,0.30142605468260986,87.11212980327424,0.028933798290045387,0.012812997740079934,1.0022394726356396,9.492462740376179e-46
289,1.38,0.31593772365766076,91.30600213706396,0.028337895467957952,0.011720840118937481,1.002157982218182,2.2011027793818568e-48
289,1.39,0.3306310398773539,95.55237052455529,0.027762022924869623,0.010656101547471986,1.0020855502039283,4.1433304435305956e-51
289,1.4,0.34549150281252616,99.84704431282006,0.027190740109466094,0.009615684597984675,1.0020214533416918,6.302582956578235e-54
289,1.41,0.3605044469803852,104.18578517733133,0.0267009173445813,0.008596730546943654,1.0019650729913834,7.709848076678226e-57
289,1.42,0.3756550564175723,108.5643113046784,0.026233834037892922,0.0075965845932248754,1.0019158815509612,7.545865496246485e-60
289,1.43,0.39092837930172836,112.9783016181995,0.025762857616121182,0.00661276546236933,1.0018734313290993,5.877021542690303e-63
289,1.44,0.40630934270713776,117.42340004236281,0.025380699334081935,0.005642938603296566,1.0018373454373501,3.6216129112033007e-66
289,1.45,0.4217827674798844,121.8952198016866,0.024957917400591556,0.0046848923209157345,1.0018073103674285,1.7551243188372805e-69
289,1.46,0.43733338321784765,126.38934774995798,0.02463813605675902,0.0037365162929154927,1.0017830699916377,6.646332745656741e-73
289,1.47,0.4529458433407425,130.90134872547458,0.024275331782530885,0.0027957820015453994,1.001764420781935,1.9532738429684787e-76
289,1.48,0.4686047402353434,135.42676992801424,0.02399883254084406,0.0018607246764972274,1.0017512080896376,4.4229127540923325e-80
289,1.49,0.48429462046093585,139.96114531321047,0.023699265382546297,0.0009294263919374934,1.0017433233659891,7.657380852181614e-84
289,1.5,0.4999999999999999,144.49999999999997,0.02345371317451156,3.774758283725532e-15,1.0017407022360216,2.010764683385959e-87
289,1.51,0.5157053795390639,139.96114531321052,0.023699265382546297,-0.0009294263919261692,1.0017433233659885,7.657380852180915e-84
289,1.52,0.5313952597646564,135.4267699280143,0.023998832540841397,-0.0018607246764934526,1.001751208089638,4.4229127540917505e-80
289,1.53,0.5470541566592572,130.9013487254747,0.02427533178253316,-0.0027957820014850032,1.0017644207819356,1.9532738429681983e-76
289,1.54,0.562666616782152,126.38934774995806,0.024638136056758353,-0.0037365162928399975,1.0017830699916372,6.64633274565559e-73
289,1.55,0.5782172325201155,121.89521980168662,0.02495791740059039,-0.004684892320866663,1.0018073103674285,1.7551243188372022e-69
289,1.56,0.5936906572928622,117.42340004236283,0.025380699334084877,-0.005642938603296566,1.0018373454373501,3.6216129112033524e-66
289,1.57,0.6090716206982714,112.97830161819958,0.02576285761612307,-0.006612765462342907,1.0018734313291,5.877021542689476e-63
289,1.58,0.6243449435824274,108.56431130467847,0.026233834037892423,-0.007596584593206002,1.0019158815509615,7.545865496245511e-60
289,1.59,0.6394955530196145,104.18578517733141,0.02670091734457808,-0.008596730546958753,1.001965072991385,7.709848076677107e-57
289,1.6,0.6545084971874736,99.84704431282013,0.027190740109466538,-0.009615684598056395,1.0020214533416907,6.302582956577562e-54
289,1.61,0.669368960122646,95.5523705245553,0.02776202292486729,-0.010656101547445562,1.0020855502039276,4.143330443530585e-51
289,1.62,0.6840622763423392,91.30600213706397,0.028337895467958896,-0.011720840118937481,1.0021579822181814,2.2011027793818926e-48
289,1.63,0.6985739453173899,87.11212980327431,0.028933798290046997,-0.01281299774008371,1.0022394726356396,9.492462740375359e-46
289,1.64,0.712889645782536,82.9748923688471,0.029582071849162894,-0.013935950672288255,1.0023308658819676,3.337695439561808e-43
289,1.65,0.7269952498697734,78.8983727876355,0.03030721853277485,-0.015093400672821833,1.002433147809314,9.607815643952306e-41
289,1.66,0.7408768370508575,74.88659409230219,0.031069924212383637,-0.016289429655628185,1.002547470536839,2.272997429009018e-38
289,1.67,0.7545207078751853,70.94351542407144,0.0318742209991667,-0.017528564181268802,1.0026751830467908,4.435741784443997e-36
289,1.68,0.7679133974894982,67.07302812553503,0.03271704468880654,-0.018815852083980067,1.0028178690601273,7.165371240332631e-34
289,1.69,0.7810416889260654,63.2789519003671,0.03369320039248813,-0.020156954164030405,1.0029773941981037,9.612763492910265e-32
289,1.7,0.7938926261462365,59.56503104373766,0.034726279978822605,-0.021558254698946122,1.003155965094498,1.0743628729524544e-29
289,1.71,0.8064535268264881,55.934930747144946,0.035776290134621525,-0.023026995625115898,1.0033562040318205,1.0033001076731017e-27
289,1.72,0.8187119948743445,52.39223348131443,0.036957986020943356,-0.0245714407220895,1.0035812439442156,7.850607913702452e-26
289,1.73,0.830655932661826,48.94043546073228,0.03820586390714992,-0.026201078149264312,1.003834850426074,5.160817239701081e-24
289,1.74,0.8422735529643444,45.58294319330448,0.039604601442336684,-0.02792687246693515,1.0041215799635106,2.8573567431207746e-22
289,1.75,0.8535533905932737,42.32307011854389,0.04103594650024245,-0.02976158116064953,1.0044469873636064,1.3355801086635669e-20
289,1.76,0.8644843137107057,39.164033337606064,0.04258731084863132,-0.031720156198059346,1.0048179009273492,5.282103403425099e-19
289,1.77,0.8750555348152297,36.10895043839862,0.04437237321574439,-0.033820259084362814,1.0052427923291856,1.771303801561375e-17
289,1.78,0.8852566213878946,33.160836418898455,0.04627154637581393,-0.036082929519125284,1.005732281155823,5.046544635891901e-16
289,1.79,0.8950775061878451,30.322600711712766,0.04841982867494854,-0.03853346516382161,1.0062998345931182,1.2238434941547896e-14
289,1.8,0.9045084971874736,27.597044312820124,0.05086370865251805,-0.04120259666616999,1.0069627561352263,2.5307903220785537e-13
289,1.81,0.9135402871372809,24.986857017325832,0.0534259285456119,-0.0441280839300886,1.0077436132933297,4.469990511441479e-12
289,1.82,0.9221639627510075,22.494614764958822,0.056322642966318004,-0.047356927448162445,1.0086723525770662,6.753895165172363e-11
289,1.83,0.9303710135019718,20.122777097930143,0.059486590488428526,-0.050948502881498325,1.0097895327112258,8.742455958702791e-10
289,1.84,0.9381533400219317,17.87368473366173,0.0633238886524044,-0.05497913102666879,1.0111514809983504,9.708152855748276e-09
289,1.85,0.9455032620941839,15.749557254780855,0.06753714508342973,-0.05954899346720677,1.0128390724445602,9.260109404177627e-08
289,1.86,0.9524135262330098,13.752490918660172,0.07235804853890648,-0.06479320077504819,1.0149743968842893,7.596005920438451e-07
289,1.87,0.9588773128419907,11.884456588664676,0.07793408496839649,-0.07090119660246169,1.017757675797867,5.3643796952056405e-06
289,1.88,0.9648882429441256,10.147297789147713,0.08412039981783848,-0.07815555427147747,1.0215608155971179,3.264804803329707e-05
289,1.89,0.9704403844771127,8.542728886114437,0.09205309483045726,-0.0870200523538811,1.0271702756032792,0.00017139608308625664
289,1.9,0.9755282581475766,7.072333395350363,0.10146998009636815,-0.09834869681420938,1.0363448381517608,0.0007768154303025869
289,1.91,0.9801468428384714,5.737562419681759,0.11354817528973404,-0.11384439336882807,1.0527574505656874,0.0030418724813946045
289,1.92,0.9842915805643154,4.5397332169128415,0.12760514494677888,-0.13687082866567712,1.08260320776371,0.010298396364902613
289,1.93,0.9879583809693735,3.48002789985106,0.1461134127266956,-0.1733428598159967,1.1323594752305621,0.030162669731040835
289,1.94,0.9911436253643443,2.5594922697044957,0.17333877574704343,-0.23139006072097082,1.2005400498717036,0.07646718787569991
289,1.95,0.9938441702975689,1.7790347840025922,0.21669710225061672,-0.3171883754620477,1.2655652600537626,0.16787542750559714
289,1.96,0.9960573506572389,1.139425660057963,0.30295471565377213,-0.4247091497635318,1.2804292775313002,0.31928289231564544
289,1.97,0.9977809823015399,0.6412961148549726,0.47167997786358884,-0.5216493691689705,1.1842449429322854,0.5262343185478497
289,1.98,0.9990133642141359,0.28513774211472764,0.6090765051537896,-0.5414447024187649,0.9299653113478885,0.7518048488220718
334,0.02,0.9990133642141359,0.32953635247861257,0.5937165393619539,-0.5468882236714261,0.9788813115214616,0.7191401435891661
334,0.03,0.9977809823015401,0.7411519112856035,0.43367750507741787,-0.5037749295798336,1.2184512372590879,0.4761723338333808
334,0.04,0.9960573506572389,1.3168448804822133,0.2564617531843252,-0.3916181571844006,1.2847895410090422,0.2672828941730784
334,0.05,0.9938441702975689,2.0560471206119924,0.19796785384102755,-0.2819528132096417,1.2440167755736213,0.1271482500792474
334,0.06,0.9911436253643443,2.9580291283090023,0.16195883616583934,-0.20235707952982582,1.168389907095846,0.051241491677916536
334,0.07,0.9879583809693737,4.021900756229178,0.13674439285546347,-0.15238291720166663,1.1035582981893808,0.017486746638530695
334,0.08,0.9842915805643156,5.246612091518573,0.11747079128493815,-0.12225812587142595,1.0627030718493538,0.005050556853918793
334,0.09,0.9801468428384714,6.630954491950545,0.10510814133108665,-0.10322363477620972,1.0406533102023046,0.001233793688915804
334,0.1,0.9755282581475768,8.173561778709342,0.09389919514170797,-0.09003354583369404,1.0290360370008402,0.0002547482911636682
334,0.11,0.9704403844771127,9.872911584644367,0.08572294982201767,-0.08007791852754152,1.022381735571465,4.442215751190143e-05
334,0.12,0.9648882429441258,11.727326856661987,0.07848232401038635,-0.07212034741742789,1.0180821071744983,6.536163056472107e-06
334,0.13,0.9588773128419905,13.734977510775169,0.07240639914827912,-0.06553277103828681,1.0150307651122072,8.106930650176138e-07
334,0.14,0.9524135262330098,15.893882238174731,0.0672093230579866,-0.0599520492398429,1.0127387141032054,8.467111013799843e-08
334,0.15,0.9455032620941839,18.201910460542578,0.06250062797171008,-0.055143015515910145,1.0109565898652562,7.437937717624399e-09
334,0.16,0.9381533400219317,20.6567844326748,0.05885428704203549,-0.050941970771734575,1.0095376001930154,5.488566298311583e-10
334,0.17,0.9303710135019718,23.256081490341412,0.05519969640482192,-0.04722983458000398,1.0083868756807277,3.397513205977935e-11
334,0.18,0.9221639627510075,25.997236441163484,0.052366886111483435,-0.043917335816160724,1.0074396454702281,1.7616551754520084e-12
334,0.19,0.9135402871372809,28.877544096148192,0.04970732703186276,-0.04093598239031117,1.0066500613205744,7.639295399968797e-14
334,0.2,0.9045084971874736,31.894161939383814,0.04728428984981581,-0.03823221484748437,1.0059847724416884,2.7658298797102493e-15
334,0.21,0.8950775061878451,35.04411293325974,0.04506020553231177,-0.0357634677489827,1.0054189741050747,8.345547384371986e-17
334,0.22,0.8852566213878946,38.32428845644319,0.04307454016307666,-0.0334954350020487,1.004933868371406,2.0946303406155785e-18
334,0.23,0.8750555348152297,41.731451371713284,0.04135129328808762,-0.03140012359719359,1.0045149771983493,4.364110912298341e-20
334,0.24,0.8644843137107059,45.26223922062423,0.03964200535564305,-0.029454439057165164,1.004150990953032,7.531425373055503e-22
334,0.25,0.8535533905932737,48.913167541846576,0.03819008628469667,-0.027639138437260364,1.0038329640679133,1.0741157262666538e-23
334,0.26,0.8422735529643444,52.680633309908984,0.0368333344846436,-0.02593804285238022,1.0035537418504823,1.2628647952027197e-25
334,0.27,0.830655932661826,56.56091849095011,0.035561367564655944,-0.024337436689526128,1.0033075447843185,1.2208749532364055e-27
334,0.28,0.8187119948743448,60.55019371196885,0.03438871821108824,-0.02282560333456594,1.0030896623114798,9.678436026477023e-30
334,0.29,0.8064535268264883,64.6445220399529,0.03330468099295558,-0.021392462200994278,1.0028962240902963,6.273377295616754e-32
334,0.3,0.7938926261462367,68.83986286715695,0.03228412355638488,-0.0200292819303586,1.0027240269616946,3.3145956655372814e-34
334,0.31,0.7810416889260654,73.13207589869415,0.031315124897561275,-0.018728451556559056,1.0025704025545314,1.4229444672148774e-36
334,0.32,0.7679133974894983,77.51692523850758,0.03049188103589584,-0.017483296259370514,1.0024331149285086,4.946405362632002e-39
334,0.33,0.7545207078751855,81.99008356968803,0.029643502839331926,-0.01628792776006494,1.002310280687381,1.3872943424797036e-41
334,0.34,0.7408768370508576,86.54713642501356,0.028925273353166026,-0.015137121874502155,1.0022003060890492,3.127301220903809e-44
334,0.35,0.7269952498697735,91.18358654349565,0.028197099355318445,-0.014026217532603323,1.002101837145402,5.643460064838328e-47
334,0.36,0.7128896457825363,95.89485830863286,0.027533357223941346,-0.012951032892566352,1.002013719745519,8.118027489136905e-50
334,0.37,0.6985739453173904,100.67630226399162,0.02693656145940654,-0.011907795161763591,1.001934967583812,9.266936123733261e-53
334,0.38,0.684062276342339,105.52319970165878,0.026364493347562357,-0.010893081473542399,1.0018647362184463,8.354956221028296e-56
334,0.39,0.6693689601226458,110.4307673190363,0.025824627298759284,-0.009903768729792003,1.0018023019850415,5.919706791672027e-59
334,0.4,0.6545084971874737,115.39416193938378,0.025319274449943308,-0.008936990746655936,1.001747044787369,3.27873701356429e-62
334,0.41,0.6394955530196147,120.4084852914487,0.02484735855149034,-0.007990101370697857,1.001698434009211,1.4116746496267646e-65
334,0.42,0.6243449435824274,125.46878884346924,0.024405708666284998,-0.007060642487891067,1.001656016959961,4.696950753484197e-69
334,0.43,0.6090716206982714,130.57007868677735,0.023989998565047133,-0.006146316046721626,1.001619409395099,1.2001448784764539e-72
334,0.44,0.5936906572928623,135.707320464184,0.023595432341687095,-0.005244959373269533,1.0015882877519449,2.3394387994700853e-76
334,0.45,0.5782172325201155,140.87544433828143,0.023218322317579365,-0.004354523177190906,1.0015623828182738,3.454651692074451e-80
334,0.46,0.5626666167821522,146.06934999476115,0.022908059563549465,-0.0034730517446812026,1.001541474612247,3.8360458397987484e-84
334,0.47,0.5470541566592573,151.28391167580807,0.022610316821292997,-0.0025986648883268458,1.001525388300601,3.177807869469818e-88
334,0.48,0.5313952597646567,156.51398323860465,0.02232118935074917,-0.001729541283920855,1.001513991021243,1.9476180640392635e-92
334,0.49,0.5157053795390643,161.75440323395253,0.022037874622422127,-0.0008639028674060229,1.0015071895087513,8.752961553773818e-97
334,0.5,0.5000000000000001,166.99999999999997,0.02181281731857887,8.11602646533108e-15,1.0015049284485011,5.7149369564113635e-101
334,0.51,0.48429462046093585,161.7544032339526,0.022037874622424347,0.0008639028674141389,1.0015071895087528,8.752961553773281e-97
334,0.52,0.4686047402353432,156.51398323860462,0.022321189350747228,0.001729541283920855,1.0015139910212438,1.9476180640392083e-92
334,0.53,0.4529458433407428,151.2839116758081,0.022610316821285836,0.0025986648887367054,1.0015253883006077,3.177807869469852e-88
334,0.54,0.4373333832178478,146.06934999476118,0.02290805956354741,0.003473051744685261,1.0015414746122473,3.83604583979833e-84
334,0.55,0.4217827674798844,140.8754443382814,0.02321832231757731,0.004354523177194964,1.001562382818274,3.454651692074741e-80
334,0.56,0.4063093427071376,135.70732046418397,0.02359543234168693,0.00524495937327359,1.0015882877519457,2.339438799470134e-76
334,0.57,0.39092837930172875,130.5700786867774,0.02398999856504669,0.006146316046729742,1.0016194093950983,1.2001448784764049e-72
334,0.58,0.37565505641757274,125.4687888434693,0.02440570866628483,0.007060642487899183,1.0016560169599602,4.696950753483924e-69
334,0.59,0.3605044469803855,120.40848529144874,0.024847358551491838,0.007990101370799309,1.0016984340092128,1.4116746496266004e-65
334,0.6,0.3454915028125263,115.39416193938378,0.025319274449942974,0.008936990746676225,1.0017470447873689,3.278737013564233e-62
334,0.61,0.3306310398773543,110.43076731903633,0.025824627298760228,0.00990376872979606,1.001802301985042,5.919706791671634e-59
334,0.62,0.315937723657661,105.52319970165877,0.026364493347560136,0.010893081473603268,1.0018647362184476,8.354956221028247e-56
334,0.63,0.30142605468260975,100.67630226399166,0.02693656145940626,0.011907795161783882,1.0019349675838134,9.266936123732942e-53
334,0.64,0.2871103542174636,95.89485830863285,0.02753335722394301,0.012951032892546063,1.0020137197455194,8.118027489137407e-50
334,0.65,0.2730047501302266,91.1835865434957,0.028197099355319,0.014026217532587091,1.0021018371454014,5.64346006483814e-47
334,0.66,0.2591231629491423,86.54713642501352,0.028925273353168635,0.015137121874526503,1.002200306089049,3.127301220904014e-44
334,0.67,0.24547929212481437,81.990083569688,0.02964350283933348,0.016287927760052768,1.0023102806873794,1.3872943424797974e-41
334,0.68,0.2320866025105016,77.51692523850753,0.03049188103589512,0.017483296259402977,1.0024331149285077,4.946405362632365e-39
334,0.69,0.21895831107393482,73.13207589869423,0.031315124897562496,0.018728451556567174,1.0025704025545312,1.4229444672147772e-36
334,0.7,0.20610737385376346,68.839862867157,0.032284123556384214,0.020029281930350484,1.0027240269616946,3.314595665537225e-34
334,0.71,0.19354647317351184,64.64452203995296,0.033304680992954916,0.021392462200978048,1.002896224090297,6.273377295616295e-32
334,0.72,0.18128800512565516,60.550193711968824,0.034388718211087854,0.02282560333456391,1.0030896623114798,9.678436026477313e-30
334,0.73,0.16934406733817414,56.560918490950165,0.035561367564656,0.024337436689483516,1.0033075447843185,1.2208749532363161e-27
334,0.74,0.15772644703565564,52.680633309908984,0.03683333448464299,0.025938042852366016,1.0035537418504825,1.2628647952027337e-25
334,0.75,0.1464466094067263,48.91316754184658,0.038190086284696556,0.027639138437238045,1.0038329640679133,1.0741157262666365e-23
334,0.76,0.13551568628929433,45.26223922062431,0.03964200535564283,0.029454439057179368,1.0041509909530326,7.531425373054811e-22
334,0.77,0.12494446518477025,41.73145137171326,0.04135129328808751,0.03140012359721794,1.004514977198349,4.364110912298523e-20
334,0.78,0.11474337861210546,38.32428845644322,0.04307454016307338,0.03349543500203653,1.0049338683714055,2.094630340615506e-18
334,0.79,0.10492249381215481,35.044112933259704,0.04506020553230983,0.03576346774900705,1.0054189741050747,8.345547384372302e-17
334,0.8,0.0954915028125263,31.894161939383785,0.04728428984981803,0.03823221484745191,1.005984772441688,2.7658298797103475e-15
334,0.81,0.08645971286271904,28.87754409614816,0.04970732703186287,0.04093598239029494,1.0066500613205742,7.639295399969063e-14
334,0.82,0.0778360372489926,25.99723644116353,0.0523668861114841,0.04391733581610797,1.0074396454702268,1.761655175451919e-12
334,0.83,0.06962898649802822,23.256081490341426,0.05519969640482475,0.047229834579993836,1.0083868756807275,3.397513205977912e-11
334,0.84,0.06184665997806829,20.656784432674808,0.05885428704203777,0.05094197077167776,1.009537600193014,5.488566298311502e-10
334,0.85,0.0544967379058161,18.201910460542578,0.06250062797170874,0.05514301551587565,1.0109565898652546,7.4379377176244355e-09
334,0.86,0.0475864737669903,15.893882238174761,0.06720932305798721,0.05995204923987435,1.0127387141032047,8.467111013799569e-08
334,0.87,0.04112268715800943,13.734977510775149,0.07240639914827673,0.06553277103824319,1.015030765112209,8.106930650176259e-07
334,0.88,0.03511175705587434,11.72732685666203,0.0784823240103838,0.07212034741739035,1.0180821071745005,6.536163056471812e-06
334,0.89,0.029559615522887255,9.872911584644344,0.08572294982202366,0.08007791852756181,1.0223817355714668,4.4422157511902646e-05
334,0.9,0.02447174185242323,8.17356177870936,0.09389919514171063,0.09003354583375897,1.0290360370008398,0.00025474829116366345
334,0.91,0.019853157161528443,6.6309544919505,0.10510814133108592,0.10322363477622798,1.0406533102023034,0.0012337936889158542
334,0.92,0.015708419435684445,5.246612091518604,0.1174707912849331,0.12225812587140922,1.0627030718493533,0.005050556853918631
334,0.93,0.012041619030626274,4.021900756229176,0.13674439285547269,0.15238291720164432,1.1035582981893828,0.01748674663853073
334,0.94,0.008856374635655695,2.9580291283090023,0.16195883616584206,0.20235707952983648,1.1683899070958457,0.051241491677916536
334,0.95,0.006155829702431145,2.0560471206120026,0.197967853841021,0.2819528132096088,1.2440167755736171,0.12714825007924613
334,0.96,0.003942649342761104,1.3168448804822086,0.25646175318432685,0.39161815718438964,1.2847895410090382,0.2672828941730796
334,0.97,0.0022190176984599953,0.7411519112856384,0.4336775050774041,0.5037749295798055,1.2184512372590968,0.476172333833364
334,0.98,0.0009866357858642255,0.3295363524786513,0.5937165393619367,0.5468882236714097,0.9788813115215032,0.7191401435891381
334,0.99,0.0002467198171342206,0.08240441892282968,0.6379559287820843,0.41313007541965674,0.5514053584414015,0.9208900914069812
334,1.0,3.749399456654644e-33,1.2522994185226511e-30,0.5,0.0,2.2392420305801576e-15,1.0
334,1.01,0.0002467198171342168,0.0824044189228284,0.6379559287820827,0.4131300754196405,0.5514053584413978,0.920890091406982
334,1.02,0.0009866357858642181,0.3295363524786489,0.5937165393619368,0.5468882236714016,0.9788813115215007,0.71914014358914
334,1.03,0.0022190176984599836,0.7411519112856345,0.43367750507740543,0.5037749295798055,1.2184512372590959,0.47617233383336605
334,1.04,0.003942649342761088,1.3168448804822035,0.25646175318432773,0.39161815718439774,1.2847895410090382,0.26728289417308104
334,1.05,0.006155829702431126,2.056047120611996,0.19796785384102034,0.2819528132096169,1.2440167755736176,0.12714825007924693
334,1.06,0.00885637463565567,2.958029128308994,0.1619588361658415,0.20235707952981213,1.1683899070958461,0.05124149167791698
334,1.07,0.012041619030626295,4.021900756229183,0.13674439285547113,0.15238291720166056,1.1035582981893826,0.017486746638530615
334,1.08,0.015708419435684472,5.246612091518614,0.11747079128493454,0.12225812587141734,1.0627030718493533,0.005050556853918581
334,1.09,0.019853157161528474,6.630954491950511,0.10510814133108776,0.10322363477621174,1.0406533102023037,0.0012337936889158523
334,1.1,0.024471741852423266,8.17356177870937,0.09389919514171041,0.09003354583365346,1.0290360370008387,0.0002547482911636631
334,1.11,0.029559615522887286,9.872911584644354,0.08572294982202211,0.0800779185275537,1.0223817355714668,4.442215751190213e-05
334,1.12,0.03511175705587437,11.727326856662039,0.07848232401038535,0.07212034741743092,1.0180821071745014,6.53616305647177e-06
334,1.13,0.0411226871580093,13.734977510775106,0.0724063991482784,0.06553277103829189,1.0150307651122092,8.106930650176684e-07
334,1.14,0.04758647376699014,15.893882238174708,0.06720932305798699,0.05995204923981754,1.0127387141032045,8.467111013800044e-08
334,1.15,0.05449673790581593,18.20191046054252,0.06250062797170741,0.05514301551591623,1.0109565898652548,7.437937717624854e-09
334,1.16,0.061846659978068125,20.656784432674755,0.05885428704203899,0.050941970771718345,1.0095376001930154,5.488566298311829e-10
334,1.17,0.06962898649802805,23.25608149034137,0.055199696404826804,0.04722983457993703,1.008386875680727,3.397513205978089e-11
334,1.18,0.0778360372489924,25.997236441163462,0.0523668861114821,0.04391733581618913,1.0074396454702275,1.7616551754520478e-12
334,1.19,0.08645971286271899,28.877544096148142,0.049707327031860205,0.04093598239033552,1.0066500613205747,7.639295399969206e-14
334,1.2,0.09549150281252623,31.89416193938376,0.047284289849818695,0.0382322148475006,1.0059847724416886,2.765829879710407e-15
334,1.21,0.10492249381215474,35.04411293325968,0.04506020553231205,0.0357634677489827,1.0054189741050743,8.345547384372546e-17
334,1.22,0.11474337861210537,38.32428845644319,0.04307454016307144,0.033495435002060876,1.0049338683714055,2.094630340615567e-18
334,1.23,0.12494446518477016,41.731451371713234,0.04135129328808562,0.03140012359723417,1.0045149771983495,4.364110912298587e-20
334,1.24,0.13551568628929425,45.26223922062428,0.03964200535564538,0.02945443905717125,1.0041509909530317,7.531425373055027e-22
334,1.25,0.1464466094067262,48.913167541846555,0.038190086284697444,0.027639138437286742,1.0038329640679136,1.0741157262666832e-23
334,1.26,0.15772644703565553,52.68063330990895,0.03683333448464532,0.025938042852390365,1.0035537418504823,1.262864795202761e-25
334,1.27,0.16934406733817406,56.56091849095014,0.035561367564653834,0.024337436689524098,1.0033075447843187,1.2208749532363599e-27
334,1.28,0.1812880051256552,60.55019371196884,0.03438871821108558,0.022825603334580145,1.0030896623114807,9.678436026477176e-30
334,1.29,0.19354647317351176,64.64452203995293,0.033304680992957136,0.0213924622009537,1.0028962240902963,6.273377295616474e-32
334,1.3,0.2061073738537634,68.83986286715698,0.032284123556384325,0.020029281930366714,1.0027240269616944,3.3145956655372245e-34
334,1.31,0.21895831107393457,73.13207589869414,0.031315124897564106,0.018728451556591523,1.002570402554531,1.4229444672148447e-36
334,1.32,0.23208660251050184,77.51692523850761,0.030491881035897672,0.017483296259411096,1.0024331149285077,4.946405362631888e-39
334,1.33,0.24547929212481442,81.99008356968801,0.029643502839335256,0.01628792776010146,1.0023102806873798,1.3872943424797291e-41
334,1.34,0.2591231629491424,86.54713642501356,0.028925273353170855,0.015137121874510271,1.0022003060890483,3.127301220903703e-44
334,1.35,0.2730047501302265,91.18358654349565,0.028197099355317556,0.014026217532554628,1.0021018371454025,5.643460064838426e-47
334,1.36,0.28711035421746395,95.89485830863296,0.0275333572239429,0.012951032892578526,1.00201371974552,8.118027489135724e-50
334,1.37,0.30142605468260986,100.67630226399169,0.02693656145940604,0.011907795161775765,1.0019349675838134,9.266936123731957e-53
334,1.38,0.31593772365766076,105.5231997016587,0.02636449334756019,0.010893081473562688,1.0018647362184472,8.354956221029147e-56
334,1.39,0.3306310398773539,110.4307673190362,0.025824627298758285,0.00990376872982041,1.0018023019850424,5.919706791672617e-59
334,1.4,0.34549150281252616,115.39416193938374,0.025319274449941365,0.008936990746672167,1.001747044787369,3.278737013564605e-62
334,1.41,0.3605044469803852,120.40848529144866,0.024847358551491894,0.007990101370746554,1.001698434009209,1.411674649626845e-65
334,1.42,0.3756550564175723,125.46878884346914,0.024405708666286996,0.0070606424878707765,1.0016560169599595,4.696950753485036e-69
334,1.43,0.39092837930172836,130.57007868677726,0.02398999856504569,0.006146316046717568,1.001619409395099,1.2001448784766233e-72
334,1.44,0.40630934270713776,135.70732046418402,0.023595432341686373,0.005244959373285765,1.001588287751946,2.3394387994699886e-76
334,1.45,0.4217827674798844,140.8754443382814,0.02321832231757731,0.004354523177194964,1.001562382818274,3.454651692074741e-80
334,1.46,0.43733338321784765,146.06934999476113,0.02290805956354952,0.0034730517446527965,1.0015414746122469,3.8360458397990867e-84
334,1.47,0.4529458433407425,151.28391167580799,0.022610316821295717,0.002598664888006263,1.0015253883006001,3.1778078694702824e-88
334,1.48,0.4686047402353434,156.51398323860468,0.02232118935074834,0.001729541283904623,1.001513991021243,1.9476180640390724e-92
334,1.49,0.48429462046093585,161.7544032339526,0.022037874622424347,0.0008639028674141389,1.0015071895087528,8.752961553773281e-97
334,1.5,0.4999999999999999,166.99999999999997,0.02181281731857726,1.217403969799662e-14,1.0015049284485007,5.714936956411363e-101
334,1.51,0.5157053795390639,161.75440323395264,0.0220378746224264,-0.0008639028673126886,1.0015071895087517,8.75296155377193e-97
334,1.52,0.5313952597646564,156.51398323860477,0.022321189350749115,-0.001729541283920855,1.0015139910212432,1.9476180640388557e-92
334,1.53,0.5470541566592572,151.2839116758081,0.022610316821295495,-0.0025986648882700336,1.0015253883006034,3.1778078694696027e-88
334,1.54,0.562666616782152,146.06934999476124,0.022908059563548744,-0.0034730517446730867,1.0015414746122473,3.8360458397982427e-84
334,1.55,0.5782172325201155,140.87544433828143,0.023218322317579365,-0.004354523177190906,1.0015623828182738,3.454651692074451e-80
334,1.56,0.5936906572928622,135.70732046418402,0.02359543234168937,-0.005244959373261417,1.0015882877519449,2.3394387994699392e-76
334,1.57,0.6090716206982714,130.57007868677735,0.023989998565047133,-0.006146316046721626,1.001619409395099,1.2001448784764539e-72
334,1.58,0.6243449435824274,125.46878884346924,0.024405708666284998,-0.007060642487891067,1.001656016959961,4.696950753484197e-69
334,1.59,0.6394955530196145,120.40848529144877,0.024847358551495224,-0.00799010137063293,1.0016984340092125,1.411674649626601e-65
334,1.6,0.6545084971874736,115.3941619393838,0.025319274449945195,-0.008936990746647819,1.0017470447873686,3.2787370135641037e-62
334,1.61,0.669368960122646,110.43076731903624,0.025824627298758174,-0.009903768729816352,1.0018023019850413,5.919706791672683e-59
334,1.62,0.6840622763423392,105.52319970165871,0.02636449334756269,-0.010893081473554573,1.0018647362184459,8.354956221029204e-56
334,1.63,0.6985739453173899,100.67630226399177,0.026936561459403097,-0.011907795161759533,1.0019349675838125,9.266936123731293e-53
334,1.64,0.712889645782536,95.89485830863298,0.0275333572239419,-0.012951032892566352,1.0020137197455186,8.118027489135638e-50
334,1.65,0.7269952498697734,91.1835865434957,0.02819709935532022,-0.014026217532599266,1.002101837145401,5.64346006483804e-47
334,1.66,0.7408768370508575,86.54713642501359,0.028925273353166803,-0.015137121874502155,1.0022003060890488,3.127301220903652e-44
334,1.67,0.7545207078751853,81.9900835696881,0.029643502839331093,-0.016287927760056824,1.0023102806873811,1.3872943424795673e-41
334,1.68,0.7679133974894982,77.51692523850761,0.030491881035896784,-0.017483296259366458,1.002433114928509,4.946405362631763e-39
334,1.69,0.7810416889260654,73.13207589869415,0.031315124897561275,-0.018728451556559056,1.0025704025545314,1.4229444672148774e-36
334,1.7,0.7938926261462365,68.83986286715702,0.03228412355638349,-0.02002928193035251,1.002724026961695,3.3145956655369718e-34
334,1.71,0.8064535268264881,64.64452203995299,0.03330468099295586,-0.021392462200959785,1.0028962240902983,6.273377295616178e-32
334,1.72,0.8187119948743445,60.55019371196892,0.034388718211087355,-0.022825603334559855,1.00308966231148,9.678436026476146e-30
334,1.73,0.830655932661826,56.56091849095011,0.035561367564655944,-0.024337436689526128,1.0033075447843185,1.2208749532364055e-27
334,1.74,0.8422735529643444,52.680633309908984,0.0368333344846436,-0.02593804285238022,1.0035537418504823,1.2628647952027197e-25
334,1.75,0.8535533905932737,48.913167541846576,0.03819008628469667,-0.027639138437260364,1.0038329640679133,1.0741157262666538e-23
334,1.76,0.8644843137107057,45.26223922062431,0.03964200535564222,-0.02945443905715705,1.0041509909530322,7.531425373054857e-22
334,1.77,0.8750555348152297,41.731451371713284,0.04135129328808762,-0.03140012359719359,1.0045149771983493,4.364110912298341e-20
334,1.78,0.8852566213878946,38.32428845644319,0.04307454016307666,-0.0334954350020487,1.004933868371406,2.0946303406155785e-18
334,1.79,0.8950775061878451,35.04411293325974,0.04506020553231177,-0.0357634677489827,1.0054189741050747,8.345547384371986e-17
334,1.8,0.9045084971874736,31.894161939383814,0.04728428984981581,-0.03823221484748437,1.0059847724416884,2.7658298797102493e-15
334,1.81,0.9135402871372809,28.877544096148192,0.04970732703186276,-0.04093598239031117,1.0066500613205744,7.639295399968797e-14
334,1.82,0.9221639627510075,25.997236441163484,0.052366886111483435,-0.043917335816160724,1.0074396454702281,1.7616551754520084e-12
334,1.83,0.9303710135019718,23.256081490341412,0.05519969640482192,-0.04722983458000398,1.0083868756807277,3.397513205977935e-11
334,1.84,0.9381533400219317,20.6567844326748,0.05885428704203549,-0.050941970771734575,1.0095376001930154,5.488566298311583e-10
334,1.85,0.9455032620941839,18.201910460542578,0.06250062797171008,-0.055143015515910145,1.0109565898652562,7.437937717624399e-09
334,1.86,0.9524135262330098,15.893882238174731,0.0672093230579866,-0.0599520492398429,1.0127387141032054,8.467111013799843e-08
334,1.87,0.9588773128419907,13.734977510775094,0.07240639914827934,-0.06553277103828276,1.0150307651122075,8.106930650176765e-07
334,1.88,0.9648882429441256,11.727326856662062,0.07848232401038568,-0.0721203474174228,1.018082107174498,6.536163056471605e-06
334,1.89,0.9704403844771127,9.872911584644367,0.08572294982201767,-0.08007791852754152,1.022381735571465,4.442215751190143e-05
334,1.9,0.9755282581475766,8.173561778709416,0.09389919514170697,-0.09003354583370013,1.0290360370008391,0.00025474829116364886
334,1.91,0.9801468428384714,6.630954491950545,0.10510814133108665,-0.10322363477620972,1.0406533102023046,0.001233793688915804
334,1.92,0.9842915805643154,5.246612091518648,0.11747079128493643,-0.12225812587142951,1.0627030718493515,0.005050556853918412
334,1.93,0.9879583809693735,4.021900756229252,0.13674439285546175,-0.15238291720166564,1.1035582981893775,0.01748674663852938
334,1.94,0.9911436253643443,2.9580291283090023,0.16195883616583934,-0.20235707952982582,1.168389907095846,0.051241491677916536
334,1.95,0.9938441702975689,2.0560471206119924,0.19796785384102755,-0.2819528132096417,1.2440167755736213,0.1271482500792474
334,1.96,0.9960573506572389,1.3168448804822133,0.2564617531843252,-0.3916181571844006,1.2847895410090422,0.2672828941730784
334,1.97,0.9977809823015399,0.7411519112856777,0.4336775050773902,-0.5037749295798194,1.2184512372591099,0.4761723338333454
334,1.98,0.9990133642141359,0.32953635247861257,0.5937165393619539,-0.5468882236714261,0.9788813115214616,0.7191401435891661
391,0.02,0.9990133642141359,0.3857745922728668,0.5727533810077596,-0.5489020524960426,1.031483310525665,0.6797942996752728
391,0.03,0.9977809823015401,0.8676359200978173,0.3883515965492619,-0.4791740108610709,1.2487450960027562,0.41953849373535146
391,0.04,0.9960573506572389,1.5415758930195969,0.2294568249848904,-0.3534375659533832,1.2793862974404502,0.21339233676067412
391,0.05,0.9938441702975689,2.406929413650566,0.17599225432959353,-0.24557376762344657,1.2138662282674424,0.08942381176582226
391,0.06,0.9911436253643443,3.462842482541377,0.1462965334371833,-0.17493696391304903,1.1337352508828986,0.03086082373334192
391,0.07,0.9879583809693737,4.708273040974877,0.12596754370844437,-0.13365228307712876,1.07735665444267,0.008766213702087475
391,0.08,0.9842915805643156,6.141991999352581,0.10894211714233465,-0.10930061842199806,1.0467114044310644,0.0020483028472568095
391,0.09,0.9801468428384714,7.762584450157674,0.09705638845070008,-0.0935290632048972,1.0314560535339334,0.00039340314631000845
391,0.1,0.9755282581475768,9.568451064297463,0.08692277674136384,-0.08216736834007238,1.0233647320163322,6.205588375238711e-05
391,0.11,0.9704403844771127,11.557809669448945,0.0789239079471813,-0.07334771324241879,1.0184396485519935,8.032019187512805e-06
391,0.12,0.9648882429441258,13.728697008846819,0.07242627911021532,-0.06619182439258339,1.0150721126283628,8.52143450478235e-07
391,0.13,0.9588773128419905,16.078970678781708,0.06670032828680139,-0.060222895095483,1.0126041984032899,7.402014393768297e-08
391,0.14,0.9524135262330098,18.606311242893174,0.062026173319661315,-0.05514447185089199,1.0107209740398453,5.257652387546912e-09
391,0.15,0.9455032620941839,21.308224521174097,0.05771133778945542,-0.0507558391613572,1.009244306257284,3.0496172514082846e-10
391,0.16,0.9381533400219317,24.18204405142469,0.05420212456618323,-0.04691410983025234,1.0080621983316096,1.4423384211451355e-11
391,0.17,0.9303710135019718,27.224933720729016,0.051037715145952456,-0.04351407964983558,1.007099869114181,5.55345052608218e-13
391,0.18,0.9221639627510075,30.43389056435605,0.048354000205610315,-0.04047627090702465,1.0063053823971992,1.737741808377411e-14
391,0.19,0.9135402871372809,33.80574772932319,0.04592791693201104,-0.03773936588411528,1.0056415778407166,4.4109533071421096e-16
391,0.2,0.9045084971874736,37.33717759969782,0.043621645865095204,-0.03525521002133128,1.005081214855081,9.064556831869582e-18
391,0.21,0.8950775061878451,41.02469508055257,0.041643261131938836,-0.03298540277962119,1.004603912612386,1.5049133314764102e-19
391,0.22,0.8852566213878946,44.8646610373332,0.03985387659191375,-0.03089890873141834,1.004194152626348,2.013960120982699e-21
391,0.23,0.8750555348152297,48.85328588724519,0.03819772247927983,-0.02897034519958102,1.0038399365640056,2.1673342671021272e-23
391,0.24,0.8644843137107059,52.986633339114,0.03666391731462709,-0.02717873055491896,1.0035318618677622,1.8708237002192146e-25
391,0.25,0.8535533905932737,57.26062427802997,0.03526025208877648,-0.025506553380664976,1.0032624714163674,1.2918155565388245e-27
391,0.26,0.8422735529643444,61.671040790941355,0.03403548922663463,-0.023939069611524352,1.0030257873474033,7.115201741115528e-30
391,0.27,0.830655932661826,66.21353032922602,0.03281794113411979,-0.022463764511173545,1.0028169713016424,3.116577586696481e-32
391,0.28,0.8187119948743448,70.8836100041312,0.03176497125135447,-0.021069935714375806,1.0026320731031901,1.082133691499919e-34
391,0.29,0.8064535268264883,75.67667101084308,0.030776294824629957,-0.019748366441951947,1.002467842354519,2.968411484446027e-37
391,0.3,0.7938926261462367,80.58798317682145,0.02984725720962622,-0.018491066736701322,1.0023215854758778,6.409901295364169e-40
391,0.31,0.7810416889260654,85.61269962990843,0.028983325441955365,-0.01729106660602467,1.002191056026215,1.0854710133920627e-42
391,0.32,0.7679133974894983,90.74586158160618,0.028174481496352044,-0.016142249191233665,1.0020743697077226,1.4357791683444363e-45
391,0.33,0.7545207078751855,95.98240322080245,0.027401515500296625,-0.015039215102179359,1.0019699378910139,1.4771511459941482e-48
391,0.34,0.7408768370508576,101.31715671311467,0.026724101189112004,-0.013977171229968348,1.0018764151868624,1.176772984481616e-51
391,0.35,0.7269952498697735,106.74485730091857,0.02607266277669751,-0.012951838940819537,1.0017926577783454,7.225121085694099e-55
391,0.36,0.7128896457825363,112.26014849902829,0.0254609402652769,-0.011959377729942931,1.001717690073685,3.4019036805688564e-58
391,0.37,0.6985739453173904,117.85758738090037,0.024882507256613284,-0.010996321281852482,1.0016506778506886,1.2219179445403763e-61
391,0.38,0.684062276342339,123.53164995014546,0.024366251254112348,-0.010059523559959154,1.001590906508571,3.3296281150240693e-65
391,0.39,0.6693689601226458,129.2767365920455,0.023863296131218403,-0.00914611302895657,1.0015377633714615,6.842860002751658e-69
391,0.4,0.6545084971874737,135.08717759969778,0.02338531842174546,-0.008253453513705997,1.0014907232317811,1.0540909052907395e-72
391,0.41,0.6394955530196147,140.95723876933064,0.022938269806901945,-0.007379110486933427,1.001449336505402,1.209132116551931e-76
391,0.42,0.6243449435824274,146.88112705927088,0.022532811893311244,-0.006520821808911862,1.0014132195095762,1.0256947665641501e-80
391,0.43,0.6090716206982714,152.85299630697588,0.02215378628384429,-0.0056764721238463335,1.0013820464812972,6.387493059421729e-85
391,0.44,0.5936906572928623,158.86695299849083,0.021796056559686472,-0.00484407025469379,1.0013555430358618,2.8976366270652283e-89
391,0.45,0.5782172325201155,164.91706208463484,0.021468290664064416,-0.004021729052557111,1.001333480829839,9.497143917860998e-94
391,0.46,0.5626666167821522,170.99735283817847,0.02116952389398763,-0.0032076472400566895,1.0013156732431066,2.2294579476384516e-98
391,0.47,0.5470541566592573,177.10182474623042,0.020892328960038675,-0.002400092859123769,1.001301971935135,3.714120632210372e-103
391,0.48,0.5313952597646567,183.2244534320192,0.020634071967398637,-0.0015973879839194425,1.0012922641634392,4.3482181814436704e-108
391,0.49,0.5157053795390643,189.35919660022589,0.020392686837024554,-0.0007978944025149624,1.0012864707791038,3.540378866369181e-113
391,0.5,0.5000000000000001,195.49999999999994,0.020166803676944567,1.7562591321938105e-14,1.0012845448371315,3.9655341208055936e-118
391,0.51,0.48429462046093585,189.3591966002259,0.020392686837026386,0.0007978944025456969,1.0012864707791034,3.540378866368997e-113
391,0.52,0.4686047402353432,183.2244534320192,0.020634071967396805,0.001597387983937005,1.0012922641634387,4.348218181443766e-108
391,0.53,0.4529458433407428,177.10182474623042,0.020892328960037343,0.0024000928592071914,1.0013019719351381,3.714120632210362e-103
391,0.54,0.4373333832178478,170.9973528381785,0.021169523893984132,0.0032076472400962056,1.0013156732431077,2.22945794763838e-98
391,0.55,0.4217827674798844,164.9170620846348,0.021468290664064693,0.004021729052574675,1.0013334808298398,9.497143917861142e-94
391,0.56,0.4063093427071376,158.8669529984908,0.021796056559686083,0.0048440702547420875,1.0013555430358618,2.8976366270653284e-89
391,0.57,0.39092837930172875,152.85299630697594,0.022153786283844235,0.0056764721238463335,1.0013820464812968,6.387493059421238e-85
391,0.58,0.37565505641757274,146.88112705927094,0.022532811893314686,0.006520821808898691,1.0014132195095755,1.0256947665640567e-80
391,0.59,0.3605044469803855,140.95723876933073,0.02293826980690561,0.007379110486845614,1.0014493365053982,1.2091321165518193e-76
391,0.6,0.3454915028125263,135.08717759969778,0.023385318421746626,0.008253453513736731,1.001490723231781,1.0540909052907309e-72
391,0.61,0.3306310398773543,129.27673659204552,0.023863296131218792,0.009146113028965352,1.0015377633714613,6.842860002750871e-69
391,0.62,0.315937723657661,123.53164995014545,0.024366251254112348,0.01005952356000306,1.0015909065085717,3.3296281150241975e-65
391,0.63,0.30142605468260975,117.85758738090041,0.024882507256615227,0.010996321281865654,1.0016506778506888,1.2219179445402497e-61
391,0.64,0.2871103542174636,112.26014849902828,0.025460940265280896,0.011959377729942931,1.001717690073685,3.401903680569044e-58
391,0.65,0.2730047501302266,106.74485730091861,0.02607266277669007,0.012951838941140053,1.0017926577783391,7.225121085693392e-55
391,0.66,0.2591231629491423,101.31715671311463,0.02672410118911267,0.01397717122997713,1.0018764151868618,1.1767729844816908e-51
391,0.67,0.24547929212481437,95.98240322080242,0.027401515500296902,0.015039215102275953,1.0019699378910134,1.4771511459942308e-48
391,0.68,0.2320866025105016,90.74586158160612,0.02817448149635471,0.016142249191246835,1.0020743697077217,1.435779168344527e-45
391,0.69,0.21895831107393482,85.61269962990852,0.0289833254419537,0.017291066606059793,1.0021910560262137,1.0854710133919585e-42
391,0.7,0.20610737385376346,80.58798317682151,0.029847257209624056,0.01849106673669913,1.0023215854758765,6.409901295363543e-40
391,0.71,0.19354647317351184,75.67667101084312,0.030776294824628958,0.01974836644190365,1.0024678423545197,2.9684114844458313e-37
391,0.72,0.18128800512565516,70.88361000413117,0.03176497125135147,0.021069935714362633,1.0026320731031912,1.0821336914999552e-34
391,0.73,0.16934406733817414,66.21353032922609,0.032817941134118844,0.022463764511116466,1.002816971301643,3.116577586696216e-32
391,0.74,0.15772644703565564,61.671040790941355,0.03403548922663435,0.02393906961153533,1.0030257873474038,7.11520174111561e-30
391,0.75,0.1464466094067263,57.26062427802998,0.03526025208877542,0.025506553380632048,1.0032624714163665,1.291815556538815e-27
391,0.76,0.13551568628929433,52.986633339114086,0.036663917314622596,0.027178730554969454,1.003531861867762,1.8708237002190431e-25
391,0.77,0.12494446518477025,48.853285887245164,0.038197722479280216,0.028970345199556873,1.0038399365640056,2.1673342671022066e-23
391,0.78,0.11474337861210546,44.864661037333235,0.03985387659191297,0.030898908731460048,1.0041941526263491,2.0139601209826413e-21
391,0.79,0.10492249381215481,41.02469508055253,0.04164326113194161,0.03298540277967608,1.0046039126123867,1.504913331476485e-19
391,0.8,0.0954915028125263,37.33717759969778,0.04362164586509659,0.0352552100212742,1.005081214855081,9.064556831869921e-18
391,0.81,0.08645971286271904,33.805747729323144,0.0459279169320117,0.0377393658841482,1.0056415778407166,4.410953307142303e-16
391,0.82,0.0778360372489926,30.43389056435611,0.04835400020560893,0.040476270906985135,1.0063053823971992,1.7377418083773007e-14
391,0.83,0.06962898649802822,27.224933720729034,0.05103771514595101,0.04351407964979387,1.0070998691141813,5.553450526082099e-13
391,0.84,0.06184665997806829,24.1820440514247,0.05420212456618545,0.046914109830256734,1.0080621983316094,1.4423384211451148e-11
391,0.85,0.0544967379058161,21.308224521174093,0.05771133778945631,0.05075583916134732,1.0092443062572838,3.049617251408304e-10
391,0.86,0.0475864737669903,18.60631124289321,0.06202617331966359,0.05514447185088321,1.0107209740398433,5.257652387546727e-09
391,0.87,0.04112268715800943,16.078970678781687,0.06670032828680028,0.06022289509546654,1.0126041984032863,7.402014393768433e-08
391,0.88,0.03511175705587434,13.728697008846867,0.07242627911021149,0.06619182439258998,1.015072112628359,8.521434504781923e-07
391,0.89,0.029559615522887255,11.557809669448917,0.07892390794718063,0.07334771324241879,1.0184396485519913,8.032019187513043e-06
391,0.9,0.02447174185242323,9.568451064297482,0.0869227767413594,0.08216736834001749,1.023364732016331,6.205588375237587e-05
391,0.91,0.019853157161528443,7.762584450157621,0.09705638845070685,0.09352906320486977,1.0314560535339334,0.00039340314631004623
391,0.92,0.015708419435684445,6.1419919993526175,0.1089421171423276,0.10930061842199093,1.0467114044310648,0.0020483028472567323
391,0.93,0.012041619030626274,4.708273040974873,0.1259675437084351,0.13365228307710736,1.0773566544426754,0.00876621370208751
391,0.94,0.008856374635655695,3.462842482541377,0.1462965334371883,0.17493696391303748,1.1337352508829066,0.030860823733341917
391,0.95,0.006155829702431145,2.4069294136505777,0.17599225432959265,0.24557376762341804,1.213866228267447,0.08942381176582123
391,0.96,0.003942649342761104,1.5415758930195915,0.22945682498489922,0.35343756595338377,1.2793862974404497,0.2133923367606753
391,0.97,0.0022190176984599953,0.8676359200978582,0.3883515965492471,0.4791740108610605,1.2487450960027584,0.4195384937353344
391,0.98,0.0009866357858642255,0.38577459227291216,0.5727533810077392,0.548902052496032,1.0314833105256964,0.6797942996752422
391,0.99,0.0002467198171342206,0.09646744849948025,0.6407978293402269,0.4334843730141979,0.5924442416510727,0.9080286475867995
391,1.0,3.749399456654644e-33,1.4660151875519658e-30,0.5,0.0,2.4226156896508075e-15,1.0
391,1.01,0.0002467198171342168,0.09646744849947876,0.6407978293402256,0.4334843730141716,0.592444241651068,0.9080286475868008
391,1.02,0.0009866357858642181,0.3857745922729093,0.5727533810077394,0.5489020524960495,1.0314833105256942,0.6797942996752444
391,1.03,0.0022190176984599836,0.8676359200978536,0.38835159654924856,0.4791740108610517,1.2487450960027573,0.4195384937353363
391,1.04,0.003942649342761088,1.5415758930195855,0.22945682498489772,0.35343756595339254,1.27938629744045,0.21339233676067657
391,1.05,0.006155829702431126,2.40692941365057,0.1759922543295911,0.24557376762344438,1.2138662282674477,0.0894238117658219
391,1.06,0.00885637463565567,3.462842482541367,0.14629653343718685,0.17493696391304628,1.1337352508829073,0.030860823733342223
391,1.07,0.012041619030626295,4.708273040974881,0.12596754370843322,0.1336522830771425,1.0773566544426754,0.008766213702087437
391,1.08,0.015708419435684472,6.141991999352629,0.10894211714232904,0.10930061842201727,1.0467114044310648,0.0020483028472567124
391,1.09,0.019853157161528474,7.762584450157633,0.0970563884507083,0.09352906320486098,1.0314560535339328,0.0003934031463100106
391,1.1,0.024471741852423266,9.568451064297497,0.08692277674135679,0.08216736834004384,1.023364732016331,6.205588375237578e-05
391,1.11,0.029559615522887286,11.557809669448929,0.07892390794717902,0.07334771324240122,1.018439648551991,8.032019187512951e-06
391,1.12,0.03511175705587437,13.728697008846877,0.07242627911021371,0.0661918243925812,1.015072112628359,8.521434504781841e-07
391,1.13,0.0411226871580093,16.078970678781637,0.06670032828680239,0.06022289509549288,1.0126041984032863,7.402014393768851e-08
391,1.14,0.04758647376699014,18.606311242893145,0.06202617331966365,0.055144471850918336,1.0107209740398433,5.2576523875470414e-09
391,1.15,0.05449673790581593,21.30822452117403,0.0577113377894552,0.05075583916134732,1.0092443062572836,3.049617251408508e-10
391,1.16,0.061846659978068125,24.182044051424636,0.054202124566186005,0.04691410983029186,1.0080621983316103,1.4423384211452161e-11
391,1.17,0.06962898649802805,27.22493372072897,0.05103771514595157,0.0435140796498729,1.007099869114181,5.553450526082467e-13
391,1.18,0.0778360372489924,30.43389056435603,0.04835400020560676,0.04047627090703782,1.0063053823971988,1.7377418083774405e-14
391,1.19,0.08645971286271899,33.80574772932312,0.04592791693200904,0.0377393658841482,1.0056415778407166,4.410953307142399e-16
391,1.2,0.09549150281252623,37.33717759969776,0.043621645865097425,0.03525521002136201,1.005081214855081,9.064556831870121e-18
391,1.21,0.10492249381215474,41.024695080552505,0.04164326113194328,0.03298540277964095,1.0046039126123865,1.5049133314765289e-19
391,1.22,0.11474337861210537,44.8646610373332,0.039853876591912196,0.03089890873140736,1.0041941526263485,2.0139601209827143e-21
391,1.23,0.12494446518477016,48.853285887245136,0.038197722479277996,0.02897034519960078,1.0038399365640063,2.1673342671022691e-23
391,1.24,0.13551568628929425,52.98663333911405,0.036663917314625816,0.027178730554907986,1.0035318618677616,1.8708237002191102e-25
391,1.25,0.1464466094067262,57.26062427802995,0.035260252088776645,0.025506553380684735,1.0032624714163674,1.2918155565388527e-27
391,1.26,0.15772644703565553,61.67104079094131,0.034035489226635574,0.02393906961154411,1.003025787347405,7.115201741115916e-30
391,1.27,0.16934406733817406,66.21353032922606,0.03281794113411618,0.022463764511177937,1.0028169713016435,3.1165775866963057e-32
391,1.28,0.1812880051256552,70.88361000413119,0.03176497125135036,0.021069935714380195,1.0026320731031912,1.082133691499909e-34
391,1.29,0.19354647317351176,75.6766710108431,0.030776294824631734,0.019748366441850962,1.0024678423545204,2.968411484445916e-37
391,1.3,0.2061073738537634,80.5879831768215,0.029847257209624944,0.01849106673670791,1.0023215854758767,6.409901295363543e-40
391,1.31,0.21895831107393457,85.61269962990842,0.028983325441954588,0.01729106660604223,1.0021910560262133,1.0854710133920183e-42
391,1.32,0.23208660251050184,90.74586158160622,0.028174481496356152,0.01614224919129074,1.0020743697077212,1.4357791683443653e-45
391,1.33,0.24547929212481442,95.98240322080244,0.027401515500299123,0.015039215102267172,1.0019699378910136,1.4771511459941464e-48
391,1.34,0.2591231629491424,101.31715671311467,0.02672410118911328,0.013977171230021037,1.0018764151868624,1.1767729844816218e-51
391,1.35,0.2730047501302265,106.74485730091857,0.026072662776681854,0.012951838941684495,1.0017926577783454,7.225121085694254e-55
391,1.36,0.28711035421746395,112.2601484990284,0.025460940265280285,0.011959377730004401,1.001717690073686,3.401903680568216e-58
391,1.37,0.30142605468260986,117.85758738090045,0.02488250725661567,0.010996321281865654,1.0016506778506888,1.2219179445402501e-61
391,1.38,0.31593772365766076,123.53164995014536,0.02436625125411107,0.010059523560020623,1.0015909065085713,3.3296281150244083e-65
391,1.39,0.3306310398773539,129.27673659204538,0.023863296131217238,0.009146113028996086,1.0015377633714615,6.842860002752646e-69
391,1.4,0.34549150281252616,135.08717759969772,0.02338531842174313,0.008253453513785028,1.0014907232317816,1.0540909052908007e-72
391,1.41,0.3605044469803852,140.95723876933062,0.022938269806903666,0.0073791104868983015,1.001449336505401,1.2091321165519823e-76
391,1.42,0.3756550564175723,146.88112705927077,0.02253281189331735,0.006520821808925035,1.0014132195095757,1.0256947665643408e-80
391,1.43,0.39092837930172836,152.8529963069758,0.02215378628384279,0.0056764721238375514,1.001382046481296,6.3874930594226e-85
391,1.44,0.40630934270713776,158.86695299849086,0.021796056559683863,0.00484407025475965,1.0013555430358618,2.8976366270649056e-89
391,1.45,0.4217827674798844,164.9170620846348,0.021468290664064693,0.004021729052574675,1.0013334808298398,9.497143917861142e-94
391,1.46,0.43733338321784765,170.99735283817844,0.021169523893985354,0.003207647240113768,1.0013156732431068,2.2294579476385513e-98
391,1.47,0.4529458433407425,177.1018247462303,0.02089232896003307,0.0024000928594662394,1.001301971935136,3.7141206322109497e-103
391,1.48,0.4686047402353434,183.22445343201926,0.02063407196739958,0.0015973879838667546,1.001292264163438,4.348218181443412e-108
391,1.49,0.48429462046093585,189.3591966002259,0.020392686837026386,0.0007978944025456969,1.0012864707791034,3.540378866368997e-113
391,1.5,0.4999999999999999,195.49999999999994,0.0201668036769449,2.195323915242263e-14,1.0012845448371315,3.9655341208057635e-118
391,1.51,0.5157053795390639,189.359196600226,0.020392686837020946,-0.0007978944026159474,1.0012864707791034,3.540378866368287e-113
391,1.52,0.5313952597646564,183.22445343201935,0.020634071967398138,-0.001597387983910661,1.0012922641634392,4.348218181442605e-108
391,1.53,0.5470541566592572,177.10182474623045,0.020892328960044837,-0.0024000928587944704,1.0013019719351375,3.714120632210077e-103
391,1.54,0.562666616782152,170.99735283817856,0.02116952389398785,-0.0032076472400479083,1.0013156732431068,2.2294579476381075e-98
391,1.55,0.5782172325201155,164.91706208463484,0.021468290664064416,-0.004021729052557111,1.001333480829839,9.497143917860998e-94
391,1.56,0.5936906572928622,158.8669529984909,0.021796056559688137,-0.0048440702546894,1.0013555430358616,2.8976366270650162e-89
391,1.57,0.6090716206982714,152.85299630697588,0.02215378628384429,-0.0056764721238463335,1.0013820464812972,6.387493059421729e-85
391,1.58,0.6243449435824274,146.88112705927088,0.022532811893311244,-0.006520821808911862,1.0014132195095762,1.0256947665641501e-80
391,1.59,0.6394955530196145,140.95723876933073,0.022938269806903944,-0.007379110486911473,1.0014493365053978,1.2091321165517668e-76
391,1.6,0.6545084971874736,135.0871775996978,0.023385318421747736,-0.00825345351372356,1.0014907232317816,1.0540909052906696e-72
391,1.61,0.669368960122646,129.2767365920454,0.023863296131218903,-0.00914611302895218,1.0015377633714608,6.842860002752545e-69
391,1.62,0.6840622763423392,123.53164995014538,0.024366251254112847,-0.010059523559963545,1.0015909065085706,3.3296281150244922e-65
391,1.63,0.6985739453173899,117.85758738090054,0.024882507256611397,-0.010996321281848092,1.0016506778506884,1.2219179445400727e-61
391,1.64,0.712889645782536,112.26014849902843,0.02546094026527851,-0.011959377729942931,1.001717690073685,3.401903680568235e-58
391,1.65,0.7269952498697734,106.74485730091861,0.026072662776692068,-0.012951838941122491,1.001792657778339,7.225121085693667e-55
391,1.66,0.7408768370508575,101.31715671311471,0.026724101189113725,-0.01397717122998152,1.0018764151868618,1.176772984481547e-51
391,1.67,0.7545207078751853,95.98240322080254,0.02740151550029607,-0.015039215102166187,1.0019699378910143,1.477151145993978e-48
391,1.68,0.7679133974894982,90.74586158160622,0.028174481496353487,-0.016142249191246835,1.0020743697077226,1.435779168344355e-45
391,1.69,0.7810416889260654,85.61269962990843,0.028983325441955365,-0.01729106660602467,1.002191056026215,1.0854710133920627e-42
391,1.7,0.7938926261462365,80.58798317682154,0.029847257209625944,-0.018491066736701322,1.0023215854758776,6.409901295363468e-40
391,1.71,0.8064535268264881,75.67667101084317,0.03077629482463229,-0.019748366441872913,1.0024678423545197,2.9684114844457077e-37
391,1.72,0.8187119948743445,70.88361000413128,0.03176497125135325,-0.021069935714380195,1.00263207310319,1.0821336914998043e-34
391,1.73,0.830655932661826,66.21353032922602,0.03281794113411979,-0.022463764511173545,1.0028169713016424,3.116577586696481e-32
391,1.74,0.8422735529643444,61.671040790941355,0.03403548922663463,-0.023939069611524352,1.0030257873474033,7.115201741115528e-30
391,1.75,0.8535533905932737,57.26062427802997,0.03526025208877648,-0.025506553380664976,1.0032624714163674,1.2918155565388245e-27
391,1.76,0.8644843137107057,52.986633339114086,0.036663917314626315,-0.027178730554901397,1.0035318618677622,1.8708237002190266e-25
391,1.77,0.8750555348152297,48.85328588724519,0.03819772247927983,-0.02897034519958102,1.0038399365640056,2.1673342671021272e-23
391,1.78,0.8852566213878946,44.8646610373332,0.03985387659191375,-0.03089890873141834,1.004194152626348,2.013960120982699e-21
391,1.79,0.8950775061878451,41.02469508055257,0.041643261131938836,-0.03298540277962119,1.004603912612386,1.5049133314764102e-19
391,1.8,0.9045084971874736,37.33717759969782,0.043621645865095204,-0.03525521002133128,1.005081214855081,9.064556831869582e-18
391,1.81,0.9135402871372809,33.80574772932319,0.04592791693201104,-0.03773936588411528,1.0056415778407166,4.4109533071421096e-16
391,1.82,0.9221639627510075,30.43389056435605,0.048354000205610315,-0.04047627090702465,1.0063053823971992,1.737741808377411e-14
391,1.83,0.9303710135019718,27.224933720729016,0.051037715145952456,-0.04351407964983558,1.007099869114181,5.55345052608218e-13
391,1.84,0.9381533400219317,24.18204405142469,0.05420212456618323,-0.04691410983025234,1.0080621983316096,1.4423384211451355e-11
391,1.85,0.9455032620941839,21.308224521174097,0.05771133778945542,-0.0507558391613572,1.009244306257284,3.0496172514082846e-10
391,1.86,0.9524135262330098,18.606311242893174,0.062026173319661315,-0.05514447185089199,1.0107209740398453,5.257652387546912e-09
391,1.87,0.9588773128419907,16.078970678781623,0.06670032828680139,-0.06022289509547751,1.0126041984032903,7.402014393768968e-08
391,1.88,0.9648882429441256,13.728697008846906,0.07242627911021465,-0.0661918243925812,1.015072112628363,8.521434504781584e-07
391,1.89,0.9704403844771127,11.557809669448945,0.0789239079471813,-0.07334771324241879,1.0184396485519935,8.032019187512805e-06
391,1.9,0.9755282581475766,9.56845106429755,0.08692277674136362,-0.08216736834006799,1.0233647320163317,6.205588375238159e-05
391,1.91,0.9801468428384714,7.762584450157674,0.09705638845070008,-0.0935290632048972,1.0314560535339334,0.00039340314631000845
391,1.92,0.9842915805643154,6.141991999352668,0.10894211714233276,-0.1093006184220052,1.0467114044310624,0.0020483028472566287
391,1.93,0.9879583809693735,4.708273040974963,0.12596754370844354,-0.13365228307712274,1.0773566544426676,0.008766213702086705
391,1.94,0.9911436253643443,3.462842482541377,0.1462965334371833,-0.17493696391304903,1.1337352508828986,0.03086082373334192
391,1.95,0.9938441702975689,2.406929413650566,0.17599225432959353,-0.24557376762344657,1.2138662282674424,0.08942381176582226
391,1.96,0.9960573506572389,1.5415758930195969,0.2294568249848904,-0.3534375659533832,1.2793862974404502,0.21339233676067412
391,1.97,0.9977809823015399,0.8676359200979041,0.38835159654923196,-0.47917401086105416,1.2487450960027733,0.419538493735315
391,1.98,0.9990133642141359,0.3857745922728668,0.5727533810077596,-0.5489020524960426,1.031483310525665,0.6797942996752728
2635,0.02,0.9990133642141359,2.5997852957519285,0.17254673646662255,-0.23049338328071564,1.1979191081350922,0.07419424736647763
2635,0.03,0.9977809823015401,5.847111635441812,0.11260412641184897,-0.11538747405493179,1.0517256231753913,0.0028695252796465402
2635,0.04,0.9960573506572389,10.388881018175544,0.0829772283158105,-0.08094105602453591,1.0212521015336136,3.014730982187329e-05
2635,0.05,0.9938441702975689,16.220611265905987,0.06633608947198383,-0.06332589568845755,1.0126474909339827,8.584325962430289e-08
2635,0.06,0.9911436253643443,23.336547164952755,0.055149145152039114,-0.05208519413097099,1.0085155588037396,6.60572063995283e-11
2635,0.07,0.9879583809693737,31.729666145700254,0.04740472890153963,-0.04420918181741956,1.0061494353121674,1.3688066317229838e-14
2635,0.08,0.9842915805643156,41.39168521302827,0.04139888833360844,-0.03835535900799186,1.004658161232849,7.605619863020822e-19
2635,0.09,0.9801468428384714,52.3130691206278,0.03679482485857677,-0.03381837519609539,1.0036546584631738,1.1276335211469247e-23
2635,0.1,0.9755282581475768,64.48303978113508,0.03316619249841318,-0.030189060715829687,1.002945956074092,4.4362461241158134e-29
2635,0.11,0.9704403844771127,77.8895869028081,0.030185345608736758,-0.027212768468173967,1.0024264016081077,4.6020286329936906e-35
2635,0.12,0.9648882429441258,92.51947984222856,0.027682166303787392,-0.024722352154949608,1.0020339790196107,1.250067553982359e-41
2635,0.13,0.9588773128419905,108.358280661355,0.02556623007412595,-0.022603394250787688,1.0017302551261564,8.823056527187833e-49
2635,0.14,0.9524135262330098,125.39035837601921,0.023768895944768276,-0.02077485478163245,1.0014903466616671,1.6044881325688712e-56
2635,0.15,0.9455032620941839,143.59890438182543,0.022218919825840733,-0.01917768577054376,1.001297550692938,7.448831189222141e-65
2635,0.16,0.9381533400219317,162.96594904220987,0.020856619226500894,-0.01776782091175226,1.0011403095081024,8.740567687981567e-74
2635,0.17,0.9303710135019718,183.47237942230424,0.019656055190070243,-0.01651169226260296,1.0010104154656996,2.564548380826015e-83
2635,0.18,0.9221639627510075,205.09795815109513,0.018591190576283667,-0.015383269164448238,1.0009019077277503,1.8597981649018882e-93
2635,0.19,0.9135402871372809,227.82134339326493,0.017646400964736075,-0.014362047538457007,1.0008103715246577,3.292314875820616e-104
2635,0.2,0.9045084971874736,251.62010991100703,0.016794135484485717,-0.013431651134991661,1.0007324801762354,1.403898216191401e-115
2635,0.21,0.8950775061878451,276.4707711950282,0.016024055328698383,-0.012578837587596274,1.000665688163228,1.4216569756177985e-127
2635,0.22,0.8852566213878946,302.3488026428977,0.015325849204140651,-0.011792778673831677,1.0006080208079682,3.3674357570499935e-140
2635,0.23,0.8750555348152297,329.22866576186976,0.014690164173008946,-0.011064530278713802,1.000557927270097,1.835897540460059e-153
2635,0.24,0.8644843137107059,357.08383337229,0.014112244633791127,-0.010386636092246526,1.0005141759518243,2.264665568063159e-167
2635,0.25,0.8535533905932737,385.88681578672373,0.013583627065714088,-0.009752827206859573,1.0004757788721401,6.206875059292835e-182
2635,0.26,0.8422735529643444,415.60918793895263,0.013096497057972112,-0.009157791541958579,1.0004419361833554,3.707556482919156e-197
2635,0.27,0.830655932661826,446.2216174360884,0.012644398219196051,-0.008596994830549303,1.0004119949204038,4.72918319833241e-213
2635,0.28,0.8187119948743448,477.6938935061016,0.012231355181834713,-0.008066540166608531,1.0003854179565517,1.2606333727595472e-229
2635,0.29,0.8064535268264883,509.9949568122033,0.011845024169674145,-0.0075630567323903795,1.0003617603779689,6.863971597783934e-247
2635,0.3,0.7938926261462367,543.0929301046664,0.011487213610897717,-0.007083610840178362,1.0003406513184943,7.451763167937365e-265
2635,0.31,0.7810416889260654,576.9551496798176,0.011156882952794267,-0.006625634216795726,1.0003217798598507,1.572380466964903e-283
2635,0.32,0.7679133974894983,611.5481976151721,0.01084965234986568,-0.006186865720682831,1.000304883991292,6.277180017505408e-303
2635,0.33,0.7545207078751855,646.837934748886,0.010561279360789655,-0.00576530362481815,1.0002897418949372,4.4e-323
2635,0.34,0.7408768370508576,682.7895343709902,0.010293086647364391,-0.005359166268799527,1.000276165015534,0.0
2635,0.35,0.7269952498697735,719.3675165931469,0.010042758266689045,-0.0049668593868940555,1.0002639925116112,0.0
2635,0.36,0.7128896457825363,756.5357833630168,0.009808703421979537,-0.0045869487981635105,1.0002530867849393,0.0
2635,0.37,0.6985739453173904,794.2576540886764,0.0095892012121091,-0.004218137431393369,1.000243329858536,0.0
2635,0.38,0.684062276342339,832.4959018379368,0.009384701995868161,-0.0038592458664682304,1.0002346204274992,0.0
2635,0.39,0.6693689601226458,871.2127900768284,0.00919251122585163,-0.0035091957481696782,1.0002268714474976,0.0
2635,0.4,0.6545084971874737,910.3701099110067,0.009013543006426372,-0.003166995550935812,1.0002200081559887,0.0
2635,0.41,0.6394955530196147,949.9292177933153,0.008844198210488152,-0.0028317282775848075,1.0002139664444716,0.0
2635,0.42,0.6243449435824274,989.8510736603038,0.008687814566717189,-0.0025025407475306673,1.0002086915176378,0.0
2635,0.43,0.6090716206982714,1030.096279460055,0.008542005324631508,-0.0021786341949767865,1.0002041367890522,0.0
2635,0.44,0.5936906572928623,1070.625118033308,0.008405676739610846,-0.001859255948237301,1.000200262973494,0.0
2635,0.45,0.5782172325201155,1111.3975923094956,0.0082788505585214,-0.0015436919908115398,1.00019703734458,0.0
2635,0.46,0.5626666167821522,1152.3734647790288,0.008160671652848617,-0.0012312602442057614,1.0001944331328254,0.0
2635,0.47,0.5470541566592573,1193.512297202857,0.00805095491254948,-0.0009213044315766897,1.0001924290446969,0.0
2635,0.48,0.5313952597646567,1234.7734905201296,0.007948728776749847,-0.0006131884011381725,1.000191008887531,0.0
2635,0.49,0.5157053795390643,1276.1163249145657,0.007856587418899441,-0.00030629079927139134,1.0001901612888116,0.0
2635,0.5,0.5000000000000001,1317.4999999999998,0.0077712753590580275,-2.279609881787543e-14,1.0001898795013855,0.0
2635,0.51,0.48429462046093585,1276.116324914566,0.007856587418903438,0.00030629079920300306,1.000190161288814,0.0
2635,0.52,0.4686047402353432,1234.7734905201294,0.007948728776746905,0.0006131884011495705,1.0001910088875305,0.0
2635,0.53,0.4529458433407428,1193.5122972028573,0.00805095491255825,0.0009213044309042047,1.000192429044694,0.0
2635,0.54,0.4373333832178478,1152.373464779029,0.008160671652847507,0.00123126024392081,1.0001944331328265,0.0
2635,0.55,0.4217827674798844,1111.3975923094954,0.008278850558522455,0.001543691990594977,1.00019703734458,0.0
2635,0.56,0.4063093427071376,1070.6251180333074,0.008405676739615009,0.001859255948248699,1.000200262973494,0.0
2635,0.57,0.39092837930172875,1030.0962794600553,0.008542005324627067,0.0021786341949653885,1.0002041367890468,0.0
2635,0.58,0.37565505641757274,989.8510736603042,0.008687814566722851,0.002502540747348299,1.0002086915176387,0.0
2635,0.59,0.3605044469803855,949.9292177933157,0.008844198210491427,0.002831728277710186,1.0002139664444711,0.0
2635,0.6,0.3454915028125263,910.3701099110067,0.009013543006425206,0.003166995551163773,1.000220008155988,0.0
2635,0.61,0.3306310398773543,871.2127900768286,0.009192511225849354,0.0035091957482152707,1.000226871447497,0.0
2635,0.62,0.315937723657661,832.4959018379367,0.009384701995869549,0.0038592458667075892,1.0002346204274981,0.0
2635,0.63,0.30142605468260975,794.2576540886766,0.009589201212101828,0.004218137431381971,1.0002433298585367,0.0
2635,0.64,0.2871103542174636,756.5357833630167,0.009808703421977594,0.004586948797775977,1.0002530867849422,0.0
2635,0.65,0.2730047501302266,719.3675165931471,0.010042758266690432,0.004966859386871259,1.0002639925116115,0.0
2635,0.66,0.2591231629491423,682.7895343709899,0.01029308664737194,0.005359166268913508,1.0002761650155336,0.0
2635,0.67,0.24547929212481437,646.8379347488859,0.010561279360793652,0.005765303624624383,1.000289741894935,4.4e-323
2635,0.68,0.2320866025105016,611.5481976151717,0.010849652349868677,0.006186865720557453,1.0003048839912934,6.277180017507769e-303
2635,0.69,0.21895831107393482,576.9551496798183,0.011156882952798264,0.006625634216841318,1.0003217798598503,1.5723804669637871e-283
2635,0.7,0.20610737385376346,543.0929301046667,0.011487213610900993,0.0070836108399845955,1.000340651318494,7.451763167932094e-265
2635,0.71,0.19354647317351184,509.9949568122037,0.011845024169671814,0.007563056730241847,1.0003617603779686,6.863971597780096e-247
2635,0.72,0.18128800512565516,477.69389350610135,0.01223135518183971,0.008066540166523046,1.000385417956552,1.2606333727598343e-229
2635,0.73,0.16934406733817414,446.2216174360889,0.012644398219204822,0.008596994830532206,1.0004119949204036,4.72918319832996e-213
2635,0.74,0.15772644703565564,415.60918793895263,0.013096497057974443,0.009157791541964277,1.0004419361833556,3.707556482919245e-197
2635,0.75,0.1464466094067263,385.8868157867238,0.013583627065717807,0.009752827206557525,1.0004757788721388,6.206875059291982e-182
2635,0.76,0.13551568628929433,357.0838333722906,0.01411224463378491,0.010386636092468787,1.0005141759518215,2.2646655680617648e-167
2635,0.77,0.12494446518477025,329.2286657618696,0.01469016417300012,0.011064530278679608,1.0005579272700968,1.8358975404604533e-153
2635,0.78,0.11474337861210546,302.34880264289785,0.015325849204129494,0.011792778673831677,1.0006080208079664,3.3674357570490846e-140
2635,0.79,0.10492249381215481,276.4707711950279,0.01602405532871104,0.012578837587345517,1.000665688163227,1.421656975618045e-127
2635,0.8,0.0954915028125263,251.6201099110068,0.016794135484480166,0.013431651135065748,1.0007324801762383,1.4038982161917556e-115
2635,0.81,0.08645971286271904,227.82134339326467,0.017646400964733355,0.014362047538474105,1.000810371524658,3.292314875821581e-104
2635,0.82,0.0778360372489926,205.0979581510955,0.01859119057628822,0.015383269164465335,1.000901907727748,1.8597981649011335e-93
2635,0.83,0.06962898649802822,183.47237942230436,0.019656055190075794,0.016511692262426294,1.0010104154657014,2.5645483808255994e-83
2635,0.84,0.06184665997806829,162.96594904220996,0.020856619226499507,0.01776782091184914,1.001140309508103,8.740567687980893e-74
2635,0.85,0.0544967379058161,143.59890438182543,0.0222189198258394,0.0191776857705979,1.001297550692939,7.448831189222231e-65
2635,0.86,0.0475864737669903,125.39035837601945,0.023768895944776103,0.020774854781780625,1.0014903466616658,1.604488132568451e-56
2635,0.87,0.04112268715800943,108.35828066135485,0.02556623007412928,0.02260339425075634,1.0017302551261564,8.823056527189222e-49
2635,0.88,0.03511175705587434,92.51947984222889,0.02768216630378778,0.024722352155029395,1.002033979019612,1.250067553981947e-41
2635,0.89,0.029559615522887255,77.88958690280792,0.030185345608716996,0.027212768468193912,1.0024264016081035,4.602028632994602e-35
2635,0.9,0.02447174185242323,64.48303978113522,0.03316619249842717,0.03018906071516575,1.0029459560740914,4.4362461241152075e-29
2635,0.91,0.019853157161528443,52.313069120627446,0.036794824858594644,0.033818375196172326,1.0036546584631805,1.1276335211473492e-23
2635,0.92,0.015708419435684445,41.39168521302851,0.041398888333613715,0.03835535900790068,1.004658161232842,7.605619863018942e-19
2635,0.93,0.012041619030626274,31.729666145700232,0.04740472890155489,0.044209181817549216,1.0061494353121665,1.3688066317230129e-14
2635,0.94,0.008856374635655695,23.336547164952755,0.05514914515202929,0.05208519413071596,1.0085155588037513,6.605720639952836e-11
2635,0.95,0.006155829702431145,16.22061126590607,0.06633608947201508,0.06332589568833644,1.0126474909339862,8.584325962429594e-08
2635,0.96,0.003942649342761104,10.388881018175509,0.08297722831583815,0.08094105602464562,1.0212521015336111,3.014730982187433e-05
2635,0.97,0.0022190176984599953,5.847111635442087,0.11260412641186668,0.11538747405499732,1.0517256231753502,0.002869525279645747
2635,0.98,0.0009866357858642255,2.599785295752234,0.17254673646654511,0.23049338328056923,1.1979191081350224,0.07419424736645493
2635,0.99,0.0002467198171342206,0.6501067181486713,0.4685379409737572,0.5208979672745715,1.1870327858749974,0.5219482006747391
2635,1.0,3.749399456654644e-33,9.879667568284988e-30,0.5,-9.118439527150171e-13,9.11865624844706e-13,0.9999999999999943
2635,1.01,0.0002467198171342168,0.6501067181486613,0.4685379409737601,0.5208979672745259,1.1870327858749934,0.5219482006747442
2635,1.02,0.0009866357858642181,2.599785295752215,0.17254673646654167,0.23049338328056923,1.197919108135024,0.07419424736645637
2635,1.03,0.0022190176984599836,5.847111635442057,0.11260412641186335,0.11538747405499732,1.0517256231753507,0.0028695252796458364
2635,1.04,0.003942649342761088,10.388881018175468,0.08297722831583454,0.08094105602466842,1.0212521015336113,3.0147309821875577e-05
2635,1.05,0.006155829702431126,16.22061126590602,0.0663360894720113,0.06332589568838204,1.0126474909339866,8.584325962430016e-08
2635,1.06,0.00885637463565567,23.33654716495269,0.05514914515202535,0.052085194130738754,1.0085155588037515,6.605720639953275e-11
2635,1.07,0.012041619030626295,31.729666145700286,0.047404728901551896,0.04420918181743523,1.0061494353121658,1.3688066317229376e-14
2635,1.08,0.015708419435684472,41.39168521302859,0.04139888833361721,0.03835535900815143,1.0046581612328431,7.605619863018389e-19
2635,1.09,0.019853157161528474,52.31306912062753,0.036794824858599195,0.033818375196172326,1.0036546584631805,1.127633521147243e-23
2635,1.1,0.024471741852423266,64.4830397811353,0.033166192498423785,0.030189060715325323,1.0029459560740912,4.436246124114855e-29
2635,1.11,0.029559615522887286,77.889586902808,0.030185345608712222,0.027212768468262302,1.0024264016081037,4.6020286329942054e-35
2635,1.12,0.03511175705587437,92.51947984222896,0.027682166303794775,0.02472235215486982,1.002033979019612,1.250067553981857e-41
2635,1.13,0.0411226871580093,108.3582806613545,0.025566230074132446,0.022603394250687955,1.0017302551261555,8.823056527192383e-49
2635,1.14,0.04758647376699014,125.39035837601902,0.02376889594477527,0.020774854781552665,1.001490346661665,1.604488132569162e-56
2635,1.15,0.05449673790581593,143.59890438182498,0.02221891982583679,0.019177685770483923,1.001297550692938,7.448831189225641e-65
2635,1.16,0.061846659978068125,162.9659490422095,0.020856619226503836,0.017767820911757957,1.0011403095081037,8.740567687984396e-74
2635,1.17,0.06962898649802805,183.47237942230393,0.01965605519008018,0.016511692262517478,1.0010104154657014,2.5645483808269176e-83
2635,1.18,0.0778360372489924,205.09795815109499,0.018591190576283223,0.015383269164396947,1.0009019077277477,1.859798164902248e-93
2635,1.19,0.08645971286271899,227.82134339326453,0.01764640096472736,0.014362047538542493,1.000810371524658,3.292314875822145e-104
2635,1.2,0.09549150281252623,251.62010991100664,0.016794135484482053,0.013431651135248118,1.000732480176238,1.4038982161919959e-115
2635,1.21,0.10492249381215474,276.47077119502774,0.016024055328710374,0.012578837587824234,1.0006656881632283,1.4216569756184498e-127
2635,1.22,0.11474337861210537,302.3488026428977,0.015325849204124053,0.011792778674264802,1.0006080208079657,3.3674357570498523e-140
2635,1.23,0.12494446518477016,329.22866576186937,0.014690164172996234,0.011064530278793588,1.0005579272700975,1.835897540460976e-153
2635,1.24,0.13551568628929425,357.08383337229037,0.014112244633790572,0.010386636091967274,1.0005141759518257,2.2646655680621515e-167
2635,1.25,0.1464466094067262,385.88681578672356,0.013583627065717252,0.009752827206739895,1.00047577887214,6.206875059293397e-182
2635,1.26,0.15772644703565553,415.6091879389523,0.013096497057985546,0.009157791541850297,1.000441936183358,3.7075564829207227e-197
2635,1.27,0.16934406733817406,446.22161743608865,0.012644398219199826,0.008596994830646186,1.0004119949204038,4.729183198330767e-213
2635,1.28,0.1812880051256552,477.69389350610146,0.012231355181835601,0.008066540166705414,1.000385417956553,1.2606333727596911e-229
2635,1.29,0.19354647317351176,509.9949568122035,0.011845024169680585,0.007563056730743361,1.00036176037797,6.86397159778322e-247
2635,1.3,0.2061073738537634,543.0929301046666,0.011487213610902658,0.007083610840121372,1.000340651318495,7.451763167932095e-265
2635,1.31,0.21895831107393457,576.9551496798176,0.01115688295280004,0.006625634217320037,1.000321779859852,1.5723804669649643e-283
2635,1.32,0.23208660251050184,611.5481976151724,0.010849652349874062,0.006186865720603045,1.0003048839912927,6.277180017502988e-303
2635,1.33,0.24547929212481442,646.837934748886,0.010561279360799536,0.005765303624920732,1.0002897418949355,4.4e-323
2635,1.34,0.2591231629491424,682.7895343709902,0.010293086647377603,0.005359166268890712,1.0002761650155332,0.0
2635,1.35,0.2730047501302265,719.3675165931469,0.010042758266687435,0.004966859386415337,1.0002639925116112,0.0
2635,1.36,0.28711035421746395,756.5357833630175,0.009808703421978426,0.0045869487981179185,1.0002530867849413,0.0
2635,1.37,0.30142605468260986,794.257654088677,0.00958920121210205,0.004218137431507349,1.0002433298585356,0.0
2635,1.38,0.31593772365766076,832.4959018379361,0.00938470199587177,0.0038592458658983277,1.0002346204274994,0.0
2635,1.39,0.3306310398773539,871.2127900768276,0.009192511225847133,0.003509195748329251,1.0002268714474971,0.0
2635,1.4,0.34549150281252616,910.3701099110065,0.009013543006421931,0.0031669955510611907,1.0002200081559884,0.0
2635,1.41,0.3605044469803852,949.929217793315,0.008844198210493648,0.002831728277664594,1.00021396644447,0.0
2635,1.42,0.3756550564175723,989.851073660303,0.00868781456672807,0.0025025407473255024,1.0002086915176394,0.0
2635,1.43,0.39092837930172836,1030.0962794600541,0.008542005324633506,0.0021786341947944176,1.0002041367890553,0.0
2635,1.44,0.40630934270713776,1070.625118033308,0.008405676739613233,0.001859255948054932,1.0002002629734947,0.0
2635,1.45,0.4217827674798844,1111.3975923094954,0.008278850558522455,0.001543691990594977,1.00019703734458,0.0
2635,1.46,0.43733338321784765,1152.3734647790286,0.008160671652848506,0.0012312602439891985,1.000194433132827,0.0
2635,1.47,0.4529458433407425,1193.5122972028564,0.00805095491255381,0.000921304431428515,1.0001924290446988,0.0
2635,1.48,0.4686047402353434,1234.7734905201298,0.007948728776749792,0.0006131884011039783,1.0001910088875303,0.0
2635,1.49,0.48429462046093585,1276.116324914566,0.007856587418903438,0.00030629079920300306,1.000190161288814,0.0
2635,1.5,0.4999999999999999,1317.4999999999998,0.007771275359055474,-3.4194148226813144e-14,1.0001898795013855,0.0
2635,1.51,0.5157053795390639,1276.1163249145666,0.00785658741889822,-0.00030629079927139134,1.000190161288813,0.0
2635,1.52,0.5313952597646564,1234.7734905201303,0.007948728776753067,-0.0006131884011609686,1.0001910088875325,0.0
2635,1.53,0.5470541566592572,1193.5122972028573,0.00805095491254515,-0.0009213044314513112,1.0001924290446969,0.0
2635,1.54,0.562666616782152,1152.3734647790295,0.008160671652849949,-0.0012312602440575867,1.000194433132826,0.0
2635,1.55,0.5782172325201155,1111.3975923094956,0.0082788505585214,-0.0015436919908115398,1.00019703734458,0.0
2635,1.56,0.5936906572928622,1070.6251180333081,0.008405676739615453,-0.0018592559483170872,1.0002002629734938,0.0
2635,1.57,0.6090716206982714,1030.096279460055,0.008542005324631508,-0.0021786341949767865,1.0002041367890522,0.0
2635,1.58,0.6243449435824274,989.8510736603038,0.008687814566717189,-0.0025025407475306673,1.0002086915176378,0.0
2635,1.59,0.6394955530196145,949.9292177933158,0.008844198210490928,-0.0028317282777443804,1.0002139664444718,0.0
2635,1.6,0.6545084971874736,910.370109911007,0.00901354300642948,-0.0031669955510383947,1.0002200081559884,0.0
2635,1.61,0.669368960122646,871.2127900768278,0.009192511225850242,-0.0035091957482152707,1.0002268714474962,0.0
2635,1.62,0.6840622763423392,832.4959018379362,0.009384701995868439,-0.0038592458670039386,1.0002346204275003,0.0
2635,1.63,0.6985739453173899,794.2576540886776,0.009589201212099885,-0.004218137431381971,1.0002433298585367,0.0
2635,1.64,0.712889645782536,756.5357833630177,0.009808703421979648,-0.0045869487980951225,1.0002530867849393,0.0
2635,1.65,0.7269952498697734,719.3675165931471,0.010042758266696483,-0.004966859386677492,1.0002639925116115,0.0
2635,1.66,0.7408768370508575,682.7895343709905,0.010293086647369554,-0.005359166268753935,1.000276165015535,0.0
2635,1.67,0.7545207078751853,646.8379347488867,0.010561279360786824,-0.005765303624806752,1.0002897418949372,4.4e-323
2635,1.68,0.7679133974894982,611.5481976151724,0.01084965234986901,-0.006186865720705627,1.0003048839912918,6.277180017503017e-303
2635,1.69,0.7810416889260654,576.9551496798176,0.011156882952794267,-0.006625634216795726,1.0003217798598507,1.572380466964903e-283
2635,1.7,0.7938926261462365,543.092930104667,0.011487213610894775,-0.007083610840223954,1.000340651318494,7.451763167931873e-265
2635,1.71,0.8064535268264881,509.9949568122039,0.011845024169654772,-0.007563056732595544,1.0003617603779662,6.863971597778954e-247
2635,1.72,0.8187119948743445,477.69389350610214,0.012231355181833159,-0.008066540166625627,1.0003854179565506,1.2606333727586463e-229
2635,1.73,0.830655932661826,446.2216174360884,0.012644398219196051,-0.008596994830549303,1.0004119949204038,4.72918319833241e-213
2635,1.74,0.8422735529643444,415.60918793895263,0.013096497057972112,-0.009157791541958579,1.0004419361833554,3.707556482919156e-197
2635,1.75,0.8535533905932737,385.88681578672373,0.013583627065714088,-0.009752827206859573,1.0004757788721401,6.206875059292835e-182
2635,1.76,0.8644843137107057,357.0838333722906,0.014112244633784243,-0.01038663609216104,1.0005141759518208,2.2646655680616266e-167
2635,1.77,0.8750555348152297,329.22866576186976,0.014690164173008946,-0.011064530278713802,1.000557927270097,1.835897540460059e-153
2635,1.78,0.8852566213878946,302.3488026428977,0.015325849204140651,-0.011792778673831677,1.0006080208079682,3.3674357570499935e-140
2635,1.79,0.8950775061878451,276.4707711950282,0.016024055328698383,-0.012578837587596274,1.000665688163228,1.4216569756177985e-127
2635,1.8,0.9045084971874736,251.62010991100703,0.016794135484485717,-0.013431651134991661,1.0007324801762354,1.403898216191401e-115
2635,1.81,0.9135402871372809,227.82134339326493,0.017646400964736075,-0.014362047538457007,1.0008103715246577,3.292314875820616e-104
2635,1.82,0.9221639627510075,205.09795815109513,0.018591190576283667,-0.015383269164448238,1.0009019077277503,1.8597981649018882e-93
2635,1.83,0.9303710135019718,183.47237942230424,0.019656055190070243,-0.01651169226260296,1.0010104154656996,2.564548380826015e-83
2635,1.84,0.9381533400219317,162.96594904220987,0.020856619226500894,-0.01776782091175226,1.0011403095081024,8.740567687981567e-74
2635,1.85,0.9455032620941839,143.59890438182543,0.022218919825840733,-0.01917768577054376,1.001297550692938,7.448831189222141e-65
2635,1.86,0.9524135262330098,125.39035837601921,0.023768895944768276,-0.02077485478163245,1.0014903466616671,1.6044881325688712e-56
2635,1.87,0.9588773128419907,108.35828066135441,0.02556623007412434,-0.022603394250787688,1.0017302551261564,8.823056527193216e-49
2635,1.88,0.9648882429441256,92.51947984222915,0.027682166303785838,-0.024722352154923962,1.002033979019611,1.250067553981601e-41
2635,1.89,0.9704403844771127,77.8895869028081,0.030185345608736758,-0.027212768468173967,1.0024264016081077,4.6020286329936906e-35
2635,1.9,0.9755282581475766,64.48303978113566,0.03316619249841424,-0.030189060715732803,1.0029459560740956,4.4362461241131526e-29
2635,1.91,0.9801468428384714,52.3130691206278,0.03679482485857677,-0.03381837519609539,1.0036546584631738,1.1276335211469247e-23
2635,1.92,0.9842915805643154,41.39168521302885,0.041398888333607775,-0.03835535900800041,1.0046581612328482,7.605619863016301e-19
2635,1.93,0.9879583809693735,31.72966614570084,0.047404728901538684,-0.04420918181742668,1.0061494353121674,1.3688066317221732e-14
2635,1.94,0.9911436253643443,23.336547164952755,0.055149145152039114,-0.05208519413097099,1.0085155588037396,6.60572063995283e-11
2635,1.95,0.9938441702975689,16.220611265905987,0.06633608947198383,-0.06332589568845755,1.0126474909339827,8.584325962430289e-08
2635,1.96,0.9960573506572389,10.388881018175544,0.0829772283158105,-0.08094105602453591,1.0212521015336136,3.014730982187329e-05
2635,1.97,0.9977809823015399,5.847111635442397,0.11260412641184292,-0.11538747405492608,1.0517256231753815,0.0028695252796448576
2635,1.98,0.9990133642141359,2.5997852957519285,0.17254673646662255,-0.23049338328071564,1.1979191081350922,0.07419424736647763
