setting,scenario_id,algorithm,implementation_variant,budget,R,seed_test,budget_util_mean,budget_util_median,budget_util_p90,budget_util_max,budget_unused_mean,budget_violations,no_exploitation_budget,no_exploitation_budget_n,termination_reasons
"U(0.01,0.1), eps=1e-03",narrow_e3,brute,qmetrology.algorithms.find_phi_fixed_budget_brute_force,896,50000,2024,0.9877232142857142,0.9877232142857143,0.9877232142857143,0.9877232142857143,0.01227678571428581,0,0.0,50000,ok=50000
"U(0.01,0.1), eps=1e-03",narrow_e3,linear,qmetrology.algorithms.find_phi_fixed_budget_linear_search,896,50000,2024,0.9880780580357144,0.9888392857142857,0.9933035714285714,0.9988839285714286,0.011921941964285643,0,0.0,50000,detector_fired=49906;scan_exhausted=94
"U(0.01,0.1), eps=1e-03",narrow_e3,binary_deep,qmetrology.algorithms.find_phi_fixed_budget_binary_search_deep,896,50000,2024,0.98827828125,0.9888392857142857,0.9933035714285714,0.9977678571428571,0.011721718750000054,0,0.0,50000,ok=50000
"U(0.01,0.1), eps=1e-03",narrow_e3,reverse_eng_risk,qmetrology.algorithms.find_phi_fixed_budget_reverse_engineering_risk,896,50000,2024,0.9851272544642858,0.9888392857142857,0.9933035714285714,0.9977678571428571,0.01487274553571416,0,0.01224,50000,ok=49388;pilot_retries_exhausted_budget=612
"U(0.01,0.1), eps=1e-03",narrow_e3,brute,qmetrology.algorithms.find_phi_fixed_budget_brute_force,1270,50000,2024,0.9921259842519686,0.9921259842519685,0.9921259842519685,0.9921259842519685,0.007874015748031371,0,0.0,50000,ok=50000
"U(0.01,0.1), eps=1e-03",narrow_e3,linear,qmetrology.algorithms.find_phi_fixed_budget_linear_search,1270,50000,2024,0.9936264409448817,0.9952755905511811,0.9968503937007874,0.9984251968503937,0.006373559055118272,0,0.0,50000,detector_fired=49981;scan_exhausted=19
"U(0.01,0.1), eps=1e-03",narrow_e3,binary_deep,qmetrology.algorithms.find_phi_fixed_budget_binary_search_deep,1270,50000,2024,0.9911961732283464,0.9921259842519685,0.9968503937007874,0.9992125984251968,0.008803826771653589,0,0.0,50000,ok=50000
"U(0.01,0.1), eps=1e-03",narrow_e3,reverse_eng_risk,qmetrology.algorithms.find_phi_fixed_budget_reverse_engineering_risk,1270,50000,2024,0.992211968503937,0.9921259842519685,1.0,1.0,0.007788031496062997,0,0.00378,50000,ok=49811;pilot_retries_exhausted_budget=189
"U(0.01,0.1), eps=1e-03",narrow_e3,brute,qmetrology.algorithms.find_phi_fixed_budget_brute_force,1799,50000,2024,0.9922178988326847,0.9922178988326849,0.9922178988326849,0.9922178988326849,0.0077821011673152585,0,0.0,50000,ok=50000
"U(0.01,0.1), eps=1e-03",narrow_e3,linear,qmetrology.algorithms.find_phi_fixed_budget_linear_search,1799,50000,2024,0.9958614118954976,0.9983324068927182,0.9983324068927182,0.9994441356309061,0.004138588104502405,0,0.0,50000,detector_fired=49997;scan_exhausted=3
"U(0.01,0.1), eps=1e-03",narrow_e3,binary_deep,qmetrology.algorithms.find_phi_fixed_budget_binary_search_deep,1799,50000,2024,0.9903902834908282,0.9922178988326849,0.9961089494163424,0.9966648137854364,0.00960971650917175,0,0.0,50000,ok=50000
"U(0.01,0.1), eps=1e-03",narrow_e3,reverse_eng_risk,qmetrology.algorithms.find_phi_fixed_budget_reverse_engineering_risk,1799,50000,2024,0.9937689716509173,0.9938854919399667,0.9994441356309061,1.0,0.0062310283490827345,0,0.00154,50000,ok=49923;pilot_retries_exhausted_budget=77
"U(0.01,0.1), eps=1e-03",narrow_e3,brute,qmetrology.algorithms.find_phi_fixed_budget_brute_force,2548,50000,2024,0.9948979591836734,0.9948979591836735,0.9948979591836735,0.9948979591836735,0.005102040816326592,0,0.0,50000,ok=50000
"U(0.01,0.1), eps=1e-03",narrow_e3,linear,qmetrology.algorithms.find_phi_fixed_budget_linear_search,2548,50000,2024,0.9950796781789639,0.9956828885400314,0.9960753532182104,0.999607535321821,0.004920321821036078,0,0.0,50000,detector_fired=50000
"U(0.01,0.1), eps=1e-03",narrow_e3,binary_deep,qmetrology.algorithms.find_phi_fixed_budget_binary_search_deep,2548,50000,2024,0.9926572056514914,0.9937205651491365,0.9968602825745683,1.0,0.007342794348508597,0,0.0,50000,ok=50000
"U(0.01,0.1), eps=1e-03",narrow_e3,reverse_eng_risk,qmetrology.algorithms.find_phi_fixed_budget_reverse_engineering_risk,2548,50000,2024,0.9941261145996859,0.9948979591836735,0.999607535321821,1.0,0.005873885400314083,0,0.00052,50000,no_exploitation_shots=11;ok=49974;pilot_retries_exhausted_budget=15
"U(0.01,0.1), eps=1e-03",narrow_e3,brute,qmetrology.algorithms.find_phi_fixed_budget_brute_force,3610,50000,2024,0.997229916897507,0.997229916897507,0.997229916897507,0.997229916897507,0.0027700831024930483,0,0.0,50000,ok=50000
"U(0.01,0.1), eps=1e-03",narrow_e3,linear,qmetrology.algorithms.find_phi_fixed_budget_linear_search,3610,50000,2024,0.998485617728532,0.9988919667590028,0.9988919667590028,1.0,0.001514382271468051,0,0.0,50000,detector_fired=49994;scan_exhausted=6
"U(0.01,0.1), eps=1e-03",narrow_e3,binary_deep,qmetrology.algorithms.find_phi_fixed_budget_binary_search_deep,3610,50000,2024,0.9951092243767314,0.9958448753462604,0.9980609418282549,0.9994459833795014,0.004890775623268562,0,0.0,50000,ok=50000
"U(0.01,0.1), eps=1e-03",narrow_e3,reverse_eng_risk,qmetrology.algorithms.find_phi_fixed_budget_reverse_engineering_risk,3610,50000,2024,0.9970213462603879,0.997229916897507,0.9997229916897507,1.0,0.002978653739612147,0,8e-05,50000,no_exploitation_shots=1;ok=49996;pilot_retries_exhausted_budget=3
"U(0.01,0.1), eps=1e-03",narrow_e3,brute,qmetrology.algorithms.find_phi_fixed_budget_brute_force,5114,50000,2024,0.9972624168947986,0.9972624168947986,0.9972624168947986,0.9972624168947986,0.0027375831052014465,0,0.0,50000,ok=50000
"U(0.01,0.1), eps=1e-03",narrow_e3,linear,qmetrology.algorithms.find_phi_fixed_budget_linear_search,5114,50000,2024,0.9989951310129059,0.9996089166992569,0.9996089166992569,0.9996089166992569,0.0010048689870940652,0,0.0,50000,detector_fired=49964;scan_exhausted=36
"U(0.01,0.1), eps=1e-03",narrow_e3,binary_deep,qmetrology.algorithms.find_phi_fixed_budget_binary_search_deep,5114,50000,2024,0.9970532381697301,0.9972624168947986,0.9996089166992569,0.9996089166992569,0.002946761830269873,0,0.0,50000,ok=50000
"U(0.01,0.1), eps=1e-03",narrow_e3,reverse_eng_risk,qmetrology.algorithms.find_phi_fixed_budget_reverse_engineering_risk,5114,50000,2024,0.9974611576065704,0.9972624168947986,0.9996089166992569,1.0,0.002538842393429608,0,0.0,50000,ok=50000
"U(0.01,0.1), eps=1e-03",narrow_e3,brute,qmetrology.algorithms.find_phi_fixed_budget_brute_force,7244,50000,2024,0.9980673660960798,0.9980673660960795,0.9980673660960795,0.9980673660960795,0.0019326339039201779,0,0.0,50000,ok=50000
"U(0.01,0.1), eps=1e-03",narrow_e3,linear,qmetrology.algorithms.find_phi_fixed_budget_linear_search,7244,50000,2024,0.9986764798453892,0.999723909442297,0.999723909442297,1.0,0.001323520154610791,0,0.0,50000,detector_fired=49277;scan_exhausted=723
"U(0.01,0.1), eps=1e-03",narrow_e3,binary_deep,qmetrology.algorithms.find_phi_fixed_budget_binary_search_deep,7244,50000,2024,0.9979362313638875,0.9980673660960795,0.999723909442297,1.0,0.002063768636112462,0,0.0,50000,ok=50000
"U(0.01,0.1), eps=1e-03",narrow_e3,reverse_eng_risk,qmetrology.algorithms.find_phi_fixed_budget_reverse_engineering_risk,7244,50000,2024,0.997868550524572,0.9980673660960795,0.9988956377691883,1.0,0.0021314494754279822,0,0.0,50000,ok=50000
"U(0.01,0.1), eps=1e-03",narrow_e3,brute,qmetrology.algorithms.find_phi_fixed_budget_brute_force,10000,50000,2024,0.999,0.999,0.999,0.999,0.0010000000000000009,0,0.0,50000,ok=50000
"U(0.01,0.1), eps=1e-03",narrow_e3,linear,qmetrology.algorithms.find_phi_fixed_budget_linear_search,10000,50000,2024,0.999010374,0.999,0.9998,1.0,0.0009896259999999657,0,0.0,50000,detector_fired=49634;scan_exhausted=366
"U(0.01,0.1), eps=1e-03",narrow_e3,binary_deep,qmetrology.algorithms.find_phi_fixed_budget_binary_search_deep,10000,50000,2024,0.9984992360000001,0.999,0.9998,0.9999,0.0015007639999998768,0,0.0,50000,ok=50000
"U(0.01,0.1), eps=1e-03",narrow_e3,reverse_eng_risk,qmetrology.algorithms.find_phi_fixed_budget_reverse_engineering_risk,10000,50000,2024,0.9984275980000001,0.9988,0.9998,1.0,0.0015724019999998617,0,0.0,50000,ok=50000
"U(0.01,0.1), eps=1e-03",narrow_e3,brute,qmetrology.algorithms.find_phi_fixed_budget_brute_force,10262,50000,2024,0.9998051062171119,0.9998051062171117,0.9998051062171117,0.9998051062171117,0.00019489378288806147,0,0.0,50000,ok=50000
"U(0.01,0.1), eps=1e-03",narrow_e3,linear,qmetrology.algorithms.find_phi_fixed_budget_linear_search,10262,50000,2024,0.998850056519197,0.9991229779770026,0.9996102124342233,1.0,0.0011499434808029951,0,0.0,50000,detector_fired=49648;scan_exhausted=352
"U(0.01,0.1), eps=1e-03",narrow_e3,binary_deep,qmetrology.algorithms.find_phi_fixed_budget_binary_search_deep,10262,50000,2024,0.9983787117520951,0.9985382966283376,0.9998051062171117,1.0,0.0016212882479048618,0,0.0,50000,ok=50000
"U(0.01,0.1), eps=1e-03",narrow_e3,reverse_eng_risk,qmetrology.algorithms.find_phi_fixed_budget_reverse_engineering_risk,10262,50000,2024,0.9989669888910544,0.9991229779770026,0.9999025531085558,1.0,0.0010330111089456029,0,0.0,50000,ok=50000
"U(0.01,0.1), eps=1e-03",narrow_e3,brute,qmetrology.algorithms.find_phi_fixed_budget_brute_force,14538,50000,2024,0.9997936442426744,0.9997936442426744,0.9997936442426744,0.9997936442426744,0.00020635575732563805,0,0.0,50000,ok=50000
"U(0.01,0.1), eps=1e-03",narrow_e3,linear,qmetrology.algorithms.find_phi_fixed_budget_linear_search,14538,50000,2024,0.9995029591415602,0.9998624294951163,1.0,1.0,0.0004970408584398234,0,0.0,50000,detector_fired=49596;scan_exhausted=404
"U(0.01,0.1), eps=1e-03",narrow_e3,binary_deep,qmetrology.algorithms.find_phi_fixed_budget_binary_search_deep,14538,50000,2024,0.9989386669418076,0.9990370064658137,0.9997936442426744,0.9999312147475581,0.0010613330581924485,0,0.0,50000,ok=50000
"U(0.01,0.1), eps=1e-03",narrow_e3,reverse_eng_risk,qmetrology.algorithms.find_phi_fixed_budget_reverse_engineering_risk,14538,50000,2024,0.9989361714128491,0.9991057917182556,0.9999312147475581,1.0,0.0010638285871509279,0,0.0,50000,ok=50000
"U(0.01,0.1), eps=1e-03",narrow_e3,brute,qmetrology.algorithms.find_phi_fixed_budget_brute_force,20594,50000,2024,0.999320190346703,0.9993201903467029,0.9993201903467029,0.9993201903467029,0.0006798096532969478,0,0.0,50000,ok=50000
"U(0.01,0.1), eps=1e-03",narrow_e3,linear,qmetrology.algorithms.find_phi_fixed_budget_linear_search,20594,50000,2024,0.9992163970088376,0.9994658638438381,0.9998057686704865,1.0,0.0007836029911624243,0,0.0,50000,detector_fired=48633;scan_exhausted=1367
"U(0.01,0.1), eps=1e-03",narrow_e3,binary_deep,qmetrology.algorithms.find_phi_fixed_budget_binary_search_deep,20594,50000,2024,0.999214984947072,0.9993687481790813,0.9998543265028649,1.0,0.0007850150529280508,0,0.0,50000,ok=50000
"U(0.01,0.1), eps=1e-03",narrow_e3,reverse_eng_risk,qmetrology.algorithms.find_phi_fixed_budget_reverse_engineering_risk,20594,50000,2024,0.9992337321549967,0.9993201903467029,0.9997572108381082,1.0,0.0007662678450033322,0,0.0,50000,ok=50000
"U(0.01,0.1), eps=1e-03",narrow_e3,brute,qmetrology.algorithms.find_phi_fixed_budget_brute_force,29173,50000,2024,0.9995543824769478,0.9995543824769478,0.9995543824769478,0.9995543824769478,0.0004456175230521664,0,0.0,50000,ok=50000
"U(0.01,0.1), eps=1e-03",narrow_e3,linear,qmetrology.algorithms.find_phi_fixed_budget_linear_search,29173,50000,2024,0.9993865354951496,0.9995543824769478,0.9998628869159839,0.9998628869159839,0.0006134645048504472,0,0.0,50000,detector_fired=48821;scan_exhausted=1179
"U(0.01,0.1), eps=1e-03",narrow_e3,binary_deep,qmetrology.algorithms.find_phi_fixed_budget_binary_search_deep,29173,50000,2024,0.9993725787543277,0.9994515476639358,0.999931443457992,1.0,0.0006274212456722772,0,0.0,50000,ok=50000
"U(0.01,0.1), eps=1e-03",narrow_e3,reverse_eng_risk,qmetrology.algorithms.find_phi_fixed_budget_reverse_engineering_risk,29173,50000,2024,0.9994561526068626,0.9995543824769478,1.0,1.0,0.0005438473931373977,0,0.0,50000,ok=50000
"U(0.01,0.1), eps=1e-03",narrow_e3,brute,qmetrology.algorithms.find_phi_fixed_budget_brute_force,41326,50000,2024,0.9999758021584476,0.9999758021584475,0.9999758021584475,0.9999758021584475,2.4197841552386912e-05,0,0.0,50000,ok=50000
"U(0.01,0.1), eps=1e-03",narrow_e3,linear,qmetrology.algorithms.find_phi_fixed_budget_linear_search,41326,50000,2024,0.9997307336785558,0.9998064172675797,0.9999758021584475,1.0,0.0002692663214441948,0,0.0,50000,detector_fired=48754;scan_exhausted=1246
"U(0.01,0.1), eps=1e-03",narrow_e3,binary_deep,qmetrology.algorithms.find_phi_fixed_budget_binary_search_deep,41326,50000,2024,0.9996376140928228,0.9997338237429221,0.9999758021584475,0.9999758021584475,0.00036238590717718733,0,0.0,50000,ok=50000
"U(0.01,0.1), eps=1e-03",narrow_e3,reverse_eng_risk,qmetrology.algorithms.find_phi_fixed_budget_reverse_engineering_risk,41326,50000,2024,0.9996494753907951,0.9996854280598171,0.9999758021584475,0.9999758021584475,0.00035052460920492745,0,0.0,50000,ok=50000
"U(0.01,0.1), eps=1e-03",narrow_e3,brute,qmetrology.algorithms.find_phi_fixed_budget_brute_force,58543,50000,2024,0.9997779410006321,0.999777941000632,0.999777941000632,0.999777941000632,0.0002220589993678912,0,0.0,50000,ok=50000
"U(0.01,0.1), eps=1e-03",narrow_e3,linear,qmetrology.algorithms.find_phi_fixed_budget_linear_search,58543,50000,2024,0.9997916792784791,0.999777941000632,0.9999829185385102,0.9999829185385102,0.00020832072152088266,0,0.0,50000,detector_fired=49548;scan_exhausted=452
"U(0.01,0.1), eps=1e-03",narrow_e3,binary_deep,qmetrology.algorithms.find_phi_fixed_budget_binary_search_deep,58543,50000,2024,0.9997436216114652,0.999777941000632,0.9999316741540406,1.0,0.00025637838853476147,0,0.0,50000,ok=50000
"U(0.01,0.1), eps=1e-03",narrow_e3,reverse_eng_risk,qmetrology.algorithms.find_phi_fixed_budget_reverse_engineering_risk,58543,50000,2024,0.9997546791247459,0.999777941000632,0.9999487556155304,0.9999829185385102,0.00024532087525408475,0,0.0,50000,ok=50000
"U(0.01,0.1), eps=1e-03",narrow_e3,brute,qmetrology.algorithms.find_phi_fixed_budget_brute_force,82931,50000,2024,0.999867359612208,0.9998673596122077,0.9998673596122077,0.9998673596122077,0.0001326403877920379,0,0.0,50000,ok=50000
"U(0.01,0.1), eps=1e-03",narrow_e3,linear,qmetrology.algorithms.find_phi_fixed_budget_linear_search,82931,50000,2024,0.9998631860221148,0.9998673596122077,0.9999638253487839,0.9999638253487839,0.00013681397788523064,0,0.0,50000,detector_fired=49788;scan_exhausted=212
"U(0.01,0.1), eps=1e-03",narrow_e3,binary_deep,qmetrology.algorithms.find_phi_fixed_budget_binary_search_deep,82931,50000,2024,0.9997922935934693,0.9998673596122077,0.9999638253487839,0.999975883565856,0.00020770640653067218,0,0.0,50000,ok=50000
"U(0.01,0.1), eps=1e-03",narrow_e3,reverse_eng_risk,qmetrology.algorithms.find_phi_fixed_budget_reverse_engineering_risk,82931,50000,2024,0.9997881942819935,0.9998311849609917,0.9999517671317119,0.999975883565856,0.00021180571800649695,0,0.0,50000,ok=50000
"U(0.01,0.1), eps=1e-03",narrow_e3,brute,qmetrology.algorithms.find_phi_fixed_budget_brute_force,117479,50000,2024,0.9998808297653199,0.9998808297653198,0.9998808297653198,0.9998808297653198,0.00011917023468011045,0,0.0,50000,ok=50000
"U(0.01,0.1), eps=1e-03",narrow_e3,linear,qmetrology.algorithms.find_phi_fixed_budget_linear_search,117479,50000,2024,0.9999032862043428,0.9999063662441798,0.9999233905634198,0.99997446352114,9.671379565723282e-05,0,0.0,50000,detector_fired=49999;scan_exhausted=1
"U(0.01,0.1), eps=1e-03",narrow_e3,binary_deep,qmetrology.algorithms.find_phi_fixed_budget_binary_search_deep,117479,50000,2024,0.9998577876897148,0.9998978540845598,0.99998297568076,0.99999148784038,0.00014221231028521686,0,0.0,50000,ok=50000
"U(0.01,0.1), eps=1e-03",narrow_e3,reverse_eng_risk,qmetrology.algorithms.find_phi_fixed_budget_reverse_engineering_risk,117479,50000,2024,0.9998448825747581,0.9998723176056997,0.9999574392019,0.99998297568076,0.00015511742524187966,0,0.0,50000,ok=50000
"U(0.01,0.1), eps=1e-03",narrow_e3,brute,qmetrology.algorithms.find_phi_fixed_budget_brute_force,166419,50000,2024,0.9999459196365801,0.99994591963658,0.99994591963658,0.99994591963658,5.408036341991718e-05,0,0.0,50000,ok=50000
"U(0.01,0.1), eps=1e-03",narrow_e3,linear,qmetrology.algorithms.find_phi_fixed_budget_linear_search,166419,50000,2024,0.9999442520385293,0.999939910707311,0.9999699553536555,1.0,5.574796147067573e-05,0,0.0,50000,detector_fired=50000
"U(0.01,0.1), eps=1e-03",narrow_e3,binary_deep,qmetrology.algorithms.find_phi_fixed_budget_binary_search_deep,166419,50000,2024,0.999895376609642,0.9999278928487733,0.9999639464243867,1.0,0.00010462339035799406,0,0.0,50000,ok=50000
"U(0.01,0.1), eps=1e-03",narrow_e3,reverse_eng_risk,qmetrology.algorithms.find_phi_fixed_budget_reverse_engineering_risk,166419,50000,2024,0.9999371149928795,0.99994591963658,0.9999759642829245,1.0,6.28850071204834e-05,0,0.0,50000,ok=50000
"U(0.01,0.1), eps=1e-03",narrow_e3,brute,qmetrology.algorithms.find_phi_fixed_budget_brute_force,235746,50000,2024,0.9999745488788782,0.9999745488788782,0.9999745488788782,0.9999745488788782,2.5451121121844444e-05,0,0.0,50000,ok=50000
"U(0.01,0.1), eps=1e-03",narrow_e3,linear,qmetrology.algorithms.find_phi_fixed_budget_linear_search,235746,50000,2024,0.9999923621185512,1.0,1.0,1.0,7.637881448752104e-06,0,0.0,50000,detector_fired=50000
"U(0.01,0.1), eps=1e-03",narrow_e3,binary_deep,qmetrology.algorithms.find_phi_fixed_budget_binary_search_deep,235746,50000,2024,0.9999360553307375,0.9999490977577562,0.9999957581464797,1.0,6.394466926251674e-05,0,0.0,50000,ok=50000
"U(0.01,0.1), eps=1e-03",narrow_e3,reverse_eng_risk,qmetrology.algorithms.find_phi_fixed_budget_reverse_engineering_risk,235746,50000,2024,0.9999745488788782,0.9999745488788782,0.9999745488788782,0.9999745488788782,2.5451121121844444e-05,0,0.0,50000,ok=50000
"U(0.01,0.1), eps=1e-03",narrow_e3,brute,qmetrology.algorithms.find_phi_fixed_budget_brute_force,333954,50000,2024,0.9999730501805639,0.9999730501805638,0.9999730501805638,0.9999730501805638,2.6949819436072886e-05,0,0.0,50000,ok=50000
"U(0.01,0.1), eps=1e-03",narrow_e3,linear,qmetrology.algorithms.find_phi_fixed_budget_linear_search,333954,50000,2024,0.9999879549279245,0.9999970055756182,0.9999970055756182,0.9999970055756182,1.2045072075528296e-05,0,0.0,50000,detector_fired=50000
"U(0.01,0.1), eps=1e-03",narrow_e3,binary_deep,qmetrology.algorithms.find_phi_fixed_budget_binary_search_deep,333954,50000,2024,0.9999745039137127,0.9999880223024727,0.9999940111512364,1.0,2.549608628732436e-05,0,0.0,50000,ok=50000
"U(0.01,0.1), eps=1e-03",narrow_e3,reverse_eng_risk,qmetrology.algorithms.find_phi_fixed_budget_reverse_engineering_risk,333954,50000,2024,0.9999730501805639,0.9999730501805638,0.9999730501805638,0.9999730501805638,2.6949819436072886e-05,0,0.0,50000,ok=50000
"U(0.01,0.1), eps=1e-03",narrow_e3,brute,qmetrology.algorithms.find_phi_fixed_budget_brute_force,473075,50000,2024,0.999989430851345,0.999989430851345,0.999989430851345,0.999989430851345,1.0569148655048544e-05,0,0.0,50000,ok=50000
"U(0.01,0.1), eps=1e-03",narrow_e3,linear,qmetrology.algorithms.find_phi_fixed_budget_linear_search,473075,50000,2024,0.9999924298684142,0.9999957723405379,0.9999957723405379,1.0,7.570131585810103e-06,0,0.0,50000,detector_fired=50000
"U(0.01,0.1), eps=1e-03",narrow_e3,binary_deep,qmetrology.algorithms.find_phi_fixed_budget_binary_search_deep,473075,50000,2024,0.9999839827934259,0.999991544681076,1.0,1.0,1.6017206574070464e-05,0,0.0,50000,ok=50000
"U(0.01,0.1), eps=1e-03",narrow_e3,reverse_eng_risk,qmetrology.algorithms.find_phi_fixed_budget_reverse_engineering_risk,473075,50000,2024,0.999989430851345,0.999989430851345,0.999989430851345,0.999989430851345,1.0569148655048544e-05,0,0.0,50000,ok=50000
"U(0.01,0.1), eps=1e-03",narrow_e3,brute,qmetrology.algorithms.find_phi_fixed_budget_brute_force,670151,50000,2024,0.9999835857888741,0.9999835857888745,0.9999835857888745,0.9999835857888745,1.6414211125859168e-05,0,0.0,50000,ok=50000
"U(0.01,0.1), eps=1e-03",narrow_e3,linear,qmetrology.algorithms.find_phi_fixed_budget_linear_search,670151,50000,2024,0.9999956148091997,1.0,1.0,1.0,4.385190800260119e-06,0,0.0,50000,detector_fired=50000
"U(0.01,0.1), eps=1e-03",narrow_e3,binary_deep,qmetrology.algorithms.find_phi_fixed_budget_binary_search_deep,670151,50000,2024,0.9999900711929103,0.9999910467939315,0.9999985077989886,1.0,9.92880708972077e-06,0,0.0,50000,ok=50000
"U(0.01,0.1), eps=1e-03",narrow_e3,reverse_eng_risk,qmetrology.algorithms.find_phi_fixed_budget_reverse_engineering_risk,670151,50000,2024,0.9999835857888741,0.9999835857888745,0.9999835857888745,0.9999835857888745,1.6414211125859168e-05,0,0.0,50000,ok=50000
"U(0.01,0.1), eps=1e-03",narrow_e3,brute,qmetrology.algorithms.find_phi_fixed_budget_brute_force,949325,50000,2024,0.9999947330998341,0.9999947330998341,0.9999947330998341,0.9999947330998341,5.266900165890043e-06,0,0.0,50000,ok=50000
"U(0.01,0.1), eps=1e-03",narrow_e3,linear,qmetrology.algorithms.find_phi_fixed_budget_linear_search,949325,50000,2024,0.999997548089432,1.0,1.0,1.0,2.451910568024296e-06,0,0.0,50000,detector_fired=50000
"U(0.01,0.1), eps=1e-03",narrow_e3,binary_deep,qmetrology.algorithms.find_phi_fixed_budget_binary_search_deep,949325,50000,2024,0.9999902605535512,0.9999947330998341,0.9999947330998341,1.0,9.739446448775446e-06,0,0.0,50000,ok=50000
"U(0.01,0.1), eps=1e-03",narrow_e3,reverse_eng_risk,qmetrology.algorithms.find_phi_fixed_budget_reverse_engineering_risk,949325,50000,2024,0.9999947330998341,0.9999947330998341,0.9999947330998341,0.9999947330998341,5.266900165890043e-06,0,0.0,50000,ok=50000
"U(0.01,0.1), eps=1e-03",narrow_e3,brute,qmetrology.algorithms.find_phi_fixed_budget_brute_force,1344800,50000,2024,0.999996281975015,0.9999962819750149,0.9999962819750149,0.9999962819750149,3.718024984999957e-06,0,0.0,50000,ok=50000
"U(0.01,0.1), eps=1e-03",narrow_e3,linear,qmetrology.algorithms.find_phi_fixed_budget_linear_search,1344800,50000,2024,0.9999981374033315,0.999999256395003,0.999999256395003,1.0,1.862596668456007e-06,0,0.0,50000,detector_fired=50000
"U(0.01,0.1), eps=1e-03",narrow_e3,binary_deep,qmetrology.algorithms.find_phi_fixed_budget_binary_search_deep,1344800,50000,2024,0.9999929854402142,0.9999925639500298,0.9999933075550268,0.9999970255800119,7.014559785800678e-06,0,0.0,50000,ok=50000
"U(0.01,0.1), eps=1e-03",narrow_e3,reverse_eng_risk,qmetrology.algorithms.find_phi_fixed_budget_reverse_engineering_risk,1344800,50000,2024,0.9999972278108269,1.0,1.0,1.0,2.7721891731058435e-06,0,0.0,50000,ok=50000
"U(0.01,0.1), eps=1e-04",narrow_e4,brute,qmetrology.algorithms.find_phi_fixed_budget_brute_force,89653,50000,2024,0.9998549964864535,0.9998549964864534,0.9998549964864534,0.9998549964864534,0.00014500351354651553,0,0.0,50000,ok=50000
"U(0.01,0.1), eps=1e-04",narrow_e4,linear,qmetrology.algorithms.find_phi_fixed_budget_linear_search,89653,50000,2024,0.9998225917704928,0.99989961295216,0.99996653765072,1.0,0.00017740822950718105,0,0.0,50000,detector_fired=49308;scan_exhausted=692
"U(0.01,0.1), eps=1e-04",narrow_e4,binary_deep,qmetrology.algorithms.find_phi_fixed_budget_binary_search_deep,89653,50000,2024,0.9998338482817085,0.9998549964864534,0.99996653765072,1.0,0.00016615171829148512,0,0.0,50000,ok=50000
"U(0.01,0.1), eps=1e-04",narrow_e4,reverse_eng_risk,qmetrology.algorithms.find_phi_fixed_budget_reverse_engineering_risk,89653,50000,2024,0.9998173781133928,0.9998549964864534,0.9999888458835733,1.0,0.000182621886607226,0,0.0,50000,ok=50000
"U(0.01,0.1), eps=1e-04",narrow_e4,brute,qmetrology.algorithms.find_phi_fixed_budget_brute_force,127001,50000,2024,0.9999133865087677,0.9999133865087676,0.9999133865087676,0.9999133865087676,8.661349123229023e-05,0,0.0,50000,ok=50000
"U(0.01,0.1), eps=1e-04",narrow_e4,linear,qmetrology.algorithms.find_phi_fixed_budget_linear_search,127001,50000,2024,0.9998548046078378,0.9999291344162644,0.9999448823237612,1.0,0.00014519539216217847,0,0.0,50000,detector_fired=49308;scan_exhausted=692
"U(0.01,0.1), eps=1e-04",narrow_e4,binary_deep,qmetrology.algorithms.find_phi_fixed_budget_binary_search_deep,127001,50000,2024,0.9998606105463737,0.9999055125550192,0.999960630231258,1.0,0.00013938945362634847,0,0.0,50000,ok=50000
"U(0.01,0.1), eps=1e-04",narrow_e4,reverse_eng_risk,qmetrology.algorithms.find_phi_fixed_budget_reverse_engineering_risk,127001,50000,2024,0.9998743351627153,0.9998976386012709,0.9999921260462517,1.0,0.00012566483728471134,0,0.0,50000,ok=50000
"U(0.01,0.1), eps=1e-04",narrow_e4,brute,qmetrology.algorithms.find_phi_fixed_budget_brute_force,179908,50000,2024,0.9999277408453205,0.999927740845321,0.999927740845321,0.999927740845321,7.225915467945487e-05,0,0.0,50000,ok=50000
"U(0.01,0.1), eps=1e-04",narrow_e4,linear,qmetrology.algorithms.find_phi_fixed_budget_linear_search,179908,50000,2024,0.9999156467750182,0.9999388576383484,0.9999944416034863,0.9999944416034863,8.435322498179243e-05,0,0.0,50000,detector_fired=49706;scan_exhausted=294
"U(0.01,0.1), eps=1e-04",narrow_e4,binary_deep,qmetrology.algorithms.find_phi_fixed_budget_binary_search_deep,179908,50000,2024,0.9999112076172266,0.9999332992418347,0.9999888832069724,1.0,8.879238277337276e-05,0,0.0,50000,ok=50000
"U(0.01,0.1), eps=1e-04",narrow_e4,reverse_eng_risk,qmetrology.algorithms.find_phi_fixed_budget_reverse_engineering_risk,179908,50000,2024,0.9999162871022966,0.9999388576383484,0.9999944416034863,1.0,8.371289770336965e-05,0,0.0,50000,ok=50000
"U(0.01,0.1), eps=1e-04",narrow_e4,brute,qmetrology.algorithms.find_phi_fixed_budget_brute_force,254855,50000,2024,0.9999803810009613,0.9999803810009613,0.9999803810009613,0.9999803810009613,1.9618999038684137e-05,0,0.0,50000,ok=50000
"U(0.01,0.1), eps=1e-04",narrow_e4,linear,qmetrology.algorithms.find_phi_fixed_budget_linear_search,254855,50000,2024,0.999933958760864,0.9999646858017304,0.9999960762001923,1.0,6.604123913600546e-05,0,0.0,50000,detector_fired=49399;scan_exhausted=601
"U(0.01,0.1), eps=1e-04",narrow_e4,binary_deep,qmetrology.algorithms.find_phi_fixed_budget_binary_search_deep,254855,50000,2024,0.9999400494398776,0.9999686096015381,0.9999921524003845,1.0,5.9950560122423724e-05,0,0.0,50000,ok=50000
"U(0.01,0.1), eps=1e-04",narrow_e4,reverse_eng_risk,qmetrology.algorithms.find_phi_fixed_budget_reverse_engineering_risk,254855,50000,2024,0.9999323762139256,0.9999607620019226,0.9999921524003845,1.0,6.76237860743889e-05,0,0.0,50000,ok=50000
"U(0.01,0.1), eps=1e-04",narrow_e4,brute,qmetrology.algorithms.find_phi_fixed_budget_brute_force,361024,50000,2024,0.9999889204041833,0.9999889204041836,0.9999889204041836,0.9999889204041836,1.1079595816698706e-05,0,0.0,50000,ok=50000
"U(0.01,0.1), eps=1e-04",narrow_e4,linear,qmetrology.algorithms.find_phi_fixed_budget_linear_search,361024,50000,2024,0.9999543877969331,0.9999723010104591,1.0,1.0,4.5612203066869306e-05,0,0.0,50000,detector_fired=49636;scan_exhausted=364
"U(0.01,0.1), eps=1e-04",narrow_e4,binary_deep,qmetrology.algorithms.find_phi_fixed_budget_binary_search_deep,361024,50000,2024,0.9999575814904272,0.9999750709094132,0.9999944602020918,1.0,4.241850957276139e-05,0,0.0,50000,ok=50000
"U(0.01,0.1), eps=1e-04",narrow_e4,reverse_eng_risk,qmetrology.algorithms.find_phi_fixed_budget_reverse_engineering_risk,361024,50000,2024,0.9999534107427762,0.999966761212551,0.9999944602020918,0.9999972301010459,4.65892572237836e-05,0,0.0,50000,ok=50000
"U(0.01,0.1), eps=1e-04",narrow_e4,brute,qmetrology.algorithms.find_phi_fixed_budget_brute_force,511421,50000,2024,0.9999784913016867,0.9999784913016869,0.9999784913016869,0.9999784913016869,2.150869831329949e-05,0,0.0,50000,ok=50000
"U(0.01,0.1), eps=1e-04",narrow_e4,linear,qmetrology.algorithms.find_phi_fixed_budget_linear_search,511421,50000,2024,0.9999663113168994,0.9999784913016869,0.9999960893275794,1.0,3.36886831006078e-05,0,0.0,50000,detector_fired=49510;scan_exhausted=490
"U(0.01,0.1), eps=1e-04",narrow_e4,binary_deep,qmetrology.algorithms.find_phi_fixed_budget_binary_search_deep,511421,50000,2024,0.9999673335275635,0.9999804466378972,0.9999902233189486,1.0,3.2666472436493343e-05,0,0.0,50000,ok=50000
"U(0.01,0.1), eps=1e-04",narrow_e4,reverse_eng_risk,qmetrology.algorithms.find_phi_fixed_budget_reverse_engineering_risk,511421,50000,2024,0.9999654871035799,0.9999784913016869,0.9999960893275794,1.0,3.4512896420091366e-05,0,0.0,50000,ok=50000
"U(0.01,0.1), eps=1e-04",narrow_e4,brute,qmetrology.algorithms.find_phi_fixed_budget_brute_force,724471,50000,2024,0.9999986196824993,0.9999986196824994,0.9999986196824994,0.9999986196824994,1.380317500743189e-06,0,0.0,50000,ok=50000
"U(0.01,0.1), eps=1e-04",narrow_e4,linear,qmetrology.algorithms.find_phi_fixed_budget_linear_search,724471,50000,2024,0.9999772123107756,0.999984816507493,0.9999986196824994,1.0,2.2787689224368357e-05,0,0.0,50000,detector_fired=49551;scan_exhausted=449
"U(0.01,0.1), eps=1e-04",narrow_e4,binary_deep,qmetrology.algorithms.find_phi_fixed_budget_binary_search_deep,724471,50000,2024,0.999975397082837,0.9999806755549911,0.9999986196824994,1.0,2.4602917162996896e-05,0,0.0,50000,ok=50000
"U(0.01,0.1), eps=1e-04",narrow_e4,reverse_eng_risk,qmetrology.algorithms.find_phi_fixed_budget_reverse_engineering_risk,724471,50000,2024,0.9999780506052001,0.999984816507493,0.9999986196824994,1.0,2.1949394799936073e-05,0,0.0,50000,ok=50000
"U(0.01,0.1), eps=1e-04",narrow_e4,brute,qmetrology.algorithms.find_phi_fixed_budget_brute_force,1026274,50000,2024,0.9999961024054007,0.9999961024054005,0.9999961024054005,0.9999961024054005,3.897594599289178e-06,0,0.0,50000,ok=50000
"U(0.01,0.1), eps=1e-04",narrow_e4,linear,qmetrology.algorithms.find_phi_fixed_budget_linear_search,1026274,50000,2024,0.9999848875251638,0.9999902560135012,0.9999990256013501,1.0,1.51124748362097e-05,0,0.0,50000,detector_fired=49772;scan_exhausted=228
"U(0.01,0.1), eps=1e-04",narrow_e4,binary_deep,qmetrology.algorithms.find_phi_fixed_budget_binary_search_deep,1026274,50000,2024,0.9999834325141238,0.9999873328175517,0.9999990256013501,1.0,1.6567485876195498e-05,0,0.0,50000,ok=50000
"U(0.01,0.1), eps=1e-04",narrow_e4,reverse_eng_risk,qmetrology.algorithms.find_phi_fixed_budget_reverse_engineering_risk,1026274,50000,2024,0.9999821043892763,0.9999863584189018,0.9999961024054005,0.9999990256013501,1.7895610723739352e-05,0,0.0,50000,ok=50000
"U(0.01,0.1), eps=1e-04",narrow_e4,brute,qmetrology.algorithms.find_phi_fixed_budget_brute_force,1453804,50000,2024,0.9999972485974725,0.9999972485974725,0.9999972485974725,0.9999972485974725,2.7514025274788523e-06,0,0.0,50000,ok=50000
"U(0.01,0.1), eps=1e-04",narrow_e4,linear,qmetrology.algorithms.find_phi_fixed_budget_linear_search,1453804,50000,2024,0.9999872757538155,0.999990370091154,0.9999993121493681,1.0,1.2724246184481203e-05,0,0.0,50000,detector_fired=49600;scan_exhausted=400
"U(0.01,0.1), eps=1e-04",narrow_e4,binary_deep,qmetrology.algorithms.find_phi_fixed_budget_binary_search_deep,1453804,50000,2024,0.9999883189068128,0.9999917457924177,0.9999993121493681,1.0,1.1681093187165814e-05,0,0.0,50000,ok=50000
"U(0.01,0.1), eps=1e-04",narrow_e4,reverse_eng_risk,qmetrology.algorithms.find_phi_fixed_budget_reverse_engineering_risk,1453804,50000,2024,0.9999867635939921,0.999990370091154,0.9999986242987363,1.0,1.323640600792153e-05,0,0.0,50000,ok=50000
"U(0.01,0.1), eps=1e-04",narrow_e4,brute,qmetrology.algorithms.find_phi_fixed_budget_brute_force,2059436,50000,2024,0.9999946587318078,0.9999946587318082,0.9999946587318082,0.9999946587318082,5.341268192182724e-06,0,0.0,50000,ok=50000
"U(0.01,0.1), eps=1e-04",narrow_e4,linear,qmetrology.algorithms.find_phi_fixed_budget_linear_search,2059436,50000,2024,0.9999915733239584,0.9999946587318082,0.9999990288603288,1.0,8.426676041617398e-06,0,0.0,50000,detector_fired=49789;scan_exhausted=211
"U(0.01,0.1), eps=1e-04",narrow_e4,binary_deep,qmetrology.algorithms.find_phi_fixed_budget_binary_search_deep,2059436,50000,2024,0.9999913002880401,0.9999932020223012,0.9999990288603288,1.0,8.699711959936351e-06,0,0.0,50000,ok=50000
"U(0.01,0.1), eps=1e-04",narrow_e4,reverse_eng_risk,qmetrology.algorithms.find_phi_fixed_budget_reverse_engineering_risk,2059436,50000,2024,0.9999912398345955,0.9999946587318082,0.9999980577206575,0.9999995144301643,8.76016540451996e-06,0,0.0,50000,ok=50000
"U(0.01,0.1), eps=1e-04",narrow_e4,brute,qmetrology.algorithms.find_phi_fixed_budget_brute_force,2917365,50000,2024,1.0,1.0,1.0,1.0,0.0,0,0.0,50000,ok=50000
"U(0.01,0.1), eps=1e-04",narrow_e4,linear,qmetrology.algorithms.find_phi_fixed_budget_linear_search,2917365,50000,2024,0.99999491053742,0.9999969150243456,1.0,1.0,5.089462580043502e-06,0,0.0,50000,detector_fired=49814;scan_exhausted=186
"U(0.01,0.1), eps=1e-04",narrow_e4,binary_deep,qmetrology.algorithms.find_phi_fixed_budget_binary_search_deep,2917365,50000,2024,0.9999947987653243,0.9999965722492729,0.9999996572249273,1.0,5.201234675733524e-06,0,0.0,50000,ok=50000
"U(0.01,0.1), eps=1e-04",narrow_e4,reverse_eng_risk,qmetrology.algorithms.find_phi_fixed_budget_reverse_engineering_risk,2917365,50000,2024,0.9999947762587128,0.9999962294742002,1.0,1.0,5.223741287196937e-06,0,0.0,50000,ok=50000
"U(0.01,0.1), eps=1e-04",narrow_e4,brute,qmetrology.algorithms.find_phi_fixed_budget_brute_force,4132694,50000,2024,0.9999966123792371,0.9999966123792373,0.9999966123792373,0.9999966123792373,3.3876207629068844e-06,0,0.0,50000,ok=50000
"U(0.01,0.1), eps=1e-04",narrow_e4,linear,qmetrology.algorithms.find_phi_fixed_budget_linear_search,4132694,50000,2024,0.9999951086821331,0.9999966123792373,0.9999995160541768,0.9999997580270884,4.8913178668508195e-06,0,0.0,50000,detector_fired=49824;scan_exhausted=176
"U(0.01,0.1), eps=1e-04",narrow_e4,binary_deep,qmetrology.algorithms.find_phi_fixed_budget_binary_search_deep,4132694,50000,2024,0.9999959762808472,0.9999970963250606,0.9999990321083535,1.0,4.02371915275701e-06,0,0.0,50000,ok=50000
"U(0.01,0.1), eps=1e-04",narrow_e4,reverse_eng_risk,qmetrology.algorithms.find_phi_fixed_budget_reverse_engineering_risk,4132694,50000,2024,0.999995595463879,0.9999966123792373,0.9999987901354419,1.0,4.404536121049851e-06,0,0.0,50000,ok=50000
"U(0.01,0.1), eps=1e-04",narrow_e4,brute,qmetrology.algorithms.find_phi_fixed_budget_brute_force,5854310,50000,2024,0.9999991459283847,0.9999991459283843,0.9999991459283843,0.9999991459283843,8.540716153193628e-07,0,0.0,50000,ok=50000
"U(0.01,0.1), eps=1e-04",narrow_e4,linear,qmetrology.algorithms.find_phi_fixed_budget_linear_search,5854310,50000,2024,0.999997190620244,0.9999982918567688,1.0,1.0,2.8093797560524436e-06,0,0.0,50000,detector_fired=49922;scan_exhausted=78
"U(0.01,0.1), eps=1e-04",narrow_e4,binary_deep,qmetrology.algorithms.find_phi_fixed_budget_binary_search_deep,5854310,50000,2024,0.9999969637822392,0.9999976085994763,0.9999994875570306,1.0,3.0362177607656804e-06,0,0.0,50000,ok=50000
"U(0.01,0.1), eps=1e-04",narrow_e4,reverse_eng_risk,qmetrology.algorithms.find_phi_fixed_budget_reverse_engineering_risk,5854310,50000,2024,0.9999974546137801,0.9999986334854151,0.9999994875570306,0.9999996583713537,2.545386219909851e-06,0,0.0,50000,ok=50000
"U(0.01,0.1), eps=1e-04",narrow_e4,brute,qmetrology.algorithms.find_phi_fixed_budget_brute_force,8293124,50000,2024,0.9999983118544955,0.9999983118544954,0.9999983118544954,0.9999983118544954,1.6881455044970295e-06,0,0.0,50000,ok=50000
"U(0.01,0.1), eps=1e-04",narrow_e4,linear,qmetrology.algorithms.find_phi_fixed_budget_linear_search,8293124,50000,2024,0.9999983493795583,0.9999989147636041,1.0,1.0,1.6506204416621983e-06,0,0.0,50000,detector_fired=49927;scan_exhausted=73
"U(0.01,0.1), eps=1e-04",narrow_e4,binary_deep,qmetrology.algorithms.find_phi_fixed_budget_binary_search_deep,8293124,50000,2024,0.9999977658262436,0.9999985530181389,0.999999517672713,1.0,2.234173756443525e-06,0,0.0,50000,ok=50000
"U(0.01,0.1), eps=1e-04",narrow_e4,reverse_eng_risk,qmetrology.algorithms.find_phi_fixed_budget_reverse_engineering_risk,8293124,50000,2024,0.999997445208826,0.9999981912726736,0.9999993970908913,1.0,2.5547911739476348e-06,0,0.0,50000,ok=50000
"U(0.01,0.1), eps=1e-04",narrow_e4,brute,qmetrology.algorithms.find_phi_fixed_budget_brute_force,11747910,50000,2024,1.0,1.0,1.0,1.0,0.0,0,0.0,50000,ok=50000
"U(0.01,0.1), eps=1e-04",narrow_e4,linear,qmetrology.algorithms.find_phi_fixed_budget_linear_search,11747910,50000,2024,0.9999994096924474,1.0,1.0,1.0,5.903075526170198e-07,0,0.0,50000,detector_fired=49998;scan_exhausted=2
"U(0.01,0.1), eps=1e-04",narrow_e4,binary_deep,qmetrology.algorithms.find_phi_fixed_budget_binary_search_deep,11747910,50000,2024,0.9999984194175815,0.9999988082986676,0.9999998297569526,1.0,1.5805824185033401e-06,0,0.0,50000,ok=50000
"U(0.01,0.1), eps=1e-04",narrow_e4,reverse_eng_risk,qmetrology.algorithms.find_phi_fixed_budget_reverse_engineering_risk,11747910,50000,2024,0.9999992036881455,0.9999992339062863,1.0,1.0,7.963118544562775e-07,0,0.0,50000,ok=50000
"U(0.01,0.1), eps=1e-04",narrow_e4,brute,qmetrology.algorithms.find_phi_fixed_budget_brute_force,16641905,50000,2024,0.9999996995536267,0.9999996995536268,0.9999996995536268,0.9999996995536268,3.004463733358165e-07,0,0.0,50000,ok=50000
"U(0.01,0.1), eps=1e-04",narrow_e4,linear,qmetrology.algorithms.find_phi_fixed_budget_linear_search,16641905,50000,2024,0.9999996734063799,0.9999998798214508,0.9999998798214508,0.9999999399107253,3.2659362014797466e-07,0,0.0,50000,detector_fired=50000
"U(0.01,0.1), eps=1e-04",narrow_e4,binary_deep,qmetrology.algorithms.find_phi_fixed_budget_binary_search_deep,16641905,50000,2024,0.9999990105243359,0.9999992188394298,0.9999999399107253,1.0,9.894756640704827e-07,0,0.0,50000,ok=50000
"U(0.01,0.1), eps=1e-04",narrow_e4,reverse_eng_risk,qmetrology.algorithms.find_phi_fixed_budget_reverse_engineering_risk,16641905,50000,2024,0.9999993816813639,0.9999994591965283,0.9999997596429014,1.0,6.18318636069759e-07,0,0.0,50000,ok=50000
"U(0.01,0.1), eps=1e-04",narrow_e4,brute,qmetrology.algorithms.find_phi_fixed_budget_brute_force,23574663,50000,2024,0.9999998727447341,0.9999998727447345,0.9999998727447345,0.9999998727447345,1.2725526588042158e-07,0,0.0,50000,ok=50000
"U(0.01,0.1), eps=1e-04",narrow_e4,linear,qmetrology.algorithms.find_phi_fixed_budget_linear_search,23574663,50000,2024,0.9999997833496073,0.9999999151631563,0.9999999151631563,1.0,2.166503927369945e-07,0,0.0,50000,detector_fired=50000
"U(0.01,0.1), eps=1e-04",narrow_e4,binary_deep,qmetrology.algorithms.find_phi_fixed_budget_binary_search_deep,23574663,50000,2024,0.9999993349054447,0.9999994061420941,0.9999997454894689,1.0,6.650945553188237e-07,0,0.0,50000,ok=50000
"U(0.01,0.1), eps=1e-04",narrow_e4,reverse_eng_risk,qmetrology.algorithms.find_phi_fixed_budget_reverse_engineering_risk,23574663,50000,2024,0.9999998050644456,0.9999998727447345,0.9999998727447345,0.9999999575815781,1.9493555436511656e-07,0,0.0,50000,ok=50000
"U(0.01,0.1), eps=1e-04",narrow_e4,brute,qmetrology.algorithms.find_phi_fixed_budget_brute_force,33395498,50000,2024,0.9999997604467523,0.9999997604467524,0.9999997604467524,0.9999997604467524,2.3955324768287767e-07,0,0.0,50000,ok=50000
"U(0.01,0.1), eps=1e-04",narrow_e4,linear,qmetrology.algorithms.find_phi_fixed_budget_linear_search,33395498,50000,2024,0.9999999446494254,1.0,1.0,1.0,5.535057456818038e-08,0,0.0,50000,detector_fired=50000
"U(0.01,0.1), eps=1e-04",narrow_e4,binary_deep,qmetrology.algorithms.find_phi_fixed_budget_binary_search_deep,33395498,50000,2024,0.999999741685541,0.9999997903909084,0.9999999700558441,1.0,2.5831445904511696e-07,0,0.0,50000,ok=50000
"U(0.01,0.1), eps=1e-04",narrow_e4,reverse_eng_risk,qmetrology.algorithms.find_phi_fixed_budget_reverse_engineering_risk,33395498,50000,2024,0.9999997604467523,0.9999997604467524,0.9999997604467524,0.9999997604467524,2.3955324768287767e-07,0,0.0,50000,ok=50000
"U(0.01,0.1), eps=1e-04",narrow_e4,brute,qmetrology.algorithms.find_phi_fixed_budget_brute_force,47307541,50000,2024,0.9999999788617209,0.999999978861721,0.999999978861721,0.999999978861721,2.1138279127086435e-08,0,0.0,50000,ok=50000
"U(0.01,0.1), eps=1e-04",narrow_e4,linear,qmetrology.algorithms.find_phi_fixed_budget_linear_search,47307541,50000,2024,0.9999999255006724,0.999999957723442,0.999999957723442,0.999999978861721,7.449932759584499e-08,0,0.0,50000,detector_fired=50000
"U(0.01,0.1), eps=1e-04",narrow_e4,binary_deep,qmetrology.algorithms.find_phi_fixed_budget_binary_search_deep,47307541,50000,2024,0.9999998523288286,0.999999894308605,0.999999978861721,0.999999978861721,1.476711714021306e-07,0,0.0,50000,ok=50000
"U(0.01,0.1), eps=1e-04",narrow_e4,reverse_eng_risk,qmetrology.algorithms.find_phi_fixed_budget_reverse_engineering_risk,47307541,50000,2024,0.9999999788617209,0.999999978861721,0.999999978861721,0.999999978861721,2.1138279127086435e-08,0,0.0,50000,ok=50000
"U(0.01,0.1), eps=1e-04",narrow_e4,brute,qmetrology.algorithms.find_phi_fixed_budget_brute_force,67015122,50000,2024,0.9999998209359372,0.9999998209359374,0.9999998209359374,0.9999998209359374,1.7906406279966092e-07,0,0.0,50000,ok=50000
"U(0.01,0.1), eps=1e-04",narrow_e4,linear,qmetrology.algorithms.find_phi_fixed_budget_linear_search,67015122,50000,2024,0.9999999749050669,1.0,1.0,1.0,2.509493313151978e-08,0,0.0,50000,detector_fired=50000
"U(0.01,0.1), eps=1e-04",narrow_e4,binary_deep,qmetrology.algorithms.find_phi_fixed_budget_binary_search_deep,67015122,50000,2024,0.9999998874489849,0.9999998955459635,0.9999999701559895,1.0,1.1255101506346676e-07,0,0.0,50000,ok=50000
"U(0.01,0.1), eps=1e-04",narrow_e4,reverse_eng_risk,qmetrology.algorithms.find_phi_fixed_budget_reverse_engineering_risk,67015122,50000,2024,0.9999998209359372,0.9999998209359374,0.9999998209359374,0.9999998209359374,1.7906406279966092e-07,0,0.0,50000,ok=50000
"U(0.01,0.1), eps=1e-04",narrow_e4,brute,qmetrology.algorithms.find_phi_fixed_budget_brute_force,94932574,50000,2024,0.9999999578648316,0.9999999578648315,0.9999999578648315,0.9999999578648315,4.213516835438469e-08,0,0.0,50000,ok=50000
"U(0.01,0.1), eps=1e-04",narrow_e4,linear,qmetrology.algorithms.find_phi_fixed_budget_linear_search,94932574,50000,2024,0.9999999518881686,0.9999999683986236,0.9999999683986236,0.9999999894662078,4.811183140773778e-08,0,0.0,50000,detector_fired=50000
"U(0.01,0.1), eps=1e-04",narrow_e4,binary_deep,qmetrology.algorithms.find_phi_fixed_budget_binary_search_deep,94932574,50000,2024,0.9999999209363059,0.9999999578648315,0.9999999578648315,0.9999999894662078,7.906369414723002e-08,0,0.0,50000,ok=50000
"U(0.01,0.1), eps=1e-04",narrow_e4,reverse_eng_risk,qmetrology.algorithms.find_phi_fixed_budget_reverse_engineering_risk,94932574,50000,2024,0.9999999578648316,0.9999999578648315,0.9999999578648315,0.9999999578648315,4.213516835438469e-08,0,0.0,50000,ok=50000
"U(0.01,0.1), eps=1e-04",narrow_e4,brute,qmetrology.algorithms.find_phi_fixed_budget_brute_force,134480000,50000,2024,0.9999999628197501,0.9999999628197501,0.9999999628197501,0.9999999628197501,3.718024987886537e-08,0,0.0,50000,ok=50000
"U(0.01,0.1), eps=1e-04",narrow_e4,linear,qmetrology.algorithms.find_phi_fixed_budget_linear_search,134480000,50000,2024,0.9999999808396786,0.99999999256395,0.99999999256395,1.0,1.9160321440558903e-08,0,0.0,50000,detector_fired=50000
"U(0.01,0.1), eps=1e-04",narrow_e4,binary_deep,qmetrology.algorithms.find_phi_fixed_budget_binary_search_deep,134480000,50000,2024,0.9999999298544019,0.9999999256395002,0.9999999330755502,0.9999999702558001,7.014559810780696e-08,0,0.0,50000,ok=50000
"U(0.01,0.1), eps=1e-04",narrow_e4,reverse_eng_risk,qmetrology.algorithms.find_phi_fixed_budget_reverse_engineering_risk,134480000,50000,2024,0.9999999681707318,0.9999999776918501,0.99999999256395,1.0,3.182926822109522e-08,0,0.0,50000,ok=50000
"U(0.01,0.1), eps=1e-05",narrow_e5,brute,qmetrology.algorithms.find_phi_fixed_budget_brute_force,8965333,50000,2024,0.9999985499702021,0.9999985499702019,0.9999985499702019,0.9999985499702019,1.4500297979003207e-06,0,0.0,50000,ok=50000
"U(0.01,0.1), eps=1e-05",narrow_e5,linear,qmetrology.algorithms.find_phi_fixed_budget_linear_search,8965333,50000,2024,0.9999980309063813,0.9999986615109556,0.9999996653777389,1.0,1.969093618714446e-06,0,0.0,50000,detector_fired=49622;scan_exhausted=378
"U(0.01,0.1), eps=1e-05",narrow_e5,binary_deep,qmetrology.algorithms.find_phi_fixed_budget_binary_search_deep,8965333,50000,2024,0.9999977421898328,0.9999985499702019,0.9999994422962315,1.0,2.2578101671610895e-06,0,0.0,50000,ok=50000
"U(0.01,0.1), eps=1e-05",narrow_e5,reverse_eng_risk,qmetrology.algorithms.find_phi_fixed_budget_reverse_engineering_risk,8965333,50000,2024,0.9999978458000389,0.9999984384294481,0.9999997769184926,0.9999998884592463,2.1541999610796836e-06,0,0.0,50000,ok=50000
"U(0.01,0.1), eps=1e-05",narrow_e5,brute,qmetrology.algorithms.find_phi_fixed_budget_brute_force,12700150,50000,2024,0.9999992126077254,0.9999992126077251,0.9999992126077251,0.9999992126077251,7.87392274603782e-07,0,0.0,50000,ok=50000
"U(0.01,0.1), eps=1e-05",narrow_e5,linear,qmetrology.algorithms.find_phi_fixed_budget_linear_search,12700150,50000,2024,0.9999986964673646,0.9999992126077251,1.0,1.0,1.3035326353882937e-06,0,0.0,50000,detector_fired=49816;scan_exhausted=184
"U(0.01,0.1), eps=1e-05",narrow_e5,binary_deep,qmetrology.algorithms.find_phi_fixed_budget_binary_search_deep,12700150,50000,2024,0.9999985656200912,0.9999988976508152,1.0,1.0,1.4343799088489817e-06,0,0.0,50000,ok=50000
"U(0.01,0.1), eps=1e-05",narrow_e5,reverse_eng_risk,qmetrology.algorithms.find_phi_fixed_budget_reverse_engineering_risk,12700150,50000,2024,0.9999984760164251,0.9999989763900426,0.9999999212607725,1.0,1.5239835748914743e-06,0,0.0,50000,ok=50000
"U(0.01,0.1), eps=1e-05",narrow_e5,brute,qmetrology.algorithms.find_phi_fixed_budget_brute_force,17990835,50000,2024,1.0,1.0,1.0,1.0,0.0,0,0.0,50000,ok=50000
"U(0.01,0.1), eps=1e-05",narrow_e5,linear,qmetrology.algorithms.find_phi_fixed_budget_linear_search,17990835,50000,2024,0.9999990122793078,0.9999991662421449,0.999999944416143,0.999999944416143,9.877206922359605e-07,0,0.0,50000,detector_fired=49143;scan_exhausted=857
"U(0.01,0.1), eps=1e-05",narrow_e5,binary_deep,qmetrology.algorithms.find_phi_fixed_budget_binary_search_deep,17990835,50000,2024,0.9999989451240033,0.999999221826002,0.999999777664572,1.0,1.0548759966644283e-06,0,0.0,50000,ok=50000
"U(0.01,0.1), eps=1e-05",narrow_e5,reverse_eng_risk,qmetrology.algorithms.find_phi_fixed_budget_reverse_engineering_risk,17990835,50000,2024,0.999999074714431,0.999999388577573,1.0,1.0,9.252855690533579e-07,0,0.0,50000,ok=50000
"U(0.01,0.1), eps=1e-05",narrow_e5,brute,qmetrology.algorithms.find_phi_fixed_budget_brute_force,25485535,50000,2024,0.999999607620558,0.9999996076205581,0.9999996076205581,0.9999996076205581,3.923794420490623e-07,0,0.0,50000,ok=50000
"U(0.01,0.1), eps=1e-05",narrow_e5,linear,qmetrology.algorithms.find_phi_fixed_budget_linear_search,25485535,50000,2024,0.9999993429614095,0.9999997253343906,0.9999999607620558,1.0,6.570385905346754e-07,0,0.0,50000,detector_fired=49633;scan_exhausted=367
"U(0.01,0.1), eps=1e-05",narrow_e5,binary_deep,qmetrology.algorithms.find_phi_fixed_budget_binary_search_deep,25485535,50000,2024,0.9999992022918098,0.9999994114308371,0.9999998822861674,1.0,7.977081901699989e-07,0,0.0,50000,ok=50000
"U(0.01,0.1), eps=1e-05",narrow_e5,reverse_eng_risk,qmetrology.algorithms.find_phi_fixed_budget_reverse_engineering_risk,25485535,50000,2024,0.9999992001925799,0.9999994114308371,0.9999998822861674,1.0,7.998074200710192e-07,0,0.0,50000,ok=50000
"U(0.01,0.1), eps=1e-05",narrow_e5,brute,qmetrology.algorithms.find_phi_fixed_budget_brute_force,36102410,50000,2024,0.9999998615050903,0.9999998615050907,0.9999998615050907,0.9999998615050907,1.3849490965167632e-07,0,0.0,50000,ok=50000
"U(0.01,0.1), eps=1e-05",narrow_e5,linear,qmetrology.algorithms.find_phi_fixed_budget_linear_search,36102410,50000,2024,0.9999994816689524,0.9999996953111995,0.9999999723010181,1.0,5.183310476386538e-07,0,0.0,50000,detector_fired=49610;scan_exhausted=390
"U(0.01,0.1), eps=1e-05",narrow_e5,binary_deep,qmetrology.algorithms.find_phi_fixed_budget_binary_search_deep,36102410,50000,2024,0.9999995423042396,0.9999996676122176,1.0,1.0,4.5769576040299853e-07,0,0.0,50000,ok=50000
"U(0.01,0.1), eps=1e-05",narrow_e5,reverse_eng_risk,qmetrology.algorithms.find_phi_fixed_budget_reverse_engineering_risk,36102410,50000,2024,0.9999994308485223,0.9999995845152719,0.9999998892040726,1.0,5.691514777250717e-07,0,0.0,50000,ok=50000
"U(0.01,0.1), eps=1e-05",narrow_e5,brute,qmetrology.algorithms.find_phi_fixed_budget_brute_force,51142110,50000,2024,1.0,1.0,1.0,1.0,0.0,0,0.0,50000,ok=50000
"U(0.01,0.1), eps=1e-05",narrow_e5,linear,qmetrology.algorithms.find_phi_fixed_budget_linear_search,51142110,50000,2024,0.9999996605838124,0.999999784913059,0.9999999608932835,1.0,3.3941618760024994e-07,0,0.0,50000,detector_fired=49633;scan_exhausted=367
"U(0.01,0.1), eps=1e-05",narrow_e5,binary_deep,qmetrology.algorithms.find_phi_fixed_budget_binary_search_deep,51142110,50000,2024,0.9999996396167463,0.9999997653597007,0.9999999413399252,1.0,3.603832536835938e-07,0,0.0,50000,ok=50000
"U(0.01,0.1), eps=1e-05",narrow_e5,reverse_eng_risk,qmetrology.algorithms.find_phi_fixed_budget_reverse_engineering_risk,51142110,50000,2024,0.9999996177721255,0.9999997653597007,0.9999999413399252,1.0,3.8222787446251516e-07,0,0.0,50000,ok=50000
"U(0.01,0.1), eps=1e-05",narrow_e5,brute,qmetrology.algorithms.find_phi_fixed_budget_brute_force,72447113,50000,2024,0.9999998895746196,0.9999998895746197,0.9999998895746197,0.9999998895746197,1.104253803951849e-07,0,0.0,50000,ok=50000
"U(0.01,0.1), eps=1e-05",narrow_e5,linear,qmetrology.algorithms.find_phi_fixed_budget_linear_search,72447113,50000,2024,0.9999997450148221,0.9999997791492395,0.9999999723936549,0.9999999861968275,2.549851778610446e-07,0,0.0,50000,detector_fired=49643;scan_exhausted=357
"U(0.01,0.1), eps=1e-05",narrow_e5,binary_deep,qmetrology.algorithms.find_phi_fixed_budget_binary_search_deep,72447113,50000,2024,0.999999731557557,0.9999998205587571,0.9999999585904824,1.0,2.684424430521304e-07,0,0.0,50000,ok=50000
"U(0.01,0.1), eps=1e-05",narrow_e5,reverse_eng_risk,qmetrology.algorithms.find_phi_fixed_budget_reverse_engineering_risk,72447113,50000,2024,0.9999996918521791,0.999999765346067,0.9999999033777923,1.0,3.081478209265853e-07,0,0.0,50000,ok=50000
"U(0.01,0.1), eps=1e-05",narrow_e5,brute,qmetrology.algorithms.find_phi_fixed_budget_brute_force,102627447,50000,2024,0.9999998830722154,0.9999998830722155,0.9999998830722155,0.9999998830722155,1.1692778456584563e-07,0,0.0,50000,ok=50000
"U(0.01,0.1), eps=1e-05",narrow_e5,linear,qmetrology.algorithms.find_phi_fixed_budget_linear_search,102627447,50000,2024,0.999999832983276,0.9999998830722155,0.9999999707680539,1.0,1.670167240064302e-07,0,0.0,50000,detector_fired=49635;scan_exhausted=365
"U(0.01,0.1), eps=1e-05",narrow_e5,binary_deep,qmetrology.algorithms.find_phi_fixed_budget_binary_search_deep,102627447,50000,2024,0.9999998046245854,0.9999998538402695,0.999999980512036,1.0,1.9537541462444352e-07,0,0.0,50000,ok=50000
"U(0.01,0.1), eps=1e-05",narrow_e5,reverse_eng_risk,qmetrology.algorithms.find_phi_fixed_budget_reverse_engineering_risk,102627447,50000,2024,0.9999998184397981,0.9999998830722155,0.9999999610240718,0.9999999902560179,1.815602018728768e-07,0,0.0,50000,ok=50000
"U(0.01,0.1), eps=1e-05",narrow_e5,brute,qmetrology.algorithms.find_phi_fixed_budget_brute_force,145380436,50000,2024,0.9999999931214953,0.9999999931214953,0.9999999931214953,0.9999999931214953,6.8785046547503725e-09,0,0.0,50000,ok=50000
"U(0.01,0.1), eps=1e-05",narrow_e5,linear,qmetrology.algorithms.find_phi_fixed_budget_linear_search,145380436,50000,2024,0.9999998689490792,0.9999999174579446,0.9999999724859815,1.0,1.310509207819166e-07,0,0.0,50000,detector_fired=49648;scan_exhausted=352
"U(0.01,0.1), eps=1e-05",narrow_e5,binary_deep,qmetrology.algorithms.find_phi_fixed_budget_binary_search_deep,145380436,50000,2024,0.9999998704988065,0.99999991057944,0.9999999724859815,1.0,1.2950119354648848e-07,0,0.0,50000,ok=50000
"U(0.01,0.1), eps=1e-05",narrow_e5,reverse_eng_risk,qmetrology.algorithms.find_phi_fixed_budget_reverse_engineering_risk,145380436,50000,2024,0.9999998693898539,0.9999998968224307,0.9999999724859815,1.0,1.3061014614290656e-07,0,0.0,50000,ok=50000
"U(0.01,0.1), eps=1e-05",narrow_e5,brute,qmetrology.algorithms.find_phi_fixed_budget_brute_force,205943651,50000,2024,0.9999999465873314,0.9999999465873313,0.9999999465873313,0.9999999465873313,5.341266862135541e-08,0,0.0,50000,ok=50000
"U(0.01,0.1), eps=1e-05",narrow_e5,linear,qmetrology.algorithms.find_phi_fixed_budget_linear_search,205943651,50000,2024,0.9999999144111512,0.999999936875937,0.9999999951443028,1.0,8.558884878606676e-08,0,0.0,50000,detector_fired=49638;scan_exhausted=362
"U(0.01,0.1), eps=1e-05",narrow_e5,binary_deep,qmetrology.algorithms.find_phi_fixed_budget_binary_search_deep,205943651,50000,2024,0.99999990168097,0.999999936875937,0.9999999757215142,1.0,9.831903002854858e-08,0,0.0,50000,ok=50000
"U(0.01,0.1), eps=1e-05",narrow_e5,reverse_eng_risk,qmetrology.algorithms.find_phi_fixed_budget_reverse_engineering_risk,205943651,50000,2024,0.9999999089384892,0.9999999320202398,0.9999999854329086,0.9999999951443028,9.106151077631353e-08,0,0.0,50000,ok=50000
"U(0.01,0.1), eps=1e-05",narrow_e5,brute,qmetrology.algorithms.find_phi_fixed_budget_brute_force,291736555,50000,2024,0.9999999657224987,0.9999999657224992,0.9999999657224992,0.9999999657224992,3.427750128182083e-08,0,0.0,50000,ok=50000
"U(0.01,0.1), eps=1e-05",narrow_e5,linear,qmetrology.algorithms.find_phi_fixed_budget_linear_search,291736555,50000,2024,0.9999999315167754,0.9999999554392489,0.9999999862889997,0.9999999965722499,6.84832246466982e-08,0,0.0,50000,detector_fired=49653;scan_exhausted=347
"U(0.01,0.1), eps=1e-05",narrow_e5,binary_deep,qmetrology.algorithms.find_phi_fixed_budget_binary_search_deep,291736555,50000,2024,0.9999999329563619,0.9999999485837487,0.9999999897167497,1.0,6.704363808562874e-08,0,0.0,50000,ok=50000
"U(0.01,0.1), eps=1e-05",narrow_e5,reverse_eng_risk,qmetrology.algorithms.find_phi_fixed_budget_reverse_engineering_risk,291736555,50000,2024,0.9999999458685593,0.9999999657224992,0.9999999965722499,1.0,5.413144066324094e-08,0,0.0,50000,ok=50000
"U(0.01,0.1), eps=1e-05",narrow_e5,brute,qmetrology.algorithms.find_phi_fixed_budget_brute_force,413269439,50000,2024,0.9999999661237956,0.9999999661237956,0.9999999661237956,0.9999999661237956,3.387620439720962e-08,0,0.0,50000,ok=50000
"U(0.01,0.1), eps=1e-05",narrow_e5,linear,qmetrology.algorithms.find_phi_fixed_budget_linear_search,413269439,50000,2024,0.9999999492934197,0.9999999637040666,0.9999999879013556,0.9999999975802711,5.070658026795627e-08,0,0.0,50000,detector_fired=49830;scan_exhausted=170
"U(0.01,0.1), eps=1e-05",narrow_e5,binary_deep,qmetrology.algorithms.find_phi_fixed_budget_binary_search_deep,413269439,50000,2024,0.9999999496182924,0.9999999637040666,0.9999999903210844,1.0,5.0381707583646573e-08,0,0.0,50000,ok=50000
"U(0.01,0.1), eps=1e-05",narrow_e5,reverse_eng_risk,qmetrology.algorithms.find_phi_fixed_budget_reverse_engineering_risk,413269439,50000,2024,0.9999999494875303,0.9999999661237956,0.9999999903210844,0.9999999975802711,5.0512469651486924e-08,0,0.0,50000,ok=50000
"U(0.01,0.1), eps=1e-05",narrow_e5,brute,qmetrology.algorithms.find_phi_fixed_budget_brute_force,585431022,50000,2024,0.999999979502282,0.999999979502282,0.999999979502282,0.999999979502282,2.049771796741595e-08,0,0.0,50000,ok=50000
"U(0.01,0.1), eps=1e-05",narrow_e5,linear,qmetrology.algorithms.find_phi_fixed_budget_linear_search,585431022,50000,2024,0.9999999726334284,0.999999979502282,0.9999999965837136,1.0,2.736657156443556e-08,0,0.0,50000,detector_fired=49940;scan_exhausted=60
"U(0.01,0.1), eps=1e-05",narrow_e5,binary_deep,qmetrology.algorithms.find_phi_fixed_budget_binary_search_deep,585431022,50000,2024,0.9999999697381257,0.9999999829185683,0.9999999982918568,1.0,3.0261874339743144e-08,0,0.0,50000,ok=50000
"U(0.01,0.1), eps=1e-05",narrow_e5,reverse_eng_risk,qmetrology.algorithms.find_phi_fixed_budget_reverse_engineering_risk,585431022,50000,2024,0.9999999726386896,0.999999979502282,0.9999999965837136,1.0,2.7361310439566466e-08,0,0.0,50000,ok=50000
"U(0.01,0.1), eps=1e-05",narrow_e5,brute,qmetrology.algorithms.find_phi_fixed_budget_brute_force,829312426,50000,2024,0.999999998794182,0.9999999987941818,0.9999999987941818,0.9999999987941818,1.2058180010043884e-09,0,0.0,50000,ok=50000
"U(0.01,0.1), eps=1e-05",narrow_e5,linear,qmetrology.algorithms.find_phi_fixed_budget_linear_search,829312426,50000,2024,0.9999999836281966,0.9999999903534545,0.9999999975883637,1.0,1.6371803357451142e-08,0,0.0,50000,detector_fired=49936;scan_exhausted=64
"U(0.01,0.1), eps=1e-05",narrow_e5,binary_deep,qmetrology.algorithms.find_phi_fixed_budget_binary_search_deep,829312426,50000,2024,0.9999999764712075,0.9999999831185454,0.9999999975883637,1.0,2.3528792469917903e-08,0,0.0,50000,ok=50000
"U(0.01,0.1), eps=1e-05",narrow_e5,reverse_eng_risk,qmetrology.algorithms.find_phi_fixed_budget_reverse_engineering_risk,829312426,50000,2024,0.9999999859336727,0.9999999879418182,0.9999999987941818,0.9999999987941818,1.4066327325146233e-08,0,0.0,50000,ok=50000
"U(0.01,0.1), eps=1e-05",narrow_e5,brute,qmetrology.algorithms.find_phi_fixed_budget_brute_force,1174791008,50000,2024,0.9999999931902779,0.9999999931902781,0.9999999931902781,0.9999999931902781,6.8097221195273505e-09,0,0.0,50000,ok=50000
"U(0.01,0.1), eps=1e-05",narrow_e5,linear,qmetrology.algorithms.find_phi_fixed_budget_linear_search,1174791008,50000,2024,0.9999999894090948,0.9999999923390629,0.999999996595139,0.9999999982975696,1.0590905152874086e-08,0,0.0,50000,detector_fired=49998;scan_exhausted=2
"U(0.01,0.1), eps=1e-05",narrow_e5,binary_deep,qmetrology.algorithms.find_phi_fixed_budget_binary_search_deep,1174791008,50000,2024,0.9999999854580773,0.9999999897854173,1.0,1.0,1.4541922666033713e-08,0,0.0,50000,ok=50000
"U(0.01,0.1), eps=1e-05",narrow_e5,reverse_eng_risk,qmetrology.algorithms.find_phi_fixed_budget_reverse_engineering_risk,1174791008,50000,2024,0.9999999850739579,0.9999999880829867,0.9999999948927086,1.0,1.4926042068985623e-08,0,0.0,50000,ok=50000
"U(0.01,0.1), eps=1e-05",narrow_e5,brute,qmetrology.algorithms.find_phi_fixed_budget_brute_force,1664190563,50000,2024,0.9999999951928584,0.9999999951928582,0.9999999951928582,0.9999999951928582,4.807141573692775e-09,0,0.0,50000,ok=50000
"U(0.01,0.1), eps=1e-05",narrow_e5,linear,qmetrology.algorithms.find_phi_fixed_budget_linear_search,1664190563,50000,2024,0.9999999947538099,0.9999999951928582,0.9999999993991073,1.0,5.246190148966434e-09,0,0.0,50000,detector_fired=50000
"U(0.01,0.1), eps=1e-05",narrow_e5,binary_deep,qmetrology.algorithms.find_phi_fixed_budget_binary_search_deep,1664190563,50000,2024,0.9999999901682532,0.9999999927892873,0.9999999981973219,1.0,9.831746750066372e-09,0,0.0,50000,ok=50000
"U(0.01,0.1), eps=1e-05",narrow_e5,reverse_eng_risk,qmetrology.algorithms.find_phi_fixed_budget_reverse_engineering_risk,1664190563,50000,2024,0.9999999933176044,0.9999999951928582,1.0,1.0,6.682395636836702e-09,0,0.0,50000,ok=50000
"U(0.01,0.1), eps=1e-05",narrow_e5,brute,qmetrology.algorithms.find_phi_fixed_budget_brute_force,2357466314,50000,2024,0.9999999940614206,0.9999999940614209,0.9999999940614209,0.9999999940614209,5.9385794060062835e-09,0,0.0,50000,ok=50000
"U(0.01,0.1), eps=1e-05",narrow_e5,linear,qmetrology.algorithms.find_phi_fixed_budget_linear_search,2357466314,50000,2024,0.9999999984360667,0.9999999991516315,0.9999999991516315,0.9999999991516315,1.5639333161843183e-09,0,0.0,50000,detector_fired=50000
"U(0.01,0.1), eps=1e-05",narrow_e5,binary_deep,qmetrology.algorithms.find_phi_fixed_budget_binary_search_deep,2357466314,50000,2024,0.9999999937693191,0.9999999949097894,0.9999999991516315,1.0,6.230680860142002e-09,0,0.0,50000,ok=50000
"U(0.01,0.1), eps=1e-05",narrow_e5,reverse_eng_risk,qmetrology.algorithms.find_phi_fixed_budget_reverse_engineering_risk,2357466314,50000,2024,0.9999999941988396,0.9999999940614209,0.9999999970307105,1.0,5.80116044091028e-09,0,0.0,50000,ok=50000
"U(0.01,0.1), eps=1e-05",narrow_e5,brute,qmetrology.algorithms.find_phi_fixed_budget_brute_force,3339549897,50000,2024,0.9999999964067017,0.9999999964067013,0.9999999964067013,0.9999999964067013,3.5932983255548834e-09,0,0.0,50000,ok=50000
"U(0.01,0.1), eps=1e-05",narrow_e5,linear,qmetrology.algorithms.find_phi_fixed_budget_linear_search,3339549897,50000,2024,0.9999999982465542,0.9999999979039091,0.9999999997005584,1.0,1.7534458329748759e-09,0,0.0,50000,detector_fired=50000
"U(0.01,0.1), eps=1e-05",narrow_e5,binary_deep,qmetrology.algorithms.find_phi_fixed_budget_binary_search_deep,3339549897,50000,2024,0.9999999962237546,0.9999999967061429,0.9999999991016754,1.0,3.776245427467018e-09,0,0.0,50000,ok=50000
"U(0.01,0.1), eps=1e-05",narrow_e5,reverse_eng_risk,qmetrology.algorithms.find_phi_fixed_budget_reverse_engineering_risk,3339549897,50000,2024,0.9999999964067017,0.9999999964067013,0.9999999964067013,0.9999999964067013,3.5932983255548834e-09,0,0.0,50000,ok=50000
"U(0.01,0.1), eps=1e-05",narrow_e5,brute,qmetrology.algorithms.find_phi_fixed_budget_brute_force,4730754135,50000,2024,1.0,1.0,1.0,1.0,0.0,0,0.0,50000,ok=50000
"U(0.01,0.1), eps=1e-05",narrow_e5,linear,qmetrology.algorithms.find_phi_fixed_budget_linear_search,4730754135,50000,2024,0.9999999990804678,0.9999999993658516,0.9999999993658516,1.0,9.195322281385643e-10,0,0.0,50000,detector_fired=50000
"U(0.01,0.1), eps=1e-05",narrow_e5,binary_deep,qmetrology.algorithms.find_phi_fixed_budget_binary_search_deep,4730754135,50000,2024,0.9999999986385468,0.9999999987317033,1.0,1.0,1.361453172421534e-09,0,0.0,50000,ok=50000
"U(0.01,0.1), eps=1e-05",narrow_e5,reverse_eng_risk,qmetrology.algorithms.find_phi_fixed_budget_reverse_engineering_risk,4730754135,50000,2024,1.0,1.0,1.0,1.0,0.0,0,0.0,50000,ok=50000
"U(0.01,0.1), eps=1e-05",narrow_e5,brute,qmetrology.algorithms.find_phi_fixed_budget_brute_force,6701512293,50000,2024,0.9999999995523403,0.9999999995523399,0.9999999995523399,0.9999999995523399,4.476596870972571e-10,0,0.0,50000,ok=50000
"U(0.01,0.1), eps=1e-05",narrow_e5,linear,qmetrology.algorithms.find_phi_fixed_budget_linear_search,6701512293,50000,2024,0.9999999996019199,0.9999999998507799,0.9999999998507799,0.9999999998507799,3.980801244196641e-10,0,0.0,50000,detector_fired=50000
"U(0.01,0.1), eps=1e-05",narrow_e5,binary_deep,qmetrology.algorithms.find_phi_fixed_budget_binary_search_deep,6701512293,50000,2024,0.999999998777085,0.9999999988062396,0.9999999998507799,1.0,1.222914991494406e-09,0,0.0,50000,ok=50000
"U(0.01,0.1), eps=1e-05",narrow_e5,reverse_eng_risk,qmetrology.algorithms.find_phi_fixed_budget_reverse_engineering_risk,6701512293,50000,2024,0.9999999995523403,0.9999999995523399,0.9999999995523399,0.9999999995523399,4.476596870972571e-10,0,0.0,50000,ok=50000
"U(0.01,0.1), eps=1e-05",narrow_e5,brute,qmetrology.algorithms.find_phi_fixed_budget_brute_force,9493257466,50000,2024,0.9999999998946622,0.999999999894662,0.999999999894662,0.999999999894662,1.0533784955413239e-10,0,0.0,50000,ok=50000
"U(0.01,0.1), eps=1e-05",narrow_e5,linear,qmetrology.algorithms.find_phi_fixed_budget_linear_search,9493257466,50000,2024,0.9999999996736587,0.999999999894662,0.999999999894662,0.999999999894662,3.2634128732667023e-10,0,0.0,50000,detector_fired=50000
"U(0.01,0.1), eps=1e-05",narrow_e5,binary_deep,qmetrology.algorithms.find_phi_fixed_budget_binary_search_deep,9493257466,50000,2024,0.9999999996004489,0.999999999894662,0.999999999894662,1.0,3.9955105890499e-10,0,0.0,50000,ok=50000
"U(0.01,0.1), eps=1e-05",narrow_e5,reverse_eng_risk,qmetrology.algorithms.find_phi_fixed_budget_reverse_engineering_risk,9493257466,50000,2024,0.9999999998946622,0.999999999894662,0.999999999894662,0.999999999894662,1.0533784955413239e-10,0,0.0,50000,ok=50000
"U(0.01,0.1), eps=1e-05",narrow_e5,brute,qmetrology.algorithms.find_phi_fixed_budget_brute_force,13447999999,50000,2024,0.9999999997025579,0.999999999702558,0.999999999702558,0.999999999702558,2.9744207097337494e-10,0,0.0,50000,ok=50000
"U(0.01,0.1), eps=1e-05",narrow_e5,linear,qmetrology.algorithms.find_phi_fixed_budget_linear_search,13447999999,50000,2024,0.9999999998764455,1.0,1.0,1.0,1.2355449996448442e-10,0,0.0,50000,detector_fired=50000
"U(0.01,0.1), eps=1e-05",narrow_e5,binary_deep,qmetrology.algorithms.find_phi_fixed_budget_binary_search_deep,13447999999,50000,2024,0.9999999993729044,0.9999999993307555,0.999999999405116,0.9999999997769184,6.270955976717119e-10,0,0.0,50000,ok=50000
"U(0.01,0.1), eps=1e-05",narrow_e5,reverse_eng_risk,qmetrology.algorithms.find_phi_fixed_budget_reverse_engineering_risk,13447999999,50000,2024,0.9999999996817072,0.9999999997769184,0.9999999999256395,1.0,3.182928365319526e-10,0,0.0,50000,ok=50000
"U(0.01,0.1), eps=1e-06",narrow_e6,brute,qmetrology.algorithms.find_phi_fixed_budget_brute_force,896533333,50000,2024,0.9999999854997025,0.9999999854997026,0.9999999854997026,0.9999999854997026,1.4500297518260652e-08,0,0.0,50000,ok=50000
"U(0.01,0.1), eps=1e-06",narrow_e6,linear,qmetrology.algorithms.find_phi_fixed_budget_linear_search,896533333,50000,2024,0.9999999769728808,0.9999999854997026,0.9999999933075551,0.9999999966537775,2.3027119211427305e-08,0,0.0,50000,detector_fired=49640;scan_exhausted=360
"U(0.01,0.1), eps=1e-06",narrow_e6,binary_deep,qmetrology.algorithms.find_phi_fixed_budget_binary_search_deep,896533333,50000,2024,0.9999999778305174,0.9999999854997026,0.999999997769185,1.0,2.2169482583045408e-08,0,0.0,50000,ok=50000
"U(0.01,0.1), eps=1e-06",narrow_e6,reverse_eng_risk,qmetrology.algorithms.find_phi_fixed_budget_reverse_engineering_risk,896533333,50000,2024,0.9999999752907347,0.9999999821534801,0.9999999944229625,0.9999999988845925,2.4709265300515426e-08,0,0.0,50000,ok=50000
"U(0.01,0.1), eps=1e-06",narrow_e6,brute,qmetrology.algorithms.find_phi_fixed_budget_brute_force,1270015093,50000,2024,0.9999999897639011,0.9999999897639011,0.9999999897639011,0.9999999897639011,1.0236098857419051e-08,0,0.0,50000,ok=50000
"U(0.01,0.1), eps=1e-06",narrow_e6,linear,qmetrology.algorithms.find_phi_fixed_budget_linear_search,1270015093,50000,2024,0.999999986373217,0.9999999897639011,0.9999999968504312,0.9999999992126077,1.3626783035292078e-08,0,0.0,50000,detector_fired=49825;scan_exhausted=175
"U(0.01,0.1), eps=1e-06",narrow_e6,binary_deep,qmetrology.algorithms.find_phi_fixed_budget_binary_search_deep,1270015093,50000,2024,0.9999999836889025,0.9999999897639011,0.9999999976378233,1.0,1.6311097472687663e-08,0,0.0,50000,ok=50000
"U(0.01,0.1), eps=1e-06",narrow_e6,reverse_eng_risk,qmetrology.algorithms.find_phi_fixed_budget_reverse_engineering_risk,1270015093,50000,2024,0.9999999829906746,0.9999999866143323,0.9999999960630389,1.0,1.7009325392614016e-08,0,0.0,50000,ok=50000
"U(0.01,0.1), eps=1e-06",narrow_e6,brute,qmetrology.algorithms.find_phi_fixed_budget_brute_force,1799083511,50000,2024,0.9999999938857759,0.9999999938857758,0.9999999938857758,0.9999999938857758,6.114224126996248e-09,0,0.0,50000,ok=50000
"U(0.01,0.1), eps=1e-06",narrow_e6,linear,qmetrology.algorithms.find_phi_fixed_budget_linear_search,1799083511,50000,2024,0.9999999884518201,0.9999999916624215,0.9999999983324843,0.9999999994441614,1.1548179856823992e-08,0,0.0,50000,detector_fired=49641;scan_exhausted=359
"U(0.01,0.1), eps=1e-06",narrow_e6,binary_deep,qmetrology.algorithms.find_phi_fixed_budget_binary_search_deep,1799083511,50000,2024,0.9999999896174137,0.9999999927740987,0.9999999977766457,1.0,1.0382586346224798e-08,0,0.0,50000,ok=50000
"U(0.01,0.1), eps=1e-06",narrow_e6,reverse_eng_risk,qmetrology.algorithms.find_phi_fixed_budget_reverse_engineering_risk,1799083511,50000,2024,0.9999999896467952,0.9999999922182601,0.9999999988883229,1.0,1.0353204848989606e-08,0,0.0,50000,ok=50000
"U(0.01,0.1), eps=1e-06",narrow_e6,brute,qmetrology.algorithms.find_phi_fixed_budget_brute_force,2548553554,50000,2024,0.9999999984304823,0.9999999984304823,0.9999999984304823,0.9999999984304823,1.5695177379981828e-09,0,0.0,50000,ok=50000
"U(0.01,0.1), eps=1e-06",narrow_e6,linear,qmetrology.algorithms.find_phi_fixed_budget_linear_search,2548553554,50000,2024,0.9999999925670778,0.9999999941143085,0.9999999988228617,1.0,7.432922166650258e-09,0,0.0,50000,detector_fired=49646;scan_exhausted=354
"U(0.01,0.1), eps=1e-06",narrow_e6,binary_deep,qmetrology.algorithms.find_phi_fixed_budget_binary_search_deep,2548553554,50000,2024,0.999999992496732,0.9999999956838262,0.9999999984304823,1.0,7.503268006914254e-09,0,0.0,50000,ok=50000
"U(0.01,0.1), eps=1e-06",narrow_e6,reverse_eng_risk,qmetrology.algorithms.find_phi_fixed_budget_reverse_engineering_risk,2548553554,50000,2024,0.9999999939517377,0.9999999964685851,0.9999999988228617,1.0,6.048262335411891e-09,0,0.0,50000,ok=50000
"U(0.01,0.1), eps=1e-06",narrow_e6,brute,qmetrology.algorithms.find_phi_fixed_budget_brute_force,3610241091,50000,2024,0.9999999983380613,0.9999999983380611,0.9999999983380611,0.9999999983380611,1.6619386977723138e-09,0,0.0,50000,ok=50000
"U(0.01,0.1), eps=1e-06",narrow_e6,linear,qmetrology.algorithms.find_phi_fixed_budget_linear_search,3610241091,50000,2024,0.9999999954408308,0.9999999975070917,0.9999999991690306,1.0,4.559169153317555e-09,0,0.0,50000,detector_fired=49656;scan_exhausted=344
"U(0.01,0.1), eps=1e-06",narrow_e6,binary_deep,qmetrology.algorithms.find_phi_fixed_budget_binary_search_deep,3610241091,50000,2024,0.9999999948144128,0.9999999963991324,0.9999999994460204,1.0,5.185587181877338e-09,0,0.0,50000,ok=50000
"U(0.01,0.1), eps=1e-06",narrow_e6,reverse_eng_risk,qmetrology.algorithms.find_phi_fixed_budget_reverse_engineering_risk,3610241091,50000,2024,0.9999999950997014,0.999999996953112,0.9999999991690306,0.9999999997230102,4.900298611332232e-09,0,0.0,50000,ok=50000
"U(0.01,0.1), eps=1e-06",narrow_e6,brute,qmetrology.algorithms.find_phi_fixed_budget_brute_force,5114211046,50000,2024,0.9999999998044662,0.9999999998044664,0.9999999998044664,0.9999999998044664,1.9553381136461212e-10,0,0.0,50000,ok=50000
"U(0.01,0.1), eps=1e-06",narrow_e6,linear,qmetrology.algorithms.find_phi_fixed_budget_linear_search,5114211046,50000,2024,0.9999999966548311,0.9999999972625299,1.0,1.0,3.3451689196439816e-09,0,0.0,50000,detector_fired=49653;scan_exhausted=347
"U(0.01,0.1), eps=1e-06",narrow_e6,binary_deep,qmetrology.algorithms.find_phi_fixed_budget_binary_search_deep,5114211046,50000,2024,0.9999999962923157,0.9999999972625299,0.9999999998044664,1.0,3.707684270715106e-09,0,0.0,50000,ok=50000
"U(0.01,0.1), eps=1e-06",narrow_e6,reverse_eng_risk,qmetrology.algorithms.find_phi_fixed_budget_reverse_engineering_risk,5114211046,50000,2024,0.999999996680051,0.9999999978491306,0.9999999998044664,1.0,3.319948982394294e-09,0,0.0,50000,ok=50000
"U(0.01,0.1), eps=1e-06",narrow_e6,brute,qmetrology.algorithms.find_phi_fixed_budget_brute_force,7244711353,50000,2024,0.9999999982055876,0.9999999982055876,0.9999999982055876,0.9999999982055876,1.7944123964497294e-09,0,0.0,50000,ok=50000
"U(0.01,0.1), eps=1e-06",narrow_e6,linear,qmetrology.algorithms.find_phi_fixed_budget_linear_search,7244711353,50000,2024,0.9999999976247639,0.999999997515429,0.9999999995859048,1.0,2.375236118901114e-09,0,0.0,50000,detector_fired=49861;scan_exhausted=139
"U(0.01,0.1), eps=1e-06",narrow_e6,binary_deep,qmetrology.algorithms.find_phi_fixed_budget_binary_search_deep,7244711353,50000,2024,0.9999999974263184,0.9999999983436193,0.9999999995859048,1.0,2.573681601170108e-09,0,0.0,50000,ok=50000
"U(0.01,0.1), eps=1e-06",narrow_e6,reverse_eng_risk,qmetrology.algorithms.find_phi_fixed_budget_reverse_engineering_risk,7244711353,50000,2024,0.999999997190022,0.9999999977914924,0.9999999994478731,0.9999999997239366,2.80997802803995e-09,0,0.0,50000,ok=50000
"U(0.01,0.1), eps=1e-06",narrow_e6,brute,qmetrology.algorithms.find_phi_fixed_budget_brute_force,10262744755,50000,2024,0.999999999025602,0.9999999990256018,0.9999999990256018,0.9999999990256018,9.743980067256075e-10,0,0.0,50000,ok=50000
"U(0.01,0.1), eps=1e-06",narrow_e6,linear,qmetrology.algorithms.find_phi_fixed_budget_linear_search,10262744755,50000,2024,0.9999999980721453,0.9999999989281619,0.9999999994153611,0.9999999998051203,1.927854653693828e-09,0,0.0,50000,detector_fired=49639;scan_exhausted=361
"U(0.01,0.1), eps=1e-06",narrow_e6,binary_deep,qmetrology.algorithms.find_phi_fixed_budget_binary_search_deep,10262744755,50000,2024,0.9999999980310278,0.9999999985384027,0.9999999997076805,1.0,1.9689722075000304e-09,0,0.0,50000,ok=50000
"U(0.01,0.1), eps=1e-06",narrow_e6,reverse_eng_risk,qmetrology.algorithms.find_phi_fixed_budget_reverse_engineering_risk,10262744755,50000,2024,0.9999999983671639,0.9999999988307222,1.0,1.0,1.6328360885609072e-09,0,0.0,50000,ok=50000
"U(0.01,0.1), eps=1e-06",narrow_e6,brute,qmetrology.algorithms.find_phi_fixed_budget_brute_force,14538043655,50000,2024,0.9999999996560748,0.9999999996560748,0.9999999996560748,0.9999999996560748,3.439252216352884e-10,0,0.0,50000,ok=50000
"U(0.01,0.1), eps=1e-06",narrow_e6,linear,qmetrology.algorithms.find_phi_fixed_budget_linear_search,14538043655,50000,2024,0.9999999987899334,0.9999999992433645,0.9999999997936448,1.0,1.210066602475024e-09,0,0.0,50000,detector_fired=49837;scan_exhausted=163
"U(0.01,0.1), eps=1e-06",narrow_e6,binary_deep,qmetrology.algorithms.find_phi_fixed_budget_binary_search_deep,14538043655,50000,2024,0.9999999986974795,0.9999999991057944,0.9999999997936448,1.0,1.3025205358729863e-09,0,0.0,50000,ok=50000
"U(0.01,0.1), eps=1e-06",narrow_e6,reverse_eng_risk,qmetrology.algorithms.find_phi_fixed_budget_reverse_engineering_risk,14538043655,50000,2024,0.9999999988216735,0.9999999993809345,0.9999999999312149,0.9999999999312149,1.1783265474463178e-09,0,0.0,50000,ok=50000
"U(0.01,0.1), eps=1e-06",narrow_e6,brute,qmetrology.algorithms.find_phi_fixed_budget_brute_force,20594365186,50000,2024,0.9999999999514432,0.9999999999514431,0.9999999999514431,0.9999999999514431,4.855682522730831e-11,0,0.0,50000,ok=50000
"U(0.01,0.1), eps=1e-06",narrow_e6,linear,qmetrology.algorithms.find_phi_fixed_budget_linear_search,20594365186,50000,2024,0.9999999992720154,0.9999999995144303,0.999999999902886,1.0,7.279845615215663e-10,0,0.0,50000,detector_fired=49858;scan_exhausted=142
"U(0.01,0.1), eps=1e-06",narrow_e6,binary_deep,qmetrology.algorithms.find_phi_fixed_budget_binary_search_deep,20594365186,50000,2024,0.9999999990843312,0.9999999994658734,0.999999999902886,1.0,9.156687630351712e-10,0,0.0,50000,ok=50000
"U(0.01,0.1), eps=1e-06",narrow_e6,reverse_eng_risk,qmetrology.algorithms.find_phi_fixed_budget_reverse_engineering_risk,20594365186,50000,2024,0.9999999990649004,0.9999999993687594,0.9999999998057721,0.9999999999514431,9.350995533452533e-10,0,0.0,50000,ok=50000
"U(0.01,0.1), eps=1e-06",narrow_e6,brute,qmetrology.algorithms.find_phi_fixed_budget_brute_force,29173655514,50000,2024,0.9999999996915023,0.9999999996915024,0.9999999996915024,0.9999999996915024,3.0849767185259225e-10,0,0.0,50000,ok=50000
"U(0.01,0.1), eps=1e-06",narrow_e6,linear,qmetrology.algorithms.find_phi_fixed_budget_linear_search,29173655514,50000,2024,0.999999999437921,0.99999999958867,0.9999999999657225,1.0,5.620790499705208e-10,0,0.0,50000,detector_fired=49858;scan_exhausted=142
"U(0.01,0.1), eps=1e-06",narrow_e6,binary_deep,qmetrology.algorithms.find_phi_fixed_budget_binary_search_deep,29173655514,50000,2024,0.9999999993883385,0.99999999958867,0.999999999931445,1.0,6.116614992279779e-10,0,0.0,50000,ok=50000
"U(0.01,0.1), eps=1e-06",narrow_e6,reverse_eng_risk,qmetrology.algorithms.find_phi_fixed_budget_reverse_engineering_risk,29173655514,50000,2024,0.9999999993481625,0.9999999994858375,0.9999999998971675,1.0,6.518374728869958e-10,0,0.0,50000,ok=50000
"U(0.01,0.1), eps=1e-06",narrow_e6,brute,qmetrology.algorithms.find_phi_fixed_budget_brute_force,41326943964,50000,2024,0.9999999997822241,0.9999999997822244,0.9999999997822244,0.9999999997822244,2.1777590841765004e-10,0,0.0,50000,ok=50000
"U(0.01,0.1), eps=1e-06",narrow_e6,linear,qmetrology.algorithms.find_phi_fixed_budget_linear_search,41326943964,50000,2024,0.9999999995440917,0.9999999997096325,0.9999999999032109,0.9999999999758027,4.5590831110331465e-10,0,0.0,50000,detector_fired=49856;scan_exhausted=144
"U(0.01,0.1), eps=1e-06",narrow_e6,binary_deep,qmetrology.algorithms.find_phi_fixed_budget_binary_search_deep,41326943964,50000,2024,0.9999999995367975,0.9999999997096325,0.9999999999274082,1.0,4.632024763751019e-10,0,0.0,50000,ok=50000
"U(0.01,0.1), eps=1e-06",narrow_e6,reverse_eng_risk,qmetrology.algorithms.find_phi_fixed_budget_reverse_engineering_risk,41326943964,50000,2024,0.9999999995639841,0.9999999997096325,0.9999999999758027,1.0,4.360158900595934e-10,0,0.0,50000,ok=50000
"U(0.01,0.1), eps=1e-06",narrow_e6,brute,qmetrology.algorithms.find_phi_fixed_budget_brute_force,58543102238,50000,2024,0.9999999998633485,0.9999999998633485,0.9999999998633485,0.9999999998633485,1.3665146791908e-10,0,0.0,50000,ok=50000
"U(0.01,0.1), eps=1e-06",narrow_e6,linear,qmetrology.algorithms.find_phi_fixed_budget_linear_search,58543102238,50000,2024,0.9999999997140444,0.9999999998121043,0.9999999999316743,1.0,2.859555925383006e-10,0,0.0,50000,detector_fired=49857;scan_exhausted=143
"U(0.01,0.1), eps=1e-06",narrow_e6,binary_deep,qmetrology.algorithms.find_phi_fixed_budget_binary_search_deep,58543102238,50000,2024,0.9999999997072581,0.9999999997779414,1.0,1.0,2.9274194179862434e-10,0,0.0,50000,ok=50000
"U(0.01,0.1), eps=1e-06",narrow_e6,reverse_eng_risk,qmetrology.algorithms.find_phi_fixed_budget_reverse_engineering_risk,58543102238,50000,2024,0.9999999996995178,0.9999999997266971,0.9999999999658371,1.0,3.00482194681706e-10,0,0.0,50000,ok=50000
"U(0.01,0.1), eps=1e-06",narrow_e6,brute,qmetrology.algorithms.find_phi_fixed_budget_brute_force,82931242693,50000,2024,0.9999999998432436,0.9999999998432436,0.9999999998432436,0.9999999998432436,1.567563856497145e-10,0,0.0,50000,ok=50000
"U(0.01,0.1), eps=1e-06",narrow_e6,linear,qmetrology.algorithms.find_phi_fixed_budget_linear_search,82931242693,50000,2024,0.999999999839484,0.99999999986736,0.9999999999879419,1.0,1.6051604490030513e-10,0,0.0,50000,detector_fired=49983;scan_exhausted=17
"U(0.01,0.1), eps=1e-06",narrow_e6,binary_deep,qmetrology.algorithms.find_phi_fixed_budget_binary_search_deep,82931242693,50000,2024,0.9999999997789105,0.99999999986736,0.9999999999638255,1.0,2.2108948005694629e-10,0,0.0,50000,ok=50000
"U(0.01,0.1), eps=1e-06",narrow_e6,reverse_eng_risk,qmetrology.algorithms.find_phi_fixed_budget_reverse_engineering_risk,82931242693,50000,2024,0.9999999998015653,0.9999999998432436,0.9999999999879419,1.0,1.984347131056552e-10,0,0.0,50000,ok=50000
"U(0.01,0.1), eps=1e-06",narrow_e6,brute,qmetrology.algorithms.find_phi_fixed_budget_brute_force,117479100897,50000,2024,0.9999999998978542,0.9999999998978542,0.9999999998978542,0.9999999998978542,1.021458473360326e-10,0,0.0,50000,ok=50000
"U(0.01,0.1), eps=1e-06",narrow_e6,linear,qmetrology.algorithms.find_phi_fixed_budget_linear_search,117479100897,50000,2024,0.9999999998735474,0.9999999998978542,0.9999999999489271,1.0,1.2645262614796593e-10,0,0.0,50000,detector_fired=49998;scan_exhausted=2
"U(0.01,0.1), eps=1e-06",narrow_e6,binary_deep,qmetrology.algorithms.find_phi_fixed_budget_binary_search_deep,117479100897,50000,2024,0.9999999998281881,0.9999999998893421,0.9999999999574393,1.0,1.7181189804205133e-10,0,0.0,50000,ok=50000
"U(0.01,0.1), eps=1e-06",narrow_e6,reverse_eng_risk,qmetrology.algorithms.find_phi_fixed_budget_reverse_engineering_risk,117479100897,50000,2024,0.9999999998779578,0.9999999998978542,0.9999999999829757,0.9999999999829757,1.2204215416034003e-10,0,0.0,50000,ok=50000
"U(0.01,0.1), eps=1e-06",narrow_e6,brute,qmetrology.algorithms.find_phi_fixed_budget_brute_force,166419056310,50000,2024,1.0,1.0,1.0,1.0,0.0,0,0.0,50000,ok=50000
"U(0.01,0.1), eps=1e-06",narrow_e6,linear,qmetrology.algorithms.find_phi_fixed_budget_linear_search,166419056310,50000,2024,0.9999999999673662,1.0,1.0,1.0,3.263378456352939e-11,0,0.0,50000,detector_fired=49995;scan_exhausted=5
"U(0.01,0.1), eps=1e-06",narrow_e6,binary_deep,qmetrology.algorithms.find_phi_fixed_budget_binary_search_deep,166419056310,50000,2024,0.999999999919624,0.9999999999399107,0.9999999999879822,1.0,8.037603915767022e-11,0,0.0,50000,ok=50000
"U(0.01,0.1), eps=1e-06",narrow_e6,reverse_eng_risk,qmetrology.algorithms.find_phi_fixed_budget_reverse_engineering_risk,166419056310,50000,2024,0.9999999999325702,0.9999999999459197,1.0,1.0,6.742983948981873e-11,0,0.0,50000,ok=50000
"U(0.01,0.1), eps=1e-06",narrow_e6,brute,qmetrology.algorithms.find_phi_fixed_budget_brute_force,235746631456,50000,2024,0.9999999999957582,0.9999999999957582,0.9999999999957582,0.9999999999957582,4.2418291101853356e-12,0,0.0,50000,ok=50000
"U(0.01,0.1), eps=1e-06",narrow_e6,linear,qmetrology.algorithms.find_phi_fixed_budget_linear_search,235746631456,50000,2024,0.9999999999769225,0.9999999999787907,0.9999999999915163,0.9999999999915163,2.3077539879068354e-11,0,0.0,50000,detector_fired=50000
"U(0.01,0.1), eps=1e-06",narrow_e6,binary_deep,qmetrology.algorithms.find_phi_fixed_budget_binary_search_deep,235746631456,50000,2024,0.9999999999424428,0.9999999999575816,0.9999999999957582,1.0,5.755718124333953e-11,0,0.0,50000,ok=50000
"U(0.01,0.1), eps=1e-06",narrow_e6,reverse_eng_risk,qmetrology.algorithms.find_phi_fixed_budget_reverse_engineering_risk,235746631456,50000,2024,0.9999999999739407,0.9999999999915163,0.9999999999957582,1.0,2.6059265856304137e-11,0,0.0,50000,ok=50000
"U(0.01,0.1), eps=1e-06",narrow_e6,brute,qmetrology.algorithms.find_phi_fixed_budget_brute_force,333954989743,50000,2024,0.9999999999610728,0.9999999999610726,0.9999999999610726,0.9999999999610726,3.892719480091955e-11,0,0.0,50000,ok=50000
"U(0.01,0.1), eps=1e-06",narrow_e6,linear,qmetrology.algorithms.find_phi_fixed_budget_linear_search,333954989743,50000,2024,0.9999999999829747,0.999999999985028,0.9999999999940111,0.9999999999970056,1.7025270082626776e-11,0,0.0,50000,detector_fired=50000
"U(0.01,0.1), eps=1e-06",narrow_e6,binary_deep,qmetrology.algorithms.find_phi_fixed_budget_binary_search_deep,333954989743,50000,2024,0.9999999999593988,0.9999999999610726,0.9999999999880224,1.0,4.060118907744936e-11,0,0.0,50000,ok=50000
"U(0.01,0.1), eps=1e-06",narrow_e6,reverse_eng_risk,qmetrology.algorithms.find_phi_fixed_budget_reverse_engineering_risk,333954989743,50000,2024,0.9999999999610728,0.9999999999610726,0.9999999999610726,0.9999999999610726,3.892719480091955e-11,0,0.0,50000,ok=50000
"U(0.01,0.1), eps=1e-06",narrow_e6,brute,qmetrology.algorithms.find_phi_fixed_budget_brute_force,473075413571,50000,2024,0.9999999999767476,0.9999999999767479,0.9999999999767479,0.9999999999767479,2.3252400005446816e-11,0,0.0,50000,ok=50000
"U(0.01,0.1), eps=1e-06",narrow_e6,linear,qmetrology.algorithms.find_phi_fixed_budget_linear_search,473075413571,50000,2024,0.9999999999883099,0.999999999987317,0.9999999999978861,0.9999999999978861,1.1690093337790586e-11,0,0.0,50000,detector_fired=50000
"U(0.01,0.1), eps=1e-06",narrow_e6,binary_deep,qmetrology.algorithms.find_phi_fixed_budget_binary_search_deep,473075413571,50000,2024,0.9999999999773521,0.9999999999767479,0.9999999999957724,0.9999999999978861,2.2647883568538418e-11,0,0.0,50000,ok=50000
"U(0.01,0.1), eps=1e-06",narrow_e6,reverse_eng_risk,qmetrology.algorithms.find_phi_fixed_budget_reverse_engineering_risk,473075413571,50000,2024,0.9999999999767476,0.9999999999767479,0.9999999999767479,0.9999999999767479,2.3252400005446816e-11,0,0.0,50000,ok=50000
"U(0.01,0.1), eps=1e-06",narrow_e6,brute,qmetrology.algorithms.find_phi_fixed_budget_brute_force,670151229355,50000,2024,0.9999999999850782,0.999999999985078,0.999999999985078,0.999999999985078,1.4921841540171954e-11,0,0.0,50000,ok=50000
"U(0.01,0.1), eps=1e-06",narrow_e6,linear,qmetrology.algorithms.find_phi_fixed_budget_linear_search,670151229355,50000,2024,0.9999999999972881,1.0,1.0,1.0,2.71194178225187e-12,0,0.0,50000,detector_fired=50000
"U(0.01,0.1), eps=1e-06",narrow_e6,binary_deep,qmetrology.algorithms.find_phi_fixed_budget_binary_search_deep,670151229355,50000,2024,0.999999999990472,0.9999999999940312,1.0,1.0,9.528045019635556e-12,0,0.0,50000,ok=50000
"U(0.01,0.1), eps=1e-06",narrow_e6,reverse_eng_risk,qmetrology.algorithms.find_phi_fixed_budget_reverse_engineering_risk,670151229355,50000,2024,0.9999999999850782,0.999999999985078,0.999999999985078,0.999999999985078,1.4921841540171954e-11,0,0.0,50000,ok=50000
"U(0.01,0.1), eps=1e-06",narrow_e6,brute,qmetrology.algorithms.find_phi_fixed_budget_brute_force,949325746642,50000,2024,0.9999999999926262,0.9999999999926263,0.9999999999926263,0.9999999999926263,7.373768262652902e-12,0,0.0,50000,ok=50000
"U(0.01,0.1), eps=1e-06",narrow_e6,linear,qmetrology.algorithms.find_phi_fixed_budget_linear_search,949325746642,50000,2024,0.9999999999973843,0.9999999999989466,0.9999999999989466,1.0,2.615685446016869e-12,0,0.0,50000,detector_fired=50000
"U(0.01,0.1), eps=1e-06",narrow_e6,binary_deep,qmetrology.algorithms.find_phi_fixed_budget_binary_search_deep,949325746642,50000,2024,0.999999999990887,0.9999999999926263,0.9999999999926263,1.0,9.113043653030672e-12,0,0.0,50000,ok=50000
"U(0.01,0.1), eps=1e-06",narrow_e6,reverse_eng_risk,qmetrology.algorithms.find_phi_fixed_budget_reverse_engineering_risk,949325746642,50000,2024,0.9999999999926262,0.9999999999926263,0.9999999999926263,0.9999999999926263,7.373768262652902e-12,0,0.0,50000,ok=50000
"U(0.01,0.1), eps=1e-06",narrow_e6,brute,qmetrology.algorithms.find_phi_fixed_budget_brute_force,1344800000000,50000,2024,0.999999999996282,0.999999999996282,0.999999999996282,0.999999999996282,3.718025887167187e-12,0,0.0,50000,ok=50000
"U(0.01,0.1), eps=1e-06",narrow_e6,linear,qmetrology.algorithms.find_phi_fixed_budget_linear_search,1344800000000,50000,2024,0.9999999999981767,0.9999999999992564,0.9999999999992564,1.0,1.8233192733418946e-12,0,0.0,50000,detector_fired=50000
"U(0.01,0.1), eps=1e-06",narrow_e6,binary_deep,qmetrology.algorithms.find_phi_fixed_budget_binary_search_deep,1344800000000,50000,2024,0.9999999999929854,0.999999999992564,0.9999999999933076,0.9999999999970256,7.014611114186664e-12,0,0.0,50000,ok=50000
"U(0.01,0.1), eps=1e-06",narrow_e6,reverse_eng_risk,qmetrology.algorithms.find_phi_fixed_budget_reverse_engineering_risk,1344800000000,50000,2024,0.9999999999972279,1.0,1.0,1.0,2.7721158701865534e-12,0,0.0,50000,ok=50000
"U(0.01,0.1), eps=1e-07",narrow_e7,brute,qmetrology.algorithms.find_phi_fixed_budget_brute_force,89653333333,50000,2024,0.9999999998549971,0.999999999854997,0.999999999854997,0.999999999854997,1.4500289857721782e-10,0,0.0,50000,ok=50000
"U(0.01,0.1), eps=1e-07",narrow_e7,linear,qmetrology.algorithms.find_phi_fixed_budget_linear_search,89653333333,50000,2024,0.999999999800676,0.9999999998773051,0.9999999999665378,1.0,1.9932400174837994e-10,0,0.0,50000,detector_fired=49640;scan_exhausted=360
"U(0.01,0.1), eps=1e-07",narrow_e7,binary_deep,qmetrology.algorithms.find_phi_fixed_budget_binary_search_deep,89653333333,50000,2024,0.9999999997831815,0.999999999854997,0.9999999999888459,1.0,2.168184520812133e-10,0,0.0,50000,ok=50000
"U(0.01,0.1), eps=1e-07",narrow_e7,reverse_eng_risk,qmetrology.algorithms.find_phi_fixed_budget_reverse_engineering_risk,89653333333,50000,2024,0.9999999998172187,0.999999999854997,0.9999999999888459,1.0,1.8278134561455772e-10,0,0.0,50000,ok=50000
"U(0.01,0.1), eps=1e-07",narrow_e7,brute,qmetrology.algorithms.find_phi_fixed_budget_brute_force,127001509327,50000,2024,0.9999999999448825,0.9999999999448825,0.9999999999448825,0.9999999999448825,5.5117466146725747e-11,0,0.0,50000,ok=50000
"U(0.01,0.1), eps=1e-07",narrow_e7,linear,qmetrology.algorithms.find_phi_fixed_budget_linear_search,127001509327,50000,2024,0.9999999998529246,0.9999999998897651,0.9999999999921261,1.0,1.470753518972856e-10,0,0.0,50000,detector_fired=49636;scan_exhausted=364
"U(0.01,0.1), eps=1e-07",narrow_e7,binary_deep,qmetrology.algorithms.find_phi_fixed_budget_binary_search_deep,127001509327,50000,2024,0.9999999998513464,0.9999999998897651,0.9999999999842522,1.0,1.4865364494909272e-10,0,0.0,50000,ok=50000
"U(0.01,0.1), eps=1e-07",narrow_e7,reverse_eng_risk,qmetrology.algorithms.find_phi_fixed_budget_reverse_engineering_risk,127001509327,50000,2024,0.9999999998355364,0.9999999998661433,0.9999999999842522,1.0,1.6446355388666234e-10,0,0.0,50000,ok=50000
"U(0.01,0.1), eps=1e-07",narrow_e7,brute,qmetrology.algorithms.find_phi_fixed_budget_brute_force,179908351108,50000,2024,0.9999999999277411,0.999999999927741,0.999999999927741,0.999999999927741,7.225886555772831e-11,0,0.0,50000,ok=50000
"U(0.01,0.1), eps=1e-07",narrow_e7,linear,qmetrology.algorithms.find_phi_fixed_budget_linear_search,179908351108,50000,2024,0.9999999999170351,0.9999999999555329,0.9999999999833249,0.9999999999944417,8.296485720649116e-11,0,0.0,50000,detector_fired=49642;scan_exhausted=358
"U(0.01,0.1), eps=1e-07",narrow_e7,binary_deep,qmetrology.algorithms.find_phi_fixed_budget_binary_search_deep,179908351108,50000,2024,0.9999999998879082,0.999999999927741,0.9999999999777665,1.0,1.1209178030213707e-10,0,0.0,50000,ok=50000
"U(0.01,0.1), eps=1e-07",narrow_e7,reverse_eng_risk,qmetrology.algorithms.find_phi_fixed_budget_reverse_engineering_risk,179908351108,50000,2024,0.9999999998987952,0.999999999927741,0.9999999999944417,0.9999999999944417,1.0120482230036032e-10,0,0.0,50000,ok=50000
"U(0.01,0.1), eps=1e-07",narrow_e7,brute,qmetrology.algorithms.find_phi_fixed_budget_brute_force,254855355420,50000,2024,1.0,1.0,1.0,1.0,0.0,0,0.0,50000,ok=50000
"U(0.01,0.1), eps=1e-07",narrow_e7,linear,qmetrology.algorithms.find_phi_fixed_budget_linear_search,254855355420,50000,2024,0.9999999999221714,0.9999999999411431,1.0,1.0,7.78286324276678e-11,0,0.0,50000,detector_fired=49677;scan_exhausted=323
"U(0.01,0.1), eps=1e-07",narrow_e7,binary_deep,qmetrology.algorithms.find_phi_fixed_budget_binary_search_deep,254855355420,50000,2024,0.9999999999256007,0.9999999999450668,1.0,1.0,7.439926452690315e-11,0,0.0,50000,ok=50000
"U(0.01,0.1), eps=1e-07",narrow_e7,reverse_eng_risk,qmetrology.algorithms.find_phi_fixed_budget_reverse_engineering_risk,254855355420,50000,2024,0.9999999999335801,0.999999999960762,1.0,1.0,6.641986960431723e-11,0,0.0,50000,ok=50000
"U(0.01,0.1), eps=1e-07",narrow_e7,brute,qmetrology.algorithms.find_phi_fixed_budget_brute_force,361024109144,50000,2024,0.9999999999612215,0.9999999999612215,0.9999999999612215,0.9999999999612215,3.877853593792224e-11,0,0.0,50000,ok=50000
"U(0.01,0.1), eps=1e-07",narrow_e7,linear,qmetrology.algorithms.find_phi_fixed_budget_linear_search,361024109144,50000,2024,0.999999999953422,0.9999999999639914,0.9999999999944602,1.0,4.657796370821643e-11,0,0.0,50000,detector_fired=49676;scan_exhausted=324
"U(0.01,0.1), eps=1e-07",narrow_e7,binary_deep,qmetrology.algorithms.find_phi_fixed_budget_binary_search_deep,361024109144,50000,2024,0.9999999999468832,0.9999999999556817,0.9999999999889204,1.0,5.3116844256351214e-11,0,0.0,50000,ok=50000
"U(0.01,0.1), eps=1e-07",narrow_e7,reverse_eng_risk,qmetrology.algorithms.find_phi_fixed_budget_reverse_engineering_risk,361024109144,50000,2024,0.9999999999407911,0.9999999999612215,0.9999999999833806,1.0,5.920886003707437e-11,0,0.0,50000,ok=50000
"U(0.01,0.1), eps=1e-07",narrow_e7,brute,qmetrology.algorithms.find_phi_fixed_budget_brute_force,511421104605,50000,2024,1.0,1.0,1.0,1.0,0.0,0,0.0,50000,ok=50000
"U(0.01,0.1), eps=1e-07",narrow_e7,linear,qmetrology.algorithms.find_phi_fixed_budget_linear_search,511421104605,50000,2024,0.9999999999614656,0.9999999999726253,0.999999999994134,1.0,3.853439789480717e-11,0,0.0,50000,detector_fired=49857;scan_exhausted=143
"U(0.01,0.1), eps=1e-07",narrow_e7,binary_deep,qmetrology.algorithms.find_phi_fixed_budget_binary_search_deep,511421104605,50000,2024,0.9999999999610518,0.9999999999745807,0.999999999994134,1.0,3.8948178016084967e-11,0,0.0,50000,ok=50000
"U(0.01,0.1), eps=1e-07",narrow_e7,reverse_eng_risk,qmetrology.algorithms.find_phi_fixed_budget_reverse_engineering_risk,511421104605,50000,2024,0.9999999999694236,0.999999999982402,1.0,1.0,3.057643027659651e-11,0,0.0,50000,ok=50000
"U(0.01,0.1), eps=1e-07",narrow_e7,brute,qmetrology.algorithms.find_phi_fixed_budget_brute_force,724471135335,50000,2024,1.0,1.0,1.0,1.0,0.0,0,0.0,50000,ok=50000
"U(0.01,0.1), eps=1e-07",narrow_e7,linear,qmetrology.algorithms.find_phi_fixed_budget_linear_search,724471135335,50000,2024,0.9999999999784148,0.9999999999848165,0.9999999999986197,0.9999999999986197,2.158517808936722e-11,0,0.0,50000,detector_fired=49854;scan_exhausted=146
"U(0.01,0.1), eps=1e-07",narrow_e7,binary_deep,qmetrology.algorithms.find_phi_fixed_budget_binary_search_deep,724471135335,50000,2024,0.9999999999737516,0.9999999999792952,0.9999999999958591,1.0,2.6248447859700264e-11,0,0.0,50000,ok=50000
"U(0.01,0.1), eps=1e-07",narrow_e7,reverse_eng_risk,qmetrology.algorithms.find_phi_fixed_budget_reverse_engineering_risk,724471135335,50000,2024,0.9999999999785246,0.9999999999861968,0.9999999999986197,1.0,2.147537703223179e-11,0,0.0,50000,ok=50000
"U(0.01,0.1), eps=1e-07",narrow_e7,brute,qmetrology.algorithms.find_phi_fixed_budget_brute_force,1026274475590,50000,2024,0.999999999990256,0.999999999990256,0.999999999990256,0.999999999990256,9.743983397925149e-12,0,0.0,50000,ok=50000
"U(0.01,0.1), eps=1e-07",narrow_e7,linear,qmetrology.algorithms.find_phi_fixed_budget_linear_search,1026274475590,50000,2024,0.9999999999828707,0.9999999999892816,0.9999999999990256,0.9999999999990256,1.7129297980034153e-11,0,0.0,50000,detector_fired=49861;scan_exhausted=139
"U(0.01,0.1), eps=1e-07",narrow_e7,binary_deep,qmetrology.algorithms.find_phi_fixed_budget_binary_search_deep,1026274475590,50000,2024,0.999999999981078,0.9999999999873328,0.9999999999961025,1.0,1.8921975097896393e-11,0,0.0,50000,ok=50000
"U(0.01,0.1), eps=1e-07",narrow_e7,reverse_eng_risk,qmetrology.algorithms.find_phi_fixed_budget_reverse_engineering_risk,1026274475590,50000,2024,0.9999999999791771,0.9999999999844096,0.9999999999922048,1.0,2.0822898960659586e-11,0,0.0,50000,ok=50000
"U(0.01,0.1), eps=1e-07",narrow_e7,brute,qmetrology.algorithms.find_phi_fixed_budget_brute_force,1453804365525,50000,2024,1.0,1.0,1.0,1.0,0.0,0,0.0,50000,ok=50000
"U(0.01,0.1), eps=1e-07",narrow_e7,linear,qmetrology.algorithms.find_phi_fixed_budget_linear_search,1453804365525,50000,2024,0.9999999999872798,0.9999999999896823,0.9999999999993121,1.0,1.2720158260037806e-11,0,0.0,50000,detector_fired=49678;scan_exhausted=322
"U(0.01,0.1), eps=1e-07",narrow_e7,binary_deep,qmetrology.algorithms.find_phi_fixed_budget_binary_search_deep,1453804365525,50000,2024,0.9999999999861198,0.9999999999903701,0.9999999999979364,1.0,1.3880230298468632e-11,0,0.0,50000,ok=50000
"U(0.01,0.1), eps=1e-07",narrow_e7,reverse_eng_risk,qmetrology.algorithms.find_phi_fixed_budget_reverse_engineering_risk,1453804365525,50000,2024,0.9999999999877641,0.9999999999917458,1.0,1.0,1.2235878976696313e-11,0,0.0,50000,ok=50000
"U(0.01,0.1), eps=1e-07",narrow_e7,brute,qmetrology.algorithms.find_phi_fixed_budget_brute_force,2059436518680,50000,2024,1.0,1.0,1.0,1.0,0.0,0,0.0,50000,ok=50000
"U(0.01,0.1), eps=1e-07",narrow_e7,linear,qmetrology.algorithms.find_phi_fixed_budget_linear_search,2059436518680,50000,2024,0.9999999999910475,0.9999999999946587,0.9999999999970866,1.0,8.952505403669875e-12,0,0.0,50000,detector_fired=49855;scan_exhausted=145
"U(0.01,0.1), eps=1e-07",narrow_e7,binary_deep,qmetrology.algorithms.find_phi_fixed_budget_binary_search_deep,2059436518680,50000,2024,0.999999999990885,0.9999999999941732,0.9999999999990289,1.0,9.115042054474998e-12,0,0.0,50000,ok=50000
"U(0.01,0.1), eps=1e-07",narrow_e7,reverse_eng_risk,qmetrology.algorithms.find_phi_fixed_budget_reverse_engineering_risk,2059436518680,50000,2024,0.9999999999910903,0.9999999999912598,1.0,1.0,8.909650794919344e-12,0,0.0,50000,ok=50000
"U(0.01,0.1), eps=1e-07",narrow_e7,brute,qmetrology.algorithms.find_phi_fixed_budget_brute_force,2917365551411,50000,2024,0.9999999999962293,0.9999999999962295,0.9999999999962295,0.9999999999962295,3.770650458534419e-12,0,0.0,50000,ok=50000
"U(0.01,0.1), eps=1e-07",narrow_e7,linear,qmetrology.algorithms.find_phi_fixed_budget_linear_search,2917365551411,50000,2024,0.999999999994252,0.9999999999952012,0.9999999999989717,1.0,5.747957665391823e-12,0,0.0,50000,detector_fired=49856;scan_exhausted=144
"U(0.01,0.1), eps=1e-07",narrow_e7,binary_deep,qmetrology.algorithms.find_phi_fixed_budget_binary_search_deep,2917365551411,50000,2024,0.9999999999935211,0.9999999999952012,0.9999999999989717,1.0,6.478928504805026e-12,0,0.0,50000,ok=50000
"U(0.01,0.1), eps=1e-07",narrow_e7,reverse_eng_risk,qmetrology.algorithms.find_phi_fixed_budget_reverse_engineering_risk,2917365551411,50000,2024,0.9999999999931343,0.9999999999952012,0.9999999999986289,0.9999999999996573,6.8657302065844306e-12,0,0.0,50000,ok=50000
"U(0.01,0.1), eps=1e-07",narrow_e7,brute,qmetrology.algorithms.find_phi_fixed_budget_brute_force,4132694396433,50000,2024,0.9999999999992741,0.9999999999992741,0.9999999999992741,0.9999999999992741,7.258638134999273e-13,0,0.0,50000,ok=50000
"U(0.01,0.1), eps=1e-07",narrow_e7,linear,qmetrology.algorithms.find_phi_fixed_budget_linear_search,4132694396433,50000,2024,0.9999999999962216,0.9999999999978223,0.9999999999990321,0.9999999999997581,3.778422019706795e-12,0,0.0,50000,detector_fired=49859;scan_exhausted=141
"U(0.01,0.1), eps=1e-07",narrow_e7,binary_deep,qmetrology.algorithms.find_phi_fixed_budget_binary_search_deep,4132694396433,50000,2024,0.9999999999957185,0.9999999999973384,0.9999999999997581,1.0,4.281464072164454e-12,0,0.0,50000,ok=50000
"U(0.01,0.1), eps=1e-07",narrow_e7,reverse_eng_risk,qmetrology.algorithms.find_phi_fixed_budget_reverse_engineering_risk,4132694396433,50000,2024,0.9999999999954717,0.9999999999968544,0.9999999999992741,0.999999999999516,4.528266650538626e-12,0,0.0,50000,ok=50000
"U(0.01,0.1), eps=1e-07",narrow_e7,brute,qmetrology.algorithms.find_phi_fixed_budget_brute_force,5854310223842,50000,2024,0.9999999999996585,0.9999999999996584,0.9999999999996584,0.9999999999996584,3.4150460237469815e-13,0,0.0,50000,ok=50000
"U(0.01,0.1), eps=1e-07",narrow_e7,linear,qmetrology.algorithms.find_phi_fixed_budget_linear_search,5854310223842,50000,2024,0.999999999996975,0.9999999999982918,0.9999999999998291,1.0,3.025024675196164e-12,0,0.0,50000,detector_fired=49681;scan_exhausted=319
"U(0.01,0.1), eps=1e-07",narrow_e7,binary_deep,qmetrology.algorithms.find_phi_fixed_budget_binary_search_deep,5854310223842,50000,2024,0.9999999999968158,0.9999999999979502,0.9999999999996584,1.0,3.1842306569274115e-12,0,0.0,50000,ok=50000
"U(0.01,0.1), eps=1e-07",narrow_e7,reverse_eng_risk,qmetrology.algorithms.find_phi_fixed_budget_reverse_engineering_risk,5854310223842,50000,2024,0.9999999999975389,0.9999999999976086,0.9999999999996584,0.9999999999998291,2.461142400989047e-12,0,0.0,50000,ok=50000
"U(0.01,0.1), eps=1e-07",narrow_e7,brute,qmetrology.algorithms.find_phi_fixed_budget_brute_force,8293124269377,50000,2024,0.9999999999985528,0.999999999998553,0.999999999998553,0.999999999998553,1.4471757125988916e-12,0,0.0,50000,ok=50000
"U(0.01,0.1), eps=1e-07",narrow_e7,linear,qmetrology.algorithms.find_phi_fixed_budget_linear_search,8293124269377,50000,2024,0.9999999999980687,0.999999999998553,0.9999999999998794,1.0,1.9313439736379223e-12,0,0.0,50000,detector_fired=49985;scan_exhausted=15
"U(0.01,0.1), eps=1e-07",narrow_e7,binary_deep,qmetrology.algorithms.find_phi_fixed_budget_binary_search_deep,8293124269377,50000,2024,0.9999999999979354,0.9999999999984325,0.9999999999998794,1.0,2.064570736592941e-12,0,0.0,50000,ok=50000
"U(0.01,0.1), eps=1e-07",narrow_e7,reverse_eng_risk,qmetrology.algorithms.find_phi_fixed_budget_reverse_engineering_risk,8293124269377,50000,2024,0.9999999999981848,0.999999999998553,0.9999999999996383,1.0,1.815214645262131e-12,0,0.0,50000,ok=50000
"U(0.01,0.1), eps=1e-07",narrow_e7,brute,qmetrology.algorithms.find_phi_fixed_budget_brute_force,11747910089773,50000,2024,0.9999999999988938,0.9999999999988934,0.9999999999988934,0.9999999999988934,1.106226221736506e-12,0,0.0,50000,ok=50000
"U(0.01,0.1), eps=1e-07",narrow_e7,linear,qmetrology.algorithms.find_phi_fixed_budget_linear_search,11747910089773,50000,2024,0.9999999999988587,0.9999999999990636,0.9999999999996595,0.9999999999999148,1.141309269314661e-12,0,0.0,50000,detector_fired=49981;scan_exhausted=19
"U(0.01,0.1), eps=1e-07",narrow_e7,binary_deep,qmetrology.algorithms.find_phi_fixed_budget_binary_search_deep,11747910089773,50000,2024,0.9999999999983425,0.9999999999988934,0.9999999999995743,1.0,1.6574519534628962e-12,0,0.0,50000,ok=50000
"U(0.01,0.1), eps=1e-07",narrow_e7,reverse_eng_risk,qmetrology.algorithms.find_phi_fixed_budget_reverse_engineering_risk,11747910089773,50000,2024,0.9999999999987019,0.9999999999988934,0.9999999999997446,1.0,1.298072760391733e-12,0,0.0,50000,ok=50000
"U(0.01,0.1), eps=1e-07",narrow_e7,brute,qmetrology.algorithms.find_phi_fixed_budget_brute_force,16641905631032,50000,2024,0.9999999999998798,0.9999999999998799,0.9999999999998799,0.9999999999998799,1.2023715356690445e-13,0,0.0,50000,ok=50000
"U(0.01,0.1), eps=1e-07",narrow_e7,linear,qmetrology.algorithms.find_phi_fixed_budget_linear_search,16641905631032,50000,2024,0.9999999999996275,0.9999999999998799,0.9999999999998799,0.9999999999998799,3.7247982476174e-13,0,0.0,50000,detector_fired=49995;scan_exhausted=5
"U(0.01,0.1), eps=1e-07",narrow_e7,binary_deep,qmetrology.algorithms.find_phi_fixed_budget_binary_search_deep,16641905631032,50000,2024,0.999999999999166,0.9999999999995193,1.0,1.0,8.339995360984176e-13,0,0.0,50000,ok=50000
"U(0.01,0.1), eps=1e-07",narrow_e7,reverse_eng_risk,qmetrology.algorithms.find_phi_fixed_budget_reverse_engineering_risk,16641905631032,50000,2024,0.9999999999993961,0.9999999999994592,0.9999999999999399,1.0,6.038503030936226e-13,0,0.0,50000,ok=50000
"U(0.01,0.1), eps=1e-07",narrow_e7,brute,qmetrology.algorithms.find_phi_fixed_budget_brute_force,23574663145682,50000,2024,0.9999999999999147,0.9999999999999152,0.9999999999999152,0.9999999999999152,8.526512829121202e-14,0,0.0,50000,ok=50000
"U(0.01,0.1), eps=1e-07",narrow_e7,linear,qmetrology.algorithms.find_phi_fixed_budget_linear_search,23574663145682,50000,2024,0.99999999999966,0.999999999999788,0.999999999999788,1.0,3.3995029014022293e-13,0,0.0,50000,detector_fired=50000
"U(0.01,0.1), eps=1e-07",narrow_e7,binary_deep,qmetrology.algorithms.find_phi_fixed_budget_binary_search_deep,23574663145682,50000,2024,0.9999999999994255,0.9999999999995334,0.9999999999999152,1.0,5.745404152435185e-13,0,0.0,50000,ok=50000
"U(0.01,0.1), eps=1e-07",narrow_e7,reverse_eng_risk,qmetrology.algorithms.find_phi_fixed_budget_reverse_engineering_risk,23574663145682,50000,2024,0.9999999999996697,0.9999999999998728,0.9999999999999152,1.0,3.3029134982598407e-13,0,0.0,50000,ok=50000
"U(0.01,0.1), eps=1e-07",narrow_e7,brute,qmetrology.algorithms.find_phi_fixed_budget_brute_force,33395498974351,50000,2024,0.9999999999999697,0.99999999999997,0.99999999999997,0.99999999999997,3.0309088572266774e-14,0,0.0,50000,ok=50000
"U(0.01,0.1), eps=1e-07",narrow_e7,linear,qmetrology.algorithms.find_phi_fixed_budget_linear_search,33395498974351,50000,2024,0.9999999999998868,0.9999999999999402,0.9999999999999402,1.0,1.1324274851176597e-13,0,0.0,50000,detector_fired=50000
"U(0.01,0.1), eps=1e-07",narrow_e7,binary_deep,qmetrology.algorithms.find_phi_fixed_budget_binary_search_deep,33395498974351,50000,2024,0.9999999999997421,0.9999999999998802,0.99999999999997,1.0,2.5790480862042386e-13,0,0.0,50000,ok=50000
"U(0.01,0.1), eps=1e-07",narrow_e7,reverse_eng_risk,qmetrology.algorithms.find_phi_fixed_budget_reverse_engineering_risk,33395498974351,50000,2024,0.9999999999999697,0.99999999999997,0.99999999999997,0.99999999999997,3.0309088572266774e-14,0,0.0,50000,ok=50000
"U(0.01,0.1), eps=1e-07",narrow_e7,brute,qmetrology.algorithms.find_phi_fixed_budget_brute_force,47307541357178,50000,2024,0.9999999999998312,0.9999999999998309,0.9999999999998309,0.9999999999998309,1.687538997430238e-13,0,0.0,50000,ok=50000
"U(0.01,0.1), eps=1e-07",narrow_e7,linear,qmetrology.algorithms.find_phi_fixed_budget_linear_search,47307541357178,50000,2024,0.9999999999999067,0.9999999999998943,0.9999999999999577,1.0,9.325873406851315e-14,0,0.0,50000,detector_fired=50000
"U(0.01,0.1), eps=1e-07",narrow_e7,binary_deep,qmetrology.algorithms.find_phi_fixed_budget_binary_search_deep,47307541357178,50000,2024,0.9999999999997747,0.9999999999997886,0.9999999999999577,1.0,2.2526425169644426e-13,0,0.0,50000,ok=50000
"U(0.01,0.1), eps=1e-07",narrow_e7,reverse_eng_risk,qmetrology.algorithms.find_phi_fixed_budget_reverse_engineering_risk,47307541357178,50000,2024,0.9999999999998312,0.9999999999998309,0.9999999999998309,0.9999999999998309,1.687538997430238e-13,0,0.0,50000,ok=50000
"U(0.01,0.1), eps=1e-07",narrow_e7,brute,qmetrology.algorithms.find_phi_fixed_budget_brute_force,67015122935579,50000,2024,0.9999999999997911,0.9999999999997911,0.9999999999997911,0.9999999999997911,2.0894397323445446e-13,0,0.0,50000,ok=50000
"U(0.01,0.1), eps=1e-07",narrow_e7,linear,qmetrology.algorithms.find_phi_fixed_budget_linear_search,67015122935579,50000,2024,0.9999999999999589,0.9999999999999851,0.9999999999999851,0.9999999999999851,4.107825191113079e-14,0,0.0,50000,detector_fired=50000
"U(0.01,0.1), eps=1e-07",narrow_e7,binary_deep,qmetrology.algorithms.find_phi_fixed_budget_binary_search_deep,67015122935579,50000,2024,0.9999999999998996,0.9999999999999403,0.9999999999999851,1.0,1.0036416142611415e-13,0,0.0,50000,ok=50000
"U(0.01,0.1), eps=1e-07",narrow_e7,reverse_eng_risk,qmetrology.algorithms.find_phi_fixed_budget_reverse_engineering_risk,67015122935579,50000,2024,0.9999999999997911,0.9999999999997911,0.9999999999997911,0.9999999999997911,2.0894397323445446e-13,0,0.0,50000,ok=50000
"U(0.01,0.1), eps=1e-07",narrow_e7,brute,qmetrology.algorithms.find_phi_fixed_budget_brute_force,94932574664214,50000,2024,0.9999999999999051,0.9999999999999052,0.9999999999999052,0.9999999999999052,9.492406860545088e-14,0,0.0,50000,ok=50000
"U(0.01,0.1), eps=1e-07",narrow_e7,linear,qmetrology.algorithms.find_phi_fixed_budget_linear_search,94932574664214,50000,2024,0.9999999999999716,0.9999999999999895,0.9999999999999895,1.0,2.842170943040401e-14,0,0.0,50000,detector_fired=50000
"U(0.01,0.1), eps=1e-07",narrow_e7,binary_deep,qmetrology.algorithms.find_phi_fixed_budget_binary_search_deep,94932574664214,50000,2024,0.9999999999999325,0.9999999999999052,1.0,1.0,6.750155989720952e-14,0,0.0,50000,ok=50000
"U(0.01,0.1), eps=1e-07",narrow_e7,reverse_eng_risk,qmetrology.algorithms.find_phi_fixed_budget_reverse_engineering_risk,94932574664214,50000,2024,0.9999999999999051,0.9999999999999052,0.9999999999999052,0.9999999999999052,9.492406860545088e-14,0,0.0,50000,ok=50000
"U(0.01,0.1), eps=1e-07",narrow_e7,brute,qmetrology.algorithms.find_phi_fixed_budget_brute_force,134480000000000,50000,2024,0.9999999999999627,0.9999999999999628,0.9999999999999628,0.9999999999999628,3.730349362740526e-14,0,0.0,50000,ok=50000
"U(0.01,0.1), eps=1e-07",narrow_e7,linear,qmetrology.algorithms.find_phi_fixed_budget_linear_search,134480000000000,50000,2024,0.9999999999999799,0.9999999999999926,0.9999999999999926,1.0,2.0095036745715333e-14,0,0.0,50000,detector_fired=50000
"U(0.01,0.1), eps=1e-07",narrow_e7,binary_deep,qmetrology.algorithms.find_phi_fixed_budget_binary_search_deep,134480000000000,50000,2024,0.9999999999999296,0.9999999999999256,0.999999999999933,0.9999999999999702,7.038813976123492e-14,0,0.0,50000,ok=50000
"U(0.01,0.1), eps=1e-07",narrow_e7,reverse_eng_risk,qmetrology.algorithms.find_phi_fixed_budget_reverse_engineering_risk,134480000000000,50000,2024,0.999999999999968,0.9999999999999777,0.9999999999999926,1.0,3.197442310920451e-14,0,0.0,50000,ok=50000
"U(0.01,0.1), eps=1e-08",narrow_e8,brute,qmetrology.algorithms.find_phi_fixed_budget_brute_force,8965333333333,50000,2024,0.99999999999855,0.9999999999985499,0.9999999999985499,0.9999999999985499,1.4499512701604544e-12,0,0.0,50000,ok=50000
"U(0.01,0.1), eps=1e-08",narrow_e8,linear,qmetrology.algorithms.find_phi_fixed_budget_linear_search,8965333333333,50000,2024,0.9999999999980251,0.9999999999988846,0.9999999999998884,1.0,1.9748647162032285e-12,0,0.0,50000,detector_fired=49678;scan_exhausted=322
"U(0.01,0.1), eps=1e-08",narrow_e8,binary_deep,qmetrology.algorithms.find_phi_fixed_budget_binary_search_deep,8965333333333,50000,2024,0.9999999999980204,0.9999999999989961,0.999999999999777,1.0,1.9796386752091166e-12,0,0.0,50000,ok=50000
"U(0.01,0.1), eps=1e-08",narrow_e8,reverse_eng_risk,qmetrology.algorithms.find_phi_fixed_budget_reverse_engineering_risk,8965333333333,50000,2024,0.9999999999979758,0.9999999999985499,0.9999999999996654,1.0,2.0241586184965854e-12,0,0.0,50000,ok=50000
"U(0.01,0.1), eps=1e-08",narrow_e8,brute,qmetrology.algorithms.find_phi_fixed_budget_brute_force,12700150932713,50000,2024,0.99999999999937,0.9999999999993701,0.9999999999993701,0.9999999999993701,6.300515664747763e-13,0,0.0,50000,ok=50000
"U(0.01,0.1), eps=1e-08",narrow_e8,linear,qmetrology.algorithms.find_phi_fixed_budget_linear_search,12700150932713,50000,2024,0.9999999999986382,0.9999999999989764,0.9999999999999213,1.0,1.361799562005217e-12,0,0.0,50000,detector_fired=49681;scan_exhausted=319
"U(0.01,0.1), eps=1e-08",narrow_e8,binary_deep,qmetrology.algorithms.find_phi_fixed_budget_binary_search_deep,12700150932713,50000,2024,0.9999999999984274,0.999999999998819,0.9999999999996063,1.0,1.5726309143815342e-12,0,0.0,50000,ok=50000
"U(0.01,0.1), eps=1e-08",narrow_e8,reverse_eng_risk,qmetrology.algorithms.find_phi_fixed_budget_reverse_engineering_risk,12700150932713,50000,2024,0.9999999999983766,0.9999999999988977,0.9999999999996063,1.0,1.6233681066069039e-12,0,0.0,50000,ok=50000
"U(0.01,0.1), eps=1e-08",narrow_e8,brute,qmetrology.algorithms.find_phi_fixed_budget_brute_force,17990835110839,50000,2024,0.999999999999778,0.9999999999997776,0.9999999999997776,0.9999999999997776,2.220446049250313e-13,0,0.0,50000,ok=50000
"U(0.01,0.1), eps=1e-08",narrow_e8,linear,qmetrology.algorithms.find_phi_fixed_budget_linear_search,17990835110839,50000,2024,0.9999999999990338,0.999999999999333,0.9999999999999444,1.0,9.662270983312737e-13,0,0.0,50000,detector_fired=49656;scan_exhausted=344
"U(0.01,0.1), eps=1e-08",narrow_e8,binary_deep,qmetrology.algorithms.find_phi_fixed_budget_binary_search_deep,17990835110839,50000,2024,0.9999999999989249,0.9999999999992774,0.9999999999997776,1.0,1.0751399770470016e-12,0,0.0,50000,ok=50000
"U(0.01,0.1), eps=1e-08",narrow_e8,reverse_eng_risk,qmetrology.algorithms.find_phi_fixed_budget_reverse_engineering_risk,17990835110839,50000,2024,0.9999999999988757,0.9999999999991107,0.9999999999998889,1.0,1.124322857037896e-12,0,0.0,50000,ok=50000
"U(0.01,0.1), eps=1e-08",narrow_e8,brute,qmetrology.algorithms.find_phi_fixed_budget_brute_force,25485535542077,50000,2024,0.9999999999999217,0.9999999999999215,0.9999999999999215,0.9999999999999215,7.827072323607354e-14,0,0.0,50000,ok=50000
"U(0.01,0.1), eps=1e-08",narrow_e8,linear,qmetrology.algorithms.find_phi_fixed_budget_linear_search,25485535542077,50000,2024,0.9999999999991819,0.9999999999994507,0.9999999999998823,1.0,8.181233468462779e-13,0,0.0,50000,detector_fired=49673;scan_exhausted=327
"U(0.01,0.1), eps=1e-08",narrow_e8,binary_deep,qmetrology.algorithms.find_phi_fixed_budget_binary_search_deep,25485535542077,50000,2024,0.9999999999992197,0.9999999999994115,0.9999999999998038,1.0,7.8026474170656e-13,0,0.0,50000,ok=50000
"U(0.01,0.1), eps=1e-08",narrow_e8,reverse_eng_risk,qmetrology.algorithms.find_phi_fixed_budget_reverse_engineering_risk,25485535542077,50000,2024,0.9999999999992881,0.9999999999995292,0.999999999999843,1.0,7.118750033896504e-13,0,0.0,50000,ok=50000
"U(0.01,0.1), eps=1e-08",narrow_e8,brute,qmetrology.algorithms.find_phi_fixed_budget_brute_force,36102410914495,50000,2024,0.9999999999997231,0.999999999999723,0.999999999999723,0.999999999999723,2.7688962234151404e-13,0,0.0,50000,ok=50000
"U(0.01,0.1), eps=1e-08",narrow_e8,linear,qmetrology.algorithms.find_phi_fixed_budget_linear_search,36102410914495,50000,2024,0.9999999999994632,0.99999999999964,0.999999999999917,0.9999999999999446,5.367928324062632e-13,0,0.0,50000,detector_fired=49677;scan_exhausted=323
"U(0.01,0.1), eps=1e-08",narrow_e8,binary_deep,qmetrology.algorithms.find_phi_fixed_budget_binary_search_deep,36102410914495,50000,2024,0.9999999999994496,0.9999999999995846,0.999999999999917,1.0,5.504485756091526e-13,0,0.0,50000,ok=50000
"U(0.01,0.1), eps=1e-08",narrow_e8,reverse_eng_risk,qmetrology.algorithms.find_phi_fixed_budget_reverse_engineering_risk,36102410914495,50000,2024,0.9999999999994318,0.9999999999995846,0.9999999999998892,1.0,5.682121440031551e-13,0,0.0,50000,ok=50000
"U(0.01,0.1), eps=1e-08",narrow_e8,brute,qmetrology.algorithms.find_phi_fixed_budget_brute_force,51142110460546,50000,2024,0.9999999999999805,0.9999999999999805,0.9999999999999805,0.9999999999999805,1.9539925233402755e-14,0,0.0,50000,ok=50000
"U(0.01,0.1), eps=1e-08",narrow_e8,linear,qmetrology.algorithms.find_phi_fixed_budget_linear_search,51142110460546,50000,2024,0.9999999999996543,0.9999999999997654,1.0,1.0,3.4572344986827375e-13,0,0.0,50000,detector_fired=49857;scan_exhausted=143
"U(0.01,0.1), eps=1e-08",narrow_e8,binary_deep,qmetrology.algorithms.find_phi_fixed_budget_binary_search_deep,51142110460546,50000,2024,0.9999999999996657,0.9999999999998045,0.9999999999999609,1.0,3.3428815271463463e-13,0,0.0,50000,ok=50000
"U(0.01,0.1), eps=1e-08",narrow_e8,reverse_eng_risk,qmetrology.algorithms.find_phi_fixed_budget_reverse_engineering_risk,51142110460546,50000,2024,0.9999999999996708,0.9999999999997262,0.9999999999999805,0.9999999999999805,3.291811268013589e-13,0,0.0,50000,ok=50000
"U(0.01,0.1), eps=1e-08",narrow_e8,brute,qmetrology.algorithms.find_phi_fixed_budget_brute_force,72447113533589,50000,2024,0.9999999999998067,0.9999999999998067,0.9999999999998067,0.9999999999998067,1.9328982858723975e-13,0,0.0,50000,ok=50000
"U(0.01,0.1), eps=1e-08",narrow_e8,linear,qmetrology.algorithms.find_phi_fixed_budget_linear_search,72447113533589,50000,2024,0.9999999999997129,0.9999999999997653,0.9999999999999309,0.9999999999999724,2.871036741680655e-13,0,0.0,50000,detector_fired=49679;scan_exhausted=321
"U(0.01,0.1), eps=1e-08",narrow_e8,binary_deep,qmetrology.algorithms.find_phi_fixed_budget_binary_search_deep,72447113533589,50000,2024,0.9999999999997349,0.9999999999998206,0.9999999999999448,1.0,2.651212582804874e-13,0,0.0,50000,ok=50000
"U(0.01,0.1), eps=1e-08",narrow_e8,reverse_eng_risk,qmetrology.algorithms.find_phi_fixed_budget_reverse_engineering_risk,72447113533589,50000,2024,0.999999999999757,0.9999999999998481,0.9999999999999724,1.0,2.4302782009044677e-13,0,0.0,50000,ok=50000
"U(0.01,0.1), eps=1e-08",narrow_e8,brute,qmetrology.algorithms.find_phi_fixed_budget_brute_force,102627447559047,50000,2024,0.9999999999998828,0.9999999999998831,0.9999999999998831,0.9999999999998831,1.1723955140041653e-13,0,0.0,50000,ok=50000
"U(0.01,0.1), eps=1e-08",narrow_e8,linear,qmetrology.algorithms.find_phi_fixed_budget_linear_search,102627447559047,50000,2024,0.9999999999998296,0.9999999999999123,0.9999999999999708,1.0,1.7041923427996153e-13,0,0.0,50000,detector_fired=49856;scan_exhausted=144
"U(0.01,0.1), eps=1e-08",narrow_e8,binary_deep,qmetrology.algorithms.find_phi_fixed_budget_binary_search_deep,102627447559047,50000,2024,0.9999999999998159,0.9999999999998539,0.9999999999999513,1.0,1.8407497748285095e-13,0,0.0,50000,ok=50000
"U(0.01,0.1), eps=1e-08",narrow_e8,reverse_eng_risk,qmetrology.algorithms.find_phi_fixed_budget_reverse_engineering_risk,102627447559047,50000,2024,0.9999999999997913,0.9999999999998344,0.9999999999999513,0.9999999999999902,2.0872192862952943e-13,0,0.0,50000,ok=50000
"U(0.01,0.1), eps=1e-08",narrow_e8,brute,qmetrology.algorithms.find_phi_fixed_budget_brute_force,145380436552546,50000,2024,0.999999999999993,0.9999999999999931,0.9999999999999931,0.9999999999999931,6.994405055138486e-15,0,0.0,50000,ok=50000
"U(0.01,0.1), eps=1e-08",narrow_e8,linear,qmetrology.algorithms.find_phi_fixed_budget_linear_search,145380436552546,50000,2024,0.9999999999998578,0.9999999999999106,0.9999999999999587,1.0,1.4221956945448255e-13,0,0.0,50000,detector_fired=49660;scan_exhausted=340
"U(0.01,0.1), eps=1e-08",narrow_e8,binary_deep,qmetrology.algorithms.find_phi_fixed_budget_binary_search_deep,145380436552546,50000,2024,0.9999999999998801,0.9999999999999243,0.9999999999999862,1.0,1.199040866595169e-13,0,0.0,50000,ok=50000
"U(0.01,0.1), eps=1e-08",narrow_e8,reverse_eng_risk,qmetrology.algorithms.find_phi_fixed_budget_reverse_engineering_risk,145380436552546,50000,2024,0.9999999999998737,0.99999999999989,0.9999999999999931,0.9999999999999931,1.2634338020234281e-13,0,0.0,50000,ok=50000
"U(0.01,0.1), eps=1e-08",narrow_e8,brute,qmetrology.algorithms.find_phi_fixed_budget_brute_force,205943651868068,50000,2024,0.999999999999961,0.9999999999999611,0.9999999999999611,0.9999999999999611,3.8968828164342995e-14,0,0.0,50000,ok=50000
"U(0.01,0.1), eps=1e-08",narrow_e8,linear,qmetrology.algorithms.find_phi_fixed_budget_linear_search,205943651868068,50000,2024,0.9999999999999092,0.9999999999999223,0.9999999999999903,1.0,9.08162434143378e-14,0,0.0,50000,detector_fired=49662;scan_exhausted=338
"U(0.01,0.1), eps=1e-08",narrow_e8,binary_deep,qmetrology.algorithms.find_phi_fixed_budget_binary_search_deep,205943651868068,50000,2024,0.9999999999999151,0.9999999999999417,0.9999999999999951,1.0,8.493206138382448e-14,0,0.0,50000,ok=50000
"U(0.01,0.1), eps=1e-08",narrow_e8,reverse_eng_risk,qmetrology.algorithms.find_phi_fixed_budget_reverse_engineering_risk,205943651868068,50000,2024,0.9999999999999031,0.9999999999999368,0.9999999999999757,0.9999999999999806,9.692247004977617e-14,0,0.0,50000,ok=50000
"U(0.01,0.1), eps=1e-08",narrow_e8,brute,qmetrology.algorithms.find_phi_fixed_budget_brute_force,291736555141147,50000,2024,0.9999999999999756,0.999999999999976,0.999999999999976,0.999999999999976,2.4424906541753444e-14,0,0.0,50000,ok=50000
"U(0.01,0.1), eps=1e-08",narrow_e8,linear,qmetrology.algorithms.find_phi_fixed_budget_linear_search,291736555141147,50000,2024,0.9999999999999322,0.999999999999952,0.9999999999999863,1.0,6.783462680459706e-14,0,0.0,50000,detector_fired=49860;scan_exhausted=140
"U(0.01,0.1), eps=1e-08",narrow_e8,binary_deep,qmetrology.algorithms.find_phi_fixed_budget_binary_search_deep,291736555141147,50000,2024,0.9999999999999307,0.9999999999999555,0.9999999999999829,1.0,6.927791673660977e-14,0,0.0,50000,ok=50000
"U(0.01,0.1), eps=1e-08",narrow_e8,reverse_eng_risk,qmetrology.algorithms.find_phi_fixed_budget_reverse_engineering_risk,291736555141147,50000,2024,0.9999999999999453,0.9999999999999657,0.9999999999999863,0.9999999999999966,5.473399511402022e-14,0,0.0,50000,ok=50000
"U(0.01,0.1), eps=1e-08",narrow_e8,brute,qmetrology.algorithms.find_phi_fixed_budget_brute_force,413269439643361,50000,2024,0.9999999999999977,0.9999999999999976,0.9999999999999976,0.9999999999999976,2.3314683517128287e-15,0,0.0,50000,ok=50000
"U(0.01,0.1), eps=1e-08",narrow_e8,linear,qmetrology.algorithms.find_phi_fixed_budget_linear_search,413269439643361,50000,2024,0.9999999999999584,0.9999999999999758,0.9999999999999903,1.0,4.163336342344337e-14,0,0.0,50000,detector_fired=49953;scan_exhausted=47
"U(0.01,0.1), eps=1e-08",narrow_e8,binary_deep,qmetrology.algorithms.find_phi_fixed_budget_binary_search_deep,413269439643361,50000,2024,0.9999999999999593,0.9999999999999782,0.9999999999999976,1.0,4.0745185003743245e-14,0,0.0,50000,ok=50000
"U(0.01,0.1), eps=1e-08",narrow_e8,reverse_eng_risk,qmetrology.algorithms.find_phi_fixed_budget_reverse_engineering_risk,413269439643361,50000,2024,0.999999999999963,0.9999999999999782,0.9999999999999976,0.9999999999999976,3.697042672001771e-14,0,0.0,50000,ok=50000
"U(0.01,0.1), eps=1e-08",narrow_e8,brute,qmetrology.algorithms.find_phi_fixed_budget_brute_force,585431022384237,50000,2024,0.9999999999999793,0.9999999999999795,0.9999999999999795,0.9999999999999795,2.0650148258027912e-14,0,0.0,50000,ok=50000
"U(0.01,0.1), eps=1e-08",narrow_e8,linear,qmetrology.algorithms.find_phi_fixed_budget_linear_search,585431022384237,50000,2024,0.9999999999999686,0.9999999999999795,0.9999999999999949,1.0,3.141931159689193e-14,0,0.0,50000,detector_fired=49863;scan_exhausted=137
"U(0.01,0.1), eps=1e-08",narrow_e8,binary_deep,qmetrology.algorithms.find_phi_fixed_budget_binary_search_deep,585431022384237,50000,2024,0.9999999999999671,0.9999999999999778,0.9999999999999966,1.0,3.2862601528904634e-14,0,0.0,50000,ok=50000
"U(0.01,0.1), eps=1e-08",narrow_e8,reverse_eng_risk,qmetrology.algorithms.find_phi_fixed_budget_reverse_engineering_risk,585431022384237,50000,2024,0.999999999999971,0.9999999999999709,0.9999999999999949,1.0,2.8976820942716586e-14,0,0.0,50000,ok=50000
"U(0.01,0.1), eps=1e-08",narrow_e8,brute,qmetrology.algorithms.find_phi_fixed_budget_brute_force,829312426937782,50000,2024,0.9999999999999912,0.9999999999999916,0.9999999999999916,0.9999999999999916,8.770761894538737e-15,0,0.0,50000,ok=50000
"U(0.01,0.1), eps=1e-08",narrow_e8,linear,qmetrology.algorithms.find_phi_fixed_budget_linear_search,829312426937782,50000,2024,0.9999999999999802,0.9999999999999856,0.9999999999999976,1.0,1.9761969838327786e-14,0,0.0,50000,detector_fired=49982;scan_exhausted=18
"U(0.01,0.1), eps=1e-08",narrow_e8,binary_deep,qmetrology.algorithms.find_phi_fixed_budget_binary_search_deep,829312426937782,50000,2024,0.9999999999999784,0.9999999999999856,0.9999999999999976,1.0,2.1649348980190553e-14,0,0.0,50000,ok=50000
"U(0.01,0.1), eps=1e-08",narrow_e8,reverse_eng_risk,qmetrology.algorithms.find_phi_fixed_budget_reverse_engineering_risk,829312426937782,50000,2024,0.9999999999999831,0.9999999999999879,1.0,1.0,1.687538997430238e-14,0,0.0,50000,ok=50000
"U(0.01,0.1), eps=1e-08",narrow_e8,brute,qmetrology.algorithms.find_phi_fixed_budget_brute_force,1174791008977376,50000,2024,0.999999999999991,0.9999999999999907,0.9999999999999907,0.9999999999999907,8.992806499463768e-15,0,0.0,50000,ok=50000
"U(0.01,0.1), eps=1e-08",narrow_e8,linear,qmetrology.algorithms.find_phi_fixed_budget_linear_search,1174791008977376,50000,2024,0.9999999999999865,0.9999999999999907,0.9999999999999958,1.0,1.354472090042691e-14,0,0.0,50000,detector_fired=49975;scan_exhausted=25
"U(0.01,0.1), eps=1e-08",narrow_e8,binary_deep,qmetrology.algorithms.find_phi_fixed_budget_binary_search_deep,1174791008977376,50000,2024,0.9999999999999849,0.9999999999999889,1.0,1.0,1.509903313490213e-14,0,0.0,50000,ok=50000
"U(0.01,0.1), eps=1e-08",narrow_e8,reverse_eng_risk,qmetrology.algorithms.find_phi_fixed_budget_reverse_engineering_risk,1174791008977376,50000,2024,0.9999999999999863,0.9999999999999881,0.9999999999999991,0.9999999999999991,1.3655743202889425e-14,0,0.0,50000,ok=50000
"U(0.01,0.1), eps=1e-08",narrow_e8,brute,qmetrology.algorithms.find_phi_fixed_budget_brute_force,1664190563103208,50000,2024,0.9999999999999925,0.9999999999999922,0.9999999999999922,0.9999999999999922,7.549516567451064e-15,0,0.0,50000,ok=50000
"U(0.01,0.1), eps=1e-08",narrow_e8,linear,qmetrology.algorithms.find_phi_fixed_budget_linear_search,1664190563103208,50000,2024,0.9999999999999959,0.9999999999999982,0.9999999999999982,0.9999999999999982,4.107825191113079e-15,0,0.0,50000,detector_fired=50000
"U(0.01,0.1), eps=1e-08",narrow_e8,binary_deep,qmetrology.algorithms.find_phi_fixed_budget_binary_search_deep,1664190563103208,50000,2024,0.99999999999999,0.9999999999999922,0.9999999999999988,1.0,9.992007221626409e-15,0,0.0,50000,ok=50000
"U(0.01,0.1), eps=1e-08",narrow_e8,reverse_eng_risk,qmetrology.algorithms.find_phi_fixed_budget_reverse_engineering_risk,1664190563103208,50000,2024,0.9999999999999927,0.9999999999999922,0.9999999999999982,1.0,7.327471962526033e-15,0,0.0,50000,ok=50000
"U(0.01,0.1), eps=1e-08",narrow_e8,brute,qmetrology.algorithms.find_phi_fixed_budget_brute_force,2357466314568226,50000,2024,0.9999999999999999,0.9999999999999996,0.9999999999999996,0.9999999999999996,1.1102230246251565e-16,0,0.0,50000,ok=50000
"U(0.01,0.1), eps=1e-08",narrow_e8,linear,qmetrology.algorithms.find_phi_fixed_budget_linear_search,2357466314568226,50000,2024,0.9999999999999959,0.9999999999999953,0.9999999999999979,1.0,4.107825191113079e-15,0,0.0,50000,detector_fired=50000
"U(0.01,0.1), eps=1e-08",narrow_e8,binary_deep,qmetrology.algorithms.find_phi_fixed_budget_binary_search_deep,2357466314568226,50000,2024,0.9999999999999942,0.9999999999999958,0.9999999999999991,1.0,5.773159728050814e-15,0,0.0,50000,ok=50000
"U(0.01,0.1), eps=1e-08",narrow_e8,reverse_eng_risk,qmetrology.algorithms.find_phi_fixed_budget_reverse_engineering_risk,2357466314568226,50000,2024,0.9999999999999973,0.9999999999999996,1.0,1.0,2.6645352591003757e-15,0,0.0,50000,ok=50000
"U(0.01,0.1), eps=1e-08",narrow_e8,brute,qmetrology.algorithms.find_phi_fixed_budget_brute_force,3339549897435170,50000,2024,0.9999999999999982,0.9999999999999986,0.9999999999999986,0.9999999999999986,1.7763568394002505e-15,0,0.0,50000,ok=50000
"U(0.01,0.1), eps=1e-08",narrow_e8,linear,qmetrology.algorithms.find_phi_fixed_budget_linear_search,3339549897435170,50000,2024,0.9999999999999994,1.0,1.0,1.0,5.551115123125783e-16,0,0.0,50000,detector_fired=50000
"U(0.01,0.1), eps=1e-08",narrow_e8,binary_deep,qmetrology.algorithms.find_phi_fixed_budget_binary_search_deep,3339549897435170,50000,2024,0.9999999999999971,0.9999999999999986,0.9999999999999994,1.0,2.886579864025407e-15,0,0.0,50000,ok=50000
"U(0.01,0.1), eps=1e-08",narrow_e8,reverse_eng_risk,qmetrology.algorithms.find_phi_fixed_budget_reverse_engineering_risk,3339549897435170,50000,2024,0.9999999999999982,0.9999999999999986,0.9999999999999986,0.9999999999999986,1.7763568394002505e-15,0,0.0,50000,ok=50000
"U(0.01,0.1), eps=1e-08",narrow_e8,brute,qmetrology.algorithms.find_phi_fixed_budget_brute_force,4730754135717893,50000,2024,0.9999999999999982,0.9999999999999983,0.9999999999999983,0.9999999999999983,1.7763568394002505e-15,0,0.0,50000,ok=50000
"U(0.01,0.1), eps=1e-08",narrow_e8,linear,qmetrology.algorithms.find_phi_fixed_budget_linear_search,4730754135717893,50000,2024,0.9999999999999991,0.9999999999999991,0.9999999999999991,1.0,8.881784197001252e-16,0,0.0,50000,detector_fired=50000
"U(0.01,0.1), eps=1e-08",narrow_e8,binary_deep,qmetrology.algorithms.find_phi_fixed_budget_binary_search_deep,4730754135717893,50000,2024,0.9999999999999977,0.9999999999999983,0.9999999999999989,1.0,2.3314683517128287e-15,0,0.0,50000,ok=50000
"U(0.01,0.1), eps=1e-08",narrow_e8,reverse_eng_risk,qmetrology.algorithms.find_phi_fixed_budget_reverse_engineering_risk,4730754135717893,50000,2024,0.9999999999999982,0.9999999999999983,0.9999999999999983,0.9999999999999983,1.7763568394002505e-15,0,0.0,50000,ok=50000
"U(0.01,0.1), eps=1e-08",narrow_e8,brute,qmetrology.algorithms.find_phi_fixed_budget_brute_force,6701512293557939,50000,2024,0.999999999999998,0.9999999999999979,0.9999999999999979,0.9999999999999979,1.9984014443252818e-15,0,0.0,50000,ok=50000
"U(0.01,0.1), eps=1e-08",narrow_e8,linear,qmetrology.algorithms.find_phi_fixed_budget_linear_search,6701512293557939,50000,2024,0.9999999999999992,0.9999999999999992,0.9999999999999996,1.0,7.771561172376096e-16,0,0.0,50000,detector_fired=50000
"U(0.01,0.1), eps=1e-08",narrow_e8,binary_deep,qmetrology.algorithms.find_phi_fixed_budget_binary_search_deep,6701512293557939,50000,2024,0.9999999999999989,0.9999999999999988,0.9999999999999999,1.0,1.1102230246251565e-15,0,0.0,50000,ok=50000
"U(0.01,0.1), eps=1e-08",narrow_e8,reverse_eng_risk,qmetrology.algorithms.find_phi_fixed_budget_reverse_engineering_risk,6701512293557939,50000,2024,0.999999999999998,0.9999999999999979,0.9999999999999979,0.9999999999999979,1.9984014443252818e-15,0,0.0,50000,ok=50000
"U(0.01,0.1), eps=1e-08",narrow_e8,brute,qmetrology.algorithms.find_phi_fixed_budget_brute_force,9493257466421480,50000,2024,0.9999999999999999,0.9999999999999996,0.9999999999999996,0.9999999999999996,1.1102230246251565e-16,0,0.0,50000,ok=50000
"U(0.01,0.1), eps=1e-08",narrow_e8,linear,qmetrology.algorithms.find_phi_fixed_budget_linear_search,9493257466421480,50000,2024,0.9999999999999997,0.9999999999999996,1.0,1.0,3.3306690738754696e-16,0,0.0,50000,detector_fired=50000
"U(0.01,0.1), eps=1e-08",narrow_e8,binary_deep,qmetrology.algorithms.find_phi_fixed_budget_binary_search_deep,9493257466421480,50000,2024,0.9999999999999994,0.9999999999999993,0.9999999999999996,1.0,5.551115123125783e-16,0,0.0,50000,ok=50000
"U(0.01,0.1), eps=1e-08",narrow_e8,reverse_eng_risk,qmetrology.algorithms.find_phi_fixed_budget_reverse_engineering_risk,9493257466421480,50000,2024,0.9999999999999997,0.9999999999999996,0.9999999999999996,0.9999999999999996,3.3306690738754696e-16,0,0.0,50000,ok=50000
"U(0.01,0.1), eps=1e-08",narrow_e8,brute,qmetrology.algorithms.find_phi_fixed_budget_brute_force,13447999999999998,50000,2024,0.9999999999999999,0.9999999999999999,0.9999999999999999,0.9999999999999999,1.1102230246251565e-16,0,0.0,50000,ok=50000
"U(0.01,0.1), eps=1e-08",narrow_e8,linear,qmetrology.algorithms.find_phi_fixed_budget_linear_search,13447999999999998,50000,2024,1.0,1.0000000000000002,1.0000000000000002,1.0000000000000002,0.0,0,0.0,50000,detector_fired=50000
"U(0.01,0.1), eps=1e-08",narrow_e8,binary_deep,qmetrology.algorithms.find_phi_fixed_budget_binary_search_deep,13447999999999998,50000,2024,0.9999999999999997,0.9999999999999994,0.9999999999999996,0.9999999999999999,3.3306690738754696e-16,0,0.0,50000,ok=50000
"U(0.01,0.1), eps=1e-08",narrow_e8,reverse_eng_risk,qmetrology.algorithms.find_phi_fixed_budget_reverse_engineering_risk,13447999999999998,50000,2024,0.9999999999999997,0.9999999999999999,1.0,1.0000000000000002,3.3306690738754696e-16,0,0.0,50000,ok=50000
"U(0.001,0.01), eps=1e-04",small_e4,brute,qmetrology.algorithms.find_phi_fixed_budget_brute_force,8565,50000,2024,0.9898423817863394,0.9898423817863398,0.9898423817863398,0.9898423817863398,0.010157618213660569,0,0.0,50000,ok=50000
"U(0.001,0.01), eps=1e-04",small_e4,linear,qmetrology.algorithms.find_phi_fixed_budget_linear_search,8565,50000,2024,0.9892183397548161,0.9904261529480444,0.9929947460595446,0.9994162288382954,0.0107816602451839,0,0.0,50000,detector_fired=49847;scan_exhausted=153
"U(0.001,0.01), eps=1e-04",small_e4,binary_deep,qmetrology.algorithms.find_phi_fixed_budget_binary_search_deep,8565,50000,2024,0.9818637104495038,0.989492119089317,0.9950963222416812,0.9987157034442499,0.018136289550496176,0,0.0,50000,ok=50000
"U(0.001,0.01), eps=1e-04",small_e4,reverse_eng_risk,qmetrology.algorithms.find_phi_fixed_budget_reverse_engineering_risk,8565,50000,2024,0.9874780081727961,0.9898423817863398,0.9980151780502043,0.9995329830706363,0.012521991827203927,0,0.00912,50000,ok=49544;pilot_retries_exhausted_budget=456
"U(0.001,0.01), eps=1e-04",small_e4,brute,qmetrology.algorithms.find_phi_fixed_budget_brute_force,12133,50000,2024,0.99637352674524,0.9963735267452403,0.9963735267452403,0.9963735267452403,0.0036264732547599543,0,0.0,50000,ok=50000
"U(0.001,0.01), eps=1e-04",small_e4,linear,qmetrology.algorithms.find_phi_fixed_budget_linear_search,12133,50000,2024,0.9939313310805242,0.9967856259787357,0.9967856259787357,0.9998351603066018,0.006068668919475773,0,0.0,50000,detector_fired=49974;scan_exhausted=26
"U(0.001,0.01), eps=1e-04",small_e4,binary_deep,qmetrology.algorithms.find_phi_fixed_budget_binary_search_deep,12133,50000,2024,0.9906212198137312,0.993241572570675,0.999010961839611,0.999010961839611,0.00937878018626881,0,0.0,50000,ok=50000
"U(0.001,0.01), eps=1e-04",small_e4,reverse_eng_risk,qmetrology.algorithms.find_phi_fixed_budget_reverse_engineering_risk,12133,50000,2024,0.9907378653259703,0.9933239924173741,0.9963735267452403,0.9999175801533009,0.009262134674029698,0,0.0042,50000,no_exploitation_shots=28;ok=49790;pilot_retries_exhausted_budget=182
"U(0.001,0.01), eps=1e-04",small_e4,brute,qmetrology.algorithms.find_phi_fixed_budget_brute_force,17188,50000,2024,0.9956364905748193,0.9956364905748196,0.9956364905748196,0.9956364905748196,0.004363509425180712,0,0.0,50000,ok=50000
"U(0.001,0.01), eps=1e-04",small_e4,linear,qmetrology.algorithms.find_phi_fixed_budget_linear_search,17188,50000,2024,0.993349856876891,0.9938910868047475,0.9972073539678846,0.9990109378636258,0.006650143123108965,0,0.0,50000,detector_fired=49998;scan_exhausted=2
"U(0.001,0.01), eps=1e-04",small_e4,binary_deep,qmetrology.algorithms.find_phi_fixed_budget_binary_search_deep,17188,50000,2024,0.9910998312776356,0.9954037700721433,0.99749825459623,0.9997090993716546,0.008900168722364432,0,0.0,50000,ok=50000
"U(0.001,0.01), eps=1e-04",small_e4,reverse_eng_risk,qmetrology.algorithms.find_phi_fixed_budget_reverse_engineering_risk,17188,50000,2024,0.9923128496625554,0.9952874098208052,0.997556434721899,0.9993600186176402,0.007687150337444604,0,0.00118,50000,ok=49941;pilot_retries_exhausted_budget=59
"U(0.001,0.01), eps=1e-04",small_e4,brute,qmetrology.algorithms.find_phi_fixed_budget_brute_force,24349,50000,2024,0.9994250277218775,0.9994250277218777,0.9994250277218777,0.9994250277218777,0.0005749722781225319,0,0.0,50000,ok=50000
"U(0.001,0.01), eps=1e-04",small_e4,linear,qmetrology.algorithms.find_phi_fixed_budget_linear_search,24349,50000,2024,0.9962272906484865,0.9969608608156393,0.9972483469547004,0.9996303749640643,0.0037727093515135257,0,0.0,50000,detector_fired=49993;scan_exhausted=7
"U(0.001,0.01), eps=1e-04",small_e4,binary_deep,qmetrology.algorithms.find_phi_fixed_budget_binary_search_deep,24349,50000,2024,0.9961459706764139,0.996919791367202,0.9994250277218777,0.9995071666187523,0.003854029323586139,0,0.0,50000,ok=50000
"U(0.001,0.01), eps=1e-04",small_e4,reverse_eng_risk,qmetrology.algorithms.find_phi_fixed_budget_reverse_engineering_risk,24349,50000,2024,0.996060945418703,0.9974947636453242,0.9995482360671896,0.9999178611031254,0.003939054581296952,0,0.00044,50000,no_exploitation_shots=10;ok=49978;pilot_retries_exhausted_budget=12
"U(0.001,0.01), eps=1e-04",small_e4,brute,qmetrology.algorithms.find_phi_fixed_budget_brute_force,34492,50000,2024,0.9968398469210253,0.9968398469210251,0.9968398469210251,0.9968398469210251,0.003160153078974659,0,0.0,50000,ok=50000
"U(0.001,0.01), eps=1e-04",small_e4,linear,qmetrology.algorithms.find_phi_fixed_budget_linear_search,34492,50000,2024,0.9973931242027136,0.9980575205844834,0.9989272874869535,1.0,0.0026068757972863565,0,0.0,50000,detector_fired=49998;scan_exhausted=2
"U(0.001,0.01), eps=1e-04",small_e4,binary_deep,qmetrology.algorithms.find_phi_fixed_budget_binary_search_deep,34492,50000,2024,0.9959449367969384,0.9966369013104488,0.9993911631682709,0.9998840310796706,0.004055063203061593,0,0.0,50000,ok=50000
"U(0.001,0.01), eps=1e-04",small_e4,reverse_eng_risk,qmetrology.algorithms.find_phi_fixed_budget_reverse_engineering_risk,34492,50000,2024,0.9953812605821639,0.9964919401600371,0.9987243418763772,0.999826046619506,0.004618739417836082,0,6e-05,50000,ok=49997;pilot_retries_exhausted_budget=3
"U(0.001,0.01), eps=1e-04",small_e4,brute,qmetrology.algorithms.find_phi_fixed_budget_brute_force,48861,50000,2024,0.9993041485028958,0.999304148502896,0.999304148502896,0.999304148502896,0.0006958514971041607,0,0.0,50000,ok=50000
"U(0.001,0.01), eps=1e-04",small_e4,linear,qmetrology.algorithms.find_phi_fixed_budget_linear_search,48861,50000,2024,0.9971145240580421,0.9971551953500747,0.9989562227543439,0.9999795337794969,0.0028854759419578713,0,0.0,50000,detector_fired=49837;scan_exhausted=163
"U(0.001,0.01), eps=1e-04",small_e4,binary_deep,qmetrology.algorithms.find_phi_fixed_budget_binary_search_deep,48861,50000,2024,0.9972602451853215,0.997912445508688,0.999304148502896,0.9997134729129572,0.0027397548146784745,0,0.0,50000,ok=50000
"U(0.001,0.01), eps=1e-04",small_e4,reverse_eng_risk,qmetrology.algorithms.find_phi_fixed_budget_reverse_engineering_risk,48861,50000,2024,0.9972527087042836,0.9975235873191298,0.999304148502896,0.9996725404719511,0.002747291295716381,0,0.0,50000,ok=50000
"U(0.001,0.01), eps=1e-04",small_e4,brute,qmetrology.algorithms.find_phi_fixed_budget_brute_force,69216,50000,2024,0.9980351363846508,0.9980351363846509,0.9980351363846509,0.9980351363846509,0.0019648636153491994,0,0.0,50000,ok=50000
"U(0.001,0.01), eps=1e-04",small_e4,linear,qmetrology.algorithms.find_phi_fixed_budget_linear_search,69216,50000,2024,0.9986165164123904,0.9991475959315765,0.9995376791493297,0.9999855524734166,0.0013834835876096463,0,0.0,50000,detector_fired=49869;scan_exhausted=131
"U(0.001,0.01), eps=1e-04",small_e4,binary_deep,qmetrology.algorithms.find_phi_fixed_budget_binary_search_deep,69216,50000,2024,0.9977060757628294,0.9980351363846509,0.9996388118354138,0.9999422098936662,0.0022939242371705637,0,0.0,50000,ok=50000
"U(0.001,0.01), eps=1e-04",small_e4,reverse_eng_risk,qmetrology.algorithms.find_phi_fixed_budget_reverse_engineering_risk,69216,50000,2024,0.9979618099861304,0.9980351363846509,0.9995665742024965,0.9999133148404993,0.002038190013869623,0,0.0,50000,ok=50000
"U(0.001,0.01), eps=1e-04",small_e4,brute,qmetrology.algorithms.find_phi_fixed_budget_brute_force,98051,50000,2024,0.9991535017490897,0.9991535017490898,0.9991535017490898,0.9991535017490898,0.0008464982509103214,0,0.0,50000,ok=50000
"U(0.001,0.01), eps=1e-04",small_e4,linear,qmetrology.algorithms.find_phi_fixed_budget_linear_search,98051,50000,2024,0.9989972987526898,0.9992860858124853,0.9996022478098132,0.9999592049035706,0.001002701247310167,0,0.0,50000,detector_fired=49971;scan_exhausted=29
"U(0.001,0.01), eps=1e-04",small_e4,binary_deep,qmetrology.algorithms.find_phi_fixed_budget_binary_search_deep,98051,50000,2024,0.998632493702257,0.9991535017490898,0.9998470183883897,1.0,0.0013675062977429597,0,0.0,50000,ok=50000
"U(0.001,0.01), eps=1e-04",small_e4,reverse_eng_risk,qmetrology.algorithms.find_phi_fixed_budget_reverse_engineering_risk,98051,50000,2024,0.9983139500871996,0.9985925691731854,0.9998164220660677,0.9999898012258926,0.0016860499128004136,0,0.0,50000,ok=50000
"U(0.001,0.01), eps=1e-04",small_e4,brute,qmetrology.algorithms.find_phi_fixed_budget_brute_force,138898,50000,2024,0.9992080519517917,0.999208051951792,0.999208051951792,0.999208051951792,0.0007919480482082575,0,0.0,50000,ok=50000
"U(0.001,0.01), eps=1e-04",small_e4,linear,qmetrology.algorithms.find_phi_fixed_budget_linear_search,138898,50000,2024,0.9992603330501519,0.9994240377831214,0.999582427392763,0.999992800472289,0.0007396669498480613,0,0.0,50000,detector_fired=50000
"U(0.001,0.01), eps=1e-04",small_e4,binary_deep,qmetrology.algorithms.find_phi_fixed_budget_binary_search_deep,138898,50000,2024,0.9987846999956801,0.9989992656481734,0.9998200118072255,0.999992800472289,0.001215300004319908,0,0.0,50000,ok=50000
"U(0.001,0.01), eps=1e-04",small_e4,reverse_eng_risk,qmetrology.algorithms.find_phi_fixed_budget_reverse_engineering_risk,138898,50000,2024,0.9989015788564269,0.999208051951792,0.9998272113349365,0.999985600944578,0.0010984211435730584,0,0.0,50000,ok=50000
"U(0.001,0.01), eps=1e-04",small_e4,brute,qmetrology.algorithms.find_phi_fixed_budget_brute_force,196761,50000,2024,0.9997967076808917,0.999796707680892,0.999796707680892,0.999796707680892,0.0002032923191083169,0,0.0,50000,ok=50000
"U(0.001,0.01), eps=1e-04",small_e4,linear,qmetrology.algorithms.find_phi_fixed_budget_linear_search,196761,50000,2024,0.9994680317745894,0.9995883330538063,0.999832283836736,1.0,0.0005319682254105729,0,0.0,50000,detector_fired=49985;scan_exhausted=15
"U(0.001,0.01), eps=1e-04",small_e4,binary_deep,qmetrology.algorithms.find_phi_fixed_budget_binary_search_deep,196761,50000,2024,0.999119895507748,0.9993647115027876,0.999832283836736,0.9999847530760669,0.0008801044922519541,0,0.0,50000,ok=50000
"U(0.001,0.01), eps=1e-04",small_e4,reverse_eng_risk,qmetrology.algorithms.find_phi_fixed_budget_reverse_engineering_risk,196761,50000,2024,0.9993610046706412,0.9994866868942525,0.9998678599925799,0.9999796707680892,0.0006389953293588491,0,0.0,50000,ok=50000
"U(0.001,0.01), eps=1e-04",small_e4,brute,qmetrology.algorithms.find_phi_fixed_budget_brute_force,278729,50000,2024,0.999806263431505,0.9998062634315051,0.9998062634315051,0.9998062634315051,0.00019373656849497323,0,0.0,50000,ok=50000
"U(0.001,0.01), eps=1e-04",small_e4,linear,qmetrology.algorithms.find_phi_fixed_budget_linear_search,278729,50000,2024,0.999677871552655,0.999748860003803,0.999971298286149,1.0,0.000322128447345027,0,0.0,50000,detector_fired=49996;scan_exhausted=4
"U(0.001,0.01), eps=1e-04",small_e4,binary_deep,qmetrology.algorithms.find_phi_fixed_budget_binary_search_deep,278729,50000,2024,0.9993599954077258,0.9995551234353082,0.9998062634315051,0.9999964122857686,0.0006400045922742015,0,0.0,50000,ok=50000
"U(0.001,0.01), eps=1e-04",small_e4,reverse_eng_risk,qmetrology.algorithms.find_phi_fixed_budget_reverse_engineering_risk,278729,50000,2024,0.9993922783779228,0.9995515357210767,0.9998816054303643,0.9999748860003803,0.0006077216220772286,0,0.0,50000,ok=50000
"U(0.001,0.01), eps=1e-04",small_e4,brute,qmetrology.algorithms.find_phi_fixed_budget_brute_force,394843,50000,2024,0.9996327654282842,0.9996327654282842,0.9996327654282842,0.9996327654282842,0.0003672345717158354,0,0.0,50000,ok=50000
"U(0.001,0.01), eps=1e-04",small_e4,linear,qmetrology.algorithms.find_phi_fixed_budget_linear_search,394843,50000,2024,0.9996972483746704,0.9997619306914394,0.9999138898245632,0.9999974673477813,0.0003027516253295559,0,0.0,50000,detector_fired=49986;scan_exhausted=14
"U(0.001,0.01), eps=1e-04",small_e4,binary_deep,qmetrology.algorithms.find_phi_fixed_budget_binary_search_deep,394843,50000,2024,0.9995333191167123,0.9996327654282842,0.9999189551290006,0.9999949346955626,0.00046668088328771784,0,0.0,50000,ok=50000
"U(0.001,0.01), eps=1e-04",small_e4,reverse_eng_risk,qmetrology.algorithms.find_phi_fixed_budget_reverse_engineering_risk,394843,50000,2024,0.9996010605227901,0.9996327654282842,0.9999366836945317,0.9999898693911251,0.0003989394772099253,0,0.0,50000,ok=50000
"U(0.001,0.01), eps=1e-04",small_e4,brute,qmetrology.algorithms.find_phi_fixed_budget_brute_force,559329,50000,2024,0.9998301536305106,0.9998301536305109,0.9998301536305109,0.9998301536305109,0.00016984636948935705,0,0.0,50000,ok=50000
"U(0.001,0.01), eps=1e-04",small_e4,linear,qmetrology.algorithms.find_phi_fixed_budget_linear_search,559329,50000,2024,0.9997597919292582,0.9997371850914221,0.9999356371652462,0.9999982121434791,0.0002402080707417653,0,0.0,50000,detector_fired=49856;scan_exhausted=144
"U(0.001,0.01), eps=1e-04",small_e4,binary_deep,qmetrology.algorithms.find_phi_fixed_budget_binary_search_deep,559329,50000,2024,0.9997072963854905,0.9997890329305292,0.9999749700087068,0.9999982121434791,0.0002927036145095041,0,0.0,50000,ok=50000
"U(0.001,0.01), eps=1e-04",small_e4,reverse_eng_risk,qmetrology.algorithms.find_phi_fixed_budget_reverse_engineering_risk,559329,50000,2024,0.9997409128795396,0.9998033357826968,0.9999606671565393,1.0,0.0002590871204604106,0,0.0,50000,ok=50000
"U(0.001,0.01), eps=1e-04",small_e4,brute,qmetrology.algorithms.find_phi_fixed_budget_brute_force,792336,50000,2024,0.9998561216453623,0.9998561216453625,0.9998561216453625,0.9998561216453625,0.00014387835463769427,0,0.0,50000,ok=50000
"U(0.001,0.01), eps=1e-04",small_e4,linear,qmetrology.algorithms.find_phi_fixed_budget_linear_search,792336,50000,2024,0.9998682868126654,0.999876315098645,0.999967185638416,0.9999987379091698,0.00013171318733462556,0,0.0,50000,detector_fired=50000
"U(0.001,0.01), eps=1e-04",small_e4,binary_deep,qmetrology.algorithms.find_phi_fixed_budget_binary_search_deep,792336,50000,2024,0.9997849210688394,0.9998258314654389,0.9999697098200764,0.999992427455019,0.00021507893116057275,0,0.0,50000,ok=50000
"U(0.001,0.01), eps=1e-04",small_e4,reverse_eng_risk,qmetrology.algorithms.find_phi_fixed_budget_reverse_engineering_risk,792336,50000,2024,0.9997984780951515,0.9998422386462309,0.9999545647301145,1.0,0.00020152190484845622,0,0.0,50000,ok=50000
"U(0.001,0.01), eps=1e-04",small_e4,brute,qmetrology.algorithms.find_phi_fixed_budget_brute_force,1122411,50000,2024,0.9999839630937332,0.999983963093733,0.999983963093733,0.999983963093733,1.6036906266836404e-05,0,0.0,50000,ok=50000
"U(0.001,0.01), eps=1e-04",small_e4,linear,qmetrology.algorithms.find_phi_fixed_budget_linear_search,1122411,50000,2024,0.9999460355074925,0.9999599077343326,0.999966144308992,0.9999973271822888,5.3964492507496686e-05,0,0.0,50000,detector_fired=50000
"U(0.001,0.01), eps=1e-04",small_e4,binary_deep,qmetrology.algorithms.find_phi_fixed_budget_binary_search_deep,1122411,50000,2024,0.9999839630937332,0.999983963093733,0.999983963093733,0.999983963093733,1.6036906266836404e-05,0,1.0,50000,no_exploitation_shots=50000
"U(0.001,0.01), eps=1e-04",small_e4,reverse_eng_risk,qmetrology.algorithms.find_phi_fixed_budget_reverse_engineering_risk,1122411,50000,2024,0.9998670550805365,0.9998761594460496,0.999983963093733,1.0,0.00013294491946347353,0,0.0,50000,ok=50000
"U(0.001,0.01), eps=1e-04",small_e4,brute,qmetrology.algorithms.find_phi_fixed_budget_brute_force,1589990,50000,2024,0.9999679243265683,0.9999679243265681,0.9999679243265681,0.9999679243265681,3.2075673431664065e-05,0,0.0,50000,ok=50000
"U(0.001,0.01), eps=1e-04",small_e4,linear,qmetrology.algorithms.find_phi_fixed_budget_linear_search,1589990,50000,2024,0.9999297120988183,0.9999138359360751,0.999974842609073,0.9999987421304537,7.028790118168704e-05,0,0.0,50000,detector_fired=50000
"U(0.001,0.01), eps=1e-04",small_e4,binary_deep,qmetrology.algorithms.find_phi_fixed_budget_binary_search_deep,1589990,50000,2024,0.9999273789143328,0.9999534588267851,0.999985534500217,1.0,7.26210856671905e-05,0,0.0,50000,ok=50000
"U(0.001,0.01), eps=1e-04",small_e4,reverse_eng_risk,qmetrology.algorithms.find_phi_fixed_budget_reverse_engineering_risk,1589990,50000,2024,0.9999065684941414,0.9999201252838068,0.9999823898263511,0.9999981131956804,9.343150585860993e-05,0,0.0,50000,ok=50000
"U(0.001,0.01), eps=1e-04",small_e4,brute,qmetrology.algorithms.find_phi_fixed_budget_brute_force,2252356,50000,2024,0.99998490469535,0.9999849046953501,0.9999849046953501,0.9999849046953501,1.5095304650047936e-05,0,0.0,50000,ok=50000
"U(0.001,0.01), eps=1e-04",small_e4,linear,qmetrology.algorithms.find_phi_fixed_budget_linear_search,2252356,50000,2024,0.9999798769377486,0.9999817968385104,0.9999928963272235,0.9999995560204514,2.012306225140925e-05,0,0.0,50000,detector_fired=50000
"U(0.001,0.01), eps=1e-04",small_e4,binary_deep,qmetrology.algorithms.find_phi_fixed_budget_binary_search_deep,2252356,50000,2024,0.9999399589230121,0.999948498372371,0.9999928963272235,1.0,6.00410769878712e-05,0,0.0,50000,ok=50000
"U(0.001,0.01), eps=1e-04",small_e4,reverse_eng_risk,qmetrology.algorithms.find_phi_fixed_budget_reverse_engineering_risk,2252356,50000,2024,0.99998490469535,0.9999849046953501,0.9999849046953501,0.9999849046953501,1.5095304650047936e-05,0,0.0,50000,ok=50000
"U(0.001,0.01), eps=1e-04",small_e4,brute,qmetrology.algorithms.find_phi_fixed_budget_brute_force,3190652,50000,2024,0.9999692852746087,0.9999692852746085,0.9999692852746085,0.9999692852746085,3.071472539128983e-05,0,0.0,50000,ok=50000
"U(0.001,0.01), eps=1e-04",small_e4,linear,qmetrology.algorithms.find_phi_fixed_budget_linear_search,3190652,50000,2024,0.9999601287323091,0.9999580023142606,0.9999711657679997,0.9999993731688696,3.987126769089411e-05,0,0.0,50000,detector_fired=50000
"U(0.001,0.01), eps=1e-04",small_e4,binary_deep,qmetrology.algorithms.find_phi_fixed_budget_binary_search_deep,3190652,50000,2024,0.9999608182716261,0.9999617633010431,0.9999962390132173,1.0,3.918172837391598e-05,0,0.0,50000,ok=50000
"U(0.001,0.01), eps=1e-04",small_e4,reverse_eng_risk,qmetrology.algorithms.find_phi_fixed_budget_reverse_engineering_risk,3190652,50000,2024,0.9999692852746087,0.9999692852746085,0.9999692852746085,0.9999692852746085,3.071472539128983e-05,0,0.0,50000,ok=50000
"U(0.001,0.01), eps=1e-04",small_e4,brute,qmetrology.algorithms.find_phi_fixed_budget_brute_force,4519828,50000,2024,0.9999752202959938,0.9999752202959936,0.9999752202959936,0.9999752202959936,2.4779704006161474e-05,0,0.0,50000,ok=50000
"U(0.001,0.01), eps=1e-04",small_e4,linear,qmetrology.algorithms.find_phi_fixed_budget_linear_search,4519828,50000,2024,0.9999773954318615,0.9999756627907079,0.9999827427061384,0.9999995575052856,2.2604568138517855e-05,0,0.0,50000,detector_fired=50000
"U(0.001,0.01), eps=1e-04",small_e4,binary_deep,qmetrology.algorithms.find_phi_fixed_budget_binary_search_deep,4519828,50000,2024,0.9999773702185129,0.9999840701902816,0.999993362579284,1.0,2.2629781487149003e-05,0,0.0,50000,ok=50000
"U(0.001,0.01), eps=1e-04",small_e4,reverse_eng_risk,qmetrology.algorithms.find_phi_fixed_budget_reverse_engineering_risk,4519828,50000,2024,0.9999752202959938,0.9999752202959936,0.9999752202959936,0.9999752202959936,2.4779704006161474e-05,0,0.0,50000,ok=50000
"U(0.001,0.01), eps=1e-04",small_e4,brute,qmetrology.algorithms.find_phi_fixed_budget_brute_force,6402718,50000,2024,0.9999842254492547,0.9999842254492545,0.9999842254492545,0.9999842254492545,1.5774550745306648e-05,0,0.0,50000,ok=50000
"U(0.001,0.01), eps=1e-04",small_e4,linear,qmetrology.algorithms.find_phi_fixed_budget_linear_search,6402718,50000,2024,0.999985966756618,0.999984537816596,0.9999928155511456,0.9999996876326585,1.4033243382005622e-05,0,0.0,50000,detector_fired=50000
"U(0.001,0.01), eps=1e-04",small_e4,binary_deep,qmetrology.algorithms.find_phi_fixed_budget_binary_search_deep,6402718,50000,2024,0.9999833048558442,0.9999879738573525,0.9999939088368408,1.0,1.6695144155809416e-05,0,0.0,50000,ok=50000
"U(0.001,0.01), eps=1e-04",small_e4,reverse_eng_risk,qmetrology.algorithms.find_phi_fixed_budget_reverse_engineering_risk,6402718,50000,2024,0.9999842254492547,0.9999842254492545,0.9999842254492545,0.9999842254492545,1.5774550745306648e-05,0,0.0,50000,ok=50000
"U(0.001,0.01), eps=1e-04",small_e4,brute,qmetrology.algorithms.find_phi_fixed_budget_brute_force,9069991,50000,2024,0.9999888643770429,0.9999888643770429,0.9999888643770429,0.9999888643770429,1.1135622957070268e-05,0,0.0,50000,ok=50000
"U(0.001,0.01), eps=1e-04",small_e4,linear,qmetrology.algorithms.find_phi_fixed_budget_linear_search,9069991,50000,2024,0.9999902169450883,0.9999890848844282,0.9999998897463074,0.9999998897463074,9.783054911727262e-06,0,0.0,50000,detector_fired=50000
"U(0.001,0.01), eps=1e-04",small_e4,binary_deep,qmetrology.algorithms.find_phi_fixed_budget_binary_search_deep,9069991,50000,2024,0.9999909191464468,0.9999901874213547,0.9999973539113766,1.0,9.080853553222745e-06,0,0.0,50000,ok=50000
"U(0.001,0.01), eps=1e-04",small_e4,reverse_eng_risk,qmetrology.algorithms.find_phi_fixed_budget_reverse_engineering_risk,9069991,50000,2024,0.9999888643770429,0.9999888643770429,0.9999888643770429,0.9999888643770429,1.1135622957070268e-05,0,0.0,50000,ok=50000
"U(0.001,0.01), eps=1e-04",small_e4,brute,qmetrology.algorithms.find_phi_fixed_budget_brute_force,12848407,50000,2024,0.9999879362476611,0.9999879362476609,0.9999879362476609,0.9999879362476609,1.2063752338864475e-05,0,0.0,50000,ok=50000
"U(0.001,0.01), eps=1e-04",small_e4,linear,qmetrology.algorithms.find_phi_fixed_budget_linear_search,12848407,50000,2024,0.9999905118977008,0.9999880919089814,0.9999996108466987,0.999999688677359,9.488102299171075e-06,0,0.0,50000,detector_fired=50000
"U(0.001,0.01), eps=1e-04",small_e4,binary_deep,qmetrology.algorithms.find_phi_fixed_budget_binary_search_deep,12848407,50000,2024,0.999988747471963,0.9999882475703019,0.99999073815143,0.9999997665080192,1.1252528037020149e-05,0,0.0,50000,ok=50000
"U(0.001,0.01), eps=1e-04",small_e4,reverse_eng_risk,qmetrology.algorithms.find_phi_fixed_budget_reverse_engineering_risk,12848407,50000,2024,0.9999953250095516,0.9999951744990644,0.9999975872495321,1.0,4.674990448427785e-06,0,0.0,50000,ok=50000
"U(0.001,0.1), eps=1e-04",wide_e4,brute,qmetrology.algorithms.find_phi_fixed_budget_brute_force,89653,50000,2024,0.9998549964864535,0.9998549964864534,0.9998549964864534,0.9998549964864534,0.00014500351354651553,0,0.0,50000,ok=50000
"U(0.001,0.1), eps=1e-04",wide_e4,linear,qmetrology.algorithms.find_phi_fixed_budget_linear_search,89653,50000,2024,0.9997710537293786,0.9999219211850133,0.9999888458835733,0.9999888458835733,0.0002289462706214218,0,0.0,50000,detector_fired=47590;scan_exhausted=2410
"U(0.001,0.1), eps=1e-04",wide_e4,binary_deep,qmetrology.algorithms.find_phi_fixed_budget_binary_search_deep,89653,50000,2024,0.9996669387527468,0.9998549964864534,0.9999553835342934,0.9999888458835733,0.00033306124725318575,0,0.0,50000,ok=50000
"U(0.001,0.1), eps=1e-04",wide_e4,reverse_eng_risk,qmetrology.algorithms.find_phi_fixed_budget_reverse_engineering_risk,89653,50000,2024,0.999689620425418,0.9998549964864534,0.9999553835342934,0.9999888458835733,0.00031037957458202037,0,0.00076,50000,ok=49962;pilot_retries_exhausted_budget=38
"U(0.001,0.1), eps=1e-04",wide_e4,brute,qmetrology.algorithms.find_phi_fixed_budget_brute_force,127001,50000,2024,0.9999133865087677,0.9999133865087676,0.9999133865087676,0.9999133865087676,8.661349123229023e-05,0,0.0,50000,ok=50000
"U(0.001,0.1), eps=1e-04",wide_e4,linear,qmetrology.algorithms.find_phi_fixed_budget_linear_search,127001,50000,2024,0.9997810754246029,0.9999370083700129,0.9999763781387548,0.9999842520925032,0.00021892457539707255,0,0.0,50000,detector_fired=47008;scan_exhausted=2992
"U(0.001,0.1), eps=1e-04",wide_e4,binary_deep,qmetrology.algorithms.find_phi_fixed_budget_binary_search_deep,127001,50000,2024,0.9997895055944442,0.9998661427862773,0.9999921260462517,1.0,0.00021049440555576115,0,0.0,50000,ok=50000
"U(0.001,0.1), eps=1e-04",wide_e4,reverse_eng_risk,qmetrology.algorithms.find_phi_fixed_budget_reverse_engineering_risk,127001,50000,2024,0.9997985160746766,0.9998740167400256,0.9999921260462517,1.0,0.00020148392532337578,0,0.00028,50000,ok=49986;pilot_retries_exhausted_budget=14
"U(0.001,0.1), eps=1e-04",wide_e4,brute,qmetrology.algorithms.find_phi_fixed_budget_brute_force,179908,50000,2024,0.9999277408453205,0.999927740845321,0.999927740845321,0.999927740845321,7.225915467945487e-05,0,0.0,50000,ok=50000
"U(0.001,0.1), eps=1e-04",wide_e4,linear,qmetrology.algorithms.find_phi_fixed_budget_linear_search,179908,50000,2024,0.9998869436600929,0.999927740845321,0.9999777664139449,1.0,0.00011305633990710273,0,0.0,50000,detector_fired=48122;scan_exhausted=1878
"U(0.001,0.1), eps=1e-04",wide_e4,binary_deep,qmetrology.algorithms.find_phi_fixed_budget_binary_search_deep,179908,50000,2024,0.9998438964359562,0.9999221824488072,0.9999777664139449,0.9999888832069724,0.0001561035640438302,0,0.0,50000,ok=50000
"U(0.001,0.1), eps=1e-04",wide_e4,reverse_eng_risk,qmetrology.algorithms.find_phi_fixed_budget_reverse_engineering_risk,179908,50000,2024,0.9998519725637548,0.999927740845321,0.9999888832069724,1.0,0.00014802743624520165,0,0.00012,50000,ok=49994;pilot_retries_exhausted_budget=6
"U(0.001,0.1), eps=1e-04",wide_e4,brute,qmetrology.algorithms.find_phi_fixed_budget_brute_force,254855,50000,2024,0.9999803810009613,0.9999803810009613,0.9999803810009613,0.9999803810009613,1.9618999038684137e-05,0,0.0,50000,ok=50000
"U(0.001,0.1), eps=1e-04",wide_e4,linear,qmetrology.algorithms.find_phi_fixed_budget_linear_search,254855,50000,2024,0.9999231392752741,0.9999568382021149,0.9999921524003845,0.9999921524003845,7.686072472590233e-05,0,0.0,50000,detector_fired=47884;scan_exhausted=2116
"U(0.001,0.1), eps=1e-04",wide_e4,binary_deep,qmetrology.algorithms.find_phi_fixed_budget_binary_search_deep,254855,50000,2024,0.9999034367777756,0.9999332954032685,0.9999882286005768,1.0,9.65632222243995e-05,0,0.0,50000,ok=50000
"U(0.001,0.1), eps=1e-04",wide_e4,reverse_eng_risk,qmetrology.algorithms.find_phi_fixed_budget_reverse_engineering_risk,254855,50000,2024,0.9999154510604069,0.9999489906024994,0.9999960762001923,1.0,8.454893959308762e-05,0,0.0,50000,ok=50000
"U(0.001,0.1), eps=1e-04",wide_e4,brute,qmetrology.algorithms.find_phi_fixed_budget_brute_force,361024,50000,2024,0.9999889204041833,0.9999889204041836,0.9999889204041836,0.9999889204041836,1.1079595816698706e-05,0,0.0,50000,ok=50000
"U(0.001,0.1), eps=1e-04",wide_e4,linear,qmetrology.algorithms.find_phi_fixed_budget_linear_search,361024,50000,2024,0.9999372139802339,0.9999695311115051,0.9999889204041836,0.9999944602020918,6.278601976605902e-05,0,0.0,50000,detector_fired=47724;scan_exhausted=2276
"U(0.001,0.1), eps=1e-04",wide_e4,binary_deep,qmetrology.algorithms.find_phi_fixed_budget_binary_search_deep,361024,50000,2024,0.9999347614563021,0.999966761212551,0.9999889204041836,1.0,6.523854369788751e-05,0,0.0,50000,ok=50000
"U(0.001,0.1), eps=1e-04",wide_e4,reverse_eng_risk,qmetrology.algorithms.find_phi_fixed_budget_reverse_engineering_risk,361024,50000,2024,0.999943540595639,0.9999612214146428,0.9999944602020918,0.9999944602020918,5.6459404361053345e-05,0,0.0,50000,ok=50000
"U(0.001,0.1), eps=1e-04",wide_e4,brute,qmetrology.algorithms.find_phi_fixed_budget_brute_force,511421,50000,2024,0.9999784913016867,0.9999784913016869,0.9999784913016869,0.9999784913016869,2.150869831329949e-05,0,0.0,50000,ok=50000
"U(0.001,0.1), eps=1e-04",wide_e4,linear,qmetrology.algorithms.find_phi_fixed_budget_linear_search,511421,50000,2024,0.9999534038297215,0.9999784913016869,0.9999960893275794,1.0,4.659617027846785e-05,0,0.0,50000,detector_fired=47721;scan_exhausted=2279
"U(0.001,0.1), eps=1e-04",wide_e4,binary_deep,qmetrology.algorithms.find_phi_fixed_budget_binary_search_deep,511421,50000,2024,0.999957643194159,0.9999784913016869,0.9999960893275794,1.0,4.235680584097068e-05,0,0.0,50000,ok=50000
"U(0.001,0.1), eps=1e-04",wide_e4,reverse_eng_risk,qmetrology.algorithms.find_phi_fixed_budget_reverse_engineering_risk,511421,50000,2024,0.999955741434161,0.9999706699568457,0.9999921786551589,0.9999960893275794,4.4258565839006e-05,0,0.0,50000,ok=50000
"U(0.001,0.1), eps=1e-04",wide_e4,brute,qmetrology.algorithms.find_phi_fixed_budget_brute_force,724471,50000,2024,0.9999986196824993,0.9999986196824994,0.9999986196824994,0.9999986196824994,1.380317500743189e-06,0,0.0,50000,ok=50000
"U(0.001,0.1), eps=1e-04",wide_e4,linear,qmetrology.algorithms.find_phi_fixed_budget_linear_search,724471,50000,2024,0.9999705480826698,0.9999903377774956,0.9999986196824994,1.0,2.945191733016994e-05,0,0.0,50000,detector_fired=48229;scan_exhausted=1771
"U(0.001,0.1), eps=1e-04",wide_e4,binary_deep,qmetrology.algorithms.find_phi_fixed_budget_binary_search_deep,724471,50000,2024,0.9999657053215382,0.9999779149199899,0.9999917180949962,1.0,3.429467846183254e-05,0,0.0,50000,ok=50000
"U(0.001,0.1), eps=1e-04",wide_e4,reverse_eng_risk,qmetrology.algorithms.find_phi_fixed_budget_reverse_engineering_risk,724471,50000,2024,0.9999678772235189,0.9999779149199899,0.9999972393649987,0.9999986196824994,3.212277648112494e-05,0,0.0,50000,ok=50000
"U(0.001,0.1), eps=1e-04",wide_e4,brute,qmetrology.algorithms.find_phi_fixed_budget_brute_force,1026274,50000,2024,0.9999961024054007,0.9999961024054005,0.9999961024054005,0.9999961024054005,3.897594599289178e-06,0,0.0,50000,ok=50000
"U(0.001,0.1), eps=1e-04",wide_e4,linear,qmetrology.algorithms.find_phi_fixed_budget_linear_search,1026274,50000,2024,0.9999784763133432,0.9999883072162015,0.9999961024054005,1.0,2.1523686656754748e-05,0,0.0,50000,detector_fired=47839;scan_exhausted=2161
"U(0.001,0.1), eps=1e-04",wide_e4,binary_deep,qmetrology.algorithms.find_phi_fixed_budget_binary_search_deep,1026274,50000,2024,0.9999743693204739,0.9999902560135012,0.9999961024054005,0.9999990256013501,2.5630679526100764e-05,0,0.0,50000,ok=50000
"U(0.001,0.1), eps=1e-04",wide_e4,reverse_eng_risk,qmetrology.algorithms.find_phi_fixed_budget_reverse_engineering_risk,1026274,50000,2024,0.9999744799536966,0.9999902560135012,0.9999961024054005,0.9999990256013501,2.552004630340665e-05,0,0.0,50000,ok=50000
"U(0.001,0.1), eps=1e-04",wide_e4,brute,qmetrology.algorithms.find_phi_fixed_budget_brute_force,1453804,50000,2024,0.9999972485974725,0.9999972485974725,0.9999972485974725,0.9999972485974725,2.7514025274788523e-06,0,0.0,50000,ok=50000
"U(0.001,0.1), eps=1e-04",wide_e4,linear,qmetrology.algorithms.find_phi_fixed_budget_linear_search,1453804,50000,2024,0.9999846203477221,0.9999931214936814,0.9999986242987363,1.0,1.5379652277935918e-05,0,0.0,50000,detector_fired=47616;scan_exhausted=2384
"U(0.001,0.1), eps=1e-04",wide_e4,binary_deep,qmetrology.algorithms.find_phi_fixed_budget_binary_search_deep,1453804,50000,2024,0.9999836374779544,0.999990370091154,0.9999986242987363,1.0,1.6362522045620942e-05,0,0.0,50000,ok=50000
"U(0.001,0.1), eps=1e-04",wide_e4,reverse_eng_risk,qmetrology.algorithms.find_phi_fixed_budget_reverse_engineering_risk,1453804,50000,2024,0.9999832046960937,0.999990370091154,0.9999986242987363,1.0,1.6795303906302905e-05,0,0.0,50000,ok=50000
"U(0.001,0.1), eps=1e-04",wide_e4,brute,qmetrology.algorithms.find_phi_fixed_budget_brute_force,2059436,50000,2024,0.9999946587318078,0.9999946587318082,0.9999946587318082,0.9999946587318082,5.341268192182724e-06,0,0.0,50000,ok=50000
"U(0.001,0.1), eps=1e-04",wide_e4,linear,qmetrology.algorithms.find_phi_fixed_budget_linear_search,2059436,50000,2024,0.9999902917109343,0.9999951443016437,0.9999980577206575,0.9999990288603288,9.70828906565746e-06,0,0.0,50000,detector_fired=48023;scan_exhausted=1977
"U(0.001,0.1), eps=1e-04",wide_e4,binary_deep,qmetrology.algorithms.find_phi_fixed_budget_binary_search_deep,2059436,50000,2024,0.9999884455841308,0.9999946587318082,0.9999985432904931,0.9999995144301643,1.1554415869197143e-05,0,0.0,50000,ok=50000
"U(0.001,0.1), eps=1e-04",wide_e4,reverse_eng_risk,qmetrology.algorithms.find_phi_fixed_budget_reverse_engineering_risk,2059436,50000,2024,0.9999875705095959,0.99999223088263,0.9999990288603288,1.0,1.2429490404142207e-05,0,0.0,50000,ok=50000
"U(0.001,0.1), eps=1e-04",wide_e4,brute,qmetrology.algorithms.find_phi_fixed_budget_brute_force,2917365,50000,2024,1.0,1.0,1.0,1.0,0.0,0,0.0,50000,ok=50000
"U(0.001,0.1), eps=1e-04",wide_e4,linear,qmetrology.algorithms.find_phi_fixed_budget_linear_search,2917365,50000,2024,0.9999938214244704,0.9999965722492729,1.0,1.0,6.17857552964729e-06,0,0.0,50000,detector_fired=48467;scan_exhausted=1533
"U(0.001,0.1), eps=1e-04",wide_e4,binary_deep,qmetrology.algorithms.find_phi_fixed_budget_binary_search_deep,2917365,50000,2024,0.9999912334109721,0.9999965722492729,0.9999996572249273,1.0,8.766589027930927e-06,0,0.0,50000,ok=50000
"U(0.001,0.1), eps=1e-04",wide_e4,reverse_eng_risk,qmetrology.algorithms.find_phi_fixed_budget_reverse_engineering_risk,2917365,50000,2024,0.9999917905781415,0.9999969150243456,1.0,1.0,8.209421858529353e-06,0,0.0,50000,ok=50000
"U(0.001,0.1), eps=1e-04",wide_e4,brute,qmetrology.algorithms.find_phi_fixed_budget_brute_force,4132694,50000,2024,0.9999966123792371,0.9999966123792373,0.9999966123792373,0.9999966123792373,3.3876207629068844e-06,0,0.0,50000,ok=50000
"U(0.001,0.1), eps=1e-04",wide_e4,linear,qmetrology.algorithms.find_phi_fixed_budget_linear_search,4132694,50000,2024,0.9999963059447419,0.9999980642167071,0.9999995160541768,1.0,3.6940552581299357e-06,0,0.0,50000,detector_fired=48779;scan_exhausted=1221
"U(0.001,0.1), eps=1e-04",wide_e4,binary_deep,qmetrology.algorithms.find_phi_fixed_budget_binary_search_deep,4132694,50000,2024,0.9999936939245925,0.9999966123792373,0.9999995160541768,1.0,6.306075407525036e-06,0,0.0,50000,ok=50000
"U(0.001,0.1), eps=1e-04",wide_e4,reverse_eng_risk,qmetrology.algorithms.find_phi_fixed_budget_reverse_engineering_risk,4132694,50000,2024,0.9999951411694161,0.9999966123792373,0.9999987901354419,0.9999995160541768,4.858830583875928e-06,0,0.0,50000,ok=50000
"U(0.001,0.1), eps=1e-04",wide_e4,brute,qmetrology.algorithms.find_phi_fixed_budget_brute_force,5854310,50000,2024,0.9999991459283847,0.9999991459283843,0.9999991459283843,0.9999991459283843,8.540716153193628e-07,0,0.0,50000,ok=50000
"U(0.001,0.1), eps=1e-04",wide_e4,linear,qmetrology.algorithms.find_phi_fixed_budget_linear_search,5854310,50000,2024,0.9999970574568139,0.9999976085994763,1.0,1.0,2.942543186112978e-06,0,0.0,50000,detector_fired=48842;scan_exhausted=1158
"U(0.001,0.1), eps=1e-04",wide_e4,binary_deep,qmetrology.algorithms.find_phi_fixed_budget_binary_search_deep,5854310,50000,2024,0.9999959343902185,0.9999976085994763,0.9999991459283843,1.0,4.065609781500612e-06,0,0.0,50000,ok=50000
"U(0.001,0.1), eps=1e-04",wide_e4,reverse_eng_risk,qmetrology.algorithms.find_phi_fixed_budget_reverse_engineering_risk,5854310,50000,2024,0.9999970988417082,0.9999981210424457,0.9999998291856769,1.0,2.901158291823691e-06,0,0.0,50000,ok=50000
"U(0.001,0.1), eps=1e-04",wide_e4,brute,qmetrology.algorithms.find_phi_fixed_budget_brute_force,8293124,50000,2024,0.9999983118544955,0.9999983118544954,0.9999983118544954,0.9999983118544954,1.6881455044970295e-06,0,0.0,50000,ok=50000
"U(0.001,0.1), eps=1e-04",wide_e4,linear,qmetrology.algorithms.find_phi_fixed_budget_linear_search,8293124,50000,2024,0.999998257722904,0.9999983118544954,0.9999997588363565,0.9999997588363565,1.7422770960395795e-06,0,0.0,50000,detector_fired=49422;scan_exhausted=578
"U(0.001,0.1), eps=1e-04",wide_e4,binary_deep,qmetrology.algorithms.find_phi_fixed_budget_binary_search_deep,8293124,50000,2024,0.9999966156324203,0.9999983118544954,0.9999997588363565,1.0,3.384367579739589e-06,0,0.0,50000,ok=50000
"U(0.001,0.1), eps=1e-04",wide_e4,reverse_eng_risk,qmetrology.algorithms.find_phi_fixed_budget_reverse_engineering_risk,8293124,50000,2024,0.9999977278236766,0.9999983118544954,0.9999996382545348,1.0,2.2721763234256898e-06,0,0.0,50000,ok=50000
"U(0.001,0.1), eps=1e-04",wide_e4,brute,qmetrology.algorithms.find_phi_fixed_budget_brute_force,11747910,50000,2024,1.0,1.0,1.0,1.0,0.0,0,0.0,50000,ok=50000
"U(0.001,0.1), eps=1e-04",wide_e4,linear,qmetrology.algorithms.find_phi_fixed_budget_linear_search,11747910,50000,2024,0.9999990726827154,0.9999991487847626,0.9999997446354287,0.9999999148784763,9.273172846269162e-07,0,0.0,50000,detector_fired=49977;scan_exhausted=23
"U(0.001,0.1), eps=1e-04",wide_e4,binary_deep,qmetrology.algorithms.find_phi_fixed_budget_binary_search_deep,11747910,50000,2024,0.999998632672535,0.999998978541715,1.0,1.0,1.3673274650294331e-06,0,0.0,50000,ok=50000
"U(0.001,0.1), eps=1e-04",wide_e4,reverse_eng_risk,qmetrology.algorithms.find_phi_fixed_budget_reverse_engineering_risk,11747910,50000,2024,0.9999987774812712,0.9999994892708576,1.0,1.0,1.2225187288050776e-06,0,0.0,50000,ok=50000
"U(0.001,0.1), eps=1e-04",wide_e4,brute,qmetrology.algorithms.find_phi_fixed_budget_brute_force,16641905,50000,2024,0.9999996995536267,0.9999996995536268,0.9999996995536268,0.9999996995536268,3.004463733358165e-07,0,0.0,50000,ok=50000
"U(0.001,0.1), eps=1e-04",wide_e4,linear,qmetrology.algorithms.find_phi_fixed_budget_linear_search,16641905,50000,2024,0.9999987764105133,0.999999339017979,0.9999996394643522,0.9999996394643522,1.2235894867318464e-06,0,0.0,50000,detector_fired=49605;scan_exhausted=395
"U(0.001,0.1), eps=1e-04",wide_e4,binary_deep,qmetrology.algorithms.find_phi_fixed_budget_binary_search_deep,16641905,50000,2024,0.9999985489726085,0.9999992789287043,0.9999997596429014,1.0,1.451027391463633e-06,0,0.0,50000,ok=50000
"U(0.001,0.1), eps=1e-04",wide_e4,reverse_eng_risk,qmetrology.algorithms.find_phi_fixed_budget_reverse_engineering_risk,16641905,50000,2024,0.9999994466991609,0.9999995793750776,0.9999998798214508,0.9999999399107253,5.533008391456207e-07,0,0.0,50000,ok=50000
"U(0.001,0.1), eps=1e-04",wide_e4,brute,qmetrology.algorithms.find_phi_fixed_budget_brute_force,23574663,50000,2024,0.9999998727447341,0.9999998727447345,0.9999998727447345,0.9999998727447345,1.2725526588042158e-07,0,0.0,50000,ok=50000
"U(0.001,0.1), eps=1e-04",wide_e4,linear,qmetrology.algorithms.find_phi_fixed_budget_linear_search,23574663,50000,2024,0.9999998251911384,0.9999998727447345,0.9999999575815781,0.9999999575815781,1.7480886160825548e-07,0,0.0,50000,detector_fired=50000
"U(0.001,0.1), eps=1e-04",wide_e4,binary_deep,qmetrology.algorithms.find_phi_fixed_budget_binary_search_deep,23574663,50000,2024,0.9999994134261855,0.9999996182342034,0.9999998727447345,1.0,5.865738145205412e-07,0,0.0,50000,ok=50000
"U(0.001,0.1), eps=1e-04",wide_e4,reverse_eng_risk,qmetrology.algorithms.find_phi_fixed_budget_reverse_engineering_risk,23574663,50000,2024,0.9999997424260103,0.9999998727447345,0.9999998727447345,0.9999999151631563,2.575739896926166e-07,0,0.0,50000,ok=50000
"U(0.001,0.1), eps=1e-04",wide_e4,brute,qmetrology.algorithms.find_phi_fixed_budget_brute_force,33395498,50000,2024,0.9999997604467523,0.9999997604467524,0.9999997604467524,0.9999997604467524,2.3955324768287767e-07,0,0.0,50000,ok=50000
"U(0.001,0.1), eps=1e-04",wide_e4,linear,qmetrology.algorithms.find_phi_fixed_budget_linear_search,33395498,50000,2024,0.9999997482121691,0.9999997604467524,0.9999999101675322,1.0,2.5178783091828194e-07,0,0.0,50000,detector_fired=50000
"U(0.001,0.1), eps=1e-04",wide_e4,binary_deep,qmetrology.algorithms.find_phi_fixed_budget_binary_search_deep,33395498,50000,2024,0.9999996222592638,0.9999997604467524,0.9999999101675322,1.0,3.777407362459684e-07,0,0.0,50000,ok=50000
"U(0.001,0.1), eps=1e-04",wide_e4,reverse_eng_risk,qmetrology.algorithms.find_phi_fixed_budget_reverse_engineering_risk,33395498,50000,2024,0.9999997604467523,0.9999997604467524,0.9999997604467524,0.9999997604467524,2.3955324768287767e-07,0,0.0,50000,ok=50000
"U(0.001,0.1), eps=1e-04",wide_e4,brute,qmetrology.algorithms.find_phi_fixed_budget_brute_force,47307541,50000,2024,0.9999999788617209,0.999999978861721,0.999999978861721,0.999999978861721,2.1138279127086435e-08,0,0.0,50000,ok=50000
"U(0.001,0.1), eps=1e-04",wide_e4,linear,qmetrology.algorithms.find_phi_fixed_budget_linear_search,47307541,50000,2024,0.9999999008978295,0.999999957723442,0.999999957723442,0.999999978861721,9.910217046993353e-08,0,0.0,50000,detector_fired=50000
"U(0.001,0.1), eps=1e-04",wide_e4,binary_deep,qmetrology.algorithms.find_phi_fixed_budget_binary_search_deep,47307541,50000,2024,0.9999997814860003,0.9999997886172101,0.999999978861721,1.0,2.1851399967243168e-07,0,0.0,50000,ok=50000
"U(0.001,0.1), eps=1e-04",wide_e4,reverse_eng_risk,qmetrology.algorithms.find_phi_fixed_budget_reverse_engineering_risk,47307541,50000,2024,0.9999999788617209,0.999999978861721,0.999999978861721,0.999999978861721,2.1138279127086435e-08,0,0.0,50000,ok=50000
"U(0.001,0.1), eps=1e-04",wide_e4,brute,qmetrology.algorithms.find_phi_fixed_budget_brute_force,67015122,50000,2024,0.9999998209359372,0.9999998209359374,0.9999998209359374,0.9999998209359374,1.7906406279966092e-07,0,0.0,50000,ok=50000
"U(0.001,0.1), eps=1e-04",wide_e4,linear,qmetrology.algorithms.find_phi_fixed_budget_linear_search,67015122,50000,2024,0.9999999600549857,1.0,1.0,1.0,3.9945014296272063e-08,0,0.0,50000,detector_fired=50000
"U(0.001,0.1), eps=1e-04",wide_e4,binary_deep,qmetrology.algorithms.find_phi_fixed_budget_binary_search_deep,67015122,50000,2024,0.9999998366049382,0.9999998209359374,0.9999998955459635,1.0,1.633950618140645e-07,0,0.0,50000,ok=50000
"U(0.001,0.1), eps=1e-04",wide_e4,reverse_eng_risk,qmetrology.algorithms.find_phi_fixed_budget_reverse_engineering_risk,67015122,50000,2024,0.9999998209359372,0.9999998209359374,0.9999998209359374,0.9999998209359374,1.7906406279966092e-07,0,0.0,50000,ok=50000
"U(0.001,0.1), eps=1e-04",wide_e4,brute,qmetrology.algorithms.find_phi_fixed_budget_brute_force,94932574,50000,2024,0.9999999578648316,0.9999999578648315,0.9999999578648315,0.9999999578648315,4.213516835438469e-08,0,0.0,50000,ok=50000
"U(0.001,0.1), eps=1e-04",wide_e4,linear,qmetrology.algorithms.find_phi_fixed_budget_linear_search,94932574,50000,2024,0.9999999402154629,0.9999999683986236,0.9999999683986236,0.9999999894662078,5.97845370986505e-08,0,0.0,50000,detector_fired=50000
"U(0.001,0.1), eps=1e-04",wide_e4,binary_deep,qmetrology.algorithms.find_phi_fixed_budget_binary_search_deep,94932574,50000,2024,0.9999999366126955,0.9999999578648315,0.9999999578648315,1.0,6.338730451638241e-08,0,0.0,50000,ok=50000
"U(0.001,0.1), eps=1e-04",wide_e4,reverse_eng_risk,qmetrology.algorithms.find_phi_fixed_budget_reverse_engineering_risk,94932574,50000,2024,0.9999999578648316,0.9999999578648315,0.9999999578648315,0.9999999578648315,4.213516835438469e-08,0,0.0,50000,ok=50000
"U(0.001,0.1), eps=1e-04",wide_e4,brute,qmetrology.algorithms.find_phi_fixed_budget_brute_force,134480000,50000,2024,0.9999999628197501,0.9999999628197501,0.9999999628197501,0.9999999628197501,3.718024987886537e-08,0,0.0,50000,ok=50000
"U(0.001,0.1), eps=1e-04",wide_e4,linear,qmetrology.algorithms.find_phi_fixed_budget_linear_search,134480000,50000,2024,0.9999999587635335,0.9999999628197501,1.0,1.0,4.123646646370105e-08,0,0.0,50000,detector_fired=50000
"U(0.001,0.1), eps=1e-04",wide_e4,binary_deep,qmetrology.algorithms.find_phi_fixed_budget_binary_search_deep,134480000,50000,2024,0.999999965536734,0.9999999628197501,0.99999999256395,1.0,3.446326601874716e-08,0,0.0,50000,ok=50000
"U(0.001,0.1), eps=1e-04",wide_e4,reverse_eng_risk,qmetrology.algorithms.find_phi_fixed_budget_reverse_engineering_risk,134480000,50000,2024,0.9999999671195715,0.9999999776918501,0.99999999256395,1.0,3.288042849103334e-08,0,0.0,50000,ok=50000
"U(0.01,pi/4), eps=1e-03",broad_pi4_e3,brute,qmetrology.algorithms.find_phi_fixed_budget_brute_force,3000,50000,2024,1.0,1.0,1.0,1.0,0.0,0,0.0,50000,ok=50000
"U(0.01,pi/4), eps=1e-03",broad_pi4_e3,linear,qmetrology.algorithms.find_phi_fixed_budget_linear_search,3000,50000,2024,0.9996872933333334,1.0,1.0,1.0,0.00031270666666660674,0,0.0,50000,detector_fired=49999;scan_exhausted=1
"U(0.01,pi/4), eps=1e-03",broad_pi4_e3,binary_deep,qmetrology.algorithms.find_phi_fixed_budget_binary_search_deep,3000,50000,2024,0.9991298866666667,0.9996666666666667,1.0,1.0,0.0008701133333333111,0,0.0,50000,ok=50000
"U(0.01,pi/4), eps=1e-03",broad_pi4_e3,reverse_eng_risk,qmetrology.algorithms.find_phi_fixed_budget_reverse_engineering_risk,3000,50000,2024,0.9988522399999998,0.9996666666666667,1.0,1.0,0.0011477600000001642,0,0.00388,50000,ok=49806;pilot_retries_exhausted_budget=194
"U(0.01,pi/4), eps=1e-03",broad_pi4_e3,brute,qmetrology.algorithms.find_phi_fixed_budget_brute_force,4088,50000,2024,1.0,1.0,1.0,1.0,0.0,0,0.0,50000,ok=50000
"U(0.01,pi/4), eps=1e-03",broad_pi4_e3,linear,qmetrology.algorithms.find_phi_fixed_budget_linear_search,4088,50000,2024,0.9996757093933464,1.0,1.0,1.0,0.0003242906066536211,0,0.0,50000,detector_fired=49179;scan_exhausted=821
"U(0.01,pi/4), eps=1e-03",broad_pi4_e3,binary_deep,qmetrology.algorithms.find_phi_fixed_budget_binary_search_deep,4088,50000,2024,0.9993779598825833,0.9997553816046967,1.0,1.0,0.0006220401174167334,0,0.0,50000,ok=50000
"U(0.01,pi/4), eps=1e-03",broad_pi4_e3,reverse_eng_risk,qmetrology.algorithms.find_phi_fixed_budget_reverse_engineering_risk,4088,50000,2024,0.9991878326810176,0.9997553816046967,1.0,1.0,0.0008121673189823708,0,0.00228,50000,ok=49886;pilot_retries_exhausted_budget=114
"U(0.01,pi/4), eps=1e-03",broad_pi4_e3,brute,qmetrology.algorithms.find_phi_fixed_budget_brute_force,5572,50000,2024,1.0,1.0,1.0,1.0,0.0,0,0.0,50000,ok=50000
"U(0.01,pi/4), eps=1e-03",broad_pi4_e3,linear,qmetrology.algorithms.find_phi_fixed_budget_linear_search,5572,50000,2024,0.9998891313711415,1.0,1.0,1.0,0.0001108686288584515,0,0.0,50000,detector_fired=49456;scan_exhausted=544
"U(0.01,pi/4), eps=1e-03",broad_pi4_e3,binary_deep,qmetrology.algorithms.find_phi_fixed_budget_binary_search_deep,5572,50000,2024,0.9996893036611632,1.0,1.0,1.0,0.00031069633883684666,0,0.0,50000,ok=50000
"U(0.01,pi/4), eps=1e-03",broad_pi4_e3,reverse_eng_risk,qmetrology.algorithms.find_phi_fixed_budget_reverse_engineering_risk,5572,50000,2024,0.9996301974156497,1.0,1.0,1.0,0.00036980258435026503,0,0.0015,50000,ok=49925;pilot_retries_exhausted_budget=75
"U(0.01,pi/4), eps=1e-03",broad_pi4_e3,brute,qmetrology.algorithms.find_phi_fixed_budget_brute_force,7595,50000,2024,0.9998683344305466,0.9998683344305465,0.9998683344305465,0.9998683344305465,0.00013166556945343189,0,0.0,50000,ok=50000
"U(0.01,pi/4), eps=1e-03",broad_pi4_e3,linear,qmetrology.algorithms.find_phi_fixed_budget_linear_search,7595,50000,2024,0.9997393548387097,0.9998683344305465,0.9998683344305465,0.9998683344305465,0.00026064516129031823,0,0.0,50000,detector_fired=49091;scan_exhausted=909
"U(0.01,pi/4), eps=1e-03",broad_pi4_e3,binary_deep,qmetrology.algorithms.find_phi_fixed_budget_binary_search_deep,7595,50000,2024,0.9997045635286372,0.9998683344305465,1.0,1.0,0.0002954364713627644,0,0.0,50000,ok=50000
"U(0.01,pi/4), eps=1e-03",broad_pi4_e3,reverse_eng_risk,qmetrology.algorithms.find_phi_fixed_budget_reverse_engineering_risk,7595,50000,2024,0.9995946570111915,0.9998683344305465,0.9998683344305465,1.0,0.00040534298880845476,0,0.00084,50000,ok=49958;pilot_retries_exhausted_budget=42
"U(0.01,pi/4), eps=1e-03",broad_pi4_e3,brute,qmetrology.algorithms.find_phi_fixed_budget_brute_force,10351,50000,2024,0.9999033909767172,0.9999033909767172,0.9999033909767172,0.9999033909767172,9.660902328278986e-05,0,0.0,50000,ok=50000
"U(0.01,pi/4), eps=1e-03",broad_pi4_e3,linear,qmetrology.algorithms.find_phi_fixed_budget_linear_search,10351,50000,2024,0.9997912201719641,0.9999033909767172,0.9999033909767172,0.9999033909767172,0.0002087798280359099,0,0.0,50000,detector_fired=49430;scan_exhausted=570
"U(0.01,pi/4), eps=1e-03",broad_pi4_e3,binary_deep,qmetrology.algorithms.find_phi_fixed_budget_binary_search_deep,10351,50000,2024,0.9996901709979712,0.9999033909767172,1.0,1.0,0.00030982900202880526,0,0.0,50000,ok=50000
"U(0.01,pi/4), eps=1e-03",broad_pi4_e3,reverse_eng_risk,qmetrology.algorithms.find_phi_fixed_budget_reverse_engineering_risk,10351,50000,2024,0.9997455241039513,0.9999033909767172,0.9999033909767172,1.0,0.00025447589604865595,0,0.00032,50000,ok=49984;pilot_retries_exhausted_budget=16
"U(0.01,pi/4), eps=1e-03",broad_pi4_e3,brute,qmetrology.algorithms.find_phi_fixed_budget_brute_force,14108,50000,2024,1.0,1.0,1.0,1.0,0.0,0,0.0,50000,ok=50000
"U(0.01,pi/4), eps=1e-03",broad_pi4_e3,linear,qmetrology.algorithms.find_phi_fixed_budget_linear_search,14108,50000,2024,0.9998975418202436,0.999929118230791,0.999929118230791,0.999929118230791,0.00010245817975640392,0,0.0,50000,detector_fired=48813;scan_exhausted=1187
"U(0.01,pi/4), eps=1e-03",broad_pi4_e3,binary_deep,qmetrology.algorithms.find_phi_fixed_budget_binary_search_deep,14108,50000,2024,0.9997974071448823,0.999929118230791,1.0,1.0,0.0002025928551177003,0,0.0,50000,ok=50000
"U(0.01,pi/4), eps=1e-03",broad_pi4_e3,reverse_eng_risk,qmetrology.algorithms.find_phi_fixed_budget_reverse_engineering_risk,14108,50000,2024,0.9998188630564219,1.0,1.0,1.0,0.0001811369435781307,0,0.00014,50000,ok=49993;pilot_retries_exhausted_budget=7
"U(0.01,pi/4), eps=1e-03",broad_pi4_e3,brute,qmetrology.algorithms.find_phi_fixed_budget_brute_force,19228,50000,2024,1.0,1.0,1.0,1.0,0.0,0,0.0,50000,ok=50000
"U(0.01,pi/4), eps=1e-03",broad_pi4_e3,linear,qmetrology.algorithms.find_phi_fixed_budget_linear_search,19228,50000,2024,0.9999588433534428,1.0,1.0,1.0,4.115664655723883e-05,0,0.0,50000,detector_fired=49377;scan_exhausted=623
"U(0.01,pi/4), eps=1e-03",broad_pi4_e3,binary_deep,qmetrology.algorithms.find_phi_fixed_budget_binary_search_deep,19228,50000,2024,0.999885376534221,0.9999479925109216,1.0,1.0,0.00011462346577895133,0,0.0,50000,ok=50000
"U(0.01,pi/4), eps=1e-03",broad_pi4_e3,reverse_eng_risk,qmetrology.algorithms.find_phi_fixed_budget_reverse_engineering_risk,19228,50000,2024,0.9998803203661328,0.9999479925109216,1.0,1.0,0.00011967963386716463,0,4e-05,50000,ok=49998;pilot_retries_exhausted_budget=2
"U(0.01,pi/4), eps=1e-03",broad_pi4_e3,brute,qmetrology.algorithms.find_phi_fixed_budget_brute_force,26207,50000,2024,0.9999618422558855,0.9999618422558858,0.9999618422558858,0.9999618422558858,3.815774411453088e-05,0,0.0,50000,ok=50000
"U(0.01,pi/4), eps=1e-03",broad_pi4_e3,linear,qmetrology.algorithms.find_phi_fixed_budget_linear_search,26207,50000,2024,0.9999606089975961,1.0,1.0,1.0,3.9391002403910136e-05,0,0.0,50000,detector_fired=48976;scan_exhausted=1024
"U(0.01,pi/4), eps=1e-03",broad_pi4_e3,binary_deep,qmetrology.algorithms.find_phi_fixed_budget_binary_search_deep,26207,50000,2024,0.9998852688213071,0.9999618422558858,0.9999618422558858,0.9999618422558858,0.00011473117869287286,0,0.0,50000,ok=50000
"U(0.01,pi/4), eps=1e-03",broad_pi4_e3,reverse_eng_risk,qmetrology.algorithms.find_phi_fixed_budget_reverse_engineering_risk,26207,50000,2024,0.9999104506429579,0.9999618422558858,1.0,1.0,8.954935704208467e-05,0,0.0,50000,ok=50000
"U(0.01,pi/4), eps=1e-03",broad_pi4_e3,brute,qmetrology.algorithms.find_phi_fixed_budget_brute_force,35718,50000,2024,1.0,1.0,1.0,1.0,0.0,0,0.0,50000,ok=50000
"U(0.01,pi/4), eps=1e-03",broad_pi4_e3,linear,qmetrology.algorithms.find_phi_fixed_budget_linear_search,35718,50000,2024,0.9999468760848872,1.0,1.0,1.0,5.312391511280712e-05,0,0.0,50000,detector_fired=48693;scan_exhausted=1307
"U(0.01,pi/4), eps=1e-03",broad_pi4_e3,binary_deep,qmetrology.algorithms.find_phi_fixed_budget_binary_search_deep,35718,50000,2024,0.9999527325158184,1.0,1.0,1.0,4.7267484181601205e-05,0,0.0,50000,ok=50000
"U(0.01,pi/4), eps=1e-03",broad_pi4_e3,reverse_eng_risk,qmetrology.algorithms.find_phi_fixed_budget_reverse_engineering_risk,35718,50000,2024,0.9999190279410942,0.9999440058233944,1.0,1.0,8.097205890578163e-05,0,0.0,50000,ok=50000
"U(0.01,pi/4), eps=1e-03",broad_pi4_e3,brute,qmetrology.algorithms.find_phi_fixed_budget_brute_force,48681,50000,2024,0.9999794581048048,0.9999794581048047,0.9999794581048047,0.9999794581048047,2.0541895195180793e-05,0,0.0,50000,ok=50000
"U(0.01,pi/4), eps=1e-03",broad_pi4_e3,linear,qmetrology.algorithms.find_phi_fixed_budget_linear_search,48681,50000,2024,0.999955498038249,0.9999794581048047,1.0,1.0,4.450196175098675e-05,0,0.0,50000,detector_fired=48243;scan_exhausted=1757
"U(0.01,pi/4), eps=1e-03",broad_pi4_e3,binary_deep,qmetrology.algorithms.find_phi_fixed_budget_binary_search_deep,48681,50000,2024,0.9999425110412687,0.9999794581048047,1.0,1.0,5.748895873125548e-05,0,0.0,50000,ok=50000
"U(0.01,pi/4), eps=1e-03",broad_pi4_e3,reverse_eng_risk,qmetrology.algorithms.find_phi_fixed_budget_reverse_engineering_risk,48681,50000,2024,0.9999445105893471,0.9999794581048047,0.9999794581048047,1.0,5.5489410652920235e-05,0,0.0,50000,ok=50000
"U(0.01,pi/4), eps=1e-03",broad_pi4_e3,brute,qmetrology.algorithms.find_phi_fixed_budget_brute_force,66349,50000,2024,0.9999849281827907,0.9999849281827909,0.9999849281827909,0.9999849281827909,1.507181720927786e-05,0,0.0,50000,ok=50000
"U(0.01,pi/4), eps=1e-03",broad_pi4_e3,linear,qmetrology.algorithms.find_phi_fixed_budget_linear_search,66349,50000,2024,0.9999763164478741,1.0,1.0,1.0,2.3683552125897123e-05,0,0.0,50000,detector_fired=48995;scan_exhausted=1005
"U(0.01,pi/4), eps=1e-03",broad_pi4_e3,binary_deep,qmetrology.algorithms.find_phi_fixed_budget_binary_search_deep,66349,50000,2024,0.9999655482373507,0.9999849281827909,1.0,1.0,3.445176264926797e-05,0,0.0,50000,ok=50000
"U(0.01,pi/4), eps=1e-03",broad_pi4_e3,reverse_eng_risk,qmetrology.algorithms.find_phi_fixed_budget_reverse_engineering_risk,66349,50000,2024,0.9999565771903118,0.9999849281827909,1.0,1.0,4.342280968816503e-05,0,0.0,50000,ok=50000
"U(0.01,pi/4), eps=1e-03",broad_pi4_e3,brute,qmetrology.algorithms.find_phi_fixed_budget_brute_force,90429,50000,2024,0.9999889416005932,0.9999889416005927,0.9999889416005927,0.9999889416005927,1.1058399406849162e-05,0,0.0,50000,ok=50000
"U(0.01,pi/4), eps=1e-03",broad_pi4_e3,linear,qmetrology.algorithms.find_phi_fixed_budget_linear_search,90429,50000,2024,0.9999782445896782,0.9999889416005927,1.0,1.0,2.1755410321788737e-05,0,0.0,50000,detector_fired=48499;scan_exhausted=1501
"U(0.01,pi/4), eps=1e-03",broad_pi4_e3,binary_deep,qmetrology.algorithms.find_phi_fixed_budget_binary_search_deep,90429,50000,2024,0.9999643244976724,0.9999889416005927,0.9999889416005927,0.9999889416005927,3.567550232763672e-05,0,0.0,50000,ok=50000
"U(0.01,pi/4), eps=1e-03",broad_pi4_e3,reverse_eng_risk,qmetrology.algorithms.find_phi_fixed_budget_reverse_engineering_risk,90429,50000,2024,0.9999687208749406,0.9999889416005927,1.0,1.0,3.1279125059402446e-05,0,0.0,50000,ok=50000
"U(0.01,pi/4), eps=1e-03",broad_pi4_e3,brute,qmetrology.algorithms.find_phi_fixed_budget_brute_force,123248,50000,2024,1.0,1.0,1.0,1.0,0.0,0,0.0,50000,ok=50000
"U(0.01,pi/4), eps=1e-03",broad_pi4_e3,linear,qmetrology.algorithms.find_phi_fixed_budget_linear_search,123248,50000,2024,0.9999828258470725,0.9999918862780734,1.0,1.0,1.7174152927457165e-05,0,0.0,50000,detector_fired=48077;scan_exhausted=1923
"U(0.01,pi/4), eps=1e-03",broad_pi4_e3,binary_deep,qmetrology.algorithms.find_phi_fixed_budget_binary_search_deep,123248,50000,2024,0.9999849183759575,1.0,1.0,1.0,1.5081624042512232e-05,0,0.0,50000,ok=50000
"U(0.01,pi/4), eps=1e-03",broad_pi4_e3,reverse_eng_risk,qmetrology.algorithms.find_phi_fixed_budget_reverse_engineering_risk,123248,50000,2024,0.9999885319031546,1.0,1.0,1.0,1.1468096845379527e-05,0,0.0,50000,ok=50000
"U(0.01,pi/4), eps=1e-03",broad_pi4_e3,brute,qmetrology.algorithms.find_phi_fixed_budget_brute_force,167979,50000,2024,0.9999940468749069,0.999994046874907,0.999994046874907,0.999994046874907,5.953125093105527e-06,0,0.0,50000,ok=50000
"U(0.01,pi/4), eps=1e-03",broad_pi4_e3,linear,qmetrology.algorithms.find_phi_fixed_budget_linear_search,167979,50000,2024,0.9999881580435649,0.999994046874907,1.0,1.0,1.1841956435110212e-05,0,0.0,50000,detector_fired=48565;scan_exhausted=1435
"U(0.01,pi/4), eps=1e-03",broad_pi4_e3,binary_deep,qmetrology.algorithms.find_phi_fixed_budget_binary_search_deep,167979,50000,2024,0.9999839190613111,0.999994046874907,1.0,1.0,1.6080938688878277e-05,0,0.0,50000,ok=50000
"U(0.01,pi/4), eps=1e-03",broad_pi4_e3,reverse_eng_risk,qmetrology.algorithms.find_phi_fixed_budget_reverse_engineering_risk,167979,50000,2024,0.9999828628578571,0.999994046874907,0.999994046874907,0.999994046874907,1.7137142142908957e-05,0,0.0,50000,ok=50000
"U(0.01,pi/4), eps=1e-03",broad_pi4_e3,brute,qmetrology.algorithms.find_phi_fixed_budget_brute_force,228942,50000,2024,1.0,1.0,1.0,1.0,0.0,0,0.0,50000,ok=50000
"U(0.01,pi/4), eps=1e-03",broad_pi4_e3,linear,qmetrology.algorithms.find_phi_fixed_budget_linear_search,228942,50000,2024,0.9999916434730194,1.0,1.0,1.0,8.356526980612955e-06,0,0.0,50000,detector_fired=48401;scan_exhausted=1599
"U(0.01,pi/4), eps=1e-03",broad_pi4_e3,binary_deep,qmetrology.algorithms.find_phi_fixed_budget_binary_search_deep,228942,50000,2024,0.9999892731783594,1.0,1.0,1.0,1.0726821640605344e-05,0,0.0,50000,ok=50000
"U(0.01,pi/4), eps=1e-03",broad_pi4_e3,reverse_eng_risk,qmetrology.algorithms.find_phi_fixed_budget_reverse_engineering_risk,228942,50000,2024,0.9999901959448244,0.9999912641629758,1.0,1.0,9.804055175588466e-06,0,0.0,50000,ok=50000
"U(0.01,pi/4), eps=1e-03",broad_pi4_e3,brute,qmetrology.algorithms.find_phi_fixed_budget_brute_force,312031,50000,2024,0.9999967951902211,0.9999967951902214,0.9999967951902214,0.9999967951902214,3.2048097788894836e-06,0,0.0,50000,ok=50000
"U(0.01,pi/4), eps=1e-03",broad_pi4_e3,linear,qmetrology.algorithms.find_phi_fixed_budget_linear_search,312031,50000,2024,0.9999913273360658,0.9999967951902214,0.9999967951902214,0.9999967951902214,8.672663934228275e-06,0,0.0,50000,detector_fired=48425;scan_exhausted=1575
"U(0.01,pi/4), eps=1e-03",broad_pi4_e3,binary_deep,qmetrology.algorithms.find_phi_fixed_budget_binary_search_deep,312031,50000,2024,0.9999890494213715,0.999993590380443,0.9999967951902214,1.0,1.0950578628543539e-05,0,0.0,50000,ok=50000
"U(0.01,pi/4), eps=1e-03",broad_pi4_e3,reverse_eng_risk,qmetrology.algorithms.find_phi_fixed_budget_reverse_engineering_risk,312031,50000,2024,0.9999862094471381,0.999993590380443,0.9999967951902214,0.9999967951902214,1.3790552861880911e-05,0,0.0,50000,ok=50000
"U(0.01,pi/4), eps=1e-03",broad_pi4_e3,brute,qmetrology.algorithms.find_phi_fixed_budget_brute_force,425275,50000,2024,0.9999976485803301,0.9999976485803304,0.9999976485803304,0.9999976485803304,2.3514196698659617e-06,0,0.0,50000,ok=50000
"U(0.01,pi/4), eps=1e-03",broad_pi4_e3,linear,qmetrology.algorithms.find_phi_fixed_budget_linear_search,425275,50000,2024,0.9999978682029275,1.0,1.0,1.0,2.131797072535413e-06,0,0.0,50000,detector_fired=49159;scan_exhausted=841
"U(0.01,pi/4), eps=1e-03",broad_pi4_e3,binary_deep,qmetrology.algorithms.find_phi_fixed_budget_binary_search_deep,425275,50000,2024,0.9999927938863088,0.9999976485803304,0.9999976485803304,1.0,7.206113691204941e-06,0,0.0,50000,ok=50000
"U(0.01,pi/4), eps=1e-03",broad_pi4_e3,reverse_eng_risk,qmetrology.algorithms.find_phi_fixed_budget_reverse_engineering_risk,425275,50000,2024,0.9999936878490386,0.9999976485803304,0.9999976485803304,1.0,6.312150961362839e-06,0,0.0,50000,ok=50000
"U(0.01,pi/4), eps=1e-03",broad_pi4_e3,brute,qmetrology.algorithms.find_phi_fixed_budget_brute_force,579619,50000,2024,0.9999982747287443,0.9999982747287443,0.9999982747287443,0.9999982747287443,1.725271255748062e-06,0,0.0,50000,ok=50000
"U(0.01,pi/4), eps=1e-03",broad_pi4_e3,linear,qmetrology.algorithms.find_phi_fixed_budget_linear_search,579619,50000,2024,0.9999976562189992,0.9999982747287443,0.9999982747287443,0.9999982747287443,2.343781000835321e-06,0,0.0,50000,detector_fired=49914;scan_exhausted=86
"U(0.01,pi/4), eps=1e-03",broad_pi4_e3,binary_deep,qmetrology.algorithms.find_phi_fixed_budget_binary_search_deep,579619,50000,2024,0.9999951969138346,0.9999982747287443,1.0,1.0,4.803086165350301e-06,0,0.0,50000,ok=50000
"U(0.01,pi/4), eps=1e-03",broad_pi4_e3,reverse_eng_risk,qmetrology.algorithms.find_phi_fixed_budget_reverse_engineering_risk,579619,50000,2024,0.9999960044788042,0.9999982747287443,1.0,1.0,3.99552119578761e-06,0,0.0,50000,ok=50000
"U(0.01,pi/4), eps=1e-03",broad_pi4_e3,brute,qmetrology.algorithms.find_phi_fixed_budget_brute_force,789977,50000,2024,0.9999987341403608,0.999998734140361,0.999998734140361,0.999998734140361,1.2658596392212118e-06,0,0.0,50000,ok=50000
"U(0.01,pi/4), eps=1e-03",broad_pi4_e3,linear,qmetrology.algorithms.find_phi_fixed_budget_linear_search,789977,50000,2024,0.9999989344753075,1.0,1.0,1.0,1.0655246924784478e-06,0,0.0,50000,detector_fired=49574;scan_exhausted=426
"U(0.01,pi/4), eps=1e-03",broad_pi4_e3,binary_deep,qmetrology.algorithms.find_phi_fixed_budget_binary_search_deep,789977,50000,2024,0.9999963866542949,0.999998734140361,0.999998734140361,1.0,3.6133457050890883e-06,0,0.0,50000,ok=50000
"U(0.01,pi/4), eps=1e-03",broad_pi4_e3,reverse_eng_risk,qmetrology.algorithms.find_phi_fixed_budget_reverse_engineering_risk,789977,50000,2024,0.9999971000927874,0.999998734140361,1.0,1.0,2.8999072125834857e-06,0,0.0,50000,ok=50000
"U(0.01,pi/4), eps=1e-03",broad_pi4_e3,brute,qmetrology.algorithms.find_phi_fixed_budget_brute_force,1076679,50000,2024,0.9999990712180697,0.9999990712180696,0.9999990712180696,0.9999990712180696,9.287819302539191e-07,0,0.0,50000,ok=50000
"U(0.01,pi/4), eps=1e-03",broad_pi4_e3,linear,qmetrology.algorithms.find_phi_fixed_budget_linear_search,1076679,50000,2024,0.9999988693008781,0.9999990712180696,1.0,1.0,1.1306991218873463e-06,0,0.0,50000,detector_fired=49807;scan_exhausted=193
"U(0.01,pi/4), eps=1e-03",broad_pi4_e3,binary_deep,qmetrology.algorithms.find_phi_fixed_budget_binary_search_deep,1076679,50000,2024,0.9999976654508911,0.9999990712180696,1.0,1.0,2.3345491089177273e-06,0,0.0,50000,ok=50000
"U(0.01,pi/4), eps=1e-03",broad_pi4_e3,reverse_eng_risk,qmetrology.algorithms.find_phi_fixed_budget_reverse_engineering_risk,1076679,50000,2024,0.9999985453603165,0.9999990712180696,1.0,1.0,1.454639683484693e-06,0,0.0,50000,ok=50000
"U(0.01,pi/4), eps=1e-03",broad_pi4_e3,brute,qmetrology.algorithms.find_phi_fixed_budget_brute_force,1467432,50000,2024,1.0,1.0,1.0,1.0,0.0,0,0.0,50000,ok=50000
"U(0.01,pi/4), eps=1e-03",broad_pi4_e3,linear,qmetrology.algorithms.find_phi_fixed_budget_linear_search,1467432,50000,2024,1.0,1.0,1.0,1.0,0.0,0,1.0,50000,no_exploitation_budget_exhausted=50000
"U(0.01,pi/4), eps=1e-03",broad_pi4_e3,binary_deep,qmetrology.algorithms.find_phi_fixed_budget_binary_search_deep,1467432,50000,2024,0.9999992019664283,1.0,1.0,1.0,7.980335716695208e-07,0,0.0,50000,ok=50000
"U(0.01,pi/4), eps=1e-03",broad_pi4_e3,reverse_eng_risk,qmetrology.algorithms.find_phi_fixed_budget_reverse_engineering_risk,1467432,50000,2024,0.9999996468933483,1.0,1.0,1.0,3.531066516959669e-07,0,0.0,50000,ok=50000
"U(0.01,pi/4), eps=1e-03",broad_pi4_e3,brute,qmetrology.algorithms.find_phi_fixed_budget_brute_force,2000000,50000,2024,1.0,1.0,1.0,1.0,0.0,0,0.0,50000,ok=50000
"U(0.01,pi/4), eps=1e-03",broad_pi4_e3,linear,qmetrology.algorithms.find_phi_fixed_budget_linear_search,2000000,50000,2024,0.9999991527199998,0.9999995,1.0,1.0,8.47280000160211e-07,0,0.0,50000,detector_fired=49779;scan_exhausted=221
"U(0.01,pi/4), eps=1e-03",broad_pi4_e3,binary_deep,qmetrology.algorithms.find_phi_fixed_budget_binary_search_deep,2000000,50000,2024,0.9999991082499999,0.9999995,0.9999995,1.0,8.91750000064917e-07,0,0.0,50000,ok=50000
"U(0.01,pi/4), eps=1e-03",broad_pi4_e3,reverse_eng_risk,qmetrology.algorithms.find_phi_fixed_budget_reverse_engineering_risk,2000000,50000,2024,0.99999985881,1.0,1.0,1.0,1.4119000002477122e-07,0,0.0,50000,ok=50000
"U(0.01,pi/2), eps=1e-03",broad_pi2_e3,brute,qmetrology.algorithms.find_phi_fixed_budget_brute_force,3000,50000,2024,1.0,1.0,1.0,1.0,0.0,0,0.0,50000,ok=50000
"U(0.01,pi/2), eps=1e-03",broad_pi2_e3,linear,qmetrology.algorithms.find_phi_fixed_budget_linear_search,3000,50000,2024,0.9998128466666667,1.0,1.0,1.0,0.00018715333333330086,0,0.0,50000,detector_fired=49826;scan_exhausted=174
"U(0.01,pi/2), eps=1e-03",broad_pi2_e3,binary_deep,qmetrology.algorithms.find_phi_fixed_budget_binary_search_deep,3000,50000,2024,0.9996369933333333,1.0,1.0,1.0,0.00036300666666666537,0,0.0,50000,ok=50000
"U(0.01,pi/2), eps=1e-03",broad_pi2_e3,reverse_eng_risk,qmetrology.algorithms.find_phi_fixed_budget_reverse_engineering_risk,3000,50000,2024,0.9995964666666667,1.0,1.0,1.0,0.00040353333333331687,0,0.0037,50000,ok=49815;pilot_retries_exhausted_budget=185
"U(0.01,pi/2), eps=1e-03",broad_pi2_e3,brute,qmetrology.algorithms.find_phi_fixed_budget_brute_force,4088,50000,2024,1.0,1.0,1.0,1.0,0.0,0,0.0,50000,ok=50000
"U(0.01,pi/2), eps=1e-03",broad_pi2_e3,linear,qmetrology.algorithms.find_phi_fixed_budget_linear_search,4088,50000,2024,0.999849476516634,1.0,1.0,1.0,0.00015052348336597188,0,0.0,50000,detector_fired=49919;scan_exhausted=81
"U(0.01,pi/2), eps=1e-03",broad_pi2_e3,binary_deep,qmetrology.algorithms.find_phi_fixed_budget_binary_search_deep,4088,50000,2024,0.9995903864970647,1.0,1.0,1.0,0.0004096135029353354,0,0.0,50000,ok=50000
"U(0.01,pi/2), eps=1e-03",broad_pi2_e3,reverse_eng_risk,qmetrology.algorithms.find_phi_fixed_budget_reverse_engineering_risk,4088,50000,2024,0.9995342416829747,1.0,1.0,1.0,0.0004657583170253332,0,0.00276,50000,ok=49862;pilot_retries_exhausted_budget=138
"U(0.01,pi/2), eps=1e-03",broad_pi2_e3,brute,qmetrology.algorithms.find_phi_fixed_budget_brute_force,5572,50000,2024,1.0,1.0,1.0,1.0,0.0,0,0.0,50000,ok=50000
"U(0.01,pi/2), eps=1e-03",broad_pi2_e3,linear,qmetrology.algorithms.find_phi_fixed_budget_linear_search,5572,50000,2024,0.9998930366116296,1.0,1.0,1.0,0.00010696338837035135,0,0.0,50000,detector_fired=49955;scan_exhausted=45
"U(0.01,pi/2), eps=1e-03",broad_pi2_e3,binary_deep,qmetrology.algorithms.find_phi_fixed_budget_binary_search_deep,5572,50000,2024,0.9996924335965544,1.0,1.0,1.0,0.0003075664034456471,0,0.0,50000,ok=50000
"U(0.01,pi/2), eps=1e-03",broad_pi2_e3,reverse_eng_risk,qmetrology.algorithms.find_phi_fixed_budget_reverse_engineering_risk,5572,50000,2024,0.9998523869346734,1.0,1.0,1.0,0.00014761306532662388,0,0.00188,50000,ok=49906;pilot_retries_exhausted_budget=94
"U(0.01,pi/2), eps=1e-03",broad_pi2_e3,brute,qmetrology.algorithms.find_phi_fixed_budget_brute_force,7595,50000,2024,1.0,1.0,1.0,1.0,0.0,0,0.0,50000,ok=50000
"U(0.01,pi/2), eps=1e-03",broad_pi2_e3,linear,qmetrology.algorithms.find_phi_fixed_budget_linear_search,7595,50000,2024,0.999913366688611,1.0,1.0,1.0,8.66333113890283e-05,0,0.0,50000,detector_fired=49999;scan_exhausted=1
"U(0.01,pi/2), eps=1e-03",broad_pi2_e3,binary_deep,qmetrology.algorithms.find_phi_fixed_budget_binary_search_deep,7595,50000,2024,0.9998057511520738,1.0,1.0,1.0,0.0001942488479261817,0,0.0,50000,ok=50000
"U(0.01,pi/2), eps=1e-03",broad_pi2_e3,reverse_eng_risk,qmetrology.algorithms.find_phi_fixed_budget_reverse_engineering_risk,7595,50000,2024,0.9998400921658986,1.0,1.0,1.0,0.00015990783410135823,0,0.00124,50000,ok=49938;pilot_retries_exhausted_budget=62
"U(0.01,pi/2), eps=1e-03",broad_pi2_e3,brute,qmetrology.algorithms.find_phi_fixed_budget_brute_force,10351,50000,2024,1.0,1.0,1.0,1.0,0.0,0,0.0,50000,ok=50000
"U(0.01,pi/2), eps=1e-03",broad_pi2_e3,linear,qmetrology.algorithms.find_phi_fixed_budget_linear_search,10351,50000,2024,0.9999501130325571,1.0,1.0,1.0,4.988696744290255e-05,0,0.0,50000,detector_fired=50000
"U(0.01,pi/2), eps=1e-03",broad_pi2_e3,binary_deep,qmetrology.algorithms.find_phi_fixed_budget_binary_search_deep,10351,50000,2024,0.9999255840015457,1.0,1.0,1.0,7.441599845425806e-05,0,0.0,50000,ok=50000
"U(0.01,pi/2), eps=1e-03",broad_pi2_e3,reverse_eng_risk,qmetrology.algorithms.find_phi_fixed_budget_reverse_engineering_risk,10351,50000,2024,0.999835838083277,1.0,1.0,1.0,0.0001641619167229713,0,0.00076,50000,ok=49962;pilot_retries_exhausted_budget=38
"U(0.01,pi/2), eps=1e-03",broad_pi2_e3,brute,qmetrology.algorithms.find_phi_fixed_budget_brute_force,14108,50000,2024,1.0,1.0,1.0,1.0,0.0,0,0.0,50000,ok=50000
"U(0.01,pi/2), eps=1e-03",broad_pi2_e3,linear,qmetrology.algorithms.find_phi_fixed_budget_linear_search,14108,50000,2024,0.9999707995463567,1.0,1.0,1.0,2.9200453643296598e-05,0,0.0,50000,detector_fired=50000
"U(0.01,pi/2), eps=1e-03",broad_pi2_e3,binary_deep,qmetrology.algorithms.find_phi_fixed_budget_binary_search_deep,14108,50000,2024,0.9999382577261128,1.0,1.0,1.0,6.174227388722198e-05,0,0.0,50000,ok=50000
"U(0.01,pi/2), eps=1e-03",broad_pi2_e3,reverse_eng_risk,qmetrology.algorithms.find_phi_fixed_budget_reverse_engineering_risk,14108,50000,2024,0.9999219364899348,1.0,1.0,1.0,7.806351006522938e-05,0,0.00042,50000,ok=49979;pilot_retries_exhausted_budget=21
"U(0.01,pi/2), eps=1e-03",broad_pi2_e3,brute,qmetrology.algorithms.find_phi_fixed_budget_brute_force,19228,50000,2024,1.0,1.0,1.0,1.0,0.0,0,0.0,50000,ok=50000
"U(0.01,pi/2), eps=1e-03",broad_pi2_e3,linear,qmetrology.algorithms.find_phi_fixed_budget_linear_search,19228,50000,2024,0.9999816538381527,1.0,1.0,1.0,1.8346161847260234e-05,0,0.0,50000,detector_fired=50000
"U(0.01,pi/2), eps=1e-03",broad_pi2_e3,binary_deep,qmetrology.algorithms.find_phi_fixed_budget_binary_search_deep,19228,50000,2024,0.9999094424797171,1.0,1.0,1.0,9.055752028286346e-05,0,0.0,50000,ok=50000
"U(0.01,pi/2), eps=1e-03",broad_pi2_e3,reverse_eng_risk,qmetrology.algorithms.find_phi_fixed_budget_reverse_engineering_risk,19228,50000,2024,0.9999523340961098,1.0,1.0,1.0,4.7665903890159456e-05,0,0.00014,50000,no_exploitation_budget_exhausted=3;ok=49993;pilot_retries_exhausted_budget=4
"U(0.01,pi/2), eps=1e-03",broad_pi2_e3,brute,qmetrology.algorithms.find_phi_fixed_budget_brute_force,26207,50000,2024,1.0,1.0,1.0,1.0,0.0,0,0.0,50000,ok=50000
"U(0.01,pi/2), eps=1e-03",broad_pi2_e3,linear,qmetrology.algorithms.find_phi_fixed_budget_linear_search,26207,50000,2024,0.9999379814553363,1.0,1.0,1.0,6.201854466370005e-05,0,0.0,50000,detector_fired=49272;scan_exhausted=728
"U(0.01,pi/2), eps=1e-03",broad_pi2_e3,binary_deep,qmetrology.algorithms.find_phi_fixed_budget_binary_search_deep,26207,50000,2024,0.9999527706338,1.0,1.0,1.0,4.722936620005225e-05,0,0.0,50000,ok=50000
"U(0.01,pi/2), eps=1e-03",broad_pi2_e3,reverse_eng_risk,qmetrology.algorithms.find_phi_fixed_budget_reverse_engineering_risk,26207,50000,2024,0.9999626870683404,1.0,1.0,1.0,3.7312931659649884e-05,0,2e-05,50000,ok=49999;pilot_retries_exhausted_budget=1
"U(0.01,pi/2), eps=1e-03",broad_pi2_e3,brute,qmetrology.algorithms.find_phi_fixed_budget_brute_force,35718,50000,2024,1.0,1.0,1.0,1.0,0.0,0,0.0,50000,ok=50000
"U(0.01,pi/2), eps=1e-03",broad_pi2_e3,linear,qmetrology.algorithms.find_phi_fixed_budget_linear_search,35718,50000,2024,0.9999632275043396,1.0,1.0,1.0,3.6772495660364335e-05,0,0.0,50000,detector_fired=49435;scan_exhausted=565
"U(0.01,pi/2), eps=1e-03",broad_pi2_e3,binary_deep,qmetrology.algorithms.find_phi_fixed_budget_binary_search_deep,35718,50000,2024,0.9999656856486926,1.0,1.0,1.0,3.431435130740734e-05,0,0.0,50000,ok=50000
"U(0.01,pi/2), eps=1e-03",broad_pi2_e3,reverse_eng_risk,qmetrology.algorithms.find_phi_fixed_budget_reverse_engineering_risk,35718,50000,2024,0.9999770575060195,1.0,1.0,1.0,2.2942493980493417e-05,0,2e-05,50000,ok=49999;pilot_retries_exhausted_budget=1
"U(0.01,pi/2), eps=1e-03",broad_pi2_e3,brute,qmetrology.algorithms.find_phi_fixed_budget_brute_force,48681,50000,2024,1.0,1.0,1.0,1.0,0.0,0,0.0,50000,ok=50000
"U(0.01,pi/2), eps=1e-03",broad_pi2_e3,linear,qmetrology.algorithms.find_phi_fixed_budget_linear_search,48681,50000,2024,0.9999695347260737,1.0,1.0,1.0,3.046527392625009e-05,0,0.0,50000,detector_fired=49324;scan_exhausted=676
"U(0.01,pi/2), eps=1e-03",broad_pi2_e3,binary_deep,qmetrology.algorithms.find_phi_fixed_budget_binary_search_deep,48681,50000,2024,0.9999680606396747,1.0,1.0,1.0,3.1939360325305977e-05,0,0.0,50000,ok=50000
"U(0.01,pi/2), eps=1e-03",broad_pi2_e3,reverse_eng_risk,qmetrology.algorithms.find_phi_fixed_budget_reverse_engineering_risk,48681,50000,2024,0.9999761118300774,1.0,1.0,1.0,2.3888169922603453e-05,0,0.0,50000,ok=50000
"U(0.01,pi/2), eps=1e-03",broad_pi2_e3,brute,qmetrology.algorithms.find_phi_fixed_budget_brute_force,66349,50000,2024,1.0,1.0,1.0,1.0,0.0,0,0.0,50000,ok=50000
"U(0.01,pi/2), eps=1e-03",broad_pi2_e3,linear,qmetrology.algorithms.find_phi_fixed_budget_linear_search,66349,50000,2024,0.9999821040256823,1.0,1.0,1.0,1.7895974317672092e-05,0,0.0,50000,detector_fired=49387;scan_exhausted=613
"U(0.01,pi/2), eps=1e-03",broad_pi2_e3,binary_deep,qmetrology.algorithms.find_phi_fixed_budget_binary_search_deep,66349,50000,2024,0.9999798233583023,1.0,1.0,1.0,2.0176641697733366e-05,0,0.0,50000,ok=50000
"U(0.01,pi/2), eps=1e-03",broad_pi2_e3,reverse_eng_risk,qmetrology.algorithms.find_phi_fixed_budget_reverse_engineering_risk,66349,50000,2024,0.9999810836636572,1.0,1.0,1.0,1.8916336342766904e-05,0,0.0,50000,ok=50000
"U(0.01,pi/2), eps=1e-03",broad_pi2_e3,brute,qmetrology.algorithms.find_phi_fixed_budget_brute_force,90429,50000,2024,1.0,1.0,1.0,1.0,0.0,0,0.0,50000,ok=50000
"U(0.01,pi/2), eps=1e-03",broad_pi2_e3,linear,qmetrology.algorithms.find_phi_fixed_budget_linear_search,90429,50000,2024,0.9999900410266619,1.0,1.0,1.0,9.958973338108912e-06,0,0.0,50000,detector_fired=49051;scan_exhausted=949
"U(0.01,pi/2), eps=1e-03",broad_pi2_e3,binary_deep,qmetrology.algorithms.find_phi_fixed_budget_binary_search_deep,90429,50000,2024,0.9999885191697354,1.0,1.0,1.0,1.148083026458746e-05,0,0.0,50000,ok=50000
"U(0.01,pi/2), eps=1e-03",broad_pi2_e3,reverse_eng_risk,qmetrology.algorithms.find_phi_fixed_budget_reverse_engineering_risk,90429,50000,2024,0.999993491026109,1.0,1.0,1.0,6.508973890984038e-06,0,0.0,50000,ok=50000
"U(0.01,pi/2), eps=1e-03",broad_pi2_e3,brute,qmetrology.algorithms.find_phi_fixed_budget_brute_force,123248,50000,2024,1.0,1.0,1.0,1.0,0.0,0,0.0,50000,ok=50000
"U(0.01,pi/2), eps=1e-03",broad_pi2_e3,linear,qmetrology.algorithms.find_phi_fixed_budget_linear_search,123248,50000,2024,0.9999924608918604,1.0,1.0,1.0,7.5391081395537185e-06,0,0.0,50000,detector_fired=49218;scan_exhausted=782
"U(0.01,pi/2), eps=1e-03",broad_pi2_e3,binary_deep,qmetrology.algorithms.find_phi_fixed_budget_binary_search_deep,123248,50000,2024,0.9999907386732442,1.0,1.0,1.0,9.261326755827248e-06,0,0.0,50000,ok=50000
"U(0.01,pi/2), eps=1e-03",broad_pi2_e3,reverse_eng_risk,qmetrology.algorithms.find_phi_fixed_budget_reverse_engineering_risk,123248,50000,2024,0.9999923995521227,1.0,1.0,1.0,7.6004478772873085e-06,0,0.0,50000,ok=50000
"U(0.01,pi/2), eps=1e-03",broad_pi2_e3,brute,qmetrology.algorithms.find_phi_fixed_budget_brute_force,167979,50000,2024,1.0,1.0,1.0,1.0,0.0,0,0.0,50000,ok=50000
"U(0.01,pi/2), eps=1e-03",broad_pi2_e3,linear,qmetrology.algorithms.find_phi_fixed_budget_linear_search,167979,50000,2024,0.9999929997202031,1.0,1.0,1.0,7.000279796942621e-06,0,0.0,50000,detector_fired=49471;scan_exhausted=529
"U(0.01,pi/2), eps=1e-03",broad_pi2_e3,binary_deep,qmetrology.algorithms.find_phi_fixed_budget_binary_search_deep,167979,50000,2024,0.9999908207573566,1.0,1.0,1.0,9.179242643431174e-06,0,0.0,50000,ok=50000
"U(0.01,pi/2), eps=1e-03",broad_pi2_e3,reverse_eng_risk,qmetrology.algorithms.find_phi_fixed_budget_reverse_engineering_risk,167979,50000,2024,0.9999956044505562,1.0,1.0,1.0,4.3955494437586395e-06,0,0.0,50000,ok=50000
"U(0.01,pi/2), eps=1e-03",broad_pi2_e3,brute,qmetrology.algorithms.find_phi_fixed_budget_brute_force,228942,50000,2024,1.0,1.0,1.0,1.0,0.0,0,0.0,50000,ok=50000
"U(0.01,pi/2), eps=1e-03",broad_pi2_e3,linear,qmetrology.algorithms.find_phi_fixed_budget_linear_search,228942,50000,2024,0.9999940794611736,1.0,1.0,1.0,5.920538826420518e-06,0,0.0,50000,detector_fired=49554;scan_exhausted=446
"U(0.01,pi/2), eps=1e-03",broad_pi2_e3,binary_deep,qmetrology.algorithms.find_phi_fixed_budget_binary_search_deep,228942,50000,2024,0.9999944639253611,1.0,1.0,1.0,5.536074638934352e-06,0,0.0,50000,ok=50000
"U(0.01,pi/2), eps=1e-03",broad_pi2_e3,reverse_eng_risk,qmetrology.algorithms.find_phi_fixed_budget_reverse_engineering_risk,228942,50000,2024,0.9999954569279556,1.0,1.0,1.0,4.543072044449481e-06,0,0.0,50000,ok=50000
"U(0.01,pi/2), eps=1e-03",broad_pi2_e3,brute,qmetrology.algorithms.find_phi_fixed_budget_brute_force,312031,50000,2024,1.0,1.0,1.0,1.0,0.0,0,0.0,50000,ok=50000
"U(0.01,pi/2), eps=1e-03",broad_pi2_e3,linear,qmetrology.algorithms.find_phi_fixed_budget_linear_search,312031,50000,2024,0.9999977602866382,1.0,1.0,1.0,2.239713361773532e-06,0,0.0,50000,detector_fired=49035;scan_exhausted=965
"U(0.01,pi/2), eps=1e-03",broad_pi2_e3,binary_deep,qmetrology.algorithms.find_phi_fixed_budget_binary_search_deep,312031,50000,2024,0.9999968010229754,1.0,1.0,1.0,3.198977024609917e-06,0,0.0,50000,ok=50000
"U(0.01,pi/2), eps=1e-03",broad_pi2_e3,reverse_eng_risk,qmetrology.algorithms.find_phi_fixed_budget_reverse_engineering_risk,312031,50000,2024,0.999995789585009,1.0,1.0,1.0,4.2104149909905075e-06,0,0.0,50000,ok=50000
"U(0.01,pi/2), eps=1e-03",broad_pi2_e3,brute,qmetrology.algorithms.find_phi_fixed_budget_brute_force,425275,50000,2024,1.0,1.0,1.0,1.0,0.0,0,0.0,50000,ok=50000
"U(0.01,pi/2), eps=1e-03",broad_pi2_e3,linear,qmetrology.algorithms.find_phi_fixed_budget_linear_search,425275,50000,2024,0.9999978966551056,1.0,1.0,1.0,2.1033448943663657e-06,0,0.0,50000,detector_fired=49306;scan_exhausted=694
"U(0.01,pi/2), eps=1e-03",broad_pi2_e3,binary_deep,qmetrology.algorithms.find_phi_fixed_budget_binary_search_deep,425275,50000,2024,0.9999976656046088,1.0,1.0,1.0,2.334395391212496e-06,0,0.0,50000,ok=50000
"U(0.01,pi/2), eps=1e-03",broad_pi2_e3,reverse_eng_risk,qmetrology.algorithms.find_phi_fixed_budget_reverse_engineering_risk,425275,50000,2024,0.9999969666686261,1.0,1.0,1.0,3.0333313738584167e-06,0,0.0,50000,ok=50000
"U(0.01,pi/2), eps=1e-03",broad_pi2_e3,brute,qmetrology.algorithms.find_phi_fixed_budget_brute_force,579619,50000,2024,1.0,1.0,1.0,1.0,0.0,0,0.0,50000,ok=50000
"U(0.01,pi/2), eps=1e-03",broad_pi2_e3,linear,qmetrology.algorithms.find_phi_fixed_budget_linear_search,579619,50000,2024,0.9999983346646676,1.0,1.0,1.0,1.665335332412532e-06,0,0.0,50000,detector_fired=49609;scan_exhausted=391
"U(0.01,pi/2), eps=1e-03",broad_pi2_e3,binary_deep,qmetrology.algorithms.find_phi_fixed_budget_binary_search_deep,579619,50000,2024,0.9999982420521067,1.0,1.0,1.0,1.7579478932550074e-06,0,0.0,50000,ok=50000
"U(0.01,pi/2), eps=1e-03",broad_pi2_e3,reverse_eng_risk,qmetrology.algorithms.find_phi_fixed_budget_reverse_engineering_risk,579619,50000,2024,0.9999981267004705,1.0,1.0,1.0,1.873299529497885e-06,0,0.0,50000,ok=50000
"U(0.01,pi/2), eps=1e-03",broad_pi2_e3,brute,qmetrology.algorithms.find_phi_fixed_budget_brute_force,789977,50000,2024,1.0,1.0,1.0,1.0,0.0,0,0.0,50000,ok=50000
"U(0.01,pi/2), eps=1e-03",broad_pi2_e3,linear,qmetrology.algorithms.find_phi_fixed_budget_linear_search,789977,50000,2024,0.999998423042696,1.0,1.0,1.0,1.576957303961457e-06,0,0.0,50000,detector_fired=49688;scan_exhausted=312
"U(0.01,pi/2), eps=1e-03",broad_pi2_e3,binary_deep,qmetrology.algorithms.find_phi_fixed_budget_binary_search_deep,789977,50000,2024,0.9999987855089452,1.0,1.0,1.0,1.2144910548350651e-06,0,0.0,50000,ok=50000
"U(0.01,pi/2), eps=1e-03",broad_pi2_e3,reverse_eng_risk,qmetrology.algorithms.find_phi_fixed_budget_reverse_engineering_risk,789977,50000,2024,0.9999991795457335,1.0,1.0,1.0,8.204542665257719e-07,0,0.0,50000,ok=50000
"U(0.01,pi/2), eps=1e-03",broad_pi2_e3,brute,qmetrology.algorithms.find_phi_fixed_budget_brute_force,1076679,50000,2024,1.0,1.0,1.0,1.0,0.0,0,0.0,50000,ok=50000
"U(0.01,pi/2), eps=1e-03",broad_pi2_e3,linear,qmetrology.algorithms.find_phi_fixed_budget_linear_search,1076679,50000,2024,0.9999991325362527,1.0,1.0,1.0,8.674637472783076e-07,0,0.0,50000,detector_fired=49983;scan_exhausted=17
"U(0.01,pi/2), eps=1e-03",broad_pi2_e3,binary_deep,qmetrology.algorithms.find_phi_fixed_budget_binary_search_deep,1076679,50000,2024,0.999999081434671,1.0,1.0,1.0,9.185653290222362e-07,0,0.0,50000,ok=50000
"U(0.01,pi/2), eps=1e-03",broad_pi2_e3,reverse_eng_risk,qmetrology.algorithms.find_phi_fixed_budget_reverse_engineering_risk,1076679,50000,2024,0.9999994608606652,1.0,1.0,1.0,5.39139334843064e-07,0,0.0,50000,ok=50000
"U(0.01,pi/2), eps=1e-03",broad_pi2_e3,brute,qmetrology.algorithms.find_phi_fixed_budget_brute_force,1467432,50000,2024,1.0,1.0,1.0,1.0,0.0,0,0.0,50000,ok=50000
"U(0.01,pi/2), eps=1e-03",broad_pi2_e3,linear,qmetrology.algorithms.find_phi_fixed_budget_linear_search,1467432,50000,2024,0.9999992333818536,1.0,1.0,1.0,7.666181464083266e-07,0,0.0,50000,detector_fired=49957;scan_exhausted=43
"U(0.01,pi/2), eps=1e-03",broad_pi2_e3,binary_deep,qmetrology.algorithms.find_phi_fixed_budget_binary_search_deep,1467432,50000,2024,0.9999996377753789,1.0,1.0,1.0,3.622246210754909e-07,0,0.0,50000,ok=50000
"U(0.01,pi/2), eps=1e-03",broad_pi2_e3,reverse_eng_risk,qmetrology.algorithms.find_phi_fixed_budget_reverse_engineering_risk,1467432,50000,2024,0.9999995113368114,1.0,1.0,1.0,4.886631885803183e-07,0,0.0,50000,ok=50000
"U(0.01,pi/2), eps=1e-03",broad_pi2_e3,brute,qmetrology.algorithms.find_phi_fixed_budget_brute_force,2000000,50000,2024,1.0,1.0,1.0,1.0,0.0,0,0.0,50000,ok=50000
"U(0.01,pi/2), eps=1e-03",broad_pi2_e3,linear,qmetrology.algorithms.find_phi_fixed_budget_linear_search,2000000,50000,2024,0.9999999362900001,1.0,1.0,1.0,6.370999994231852e-08,0,0.0,50000,detector_fired=50000
"U(0.01,pi/2), eps=1e-03",broad_pi2_e3,binary_deep,qmetrology.algorithms.find_phi_fixed_budget_binary_search_deep,2000000,50000,2024,0.9999994049500001,1.0,1.0,1.0,5.950499999407555e-07,0,0.0,50000,ok=50000
"U(0.01,pi/2), eps=1e-03",broad_pi2_e3,reverse_eng_risk,qmetrology.algorithms.find_phi_fixed_budget_reverse_engineering_risk,2000000,50000,2024,0.9999997912699999,1.0,1.0,1.0,2.0873000006194076e-07,0,0.0,50000,ok=50000
