m_exploration,alpha,reference,rho,x,power
50,0.5,perfect,,0.8,0.526229
50,0.5,perfect,,0.8025,0.503938
50,0.5,perfect,,0.805,0.48155
50,0.5,perfect,,0.8075,0.459134
50,0.5,perfect,,0.81,0.436759
50,0.5,perfect,,0.8125,0.414495
50,0.5,perfect,,0.815,0.39241
50,0.5,perfect,,0.8175,0.574228
50,0.5,perfect,,0.82,0.552378
50,0.5,perfect,,0.8225,0.530276
50,0.5,perfect,,0.825,0.507984
50,0.5,perfect,,0.8275,0.485569
50,0.5,perfect,,0.83,0.463098
50,0.5,perfect,,0.8325,0.44064
50,0.5,perfect,,0.835,0.418265
50,0.5,perfect,,0.8375,0.396042
50,0.5,perfect,,0.84,0.374041
50,0.5,perfect,,0.8425,0.583388
50,0.5,perfect,,0.845,0.561665
50,0.5,perfect,,0.8475,0.539644
50,0.5,perfect,,0.85,0.517386
50,0.5,perfect,,0.8525,0.494954
50,0.5,perfect,,0.855,0.472415
50,0.5,perfect,,0.8575,0.449836
50,0.5,perfect,,0.86,0.427287
50,0.5,perfect,,0.8625,0.404838
50,0.5,perfect,,0.865,0.38256
50,0.5,perfect,,0.8675,0.360523
50,0.5,perfect,,0.87,0.338797
50,0.5,perfect,,0.8725,0.593649
50,0.5,perfect,,0.875,0.572079
50,0.5,perfect,,0.8775,0.55015
50,0.5,perfect,,0.88,0.527917
50,0.5,perfect,,0.8825,0.50544
50,0.5,perfect,,0.885,0.482783
50,0.5,perfect,,0.8875,0.460011
50,0.5,perfect,,0.89,0.437192
50,0.5,perfect,,0.8925,0.414397
50,0.5,perfect,,0.895,0.391696
50,0.5,perfect,,0.8975,0.369162
50,0.5,perfect,,0.9,0.346868
50,0.5,perfect,,0.9025,0.324885
50,0.5,perfect,,0.905,0.303284
50,0.5,perfect,,0.9075,0.282133
50,0.5,perfect,,0.91,0.633092
50,0.5,perfect,,0.9125,0.612307
50,0.5,perfect,,0.915,0.590988
50,0.5,perfect,,0.9175,0.569173
50,0.5,perfect,,0.92,0.546906
50,0.5,perfect,,0.9225,0.524234
50,0.5,perfect,,0.925,0.501209
50,0.5,perfect,,0.9275,0.477887
50,0.5,perfect,,0.93,0.454327
50,0.5,perfect,,0.9325,0.430594
50,0.5,perfect,,0.935,0.406754
50,0.5,perfect,,0.9375,0.382879
50,0.5,perfect,,0.94,0.359042
50,0.5,perfect,,0.9425,0.335319
50,0.5,perfect,,0.945,0.311789
50,0.5,perfect,,0.9475,0.288532
50,0.5,perfect,,0.95,0.26563
50,0.5,perfect,,0.9525,0.243167
50,0.5,perfect,,0.955,0.221225
50,0.5,perfect,,0.9575,0.199887
50,0.5,perfect,,0.96,0.179238
50,0.5,perfect,,0.9625,0.159358
50,0.5,perfect,,0.965,0.140328
50,0.5,perfect,,0.9675,0.122226
50,0.5,perfect,,0.97,0.105128
50,0.5,perfect,,0.9725,0.089105
50,0.5,perfect,,0.975,0.074227
50,0.5,perfect,,0.9775,0.060558
50,0.5,perfect,,0.98,0.048158
50,0.5,perfect,,0.9825,0.037082
50,0.5,perfect,,0.985,0.027379
50,0.5,perfect,,0.9875,0.019093
50,0.5,perfect,,0.99,0.012262
50,0.5,perfect,,0.9925,0.006916
50,0.5,perfect,,0.995,0.00308
50,0.5,perfect,,0.9975,0.000771
50,0.5,perfect,,1.0,0.0
50,0.5,perfect,,1.0025,1.0
50,0.5,perfect,,1.005,1.0
50,0.5,perfect,,1.0075,1.0
50,0.5,perfect,,1.01,1.0
50,0.5,perfect,,1.0125,1.0
50,0.5,perfect,,1.015,1.0
50,0.5,perfect,,1.0175,1.0
50,0.5,perfect,,1.02,1.0
50,0.5,perfect,,1.0225,1.0
50,0.5,perfect,,1.025,1.0
50,0.5,perfect,,1.0275,1.0
50,0.5,perfect,,1.03,1.0
50,0.5,perfect,,1.0325,1.0
50,0.5,perfect,,1.035,1.0
50,0.5,perfect,,1.0375,1.0
50,0.5,perfect,,1.04,1.0
50,0.5,perfect,,1.0425,1.0
50,0.5,perfect,,1.045,1.0
50,0.5,perfect,,1.0475,1.0
50,0.5,perfect,,1.05,1.0
50,0.5,perfect,,1.0525,1.0
50,0.5,perfect,,1.055,1.0
50,0.5,perfect,,1.0575,1.0
50,0.5,perfect,,1.06,1.0
50,0.5,perfect,,1.0625,1.0
50,0.5,perfect,,1.065,1.0
50,0.5,perfect,,1.0675,1.0
50,0.5,perfect,,1.07,1.0
50,0.5,perfect,,1.0725,1.0
50,0.5,perfect,,1.075,1.0
50,0.5,perfect,,1.0775,1.0
50,0.5,perfect,,1.08,1.0
50,0.5,perfect,,1.0825,1.0
50,0.5,perfect,,1.085,1.0
50,0.5,perfect,,1.0875,1.0
50,0.5,perfect,,1.09,1.0
50,0.5,perfect,,1.0925,1.0
50,0.5,perfect,,1.095,1.0
50,0.5,perfect,,1.0975,1.0
50,0.5,perfect,,1.1,1.0
50,0.5,perfect,,1.1025,1.0
50,0.5,perfect,,1.105,1.0
50,0.5,perfect,,1.1075,1.0
50,0.5,perfect,,1.11,1.0
50,0.5,perfect,,1.1125,1.0
50,0.5,perfect,,1.115,1.0
50,0.5,perfect,,1.1175,1.0
50,0.5,perfect,,1.12,1.0
50,0.5,perfect,,1.1225,1.0
50,0.5,perfect,,1.125,1.0
50,0.5,perfect,,1.1275,1.0
50,0.5,perfect,,1.13,1.0
50,0.5,perfect,,1.1325,1.0
50,0.5,perfect,,1.135,1.0
50,0.5,perfect,,1.1375,1.0
50,0.5,perfect,,1.14,1.0
50,0.5,perfect,,1.1425,1.0
50,0.5,perfect,,1.145,1.0
50,0.5,perfect,,1.1475,1.0
50,0.5,perfect,,1.15,1.0
50,0.5,perfect,,1.1525,1.0
50,0.5,perfect,,1.155,1.0
50,0.5,perfect,,1.1575,1.0
50,0.5,perfect,,1.16,1.0
50,0.5,perfect,,1.1625,1.0
50,0.5,perfect,,1.165,1.0
50,0.5,perfect,,1.1675,1.0
50,0.5,perfect,,1.17,1.0
50,0.5,perfect,,1.1725,1.0
50,0.5,perfect,,1.175,1.0
50,0.5,perfect,,1.1775,1.0
50,0.5,perfect,,1.18,1.0
50,0.5,perfect,,1.1825,1.0
50,0.5,perfect,,1.185,1.0
50,0.5,perfect,,1.1875,1.0
50,0.5,perfect,,1.19,1.0
50,0.5,perfect,,1.1925,1.0
50,0.5,perfect,,1.195,1.0
50,0.5,perfect,,1.1975,1.0
50,0.5,perfect,,1.2,1.0
50,0.5,perfect,,1.2025,1.0
50,0.5,perfect,,1.205,1.0
50,0.5,perfect,,1.2075,1.0
50,0.5,perfect,,1.21,1.0
50,0.5,perfect,,1.2125,1.0
50,0.5,perfect,,1.215,1.0
50,0.5,perfect,,1.2175,1.0
50,0.5,perfect,,1.22,1.0
50,0.5,perfect,,1.2225,1.0
50,0.5,perfect,,1.225,1.0
50,0.5,perfect,,1.2275,1.0
50,0.5,perfect,,1.23,1.0
50,0.5,perfect,,1.2325,1.0
50,0.5,perfect,,1.235,1.0
50,0.5,perfect,,1.2375,1.0
50,0.5,perfect,,1.24,1.0
50,0.5,perfect,,1.2425,1.0
50,0.5,perfect,,1.245,1.0
50,0.5,perfect,,1.2475,1.0
50,0.5,perfect,,1.25,1.0
50,0.5,perfect,,1.2525,1.0
50,0.5,perfect,,1.255,1.0
50,0.5,perfect,,1.2575,1.0
50,0.5,perfect,,1.26,1.0
50,0.5,perfect,,1.2625,1.0
50,0.5,perfect,,1.265,1.0
50,0.5,perfect,,1.2675,1.0
50,0.5,perfect,,1.27,1.0
50,0.5,perfect,,1.2725,1.0
50,0.5,perfect,,1.275,1.0
50,0.5,perfect,,1.2775,1.0
50,0.5,perfect,,1.28,1.0
50,0.5,perfect,,1.2825,1.0
50,0.5,perfect,,1.285,1.0
50,0.5,perfect,,1.2875,1.0
50,0.5,perfect,,1.29,1.0
50,0.5,perfect,,1.2925,1.0
50,0.5,perfect,,1.295,1.0
50,0.5,perfect,,1.2975,1.0
50,0.5,perfect,,1.3,1.0
50,0.5,perfect,,1.3025,1.0
50,0.5,perfect,,1.305,1.0
50,0.5,perfect,,1.3075,1.0
50,0.5,perfect,,1.31,1.0
50,0.5,perfect,,1.3125,1.0
50,0.5,perfect,,1.315,1.0
50,0.5,perfect,,1.3175,1.0
50,0.5,perfect,,1.32,1.0
50,0.5,perfect,,1.3225,1.0
50,0.5,perfect,,1.325,1.0
50,0.5,perfect,,1.3275,1.0
50,0.5,perfect,,1.33,1.0
50,0.5,perfect,,1.3325,1.0
50,0.5,perfect,,1.335,1.0
50,0.5,perfect,,1.3375,1.0
50,0.5,perfect,,1.34,1.0
50,0.5,perfect,,1.3425,1.0
50,0.5,perfect,,1.345,1.0
50,0.5,perfect,,1.3475,1.0
50,0.5,perfect,,1.35,1.0
50,0.5,perfect,,1.3525,1.0
50,0.5,perfect,,1.355,1.0
50,0.5,perfect,,1.3575,1.0
50,0.5,perfect,,1.36,1.0
50,0.5,perfect,,1.3625,1.0
50,0.5,perfect,,1.365,1.0
50,0.5,perfect,,1.3675,1.0
50,0.5,perfect,,1.37,1.0
50,0.5,perfect,,1.3725,1.0
50,0.5,perfect,,1.375,1.0
50,0.5,perfect,,1.3775,1.0
50,0.5,perfect,,1.38,1.0
50,0.5,perfect,,1.3825,1.0
50,0.5,perfect,,1.385,1.0
50,0.5,perfect,,1.3875,1.0
50,0.5,perfect,,1.39,1.0
50,0.5,perfect,,1.3925,1.0
50,0.5,perfect,,1.395,1.0
50,0.5,perfect,,1.3975,1.0
50,0.5,perfect,,1.4,1.0
50,0.5,late,1.05,0.8,0.483909
50,0.5,late,1.05,0.8025,0.482088
50,0.5,late,1.05,0.805,0.480432
50,0.5,late,1.05,0.8075,0.478956
50,0.5,late,1.05,0.81,0.477672
50,0.5,late,1.05,0.8125,0.47659
50,0.5,late,1.05,0.815,0.475715
50,0.5,late,1.05,0.8175,0.475054
50,0.5,late,1.05,0.82,0.474608
50,0.5,late,1.05,0.8225,0.474377
50,0.5,late,1.05,0.825,0.474358
50,0.5,late,1.05,0.8275,0.474545
50,0.5,late,1.05,0.83,0.474933
50,0.5,late,1.05,0.8325,0.475512
50,0.5,late,1.05,0.835,0.476272
50,0.5,late,1.05,0.8375,0.477202
50,0.5,late,1.05,0.84,0.478288
50,0.5,late,1.05,0.8425,0.479517
50,0.5,late,1.05,0.845,0.480874
50,0.5,late,1.05,0.8475,0.482344
50,0.5,late,1.05,0.85,0.483909
50,0.5,late,1.05,0.8525,0.485553
50,0.5,late,1.05,0.855,0.487259
50,0.5,late,1.05,0.8575,0.489009
50,0.5,late,1.05,0.86,0.490784
50,0.5,late,1.05,0.8625,0.492564
50,0.5,late,1.05,0.865,0.494331
50,0.5,late,1.05,0.8675,0.496065
50,0.5,late,1.05,0.87,0.497744
50,0.5,late,1.05,0.8725,0.499347
50,0.5,late,1.05,0.875,0.500854
50,0.5,late,1.05,0.8775,0.502243
50,0.5,late,1.05,0.88,0.503492
50,0.5,late,1.05,0.8825,0.504581
50,0.5,late,1.05,0.885,0.505487
50,0.5,late,1.05,0.8875,0.506192
50,0.5,late,1.05,0.89,0.506677
50,0.5,late,1.05,0.8925,0.506925
50,0.5,late,1.05,0.895,0.506923
50,0.5,late,1.05,0.8975,0.506659
50,0.5,late,1.05,0.9,0.506124
50,0.5,late,1.05,0.9025,0.505317
50,0.5,late,1.05,0.905,0.504237
50,0.5,late,1.05,0.9075,0.502893
50,0.5,late,1.05,0.91,0.501298
50,0.5,late,1.05,0.9125,0.49947
50,0.5,late,1.05,0.915,0.497439
50,0.5,late,1.05,0.9175,0.495238
50,0.5,late,1.05,0.92,0.492911
50,0.5,late,1.05,0.9225,0.490509
50,0.5,late,1.05,0.925,0.488091
50,0.5,late,1.05,0.9275,0.485725
50,0.5,late,1.05,0.93,0.483485
50,0.5,late,1.05,0.9325,0.481453
50,0.5,late,1.05,0.935,0.479718
50,0.5,late,1.05,0.9375,0.478372
50,0.5,late,1.05,0.94,0.477513
50,0.5,late,1.05,0.9425,0.477239
50,0.5,late,1.05,0.945,0.47765
50,0.5,late,1.05,0.9475,0.478846
50,0.5,late,1.05,0.95,0.480923
50,0.5,late,1.05,0.9525,0.48397
50,0.5,late,1.05,0.955,0.488073
50,0.5,late,1.05,0.9575,0.493305
50,0.5,late,1.05,0.96,0.499731
50,0.5,late,1.05,0.9625,0.507402
50,0.5,late,1.05,0.965,0.516354
50,0.5,late,1.05,0.9675,0.526607
50,0.5,late,1.05,0.97,0.538165
50,0.5,late,1.05,0.9725,0.551013
50,0.5,late,1.05,0.975,0.565118
50,0.5,late,1.05,0.9775,0.580429
50,0.5,late,1.05,0.98,0.596876
50,0.5,late,1.05,0.9825,0.614371
50,0.5,late,1.05,0.985,0.632811
50,0.5,late,1.05,0.9875,0.652076
50,0.5,late,1.05,0.99,0.672033
50,0.5,late,1.05,0.9925,0.692538
50,0.5,late,1.05,0.995,0.713438
50,0.5,late,1.05,0.9975,0.734572
50,0.5,late,1.05,1.0,0.755775
50,0.5,late,1.05,1.0025,0.776881
50,0.5,late,1.05,1.005,0.797725
50,0.5,late,1.05,1.0075,0.818144
50,0.5,late,1.05,1.01,0.837984
50,0.5,late,1.05,1.0125,0.857097
50,0.5,late,1.05,1.015,0.875347
50,0.5,late,1.05,1.0175,0.892608
50,0.5,late,1.05,1.02,0.908773
50,0.5,late,1.05,1.0225,0.923745
50,0.5,late,1.05,1.025,0.937448
50,0.5,late,1.05,1.0275,0.949821
50,0.5,late,1.05,1.03,0.960822
50,0.5,late,1.05,1.0325,0.970425
50,0.5,late,1.05,1.035,0.978624
50,0.5,late,1.05,1.0375,0.985429
50,0.5,late,1.05,1.04,0.990866
50,0.5,late,1.05,1.0425,0.994979
50,0.5,late,1.05,1.045,0.997824
50,0.5,late,1.05,1.0475,0.999471
50,0.5,late,1.05,1.05,1.0
50,0.5,late,1.05,1.0525,0.999503
50,0.5,late,1.05,1.055,0.998077
50,0.5,late,1.05,1.0575,0.995829
50,0.5,late,1.05,1.06,0.992867
50,0.5,late,1.05,1.0625,0.989303
50,0.5,late,1.05,1.065,0.985248
50,0.5,late,1.05,1.0675,0.980813
50,0.5,late,1.05,1.07,0.976106
50,0.5,late,1.05,1.0725,0.97123
50,0.5,late,1.05,1.075,0.966282
50,0.5,late,1.05,1.0775,0.961352
50,0.5,late,1.05,1.08,0.956523
50,0.5,late,1.05,1.0825,0.951867
50,0.5,late,1.05,1.085,0.947447
50,0.5,late,1.05,1.0875,0.943317
50,0.5,late,1.05,1.09,0.939521
50,0.5,late,1.05,1.0925,0.93609
50,0.5,late,1.05,1.095,0.933049
50,0.5,late,1.05,1.0975,0.93041
50,0.5,late,1.05,1.1,0.928179
50,0.5,late,1.05,1.1025,0.926353
50,0.5,late,1.05,1.105,0.924919
50,0.5,late,1.05,1.1075,0.923862
50,0.5,late,1.05,1.11,0.923158
50,0.5,late,1.05,1.1125,0.92278
50,0.5,late,1.05,1.115,0.922697
50,0.5,late,1.05,1.1175,0.922875
50,0.5,late,1.05,1.12,0.923281
50,0.5,late,1.05,1.1225,0.923879
50,0.5,late,1.05,1.125,0.924632
50,0.5,late,1.05,1.1275,0.925507
50,0.5,late,1.05,1.13,0.92647
50,0.5,late,1.05,1.1325,0.92749
50,0.5,late,1.05,1.135,0.928538
50,0.5,late,1.05,1.1375,0.929589
50,0.5,late,1.05,1.14,0.930618
50,0.5,late,1.05,1.1425,0.931607
50,0.5,late,1.05,1.145,0.932537
50,0.5,late,1.05,1.1475,0.933395
50,0.5,late,1.05,1.15,0.93417
50,0.5,late,1.05,1.1525,0.934854
50,0.5,late,1.05,1.155,0.93544
50,0.5,late,1.05,1.1575,0.935926
50,0.5,late,1.05,1.16,0.936311
50,0.5,late,1.05,1.1625,0.936595
50,0.5,late,1.05,1.165,0.936781
50,0.5,late,1.05,1.1675,0.936873
50,0.5,late,1.05,1.17,0.936875
50,0.5,late,1.05,1.1725,0.936795
50,0.5,late,1.05,1.175,0.936637
50,0.5,late,1.05,1.1775,0.936411
50,0.5,late,1.05,1.18,0.936122
50,0.5,late,1.05,1.1825,0.93578
50,0.5,late,1.05,1.185,0.935391
50,0.5,late,1.05,1.1875,0.934965
50,0.5,late,1.05,1.19,0.934508
50,0.5,late,1.05,1.1925,0.934029
50,0.5,late,1.05,1.195,0.933535
50,0.5,late,1.05,1.1975,0.933035
50,0.5,late,1.05,1.2,0.932535
50,0.5,late,1.05,1.2025,0.932042
50,0.5,late,1.05,1.205,0.931564
50,0.5,late,1.05,1.2075,0.931107
50,0.5,late,1.05,1.21,0.930678
50,0.5,late,1.05,1.2125,0.930283
50,0.5,late,1.05,1.215,0.929927
50,0.5,late,1.05,1.2175,0.929616
50,0.5,late,1.05,1.22,0.929355
50,0.5,late,1.05,1.2225,0.92915
50,0.5,late,1.05,1.225,0.929003
50,0.5,late,1.05,1.2275,0.928918
50,0.5,late,1.05,1.23,0.928898
50,0.5,late,1.05,1.2325,0.928946
50,0.5,late,1.05,1.235,0.929063
50,0.5,late,1.05,1.2375,0.929248
50,0.5,late,1.05,1.24,0.929503
50,0.5,late,1.05,1.2425,0.929825
50,0.5,late,1.05,1.245,0.930213
50,0.5,late,1.05,1.2475,0.930663
50,0.5,late,1.05,1.25,0.931173
50,0.5,late,1.05,1.2525,0.931737
50,0.5,late,1.05,1.255,0.932349
50,0.5,late,1.05,1.2575,0.933005
50,0.5,late,1.05,1.26,0.933698
50,0.5,late,1.05,1.2625,0.934421
50,0.5,late,1.05,1.265,0.935166
50,0.5,late,1.05,1.2675,0.935927
50,0.5,late,1.05,1.27,0.936696
50,0.5,late,1.05,1.2725,0.937466
50,0.5,late,1.05,1.275,0.938229
50,0.5,late,1.05,1.2775,0.93898
50,0.5,late,1.05,1.28,0.939713
50,0.5,late,1.05,1.2825,0.94042
50,0.5,late,1.05,1.285,0.941098
50,0.5,late,1.05,1.2875,0.941742
50,0.5,late,1.05,1.29,0.942348
50,0.5,late,1.05,1.2925,0.942914
50,0.5,late,1.05,1.295,0.943437
50,0.5,late,1.05,1.2975,0.943917
50,0.5,late,1.05,1.3,0.944351
50,0.5,late,1.05,1.3025,0.94474
50,0.5,late,1.05,1.305,0.945085
50,0.5,late,1.05,1.3075,0.945386
50,0.5,late,1.05,1.31,0.945645
50,0.5,late,1.05,1.3125,0.945864
50,0.5,late,1.05,1.315,0.946046
50,0.5,late,1.05,1.3175,0.946192
50,0.5,late,1.05,1.32,0.946305
50,0.5,late,1.05,1.3225,0.946389
50,0.5,late,1.05,1.325,0.946445
50,0.5,late,1.05,1.3275,0.946477
50,0.5,late,1.05,1.33,0.946488
50,0.5,late,1.05,1.3325,0.94648
50,0.5,late,1.05,1.335,0.946456
50,0.5,late,1.05,1.3375,0.946419
50,0.5,late,1.05,1.34,0.946371
50,0.5,late,1.05,1.3425,0.946313
50,0.5,late,1.05,1.345,0.946248
50,0.5,late,1.05,1.3475,0.946178
50,0.5,late,1.05,1.35,0.946104
50,0.5,late,1.05,1.3525,0.946028
50,0.5,late,1.05,1.355,0.945951
50,0.5,late,1.05,1.3575,0.945875
50,0.5,late,1.05,1.36,0.945799
50,0.5,late,1.05,1.3625,0.945725
50,0.5,late,1.05,1.365,0.945653
50,0.5,late,1.05,1.3675,0.945585
50,0.5,late,1.05,1.37,0.94552
50,0.5,late,1.05,1.3725,0.94546
50,0.5,late,1.05,1.375,0.945403
50,0.5,late,1.05,1.3775,0.945352
50,0.5,late,1.05,1.38,0.945305
50,0.5,late,1.05,1.3825,0.945263
50,0.5,late,1.05,1.385,0.945225
50,0.5,late,1.05,1.3875,0.945193
50,0.5,late,1.05,1.39,0.945166
50,0.5,late,1.05,1.3925,0.945144
50,0.5,late,1.05,1.395,0.945127
50,0.5,late,1.05,1.3975,0.945115
50,0.5,late,1.05,1.4,0.945108
50,0.5,first,5.73,0.8,0.427138
50,0.5,first,5.73,0.8025,0.428533
50,0.5,first,5.73,0.805,0.429991
50,0.5,first,5.73,0.8075,0.431493
50,0.5,first,5.73,0.81,0.433025
50,0.5,first,5.73,0.8125,0.434569
50,0.5,first,5.73,0.815,0.43611
50,0.5,first,5.73,0.8175,0.43763
50,0.5,first,5.73,0.82,0.439115
50,0.5,first,5.73,0.8225,0.44055
50,0.5,first,5.73,0.825,0.44192
50,0.5,first,5.73,0.8275,0.443211
50,0.5,first,5.73,0.83,0.444411
50,0.5,first,5.73,0.8325,0.445509
50,0.5,first,5.73,0.835,0.446493
50,0.5,first,5.73,0.8375,0.447355
50,0.5,first,5.73,0.84,0.448085
50,0.5,first,5.73,0.8425,0.448678
50,0.5,first,5.73,0.845,0.449127
50,0.5,first,5.73,0.8475,0.449429
50,0.5,first,5.73,0.85,0.44958
50,0.5,first,5.73,0.8525,0.449578
50,0.5,first,5.73,0.855,0.449424
50,0.5,first,5.73,0.8575,0.44912
50,0.5,first,5.73,0.86,0.448667
50,0.5,first,5.73,0.8625,0.448071
50,0.5,first,5.73,0.865,0.447337
50,0.5,first,5.73,0.8675,0.446472
50,0.5,first,5.73,0.87,0.445485
50,0.5,first,5.73,0.8725,0.444386
50,0.5,first,5.73,0.875,0.443185
50,0.5,first,5.73,0.8775,0.441895
50,0.5,first,5.73,0.88,0.44053
50,0.5,first,5.73,0.8825,0.439103
50,0.5,first,5.73,0.885,0.43763
50,0.5,first,5.73,0.8875,0.436126
50,0.5,first,5.73,0.89,0.43461
50,0.5,first,5.73,0.8925,0.433097
50,0.5,first,5.73,0.895,0.431605
50,0.5,first,5.73,0.8975,0.430153
50,0.5,first,5.73,0.9,0.428757
50,0.5,first,5.73,0.9025,0.427436
50,0.5,first,5.73,0.905,0.426207
50,0.5,first,5.73,0.9075,0.425087
50,0.5,first,5.73,0.91,0.424093
50,0.5,first,5.73,0.9125,0.423239
50,0.5,first,5.73,0.915,0.422541
50,0.5,first,5.73,0.9175,0.422013
50,0.5,first,5.73,0.92,0.421666
50,0.5,first,5.73,0.9225,0.421511
50,0.5,first,5.73,0.925,0.421558
50,0.5,first,5.73,0.9275,0.421815
50,0.5,first,5.73,0.93,0.422288
50,0.5,first,5.73,0.9325,0.422982
50,0.5,first,5.73,0.935,0.4239
50,0.5,first,5.73,0.9375,0.425042
50,0.5,first,5.73,0.94,0.426408
50,0.5,first,5.73,0.9425,0.427996
50,0.5,first,5.73,0.945,0.429801
50,0.5,first,5.73,0.9475,0.431818
50,0.5,first,5.73,0.95,0.434039
50,0.5,first,5.73,0.9525,0.436457
50,0.5,first,5.73,0.955,0.43906
50,0.5,first,5.73,0.9575,0.441839
50,0.5,first,5.73,0.96,0.444781
50,0.5,first,5.73,0.9625,0.447874
50,0.5,first,5.73,0.965,0.451104
50,0.5,first,5.73,0.9675,0.454458
50,0.5,first,5.73,0.97,0.457922
50,0.5,first,5.73,0.9725,0.461483
50,0.5,first,5.73,0.975,0.465126
50,0.5,first,5.73,0.9775,0.46884
50,0.5,first,5.73,0.98,0.472611
50,0.5,first,5.73,0.9825,0.476428
50,0.5,first,5.73,0.985,0.480281
50,0.5,first,5.73,0.9875,0.484158
50,0.5,first,5.73,0.99,0.488054
50,0.5,first,5.73,0.9925,0.491959
50,0.5,first,5.73,0.995,0.495869
50,0.5,first,5.73,0.9975,0.49978
50,0.5,first,5.73,1.0,0.503689
50,0.5,first,5.73,1.0025,0.507594
50,0.5,first,5.73,1.005,0.511496
50,0.5,first,5.73,1.0075,0.515398
50,0.5,first,5.73,1.01,0.519301
50,0.5,first,5.73,1.0125,0.523212
50,0.5,first,5.73,1.015,0.527135
50,0.5,first,5.73,1.0175,0.531078
50,0.5,first,5.73,1.02,0.535048
50,0.5,first,5.73,1.0225,0.539054
50,0.5,first,5.73,1.025,0.543105
50,0.5,first,5.73,1.0275,0.547212
50,0.5,first,5.73,1.03,0.551383
50,0.5,first,5.73,1.0325,0.55563
50,0.5,first,5.73,1.035,0.559961
50,0.5,first,5.73,1.0375,0.564388
50,0.5,first,5.73,1.04,0.568918
50,0.5,first,5.73,1.0425,0.573562
50,0.5,first,5.73,1.045,0.578326
50,0.5,first,5.73,1.0475,0.583217
50,0.5,first,5.73,1.05,0.588243
50,0.5,first,5.73,1.0525,0.593406
50,0.5,first,5.73,1.055,0.598712
50,0.5,first,5.73,1.0575,0.604161
50,0.5,first,5.73,1.06,0.609756
50,0.5,first,5.73,1.0625,0.615495
50,0.5,first,5.73,1.065,0.621376
50,0.5,first,5.73,1.0675,0.627396
50,0.5,first,5.73,1.07,0.63355
50,0.5,first,5.73,1.0725,0.639832
50,0.5,first,5.73,1.075,0.646235
50,0.5,first,5.73,1.0775,0.652749
50,0.5,first,5.73,1.08,0.659366
50,0.5,first,5.73,1.0825,0.666074
50,0.5,first,5.73,1.085,0.672862
50,0.5,first,5.73,1.0875,0.679718
50,0.5,first,5.73,1.09,0.686627
50,0.5,first,5.73,1.0925,0.693578
50,0.5,first,5.73,1.095,0.700555
50,0.5,first,5.73,1.0975,0.707545
50,0.5,first,5.73,1.1,0.714533
50,0.5,first,5.73,1.1025,0.721506
50,0.5,first,5.73,1.105,0.728448
50,0.5,first,5.73,1.1075,0.735347
50,0.5,first,5.73,1.11,0.742189
50,0.5,first,5.73,1.1125,0.748961
50,0.5,first,5.73,1.115,0.755651
50,0.5,first,5.73,1.1175,0.762247
50,0.5,first,5.73,1.12,0.768739
50,0.5,first,5.73,1.1225,0.775116
50,0.5,first,5.73,1.125,0.78137
50,0.5,first,5.73,1.1275,0.787493
50,0.5,first,5.73,1.13,0.793477
50,0.5,first,5.73,1.1325,0.799316
50,0.5,first,5.73,1.135,0.805006
50,0.5,first,5.73,1.1375,0.810541
50,0.5,first,5.73,1.14,0.815919
50,0.5,first,5.73,1.1425,0.821137
50,0.5,first,5.73,1.145,0.826195
50,0.5,first,5.73,1.1475,0.831092
50,0.5,first,5.73,1.15,0.835828
50,0.5,first,5.73,1.1525,0.840405
50,0.5,first,5.73,1.155,0.844825
50,0.5,first,5.73,1.1575,0.84909
50,0.5,first,5.73,1.16,0.853205
50,0.5,first,5.73,1.1625,0.857174
50,0.5,first,5.73,1.165,0.861
50,0.5,first,5.73,1.1675,0.86469
50,0.5,first,5.73,1.17,0.868248
50,0.5,first,5.73,1.1725,0.871682
50,0.5,first,5.73,1.175,0.874996
50,0.5,first,5.73,1.1775,0.878198
50,0.5,first,5.73,1.18,0.881294
50,0.5,first,5.73,1.1825,0.88429
50,0.5,first,5.73,1.185,0.887194
50,0.5,first,5.73,1.1875,0.890012
50,0.5,first,5.73,1.19,0.892751
50,0.5,first,5.73,1.1925,0.895417
50,0.5,first,5.73,1.195,0.898017
50,0.5,first,5.73,1.1975,0.900557
50,0.5,first,5.73,1.2,0.903042
50,0.5,first,5.73,1.2025,0.905478
50,0.5,first,5.73,1.205,0.90787
50,0.5,first,5.73,1.2075,0.910223
50,0.5,first,5.73,1.21,0.912542
50,0.5,first,5.73,1.2125,0.91483
50,0.5,first,5.73,1.215,0.91709
50,0.5,first,5.73,1.2175,0.919326
50,0.5,first,5.73,1.22,0.92154
50,0.5,first,5.73,1.2225,0.923735
50,0.5,first,5.73,1.225,0.925911
50,0.5,first,5.73,1.2275,0.92807
50,0.5,first,5.73,1.23,0.930213
50,0.5,first,5.73,1.2325,0.93234
50,0.5,first,5.73,1.235,0.934451
50,0.5,first,5.73,1.2375,0.936545
50,0.5,first,5.73,1.24,0.938621
50,0.5,first,5.73,1.2425,0.940678
50,0.5,first,5.73,1.245,0.942715
50,0.5,first,5.73,1.2475,0.94473
50,0.5,first,5.73,1.25,0.946721
50,0.5,first,5.73,1.2525,0.948685
50,0.5,first,5.73,1.255,0.950621
50,0.5,first,5.73,1.2575,0.952527
50,0.5,first,5.73,1.26,0.954399
50,0.5,first,5.73,1.2625,0.956235
50,0.5,first,5.73,1.265,0.958034
50,0.5,first,5.73,1.2675,0.959792
50,0.5,first,5.73,1.27,0.961508
50,0.5,first,5.73,1.2725,0.963179
50,0.5,first,5.73,1.275,0.964805
50,0.5,first,5.73,1.2775,0.966382
50,0.5,first,5.73,1.28,0.96791
50,0.5,first,5.73,1.2825,0.969387
50,0.5,first,5.73,1.285,0.970812
50,0.5,first,5.73,1.2875,0.972185
50,0.5,first,5.73,1.29,0.973504
50,0.5,first,5.73,1.2925,0.97477
50,0.5,first,5.73,1.295,0.975982
50,0.5,first,5.73,1.2975,0.977141
50,0.5,first,5.73,1.3,0.978246
50,0.5,first,5.73,1.3025,0.979299
50,0.5,first,5.73,1.305,0.980301
50,0.5,first,5.73,1.3075,0.981251
50,0.5,first,5.73,1.31,0.982152
50,0.5,first,5.73,1.3125,0.983005
50,0.5,first,5.73,1.315,0.983811
50,0.5,first,5.73,1.3175,0.984572
50,0.5,first,5.73,1.32,0.985289
50,0.5,first,5.73,1.3225,0.985965
50,0.5,first,5.73,1.325,0.9866
50,0.5,first,5.73,1.3275,0.987197
50,0.5,first,5.73,1.33,0.987759
50,0.5,first,5.73,1.3325,0.988285
50,0.5,first,5.73,1.335,0.98878
50,0.5,first,5.73,1.3375,0.989244
50,0.5,first,5.73,1.34,0.989679
50,0.5,first,5.73,1.3425,0.990087
50,0.5,first,5.73,1.345,0.990471
50,0.5,first,5.73,1.3475,0.990831
50,0.5,first,5.73,1.35,0.991169
50,0.5,first,5.73,1.3525,0.991487
50,0.5,first,5.73,1.355,0.991787
50,0.5,first,5.73,1.3575,0.992069
50,0.5,first,5.73,1.36,0.992336
50,0.5,first,5.73,1.3625,0.992589
50,0.5,first,5.73,1.365,0.992828
50,0.5,first,5.73,1.3675,0.993055
50,0.5,first,5.73,1.37,0.993271
50,0.5,first,5.73,1.3725,0.993477
50,0.5,first,5.73,1.375,0.993673
50,0.5,first,5.73,1.3775,0.993862
50,0.5,first,5.73,1.38,0.994043
50,0.5,first,5.73,1.3825,0.994217
50,0.5,first,5.73,1.385,0.994385
50,0.5,first,5.73,1.3875,0.994547
50,0.5,first,5.73,1.39,0.994704
50,0.5,first,5.73,1.3925,0.994857
50,0.5,first,5.73,1.395,0.995006
50,0.5,first,5.73,1.3975,0.995151
50,0.5,first,5.73,1.4,0.995293
50,0.05,perfect,,0.8,0.045376
50,0.05,perfect,,0.8025,0.039788
50,0.05,perfect,,0.805,0.03475
50,0.05,perfect,,0.8075,0.030227
50,0.05,perfect,,0.81,0.026185
50,0.05,perfect,,0.8125,0.056425
50,0.05,perfect,,0.815,0.049737
50,0.05,perfect,,0.8175,0.043668
50,0.05,perfect,,0.82,0.038184
50,0.05,perfect,,0.8225,0.03325
50,0.05,perfect,,0.825,0.028831
50,0.05,perfect,,0.8275,0.024891
50,0.05,perfect,,0.83,0.056977
50,0.05,perfect,,0.8325,0.050153
50,0.05,perfect,,0.835,0.043964
50,0.05,perfect,,0.8375,0.038374
50,0.05,perfect,,0.84,0.033349
50,0.05,perfect,,0.8425,0.028852
50,0.05,perfect,,0.845,0.024847
50,0.05,perfect,,0.8475,0.021297
50,0.05,perfect,,0.85,0.053527
50,0.05,perfect,,0.8525,0.046914
50,0.05,perfect,,0.855,0.040934
50,0.05,perfect,,0.8575,0.035551
50,0.05,perfect,,0.86,0.03073
50,0.05,perfect,,0.8625,0.026433
50,0.05,perfect,,0.865,0.022623
50,0.05,perfect,,0.8675,0.019261
50,0.05,perfect,,0.87,0.053967
50,0.05,perfect,,0.8725,0.047166
50,0.05,perfect,,0.875,0.041021
50,0.05,perfect,,0.8775,0.035498
50,0.05,perfect,,0.88,0.030559
50,0.05,perfect,,0.8825,0.026165
50,0.05,perfect,,0.885,0.022279
50,0.05,perfect,,0.8875,0.018859
50,0.05,perfect,,0.89,0.015869
50,0.05,perfect,,0.8925,0.052501
50,0.05,perfect,,0.895,0.045624
50,0.05,perfect,,0.8975,0.039428
50,0.05,perfect,,0.9,0.033877
50,0.05,perfect,,0.9025,0.028933
50,0.05,perfect,,0.905,0.024555
50,0.05,perfect,,0.9075,0.020702
50,0.05,perfect,,0.91,0.017334
50,0.05,perfect,,0.9125,0.014409
50,0.05,perfect,,0.915,0.011887
50,0.05,perfect,,0.9175,0.051095
50,0.05,perfect,,0.92,0.043992
50,0.05,perfect,,0.9225,0.037618
50,0.05,perfect,,0.925,0.031935
50,0.05,perfect,,0.9275,0.026903
50,0.05,perfect,,0.93,0.022481
50,0.05,perfect,,0.9325,0.018623
50,0.05,perfect,,0.935,0.015284
50,0.05,perfect,,0.9375,0.012421
50,0.05,perfect,,0.94,0.009987
50,0.05,perfect,,0.9425,0.007938
50,0.05,perfect,,0.945,0.006232
50,0.05,perfect,,0.9475,0.045504
50,0.05,perfect,,0.95,0.038198
50,0.05,perfect,,0.9525,0.031715
50,0.05,perfect,,0.955,0.026018
50,0.05,perfect,,0.9575,0.021062
50,0.05,perfect,,0.96,0.016799
50,0.05,perfect,,0.9625,0.013178
50,0.05,perfect,,0.965,0.010145
50,0.05,perfect,,0.9675,0.007645
50,0.05,perfect,,0.97,0.00562
50,0.05,perfect,,0.9725,0.004014
50,0.05,perfect,,0.975,0.002771
50,0.05,perfect,,0.9775,0.001835
50,0.05,perfect,,0.98,0.001155
50,0.05,perfect,,0.9825,0.000682
50,0.05,perfect,,0.985,0.027379
50,0.05,perfect,,0.9875,0.019093
50,0.05,perfect,,0.99,0.012262
50,0.05,perfect,,0.9925,0.006916
50,0.05,perfect,,0.995,0.00308
50,0.05,perfect,,0.9975,0.000771
50,0.05,perfect,,1.0,0.0
50,0.05,perfect,,1.0025,0.000771
50,0.05,perfect,,1.005,0.00308
50,0.05,perfect,,1.0075,0.006916
50,0.05,perfect,,1.01,0.012262
50,0.05,perfect,,1.0125,0.019093
50,0.05,perfect,,1.015,0.027379
50,0.05,perfect,,1.0175,0.037082
50,0.05,perfect,,1.02,0.048158
50,0.05,perfect,,1.0225,0.060558
50,0.05,perfect,,1.025,0.074227
50,0.05,perfect,,1.0275,0.089105
50,0.05,perfect,,1.03,0.105128
50,0.05,perfect,,1.0325,0.122226
50,0.05,perfect,,1.035,0.140328
50,0.05,perfect,,1.0375,0.159358
50,0.05,perfect,,1.04,0.179238
50,0.05,perfect,,1.0425,0.199887
50,0.05,perfect,,1.045,0.221225
50,0.05,perfect,,1.0475,0.243167
50,0.05,perfect,,1.05,0.26563
50,0.05,perfect,,1.0525,0.288532
50,0.05,perfect,,1.055,0.311789
50,0.05,perfect,,1.0575,0.335319
50,0.05,perfect,,1.06,0.359042
50,0.05,perfect,,1.0625,0.382879
50,0.05,perfect,,1.065,0.406754
50,0.05,perfect,,1.0675,0.430594
50,0.05,perfect,,1.07,0.454327
50,0.05,perfect,,1.0725,0.477887
50,0.05,perfect,,1.075,1.0
50,0.05,perfect,,1.0775,1.0
50,0.05,perfect,,1.08,1.0
50,0.05,perfect,,1.0825,1.0
50,0.05,perfect,,1.085,1.0
50,0.05,perfect,,1.0875,1.0
50,0.05,perfect,,1.09,1.0
50,0.05,perfect,,1.0925,1.0
50,0.05,perfect,,1.095,1.0
50,0.05,perfect,,1.0975,1.0
50,0.05,perfect,,1.1,1.0
50,0.05,perfect,,1.1025,1.0
50,0.05,perfect,,1.105,1.0
50,0.05,perfect,,1.1075,1.0
50,0.05,perfect,,1.11,1.0
50,0.05,perfect,,1.1125,1.0
50,0.05,perfect,,1.115,1.0
50,0.05,perfect,,1.1175,1.0
50,0.05,perfect,,1.12,1.0
50,0.05,perfect,,1.1225,1.0
50,0.05,perfect,,1.125,1.0
50,0.05,perfect,,1.1275,1.0
50,0.05,perfect,,1.13,1.0
50,0.05,perfect,,1.1325,1.0
50,0.05,perfect,,1.135,1.0
50,0.05,perfect,,1.1375,1.0
50,0.05,perfect,,1.14,1.0
50,0.05,perfect,,1.1425,1.0
50,0.05,perfect,,1.145,1.0
50,0.05,perfect,,1.1475,1.0
50,0.05,perfect,,1.15,1.0
50,0.05,perfect,,1.1525,1.0
50,0.05,perfect,,1.155,1.0
50,0.05,perfect,,1.1575,1.0
50,0.05,perfect,,1.16,1.0
50,0.05,perfect,,1.1625,1.0
50,0.05,perfect,,1.165,1.0
50,0.05,perfect,,1.1675,1.0
50,0.05,perfect,,1.17,1.0
50,0.05,perfect,,1.1725,1.0
50,0.05,perfect,,1.175,1.0
50,0.05,perfect,,1.1775,1.0
50,0.05,perfect,,1.18,1.0
50,0.05,perfect,,1.1825,1.0
50,0.05,perfect,,1.185,1.0
50,0.05,perfect,,1.1875,1.0
50,0.05,perfect,,1.19,1.0
50,0.05,perfect,,1.1925,1.0
50,0.05,perfect,,1.195,1.0
50,0.05,perfect,,1.1975,1.0
50,0.05,perfect,,1.2,1.0
50,0.05,perfect,,1.2025,1.0
50,0.05,perfect,,1.205,1.0
50,0.05,perfect,,1.2075,1.0
50,0.05,perfect,,1.21,1.0
50,0.05,perfect,,1.2125,1.0
50,0.05,perfect,,1.215,1.0
50,0.05,perfect,,1.2175,1.0
50,0.05,perfect,,1.22,1.0
50,0.05,perfect,,1.2225,1.0
50,0.05,perfect,,1.225,1.0
50,0.05,perfect,,1.2275,1.0
50,0.05,perfect,,1.23,1.0
50,0.05,perfect,,1.2325,1.0
50,0.05,perfect,,1.235,1.0
50,0.05,perfect,,1.2375,1.0
50,0.05,perfect,,1.24,1.0
50,0.05,perfect,,1.2425,1.0
50,0.05,perfect,,1.245,1.0
50,0.05,perfect,,1.2475,1.0
50,0.05,perfect,,1.25,1.0
50,0.05,perfect,,1.2525,1.0
50,0.05,perfect,,1.255,1.0
50,0.05,perfect,,1.2575,1.0
50,0.05,perfect,,1.26,1.0
50,0.05,perfect,,1.2625,1.0
50,0.05,perfect,,1.265,1.0
50,0.05,perfect,,1.2675,1.0
50,0.05,perfect,,1.27,1.0
50,0.05,perfect,,1.2725,1.0
50,0.05,perfect,,1.275,1.0
50,0.05,perfect,,1.2775,1.0
50,0.05,perfect,,1.28,1.0
50,0.05,perfect,,1.2825,1.0
50,0.05,perfect,,1.285,1.0
50,0.05,perfect,,1.2875,1.0
50,0.05,perfect,,1.29,1.0
50,0.05,perfect,,1.2925,1.0
50,0.05,perfect,,1.295,1.0
50,0.05,perfect,,1.2975,1.0
50,0.05,perfect,,1.3,1.0
50,0.05,perfect,,1.3025,1.0
50,0.05,perfect,,1.305,1.0
50,0.05,perfect,,1.3075,1.0
50,0.05,perfect,,1.31,1.0
50,0.05,perfect,,1.3125,1.0
50,0.05,perfect,,1.315,1.0
50,0.05,perfect,,1.3175,1.0
50,0.05,perfect,,1.32,1.0
50,0.05,perfect,,1.3225,1.0
50,0.05,perfect,,1.325,1.0
50,0.05,perfect,,1.3275,1.0
50,0.05,perfect,,1.33,1.0
50,0.05,perfect,,1.3325,1.0
50,0.05,perfect,,1.335,1.0
50,0.05,perfect,,1.3375,1.0
50,0.05,perfect,,1.34,1.0
50,0.05,perfect,,1.3425,1.0
50,0.05,perfect,,1.345,1.0
50,0.05,perfect,,1.3475,1.0
50,0.05,perfect,,1.35,1.0
50,0.05,perfect,,1.3525,1.0
50,0.05,perfect,,1.355,1.0
50,0.05,perfect,,1.3575,1.0
50,0.05,perfect,,1.36,1.0
50,0.05,perfect,,1.3625,1.0
50,0.05,perfect,,1.365,1.0
50,0.05,perfect,,1.3675,1.0
50,0.05,perfect,,1.37,1.0
50,0.05,perfect,,1.3725,1.0
50,0.05,perfect,,1.375,1.0
50,0.05,perfect,,1.3775,1.0
50,0.05,perfect,,1.38,1.0
50,0.05,perfect,,1.3825,1.0
50,0.05,perfect,,1.385,1.0
50,0.05,perfect,,1.3875,1.0
50,0.05,perfect,,1.39,1.0
50,0.05,perfect,,1.3925,1.0
50,0.05,perfect,,1.395,1.0
50,0.05,perfect,,1.3975,1.0
50,0.05,perfect,,1.4,1.0
50,0.05,late,1.05,0.8,0.134713
50,0.05,late,1.05,0.8025,0.134229
50,0.05,late,1.05,0.805,0.133667
50,0.05,late,1.05,0.8075,0.133033
50,0.05,late,1.05,0.81,0.132337
50,0.05,late,1.05,0.8125,0.131587
50,0.05,late,1.05,0.815,0.130792
50,0.05,late,1.05,0.8175,0.129965
50,0.05,late,1.05,0.82,0.129115
50,0.05,late,1.05,0.8225,0.128256
50,0.05,late,1.05,0.825,0.127399
50,0.05,late,1.05,0.8275,0.126557
50,0.05,late,1.05,0.83,0.125743
50,0.05,late,1.05,0.8325,0.124968
50,0.05,late,1.05,0.835,0.124246
50,0.05,late,1.05,0.8375,0.123589
50,0.05,late,1.05,0.84,0.123008
50,0.05,late,1.05,0.8425,0.122514
50,0.05,late,1.05,0.845,0.122117
50,0.05,late,1.05,0.8475,0.121827
50,0.05,late,1.05,0.85,0.121651
50,0.05,late,1.05,0.8525,0.121596
50,0.05,late,1.05,0.855,0.121668
50,0.05,late,1.05,0.8575,0.121869
50,0.05,late,1.05,0.86,0.122202
50,0.05,late,1.05,0.8625,0.122667
50,0.05,late,1.05,0.865,0.123259
50,0.05,late,1.05,0.8675,0.123976
50,0.05,late,1.05,0.87,0.124808
50,0.05,late,1.05,0.8725,0.125747
50,0.05,late,1.05,0.875,0.12678
50,0.05,late,1.05,0.8775,0.127893
50,0.05,late,1.05,0.88,0.129069
50,0.05,late,1.05,0.8825,0.130288
50,0.05,late,1.05,0.885,0.131529
50,0.05,late,1.05,0.8875,0.13277
50,0.05,late,1.05,0.89,0.133987
50,0.05,late,1.05,0.8925,0.135154
50,0.05,late,1.05,0.895,0.136244
50,0.05,late,1.05,0.8975,0.137233
50,0.05,late,1.05,0.9,0.138094
50,0.05,late,1.05,0.9025,0.1388
50,0.05,late,1.05,0.905,0.139327
50,0.05,late,1.05,0.9075,0.139652
50,0.05,late,1.05,0.91,0.139751
50,0.05,late,1.05,0.9125,0.139606
50,0.05,late,1.05,0.915,0.139197
50,0.05,late,1.05,0.9175,0.138508
50,0.05,late,1.05,0.92,0.137525
50,0.05,late,1.05,0.9225,0.136236
50,0.05,late,1.05,0.925,0.134633
50,0.05,late,1.05,0.9275,0.132706
50,0.05,late,1.05,0.93,0.130451
50,0.05,late,1.05,0.9325,0.127865
50,0.05,late,1.05,0.935,0.124945
50,0.05,late,1.05,0.9375,0.121692
50,0.05,late,1.05,0.94,0.118108
50,0.05,late,1.05,0.9425,0.114196
50,0.05,late,1.05,0.945,0.109961
50,0.05,late,1.05,0.9475,0.105413
50,0.05,late,1.05,0.95,0.10056
50,0.05,late,1.05,0.9525,0.095416
50,0.05,late,1.05,0.955,0.089998
50,0.05,late,1.05,0.9575,0.084326
50,0.05,late,1.05,0.96,0.078427
50,0.05,late,1.05,0.9625,0.07233
50,0.05,late,1.05,0.965,0.066073
50,0.05,late,1.05,0.9675,0.0597
50,0.05,late,1.05,0.97,0.053263
50,0.05,late,1.05,0.9725,0.04682
50,0.05,late,1.05,0.975,0.040438
50,0.05,late,1.05,0.9775,0.034195
50,0.05,late,1.05,0.98,0.028172
50,0.05,late,1.05,0.9825,0.022462
50,0.05,late,1.05,0.985,0.017162
50,0.05,late,1.05,0.9875,0.012375
50,0.05,late,1.05,0.99,0.008212
50,0.05,late,1.05,0.9925,0.004781
50,0.05,late,1.05,0.995,0.002196
50,0.05,late,1.05,0.9975,0.000566
50,0.05,late,1.05,1.0,0.0
50,0.05,late,1.05,1.0025,0.000599
50,0.05,late,1.05,1.005,0.002456
50,0.05,late,1.05,1.0075,0.005653
50,0.05,late,1.05,1.01,0.010262
50,0.05,late,1.05,1.0125,0.016336
50,0.05,late,1.05,1.015,0.023915
50,0.05,late,1.05,1.0175,0.033018
50,0.05,late,1.05,1.02,0.043648
50,0.05,late,1.05,1.0225,0.055786
50,0.05,late,1.05,1.025,0.069393
50,0.05,late,1.05,1.0275,0.084412
50,0.05,late,1.05,1.03,0.100766
50,0.05,late,1.05,1.0325,0.118361
50,0.05,late,1.05,1.035,0.137088
50,0.05,late,1.05,1.0375,0.156822
50,0.05,late,1.05,1.04,0.177429
50,0.05,late,1.05,1.0425,0.198765
50,0.05,late,1.05,1.045,0.220679
50,0.05,late,1.05,1.0475,0.243019
50,0.05,late,1.05,1.05,0.26563
50,0.05,late,1.05,1.0525,0.288362
50,0.05,late,1.05,1.055,0.311068
50,0.05,late,1.05,1.0575,0.333607
50,0.05,late,1.05,1.06,0.355851
50,0.05,late,1.05,1.0625,0.377679
50,0.05,late,1.05,1.065,0.398983
50,0.05,late,1.05,1.0675,0.419669
50,0.05,late,1.05,1.07,0.439655
50,0.05,late,1.05,1.0725,0.458873
50,0.05,late,1.05,1.075,0.477268
50,0.05,late,1.05,1.0775,0.494797
50,0.05,late,1.05,1.08,0.511429
50,0.05,late,1.05,1.0825,0.527145
50,0.05,late,1.05,1.085,0.541932
50,0.05,late,1.05,1.0875,0.555789
50,0.05,late,1.05,1.09,0.568719
50,0.05,late,1.05,1.0925,0.580732
50,0.05,late,1.05,1.095,0.591842
50,0.05,late,1.05,1.0975,0.602066
50,0.05,late,1.05,1.1,0.611426
50,0.05,late,1.05,1.1025,0.619942
50,0.05,late,1.05,1.105,0.627637
50,0.05,late,1.05,1.1075,0.634536
50,0.05,late,1.05,1.11,0.640664
50,0.05,late,1.05,1.1125,0.646045
50,0.05,late,1.05,1.115,0.650707
50,0.05,late,1.05,1.1175,0.654676
50,0.05,late,1.05,1.12,0.65798
50,0.05,late,1.05,1.1225,0.660651
50,0.05,late,1.05,1.125,0.662719
50,0.05,late,1.05,1.1275,0.664218
50,0.05,late,1.05,1.13,0.665184
50,0.05,late,1.05,1.1325,0.665655
50,0.05,late,1.05,1.135,0.665671
50,0.05,late,1.05,1.1375,0.665275
50,0.05,late,1.05,1.14,0.664511
50,0.05,late,1.05,1.1425,0.663425
50,0.05,late,1.05,1.145,0.662064
50,0.05,late,1.05,1.1475,0.660475
50,0.05,late,1.05,1.15,0.658706
50,0.05,late,1.05,1.1525,0.656805
50,0.05,late,1.05,1.155,0.654817
50,0.05,late,1.05,1.1575,0.652788
50,0.05,late,1.05,1.16,0.65076
50,0.05,late,1.05,1.1625,0.648773
50,0.05,late,1.05,1.165,0.646863
50,0.05,late,1.05,1.1675,0.645065
50,0.05,late,1.05,1.17,0.643406
50,0.05,late,1.05,1.1725,0.641912
50,0.05,late,1.05,1.175,0.640605
50,0.05,late,1.05,1.1775,0.639501
50,0.05,late,1.05,1.18,0.638612
50,0.05,late,1.05,1.1825,0.637947
50,0.05,late,1.05,1.185,0.637509
50,0.05,late,1.05,1.1875,0.6373
50,0.05,late,1.05,1.19,0.637317
50,0.05,late,1.05,1.1925,0.637553
50,0.05,late,1.05,1.195,0.637998
50,0.05,late,1.05,1.1975,0.638642
50,0.05,late,1.05,1.2,0.63947
50,0.05,late,1.05,1.2025,0.640467
50,0.05,late,1.05,1.205,0.641615
50,0.05,late,1.05,1.2075,0.642894
50,0.05,late,1.05,1.21,0.644286
50,0.05,late,1.05,1.2125,0.64577
50,0.05,late,1.05,1.215,0.647324
50,0.05,late,1.05,1.2175,0.648927
50,0.05,late,1.05,1.22,0.650558
50,0.05,late,1.05,1.2225,0.652197
50,0.05,late,1.05,1.225,0.653821
50,0.05,late,1.05,1.2275,0.655411
50,0.05,late,1.05,1.23,0.656947
50,0.05,late,1.05,1.2325,0.658411
50,0.05,late,1.05,1.235,0.659786
50,0.05,late,1.05,1.2375,0.661055
50,0.05,late,1.05,1.24,0.662205
50,0.05,late,1.05,1.2425,0.663223
50,0.05,late,1.05,1.245,0.664098
50,0.05,late,1.05,1.2475,0.664822
50,0.05,late,1.05,1.25,0.665389
50,0.05,late,1.05,1.2525,0.665795
50,0.05,late,1.05,1.255,0.666038
50,0.05,late,1.05,1.2575,0.666121
50,0.05,late,1.05,1.26,0.666046
50,0.05,late,1.05,1.2625,0.665819
50,0.05,late,1.05,1.265,0.66545
50,0.05,late,1.05,1.2675,0.66495
50,0.05,late,1.05,1.27,0.66433
50,0.05,late,1.05,1.2725,0.663606
50,0.05,late,1.05,1.275,0.662795
50,0.05,late,1.05,1.2775,0.661913
50,0.05,late,1.05,1.28,0.660978
50,0.05,late,1.05,1.2825,0.660011
50,0.05,late,1.05,1.285,0.65903
50,0.05,late,1.05,1.2875,0.658054
50,0.05,late,1.05,1.29,0.6571
50,0.05,late,1.05,1.2925,0.656188
50,0.05,late,1.05,1.295,0.655332
50,0.05,late,1.05,1.2975,0.654548
50,0.05,late,1.05,1.3,0.653849
50,0.05,late,1.05,1.3025,0.653245
50,0.05,late,1.05,1.305,0.652746
50,0.05,late,1.05,1.3075,0.652359
50,0.05,late,1.05,1.31,0.652088
50,0.05,late,1.05,1.3125,0.651936
50,0.05,late,1.05,1.315,0.651903
50,0.05,late,1.05,1.3175,0.651987
50,0.05,late,1.05,1.32,0.652185
50,0.05,late,1.05,1.3225,0.652489
50,0.05,late,1.05,1.325,0.652894
50,0.05,late,1.05,1.3275,0.653389
50,0.05,late,1.05,1.33,0.653964
50,0.05,late,1.05,1.3325,0.654607
50,0.05,late,1.05,1.335,0.655306
50,0.05,late,1.05,1.3375,0.656046
50,0.05,late,1.05,1.34,0.656814
50,0.05,late,1.05,1.3425,0.657596
50,0.05,late,1.05,1.345,0.658376
50,0.05,late,1.05,1.3475,0.65914
50,0.05,late,1.05,1.35,0.659874
50,0.05,late,1.05,1.3525,0.660564
50,0.05,late,1.05,1.355,0.661197
50,0.05,late,1.05,1.3575,0.661761
50,0.05,late,1.05,1.36,0.662244
50,0.05,late,1.05,1.3625,0.662637
50,0.05,late,1.05,1.365,0.662932
50,0.05,late,1.05,1.3675,0.663121
50,0.05,late,1.05,1.37,0.6632
50,0.05,late,1.05,1.3725,0.663165
50,0.05,late,1.05,1.375,0.663015
50,0.05,late,1.05,1.3775,0.66275
50,0.05,late,1.05,1.38,0.662373
50,0.05,late,1.05,1.3825,0.661889
50,0.05,late,1.05,1.385,0.661303
50,0.05,late,1.05,1.3875,0.660623
50,0.05,late,1.05,1.39,0.65986
50,0.05,late,1.05,1.3925,0.659023
50,0.05,late,1.05,1.395,0.658126
50,0.05,late,1.05,1.3975,0.657181
50,0.05,late,1.05,1.4,0.656203
50,0.05,first,5.73,0.8,0.362648
50,0.05,first,5.73,0.8025,0.362197
50,0.05,first,5.73,0.805,0.361588
50,0.05,first,5.73,0.8075,0.360824
50,0.05,first,5.73,0.81,0.35991
50,0.05,first,5.73,0.8125,0.358853
50,0.05,first,5.73,0.815,0.357661
50,0.05,first,5.73,0.8175,0.356342
50,0.05,first,5.73,0.82,0.354905
50,0.05,first,5.73,0.8225,0.353361
50,0.05,first,5.73,0.825,0.351721
50,0.05,first,5.73,0.8275,0.349997
50,0.05,first,5.73,0.83,0.348201
50,0.05,first,5.73,0.8325,0.346345
50,0.05,first,5.73,0.835,0.344443
50,0.05,first,5.73,0.8375,0.342506
50,0.05,first,5.73,0.84,0.340549
50,0.05,first,5.73,0.8425,0.338584
50,0.05,first,5.73,0.845,0.336621
50,0.05,first,5.73,0.8475,0.334674
50,0.05,first,5.73,0.85,0.332753
50,0.05,first,5.73,0.8525,0.330867
50,0.05,first,5.73,0.855,0.329026
50,0.05,first,5.73,0.8575,0.327238
50,0.05,first,5.73,0.86,0.325509
50,0.05,first,5.73,0.8625,0.323845
50,0.05,first,5.73,0.865,0.32225
50,0.05,first,5.73,0.8675,0.320727
50,0.05,first,5.73,0.87,0.319278
50,0.05,first,5.73,0.8725,0.317903
50,0.05,first,5.73,0.875,0.3166
50,0.05,first,5.73,0.8775,0.315367
50,0.05,first,5.73,0.88,0.314201
50,0.05,first,5.73,0.8825,0.313096
50,0.05,first,5.73,0.885,0.312049
50,0.05,first,5.73,0.8875,0.311051
50,0.05,first,5.73,0.89,0.310096
50,0.05,first,5.73,0.8925,0.309177
50,0.05,first,5.73,0.895,0.308285
50,0.05,first,5.73,0.8975,0.307412
50,0.05,first,5.73,0.9,0.306551
50,0.05,first,5.73,0.9025,0.305693
50,0.05,first,5.73,0.905,0.304831
50,0.05,first,5.73,0.9075,0.303958
50,0.05,first,5.73,0.91,0.303068
50,0.05,first,5.73,0.9125,0.302156
50,0.05,first,5.73,0.915,0.301217
50,0.05,first,5.73,0.9175,0.300249
50,0.05,first,5.73,0.92,0.299249
50,0.05,first,5.73,0.9225,0.298219
50,0.05,first,5.73,0.925,0.297157
50,0.05,first,5.73,0.9275,0.296068
50,0.05,first,5.73,0.93,0.294955
50,0.05,first,5.73,0.9325,0.293823
50,0.05,first,5.73,0.935,0.292681
50,0.05,first,5.73,0.9375,0.291536
50,0.05,first,5.73,0.94,0.290398
50,0.05,first,5.73,0.9425,0.289278
50,0.05,first,5.73,0.945,0.28819
50,0.05,first,5.73,0.9475,0.287146
50,0.05,first,5.73,0.95,0.286161
50,0.05,first,5.73,0.9525,0.28525
50,0.05,first,5.73,0.955,0.28443
50,0.05,first,5.73,0.9575,0.283716
50,0.05,first,5.73,0.96,0.283126
50,0.05,first,5.73,0.9625,0.282677
50,0.05,first,5.73,0.965,0.282386
50,0.05,first,5.73,0.9675,0.28227
50,0.05,first,5.73,0.97,0.282345
50,0.05,first,5.73,0.9725,0.282629
50,0.05,first,5.73,0.975,0.283136
50,0.05,first,5.73,0.9775,0.283882
50,0.05,first,5.73,0.98,0.28488
50,0.05,first,5.73,0.9825,0.286145
50,0.05,first,5.73,0.985,0.287688
50,0.05,first,5.73,0.9875,0.289519
50,0.05,first,5.73,0.99,0.291649
50,0.05,first,5.73,0.9925,0.294086
50,0.05,first,5.73,0.995,0.296836
50,0.05,first,5.73,0.9975,0.299905
50,0.05,first,5.73,1.0,0.303296
50,0.05,first,5.73,1.0025,0.307011
50,0.05,first,5.73,1.005,0.311052
50,0.05,first,5.73,1.0075,0.315417
50,0.05,first,5.73,1.01,0.320103
50,0.05,first,5.73,1.0125,0.325106
50,0.05,first,5.73,1.015,0.33042
50,0.05,first,5.73,1.0175,0.336038
50,0.05,first,5.73,1.02,0.341952
50,0.05,first,5.73,1.0225,0.348151
50,0.05,first,5.73,1.025,0.354623
50,0.05,first,5.73,1.0275,0.361357
50,0.05,first,5.73,1.03,0.368338
50,0.05,first,5.73,1.0325,0.375552
50,0.05,first,5.73,1.035,0.382983
50,0.05,first,5.73,1.0375,0.390616
50,0.05,first,5.73,1.04,0.398433
50,0.05,first,5.73,1.0425,0.406418
50,0.05,first,5.73,1.045,0.414553
50,0.05,first,5.73,1.0475,0.42282
50,0.05,first,5.73,1.05,0.431203
50,0.05,first,5.73,1.0525,0.439683
50,0.05,first,5.73,1.055,0.448244
50,0.05,first,5.73,1.0575,0.45687
50,0.05,first,5.73,1.06,0.465545
50,0.05,first,5.73,1.0625,0.474254
50,0.05,first,5.73,1.065,0.482982
50,0.05,first,5.73,1.0675,0.491717
50,0.05,first,5.73,1.07,0.500447
50,0.05,first,5.73,1.0725,0.50916
50,0.05,first,5.73,1.075,0.517846
50,0.05,first,5.73,1.0775,0.526497
50,0.05,first,5.73,1.08,0.535105
50,0.05,first,5.73,1.0825,0.543665
50,0.05,first,5.73,1.085,0.55217
50,0.05,first,5.73,1.0875,0.560617
50,0.05,first,5.73,1.09,0.569003
50,0.05,first,5.73,1.0925,0.577325
50,0.05,first,5.73,1.095,0.585584
50,0.05,first,5.73,1.0975,0.593778
50,0.05,first,5.73,1.1,0.601908
50,0.05,first,5.73,1.1025,0.609974
50,0.05,first,5.73,1.105,0.617979
50,0.05,first,5.73,1.1075,0.625924
50,0.05,first,5.73,1.11,0.63381
50,0.05,first,5.73,1.1125,0.64164
50,0.05,first,5.73,1.115,0.649416
50,0.05,first,5.73,1.1175,0.65714
50,0.05,first,5.73,1.12,0.664812
50,0.05,first,5.73,1.1225,0.672435
50,0.05,first,5.73,1.125,0.680009
50,0.05,first,5.73,1.1275,0.687533
50,0.05,first,5.73,1.13,0.695008
50,0.05,first,5.73,1.1325,0.702433
50,0.05,first,5.73,1.135,0.709807
50,0.05,first,5.73,1.1375,0.717126
50,0.05,first,5.73,1.14,0.724388
50,0.05,first,5.73,1.1425,0.73159
50,0.05,first,5.73,1.145,0.738728
50,0.05,first,5.73,1.1475,0.745797
50,0.05,first,5.73,1.15,0.752793
50,0.05,first,5.73,1.1525,0.759709
50,0.05,first,5.73,1.155,0.76654
50,0.05,first,5.73,1.1575,0.77328
50,0.05,first,5.73,1.16,0.779922
50,0.05,first,5.73,1.1625,0.786461
50,0.05,first,5.73,1.165,0.79289
50,0.05,first,5.73,1.1675,0.799203
50,0.05,first,5.73,1.17,0.805394
50,0.05,first,5.73,1.1725,0.811457
50,0.05,first,5.73,1.175,0.817386
50,0.05,first,5.73,1.1775,0.823176
50,0.05,first,5.73,1.18,0.828823
50,0.05,first,5.73,1.1825,0.834322
50,0.05,first,5.73,1.185,0.83967
50,0.05,first,5.73,1.1875,0.844864
50,0.05,first,5.73,1.19,0.849901
50,0.05,first,5.73,1.1925,0.854779
50,0.05,first,5.73,1.195,0.859497
50,0.05,first,5.73,1.1975,0.864056
50,0.05,first,5.73,1.2,0.868454
50,0.05,first,5.73,1.2025,0.872693
50,0.05,first,5.73,1.205,0.876774
50,0.05,first,5.73,1.2075,0.8807
50,0.05,first,5.73,1.21,0.884473
50,0.05,first,5.73,1.2125,0.888095
50,0.05,first,5.73,1.215,0.891572
50,0.05,first,5.73,1.2175,0.894906
50,0.05,first,5.73,1.22,0.898103
50,0.05,first,5.73,1.2225,0.901167
50,0.05,first,5.73,1.225,0.904104
50,0.05,first,5.73,1.2275,0.906919
50,0.05,first,5.73,1.23,0.909617
50,0.05,first,5.73,1.2325,0.912205
50,0.05,first,5.73,1.235,0.914689
50,0.05,first,5.73,1.2375,0.917074
50,0.05,first,5.73,1.24,0.919367
50,0.05,first,5.73,1.2425,0.921574
50,0.05,first,5.73,1.245,0.923701
50,0.05,first,5.73,1.2475,0.925753
50,0.05,first,5.73,1.25,0.927737
50,0.05,first,5.73,1.2525,0.929659
50,0.05,first,5.73,1.255,0.931522
50,0.05,first,5.73,1.2575,0.933334
50,0.05,first,5.73,1.26,0.935098
50,0.05,first,5.73,1.2625,0.936819
50,0.05,first,5.73,1.265,0.938502
50,0.05,first,5.73,1.2675,0.94015
50,0.05,first,5.73,1.27,0.941767
50,0.05,first,5.73,1.2725,0.943357
50,0.05,first,5.73,1.275,0.944923
50,0.05,first,5.73,1.2775,0.946466
50,0.05,first,5.73,1.28,0.94799
50,0.05,first,5.73,1.2825,0.949496
50,0.05,first,5.73,1.285,0.950986
50,0.05,first,5.73,1.2875,0.95246
50,0.05,first,5.73,1.29,0.953921
50,0.05,first,5.73,1.2925,0.955367
50,0.05,first,5.73,1.295,0.956801
50,0.05,first,5.73,1.2975,0.958221
50,0.05,first,5.73,1.3,0.959627
50,0.05,first,5.73,1.3025,0.961018
50,0.05,first,5.73,1.305,0.962395
50,0.05,first,5.73,1.3075,0.963756
50,0.05,first,5.73,1.31,0.965099
50,0.05,first,5.73,1.3125,0.966424
50,0.05,first,5.73,1.315,0.967729
50,0.05,first,5.73,1.3175,0.969013
50,0.05,first,5.73,1.32,0.970275
50,0.05,first,5.73,1.3225,0.971512
50,0.05,first,5.73,1.325,0.972723
50,0.05,first,5.73,1.3275,0.973907
50,0.05,first,5.73,1.33,0.975063
50,0.05,first,5.73,1.3325,0.976188
50,0.05,first,5.73,1.335,0.977283
50,0.05,first,5.73,1.3375,0.978345
50,0.05,first,5.73,1.34,0.979373
50,0.05,first,5.73,1.3425,0.980368
50,0.05,first,5.73,1.345,0.981327
50,0.05,first,5.73,1.3475,0.982251
50,0.05,first,5.73,1.35,0.983138
50,0.05,first,5.73,1.3525,0.98399
50,0.05,first,5.73,1.355,0.984805
50,0.05,first,5.73,1.3575,0.985583
50,0.05,first,5.73,1.36,0.986325
50,0.05,first,5.73,1.3625,0.987032
50,0.05,first,5.73,1.365,0.987703
50,0.05,first,5.73,1.3675,0.98834
50,0.05,first,5.73,1.37,0.988943
50,0.05,first,5.73,1.3725,0.989512
50,0.05,first,5.73,1.375,0.99005
50,0.05,first,5.73,1.3775,0.990556
50,0.05,first,5.73,1.38,0.991033
50,0.05,first,5.73,1.3825,0.991481
50,0.05,first,5.73,1.385,0.991901
50,0.05,first,5.73,1.3875,0.992295
50,0.05,first,5.73,1.39,0.992665
50,0.05,first,5.73,1.3925,0.99301
50,0.05,first,5.73,1.395,0.993334
50,0.05,first,5.73,1.3975,0.993636
50,0.05,first,5.73,1.4,0.993918
200,0.5,perfect,,0.8,0.448734
200,0.5,perfect,,0.8025,0.500249
200,0.5,perfect,,0.805,0.455842
200,0.5,perfect,,0.8075,0.509718
200,0.5,perfect,,0.81,0.465296
200,0.5,perfect,,0.8125,0.521714
200,0.5,perfect,,0.815,0.477312
200,0.5,perfect,,0.8175,0.53645
200,0.5,perfect,,0.82,0.492132
200,0.5,perfect,,0.8225,0.447728
200,0.5,perfect,,0.825,0.510017
200,0.5,perfect,,0.8275,0.465575
200,0.5,perfect,,0.83,0.531243
200,0.5,perfect,,0.8325,0.486878
200,0.5,perfect,,0.835,0.442475
200,0.5,perfect,,0.8375,0.511979
200,0.5,perfect,,0.84,0.46752
200,0.5,perfect,,0.8425,0.54121
200,0.5,perfect,,0.845,0.496923
200,0.5,perfect,,0.8475,0.452452
200,0.5,perfect,,0.85,0.531086
200,0.5,perfect,,0.8525,0.486702
200,0.5,perfect,,0.855,0.442246
200,0.5,perfect,,0.8575,0.526483
200,0.5,perfect,,0.86,0.482054
200,0.5,perfect,,0.8625,0.437598
200,0.5,perfect,,0.865,0.528329
200,0.5,perfect,,0.8675,0.483901
200,0.5,perfect,,0.87,0.439406
200,0.5,perfect,,0.8725,0.537789
200,0.5,perfect,,0.875,0.493433
200,0.5,perfect,,0.8775,0.448874
200,0.5,perfect,,0.88,0.404661
200,0.5,perfect,,0.8825,0.512219
200,0.5,perfect,,0.885,0.467649
200,0.5,perfect,,0.8875,0.423168
200,0.5,perfect,,0.89,0.542303
200,0.5,perfect,,0.8925,0.497965
200,0.5,perfect,,0.895,0.453313
200,0.5,perfect,,0.8975,0.408897
200,0.5,perfect,,0.9,0.542763
200,0.5,perfect,,0.9025,0.498399
200,0.5,perfect,,0.905,0.453678
200,0.5,perfect,,0.9075,0.409148
200,0.5,perfect,,0.91,0.562688
200,0.5,perfect,,0.9125,0.518634
200,0.5,perfect,,0.915,0.473929
200,0.5,perfect,,0.9175,0.429107
200,0.5,perfect,,0.92,0.384724
200,0.5,perfect,,0.9225,0.566975
200,0.5,perfect,,0.925,0.522961
200,0.5,perfect,,0.9275,0.478163
200,0.5,perfect,,0.93,0.433109
200,0.5,perfect,,0.9325,0.388352
200,0.5,perfect,,0.935,0.344457
200,0.5,perfect,,0.9375,0.573573
200,0.5,perfect,,0.94,0.529596
200,0.5,perfect,,0.9425,0.484609
200,0.5,perfect,,0.945,0.439123
200,0.5,perfect,,0.9475,0.393683
200,0.5,perfect,,0.95,0.348863
200,0.5,perfect,,0.9525,0.305237
200,0.5,perfect,,0.955,0.632169
200,0.5,perfect,,0.9575,0.590169
200,0.5,perfect,,0.96,0.546195
200,0.5,perfect,,0.9625,0.500605
200,0.5,perfect,,0.965,0.453826
200,0.5,perfect,,0.9675,0.40635
200,0.5,perfect,,0.97,0.358725
200,0.5,perfect,,0.9725,0.311549
200,0.5,perfect,,0.975,0.265455
200,0.5,perfect,,0.9775,0.221103
200,0.5,perfect,,0.98,0.179158
200,0.5,perfect,,0.9825,0.140279
200,0.5,perfect,,0.985,0.1051
200,0.5,perfect,,0.9875,0.074213
200,0.5,perfect,,0.99,0.048152
200,0.5,perfect,,0.9925,0.027377
200,0.5,perfect,,0.995,0.012261
200,0.5,perfect,,0.9975,0.00308
200,0.5,perfect,,1.0,0.0
200,0.5,perfect,,1.0025,1.0
200,0.5,perfect,,1.005,1.0
200,0.5,perfect,,1.0075,1.0
200,0.5,perfect,,1.01,1.0
200,0.5,perfect,,1.0125,1.0
200,0.5,perfect,,1.015,1.0
200,0.5,perfect,,1.0175,1.0
200,0.5,perfect,,1.02,1.0
200,0.5,perfect,,1.0225,1.0
200,0.5,perfect,,1.025,1.0
200,0.5,perfect,,1.0275,1.0
200,0.5,perfect,,1.03,1.0
200,0.5,perfect,,1.0325,1.0
200,0.5,perfect,,1.035,1.0
200,0.5,perfect,,1.0375,1.0
200,0.5,perfect,,1.04,1.0
200,0.5,perfect,,1.0425,1.0
200,0.5,perfect,,1.045,1.0
200,0.5,perfect,,1.0475,1.0
200,0.5,perfect,,1.05,1.0
200,0.5,perfect,,1.0525,1.0
200,0.5,perfect,,1.055,1.0
200,0.5,perfect,,1.0575,1.0
200,0.5,perfect,,1.06,1.0
200,0.5,perfect,,1.0625,1.0
200,0.5,perfect,,1.065,1.0
200,0.5,perfect,,1.0675,1.0
200,0.5,perfect,,1.07,1.0
200,0.5,perfect,,1.0725,1.0
200,0.5,perfect,,1.075,1.0
200,0.5,perfect,,1.0775,1.0
200,0.5,perfect,,1.08,1.0
200,0.5,perfect,,1.0825,1.0
200,0.5,perfect,,1.085,1.0
200,0.5,perfect,,1.0875,1.0
200,0.5,perfect,,1.09,1.0
200,0.5,perfect,,1.0925,1.0
200,0.5,perfect,,1.095,1.0
200,0.5,perfect,,1.0975,1.0
200,0.5,perfect,,1.1,1.0
200,0.5,perfect,,1.1025,1.0
200,0.5,perfect,,1.105,1.0
200,0.5,perfect,,1.1075,1.0
200,0.5,perfect,,1.11,1.0
200,0.5,perfect,,1.1125,1.0
200,0.5,perfect,,1.115,1.0
200,0.5,perfect,,1.1175,1.0
200,0.5,perfect,,1.12,1.0
200,0.5,perfect,,1.1225,1.0
200,0.5,perfect,,1.125,1.0
200,0.5,perfect,,1.1275,1.0
200,0.5,perfect,,1.13,1.0
200,0.5,perfect,,1.1325,1.0
200,0.5,perfect,,1.135,1.0
200,0.5,perfect,,1.1375,1.0
200,0.5,perfect,,1.14,1.0
200,0.5,perfect,,1.1425,1.0
200,0.5,perfect,,1.145,1.0
200,0.5,perfect,,1.1475,1.0
200,0.5,perfect,,1.15,1.0
200,0.5,perfect,,1.1525,1.0
200,0.5,perfect,,1.155,1.0
200,0.5,perfect,,1.1575,1.0
200,0.5,perfect,,1.16,1.0
200,0.5,perfect,,1.1625,1.0
200,0.5,perfect,,1.165,1.0
200,0.5,perfect,,1.1675,1.0
200,0.5,perfect,,1.17,1.0
200,0.5,perfect,,1.1725,1.0
200,0.5,perfect,,1.175,1.0
200,0.5,perfect,,1.1775,1.0
200,0.5,perfect,,1.18,1.0
200,0.5,perfect,,1.1825,1.0
200,0.5,perfect,,1.185,1.0
200,0.5,perfect,,1.1875,1.0
200,0.5,perfect,,1.19,1.0
200,0.5,perfect,,1.1925,1.0
200,0.5,perfect,,1.195,1.0
200,0.5,perfect,,1.1975,1.0
200,0.5,perfect,,1.2,1.0
200,0.5,perfect,,1.2025,1.0
200,0.5,perfect,,1.205,1.0
200,0.5,perfect,,1.2075,1.0
200,0.5,perfect,,1.21,1.0
200,0.5,perfect,,1.2125,1.0
200,0.5,perfect,,1.215,1.0
200,0.5,perfect,,1.2175,1.0
200,0.5,perfect,,1.22,1.0
200,0.5,perfect,,1.2225,1.0
200,0.5,perfect,,1.225,1.0
200,0.5,perfect,,1.2275,1.0
200,0.5,perfect,,1.23,1.0
200,0.5,perfect,,1.2325,1.0
200,0.5,perfect,,1.235,1.0
200,0.5,perfect,,1.2375,1.0
200,0.5,perfect,,1.24,1.0
200,0.5,perfect,,1.2425,1.0
200,0.5,perfect,,1.245,1.0
200,0.5,perfect,,1.2475,1.0
200,0.5,perfect,,1.25,1.0
200,0.5,perfect,,1.2525,1.0
200,0.5,perfect,,1.255,1.0
200,0.5,perfect,,1.2575,1.0
200,0.5,perfect,,1.26,1.0
200,0.5,perfect,,1.2625,1.0
200,0.5,perfect,,1.265,1.0
200,0.5,perfect,,1.2675,1.0
200,0.5,perfect,,1.27,1.0
200,0.5,perfect,,1.2725,1.0
200,0.5,perfect,,1.275,1.0
200,0.5,perfect,,1.2775,1.0
200,0.5,perfect,,1.28,1.0
200,0.5,perfect,,1.2825,1.0
200,0.5,perfect,,1.285,1.0
200,0.5,perfect,,1.2875,1.0
200,0.5,perfect,,1.29,1.0
200,0.5,perfect,,1.2925,1.0
200,0.5,perfect,,1.295,1.0
200,0.5,perfect,,1.2975,1.0
200,0.5,perfect,,1.3,1.0
200,0.5,perfect,,1.3025,1.0
200,0.5,perfect,,1.305,1.0
200,0.5,perfect,,1.3075,1.0
200,0.5,perfect,,1.31,1.0
200,0.5,perfect,,1.3125,1.0
200,0.5,perfect,,1.315,1.0
200,0.5,perfect,,1.3175,1.0
200,0.5,perfect,,1.32,1.0
200,0.5,perfect,,1.3225,1.0
200,0.5,perfect,,1.325,1.0
200,0.5,perfect,,1.3275,1.0
200,0.5,perfect,,1.33,1.0
200,0.5,perfect,,1.3325,1.0
200,0.5,perfect,,1.335,1.0
200,0.5,perfect,,1.3375,1.0
200,0.5,perfect,,1.34,1.0
200,0.5,perfect,,1.3425,1.0
200,0.5,perfect,,1.345,1.0
200,0.5,perfect,,1.3475,1.0
200,0.5,perfect,,1.35,1.0
200,0.5,perfect,,1.3525,1.0
200,0.5,perfect,,1.355,1.0
200,0.5,perfect,,1.3575,1.0
200,0.5,perfect,,1.36,1.0
200,0.5,perfect,,1.3625,1.0
200,0.5,perfect,,1.365,1.0
200,0.5,perfect,,1.3675,1.0
200,0.5,perfect,,1.37,1.0
200,0.5,perfect,,1.3725,1.0
200,0.5,perfect,,1.375,1.0
200,0.5,perfect,,1.3775,1.0
200,0.5,perfect,,1.38,1.0
200,0.5,perfect,,1.3825,1.0
200,0.5,perfect,,1.385,1.0
200,0.5,perfect,,1.3875,1.0
200,0.5,perfect,,1.39,1.0
200,0.5,perfect,,1.3925,1.0
200,0.5,perfect,,1.395,1.0
200,0.5,perfect,,1.3975,1.0
200,0.5,perfect,,1.4,1.0
200,0.5,late,1.05,0.8,0.494877
200,0.5,late,1.05,0.8025,0.495372
200,0.5,late,1.05,0.805,0.495889
200,0.5,late,1.05,0.8075,0.496357
200,0.5,late,1.05,0.81,0.49671
200,0.5,late,1.05,0.8125,0.496901
200,0.5,late,1.05,0.815,0.496899
200,0.5,late,1.05,0.8175,0.496698
200,0.5,late,1.05,0.82,0.496314
200,0.5,late,1.05,0.8225,0.495784
200,0.5,late,1.05,0.825,0.495164
200,0.5,late,1.05,0.8275,0.49452
200,0.5,late,1.05,0.83,0.493922
200,0.5,late,1.05,0.8325,0.493436
200,0.5,late,1.05,0.835,0.493112
200,0.5,late,1.05,0.8375,0.492986
200,0.5,late,1.05,0.84,0.493067
200,0.5,late,1.05,0.8425,0.493344
200,0.5,late,1.05,0.845,0.493781
200,0.5,late,1.05,0.8475,0.494327
200,0.5,late,1.05,0.85,0.494921
200,0.5,late,1.05,0.8525,0.495502
200,0.5,late,1.05,0.855,0.496016
200,0.5,late,1.05,0.8575,0.496423
200,0.5,late,1.05,0.86,0.496706
200,0.5,late,1.05,0.8625,0.496867
200,0.5,late,1.05,0.865,0.496932
200,0.5,late,1.05,0.8675,0.496942
200,0.5,late,1.05,0.87,0.496949
200,0.5,late,1.05,0.8725,0.497006
200,0.5,late,1.05,0.875,0.497157
200,0.5,late,1.05,0.8775,0.49743
200,0.5,late,1.05,0.88,0.497833
200,0.5,late,1.05,0.8825,0.498349
200,0.5,late,1.05,0.885,0.498941
200,0.5,late,1.05,0.8875,0.49955
200,0.5,late,1.05,0.89,0.500112
200,0.5,late,1.05,0.8925,0.500558
200,0.5,late,1.05,0.895,0.500826
200,0.5,late,1.05,0.8975,0.500873
200,0.5,late,1.05,0.9,0.500672
200,0.5,late,1.05,0.9025,0.500222
200,0.5,late,1.05,0.905,0.499543
200,0.5,late,1.05,0.9075,0.498675
200,0.5,late,1.05,0.91,0.497671
200,0.5,late,1.05,0.9125,0.496594
200,0.5,late,1.05,0.915,0.495508
200,0.5,late,1.05,0.9175,0.494479
200,0.5,late,1.05,0.92,0.493564
200,0.5,late,1.05,0.9225,0.492817
200,0.5,late,1.05,0.925,0.492275
200,0.5,late,1.05,0.9275,0.491965
200,0.5,late,1.05,0.93,0.491894
200,0.5,late,1.05,0.9325,0.492042
200,0.5,late,1.05,0.935,0.492358
200,0.5,late,1.05,0.9375,0.492755
200,0.5,late,1.05,0.94,0.493106
200,0.5,late,1.05,0.9425,0.493243
200,0.5,late,1.05,0.945,0.492973
200,0.5,late,1.05,0.9475,0.492085
200,0.5,late,1.05,0.95,0.490381
200,0.5,late,1.05,0.9525,0.487702
200,0.5,late,1.05,0.955,0.48396
200,0.5,late,1.05,0.9575,0.479174
200,0.5,late,1.05,0.96,0.473497
200,0.5,late,1.05,0.9625,0.467233
200,0.5,late,1.05,0.965,0.460847
200,0.5,late,1.05,0.9675,0.454951
200,0.5,late,1.05,0.97,0.450281
200,0.5,late,1.05,0.9725,0.447654
200,0.5,late,1.05,0.975,0.447909
200,0.5,late,1.05,0.9775,0.451847
200,0.5,late,1.05,0.98,0.460156
200,0.5,late,1.05,0.9825,0.473353
200,0.5,late,1.05,0.985,0.491724
200,0.5,late,1.05,0.9875,0.515289
200,0.5,late,1.05,0.99,0.543781
200,0.5,late,1.05,0.9925,0.576657
200,0.5,late,1.05,0.995,0.613123
200,0.5,late,1.05,0.9975,0.652186
200,0.5,late,1.05,1.0,0.692721
200,0.5,late,1.05,1.0025,0.733547
200,0.5,late,1.05,1.005,0.773506
200,0.5,late,1.05,1.0075,0.811539
200,0.5,late,1.05,1.01,0.846748
200,0.5,late,1.05,1.0125,0.878439
200,0.5,late,1.05,1.015,0.906157
200,0.5,late,1.05,1.0175,0.929684
200,0.5,late,1.05,1.02,0.949032
200,0.5,late,1.05,1.0225,0.964412
200,0.5,late,1.05,1.025,0.976191
200,0.5,late,1.05,1.0275,0.984846
200,0.5,late,1.05,1.03,0.99091
200,0.5,late,1.05,1.0325,0.99493
200,0.5,late,1.05,1.035,0.997421
200,0.5,late,1.05,1.0375,0.99884
200,0.5,late,1.05,1.04,0.999561
200,0.5,late,1.05,1.0425,0.999873
200,0.5,late,1.05,1.045,0.999977
200,0.5,late,1.05,1.0475,0.999999
200,0.5,late,1.05,1.05,1.0
200,0.5,late,1.05,1.0525,0.999999
200,0.5,late,1.05,1.055,0.999986
200,0.5,late,1.05,1.0575,0.999939
200,0.5,late,1.05,1.06,0.999837
200,0.5,late,1.05,1.0625,0.999663
200,0.5,late,1.05,1.065,0.999415
200,0.5,late,1.05,1.0675,0.999102
200,0.5,late,1.05,1.07,0.998743
200,0.5,late,1.05,1.0725,0.998364
200,0.5,late,1.05,1.075,0.997992
200,0.5,late,1.05,1.0775,0.997655
200,0.5,late,1.05,1.08,0.997375
200,0.5,late,1.05,1.0825,0.997166
200,0.5,late,1.05,1.085,0.997037
200,0.5,late,1.05,1.0875,0.996986
200,0.5,late,1.05,1.09,0.997007
200,0.5,late,1.05,1.0925,0.997089
200,0.5,late,1.05,1.095,0.997216
200,0.5,late,1.05,1.0975,0.997373
200,0.5,late,1.05,1.1,0.997545
200,0.5,late,1.05,1.1025,0.997719
200,0.5,late,1.05,1.105,0.997883
200,0.5,late,1.05,1.1075,0.998033
200,0.5,late,1.05,1.11,0.998162
200,0.5,late,1.05,1.1125,0.99827
200,0.5,late,1.05,1.115,0.998358
200,0.5,late,1.05,1.1175,0.998428
200,0.5,late,1.05,1.12,0.998482
200,0.5,late,1.05,1.1225,0.998525
200,0.5,late,1.05,1.125,0.99856
200,0.5,late,1.05,1.1275,0.998589
200,0.5,late,1.05,1.13,0.998614
200,0.5,late,1.05,1.1325,0.998637
200,0.5,late,1.05,1.135,0.99866
200,0.5,late,1.05,1.1375,0.998682
200,0.5,late,1.05,1.14,0.998704
200,0.5,late,1.05,1.1425,0.998725
200,0.5,late,1.05,1.145,0.998746
200,0.5,late,1.05,1.1475,0.998766
200,0.5,late,1.05,1.15,0.998784
200,0.5,late,1.05,1.1525,0.998799
200,0.5,late,1.05,1.155,0.998812
200,0.5,late,1.05,1.1575,0.998823
200,0.5,late,1.05,1.16,0.99883
200,0.5,late,1.05,1.1625,0.998835
200,0.5,late,1.05,1.165,0.998837
200,0.5,late,1.05,1.1675,0.998837
200,0.5,late,1.05,1.17,0.998837
200,0.5,late,1.05,1.1725,0.998836
200,0.5,late,1.05,1.175,0.998835
200,0.5,late,1.05,1.1775,0.998834
200,0.5,late,1.05,1.18,0.998835
200,0.5,late,1.05,1.1825,0.998836
200,0.5,late,1.05,1.185,0.998839
200,0.5,late,1.05,1.1875,0.998841
200,0.5,late,1.05,1.19,0.998843
200,0.5,late,1.05,1.1925,0.998845
200,0.5,late,1.05,1.195,0.998845
200,0.5,late,1.05,1.1975,0.998845
200,0.5,late,1.05,1.2,0.998843
200,0.5,late,1.05,1.2025,0.99884
200,0.5,late,1.05,1.205,0.998836
200,0.5,late,1.05,1.2075,0.998833
200,0.5,late,1.05,1.21,0.99883
200,0.5,late,1.05,1.2125,0.998828
200,0.5,late,1.05,1.215,0.998828
200,0.5,late,1.05,1.2175,0.99883
200,0.5,late,1.05,1.22,0.998833
200,0.5,late,1.05,1.2225,0.998838
200,0.5,late,1.05,1.225,0.998845
200,0.5,late,1.05,1.2275,0.998852
200,0.5,late,1.05,1.23,0.998859
200,0.5,late,1.05,1.2325,0.998866
200,0.5,late,1.05,1.235,0.998871
200,0.5,late,1.05,1.2375,0.998874
200,0.5,late,1.05,1.24,0.998876
200,0.5,late,1.05,1.2425,0.998876
200,0.5,late,1.05,1.245,0.998874
200,0.5,late,1.05,1.2475,0.998871
200,0.5,late,1.05,1.25,0.998867
200,0.5,late,1.05,1.2525,0.998863
200,0.5,late,1.05,1.255,0.99886
200,0.5,late,1.05,1.2575,0.998859
200,0.5,late,1.05,1.26,0.998859
200,0.5,late,1.05,1.2625,0.998862
200,0.5,late,1.05,1.265,0.998867
200,0.5,late,1.05,1.2675,0.998875
200,0.5,late,1.05,1.27,0.998885
200,0.5,late,1.05,1.2725,0.998896
200,0.5,late,1.05,1.275,0.998908
200,0.5,late,1.05,1.2775,0.998921
200,0.5,late,1.05,1.28,0.998934
200,0.5,late,1.05,1.2825,0.998945
200,0.5,late,1.05,1.285,0.998955
200,0.5,late,1.05,1.2875,0.998962
200,0.5,late,1.05,1.29,0.998967
200,0.5,late,1.05,1.2925,0.99897
200,0.5,late,1.05,1.295,0.998971
200,0.5,late,1.05,1.2975,0.998969
200,0.5,late,1.05,1.3,0.998965
200,0.5,late,1.05,1.3025,0.998959
200,0.5,late,1.05,1.305,0.998952
200,0.5,late,1.05,1.3075,0.998944
200,0.5,late,1.05,1.31,0.998935
200,0.5,late,1.05,1.3125,0.998925
200,0.5,late,1.05,1.315,0.998916
200,0.5,late,1.05,1.3175,0.998906
200,0.5,late,1.05,1.32,0.998896
200,0.5,late,1.05,1.3225,0.998886
200,0.5,late,1.05,1.325,0.998877
200,0.5,late,1.05,1.3275,0.998867
200,0.5,late,1.05,1.33,0.998859
200,0.5,late,1.05,1.3325,0.99885
200,0.5,late,1.05,1.335,0.998842
200,0.5,late,1.05,1.3375,0.998835
200,0.5,late,1.05,1.34,0.998827
200,0.5,late,1.05,1.3425,0.998821
200,0.5,late,1.05,1.345,0.998814
200,0.5,late,1.05,1.3475,0.998808
200,0.5,late,1.05,1.35,0.998803
200,0.5,late,1.05,1.3525,0.998798
200,0.5,late,1.05,1.355,0.998793
200,0.5,late,1.05,1.3575,0.998789
200,0.5,late,1.05,1.36,0.998785
200,0.5,late,1.05,1.3625,0.998782
200,0.5,late,1.05,1.365,0.998779
200,0.5,late,1.05,1.3675,0.998776
200,0.5,late,1.05,1.37,0.998774
200,0.5,late,1.05,1.3725,0.998772
200,0.5,late,1.05,1.375,0.998771
200,0.5,late,1.05,1.3775,0.99877
200,0.5,late,1.05,1.38,0.998769
200,0.5,late,1.05,1.3825,0.998768
200,0.5,late,1.05,1.385,0.998768
200,0.5,late,1.05,1.3875,0.998769
200,0.5,late,1.05,1.39,0.99877
200,0.5,late,1.05,1.3925,0.998771
200,0.5,late,1.05,1.395,0.998772
200,0.5,late,1.05,1.3975,0.998774
200,0.5,late,1.05,1.4,0.998776
200,0.5,first,5.73,0.8,0.477099
200,0.5,first,5.73,0.8025,0.476358
200,0.5,first,5.73,0.805,0.475625
200,0.5,first,5.73,0.8075,0.474904
200,0.5,first,5.73,0.81,0.474199
200,0.5,first,5.73,0.8125,0.473513
200,0.5,first,5.73,0.815,0.472849
200,0.5,first,5.73,0.8175,0.47221
200,0.5,first,5.73,0.82,0.471601
200,0.5,first,5.73,0.8225,0.471029
200,0.5,first,5.73,0.825,0.470498
200,0.5,first,5.73,0.8275,0.470016
200,0.5,first,5.73,0.83,0.469588
200,0.5,first,5.73,0.8325,0.469217
200,0.5,first,5.73,0.835,0.468908
200,0.5,first,5.73,0.8375,0.468659
200,0.5,first,5.73,0.84,0.468469
200,0.5,first,5.73,0.8425,0.468335
200,0.5,first,5.73,0.845,0.468252
200,0.5,first,5.73,0.8475,0.468217
200,0.5,first,5.73,0.85,0.468224
200,0.5,first,5.73,0.8525,0.468272
200,0.5,first,5.73,0.855,0.46836
200,0.5,first,5.73,0.8575,0.46849
200,0.5,first,5.73,0.86,0.468665
200,0.5,first,5.73,0.8625,0.468892
200,0.5,first,5.73,0.865,0.469178
200,0.5,first,5.73,0.8675,0.469528
200,0.5,first,5.73,0.87,0.469947
200,0.5,first,5.73,0.8725,0.470439
200,0.5,first,5.73,0.875,0.471001
200,0.5,first,5.73,0.8775,0.471629
200,0.5,first,5.73,0.88,0.472311
200,0.5,first,5.73,0.8825,0.473034
200,0.5,first,5.73,0.885,0.473779
200,0.5,first,5.73,0.8875,0.474525
200,0.5,first,5.73,0.89,0.475251
200,0.5,first,5.73,0.8925,0.475937
200,0.5,first,5.73,0.895,0.476561
200,0.5,first,5.73,0.8975,0.47711
200,0.5,first,5.73,0.9,0.47757
200,0.5,first,5.73,0.9025,0.477934
200,0.5,first,5.73,0.905,0.4782
200,0.5,first,5.73,0.9075,0.478368
200,0.5,first,5.73,0.91,0.478442
200,0.5,first,5.73,0.9125,0.478427
200,0.5,first,5.73,0.915,0.478326
200,0.5,first,5.73,0.9175,0.478144
200,0.5,first,5.73,0.92,0.477881
200,0.5,first,5.73,0.9225,0.477533
200,0.5,first,5.73,0.925,0.477094
200,0.5,first,5.73,0.9275,0.476553
200,0.5,first,5.73,0.93,0.475899
200,0.5,first,5.73,0.9325,0.475117
200,0.5,first,5.73,0.935,0.474196
200,0.5,first,5.73,0.9375,0.473127
200,0.5,first,5.73,0.94,0.471907
200,0.5,first,5.73,0.9425,0.470541
200,0.5,first,5.73,0.945,0.469041
200,0.5,first,5.73,0.9475,0.467432
200,0.5,first,5.73,0.95,0.465747
200,0.5,first,5.73,0.9525,0.464032
200,0.5,first,5.73,0.955,0.462339
200,0.5,first,5.73,0.9575,0.46073
200,0.5,first,5.73,0.96,0.459272
200,0.5,first,5.73,0.9625,0.458036
200,0.5,first,5.73,0.965,0.457092
200,0.5,first,5.73,0.9675,0.456508
200,0.5,first,5.73,0.97,0.45635
200,0.5,first,5.73,0.9725,0.456677
200,0.5,first,5.73,0.975,0.45754
200,0.5,first,5.73,0.9775,0.458983
200,0.5,first,5.73,0.98,0.461041
200,0.5,first,5.73,0.9825,0.46374
200,0.5,first,5.73,0.985,0.467101
200,0.5,first,5.73,0.9875,0.471134
200,0.5,first,5.73,0.99,0.475848
200,0.5,first,5.73,0.9925,0.481244
200,0.5,first,5.73,0.995,0.48732
200,0.5,first,5.73,0.9975,0.494072
200,0.5,first,5.73,1.0,0.501493
200,0.5,first,5.73,1.0025,0.509575
200,0.5,first,5.73,1.005,0.518307
200,0.5,first,5.73,1.0075,0.527674
200,0.5,first,5.73,1.01,0.537661
200,0.5,first,5.73,1.0125,0.548246
200,0.5,first,5.73,1.015,0.559404
200,0.5,first,5.73,1.0175,0.571104
200,0.5,first,5.73,1.02,0.583305
200,0.5,first,5.73,1.0225,0.595965
200,0.5,first,5.73,1.025,0.609028
200,0.5,first,5.73,1.0275,0.622436
200,0.5,first,5.73,1.03,0.636123
200,0.5,first,5.73,1.0325,0.650015
200,0.5,first,5.73,1.035,0.664037
200,0.5,first,5.73,1.0375,0.678112
200,0.5,first,5.73,1.04,0.692161
200,0.5,first,5.73,1.0425,0.706107
200,0.5,first,5.73,1.045,0.719879
200,0.5,first,5.73,1.0475,0.73341
200,0.5,first,5.73,1.05,0.746641
200,0.5,first,5.73,1.0525,0.759523
200,0.5,first,5.73,1.055,0.772013
200,0.5,first,5.73,1.0575,0.784081
200,0.5,first,5.73,1.06,0.795705
200,0.5,first,5.73,1.0625,0.806872
200,0.5,first,5.73,1.065,0.817577
200,0.5,first,5.73,1.0675,0.827821
200,0.5,first,5.73,1.07,0.837609
200,0.5,first,5.73,1.0725,0.846952
200,0.5,first,5.73,1.075,0.855861
200,0.5,first,5.73,1.0775,0.86435
200,0.5,first,5.73,1.08,0.872433
200,0.5,first,5.73,1.0825,0.880123
200,0.5,first,5.73,1.085,0.887432
200,0.5,first,5.73,1.0875,0.894374
200,0.5,first,5.73,1.09,0.900959
200,0.5,first,5.73,1.0925,0.907199
200,0.5,first,5.73,1.095,0.913104
200,0.5,first,5.73,1.0975,0.918686
200,0.5,first,5.73,1.1,0.923957
200,0.5,first,5.73,1.1025,0.928928
200,0.5,first,5.73,1.105,0.933612
200,0.5,first,5.73,1.1075,0.938024
200,0.5,first,5.73,1.11,0.942176
200,0.5,first,5.73,1.1125,0.946084
200,0.5,first,5.73,1.115,0.949762
200,0.5,first,5.73,1.1175,0.953222
200,0.5,first,5.73,1.12,0.95648
200,0.5,first,5.73,1.1225,0.959545
200,0.5,first,5.73,1.125,0.962432
200,0.5,first,5.73,1.1275,0.965148
200,0.5,first,5.73,1.13,0.967704
200,0.5,first,5.73,1.1325,0.970107
200,0.5,first,5.73,1.135,0.972365
200,0.5,first,5.73,1.1375,0.974484
200,0.5,first,5.73,1.14,0.97647
200,0.5,first,5.73,1.1425,0.978329
200,0.5,first,5.73,1.145,0.980066
200,0.5,first,5.73,1.1475,0.981687
200,0.5,first,5.73,1.15,0.983197
200,0.5,first,5.73,1.1525,0.984601
200,0.5,first,5.73,1.155,0.985904
200,0.5,first,5.73,1.1575,0.987113
200,0.5,first,5.73,1.16,0.988232
200,0.5,first,5.73,1.1625,0.989267
200,0.5,first,5.73,1.165,0.990222
200,0.5,first,5.73,1.1675,0.991104
200,0.5,first,5.73,1.17,0.991917
200,0.5,first,5.73,1.1725,0.992665
200,0.5,first,5.73,1.175,0.993352
200,0.5,first,5.73,1.1775,0.993983
200,0.5,first,5.73,1.18,0.994562
200,0.5,first,5.73,1.1825,0.995091
200,0.5,first,5.73,1.185,0.995575
200,0.5,first,5.73,1.1875,0.996016
200,0.5,first,5.73,1.19,0.996417
200,0.5,first,5.73,1.1925,0.996782
200,0.5,first,5.73,1.195,0.997114
200,0.5,first,5.73,1.1975,0.997414
200,0.5,first,5.73,1.2,0.997686
200,0.5,first,5.73,1.2025,0.997932
200,0.5,first,5.73,1.205,0.998153
200,0.5,first,5.73,1.2075,0.998353
200,0.5,first,5.73,1.21,0.998532
200,0.5,first,5.73,1.2125,0.998694
200,0.5,first,5.73,1.215,0.998838
200,0.5,first,5.73,1.2175,0.998968
200,0.5,first,5.73,1.22,0.999084
200,0.5,first,5.73,1.2225,0.999187
200,0.5,first,5.73,1.225,0.999279
200,0.5,first,5.73,1.2275,0.999361
200,0.5,first,5.73,1.23,0.999434
200,0.5,first,5.73,1.2325,0.999499
200,0.5,first,5.73,1.235,0.999556
200,0.5,first,5.73,1.2375,0.999607
200,0.5,first,5.73,1.24,0.999652
200,0.5,first,5.73,1.2425,0.999692
200,0.5,first,5.73,1.245,0.999728
200,0.5,first,5.73,1.2475,0.999759
200,0.5,first,5.73,1.25,0.999787
200,0.5,first,5.73,1.2525,0.999812
200,0.5,first,5.73,1.255,0.999834
200,0.5,first,5.73,1.2575,0.999854
200,0.5,first,5.73,1.26,0.999871
200,0.5,first,5.73,1.2625,0.999887
200,0.5,first,5.73,1.265,0.9999
200,0.5,first,5.73,1.2675,0.999913
200,0.5,first,5.73,1.27,0.999923
200,0.5,first,5.73,1.2725,0.999933
200,0.5,first,5.73,1.275,0.999941
200,0.5,first,5.73,1.2775,0.999949
200,0.5,first,5.73,1.28,0.999955
200,0.5,first,5.73,1.2825,0.999961
200,0.5,first,5.73,1.285,0.999966
200,0.5,first,5.73,1.2875,0.99997
200,0.5,first,5.73,1.29,0.999974
200,0.5,first,5.73,1.2925,0.999977
200,0.5,first,5.73,1.295,0.99998
200,0.5,first,5.73,1.2975,0.999983
200,0.5,first,5.73,1.3,0.999985
200,0.5,first,5.73,1.3025,0.999987
200,0.5,first,5.73,1.305,0.999989
200,0.5,first,5.73,1.3075,0.99999
200,0.5,first,5.73,1.31,0.999991
200,0.5,first,5.73,1.3125,0.999993
200,0.5,first,5.73,1.315,0.999994
200,0.5,first,5.73,1.3175,0.999994
200,0.5,first,5.73,1.32,0.999995
200,0.5,first,5.73,1.3225,0.999996
200,0.5,first,5.73,1.325,0.999996
200,0.5,first,5.73,1.3275,0.999997
200,0.5,first,5.73,1.33,0.999997
200,0.5,first,5.73,1.3325,0.999998
200,0.5,first,5.73,1.335,0.999998
200,0.5,first,5.73,1.3375,0.999998
200,0.5,first,5.73,1.34,0.999999
200,0.5,first,5.73,1.3425,0.999999
200,0.5,first,5.73,1.345,0.999999
200,0.5,first,5.73,1.3475,0.999999
200,0.5,first,5.73,1.35,0.999999
200,0.5,first,5.73,1.3525,0.999999
200,0.5,first,5.73,1.355,0.999999
200,0.5,first,5.73,1.3575,1.0
200,0.5,first,5.73,1.36,1.0
200,0.5,first,5.73,1.3625,1.0
200,0.5,first,5.73,1.365,1.0
200,0.5,first,5.73,1.3675,1.0
200,0.5,first,5.73,1.37,1.0
200,0.5,first,5.73,1.3725,1.0
200,0.5,first,5.73,1.375,1.0
200,0.5,first,5.73,1.3775,1.0
200,0.5,first,5.73,1.38,1.0
200,0.5,first,5.73,1.3825,1.0
200,0.5,first,5.73,1.385,1.0
200,0.5,first,5.73,1.3875,1.0
200,0.5,first,5.73,1.39,1.0
200,0.5,first,5.73,1.3925,1.0
200,0.5,first,5.73,1.395,1.0
200,0.5,first,5.73,1.3975,1.0
200,0.5,first,5.73,1.4,1.0
200,0.05,perfect,,0.8,0.042488
200,0.05,perfect,,0.8025,0.05261
200,0.05,perfect,,0.805,0.041167
200,0.05,perfect,,0.8075,0.051444
200,0.05,perfect,,0.81,0.040189
200,0.05,perfect,,0.8125,0.050699
200,0.05,perfect,,0.815,0.039557
200,0.05,perfect,,0.8175,0.050389
200,0.05,perfect,,0.82,0.039283
200,0.05,perfect,,0.8225,0.050541
200,0.05,perfect,,0.825,0.039387
200,0.05,perfect,,0.8275,0.051196
200,0.05,perfect,,0.83,0.039904
200,0.05,perfect,,0.8325,0.052413
200,0.05,perfect,,0.835,0.04088
200,0.05,perfect,,0.8375,0.031453
200,0.05,perfect,,0.84,0.042385
200,0.05,perfect,,0.8425,0.032651
200,0.05,perfect,,0.845,0.044512
200,0.05,perfect,,0.8475,0.034355
200,0.05,perfect,,0.85,0.047388
200,0.05,perfect,,0.8525,0.036673
200,0.05,perfect,,0.855,0.051188
200,0.05,perfect,,0.8575,0.039753
200,0.05,perfect,,0.86,0.030433
200,0.05,perfect,,0.8625,0.043799
200,0.05,perfect,,0.865,0.033679
200,0.05,perfect,,0.8675,0.049096
200,0.05,perfect,,0.87,0.037958
200,0.05,perfect,,0.8725,0.028915
200,0.05,perfect,,0.875,0.043614
200,0.05,perfect,,0.8775,0.033444
200,0.05,perfect,,0.88,0.051138
200,0.05,perfect,,0.8825,0.039528
200,0.05,perfect,,0.885,0.03009
200,0.05,perfect,,0.8875,0.047787
200,0.05,perfect,,0.89,0.036727
200,0.05,perfect,,0.8925,0.027785
200,0.05,perfect,,0.895,0.045974
200,0.05,perfect,,0.8975,0.03518
200,0.05,perfect,,0.9,0.026485
200,0.05,perfect,,0.9025,0.045817
200,0.05,perfect,,0.905,0.034968
200,0.05,perfect,,0.9075,0.026242
200,0.05,perfect,,0.91,0.047642
200,0.05,perfect,,0.9125,0.036346
200,0.05,perfect,,0.915,0.027248
200,0.05,perfect,,0.9175,0.052127
200,0.05,perfect,,0.92,0.039863
200,0.05,perfect,,0.9225,0.02994
200,0.05,perfect,,0.925,0.022065
200,0.05,perfect,,0.9275,0.046637
200,0.05,perfect,,0.93,0.035225
200,0.05,perfect,,0.9325,0.026088
200,0.05,perfect,,0.935,0.018922
200,0.05,perfect,,0.9375,0.045012
200,0.05,perfect,,0.94,0.033676
200,0.05,perfect,,0.9425,0.024654
200,0.05,perfect,,0.945,0.017634
200,0.05,perfect,,0.9475,0.048403
200,0.05,perfect,,0.95,0.03604
200,0.05,perfect,,0.9525,0.026192
200,0.05,perfect,,0.955,0.018538
200,0.05,perfect,,0.9575,0.012745
200,0.05,perfect,,0.96,0.045449
200,0.05,perfect,,0.9625,0.033041
200,0.05,perfect,,0.965,0.023292
200,0.05,perfect,,0.9675,0.015858
200,0.05,perfect,,0.97,0.010374
200,0.05,perfect,,0.9725,0.006482
200,0.05,perfect,,0.975,0.03867
200,0.05,perfect,,0.9775,0.026353
200,0.05,perfect,,0.98,0.017024
200,0.05,perfect,,0.9825,0.010285
200,0.05,perfect,,0.985,0.0057
200,0.05,perfect,,0.9875,0.002811
200,0.05,perfect,,0.99,0.001173
200,0.05,perfect,,0.9925,0.027377
200,0.05,perfect,,0.995,0.012261
200,0.05,perfect,,0.9975,0.00308
200,0.05,perfect,,1.0,0.0
200,0.05,perfect,,1.0025,0.00308
200,0.05,perfect,,1.005,0.012261
200,0.05,perfect,,1.0075,0.027377
200,0.05,perfect,,1.01,0.048152
200,0.05,perfect,,1.0125,0.074213
200,0.05,perfect,,1.015,0.1051
200,0.05,perfect,,1.0175,0.140279
200,0.05,perfect,,1.02,0.179158
200,0.05,perfect,,1.0225,0.221103
200,0.05,perfect,,1.025,0.265455
200,0.05,perfect,,1.0275,0.311549
200,0.05,perfect,,1.03,0.358725
200,0.05,perfect,,1.0325,0.40635
200,0.05,perfect,,1.035,0.453826
200,0.05,perfect,,1.0375,1.0
200,0.05,perfect,,1.04,1.0
200,0.05,perfect,,1.0425,1.0
200,0.05,perfect,,1.045,1.0
200,0.05,perfect,,1.0475,1.0
200,0.05,perfect,,1.05,1.0
200,0.05,perfect,,1.0525,1.0
200,0.05,perfect,,1.055,1.0
200,0.05,perfect,,1.0575,1.0
200,0.05,perfect,,1.06,1.0
200,0.05,perfect,,1.0625,1.0
200,0.05,perfect,,1.065,1.0
200,0.05,perfect,,1.0675,1.0
200,0.05,perfect,,1.07,1.0
200,0.05,perfect,,1.0725,1.0
200,0.05,perfect,,1.075,1.0
200,0.05,perfect,,1.0775,1.0
200,0.05,perfect,,1.08,1.0
200,0.05,perfect,,1.0825,1.0
200,0.05,perfect,,1.085,1.0
200,0.05,perfect,,1.0875,1.0
200,0.05,perfect,,1.09,1.0
200,0.05,perfect,,1.0925,1.0
200,0.05,perfect,,1.095,1.0
200,0.05,perfect,,1.0975,1.0
200,0.05,perfect,,1.1,1.0
200,0.05,perfect,,1.1025,1.0
200,0.05,perfect,,1.105,1.0
200,0.05,perfect,,1.1075,1.0
200,0.05,perfect,,1.11,1.0
200,0.05,perfect,,1.1125,1.0
200,0.05,perfect,,1.115,1.0
200,0.05,perfect,,1.1175,1.0
200,0.05,perfect,,1.12,1.0
200,0.05,perfect,,1.1225,1.0
200,0.05,perfect,,1.125,1.0
200,0.05,perfect,,1.1275,1.0
200,0.05,perfect,,1.13,1.0
200,0.05,perfect,,1.1325,1.0
200,0.05,perfect,,1.135,1.0
200,0.05,perfect,,1.1375,1.0
200,0.05,perfect,,1.14,1.0
200,0.05,perfect,,1.1425,1.0
200,0.05,perfect,,1.145,1.0
200,0.05,perfect,,1.1475,1.0
200,0.05,perfect,,1.15,1.0
200,0.05,perfect,,1.1525,1.0
200,0.05,perfect,,1.155,1.0
200,0.05,perfect,,1.1575,1.0
200,0.05,perfect,,1.16,1.0
200,0.05,perfect,,1.1625,1.0
200,0.05,perfect,,1.165,1.0
200,0.05,perfect,,1.1675,1.0
200,0.05,perfect,,1.17,1.0
200,0.05,perfect,,1.1725,1.0
200,0.05,perfect,,1.175,1.0
200,0.05,perfect,,1.1775,1.0
200,0.05,perfect,,1.18,1.0
200,0.05,perfect,,1.1825,1.0
200,0.05,perfect,,1.185,1.0
200,0.05,perfect,,1.1875,1.0
200,0.05,perfect,,1.19,1.0
200,0.05,perfect,,1.1925,1.0
200,0.05,perfect,,1.195,1.0
200,0.05,perfect,,1.1975,1.0
200,0.05,perfect,,1.2,1.0
200,0.05,perfect,,1.2025,1.0
200,0.05,perfect,,1.205,1.0
200,0.05,perfect,,1.2075,1.0
200,0.05,perfect,,1.21,1.0
200,0.05,perfect,,1.2125,1.0
200,0.05,perfect,,1.215,1.0
200,0.05,perfect,,1.2175,1.0
200,0.05,perfect,,1.22,1.0
200,0.05,perfect,,1.2225,1.0
200,0.05,perfect,,1.225,1.0
200,0.05,perfect,,1.2275,1.0
200,0.05,perfect,,1.23,1.0
200,0.05,perfect,,1.2325,1.0
200,0.05,perfect,,1.235,1.0
200,0.05,perfect,,1.2375,1.0
200,0.05,perfect,,1.24,1.0
200,0.05,perfect,,1.2425,1.0
200,0.05,perfect,,1.245,1.0
200,0.05,perfect,,1.2475,1.0
200,0.05,perfect,,1.25,1.0
200,0.05,perfect,,1.2525,1.0
200,0.05,perfect,,1.255,1.0
200,0.05,perfect,,1.2575,1.0
200,0.05,perfect,,1.26,1.0
200,0.05,perfect,,1.2625,1.0
200,0.05,perfect,,1.265,1.0
200,0.05,perfect,,1.2675,1.0
200,0.05,perfect,,1.27,1.0
200,0.05,perfect,,1.2725,1.0
200,0.05,perfect,,1.275,1.0
200,0.05,perfect,,1.2775,1.0
200,0.05,perfect,,1.28,1.0
200,0.05,perfect,,1.2825,1.0
200,0.05,perfect,,1.285,1.0
200,0.05,perfect,,1.2875,1.0
200,0.05,perfect,,1.29,1.0
200,0.05,perfect,,1.2925,1.0
200,0.05,perfect,,1.295,1.0
200,0.05,perfect,,1.2975,1.0
200,0.05,perfect,,1.3,1.0
200,0.05,perfect,,1.3025,1.0
200,0.05,perfect,,1.305,1.0
200,0.05,perfect,,1.3075,1.0
200,0.05,perfect,,1.31,1.0
200,0.05,perfect,,1.3125,1.0
200,0.05,perfect,,1.315,1.0
200,0.05,perfect,,1.3175,1.0
200,0.05,perfect,,1.32,1.0
200,0.05,perfect,,1.3225,1.0
200,0.05,perfect,,1.325,1.0
200,0.05,perfect,,1.3275,1.0
200,0.05,perfect,,1.33,1.0
200,0.05,perfect,,1.3325,1.0
200,0.05,perfect,,1.335,1.0
200,0.05,perfect,,1.3375,1.0
200,0.05,perfect,,1.34,1.0
200,0.05,perfect,,1.3425,1.0
200,0.05,perfect,,1.345,1.0
200,0.05,perfect,,1.3475,1.0
200,0.05,perfect,,1.35,1.0
200,0.05,perfect,,1.3525,1.0
200,0.05,perfect,,1.355,1.0
200,0.05,perfect,,1.3575,1.0
200,0.05,perfect,,1.36,1.0
200,0.05,perfect,,1.3625,1.0
200,0.05,perfect,,1.365,1.0
200,0.05,perfect,,1.3675,1.0
200,0.05,perfect,,1.37,1.0
200,0.05,perfect,,1.3725,1.0
200,0.05,perfect,,1.375,1.0
200,0.05,perfect,,1.3775,1.0
200,0.05,perfect,,1.38,1.0
200,0.05,perfect,,1.3825,1.0
200,0.05,perfect,,1.385,1.0
200,0.05,perfect,,1.3875,1.0
200,0.05,perfect,,1.39,1.0
200,0.05,perfect,,1.3925,1.0
200,0.05,perfect,,1.395,1.0
200,0.05,perfect,,1.3975,1.0
200,0.05,perfect,,1.4,1.0
200,0.05,late,1.05,0.8,0.131512
200,0.05,late,1.05,0.8025,0.130913
200,0.05,late,1.05,0.805,0.130306
200,0.05,late,1.05,0.8075,0.129696
200,0.05,late,1.05,0.81,0.129088
200,0.05,late,1.05,0.8125,0.128482
200,0.05,late,1.05,0.815,0.127881
200,0.05,late,1.05,0.8175,0.127286
200,0.05,late,1.05,0.82,0.126697
200,0.05,late,1.05,0.8225,0.126114
200,0.05,late,1.05,0.825,0.125539
200,0.05,late,1.05,0.8275,0.124971
200,0.05,late,1.05,0.83,0.124411
200,0.05,late,1.05,0.8325,0.123858
200,0.05,late,1.05,0.835,0.123314
200,0.05,late,1.05,0.8375,0.122777
200,0.05,late,1.05,0.84,0.122249
200,0.05,late,1.05,0.8425,0.12173
200,0.05,late,1.05,0.845,0.121219
200,0.05,late,1.05,0.8475,0.120718
200,0.05,late,1.05,0.85,0.120226
200,0.05,late,1.05,0.8525,0.119743
200,0.05,late,1.05,0.855,0.119271
200,0.05,late,1.05,0.8575,0.118809
200,0.05,late,1.05,0.86,0.118357
200,0.05,late,1.05,0.8625,0.117917
200,0.05,late,1.05,0.865,0.117488
200,0.05,late,1.05,0.8675,0.117071
200,0.05,late,1.05,0.87,0.116666
200,0.05,late,1.05,0.8725,0.116274
200,0.05,late,1.05,0.875,0.115896
200,0.05,late,1.05,0.8775,0.115531
200,0.05,late,1.05,0.88,0.115181
200,0.05,late,1.05,0.8825,0.114846
200,0.05,late,1.05,0.885,0.114528
200,0.05,late,1.05,0.8875,0.114226
200,0.05,late,1.05,0.89,0.113942
200,0.05,late,1.05,0.8925,0.113677
200,0.05,late,1.05,0.895,0.113432
200,0.05,late,1.05,0.8975,0.113208
200,0.05,late,1.05,0.9,0.113005
200,0.05,late,1.05,0.9025,0.112827
200,0.05,late,1.05,0.905,0.112674
200,0.05,late,1.05,0.9075,0.112547
200,0.05,late,1.05,0.91,0.112449
200,0.05,late,1.05,0.9125,0.112382
200,0.05,late,1.05,0.915,0.112349
200,0.05,late,1.05,0.9175,0.112351
200,0.05,late,1.05,0.92,0.112392
200,0.05,late,1.05,0.9225,0.112475
200,0.05,late,1.05,0.925,0.112604
200,0.05,late,1.05,0.9275,0.112783
200,0.05,late,1.05,0.93,0.113018
200,0.05,late,1.05,0.9325,0.113313
200,0.05,late,1.05,0.935,0.113675
200,0.05,late,1.05,0.9375,0.114112
200,0.05,late,1.05,0.94,0.114633
200,0.05,late,1.05,0.9425,0.115248
200,0.05,late,1.05,0.945,0.11597
200,0.05,late,1.05,0.9475,0.116814
200,0.05,late,1.05,0.95,0.117798
200,0.05,late,1.05,0.9525,0.118945
200,0.05,late,1.05,0.955,0.120283
200,0.05,late,1.05,0.9575,0.121848
200,0.05,late,1.05,0.96,0.123685
200,0.05,late,1.05,0.9625,0.125851
200,0.05,late,1.05,0.965,0.128422
200,0.05,late,1.05,0.9675,0.131492
200,0.05,late,1.05,0.97,0.135184
200,0.05,late,1.05,0.9725,0.139653
200,0.05,late,1.05,0.975,0.145094
200,0.05,late,1.05,0.9775,0.151746
200,0.05,late,1.05,0.98,0.159899
200,0.05,late,1.05,0.9825,0.169896
200,0.05,late,1.05,0.985,0.182127
200,0.05,late,1.05,0.9875,0.197021
200,0.05,late,1.05,0.99,0.215029
200,0.05,late,1.05,0.9925,0.236596
200,0.05,late,1.05,0.995,0.26213
200,0.05,late,1.05,0.9975,0.291954
200,0.05,late,1.05,1.0,0.326264
200,0.05,late,1.05,1.0025,0.365082
200,0.05,late,1.05,1.005,0.408215
200,0.05,late,1.05,1.0075,0.45523
200,0.05,late,1.05,1.01,0.505446
200,0.05,late,1.05,1.0125,0.557949
200,0.05,late,1.05,1.015,0.611635
200,0.05,late,1.05,1.0175,0.665266
200,0.05,late,1.05,1.02,0.717556
200,0.05,late,1.05,1.0225,0.767261
200,0.05,late,1.05,1.025,0.813262
200,0.05,late,1.05,1.0275,0.854647
200,0.05,late,1.05,1.03,0.890767
200,0.05,late,1.05,1.0325,0.921269
200,0.05,late,1.05,1.035,0.946092
200,0.05,late,1.05,1.0375,0.965451
200,0.05,late,1.05,1.04,0.979785
200,0.05,late,1.05,1.0425,0.989696
200,0.05,late,1.05,1.045,0.995884
200,0.05,late,1.05,1.0475,0.999082
200,0.05,late,1.05,1.05,1.0
200,0.05,late,1.05,1.0525,0.999283
200,0.05,late,1.05,1.055,0.997483
200,0.05,late,1.05,1.0575,0.995047
200,0.05,late,1.05,1.06,0.992316
200,0.05,late,1.05,1.0625,0.989534
200,0.05,late,1.05,1.065,0.986862
200,0.05,late,1.05,1.0675,0.984394
200,0.05,late,1.05,1.07,0.982177
200,0.05,late,1.05,1.0725,0.980221
200,0.05,late,1.05,1.075,0.978519
200,0.05,late,1.05,1.0775,0.977047
200,0.05,late,1.05,1.08,0.97578
200,0.05,late,1.05,1.0825,0.97469
200,0.05,late,1.05,1.085,0.973752
200,0.05,late,1.05,1.0875,0.972941
200,0.05,late,1.05,1.09,0.97224
200,0.05,late,1.05,1.0925,0.971632
200,0.05,late,1.05,1.095,0.971103
200,0.05,late,1.05,1.0975,0.970642
200,0.05,late,1.05,1.1,0.970242
200,0.05,late,1.05,1.1025,0.969894
200,0.05,late,1.05,1.105,0.969592
200,0.05,late,1.05,1.1075,0.969331
200,0.05,late,1.05,1.11,0.969106
200,0.05,late,1.05,1.1125,0.968915
200,0.05,late,1.05,1.115,0.968754
200,0.05,late,1.05,1.1175,0.968619
200,0.05,late,1.05,1.12,0.968509
200,0.05,late,1.05,1.1225,0.968422
200,0.05,late,1.05,1.125,0.968355
200,0.05,late,1.05,1.1275,0.968307
200,0.05,late,1.05,1.13,0.968276
200,0.05,late,1.05,1.1325,0.96826
200,0.05,late,1.05,1.135,0.96826
200,0.05,late,1.05,1.1375,0.968273
200,0.05,late,1.05,1.14,0.968298
200,0.05,late,1.05,1.1425,0.968335
200,0.05,late,1.05,1.145,0.968383
200,0.05,late,1.05,1.1475,0.96844
200,0.05,late,1.05,1.15,0.968507
200,0.05,late,1.05,1.1525,0.968582
200,0.05,late,1.05,1.155,0.968665
200,0.05,late,1.05,1.1575,0.968755
200,0.05,late,1.05,1.16,0.968853
200,0.05,late,1.05,1.1625,0.968957
200,0.05,late,1.05,1.165,0.969066
200,0.05,late,1.05,1.1675,0.969181
200,0.05,late,1.05,1.17,0.969302
200,0.05,late,1.05,1.1725,0.969427
200,0.05,late,1.05,1.175,0.969557
200,0.05,late,1.05,1.1775,0.96969
200,0.05,late,1.05,1.18,0.969828
200,0.05,late,1.05,1.1825,0.969969
200,0.05,late,1.05,1.185,0.970114
200,0.05,late,1.05,1.1875,0.970262
200,0.05,late,1.05,1.19,0.970412
200,0.05,late,1.05,1.1925,0.970566
200,0.05,late,1.05,1.195,0.970721
200,0.05,late,1.05,1.1975,0.97088
200,0.05,late,1.05,1.2,0.97104
200,0.05,late,1.05,1.2025,0.971202
200,0.05,late,1.05,1.205,0.971366
200,0.05,late,1.05,1.2075,0.971532
200,0.05,late,1.05,1.21,0.971699
200,0.05,late,1.05,1.2125,0.971868
200,0.05,late,1.05,1.215,0.972038
200,0.05,late,1.05,1.2175,0.972209
200,0.05,late,1.05,1.22,0.972382
200,0.05,late,1.05,1.2225,0.972555
200,0.05,late,1.05,1.225,0.972729
200,0.05,late,1.05,1.2275,0.972904
200,0.05,late,1.05,1.23,0.973079
200,0.05,late,1.05,1.2325,0.973255
200,0.05,late,1.05,1.235,0.973431
200,0.05,late,1.05,1.2375,0.973607
200,0.05,late,1.05,1.24,0.973783
200,0.05,late,1.05,1.2425,0.973958
200,0.05,late,1.05,1.245,0.974131
200,0.05,late,1.05,1.2475,0.974301
200,0.05,late,1.05,1.25,0.974466
200,0.05,late,1.05,1.2525,0.974624
200,0.05,late,1.05,1.255,0.974772
200,0.05,late,1.05,1.2575,0.974907
200,0.05,late,1.05,1.26,0.975023
200,0.05,late,1.05,1.2625,0.975117
200,0.05,late,1.05,1.265,0.975183
200,0.05,late,1.05,1.2675,0.975215
200,0.05,late,1.05,1.27,0.975209
200,0.05,late,1.05,1.2725,0.97516
200,0.05,late,1.05,1.275,0.975066
200,0.05,late,1.05,1.2775,0.974926
200,0.05,late,1.05,1.28,0.974742
200,0.05,late,1.05,1.2825,0.974519
200,0.05,late,1.05,1.285,0.974264
200,0.05,late,1.05,1.2875,0.973985
200,0.05,late,1.05,1.29,0.973695
200,0.05,late,1.05,1.2925,0.973404
200,0.05,late,1.05,1.295,0.973125
200,0.05,late,1.05,1.2975,0.972871
200,0.05,late,1.05,1.3,0.972649
200,0.05,late,1.05,1.3025,0.97247
200,0.05,late,1.05,1.305,0.972337
200,0.05,late,1.05,1.3075,0.972254
200,0.05,late,1.05,1.31,0.972221
200,0.05,late,1.05,1.3125,0.972235
200,0.05,late,1.05,1.315,0.972293
200,0.05,late,1.05,1.3175,0.97239
200,0.05,late,1.05,1.32,0.972519
200,0.05,late,1.05,1.3225,0.972673
200,0.05,late,1.05,1.325,0.972845
200,0.05,late,1.05,1.3275,0.973028
200,0.05,late,1.05,1.33,0.973216
200,0.05,late,1.05,1.3325,0.973401
200,0.05,late,1.05,1.335,0.973576
200,0.05,late,1.05,1.3375,0.973736
200,0.05,late,1.05,1.34,0.973873
200,0.05,late,1.05,1.3425,0.973982
200,0.05,late,1.05,1.345,0.974057
200,0.05,late,1.05,1.3475,0.974096
200,0.05,late,1.05,1.35,0.974095
200,0.05,late,1.05,1.3525,0.974054
200,0.05,late,1.05,1.355,0.973975
200,0.05,late,1.05,1.3575,0.973861
200,0.05,late,1.05,1.36,0.973718
200,0.05,late,1.05,1.3625,0.973554
200,0.05,late,1.05,1.365,0.973379
200,0.05,late,1.05,1.3675,0.973202
200,0.05,late,1.05,1.37,0.973034
200,0.05,late,1.05,1.3725,0.972885
200,0.05,late,1.05,1.375,0.972763
200,0.05,late,1.05,1.3775,0.972674
200,0.05,late,1.05,1.38,0.972623
200,0.05,late,1.05,1.3825,0.972611
200,0.05,late,1.05,1.385,0.972639
200,0.05,late,1.05,1.3875,0.972703
200,0.05,late,1.05,1.39,0.972799
200,0.05,late,1.05,1.3925,0.972923
200,0.05,late,1.05,1.395,0.973066
200,0.05,late,1.05,1.3975,0.973221
200,0.05,late,1.05,1.4,0.973381
200,0.05,first,5.73,0.8,0.369636
200,0.05,first,5.73,0.8025,0.369384
200,0.05,first,5.73,0.805,0.369148
200,0.05,first,5.73,0.8075,0.368932
200,0.05,first,5.73,0.81,0.368738
200,0.05,first,5.73,0.8125,0.368566
200,0.05,first,5.73,0.815,0.368416
200,0.05,first,5.73,0.8175,0.368287
200,0.05,first,5.73,0.82,0.368179
200,0.05,first,5.73,0.8225,0.368092
200,0.05,first,5.73,0.825,0.368029
200,0.05,first,5.73,0.8275,0.367993
200,0.05,first,5.73,0.83,0.367989
200,0.05,first,5.73,0.8325,0.368021
200,0.05,first,5.73,0.835,0.368093
200,0.05,first,5.73,0.8375,0.36821
200,0.05,first,5.73,0.84,0.36837
200,0.05,first,5.73,0.8425,0.368573
200,0.05,first,5.73,0.845,0.368812
200,0.05,first,5.73,0.8475,0.369079
200,0.05,first,5.73,0.85,0.369362
200,0.05,first,5.73,0.8525,0.369647
200,0.05,first,5.73,0.855,0.369921
200,0.05,first,5.73,0.8575,0.370168
200,0.05,first,5.73,0.86,0.370376
200,0.05,first,5.73,0.8625,0.370535
200,0.05,first,5.73,0.865,0.370637
200,0.05,first,5.73,0.8675,0.37068
200,0.05,first,5.73,0.87,0.370665
200,0.05,first,5.73,0.8725,0.370596
200,0.05,first,5.73,0.875,0.370481
200,0.05,first,5.73,0.8775,0.37033
200,0.05,first,5.73,0.88,0.370153
200,0.05,first,5.73,0.8825,0.369961
200,0.05,first,5.73,0.885,0.369764
200,0.05,first,5.73,0.8875,0.369569
200,0.05,first,5.73,0.89,0.369384
200,0.05,first,5.73,0.8925,0.369212
200,0.05,first,5.73,0.895,0.369055
200,0.05,first,5.73,0.8975,0.368914
200,0.05,first,5.73,0.9,0.368788
200,0.05,first,5.73,0.9025,0.368676
200,0.05,first,5.73,0.905,0.368575
200,0.05,first,5.73,0.9075,0.368484
200,0.05,first,5.73,0.91,0.3684
200,0.05,first,5.73,0.9125,0.368318
200,0.05,first,5.73,0.915,0.368233
200,0.05,first,5.73,0.9175,0.368138
200,0.05,first,5.73,0.92,0.368025
200,0.05,first,5.73,0.9225,0.367879
200,0.05,first,5.73,0.925,0.367687
200,0.05,first,5.73,0.9275,0.367432
200,0.05,first,5.73,0.93,0.367094
200,0.05,first,5.73,0.9325,0.366655
200,0.05,first,5.73,0.935,0.366097
200,0.05,first,5.73,0.9375,0.365406
200,0.05,first,5.73,0.94,0.364573
200,0.05,first,5.73,0.9425,0.363597
200,0.05,first,5.73,0.945,0.362485
200,0.05,first,5.73,0.9475,0.361253
200,0.05,first,5.73,0.95,0.359929
200,0.05,first,5.73,0.9525,0.358551
200,0.05,first,5.73,0.955,0.357167
200,0.05,first,5.73,0.9575,0.355831
200,0.05,first,5.73,0.96,0.354607
200,0.05,first,5.73,0.9625,0.353561
200,0.05,first,5.73,0.965,0.352761
200,0.05,first,5.73,0.9675,0.352275
200,0.05,first,5.73,0.97,0.352167
200,0.05,first,5.73,0.9725,0.352498
200,0.05,first,5.73,0.975,0.35332
200,0.05,first,5.73,0.9775,0.354682
200,0.05,first,5.73,0.98,0.356621
200,0.05,first,5.73,0.9825,0.359168
200,0.05,first,5.73,0.985,0.362349
200,0.05,first,5.73,0.9875,0.36618
200,0.05,first,5.73,0.99,0.370676
200,0.05,first,5.73,0.9925,0.375846
200,0.05,first,5.73,0.995,0.381694
200,0.05,first,5.73,0.9975,0.388227
200,0.05,first,5.73,1.0,0.395445
200,0.05,first,5.73,1.0025,0.403351
200,0.05,first,5.73,1.005,0.411945
200,0.05,first,5.73,1.0075,0.421225
200,0.05,first,5.73,1.01,0.431185
200,0.05,first,5.73,1.0125,0.441818
200,0.05,first,5.73,1.015,0.453111
200,0.05,first,5.73,1.0175,0.465043
200,0.05,first,5.73,1.02,0.477589
200,0.05,first,5.73,1.0225,0.490712
200,0.05,first,5.73,1.025,0.504368
200,0.05,first,5.73,1.0275,0.518504
200,0.05,first,5.73,1.03,0.533057
200,0.05,first,5.73,1.0325,0.547959
200,0.05,first,5.73,1.035,0.563133
200,0.05,first,5.73,1.0375,0.578498
200,0.05,first,5.73,1.04,0.593972
200,0.05,first,5.73,1.0425,0.60947
200,0.05,first,5.73,1.045,0.624912
200,0.05,first,5.73,1.0475,0.640223
200,0.05,first,5.73,1.05,0.655333
200,0.05,first,5.73,1.0525,0.67018
200,0.05,first,5.73,1.055,0.684715
200,0.05,first,5.73,1.0575,0.698894
200,0.05,first,5.73,1.06,0.712687
200,0.05,first,5.73,1.0625,0.726072
200,0.05,first,5.73,1.065,0.739036
200,0.05,first,5.73,1.0675,0.751572
200,0.05,first,5.73,1.07,0.763682
200,0.05,first,5.73,1.0725,0.77537
200,0.05,first,5.73,1.075,0.786643
200,0.05,first,5.73,1.0775,0.79751
200,0.05,first,5.73,1.08,0.807982
200,0.05,first,5.73,1.0825,0.818068
200,0.05,first,5.73,1.085,0.827778
200,0.05,first,5.73,1.0875,0.837121
200,0.05,first,5.73,1.09,0.846103
200,0.05,first,5.73,1.0925,0.854731
200,0.05,first,5.73,1.095,0.863013
200,0.05,first,5.73,1.0975,0.870954
200,0.05,first,5.73,1.1,0.87856
200,0.05,first,5.73,1.1025,0.885837
200,0.05,first,5.73,1.105,0.892791
200,0.05,first,5.73,1.1075,0.899429
200,0.05,first,5.73,1.11,0.905758
200,0.05,first,5.73,1.1125,0.911784
200,0.05,first,5.73,1.115,0.917514
200,0.05,first,5.73,1.1175,0.922954
200,0.05,first,5.73,1.12,0.928113
200,0.05,first,5.73,1.1225,0.932997
200,0.05,first,5.73,1.125,0.937612
200,0.05,first,5.73,1.1275,0.941968
200,0.05,first,5.73,1.13,0.94607
200,0.05,first,5.73,1.1325,0.949928
200,0.05,first,5.73,1.135,0.95355
200,0.05,first,5.73,1.1375,0.956945
200,0.05,first,5.73,1.14,0.960124
200,0.05,first,5.73,1.1425,0.963096
200,0.05,first,5.73,1.145,0.965872
200,0.05,first,5.73,1.1475,0.968463
200,0.05,first,5.73,1.15,0.97088
200,0.05,first,5.73,1.1525,0.973133
200,0.05,first,5.73,1.155,0.975232
200,0.05,first,5.73,1.1575,0.977188
200,0.05,first,5.73,1.16,0.979009
200,0.05,first,5.73,1.1625,0.980705
200,0.05,first,5.73,1.165,0.982282
200,0.05,first,5.73,1.1675,0.983749
200,0.05,first,5.73,1.17,0.985111
200,0.05,first,5.73,1.1725,0.986376
200,0.05,first,5.73,1.175,0.987547
200,0.05,first,5.73,1.1775,0.988632
200,0.05,first,5.73,1.18,0.989634
200,0.05,first,5.73,1.1825,0.990559
200,0.05,first,5.73,1.185,0.991412
200,0.05,first,5.73,1.1875,0.992196
200,0.05,first,5.73,1.19,0.992917
200,0.05,first,5.73,1.1925,0.993579
200,0.05,first,5.73,1.195,0.994185
200,0.05,first,5.73,1.1975,0.99474
200,0.05,first,5.73,1.2,0.995247
200,0.05,first,5.73,1.2025,0.99571
200,0.05,first,5.73,1.205,0.996132
200,0.05,first,5.73,1.2075,0.996517
200,0.05,first,5.73,1.21,0.996866
200,0.05,first,5.73,1.2125,0.997184
200,0.05,first,5.73,1.215,0.997471
200,0.05,first,5.73,1.2175,0.997732
200,0.05,first,5.73,1.22,0.997967
200,0.05,first,5.73,1.2225,0.99818
200,0.05,first,5.73,1.225,0.998371
200,0.05,first,5.73,1.2275,0.998544
200,0.05,first,5.73,1.23,0.998699
200,0.05,first,5.73,1.2325,0.998838
200,0.05,first,5.73,1.235,0.998963
200,0.05,first,5.73,1.2375,0.999076
200,0.05,first,5.73,1.24,0.999177
200,0.05,first,5.73,1.2425,0.999267
200,0.05,first,5.73,1.245,0.999348
200,0.05,first,5.73,1.2475,0.999421
200,0.05,first,5.73,1.25,0.999486
200,0.05,first,5.73,1.2525,0.999544
200,0.05,first,5.73,1.255,0.999596
200,0.05,first,5.73,1.2575,0.999642
200,0.05,first,5.73,1.26,0.999684
200,0.05,first,5.73,1.2625,0.99972
200,0.05,first,5.73,1.265,0.999753
200,0.05,first,5.73,1.2675,0.999782
200,0.05,first,5.73,1.27,0.999808
200,0.05,first,5.73,1.2725,0.999831
200,0.05,first,5.73,1.275,0.999851
200,0.05,first,5.73,1.2775,0.999869
200,0.05,first,5.73,1.28,0.999885
200,0.05,first,5.73,1.2825,0.999899
200,0.05,first,5.73,1.285,0.999911
200,0.05,first,5.73,1.2875,0.999922
200,0.05,first,5.73,1.29,0.999932
200,0.05,first,5.73,1.2925,0.99994
200,0.05,first,5.73,1.295,0.999948
200,0.05,first,5.73,1.2975,0.999954
200,0.05,first,5.73,1.3,0.99996
200,0.05,first,5.73,1.3025,0.999965
200,0.05,first,5.73,1.305,0.99997
200,0.05,first,5.73,1.3075,0.999974
200,0.05,first,5.73,1.31,0.999977
200,0.05,first,5.73,1.3125,0.99998
200,0.05,first,5.73,1.315,0.999983
200,0.05,first,5.73,1.3175,0.999985
200,0.05,first,5.73,1.32,0.999987
200,0.05,first,5.73,1.3225,0.999989
200,0.05,first,5.73,1.325,0.99999
200,0.05,first,5.73,1.3275,0.999992
200,0.05,first,5.73,1.33,0.999993
200,0.05,first,5.73,1.3325,0.999994
200,0.05,first,5.73,1.335,0.999994
200,0.05,first,5.73,1.3375,0.999995
200,0.05,first,5.73,1.34,0.999996
200,0.05,first,5.73,1.3425,0.999996
200,0.05,first,5.73,1.345,0.999997
200,0.05,first,5.73,1.3475,0.999997
200,0.05,first,5.73,1.35,0.999998
200,0.05,first,5.73,1.3525,0.999998
200,0.05,first,5.73,1.355,0.999998
200,0.05,first,5.73,1.3575,0.999999
200,0.05,first,5.73,1.36,0.999999
200,0.05,first,5.73,1.3625,0.999999
200,0.05,first,5.73,1.365,0.999999
200,0.05,first,5.73,1.3675,0.999999
200,0.05,first,5.73,1.37,0.999999
200,0.05,first,5.73,1.3725,0.999999
200,0.05,first,5.73,1.375,1.0
200,0.05,first,5.73,1.3775,1.0
200,0.05,first,5.73,1.38,1.0
200,0.05,first,5.73,1.3825,1.0
200,0.05,first,5.73,1.385,1.0
200,0.05,first,5.73,1.3875,1.0
200,0.05,first,5.73,1.39,1.0
200,0.05,first,5.73,1.3925,1.0
200,0.05,first,5.73,1.395,1.0
200,0.05,first,5.73,1.3975,1.0
200,0.05,first,5.73,1.4,1.0
800,0.5,perfect,,0.8,0.488397
800,0.5,perfect,,0.8025,0.496156
800,0.5,perfect,,0.805,0.50508
800,0.5,perfect,,0.8075,0.515212
800,0.5,perfect,,0.81,0.476428
800,0.5,perfect,,0.8125,0.488494
800,0.5,perfect,,0.815,0.501926
800,0.5,perfect,,0.8175,0.516771
800,0.5,perfect,,0.82,0.480426
800,0.5,perfect,,0.8225,0.497557
800,0.5,perfect,,0.825,0.516291
800,0.5,perfect,,0.8275,0.481962
800,0.5,perfect,,0.83,0.503293
800,0.5,perfect,,0.8325,0.470305
800,0.5,perfect,,0.835,0.494435
800,0.5,perfect,,0.8375,0.462923
800,0.5,perfect,,0.84,0.490101
800,0.5,perfect,,0.8425,0.519482
800,0.5,perfect,,0.845,0.490721
800,0.5,perfect,,0.8475,0.462564
800,0.5,perfect,,0.85,0.496796
800,0.5,perfect,,0.8525,0.470567
800,0.5,perfect,,0.855,0.50891
800,0.5,perfect,,0.8575,0.484841
800,0.5,perfect,,0.86,0.461565
800,0.5,perfect,,0.8625,0.506127
800,0.5,perfect,,0.865,0.485356
800,0.5,perfect,,0.8675,0.465508
800,0.5,perfect,,0.87,0.5174
800,0.5,perfect,,0.8725,0.500559
800,0.5,perfect,,0.875,0.484793
800,0.5,perfect,,0.8775,0.470182
800,0.5,perfect,,0.88,0.4568
800,0.5,perfect,,0.8825,0.52258
800,0.5,perfect,,0.885,0.513249
800,0.5,perfect,,0.8875,0.505412
800,0.5,perfect,,0.89,0.499171
800,0.5,perfect,,0.8925,0.494635
800,0.5,perfect,,0.895,0.491922
800,0.5,perfect,,0.8975,0.491162
800,0.5,perfect,,0.9,0.492501
800,0.5,perfect,,0.9025,0.496102
800,0.5,perfect,,0.905,0.502151
800,0.5,perfect,,0.9075,0.510855
800,0.5,perfect,,0.91,0.522443
800,0.5,perfect,,0.9125,0.433759
800,0.5,perfect,,0.915,0.448485
800,0.5,perfect,,0.9175,0.466795
800,0.5,perfect,,0.92,0.489076
800,0.5,perfect,,0.9225,0.515737
800,0.5,perfect,,0.925,0.426986
800,0.5,perfect,,0.9275,0.45852
800,0.5,perfect,,0.93,0.495932
800,0.5,perfect,,0.9325,0.539785
800,0.5,perfect,,0.935,0.450986
800,0.5,perfect,,0.9375,0.502882
800,0.5,perfect,,0.94,0.41402
800,0.5,perfect,,0.9425,0.475149
800,0.5,perfect,,0.945,0.547849
800,0.5,perfect,,0.9475,0.459004
800,0.5,perfect,,0.95,0.546698
800,0.5,perfect,,0.9525,0.457739
800,0.5,perfect,,0.955,0.565164
800,0.5,perfect,,0.9575,0.476546
800,0.5,perfect,,0.96,0.387321
800,0.5,perfect,,0.9625,0.524316
800,0.5,perfect,,0.965,0.43453
800,0.5,perfect,,0.9675,0.345844
800,0.5,perfect,,0.97,0.530007
800,0.5,perfect,,0.9725,0.439597
800,0.5,perfect,,0.975,0.349354
800,0.5,perfect,,0.9775,0.631939
800,0.5,perfect,,0.98,0.546018
800,0.5,perfect,,0.9825,0.453701
800,0.5,perfect,,0.985,0.358646
800,0.5,perfect,,0.9875,0.265412
800,0.5,perfect,,0.99,0.179138
800,0.5,perfect,,0.9925,0.105093
800,0.5,perfect,,0.995,0.048151
800,0.5,perfect,,0.9975,0.012261
800,0.5,perfect,,1.0,0.0
800,0.5,perfect,,1.0025,1.0
800,0.5,perfect,,1.005,1.0
800,0.5,perfect,,1.0075,1.0
800,0.5,perfect,,1.01,1.0
800,0.5,perfect,,1.0125,1.0
800,0.5,perfect,,1.015,1.0
800,0.5,perfect,,1.0175,1.0
800,0.5,perfect,,1.02,1.0
800,0.5,perfect,,1.0225,1.0
800,0.5,perfect,,1.025,1.0
800,0.5,perfect,,1.0275,1.0
800,0.5,perfect,,1.03,1.0
800,0.5,perfect,,1.0325,1.0
800,0.5,perfect,,1.035,1.0
800,0.5,perfect,,1.0375,1.0
800,0.5,perfect,,1.04,1.0
800,0.5,perfect,,1.0425,1.0
800,0.5,perfect,,1.045,1.0
800,0.5,perfect,,1.0475,1.0
800,0.5,perfect,,1.05,1.0
800,0.5,perfect,,1.0525,1.0
800,0.5,perfect,,1.055,1.0
800,0.5,perfect,,1.0575,1.0
800,0.5,perfect,,1.06,1.0
800,0.5,perfect,,1.0625,1.0
800,0.5,perfect,,1.065,1.0
800,0.5,perfect,,1.0675,1.0
800,0.5,perfect,,1.07,1.0
800,0.5,perfect,,1.0725,1.0
800,0.5,perfect,,1.075,1.0
800,0.5,perfect,,1.0775,1.0
800,0.5,perfect,,1.08,1.0
800,0.5,perfect,,1.0825,1.0
800,0.5,perfect,,1.085,1.0
800,0.5,perfect,,1.0875,1.0
800,0.5,perfect,,1.09,1.0
800,0.5,perfect,,1.0925,1.0
800,0.5,perfect,,1.095,1.0
800,0.5,perfect,,1.0975,1.0
800,0.5,perfect,,1.1,1.0
800,0.5,perfect,,1.1025,1.0
800,0.5,perfect,,1.105,1.0
800,0.5,perfect,,1.1075,1.0
800,0.5,perfect,,1.11,1.0
800,0.5,perfect,,1.1125,1.0
800,0.5,perfect,,1.115,1.0
800,0.5,perfect,,1.1175,1.0
800,0.5,perfect,,1.12,1.0
800,0.5,perfect,,1.1225,1.0
800,0.5,perfect,,1.125,1.0
800,0.5,perfect,,1.1275,1.0
800,0.5,perfect,,1.13,1.0
800,0.5,perfect,,1.1325,1.0
800,0.5,perfect,,1.135,1.0
800,0.5,perfect,,1.1375,1.0
800,0.5,perfect,,1.14,1.0
800,0.5,perfect,,1.1425,1.0
800,0.5,perfect,,1.145,1.0
800,0.5,perfect,,1.1475,1.0
800,0.5,perfect,,1.15,1.0
800,0.5,perfect,,1.1525,1.0
800,0.5,perfect,,1.155,1.0
800,0.5,perfect,,1.1575,1.0
800,0.5,perfect,,1.16,1.0
800,0.5,perfect,,1.1625,1.0
800,0.5,perfect,,1.165,1.0
800,0.5,perfect,,1.1675,1.0
800,0.5,perfect,,1.17,1.0
800,0.5,perfect,,1.1725,1.0
800,0.5,perfect,,1.175,1.0
800,0.5,perfect,,1.1775,1.0
800,0.5,perfect,,1.18,1.0
800,0.5,perfect,,1.1825,1.0
800,0.5,perfect,,1.185,1.0
800,0.5,perfect,,1.1875,1.0
800,0.5,perfect,,1.19,1.0
800,0.5,perfect,,1.1925,1.0
800,0.5,perfect,,1.195,1.0
800,0.5,perfect,,1.1975,1.0
800,0.5,perfect,,1.2,1.0
800,0.5,perfect,,1.2025,1.0
800,0.5,perfect,,1.205,1.0
800,0.5,perfect,,1.2075,1.0
800,0.5,perfect,,1.21,1.0
800,0.5,perfect,,1.2125,1.0
800,0.5,perfect,,1.215,1.0
800,0.5,perfect,,1.2175,1.0
800,0.5,perfect,,1.22,1.0
800,0.5,perfect,,1.2225,1.0
800,0.5,perfect,,1.225,1.0
800,0.5,perfect,,1.2275,1.0
800,0.5,perfect,,1.23,1.0
800,0.5,perfect,,1.2325,1.0
800,0.5,perfect,,1.235,1.0
800,0.5,perfect,,1.2375,1.0
800,0.5,perfect,,1.24,1.0
800,0.5,perfect,,1.2425,1.0
800,0.5,perfect,,1.245,1.0
800,0.5,perfect,,1.2475,1.0
800,0.5,perfect,,1.25,1.0
800,0.5,perfect,,1.2525,1.0
800,0.5,perfect,,1.255,1.0
800,0.5,perfect,,1.2575,1.0
800,0.5,perfect,,1.26,1.0
800,0.5,perfect,,1.2625,1.0
800,0.5,perfect,,1.265,1.0
800,0.5,perfect,,1.2675,1.0
800,0.5,perfect,,1.27,1.0
800,0.5,perfect,,1.2725,1.0
800,0.5,perfect,,1.275,1.0
800,0.5,perfect,,1.2775,1.0
800,0.5,perfect,,1.28,1.0
800,0.5,perfect,,1.2825,1.0
800,0.5,perfect,,1.285,1.0
800,0.5,perfect,,1.2875,1.0
800,0.5,perfect,,1.29,1.0
800,0.5,perfect,,1.2925,1.0
800,0.5,perfect,,1.295,1.0
800,0.5,perfect,,1.2975,1.0
800,0.5,perfect,,1.3,1.0
800,0.5,perfect,,1.3025,1.0
800,0.5,perfect,,1.305,1.0
800,0.5,perfect,,1.3075,1.0
800,0.5,perfect,,1.31,1.0
800,0.5,perfect,,1.3125,1.0
800,0.5,perfect,,1.315,1.0
800,0.5,perfect,,1.3175,1.0
800,0.5,perfect,,1.32,1.0
800,0.5,perfect,,1.3225,1.0
800,0.5,perfect,,1.325,1.0
800,0.5,perfect,,1.3275,1.0
800,0.5,perfect,,1.33,1.0
800,0.5,perfect,,1.3325,1.0
800,0.5,perfect,,1.335,1.0
800,0.5,perfect,,1.3375,1.0
800,0.5,perfect,,1.34,1.0
800,0.5,perfect,,1.3425,1.0
800,0.5,perfect,,1.345,1.0
800,0.5,perfect,,1.3475,1.0
800,0.5,perfect,,1.35,1.0
800,0.5,perfect,,1.3525,1.0
800,0.5,perfect,,1.355,1.0
800,0.5,perfect,,1.3575,1.0
800,0.5,perfect,,1.36,1.0
800,0.5,perfect,,1.3625,1.0
800,0.5,perfect,,1.365,1.0
800,0.5,perfect,,1.3675,1.0
800,0.5,perfect,,1.37,1.0
800,0.5,perfect,,1.3725,1.0
800,0.5,perfect,,1.375,1.0
800,0.5,perfect,,1.3775,1.0
800,0.5,perfect,,1.38,1.0
800,0.5,perfect,,1.3825,1.0
800,0.5,perfect,,1.385,1.0
800,0.5,perfect,,1.3875,1.0
800,0.5,perfect,,1.39,1.0
800,0.5,perfect,,1.3925,1.0
800,0.5,perfect,,1.395,1.0
800,0.5,perfect,,1.3975,1.0
800,0.5,perfect,,1.4,1.0
800,0.5,late,1.05,0.8,0.499417
800,0.5,late,1.05,0.8025,0.499307
800,0.5,late,1.05,0.805,0.499136
800,0.5,late,1.05,0.8075,0.498906
800,0.5,late,1.05,0.81,0.498646
800,0.5,late,1.05,0.8125,0.498404
800,0.5,late,1.05,0.815,0.498229
800,0.5,late,1.05,0.8175,0.498162
800,0.5,late,1.05,0.82,0.498219
800,0.5,late,1.05,0.8225,0.498392
800,0.5,late,1.05,0.825,0.49865
800,0.5,late,1.05,0.8275,0.498943
800,0.5,late,1.05,0.83,0.499219
800,0.5,late,1.05,0.8325,0.499425
800,0.5,late,1.05,0.835,0.499515
800,0.5,late,1.05,0.8375,0.499457
800,0.5,late,1.05,0.84,0.499248
800,0.5,late,1.05,0.8425,0.498927
800,0.5,late,1.05,0.845,0.498572
800,0.5,late,1.05,0.8475,0.498268
800,0.5,late,1.05,0.85,0.498076
800,0.5,late,1.05,0.8525,0.498
800,0.5,late,1.05,0.855,0.497988
800,0.5,late,1.05,0.8575,0.497964
800,0.5,late,1.05,0.86,0.497876
800,0.5,late,1.05,0.8625,0.497723
800,0.5,late,1.05,0.865,0.497549
800,0.5,late,1.05,0.8675,0.497405
800,0.5,late,1.05,0.87,0.497307
800,0.5,late,1.05,0.8725,0.49722
800,0.5,late,1.05,0.875,0.497078
800,0.5,late,1.05,0.8775,0.496837
800,0.5,late,1.05,0.88,0.496511
800,0.5,late,1.05,0.8825,0.496176
800,0.5,late,1.05,0.885,0.495928
800,0.5,late,1.05,0.8875,0.495831
800,0.5,late,1.05,0.89,0.495885
800,0.5,late,1.05,0.8925,0.496031
800,0.5,late,1.05,0.895,0.49618
800,0.5,late,1.05,0.8975,0.496257
800,0.5,late,1.05,0.9,0.496217
800,0.5,late,1.05,0.9025,0.49605
800,0.5,late,1.05,0.905,0.495791
800,0.5,late,1.05,0.9075,0.495514
800,0.5,late,1.05,0.91,0.495328
800,0.5,late,1.05,0.9125,0.49535
800,0.5,late,1.05,0.915,0.495641
800,0.5,late,1.05,0.9175,0.49615
800,0.5,late,1.05,0.92,0.496684
800,0.5,late,1.05,0.9225,0.496954
800,0.5,late,1.05,0.925,0.496673
800,0.5,late,1.05,0.9275,0.495675
800,0.5,late,1.05,0.93,0.493993
800,0.5,late,1.05,0.9325,0.491855
800,0.5,late,1.05,0.935,0.489615
800,0.5,late,1.05,0.9375,0.487643
800,0.5,late,1.05,0.94,0.486245
800,0.5,late,1.05,0.9425,0.485621
800,0.5,late,1.05,0.945,0.485842
800,0.5,late,1.05,0.9475,0.486823
800,0.5,late,1.05,0.95,0.48826
800,0.5,late,1.05,0.9525,0.489604
800,0.5,late,1.05,0.955,0.490134
800,0.5,late,1.05,0.9575,0.489154
800,0.5,late,1.05,0.96,0.48627
800,0.5,late,1.05,0.9625,0.481563
800,0.5,late,1.05,0.965,0.475556
800,0.5,late,1.05,0.9675,0.46889
800,0.5,late,1.05,0.97,0.461863
800,0.5,late,1.05,0.9725,0.454054
800,0.5,late,1.05,0.975,0.444286
800,0.5,late,1.05,0.9775,0.431076
800,0.5,late,1.05,0.98,0.413528
800,0.5,late,1.05,0.9825,0.392363
800,0.5,late,1.05,0.985,0.370679
800,0.5,late,1.05,0.9875,0.353985
800,0.5,late,1.05,0.99,0.34926
800,0.5,late,1.05,0.9925,0.36316
800,0.5,late,1.05,0.995,0.399907
800,0.5,late,1.05,0.9975,0.459654
800,0.5,late,1.05,1.0,0.538002
800,0.5,late,1.05,1.0025,0.62694
800,0.5,late,1.05,1.005,0.716877
800,0.5,late,1.05,1.0075,0.799008
800,0.5,late,1.05,1.01,0.867179
800,0.5,late,1.05,1.0125,0.918738
800,0.5,late,1.05,1.015,0.954253
800,0.5,late,1.05,1.0175,0.976476
800,0.5,late,1.05,1.02,0.989048
800,0.5,late,1.05,1.0225,0.995433
800,0.5,late,1.05,1.025,0.998318
800,0.5,late,1.05,1.0275,0.999463
800,0.5,late,1.05,1.03,0.999855
800,0.5,late,1.05,1.0325,0.999968
800,0.5,late,1.05,1.035,0.999994
800,0.5,late,1.05,1.0375,0.999999
800,0.5,late,1.05,1.04,1.0
800,0.5,late,1.05,1.0425,1.0
800,0.5,late,1.05,1.045,1.0
800,0.5,late,1.05,1.0475,1.0
800,0.5,late,1.05,1.05,1.0
800,0.5,late,1.05,1.0525,1.0
800,0.5,late,1.05,1.055,1.0
800,0.5,late,1.05,1.0575,1.0
800,0.5,late,1.05,1.06,1.0
800,0.5,late,1.05,1.0625,1.0
800,0.5,late,1.05,1.065,1.0
800,0.5,late,1.05,1.0675,1.0
800,0.5,late,1.05,1.07,1.0
800,0.5,late,1.05,1.0725,1.0
800,0.5,late,1.05,1.075,1.0
800,0.5,late,1.05,1.0775,1.0
800,0.5,late,1.05,1.08,1.0
800,0.5,late,1.05,1.0825,1.0
800,0.5,late,1.05,1.085,1.0
800,0.5,late,1.05,1.0875,1.0
800,0.5,late,1.05,1.09,1.0
800,0.5,late,1.05,1.0925,1.0
800,0.5,late,1.05,1.095,1.0
800,0.5,late,1.05,1.0975,1.0
800,0.5,late,1.05,1.1,1.0
800,0.5,late,1.05,1.1025,1.0
800,0.5,late,1.05,1.105,1.0
800,0.5,late,1.05,1.1075,1.0
800,0.5,late,1.05,1.11,1.0
800,0.5,late,1.05,1.1125,1.0
800,0.5,late,1.05,1.115,1.0
800,0.5,late,1.05,1.1175,1.0
800,0.5,late,1.05,1.12,1.0
800,0.5,late,1.05,1.1225,1.0
800,0.5,late,1.05,1.125,1.0
800,0.5,late,1.05,1.1275,1.0
800,0.5,late,1.05,1.13,1.0
800,0.5,late,1.05,1.1325,1.0
800,0.5,late,1.05,1.135,1.0
800,0.5,late,1.05,1.1375,1.0
800,0.5,late,1.05,1.14,1.0
800,0.5,late,1.05,1.1425,1.0
800,0.5,late,1.05,1.145,1.0
800,0.5,late,1.05,1.1475,1.0
800,0.5,late,1.05,1.15,1.0
800,0.5,late,1.05,1.1525,1.0
800,0.5,late,1.05,1.155,1.0
800,0.5,late,1.05,1.1575,1.0
800,0.5,late,1.05,1.16,1.0
800,0.5,late,1.05,1.1625,1.0
800,0.5,late,1.05,1.165,1.0
800,0.5,late,1.05,1.1675,1.0
800,0.5,late,1.05,1.17,1.0
800,0.5,late,1.05,1.1725,1.0
800,0.5,late,1.05,1.175,1.0
800,0.5,late,1.05,1.1775,1.0
800,0.5,late,1.05,1.18,1.0
800,0.5,late,1.05,1.1825,1.0
800,0.5,late,1.05,1.185,1.0
800,0.5,late,1.05,1.1875,1.0
800,0.5,late,1.05,1.19,1.0
800,0.5,late,1.05,1.1925,1.0
800,0.5,late,1.05,1.195,1.0
800,0.5,late,1.05,1.1975,1.0
800,0.5,late,1.05,1.2,1.0
800,0.5,late,1.05,1.2025,1.0
800,0.5,late,1.05,1.205,1.0
800,0.5,late,1.05,1.2075,1.0
800,0.5,late,1.05,1.21,1.0
800,0.5,late,1.05,1.2125,1.0
800,0.5,late,1.05,1.215,1.0
800,0.5,late,1.05,1.2175,1.0
800,0.5,late,1.05,1.22,1.0
800,0.5,late,1.05,1.2225,1.0
800,0.5,late,1.05,1.225,1.0
800,0.5,late,1.05,1.2275,1.0
800,0.5,late,1.05,1.23,1.0
800,0.5,late,1.05,1.2325,1.0
800,0.5,late,1.05,1.235,1.0
800,0.5,late,1.05,1.2375,1.0
800,0.5,late,1.05,1.24,1.0
800,0.5,late,1.05,1.2425,1.0
800,0.5,late,1.05,1.245,1.0
800,0.5,late,1.05,1.2475,1.0
800,0.5,late,1.05,1.25,1.0
800,0.5,late,1.05,1.2525,1.0
800,0.5,late,1.05,1.255,1.0
800,0.5,late,1.05,1.2575,1.0
800,0.5,late,1.05,1.26,1.0
800,0.5,late,1.05,1.2625,1.0
800,0.5,late,1.05,1.265,1.0
800,0.5,late,1.05,1.2675,1.0
800,0.5,late,1.05,1.27,1.0
800,0.5,late,1.05,1.2725,1.0
800,0.5,late,1.05,1.275,1.0
800,0.5,late,1.05,1.2775,1.0
800,0.5,late,1.05,1.28,1.0
800,0.5,late,1.05,1.2825,1.0
800,0.5,late,1.05,1.285,1.0
800,0.5,late,1.05,1.2875,1.0
800,0.5,late,1.05,1.29,1.0
800,0.5,late,1.05,1.2925,1.0
800,0.5,late,1.05,1.295,1.0
800,0.5,late,1.05,1.2975,1.0
800,0.5,late,1.05,1.3,1.0
800,0.5,late,1.05,1.3025,1.0
800,0.5,late,1.05,1.305,1.0
800,0.5,late,1.05,1.3075,1.0
800,0.5,late,1.05,1.31,1.0
800,0.5,late,1.05,1.3125,1.0
800,0.5,late,1.05,1.315,1.0
800,0.5,late,1.05,1.3175,1.0
800,0.5,late,1.05,1.32,1.0
800,0.5,late,1.05,1.3225,1.0
800,0.5,late,1.05,1.325,1.0
800,0.5,late,1.05,1.3275,1.0
800,0.5,late,1.05,1.33,1.0
800,0.5,late,1.05,1.3325,1.0
800,0.5,late,1.05,1.335,1.0
800,0.5,late,1.05,1.3375,1.0
800,0.5,late,1.05,1.34,1.0
800,0.5,late,1.05,1.3425,1.0
800,0.5,late,1.05,1.345,1.0
800,0.5,late,1.05,1.3475,1.0
800,0.5,late,1.05,1.35,1.0
800,0.5,late,1.05,1.3525,1.0
800,0.5,late,1.05,1.355,1.0
800,0.5,late,1.05,1.3575,1.0
800,0.5,late,1.05,1.36,1.0
800,0.5,late,1.05,1.3625,1.0
800,0.5,late,1.05,1.365,1.0
800,0.5,late,1.05,1.3675,1.0
800,0.5,late,1.05,1.37,1.0
800,0.5,late,1.05,1.3725,1.0
800,0.5,late,1.05,1.375,1.0
800,0.5,late,1.05,1.3775,1.0
800,0.5,late,1.05,1.38,1.0
800,0.5,late,1.05,1.3825,1.0
800,0.5,late,1.05,1.385,1.0
800,0.5,late,1.05,1.3875,1.0
800,0.5,late,1.05,1.39,1.0
800,0.5,late,1.05,1.3925,1.0
800,0.5,late,1.05,1.395,1.0
800,0.5,late,1.05,1.3975,1.0
800,0.5,late,1.05,1.4,1.0
800,0.5,first,5.73,0.8,0.488197
800,0.5,first,5.73,0.8025,0.488239
800,0.5,first,5.73,0.805,0.488338
800,0.5,first,5.73,0.8075,0.488477
800,0.5,first,5.73,0.81,0.488636
800,0.5,first,5.73,0.8125,0.4888
800,0.5,first,5.73,0.815,0.488955
800,0.5,first,5.73,0.8175,0.489095
800,0.5,first,5.73,0.82,0.489217
800,0.5,first,5.73,0.8225,0.48932
800,0.5,first,5.73,0.825,0.489403
800,0.5,first,5.73,0.8275,0.489464
800,0.5,first,5.73,0.83,0.489497
800,0.5,first,5.73,0.8325,0.489494
800,0.5,first,5.73,0.835,0.489451
800,0.5,first,5.73,0.8375,0.489363
800,0.5,first,5.73,0.84,0.48923
800,0.5,first,5.73,0.8425,0.489053
800,0.5,first,5.73,0.845,0.488832
800,0.5,first,5.73,0.8475,0.48857
800,0.5,first,5.73,0.85,0.488267
800,0.5,first,5.73,0.8525,0.487928
800,0.5,first,5.73,0.855,0.48756
800,0.5,first,5.73,0.8575,0.48718
800,0.5,first,5.73,0.86,0.486811
800,0.5,first,5.73,0.8625,0.486479
800,0.5,first,5.73,0.865,0.486214
800,0.5,first,5.73,0.8675,0.486035
800,0.5,first,5.73,0.87,0.485954
800,0.5,first,5.73,0.8725,0.485968
800,0.5,first,5.73,0.875,0.48606
800,0.5,first,5.73,0.8775,0.486199
800,0.5,first,5.73,0.88,0.486353
800,0.5,first,5.73,0.8825,0.486485
800,0.5,first,5.73,0.885,0.486565
800,0.5,first,5.73,0.8875,0.486569
800,0.5,first,5.73,0.89,0.486481
800,0.5,first,5.73,0.8925,0.486293
800,0.5,first,5.73,0.895,0.486001
800,0.5,first,5.73,0.8975,0.485606
800,0.5,first,5.73,0.9,0.485113
800,0.5,first,5.73,0.9025,0.484536
800,0.5,first,5.73,0.905,0.4839
800,0.5,first,5.73,0.9075,0.483243
800,0.5,first,5.73,0.91,0.482614
800,0.5,first,5.73,0.9125,0.482073
800,0.5,first,5.73,0.915,0.481674
800,0.5,first,5.73,0.9175,0.481463
800,0.5,first,5.73,0.92,0.481464
800,0.5,first,5.73,0.9225,0.481671
800,0.5,first,5.73,0.925,0.482048
800,0.5,first,5.73,0.9275,0.482523
800,0.5,first,5.73,0.93,0.483001
800,0.5,first,5.73,0.9325,0.483368
800,0.5,first,5.73,0.935,0.48351
800,0.5,first,5.73,0.9375,0.483324
800,0.5,first,5.73,0.94,0.482737
800,0.5,first,5.73,0.9425,0.481719
800,0.5,first,5.73,0.945,0.480279
800,0.5,first,5.73,0.9475,0.478467
800,0.5,first,5.73,0.95,0.476356
800,0.5,first,5.73,0.9525,0.474025
800,0.5,first,5.73,0.955,0.471543
800,0.5,first,5.73,0.9575,0.468957
800,0.5,first,5.73,0.96,0.466299
800,0.5,first,5.73,0.9625,0.463593
800,0.5,first,5.73,0.965,0.460869
800,0.5,first,5.73,0.9675,0.458182
800,0.5,first,5.73,0.97,0.455612
800,0.5,first,5.73,0.9725,0.453269
800,0.5,first,5.73,0.975,0.451289
800,0.5,first,5.73,0.9775,0.449833
800,0.5,first,5.73,0.98,0.449086
800,0.5,first,5.73,0.9825,0.449264
800,0.5,first,5.73,0.985,0.450618
800,0.5,first,5.73,0.9875,0.453431
800,0.5,first,5.73,0.99,0.458006
800,0.5,first,5.73,0.9925,0.464646
800,0.5,first,5.73,0.995,0.473619
800,0.5,first,5.73,0.9975,0.485127
800,0.5,first,5.73,1.0,0.499277
800,0.5,first,5.73,1.0025,0.516059
800,0.5,first,5.73,1.005,0.535342
800,0.5,first,5.73,1.0075,0.556879
800,0.5,first,5.73,1.01,0.580327
800,0.5,first,5.73,1.0125,0.605277
800,0.5,first,5.73,1.015,0.631283
800,0.5,first,5.73,1.0175,0.657896
800,0.5,first,5.73,1.02,0.684687
800,0.5,first,5.73,1.0225,0.71126
800,0.5,first,5.73,1.025,0.737266
800,0.5,first,5.73,1.0275,0.762404
800,0.5,first,5.73,1.03,0.786424
800,0.5,first,5.73,1.0325,0.809128
800,0.5,first,5.73,1.035,0.830374
800,0.5,first,5.73,1.0375,0.85007
800,0.5,first,5.73,1.04,0.868173
800,0.5,first,5.73,1.0425,0.884683
800,0.5,first,5.73,1.045,0.899631
800,0.5,first,5.73,1.0475,0.913069
800,0.5,first,5.73,1.05,0.925068
800,0.5,first,5.73,1.0525,0.935704
800,0.5,first,5.73,1.055,0.945066
800,0.5,first,5.73,1.0575,0.953247
800,0.5,first,5.73,1.06,0.960348
800,0.5,first,5.73,1.0625,0.966477
800,0.5,first,5.73,1.065,0.971739
800,0.5,first,5.73,1.0675,0.976242
800,0.5,first,5.73,1.07,0.980084
800,0.5,first,5.73,1.0725,0.983357
800,0.5,first,5.73,1.075,0.986141
800,0.5,first,5.73,1.0775,0.988506
800,0.5,first,5.73,1.08,0.990511
800,0.5,first,5.73,1.0825,0.992205
800,0.5,first,5.73,1.085,0.993631
800,0.5,first,5.73,1.0875,0.994825
800,0.5,first,5.73,1.09,0.99582
800,0.5,first,5.73,1.0925,0.996642
800,0.5,first,5.73,1.095,0.997318
800,0.5,first,5.73,1.0975,0.997869
800,0.5,first,5.73,1.1,0.998315
800,0.5,first,5.73,1.1025,0.998674
800,0.5,first,5.73,1.105,0.998961
800,0.5,first,5.73,1.1075,0.999189
800,0.5,first,5.73,1.11,0.99937
800,0.5,first,5.73,1.1125,0.999512
800,0.5,first,5.73,1.115,0.999624
800,0.5,first,5.73,1.1175,0.999711
800,0.5,first,5.73,1.12,0.999779
800,0.5,first,5.73,1.1225,0.999831
800,0.5,first,5.73,1.125,0.999872
800,0.5,first,5.73,1.1275,0.999903
800,0.5,first,5.73,1.13,0.999927
800,0.5,first,5.73,1.1325,0.999945
800,0.5,first,5.73,1.135,0.999959
800,0.5,first,5.73,1.1375,0.99997
800,0.5,first,5.73,1.14,0.999978
800,0.5,first,5.73,1.1425,0.999984
800,0.5,first,5.73,1.145,0.999988
800,0.5,first,5.73,1.1475,0.999991
800,0.5,first,5.73,1.15,0.999994
800,0.5,first,5.73,1.1525,0.999995
800,0.5,first,5.73,1.155,0.999997
800,0.5,first,5.73,1.1575,0.999998
800,0.5,first,5.73,1.16,0.999998
800,0.5,first,5.73,1.1625,0.999999
800,0.5,first,5.73,1.165,0.999999
800,0.5,first,5.73,1.1675,0.999999
800,0.5,first,5.73,1.17,1.0
800,0.5,first,5.73,1.1725,1.0
800,0.5,first,5.73,1.175,1.0
800,0.5,first,5.73,1.1775,1.0
800,0.5,first,5.73,1.18,1.0
800,0.5,first,5.73,1.1825,1.0
800,0.5,first,5.73,1.185,1.0
800,0.5,first,5.73,1.1875,1.0
800,0.5,first,5.73,1.19,1.0
800,0.5,first,5.73,1.1925,1.0
800,0.5,first,5.73,1.195,1.0
800,0.5,first,5.73,1.1975,1.0
800,0.5,first,5.73,1.2,1.0
800,0.5,first,5.73,1.2025,1.0
800,0.5,first,5.73,1.205,1.0
800,0.5,first,5.73,1.2075,1.0
800,0.5,first,5.73,1.21,1.0
800,0.5,first,5.73,1.2125,1.0
800,0.5,first,5.73,1.215,1.0
800,0.5,first,5.73,1.2175,1.0
800,0.5,first,5.73,1.22,1.0
800,0.5,first,5.73,1.2225,1.0
800,0.5,first,5.73,1.225,1.0
800,0.5,first,5.73,1.2275,1.0
800,0.5,first,5.73,1.23,1.0
800,0.5,first,5.73,1.2325,1.0
800,0.5,first,5.73,1.235,1.0
800,0.5,first,5.73,1.2375,1.0
800,0.5,first,5.73,1.24,1.0
800,0.5,first,5.73,1.2425,1.0
800,0.5,first,5.73,1.245,1.0
800,0.5,first,5.73,1.2475,1.0
800,0.5,first,5.73,1.25,1.0
800,0.5,first,5.73,1.2525,1.0
800,0.5,first,5.73,1.255,1.0
800,0.5,first,5.73,1.2575,1.0
800,0.5,first,5.73,1.26,1.0
800,0.5,first,5.73,1.2625,1.0
800,0.5,first,5.73,1.265,1.0
800,0.5,first,5.73,1.2675,1.0
800,0.5,first,5.73,1.27,1.0
800,0.5,first,5.73,1.2725,1.0
800,0.5,first,5.73,1.275,1.0
800,0.5,first,5.73,1.2775,1.0
800,0.5,first,5.73,1.28,1.0
800,0.5,first,5.73,1.2825,1.0
800,0.5,first,5.73,1.285,1.0
800,0.5,first,5.73,1.2875,1.0
800,0.5,first,5.73,1.29,1.0
800,0.5,first,5.73,1.2925,1.0
800,0.5,first,5.73,1.295,1.0
800,0.5,first,5.73,1.2975,1.0
800,0.5,first,5.73,1.3,1.0
800,0.5,first,5.73,1.3025,1.0
800,0.5,first,5.73,1.305,1.0
800,0.5,first,5.73,1.3075,1.0
800,0.5,first,5.73,1.31,1.0
800,0.5,first,5.73,1.3125,1.0
800,0.5,first,5.73,1.315,1.0
800,0.5,first,5.73,1.3175,1.0
800,0.5,first,5.73,1.32,1.0
800,0.5,first,5.73,1.3225,1.0
800,0.5,first,5.73,1.325,1.0
800,0.5,first,5.73,1.3275,1.0
800,0.5,first,5.73,1.33,1.0
800,0.5,first,5.73,1.3325,1.0
800,0.5,first,5.73,1.335,1.0
800,0.5,first,5.73,1.3375,1.0
800,0.5,first,5.73,1.34,1.0
800,0.5,first,5.73,1.3425,1.0
800,0.5,first,5.73,1.345,1.0
800,0.5,first,5.73,1.3475,1.0
800,0.5,first,5.73,1.35,1.0
800,0.5,first,5.73,1.3525,1.0
800,0.5,first,5.73,1.355,1.0
800,0.5,first,5.73,1.3575,1.0
800,0.5,first,5.73,1.36,1.0
800,0.5,first,5.73,1.3625,1.0
800,0.5,first,5.73,1.365,1.0
800,0.5,first,5.73,1.3675,1.0
800,0.5,first,5.73,1.37,1.0
800,0.5,first,5.73,1.3725,1.0
800,0.5,first,5.73,1.375,1.0
800,0.5,first,5.73,1.3775,1.0
800,0.5,first,5.73,1.38,1.0
800,0.5,first,5.73,1.3825,1.0
800,0.5,first,5.73,1.385,1.0
800,0.5,first,5.73,1.3875,1.0
800,0.5,first,5.73,1.39,1.0
800,0.5,first,5.73,1.3925,1.0
800,0.5,first,5.73,1.395,1.0
800,0.5,first,5.73,1.3975,1.0
800,0.5,first,5.73,1.4,1.0
800,0.05,perfect,,0.8,0.047521
800,0.05,perfect,,0.8025,0.047684
800,0.05,perfect,,0.805,0.048074
800,0.05,perfect,,0.8075,0.048704
800,0.05,perfect,,0.81,0.049592
800,0.05,perfect,,0.8125,0.050759
800,0.05,perfect,,0.815,0.040465
800,0.05,perfect,,0.8175,0.041812
800,0.05,perfect,,0.82,0.043455
800,0.05,perfect,,0.8225,0.04543
800,0.05,perfect,,0.825,0.047782
800,0.05,perfect,,0.8275,0.050564
800,0.05,perfect,,0.83,0.040995
800,0.05,perfect,,0.8325,0.043928
800,0.05,perfect,,0.835,0.047384
800,0.05,perfect,,0.8375,0.051451
800,0.05,perfect,,0.84,0.042303
800,0.05,perfect,,0.8425,0.046608
800,0.05,perfect,,0.845,0.05171
800,0.05,perfect,,0.8475,0.042995
800,0.05,perfect,,0.85,0.048474
800,0.05,perfect,,0.8525,0.040501
800,0.05,perfect,,0.855,0.046455
800,0.05,perfect,,0.8575,0.03907
800,0.05,perfect,,0.86,0.045642
800,0.05,perfect,,0.8625,0.038708
800,0.05,perfect,,0.865,0.046103
800,0.05,perfect,,0.8675,0.039501
800,0.05,perfect,,0.87,0.048012
800,0.05,perfect,,0.8725,0.041642
800,0.05,perfect,,0.875,0.051687
800,0.05,perfect,,0.8775,0.045474
800,0.05,perfect,,0.88,0.040038
800,0.05,perfect,,0.8825,0.051567
800,0.05,perfect,,0.885,0.046207
800,0.05,perfect,,0.8875,0.041507
800,0.05,perfect,,0.89,0.0374
800,0.05,perfect,,0.8925,0.051011
800,0.05,perfect,,0.895,0.047001
800,0.05,perfect,,0.8975,0.043525
800,0.05,perfect,,0.9,0.040537
800,0.05,perfect,,0.9025,0.037997
800,0.05,perfect,,0.905,0.035873
800,0.05,perfect,,0.9075,0.034137
800,0.05,perfect,,0.91,0.032772
800,0.05,perfect,,0.9125,0.051947
800,0.05,perfect,,0.915,0.05157
800,0.05,perfect,,0.9175,0.051774
800,0.05,perfect,,0.92,0.030926
800,0.05,perfect,,0.9225,0.031445
800,0.05,perfect,,0.925,0.03244
800,0.05,perfect,,0.9275,0.033992
800,0.05,perfect,,0.93,0.036221
800,0.05,perfect,,0.9325,0.039291
800,0.05,perfect,,0.935,0.04344
800,0.05,perfect,,0.9375,0.049003
800,0.05,perfect,,0.94,0.028702
800,0.05,perfect,,0.9425,0.033556
800,0.05,perfect,,0.945,0.040236
800,0.05,perfect,,0.9475,0.049542
800,0.05,perfect,,0.95,0.02875
800,0.05,perfect,,0.9525,0.037342
800,0.05,perfect,,0.955,0.050128
800,0.05,perfect,,0.9575,0.028813
800,0.05,perfect,,0.96,0.041558
800,0.05,perfect,,0.9625,0.023093
800,0.05,perfect,,0.965,0.036382
800,0.05,perfect,,0.9675,0.0196
800,0.05,perfect,,0.97,0.034468
800,0.05,perfect,,0.9725,0.018086
800,0.05,perfect,,0.975,0.036584
800,0.05,perfect,,0.9775,0.018843
800,0.05,perfect,,0.98,0.045813
800,0.05,perfect,,0.9825,0.023496
800,0.05,perfect,,0.985,0.010472
800,0.05,perfect,,0.9875,0.038788
800,0.05,perfect,,0.99,0.01708
800,0.05,perfect,,0.9925,0.00572
800,0.05,perfect,,0.995,0.001177
800,0.05,perfect,,0.9975,0.012261
800,0.05,perfect,,1.0,0.0
800,0.05,perfect,,1.0025,0.012261
800,0.05,perfect,,1.005,0.048151
800,0.05,perfect,,1.0075,0.105093
800,0.05,perfect,,1.01,0.179138
800,0.05,perfect,,1.0125,0.265412
800,0.05,perfect,,1.015,0.358646
800,0.05,perfect,,1.0175,0.453701
800,0.05,perfect,,1.02,1.0
800,0.05,perfect,,1.0225,1.0
800,0.05,perfect,,1.025,1.0
800,0.05,perfect,,1.0275,1.0
800,0.05,perfect,,1.03,1.0
800,0.05,perfect,,1.0325,1.0
800,0.05,perfect,,1.035,1.0
800,0.05,perfect,,1.0375,1.0
800,0.05,perfect,,1.04,1.0
800,0.05,perfect,,1.0425,1.0
800,0.05,perfect,,1.045,1.0
800,0.05,perfect,,1.0475,1.0
800,0.05,perfect,,1.05,1.0
800,0.05,perfect,,1.0525,1.0
800,0.05,perfect,,1.055,1.0
800,0.05,perfect,,1.0575,1.0
800,0.05,perfect,,1.06,1.0
800,0.05,perfect,,1.0625,1.0
800,0.05,perfect,,1.065,1.0
800,0.05,perfect,,1.0675,1.0
800,0.05,perfect,,1.07,1.0
800,0.05,perfect,,1.0725,1.0
800,0.05,perfect,,1.075,1.0
800,0.05,perfect,,1.0775,1.0
800,0.05,perfect,,1.08,1.0
800,0.05,perfect,,1.0825,1.0
800,0.05,perfect,,1.085,1.0
800,0.05,perfect,,1.0875,1.0
800,0.05,perfect,,1.09,1.0
800,0.05,perfect,,1.0925,1.0
800,0.05,perfect,,1.095,1.0
800,0.05,perfect,,1.0975,1.0
800,0.05,perfect,,1.1,1.0
800,0.05,perfect,,1.1025,1.0
800,0.05,perfect,,1.105,1.0
800,0.05,perfect,,1.1075,1.0
800,0.05,perfect,,1.11,1.0
800,0.05,perfect,,1.1125,1.0
800,0.05,perfect,,1.115,1.0
800,0.05,perfect,,1.1175,1.0
800,0.05,perfect,,1.12,1.0
800,0.05,perfect,,1.1225,1.0
800,0.05,perfect,,1.125,1.0
800,0.05,perfect,,1.1275,1.0
800,0.05,perfect,,1.13,1.0
800,0.05,perfect,,1.1325,1.0
800,0.05,perfect,,1.135,1.0
800,0.05,perfect,,1.1375,1.0
800,0.05,perfect,,1.14,1.0
800,0.05,perfect,,1.1425,1.0
800,0.05,perfect,,1.145,1.0
800,0.05,perfect,,1.1475,1.0
800,0.05,perfect,,1.15,1.0
800,0.05,perfect,,1.1525,1.0
800,0.05,perfect,,1.155,1.0
800,0.05,perfect,,1.1575,1.0
800,0.05,perfect,,1.16,1.0
800,0.05,perfect,,1.1625,1.0
800,0.05,perfect,,1.165,1.0
800,0.05,perfect,,1.1675,1.0
800,0.05,perfect,,1.17,1.0
800,0.05,perfect,,1.1725,1.0
800,0.05,perfect,,1.175,1.0
800,0.05,perfect,,1.1775,1.0
800,0.05,perfect,,1.18,1.0
800,0.05,perfect,,1.1825,1.0
800,0.05,perfect,,1.185,1.0
800,0.05,perfect,,1.1875,1.0
800,0.05,perfect,,1.19,1.0
800,0.05,perfect,,1.1925,1.0
800,0.05,perfect,,1.195,1.0
800,0.05,perfect,,1.1975,1.0
800,0.05,perfect,,1.2,1.0
800,0.05,perfect,,1.2025,1.0
800,0.05,perfect,,1.205,1.0
800,0.05,perfect,,1.2075,1.0
800,0.05,perfect,,1.21,1.0
800,0.05,perfect,,1.2125,1.0
800,0.05,perfect,,1.215,1.0
800,0.05,perfect,,1.2175,1.0
800,0.05,perfect,,1.22,1.0
800,0.05,perfect,,1.2225,1.0
800,0.05,perfect,,1.225,1.0
800,0.05,perfect,,1.2275,1.0
800,0.05,perfect,,1.23,1.0
800,0.05,perfect,,1.2325,1.0
800,0.05,perfect,,1.235,1.0
800,0.05,perfect,,1.2375,1.0
800,0.05,perfect,,1.24,1.0
800,0.05,perfect,,1.2425,1.0
800,0.05,perfect,,1.245,1.0
800,0.05,perfect,,1.2475,1.0
800,0.05,perfect,,1.25,1.0
800,0.05,perfect,,1.2525,1.0
800,0.05,perfect,,1.255,1.0
800,0.05,perfect,,1.2575,1.0
800,0.05,perfect,,1.26,1.0
800,0.05,perfect,,1.2625,1.0
800,0.05,perfect,,1.265,1.0
800,0.05,perfect,,1.2675,1.0
800,0.05,perfect,,1.27,1.0
800,0.05,perfect,,1.2725,1.0
800,0.05,perfect,,1.275,1.0
800,0.05,perfect,,1.2775,1.0
800,0.05,perfect,,1.28,1.0
800,0.05,perfect,,1.2825,1.0
800,0.05,perfect,,1.285,1.0
800,0.05,perfect,,1.2875,1.0
800,0.05,perfect,,1.29,1.0
800,0.05,perfect,,1.2925,1.0
800,0.05,perfect,,1.295,1.0
800,0.05,perfect,,1.2975,1.0
800,0.05,perfect,,1.3,1.0
800,0.05,perfect,,1.3025,1.0
800,0.05,perfect,,1.305,1.0
800,0.05,perfect,,1.3075,1.0
800,0.05,perfect,,1.31,1.0
800,0.05,perfect,,1.3125,1.0
800,0.05,perfect,,1.315,1.0
800,0.05,perfect,,1.3175,1.0
800,0.05,perfect,,1.32,1.0
800,0.05,perfect,,1.3225,1.0
800,0.05,perfect,,1.325,1.0
800,0.05,perfect,,1.3275,1.0
800,0.05,perfect,,1.33,1.0
800,0.05,perfect,,1.3325,1.0
800,0.05,perfect,,1.335,1.0
800,0.05,perfect,,1.3375,1.0
800,0.05,perfect,,1.34,1.0
800,0.05,perfect,,1.3425,1.0
800,0.05,perfect,,1.345,1.0
800,0.05,perfect,,1.3475,1.0
800,0.05,perfect,,1.35,1.0
800,0.05,perfect,,1.3525,1.0
800,0.05,perfect,,1.355,1.0
800,0.05,perfect,,1.3575,1.0
800,0.05,perfect,,1.36,1.0
800,0.05,perfect,,1.3625,1.0
800,0.05,perfect,,1.365,1.0
800,0.05,perfect,,1.3675,1.0
800,0.05,perfect,,1.37,1.0
800,0.05,perfect,,1.3725,1.0
800,0.05,perfect,,1.375,1.0
800,0.05,perfect,,1.3775,1.0
800,0.05,perfect,,1.38,1.0
800,0.05,perfect,,1.3825,1.0
800,0.05,perfect,,1.385,1.0
800,0.05,perfect,,1.3875,1.0
800,0.05,perfect,,1.39,1.0
800,0.05,perfect,,1.3925,1.0
800,0.05,perfect,,1.395,1.0
800,0.05,perfect,,1.3975,1.0
800,0.05,perfect,,1.4,1.0
800,0.05,late,1.05,0.8,0.12792
800,0.05,late,1.05,0.8025,0.126886
800,0.05,late,1.05,0.805,0.126119
800,0.05,late,1.05,0.8075,0.125735
800,0.05,late,1.05,0.81,0.125769
800,0.05,late,1.05,0.8125,0.126177
800,0.05,late,1.05,0.815,0.126863
800,0.05,late,1.05,0.8175,0.127697
800,0.05,late,1.05,0.82,0.128538
800,0.05,late,1.05,0.8225,0.129245
800,0.05,late,1.05,0.825,0.129695
800,0.05,late,1.05,0.8275,0.129808
800,0.05,late,1.05,0.83,0.129575
800,0.05,late,1.05,0.8325,0.129073
800,0.05,late,1.05,0.835,0.128453
800,0.05,late,1.05,0.8375,0.127898
800,0.05,late,1.05,0.84,0.127559
800,0.05,late,1.05,0.8425,0.127495
800,0.05,late,1.05,0.845,0.127659
800,0.05,late,1.05,0.8475,0.127914
800,0.05,late,1.05,0.85,0.128103
800,0.05,late,1.05,0.8525,0.128115
800,0.05,late,1.05,0.855,0.127939
800,0.05,late,1.05,0.8575,0.127663
800,0.05,late,1.05,0.86,0.127434
800,0.05,late,1.05,0.8625,0.12738
800,0.05,late,1.05,0.865,0.127547
800,0.05,late,1.05,0.8675,0.127877
800,0.05,late,1.05,0.87,0.128242
800,0.05,late,1.05,0.8725,0.128512
800,0.05,late,1.05,0.875,0.128621
800,0.05,late,1.05,0.8775,0.128597
800,0.05,late,1.05,0.88,0.128531
800,0.05,late,1.05,0.8825,0.128514
800,0.05,late,1.05,0.885,0.128581
800,0.05,late,1.05,0.8875,0.128698
800,0.05,late,1.05,0.89,0.12879
800,0.05,late,1.05,0.8925,0.128801
800,0.05,late,1.05,0.895,0.128725
800,0.05,late,1.05,0.8975,0.128599
800,0.05,late,1.05,0.9,0.128472
800,0.05,late,1.05,0.9025,0.128367
800,0.05,late,1.05,0.905,0.12828
800,0.05,late,1.05,0.9075,0.128201
800,0.05,late,1.05,0.91,0.128133
800,0.05,late,1.05,0.9125,0.128096
800,0.05,late,1.05,0.915,0.128102
800,0.05,late,1.05,0.9175,0.128144
800,0.05,late,1.05,0.92,0.128196
800,0.05,late,1.05,0.9225,0.128235
800,0.05,late,1.05,0.925,0.128255
800,0.05,late,1.05,0.9275,0.128253
800,0.05,late,1.05,0.93,0.128216
800,0.05,late,1.05,0.9325,0.128107
800,0.05,late,1.05,0.935,0.127877
800,0.05,late,1.05,0.9375,0.127481
800,0.05,late,1.05,0.94,0.126881
800,0.05,late,1.05,0.9425,0.126049
800,0.05,late,1.05,0.945,0.124971
800,0.05,late,1.05,0.9475,0.12366
800,0.05,late,1.05,0.95,0.12218
800,0.05,late,1.05,0.9525,0.120652
800,0.05,late,1.05,0.955,0.119237
800,0.05,late,1.05,0.9575,0.118104
800,0.05,late,1.05,0.96,0.117404
800,0.05,late,1.05,0.9625,0.117252
800,0.05,late,1.05,0.965,0.11772
800,0.05,late,1.05,0.9675,0.118811
800,0.05,late,1.05,0.97,0.120409
800,0.05,late,1.05,0.9725,0.122213
800,0.05,late,1.05,0.975,0.123682
800,0.05,late,1.05,0.9775,0.124059
800,0.05,late,1.05,0.98,0.122448
800,0.05,late,1.05,0.9825,0.117959
800,0.05,late,1.05,0.985,0.109882
800,0.05,late,1.05,0.9875,0.097962
800,0.05,late,1.05,0.99,0.082851
800,0.05,late,1.05,0.9925,0.066702
800,0.05,late,1.05,0.995,0.053664
800,0.05,late,1.05,0.9975,0.049823
800,0.05,late,1.05,1.0,0.06224
800,0.05,late,1.05,1.0025,0.097151
800,0.05,late,1.05,1.005,0.157903
800,0.05,late,1.05,1.0075,0.243503
800,0.05,late,1.05,1.01,0.348454
800,0.05,late,1.05,1.0125,0.463984
800,0.05,late,1.05,1.015,0.580114
800,0.05,late,1.05,1.0175,0.687804
800,0.05,late,1.05,1.02,0.780483
800,0.05,late,1.05,1.0225,0.854709
800,0.05,late,1.05,1.025,0.910025
800,0.05,late,1.05,1.0275,0.948277
800,0.05,late,1.05,1.03,0.972688
800,0.05,late,1.05,1.0325,0.98694
800,0.05,late,1.05,1.035,0.994459
800,0.05,late,1.05,1.0375,0.997978
800,0.05,late,1.05,1.04,0.999397
800,0.05,late,1.05,1.0425,0.999866
800,0.05,late,1.05,1.045,0.999982
800,0.05,late,1.05,1.0475,0.999999
800,0.05,late,1.05,1.05,1.0
800,0.05,late,1.05,1.0525,1.0
800,0.05,late,1.05,1.055,0.999998
800,0.05,late,1.05,1.0575,0.999993
800,0.05,late,1.05,1.06,0.999988
800,0.05,late,1.05,1.0625,0.999986
800,0.05,late,1.05,1.065,0.999985
800,0.05,late,1.05,1.0675,0.999987
800,0.05,late,1.05,1.07,0.99999
800,0.05,late,1.05,1.0725,0.999993
800,0.05,late,1.05,1.075,0.999995
800,0.05,late,1.05,1.0775,0.999997
800,0.05,late,1.05,1.08,0.999998
800,0.05,late,1.05,1.0825,0.999999
800,0.05,late,1.05,1.085,0.999999
800,0.05,late,1.05,1.0875,0.999999
800,0.05,late,1.05,1.09,0.999999
800,0.05,late,1.05,1.0925,0.999999
800,0.05,late,1.05,1.095,0.999999
800,0.05,late,1.05,1.0975,0.999999
800,0.05,late,1.05,1.1,0.999999
800,0.05,late,1.05,1.1025,0.999999
800,0.05,late,1.05,1.105,1.0
800,0.05,late,1.05,1.1075,1.0
800,0.05,late,1.05,1.11,1.0
800,0.05,late,1.05,1.1125,1.0
800,0.05,late,1.05,1.115,1.0
800,0.05,late,1.05,1.1175,1.0
800,0.05,late,1.05,1.12,1.0
800,0.05,late,1.05,1.1225,1.0
800,0.05,late,1.05,1.125,1.0
800,0.05,late,1.05,1.1275,1.0
800,0.05,late,1.05,1.13,1.0
800,0.05,late,1.05,1.1325,1.0
800,0.05,late,1.05,1.135,1.0
800,0.05,late,1.05,1.1375,1.0
800,0.05,late,1.05,1.14,1.0
800,0.05,late,1.05,1.1425,1.0
800,0.05,late,1.05,1.145,1.0
800,0.05,late,1.05,1.1475,1.0
800,0.05,late,1.05,1.15,1.0
800,0.05,late,1.05,1.1525,1.0
800,0.05,late,1.05,1.155,1.0
800,0.05,late,1.05,1.1575,1.0
800,0.05,late,1.05,1.16,1.0
800,0.05,late,1.05,1.1625,1.0
800,0.05,late,1.05,1.165,1.0
800,0.05,late,1.05,1.1675,1.0
800,0.05,late,1.05,1.17,1.0
800,0.05,late,1.05,1.1725,1.0
800,0.05,late,1.05,1.175,1.0
800,0.05,late,1.05,1.1775,1.0
800,0.05,late,1.05,1.18,1.0
800,0.05,late,1.05,1.1825,1.0
800,0.05,late,1.05,1.185,1.0
800,0.05,late,1.05,1.1875,1.0
800,0.05,late,1.05,1.19,1.0
800,0.05,late,1.05,1.1925,1.0
800,0.05,late,1.05,1.195,1.0
800,0.05,late,1.05,1.1975,1.0
800,0.05,late,1.05,1.2,1.0
800,0.05,late,1.05,1.2025,1.0
800,0.05,late,1.05,1.205,1.0
800,0.05,late,1.05,1.2075,1.0
800,0.05,late,1.05,1.21,1.0
800,0.05,late,1.05,1.2125,1.0
800,0.05,late,1.05,1.215,1.0
800,0.05,late,1.05,1.2175,1.0
800,0.05,late,1.05,1.22,1.0
800,0.05,late,1.05,1.2225,1.0
800,0.05,late,1.05,1.225,1.0
800,0.05,late,1.05,1.2275,1.0
800,0.05,late,1.05,1.23,1.0
800,0.05,late,1.05,1.2325,1.0
800,0.05,late,1.05,1.235,1.0
800,0.05,late,1.05,1.2375,1.0
800,0.05,late,1.05,1.24,1.0
800,0.05,late,1.05,1.2425,1.0
800,0.05,late,1.05,1.245,1.0
800,0.05,late,1.05,1.2475,1.0
800,0.05,late,1.05,1.25,1.0
800,0.05,late,1.05,1.2525,1.0
800,0.05,late,1.05,1.255,1.0
800,0.05,late,1.05,1.2575,1.0
800,0.05,late,1.05,1.26,1.0
800,0.05,late,1.05,1.2625,1.0
800,0.05,late,1.05,1.265,1.0
800,0.05,late,1.05,1.2675,1.0
800,0.05,late,1.05,1.27,1.0
800,0.05,late,1.05,1.2725,1.0
800,0.05,late,1.05,1.275,1.0
800,0.05,late,1.05,1.2775,1.0
800,0.05,late,1.05,1.28,1.0
800,0.05,late,1.05,1.2825,1.0
800,0.05,late,1.05,1.285,1.0
800,0.05,late,1.05,1.2875,1.0
800,0.05,late,1.05,1.29,1.0
800,0.05,late,1.05,1.2925,1.0
800,0.05,late,1.05,1.295,1.0
800,0.05,late,1.05,1.2975,1.0
800,0.05,late,1.05,1.3,1.0
800,0.05,late,1.05,1.3025,1.0
800,0.05,late,1.05,1.305,1.0
800,0.05,late,1.05,1.3075,1.0
800,0.05,late,1.05,1.31,1.0
800,0.05,late,1.05,1.3125,1.0
800,0.05,late,1.05,1.315,1.0
800,0.05,late,1.05,1.3175,1.0
800,0.05,late,1.05,1.32,1.0
800,0.05,late,1.05,1.3225,1.0
800,0.05,late,1.05,1.325,1.0
800,0.05,late,1.05,1.3275,1.0
800,0.05,late,1.05,1.33,1.0
800,0.05,late,1.05,1.3325,1.0
800,0.05,late,1.05,1.335,1.0
800,0.05,late,1.05,1.3375,1.0
800,0.05,late,1.05,1.34,1.0
800,0.05,late,1.05,1.3425,1.0
800,0.05,late,1.05,1.345,1.0
800,0.05,late,1.05,1.3475,1.0
800,0.05,late,1.05,1.35,1.0
800,0.05,late,1.05,1.3525,1.0
800,0.05,late,1.05,1.355,1.0
800,0.05,late,1.05,1.3575,1.0
800,0.05,late,1.05,1.36,1.0
800,0.05,late,1.05,1.3625,1.0
800,0.05,late,1.05,1.365,1.0
800,0.05,late,1.05,1.3675,1.0
800,0.05,late,1.05,1.37,1.0
800,0.05,late,1.05,1.3725,1.0
800,0.05,late,1.05,1.375,1.0
800,0.05,late,1.05,1.3775,1.0
800,0.05,late,1.05,1.38,1.0
800,0.05,late,1.05,1.3825,1.0
800,0.05,late,1.05,1.385,1.0
800,0.05,late,1.05,1.3875,1.0
800,0.05,late,1.05,1.39,1.0
800,0.05,late,1.05,1.3925,1.0
800,0.05,late,1.05,1.395,1.0
800,0.05,late,1.05,1.3975,1.0
800,0.05,late,1.05,1.4,1.0
800,0.05,first,5.73,0.8,0.375339
800,0.05,first,5.73,0.8025,0.375199
800,0.05,first,5.73,0.805,0.375046
800,0.05,first,5.73,0.8075,0.374887
800,0.05,first,5.73,0.81,0.374737
800,0.05,first,5.73,0.8125,0.374617
800,0.05,first,5.73,0.815,0.374546
800,0.05,first,5.73,0.8175,0.374546
800,0.05,first,5.73,0.82,0.37463
800,0.05,first,5.73,0.8225,0.374803
800,0.05,first,5.73,0.825,0.375059
800,0.05,first,5.73,0.8275,0.375384
800,0.05,first,5.73,0.83,0.375756
800,0.05,first,5.73,0.8325,0.376152
800,0.05,first,5.73,0.835,0.376549
800,0.05,first,5.73,0.8375,0.37693
800,0.05,first,5.73,0.84,0.377282
800,0.05,first,5.73,0.8425,0.377601
800,0.05,first,5.73,0.845,0.377882
800,0.05,first,5.73,0.8475,0.378122
800,0.05,first,5.73,0.85,0.378317
800,0.05,first,5.73,0.8525,0.37846
800,0.05,first,5.73,0.855,0.378542
800,0.05,first,5.73,0.8575,0.378555
800,0.05,first,5.73,0.86,0.378494
800,0.05,first,5.73,0.8625,0.378355
800,0.05,first,5.73,0.865,0.378137
800,0.05,first,5.73,0.8675,0.377839
800,0.05,first,5.73,0.87,0.377465
800,0.05,first,5.73,0.8725,0.377018
800,0.05,first,5.73,0.875,0.37651
800,0.05,first,5.73,0.8775,0.375958
800,0.05,first,5.73,0.88,0.375392
800,0.05,first,5.73,0.8825,0.374851
800,0.05,first,5.73,0.885,0.374383
800,0.05,first,5.73,0.8875,0.374038
800,0.05,first,5.73,0.89,0.37386
800,0.05,first,5.73,0.8925,0.373885
800,0.05,first,5.73,0.895,0.374132
800,0.05,first,5.73,0.8975,0.374598
800,0.05,first,5.73,0.9,0.375262
800,0.05,first,5.73,0.9025,0.376075
800,0.05,first,5.73,0.905,0.376971
800,0.05,first,5.73,0.9075,0.377865
800,0.05,first,5.73,0.91,0.37866
800,0.05,first,5.73,0.9125,0.379258
800,0.05,first,5.73,0.915,0.379568
800,0.05,first,5.73,0.9175,0.379517
800,0.05,first,5.73,0.92,0.379064
800,0.05,first,5.73,0.9225,0.378206
800,0.05,first,5.73,0.925,0.376976
800,0.05,first,5.73,0.9275,0.375447
800,0.05,first,5.73,0.93,0.37372
800,0.05,first,5.73,0.9325,0.37191
800,0.05,first,5.73,0.935,0.370131
800,0.05,first,5.73,0.9375,0.368482
800,0.05,first,5.73,0.94,0.367029
800,0.05,first,5.73,0.9425,0.365801
800,0.05,first,5.73,0.945,0.364784
800,0.05,first,5.73,0.9475,0.363922
800,0.05,first,5.73,0.95,0.363133
800,0.05,first,5.73,0.9525,0.362315
800,0.05,first,5.73,0.955,0.361369
800,0.05,first,5.73,0.9575,0.360213
800,0.05,first,5.73,0.96,0.358798
800,0.05,first,5.73,0.9625,0.35712
800,0.05,first,5.73,0.965,0.355219
800,0.05,first,5.73,0.9675,0.35318
800,0.05,first,5.73,0.97,0.351119
800,0.05,first,5.73,0.9725,0.349176
800,0.05,first,5.73,0.975,0.347502
800,0.05,first,5.73,0.9775,0.34626
800,0.05,first,5.73,0.98,0.345628
800,0.05,first,5.73,0.9825,0.34581
800,0.05,first,5.73,0.985,0.347042
800,0.05,first,5.73,0.9875,0.349601
800,0.05,first,5.73,0.99,0.353795
800,0.05,first,5.73,0.9925,0.359944
800,0.05,first,5.73,0.995,0.368352
800,0.05,first,5.73,0.9975,0.379276
800,0.05,first,5.73,1.0,0.39289
800,0.05,first,5.73,1.0025,0.409268
800,0.05,first,5.73,1.005,0.428362
800,0.05,first,5.73,1.0075,0.45001
800,0.05,first,5.73,1.01,0.473947
800,0.05,first,5.73,1.0125,0.499827
800,0.05,first,5.73,1.015,0.527253
800,0.05,first,5.73,1.0175,0.555805
800,0.05,first,5.73,1.02,0.585061
800,0.05,first,5.73,1.0225,0.614618
800,0.05,first,5.73,1.025,0.644095
800,0.05,first,5.73,1.0275,0.67314
800,0.05,first,5.73,1.03,0.701432
800,0.05,first,5.73,1.0325,0.72869
800,0.05,first,5.73,1.035,0.754676
800,0.05,first,5.73,1.0375,0.779204
800,0.05,first,5.73,1.04,0.802146
800,0.05,first,5.73,1.0425,0.823434
800,0.05,first,5.73,1.045,0.843054
800,0.05,first,5.73,1.0475,0.861037
800,0.05,first,5.73,1.05,0.877449
800,0.05,first,5.73,1.0525,0.892374
800,0.05,first,5.73,1.055,0.905905
800,0.05,first,5.73,1.0575,0.918132
800,0.05,first,5.73,1.06,0.929141
800,0.05,first,5.73,1.0625,0.939008
800,0.05,first,5.73,1.065,0.947801
800,0.05,first,5.73,1.0675,0.955586
800,0.05,first,5.73,1.07,0.962424
800,0.05,first,5.73,1.0725,0.968383
800,0.05,first,5.73,1.075,0.97353
800,0.05,first,5.73,1.0775,0.977939
800,0.05,first,5.73,1.08,0.981685
800,0.05,first,5.73,1.0825,0.984846
800,0.05,first,5.73,1.085,0.987497
800,0.05,first,5.73,1.0875,0.98971
800,0.05,first,5.73,1.09,0.991552
800,0.05,first,5.73,1.0925,0.993081
800,0.05,first,5.73,1.095,0.994348
800,0.05,first,5.73,1.0975,0.995397
800,0.05,first,5.73,1.1,0.996265
800,0.05,first,5.73,1.1025,0.996982
800,0.05,first,5.73,1.105,0.997572
800,0.05,first,5.73,1.1075,0.998057
800,0.05,first,5.73,1.11,0.998454
800,0.05,first,5.73,1.1125,0.998777
800,0.05,first,5.73,1.115,0.999038
800,0.05,first,5.73,1.1175,0.999248
800,0.05,first,5.73,1.12,0.999416
800,0.05,first,5.73,1.1225,0.999548
800,0.05,first,5.73,1.125,0.999653
800,0.05,first,5.73,1.1275,0.999735
800,0.05,first,5.73,1.13,0.999798
800,0.05,first,5.73,1.1325,0.999847
800,0.05,first,5.73,1.135,0.999885
800,0.05,first,5.73,1.1375,0.999913
800,0.05,first,5.73,1.14,0.999935
800,0.05,first,5.73,1.1425,0.999952
800,0.05,first,5.73,1.145,0.999964
800,0.05,first,5.73,1.1475,0.999973
800,0.05,first,5.73,1.15,0.99998
800,0.05,first,5.73,1.1525,0.999986
800,0.05,first,5.73,1.155,0.999989
800,0.05,first,5.73,1.1575,0.999992
800,0.05,first,5.73,1.16,0.999994
800,0.05,first,5.73,1.1625,0.999996
800,0.05,first,5.73,1.165,0.999997
800,0.05,first,5.73,1.1675,0.999998
800,0.05,first,5.73,1.17,0.999999
800,0.05,first,5.73,1.1725,0.999999
800,0.05,first,5.73,1.175,0.999999
800,0.05,first,5.73,1.1775,0.999999
800,0.05,first,5.73,1.18,1.0
800,0.05,first,5.73,1.1825,1.0
800,0.05,first,5.73,1.185,1.0
800,0.05,first,5.73,1.1875,1.0
800,0.05,first,5.73,1.19,1.0
800,0.05,first,5.73,1.1925,1.0
800,0.05,first,5.73,1.195,1.0
800,0.05,first,5.73,1.1975,1.0
800,0.05,first,5.73,1.2,1.0
800,0.05,first,5.73,1.2025,1.0
800,0.05,first,5.73,1.205,1.0
800,0.05,first,5.73,1.2075,1.0
800,0.05,first,5.73,1.21,1.0
800,0.05,first,5.73,1.2125,1.0
800,0.05,first,5.73,1.215,1.0
800,0.05,first,5.73,1.2175,1.0
800,0.05,first,5.73,1.22,1.0
800,0.05,first,5.73,1.2225,1.0
800,0.05,first,5.73,1.225,1.0
800,0.05,first,5.73,1.2275,1.0
800,0.05,first,5.73,1.23,1.0
800,0.05,first,5.73,1.2325,1.0
800,0.05,first,5.73,1.235,1.0
800,0.05,first,5.73,1.2375,1.0
800,0.05,first,5.73,1.24,1.0
800,0.05,first,5.73,1.2425,1.0
800,0.05,first,5.73,1.245,1.0
800,0.05,first,5.73,1.2475,1.0
800,0.05,first,5.73,1.25,1.0
800,0.05,first,5.73,1.2525,1.0
800,0.05,first,5.73,1.255,1.0
800,0.05,first,5.73,1.2575,1.0
800,0.05,first,5.73,1.26,1.0
800,0.05,first,5.73,1.2625,1.0
800,0.05,first,5.73,1.265,1.0
800,0.05,first,5.73,1.2675,1.0
800,0.05,first,5.73,1.27,1.0
800,0.05,first,5.73,1.2725,1.0
800,0.05,first,5.73,1.275,1.0
800,0.05,first,5.73,1.2775,1.0
800,0.05,first,5.73,1.28,1.0
800,0.05,first,5.73,1.2825,1.0
800,0.05,first,5.73,1.285,1.0
800,0.05,first,5.73,1.2875,1.0
800,0.05,first,5.73,1.29,1.0
800,0.05,first,5.73,1.2925,1.0
800,0.05,first,5.73,1.295,1.0
800,0.05,first,5.73,1.2975,1.0
800,0.05,first,5.73,1.3,1.0
800,0.05,first,5.73,1.3025,1.0
800,0.05,first,5.73,1.305,1.0
800,0.05,first,5.73,1.3075,1.0
800,0.05,first,5.73,1.31,1.0
800,0.05,first,5.73,1.3125,1.0
800,0.05,first,5.73,1.315,1.0
800,0.05,first,5.73,1.3175,1.0
800,0.05,first,5.73,1.32,1.0
800,0.05,first,5.73,1.3225,1.0
800,0.05,first,5.73,1.325,1.0
800,0.05,first,5.73,1.3275,1.0
800,0.05,first,5.73,1.33,1.0
800,0.05,first,5.73,1.3325,1.0
800,0.05,first,5.73,1.335,1.0
800,0.05,first,5.73,1.3375,1.0
800,0.05,first,5.73,1.34,1.0
800,0.05,first,5.73,1.3425,1.0
800,0.05,first,5.73,1.345,1.0
800,0.05,first,5.73,1.3475,1.0
800,0.05,first,5.73,1.35,1.0
800,0.05,first,5.73,1.3525,1.0
800,0.05,first,5.73,1.355,1.0
800,0.05,first,5.73,1.3575,1.0
800,0.05,first,5.73,1.36,1.0
800,0.05,first,5.73,1.3625,1.0
800,0.05,first,5.73,1.365,1.0
800,0.05,first,5.73,1.3675,1.0
800,0.05,first,5.73,1.37,1.0
800,0.05,first,5.73,1.3725,1.0
800,0.05,first,5.73,1.375,1.0
800,0.05,first,5.73,1.3775,1.0
800,0.05,first,5.73,1.38,1.0
800,0.05,first,5.73,1.3825,1.0
800,0.05,first,5.73,1.385,1.0
800,0.05,first,5.73,1.3875,1.0
800,0.05,first,5.73,1.39,1.0
800,0.05,first,5.73,1.3925,1.0
800,0.05,first,5.73,1.395,1.0
800,0.05,first,5.73,1.3975,1.0
800,0.05,first,5.73,1.4,1.0
