setting,scenario_id,phi_min,phi_max,phi_distribution,eps,algorithm,implementation_variant,budget,R,seed_test,detector_eligible_n,false_alarm_rate,false_alarm_rate_lo,false_alarm_rate_hi,false_alarm_rate_n,false_alarm_rate_k,miss_rate,miss_rate_lo,miss_rate_hi,miss_rate_n,miss_rate_k,probe_tp,probe_fp,probe_tn,probe_fn,ci_method_proportion,ci_level
"U(0.01,0.1), eps=1e-03",narrow_e3,0.01,0.1,uniform,0.001,linear,qmetrology.algorithms.find_phi_fixed_budget_linear_search,896,50000,2024,50000,0.64766,0.6434616605943047,0.6518356519563748,50000,32383,0.06774,0.06557034771572175,0.06997606754124207,50000,3387,17612,32383,126828,4228,wilson,95
"U(0.01,0.1), eps=1e-03",narrow_e3,0.01,0.1,uniform,0.001,binary_deep,qmetrology.algorithms.find_phi_fixed_budget_binary_search_deep,896,50000,2024,50000,0.0,0.0,7.682327414500052e-05,50000,0,0.0,0.0,7.682327414500052e-05,50000,0,0,0,50000,0,wilson,95
"U(0.01,0.1), eps=1e-03",narrow_e3,0.01,0.1,uniform,0.001,linear,qmetrology.algorithms.find_phi_fixed_budget_linear_search,1270,50000,2024,50000,0.5442,0.5398313157558818,0.5485618930666838,50000,27210,0.04358,0.04182529170262427,0.04540483565494625,50000,2179,22790,27210,95015,2539,wilson,95
"U(0.01,0.1), eps=1e-03",narrow_e3,0.01,0.1,uniform,0.001,binary_deep,qmetrology.algorithms.find_phi_fixed_budget_binary_search_deep,1270,50000,2024,50000,0.0,0.0,7.682327414500052e-05,50000,0,0.0,0.0,7.682327414500052e-05,50000,0,0,0,50000,0,wilson,95
"U(0.01,0.1), eps=1e-03",narrow_e3,0.01,0.1,uniform,0.001,linear,qmetrology.algorithms.find_phi_fixed_budget_linear_search,1799,50000,2024,50000,0.6812,0.6771015184527936,0.6852706407926562,50000,34060,0.03834,0.03669209598756563,0.040058836477917935,50000,1917,42630,57370,144747,7461,wilson,95
"U(0.01,0.1), eps=1e-03",narrow_e3,0.01,0.1,uniform,0.001,binary_deep,qmetrology.algorithms.find_phi_fixed_budget_binary_search_deep,1799,50000,2024,50000,0.0,0.0,7.682327414500052e-05,50000,0,0.0,0.0,7.682327414500052e-05,50000,0,0,0,50000,0,wilson,95
"U(0.01,0.1), eps=1e-03",narrow_e3,0.01,0.1,uniform,0.001,linear,qmetrology.algorithms.find_phi_fixed_budget_linear_search,2548,50000,2024,50000,0.8241,0.8207379082164519,0.8274122949372473,50000,41205,0.01048,0.009624250702432858,0.011410962355886062,50000,524,26116,73884,186581,1593,wilson,95
"U(0.01,0.1), eps=1e-03",narrow_e3,0.01,0.1,uniform,0.001,binary_deep,qmetrology.algorithms.find_phi_fixed_budget_binary_search_deep,2548,50000,2024,50000,0.0,0.0,7.682327414500052e-05,50000,0,0.0,0.0,7.682327414500052e-05,50000,0,0,0,50000,0,wilson,95
"U(0.01,0.1), eps=1e-03",narrow_e3,0.01,0.1,uniform,0.001,linear,qmetrology.algorithms.find_phi_fixed_budget_linear_search,3610,50000,2024,50000,0.8241,0.8207379082164519,0.8274122949372473,50000,41205,0.01048,0.009624250702432858,0.011410962355886062,50000,524,26116,73884,186581,1593,wilson,95
"U(0.01,0.1), eps=1e-03",narrow_e3,0.01,0.1,uniform,0.001,binary_deep,qmetrology.algorithms.find_phi_fixed_budget_binary_search_deep,3610,50000,2024,50000,0.0,0.0,7.682327414500052e-05,50000,0,0.0,0.0,7.682327414500052e-05,50000,0,0,0,50000,0,wilson,95
"U(0.01,0.1), eps=1e-03",narrow_e3,0.01,0.1,uniform,0.001,linear,qmetrology.algorithms.find_phi_fixed_budget_linear_search,5114,50000,2024,50000,0.85392,0.8507970518095912,0.8569885696040379,50000,42696,0.03294,0.031411116080033274,0.03454064607681105,50000,1647,68531,131469,362651,12443,wilson,95
"U(0.01,0.1), eps=1e-03",narrow_e3,0.01,0.1,uniform,0.001,binary_deep,qmetrology.algorithms.find_phi_fixed_budget_binary_search_deep,5114,50000,2024,50000,0.0,0.0,7.682327414500052e-05,50000,0,0.0,0.0,7.682327414500052e-05,50000,0,0,0,50000,0,wilson,95
"U(0.01,0.1), eps=1e-03",narrow_e3,0.01,0.1,uniform,0.001,linear,qmetrology.algorithms.find_phi_fixed_budget_linear_search,7244,50000,2024,50000,0.85392,0.8507970518095912,0.8569885696040379,50000,42696,0.03294,0.031411116080033274,0.03454064607681105,50000,1647,68531,131469,362651,12443,wilson,95
"U(0.01,0.1), eps=1e-03",narrow_e3,0.01,0.1,uniform,0.001,binary_deep,qmetrology.algorithms.find_phi_fixed_budget_binary_search_deep,7244,50000,2024,50000,0.0,0.0,7.682327414500052e-05,50000,0,0.0,0.0,7.682327414500052e-05,50000,0,0,0,50000,0,wilson,95
"U(0.01,0.1), eps=1e-03",narrow_e3,0.01,0.1,uniform,0.001,linear,qmetrology.algorithms.find_phi_fixed_budget_linear_search,10000,50000,2024,50000,0.92138,0.9189883823401824,0.923706874077299,50000,46069,0.03422,0.032661978444625775,0.03584958704463674,50000,1711,85718,214282,772756,8253,wilson,95
"U(0.01,0.1), eps=1e-03",narrow_e3,0.01,0.1,uniform,0.001,binary_deep,qmetrology.algorithms.find_phi_fixed_budget_binary_search_deep,10000,50000,2024,50000,0.0,0.0,7.682327414500052e-05,50000,0,0.0,0.0,7.682327414500052e-05,50000,0,0,0,50000,0,wilson,95
"U(0.01,0.1), eps=1e-03",narrow_e3,0.01,0.1,uniform,0.001,linear,qmetrology.algorithms.find_phi_fixed_budget_linear_search,10262,50000,2024,50000,0.92138,0.9189883823401824,0.923706874077299,50000,46069,0.03422,0.032661978444625775,0.03584958704463674,50000,1711,85718,214282,772756,8253,wilson,95
"U(0.01,0.1), eps=1e-03",narrow_e3,0.01,0.1,uniform,0.001,binary_deep,qmetrology.algorithms.find_phi_fixed_budget_binary_search_deep,10262,50000,2024,50000,0.0,0.0,7.682327414500052e-05,50000,0,0.0,0.0,7.682327414500052e-05,50000,0,0,0,50000,0,wilson,95
"U(0.01,0.1), eps=1e-03",narrow_e3,0.01,0.1,uniform,0.001,linear,qmetrology.algorithms.find_phi_fixed_budget_linear_search,14538,50000,2024,50000,0.94778,0.9457953685078752,0.9496958316407315,50000,47389,0.01502,0.01399051394142237,0.016124001561567316,50000,751,52560,197440,690685,3004,wilson,95
"U(0.01,0.1), eps=1e-03",narrow_e3,0.01,0.1,uniform,0.001,binary_deep,qmetrology.algorithms.find_phi_fixed_budget_binary_search_deep,14538,50000,2024,50000,0.0,0.0,7.682327414500052e-05,50000,0,0.0,0.0,7.682327414500052e-05,50000,0,0,0,50000,0,wilson,95
"U(0.01,0.1), eps=1e-03",narrow_e3,0.01,0.1,uniform,0.001,linear,qmetrology.algorithms.find_phi_fixed_budget_linear_search,20594,50000,2024,50000,0.92138,0.9189883823401824,0.923706874077299,50000,46069,0.03422,0.032661978444625775,0.03584958704463674,50000,1711,85718,214282,772756,8253,wilson,95
"U(0.01,0.1), eps=1e-03",narrow_e3,0.01,0.1,uniform,0.001,binary_deep,qmetrology.algorithms.find_phi_fixed_budget_binary_search_deep,20594,50000,2024,50000,0.0,0.0,7.682327414500052e-05,50000,0,0.0,0.0,7.682327414500052e-05,50000,0,0,0,50000,0,wilson,95
"U(0.01,0.1), eps=1e-03",narrow_e3,0.01,0.1,uniform,0.001,linear,qmetrology.algorithms.find_phi_fixed_budget_linear_search,29173,50000,2024,50000,0.96542,0.9637823823121225,0.9669861075113722,50000,48271,0.00482,0.004249805755909164,0.005466276941873077,50000,241,28988,171012,590208,842,wilson,95
"U(0.01,0.1), eps=1e-03",narrow_e3,0.01,0.1,uniform,0.001,binary_deep,qmetrology.algorithms.find_phi_fixed_budget_binary_search_deep,29173,50000,2024,50000,0.0,0.0,7.682327414500052e-05,50000,0,0.0,0.0,7.682327414500052e-05,50000,0,0,0,50000,0,wilson,95
"U(0.01,0.1), eps=1e-03",narrow_e3,0.01,0.1,uniform,0.001,linear,qmetrology.algorithms.find_phi_fixed_budget_linear_search,41326,50000,2024,50000,0.95686,0.955043775014291,0.9586060300236572,50000,47843,0.01034,0.009490174830904884,0.0112650597379308,50000,517,30948,169052,601003,1005,wilson,95
"U(0.01,0.1), eps=1e-03",narrow_e3,0.01,0.1,uniform,0.001,binary_deep,qmetrology.algorithms.find_phi_fixed_budget_binary_search_deep,41326,50000,2024,50000,0.0,0.0,7.682327414500052e-05,50000,0,0.0,0.0,7.682327414500052e-05,50000,0,0,0,50000,0,wilson,95
"U(0.01,0.1), eps=1e-03",narrow_e3,0.01,0.1,uniform,0.001,linear,qmetrology.algorithms.find_phi_fixed_budget_linear_search,58543,50000,2024,50000,0.96964,0.9680996448013777,0.9711081966336832,50000,48482,0.00306,0.002612566296385154,0.003583786819322078,50000,153,15084,134916,480116,196,wilson,95
"U(0.01,0.1), eps=1e-03",narrow_e3,0.01,0.1,uniform,0.001,binary_deep,qmetrology.algorithms.find_phi_fixed_budget_binary_search_deep,58543,50000,2024,50000,0.70658,0.7025731883045543,0.7105550713914999,50000,35329,0.16808,0.16482788106188148,0.1713831173004269,50000,8404,207657,118751,87880,8966,wilson,95
"U(0.01,0.1), eps=1e-03",narrow_e3,0.01,0.1,uniform,0.001,linear,qmetrology.algorithms.find_phi_fixed_budget_linear_search,82931,50000,2024,50000,0.97172,0.9702303389614236,0.973137182888817,50000,48586,0.00442,0.0038753993530398862,0.005040744803361673,50000,221,26383,173617,565328,2528,wilson,95
"U(0.01,0.1), eps=1e-03",narrow_e3,0.01,0.1,uniform,0.001,binary_deep,qmetrology.algorithms.find_phi_fixed_budget_binary_search_deep,82931,50000,2024,50000,0.0,0.0,7.682327414500052e-05,50000,0,0.0,0.0,7.682327414500052e-05,50000,0,0,0,50000,0,wilson,95
"U(0.01,0.1), eps=1e-03",narrow_e3,0.01,0.1,uniform,0.001,linear,qmetrology.algorithms.find_phi_fixed_budget_linear_search,117479,50000,2024,50000,0.97586,0.9744776782996294,0.9771692074539011,50000,48793,0.00048,0.000322594032874306,0.0007141554909275154,50000,24,5827,94173,323707,25,wilson,95
"U(0.01,0.1), eps=1e-03",narrow_e3,0.01,0.1,uniform,0.001,binary_deep,qmetrology.algorithms.find_phi_fixed_budget_binary_search_deep,117479,50000,2024,50000,0.0,0.0,7.682327414500052e-05,50000,0,0.0,0.0,7.682327414500052e-05,50000,0,0,0,50000,0,wilson,95
"U(0.01,0.1), eps=1e-03",narrow_e3,0.01,0.1,uniform,0.001,linear,qmetrology.algorithms.find_phi_fixed_budget_linear_search,166419,50000,2024,50000,0.96982,0.9682839548903865,0.9712838588882957,50000,48491,0.0013,0.0010201793784433341,0.0016564441551888893,50000,65,1509,48491,85421,65,wilson,95
"U(0.01,0.1), eps=1e-03",narrow_e3,0.01,0.1,uniform,0.001,binary_deep,qmetrology.algorithms.find_phi_fixed_budget_binary_search_deep,166419,50000,2024,50000,0.0,0.0,7.682327414500052e-05,50000,0,0.0,0.0,7.682327414500052e-05,50000,0,0,0,50000,0,wilson,95
"U(0.01,0.1), eps=1e-03",narrow_e3,0.01,0.1,uniform,0.001,linear,qmetrology.algorithms.find_phi_fixed_budget_linear_search,235746,50000,2024,50000,0.97722,0.9758750905309134,0.9784915862633116,50000,48861,0.0002,0.00010864321606212209,0.00036814932877322047,50000,10,1139,48861,151930,10,wilson,95
"U(0.01,0.1), eps=1e-03",narrow_e3,0.01,0.1,uniform,0.001,binary_deep,qmetrology.algorithms.find_phi_fixed_budget_binary_search_deep,235746,50000,2024,50000,0.0,0.0,7.682327414500052e-05,50000,0,0.0,0.0,7.682327414500052e-05,50000,0,0,0,50000,0,wilson,95
"U(0.01,0.1), eps=1e-03",narrow_e3,0.01,0.1,uniform,0.001,linear,qmetrology.algorithms.find_phi_fixed_budget_linear_search,333954,50000,2024,50000,0.97722,0.9758750905309134,0.9784915862633116,50000,48861,0.0002,0.00010864321606212209,0.00036814932877322047,50000,10,1139,48861,151930,10,wilson,95
"U(0.01,0.1), eps=1e-03",narrow_e3,0.01,0.1,uniform,0.001,binary_deep,qmetrology.algorithms.find_phi_fixed_budget_binary_search_deep,333954,50000,2024,50000,0.70816,0.704159378395471,0.712128638539037,50000,35408,0.14508,0.1420203142341757,0.14819421799874335,50000,7254,206120,118056,91463,7652,wilson,95
"U(0.01,0.1), eps=1e-03",narrow_e3,0.01,0.1,uniform,0.001,linear,qmetrology.algorithms.find_phi_fixed_budget_linear_search,473075,50000,2024,50000,0.97722,0.9758750905309134,0.9784915862633116,50000,48861,0.0002,0.00010864321606212209,0.00036814932877322047,50000,10,1139,48861,151930,10,wilson,95
"U(0.01,0.1), eps=1e-03",narrow_e3,0.01,0.1,uniform,0.001,binary_deep,qmetrology.algorithms.find_phi_fixed_budget_binary_search_deep,473075,50000,2024,50000,0.70226,0.698236558483964,0.7062523649651788,50000,35113,0.18234,0.17897997748391606,0.1857488298786137,50000,9117,210106,117575,86439,9815,wilson,95
"U(0.01,0.1), eps=1e-03",narrow_e3,0.01,0.1,uniform,0.001,linear,qmetrology.algorithms.find_phi_fixed_budget_linear_search,670151,50000,2024,50000,0.97722,0.9758750905309134,0.9784915862633116,50000,48861,0.0002,0.00010864321606212209,0.00036814932877322047,50000,10,1139,48861,151930,10,wilson,95
"U(0.01,0.1), eps=1e-03",narrow_e3,0.01,0.1,uniform,0.001,binary_deep,qmetrology.algorithms.find_phi_fixed_budget_binary_search_deep,670151,50000,2024,50000,0.69806,0.6940208006827866,0.7020687680818591,50000,34903,0.22506,0.22142065195085375,0.2287415916311331,50000,11253,217928,121080,76923,13993,wilson,95
"U(0.01,0.1), eps=1e-03",narrow_e3,0.01,0.1,uniform,0.001,linear,qmetrology.algorithms.find_phi_fixed_budget_linear_search,949325,50000,2024,50000,0.97722,0.9758750905309134,0.9784915862633116,50000,48861,0.0002,0.00010864321606212209,0.00036814932877322047,50000,10,1139,48861,151930,10,wilson,95
"U(0.01,0.1), eps=1e-03",narrow_e3,0.01,0.1,uniform,0.001,binary_deep,qmetrology.algorithms.find_phi_fixed_budget_binary_search_deep,949325,50000,2024,50000,0.60806,0.6037728172124934,0.6123305797414984,50000,30403,0.34172,0.33757507565437184,0.34588924352129147,50000,17086,232938,112944,65720,23866,wilson,95
"U(0.01,0.1), eps=1e-03",narrow_e3,0.01,0.1,uniform,0.001,linear,qmetrology.algorithms.find_phi_fixed_budget_linear_search,1344800,50000,2024,50000,0.97722,0.9758750905309134,0.9784915862633116,50000,48861,0.0002,0.00010864321606212209,0.00036814932877322047,50000,10,1139,48861,151930,10,wilson,95
"U(0.01,0.1), eps=1e-03",narrow_e3,0.01,0.1,uniform,0.001,binary_deep,qmetrology.algorithms.find_phi_fixed_budget_binary_search_deep,1344800,50000,2024,50000,0.5896,0.585281606878135,0.5939046263911383,50000,29480,0.38706,0.38279948693357146,0.39133786590759234,50000,19353,236535,119573,54879,37480,wilson,95
"U(0.01,0.1), eps=1e-04",narrow_e4,0.01,0.1,uniform,0.0001,linear,qmetrology.algorithms.find_phi_fixed_budget_linear_search,89653,50000,2024,50000,0.59398,0.589668439428337,0.5982771208690546,50000,29699,0.2296,0.22593441610572704,0.23330712992093053,50000,11480,526440,65256,1215039,39517,wilson,95
"U(0.01,0.1), eps=1e-04",narrow_e4,0.01,0.1,uniform,0.0001,binary_deep,qmetrology.algorithms.find_phi_fixed_budget_binary_search_deep,89653,50000,2024,50000,0.46988,0.4655078278089238,0.47425680002511067,50000,23494,0.39488,0.39060357217881664,0.3991725791463396,50000,19744,223152,63810,100367,30417,wilson,95
"U(0.01,0.1), eps=1e-04",narrow_e4,0.01,0.1,uniform,0.0001,linear,qmetrology.algorithms.find_phi_fixed_budget_linear_search,127001,50000,2024,50000,0.7472,0.7433715900607236,0.750990428512539,50000,37360,0.1273,0.12440707779795099,0.13025018627059667,50000,6365,127179,122821,838937,17756,wilson,95
"U(0.01,0.1), eps=1e-04",narrow_e4,0.01,0.1,uniform,0.0001,binary_deep,qmetrology.algorithms.find_phi_fixed_budget_binary_search_deep,127001,50000,2024,50000,0.47918,0.4748029557977989,0.4835602431233364,50000,23959,0.35766,0.35346981057119403,0.3618720594784894,50000,17883,224825,64454,101939,25553,wilson,95
"U(0.01,0.1), eps=1e-04",narrow_e4,0.01,0.1,uniform,0.0001,linear,qmetrology.algorithms.find_phi_fixed_budget_linear_search,179908,50000,2024,50000,0.81414,0.8107062952672448,0.8175254382060753,50000,40707,0.11274,0.1099974783039396,0.11554202285835119,50000,5637,207464,192488,954797,79510,wilson,95
"U(0.01,0.1), eps=1e-04",narrow_e4,0.01,0.1,uniform,0.0001,binary_deep,qmetrology.algorithms.find_phi_fixed_budget_binary_search_deep,179908,50000,2024,50000,0.48518,0.4808006194931814,0.4895616575486641,50000,24259,0.34116,0.3370167597867623,0.345327645430968,50000,17058,226344,65269,101093,22935,wilson,95
"U(0.01,0.1), eps=1e-04",narrow_e4,0.01,0.1,uniform,0.0001,linear,qmetrology.algorithms.find_phi_fixed_budget_linear_search,254855,50000,2024,50000,0.47118,0.46680705523700255,0.47555737285651906,50000,23559,0.40514,0.40084442984862945,0.4094501450629412,50000,20257,318192,81648,1155559,67037,wilson,95
"U(0.01,0.1), eps=1e-04",narrow_e4,0.01,0.1,uniform,0.0001,binary_deep,qmetrology.algorithms.find_phi_fixed_budget_binary_search_deep,254855,50000,2024,50000,0.40924,0.4049373269225304,0.41355661803819227,50000,20462,0.41102,0.40671433975590376,0.415339331713963,50000,20551,227473,53231,104753,29350,wilson,95
"U(0.01,0.1), eps=1e-04",narrow_e4,0.01,0.1,uniform,0.0001,linear,qmetrology.algorithms.find_phi_fixed_budget_linear_search,361024,50000,2024,50000,0.9388,0.9366651036677447,0.9408674762268656,50000,46940,0.02196,0.0207116796891541,0.02328176950679045,50000,1098,79349,220651,752339,10679,wilson,95
"U(0.01,0.1), eps=1e-04",narrow_e4,0.01,0.1,uniform,0.0001,binary_deep,qmetrology.algorithms.find_phi_fixed_budget_binary_search_deep,361024,50000,2024,50000,0.5303,0.5259232816372459,0.5346720628723409,50000,26515,0.24018,0.23645561090926362,0.24394430953691307,50000,12009,219146,77200,106169,13792,wilson,95
"U(0.01,0.1), eps=1e-04",narrow_e4,0.01,0.1,uniform,0.0001,linear,qmetrology.algorithms.find_phi_fixed_budget_linear_search,511421,50000,2024,50000,0.66662,0.6624752271253423,0.6707391722867816,50000,33331,0.207,0.20347129478773482,0.21057372365091412,50000,10350,181336,118658,974220,30747,wilson,95
"U(0.01,0.1), eps=1e-04",narrow_e4,0.01,0.1,uniform,0.0001,binary_deep,qmetrology.algorithms.find_phi_fixed_budget_binary_search_deep,511421,50000,2024,50000,0.52464,0.5202609869669984,0.5290152271820517,50000,26232,0.24422,0.24047399397605956,0.248005305738062,50000,12211,219302,76440,106290,14010,wilson,95
"U(0.01,0.1), eps=1e-04",narrow_e4,0.01,0.1,uniform,0.0001,linear,qmetrology.algorithms.find_phi_fixed_budget_linear_search,724471,50000,2024,50000,0.4131,0.4087909229723924,0.4174224289126539,50000,20655,0.17254,0.16925325562426694,0.17587705747443608,50000,8627,563826,30786,1246357,14460,wilson,95
"U(0.01,0.1), eps=1e-04",narrow_e4,0.01,0.1,uniform,0.0001,binary_deep,qmetrology.algorithms.find_phi_fixed_budget_binary_search_deep,724471,50000,2024,50000,0.60748,0.6031917397563138,0.611751746312676,50000,30374,0.12512,0.12224874985258374,0.1280488491654392,50000,6256,207202,96249,108190,6370,wilson,95
"U(0.01,0.1), eps=1e-04",narrow_e4,0.01,0.1,uniform,0.0001,linear,qmetrology.algorithms.find_phi_fixed_budget_linear_search,1026274,50000,2024,50000,0.33988,0.33574063345701294,0.34404396842829915,50000,16994,0.14566,0.14259515552676705,0.14877928759115405,50000,7283,360955,37221,1181825,9139,wilson,95
"U(0.01,0.1), eps=1e-04",narrow_e4,0.01,0.1,uniform,0.0001,binary_deep,qmetrology.algorithms.find_phi_fixed_budget_binary_search_deep,1026274,50000,2024,50000,0.53454,0.5301653704811781,0.5389093225670439,50000,26727,0.15758,0.15441273889280854,0.1607998727582569,50000,7879,213361,79484,114786,8200,wilson,95
"U(0.01,0.1), eps=1e-04",narrow_e4,0.01,0.1,uniform,0.0001,linear,qmetrology.algorithms.find_phi_fixed_budget_linear_search,1453804,50000,2024,50000,0.32268,0.3185960013663179,0.3267912432396249,50000,16134,0.1506,0.1474918897289031,0.15376179437506943,50000,7530,569973,25227,1249063,10753,wilson,95
"U(0.01,0.1), eps=1e-04",narrow_e4,0.01,0.1,uniform,0.0001,binary_deep,qmetrology.algorithms.find_phi_fixed_budget_binary_search_deep,1453804,50000,2024,50000,0.42904,0.4247073621270969,0.4333835406319696,50000,21452,0.23566,0.23196034028437837,0.23940027464419658,50000,11783,222746,56964,121047,13232,wilson,95
"U(0.01,0.1), eps=1e-04",narrow_e4,0.01,0.1,uniform,0.0001,linear,qmetrology.algorithms.find_phi_fixed_budget_linear_search,2059436,50000,2024,50000,0.31562,0.3115605500218266,0.31970777932874705,50000,15781,0.12078,0.1179527574959803,0.12366550834806223,50000,6039,360719,37593,1178993,7172,wilson,95
"U(0.01,0.1), eps=1e-04",narrow_e4,0.01,0.1,uniform,0.0001,binary_deep,qmetrology.algorithms.find_phi_fixed_budget_binary_search_deep,2059436,50000,2024,50000,0.5287,0.5243225757678379,0.533073014576226,50000,26435,0.18032,0.176974774903628,0.18371434282492932,50000,9016,214956,78403,112715,9550,wilson,95
"U(0.01,0.1), eps=1e-04",narrow_e4,0.01,0.1,uniform,0.0001,linear,qmetrology.algorithms.find_phi_fixed_budget_linear_search,2917365,50000,2024,50000,0.29952,0.2955206341632833,0.3035501688967179,50000,14976,0.10974,0.10703021601561119,0.11250974608632447,50000,5487,359271,39241,1171312,6264,wilson,95
"U(0.01,0.1), eps=1e-04",narrow_e4,0.01,0.1,uniform,0.0001,binary_deep,qmetrology.algorithms.find_phi_fixed_budget_binary_search_deep,2917365,50000,2024,50000,0.57978,0.5754475691996395,0.5841001728787378,50000,28989,0.1195,0.11668596198153743,0.1223725005300869,50000,5975,207829,89794,113087,6050,wilson,95
"U(0.01,0.1), eps=1e-04",narrow_e4,0.01,0.1,uniform,0.0001,linear,qmetrology.algorithms.find_phi_fixed_budget_linear_search,4132694,50000,2024,50000,0.30512,0.3010990783701096,0.3091708642692211,50000,15256,0.09722,0.09465409797500511,0.09984778778171512,50000,4861,357773,40819,1167882,5535,wilson,95
"U(0.01,0.1), eps=1e-04",narrow_e4,0.01,0.1,uniform,0.0001,binary_deep,qmetrology.algorithms.find_phi_fixed_budget_binary_search_deep,4132694,50000,2024,50000,0.7044,0.7003847426121201,0.7083838520334094,50000,35220,0.05914,0.05710607164268287,0.06124166497459626,50000,2957,194005,121742,102247,2975,wilson,95
"U(0.01,0.1), eps=1e-04",narrow_e4,0.01,0.1,uniform,0.0001,linear,qmetrology.algorithms.find_phi_fixed_budget_linear_search,5854310,50000,2024,50000,0.36236,0.35815743603744143,0.36658371187346517,50000,18118,0.09534,0.0927967921279848,0.0979453824842462,50000,4767,240133,59399,1012642,5076,wilson,95
"U(0.01,0.1), eps=1e-04",narrow_e4,0.01,0.1,uniform,0.0001,binary_deep,qmetrology.algorithms.find_phi_fixed_budget_binary_search_deep,5854310,50000,2024,50000,0.72052,0.7165698336482725,0.7244362842148987,50000,36026,0.03484,0.03326808160278604,0.03648338862561654,50000,1742,191312,124549,103536,1746,wilson,95
"U(0.01,0.1), eps=1e-04",narrow_e4,0.01,0.1,uniform,0.0001,linear,qmetrology.algorithms.find_phi_fixed_budget_linear_search,8293124,50000,2024,50000,0.45174,0.44738172299376694,0.4561056919886534,50000,22587,0.124,0.1211399955037095,0.1269177755984475,50000,6200,184574,65211,960827,6770,wilson,95
"U(0.01,0.1), eps=1e-04",narrow_e4,0.01,0.1,uniform,0.0001,binary_deep,qmetrology.algorithms.find_phi_fixed_budget_binary_search_deep,8293124,50000,2024,50000,0.71188,0.7078941829234418,0.7158332624459065,50000,35594,0.03466,0.03309210195159924,0.03629939593318203,50000,1733,192303,121402,105235,1735,wilson,95
"U(0.01,0.1), eps=1e-04",narrow_e4,0.01,0.1,uniform,0.0001,linear,qmetrology.algorithms.find_phi_fixed_budget_linear_search,11747910,50000,2024,50000,0.52718,0.5228019469620497,0.5315538769247676,50000,26359,0.02814,0.02672632302595441,0.029626176634321703,50000,1407,96034,53918,413544,1419,wilson,95
"U(0.01,0.1), eps=1e-04",narrow_e4,0.01,0.1,uniform,0.0001,binary_deep,qmetrology.algorithms.find_phi_fixed_budget_binary_search_deep,11747910,50000,2024,50000,0.73612,0.7322388246195524,0.7399648963574654,50000,36806,0.02104,0.019818340933588297,0.02233524961718068,50000,1052,189506,126632,104062,1052,wilson,95
"U(0.01,0.1), eps=1e-04",narrow_e4,0.01,0.1,uniform,0.0001,linear,qmetrology.algorithms.find_phi_fixed_budget_linear_search,16641905,50000,2024,50000,0.91406,0.9115714016702307,0.9164849794399844,50000,45703,0.01198,0.011063173362756376,0.012971809225740108,50000,599,4297,45703,99725,600,wilson,95
"U(0.01,0.1), eps=1e-04",narrow_e4,0.01,0.1,uniform,0.0001,binary_deep,qmetrology.algorithms.find_phi_fixed_budget_binary_search_deep,16641905,50000,2024,50000,0.70414,0.7001237426561605,0.7081248919374715,50000,35207,0.06554,0.06340401782686368,0.06774273545250638,50000,3277,194546,122308,101133,3317,wilson,95
"U(0.01,0.1), eps=1e-04",narrow_e4,0.01,0.1,uniform,0.0001,linear,qmetrology.algorithms.find_phi_fixed_budget_linear_search,23574663,50000,2024,50000,0.97244,0.9709683605933624,0.9738390506313633,50000,48622,0.00092,0.0006898592690707125,0.0012268226502498611,50000,46,1378,48622,88169,46,wilson,95
"U(0.01,0.1), eps=1e-04",narrow_e4,0.01,0.1,uniform,0.0001,binary_deep,qmetrology.algorithms.find_phi_fixed_budget_binary_search_deep,23574663,50000,2024,50000,0.68764,0.6835634212489037,0.6916877485127753,50000,34382,0.10116,0.09854749394074444,0.10383378644857552,50000,5058,197635,119097,98777,5162,wilson,95
"U(0.01,0.1), eps=1e-04",narrow_e4,0.01,0.1,uniform,0.0001,linear,qmetrology.algorithms.find_phi_fixed_budget_linear_search,33395498,50000,2024,50000,0.97722,0.9758750905309134,0.9784915862633116,50000,48861,0.0002,0.00010864321606212209,0.00036814932877322047,50000,10,1139,48861,151930,10,wilson,95
"U(0.01,0.1), eps=1e-04",narrow_e4,0.01,0.1,uniform,0.0001,binary_deep,qmetrology.algorithms.find_phi_fixed_budget_binary_search_deep,33395498,50000,2024,50000,0.68896,0.6848880228723337,0.6930029440759014,50000,34448,0.17318,0.16988835382172662,0.1765218609431855,50000,8659,205777,116963,89642,9138,wilson,95
"U(0.01,0.1), eps=1e-04",narrow_e4,0.01,0.1,uniform,0.0001,linear,qmetrology.algorithms.find_phi_fixed_budget_linear_search,47307541,50000,2024,50000,0.97722,0.9758750905309134,0.9784915862633116,50000,48861,0.0002,0.00010864321606212209,0.00036814932877322047,50000,10,1139,48861,151930,10,wilson,95
"U(0.01,0.1), eps=1e-04",narrow_e4,0.01,0.1,uniform,0.0001,binary_deep,qmetrology.algorithms.find_phi_fixed_budget_binary_search_deep,47307541,50000,2024,50000,0.6749,0.6707809608096994,0.6789921664090047,50000,33745,0.22156,0.21794130039069848,0.22522148095420735,50000,11078,214014,115715,82762,12291,wilson,95
"U(0.01,0.1), eps=1e-04",narrow_e4,0.01,0.1,uniform,0.0001,linear,qmetrology.algorithms.find_phi_fixed_budget_linear_search,67015122,50000,2024,50000,0.97722,0.9758750905309134,0.9784915862633116,50000,48861,0.0002,0.00010864321606212209,0.00036814932877322047,50000,10,1139,48861,151930,10,wilson,95
"U(0.01,0.1), eps=1e-04",narrow_e4,0.01,0.1,uniform,0.0001,binary_deep,qmetrology.algorithms.find_phi_fixed_budget_binary_search_deep,67015122,50000,2024,50000,0.69806,0.6940208006827866,0.7020687680818591,50000,34903,0.22506,0.22142065195085375,0.2287415916311331,50000,11253,217928,121080,76923,13993,wilson,95
"U(0.01,0.1), eps=1e-04",narrow_e4,0.01,0.1,uniform,0.0001,linear,qmetrology.algorithms.find_phi_fixed_budget_linear_search,94932574,50000,2024,50000,0.97722,0.9758750905309134,0.9784915862633116,50000,48861,0.0002,0.00010864321606212209,0.00036814932877322047,50000,10,1139,48861,151930,10,wilson,95
"U(0.01,0.1), eps=1e-04",narrow_e4,0.01,0.1,uniform,0.0001,binary_deep,qmetrology.algorithms.find_phi_fixed_budget_binary_search_deep,94932574,50000,2024,50000,0.60806,0.6037728172124934,0.6123305797414984,50000,30403,0.34172,0.33757507565437184,0.34588924352129147,50000,17086,232938,112944,65720,23866,wilson,95
"U(0.01,0.1), eps=1e-04",narrow_e4,0.01,0.1,uniform,0.0001,linear,qmetrology.algorithms.find_phi_fixed_budget_linear_search,134480000,50000,2024,50000,0.97722,0.9758750905309134,0.9784915862633116,50000,48861,0.0002,0.00010864321606212209,0.00036814932877322047,50000,10,1139,48861,151930,10,wilson,95
"U(0.01,0.1), eps=1e-04",narrow_e4,0.01,0.1,uniform,0.0001,binary_deep,qmetrology.algorithms.find_phi_fixed_budget_binary_search_deep,134480000,50000,2024,50000,0.5896,0.585281606878135,0.5939046263911383,50000,29480,0.38706,0.38279948693357146,0.39133786590759234,50000,19353,236535,119573,54879,37480,wilson,95
"U(0.01,0.1), eps=1e-05",narrow_e5,0.01,0.1,uniform,1e-05,linear,qmetrology.algorithms.find_phi_fixed_budget_linear_search,8965333,50000,2024,50000,0.31648,0.31241750187708217,0.32057069533745985,50000,15824,0.22942,0.22575544465237912,0.23312612903065721,50000,11471,367036,30764,1233000,16419,wilson,95
"U(0.01,0.1), eps=1e-05",narrow_e5,0.01,0.1,uniform,1e-05,binary_deep,qmetrology.algorithms.find_phi_fixed_budget_binary_search_deep,8965333,50000,2024,50000,0.21038,0.2068297998397594,0.21397469927355633,50000,10519,0.24784,0.24407500766169216,0.2516437358519246,50000,12392,232498,21021,144563,12961,wilson,95
"U(0.01,0.1), eps=1e-05",narrow_e5,0.01,0.1,uniform,1e-05,linear,qmetrology.algorithms.find_phi_fixed_budget_linear_search,12700150,50000,2024,50000,0.39342,0.38914645602127007,0.3977099196278465,50000,19671,0.07366,0.07140298259756425,0.0759825230718337,50000,3683,210528,38592,577913,3981,wilson,95
"U(0.01,0.1), eps=1e-05",narrow_e5,0.01,0.1,uniform,1e-05,binary_deep,qmetrology.algorithms.find_phi_fixed_budget_binary_search_deep,12700150,50000,2024,50000,0.4519,0.4475415749471945,0.45626581545177824,50000,22595,0.14332,0.1402760718710404,0.14641873077980366,50000,7166,217783,60203,128297,7289,wilson,95
"U(0.01,0.1), eps=1e-05",narrow_e5,0.01,0.1,uniform,1e-05,linear,qmetrology.algorithms.find_phi_fixed_budget_linear_search,17990835,50000,2024,50000,0.30518,0.30115885124560815,0.3092310821749297,50000,15259,0.09628,0.0937254073428017,0.09889662284167393,50000,4814,559231,30485,619112,9550,wilson,95
"U(0.01,0.1), eps=1e-05",narrow_e5,0.01,0.1,uniform,1e-05,binary_deep,qmetrology.algorithms.find_phi_fixed_budget_binary_search_deep,17990835,50000,2024,50000,0.31118,0.3071365445405977,0.31525246700065035,50000,15559,0.20058,0.19709316458934564,0.20411284026014334,50000,10029,226720,35158,139432,10434,wilson,95
"U(0.01,0.1), eps=1e-05",narrow_e5,0.01,0.1,uniform,1e-05,linear,qmetrology.algorithms.find_phi_fixed_budget_linear_search,25485535,50000,2024,50000,0.31786,0.3137926443119327,0.32195534087037264,50000,15893,0.20406,0.20055029740602612,0.20761517275347477,50000,10203,566625,27783,1254309,15140,wilson,95
"U(0.01,0.1), eps=1e-05",narrow_e5,0.01,0.1,uniform,1e-05,binary_deep,qmetrology.algorithms.find_phi_fixed_budget_binary_search_deep,25485535,50000,2024,50000,0.72004,0.7160878060325678,0.7239583855809465,50000,36002,0.0257,0.02434901347327778,0.027123861084576165,50000,1285,191491,122468,105523,1285,wilson,95
"U(0.01,0.1), eps=1e-05",narrow_e5,0.01,0.1,uniform,1e-05,linear,qmetrology.algorithms.find_phi_fixed_budget_linear_search,36102410,50000,2024,50000,0.28088,0.2769576023834023,0.28483606464825895,50000,14044,0.11882,0.1160130195460301,0.12168554744524707,50000,5941,569926,25394,1248730,8253,wilson,95
"U(0.01,0.1), eps=1e-05",narrow_e5,0.01,0.1,uniform,1e-05,binary_deep,qmetrology.algorithms.find_phi_fixed_budget_binary_search_deep,36102410,50000,2024,50000,0.70532,0.7013082934428637,0.7093001598478413,50000,35266,0.0423,0.04057067859036245,0.04409964543478988,50000,2115,192965,120702,104761,2122,wilson,95
"U(0.01,0.1), eps=1e-05",narrow_e5,0.01,0.1,uniform,1e-05,linear,qmetrology.algorithms.find_phi_fixed_budget_linear_search,51142110,50000,2024,50000,0.38664,0.38238037438688727,0.3909170429858268,50000,19332,0.04936,0.047495666673845076,0.05129357260667632,50000,2468,221225,27485,617577,2931,wilson,95
"U(0.01,0.1), eps=1e-05",narrow_e5,0.01,0.1,uniform,1e-05,binary_deep,qmetrology.algorithms.find_phi_fixed_budget_binary_search_deep,51142110,50000,2024,50000,0.51908,0.5146992815989374,0.5234577868249212,50000,25954,0.08562,0.08319919315002226,0.08810447490665814,50000,4281,211059,72816,126431,4288,wilson,95
"U(0.01,0.1), eps=1e-05",narrow_e5,0.01,0.1,uniform,1e-05,linear,qmetrology.algorithms.find_phi_fixed_budget_linear_search,72447113,50000,2024,50000,0.3702,0.3659777622646347,0.37444218105733323,50000,18510,0.1086,0.10590282440275939,0.11135731285624131,50000,5430,368450,29446,1251546,6798,wilson,95
"U(0.01,0.1), eps=1e-05",narrow_e5,0.01,0.1,uniform,1e-05,binary_deep,qmetrology.algorithms.find_phi_fixed_budget_binary_search_deep,72447113,50000,2024,50000,0.42556,0.42123211175270303,0.4298993256963516,50000,21278,0.05744,0.05543428872130799,0.05951370909510322,50000,2872,217004,51581,141161,2872,wilson,95
"U(0.01,0.1), eps=1e-05",narrow_e5,0.01,0.1,uniform,1e-05,linear,qmetrology.algorithms.find_phi_fixed_budget_linear_search,102627447,50000,2024,50000,0.37302,0.3687909790946916,0.37726853094401025,50000,18651,0.1076,0.1049139621717973,0.11034632873375169,50000,5380,368317,29571,1251190,6793,wilson,95
"U(0.01,0.1), eps=1e-05",narrow_e5,0.01,0.1,uniform,1e-05,binary_deep,qmetrology.algorithms.find_phi_fixed_budget_binary_search_deep,102627447,50000,2024,50000,0.71074,0.7067496115374252,0.7146980089889883,50000,35537,0.03718,0.03555683394916984,0.03887427674630973,50000,1859,192712,121007,105038,1863,wilson,95
"U(0.01,0.1), eps=1e-05",narrow_e5,0.01,0.1,uniform,1e-05,linear,qmetrology.algorithms.find_phi_fixed_budget_linear_search,145380436,50000,2024,50000,0.3728,0.3685715027286032,0.37704804111233925,50000,18640,0.11144,0.10871158683292315,0.1142281140698804,50000,5572,368119,29737,1250923,7193,wilson,95
"U(0.01,0.1), eps=1e-05",narrow_e5,0.01,0.1,uniform,1e-05,binary_deep,qmetrology.algorithms.find_phi_fixed_budget_binary_search_deep,145380436,50000,2024,50000,0.72642,0.7224952155137391,0.730309995834797,50000,36321,0.02092,0.01970186384357303,0.022211745144781747,50000,1046,190563,123382,105699,1046,wilson,95
"U(0.01,0.1), eps=1e-05",narrow_e5,0.01,0.1,uniform,1e-05,linear,qmetrology.algorithms.find_phi_fixed_budget_linear_search,205943651,50000,2024,50000,0.43184,0.4275036995079601,0.43618677304077125,50000,21592,0.0388,0.03714240237825417,0.04052845940981718,50000,1940,215941,33589,1212686,2078,wilson,95
"U(0.01,0.1), eps=1e-05",narrow_e5,0.01,0.1,uniform,1e-05,binary_deep,qmetrology.algorithms.find_phi_fixed_budget_binary_search_deep,205943651,50000,2024,50000,0.54988,0.5455155837126238,0.5542367523975475,50000,27494,0.0351,0.033522294720127355,0.03674913556017266,50000,1755,207667,75850,129418,1755,wilson,95
"U(0.01,0.1), eps=1e-05",narrow_e5,0.01,0.1,uniform,1e-05,linear,qmetrology.algorithms.find_phi_fixed_budget_linear_search,291736555,50000,2024,50000,0.43288,0.4285423751239013,0.4372279376324198,50000,21644,0.03732,0.03569382563158382,0.039017263553379,50000,1866,215694,33796,1211745,2015,wilson,95
"U(0.01,0.1), eps=1e-05",narrow_e5,0.01,0.1,uniform,1e-05,binary_deep,qmetrology.algorithms.find_phi_fixed_budget_binary_search_deep,291736555,50000,2024,50000,0.50202,0.4976374362223155,0.506402253411657,50000,25101,0.03252,0.031000812653185463,0.034111014035209136,50000,1626,211249,65186,135431,1626,wilson,95
"U(0.01,0.1), eps=1e-05",narrow_e5,0.01,0.1,uniform,1e-05,linear,qmetrology.algorithms.find_phi_fixed_budget_linear_search,413269439,50000,2024,50000,0.434,0.42966097065234055,0.4383491700198465,50000,21700,0.03092,0.029438397426264945,0.032473675096606924,50000,1546,268606,30542,1246960,1812,wilson,95
"U(0.01,0.1), eps=1e-05",narrow_e5,0.01,0.1,uniform,1e-05,binary_deep,qmetrology.algorithms.find_phi_fixed_budget_binary_search_deep,413269439,50000,2024,50000,0.72426,0.7203258241809477,0.7281597190441328,50000,36213,0.02306,0.021780571941654534,0.0244127082430869,50000,1153,190891,122950,105724,1153,wilson,95
"U(0.01,0.1), eps=1e-05",narrow_e5,0.01,0.1,uniform,1e-05,linear,qmetrology.algorithms.find_phi_fixed_budget_linear_search,585431022,50000,2024,50000,0.50528,0.5008973943559045,0.5096617943903203,50000,25264,0.03762,0.03598740041424379,0.03932364267675454,50000,1881,224288,75418,984413,1996,wilson,95
"U(0.01,0.1), eps=1e-05",narrow_e5,0.01,0.1,uniform,1e-05,binary_deep,qmetrology.algorithms.find_phi_fixed_budget_binary_search_deep,585431022,50000,2024,50000,0.2425,0.23876314165334406,0.24627642233284058,50000,12125,0.07096,0.06874226347204779,0.07324365704303054,50000,3548,228839,23624,154918,3548,wilson,95
"U(0.01,0.1), eps=1e-05",narrow_e5,0.01,0.1,uniform,1e-05,linear,qmetrology.algorithms.find_phi_fixed_budget_linear_search,829312426,50000,2024,50000,0.54734,0.5429736043116519,0.5516991220607522,50000,27367,0.02352,0.022227798741438716,0.0248854107658905,50000,1176,211169,88633,903419,1240,wilson,95
"U(0.01,0.1), eps=1e-05",narrow_e5,0.01,0.1,uniform,1e-05,binary_deep,qmetrology.algorithms.find_phi_fixed_budget_binary_search_deep,829312426,50000,2024,50000,0.43566,0.431318930544513,0.4400109550744039,50000,21783,0.04298,0.04123713820652525,0.044793081338974236,50000,2149,216147,52508,141787,2149,wilson,95
"U(0.01,0.1), eps=1e-05",narrow_e5,0.01,0.1,uniform,1e-05,linear,qmetrology.algorithms.find_phi_fixed_budget_linear_search,1174791008,50000,2024,50000,0.60968,0.6053958602339958,0.6139472878125877,50000,30484,0.0188,0.017645962858443127,0.02002797186059402,50000,940,115070,84910,732806,941,wilson,95
"U(0.01,0.1), eps=1e-05",narrow_e5,0.01,0.1,uniform,1e-05,binary_deep,qmetrology.algorithms.find_phi_fixed_budget_binary_search_deep,1174791008,50000,2024,50000,0.7379,0.7340270861418576,0.7417363613443042,50000,36895,0.02068,0.0194689420032185,0.021964703860307865,50000,1034,189274,127133,103876,1034,wilson,95
"U(0.01,0.1), eps=1e-05",narrow_e5,0.01,0.1,uniform,1e-05,linear,qmetrology.algorithms.find_phi_fixed_budget_linear_search,1664190563,50000,2024,50000,0.6789,0.6747939143946664,0.6829785982378445,50000,33945,0.00476,0.0041935745786045,0.00540251733797064,50000,238,72040,77957,608080,238,wilson,95
"U(0.01,0.1), eps=1e-05",narrow_e5,0.01,0.1,uniform,1e-05,binary_deep,qmetrology.algorithms.find_phi_fixed_budget_binary_search_deep,1664190563,50000,2024,50000,0.71596,0.7119907956174781,0.7198960228739532,50000,35798,0.04278,0.04104110794825249,0.04458914232655666,50000,2139,192043,123906,103088,2147,wilson,95
"U(0.01,0.1), eps=1e-05",narrow_e5,0.01,0.1,uniform,1e-05,linear,qmetrology.algorithms.find_phi_fixed_budget_linear_search,2357466314,50000,2024,50000,0.96982,0.9682839548903865,0.9712838588882957,50000,48491,0.0013,0.0010201793784433341,0.0016564441551888893,50000,65,1509,48491,85421,65,wilson,95
"U(0.01,0.1), eps=1e-05",narrow_e5,0.01,0.1,uniform,1e-05,binary_deep,qmetrology.algorithms.find_phi_fixed_budget_binary_search_deep,2357466314,50000,2024,50000,0.69614,0.6920937304345791,0.7001561333314392,50000,34807,0.0849,0.08248861899651509,0.08737515968568009,50000,4245,196885,119970,100086,4318,wilson,95
"U(0.01,0.1), eps=1e-05",narrow_e5,0.01,0.1,uniform,1e-05,linear,qmetrology.algorithms.find_phi_fixed_budget_linear_search,3339549897,50000,2024,50000,0.97722,0.9758750905309134,0.9784915862633116,50000,48861,0.0002,0.00010864321606212209,0.00036814932877322047,50000,10,1139,48861,151930,10,wilson,95
"U(0.01,0.1), eps=1e-05",narrow_e5,0.01,0.1,uniform,1e-05,binary_deep,qmetrology.algorithms.find_phi_fixed_budget_binary_search_deep,3339549897,50000,2024,50000,0.68896,0.6848880228723337,0.6930029440759014,50000,34448,0.17318,0.16988835382172662,0.1765218609431855,50000,8659,205777,116963,89642,9138,wilson,95
"U(0.01,0.1), eps=1e-05",narrow_e5,0.01,0.1,uniform,1e-05,linear,qmetrology.algorithms.find_phi_fixed_budget_linear_search,4730754135,50000,2024,50000,0.97722,0.9758750905309134,0.9784915862633116,50000,48861,0.0002,0.00010864321606212209,0.00036814932877322047,50000,10,1139,48861,151930,10,wilson,95
"U(0.01,0.1), eps=1e-05",narrow_e5,0.01,0.1,uniform,1e-05,binary_deep,qmetrology.algorithms.find_phi_fixed_budget_binary_search_deep,4730754135,50000,2024,50000,0.6749,0.6707809608096994,0.6789921664090047,50000,33745,0.22156,0.21794130039069848,0.22522148095420735,50000,11078,214014,115715,82762,12291,wilson,95
"U(0.01,0.1), eps=1e-05",narrow_e5,0.01,0.1,uniform,1e-05,linear,qmetrology.algorithms.find_phi_fixed_budget_linear_search,6701512293,50000,2024,50000,0.97722,0.9758750905309134,0.9784915862633116,50000,48861,0.0002,0.00010864321606212209,0.00036814932877322047,50000,10,1139,48861,151930,10,wilson,95
"U(0.01,0.1), eps=1e-05",narrow_e5,0.01,0.1,uniform,1e-05,binary_deep,qmetrology.algorithms.find_phi_fixed_budget_binary_search_deep,6701512293,50000,2024,50000,0.69806,0.6940208006827866,0.7020687680818591,50000,34903,0.22506,0.22142065195085375,0.2287415916311331,50000,11253,217928,121080,76923,13993,wilson,95
"U(0.01,0.1), eps=1e-05",narrow_e5,0.01,0.1,uniform,1e-05,linear,qmetrology.algorithms.find_phi_fixed_budget_linear_search,9493257466,50000,2024,50000,0.97722,0.9758750905309134,0.9784915862633116,50000,48861,0.0002,0.00010864321606212209,0.00036814932877322047,50000,10,1139,48861,151930,10,wilson,95
"U(0.01,0.1), eps=1e-05",narrow_e5,0.01,0.1,uniform,1e-05,binary_deep,qmetrology.algorithms.find_phi_fixed_budget_binary_search_deep,9493257466,50000,2024,50000,0.60806,0.6037728172124934,0.6123305797414984,50000,30403,0.34172,0.33757507565437184,0.34588924352129147,50000,17086,232938,112944,65720,23866,wilson,95
"U(0.01,0.1), eps=1e-05",narrow_e5,0.01,0.1,uniform,1e-05,linear,qmetrology.algorithms.find_phi_fixed_budget_linear_search,13447999999,50000,2024,50000,0.97722,0.9758750905309134,0.9784915862633116,50000,48861,0.0002,0.00010864321606212209,0.00036814932877322047,50000,10,1139,48861,151930,10,wilson,95
"U(0.01,0.1), eps=1e-05",narrow_e5,0.01,0.1,uniform,1e-05,binary_deep,qmetrology.algorithms.find_phi_fixed_budget_binary_search_deep,13447999999,50000,2024,50000,0.5896,0.585281606878135,0.5939046263911383,50000,29480,0.38706,0.38279948693357146,0.39133786590759234,50000,19353,236535,119573,54879,37480,wilson,95
"U(0.01,0.1), eps=1e-06",narrow_e6,0.01,0.1,uniform,1e-06,linear,qmetrology.algorithms.find_phi_fixed_budget_linear_search,896533333,50000,2024,50000,0.43296,0.428622274055404,0.4373080264091933,50000,21648,0.03986,0.03818030807173602,0.04161039085099414,50000,1993,215722,33773,1211629,2152,wilson,95
"U(0.01,0.1), eps=1e-06",narrow_e6,0.01,0.1,uniform,1e-06,binary_deep,qmetrology.algorithms.find_phi_fixed_budget_binary_search_deep,896533333,50000,2024,50000,0.21068,0.20712790996316932,0.21427654305618193,50000,10534,0.25286,0.24906926783713063,0.25668870437081365,50000,12643,232609,21066,144051,13248,wilson,95
"U(0.01,0.1), eps=1e-06",narrow_e6,0.01,0.1,uniform,1e-06,linear,qmetrology.algorithms.find_phi_fixed_budget_linear_search,1270015093,50000,2024,50000,0.43986,0.43551398985732576,0.4442152504460883,50000,21993,0.04392,0.04215861992468549,0.04575145519305861,50000,2196,257003,42223,1194577,2462,wilson,95
"U(0.01,0.1), eps=1e-06",narrow_e6,0.01,0.1,uniform,1e-06,binary_deep,qmetrology.algorithms.find_phi_fixed_budget_binary_search_deep,1270015093,50000,2024,50000,0.55742,0.5530621364617955,0.5617690411534019,50000,27871,0.0273,0.025907560184429072,0.028765068538947614,50000,1365,206729,77029,129505,1365,wilson,95
"U(0.01,0.1), eps=1e-06",narrow_e6,0.01,0.1,uniform,1e-06,linear,qmetrology.algorithms.find_phi_fixed_budget_linear_search,1799083511,50000,2024,50000,0.37448,0.3702475278113375,0.37873175790340374,50000,18724,0.11048,0.10776208160610684,0.11325776679738306,50000,5524,368072,29856,1250705,7015,wilson,95
"U(0.01,0.1), eps=1e-06",narrow_e6,0.01,0.1,uniform,1e-06,binary_deep,qmetrology.algorithms.find_phi_fixed_budget_binary_search_deep,1799083511,50000,2024,50000,0.61296,0.6086821732032993,0.6172204708826058,50000,30648,0.05132,0.049420192501295444,0.0532887456319913,50000,2566,202524,93599,118172,2568,wilson,95
"U(0.01,0.1), eps=1e-06",narrow_e6,0.01,0.1,uniform,1e-06,linear,qmetrology.algorithms.find_phi_fixed_budget_linear_search,2548553554,50000,2024,50000,0.36602,0.36180810170309197,0.3702524838614478,50000,18301,0.1186,0.11579530926662904,0.12146329152688876,50000,5930,365321,32887,1242910,6807,wilson,95
"U(0.01,0.1), eps=1e-06",narrow_e6,0.01,0.1,uniform,1e-06,binary_deep,qmetrology.algorithms.find_phi_fixed_budget_binary_search_deep,2548553554,50000,2024,50000,0.36346,0.35925460293785344,0.36768637596185,50000,18173,0.02794,0.026531347949179027,0.029421182440406746,50000,1397,220990,39821,149530,1397,wilson,95
"U(0.01,0.1), eps=1e-06",narrow_e6,0.01,0.1,uniform,1e-06,linear,qmetrology.algorithms.find_phi_fixed_budget_linear_search,3610241091,50000,2024,50000,0.40704,0.40274109963374255,0.41135318334938636,50000,20352,0.06468,0.06255736816477898,0.06686951725062261,50000,3234,562568,33016,1249182,5076,wilson,95
"U(0.01,0.1), eps=1e-06",narrow_e6,0.01,0.1,uniform,1e-06,binary_deep,qmetrology.algorithms.find_phi_fixed_budget_binary_search_deep,3610241091,50000,2024,50000,0.4706,0.46622739624387594,0.4749771209646437,50000,23530,0.08544,0.08302154472848093,0.08792215098457816,50000,4272,214801,61956,132550,4273,wilson,95
"U(0.01,0.1), eps=1e-06",narrow_e6,0.01,0.1,uniform,1e-06,linear,qmetrology.algorithms.find_phi_fixed_budget_linear_search,5114211046,50000,2024,50000,0.45218,0.4478213169605814,0.4565460304173578,50000,22609,0.02194,0.0206922528899185,0.023261199378957015,50000,1097,366917,31315,1250849,1745,wilson,95
"U(0.01,0.1), eps=1e-06",narrow_e6,0.01,0.1,uniform,1e-06,binary_deep,qmetrology.algorithms.find_phi_fixed_budget_binary_search_deep,5114211046,50000,2024,50000,0.34338,0.33923012121614754,0.3475539429062456,50000,17169,0.0761,0.07380825646639598,0.07845687430542415,50000,3805,222737,38152,147024,3805,wilson,95
"U(0.01,0.1), eps=1e-06",narrow_e6,0.01,0.1,uniform,1e-06,linear,qmetrology.algorithms.find_phi_fixed_budget_linear_search,7244711353,50000,2024,50000,0.4877,0.48331982670874,0.4920820631438039,50000,24385,0.0101,0.009260427209596403,0.011014844234410867,50000,505,251909,47323,1189410,762,wilson,95
"U(0.01,0.1), eps=1e-06",narrow_e6,0.01,0.1,uniform,1e-06,binary_deep,qmetrology.algorithms.find_phi_fixed_budget_binary_search_deep,7244711353,50000,2024,50000,0.58634,0.5820167508006279,0.5906499833563926,50000,29317,0.0455,0.04370799671359263,0.04736183564260517,50000,2275,204375,86275,122900,2277,wilson,95
"U(0.01,0.1), eps=1e-06",narrow_e6,0.01,0.1,uniform,1e-06,linear,qmetrology.algorithms.find_phi_fixed_budget_linear_search,10262744755,50000,2024,50000,0.39808,0.39379739118357754,0.4023782684726241,50000,19904,0.0561,0.05411688355899596,0.058151320143789965,50000,2805,371366,26666,1255477,3875,wilson,95
"U(0.01,0.1), eps=1e-06",narrow_e6,0.01,0.1,uniform,1e-06,binary_deep,qmetrology.algorithms.find_phi_fixed_budget_binary_search_deep,10262744755,50000,2024,50000,0.24622,0.2424634598846004,0.25001553253642456,50000,12311,0.0577,0.0556899411341725,0.05977801673413617,50000,2885,228574,23847,155689,2885,wilson,95
"U(0.01,0.1), eps=1e-06",narrow_e6,0.01,0.1,uniform,1e-06,linear,qmetrology.algorithms.find_phi_fixed_budget_linear_search,14538043655,50000,2024,50000,0.46442,0.4600513980350985,0.4687940687090895,50000,23221,0.01392,0.012929777830407656,0.01498490668378515,50000,696,266056,33074,1244203,970,wilson,95
"U(0.01,0.1), eps=1e-06",narrow_e6,0.01,0.1,uniform,1e-06,binary_deep,qmetrology.algorithms.find_phi_fixed_budget_binary_search_deep,14538043655,50000,2024,50000,0.7137,0.709721544679966,0.7176456210526644,50000,35685,0.03252,0.031000812653185463,0.034111014035209136,50000,1626,192036,121572,105454,1627,wilson,95
"U(0.01,0.1), eps=1e-06",narrow_e6,0.01,0.1,uniform,1e-06,linear,qmetrology.algorithms.find_phi_fixed_budget_linear_search,20594365186,50000,2024,50000,0.4693,0.4649281821027859,0.47367653484624644,50000,23465,0.01162,0.01071745453755537,0.012597583363698501,50000,581,265756,33404,1243612,835,wilson,95
"U(0.01,0.1), eps=1e-06",narrow_e6,0.01,0.1,uniform,1e-06,binary_deep,qmetrology.algorithms.find_phi_fixed_budget_binary_search_deep,20594365186,50000,2024,50000,0.74746,0.74363286704123,0.7512491115839302,50000,37373,0.00702,0.006325105105355195,0.0077906395700208094,50000,351,188560,125798,106133,351,wilson,95
"U(0.01,0.1), eps=1e-06",narrow_e6,0.01,0.1,uniform,1e-06,linear,qmetrology.algorithms.find_phi_fixed_budget_linear_search,29173655514,50000,2024,50000,0.4745,0.47012521727848244,0.4788787007084988,50000,23725,0.01004,0.009203009804827487,0.010952270857972683,50000,502,265306,33854,1243080,758,wilson,95
"U(0.01,0.1), eps=1e-06",narrow_e6,0.01,0.1,uniform,1e-06,binary_deep,qmetrology.algorithms.find_phi_fixed_budget_binary_search_deep,29173655514,50000,2024,50000,0.72782,0.7239013640642455,0.731703632179123,50000,36391,0.01906,0.017897902732878664,0.02029599203805593,50000,953,190334,123840,105684,953,wilson,95
"U(0.01,0.1), eps=1e-06",narrow_e6,0.01,0.1,uniform,1e-06,linear,qmetrology.algorithms.find_phi_fixed_budget_linear_search,41326943964,50000,2024,50000,0.46996,0.46558777940611384,0.4743368361361967,50000,23498,0.01134,0.010448720736980525,0.012306360185306864,50000,567,265661,33463,1243544,846,wilson,95
"U(0.01,0.1), eps=1e-06",narrow_e6,0.01,0.1,uniform,1e-06,binary_deep,qmetrology.algorithms.find_phi_fixed_budget_binary_search_deep,41326943964,50000,2024,50000,0.24522,0.241468713172729,0.2490104328948443,50000,12261,0.0619,0.05982127927665356,0.06404603327615228,50000,3095,228744,23677,155436,3095,wilson,95
"U(0.01,0.1), eps=1e-06",narrow_e6,0.01,0.1,uniform,1e-06,linear,qmetrology.algorithms.find_phi_fixed_budget_linear_search,58543102238,50000,2024,50000,0.463,0.4586324127850667,0.4673732721372199,50000,23150,0.01546,0.014415229592980049,0.016579218305528387,50000,773,266055,33051,1243781,1066,wilson,95
"U(0.01,0.1), eps=1e-06",narrow_e6,0.01,0.1,uniform,1e-06,binary_deep,qmetrology.algorithms.find_phi_fixed_budget_binary_search_deep,58543102238,50000,2024,50000,0.35722,0.35303099147945427,0.3614309461747105,50000,17861,0.04414,0.04237431858910981,0.045975722726393664,50000,2207,221742,39262,148483,2207,wilson,95
"U(0.01,0.1), eps=1e-06",narrow_e6,0.01,0.1,uniform,1e-06,linear,qmetrology.algorithms.find_phi_fixed_budget_linear_search,82931242693,50000,2024,50000,0.59814,0.59383525738994,0.6024296637378107,50000,29907,0.00144,0.0011437368450457168,0.0018128651780697463,50000,72,157467,92458,809867,96,wilson,95
"U(0.01,0.1), eps=1e-06",narrow_e6,0.01,0.1,uniform,1e-06,binary_deep,qmetrology.algorithms.find_phi_fixed_budget_binary_search_deep,82931242693,50000,2024,50000,0.45048,0.44612290476658195,0.4548447038104892,50000,22524,0.0167,0.015613339573481214,0.017860917803307345,50000,835,215201,53696,142900,835,wilson,95
"U(0.01,0.1), eps=1e-06",narrow_e6,0.01,0.1,uniform,1e-06,linear,qmetrology.algorithms.find_phi_fixed_budget_linear_search,117479100897,50000,2024,50000,0.5709,0.5665563886178583,0.5752327178418678,50000,28545,0.00138,0.0010906821531233419,0.0017459290887850184,50000,69,125288,74652,389484,84,wilson,95
"U(0.01,0.1), eps=1e-06",narrow_e6,0.01,0.1,uniform,1e-06,binary_deep,qmetrology.algorithms.find_phi_fixed_budget_binary_search_deep,117479100897,50000,2024,50000,0.55962,0.55526423975236,0.5639665998404311,50000,27981,0.02618,0.02481643461193489,0.02761636619557587,50000,1309,206641,77231,129488,1309,wilson,95
"U(0.01,0.1), eps=1e-06",narrow_e6,0.01,0.1,uniform,1e-06,linear,qmetrology.algorithms.find_phi_fixed_budget_linear_search,166419056310,50000,2024,50000,0.52352,0.5191405997248614,0.5278957865083228,50000,26176,0.00034,0.00021229975507718098,0.0005444712792414009,50000,17,57734,42264,140741,17,wilson,95
"U(0.01,0.1), eps=1e-06",narrow_e6,0.01,0.1,uniform,1e-06,binary_deep,qmetrology.algorithms.find_phi_fixed_budget_binary_search_deep,166419056310,50000,2024,50000,0.68642,0.682339202338698,0.6904721548717698,50000,34321,0.11406,0.11130327245316339,0.11687602589568362,50000,5703,198791,118220,97982,5849,wilson,95
"U(0.01,0.1), eps=1e-06",narrow_e6,0.01,0.1,uniform,1e-06,linear,qmetrology.algorithms.find_phi_fixed_budget_linear_search,235746631456,50000,2024,50000,0.96982,0.9682839548903865,0.9712838588882957,50000,48491,0.0013,0.0010201793784433341,0.0016564441551888893,50000,65,1509,48491,85421,65,wilson,95
"U(0.01,0.1), eps=1e-06",narrow_e6,0.01,0.1,uniform,1e-06,binary_deep,qmetrology.algorithms.find_phi_fixed_budget_binary_search_deep,235746631456,50000,2024,50000,0.6977,0.6936594686668,0.701710155410603,50000,34885,0.0837,0.081304445572405,0.08615951748564811,50000,4185,197243,119754,99972,4272,wilson,95
"U(0.01,0.1), eps=1e-06",narrow_e6,0.01,0.1,uniform,1e-06,linear,qmetrology.algorithms.find_phi_fixed_budget_linear_search,333954989743,50000,2024,50000,0.97722,0.9758750905309134,0.9784915862633116,50000,48861,0.0002,0.00010864321606212209,0.00036814932877322047,50000,10,1139,48861,151930,10,wilson,95
"U(0.01,0.1), eps=1e-06",narrow_e6,0.01,0.1,uniform,1e-06,binary_deep,qmetrology.algorithms.find_phi_fixed_budget_binary_search_deep,333954989743,50000,2024,50000,0.69266,0.6886011269158155,0.696689271540191,50000,34633,0.14044,0.13742219847559942,0.14351304667730372,50000,7022,204087,116915,93643,7309,wilson,95
"U(0.01,0.1), eps=1e-06",narrow_e6,0.01,0.1,uniform,1e-06,linear,qmetrology.algorithms.find_phi_fixed_budget_linear_search,473075413571,50000,2024,50000,0.97722,0.9758750905309134,0.9784915862633116,50000,48861,0.0002,0.00010864321606212209,0.00036814932877322047,50000,10,1139,48861,151930,10,wilson,95
"U(0.01,0.1), eps=1e-06",narrow_e6,0.01,0.1,uniform,1e-06,binary_deep,qmetrology.algorithms.find_phi_fixed_budget_binary_search_deep,473075413571,50000,2024,50000,0.6749,0.6707809608096994,0.6789921664090047,50000,33745,0.22156,0.21794130039069848,0.22522148095420735,50000,11078,214014,115715,82762,12291,wilson,95
"U(0.01,0.1), eps=1e-06",narrow_e6,0.01,0.1,uniform,1e-06,linear,qmetrology.algorithms.find_phi_fixed_budget_linear_search,670151229355,50000,2024,50000,0.97722,0.9758750905309134,0.9784915862633116,50000,48861,0.0002,0.00010864321606212209,0.00036814932877322047,50000,10,1139,48861,151930,10,wilson,95
"U(0.01,0.1), eps=1e-06",narrow_e6,0.01,0.1,uniform,1e-06,binary_deep,qmetrology.algorithms.find_phi_fixed_budget_binary_search_deep,670151229355,50000,2024,50000,0.69806,0.6940208006827866,0.7020687680818591,50000,34903,0.22506,0.22142065195085375,0.2287415916311331,50000,11253,217928,121080,76923,13993,wilson,95
"U(0.01,0.1), eps=1e-06",narrow_e6,0.01,0.1,uniform,1e-06,linear,qmetrology.algorithms.find_phi_fixed_budget_linear_search,949325746642,50000,2024,50000,0.97722,0.9758750905309134,0.9784915862633116,50000,48861,0.0002,0.00010864321606212209,0.00036814932877322047,50000,10,1139,48861,151930,10,wilson,95
"U(0.01,0.1), eps=1e-06",narrow_e6,0.01,0.1,uniform,1e-06,binary_deep,qmetrology.algorithms.find_phi_fixed_budget_binary_search_deep,949325746642,50000,2024,50000,0.60806,0.6037728172124934,0.6123305797414984,50000,30403,0.34172,0.33757507565437184,0.34588924352129147,50000,17086,232938,112944,65720,23866,wilson,95
"U(0.01,0.1), eps=1e-06",narrow_e6,0.01,0.1,uniform,1e-06,linear,qmetrology.algorithms.find_phi_fixed_budget_linear_search,1344800000000,50000,2024,50000,0.97722,0.9758750905309134,0.9784915862633116,50000,48861,0.0002,0.00010864321606212209,0.00036814932877322047,50000,10,1139,48861,151930,10,wilson,95
"U(0.01,0.1), eps=1e-06",narrow_e6,0.01,0.1,uniform,1e-06,binary_deep,qmetrology.algorithms.find_phi_fixed_budget_binary_search_deep,1344800000000,50000,2024,50000,0.5896,0.585281606878135,0.5939046263911383,50000,29480,0.38706,0.38279948693357146,0.39133786590759234,50000,19353,236535,119573,54879,37480,wilson,95
"U(0.01,0.1), eps=1e-07",narrow_e7,0.01,0.1,uniform,1e-07,linear,qmetrology.algorithms.find_phi_fixed_budget_linear_search,89653333333,50000,2024,50000,0.49846,0.49407769473678353,0.5028425418789008,50000,24923,0.00472,0.004156100459403335,0.005359997603033737,50000,236,251068,48254,1189102,438,wilson,95
"U(0.01,0.1), eps=1e-07",narrow_e7,0.01,0.1,uniform,1e-07,binary_deep,qmetrology.algorithms.find_phi_fixed_budget_binary_search_deep,89653333333,50000,2024,50000,0.43588,0.4315386638869939,0.4402311879296823,50000,21794,0.03986,0.03818030807173602,0.04161039085099414,50000,1993,216067,52467,142010,1993,wilson,95
"U(0.01,0.1), eps=1e-07",narrow_e7,0.01,0.1,uniform,1e-07,linear,qmetrology.algorithms.find_phi_fixed_budget_linear_search,127001509327,50000,2024,50000,0.4477,0.443345612099866,0.45206242361460947,50000,22385,0.03594,0.034343759657784245,0.0376075415594152,50000,1797,256287,42921,1195263,2074,wilson,95
"U(0.01,0.1), eps=1e-07",narrow_e7,0.01,0.1,uniform,1e-07,binary_deep,qmetrology.algorithms.find_phi_fixed_budget_binary_search_deep,127001509327,50000,2024,50000,0.35332,0.34914162751649913,0.357520909359204,50000,17666,0.04754,0.04570934741052726,0.049440171506712025,50000,2377,221827,39054,148451,2377,wilson,95
"U(0.01,0.1), eps=1e-07",narrow_e7,0.01,0.1,uniform,1e-07,linear,qmetrology.algorithms.find_phi_fixed_budget_linear_search,179908351108,50000,2024,50000,0.484,0.4796210290298204,0.4883814293149521,50000,24200,0.00974,0.00891604328773843,0.010639283469026225,50000,487,211582,37918,1207197,640,wilson,95
"U(0.01,0.1), eps=1e-07",narrow_e7,0.01,0.1,uniform,1e-07,binary_deep,qmetrology.algorithms.find_phi_fixed_budget_binary_search_deep,179908351108,50000,2024,50000,0.54622,0.5418527679297753,0.5505801305267628,50000,27311,0.04112,0.03941447157152577,0.042896033756553535,50000,2056,207765,75996,128822,2056,wilson,95
"U(0.01,0.1), eps=1e-07",narrow_e7,0.01,0.1,uniform,1e-07,linear,qmetrology.algorithms.find_phi_fixed_budget_linear_search,254855355420,50000,2024,50000,0.48932,0.4849393758977272,0.49370226504740844,50000,24466,0.00968,0.008858674596731056,0.010576661378826497,50000,484,251769,47499,1189213,722,wilson,95
"U(0.01,0.1), eps=1e-07",narrow_e7,0.01,0.1,uniform,1e-07,binary_deep,qmetrology.algorithms.find_phi_fixed_budget_binary_search_deep,254855355420,50000,2024,50000,0.36498,0.36077072730463067,0.36921001805231946,50000,18249,0.0269,0.025517797611801018,0.028354892570194978,50000,1345,220907,39825,149626,1345,wilson,95
"U(0.01,0.1), eps=1e-07",narrow_e7,0.01,0.1,uniform,1e-07,linear,qmetrology.algorithms.find_phi_fixed_budget_linear_search,361024109144,50000,2024,50000,0.4891,0.4847194344175285,0.49348224032984767,50000,24455,0.00602,0.005378882048677721,0.006737016273246573,50000,301,211253,38267,1207389,435,wilson,95
"U(0.01,0.1), eps=1e-07",narrow_e7,0.01,0.1,uniform,1e-07,binary_deep,qmetrology.algorithms.find_phi_fixed_budget_binary_search_deep,361024109144,50000,2024,50000,0.34252,0.3383726809209223,0.3466915153375023,50000,17126,0.08068,0.07832493964653692,0.08309948742409204,50000,4034,222931,37928,146825,4034,wilson,95
"U(0.01,0.1), eps=1e-07",narrow_e7,0.01,0.1,uniform,1e-07,linear,qmetrology.algorithms.find_phi_fixed_budget_linear_search,511421104605,50000,2024,50000,0.48496,0.480580693993869,0.4893416168502172,50000,24248,0.00516,0.004568882662300291,0.005827147795655532,50000,258,264531,34617,1242761,517,wilson,95
"U(0.01,0.1), eps=1e-07",narrow_e7,0.01,0.1,uniform,1e-07,binary_deep,qmetrology.algorithms.find_phi_fixed_budget_binary_search_deep,511421104605,50000,2024,50000,0.63722,0.6329952681145865,0.6414236485060572,50000,31861,0.02248,0.021216873011978603,0.023816496287760835,50000,1124,199766,96512,119428,1124,wilson,95
"U(0.01,0.1), eps=1e-07",narrow_e7,0.01,0.1,uniform,1e-07,linear,qmetrology.algorithms.find_phi_fixed_budget_linear_search,724471135335,50000,2024,50000,0.4827,0.4783215085137984,0.48708114957148696,50000,24135,0.00634,0.005681210953375544,0.007074638201653298,50000,317,264613,34535,1242839,578,wilson,95
"U(0.01,0.1), eps=1e-07",narrow_e7,0.01,0.1,uniform,1e-07,binary_deep,qmetrology.algorithms.find_phi_fixed_budget_binary_search_deep,724471135335,50000,2024,50000,0.55986,0.5555044744435308,0.5642063282740887,50000,27993,0.0243,0.02298644197939773,0.02568664768362382,50000,1215,206778,76949,129671,1215,wilson,95
"U(0.01,0.1), eps=1e-07",narrow_e7,0.01,0.1,uniform,1e-07,linear,qmetrology.algorithms.find_phi_fixed_budget_linear_search,1026274475590,50000,2024,50000,0.48644,0.4820602091715066,0.490821874275688,50000,24322,0.0051,0.0045125232093754485,0.0057635164673732735,50000,255,264447,34707,1242695,511,wilson,95
"U(0.01,0.1), eps=1e-07",narrow_e7,0.01,0.1,uniform,1e-07,binary_deep,qmetrology.algorithms.find_phi_fixed_budget_binary_search_deep,1026274475590,50000,2024,50000,0.36834,0.3641223209328984,0.3725779081716494,50000,18417,0.0173,0.016193655585915782,0.018480509602943798,50000,865,220627,40069,150152,865,wilson,95
"U(0.01,0.1), eps=1e-07",narrow_e7,0.01,0.1,uniform,1e-07,linear,qmetrology.algorithms.find_phi_fixed_budget_linear_search,1453804365525,50000,2024,50000,0.48172,0.47734188958852164,0.486100919070381,50000,24086,0.0066,0.005927183880183635,0.0073486253267426496,50000,330,264703,34457,1242827,584,wilson,95
"U(0.01,0.1), eps=1e-07",narrow_e7,0.01,0.1,uniform,1e-07,binary_deep,qmetrology.algorithms.find_phi_fixed_budget_binary_search_deep,1453804365525,50000,2024,50000,0.36674,0.3625262964004648,0.37097417853856024,50000,18337,0.0243,0.02298644197939773,0.02568664768362382,50000,1215,220804,39923,149775,1215,wilson,95
"U(0.01,0.1), eps=1e-07",narrow_e7,0.01,0.1,uniform,1e-07,linear,qmetrology.algorithms.find_phi_fixed_budget_linear_search,2059436518680,50000,2024,50000,0.4647,0.4603312021479012,0.4690742215752533,50000,23235,0.01338,0.01240964383889136,0.014425123644437519,50000,669,266043,33075,1244149,954,wilson,95
"U(0.01,0.1), eps=1e-07",narrow_e7,0.01,0.1,uniform,1e-07,binary_deep,qmetrology.algorithms.find_phi_fixed_budget_binary_search_deep,2059436518680,50000,2024,50000,0.24298,0.23924058055675276,0.24675890967908873,50000,12149,0.06654,0.06438862844694639,0.06875797118587539,50000,3327,228706,23610,155323,3327,wilson,95
"U(0.01,0.1), eps=1e-07",narrow_e7,0.01,0.1,uniform,1e-07,linear,qmetrology.algorithms.find_phi_fixed_budget_linear_search,2917365551411,50000,2024,50000,0.47368,0.469305653187231,0.4780583907899199,50000,23684,0.01024,0.009394431635012955,0.011160818298477556,50000,512,265354,33800,1243479,769,wilson,95
"U(0.01,0.1), eps=1e-07",narrow_e7,0.01,0.1,uniform,1e-07,binary_deep,qmetrology.algorithms.find_phi_fixed_budget_binary_search_deep,2917365551411,50000,2024,50000,0.50264,0.49825741391373635,0.5070221804593762,50000,25132,0.0334,0.031860573921332444,0.03501111755809967,50000,1670,211139,65306,135402,1670,wilson,95
"U(0.01,0.1), eps=1e-07",narrow_e7,0.01,0.1,uniform,1e-07,linear,qmetrology.algorithms.find_phi_fixed_budget_linear_search,4132694396433,50000,2024,50000,0.61024,0.6059569236578203,0.6145061383466962,50000,30512,0.00222,0.0018439568467679974,0.0026725253320397987,50000,111,155489,94496,798346,114,wilson,95
"U(0.01,0.1), eps=1e-07",narrow_e7,0.01,0.1,uniform,1e-07,binary_deep,qmetrology.algorithms.find_phi_fixed_budget_binary_search_deep,4132694396433,50000,2024,50000,0.74708,0.743251001293703,0.7508710357171453,50000,37354,0.00798,0.007237038493554481,0.008798558681135167,50000,399,188715,125671,106051,399,wilson,95
"U(0.01,0.1), eps=1e-07",narrow_e7,0.01,0.1,uniform,1e-07,linear,qmetrology.algorithms.find_phi_fixed_budget_linear_search,5854310223842,50000,2024,50000,0.4623,0.4579329261261951,0.46667286634867533,50000,23115,0.02002,0.018828634727442246,0.021285112542805986,50000,1001,213223,36282,1208385,1144,wilson,95
"U(0.01,0.1), eps=1e-07",narrow_e7,0.01,0.1,uniform,1e-07,binary_deep,qmetrology.algorithms.find_phi_fixed_budget_binary_search_deep,5854310223842,50000,2024,50000,0.76626,0.762530111389858,0.7699489786801944,50000,38313,0.00356,0.0030747150413521973,0.00412156125108089,50000,178,186766,130404,104212,178,wilson,95
"U(0.01,0.1), eps=1e-07",narrow_e7,0.01,0.1,uniform,1e-07,linear,qmetrology.algorithms.find_phi_fixed_budget_linear_search,8293124269377,50000,2024,50000,0.54376,0.5393910090421847,0.548122267384862,50000,27188,0.00086,0.0006385733997671297,0.0011581177383463413,50000,43,136365,63511,456313,66,wilson,95
"U(0.01,0.1), eps=1e-07",narrow_e7,0.01,0.1,uniform,1e-07,binary_deep,qmetrology.algorithms.find_phi_fixed_budget_binary_search_deep,8293124269377,50000,2024,50000,0.73464,0.7307520172500859,0.7384919311238232,50000,36732,0.02254,0.021275176357324115,0.02387818372362243,50000,1127,189534,126600,104021,1127,wilson,95
"U(0.01,0.1), eps=1e-07",narrow_e7,0.01,0.1,uniform,1e-07,linear,qmetrology.algorithms.find_phi_fixed_budget_linear_search,11747910089773,50000,2024,50000,0.53978,0.5354083905473022,0.5441454973930069,50000,26989,0.0017,0.0013751791446212852,0.002101382930391622,50000,85,136671,63193,456314,114,wilson,95
"U(0.01,0.1), eps=1e-07",narrow_e7,0.01,0.1,uniform,1e-07,binary_deep,qmetrology.algorithms.find_phi_fixed_budget_binary_search_deep,11747910089773,50000,2024,50000,0.55904,0.5546836768404392,0.5633872518673498,50000,27952,0.02614,0.024777478072395182,0.027575328880977513,50000,1307,206763,76990,129565,1307,wilson,95
"U(0.01,0.1), eps=1e-07",narrow_e7,0.01,0.1,uniform,1e-07,linear,qmetrology.algorithms.find_phi_fixed_budget_linear_search,16641905631032,50000,2024,50000,0.5236,0.5192206266533207,0.5279757472881396,50000,26180,0.00036,0.00022773887420149275,0.0005690290871861233,50000,18,57724,42274,140752,18,wilson,95
"U(0.01,0.1), eps=1e-07",narrow_e7,0.01,0.1,uniform,1e-07,binary_deep,qmetrology.algorithms.find_phi_fixed_budget_binary_search_deep,16641905631032,50000,2024,50000,0.70368,0.6996619773183615,0.7076667279526826,50000,35184,0.06262,0.06052979351434095,0.0647774084129501,50000,3131,194043,122220,101650,3164,wilson,95
"U(0.01,0.1), eps=1e-07",narrow_e7,0.01,0.1,uniform,1e-07,linear,qmetrology.algorithms.find_phi_fixed_budget_linear_search,23574663145682,50000,2024,50000,0.92984,0.9275680377986065,0.9320459187690765,50000,46492,0.00846,0.007694112235395478,0.009301411188950991,50000,423,3508,46492,84481,423,wilson,95
"U(0.01,0.1), eps=1e-07",narrow_e7,0.01,0.1,uniform,1e-07,binary_deep,qmetrology.algorithms.find_phi_fixed_budget_binary_search_deep,23574663145682,50000,2024,50000,0.69688,0.6928364455690066,0.7008933044985661,50000,34844,0.08108,0.07871952044417611,0.08350484516783353,50000,4054,196617,120089,100403,4112,wilson,95
"U(0.01,0.1), eps=1e-07",narrow_e7,0.01,0.1,uniform,1e-07,linear,qmetrology.algorithms.find_phi_fixed_budget_linear_search,33395498974351,50000,2024,50000,0.97722,0.9758750905309134,0.9784915862633116,50000,48861,0.0002,0.00010864321606212209,0.00036814932877322047,50000,10,1139,48861,151930,10,wilson,95
"U(0.01,0.1), eps=1e-07",narrow_e7,0.01,0.1,uniform,1e-07,binary_deep,qmetrology.algorithms.find_phi_fixed_budget_binary_search_deep,33395498974351,50000,2024,50000,0.69266,0.6886011269158155,0.696689271540191,50000,34633,0.14044,0.13742219847559942,0.14351304667730372,50000,7022,204087,116915,93643,7309,wilson,95
"U(0.01,0.1), eps=1e-07",narrow_e7,0.01,0.1,uniform,1e-07,linear,qmetrology.algorithms.find_phi_fixed_budget_linear_search,47307541357178,50000,2024,50000,0.97722,0.9758750905309134,0.9784915862633116,50000,48861,0.0002,0.00010864321606212209,0.00036814932877322047,50000,10,1139,48861,151930,10,wilson,95
"U(0.01,0.1), eps=1e-07",narrow_e7,0.01,0.1,uniform,1e-07,binary_deep,qmetrology.algorithms.find_phi_fixed_budget_binary_search_deep,47307541357178,50000,2024,50000,0.6749,0.6707809608096994,0.6789921664090047,50000,33745,0.22156,0.21794130039069848,0.22522148095420735,50000,11078,214014,115715,82762,12291,wilson,95
"U(0.01,0.1), eps=1e-07",narrow_e7,0.01,0.1,uniform,1e-07,linear,qmetrology.algorithms.find_phi_fixed_budget_linear_search,67015122935579,50000,2024,50000,0.97722,0.9758750905309134,0.9784915862633116,50000,48861,0.0002,0.00010864321606212209,0.00036814932877322047,50000,10,1139,48861,151930,10,wilson,95
"U(0.01,0.1), eps=1e-07",narrow_e7,0.01,0.1,uniform,1e-07,binary_deep,qmetrology.algorithms.find_phi_fixed_budget_binary_search_deep,67015122935579,50000,2024,50000,0.69806,0.6940208006827866,0.7020687680818591,50000,34903,0.22506,0.22142065195085375,0.2287415916311331,50000,11253,217928,121080,76923,13993,wilson,95
"U(0.01,0.1), eps=1e-07",narrow_e7,0.01,0.1,uniform,1e-07,linear,qmetrology.algorithms.find_phi_fixed_budget_linear_search,94932574664214,50000,2024,50000,0.97722,0.9758750905309134,0.9784915862633116,50000,48861,0.0002,0.00010864321606212209,0.00036814932877322047,50000,10,1139,48861,151930,10,wilson,95
"U(0.01,0.1), eps=1e-07",narrow_e7,0.01,0.1,uniform,1e-07,binary_deep,qmetrology.algorithms.find_phi_fixed_budget_binary_search_deep,94932574664214,50000,2024,50000,0.60806,0.6037728172124934,0.6123305797414984,50000,30403,0.34172,0.33757507565437184,0.34588924352129147,50000,17086,232938,112944,65720,23866,wilson,95
"U(0.01,0.1), eps=1e-07",narrow_e7,0.01,0.1,uniform,1e-07,linear,qmetrology.algorithms.find_phi_fixed_budget_linear_search,134480000000000,50000,2024,50000,0.97722,0.9758750905309134,0.9784915862633116,50000,48861,0.0002,0.00010864321606212209,0.00036814932877322047,50000,10,1139,48861,151930,10,wilson,95
"U(0.01,0.1), eps=1e-07",narrow_e7,0.01,0.1,uniform,1e-07,binary_deep,qmetrology.algorithms.find_phi_fixed_budget_binary_search_deep,134480000000000,50000,2024,50000,0.5896,0.585281606878135,0.5939046263911383,50000,29480,0.38706,0.38279948693357146,0.39133786590759234,50000,19353,236535,119573,54879,37480,wilson,95
"U(0.01,0.1), eps=1e-08",narrow_e8,0.01,0.1,uniform,1e-08,linear,qmetrology.algorithms.find_phi_fixed_budget_linear_search,8965333333333,50000,2024,50000,0.51266,0.5082779879760969,0.5170400668586018,50000,25633,0.00474,0.00417483617464201,0.0053812588148640945,50000,237,336611,62245,1146419,630,wilson,95
"U(0.01,0.1), eps=1e-08",narrow_e8,0.01,0.1,uniform,1e-08,binary_deep,qmetrology.algorithms.find_phi_fixed_budget_binary_search_deep,8965333333333,50000,2024,50000,0.1125,0.10976007409466625,0.11529946394279612,50000,5625,0.04754,0.04570934741052726,0.049440171506712025,50000,2377,235485,8926,163743,2377,wilson,95
"U(0.01,0.1), eps=1e-08",narrow_e8,0.01,0.1,uniform,1e-08,linear,qmetrology.algorithms.find_phi_fixed_budget_linear_search,12700150932713,50000,2024,50000,0.50062,0.49623751138221467,0.5050023933569254,50000,25031,0.00454,0.003987602873221485,0.005168522845594278,50000,227,250815,48459,1188606,452,wilson,95
"U(0.01,0.1), eps=1e-08",narrow_e8,0.01,0.1,uniform,1e-08,binary_deep,qmetrology.algorithms.find_phi_fixed_budget_binary_search_deep,12700150932713,50000,2024,50000,0.5374,0.5330269586813704,0.5417672949377236,50000,26870,0.05778,0.05576860576794411,0.05985933980864068,50000,2889,208931,75021,127825,2890,wilson,95
"U(0.01,0.1), eps=1e-08",narrow_e8,0.01,0.1,uniform,1e-08,linear,qmetrology.algorithms.find_phi_fixed_budget_linear_search,17990835110839,50000,2024,50000,0.40062,0.3963326212350119,0.40492264815895707,50000,20031,0.05446,0.052504977341599424,0.0564834783415257,50000,2723,370929,27071,1255072,3725,wilson,95
"U(0.01,0.1), eps=1e-08",narrow_e8,0.01,0.1,uniform,1e-08,binary_deep,qmetrology.algorithms.find_phi_fixed_budget_binary_search_deep,17990835110839,50000,2024,50000,0.48292,0.4785414252844491,0.4873011989985956,50000,24146,0.06284,0.06074629996020673,0.0650008681648437,50000,3142,212903,63298,134163,3143,wilson,95
"U(0.01,0.1), eps=1e-08",narrow_e8,0.01,0.1,uniform,1e-08,linear,qmetrology.algorithms.find_phi_fixed_budget_linear_search,25485535542077,50000,2024,50000,0.49782,0.49343776476967155,0.5022025701798035,50000,24891,0.00358,0.003093258409944996,0.004143014809557125,50000,179,210686,38849,1207507,301,wilson,95
"U(0.01,0.1), eps=1e-08",narrow_e8,0.01,0.1,uniform,1e-08,binary_deep,qmetrology.algorithms.find_phi_fixed_budget_binary_search_deep,25485535542077,50000,2024,50000,0.25454,0.25074080454360415,0.25837690953813897,50000,12727,0.03354,0.03199738136390583,0.03515428860500952,50000,1677,227767,24471,157093,1677,wilson,95
"U(0.01,0.1), eps=1e-08",narrow_e8,0.01,0.1,uniform,1e-08,linear,qmetrology.algorithms.find_phi_fixed_budget_linear_search,36102410914495,50000,2024,50000,0.46594,0.4615703512882717,0.470314881913163,50000,23297,0.01954,0.018363173658525495,0.020790647362065914,50000,977,355080,43280,1231441,1558,wilson,95
"U(0.01,0.1), eps=1e-08",narrow_e8,0.01,0.1,uniform,1e-08,binary_deep,qmetrology.algorithms.find_phi_fixed_budget_binary_search_deep,36102410914495,50000,2024,50000,0.59628,0.5919721693016824,0.6005730376086482,50000,29814,0.03326,0.03172377387624443,0.03486793911370444,50000,1663,203430,87337,123385,1663,wilson,95
"U(0.01,0.1), eps=1e-08",narrow_e8,0.01,0.1,uniform,1e-08,linear,qmetrology.algorithms.find_phi_fixed_budget_linear_search,51142110460546,50000,2024,50000,0.4869,0.4825200663137439,0.4912819464560386,50000,24345,0.0083,0.007541678723532948,0.009133869284261246,50000,415,211365,38155,1206823,552,wilson,95
"U(0.01,0.1), eps=1e-08",narrow_e8,0.01,0.1,uniform,1e-08,binary_deep,qmetrology.algorithms.find_phi_fixed_budget_binary_search_deep,51142110460546,50000,2024,50000,0.36018,0.35598312130174853,0.3643983615586333,50000,18009,0.03858,0.03692703035815872,0.040303865232153256,50000,1929,221435,39492,148806,1929,wilson,95
"U(0.01,0.1), eps=1e-08",narrow_e8,0.01,0.1,uniform,1e-08,linear,qmetrology.algorithms.find_phi_fixed_budget_linear_search,72447113533589,50000,2024,50000,0.48598,0.4816003557423816,0.4903617983822254,50000,24299,0.00524,0.0046440617160680864,0.005911956450163873,50000,262,264461,34687,1242713,522,wilson,95
"U(0.01,0.1), eps=1e-08",narrow_e8,0.01,0.1,uniform,1e-08,binary_deep,qmetrology.algorithms.find_phi_fixed_budget_binary_search_deep,72447113533589,50000,2024,50000,0.56098,0.5566255833137943,0.5653250473196911,50000,28049,0.02382,0.02251954032007359,0.025193623093291144,50000,1191,206640,77202,129608,1191,wilson,95
"U(0.01,0.1), eps=1e-08",narrow_e8,0.01,0.1,uniform,1e-08,linear,qmetrology.algorithms.find_phi_fixed_budget_linear_search,102627447559047,50000,2024,50000,0.4839,0.47952106485978374,0.48828140884964366,50000,24195,0.00596,0.005322247978631333,0.006673659562085859,50000,298,264507,34635,1242726,561,wilson,95
"U(0.01,0.1), eps=1e-08",narrow_e8,0.01,0.1,uniform,1e-08,binary_deep,qmetrology.algorithms.find_phi_fixed_budget_binary_search_deep,102627447559047,50000,2024,50000,0.3548,0.35061755547353274,0.3590047540052789,50000,17740,0.0471,0.04527760149272355,0.048991985028996994,50000,2355,221752,39156,148416,2355,wilson,95
"U(0.01,0.1), eps=1e-08",narrow_e8,0.01,0.1,uniform,1e-08,linear,qmetrology.algorithms.find_phi_fixed_budget_linear_search,145380436552546,50000,2024,50000,0.50052,0.4961375180654208,0.5049024020383739,50000,25026,0.00308,0.0026309951364208483,0.0036053549063554185,50000,154,250792,48452,1188900,394,wilson,95
"U(0.01,0.1), eps=1e-08",narrow_e8,0.01,0.1,uniform,1e-08,binary_deep,qmetrology.algorithms.find_phi_fixed_budget_binary_search_deep,145380436552546,50000,2024,50000,0.3652,0.3609901701190033,0.36943054143570614,50000,18260,0.023,0.021722248023636884,0.024351041379897444,50000,1150,220883,39819,149899,1150,wilson,95
"U(0.01,0.1), eps=1e-08",narrow_e8,0.01,0.1,uniform,1e-08,linear,qmetrology.algorithms.find_phi_fixed_budget_linear_search,205943651868068,50000,2024,50000,0.44696,0.44260635595592035,0.45132179345700085,50000,22348,0.02508,0.023745450069150017,0.026487519749563874,50000,1254,367317,30891,1251273,1913,wilson,95
"U(0.01,0.1), eps=1e-08",narrow_e8,0.01,0.1,uniform,1e-08,binary_deep,qmetrology.algorithms.find_phi_fixed_budget_binary_search_deep,205943651868068,50000,2024,50000,0.31696,0.3128958075927566,0.32105231587144234,50000,15848,0.15888,0.15570196972421033,0.16211044218634232,50000,7944,225837,35793,142055,8069,wilson,95
"U(0.01,0.1), eps=1e-08",narrow_e8,0.01,0.1,uniform,1e-08,linear,qmetrology.algorithms.find_phi_fixed_budget_linear_search,291736555141147,50000,2024,50000,0.47426,0.46988534363664325,0.47863861122550966,50000,23713,0.0098,0.00897342028207752,0.010701897255894238,50000,490,265394,33778,1243538,737,wilson,95
"U(0.01,0.1), eps=1e-08",narrow_e8,0.01,0.1,uniform,1e-08,binary_deep,qmetrology.algorithms.find_phi_fixed_budget_binary_search_deep,291736555141147,50000,2024,50000,0.4403,0.4359534905670567,0.44465568213187623,50000,22015,0.03412,0.03256423289441217,0.03574734795950517,50000,1706,215918,52769,142138,1706,wilson,95
"U(0.01,0.1), eps=1e-08",narrow_e8,0.01,0.1,uniform,1e-08,linear,qmetrology.algorithms.find_phi_fixed_budget_linear_search,413269439643361,50000,2024,50000,0.6117,0.6074197240207005,0.6159631136598555,50000,30585,0.00186,0.0015186768477997155,0.002277860643765466,50000,93,155441,94544,798443,96,wilson,95
"U(0.01,0.1), eps=1e-08",narrow_e8,0.01,0.1,uniform,1e-08,binary_deep,qmetrology.algorithms.find_phi_fixed_budget_binary_search_deep,413269439643361,50000,2024,50000,0.4397,0.4353541722773224,0.44405509260953935,50000,21985,0.03574,0.03414815073377529,0.037403181212733824,50000,1787,215844,52730,142138,1787,wilson,95
"U(0.01,0.1), eps=1e-08",narrow_e8,0.01,0.1,uniform,1e-08,linear,qmetrology.algorithms.find_phi_fixed_budget_linear_search,585431022384237,50000,2024,50000,0.5192,0.514819312668972,0.523577737317301,50000,25960,0.00628,0.005624489212698766,0.007011369161122973,50000,314,238444,61064,1111452,458,wilson,95
"U(0.01,0.1), eps=1e-08",narrow_e8,0.01,0.1,uniform,1e-08,binary_deep,qmetrology.algorithms.find_phi_fixed_budget_binary_search_deep,585431022384237,50000,2024,50000,0.74778,0.7439544411889186,0.751567488269346,50000,37389,0.00746,0.006742684218924524,0.008252992851970231,50000,373,188594,125777,106068,373,wilson,95
"U(0.01,0.1), eps=1e-08",narrow_e8,0.01,0.1,uniform,1e-08,linear,qmetrology.algorithms.find_phi_fixed_budget_linear_search,829312426937782,50000,2024,50000,0.54408,0.5397112317661962,0.5484419954939551,50000,27204,0.00084,0.0006215439819401718,0.001135150229104265,50000,42,136354,63522,456217,66,wilson,95
"U(0.01,0.1), eps=1e-08",narrow_e8,0.01,0.1,uniform,1e-08,binary_deep,qmetrology.algorithms.find_phi_fixed_budget_binary_search_deep,829312426937782,50000,2024,50000,0.73662,0.7327411370596052,0.7404625070941385,50000,36831,0.02172,0.020478576559625445,0.023034909511490693,50000,1086,189610,126615,103966,1086,wilson,95
"U(0.01,0.1), eps=1e-08",narrow_e8,0.01,0.1,uniform,1e-08,linear,qmetrology.algorithms.find_phi_fixed_budget_linear_search,1174791008977376,50000,2024,50000,0.54046,0.5360888180580253,0.544824965402631,50000,27023,0.00146,0.001161453703925569,0.001835145246258928,50000,73,136621,63251,456274,98,wilson,95
"U(0.01,0.1), eps=1e-08",narrow_e8,0.01,0.1,uniform,1e-08,binary_deep,qmetrology.algorithms.find_phi_fixed_budget_binary_search_deep,1174791008977376,50000,2024,50000,0.75978,0.7560154803445281,0.763504605355157,50000,37989,0.00666,0.0059839869230718466,0.007411813065061541,50000,333,187138,129717,104216,333,wilson,95
"U(0.01,0.1), eps=1e-08",narrow_e8,0.01,0.1,uniform,1e-08,linear,qmetrology.algorithms.find_phi_fixed_budget_linear_search,1664190563103208,50000,2024,50000,0.52316,0.5187804799396296,0.527535961606312,50000,26158,0.00046,0.0003065555732655911,0.0006901970234671961,50000,23,57761,42237,140781,23,wilson,95
"U(0.01,0.1), eps=1e-08",narrow_e8,0.01,0.1,uniform,1e-08,binary_deep,qmetrology.algorithms.find_phi_fixed_budget_binary_search_deep,1664190563103208,50000,2024,50000,0.70914,0.705143247054,0.7131046193068906,50000,35457,0.05342,0.05148305280122779,0.05542556267430756,50000,2671,193058,122782,102454,2698,wilson,95
"U(0.01,0.1), eps=1e-08",narrow_e8,0.01,0.1,uniform,1e-08,linear,qmetrology.algorithms.find_phi_fixed_budget_linear_search,2357466314568226,50000,2024,50000,0.9685,0.9669326688024988,0.9699953477896273,50000,48425,0.00152,0.001214695708324197,0.001901894023067403,50000,76,1575,48425,84967,76,wilson,95
"U(0.01,0.1), eps=1e-08",narrow_e8,0.01,0.1,uniform,1e-08,binary_deep,qmetrology.algorithms.find_phi_fixed_budget_binary_search_deep,2357466314568226,50000,2024,50000,0.68806,0.6839848812355789,0.6921062239945497,50000,34403,0.09194,0.08943861673624953,0.09450408027424567,50000,4597,196954,119230,99950,4678,wilson,95
"U(0.01,0.1), eps=1e-08",narrow_e8,0.01,0.1,uniform,1e-08,linear,qmetrology.algorithms.find_phi_fixed_budget_linear_search,3339549897435170,50000,2024,50000,0.97722,0.9758750905309134,0.9784915862633116,50000,48861,0.0002,0.00010864321606212209,0.00036814932877322047,50000,10,1139,48861,151930,10,wilson,95
"U(0.01,0.1), eps=1e-08",narrow_e8,0.01,0.1,uniform,1e-08,binary_deep,qmetrology.algorithms.find_phi_fixed_budget_binary_search_deep,3339549897435170,50000,2024,50000,0.69266,0.6886011269158155,0.696689271540191,50000,34633,0.14044,0.13742219847559942,0.14351304667730372,50000,7022,204087,116915,93643,7309,wilson,95
"U(0.01,0.1), eps=1e-08",narrow_e8,0.01,0.1,uniform,1e-08,linear,qmetrology.algorithms.find_phi_fixed_budget_linear_search,4730754135717893,50000,2024,50000,0.97722,0.9758750905309134,0.9784915862633116,50000,48861,0.0002,0.00010864321606212209,0.00036814932877322047,50000,10,1139,48861,151930,10,wilson,95
"U(0.01,0.1), eps=1e-08",narrow_e8,0.01,0.1,uniform,1e-08,binary_deep,qmetrology.algorithms.find_phi_fixed_budget_binary_search_deep,4730754135717893,50000,2024,50000,0.6749,0.6707809608096994,0.6789921664090047,50000,33745,0.22156,0.21794130039069848,0.22522148095420735,50000,11078,214014,115715,82762,12291,wilson,95
"U(0.01,0.1), eps=1e-08",narrow_e8,0.01,0.1,uniform,1e-08,linear,qmetrology.algorithms.find_phi_fixed_budget_linear_search,6701512293557939,50000,2024,50000,0.97722,0.9758750905309134,0.9784915862633116,50000,48861,0.0002,0.00010864321606212209,0.00036814932877322047,50000,10,1139,48861,151930,10,wilson,95
"U(0.01,0.1), eps=1e-08",narrow_e8,0.01,0.1,uniform,1e-08,binary_deep,qmetrology.algorithms.find_phi_fixed_budget_binary_search_deep,6701512293557939,50000,2024,50000,0.69806,0.6940208006827866,0.7020687680818591,50000,34903,0.22506,0.22142065195085375,0.2287415916311331,50000,11253,217928,121080,76923,13993,wilson,95
"U(0.01,0.1), eps=1e-08",narrow_e8,0.01,0.1,uniform,1e-08,linear,qmetrology.algorithms.find_phi_fixed_budget_linear_search,9493257466421480,50000,2024,50000,0.97722,0.9758750905309134,0.9784915862633116,50000,48861,0.0002,0.00010864321606212209,0.00036814932877322047,50000,10,1139,48861,151930,10,wilson,95
"U(0.01,0.1), eps=1e-08",narrow_e8,0.01,0.1,uniform,1e-08,binary_deep,qmetrology.algorithms.find_phi_fixed_budget_binary_search_deep,9493257466421480,50000,2024,50000,0.60806,0.6037728172124934,0.6123305797414984,50000,30403,0.34172,0.33757507565437184,0.34588924352129147,50000,17086,232938,112944,65720,23866,wilson,95
"U(0.01,0.1), eps=1e-08",narrow_e8,0.01,0.1,uniform,1e-08,linear,qmetrology.algorithms.find_phi_fixed_budget_linear_search,13447999999999998,50000,2024,50000,0.97722,0.9758750905309134,0.9784915862633116,50000,48861,0.0002,0.00010864321606212209,0.00036814932877322047,50000,10,1139,48861,151930,10,wilson,95
"U(0.01,0.1), eps=1e-08",narrow_e8,0.01,0.1,uniform,1e-08,binary_deep,qmetrology.algorithms.find_phi_fixed_budget_binary_search_deep,13447999999999998,50000,2024,50000,0.5896,0.585281606878135,0.5939046263911383,50000,29480,0.38706,0.38279948693357146,0.39133786590759234,50000,19353,236535,119573,54879,37480,wilson,95
"U(0.001,0.01), eps=1e-04",small_e4,0.001,0.01,uniform,0.0001,linear,qmetrology.algorithms.find_phi_fixed_budget_linear_search,8565,50000,2024,50000,0.97806,0.9767388006210429,0.9793077471100815,50000,48903,0.00248,0.002080602468957042,0.002955839761748199,50000,124,862,48903,206960,527,wilson,95
"U(0.001,0.01), eps=1e-04",small_e4,0.001,0.01,uniform,0.0001,binary_deep,qmetrology.algorithms.find_phi_fixed_budget_binary_search_deep,8565,50000,2024,50000,0.0,0.0,7.682327414500052e-05,50000,0,0.0,0.0,7.682327414500052e-05,50000,0,0,0,50000,0,wilson,95
"U(0.001,0.01), eps=1e-04",small_e4,0.001,0.01,uniform,0.0001,linear,qmetrology.algorithms.find_phi_fixed_budget_linear_search,12133,50000,2024,50000,0.96166,0.959941163522082,0.9633079040124344,50000,48083,0.00122,0.0009499701980316309,0.0015666656273244557,50000,61,1873,48083,212265,103,wilson,95
"U(0.001,0.01), eps=1e-04",small_e4,0.001,0.01,uniform,0.0001,binary_deep,qmetrology.algorithms.find_phi_fixed_budget_binary_search_deep,12133,50000,2024,50000,0.0,0.0,7.682327414500052e-05,50000,0,0.0,0.0,7.682327414500052e-05,50000,0,0,0,50000,0,wilson,95
"U(0.001,0.01), eps=1e-04",small_e4,0.001,0.01,uniform,0.0001,linear,qmetrology.algorithms.find_phi_fixed_budget_linear_search,17188,50000,2024,50000,0.93816,0.9360149182964503,0.9402377599319509,50000,46908,0.00438,0.0038380218350751085,0.004998128467188381,50000,219,3088,46908,199600,355,wilson,95
"U(0.001,0.01), eps=1e-04",small_e4,0.001,0.01,uniform,0.0001,binary_deep,qmetrology.algorithms.find_phi_fixed_budget_binary_search_deep,17188,50000,2024,50000,0.0,0.0,7.682327414500052e-05,50000,0,0.0,0.0,7.682327414500052e-05,50000,0,0,0,50000,0,wilson,95
"U(0.001,0.01), eps=1e-04",small_e4,0.001,0.01,uniform,0.0001,linear,qmetrology.algorithms.find_phi_fixed_budget_linear_search,24349,50000,2024,50000,0.9419,0.9398153789065647,0.9439167246837458,50000,47095,0.00036,0.00022773887420149275,0.0005690290871861233,50000,18,8103,91675,343763,26,wilson,95
"U(0.001,0.01), eps=1e-04",small_e4,0.001,0.01,uniform,0.0001,binary_deep,qmetrology.algorithms.find_phi_fixed_budget_binary_search_deep,24349,50000,2024,50000,0.0,0.0,7.682327414500052e-05,50000,0,0.0,0.0,7.682327414500052e-05,50000,0,0,0,50000,0,wilson,95
"U(0.001,0.01), eps=1e-04",small_e4,0.001,0.01,uniform,0.0001,linear,qmetrology.algorithms.find_phi_fixed_budget_linear_search,34492,50000,2024,50000,0.93702,0.9348569340391997,0.9391159193462666,50000,46851,0.004,0.0034835632136496677,0.0045926454743021716,50000,200,8935,91025,368831,293,wilson,95
"U(0.001,0.01), eps=1e-04",small_e4,0.001,0.01,uniform,0.0001,binary_deep,qmetrology.algorithms.find_phi_fixed_budget_binary_search_deep,34492,50000,2024,50000,0.0,0.0,7.682327414500052e-05,50000,0,0.0,0.0,7.682327414500052e-05,50000,0,0,0,50000,0,wilson,95
"U(0.001,0.01), eps=1e-04",small_e4,0.001,0.01,uniform,0.0001,linear,qmetrology.algorithms.find_phi_fixed_budget_linear_search,48861,50000,2024,50000,0.92402,0.9216647984870374,0.9263100523035566,50000,46201,0.01242,0.011486016476359944,0.013428898507655296,50000,621,19940,129964,561810,1306,wilson,95
"U(0.001,0.01), eps=1e-04",small_e4,0.001,0.01,uniform,0.0001,binary_deep,qmetrology.algorithms.find_phi_fixed_budget_binary_search_deep,48861,50000,2024,50000,0.0,0.0,7.682327414500052e-05,50000,0,0.0,0.0,7.682327414500052e-05,50000,0,0,0,50000,0,wilson,95
"U(0.001,0.01), eps=1e-04",small_e4,0.001,0.01,uniform,0.0001,linear,qmetrology.algorithms.find_phi_fixed_budget_linear_search,69216,50000,2024,50000,0.9285,0.9262084958370704,0.9307256666169872,50000,46425,0.01406,0.013064693049081482,0.015129969954594561,50000,703,62654,236176,837896,16818,wilson,95
"U(0.001,0.01), eps=1e-04",small_e4,0.001,0.01,uniform,0.0001,binary_deep,qmetrology.algorithms.find_phi_fixed_budget_binary_search_deep,69216,50000,2024,50000,0.0,0.0,7.682327414500052e-05,50000,0,0.0,0.0,7.682327414500052e-05,50000,0,0,0,50000,0,wilson,95
"U(0.001,0.01), eps=1e-04",small_e4,0.001,0.01,uniform,0.0001,linear,qmetrology.algorithms.find_phi_fixed_budget_linear_search,98051,50000,2024,50000,0.93234,0.9301051326445411,0.9345084398067711,50000,46617,0.01406,0.013064693049081482,0.015129969954594561,50000,703,62654,237328,838112,16818,wilson,95
"U(0.001,0.01), eps=1e-04",small_e4,0.001,0.01,uniform,0.0001,binary_deep,qmetrology.algorithms.find_phi_fixed_budget_binary_search_deep,98051,50000,2024,50000,0.0,0.0,7.682327414500052e-05,50000,0,0.0,0.0,7.682327414500052e-05,50000,0,0,0,50000,0,wilson,95
"U(0.001,0.01), eps=1e-04",small_e4,0.001,0.01,uniform,0.0001,linear,qmetrology.algorithms.find_phi_fixed_budget_linear_search,138898,50000,2024,50000,0.92608,0.9237537822992795,0.928340751979425,50000,46304,0.01314,0.012178606669902397,0.014176197688598074,50000,657,67546,232454,863496,7825,wilson,95
"U(0.001,0.01), eps=1e-04",small_e4,0.001,0.01,uniform,0.0001,binary_deep,qmetrology.algorithms.find_phi_fixed_budget_binary_search_deep,138898,50000,2024,50000,0.0,0.0,7.682327414500052e-05,50000,0,0.0,0.0,7.682327414500052e-05,50000,0,0,0,50000,0,wilson,95
"U(0.001,0.01), eps=1e-04",small_e4,0.001,0.01,uniform,0.0001,linear,qmetrology.algorithms.find_phi_fixed_budget_linear_search,196761,50000,2024,50000,0.95892,0.9571447733745715,0.9606247151514873,50000,47946,0.00358,0.003093258409944996,0.004143014809557125,50000,179,39223,260777,1241794,1684,wilson,95
"U(0.001,0.01), eps=1e-04",small_e4,0.001,0.01,uniform,0.0001,binary_deep,qmetrology.algorithms.find_phi_fixed_budget_binary_search_deep,196761,50000,2024,50000,0.0,0.0,7.682327414500052e-05,50000,0,0.0,0.0,7.682327414500052e-05,50000,0,0,0,50000,0,wilson,95
"U(0.001,0.01), eps=1e-04",small_e4,0.001,0.01,uniform,0.0001,linear,qmetrology.algorithms.find_phi_fixed_budget_linear_search,278729,50000,2024,50000,0.96232,0.9606150849418208,0.9639538811859737,50000,48116,0.01262,0.011678321899828167,0.013636562354877412,50000,631,114342,485610,2696354,17467,wilson,95
"U(0.001,0.01), eps=1e-04",small_e4,0.001,0.01,uniform,0.0001,binary_deep,qmetrology.algorithms.find_phi_fixed_budget_binary_search_deep,278729,50000,2024,50000,0.0,0.0,7.682327414500052e-05,50000,0,0.0,0.0,7.682327414500052e-05,50000,0,0,0,50000,0,wilson,95
"U(0.001,0.01), eps=1e-04",small_e4,0.001,0.01,uniform,0.0001,linear,qmetrology.algorithms.find_phi_fixed_budget_linear_search,394843,50000,2024,50000,0.97624,0.9748680148950197,0.9775388124728226,50000,48812,0.00692,0.0062302996718993095,0.0076854603681315225,50000,346,72404,527524,3861738,3283,wilson,95
"U(0.001,0.01), eps=1e-04",small_e4,0.001,0.01,uniform,0.0001,binary_deep,qmetrology.algorithms.find_phi_fixed_budget_binary_search_deep,394843,50000,2024,50000,0.0,0.0,7.682327414500052e-05,50000,0,0.0,0.0,7.682327414500052e-05,50000,0,0,0,50000,0,wilson,95
"U(0.001,0.01), eps=1e-04",small_e4,0.001,0.01,uniform,0.0001,linear,qmetrology.algorithms.find_phi_fixed_budget_linear_search,559329,50000,2024,50000,0.97636,0.9749912975707936,0.9776555113594628,50000,48818,0.00692,0.0062302996718993095,0.0076854603681315225,50000,346,72404,527596,3861721,3283,wilson,95
"U(0.001,0.01), eps=1e-04",small_e4,0.001,0.01,uniform,0.0001,binary_deep,qmetrology.algorithms.find_phi_fixed_budget_binary_search_deep,559329,50000,2024,50000,0.0,0.0,7.682327414500052e-05,50000,0,0.0,0.0,7.682327414500052e-05,50000,0,0,0,50000,0,wilson,95
"U(0.001,0.01), eps=1e-04",small_e4,0.001,0.01,uniform,0.0001,linear,qmetrology.algorithms.find_phi_fixed_budget_linear_search,792336,50000,2024,50000,0.98418,0.9830484998114989,0.9852371076027501,50000,49209,0.0019,0.0015546628175772863,0.002321868528125963,50000,95,27170,372830,3295558,2123,wilson,95
"U(0.001,0.01), eps=1e-04",small_e4,0.001,0.01,uniform,0.0001,binary_deep,qmetrology.algorithms.find_phi_fixed_budget_binary_search_deep,792336,50000,2024,50000,0.0,0.0,7.682327414500052e-05,50000,0,0.0,0.0,7.682327414500052e-05,50000,0,0,0,50000,0,wilson,95
"U(0.001,0.01), eps=1e-04",small_e4,0.001,0.01,uniform,0.0001,linear,qmetrology.algorithms.find_phi_fixed_budget_linear_search,1122411,50000,2024,50000,0.96374,0.9620655100860737,0.9653432378636223,50000,48187,0.00058,0.0004038823751079401,0.0008328517840390521,50000,29,10377,139623,701506,33,wilson,95
"U(0.001,0.01), eps=1e-04",small_e4,0.001,0.01,uniform,0.0001,binary_deep,qmetrology.algorithms.find_phi_fixed_budget_binary_search_deep,1122411,50000,2024,50000,0.0,0.0,7.682327414500052e-05,50000,0,0.0,0.0,7.682327414500052e-05,50000,0,0,0,50000,0,wilson,95
"U(0.001,0.01), eps=1e-04",small_e4,0.001,0.01,uniform,0.0001,linear,qmetrology.algorithms.find_phi_fixed_budget_linear_search,1589990,50000,2024,50000,0.99298,0.9922093604299791,0.9936748948946448,50000,49649,0.0,0.0,7.682327414500052e-05,50000,0,1069,98931,821897,0,wilson,95
"U(0.001,0.01), eps=1e-04",small_e4,0.001,0.01,uniform,0.0001,binary_deep,qmetrology.algorithms.find_phi_fixed_budget_binary_search_deep,1589990,50000,2024,50000,0.85592,0.8528145623472029,0.8589707517733297,50000,42796,0.12562,0.12274375402303837,0.12855376817171046,50000,6281,235590,254024,98629,6840,wilson,95
"U(0.001,0.01), eps=1e-04",small_e4,0.001,0.01,uniform,0.0001,linear,qmetrology.algorithms.find_phi_fixed_budget_linear_search,2252356,50000,2024,50000,0.98562,0.9845385548562225,0.9866268313069969,50000,49281,0.0,0.0,7.682327414500052e-05,50000,0,2152,97848,655511,0,wilson,95
"U(0.001,0.01), eps=1e-04",small_e4,0.001,0.01,uniform,0.0001,binary_deep,qmetrology.algorithms.find_phi_fixed_budget_binary_search_deep,2252356,50000,2024,50000,0.86726,0.864257782109228,0.870205789659447,50000,43363,0.10994,0.1072280136671562,0.11271191770546979,50000,5497,231469,250673,105531,5820,wilson,95
"U(0.001,0.01), eps=1e-04",small_e4,0.001,0.01,uniform,0.0001,linear,qmetrology.algorithms.find_phi_fixed_budget_linear_search,3190652,50000,2024,50000,0.99298,0.9922093604299791,0.9936748948946448,50000,49649,0.0,0.0,7.682327414500052e-05,50000,0,351,49649,198839,0,wilson,95
"U(0.001,0.01), eps=1e-04",small_e4,0.001,0.01,uniform,0.0001,binary_deep,qmetrology.algorithms.find_phi_fixed_budget_binary_search_deep,3190652,50000,2024,50000,0.84482,0.8416198417278298,0.8479671778693889,50000,42241,0.13742,0.13443006071894695,0.140465648446532,50000,6871,239891,252055,96196,7476,wilson,95
"U(0.001,0.01), eps=1e-04",small_e4,0.001,0.01,uniform,0.0001,linear,qmetrology.algorithms.find_phi_fixed_budget_linear_search,4519828,50000,2024,50000,0.99298,0.9922093604299791,0.9936748948946448,50000,49649,0.0,0.0,7.682327414500052e-05,50000,0,351,49649,198839,0,wilson,95
"U(0.001,0.01), eps=1e-04",small_e4,0.001,0.01,uniform,0.0001,binary_deep,qmetrology.algorithms.find_phi_fixed_budget_binary_search_deep,4519828,50000,2024,50000,0.80318,0.7996717538172834,0.8066416636222061,50000,40159,0.18214,0.1787814356155718,0.1855474024762676,50000,9107,253080,247695,86359,10210,wilson,95
"U(0.001,0.01), eps=1e-04",small_e4,0.001,0.01,uniform,0.0001,linear,qmetrology.algorithms.find_phi_fixed_budget_linear_search,6402718,50000,2024,50000,0.99298,0.9922093604299791,0.9936748948946448,50000,49649,0.0,0.0,7.682327414500052e-05,50000,0,351,49649,198839,0,wilson,95
"U(0.001,0.01), eps=1e-04",small_e4,0.001,0.01,uniform,0.0001,binary_deep,qmetrology.algorithms.find_phi_fixed_budget_binary_search_deep,6402718,50000,2024,50000,0.75248,0.7486778788790602,0.7562433284404275,50000,37624,0.23548,0.2317813371294014,0.2392193054555522,50000,11774,264929,243231,75104,15176,wilson,95
"U(0.001,0.01), eps=1e-04",small_e4,0.001,0.01,uniform,0.0001,linear,qmetrology.algorithms.find_phi_fixed_budget_linear_search,9069991,50000,2024,50000,0.99298,0.9922093604299791,0.9936748948946448,50000,49649,0.0,0.0,7.682327414500052e-05,50000,0,351,49649,198839,0,wilson,95
"U(0.001,0.01), eps=1e-04",small_e4,0.001,0.01,uniform,0.0001,binary_deep,qmetrology.algorithms.find_phi_fixed_budget_binary_search_deep,9069991,50000,2024,50000,0.68244,0.6783456655075338,0.6865063032161961,50000,34122,0.30748,0.3034502055809317,0.311539374452545,50000,15374,285449,225856,65988,22025,wilson,95
"U(0.001,0.01), eps=1e-04",small_e4,0.001,0.01,uniform,0.0001,linear,qmetrology.algorithms.find_phi_fixed_budget_linear_search,12848407,50000,2024,50000,0.99298,0.9922093604299791,0.9936748948946448,50000,49649,0.0,0.0,7.682327414500052e-05,50000,0,351,49649,198839,0,wilson,95
"U(0.001,0.01), eps=1e-04",small_e4,0.001,0.01,uniform,0.0001,binary_deep,qmetrology.algorithms.find_phi_fixed_budget_binary_search_deep,12848407,50000,2024,50000,0.63012,0.6258785492614618,0.6343414582496747,50000,31506,0.36262,0.3584167642432018,0.3668443437196022,50000,18131,292521,216862,54812,35761,wilson,95
"U(0.001,0.1), eps=1e-04",wide_e4,0.001,0.1,uniform,0.0001,linear,qmetrology.algorithms.find_phi_fixed_budget_linear_search,89653,50000,2024,50000,0.83446,0.8311765827019725,0.8376920286734865,50000,41723,0.04924,0.047377864986788906,0.051171392731318294,50000,2462,68197,131471,769068,8134,wilson,95
"U(0.001,0.1), eps=1e-04",wide_e4,0.001,0.1,uniform,0.0001,binary_deep,qmetrology.algorithms.find_phi_fixed_budget_binary_search_deep,89653,50000,2024,50000,0.0,0.0,7.682327414500052e-05,50000,0,0.0,0.0,7.682327414500052e-05,50000,0,0,0,50000,0,wilson,95
"U(0.001,0.1), eps=1e-04",wide_e4,0.001,0.1,uniform,0.0001,linear,qmetrology.algorithms.find_phi_fixed_budget_linear_search,127001,50000,2024,50000,0.9399,0.9377827625185975,0.9419496483648095,50000,46995,0.02054,0.019333091078041858,0.021820576296001263,50000,1027,72223,225953,1602180,10304,wilson,95
"U(0.001,0.1), eps=1e-04",wide_e4,0.001,0.1,uniform,0.0001,binary_deep,qmetrology.algorithms.find_phi_fixed_budget_binary_search_deep,127001,50000,2024,50000,0.0,0.0,7.682327414500052e-05,50000,0,0.0,0.0,7.682327414500052e-05,50000,0,0,0,50000,0,wilson,95
"U(0.001,0.1), eps=1e-04",wide_e4,0.001,0.1,uniform,0.0001,linear,qmetrology.algorithms.find_phi_fixed_budget_linear_search,179908,50000,2024,50000,0.91658,0.9141241536243823,0.918971840296531,50000,45829,0.04884,0.046985215242173625,0.050764103934552884,50000,2442,132381,265619,1800103,66022,wilson,95
"U(0.001,0.1), eps=1e-04",wide_e4,0.001,0.1,uniform,0.0001,binary_deep,qmetrology.algorithms.find_phi_fixed_budget_binary_search_deep,179908,50000,2024,50000,0.0,0.0,7.682327414500052e-05,50000,0,0.0,0.0,7.682327414500052e-05,50000,0,0,0,50000,0,wilson,95
"U(0.001,0.1), eps=1e-04",wide_e4,0.001,0.1,uniform,0.0001,linear,qmetrology.algorithms.find_phi_fixed_budget_linear_search,254855,50000,2024,50000,0.9028,0.9001724489916942,0.9053656621786546,50000,45140,0.05146,0.04955768911428215,0.05343122750848784,50000,2573,144289,254647,1850570,46457,wilson,95
"U(0.001,0.1), eps=1e-04",wide_e4,0.001,0.1,uniform,0.0001,binary_deep,qmetrology.algorithms.find_phi_fixed_budget_binary_search_deep,254855,50000,2024,50000,0.0,0.0,7.682327414500052e-05,50000,0,0.0,0.0,7.682327414500052e-05,50000,0,0,0,50000,0,wilson,95
"U(0.001,0.1), eps=1e-04",wide_e4,0.001,0.1,uniform,0.0001,linear,qmetrology.algorithms.find_phi_fixed_budget_linear_search,361024,50000,2024,50000,0.92864,0.9263505266743269,0.930863614269214,50000,46432,0.03022,0.02875517594848441,0.031757004126971265,50000,1511,78217,221753,1661877,8033,wilson,95
"U(0.001,0.1), eps=1e-04",wide_e4,0.001,0.1,uniform,0.0001,binary_deep,qmetrology.algorithms.find_phi_fixed_budget_binary_search_deep,361024,50000,2024,50000,0.0,0.0,7.682327414500052e-05,50000,0,0.0,0.0,7.682327414500052e-05,50000,0,0,0,50000,0,wilson,95
"U(0.001,0.1), eps=1e-04",wide_e4,0.001,0.1,uniform,0.0001,linear,qmetrology.algorithms.find_phi_fixed_budget_linear_search,511421,50000,2024,50000,0.5392,0.5348280323720903,0.5435659446832167,50000,26960,0.38528,0.38102327101951927,0.3895543553125005,50000,19264,268752,130704,1863759,66803,wilson,95
"U(0.001,0.1), eps=1e-04",wide_e4,0.001,0.1,uniform,0.0001,binary_deep,qmetrology.algorithms.find_phi_fixed_budget_binary_search_deep,511421,50000,2024,50000,0.0,0.0,7.682327414500052e-05,50000,0,0.0,0.0,7.682327414500052e-05,50000,0,0,0,50000,0,wilson,95
"U(0.001,0.1), eps=1e-04",wide_e4,0.001,0.1,uniform,0.0001,linear,qmetrology.algorithms.find_phi_fixed_budget_linear_search,724471,50000,2024,50000,0.92874,0.9264519788127556,0.9309621467661304,50000,46437,0.03022,0.02875517594848441,0.031757004126971265,50000,1511,78217,221783,1662017,8033,wilson,95
"U(0.001,0.1), eps=1e-04",wide_e4,0.001,0.1,uniform,0.0001,binary_deep,qmetrology.algorithms.find_phi_fixed_budget_binary_search_deep,724471,50000,2024,50000,0.0,0.0,7.682327414500052e-05,50000,0,0.0,0.0,7.682327414500052e-05,50000,0,0,0,50000,0,wilson,95
"U(0.001,0.1), eps=1e-04",wide_e4,0.001,0.1,uniform,0.0001,linear,qmetrology.algorithms.find_phi_fixed_budget_linear_search,1026274,50000,2024,50000,0.51832,0.5139390906961011,0.5226980944991343,50000,25916,0.36596,0.361748252603467,0.37019234217986574,50000,18298,290069,109075,2032772,61358,wilson,95
"U(0.001,0.1), eps=1e-04",wide_e4,0.001,0.1,uniform,0.0001,binary_deep,qmetrology.algorithms.find_phi_fixed_budget_binary_search_deep,1026274,50000,2024,50000,0.0,0.0,7.682327414500052e-05,50000,0,0.0,0.0,7.682327414500052e-05,50000,0,0,0,50000,0,wilson,95
"U(0.001,0.1), eps=1e-04",wide_e4,0.001,0.1,uniform,0.0001,linear,qmetrology.algorithms.find_phi_fixed_budget_linear_search,1453804,50000,2024,50000,0.90632,0.9037346547753525,0.9088429155591463,50000,45316,0.04302,0.04127634552039217,0.04483386787924539,50000,2151,95918,204082,1538914,16589,wilson,95
"U(0.001,0.1), eps=1e-04",wide_e4,0.001,0.1,uniform,0.0001,binary_deep,qmetrology.algorithms.find_phi_fixed_budget_binary_search_deep,1453804,50000,2024,50000,0.0,0.0,7.682327414500052e-05,50000,0,0.0,0.0,7.682327414500052e-05,50000,0,0,0,50000,0,wilson,95
"U(0.001,0.1), eps=1e-04",wide_e4,0.001,0.1,uniform,0.0001,linear,qmetrology.algorithms.find_phi_fixed_budget_linear_search,2059436,50000,2024,50000,0.90632,0.9037346547753525,0.9088429155591463,50000,45316,0.04302,0.04127634552039217,0.04483386787924539,50000,2151,95918,204082,1538914,16589,wilson,95
"U(0.001,0.1), eps=1e-04",wide_e4,0.001,0.1,uniform,0.0001,binary_deep,qmetrology.algorithms.find_phi_fixed_budget_binary_search_deep,2059436,50000,2024,50000,0.0,0.0,7.682327414500052e-05,50000,0,0.0,0.0,7.682327414500052e-05,50000,0,0,0,50000,0,wilson,95
"U(0.001,0.1), eps=1e-04",wide_e4,0.001,0.1,uniform,0.0001,linear,qmetrology.algorithms.find_phi_fixed_budget_linear_search,2917365,50000,2024,50000,0.96834,0.9667689260830464,0.9698391150925273,50000,48417,0.00464,0.004081184827530084,0.00527492552663085,50000,232,26294,173706,1300436,823,wilson,95
"U(0.001,0.1), eps=1e-04",wide_e4,0.001,0.1,uniform,0.0001,binary_deep,qmetrology.algorithms.find_phi_fixed_budget_binary_search_deep,2917365,50000,2024,50000,0.0,0.0,7.682327414500052e-05,50000,0,0.0,0.0,7.682327414500052e-05,50000,0,0,0,50000,0,wilson,95
"U(0.001,0.1), eps=1e-04",wide_e4,0.001,0.1,uniform,0.0001,linear,qmetrology.algorithms.find_phi_fixed_budget_linear_search,4132694,50000,2024,50000,0.47468,0.4703051231750339,0.4790587671555686,50000,23734,0.05166,0.04975411974792401,0.053634766145536326,50000,2583,100085,49768,401698,2871,wilson,95
"U(0.001,0.1), eps=1e-04",wide_e4,0.001,0.1,uniform,0.0001,binary_deep,qmetrology.algorithms.find_phi_fixed_budget_binary_search_deep,4132694,50000,2024,50000,0.0,0.0,7.682327414500052e-05,50000,0,0.0,0.0,7.682327414500052e-05,50000,0,0,0,50000,0,wilson,95
"U(0.001,0.1), eps=1e-04",wide_e4,0.001,0.1,uniform,0.0001,linear,qmetrology.algorithms.find_phi_fixed_budget_linear_search,5854310,50000,2024,50000,0.52324,0.5188605063616102,0.5276159228926077,50000,26162,0.1442,0.14114817348512695,0.14730649395675463,50000,7210,156245,93255,1044968,8092,wilson,95
"U(0.001,0.1), eps=1e-04",wide_e4,0.001,0.1,uniform,0.0001,binary_deep,qmetrology.algorithms.find_phi_fixed_budget_binary_search_deep,5854310,50000,2024,50000,0.0,0.0,7.682327414500052e-05,50000,0,0.0,0.0,7.682327414500052e-05,50000,0,0,0,50000,0,wilson,95
"U(0.001,0.1), eps=1e-04",wide_e4,0.001,0.1,uniform,0.0001,linear,qmetrology.algorithms.find_phi_fixed_budget_linear_search,8293124,50000,2024,50000,0.64454,0.6403335456250759,0.6487242463028343,50000,32227,0.04348,0.04172725963683582,0.04530288308538952,50000,2174,70463,79345,672277,2322,wilson,95
"U(0.001,0.1), eps=1e-04",wide_e4,0.001,0.1,uniform,0.0001,binary_deep,qmetrology.algorithms.find_phi_fixed_budget_binary_search_deep,8293124,50000,2024,50000,0.0,0.0,7.682327414500052e-05,50000,0,0.0,0.0,7.682327414500052e-05,50000,0,0,0,50000,0,wilson,95
"U(0.001,0.1), eps=1e-04",wide_e4,0.001,0.1,uniform,0.0001,linear,qmetrology.algorithms.find_phi_fixed_budget_linear_search,11747910,50000,2024,50000,0.72622,0.7222943411116811,0.7301109009661646,50000,36311,0.01062,0.009758367134035419,0.01155682441376674,50000,531,34129,65871,208716,531,wilson,95
"U(0.001,0.1), eps=1e-04",wide_e4,0.001,0.1,uniform,0.0001,binary_deep,qmetrology.algorithms.find_phi_fixed_budget_binary_search_deep,11747910,50000,2024,50000,0.0,0.0,7.682327414500052e-05,50000,0,0.0,0.0,7.682327414500052e-05,50000,0,0,0,50000,0,wilson,95
"U(0.001,0.1), eps=1e-04",wide_e4,0.001,0.1,uniform,0.0001,linear,qmetrology.algorithms.find_phi_fixed_budget_linear_search,16641905,50000,2024,50000,0.80954,0.8060744820285993,0.812957958218843,50000,40477,0.02966,0.028208752382415273,0.03118351373510744,50000,1483,22277,77723,241880,1501,wilson,95
"U(0.001,0.1), eps=1e-04",wide_e4,0.001,0.1,uniform,0.0001,binary_deep,qmetrology.algorithms.find_phi_fixed_budget_binary_search_deep,16641905,50000,2024,50000,0.74898,0.7451603686660906,0.7527613764163161,50000,37449,0.03974,0.03806279258128713,0.04148792477902882,50000,1987,346710,136123,104327,2148,wilson,95
"U(0.001,0.1), eps=1e-04",wide_e4,0.001,0.1,uniform,0.0001,linear,qmetrology.algorithms.find_phi_fixed_budget_linear_search,23574663,50000,2024,50000,0.97922,0.9779323569989402,0.9804340125021882,50000,48961,0.00016,8.107813281404951e-05,0.0003157205578832246,50000,8,1039,48961,304831,8,wilson,95
"U(0.001,0.1), eps=1e-04",wide_e4,0.001,0.1,uniform,0.0001,binary_deep,qmetrology.algorithms.find_phi_fixed_budget_binary_search_deep,23574663,50000,2024,50000,0.67036,0.6662266716083701,0.6744671531656631,50000,33518,0.16528,0.16205004325823355,0.1685613853144101,50000,8264,369570,116382,92086,12462,wilson,95
"U(0.001,0.1), eps=1e-04",wide_e4,0.001,0.1,uniform,0.0001,linear,qmetrology.algorithms.find_phi_fixed_budget_linear_search,33395498,50000,2024,50000,0.97922,0.9779323569989402,0.9804340125021882,50000,48961,0.00016,8.107813281404951e-05,0.0003157205578832246,50000,8,1039,48961,304831,8,wilson,95
"U(0.001,0.1), eps=1e-04",wide_e4,0.001,0.1,uniform,0.0001,binary_deep,qmetrology.algorithms.find_phi_fixed_budget_binary_search_deep,33395498,50000,2024,50000,0.66072,0.6565577667890484,0.6648575391377104,50000,33036,0.18984,0.18642637978993978,0.19330127522347781,50000,9492,371656,114533,89540,14658,wilson,95
"U(0.001,0.1), eps=1e-04",wide_e4,0.001,0.1,uniform,0.0001,linear,qmetrology.algorithms.find_phi_fixed_budget_linear_search,47307541,50000,2024,50000,0.97922,0.9779323569989402,0.9804340125021882,50000,48961,0.00016,8.107813281404951e-05,0.0003157205578832246,50000,8,1039,48961,304831,8,wilson,95
"U(0.001,0.1), eps=1e-04",wide_e4,0.001,0.1,uniform,0.0001,binary_deep,qmetrology.algorithms.find_phi_fixed_budget_binary_search_deep,47307541,50000,2024,50000,0.59568,0.5913711868413851,0.5999741122568745,50000,29784,0.30834,0.30430700319269993,0.31240244470474526,50000,15417,393359,100655,75586,24816,wilson,95
"U(0.001,0.1), eps=1e-04",wide_e4,0.001,0.1,uniform,0.0001,linear,qmetrology.algorithms.find_phi_fixed_budget_linear_search,67015122,50000,2024,50000,0.97922,0.9779323569989402,0.9804340125021882,50000,48961,0.00016,8.107813281404951e-05,0.0003157205578832246,50000,8,1039,48961,304831,8,wilson,95
"U(0.001,0.1), eps=1e-04",wide_e4,0.001,0.1,uniform,0.0001,binary_deep,qmetrology.algorithms.find_phi_fixed_budget_binary_search_deep,67015122,50000,2024,50000,0.5788,0.5744662649985643,0.5831216276534303,50000,28940,0.35128,0.3471073123873129,0.3554755379273487,50000,17564,395588,97806,69974,29676,wilson,95
"U(0.001,0.1), eps=1e-04",wide_e4,0.001,0.1,uniform,0.0001,linear,qmetrology.algorithms.find_phi_fixed_budget_linear_search,94932574,50000,2024,50000,0.97922,0.9779323569989402,0.9804340125021882,50000,48961,0.00016,8.107813281404951e-05,0.0003157205578832246,50000,8,1039,48961,304831,8,wilson,95
"U(0.001,0.1), eps=1e-04",wide_e4,0.001,0.1,uniform,0.0001,binary_deep,qmetrology.algorithms.find_phi_fixed_budget_binary_search_deep,94932574,50000,2024,50000,0.55024,0.5458758735417577,0.5545964072556562,50000,27512,0.40674,0.40244162101861897,0.41105270805847444,50000,20337,404695,94352,62621,36233,wilson,95
"U(0.001,0.1), eps=1e-04",wide_e4,0.001,0.1,uniform,0.0001,linear,qmetrology.algorithms.find_phi_fixed_budget_linear_search,134480000,50000,2024,50000,0.97922,0.9779323569989402,0.9804340125021882,50000,48961,0.00016,8.107813281404951e-05,0.0003157205578832246,50000,8,1039,48961,304831,8,wilson,95
"U(0.001,0.1), eps=1e-04",wide_e4,0.001,0.1,uniform,0.0001,binary_deep,qmetrology.algorithms.find_phi_fixed_budget_binary_search_deep,134480000,50000,2024,50000,0.47196,0.4675866059849424,0.4763377022642715,50000,23598,0.5086,0.5042175432128341,0.5129811354268506,50000,25430,416847,82346,50508,50299,wilson,95
"U(0.01,pi/4), eps=1e-03",broad_pi4_e3,0.01,0.7853981633974483,uniform,0.001,linear,qmetrology.algorithms.find_phi_fixed_budget_linear_search,3000,50000,2024,50000,0.483,0.478621395229943,0.48738121676137774,50000,24150,0.09766,0.09508882986492756,0.10029298828731142,50000,4883,60125,39845,172906,13885,wilson,95
"U(0.01,pi/4), eps=1e-03",broad_pi4_e3,0.01,0.7853981633974483,uniform,0.001,binary_deep,qmetrology.algorithms.find_phi_fixed_budget_binary_search_deep,3000,50000,2024,50000,0.0,0.0,7.682327414500052e-05,50000,0,0.0,0.0,7.682327414500052e-05,50000,0,0,0,50000,0,wilson,95
"U(0.01,pi/4), eps=1e-03",broad_pi4_e3,0.01,0.7853981633974483,uniform,0.001,linear,qmetrology.algorithms.find_phi_fixed_budget_linear_search,4088,50000,2024,50000,0.34794,0.343776801085235,0.35212656240889795,50000,17397,0.2224,0.2187763108287318,0.22606634145307344,50000,11120,113099,36772,227601,18884,wilson,95
"U(0.01,pi/4), eps=1e-03",broad_pi4_e3,0.01,0.7853981633974483,uniform,0.001,binary_deep,qmetrology.algorithms.find_phi_fixed_budget_binary_search_deep,4088,50000,2024,50000,0.0,0.0,7.682327414500052e-05,50000,0,0.0,0.0,7.682327414500052e-05,50000,0,0,0,50000,0,wilson,95
"U(0.01,pi/4), eps=1e-03",broad_pi4_e3,0.01,0.7853981633974483,uniform,0.001,linear,qmetrology.algorithms.find_phi_fixed_budget_linear_search,5572,50000,2024,50000,0.42108,0.41675854954267205,0.4254135762429189,50000,21054,0.0809,0.07854195694564262,0.08332243632274572,50000,4045,65377,34611,161390,5891,wilson,95
"U(0.01,pi/4), eps=1e-03",broad_pi4_e3,0.01,0.7853981633974483,uniform,0.001,binary_deep,qmetrology.algorithms.find_phi_fixed_budget_binary_search_deep,5572,50000,2024,50000,0.0,0.0,7.682327414500052e-05,50000,0,0.0,0.0,7.682327414500052e-05,50000,0,0,0,50000,0,wilson,95
"U(0.01,pi/4), eps=1e-03",broad_pi4_e3,0.01,0.7853981633974483,uniform,0.001,linear,qmetrology.algorithms.find_phi_fixed_budget_linear_search,7595,50000,2024,50000,0.5496,0.5452353598842757,0.5539570192469291,50000,27480,0.10646,0.10378674908797277,0.10919371697464127,50000,5323,54562,45438,186462,22996,wilson,95
"U(0.01,pi/4), eps=1e-03",broad_pi4_e3,0.01,0.7853981633974483,uniform,0.001,binary_deep,qmetrology.algorithms.find_phi_fixed_budget_binary_search_deep,7595,50000,2024,50000,0.0,0.0,7.682327414500052e-05,50000,0,0.0,0.0,7.682327414500052e-05,50000,0,0,0,50000,0,wilson,95
"U(0.01,pi/4), eps=1e-03",broad_pi4_e3,0.01,0.7853981633974483,uniform,0.001,linear,qmetrology.algorithms.find_phi_fixed_budget_linear_search,10351,50000,2024,50000,0.39024,0.3859728760343354,0.3945239882108048,50000,19512,0.07364,0.07138327021629456,0.07596223852603434,50000,3682,67605,32393,152515,3934,wilson,95
"U(0.01,pi/4), eps=1e-03",broad_pi4_e3,0.01,0.7853981633974483,uniform,0.001,binary_deep,qmetrology.algorithms.find_phi_fixed_budget_binary_search_deep,10351,50000,2024,50000,0.0,0.0,7.682327414500052e-05,50000,0,0.0,0.0,7.682327414500052e-05,50000,0,0,0,50000,0,wilson,95
"U(0.01,pi/4), eps=1e-03",broad_pi4_e3,0.01,0.7853981633974483,uniform,0.001,linear,qmetrology.algorithms.find_phi_fixed_budget_linear_search,14108,50000,2024,50000,0.41138,0.4070737426994231,0.41569987345768633,50000,20569,0.06762,0.06545216676367645,0.06985426693087317,50000,3381,66141,33859,153786,3810,wilson,95
"U(0.01,pi/4), eps=1e-03",broad_pi4_e3,0.01,0.7853981633974483,uniform,0.001,binary_deep,qmetrology.algorithms.find_phi_fixed_budget_binary_search_deep,14108,50000,2024,50000,0.0,0.0,7.682327414500052e-05,50000,0,0.0,0.0,7.682327414500052e-05,50000,0,0,0,50000,0,wilson,95
"U(0.01,pi/4), eps=1e-03",broad_pi4_e3,0.01,0.7853981633974483,uniform,0.001,linear,qmetrology.algorithms.find_phi_fixed_budget_linear_search,19228,50000,2024,50000,0.26088,0.25704953560441873,0.26474720435820825,50000,13044,0.05582,0.0538416452758139,0.057866601448005546,50000,2791,122335,26708,116173,2822,wilson,95
"U(0.01,pi/4), eps=1e-03",broad_pi4_e3,0.01,0.7853981633974483,uniform,0.001,binary_deep,qmetrology.algorithms.find_phi_fixed_budget_binary_search_deep,19228,50000,2024,50000,0.0,0.0,7.682327414500052e-05,50000,0,0.0,0.0,7.682327414500052e-05,50000,0,0,0,50000,0,wilson,95
"U(0.01,pi/4), eps=1e-03",broad_pi4_e3,0.01,0.7853981633974483,uniform,0.001,linear,qmetrology.algorithms.find_phi_fixed_budget_linear_search,26207,50000,2024,50000,0.3975,0.39321849727252,0.4017972514986796,50000,19875,0.06106,0.0589947819841285,0.06319265963177792,50000,3053,67198,32802,149639,3299,wilson,95
"U(0.01,pi/4), eps=1e-03",broad_pi4_e3,0.01,0.7853981633974483,uniform,0.001,binary_deep,qmetrology.algorithms.find_phi_fixed_budget_binary_search_deep,26207,50000,2024,50000,0.0,0.0,7.682327414500052e-05,50000,0,0.0,0.0,7.682327414500052e-05,50000,0,0,0,50000,0,wilson,95
"U(0.01,pi/4), eps=1e-03",broad_pi4_e3,0.01,0.7853981633974483,uniform,0.001,linear,qmetrology.algorithms.find_phi_fixed_budget_linear_search,35718,50000,2024,50000,0.34532,0.3411644025401949,0.3494993635078945,50000,17266,0.06794,0.06576732038325558,0.07017906414439859,50000,3397,113693,35395,190218,3451,wilson,95
"U(0.01,pi/4), eps=1e-03",broad_pi4_e3,0.01,0.7853981633974483,uniform,0.001,binary_deep,qmetrology.algorithms.find_phi_fixed_budget_binary_search_deep,35718,50000,2024,50000,0.0,0.0,7.682327414500052e-05,50000,0,0.0,0.0,7.682327414500052e-05,50000,0,0,0,50000,0,wilson,95
"U(0.01,pi/4), eps=1e-03",broad_pi4_e3,0.01,0.7853981633974483,uniform,0.001,linear,qmetrology.algorithms.find_phi_fixed_budget_linear_search,48681,50000,2024,50000,0.349,0.34483376527340104,0.3531894353553906,50000,17450,0.07202,0.0697867322969227,0.07431902535281446,50000,3601,112117,37586,183560,3790,wilson,95
"U(0.01,pi/4), eps=1e-03",broad_pi4_e3,0.01,0.7853981633974483,uniform,0.001,binary_deep,qmetrology.algorithms.find_phi_fixed_budget_binary_search_deep,48681,50000,2024,50000,0.0,0.0,7.682327414500052e-05,50000,0,0.0,0.0,7.682327414500052e-05,50000,0,0,0,50000,0,wilson,95
"U(0.01,pi/4), eps=1e-03",broad_pi4_e3,0.01,0.7853981633974483,uniform,0.001,linear,qmetrology.algorithms.find_phi_fixed_budget_linear_search,66349,50000,2024,50000,0.3637,0.3594939879746507,0.3679269540498812,50000,18185,0.04948,0.04761347146340911,0.051415749379526504,50000,2474,112078,37247,184892,2495,wilson,95
"U(0.01,pi/4), eps=1e-03",broad_pi4_e3,0.01,0.7853981633974483,uniform,0.001,binary_deep,qmetrology.algorithms.find_phi_fixed_budget_binary_search_deep,66349,50000,2024,50000,0.0,0.0,7.682327414500052e-05,50000,0,0.0,0.0,7.682327414500052e-05,50000,0,0,0,50000,0,wilson,95
"U(0.01,pi/4), eps=1e-03",broad_pi4_e3,0.01,0.7853981633974483,uniform,0.001,linear,qmetrology.algorithms.find_phi_fixed_budget_linear_search,90429,50000,2024,50000,0.35388,0.3497000815824004,0.3580823692512356,50000,17694,0.06036,0.05830612014893456,0.06248142901955564,50000,3018,113311,36506,189525,3062,wilson,95
"U(0.01,pi/4), eps=1e-03",broad_pi4_e3,0.01,0.7853981633974483,uniform,0.001,binary_deep,qmetrology.algorithms.find_phi_fixed_budget_binary_search_deep,90429,50000,2024,50000,0.0,0.0,7.682327414500052e-05,50000,0,0.0,0.0,7.682327414500052e-05,50000,0,0,0,50000,0,wilson,95
"U(0.01,pi/4), eps=1e-03",broad_pi4_e3,0.01,0.7853981633974483,uniform,0.001,linear,qmetrology.algorithms.find_phi_fixed_budget_linear_search,123248,50000,2024,50000,0.4312,0.42686452420463794,0.4355460466778843,50000,21560,0.01634,0.015265328382670971,0.017488984306874972,50000,817,64792,35156,133021,818,wilson,95
"U(0.01,pi/4), eps=1e-03",broad_pi4_e3,0.01,0.7853981633974483,uniform,0.001,binary_deep,qmetrology.algorithms.find_phi_fixed_budget_binary_search_deep,123248,50000,2024,50000,0.0,0.0,7.682327414500052e-05,50000,0,0.0,0.0,7.682327414500052e-05,50000,0,0,0,50000,0,wilson,95
"U(0.01,pi/4), eps=1e-03",broad_pi4_e3,0.01,0.7853981633974483,uniform,0.001,linear,qmetrology.algorithms.find_phi_fixed_budget_linear_search,167979,50000,2024,50000,0.43018,0.4258458538377981,0.4345248737642034,50000,21509,0.01734,0.01623235615730057,0.018521802885697086,50000,867,64802,35178,132838,867,wilson,95
"U(0.01,pi/4), eps=1e-03",broad_pi4_e3,0.01,0.7853981633974483,uniform,0.001,binary_deep,qmetrology.algorithms.find_phi_fixed_budget_binary_search_deep,167979,50000,2024,50000,0.0,0.0,7.682327414500052e-05,50000,0,0.0,0.0,7.682327414500052e-05,50000,0,0,0,50000,0,wilson,95
"U(0.01,pi/4), eps=1e-03",broad_pi4_e3,0.01,0.7853981633974483,uniform,0.001,linear,qmetrology.algorithms.find_phi_fixed_budget_linear_search,228942,50000,2024,50000,0.43746,0.43311677434530793,0.441812834709822,50000,21873,0.0126,0.011659088503774702,0.013615798823861843,50000,630,64286,35646,131111,630,wilson,95
"U(0.01,pi/4), eps=1e-03",broad_pi4_e3,0.01,0.7853981633974483,uniform,0.001,binary_deep,qmetrology.algorithms.find_phi_fixed_budget_binary_search_deep,228942,50000,2024,50000,0.0,0.0,7.682327414500052e-05,50000,0,0.0,0.0,7.682327414500052e-05,50000,0,0,0,50000,0,wilson,95
"U(0.01,pi/4), eps=1e-03",broad_pi4_e3,0.01,0.7853981633974483,uniform,0.001,linear,qmetrology.algorithms.find_phi_fixed_budget_linear_search,312031,50000,2024,50000,0.43736,0.43301689260783544,0.4417127318119494,50000,21868,0.01106,0.010180131312536008,0.012014992630784907,50000,553,64289,35625,131744,553,wilson,95
"U(0.01,pi/4), eps=1e-03",broad_pi4_e3,0.01,0.7853981633974483,uniform,0.001,binary_deep,qmetrology.algorithms.find_phi_fixed_budget_binary_search_deep,312031,50000,2024,50000,0.0,0.0,7.682327414500052e-05,50000,0,0.0,0.0,7.682327414500052e-05,50000,0,0,0,50000,0,wilson,95
"U(0.01,pi/4), eps=1e-03",broad_pi4_e3,0.01,0.7853981633974483,uniform,0.001,linear,qmetrology.algorithms.find_phi_fixed_budget_linear_search,425275,50000,2024,50000,0.44274,0.43839078467410886,0.4470980131272462,50000,22137,0.00714,0.006438921055279041,0.007916805182511168,50000,357,63796,35888,129909,358,wilson,95
"U(0.01,pi/4), eps=1e-03",broad_pi4_e3,0.01,0.7853981633974483,uniform,0.001,binary_deep,qmetrology.algorithms.find_phi_fixed_budget_binary_search_deep,425275,50000,2024,50000,0.0,0.0,7.682327414500052e-05,50000,0,0.0,0.0,7.682327414500052e-05,50000,0,0,0,50000,0,wilson,95
"U(0.01,pi/4), eps=1e-03",broad_pi4_e3,0.01,0.7853981633974483,uniform,0.001,linear,qmetrology.algorithms.find_phi_fixed_budget_linear_search,579619,50000,2024,50000,0.44334,0.4389901356032636,0.44769857001016244,50000,22167,0.0071,0.0064009764893174365,0.007874755894334704,50000,355,63873,35979,130264,355,wilson,95
"U(0.01,pi/4), eps=1e-03",broad_pi4_e3,0.01,0.7853981633974483,uniform,0.001,binary_deep,qmetrology.algorithms.find_phi_fixed_budget_binary_search_deep,579619,50000,2024,50000,0.0,0.0,7.682327414500052e-05,50000,0,0.0,0.0,7.682327414500052e-05,50000,0,0,0,50000,0,wilson,95
"U(0.01,pi/4), eps=1e-03",broad_pi4_e3,0.01,0.7853981633974483,uniform,0.001,linear,qmetrology.algorithms.find_phi_fixed_budget_linear_search,789977,50000,2024,50000,0.38798,0.38371755467286,0.39225965681347935,50000,19399,0.00332,0.0028525258705422254,0.003863787297062452,50000,166,30601,19399,66662,166,wilson,95
"U(0.01,pi/4), eps=1e-03",broad_pi4_e3,0.01,0.7853981633974483,uniform,0.001,binary_deep,qmetrology.algorithms.find_phi_fixed_budget_binary_search_deep,789977,50000,2024,50000,0.0,0.0,7.682327414500052e-05,50000,0,0.0,0.0,7.682327414500052e-05,50000,0,0,0,50000,0,wilson,95
"U(0.01,pi/4), eps=1e-03",broad_pi4_e3,0.01,0.7853981633974483,uniform,0.001,linear,qmetrology.algorithms.find_phi_fixed_budget_linear_search,1076679,50000,2024,50000,0.55392,0.5495589686281566,0.5582727467499595,50000,27696,0.00146,0.001161453703925569,0.001835145246258928,50000,73,22304,27696,72047,73,wilson,95
"U(0.01,pi/4), eps=1e-03",broad_pi4_e3,0.01,0.7853981633974483,uniform,0.001,binary_deep,qmetrology.algorithms.find_phi_fixed_budget_binary_search_deep,1076679,50000,2024,50000,0.0,0.0,7.682327414500052e-05,50000,0,0.0,0.0,7.682327414500052e-05,50000,0,0,0,50000,0,wilson,95
"U(0.01,pi/4), eps=1e-03",broad_pi4_e3,0.01,0.7853981633974483,uniform,0.001,linear,qmetrology.algorithms.find_phi_fixed_budget_linear_search,1467432,50000,2024,50000,0.0,0.0,7.682327414500052e-05,50000,0,0.0,0.0,7.682327414500052e-05,50000,0,0,0,50000,0,wilson,95
"U(0.01,pi/4), eps=1e-03",broad_pi4_e3,0.01,0.7853981633974483,uniform,0.001,binary_deep,qmetrology.algorithms.find_phi_fixed_budget_binary_search_deep,1467432,50000,2024,50000,0.3609,0.3567012332082841,0.36512013902658297,50000,18045,0.07904,0.07670734106176776,0.0814373379892004,50000,3952,313409,46725,72157,5157,wilson,95
"U(0.01,pi/4), eps=1e-03",broad_pi4_e3,0.01,0.7853981633974483,uniform,0.001,linear,qmetrology.algorithms.find_phi_fixed_budget_linear_search,2000000,50000,2024,50000,0.29602,0.29203446889586315,0.30003687192705697,50000,14801,0.00222,0.0018439568467679974,0.0026725253320397987,50000,111,35199,14801,63187,111,wilson,95
"U(0.01,pi/4), eps=1e-03",broad_pi4_e3,0.01,0.7853981633974483,uniform,0.001,binary_deep,qmetrology.algorithms.find_phi_fixed_budget_binary_search_deep,2000000,50000,2024,50000,0.35134,0.3471671439904829,0.3555356971053858,50000,17567,0.09474,0.09220409890315,0.09733816789701001,50000,4737,315065,45074,71037,6435,wilson,95
"U(0.01,pi/2), eps=1e-03",broad_pi2_e3,0.01,1.5707963267948966,uniform,0.001,linear,qmetrology.algorithms.find_phi_fixed_budget_linear_search,3000,50000,2024,50000,0.2354,0.23170178046988968,0.2391388744067878,50000,11770,0.20156,0.19806668352516754,0.2050991707507041,50000,10078,81138,18808,141933,16788,wilson,95
"U(0.01,pi/2), eps=1e-03",broad_pi2_e3,0.01,1.5707963267948966,uniform,0.001,binary_deep,qmetrology.algorithms.find_phi_fixed_budget_binary_search_deep,3000,50000,2024,50000,0.0,0.0,7.682327414500052e-05,50000,0,0.0,0.0,7.682327414500052e-05,50000,0,0,0,50000,0,wilson,95
"U(0.01,pi/2), eps=1e-03",broad_pi2_e3,0.01,1.5707963267948966,uniform,0.001,linear,qmetrology.algorithms.find_phi_fixed_budget_linear_search,4088,50000,2024,50000,0.18202,0.17866231122607454,0.18542654530335065,50000,9101,0.31032,0.30627969273791067,0.3143894509393689,50000,15516,84916,15082,154318,29268,wilson,95
"U(0.01,pi/2), eps=1e-03",broad_pi2_e3,0.01,1.5707963267948966,uniform,0.001,binary_deep,qmetrology.algorithms.find_phi_fixed_budget_binary_search_deep,4088,50000,2024,50000,0.0,0.0,7.682327414500052e-05,50000,0,0.0,0.0,7.682327414500052e-05,50000,0,0,0,50000,0,wilson,95
"U(0.01,pi/2), eps=1e-03",broad_pi2_e3,0.01,1.5707963267948966,uniform,0.001,linear,qmetrology.algorithms.find_phi_fixed_budget_linear_search,5572,50000,2024,50000,0.18204,0.17868216525286695,0.1854466882036273,50000,9102,0.31032,0.30627969273791067,0.3143894509393689,50000,15516,84916,15084,154317,29268,wilson,95
"U(0.01,pi/2), eps=1e-03",broad_pi2_e3,0.01,1.5707963267948966,uniform,0.001,binary_deep,qmetrology.algorithms.find_phi_fixed_budget_binary_search_deep,5572,50000,2024,50000,0.0,0.0,7.682327414500052e-05,50000,0,0.0,0.0,7.682327414500052e-05,50000,0,0,0,50000,0,wilson,95
"U(0.01,pi/2), eps=1e-03",broad_pi2_e3,0.01,1.5707963267948966,uniform,0.001,linear,qmetrology.algorithms.find_phi_fixed_budget_linear_search,7595,50000,2024,50000,0.22732,0.22366751513587485,0.23101438120491286,50000,11366,0.1383,0.13530189196745515,0.1413536819890613,50000,6915,126803,23119,145089,9270,wilson,95
"U(0.01,pi/2), eps=1e-03",broad_pi2_e3,0.01,1.5707963267948966,uniform,0.001,binary_deep,qmetrology.algorithms.find_phi_fixed_budget_binary_search_deep,7595,50000,2024,50000,0.0,0.0,7.682327414500052e-05,50000,0,0.0,0.0,7.682327414500052e-05,50000,0,0,0,50000,0,wilson,95
"U(0.01,pi/2), eps=1e-03",broad_pi2_e3,0.01,1.5707963267948966,uniform,0.001,linear,qmetrology.algorithms.find_phi_fixed_budget_linear_search,10351,50000,2024,50000,0.22752,0.22386635993112686,0.23121550568035115,50000,11376,0.1383,0.13530189196745515,0.1413536819890613,50000,6915,126806,23149,145126,9346,wilson,95
"U(0.01,pi/2), eps=1e-03",broad_pi2_e3,0.01,1.5707963267948966,uniform,0.001,binary_deep,qmetrology.algorithms.find_phi_fixed_budget_binary_search_deep,10351,50000,2024,50000,0.0,0.0,7.682327414500052e-05,50000,0,0.0,0.0,7.682327414500052e-05,50000,0,0,0,50000,0,wilson,95
"U(0.01,pi/2), eps=1e-03",broad_pi2_e3,0.01,1.5707963267948966,uniform,0.001,linear,qmetrology.algorithms.find_phi_fixed_budget_linear_search,14108,50000,2024,50000,0.18204,0.17868216525286695,0.1854466882036273,50000,9102,0.31032,0.30627969273791067,0.3143894509393689,50000,15516,84916,15084,154317,29268,wilson,95
"U(0.01,pi/2), eps=1e-03",broad_pi2_e3,0.01,1.5707963267948966,uniform,0.001,binary_deep,qmetrology.algorithms.find_phi_fixed_budget_binary_search_deep,14108,50000,2024,50000,0.0,0.0,7.682327414500052e-05,50000,0,0.0,0.0,7.682327414500052e-05,50000,0,0,0,50000,0,wilson,95
"U(0.01,pi/2), eps=1e-03",broad_pi2_e3,0.01,1.5707963267948966,uniform,0.001,linear,qmetrology.algorithms.find_phi_fixed_budget_linear_search,19228,50000,2024,50000,0.18204,0.17868216525286695,0.1854466882036273,50000,9102,0.31032,0.30627969273791067,0.3143894509393689,50000,15516,84916,15084,154317,29268,wilson,95
"U(0.01,pi/2), eps=1e-03",broad_pi2_e3,0.01,1.5707963267948966,uniform,0.001,binary_deep,qmetrology.algorithms.find_phi_fixed_budget_binary_search_deep,19228,50000,2024,50000,0.0,0.0,7.682327414500052e-05,50000,0,0.0,0.0,7.682327414500052e-05,50000,0,0,0,50000,0,wilson,95
"U(0.01,pi/2), eps=1e-03",broad_pi2_e3,0.01,1.5707963267948966,uniform,0.001,linear,qmetrology.algorithms.find_phi_fixed_budget_linear_search,26207,50000,2024,50000,0.22178,0.21815999151809565,0.22544275602456956,50000,11089,0.21102,0.20746577161792717,0.21461862916159768,50000,10551,128161,21821,156326,39757,wilson,95
"U(0.01,pi/2), eps=1e-03",broad_pi2_e3,0.01,1.5707963267948966,uniform,0.001,binary_deep,qmetrology.algorithms.find_phi_fixed_budget_binary_search_deep,26207,50000,2024,50000,0.0,0.0,7.682327414500052e-05,50000,0,0.0,0.0,7.682327414500052e-05,50000,0,0,0,50000,0,wilson,95
"U(0.01,pi/2), eps=1e-03",broad_pi2_e3,0.01,1.5707963267948966,uniform,0.001,linear,qmetrology.algorithms.find_phi_fixed_budget_linear_search,35718,50000,2024,50000,0.18198,0.17862260321825404,0.1853862594570331,50000,9099,0.11512,0.11235195083771912,0.11794718464578671,50000,5756,228192,18298,182105,7891,wilson,95
"U(0.01,pi/2), eps=1e-03",broad_pi2_e3,0.01,1.5707963267948966,uniform,0.001,binary_deep,qmetrology.algorithms.find_phi_fixed_budget_binary_search_deep,35718,50000,2024,50000,0.0,0.0,7.682327414500052e-05,50000,0,0.0,0.0,7.682327414500052e-05,50000,0,0,0,50000,0,wilson,95
"U(0.01,pi/2), eps=1e-03",broad_pi2_e3,0.01,1.5707963267948966,uniform,0.001,linear,qmetrology.algorithms.find_phi_fixed_budget_linear_search,48681,50000,2024,50000,0.25046,0.24668148901520814,0.25427685194445204,50000,12523,0.06656,0.06440832211253318,0.06877827444735761,50000,3328,125150,24742,134902,3414,wilson,95
"U(0.01,pi/2), eps=1e-03",broad_pi2_e3,0.01,1.5707963267948966,uniform,0.001,binary_deep,qmetrology.algorithms.find_phi_fixed_budget_binary_search_deep,48681,50000,2024,50000,0.0,0.0,7.682327414500052e-05,50000,0,0.0,0.0,7.682327414500052e-05,50000,0,0,0,50000,0,wilson,95
"U(0.01,pi/2), eps=1e-03",broad_pi2_e3,0.01,1.5707963267948966,uniform,0.001,linear,qmetrology.algorithms.find_phi_fixed_budget_linear_search,66349,50000,2024,50000,0.28928,0.28532190801128743,0.2932704683893681,50000,14464,0.03244,0.030922667426188193,0.03402917155393028,50000,1622,76294,23702,103422,1622,wilson,95
"U(0.01,pi/2), eps=1e-03",broad_pi2_e3,0.01,1.5707963267948966,uniform,0.001,binary_deep,qmetrology.algorithms.find_phi_fixed_budget_binary_search_deep,66349,50000,2024,50000,0.0,0.0,7.682327414500052e-05,50000,0,0.0,0.0,7.682327414500052e-05,50000,0,0,0,50000,0,wilson,95
"U(0.01,pi/2), eps=1e-03",broad_pi2_e3,0.01,1.5707963267948966,uniform,0.001,linear,qmetrology.algorithms.find_phi_fixed_budget_linear_search,90429,50000,2024,50000,0.29296,0.2889867954733057,0.29696501550805215,50000,14648,0.03044,0.028969879994276596,0.03198226627893845,50000,1522,76052,23946,102828,1522,wilson,95
"U(0.01,pi/2), eps=1e-03",broad_pi2_e3,0.01,1.5707963267948966,uniform,0.001,binary_deep,qmetrology.algorithms.find_phi_fixed_budget_binary_search_deep,90429,50000,2024,50000,0.0,0.0,7.682327414500052e-05,50000,0,0.0,0.0,7.682327414500052e-05,50000,0,0,0,50000,0,wilson,95
"U(0.01,pi/2), eps=1e-03",broad_pi2_e3,0.01,1.5707963267948966,uniform,0.001,linear,qmetrology.algorithms.find_phi_fixed_budget_linear_search,123248,50000,2024,50000,0.2406,0.23687334237405405,0.24436651354057237,50000,12030,0.24178,0.23804699532430582,0.24555267928739358,50000,12089,37970,12030,122856,15894,wilson,95
"U(0.01,pi/2), eps=1e-03",broad_pi2_e3,0.01,1.5707963267948966,uniform,0.001,binary_deep,qmetrology.algorithms.find_phi_fixed_budget_binary_search_deep,123248,50000,2024,50000,0.0,0.0,7.682327414500052e-05,50000,0,0.0,0.0,7.682327414500052e-05,50000,0,0,0,50000,0,wilson,95
"U(0.01,pi/2), eps=1e-03",broad_pi2_e3,0.01,1.5707963267948966,uniform,0.001,linear,qmetrology.algorithms.find_phi_fixed_budget_linear_search,167979,50000,2024,50000,0.27692,0.27301501763429126,0.28085925783770116,50000,13846,0.01934,0.018169287268923723,0.020584564480977348,50000,967,122175,27150,120438,978,wilson,95
"U(0.01,pi/2), eps=1e-03",broad_pi2_e3,0.01,1.5707963267948966,uniform,0.001,binary_deep,qmetrology.algorithms.find_phi_fixed_budget_binary_search_deep,167979,50000,2024,50000,0.0,0.0,7.682327414500052e-05,50000,0,0.0,0.0,7.682327414500052e-05,50000,0,0,0,50000,0,wilson,95
"U(0.01,pi/2), eps=1e-03",broad_pi2_e3,0.01,1.5707963267948966,uniform,0.001,linear,qmetrology.algorithms.find_phi_fixed_budget_linear_search,228942,50000,2024,50000,0.27512,0.2712230601201648,0.27905149191561457,50000,13756,0.01534,0.014299375283473394,0.016455091052620836,50000,767,122202,26925,119659,782,wilson,95
"U(0.01,pi/2), eps=1e-03",broad_pi2_e3,0.01,1.5707963267948966,uniform,0.001,binary_deep,qmetrology.algorithms.find_phi_fixed_budget_binary_search_deep,228942,50000,2024,50000,0.0,0.0,7.682327414500052e-05,50000,0,0.0,0.0,7.682327414500052e-05,50000,0,0,0,50000,0,wilson,95
"U(0.01,pi/2), eps=1e-03",broad_pi2_e3,0.01,1.5707963267948966,uniform,0.001,linear,qmetrology.algorithms.find_phi_fixed_budget_linear_search,312031,50000,2024,50000,0.27762,0.27371191142351275,0.2815622564958959,50000,13881,0.01456,0.013546744850624032,0.015647841329777864,50000,728,122167,27293,119524,738,wilson,95
"U(0.01,pi/2), eps=1e-03",broad_pi2_e3,0.01,1.5707963267948966,uniform,0.001,binary_deep,qmetrology.algorithms.find_phi_fixed_budget_binary_search_deep,312031,50000,2024,50000,0.0,0.0,7.682327414500052e-05,50000,0,0.0,0.0,7.682327414500052e-05,50000,0,0,0,50000,0,wilson,95
"U(0.01,pi/2), eps=1e-03",broad_pi2_e3,0.01,1.5707963267948966,uniform,0.001,linear,qmetrology.algorithms.find_phi_fixed_budget_linear_search,425275,50000,2024,50000,0.27852,0.2746079352850924,0.28246609435242276,50000,13926,0.01344,0.012467416192618564,0.014487342071917422,50000,672,122244,27372,119495,679,wilson,95
"U(0.01,pi/2), eps=1e-03",broad_pi2_e3,0.01,1.5707963267948966,uniform,0.001,binary_deep,qmetrology.algorithms.find_phi_fixed_budget_binary_search_deep,425275,50000,2024,50000,0.0,0.0,7.682327414500052e-05,50000,0,0.0,0.0,7.682327414500052e-05,50000,0,0,0,50000,0,wilson,95
"U(0.01,pi/2), eps=1e-03",broad_pi2_e3,0.01,1.5707963267948966,uniform,0.001,linear,qmetrology.algorithms.find_phi_fixed_budget_linear_search,579619,50000,2024,50000,0.23566,0.23196034028437837,0.23940027464419658,50000,11783,0.03668,0.03506762990738581,0.03836355761136791,50000,1834,223370,25920,165414,1880,wilson,95
"U(0.01,pi/2), eps=1e-03",broad_pi2_e3,0.01,1.5707963267948966,uniform,0.001,binary_deep,qmetrology.algorithms.find_phi_fixed_budget_binary_search_deep,579619,50000,2024,50000,0.0,0.0,7.682327414500052e-05,50000,0,0.0,0.0,7.682327414500052e-05,50000,0,0,0,50000,0,wilson,95
"U(0.01,pi/2), eps=1e-03",broad_pi2_e3,0.01,1.5707963267948966,uniform,0.001,linear,qmetrology.algorithms.find_phi_fixed_budget_linear_search,789977,50000,2024,50000,0.31256,0.3085115268910476,0.31663727261796376,50000,15628,0.00772,0.006989751262415294,0.008525885860376907,50000,386,74801,25199,96354,386,wilson,95
"U(0.01,pi/2), eps=1e-03",broad_pi2_e3,0.01,1.5707963267948966,uniform,0.001,binary_deep,qmetrology.algorithms.find_phi_fixed_budget_binary_search_deep,789977,50000,2024,50000,0.0,0.0,7.682327414500052e-05,50000,0,0.0,0.0,7.682327414500052e-05,50000,0,0,0,50000,0,wilson,95
"U(0.01,pi/2), eps=1e-03",broad_pi2_e3,0.01,1.5707963267948966,uniform,0.001,linear,qmetrology.algorithms.find_phi_fixed_budget_linear_search,1076679,50000,2024,50000,0.29312,0.28914614557157453,0.2971256408263356,50000,14656,0.03244,0.030922667426188193,0.03402917155393028,50000,1622,76096,23904,103881,1622,wilson,95
"U(0.01,pi/2), eps=1e-03",broad_pi2_e3,0.01,1.5707963267948966,uniform,0.001,binary_deep,qmetrology.algorithms.find_phi_fixed_budget_binary_search_deep,1076679,50000,2024,50000,0.2637,0.2598559630396695,0.2675803436396913,50000,13185,0.05066,0.04877204826253467,0.05261699127747395,50000,2533,342684,31109,64796,3479,wilson,95
"U(0.01,pi/2), eps=1e-03",broad_pi2_e3,0.01,1.5707963267948966,uniform,0.001,linear,qmetrology.algorithms.find_phi_fixed_budget_linear_search,1467432,50000,2024,50000,0.20174,0.19824549667377253,0.2052803299457204,50000,10087,0.06562,0.06348278139884735,0.06782395958879885,50000,3281,377068,22588,200505,4551,wilson,95
"U(0.01,pi/2), eps=1e-03",broad_pi2_e3,0.01,1.5707963267948966,uniform,0.001,binary_deep,qmetrology.algorithms.find_phi_fixed_budget_binary_search_deep,1467432,50000,2024,50000,0.25948,0.2556563500630139,0.26334060500478074,50000,12974,0.05624,0.05425450799103538,0.05829367420123379,50000,2812,343087,30419,64599,3953,wilson,95
"U(0.01,pi/2), eps=1e-03",broad_pi2_e3,0.01,1.5707963267948966,uniform,0.001,linear,qmetrology.algorithms.find_phi_fixed_budget_linear_search,2000000,50000,2024,50000,0.14062,0.13760055298429097,0.14369466451223345,50000,7031,0.17412,0.17082118430555882,0.17746888603159788,50000,8706,42969,7031,89653,11463,wilson,95
"U(0.01,pi/2), eps=1e-03",broad_pi2_e3,0.01,1.5707963267948966,uniform,0.001,binary_deep,qmetrology.algorithms.find_phi_fixed_budget_binary_search_deep,2000000,50000,2024,50000,0.0,0.0,7.682327414500052e-05,50000,0,0.0,0.0,7.682327414500052e-05,50000,0,0,0,50000,0,wilson,95
