setting,phi_min,phi_max,eps,budget,algo,rate,m,params,m_lo,m_hi,at_min,at_max
"U(0.0001,0.001), eps=1e-04",0.0001,0.001,0.0001,36435,binary_deep,0.8273,4,{'conf': 0.5},1,23,0,0
"U(0.0001,0.001), eps=1e-04",0.0001,0.001,0.0001,36435,re_fixed,0.7579,2,{},1,23,0,0
"U(0.0001,0.001), eps=1e-04",0.0001,0.001,0.0001,36435,linear_fixed,0.73615,1,"{'lookback_window': 1, 'safeguard': 0, 'inc': 5}",1,23,1,0
"U(0.0001,0.001), eps=1e-04",0.0001,0.001,0.0001,43950,binary_deep,0.86495,5,{'conf': 0.5},1,27,0,0
"U(0.0001,0.001), eps=1e-04",0.0001,0.001,0.0001,43950,re_fixed,0.81355,4,{},1,27,0,0
"U(0.0001,0.001), eps=1e-04",0.0001,0.001,0.0001,43950,linear_fixed,0.796,1,"{'lookback_window': 1, 'safeguard': 1, 'inc': 2}",1,27,1,0
"U(0.0001,0.001), eps=1e-04",0.0001,0.001,0.0001,53015,binary_deep,0.8961,7,{'conf': 0.5},1,33,0,0
"U(0.0001,0.001), eps=1e-04",0.0001,0.001,0.0001,53015,re_fixed,0.8648,5,{},1,33,0,0
"U(0.0001,0.001), eps=1e-04",0.0001,0.001,0.0001,53015,linear_fixed,0.8477,1,"{'lookback_window': 1, 'safeguard': 1, 'inc': 5}",1,33,1,0
"U(0.0001,0.001), eps=1e-04",0.0001,0.001,0.0001,63949,binary_deep,0.9297,7,{'conf': 0.5},1,40,0,0
"U(0.0001,0.001), eps=1e-04",0.0001,0.001,0.0001,63949,re_fixed,0.89325,1,{},1,40,1,0
"U(0.0001,0.001), eps=1e-04",0.0001,0.001,0.0001,63949,linear_fixed,0.8884,1,"{'lookback_window': 1, 'safeguard': 0, 'inc': 5}",1,40,0,0
"U(0.0001,0.001), eps=1e-04",0.0001,0.001,0.0001,77139,binary_deep,0.9522,9,{'conf': 0.5},1,49,0,0
"U(0.0001,0.001), eps=1e-04",0.0001,0.001,0.0001,77139,re_fixed,0.9353,5,{},1,49,0,0
"U(0.0001,0.001), eps=1e-04",0.0001,0.001,0.0001,77139,linear_fixed,0.9243,1,"{'lookback_window': 1, 'safeguard': 2, 'inc': 5}",1,49,1,0
"U(0.0001,0.001), eps=1e-04",0.0001,0.001,0.0001,93049,binary_deep,0.9684,12,{'conf': 0.5},1,59,0,0
"U(0.0001,0.001), eps=1e-04",0.0001,0.001,0.0001,93049,re_fixed,0.9598,6,{},1,59,0,0
"U(0.0001,0.001), eps=1e-04",0.0001,0.001,0.0001,93049,linear_fixed,0.9506,1,"{'lookback_window': 1, 'safeguard': 0, 'inc': 5}",1,59,1,0
"U(0.0001,0.001), eps=1e-04",0.0001,0.001,0.0001,112241,binary_deep,0.9827,13,{'conf': 0.5},1,71,0,0
"U(0.0001,0.001), eps=1e-04",0.0001,0.001,0.0001,112241,re_fixed,0.9741,4,{},1,71,1,0
"U(0.0001,0.001), eps=1e-04",0.0001,0.001,0.0001,112241,linear_fixed,0.9697,1,"{'lookback_window': 1, 'safeguard': 0, 'inc': 5}",1,71,1,0
"U(0.0001,0.001), eps=1e-06",0.0001,0.001,1e-06,8565605,binary_deep,0.22795,1058,{'conf': 0.5},1,5455,0,0
"U(0.0001,0.001), eps=1e-06",0.0001,0.001,1e-06,8565605,re_fixed,0.24445,112,{},1,5455,0,0
"U(0.0001,0.001), eps=1e-06",0.0001,0.001,1e-06,8565605,linear_fixed,0.18605,4,"{'lookback_window': 2, 'safeguard': 0, 'inc': 2}",1,5455,1,0
"U(0.0001,0.001), eps=1e-06",0.0001,0.001,1e-06,10332282,binary_deep,0.2545,1131,{'conf': 0.5},1,6581,0,0
"U(0.0001,0.001), eps=1e-06",0.0001,0.001,1e-06,10332282,re_fixed,0.2766,264,{},1,6581,0,0
"U(0.0001,0.001), eps=1e-06",0.0001,0.001,1e-06,10332282,linear_fixed,0.20225,2,"{'lookback_window': 1, 'safeguard': 0, 'inc': 2}",1,6581,0,0
"U(0.0001,0.001), eps=1e-06",0.0001,0.001,1e-06,15033938,binary_deep,0.29025,11,{'conf': 0.7},1,9575,0,0
"U(0.0001,0.001), eps=1e-06",0.0001,0.001,1e-06,15033938,re_fixed,0.3234,79,{},1,9575,0,0
"U(0.0001,0.001), eps=1e-06",0.0001,0.001,1e-06,15033938,linear_fixed,0.24055,4,"{'lookback_window': 2, 'safeguard': 1, 'inc': 2}",1,9575,1,0
"U(0.0001,0.001), eps=1e-06",0.0001,0.001,1e-06,18134725,binary_deep,0.32555,18,{'conf': 0.7},1,11550,0,0
"U(0.0001,0.001), eps=1e-06",0.0001,0.001,1e-06,18134725,re_fixed,0.36545,471,{},1,11550,0,0
"U(0.0001,0.001), eps=1e-06",0.0001,0.001,1e-06,18134725,linear_fixed,0.26475,1,"{'lookback_window': 2, 'safeguard': 1, 'inc': 5}",1,11550,1,0
"U(0.0001,0.001), eps=1e-06",0.0001,0.001,1e-06,26386845,binary_deep,0.3953,42,{'conf': 0.7},1,16806,0,0
"U(0.0001,0.001), eps=1e-06",0.0001,0.001,1e-06,26386845,re_fixed,0.43095,568,{},1,16806,0,0
"U(0.0001,0.001), eps=1e-06",0.0001,0.001,1e-06,26386845,linear_fixed,0.3308,5,"{'lookback_window': 5, 'safeguard': 2, 'inc': 5}",1,16806,0,0
"U(0.0001,0.001), eps=1e-06",0.0001,0.001,1e-06,38394051,binary_deep,0.47655,4218,{'conf': 0.5},1,24454,0,0
"U(0.0001,0.001), eps=1e-06",0.0001,0.001,1e-06,38394051,re_fixed,0.5085,467,{},1,24454,0,0
"U(0.0001,0.001), eps=1e-06",0.0001,0.001,1e-06,38394051,linear_fixed,0.37395,9,"{'lookback_window': 2, 'safeguard': 2, 'inc': 1}",1,24454,0,0
"U(0.0001,0.001), eps=1e-06",0.0001,0.001,1e-06,46312922,binary_deep,0.5091,68,{'conf': 0.8},1,29498,0,0
"U(0.0001,0.001), eps=1e-06",0.0001,0.001,1e-06,46312922,re_fixed,0.5484,525,{},1,29498,0,0
"U(0.0001,0.001), eps=1e-06",0.0001,0.001,1e-06,46312922,linear_fixed,0.42175,15,"{'lookback_window': 5, 'safeguard': 0, 'inc': 5}",1,29498,0,0
"U(0.0001,0.001), eps=1e-06",0.0001,0.001,1e-06,67387393,binary_deep,0.59965,103,{'conf': 0.8},1,42921,0,0
"U(0.0001,0.001), eps=1e-06",0.0001,0.001,1e-06,67387393,re_fixed,0.63285,523,{},1,42921,0,0
"U(0.0001,0.001), eps=1e-06",0.0001,0.001,1e-06,67387393,linear_fixed,0.5048,1,"{'lookback_window': 5, 'safeguard': 0, 'inc': 5}",1,42921,1,0
"U(0.0001,0.001), eps=1e-06",0.0001,0.001,1e-06,81286214,binary_deep,0.6426,144,{'conf': 0.8},1,51774,0,0
"U(0.0001,0.001), eps=1e-06",0.0001,0.001,1e-06,81286214,re_fixed,0.67695,1161,{},1,51774,0,0
"U(0.0001,0.001), eps=1e-06",0.0001,0.001,1e-06,81286214,linear_fixed,0.54285,1,"{'lookback_window': 5, 'safeguard': 1, 'inc': 2}",1,51774,1,0
"U(0.0001,0.001), eps=1e-06",0.0001,0.001,1e-06,118275113,binary_deep,0.7254,65,{'conf': 0.6},1,75334,0,0
"U(0.0001,0.001), eps=1e-06",0.0001,0.001,1e-06,118275113,re_fixed,0.75805,2404,{},1,75334,0,0
"U(0.0001,0.001), eps=1e-06",0.0001,0.001,1e-06,118275113,linear_fixed,0.63315,1,"{'lookback_window': 5, 'safeguard': 0, 'inc': 2}",1,75334,1,0
"U(0.0001,0.001), eps=1e-06",0.0001,0.001,1e-06,172095631,binary_deep,0.81055,338,{'conf': 0.7},1,109615,0,0
"U(0.0001,0.001), eps=1e-06",0.0001,0.001,1e-06,172095631,re_fixed,0.837,1854,{},1,109615,0,0
"U(0.0001,0.001), eps=1e-06",0.0001,0.001,1e-06,172095631,linear_fixed,0.7255,37,"{'lookback_window': 5, 'safeguard': 0, 'inc': 5}",1,109615,0,0
"U(0.0001,0.001), eps=1e-06",0.0001,0.001,1e-06,207590791,binary_deep,0.8493,266,{'conf': 0.5},1,132223,0,0
"U(0.0001,0.001), eps=1e-06",0.0001,0.001,1e-06,207590791,re_fixed,0.86935,2420,{},1,132223,0,0
"U(0.0001,0.001), eps=1e-06",0.0001,0.001,1e-06,207590791,linear_fixed,0.77375,27,"{'lookback_window': 5, 'safeguard': 1, 'inc': 5}",1,132223,0,0
"U(0.0001,0.001), eps=1e-06",0.0001,0.001,1e-06,302053977,binary_deep,0.90945,336,{'conf': 0.8},1,192391,0,0
"U(0.0001,0.001), eps=1e-06",0.0001,0.001,1e-06,302053977,re_fixed,0.9244,2216,{},1,192391,0,0
"U(0.0001,0.001), eps=1e-06",0.0001,0.001,1e-06,302053977,linear_fixed,0.8539,32,"{'lookback_window': 5, 'safeguard': 0, 'inc': 5}",1,192391,0,0
"U(0.0001,0.001), eps=1e-06",0.0001,0.001,1e-06,439502180,binary_deep,0.9457,218,{'conf': 0.9},1,279937,0,0
"U(0.0001,0.001), eps=1e-06",0.0001,0.001,1e-06,439502180,re_fixed,0.96095,506,{},1,279937,0,0
"U(0.0001,0.001), eps=1e-06",0.0001,0.001,1e-06,439502180,linear_fixed,0.9157,129,"{'lookback_window': 5, 'safeguard': 2, 'inc': 5}",1,279937,0,0
"U(0.0001,0.01), eps=1e-04",0.0001,0.01,0.0001,8565,binary_deep,0.19165,9,{'conf': 0.5},1,54,0,0
"U(0.0001,0.01), eps=1e-04",0.0001,0.01,0.0001,8565,re_fixed,0.16845,5,{},1,54,0,0
"U(0.0001,0.01), eps=1e-04",0.0001,0.01,0.0001,8565,linear_fixed,0.14675,1,"{'lookback_window': 2, 'safeguard': 1, 'inc': 5}",1,54,1,0
"U(0.0001,0.01), eps=1e-04",0.0001,0.01,0.0001,10332,binary_deep,0.2172,10,{'conf': 0.5},1,65,0,0
"U(0.0001,0.01), eps=1e-04",0.0001,0.01,0.0001,10332,re_fixed,0.19625,7,{},1,65,0,0
"U(0.0001,0.01), eps=1e-04",0.0001,0.01,0.0001,10332,linear_fixed,0.1752,2,"{'lookback_window': 1, 'safeguard': 0, 'inc': 5}",1,65,1,0
"U(0.0001,0.01), eps=1e-04",0.0001,0.01,0.0001,15033,binary_deep,0.27695,15,{'conf': 0.5},1,95,0,0
"U(0.0001,0.01), eps=1e-04",0.0001,0.01,0.0001,15033,re_fixed,0.2425,7,{},1,95,0,0
"U(0.0001,0.01), eps=1e-04",0.0001,0.01,0.0001,15033,linear_fixed,0.223,1,"{'lookback_window': 2, 'safeguard': 0, 'inc': 5}",1,95,1,0
"U(0.0001,0.01), eps=1e-04",0.0001,0.01,0.0001,21875,binary_deep,0.33865,15,{'conf': 0.5},1,139,0,0
"U(0.0001,0.01), eps=1e-04",0.0001,0.01,0.0001,21875,re_fixed,0.31345,20,{},1,139,0,0
"U(0.0001,0.01), eps=1e-04",0.0001,0.01,0.0001,21875,linear_fixed,0.27075,1,"{'lookback_window': 2, 'safeguard': 1, 'inc': 5}",1,139,1,0
"U(0.0001,0.01), eps=1e-04",0.0001,0.01,0.0001,26386,binary_deep,0.37445,21,{'conf': 0.5},1,168,0,0
"U(0.0001,0.01), eps=1e-04",0.0001,0.01,0.0001,26386,re_fixed,0.35505,20,{},1,168,0,0
"U(0.0001,0.01), eps=1e-04",0.0001,0.01,0.0001,26386,linear_fixed,0.29155,2,"{'lookback_window': 2, 'safeguard': 0, 'inc': 5}",1,168,1,0
"U(0.0001,0.01), eps=1e-04",0.0001,0.01,0.0001,38394,binary_deep,0.45335,32,{'conf': 0.5},1,244,0,0
"U(0.0001,0.01), eps=1e-04",0.0001,0.01,0.0001,38394,re_fixed,0.4286,34,{},1,244,0,0
"U(0.0001,0.01), eps=1e-04",0.0001,0.01,0.0001,38394,linear_fixed,0.35965,2,"{'lookback_window': 2, 'safeguard': 0, 'inc': 5}",1,244,1,0
"U(0.0001,0.01), eps=1e-04",0.0001,0.01,0.0001,55865,binary_deep,0.5367,30,{'conf': 0.5},1,355,0,0
"U(0.0001,0.01), eps=1e-04",0.0001,0.01,0.0001,55865,re_fixed,0.5219,48,{},1,355,0,0
"U(0.0001,0.01), eps=1e-04",0.0001,0.01,0.0001,55865,linear_fixed,0.44145,1,"{'lookback_window': 5, 'safeguard': 2, 'inc': 5}",1,355,1,0
"U(0.0001,0.01), eps=1e-04",0.0001,0.01,0.0001,67387,binary_deep,0.58545,47,{'conf': 0.5},1,429,0,0
"U(0.0001,0.01), eps=1e-04",0.0001,0.01,0.0001,67387,re_fixed,0.56775,56,{},1,429,0,0
"U(0.0001,0.01), eps=1e-04",0.0001,0.01,0.0001,67387,linear_fixed,0.4856,1,"{'lookback_window': 1, 'safeguard': 1, 'inc': 5}",1,429,1,0
"U(0.0001,0.01), eps=1e-04",0.0001,0.01,0.0001,98051,binary_deep,0.6775,55,{'conf': 0.5},1,624,0,0
"U(0.0001,0.01), eps=1e-04",0.0001,0.01,0.0001,98051,re_fixed,0.6639,62,{},1,624,0,0
"U(0.0001,0.01), eps=1e-04",0.0001,0.01,0.0001,98051,linear_fixed,0.57735,1,"{'lookback_window': 5, 'safeguard': 2, 'inc': 5}",1,624,1,0
"U(0.0001,0.01), eps=1e-04",0.0001,0.01,0.0001,142669,binary_deep,0.76355,39,{'conf': 0.5},1,908,0,0
"U(0.0001,0.01), eps=1e-04",0.0001,0.01,0.0001,142669,re_fixed,0.75135,133,{},1,908,0,0
"U(0.0001,0.01), eps=1e-04",0.0001,0.01,0.0001,142669,linear_fixed,0.66955,1,"{'lookback_window': 1, 'safeguard': 2, 'inc': 5}",1,908,1,0
"U(0.0001,0.01), eps=1e-04",0.0001,0.01,0.0001,172095,binary_deep,0.80135,35,{'conf': 0.5},1,1096,0,0
"U(0.0001,0.01), eps=1e-04",0.0001,0.01,0.0001,172095,re_fixed,0.79735,96,{},1,1096,0,0
"U(0.0001,0.01), eps=1e-04",0.0001,0.01,0.0001,172095,linear_fixed,0.7138,2,"{'lookback_window': 5, 'safeguard': 0, 'inc': 2}",1,1096,0,0
"U(0.0001,0.01), eps=1e-04",0.0001,0.01,0.0001,250406,binary_deep,0.8751,53,{'conf': 0.5},1,1594,0,0
"U(0.0001,0.01), eps=1e-04",0.0001,0.01,0.0001,250406,re_fixed,0.87165,122,{},1,1594,0,0
"U(0.0001,0.01), eps=1e-04",0.0001,0.01,0.0001,250406,linear_fixed,0.79735,3,"{'lookback_window': 5, 'safeguard': 1, 'inc': 5}",1,1594,0,0
"U(0.0001,0.01), eps=1e-04",0.0001,0.01,0.0001,364353,binary_deep,0.9348,111,{'conf': 0.5},1,2320,0,0
"U(0.0001,0.01), eps=1e-04",0.0001,0.01,0.0001,364353,re_fixed,0.92705,55,{},1,2320,0,0
"U(0.0001,0.01), eps=1e-04",0.0001,0.01,0.0001,364353,linear_fixed,0.8852,2,"{'lookback_window': 5, 'safeguard': 2, 'inc': 2}",1,2320,0,0
"U(0.0001,0.01), eps=1e-04",0.0001,0.01,0.0001,530150,binary_deep,0.9692,79,{'conf': 0.5},1,3376,0,0
"U(0.0001,0.01), eps=1e-04",0.0001,0.01,0.0001,530150,re_fixed,0.9664,111,{},1,3376,0,0
"U(0.0001,0.01), eps=1e-04",0.0001,0.01,0.0001,530150,linear_fixed,0.93405,7,"{'lookback_window': 2, 'safeguard': 2, 'inc': 5}",1,3376,0,0
"U(0.0001,0.01), eps=1e-06",0.0001,0.01,1e-06,85656050,binary_deep,0.3044,21908,{'conf': 0.5},1,545579,0,0
"U(0.0001,0.01), eps=1e-06",0.0001,0.01,1e-06,85656050,re_fixed,0.2992,3103,{},1,545579,0,0
"U(0.0001,0.01), eps=1e-06",0.0001,0.01,1e-06,85656050,linear_fixed,0.22745,188,"{'lookback_window': 5, 'safeguard': 2, 'inc': 5}",1,545579,0,0
"U(0.0001,0.01), eps=1e-06",0.0001,0.01,1e-06,103322828,binary_deep,0.3364,20169,{'conf': 0.5},1,658107,0,0
"U(0.0001,0.01), eps=1e-06",0.0001,0.01,1e-06,103322828,re_fixed,0.32815,3478,{},1,658107,0,0
"U(0.0001,0.01), eps=1e-06",0.0001,0.01,1e-06,103322828,linear_fixed,0.2462,326,"{'lookback_window': 5, 'safeguard': 2, 'inc': 5}",1,658107,0,0
"U(0.0001,0.01), eps=1e-06",0.0001,0.01,1e-06,150339381,binary_deep,0.3866,47964,{'conf': 0.5},1,957575,0,0
"U(0.0001,0.01), eps=1e-06",0.0001,0.01,1e-06,150339381,re_fixed,0.38745,6052,{},1,957575,0,0
"U(0.0001,0.01), eps=1e-06",0.0001,0.01,1e-06,150339381,linear_fixed,0.2924,311,"{'lookback_window': 5, 'safeguard': 2, 'inc': 5}",1,957575,0,0
"U(0.0001,0.01), eps=1e-06",0.0001,0.01,1e-06,181347259,binary_deep,0.4227,25479,{'conf': 0.5},1,1155078,0,0
"U(0.0001,0.01), eps=1e-06",0.0001,0.01,1e-06,181347259,re_fixed,0.41515,3365,{},1,1155078,0,0
"U(0.0001,0.01), eps=1e-06",0.0001,0.01,1e-06,181347259,linear_fixed,0.33015,266,"{'lookback_window': 5, 'safeguard': 2, 'inc': 5}",1,1155078,0,0
"U(0.0001,0.01), eps=1e-06",0.0001,0.01,1e-06,263868453,binary_deep,0.4923,55134,{'conf': 0.5},1,1680690,0,0
"U(0.0001,0.01), eps=1e-06",0.0001,0.01,1e-06,263868453,re_fixed,0.48225,3301,{},1,1680690,0,0
"U(0.0001,0.01), eps=1e-06",0.0001,0.01,1e-06,263868453,linear_fixed,0.39805,401,"{'lookback_window': 5, 'safeguard': 2, 'inc': 5}",1,1680690,0,0
"U(0.0001,0.01), eps=1e-06",0.0001,0.01,1e-06,383940518,binary_deep,0.55795,94692,{'conf': 0.5},1,2445481,0,0
"U(0.0001,0.01), eps=1e-06",0.0001,0.01,1e-06,383940518,re_fixed,0.5568,4080,{},1,2445481,0,0
"U(0.0001,0.01), eps=1e-06",0.0001,0.01,1e-06,383940518,linear_fixed,0.46235,358,"{'lookback_window': 5, 'safeguard': 1, 'inc': 5}",1,2445481,0,0
"U(0.0001,0.01), eps=1e-06",0.0001,0.01,1e-06,463129222,binary_deep,0.595,175499,{'conf': 0.5},1,2949867,0,0
"U(0.0001,0.01), eps=1e-06",0.0001,0.01,1e-06,463129222,re_fixed,0.59435,5463,{},1,2949867,0,0
"U(0.0001,0.01), eps=1e-06",0.0001,0.01,1e-06,463129222,linear_fixed,0.50375,387,"{'lookback_window': 5, 'safeguard': 2, 'inc': 5}",1,2949867,0,0
"U(0.0001,0.01), eps=1e-06",0.0001,0.01,1e-06,673873936,binary_deep,0.674,97747,{'conf': 0.5},1,4292190,0,0
"U(0.0001,0.01), eps=1e-06",0.0001,0.01,1e-06,673873936,re_fixed,0.678,10896,{},1,4292190,0,0
"U(0.0001,0.01), eps=1e-06",0.0001,0.01,1e-06,673873936,linear_fixed,0.5897,1568,"{'lookback_window': 5, 'safeguard': 2, 'inc': 5}",1,4292190,0,0
"U(0.0001,0.01), eps=1e-06",0.0001,0.01,1e-06,812862141,binary_deep,0.6929,1023,{'conf': 0.6},1,5177465,0,0
"U(0.0001,0.01), eps=1e-06",0.0001,0.01,1e-06,812862141,re_fixed,0.71715,12213,{},1,5177465,0,0
"U(0.0001,0.01), eps=1e-06",0.0001,0.01,1e-06,812862141,linear_fixed,0.5987,609,"{'lookback_window': 5, 'safeguard': 1, 'inc': 2}",1,5177465,0,0
"U(0.0001,0.01), eps=1e-06",0.0001,0.01,1e-06,1182751130,binary_deep,0.7749,2439,{'conf': 0.5},1,7533446,0,0
"U(0.0001,0.01), eps=1e-06",0.0001,0.01,1e-06,1182751130,re_fixed,0.78535,4855,{},1,7533446,0,0
"U(0.0001,0.01), eps=1e-06",0.0001,0.01,1e-06,1182751130,linear_fixed,0.72265,1618,"{'lookback_window': 5, 'safeguard': 2, 'inc': 5}",1,7533446,0,0
"U(0.0001,0.01), eps=1e-06",0.0001,0.01,1e-06,1720956316,binary_deep,0.843,1150,{'conf': 0.5},1,10961505,0,0
"U(0.0001,0.01), eps=1e-06",0.0001,0.01,1e-06,1720956316,re_fixed,0.8552,12288,{},1,10961505,0,0
"U(0.0001,0.01), eps=1e-06",0.0001,0.01,1e-06,1720956316,linear_fixed,0.7905,259,"{'lookback_window': 5, 'safeguard': 2, 'inc': 5}",1,10961505,0,0
"U(0.0001,0.01), eps=1e-06",0.0001,0.01,1e-06,2075907911,binary_deep,0.88565,297067,{'conf': 0.5},1,13222343,0,0
"U(0.0001,0.01), eps=1e-06",0.0001,0.01,1e-06,2075907911,re_fixed,0.885,13347,{},1,13222343,0,0
"U(0.0001,0.01), eps=1e-06",0.0001,0.01,1e-06,2075907911,linear_fixed,0.83505,594,"{'lookback_window': 5, 'safeguard': 2, 'inc': 5}",1,13222343,0,0
"U(0.0001,0.01), eps=1e-06",0.0001,0.01,1e-06,3020539774,binary_deep,0.9281,1850,{'conf': 0.5},1,19239106,0,0
"U(0.0001,0.01), eps=1e-06",0.0001,0.01,1e-06,3020539774,re_fixed,0.93295,121041,{},1,19239106,0,0
"U(0.0001,0.01), eps=1e-06",0.0001,0.01,1e-06,3020539774,linear_fixed,0.89595,423,"{'lookback_window': 5, 'safeguard': 2, 'inc': 5}",1,19239106,0,0
"U(0.0001,0.01), eps=1e-06",0.0001,0.01,1e-06,4395021800,binary_deep,0.9663,709398,{'conf': 0.5},1,27993769,0,0
"U(0.0001,0.01), eps=1e-06",0.0001,0.01,1e-06,4395021800,re_fixed,0.96755,16187,{},1,27993769,0,0
"U(0.0001,0.01), eps=1e-06",0.0001,0.01,1e-06,4395021800,linear_fixed,0.942,302,"{'lookback_window': 5, 'safeguard': 2, 'inc': 2}",1,27993769,0,0
"U(0.0001,0.1), eps=1e-04",0.0001,0.1,0.0001,89653,binary_deep,0.2791,628,{'conf': 0.5},1,5976,0,0
"U(0.0001,0.1), eps=1e-04",0.0001,0.1,0.0001,89653,re_fixed,0.27435,144,{},1,5976,0,0
"U(0.0001,0.1), eps=1e-04",0.0001,0.1,0.0001,89653,linear_fixed,0.20225,2,"{'lookback_window': 1, 'safeguard': 1, 'inc': 5}",1,5976,1,0
"U(0.0001,0.1), eps=1e-04",0.0001,0.1,0.0001,108144,binary_deep,0.30865,484,{'conf': 0.5},1,7209,0,0
"U(0.0001,0.1), eps=1e-04",0.0001,0.1,0.0001,108144,re_fixed,0.308,323,{},1,7209,0,0
"U(0.0001,0.1), eps=1e-04",0.0001,0.1,0.0001,108144,linear_fixed,0.22245,2,"{'lookback_window': 1, 'safeguard': 1, 'inc': 5}",1,7209,1,0
"U(0.0001,0.1), eps=1e-04",0.0001,0.1,0.0001,157355,binary_deep,0.3703,468,{'conf': 0.5},1,10490,0,0
"U(0.0001,0.1), eps=1e-04",0.0001,0.1,0.0001,157355,re_fixed,0.37305,332,{},1,10490,0,0
"U(0.0001,0.1), eps=1e-04",0.0001,0.1,0.0001,157355,linear_fixed,0.28385,37,"{'lookback_window': 5, 'safeguard': 2, 'inc': 5}",1,10490,0,0
"U(0.0001,0.1), eps=1e-04",0.0001,0.1,0.0001,189810,binary_deep,0.40225,375,{'conf': 0.5},1,12654,0,0
"U(0.0001,0.1), eps=1e-04",0.0001,0.1,0.0001,189810,re_fixed,0.40315,996,{},1,12654,0,0
"U(0.0001,0.1), eps=1e-04",0.0001,0.1,0.0001,189810,linear_fixed,0.30435,36,"{'lookback_window': 5, 'safeguard': 2, 'inc': 2}",1,12654,0,0
"U(0.0001,0.1), eps=1e-04",0.0001,0.1,0.0001,276182,binary_deep,0.4781,563,{'conf': 0.5},1,18412,0,0
"U(0.0001,0.1), eps=1e-04",0.0001,0.1,0.0001,276182,re_fixed,0.47395,625,{},1,18412,0,0
"U(0.0001,0.1), eps=1e-04",0.0001,0.1,0.0001,276182,linear_fixed,0.3786,22,"{'lookback_window': 5, 'safeguard': 2, 'inc': 2}",1,18412,0,0
"U(0.0001,0.1), eps=1e-04",0.0001,0.1,0.0001,401857,binary_deep,0.5568,743,{'conf': 0.5},1,26790,0,0
"U(0.0001,0.1), eps=1e-04",0.0001,0.1,0.0001,401857,re_fixed,0.5534,801,{},1,26790,0,0
"U(0.0001,0.1), eps=1e-04",0.0001,0.1,0.0001,401857,linear_fixed,0.45265,22,"{'lookback_window': 5, 'safeguard': 2, 'inc': 2}",1,26790,0,0
"U(0.0001,0.1), eps=1e-04",0.0001,0.1,0.0001,484741,binary_deep,0.5877,357,{'conf': 0.5},1,32316,0,0
"U(0.0001,0.1), eps=1e-04",0.0001,0.1,0.0001,484741,re_fixed,0.58945,692,{},1,32316,0,0
"U(0.0001,0.1), eps=1e-04",0.0001,0.1,0.0001,484741,linear_fixed,0.49265,50,"{'lookback_window': 5, 'safeguard': 2, 'inc': 5}",1,32316,0,0
"U(0.0001,0.1), eps=1e-04",0.0001,0.1,0.0001,705321,binary_deep,0.6714,874,{'conf': 0.5},1,47021,0,0
"U(0.0001,0.1), eps=1e-04",0.0001,0.1,0.0001,705321,re_fixed,0.6694,894,{},1,47021,0,0
"U(0.0001,0.1), eps=1e-04",0.0001,0.1,0.0001,705321,linear_fixed,0.57695,57,"{'lookback_window': 5, 'safeguard': 2, 'inc': 2}",1,47021,0,0
"U(0.0001,0.1), eps=1e-04",0.0001,0.1,0.0001,850795,binary_deep,0.7018,301,{'conf': 0.5},1,56719,0,0
"U(0.0001,0.1), eps=1e-04",0.0001,0.1,0.0001,850795,re_fixed,0.71045,2027,{},1,56719,0,0
"U(0.0001,0.1), eps=1e-04",0.0001,0.1,0.0001,850795,linear_fixed,0.62325,47,"{'lookback_window': 5, 'safeguard': 2, 'inc': 2}",1,56719,0,0
"U(0.0001,0.1), eps=1e-04",0.0001,0.1,0.0001,1237946,binary_deep,0.7889,4305,{'conf': 0.5},1,82529,0,0
"U(0.0001,0.1), eps=1e-04",0.0001,0.1,0.0001,1237946,re_fixed,0.78865,4305,{},1,82529,0,0
"U(0.0001,0.1), eps=1e-04",0.0001,0.1,0.0001,1237946,linear_fixed,0.6965,108,"{'lookback_window': 5, 'safeguard': 1, 'inc': 2}",1,82529,0,0
"U(0.0001,0.1), eps=1e-04",0.0001,0.1,0.0001,1801267,binary_deep,0.85365,936,{'conf': 0.5},1,120084,0,0
"U(0.0001,0.1), eps=1e-04",0.0001,0.1,0.0001,1801267,re_fixed,0.8522,5679,{},1,120084,0,0
"U(0.0001,0.1), eps=1e-04",0.0001,0.1,0.0001,1801267,linear_fixed,0.78665,107,"{'lookback_window': 5, 'safeguard': 1, 'inc': 2}",1,120084,0,0
"U(0.0001,0.1), eps=1e-04",0.0001,0.1,0.0001,2172783,binary_deep,0.88515,4341,{'conf': 0.5},1,144852,0,0
"U(0.0001,0.1), eps=1e-04",0.0001,0.1,0.0001,2172783,re_fixed,0.8818,973,{},1,144852,0,0
"U(0.0001,0.1), eps=1e-04",0.0001,0.1,0.0001,2172783,linear_fixed,0.82195,165,"{'lookback_window': 5, 'safeguard': 2, 'inc': 2}",1,144852,0,0
"U(0.0001,0.1), eps=1e-04",0.0001,0.1,0.0001,3161498,binary_deep,0.93665,5052,{'conf': 0.5},1,210766,0,0
"U(0.0001,0.1), eps=1e-04",0.0001,0.1,0.0001,3161498,re_fixed,0.9294,1021,{},1,210766,0,0
"U(0.0001,0.1), eps=1e-04",0.0001,0.1,0.0001,3161498,linear_fixed,0.8894,192,"{'lookback_window': 5, 'safeguard': 1, 'inc': 2}",1,210766,0,0
"U(0.0001,0.1), eps=1e-04",0.0001,0.1,0.0001,4600122,binary_deep,0.9679,8262,{'conf': 0.5},1,306674,0,0
"U(0.0001,0.1), eps=1e-04",0.0001,0.1,0.0001,4600122,re_fixed,0.966,968,{},1,306674,0,0
"U(0.0001,0.1), eps=1e-04",0.0001,0.1,0.0001,4600122,linear_fixed,0.9339,144,"{'lookback_window': 5, 'safeguard': 2, 'inc': 2}",1,306674,0,0
"U(0.0001,0.1), eps=1e-06",0.0001,0.1,1e-06,896533333,binary_deep,0.3198,148578,{'conf': 0.5},1,59768888,0,0
"U(0.0001,0.1), eps=1e-06",0.0001,0.1,1e-06,896533333,re_fixed,0.3193,767804,{},1,59768888,0,0
"U(0.0001,0.1), eps=1e-06",0.0001,0.1,1e-06,896533333,linear_fixed,0.2641,2128,"{'lookback_window': 5, 'safeguard': 1, 'inc': 2}",1,59768888,0,0
"U(0.0001,0.1), eps=1e-06",0.0001,0.1,1e-06,1081445601,binary_deep,0.34875,464579,{'conf': 0.5},1,72096373,0,0
"U(0.0001,0.1), eps=1e-06",0.0001,0.1,1e-06,1081445601,re_fixed,0.33985,6574,{},1,72096373,0,0
"U(0.0001,0.1), eps=1e-06",0.0001,0.1,1e-06,1081445601,linear_fixed,0.2847,12962,"{'lookback_window': 5, 'safeguard': 0, 'inc': 2}",1,72096373,0,0
"U(0.0001,0.1), eps=1e-06",0.0001,0.1,1e-06,1573552196,binary_deep,0.4057,478655,{'conf': 0.5},1,104903479,0,0
"U(0.0001,0.1), eps=1e-06",0.0001,0.1,1e-06,1573552196,re_fixed,0.407,603067,{},1,104903479,0,0
"U(0.0001,0.1), eps=1e-06",0.0001,0.1,1e-06,1573552196,linear_fixed,0.342,11941,"{'lookback_window': 5, 'safeguard': 0, 'inc': 2}",1,104903479,0,0
"U(0.0001,0.1), eps=1e-06",0.0001,0.1,1e-06,1898101319,binary_deep,0.43895,545350,{'conf': 0.5},1,126540087,0,0
"U(0.0001,0.1), eps=1e-06",0.0001,0.1,1e-06,1898101319,re_fixed,0.4382,545350,{},1,126540087,0,0
"U(0.0001,0.1), eps=1e-06",0.0001,0.1,1e-06,1898101319,linear_fixed,0.36715,16628,"{'lookback_window': 5, 'safeguard': 0, 'inc': 2}",1,126540087,0,0
"U(0.0001,0.1), eps=1e-06",0.0001,0.1,1e-06,2761823151,binary_deep,0.5059,1285258,{'conf': 0.5},1,184121543,0,0
"U(0.0001,0.1), eps=1e-06",0.0001,0.1,1e-06,2761823151,re_fixed,0.5004,7844,{},1,184121543,0,0
"U(0.0001,0.1), eps=1e-06",0.0001,0.1,1e-06,2761823151,linear_fixed,0.4382,7194,"{'lookback_window': 5, 'safeguard': 0, 'inc': 2}",1,184121543,0,0
"U(0.0001,0.1), eps=1e-06",0.0001,0.1,1e-06,4018577429,binary_deep,0.5786,918938,{'conf': 0.5},1,267905161,0,0
"U(0.0001,0.1), eps=1e-06",0.0001,0.1,1e-06,4018577429,re_fixed,0.57555,146221,{},1,267905161,0,0
"U(0.0001,0.1), eps=1e-06",0.0001,0.1,1e-06,4018577429,linear_fixed,0.51105,10798,"{'lookback_window': 5, 'safeguard': 0, 'inc': 2}",1,267905161,0,0
"U(0.0001,0.1), eps=1e-06",0.0001,0.1,1e-06,4847419193,binary_deep,0.61445,1438231,{'conf': 0.5},1,323161279,0,0
"U(0.0001,0.1), eps=1e-06",0.0001,0.1,1e-06,4847419193,re_fixed,0.61415,162570,{},1,323161279,0,0
"U(0.0001,0.1), eps=1e-06",0.0001,0.1,1e-06,4847419193,linear_fixed,0.5513,11786,"{'lookback_window': 5, 'safeguard': 1, 'inc': 2}",1,323161279,0,0
"U(0.0001,0.1), eps=1e-06",0.0001,0.1,1e-06,7053213870,binary_deep,0.6895,2157402,{'conf': 0.5},1,470214258,0,0
"U(0.0001,0.1), eps=1e-06",0.0001,0.1,1e-06,7053213870,re_fixed,0.69335,1285072,{},1,470214258,0,0
"U(0.0001,0.1), eps=1e-06",0.0001,0.1,1e-06,7053213870,linear_fixed,0.6292,13289,"{'lookback_window': 5, 'safeguard': 0, 'inc': 2}",1,470214258,0,0
"U(0.0001,0.1), eps=1e-06",0.0001,0.1,1e-06,8507957079,binary_deep,0.72645,1229006,{'conf': 0.5},1,567197138,0,0
"U(0.0001,0.1), eps=1e-06",0.0001,0.1,1e-06,8507957079,re_fixed,0.7277,22166,{},1,567197138,0,0
"U(0.0001,0.1), eps=1e-06",0.0001,0.1,1e-06,8507957079,linear_fixed,0.6679,23314,"{'lookback_window': 5, 'safeguard': 0, 'inc': 2}",1,567197138,0,0
"U(0.0001,0.1), eps=1e-06",0.0001,0.1,1e-06,12379461831,binary_deep,0.80065,3895275,{'conf': 0.5},1,825297455,0,0
"U(0.0001,0.1), eps=1e-06",0.0001,0.1,1e-06,12379461831,re_fixed,0.7959,28278,{},1,825297455,0,0
"U(0.0001,0.1), eps=1e-06",0.0001,0.1,1e-06,12379461831,linear_fixed,0.7347,282038,"{'lookback_window': 5, 'safeguard': 0, 'inc': 5}",1,825297455,0,0
"U(0.0001,0.1), eps=1e-06",0.0001,0.1,1e-06,18012676110,binary_deep,0.86465,8158527,{'conf': 0.5},1,1200845074,0,0
"U(0.0001,0.1), eps=1e-06",0.0001,0.1,1e-06,18012676110,re_fixed,0.86105,8729,{},1,1200845074,0,0
"U(0.0001,0.1), eps=1e-06",0.0001,0.1,1e-06,18012676110,linear_fixed,0.81225,280344,"{'lookback_window': 5, 'safeguard': 0, 'inc': 5}",1,1200845074,0,0
"U(0.0001,0.1), eps=1e-06",0.0001,0.1,1e-06,21727836139,binary_deep,0.8937,5903623,{'conf': 0.5},1,1448522409,0,0
"U(0.0001,0.1), eps=1e-06",0.0001,0.1,1e-06,21727836139,re_fixed,0.89085,3719049,{},1,1448522409,0,0
"U(0.0001,0.1), eps=1e-06",0.0001,0.1,1e-06,21727836139,linear_fixed,0.85685,197636,"{'lookback_window': 5, 'safeguard': 0, 'inc': 1}",1,1448522409,0,0
"U(0.0001,0.1), eps=1e-06",0.0001,0.1,1e-06,31614982969,binary_deep,0.9404,4907032,{'conf': 0.5},1,2107665531,0,0
"U(0.0001,0.1), eps=1e-06",0.0001,0.1,1e-06,31614982969,re_fixed,0.9367,1947357,{},1,2107665531,0,0
"U(0.0001,0.1), eps=1e-06",0.0001,0.1,1e-06,31614982969,linear_fixed,0.907,1282,"{'lookback_window': 5, 'safeguard': 1, 'inc': 1}",1,2107665531,0,0
"U(0.0001,0.1), eps=1e-06",0.0001,0.1,1e-06,46001228182,binary_deep,0.97175,6474494,{'conf': 0.5},1,3066748545,0,0
"U(0.0001,0.1), eps=1e-06",0.0001,0.1,1e-06,46001228182,re_fixed,0.96745,2045,{},1,3066748545,0,0
"U(0.0001,0.1), eps=1e-06",0.0001,0.1,1e-06,46001228182,linear_fixed,0.9491,1152,"{'lookback_window': 5, 'safeguard': 1, 'inc': 1}",1,3066748545,0,0
"U(0.001,0.01), eps=1e-03",0.001,0.01,0.001,3643,binary_deep,0.82195,5,{'conf': 0.5},1,23,0,0
"U(0.001,0.01), eps=1e-03",0.001,0.01,0.001,3643,re_fixed,0.75785,2,{},1,23,0,0
"U(0.001,0.01), eps=1e-03",0.001,0.01,0.001,3643,linear_fixed,0.75325,1,"{'lookback_window': 1, 'safeguard': 0, 'inc': 5}",1,23,1,0
"U(0.001,0.01), eps=1e-03",0.001,0.01,0.001,4395,binary_deep,0.86475,5,{'conf': 0.5},1,27,0,0
"U(0.001,0.01), eps=1e-03",0.001,0.01,0.001,4395,re_fixed,0.81395,4,{},1,27,0,0
"U(0.001,0.01), eps=1e-03",0.001,0.01,0.001,4395,linear_fixed,0.81095,1,"{'lookback_window': 1, 'safeguard': 0, 'inc': 5}",1,27,1,0
"U(0.001,0.01), eps=1e-03",0.001,0.01,0.001,5301,binary_deep,0.89585,7,{'conf': 0.5},1,33,0,0
"U(0.001,0.01), eps=1e-03",0.001,0.01,0.001,5301,re_fixed,0.86425,5,{},1,33,0,0
"U(0.001,0.01), eps=1e-03",0.001,0.01,0.001,5301,linear_fixed,0.85815,1,"{'lookback_window': 1, 'safeguard': 2, 'inc': 5}",1,33,1,0
"U(0.001,0.01), eps=1e-03",0.001,0.01,0.001,6394,binary_deep,0.93025,7,{'conf': 0.5},1,40,0,0
"U(0.001,0.01), eps=1e-03",0.001,0.01,0.001,6394,re_fixed,0.89325,1,{},1,40,1,0
"U(0.001,0.01), eps=1e-03",0.001,0.01,0.001,6394,linear_fixed,0.9023,1,"{'lookback_window': 1, 'safeguard': 0, 'inc': 5}",1,40,1,0
"U(0.001,0.01), eps=1e-03",0.001,0.01,0.001,7713,binary_deep,0.95225,9,{'conf': 0.5},1,49,0,0
"U(0.001,0.01), eps=1e-03",0.001,0.01,0.001,7713,re_fixed,0.93495,5,{},1,49,0,0
"U(0.001,0.01), eps=1e-03",0.001,0.01,0.001,7713,linear_fixed,0.9344,1,"{'lookback_window': 1, 'safeguard': 2, 'inc': 5}",1,49,1,0
"U(0.001,0.01), eps=1e-03",0.001,0.01,0.001,9304,binary_deep,0.96825,12,{'conf': 0.5},1,59,0,0
"U(0.001,0.01), eps=1e-03",0.001,0.01,0.001,9304,re_fixed,0.9599,6,{},1,59,0,0
"U(0.001,0.01), eps=1e-03",0.001,0.01,0.001,9304,linear_fixed,0.96125,1,"{'lookback_window': 1, 'safeguard': 0, 'inc': 5}",1,59,1,0
"U(0.001,0.01), eps=1e-03",0.001,0.01,0.001,11224,binary_deep,0.98275,13,{'conf': 0.5},1,71,0,0
"U(0.001,0.01), eps=1e-03",0.001,0.01,0.001,11224,re_fixed,0.97435,4,{},1,71,1,0
"U(0.001,0.01), eps=1e-03",0.001,0.01,0.001,11224,linear_fixed,0.9776,1,"{'lookback_window': 1, 'safeguard': 2, 'inc': 5}",1,71,1,0
"U(0.001,0.01), eps=1e-04",0.001,0.01,0.0001,8565,binary_deep,0.1927,9,{'conf': 0.5},1,54,0,0
"U(0.001,0.01), eps=1e-04",0.001,0.01,0.0001,8565,re_fixed,0.17465,2,{},1,54,0,0
"U(0.001,0.01), eps=1e-04",0.001,0.01,0.0001,8565,linear_fixed,0.16605,2,"{'lookback_window': 1, 'safeguard': 0, 'inc': 5}",1,54,0,0
"U(0.001,0.01), eps=1e-04",0.001,0.01,0.0001,10332,binary_deep,0.2114,12,{'conf': 0.5},1,65,0,0
"U(0.001,0.01), eps=1e-04",0.001,0.01,0.0001,10332,re_fixed,0.209,7,{},1,65,0,0
"U(0.001,0.01), eps=1e-04",0.001,0.01,0.0001,10332,linear_fixed,0.1947,1,"{'lookback_window': 1, 'safeguard': 0, 'inc': 5}",1,65,1,0
"U(0.001,0.01), eps=1e-04",0.001,0.01,0.0001,15033,binary_deep,0.25665,18,{'conf': 0.5},1,95,0,0
"U(0.001,0.01), eps=1e-04",0.001,0.01,0.0001,15033,re_fixed,0.2564,5,{},1,95,0,0
"U(0.001,0.01), eps=1e-04",0.001,0.01,0.0001,15033,linear_fixed,0.23825,1,"{'lookback_window': 1, 'safeguard': 0, 'inc': 5}",1,95,0,0
"U(0.001,0.01), eps=1e-04",0.001,0.01,0.0001,21875,binary_deep,0.3197,23,{'conf': 0.5},1,139,0,0
"U(0.001,0.01), eps=1e-04",0.001,0.01,0.0001,21875,re_fixed,0.32445,20,{},1,139,0,0
"U(0.001,0.01), eps=1e-04",0.001,0.01,0.0001,21875,linear_fixed,0.2883,1,"{'lookback_window': 1, 'safeguard': 0, 'inc': 5}",1,139,1,0
"U(0.001,0.01), eps=1e-04",0.001,0.01,0.0001,26386,binary_deep,0.3567,27,{'conf': 0.5},1,168,0,0
"U(0.001,0.01), eps=1e-04",0.001,0.01,0.0001,26386,re_fixed,0.3516,34,{},1,168,0,0
"U(0.001,0.01), eps=1e-04",0.001,0.01,0.0001,26386,linear_fixed,0.31855,1,"{'lookback_window': 1, 'safeguard': 0, 'inc': 5}",1,168,1,0
"U(0.001,0.01), eps=1e-04",0.001,0.01,0.0001,38394,binary_deep,0.42525,44,{'conf': 0.5},1,244,0,0
"U(0.001,0.01), eps=1e-04",0.001,0.01,0.0001,38394,re_fixed,0.436,36,{},1,244,0,0
"U(0.001,0.01), eps=1e-04",0.001,0.01,0.0001,38394,linear_fixed,0.37085,1,"{'lookback_window': 1, 'safeguard': 0, 'inc': 1}",1,244,1,0
"U(0.001,0.01), eps=1e-04",0.001,0.01,0.0001,55865,binary_deep,0.51015,60,{'conf': 0.5},1,355,0,0
"U(0.001,0.01), eps=1e-04",0.001,0.01,0.0001,55865,re_fixed,0.52365,27,{},1,355,0,0
"U(0.001,0.01), eps=1e-04",0.001,0.01,0.0001,55865,linear_fixed,0.4408,1,"{'lookback_window': 5, 'safeguard': 2, 'inc': 5}",1,355,0,0
"U(0.001,0.01), eps=1e-04",0.001,0.01,0.0001,67387,binary_deep,0.55445,67,{'conf': 0.5},1,429,0,0
"U(0.001,0.01), eps=1e-04",0.001,0.01,0.0001,67387,re_fixed,0.5721,39,{},1,429,0,0
"U(0.001,0.01), eps=1e-04",0.001,0.01,0.0001,67387,linear_fixed,0.4834,1,"{'lookback_window': 5, 'safeguard': 2, 'inc': 5}",1,429,1,0
"U(0.001,0.01), eps=1e-04",0.001,0.01,0.0001,98051,binary_deep,0.6283,154,{'conf': 0.5},1,624,0,0
"U(0.001,0.01), eps=1e-04",0.001,0.01,0.0001,98051,re_fixed,0.6627,62,{},1,624,0,0
"U(0.001,0.01), eps=1e-04",0.001,0.01,0.0001,98051,linear_fixed,0.56435,1,"{'lookback_window': 5, 'safeguard': 2, 'inc': 1}",1,624,1,0
"U(0.001,0.01), eps=1e-04",0.001,0.01,0.0001,142669,binary_deep,0.7335,153,{'conf': 0.5},1,908,0,0
"U(0.001,0.01), eps=1e-04",0.001,0.01,0.0001,142669,re_fixed,0.74845,79,{},1,908,0,0
"U(0.001,0.01), eps=1e-04",0.001,0.01,0.0001,142669,linear_fixed,0.66645,1,"{'lookback_window': 5, 'safeguard': 2, 'inc': 1}",1,908,1,0
"U(0.001,0.01), eps=1e-04",0.001,0.01,0.0001,172095,binary_deep,0.7777,175,{'conf': 0.5},1,1096,0,0
"U(0.001,0.01), eps=1e-04",0.001,0.01,0.0001,172095,re_fixed,0.78905,76,{},1,1096,0,0
"U(0.001,0.01), eps=1e-04",0.001,0.01,0.0001,172095,linear_fixed,0.6944,6,"{'lookback_window': 2, 'safeguard': 2, 'inc': 5}",1,1096,0,0
"U(0.001,0.01), eps=1e-04",0.001,0.01,0.0001,250406,binary_deep,0.85245,253,{'conf': 0.5},1,1594,0,0
"U(0.001,0.01), eps=1e-04",0.001,0.01,0.0001,250406,re_fixed,0.8658,116,{},1,1594,0,0
"U(0.001,0.01), eps=1e-04",0.001,0.01,0.0001,250406,linear_fixed,0.8094,2,"{'lookback_window': 5, 'safeguard': 2, 'inc': 2}",1,1594,0,0
"U(0.001,0.01), eps=1e-04",0.001,0.01,0.0001,364353,binary_deep,0.91015,429,{'conf': 0.5},1,2320,0,0
"U(0.001,0.01), eps=1e-04",0.001,0.01,0.0001,364353,re_fixed,0.9227,215,{},1,2320,0,0
"U(0.001,0.01), eps=1e-04",0.001,0.01,0.0001,364353,linear_fixed,0.88285,1,"{'lookback_window': 5, 'safeguard': 1, 'inc': 1}",1,2320,1,0
"U(0.001,0.01), eps=1e-04",0.001,0.01,0.0001,530150,binary_deep,0.9553,576,{'conf': 0.5},1,3376,0,0
"U(0.001,0.01), eps=1e-04",0.001,0.01,0.0001,530150,re_fixed,0.965,55,{},1,3376,0,0
"U(0.001,0.01), eps=1e-04",0.001,0.01,0.0001,530150,linear_fixed,0.93765,1,"{'lookback_window': 5, 'safeguard': 2, 'inc': 1}",1,3376,0,0
"U(0.001,0.01), eps=1e-05",0.001,0.01,1e-05,856560,binary_deep,0.23375,969,{'conf': 0.5},1,5455,0,0
"U(0.001,0.01), eps=1e-05",0.001,0.01,1e-05,856560,re_fixed,0.2483,66,{},1,5455,0,0
"U(0.001,0.01), eps=1e-05",0.001,0.01,1e-05,856560,linear_fixed,0.20465,6,"{'lookback_window': 5, 'safeguard': 2, 'inc': 5}",1,5455,0,0
"U(0.001,0.01), eps=1e-05",0.001,0.01,1e-05,1033228,binary_deep,0.2548,1131,{'conf': 0.5},1,6581,0,0
"U(0.001,0.01), eps=1e-05",0.001,0.01,1e-05,1033228,re_fixed,0.2741,84,{},1,6581,0,0
"U(0.001,0.01), eps=1e-05",0.001,0.01,1e-05,1033228,linear_fixed,0.22555,6,"{'lookback_window': 5, 'safeguard': 1, 'inc': 5}",1,6581,0,0
"U(0.001,0.01), eps=1e-05",0.001,0.01,1e-05,1503393,binary_deep,0.29805,21,{'conf': 0.8},1,9575,0,0
"U(0.001,0.01), eps=1e-05",0.001,0.01,1e-05,1503393,re_fixed,0.33785,561,{},1,9575,0,0
"U(0.001,0.01), eps=1e-05",0.001,0.01,1e-05,1503393,linear_fixed,0.2692,6,"{'lookback_window': 5, 'safeguard': 2, 'inc': 5}",1,9575,0,0
"U(0.001,0.01), eps=1e-05",0.001,0.01,1e-05,1813472,binary_deep,0.3283,36,{'conf': 0.7},1,11550,0,0
"U(0.001,0.01), eps=1e-05",0.001,0.01,1e-05,1813472,re_fixed,0.35935,148,{},1,11550,0,0
"U(0.001,0.01), eps=1e-05",0.001,0.01,1e-05,1813472,linear_fixed,0.2897,5,"{'lookback_window': 5, 'safeguard': 1, 'inc': 5}",1,11550,0,0
"U(0.001,0.01), eps=1e-05",0.001,0.01,1e-05,2638684,binary_deep,0.3948,67,{'conf': 0.8},1,16806,0,0
"U(0.001,0.01), eps=1e-05",0.001,0.01,1e-05,2638684,re_fixed,0.43445,403,{},1,16806,0,0
"U(0.001,0.01), eps=1e-05",0.001,0.01,1e-05,2638684,linear_fixed,0.3581,19,"{'lookback_window': 5, 'safeguard': 2, 'inc': 5}",1,16806,0,0
"U(0.001,0.01), eps=1e-05",0.001,0.01,1e-05,3839405,binary_deep,0.47,63,{'conf': 0.7},1,24454,0,0
"U(0.001,0.01), eps=1e-05",0.001,0.01,1e-05,3839405,re_fixed,0.51125,467,{},1,24454,0,0
"U(0.001,0.01), eps=1e-05",0.001,0.01,1e-05,3839405,linear_fixed,0.41985,29,"{'lookback_window': 5, 'safeguard': 1, 'inc': 5}",1,24454,0,0
"U(0.001,0.01), eps=1e-05",0.001,0.01,1e-05,4631292,binary_deep,0.5151,68,{'conf': 0.8},1,29498,0,0
"U(0.001,0.01), eps=1e-05",0.001,0.01,1e-05,4631292,re_fixed,0.54585,525,{},1,29498,0,0
"U(0.001,0.01), eps=1e-05",0.001,0.01,1e-05,4631292,linear_fixed,0.4595,17,"{'lookback_window': 5, 'safeguard': 1, 'inc': 5}",1,29498,0,0
"U(0.001,0.01), eps=1e-05",0.001,0.01,1e-05,6738739,binary_deep,0.5961,102,{'conf': 0.9},1,42921,0,0
"U(0.001,0.01), eps=1e-05",0.001,0.01,1e-05,6738739,re_fixed,0.6343,1055,{},1,42921,0,0
"U(0.001,0.01), eps=1e-05",0.001,0.01,1e-05,6738739,linear_fixed,0.5449,17,"{'lookback_window': 5, 'safeguard': 2, 'inc': 5}",1,42921,0,0
"U(0.001,0.01), eps=1e-05",0.001,0.01,1e-05,8128621,binary_deep,0.64525,142,{'conf': 0.8},1,51774,0,0
"U(0.001,0.01), eps=1e-05",0.001,0.01,1e-05,8128621,re_fixed,0.6769,1222,{},1,51774,0,0
"U(0.001,0.01), eps=1e-05",0.001,0.01,1e-05,8128621,linear_fixed,0.57345,17,"{'lookback_window': 5, 'safeguard': 1, 'inc': 5}",1,51774,0,0
"U(0.001,0.01), eps=1e-05",0.001,0.01,1e-05,11827511,binary_deep,0.72795,65,{'conf': 0.6},1,75334,0,0
"U(0.001,0.01), eps=1e-05",0.001,0.01,1e-05,11827511,re_fixed,0.75885,2404,{},1,75334,0,0
"U(0.001,0.01), eps=1e-05",0.001,0.01,1e-05,11827511,linear_fixed,0.68695,89,"{'lookback_window': 5, 'safeguard': 2, 'inc': 5}",1,75334,0,0
"U(0.001,0.01), eps=1e-05",0.001,0.01,1e-05,17209563,binary_deep,0.8132,212,{'conf': 0.8},1,109615,0,0
"U(0.001,0.01), eps=1e-05",0.001,0.01,1e-05,17209563,re_fixed,0.8369,2019,{},1,109615,0,0
"U(0.001,0.01), eps=1e-05",0.001,0.01,1e-05,17209563,linear_fixed,0.7621,32,"{'lookback_window': 5, 'safeguard': 2, 'inc': 2}",1,109615,0,0
"U(0.001,0.01), eps=1e-05",0.001,0.01,1e-05,20759079,binary_deep,0.8499,234,{'conf': 0.5},1,132223,0,0
"U(0.001,0.01), eps=1e-05",0.001,0.01,1e-05,20759079,re_fixed,0.86825,1181,{},1,132223,0,0
"U(0.001,0.01), eps=1e-05",0.001,0.01,1e-05,20759079,linear_fixed,0.8175,88,"{'lookback_window': 5, 'safeguard': 2, 'inc': 5}",1,132223,0,0
"U(0.001,0.01), eps=1e-05",0.001,0.01,1e-05,30205397,binary_deep,0.9108,533,{'conf': 0.5},1,192391,0,0
"U(0.001,0.01), eps=1e-05",0.001,0.01,1e-05,30205397,re_fixed,0.9234,1344,{},1,192391,0,0
"U(0.001,0.01), eps=1e-05",0.001,0.01,1e-05,30205397,linear_fixed,0.87995,81,"{'lookback_window': 5, 'safeguard': 2, 'inc': 2}",1,192391,0,0
"U(0.001,0.01), eps=1e-05",0.001,0.01,1e-05,43950218,binary_deep,0.95515,401,{'conf': 0.7},1,279937,0,0
"U(0.001,0.01), eps=1e-05",0.001,0.01,1e-05,43950218,re_fixed,0.96055,506,{},1,279937,0,0
"U(0.001,0.01), eps=1e-05",0.001,0.01,1e-05,43950218,linear_fixed,0.9343,112,"{'lookback_window': 5, 'safeguard': 2, 'inc': 2}",1,279937,0,0
"U(0.001,0.01), eps=1e-06",0.001,0.01,1e-06,85656050,binary_deep,0.25895,1107,{'conf': 0.8},1,545579,0,0
"U(0.001,0.01), eps=1e-06",0.001,0.01,1e-06,85656050,re_fixed,0.2676,2463,{},1,545579,0,0
"U(0.001,0.01), eps=1e-06",0.001,0.01,1e-06,85656050,linear_fixed,0.226,248,"{'lookback_window': 5, 'safeguard': 1, 'inc': 5}",1,545579,0,0
"U(0.001,0.01), eps=1e-06",0.001,0.01,1e-06,103322828,binary_deep,0.28325,1085,{'conf': 0.9},1,658107,0,0
"U(0.001,0.01), eps=1e-06",0.001,0.01,1e-06,103322828,re_fixed,0.28815,1722,{},1,658107,0,0
"U(0.001,0.01), eps=1e-06",0.001,0.01,1e-06,103322828,linear_fixed,0.2527,133,"{'lookback_window': 5, 'safeguard': 2, 'inc': 5}",1,658107,0,0
"U(0.001,0.01), eps=1e-06",0.001,0.01,1e-06,150339381,binary_deep,0.34015,1319,{'conf': 0.8},1,957575,0,0
"U(0.001,0.01), eps=1e-06",0.001,0.01,1e-06,150339381,re_fixed,0.34895,5508,{},1,957575,0,0
"U(0.001,0.01), eps=1e-06",0.001,0.01,1e-06,150339381,linear_fixed,0.28985,1236,"{'lookback_window': 5, 'safeguard': 1, 'inc': 5}",1,957575,0,0
"U(0.001,0.01), eps=1e-06",0.001,0.01,1e-06,181347259,binary_deep,0.37115,1455,{'conf': 0.9},1,1155078,0,0
"U(0.001,0.01), eps=1e-06",0.001,0.01,1e-06,181347259,re_fixed,0.3784,11329,{},1,1155078,0,0
"U(0.001,0.01), eps=1e-06",0.001,0.01,1e-06,181347259,linear_fixed,0.3227,1069,"{'lookback_window': 5, 'safeguard': 2, 'inc': 5}",1,1155078,0,0
"U(0.001,0.01), eps=1e-06",0.001,0.01,1e-06,263868453,binary_deep,0.44045,949,{'conf': 0.9},1,1680690,0,0
"U(0.001,0.01), eps=1e-06",0.001,0.01,1e-06,263868453,re_fixed,0.45265,14468,{},1,1680690,0,0
"U(0.001,0.01), eps=1e-06",0.001,0.01,1e-06,263868453,linear_fixed,0.3862,1274,"{'lookback_window': 5, 'safeguard': 2, 'inc': 5}",1,1680690,0,0
"U(0.001,0.01), eps=1e-06",0.001,0.01,1e-06,383940518,binary_deep,0.5168,1619,{'conf': 0.8},1,2445481,0,0
"U(0.001,0.01), eps=1e-06",0.001,0.01,1e-06,383940518,re_fixed,0.53035,18478,{},1,2445481,0,0
"U(0.001,0.01), eps=1e-06",0.001,0.01,1e-06,383940518,linear_fixed,0.4553,212,"{'lookback_window': 5, 'safeguard': 2, 'inc': 5}",1,2445481,0,0
"U(0.001,0.01), eps=1e-06",0.001,0.01,1e-06,463129222,binary_deep,0.5568,1800,{'conf': 0.8},1,2949867,0,0
"U(0.001,0.01), eps=1e-06",0.001,0.01,1e-06,463129222,re_fixed,0.56725,16574,{},1,2949867,0,0
"U(0.001,0.01), eps=1e-06",0.001,0.01,1e-06,463129222,linear_fixed,0.4829,3555,"{'lookback_window': 5, 'safeguard': 1, 'inc': 5}",1,2949867,0,0
"U(0.001,0.01), eps=1e-06",0.001,0.01,1e-06,673873936,binary_deep,0.64045,1818,{'conf': 0.6},1,4292190,0,0
"U(0.001,0.01), eps=1e-06",0.001,0.01,1e-06,673873936,re_fixed,0.64375,155164,{},1,4292190,0,0
"U(0.001,0.01), eps=1e-06",0.001,0.01,1e-06,673873936,linear_fixed,0.5853,1244,"{'lookback_window': 5, 'safeguard': 2, 'inc': 5}",1,4292190,0,0
"U(0.001,0.01), eps=1e-06",0.001,0.01,1e-06,812862141,binary_deep,0.6782,7856,{'conf': 0.8},1,5177465,0,0
"U(0.001,0.01), eps=1e-06",0.001,0.01,1e-06,812862141,re_fixed,0.6839,179690,{},1,5177465,0,0
"U(0.001,0.01), eps=1e-06",0.001,0.01,1e-06,812862141,linear_fixed,0.62655,1219,"{'lookback_window': 5, 'safeguard': 2, 'inc': 5}",1,5177465,0,0
"U(0.001,0.01), eps=1e-06",0.001,0.01,1e-06,1182751130,binary_deep,0.76175,1543,{'conf': 0.8},1,7533446,0,0
"U(0.001,0.01), eps=1e-06",0.001,0.01,1e-06,1182751130,re_fixed,0.76965,15203,{},1,7533446,0,0
"U(0.001,0.01), eps=1e-06",0.001,0.01,1e-06,1182751130,linear_fixed,0.7105,784,"{'lookback_window': 5, 'safeguard': 2, 'inc': 5}",1,7533446,0,0
"U(0.001,0.01), eps=1e-06",0.001,0.01,1e-06,1720956316,binary_deep,0.8379,4708,{'conf': 0.6},1,10961505,0,0
"U(0.001,0.01), eps=1e-06",0.001,0.01,1e-06,1720956316,re_fixed,0.8403,12288,{},1,10961505,0,0
"U(0.001,0.01), eps=1e-06",0.001,0.01,1e-06,1720956316,linear_fixed,0.79715,3060,"{'lookback_window': 5, 'safeguard': 2, 'inc': 5}",1,10961505,0,0
"U(0.001,0.01), eps=1e-06",0.001,0.01,1e-06,2075907911,binary_deep,0.86735,2060,{'conf': 0.9},1,13222343,0,0
"U(0.001,0.01), eps=1e-06",0.001,0.01,1e-06,2075907911,re_fixed,0.8724,10594,{},1,13222343,0,0
"U(0.001,0.01), eps=1e-06",0.001,0.01,1e-06,2075907911,linear_fixed,0.83655,3341,"{'lookback_window': 5, 'safeguard': 2, 'inc': 5}",1,13222343,0,0
"U(0.001,0.01), eps=1e-06",0.001,0.01,1e-06,3020539774,binary_deep,0.92485,3837,{'conf': 0.7},1,19239106,0,0
"U(0.001,0.01), eps=1e-06",0.001,0.01,1e-06,3020539774,re_fixed,0.9261,13095,{},1,19239106,0,0
"U(0.001,0.01), eps=1e-06",0.001,0.01,1e-06,3020539774,linear_fixed,0.9043,2506,"{'lookback_window': 5, 'safeguard': 1, 'inc': 5}",1,19239106,0,0
"U(0.001,0.01), eps=1e-06",0.001,0.01,1e-06,4395021800,binary_deep,0.96175,28536,{'conf': 0.9},1,27993769,0,0
"U(0.001,0.01), eps=1e-06",0.001,0.01,1e-06,4395021800,re_fixed,0.9648,16187,{},1,27993769,0,0
"U(0.001,0.01), eps=1e-06",0.001,0.01,1e-06,4395021800,linear_fixed,0.93895,192,"{'lookback_window': 5, 'safeguard': 2, 'inc': 2}",1,27993769,0,0
"U(0.001,0.01), eps=1e-07",0.001,0.01,1e-07,8565605095,binary_deep,0.2712,23604,{'conf': 0.6},1,54557994,0,0
"U(0.001,0.01), eps=1e-07",0.001,0.01,1e-07,8565605095,re_fixed,0.27135,659008,{},1,54557994,0,0
"U(0.001,0.01), eps=1e-07",0.001,0.01,1e-07,8565605095,linear_fixed,0.23765,1243,"{'lookback_window': 5, 'safeguard': 2, 'inc': 5}",1,54557994,0,0
"U(0.001,0.01), eps=1e-07",0.001,0.01,1e-07,10332282821,binary_deep,0.2958,16532,{'conf': 0.5},1,65810718,0,0
"U(0.001,0.01), eps=1e-07",0.001,0.01,1e-07,10332282821,re_fixed,0.29655,600814,{},1,65810718,0,0
"U(0.001,0.01), eps=1e-07",0.001,0.01,1e-07,10332282821,linear_fixed,0.25075,3695,"{'lookback_window': 5, 'safeguard': 2, 'inc': 5}",1,65810718,0,0
"U(0.001,0.01), eps=1e-07",0.001,0.01,1e-07,15033938186,binary_deep,0.35235,22718,{'conf': 0.8},1,95757568,0,0
"U(0.001,0.01), eps=1e-07",0.001,0.01,1e-07,15033938186,re_fixed,0.35545,160366,{},1,95757568,0,0
"U(0.001,0.01), eps=1e-07",0.001,0.01,1e-07,15033938186,linear_fixed,0.305,725,"{'lookback_window': 5, 'safeguard': 2, 'inc': 5}",1,95757568,0,0
"U(0.001,0.01), eps=1e-07",0.001,0.01,1e-07,18134725979,binary_deep,0.38265,12808,{'conf': 0.8},1,115507808,0,0
"U(0.001,0.01), eps=1e-07",0.001,0.01,1e-07,18134725979,re_fixed,0.38365,161212,{},1,115507808,0,0
"U(0.001,0.01), eps=1e-07",0.001,0.01,1e-07,18134725979,linear_fixed,0.33185,7919,"{'lookback_window': 5, 'safeguard': 1, 'inc': 5}",1,115507808,0,0
"U(0.001,0.01), eps=1e-07",0.001,0.01,1e-07,26386845396,binary_deep,0.4512,72900,{'conf': 0.6},1,168069078,0,0
"U(0.001,0.01), eps=1e-07",0.001,0.01,1e-07,26386845396,re_fixed,0.44885,12327,{},1,168069078,0,0
"U(0.001,0.01), eps=1e-07",0.001,0.01,1e-07,26386845396,linear_fixed,0.3965,1101,"{'lookback_window': 5, 'safeguard': 2, 'inc': 5}",1,168069078,0,0
"U(0.001,0.01), eps=1e-07",0.001,0.01,1e-07,38394051873,binary_deep,0.52785,127631,{'conf': 0.6},1,244548101,0,0
"U(0.001,0.01), eps=1e-07",0.001,0.01,1e-07,38394051873,re_fixed,0.52705,12946,{},1,244548101,0,0
"U(0.001,0.01), eps=1e-07",0.001,0.01,1e-07,38394051873,linear_fixed,0.46635,3597,"{'lookback_window': 5, 'safeguard': 1, 'inc': 5}",1,244548101,0,0
"U(0.001,0.01), eps=1e-07",0.001,0.01,1e-07,46312922226,binary_deep,0.5676,71532,{'conf': 0.5},1,294986765,0,0
"U(0.001,0.01), eps=1e-07",0.001,0.01,1e-07,46312922226,re_fixed,0.5682,30637,{},1,294986765,0,0
"U(0.001,0.01), eps=1e-07",0.001,0.01,1e-07,46312922226,linear_fixed,0.50935,3076,"{'lookback_window': 5, 'safeguard': 2, 'inc': 5}",1,294986765,0,0
"U(0.001,0.01), eps=1e-07",0.001,0.01,1e-07,67387393667,binary_deep,0.6486,10673,{'conf': 0.5},1,429219067,0,0
"U(0.001,0.01), eps=1e-07",0.001,0.01,1e-07,67387393667,re_fixed,0.64895,16943,{},1,429219067,0,0
"U(0.001,0.01), eps=1e-07",0.001,0.01,1e-07,67387393667,linear_fixed,0.58295,800,"{'lookback_window': 5, 'safeguard': 2, 'inc': 5}",1,429219067,0,0
"U(0.001,0.01), eps=1e-07",0.001,0.01,1e-07,81286214132,binary_deep,0.69065,24592,{'conf': 0.7},1,517746586,0,0
"U(0.001,0.01), eps=1e-07",0.001,0.01,1e-07,81286214132,re_fixed,0.6928,18533,{},1,517746586,0,0
"U(0.001,0.01), eps=1e-07",0.001,0.01,1e-07,81286214132,linear_fixed,0.6313,2914,"{'lookback_window': 5, 'safeguard': 2, 'inc': 5}",1,517746586,0,0
"U(0.001,0.01), eps=1e-07",0.001,0.01,1e-07,118275113038,binary_deep,0.77065,165240,{'conf': 0.99},1,753344669,0,0
"U(0.001,0.01), eps=1e-07",0.001,0.01,1e-07,118275113038,re_fixed,0.77085,165240,{},1,753344669,0,0
"U(0.001,0.01), eps=1e-07",0.001,0.01,1e-07,118275113038,linear_fixed,0.71825,3553,"{'lookback_window': 5, 'safeguard': 1, 'inc': 5}",1,753344669,0,0
"U(0.001,0.01), eps=1e-07",0.001,0.01,1e-07,172095631632,binary_deep,0.8438,21057,{'conf': 0.5},1,1096150519,0,0
"U(0.001,0.01), eps=1e-07",0.001,0.01,1e-07,172095631632,re_fixed,0.84495,318074,{},1,1096150519,0,0
"U(0.001,0.01), eps=1e-07",0.001,0.01,1e-07,172095631632,linear_fixed,0.7839,257,"{'lookback_window': 5, 'safeguard': 2, 'inc': 5}",1,1096150519,0,0
"U(0.001,0.01), eps=1e-07",0.001,0.01,1e-07,207590791138,binary_deep,0.87695,143061,{'conf': 0.9},1,1322234338,0,0
"U(0.001,0.01), eps=1e-07",0.001,0.01,1e-07,207590791138,re_fixed,0.87215,11644,{},1,1322234338,0,0
"U(0.001,0.01), eps=1e-07",0.001,0.01,1e-07,207590791138,linear_fixed,0.8325,540,"{'lookback_window': 5, 'safeguard': 2, 'inc': 5}",1,1322234338,0,0
"U(0.001,0.01), eps=1e-07",0.001,0.01,1e-07,302053977412,binary_deep,0.92955,176839,{'conf': 0.99},1,1923910684,0,0
"U(0.001,0.01), eps=1e-07",0.001,0.01,1e-07,302053977412,re_fixed,0.9261,140358,{},1,1923910684,0,0
"U(0.001,0.01), eps=1e-07",0.001,0.01,1e-07,302053977412,linear_fixed,0.8951,474,"{'lookback_window': 5, 'safeguard': 2, 'inc': 5}",1,1923910684,0,0
"U(0.001,0.01), eps=1e-07",0.001,0.01,1e-07,439502180084,binary_deep,0.9661,1449195,{'conf': 0.9},1,2799376943,0,0
"U(0.001,0.01), eps=1e-07",0.001,0.01,1e-07,439502180084,re_fixed,0.96355,12805,{},1,2799376943,0,0
"U(0.001,0.01), eps=1e-07",0.001,0.01,1e-07,439502180084,linear_fixed,0.9332,97,"{'lookback_window': 5, 'safeguard': 2, 'inc': 2}",1,2799376943,0,0
"U(0.001,0.01), eps=1e-08",0.001,0.01,1e-08,856560509554,binary_deep,0.27355,57160,{'conf': 0.5},1,5455799423,0,0
"U(0.001,0.01), eps=1e-08",0.001,0.01,1e-08,856560509554,re_fixed,0.2716,22684,{},1,5455799423,0,0
"U(0.001,0.01), eps=1e-08",0.001,0.01,1e-08,856560509554,linear_fixed,0.22965,1103573,"{'lookback_window': 5, 'safeguard': 0, 'inc': 5}",1,5455799423,0,0
"U(0.001,0.01), eps=1e-08",0.001,0.01,1e-08,1033228282146,binary_deep,0.29875,892986,{'conf': 0.95},1,6581071860,0,0
"U(0.001,0.01), eps=1e-08",0.001,0.01,1e-08,1033228282146,re_fixed,0.29815,52627,{},1,6581071860,0,0
"U(0.001,0.01), eps=1e-08",0.001,0.01,1e-08,1033228282146,linear_fixed,0.2558,1660,"{'lookback_window': 5, 'safeguard': 2, 'inc': 5}",1,6581071860,0,0
"U(0.001,0.01), eps=1e-08",0.001,0.01,1e-08,1503393818606,binary_deep,0.3542,645100,{'conf': 0.9},1,9575756806,0,0
"U(0.001,0.01), eps=1e-08",0.001,0.01,1e-08,1503393818606,re_fixed,0.3552,101596,{},1,9575756806,0,0
"U(0.001,0.01), eps=1e-08",0.001,0.01,1e-08,1503393818606,linear_fixed,0.31195,1685,"{'lookback_window': 5, 'safeguard': 2, 'inc': 5}",1,9575756806,0,0
"U(0.001,0.01), eps=1e-08",0.001,0.01,1e-08,1813472597980,binary_deep,0.38615,711404,{'conf': 0.5},1,11550780878,0,0
"U(0.001,0.01), eps=1e-08",0.001,0.01,1e-08,1813472597980,re_fixed,0.3842,112039,{},1,11550780878,0,0
"U(0.001,0.01), eps=1e-08",0.001,0.01,1e-08,1813472597980,linear_fixed,0.33345,1130,"{'lookback_window': 5, 'safeguard': 2, 'inc': 5}",1,11550780878,0,0
"U(0.001,0.01), eps=1e-08",0.001,0.01,1e-08,2638684539638,binary_deep,0.45515,343338,{'conf': 0.5},1,16806907895,0,0
"U(0.001,0.01), eps=1e-08",0.001,0.01,1e-08,2638684539638,re_fixed,0.45215,123348,{},1,16806907895,0,0
"U(0.001,0.01), eps=1e-08",0.001,0.01,1e-08,2638684539638,linear_fixed,0.3925,15507,"{'lookback_window': 5, 'safeguard': 1, 'inc': 5}",1,16806907895,0,0
"U(0.001,0.01), eps=1e-08",0.001,0.01,1e-08,3839405187307,binary_deep,0.5325,1875241,{'conf': 0.8},1,24454810110,0,0
"U(0.001,0.01), eps=1e-08",0.001,0.01,1e-08,3839405187307,re_fixed,0.5125,812,{},1,24454810110,0,0
"U(0.001,0.01), eps=1e-08",0.001,0.01,1e-08,3839405187307,linear_fixed,0.46685,1357297,"{'lookback_window': 5, 'safeguard': 1, 'inc': 5}",1,24454810110,0,0
"U(0.001,0.01), eps=1e-08",0.001,0.01,1e-08,4631292222671,binary_deep,0.57095,827398,{'conf': 0.5},1,29498676577,0,0
"U(0.001,0.01), eps=1e-08",0.001,0.01,1e-08,4631292222671,re_fixed,0.56785,32031,{},1,29498676577,0,0
"U(0.001,0.01), eps=1e-08",0.001,0.01,1e-08,4631292222671,linear_fixed,0.5077,19420,"{'lookback_window': 5, 'safeguard': 1, 'inc': 5}",1,29498676577,0,0
"U(0.001,0.01), eps=1e-08",0.001,0.01,1e-08,6738739366737,binary_deep,0.65325,705527,{'conf': 0.5},1,42921906794,0,0
"U(0.001,0.01), eps=1e-08",0.001,0.01,1e-08,6738739366737,re_fixed,0.6493,18236,{},1,42921906794,0,0
"U(0.001,0.01), eps=1e-08",0.001,0.01,1e-08,6738739366737,linear_fixed,0.5899,2778,"{'lookback_window': 5, 'safeguard': 2, 'inc': 5}",1,42921906794,0,0
"U(0.001,0.01), eps=1e-08",0.001,0.01,1e-08,8128621413272,binary_deep,0.6912,45531,{'conf': 0.5},1,51774658683,0,0
"U(0.001,0.01), eps=1e-08",0.001,0.01,1e-08,8128621413272,re_fixed,0.6952,133088,{},1,51774658683,0,0
"U(0.001,0.01), eps=1e-08",0.001,0.01,1e-08,8128621413272,linear_fixed,0.6335,844799,"{'lookback_window': 5, 'safeguard': 1, 'inc': 5}",1,51774658683,0,0
"U(0.001,0.01), eps=1e-08",0.001,0.01,1e-08,11827511303817,binary_deep,0.7729,53594,{'conf': 0.7},1,75334466903,0,0
"U(0.001,0.01), eps=1e-08",0.001,0.01,1e-08,11827511303817,re_fixed,0.7686,14317,{},1,75334466903,0,0
"U(0.001,0.01), eps=1e-08",0.001,0.01,1e-08,11827511303817,linear_fixed,0.68985,149,"{'lookback_window': 5, 'safeguard': 2, 'inc': 2}",1,75334466903,0,0
"U(0.001,0.01), eps=1e-08",0.001,0.01,1e-08,17209563163258,binary_deep,0.8452,41780,{'conf': 0.6},1,109615051995,0,0
"U(0.001,0.01), eps=1e-08",0.001,0.01,1e-08,17209563163258,re_fixed,0.8403,15771,{},1,109615051995,0,0
"U(0.001,0.01), eps=1e-08",0.001,0.01,1e-08,17209563163258,linear_fixed,0.79075,511,"{'lookback_window': 5, 'safeguard': 2, 'inc': 5}",1,109615051995,0,0
"U(0.001,0.01), eps=1e-08",0.001,0.01,1e-08,20759079113881,binary_deep,0.87625,7382,{'conf': 0.5},1,132223433846,0,0
"U(0.001,0.01), eps=1e-08",0.001,0.01,1e-08,20759079113881,re_fixed,0.87305,17111,{},1,132223433846,0,0
"U(0.001,0.01), eps=1e-08",0.001,0.01,1e-08,20759079113881,linear_fixed,0.81235,167,"{'lookback_window': 5, 'safeguard': 2, 'inc': 2}",1,132223433846,0,0
"U(0.001,0.01), eps=1e-08",0.001,0.01,1e-08,30205397741290,binary_deep,0.9289,31973,{'conf': 0.95},1,192391068415,0,0
"U(0.001,0.01), eps=1e-08",0.001,0.01,1e-08,30205397741290,re_fixed,0.92625,20142,{},1,192391068415,0,0
"U(0.001,0.01), eps=1e-08",0.001,0.01,1e-08,30205397741290,linear_fixed,0.90555,4679156,"{'lookback_window': 5, 'safeguard': 1, 'inc': 5}",1,192391068415,0,0
"U(0.001,0.01), eps=1e-08",0.001,0.01,1e-08,43950218008441,binary_deep,0.96605,30427,{'conf': 0.6},1,279937694321,0,0
"U(0.001,0.01), eps=1e-08",0.001,0.01,1e-08,43950218008441,re_fixed,0.96325,19167,{},1,279937694321,0,0
"U(0.001,0.01), eps=1e-08",0.001,0.01,1e-08,43950218008441,linear_fixed,0.95445,2842,"{'lookback_window': 5, 'safeguard': 2, 'inc': 5}",1,279937694321,0,0
"U(0.001,0.1), eps=1e-04",0.001,0.1,0.0001,89653,binary_deep,0.268,1045,{'conf': 0.5},1,5976,0,0
"U(0.001,0.1), eps=1e-04",0.001,0.1,0.0001,89653,re_fixed,0.27525,730,{},1,5976,0,0
"U(0.001,0.1), eps=1e-04",0.001,0.1,0.0001,89653,linear_fixed,0.1963,3,"{'lookback_window': 1, 'safeguard': 2, 'inc': 5}",1,5976,0,0
"U(0.001,0.1), eps=1e-04",0.001,0.1,0.0001,108144,binary_deep,0.30925,261,{'conf': 0.5},1,7209,0,0
"U(0.001,0.1), eps=1e-04",0.001,0.1,0.0001,108144,re_fixed,0.3078,479,{},1,7209,0,0
"U(0.001,0.1), eps=1e-04",0.001,0.1,0.0001,108144,linear_fixed,0.2125,2,"{'lookback_window': 1, 'safeguard': 2, 'inc': 2}",1,7209,1,0
"U(0.001,0.1), eps=1e-04",0.001,0.1,0.0001,157355,binary_deep,0.36615,441,{'conf': 0.5},1,10490,0,0
"U(0.001,0.1), eps=1e-04",0.001,0.1,0.0001,157355,re_fixed,0.37165,888,{},1,10490,0,0
"U(0.001,0.1), eps=1e-04",0.001,0.1,0.0001,157355,linear_fixed,0.2639,23,"{'lookback_window': 1, 'safeguard': 1, 'inc': 5}",1,10490,0,0
"U(0.001,0.1), eps=1e-04",0.001,0.1,0.0001,189810,binary_deep,0.3993,473,{'conf': 0.5},1,12654,0,0
"U(0.001,0.1), eps=1e-04",0.001,0.1,0.0001,189810,re_fixed,0.40015,1256,{},1,12654,0,0
"U(0.001,0.1), eps=1e-04",0.001,0.1,0.0001,189810,linear_fixed,0.30345,4,"{'lookback_window': 5, 'safeguard': 2, 'inc': 1}",1,12654,1,0
"U(0.001,0.1), eps=1e-04",0.001,0.1,0.0001,276182,binary_deep,0.47045,563,{'conf': 0.5},1,18412,0,0
"U(0.001,0.1), eps=1e-04",0.001,0.1,0.0001,276182,re_fixed,0.4748,394,{},1,18412,0,0
"U(0.001,0.1), eps=1e-04",0.001,0.1,0.0001,276182,linear_fixed,0.37515,22,"{'lookback_window': 5, 'safeguard': 1, 'inc': 2}",1,18412,0,0
"U(0.001,0.1), eps=1e-04",0.001,0.1,0.0001,401857,binary_deep,0.54745,936,{'conf': 0.5},1,26790,0,0
"U(0.001,0.1), eps=1e-04",0.001,0.1,0.0001,401857,re_fixed,0.55215,801,{},1,26790,0,0
"U(0.001,0.1), eps=1e-04",0.001,0.1,0.0001,401857,linear_fixed,0.45145,36,"{'lookback_window': 5, 'safeguard': 1, 'inc': 2}",1,26790,0,0
"U(0.001,0.1), eps=1e-04",0.001,0.1,0.0001,484741,binary_deep,0.58805,1087,{'conf': 0.5},1,32316,0,0
"U(0.001,0.1), eps=1e-04",0.001,0.1,0.0001,484741,re_fixed,0.58865,871,{},1,32316,0,0
"U(0.001,0.1), eps=1e-04",0.001,0.1,0.0001,484741,linear_fixed,0.4768,49,"{'lookback_window': 5, 'safeguard': 2, 'inc': 1}",1,32316,0,0
"U(0.001,0.1), eps=1e-04",0.001,0.1,0.0001,705321,binary_deep,0.66595,1114,{'conf': 0.5},1,47021,0,0
"U(0.001,0.1), eps=1e-04",0.001,0.1,0.0001,705321,re_fixed,0.66285,278,{},1,47021,0,0
"U(0.001,0.1), eps=1e-04",0.001,0.1,0.0001,705321,linear_fixed,0.5791,28,"{'lookback_window': 5, 'safeguard': 2, 'inc': 1}",1,47021,0,0
"U(0.001,0.1), eps=1e-04",0.001,0.1,0.0001,850795,binary_deep,0.69715,5251,{'conf': 0.5},1,56719,0,0
"U(0.001,0.1), eps=1e-04",0.001,0.1,0.0001,850795,re_fixed,0.70895,958,{},1,56719,0,0
"U(0.001,0.1), eps=1e-04",0.001,0.1,0.0001,850795,linear_fixed,0.60845,60,"{'lookback_window': 5, 'safeguard': 2, 'inc': 1}",1,56719,0,0
"U(0.001,0.1), eps=1e-04",0.001,0.1,0.0001,1237946,binary_deep,0.785,2630,{'conf': 0.5},1,82529,0,0
"U(0.001,0.1), eps=1e-04",0.001,0.1,0.0001,1237946,re_fixed,0.7891,2711,{},1,82529,0,0
"U(0.001,0.1), eps=1e-04",0.001,0.1,0.0001,1237946,linear_fixed,0.7037,50,"{'lookback_window': 5, 'safeguard': 2, 'inc': 1}",1,82529,0,0
"U(0.001,0.1), eps=1e-04",0.001,0.1,0.0001,1801267,binary_deep,0.85345,4508,{'conf': 0.5},1,120084,0,0
"U(0.001,0.1), eps=1e-04",0.001,0.1,0.0001,1801267,re_fixed,0.8537,3415,{},1,120084,0,0
"U(0.001,0.1), eps=1e-04",0.001,0.1,0.0001,1801267,linear_fixed,0.78415,97,"{'lookback_window': 5, 'safeguard': 2, 'inc': 2}",1,120084,0,0
"U(0.001,0.1), eps=1e-04",0.001,0.1,0.0001,2172783,binary_deep,0.8779,10357,{'conf': 0.5},1,144852,0,0
"U(0.001,0.1), eps=1e-04",0.001,0.1,0.0001,2172783,re_fixed,0.8835,1172,{},1,144852,0,0
"U(0.001,0.1), eps=1e-04",0.001,0.1,0.0001,2172783,linear_fixed,0.82765,165,"{'lookback_window': 5, 'safeguard': 1, 'inc': 2}",1,144852,0,0
"U(0.001,0.1), eps=1e-04",0.001,0.1,0.0001,3161498,binary_deep,0.93305,11643,{'conf': 0.5},1,210766,0,0
"U(0.001,0.1), eps=1e-04",0.001,0.1,0.0001,3161498,re_fixed,0.93065,1286,{},1,210766,0,0
"U(0.001,0.1), eps=1e-04",0.001,0.1,0.0001,3161498,linear_fixed,0.8851,268,"{'lookback_window': 5, 'safeguard': 1, 'inc': 2}",1,210766,0,0
"U(0.001,0.1), eps=1e-04",0.001,0.1,0.0001,4600122,binary_deep,0.9699,8262,{'conf': 0.5},1,306674,0,0
"U(0.001,0.1), eps=1e-04",0.001,0.1,0.0001,4600122,re_fixed,0.96665,768,{},1,306674,0,0
"U(0.001,0.1), eps=1e-04",0.001,0.1,0.0001,4600122,linear_fixed,0.93415,144,"{'lookback_window': 5, 'safeguard': 2, 'inc': 2}",1,306674,0,0
"U(0.001,0.1), eps=1e-06",0.001,0.1,1e-06,896533333,binary_deep,0.3056,18112,{'conf': 0.7},1,59768888,0,0
"U(0.001,0.1), eps=1e-06",0.001,0.1,1e-06,896533333,re_fixed,0.31535,279768,{},1,59768888,0,0
"U(0.001,0.1), eps=1e-06",0.001,0.1,1e-06,896533333,linear_fixed,0.2555,511,"{'lookback_window': 5, 'safeguard': 1, 'inc': 2}",1,59768888,0,0
"U(0.001,0.1), eps=1e-06",0.001,0.1,1e-06,1081445601,binary_deep,0.3335,15852,{'conf': 0.7},1,72096373,0,0
"U(0.001,0.1), eps=1e-06",0.001,0.1,1e-06,1081445601,re_fixed,0.3311,3287,{},1,72096373,0,0
"U(0.001,0.1), eps=1e-06",0.001,0.1,1e-06,1081445601,linear_fixed,0.28825,19552,"{'lookback_window': 5, 'safeguard': 0, 'inc': 5}",1,72096373,0,0
"U(0.001,0.1), eps=1e-06",0.001,0.1,1e-06,1573552196,binary_deep,0.3937,17078,{'conf': 0.6},1,104903479,0,0
"U(0.001,0.1), eps=1e-06",0.001,0.1,1e-06,1573552196,re_fixed,0.40435,673079,{},1,104903479,0,0
"U(0.001,0.1), eps=1e-06",0.001,0.1,1e-06,1573552196,linear_fixed,0.33125,5970,"{'lookback_window': 5, 'safeguard': 1, 'inc': 1}",1,104903479,0,0
"U(0.001,0.1), eps=1e-06",0.001,0.1,1e-06,1898101319,binary_deep,0.4248,8437,{'conf': 0.8},1,126540087,0,0
"U(0.001,0.1), eps=1e-06",0.001,0.1,1e-06,1898101319,re_fixed,0.425,6663,{},1,126540087,0,0
"U(0.001,0.1), eps=1e-06",0.001,0.1,1e-06,1898101319,linear_fixed,0.3524,181,"{'lookback_window': 5, 'safeguard': 2, 'inc': 2}",1,126540087,0,0
"U(0.001,0.1), eps=1e-06",0.001,0.1,1e-06,2761823151,binary_deep,0.49595,12928,{'conf': 0.8},1,184121543,0,0
"U(0.001,0.1), eps=1e-06",0.001,0.1,1e-06,2761823151,re_fixed,0.4909,3922,{},1,184121543,0,0
"U(0.001,0.1), eps=1e-06",0.001,0.1,1e-06,2761823151,linear_fixed,0.4237,252,"{'lookback_window': 5, 'safeguard': 1, 'inc': 2}",1,184121543,0,0
"U(0.001,0.1), eps=1e-06",0.001,0.1,1e-06,4018577429,binary_deep,0.5704,27047,{'conf': 0.5},1,267905161,0,0
"U(0.001,0.1), eps=1e-06",0.001,0.1,1e-06,4018577429,re_fixed,0.5698,36555,{},1,267905161,0,0
"U(0.001,0.1), eps=1e-06",0.001,0.1,1e-06,4018577429,linear_fixed,0.5072,4285,"{'lookback_window': 5, 'safeguard': 1, 'inc': 2}",1,267905161,0,0
"U(0.001,0.1), eps=1e-06",0.001,0.1,1e-06,4847419193,binary_deep,0.60615,21845,{'conf': 0.7},1,323161279,0,0
"U(0.001,0.1), eps=1e-06",0.001,0.1,1e-06,4847419193,re_fixed,0.60995,162570,{},1,323161279,0,0
"U(0.001,0.1), eps=1e-06",0.001,0.1,1e-06,4847419193,linear_fixed,0.5501,5893,"{'lookback_window': 5, 'safeguard': 1, 'inc': 2}",1,323161279,0,0
"U(0.001,0.1), eps=1e-06",0.001,0.1,1e-06,7053213870,binary_deep,0.68415,33471,{'conf': 0.5},1,470214258,0,0
"U(0.001,0.1), eps=1e-06",0.001,0.1,1e-06,7053213870,re_fixed,0.69015,159499,{},1,470214258,0,0
"U(0.001,0.1), eps=1e-06",0.001,0.1,1e-06,7053213870,linear_fixed,0.62995,5885,"{'lookback_window': 5, 'safeguard': 1, 'inc': 2}",1,470214258,0,0
"U(0.001,0.1), eps=1e-06",0.001,0.1,1e-06,8507957079,binary_deep,0.72075,38719,{'conf': 0.5},1,567197138,0,0
"U(0.001,0.1), eps=1e-06",0.001,0.1,1e-06,8507957079,re_fixed,0.71715,2113,{},1,567197138,0,0
"U(0.001,0.1), eps=1e-06",0.001,0.1,1e-06,8507957079,linear_fixed,0.65715,3308,"{'lookback_window': 5, 'safeguard': 1, 'inc': 1}",1,567197138,0,0
"U(0.001,0.1), eps=1e-06",0.001,0.1,1e-06,12379461831,binary_deep,0.79515,14592,{'conf': 0.6},1,825297455,0,0
"U(0.001,0.1), eps=1e-06",0.001,0.1,1e-06,12379461831,re_fixed,0.7952,11222,{},1,825297455,0,0
"U(0.001,0.1), eps=1e-06",0.001,0.1,1e-06,12379461831,linear_fixed,0.746,111927,"{'lookback_window': 5, 'safeguard': 0, 'inc': 2}",1,825297455,0,0
"U(0.001,0.1), eps=1e-06",0.001,0.1,1e-06,18012676110,binary_deep,0.86175,87984,{'conf': 0.5},1,1200845074,0,0
"U(0.001,0.1), eps=1e-06",0.001,0.1,1e-06,18012676110,re_fixed,0.8576,2215,{},1,1200845074,0,0
"U(0.001,0.1), eps=1e-06",0.001,0.1,1e-06,18012676110,linear_fixed,0.8182,4282,"{'lookback_window': 5, 'safeguard': 1, 'inc': 2}",1,1200845074,0,0
"U(0.001,0.1), eps=1e-06",0.001,0.1,1e-06,21727836139,binary_deep,0.8893,12030,{'conf': 0.5},1,1448522409,0,0
"U(0.001,0.1), eps=1e-06",0.001,0.1,1e-06,21727836139,re_fixed,0.8897,4685708,{},1,1448522409,0,0
"U(0.001,0.1), eps=1e-06",0.001,0.1,1e-06,21727836139,linear_fixed,0.8562,18468,"{'lookback_window': 5, 'safeguard': 1, 'inc': 2}",1,1448522409,0,0
"U(0.001,0.1), eps=1e-06",0.001,0.1,1e-06,31614982969,binary_deep,0.93895,45696,{'conf': 0.6},1,2107665531,0,0
"U(0.001,0.1), eps=1e-06",0.001,0.1,1e-06,31614982969,re_fixed,0.9327,2204,{},1,2107665531,0,0
"U(0.001,0.1), eps=1e-06",0.001,0.1,1e-06,31614982969,linear_fixed,0.9155,652370,"{'lookback_window': 5, 'safeguard': 0, 'inc': 2}",1,2107665531,0,0
"U(0.001,0.1), eps=1e-06",0.001,0.1,1e-06,46001228182,binary_deep,0.9699,12987,{'conf': 0.5},1,3066748545,0,0
"U(0.001,0.1), eps=1e-06",0.001,0.1,1e-06,46001228182,re_fixed,0.9681,56089,{},1,3066748545,0,0
"U(0.001,0.1), eps=1e-06",0.001,0.1,1e-06,46001228182,linear_fixed,0.9533,57349,"{'lookback_window': 5, 'safeguard': 0, 'inc': 1}",1,3066748545,0,0
"U(0.005,0.05), eps=1e-04",0.005,0.05,0.0001,43380,binary_deep,0.22795,229,{'conf': 0.5},1,1399,0,0
"U(0.005,0.05), eps=1e-04",0.005,0.05,0.0001,43380,re_fixed,0.22335,19,{},1,1399,0,0
"U(0.005,0.05), eps=1e-04",0.005,0.05,0.0001,43380,linear_fixed,0.19095,3,"{'lookback_window': 5, 'safeguard': 2, 'inc': 2}",1,1399,0,0
"U(0.005,0.05), eps=1e-04",0.005,0.05,0.0001,52328,binary_deep,0.2501,265,{'conf': 0.5},1,1688,0,0
"U(0.005,0.05), eps=1e-04",0.005,0.05,0.0001,52328,re_fixed,0.26085,132,{},1,1688,0,0
"U(0.005,0.05), eps=1e-04",0.005,0.05,0.0001,52328,linear_fixed,0.21245,3,"{'lookback_window': 5, 'safeguard': 2, 'inc': 2}",1,1688,0,0
"U(0.005,0.05), eps=1e-04",0.005,0.05,0.0001,76139,binary_deep,0.2981,450,{'conf': 0.5},1,2456,0,0
"U(0.005,0.05), eps=1e-04",0.005,0.05,0.0001,76139,re_fixed,0.3076,36,{},1,2456,0,0
"U(0.005,0.05), eps=1e-04",0.005,0.05,0.0001,76139,linear_fixed,0.26165,5,"{'lookback_window': 5, 'safeguard': 1, 'inc': 1}",1,2456,0,0
"U(0.005,0.05), eps=1e-04",0.005,0.05,0.0001,91843,binary_deep,0.33135,520,{'conf': 0.5},1,2962,0,0
"U(0.005,0.05), eps=1e-04",0.005,0.05,0.0001,91843,re_fixed,0.34075,51,{},1,2962,0,0
"U(0.005,0.05), eps=1e-04",0.005,0.05,0.0001,91843,linear_fixed,0.28995,4,"{'lookback_window': 5, 'safeguard': 1, 'inc': 1}",1,2962,0,0
"U(0.005,0.05), eps=1e-04",0.005,0.05,0.0001,133636,binary_deep,0.35725,28,{'conf': 0.9},1,4310,0,0
"U(0.005,0.05), eps=1e-04",0.005,0.05,0.0001,133636,re_fixed,0.4226,205,{},1,4310,0,0
"U(0.005,0.05), eps=1e-04",0.005,0.05,0.0001,133636,linear_fixed,0.35535,5,"{'lookback_window': 5, 'safeguard': 2, 'inc': 1}",1,4310,0,0
"U(0.005,0.05), eps=1e-04",0.005,0.05,0.0001,194447,binary_deep,0.44955,17,{'conf': 0.8},1,6272,0,0
"U(0.005,0.05), eps=1e-04",0.005,0.05,0.0001,194447,re_fixed,0.4936,161,{},1,6272,0,0
"U(0.005,0.05), eps=1e-04",0.005,0.05,0.0001,194447,linear_fixed,0.42875,20,"{'lookback_window': 5, 'safeguard': 2, 'inc': 5}",1,6272,0,0
"U(0.005,0.05), eps=1e-04",0.005,0.05,0.0001,234552,binary_deep,0.4904,38,{'conf': 0.6},1,7566,0,0
"U(0.005,0.05), eps=1e-04",0.005,0.05,0.0001,234552,re_fixed,0.53795,492,{},1,7566,0,0
"U(0.005,0.05), eps=1e-04",0.005,0.05,0.0001,234552,linear_fixed,0.4708,19,"{'lookback_window': 5, 'safeguard': 2, 'inc': 5}",1,7566,0,0
"U(0.005,0.05), eps=1e-04",0.005,0.05,0.0001,341284,binary_deep,0.57415,71,{'conf': 0.5},1,11009,0,0
"U(0.005,0.05), eps=1e-04",0.005,0.05,0.0001,341284,re_fixed,0.62765,647,{},1,11009,0,0
"U(0.005,0.05), eps=1e-04",0.005,0.05,0.0001,341284,linear_fixed,0.55895,27,"{'lookback_window': 5, 'safeguard': 2, 'inc': 5}",1,11009,0,0
"U(0.005,0.05), eps=1e-04",0.005,0.05,0.0001,411675,binary_deep,0.62555,65,{'conf': 0.5},1,13279,0,0
"U(0.005,0.05), eps=1e-04",0.005,0.05,0.0001,411675,re_fixed,0.6662,975,{},1,13279,0,0
"U(0.005,0.05), eps=1e-04",0.005,0.05,0.0001,411675,linear_fixed,0.59625,22,"{'lookback_window': 5, 'safeguard': 2, 'inc': 5}",1,13279,0,0
"U(0.005,0.05), eps=1e-04",0.005,0.05,0.0001,599006,binary_deep,0.71675,73,{'conf': 0.5},1,19322,0,0
"U(0.005,0.05), eps=1e-04",0.005,0.05,0.0001,599006,re_fixed,0.7517,405,{},1,19322,0,0
"U(0.005,0.05), eps=1e-04",0.005,0.05,0.0001,599006,linear_fixed,0.69215,40,"{'lookback_window': 5, 'safeguard': 2, 'inc': 5}",1,19322,0,0
"U(0.005,0.05), eps=1e-04",0.005,0.05,0.0001,871581,binary_deep,0.80685,4732,{'conf': 0.5},1,28115,0,0
"U(0.005,0.05), eps=1e-04",0.005,0.05,0.0001,871581,re_fixed,0.83495,642,{},1,28115,0,0
"U(0.005,0.05), eps=1e-04",0.005,0.05,0.0001,871581,linear_fixed,0.78085,75,"{'lookback_window': 5, 'safeguard': 2, 'inc': 5}",1,28115,0,0
"U(0.005,0.05), eps=1e-04",0.005,0.05,0.0001,1051346,binary_deep,0.8308,230,{'conf': 0.5},1,33914,0,0
"U(0.005,0.05), eps=1e-04",0.005,0.05,0.0001,1051346,re_fixed,0.8673,914,{},1,33914,0,0
"U(0.005,0.05), eps=1e-04",0.005,0.05,0.0001,1051346,linear_fixed,0.8241,50,"{'lookback_window': 5, 'safeguard': 2, 'inc': 2}",1,33914,0,0
"U(0.005,0.05), eps=1e-04",0.005,0.05,0.0001,1529757,binary_deep,0.9027,86,{'conf': 0.5},1,49347,0,0
"U(0.005,0.05), eps=1e-04",0.005,0.05,0.0001,1529757,re_fixed,0.92205,565,{},1,49347,0,0
"U(0.005,0.05), eps=1e-04",0.005,0.05,0.0001,1529757,linear_fixed,0.8895,144,"{'lookback_window': 5, 'safeguard': 2, 'inc': 5}",1,49347,0,0
"U(0.005,0.05), eps=1e-04",0.005,0.05,0.0001,2225865,binary_deep,0.94755,340,{'conf': 0.7},1,71802,0,0
"U(0.005,0.05), eps=1e-04",0.005,0.05,0.0001,2225865,re_fixed,0.961,1110,{},1,71802,0,0
"U(0.005,0.05), eps=1e-04",0.005,0.05,0.0001,2225865,linear_fixed,0.93975,65,"{'lookback_window': 5, 'safeguard': 2, 'inc': 1}",1,71802,0,0
"U(0.005,0.05), eps=1e-06",0.005,0.05,1e-06,433806451,binary_deep,0.2688,8491,{'conf': 0.99},1,13993756,0,0
"U(0.005,0.05), eps=1e-06",0.005,0.05,1e-06,433806451,re_fixed,0.2702,6739,{},1,13993756,0,0
"U(0.005,0.05), eps=1e-06",0.005,0.05,1e-06,433806451,linear_fixed,0.2426,2884,"{'lookback_window': 5, 'safeguard': 2, 'inc': 5}",1,13993756,0,0
"U(0.005,0.05), eps=1e-06",0.005,0.05,1e-06,523280129,binary_deep,0.2947,2341,{'conf': 0.95},1,16880004,0,0
"U(0.005,0.05), eps=1e-06",0.005,0.05,1e-06,523280129,re_fixed,0.29425,48648,{},1,16880004,0,0
"U(0.005,0.05), eps=1e-06",0.005,0.05,1e-06,523280129,linear_fixed,0.2646,11356,"{'lookback_window': 5, 'safeguard': 0, 'inc': 5}",1,16880004,0,0
"U(0.005,0.05), eps=1e-06",0.005,0.05,1e-06,761396224,binary_deep,0.35,5966,{'conf': 0.6},1,24561168,0,0
"U(0.005,0.05), eps=1e-06",0.005,0.05,1e-06,761396224,re_fixed,0.35495,151919,{},1,24561168,0,0
"U(0.005,0.05), eps=1e-06",0.005,0.05,1e-06,761396224,linear_fixed,0.3184,11010,"{'lookback_window': 5, 'safeguard': 1, 'inc': 5}",1,24561168,0,0
"U(0.005,0.05), eps=1e-06",0.005,0.05,1e-06,918436122,binary_deep,0.38235,11123,{'conf': 0.7},1,29626971,0,0
"U(0.005,0.05), eps=1e-06",0.005,0.05,1e-06,918436122,re_fixed,0.386,198626,{},1,29626971,0,0
"U(0.005,0.05), eps=1e-06",0.005,0.05,1e-06,918436122,linear_fixed,0.3453,19315,"{'lookback_window': 5, 'safeguard': 0, 'inc': 5}",1,29626971,0,0
"U(0.005,0.05), eps=1e-06",0.005,0.05,1e-06,1336366041,binary_deep,0.45065,13016,{'conf': 0.6},1,43108581,0,0
"U(0.005,0.05), eps=1e-06",0.005,0.05,1e-06,1336366041,re_fixed,0.4386,1138,{},1,43108581,0,0
"U(0.005,0.05), eps=1e-06",0.005,0.05,1e-06,1336366041,linear_fixed,0.41005,11600,"{'lookback_window': 5, 'safeguard': 0, 'inc': 5}",1,43108581,0,0
"U(0.005,0.05), eps=1e-06",0.005,0.05,1e-06,1944472949,binary_deep,0.52915,11701,{'conf': 0.9},1,62724933,0,0
"U(0.005,0.05), eps=1e-06",0.005,0.05,1e-06,1944472949,re_fixed,0.53155,230118,{},1,62724933,0,0
"U(0.005,0.05), eps=1e-06",0.005,0.05,1e-06,1944472949,linear_fixed,0.4818,10968,"{'lookback_window': 5, 'safeguard': 1, 'inc': 5}",1,62724933,0,0
"U(0.005,0.05), eps=1e-06",0.005,0.05,1e-06,2345525415,binary_deep,0.5665,5862,{'conf': 0.8},1,75662110,0,0
"U(0.005,0.05), eps=1e-06",0.005,0.05,1e-06,2345525415,re_fixed,0.5711,240222,{},1,75662110,0,0
"U(0.005,0.05), eps=1e-06",0.005,0.05,1e-06,2345525415,linear_fixed,0.52605,2833,"{'lookback_window': 5, 'safeguard': 1, 'inc': 5}",1,75662110,0,0
"U(0.005,0.05), eps=1e-06",0.005,0.05,1e-06,3412845421,binary_deep,0.64965,12544,{'conf': 0.9},1,110091787,0,0
"U(0.005,0.05), eps=1e-06",0.005,0.05,1e-06,3412845421,re_fixed,0.6501,12454,{},1,110091787,0,0
"U(0.005,0.05), eps=1e-06",0.005,0.05,1e-06,3412845421,linear_fixed,0.59725,42107,"{'lookback_window': 5, 'safeguard': 1, 'inc': 5}",1,110091787,0,0
"U(0.005,0.05), eps=1e-06",0.005,0.05,1e-06,4116753425,binary_deep,0.6891,6804,{'conf': 0.7},1,132798497,0,0
"U(0.005,0.05), eps=1e-06",0.005,0.05,1e-06,4116753425,re_fixed,0.69435,12180,{},1,132798497,0,0
"U(0.005,0.05), eps=1e-06",0.005,0.05,1e-06,4116753425,linear_fixed,0.6461,321,"{'lookback_window': 5, 'safeguard': 1, 'inc': 5}",1,132798497,0,0
"U(0.005,0.05), eps=1e-06",0.005,0.05,1e-06,5990062176,binary_deep,0.77245,69663,{'conf': 0.9},1,193227812,0,0
"U(0.005,0.05), eps=1e-06",0.005,0.05,1e-06,5990062176,re_fixed,0.77165,139327,{},1,193227812,0,0
"U(0.005,0.05), eps=1e-06",0.005,0.05,1e-06,5990062176,linear_fixed,0.72265,728,"{'lookback_window': 5, 'safeguard': 2, 'inc': 5}",1,193227812,0,0
"U(0.005,0.05), eps=1e-06",0.005,0.05,1e-06,8715811021,binary_deep,0.8457,34735,{'conf': 0.7},1,281155194,0,0
"U(0.005,0.05), eps=1e-06",0.005,0.05,1e-06,8715811021,re_fixed,0.84425,110279,{},1,281155194,0,0
"U(0.005,0.05), eps=1e-06",0.005,0.05,1e-06,8715811021,linear_fixed,0.8047,519,"{'lookback_window': 5, 'safeguard': 1, 'inc': 2}",1,281155194,0,0
"U(0.005,0.05), eps=1e-06",0.005,0.05,1e-06,10513469099,binary_deep,0.87675,12015,{'conf': 0.8},1,339144164,0,0
"U(0.005,0.05), eps=1e-06",0.005,0.05,1e-06,10513469099,re_fixed,0.87405,7568,{},1,339144164,0,0
"U(0.005,0.05), eps=1e-06",0.005,0.05,1e-06,10513469099,linear_fixed,0.84215,878,"{'lookback_window': 5, 'safeguard': 1, 'inc': 5}",1,339144164,0,0
"U(0.005,0.05), eps=1e-06",0.005,0.05,1e-06,15297572404,binary_deep,0.92985,19115,{'conf': 0.9},1,493470077,0,0
"U(0.005,0.05), eps=1e-06",0.005,0.05,1e-06,15297572404,re_fixed,0.9273,11410,{},1,493470077,0,0
"U(0.005,0.05), eps=1e-06",0.005,0.05,1e-06,15297572404,linear_fixed,0.90435,789,"{'lookback_window': 5, 'safeguard': 1, 'inc': 5}",1,493470077,0,0
"U(0.005,0.05), eps=1e-06",0.005,0.05,1e-06,22258658797,binary_deep,0.96605,25326,{'conf': 0.7},1,718021251,0,0
"U(0.005,0.05), eps=1e-06",0.005,0.05,1e-06,22258658797,re_fixed,0.9616,1571,{},1,718021251,0,0
"U(0.005,0.05), eps=1e-06",0.005,0.05,1e-06,22258658797,linear_fixed,0.94925,447,"{'lookback_window': 5, 'safeguard': 1, 'inc': 2}",1,718021251,0,0
"U(0.01,0.1), eps=1e-03",0.01,0.1,0.001,896,binary_deep,0.19405,9,{'conf': 0.5},1,59,0,0
"U(0.01,0.1), eps=1e-03",0.01,0.1,0.001,896,re_fixed,0.1807,3,{},1,59,0,0
"U(0.01,0.1), eps=1e-03",0.01,0.1,0.001,896,linear_fixed,0.17855,1,"{'lookback_window': 1, 'safeguard': 1, 'inc': 1}",1,59,1,0
"U(0.01,0.1), eps=1e-03",0.01,0.1,0.001,1081,binary_deep,0.2144,14,{'conf': 0.5},1,72,0,0
"U(0.01,0.1), eps=1e-03",0.01,0.1,0.001,1081,re_fixed,0.2089,4,{},1,72,0,0
"U(0.01,0.1), eps=1e-03",0.01,0.1,0.001,1081,linear_fixed,0.1985,1,"{'lookback_window': 1, 'safeguard': 1, 'inc': 1}",1,72,0,0
"U(0.01,0.1), eps=1e-03",0.01,0.1,0.001,1573,binary_deep,0.26045,20,{'conf': 0.5},1,104,0,0
"U(0.01,0.1), eps=1e-03",0.01,0.1,0.001,1573,re_fixed,0.2611,6,{},1,104,0,0
"U(0.01,0.1), eps=1e-03",0.01,0.1,0.001,1573,linear_fixed,0.23135,2,"{'lookback_window': 1, 'safeguard': 1, 'inc': 1}",1,104,0,0
"U(0.01,0.1), eps=1e-03",0.01,0.1,0.001,1898,binary_deep,0.29385,23,{'conf': 0.5},1,126,0,0
"U(0.01,0.1), eps=1e-03",0.01,0.1,0.001,1898,re_fixed,0.30165,14,{},1,126,0,0
"U(0.01,0.1), eps=1e-03",0.01,0.1,0.001,1898,linear_fixed,0.2552,1,"{'lookback_window': 1, 'safeguard': 2, 'inc': 1}",1,126,1,0
"U(0.01,0.1), eps=1e-03",0.01,0.1,0.001,2761,binary_deep,0.36645,29,{'conf': 0.5},1,184,0,0
"U(0.01,0.1), eps=1e-03",0.01,0.1,0.001,2761,re_fixed,0.3606,37,{},1,184,0,0
"U(0.01,0.1), eps=1e-03",0.01,0.1,0.001,2761,linear_fixed,0.3236,1,"{'lookback_window': 1, 'safeguard': 0, 'inc': 1}",1,184,0,0
"U(0.01,0.1), eps=1e-03",0.01,0.1,0.001,4018,binary_deep,0.43915,47,{'conf': 0.5},1,267,0,0
"U(0.01,0.1), eps=1e-03",0.01,0.1,0.001,4018,re_fixed,0.4459,28,{},1,267,0,0
"U(0.01,0.1), eps=1e-03",0.01,0.1,0.001,4018,linear_fixed,0.37965,1,"{'lookback_window': 1, 'safeguard': 1, 'inc': 1}",1,267,0,0
"U(0.01,0.1), eps=1e-03",0.01,0.1,0.001,4847,binary_deep,0.4786,54,{'conf': 0.5},1,323,0,0
"U(0.01,0.1), eps=1e-03",0.01,0.1,0.001,4847,re_fixed,0.4905,34,{},1,323,0,0
"U(0.01,0.1), eps=1e-03",0.01,0.1,0.001,4847,linear_fixed,0.41125,2,"{'lookback_window': 1, 'safeguard': 0, 'inc': 1}",1,323,0,0
"U(0.01,0.1), eps=1e-03",0.01,0.1,0.001,7053,binary_deep,0.5739,72,{'conf': 0.5},1,470,0,0
"U(0.01,0.1), eps=1e-03",0.01,0.1,0.001,7053,re_fixed,0.5765,59,{},1,470,0,0
"U(0.01,0.1), eps=1e-03",0.01,0.1,0.001,7053,linear_fixed,0.4869,3,"{'lookback_window': 1, 'safeguard': 0, 'inc': 1}",1,470,0,0
"U(0.01,0.1), eps=1e-03",0.01,0.1,0.001,8507,binary_deep,0.61575,85,{'conf': 0.5},1,567,0,0
"U(0.01,0.1), eps=1e-03",0.01,0.1,0.001,8507,re_fixed,0.6245,47,{},1,567,0,0
"U(0.01,0.1), eps=1e-03",0.01,0.1,0.001,8507,linear_fixed,0.53205,7,"{'lookback_window': 1, 'safeguard': 1, 'inc': 5}",1,567,0,0
"U(0.01,0.1), eps=1e-03",0.01,0.1,0.001,12379,binary_deep,0.6973,151,{'conf': 0.5},1,825,0,0
"U(0.01,0.1), eps=1e-03",0.01,0.1,0.001,12379,re_fixed,0.7158,99,{},1,825,0,0
"U(0.01,0.1), eps=1e-03",0.01,0.1,0.001,12379,linear_fixed,0.61205,6,"{'lookback_window': 1, 'safeguard': 1, 'inc': 2}",1,825,0,0
"U(0.01,0.1), eps=1e-03",0.01,0.1,0.001,18012,binary_deep,0.7869,187,{'conf': 0.5},1,1200,0,0
"U(0.01,0.1), eps=1e-03",0.01,0.1,0.001,18012,re_fixed,0.8014,80,{},1,1200,0,0
"U(0.01,0.1), eps=1e-03",0.01,0.1,0.001,18012,linear_fixed,0.7142,9,"{'lookback_window': 2, 'safeguard': 1, 'inc': 2}",1,1200,0,0
"U(0.01,0.1), eps=1e-03",0.01,0.1,0.001,21727,binary_deep,0.8244,272,{'conf': 0.5},1,1448,0,0
"U(0.01,0.1), eps=1e-03",0.01,0.1,0.001,21727,re_fixed,0.843,52,{},1,1448,0,0
"U(0.01,0.1), eps=1e-03",0.01,0.1,0.001,21727,linear_fixed,0.75305,5,"{'lookback_window': 2, 'safeguard': 2, 'inc': 2}",1,1448,0,0
"U(0.01,0.1), eps=1e-03",0.01,0.1,0.001,31614,binary_deep,0.89545,316,{'conf': 0.5},1,2107,0,0
"U(0.01,0.1), eps=1e-03",0.01,0.1,0.001,31614,re_fixed,0.90385,53,{},1,2107,0,0
"U(0.01,0.1), eps=1e-03",0.01,0.1,0.001,31614,linear_fixed,0.84315,15,"{'lookback_window': 2, 'safeguard': 1, 'inc': 2}",1,2107,0,0
"U(0.01,0.1), eps=1e-03",0.01,0.1,0.001,46001,binary_deep,0.9428,535,{'conf': 0.5},1,3066,0,0
"U(0.01,0.1), eps=1e-03",0.01,0.1,0.001,46001,re_fixed,0.95575,188,{},1,3066,0,0
"U(0.01,0.1), eps=1e-03",0.01,0.1,0.001,46001,linear_fixed,0.90955,14,"{'lookback_window': 2, 'safeguard': 2, 'inc': 2}",1,3066,0,0
"U(0.01,0.1), eps=1e-04",0.01,0.1,0.0001,89653,binary_deep,0.24135,1045,{'conf': 0.5},1,5976,0,0
"U(0.01,0.1), eps=1e-04",0.01,0.1,0.0001,89653,re_fixed,0.2521,135,{},1,5976,0,0
"U(0.01,0.1), eps=1e-04",0.01,0.1,0.0001,89653,linear_fixed,0.2121,17,"{'lookback_window': 5, 'safeguard': 2, 'inc': 5}",1,5976,0,0
"U(0.01,0.1), eps=1e-04",0.01,0.1,0.0001,108144,binary_deep,0.25445,20,{'conf': 0.8},1,7209,0,0
"U(0.01,0.1), eps=1e-04",0.01,0.1,0.0001,108144,re_fixed,0.26975,59,{},1,7209,0,0
"U(0.01,0.1), eps=1e-04",0.01,0.1,0.0001,108144,linear_fixed,0.2359,23,"{'lookback_window': 5, 'safeguard': 2, 'inc': 2}",1,7209,0,0
"U(0.01,0.1), eps=1e-04",0.01,0.1,0.0001,157355,binary_deep,0.32225,1663,{'conf': 0.5},1,10490,0,0
"U(0.01,0.1), eps=1e-04",0.01,0.1,0.0001,157355,re_fixed,0.34425,352,{},1,10490,0,0
"U(0.01,0.1), eps=1e-04",0.01,0.1,0.0001,157355,linear_fixed,0.2951,20,"{'lookback_window': 5, 'safeguard': 2, 'inc': 2}",1,10490,0,0
"U(0.01,0.1), eps=1e-04",0.01,0.1,0.0001,189810,binary_deep,0.34,39,{'conf': 0.8},1,12654,0,0
"U(0.01,0.1), eps=1e-04",0.01,0.1,0.0001,189810,re_fixed,0.37445,416,{},1,12654,0,0
"U(0.01,0.1), eps=1e-04",0.01,0.1,0.0001,189810,linear_fixed,0.32015,30,"{'lookback_window': 5, 'safeguard': 2, 'inc': 2}",1,12654,0,0
"U(0.01,0.1), eps=1e-04",0.01,0.1,0.0001,276182,binary_deep,0.4102,70,{'conf': 0.8},1,18412,0,0
"U(0.01,0.1), eps=1e-04",0.01,0.1,0.0001,276182,re_fixed,0.4395,496,{},1,18412,0,0
"U(0.01,0.1), eps=1e-04",0.01,0.1,0.0001,276182,linear_fixed,0.3883,25,"{'lookback_window': 5, 'safeguard': 2, 'inc': 2}",1,18412,0,0
"U(0.01,0.1), eps=1e-04",0.01,0.1,0.0001,401857,binary_deep,0.47345,83,{'conf': 0.9},1,26790,0,0
"U(0.01,0.1), eps=1e-04",0.01,0.1,0.0001,401857,re_fixed,0.5152,392,{},1,26790,0,0
"U(0.01,0.1), eps=1e-04",0.01,0.1,0.0001,401857,linear_fixed,0.4636,23,"{'lookback_window': 5, 'safeguard': 2, 'inc': 1}",1,26790,0,0
"U(0.01,0.1), eps=1e-04",0.01,0.1,0.0001,484741,binary_deep,0.5253,113,{'conf': 0.7},1,32316,0,0
"U(0.01,0.1), eps=1e-04",0.01,0.1,0.0001,484741,re_fixed,0.55495,560,{},1,32316,0,0
"U(0.01,0.1), eps=1e-04",0.01,0.1,0.0001,484741,linear_fixed,0.4939,79,"{'lookback_window': 5, 'safeguard': 1, 'inc': 2}",1,32316,0,0
"U(0.01,0.1), eps=1e-04",0.01,0.1,0.0001,705321,binary_deep,0.613,107,{'conf': 0.6},1,47021,0,0
"U(0.01,0.1), eps=1e-04",0.01,0.1,0.0001,705321,re_fixed,0.6444,1748,{},1,47021,0,0
"U(0.01,0.1), eps=1e-04",0.01,0.1,0.0001,705321,linear_fixed,0.58595,57,"{'lookback_window': 5, 'safeguard': 1, 'inc': 1}",1,47021,0,0
"U(0.01,0.1), eps=1e-04",0.01,0.1,0.0001,850795,binary_deep,0.6511,73,{'conf': 0.6},1,56719,0,0
"U(0.01,0.1), eps=1e-04",0.01,0.1,0.0001,850795,re_fixed,0.6819,2589,{},1,56719,0,0
"U(0.01,0.1), eps=1e-04",0.01,0.1,0.0001,850795,linear_fixed,0.63045,120,"{'lookback_window': 5, 'safeguard': 1, 'inc': 2}",1,56719,0,0
"U(0.01,0.1), eps=1e-04",0.01,0.1,0.0001,1237946,binary_deep,0.7454,136,{'conf': 0.6},1,82529,0,0
"U(0.01,0.1), eps=1e-04",0.01,0.1,0.0001,1237946,re_fixed,0.764,2630,{},1,82529,0,0
"U(0.01,0.1), eps=1e-04",0.01,0.1,0.0001,1237946,linear_fixed,0.71585,57,"{'lookback_window': 5, 'safeguard': 2, 'inc': 1}",1,82529,0,0
"U(0.01,0.1), eps=1e-04",0.01,0.1,0.0001,1801267,binary_deep,0.8192,511,{'conf': 0.6},1,120084,0,0
"U(0.01,0.1), eps=1e-04",0.01,0.1,0.0001,1801267,re_fixed,0.83915,3748,{},1,120084,0,0
"U(0.01,0.1), eps=1e-04",0.01,0.1,0.0001,1801267,linear_fixed,0.804,169,"{'lookback_window': 5, 'safeguard': 1, 'inc': 2}",1,120084,0,0
"U(0.01,0.1), eps=1e-04",0.01,0.1,0.0001,2172783,binary_deep,0.8561,492,{'conf': 0.5},1,144852,0,0
"U(0.01,0.1), eps=1e-04",0.01,0.1,0.0001,2172783,re_fixed,0.8741,2924,{},1,144852,0,0
"U(0.01,0.1), eps=1e-04",0.01,0.1,0.0001,2172783,linear_fixed,0.83625,182,"{'lookback_window': 5, 'safeguard': 1, 'inc': 2}",1,144852,0,0
"U(0.01,0.1), eps=1e-04",0.01,0.1,0.0001,3161498,binary_deep,0.9177,475,{'conf': 0.5},1,210766,0,0
"U(0.01,0.1), eps=1e-04",0.01,0.1,0.0001,3161498,re_fixed,0.9277,950,{},1,210766,0,0
"U(0.01,0.1), eps=1e-04",0.01,0.1,0.0001,3161498,linear_fixed,0.90045,187,"{'lookback_window': 5, 'safeguard': 1, 'inc': 2}",1,210766,0,0
"U(0.01,0.1), eps=1e-04",0.01,0.1,0.0001,4600122,binary_deep,0.9582,917,{'conf': 0.6},1,306674,0,0
"U(0.01,0.1), eps=1e-04",0.01,0.1,0.0001,4600122,re_fixed,0.962,384,{},1,306674,0,0
"U(0.01,0.1), eps=1e-04",0.01,0.1,0.0001,4600122,linear_fixed,0.9509,114,"{'lookback_window': 5, 'safeguard': 1, 'inc': 1}",1,306674,0,0
"U(0.01,0.1), eps=1e-05",0.01,0.1,1e-05,8965333,binary_deep,0.26625,728,{'conf': 0.9},1,597688,0,0
"U(0.01,0.1), eps=1e-05",0.01,0.1,1e-05,8965333,re_fixed,0.27205,3281,{},1,597688,0,0
"U(0.01,0.1), eps=1e-05",0.01,0.1,1e-05,8965333,linear_fixed,0.24185,80,"{'lookback_window': 5, 'safeguard': 2, 'inc': 2}",1,597688,0,0
"U(0.01,0.1), eps=1e-05",0.01,0.1,1e-05,10814456,binary_deep,0.2905,632,{'conf': 0.9},1,720963,0,0
"U(0.01,0.1), eps=1e-05",0.01,0.1,1e-05,10814456,re_fixed,0.29355,1839,{},1,720963,0,0
"U(0.01,0.1), eps=1e-05",0.01,0.1,1e-05,10814456,linear_fixed,0.2702,90,"{'lookback_window': 5, 'safeguard': 1, 'inc': 1}",1,720963,0,0
"U(0.01,0.1), eps=1e-05",0.01,0.1,1e-05,15735521,binary_deep,0.34665,757,{'conf': 0.6},1,1049034,0,0
"U(0.01,0.1), eps=1e-05",0.01,0.1,1e-05,15735521,re_fixed,0.35175,2529,{},1,1049034,0,0
"U(0.01,0.1), eps=1e-05",0.01,0.1,1e-05,15735521,linear_fixed,0.3149,79,"{'lookback_window': 5, 'safeguard': 1, 'inc': 2}",1,1049034,0,0
"U(0.01,0.1), eps=1e-05",0.01,0.1,1e-05,18981013,binary_deep,0.37935,961,{'conf': 0.6},1,1265400,0,0
"U(0.01,0.1), eps=1e-05",0.01,0.1,1e-05,18981013,re_fixed,0.38235,2812,{},1,1265400,0,0
"U(0.01,0.1), eps=1e-05",0.01,0.1,1e-05,18981013,linear_fixed,0.3518,171,"{'lookback_window': 5, 'safeguard': 1, 'inc': 2}",1,1265400,0,0
"U(0.01,0.1), eps=1e-05",0.01,0.1,1e-05,27618231,binary_deep,0.44555,3711,{'conf': 0.5},1,1841215,0,0
"U(0.01,0.1), eps=1e-05",0.01,0.1,1e-05,27618231,re_fixed,0.4523,2758,{},1,1841215,0,0
"U(0.01,0.1), eps=1e-05",0.01,0.1,1e-05,27618231,linear_fixed,0.40795,201,"{'lookback_window': 5, 'safeguard': 2, 'inc': 2}",1,1841215,0,0
"U(0.01,0.1), eps=1e-05",0.01,0.1,1e-05,40185774,binary_deep,0.5254,2258,{'conf': 0.7},1,2679051,0,0
"U(0.01,0.1), eps=1e-05",0.01,0.1,1e-05,40185774,re_fixed,0.52545,2258,{},1,2679051,0,0
"U(0.01,0.1), eps=1e-05",0.01,0.1,1e-05,40185774,linear_fixed,0.4871,276,"{'lookback_window': 5, 'safeguard': 1, 'inc': 1}",1,2679051,0,0
"U(0.01,0.1), eps=1e-05",0.01,0.1,1e-05,48474191,binary_deep,0.56225,1634,{'conf': 0.95},1,3231612,0,0
"U(0.01,0.1), eps=1e-05",0.01,0.1,1e-05,48474191,re_fixed,0.5671,2490,{},1,3231612,0,0
"U(0.01,0.1), eps=1e-05",0.01,0.1,1e-05,48474191,linear_fixed,0.51935,4701,"{'lookback_window': 5, 'safeguard': 1, 'inc': 2}",1,3231612,0,0
"U(0.01,0.1), eps=1e-05",0.01,0.1,1e-05,70532138,binary_deep,0.64665,4806,{'conf': 0.9},1,4702142,0,0
"U(0.01,0.1), eps=1e-05",0.01,0.1,1e-05,70532138,re_fixed,0.64975,2403,{},1,4702142,0,0
"U(0.01,0.1), eps=1e-05",0.01,0.1,1e-05,70532138,linear_fixed,0.6024,210,"{'lookback_window': 5, 'safeguard': 1, 'inc': 2}",1,4702142,0,0
"U(0.01,0.1), eps=1e-05",0.01,0.1,1e-05,85079570,binary_deep,0.687,8272,{'conf': 0.5},1,5671971,0,0
"U(0.01,0.1), eps=1e-05",0.01,0.1,1e-05,85079570,re_fixed,0.69485,4136,{},1,5671971,0,0
"U(0.01,0.1), eps=1e-05",0.01,0.1,1e-05,85079570,linear_fixed,0.64685,282,"{'lookback_window': 5, 'safeguard': 1, 'inc': 1}",1,5671971,0,0
"U(0.01,0.1), eps=1e-05",0.01,0.1,1e-05,123794618,binary_deep,0.77245,4058,{'conf': 0.8},1,8252974,0,0
"U(0.01,0.1), eps=1e-05",0.01,0.1,1e-05,123794618,re_fixed,0.7752,64751,{},1,8252974,0,0
"U(0.01,0.1), eps=1e-05",0.01,0.1,1e-05,123794618,linear_fixed,0.73785,670,"{'lookback_window': 5, 'safeguard': 1, 'inc': 2}",1,8252974,0,0
"U(0.01,0.1), eps=1e-05",0.01,0.1,1e-05,180126761,binary_deep,0.8444,10032,{'conf': 0.7},1,12008450,0,0
"U(0.01,0.1), eps=1e-05",0.01,0.1,1e-05,180126761,re_fixed,0.8469,41405,{},1,12008450,0,0
"U(0.01,0.1), eps=1e-05",0.01,0.1,1e-05,180126761,linear_fixed,0.81195,633,"{'lookback_window': 5, 'safeguard': 1, 'inc': 2}",1,12008450,0,0
"U(0.01,0.1), eps=1e-05",0.01,0.1,1e-05,217278361,binary_deep,0.87805,7027,{'conf': 0.8},1,14485224,0,0
"U(0.01,0.1), eps=1e-05",0.01,0.1,1e-05,217278361,re_fixed,0.87605,47915,{},1,14485224,0,0
"U(0.01,0.1), eps=1e-05",0.01,0.1,1e-05,217278361,linear_fixed,0.8424,4391,"{'lookback_window': 5, 'safeguard': 1, 'inc': 2}",1,14485224,0,0
"U(0.01,0.1), eps=1e-05",0.01,0.1,1e-05,316149829,binary_deep,0.93025,18083,{'conf': 0.6},1,21076655,0,0
"U(0.01,0.1), eps=1e-05",0.01,0.1,1e-05,316149829,re_fixed,0.92595,2086,{},1,21076655,0,0
"U(0.01,0.1), eps=1e-05",0.01,0.1,1e-05,316149829,linear_fixed,0.90255,49579,"{'lookback_window': 5, 'safeguard': 0, 'inc': 2}",1,21076655,0,0
"U(0.01,0.1), eps=1e-05",0.01,0.1,1e-05,460012281,binary_deep,0.96605,6043,{'conf': 0.7},1,30667485,0,0
"U(0.01,0.1), eps=1e-05",0.01,0.1,1e-05,460012281,re_fixed,0.96635,50863,{},1,30667485,0,0
"U(0.01,0.1), eps=1e-05",0.01,0.1,1e-05,460012281,linear_fixed,0.95285,310,"{'lookback_window': 5, 'safeguard': 1, 'inc': 1}",1,30667485,0,0
"U(0.01,0.1), eps=1e-06",0.01,0.1,1e-06,896533333,binary_deep,0.27645,20952,{'conf': 0.9},1,59768888,0,0
"U(0.01,0.1), eps=1e-06",0.01,0.1,1e-06,896533333,re_fixed,0.2741,11409,{},1,59768888,0,0
"U(0.01,0.1), eps=1e-06",0.01,0.1,1e-06,896533333,linear_fixed,0.2455,187,"{'lookback_window': 5, 'safeguard': 1, 'inc': 2}",1,59768888,0,0
"U(0.01,0.1), eps=1e-06",0.01,0.1,1e-06,1081445601,binary_deep,0.3003,6574,{'conf': 0.8},1,72096373,0,0
"U(0.01,0.1), eps=1e-06",0.01,0.1,1e-06,1081445601,re_fixed,0.30075,211549,{},1,72096373,0,0
"U(0.01,0.1), eps=1e-06",0.01,0.1,1e-06,1081445601,linear_fixed,0.26615,117,"{'lookback_window': 5, 'safeguard': 1, 'inc': 2}",1,72096373,0,0
"U(0.01,0.1), eps=1e-06",0.01,0.1,1e-06,1573552196,binary_deep,0.35855,27420,{'conf': 0.8},1,104903479,0,0
"U(0.01,0.1), eps=1e-06",0.01,0.1,1e-06,1573552196,re_fixed,0.36085,170195,{},1,104903479,0,0
"U(0.01,0.1), eps=1e-06",0.01,0.1,1e-06,1573552196,linear_fixed,0.3208,345,"{'lookback_window': 5, 'safeguard': 1, 'inc': 2}",1,104903479,0,0
"U(0.01,0.1), eps=1e-06",0.01,0.1,1e-06,1898101319,binary_deep,0.39,23923,{'conf': 0.5},1,126540087,0,0
"U(0.01,0.1), eps=1e-06",0.01,0.1,1e-06,1898101319,re_fixed,0.3911,690489,{},1,126540087,0,0
"U(0.01,0.1), eps=1e-06",0.01,0.1,1e-06,1898101319,linear_fixed,0.3492,287,"{'lookback_window': 5, 'safeguard': 1, 'inc': 1}",1,126540087,0,0
"U(0.01,0.1), eps=1e-06",0.01,0.1,1e-06,2761823151,binary_deep,0.45885,29572,{'conf': 0.95},1,184121543,0,0
"U(0.01,0.1), eps=1e-06",0.01,0.1,1e-06,2761823151,re_fixed,0.4594,170458,{},1,184121543,0,0
"U(0.01,0.1), eps=1e-06",0.01,0.1,1e-06,2761823151,linear_fixed,0.41095,317,"{'lookback_window': 5, 'safeguard': 1, 'inc': 1}",1,184121543,0,0
"U(0.01,0.1), eps=1e-06",0.01,0.1,1e-06,4018577429,binary_deep,0.53595,42936,{'conf': 0.8},1,267905161,0,0
"U(0.01,0.1), eps=1e-06",0.01,0.1,1e-06,4018577429,re_fixed,0.5273,2500,{},1,267905161,0,0
"U(0.01,0.1), eps=1e-06",0.01,0.1,1e-06,4018577429,linear_fixed,0.489,3730,"{'lookback_window': 5, 'safeguard': 1, 'inc': 2}",1,267905161,0,0
"U(0.01,0.1), eps=1e-06",0.01,0.1,1e-06,4847419193,binary_deep,0.5739,129032,{'conf': 0.9},1,323161279,0,0
"U(0.01,0.1), eps=1e-06",0.01,0.1,1e-06,4847419193,re_fixed,0.5677,2935,{},1,323161279,0,0
"U(0.01,0.1), eps=1e-06",0.01,0.1,1e-06,4847419193,linear_fixed,0.5279,4677,"{'lookback_window': 5, 'safeguard': 1, 'inc': 2}",1,323161279,0,0
"U(0.01,0.1), eps=1e-06",0.01,0.1,1e-06,7053213870,binary_deep,0.6562,17699,{'conf': 0.8},1,470214258,0,0
"U(0.01,0.1), eps=1e-06",0.01,0.1,1e-06,7053213870,re_fixed,0.64235,690,{},1,470214258,0,0
"U(0.01,0.1), eps=1e-06",0.01,0.1,1e-06,7053213870,linear_fixed,0.61395,53157,"{'lookback_window': 5, 'safeguard': 0, 'inc': 2}",1,470214258,0,0
"U(0.01,0.1), eps=1e-06",0.01,0.1,1e-06,8507957079,binary_deep,0.6976,44333,{'conf': 0.7},1,567197138,0,0
"U(0.01,0.1), eps=1e-06",0.01,0.1,1e-06,8507957079,re_fixed,0.6932,2538,{},1,567197138,0,0
"U(0.01,0.1), eps=1e-06",0.01,0.1,1e-06,8507957079,linear_fixed,0.65395,46629,"{'lookback_window': 5, 'safeguard': 0, 'inc': 2}",1,567197138,0,0
"U(0.01,0.1), eps=1e-06",0.01,0.1,1e-06,12379461831,binary_deep,0.77815,11951,{'conf': 0.8},1,825297455,0,0
"U(0.01,0.1), eps=1e-06",0.01,0.1,1e-06,12379461831,re_fixed,0.7748,18384,{},1,825297455,0,0
"U(0.01,0.1), eps=1e-06",0.01,0.1,1e-06,12379461831,linear_fixed,0.73625,349167,"{'lookback_window': 5, 'safeguard': 0, 'inc': 2}",1,825297455,0,0
"U(0.01,0.1), eps=1e-06",0.01,0.1,1e-06,18012676110,binary_deep,0.84945,53766,{'conf': 0.8},1,1200845074,0,0
"U(0.01,0.1), eps=1e-06",0.01,0.1,1e-06,18012676110,re_fixed,0.84675,43328,{},1,1200845074,0,0
"U(0.01,0.1), eps=1e-06",0.01,0.1,1e-06,18012676110,linear_fixed,0.8113,448350,"{'lookback_window': 5, 'safeguard': 0, 'inc': 2}",1,1200845074,0,0
"U(0.01,0.1), eps=1e-06",0.01,0.1,1e-06,21727836139,binary_deep,0.88075,7632,{'conf': 0.6},1,1448522409,0,0
"U(0.01,0.1), eps=1e-06",0.01,0.1,1e-06,21727836139,re_fixed,0.87495,6057,{},1,1448522409,0,0
"U(0.01,0.1), eps=1e-06",0.01,0.1,1e-06,21727836139,linear_fixed,0.844,2308,"{'lookback_window': 5, 'safeguard': 1, 'inc': 1}",1,1448522409,0,0
"U(0.01,0.1), eps=1e-06",0.01,0.1,1e-06,31614982969,binary_deep,0.9319,11318,{'conf': 0.9},1,2107665531,0,0
"U(0.01,0.1), eps=1e-06",0.01,0.1,1e-06,31614982969,re_fixed,0.929,58109,{},1,2107665531,0,0
"U(0.01,0.1), eps=1e-06",0.01,0.1,1e-06,31614982969,linear_fixed,0.91095,311844,"{'lookback_window': 5, 'safeguard': 0, 'inc': 2}",1,2107665531,0,0
"U(0.01,0.1), eps=1e-06",0.01,0.1,1e-06,46001228182,binary_deep,0.9674,1189951,{'conf': 0.5},1,3066748545,0,0
"U(0.01,0.1), eps=1e-06",0.01,0.1,1e-06,46001228182,re_fixed,0.9621,946,{},1,3066748545,0,0
"U(0.01,0.1), eps=1e-06",0.01,0.1,1e-06,46001228182,linear_fixed,0.9453,212,"{'lookback_window': 5, 'safeguard': 1, 'inc': 2}",1,3066748545,0,0
"U(0.01,0.1), eps=1e-07",0.01,0.1,1e-07,89653333333,binary_deep,0.2782,21245,{'conf': 0.95},1,5976888888,0,0
"U(0.01,0.1), eps=1e-07",0.01,0.1,1e-07,89653333333,re_fixed,0.27275,3167,{},1,5976888888,0,0
"U(0.01,0.1), eps=1e-07",0.01,0.1,1e-07,89653333333,linear_fixed,0.2501,6459,"{'lookback_window': 5, 'safeguard': 1, 'inc': 2}",1,5976888888,0,0
"U(0.01,0.1), eps=1e-07",0.01,0.1,1e-07,108144560197,binary_deep,0.30085,4000,{'conf': 0.8},1,7209637346,0,0
"U(0.01,0.1), eps=1e-07",0.01,0.1,1e-07,108144560197,re_fixed,0.3004,12171,{},1,7209637346,0,0
"U(0.01,0.1), eps=1e-07",0.01,0.1,1e-07,108144560197,linear_fixed,0.2783,35092,"{'lookback_window': 5, 'safeguard': 0, 'inc': 2}",1,7209637346,0,0
"U(0.01,0.1), eps=1e-07",0.01,0.1,1e-07,157355219680,binary_deep,0.35845,10507,{'conf': 0.9},1,10490347978,0,0
"U(0.01,0.1), eps=1e-07",0.01,0.1,1e-07,157355219680,re_fixed,0.35155,2626,{},1,10490347978,0,0
"U(0.01,0.1), eps=1e-07",0.01,0.1,1e-07,157355219680,linear_fixed,0.3167,2189,"{'lookback_window': 5, 'safeguard': 1, 'inc': 1}",1,10490347978,0,0
"U(0.01,0.1), eps=1e-07",0.01,0.1,1e-07,189810131921,binary_deep,0.3912,28493,{'conf': 0.5},1,12654008794,0,0
"U(0.01,0.1), eps=1e-07",0.01,0.1,1e-07,189810131921,re_fixed,0.39315,3076566,{},1,12654008794,0,0
"U(0.01,0.1), eps=1e-07",0.01,0.1,1e-07,189810131921,linear_fixed,0.34165,1568,"{'lookback_window': 5, 'safeguard': 1, 'inc': 1}",1,12654008794,0,0
"U(0.01,0.1), eps=1e-07",0.01,0.1,1e-07,276182315148,binary_deep,0.4601,26188,{'conf': 0.5},1,18412154343,0,0
"U(0.01,0.1), eps=1e-07",0.01,0.1,1e-07,276182315148,re_fixed,0.45945,116184,{},1,18412154343,0,0
"U(0.01,0.1), eps=1e-07",0.01,0.1,1e-07,276182315148,linear_fixed,0.41945,343,"{'lookback_window': 5, 'safeguard': 1, 'inc': 2}",1,18412154343,0,0
"U(0.01,0.1), eps=1e-07",0.01,0.1,1e-07,401857742938,binary_deep,0.5365,19105,{'conf': 0.9},1,26790516195,0,0
"U(0.01,0.1), eps=1e-07",0.01,0.1,1e-07,401857742938,re_fixed,0.52775,2669,{},1,26790516195,0,0
"U(0.01,0.1), eps=1e-07",0.01,0.1,1e-07,401857742938,linear_fixed,0.493,364408,"{'lookback_window': 5, 'safeguard': 0, 'inc': 2}",1,26790516195,0,0
"U(0.01,0.1), eps=1e-07",0.01,0.1,1e-07,484741919306,binary_deep,0.57605,51812,{'conf': 0.8},1,32316127953,0,0
"U(0.01,0.1), eps=1e-07",0.01,0.1,1e-07,484741919306,re_fixed,0.5679,2849,{},1,32316127953,0,0
"U(0.01,0.1), eps=1e-07",0.01,0.1,1e-07,484741919306,linear_fixed,0.5341,636699,"{'lookback_window': 5, 'safeguard': 0, 'inc': 2}",1,32316127953,0,0
"U(0.01,0.1), eps=1e-07",0.01,0.1,1e-07,705321387051,binary_deep,0.65795,293636,{'conf': 0.9},1,47021425803,0,0
"U(0.01,0.1), eps=1e-07",0.01,0.1,1e-07,705321387051,re_fixed,0.6556,15000,{},1,47021425803,0,0
"U(0.01,0.1), eps=1e-07",0.01,0.1,1e-07,705321387051,linear_fixed,0.61495,60216,"{'lookback_window': 5, 'safeguard': 0, 'inc': 2}",1,47021425803,0,0
"U(0.01,0.1), eps=1e-07",0.01,0.1,1e-07,850795707922,binary_deep,0.69695,20337,{'conf': 0.6},1,56719713861,0,0
"U(0.01,0.1), eps=1e-07",0.01,0.1,1e-07,850795707922,re_fixed,0.69985,47372,{},1,56719713861,0,0
"U(0.01,0.1), eps=1e-07",0.01,0.1,1e-07,850795707922,linear_fixed,0.6548,52164,"{'lookback_window': 5, 'safeguard': 0, 'inc': 2}",1,56719713861,0,0
"U(0.01,0.1), eps=1e-07",0.01,0.1,1e-07,1237946183132,binary_deep,0.77815,18694,{'conf': 0.5},1,82529745542,0,0
"U(0.01,0.1), eps=1e-07",0.01,0.1,1e-07,1237946183132,re_fixed,0.7748,22129,{},1,82529745542,0,0
"U(0.01,0.1), eps=1e-07",0.01,0.1,1e-07,1237946183132,linear_fixed,0.7369,664035,"{'lookback_window': 5, 'safeguard': 0, 'inc': 2}",1,82529745542,0,0
"U(0.01,0.1), eps=1e-07",0.01,0.1,1e-07,1801267611087,binary_deep,0.8496,52097,{'conf': 0.8},1,120084507405,0,0
"U(0.01,0.1), eps=1e-07",0.01,0.1,1e-07,1801267611087,re_fixed,0.8473,65638,{},1,120084507405,0,0
"U(0.01,0.1), eps=1e-07",0.01,0.1,1e-07,1801267611087,linear_fixed,0.81545,33334744,"{'lookback_window': 5, 'safeguard': 0, 'inc': 2}",1,120084507405,0,0
"U(0.01,0.1), eps=1e-07",0.01,0.1,1e-07,2172783613919,binary_deep,0.88065,12097,{'conf': 0.5},1,144852240927,0,0
"U(0.01,0.1), eps=1e-07",0.01,0.1,1e-07,2172783613919,re_fixed,0.87705,44862,{},1,144852240927,0,0
"U(0.01,0.1), eps=1e-07",0.01,0.1,1e-07,2172783613919,linear_fixed,0.8464,21004,"{'lookback_window': 5, 'safeguard': 1, 'inc': 2}",1,144852240927,0,0
"U(0.01,0.1), eps=1e-07",0.01,0.1,1e-07,3161498296921,binary_deep,0.9325,16996,{'conf': 0.9},1,210766553128,0,0
"U(0.01,0.1), eps=1e-07",0.01,0.1,1e-07,3161498296921,re_fixed,0.9302,1583882,{},1,210766553128,0,0
"U(0.01,0.1), eps=1e-07",0.01,0.1,1e-07,3161498296921,linear_fixed,0.9117,344860,"{'lookback_window': 5, 'safeguard': 0, 'inc': 2}",1,210766553128,0,0
"U(0.01,0.1), eps=1e-07",0.01,0.1,1e-07,4600122818216,binary_deep,0.9681,1239917,{'conf': 0.5},1,306674854547,0,0
"U(0.01,0.1), eps=1e-07",0.01,0.1,1e-07,4600122818216,re_fixed,0.96255,996,{},1,306674854547,0,0
"U(0.01,0.1), eps=1e-07",0.01,0.1,1e-07,4600122818216,linear_fixed,0.9557,1949606,"{'lookback_window': 5, 'safeguard': 0, 'inc': 2}",1,306674854547,0,0
"U(0.01,0.1), eps=1e-08",0.01,0.1,1e-08,8965333333333,binary_deep,0.2777,15352,{'conf': 0.7},1,597688888888,0,0
"U(0.01,0.1), eps=1e-08",0.01,0.1,1e-08,8965333333333,re_fixed,0.2763,131888,{},1,597688888888,0,0
"U(0.01,0.1), eps=1e-08",0.01,0.1,1e-08,8965333333333,linear_fixed,0.24315,70955072,"{'lookback_window': 5, 'safeguard': 0, 'inc': 5}",1,597688888888,0,0
"U(0.01,0.1), eps=1e-08",0.01,0.1,1e-08,10814456019797,binary_deep,0.3043,113571,{'conf': 0.9},1,720963734653,0,0
"U(0.01,0.1), eps=1e-08",0.01,0.1,1e-08,10814456019797,re_fixed,0.30255,143091,{},1,720963734653,0,0
"U(0.01,0.1), eps=1e-08",0.01,0.1,1e-08,10814456019797,linear_fixed,0.2752,14232,"{'lookback_window': 5, 'safeguard': 0, 'inc': 2}",1,720963734653,0,0
"U(0.01,0.1), eps=1e-08",0.01,0.1,1e-08,15735521968084,binary_deep,0.35875,19119,{'conf': 0.9},1,1049034797872,0,0
"U(0.01,0.1), eps=1e-08",0.01,0.1,1e-08,15735521968084,re_fixed,0.3603,168434,{},1,1049034797872,0,0
"U(0.01,0.1), eps=1e-08",0.01,0.1,1e-08,15735521968084,linear_fixed,0.32325,101775,"{'lookback_window': 5, 'safeguard': 0, 'inc': 2}",1,1049034797872,0,0
"U(0.01,0.1), eps=1e-08",0.01,0.1,1e-08,18981013192192,binary_deep,0.39135,25712,{'conf': 0.5},1,1265400879479,0,0
"U(0.01,0.1), eps=1e-08",0.01,0.1,1e-08,18981013192192,re_fixed,0.39285,1636298,{},1,1265400879479,0,0
"U(0.01,0.1), eps=1e-08",0.01,0.1,1e-08,18981013192192,linear_fixed,0.3528,352664,"{'lookback_window': 5, 'safeguard': 0, 'inc': 1}",1,1265400879479,0,0
"U(0.01,0.1), eps=1e-08",0.01,0.1,1e-08,27618231514879,binary_deep,0.4601,29295,{'conf': 0.95},1,1841215434325,0,0
"U(0.01,0.1), eps=1e-08",0.01,0.1,1e-08,27618231514879,re_fixed,0.45785,18454,{},1,1841215434325,0,0
"U(0.01,0.1), eps=1e-08",0.01,0.1,1e-08,27618231514879,linear_fixed,0.41955,4863,"{'lookback_window': 5, 'safeguard': 0, 'inc': 2}",1,1841215434325,0,0
"U(0.01,0.1), eps=1e-08",0.01,0.1,1e-08,40185774293819,binary_deep,0.53865,878652,{'conf': 0.8},1,2679051619587,0,0
"U(0.01,0.1), eps=1e-08",0.01,0.1,1e-08,40185774293819,re_fixed,0.52795,2771,{},1,2679051619587,0,0
"U(0.01,0.1), eps=1e-08",0.01,0.1,1e-08,40185774293819,linear_fixed,0.49315,397226,"{'lookback_window': 5, 'safeguard': 0, 'inc': 2}",1,2679051619587,0,0
"U(0.01,0.1), eps=1e-08",0.01,0.1,1e-08,48474191930623,binary_deep,0.57495,25660,{'conf': 0.95},1,3231612795374,0,0
"U(0.01,0.1), eps=1e-08",0.01,0.1,1e-08,48474191930623,re_fixed,0.57245,12830,{},1,3231612795374,0,0
"U(0.01,0.1), eps=1e-08",0.01,0.1,1e-08,48474191930623,linear_fixed,0.5341,688221,"{'lookback_window': 5, 'safeguard': 0, 'inc': 2}",1,3231612795374,0,0
"U(0.01,0.1), eps=1e-08",0.01,0.1,1e-08,70532138705184,binary_deep,0.65645,20295,{'conf': 0.5},1,4702142580345,0,0
"U(0.01,0.1), eps=1e-08",0.01,0.1,1e-08,70532138705184,re_fixed,0.65785,57284,{},1,4702142580345,0,0
"U(0.01,0.1), eps=1e-08",0.01,0.1,1e-08,70532138705184,linear_fixed,0.60985,4788,"{'lookback_window': 5, 'safeguard': 1, 'inc': 2}",1,4702142580345,0,0
"U(0.01,0.1), eps=1e-08",0.01,0.1,1e-08,85079570792251,binary_deep,0.6969,19183,{'conf': 0.6},1,5671971386150,0,0
"U(0.01,0.1), eps=1e-08",0.01,0.1,1e-08,85079570792251,re_fixed,0.69945,27294,{},1,5671971386150,0,0
"U(0.01,0.1), eps=1e-08",0.01,0.1,1e-08,85079570792251,linear_fixed,0.65605,710230,"{'lookback_window': 5, 'safeguard': 0, 'inc': 2}",1,5671971386150,0,0
"U(0.01,0.1), eps=1e-08",0.01,0.1,1e-08,123794618313287,binary_deep,0.77845,19590,{'conf': 0.5},1,8252974554219,0,0
"U(0.01,0.1), eps=1e-08",0.01,0.1,1e-08,123794618313287,re_fixed,0.7746,8532,{},1,8252974554219,0,0
"U(0.01,0.1), eps=1e-08",0.01,0.1,1e-08,123794618313287,linear_fixed,0.7382,335764,"{'lookback_window': 5, 'safeguard': 0, 'inc': 2}",1,8252974554219,0,0
"U(0.01,0.1), eps=1e-08",0.01,0.1,1e-08,180126761108769,binary_deep,0.84965,52081,{'conf': 0.8},1,12008450740584,0,0
"U(0.01,0.1), eps=1e-08",0.01,0.1,1e-08,180126761108769,re_fixed,0.84355,6025,{},1,12008450740584,0,0
"U(0.01,0.1), eps=1e-08",0.01,0.1,1e-08,180126761108769,linear_fixed,0.81635,976256176,"{'lookback_window': 5, 'safeguard': 0, 'inc': 2}",1,12008450740584,0,0
"U(0.01,0.1), eps=1e-08",0.01,0.1,1e-08,217278361391956,binary_deep,0.88095,12759,{'conf': 0.5},1,14485224092797,0,0
"U(0.01,0.1), eps=1e-08",0.01,0.1,1e-08,217278361391956,re_fixed,0.87925,4633220,{},1,14485224092797,0,0
"U(0.01,0.1), eps=1e-08",0.01,0.1,1e-08,217278361391956,linear_fixed,0.85415,4480692704,"{'lookback_window': 5, 'safeguard': 0, 'inc': 2}",1,14485224092797,0,0
"U(0.01,0.1), eps=1e-08",0.01,0.1,1e-08,316149829692175,binary_deep,0.93255,18018,{'conf': 0.9},1,21076655312811,0,0
"U(0.01,0.1), eps=1e-08",0.01,0.1,1e-08,316149829692175,re_fixed,0.9281,13571,{},1,21076655312811,0,0
"U(0.01,0.1), eps=1e-08",0.01,0.1,1e-08,316149829692175,linear_fixed,0.91535,248687719,"{'lookback_window': 5, 'safeguard': 0, 'inc': 2}",1,21076655312811,0,0
"U(0.01,0.1), eps=1e-08",0.01,0.1,1e-08,460012281821689,binary_deep,0.9681,1160004,{'conf': 0.5},1,30667485454779,0,0
"U(0.01,0.1), eps=1e-08",0.01,0.1,1e-08,460012281821689,re_fixed,0.961,441,{},1,30667485454779,0,0
"U(0.01,0.1), eps=1e-08",0.01,0.1,1e-08,460012281821689,linear_fixed,0.95405,1973,"{'lookback_window': 5, 'safeguard': 1, 'inc': 1}",1,30667485454779,0,0
"U(1e-05,0.01), eps=1e-05",1e-05,0.01,1e-05,856560,binary_deep,0.2667,752,{'conf': 0.5},1,5455,0,0
"U(1e-05,0.01), eps=1e-05",1e-05,0.01,1e-05,856560,re_fixed,0.2531,52,{},1,5455,0,0
"U(1e-05,0.01), eps=1e-05",1e-05,0.01,1e-05,856560,linear_fixed,0.21175,4,"{'lookback_window': 5, 'safeguard': 2, 'inc': 5}",1,5455,1,0
"U(1e-05,0.01), eps=1e-05",1e-05,0.01,1e-05,1033228,binary_deep,0.3024,209,{'conf': 0.5},1,6581,0,0
"U(1e-05,0.01), eps=1e-05",1e-05,0.01,1e-05,1033228,re_fixed,0.30085,453,{},1,6581,0,0
"U(1e-05,0.01), eps=1e-05",1e-05,0.01,1e-05,1033228,linear_fixed,0.23,4,"{'lookback_window': 5, 'safeguard': 2, 'inc': 5}",1,6581,1,0
"U(1e-05,0.01), eps=1e-05",1e-05,0.01,1e-05,1503393,binary_deep,0.3647,326,{'conf': 0.5},1,9575,0,0
"U(1e-05,0.01), eps=1e-05",1e-05,0.01,1e-05,1503393,re_fixed,0.36285,496,{},1,9575,0,0
"U(1e-05,0.01), eps=1e-05",1e-05,0.01,1e-05,1503393,linear_fixed,0.27645,4,"{'lookback_window': 5, 'safeguard': 2, 'inc': 5}",1,9575,1,0
"U(1e-05,0.01), eps=1e-05",1e-05,0.01,1e-05,1813472,binary_deep,0.39515,296,{'conf': 0.5},1,11550,0,0
"U(1e-05,0.01), eps=1e-05",1e-05,0.01,1e-05,1813472,re_fixed,0.39845,374,{},1,11550,0,0
"U(1e-05,0.01), eps=1e-05",1e-05,0.01,1e-05,1813472,linear_fixed,0.30195,4,"{'lookback_window': 5, 'safeguard': 1, 'inc': 5}",1,11550,1,0
"U(1e-05,0.01), eps=1e-05",1e-05,0.01,1e-05,2638684,binary_deep,0.4646,614,{'conf': 0.5},1,16806,0,0
"U(1e-05,0.01), eps=1e-05",1e-05,0.01,1e-05,2638684,re_fixed,0.4675,469,{},1,16806,0,0
"U(1e-05,0.01), eps=1e-05",1e-05,0.01,1e-05,2638684,linear_fixed,0.35955,4,"{'lookback_window': 5, 'safeguard': 2, 'inc': 5}",1,16806,0,0
"U(1e-05,0.01), eps=1e-05",1e-05,0.01,1e-05,3839405,binary_deep,0.543,935,{'conf': 0.5},1,24454,0,0
"U(1e-05,0.01), eps=1e-05",1e-05,0.01,1e-05,3839405,re_fixed,0.54505,727,{},1,24454,0,0
"U(1e-05,0.01), eps=1e-05",1e-05,0.01,1e-05,3839405,linear_fixed,0.42295,4,"{'lookback_window': 5, 'safeguard': 1, 'inc': 5}",1,24454,0,0
"U(1e-05,0.01), eps=1e-05",1e-05,0.01,1e-05,4631292,binary_deep,0.5846,1049,{'conf': 0.5},1,29498,0,0
"U(1e-05,0.01), eps=1e-05",1e-05,0.01,1e-05,4631292,re_fixed,0.58295,633,{},1,29498,0,0
"U(1e-05,0.01), eps=1e-05",1e-05,0.01,1e-05,4631292,linear_fixed,0.4544,4,"{'lookback_window': 5, 'safeguard': 2, 'inc': 5}",1,29498,1,0
"U(1e-05,0.01), eps=1e-05",1e-05,0.01,1e-05,6738739,binary_deep,0.66495,1044,{'conf': 0.5},1,42921,0,0
"U(1e-05,0.01), eps=1e-05",1e-05,0.01,1e-05,6738739,re_fixed,0.66545,828,{},1,42921,0,0
"U(1e-05,0.01), eps=1e-05",1e-05,0.01,1e-05,6738739,linear_fixed,0.534,10,"{'lookback_window': 5, 'safeguard': 0, 'inc': 2}",1,42921,0,0
"U(1e-05,0.01), eps=1e-05",1e-05,0.01,1e-05,8128621,binary_deep,0.70415,1844,{'conf': 0.5},1,51774,0,0
"U(1e-05,0.01), eps=1e-05",1e-05,0.01,1e-05,8128621,re_fixed,0.6949,4888,{},1,51774,0,0
"U(1e-05,0.01), eps=1e-05",1e-05,0.01,1e-05,8128621,linear_fixed,0.57655,10,"{'lookback_window': 5, 'safeguard': 0, 'inc': 2}",1,51774,0,0
"U(1e-05,0.01), eps=1e-05",1e-05,0.01,1e-05,11827511,binary_deep,0.7774,440,{'conf': 0.5},1,75334,0,0
"U(1e-05,0.01), eps=1e-05",1e-05,0.01,1e-05,11827511,re_fixed,0.7809,1959,{},1,75334,0,0
"U(1e-05,0.01), eps=1e-05",1e-05,0.01,1e-05,11827511,linear_fixed,0.66805,10,"{'lookback_window': 5, 'safeguard': 2, 'inc': 2}",1,75334,0,0
"U(1e-05,0.01), eps=1e-05",1e-05,0.01,1e-05,17209563,binary_deep,0.8429,5309,{'conf': 0.5},1,109615,0,0
"U(1e-05,0.01), eps=1e-05",1e-05,0.01,1e-05,17209563,re_fixed,0.8463,536,{},1,109615,0,0
"U(1e-05,0.01), eps=1e-05",1e-05,0.01,1e-05,17209563,linear_fixed,0.7543,15,"{'lookback_window': 5, 'safeguard': 2, 'inc': 2}",1,109615,0,0
"U(1e-05,0.01), eps=1e-05",1e-05,0.01,1e-05,20759079,binary_deep,0.8787,2898,{'conf': 0.5},1,132223,0,0
"U(1e-05,0.01), eps=1e-05",1e-05,0.01,1e-05,20759079,re_fixed,0.87895,6099,{},1,132223,0,0
"U(1e-05,0.01), eps=1e-05",1e-05,0.01,1e-05,20759079,linear_fixed,0.8032,125,"{'lookback_window': 5, 'safeguard': 2, 'inc': 5}",1,132223,0,0
"U(1e-05,0.01), eps=1e-05",1e-05,0.01,1e-05,30205397,binary_deep,0.9328,1493,{'conf': 0.5},1,192391,0,0
"U(1e-05,0.01), eps=1e-05",1e-05,0.01,1e-05,30205397,re_fixed,0.9318,2216,{},1,192391,0,0
"U(1e-05,0.01), eps=1e-05",1e-05,0.01,1e-05,30205397,linear_fixed,0.87165,91,"{'lookback_window': 5, 'safeguard': 2, 'inc': 5}",1,192391,0,0
"U(1e-05,0.01), eps=1e-05",1e-05,0.01,1e-05,43950218,binary_deep,0.9635,18318,{'conf': 0.5},1,279937,0,0
"U(1e-05,0.01), eps=1e-05",1e-05,0.01,1e-05,43950218,re_fixed,0.96355,340,{},1,279937,0,0
"U(1e-05,0.01), eps=1e-05",1e-05,0.01,1e-05,43950218,linear_fixed,0.93165,94,"{'lookback_window': 5, 'safeguard': 2, 'inc': 2}",1,279937,0,0
