setting,phi_min,phi_max,eps,algo,budget,fn,params
"U(0.01,0.05), eps=1e-06",0.01,0.05,1e-06,linear,433806451,find_phi_fixed_budget_linear_search,"{""m_exploration"": 1392, ""lookback_window"": 5, ""safeguard"": 1, ""inc"": 5, ""budget"": 433806451}"
"U(0.01,0.05), eps=1e-06",0.01,0.05,1e-06,linear,666998572,find_phi_fixed_budget_linear_search,"{""m_exploration"": 1392, ""lookback_window"": 5, ""safeguard"": 1, ""inc"": 5, ""budget"": 666998572}"
"U(0.01,0.05), eps=1e-06",0.01,0.05,1e-06,linear,1025542827,find_phi_fixed_budget_linear_search,"{""m_exploration"": 646, ""lookback_window"": 5, ""safeguard"": 1, ""inc"": 5, ""budget"": 1025542827}"
"U(0.01,0.05), eps=1e-06",0.01,0.05,1e-06,linear,1576822104,find_phi_fixed_budget_linear_search,"{""m_exploration"": 64633, ""lookback_window"": 5, ""safeguard"": 0, ""inc"": 2, ""budget"": 1576822104}"
"U(0.01,0.05), eps=1e-06",0.01,0.05,1e-06,linear,2424440872,find_phi_fixed_budget_linear_search,"{""m_exploration"": 3000, ""lookback_window"": 5, ""safeguard"": 1, ""inc"": 2, ""budget"": 2424440872}"
"U(0.01,0.05), eps=1e-06",0.01,0.05,1e-06,linear,3727696059,find_phi_fixed_budget_linear_search,"{""m_exploration"": 64633, ""lookback_window"": 5, ""safeguard"": 0, ""inc"": 2, ""budget"": 3727696059}"
"U(0.01,0.05), eps=1e-06",0.01,0.05,1e-06,linear,5731514456,find_phi_fixed_budget_linear_search,"{""m_exploration"": 64633, ""lookback_window"": 5, ""safeguard"": 1, ""inc"": 2, ""budget"": 5731514456}"
"U(0.01,0.05), eps=1e-06",0.01,0.05,1e-06,linear,8812482949,find_phi_fixed_budget_linear_search,"{""m_exploration"": 64633, ""lookback_window"": 5, ""safeguard"": 0, ""inc"": 2, ""budget"": 8812482949}"
"U(0.01,0.05), eps=1e-06",0.01,0.05,1e-06,linear,13549622239,find_phi_fixed_budget_linear_search,"{""m_exploration"": 300, ""lookback_window"": 5, ""safeguard"": 1, ""inc"": 1, ""budget"": 13549622239}"
"U(0.01,0.05), eps=1e-06",0.01,0.05,1e-06,linear,20833204882,find_phi_fixed_budget_linear_search,"{""m_exploration"": 300, ""lookback_window"": 5, ""safeguard"": 1, ""inc"": 1, ""budget"": 20833204882}"
"U(0.01,0.05), eps=1e-06",0.01,0.05,1e-06,linear,32032068351,find_phi_fixed_budget_linear_search,"{""m_exploration"": 646, ""lookback_window"": 5, ""safeguard"": 1, ""inc"": 2, ""budget"": 32032068351}"
"U(0.01,0.05), eps=1e-06",0.01,0.05,1e-06,linear,49250866998,find_phi_fixed_budget_linear_search,"{""m_exploration"": 3000, ""lookback_window"": 5, ""safeguard"": 2, ""inc"": 1, ""budget"": 49250866998}"
"U(0.01,0.05), eps=1e-06",0.01,0.05,1e-06,linear,75725609522,find_phi_fixed_budget_linear_search,"{""m_exploration"": 29, ""lookback_window"": 2, ""safeguard"": 2, ""inc"": 2, ""budget"": 75725609522}"
"U(0.01,0.05), eps=1e-06",0.01,0.05,1e-06,linear,116431817081,find_phi_fixed_budget_linear_search,"{""m_exploration"": 3, ""lookback_window"": 1, ""safeguard"": 5, ""inc"": 1, ""budget"": 116431817081}"
"U(0.01,0.05), eps=1e-06",0.01,0.05,1e-06,linear,179019596071,find_phi_fixed_budget_linear_search,"{""m_exploration"": 3, ""lookback_window"": 1, ""safeguard"": 5, ""inc"": 1, ""budget"": 179019596071}"
"U(0.01,0.05), eps=1e-06",0.01,0.05,1e-06,linear,275251358097,find_phi_fixed_budget_linear_search,"{""m_exploration"": 3, ""lookback_window"": 1, ""safeguard"": 5, ""inc"": 1, ""budget"": 275251358097}"
"U(0.01,0.05), eps=1e-06",0.01,0.05,1e-06,linear,423212384550,find_phi_fixed_budget_linear_search,"{""m_exploration"": 3, ""lookback_window"": 1, ""safeguard"": 5, ""inc"": 1, ""budget"": 423212384550}"
"U(0.01,0.05), eps=1e-06",0.01,0.05,1e-06,linear,650709677419,find_phi_fixed_budget_linear_search,"{""m_exploration"": 3, ""lookback_window"": 1, ""safeguard"": 5, ""inc"": 1, ""budget"": 650709677419}"
"U(0.01,0.05), eps=1e-06",0.01,0.05,1e-06,reverse_eng,433806451,find_phi_fixed_budget_reverse_engineering,"{""m_exploration"": 300000, ""safeguard"": 0.95, ""budget"": 433806451}"
"U(0.01,0.05), eps=1e-06",0.01,0.05,1e-06,reverse_eng,666998572,find_phi_fixed_budget_reverse_engineering,"{""m_exploration"": 14399, ""safeguard"": 0.95, ""budget"": 666998572}"
"U(0.01,0.05), eps=1e-06",0.01,0.05,1e-06,reverse_eng,1025542827,find_phi_fixed_budget_reverse_engineering,"{""m_exploration"": 300000, ""safeguard"": 0.95, ""budget"": 1025542827}"
"U(0.01,0.05), eps=1e-06",0.01,0.05,1e-06,reverse_eng,1576822104,find_phi_fixed_budget_reverse_engineering,"{""m_exploration"": 14399, ""safeguard"": 0.95, ""budget"": 1576822104}"
"U(0.01,0.05), eps=1e-06",0.01,0.05,1e-06,reverse_eng,2424440872,find_phi_fixed_budget_reverse_engineering,"{""m_exploration"": 14399, ""safeguard"": 0.95, ""budget"": 2424440872}"
"U(0.01,0.05), eps=1e-06",0.01,0.05,1e-06,reverse_eng,3727696059,find_phi_fixed_budget_reverse_engineering,"{""m_exploration"": 14399, ""safeguard"": 0.95, ""budget"": 3727696059}"
"U(0.01,0.05), eps=1e-06",0.01,0.05,1e-06,reverse_eng,5731514456,find_phi_fixed_budget_reverse_engineering,"{""m_exploration"": 5233, ""safeguard"": 0.95, ""budget"": 5731514456}"
"U(0.01,0.05), eps=1e-06",0.01,0.05,1e-06,reverse_eng,8812482949,find_phi_fixed_budget_reverse_engineering,"{""m_exploration"": 8680, ""safeguard"": 0.95, ""budget"": 8812482949}"
"U(0.01,0.05), eps=1e-06",0.01,0.05,1e-06,reverse_eng,13549622239,find_phi_fixed_budget_reverse_engineering,"{""m_exploration"": 5233, ""safeguard"": 0.95, ""budget"": 13549622239}"
"U(0.01,0.05), eps=1e-06",0.01,0.05,1e-06,reverse_eng,20833204882,find_phi_fixed_budget_reverse_engineering,"{""m_exploration"": 5233, ""safeguard"": 0.95, ""budget"": 20833204882}"
"U(0.01,0.05), eps=1e-06",0.01,0.05,1e-06,reverse_eng,32032068351,find_phi_fixed_budget_reverse_engineering,"{""m_exploration"": 14399, ""safeguard"": 0.95, ""budget"": 32032068351}"
"U(0.01,0.05), eps=1e-06",0.01,0.05,1e-06,reverse_eng,49250866998,find_phi_fixed_budget_reverse_engineering,"{""m_exploration"": 14399, ""safeguard"": 0.95, ""budget"": 49250866998}"
"U(0.01,0.05), eps=1e-06",0.01,0.05,1e-06,reverse_eng,75725609522,find_phi_fixed_budget_reverse_engineering,"{""m_exploration"": 5233, ""safeguard"": 0.9, ""budget"": 75725609522}"
"U(0.01,0.05), eps=1e-06",0.01,0.05,1e-06,reverse_eng,116431817081,find_phi_fixed_budget_reverse_engineering,"{""m_exploration"": 416, ""safeguard"": 0.8, ""budget"": 116431817081}"
"U(0.01,0.05), eps=1e-06",0.01,0.05,1e-06,reverse_eng,179019596071,find_phi_fixed_budget_reverse_engineering,"{""m_exploration"": 416, ""safeguard"": 0.8, ""budget"": 179019596071}"
"U(0.01,0.05), eps=1e-06",0.01,0.05,1e-06,reverse_eng,275251358097,find_phi_fixed_budget_reverse_engineering,"{""m_exploration"": 416, ""safeguard"": 0.8, ""budget"": 275251358097}"
"U(0.01,0.05), eps=1e-06",0.01,0.05,1e-06,reverse_eng,423212384550,find_phi_fixed_budget_reverse_engineering,"{""m_exploration"": 416, ""safeguard"": 0.8, ""budget"": 423212384550}"
"U(0.01,0.05), eps=1e-06",0.01,0.05,1e-06,reverse_eng,650709677419,find_phi_fixed_budget_reverse_engineering,"{""m_exploration"": 416, ""safeguard"": 0.8, ""budget"": 650709677419}"
"U(0.01,0.05), eps=1e-06",0.01,0.05,1e-06,binary,433806451,find_phi_fixed_budget_binary_search,"{""m_exploration"": 32614, ""safeguard"": 2, ""conf"": 0.9, ""budget"": 433806451}"
"U(0.01,0.05), eps=1e-06",0.01,0.05,1e-06,binary,666998572,find_phi_fixed_budget_binary_search,"{""m_exploration"": 32614, ""safeguard"": 2, ""conf"": 0.9, ""budget"": 666998572}"
"U(0.01,0.05), eps=1e-06",0.01,0.05,1e-06,binary,1025542827,find_phi_fixed_budget_binary_search,"{""m_exploration"": 32614, ""safeguard"": 2, ""conf"": 0.9, ""budget"": 1025542827}"
"U(0.01,0.05), eps=1e-06",0.01,0.05,1e-06,binary,1576822104,find_phi_fixed_budget_binary_search,"{""m_exploration"": 32614, ""safeguard"": 2, ""conf"": 0.9, ""budget"": 1576822104}"
"U(0.01,0.05), eps=1e-06",0.01,0.05,1e-06,binary,2424440872,find_phi_fixed_budget_binary_search,"{""m_exploration"": 32614, ""safeguard"": 2, ""conf"": 0.9, ""budget"": 2424440872}"
"U(0.01,0.05), eps=1e-06",0.01,0.05,1e-06,binary,3727696059,find_phi_fixed_budget_binary_search,"{""m_exploration"": 32614, ""safeguard"": 2, ""conf"": 0.9, ""budget"": 3727696059}"
"U(0.01,0.05), eps=1e-06",0.01,0.05,1e-06,binary,5731514456,find_phi_fixed_budget_binary_search,"{""m_exploration"": 32614, ""safeguard"": 2, ""conf"": 0.9, ""budget"": 5731514456}"
"U(0.01,0.05), eps=1e-06",0.01,0.05,1e-06,binary,8812482949,find_phi_fixed_budget_binary_search,"{""m_exploration"": 32614, ""safeguard"": 2, ""conf"": 0.9, ""budget"": 8812482949}"
"U(0.01,0.05), eps=1e-06",0.01,0.05,1e-06,binary,13549622239,find_phi_fixed_budget_binary_search,"{""m_exploration"": 32614, ""safeguard"": 2, ""conf"": 0.9, ""budget"": 13549622239}"
"U(0.01,0.05), eps=1e-06",0.01,0.05,1e-06,binary,20833204882,find_phi_fixed_budget_binary_search,"{""m_exploration"": 32614, ""safeguard"": 2, ""conf"": 0.9, ""budget"": 20833204882}"
"U(0.01,0.05), eps=1e-06",0.01,0.05,1e-06,binary,32032068351,find_phi_fixed_budget_binary_search,"{""m_exploration"": 32614, ""safeguard"": 2, ""conf"": 0.9, ""budget"": 32032068351}"
"U(0.01,0.05), eps=1e-06",0.01,0.05,1e-06,binary,49250866998,find_phi_fixed_budget_binary_search,"{""m_exploration"": 68335, ""safeguard"": 2, ""conf"": 0.8, ""budget"": 49250866998}"
"U(0.01,0.05), eps=1e-06",0.01,0.05,1e-06,binary,75725609522,find_phi_fixed_budget_binary_search,"{""m_exploration"": 68335, ""safeguard"": 2, ""conf"": 0.8, ""budget"": 75725609522}"
"U(0.01,0.05), eps=1e-06",0.01,0.05,1e-06,binary,116431817081,find_phi_fixed_budget_binary_search,"{""m_exploration"": 7429, ""safeguard"": 2, ""conf"": 0.8, ""budget"": 116431817081}"
"U(0.01,0.05), eps=1e-06",0.01,0.05,1e-06,binary,179019596071,find_phi_fixed_budget_binary_search,"{""m_exploration"": 3545, ""safeguard"": 2, ""conf"": 0.5, ""budget"": 179019596071}"
"U(0.01,0.05), eps=1e-06",0.01,0.05,1e-06,binary,275251358097,find_phi_fixed_budget_binary_search,"{""m_exploration"": 3545, ""safeguard"": 2, ""conf"": 0.5, ""budget"": 275251358097}"
"U(0.01,0.05), eps=1e-06",0.01,0.05,1e-06,binary,423212384550,find_phi_fixed_budget_binary_search,"{""m_exploration"": 3545, ""safeguard"": 2, ""conf"": 0.5, ""budget"": 423212384550}"
"U(0.01,0.05), eps=1e-06",0.01,0.05,1e-06,binary,650709677419,find_phi_fixed_budget_binary_search,"{""m_exploration"": 3545, ""safeguard"": 2, ""conf"": 0.5, ""budget"": 650709677419}"
"U(0.01,0.05), eps=1e-06",0.01,0.05,1e-06,reverse_eng_risk,433806451,find_phi_fixed_budget_reverse_engineering_risk,"{""m_exploration"": 180853, ""eps_target"": 1e-06, ""budget"": 433806451}"
"U(0.01,0.05), eps=1e-06",0.01,0.05,1e-06,reverse_eng_risk,666998572,find_phi_fixed_budget_reverse_engineering_risk,"{""m_exploration"": 300000, ""eps_target"": 1e-06, ""budget"": 666998572}"
"U(0.01,0.05), eps=1e-06",0.01,0.05,1e-06,reverse_eng_risk,1025542827,find_phi_fixed_budget_reverse_engineering_risk,"{""m_exploration"": 300000, ""eps_target"": 1e-06, ""budget"": 1025542827}"
"U(0.01,0.05), eps=1e-06",0.01,0.05,1e-06,reverse_eng_risk,1576822104,find_phi_fixed_budget_reverse_engineering_risk,"{""m_exploration"": 300000, ""eps_target"": 1e-06, ""budget"": 1576822104}"
"U(0.01,0.05), eps=1e-06",0.01,0.05,1e-06,reverse_eng_risk,2424440872,find_phi_fixed_budget_reverse_engineering_risk,"{""m_exploration"": 39622, ""eps_target"": 1e-06, ""budget"": 2424440872}"
"U(0.01,0.05), eps=1e-06",0.01,0.05,1e-06,reverse_eng_risk,3727696059,find_phi_fixed_budget_reverse_engineering_risk,"{""m_exploration"": 14399, ""eps_target"": 1e-06, ""budget"": 3727696059}"
"U(0.01,0.05), eps=1e-06",0.01,0.05,1e-06,reverse_eng_risk,5731514456,find_phi_fixed_budget_reverse_engineering_risk,"{""m_exploration"": 5233, ""eps_target"": 1e-06, ""budget"": 5731514456}"
"U(0.01,0.05), eps=1e-06",0.01,0.05,1e-06,reverse_eng_risk,8812482949,find_phi_fixed_budget_reverse_engineering_risk,"{""m_exploration"": 8680, ""eps_target"": 1e-06, ""budget"": 8812482949}"
"U(0.01,0.05), eps=1e-06",0.01,0.05,1e-06,reverse_eng_risk,13549622239,find_phi_fixed_budget_reverse_engineering_risk,"{""m_exploration"": 14399, ""eps_target"": 1e-06, ""budget"": 13549622239}"
"U(0.01,0.05), eps=1e-06",0.01,0.05,1e-06,reverse_eng_risk,20833204882,find_phi_fixed_budget_reverse_engineering_risk,"{""m_exploration"": 5233, ""eps_target"": 1e-06, ""budget"": 20833204882}"
"U(0.01,0.05), eps=1e-06",0.01,0.05,1e-06,reverse_eng_risk,32032068351,find_phi_fixed_budget_reverse_engineering_risk,"{""m_exploration"": 14399, ""eps_target"": 1e-06, ""budget"": 32032068351}"
"U(0.01,0.05), eps=1e-06",0.01,0.05,1e-06,reverse_eng_risk,49250866998,find_phi_fixed_budget_reverse_engineering_risk,"{""m_exploration"": 14399, ""eps_target"": 1e-06, ""budget"": 49250866998}"
"U(0.01,0.05), eps=1e-06",0.01,0.05,1e-06,reverse_eng_risk,75725609522,find_phi_fixed_budget_reverse_engineering_risk,"{""m_exploration"": 5233, ""eps_target"": 1e-06, ""budget"": 75725609522}"
"U(0.01,0.05), eps=1e-06",0.01,0.05,1e-06,reverse_eng_risk,116431817081,find_phi_fixed_budget_reverse_engineering_risk,"{""m_exploration"": 20, ""eps_target"": 1e-06, ""budget"": 116431817081}"
"U(0.01,0.05), eps=1e-06",0.01,0.05,1e-06,reverse_eng_risk,179019596071,find_phi_fixed_budget_reverse_engineering_risk,"{""m_exploration"": 20, ""eps_target"": 1e-06, ""budget"": 179019596071}"
"U(0.01,0.05), eps=1e-06",0.01,0.05,1e-06,reverse_eng_risk,275251358097,find_phi_fixed_budget_reverse_engineering_risk,"{""m_exploration"": 20, ""eps_target"": 1e-06, ""budget"": 275251358097}"
"U(0.01,0.05), eps=1e-06",0.01,0.05,1e-06,reverse_eng_risk,423212384550,find_phi_fixed_budget_reverse_engineering_risk,"{""m_exploration"": 20, ""eps_target"": 1e-06, ""budget"": 423212384550}"
"U(0.01,0.05), eps=1e-06",0.01,0.05,1e-06,reverse_eng_risk,650709677419,find_phi_fixed_budget_reverse_engineering_risk,"{""m_exploration"": 20, ""eps_target"": 1e-06, ""budget"": 650709677419}"
"U(0.01,0.05), eps=1e-06",0.01,0.05,1e-06,binary_risk,433806451,find_phi_fixed_budget_binary_search_risk,"{""m_exploration"": 32614, ""conf"": 0.9, ""eps_target"": 1e-06, ""budget"": 433806451}"
"U(0.01,0.05), eps=1e-06",0.01,0.05,1e-06,binary_risk,666998572,find_phi_fixed_budget_binary_search_risk,"{""m_exploration"": 32614, ""conf"": 0.9, ""eps_target"": 1e-06, ""budget"": 666998572}"
"U(0.01,0.05), eps=1e-06",0.01,0.05,1e-06,binary_risk,1025542827,find_phi_fixed_budget_binary_search_risk,"{""m_exploration"": 32614, ""conf"": 0.9, ""eps_target"": 1e-06, ""budget"": 1025542827}"
"U(0.01,0.05), eps=1e-06",0.01,0.05,1e-06,binary_risk,1576822104,find_phi_fixed_budget_binary_search_risk,"{""m_exploration"": 32614, ""conf"": 0.9, ""eps_target"": 1e-06, ""budget"": 1576822104}"
"U(0.01,0.05), eps=1e-06",0.01,0.05,1e-06,binary_risk,2424440872,find_phi_fixed_budget_binary_search_risk,"{""m_exploration"": 7429, ""conf"": 0.8, ""eps_target"": 1e-06, ""budget"": 2424440872}"
"U(0.01,0.05), eps=1e-06",0.01,0.05,1e-06,binary_risk,3727696059,find_phi_fixed_budget_binary_search_risk,"{""m_exploration"": 32614, ""conf"": 0.8, ""eps_target"": 1e-06, ""budget"": 3727696059}"
"U(0.01,0.05), eps=1e-06",0.01,0.05,1e-06,binary_risk,5731514456,find_phi_fixed_budget_binary_search_risk,"{""m_exploration"": 32614, ""conf"": 0.8, ""eps_target"": 1e-06, ""budget"": 5731514456}"
"U(0.01,0.05), eps=1e-06",0.01,0.05,1e-06,binary_risk,8812482949,find_phi_fixed_budget_binary_search_risk,"{""m_exploration"": 32614, ""conf"": 0.8, ""eps_target"": 1e-06, ""budget"": 8812482949}"
"U(0.01,0.05), eps=1e-06",0.01,0.05,1e-06,binary_risk,13549622239,find_phi_fixed_budget_binary_search_risk,"{""m_exploration"": 32614, ""conf"": 0.9, ""eps_target"": 1e-06, ""budget"": 13549622239}"
"U(0.01,0.05), eps=1e-06",0.01,0.05,1e-06,binary_risk,20833204882,find_phi_fixed_budget_binary_search_risk,"{""m_exploration"": 32614, ""conf"": 0.8, ""eps_target"": 1e-06, ""budget"": 20833204882}"
"U(0.01,0.05), eps=1e-06",0.01,0.05,1e-06,binary_risk,32032068351,find_phi_fixed_budget_binary_search_risk,"{""m_exploration"": 68335, ""conf"": 0.8, ""eps_target"": 1e-06, ""budget"": 32032068351}"
"U(0.01,0.05), eps=1e-06",0.01,0.05,1e-06,binary_risk,49250866998,find_phi_fixed_budget_binary_search_risk,"{""m_exploration"": 68335, ""conf"": 0.8, ""eps_target"": 1e-06, ""budget"": 49250866998}"
"U(0.01,0.05), eps=1e-06",0.01,0.05,1e-06,binary_risk,75725609522,find_phi_fixed_budget_binary_search_risk,"{""m_exploration"": 183, ""conf"": 0.5, ""eps_target"": 1e-06, ""budget"": 75725609522}"
"U(0.01,0.05), eps=1e-06",0.01,0.05,1e-06,binary_risk,116431817081,find_phi_fixed_budget_binary_search_risk,"{""m_exploration"": 20, ""conf"": 0.5, ""eps_target"": 1e-06, ""budget"": 116431817081}"
"U(0.01,0.05), eps=1e-06",0.01,0.05,1e-06,binary_risk,179019596071,find_phi_fixed_budget_binary_search_risk,"{""m_exploration"": 20, ""conf"": 0.5, ""eps_target"": 1e-06, ""budget"": 179019596071}"
"U(0.01,0.05), eps=1e-06",0.01,0.05,1e-06,binary_risk,275251358097,find_phi_fixed_budget_binary_search_risk,"{""m_exploration"": 20, ""conf"": 0.5, ""eps_target"": 1e-06, ""budget"": 275251358097}"
"U(0.01,0.05), eps=1e-06",0.01,0.05,1e-06,binary_risk,423212384550,find_phi_fixed_budget_binary_search_risk,"{""m_exploration"": 20, ""conf"": 0.5, ""eps_target"": 1e-06, ""budget"": 423212384550}"
"U(0.01,0.05), eps=1e-06",0.01,0.05,1e-06,binary_risk,650709677419,find_phi_fixed_budget_binary_search_risk,"{""m_exploration"": 20, ""conf"": 0.5, ""eps_target"": 1e-06, ""budget"": 650709677419}"
"U(0.001,0.05), eps=1e-06",0.001,0.05,1e-06,linear,433806451,find_phi_fixed_budget_linear_search,"{""m_exploration"": 3000, ""lookback_window"": 5, ""safeguard"": 2, ""inc"": 5, ""budget"": 433806451}"
"U(0.001,0.05), eps=1e-06",0.001,0.05,1e-06,linear,666998572,find_phi_fixed_budget_linear_search,"{""m_exploration"": 3000, ""lookback_window"": 5, ""safeguard"": 1, ""inc"": 5, ""budget"": 666998572}"
"U(0.001,0.05), eps=1e-06",0.001,0.05,1e-06,linear,1025542827,find_phi_fixed_budget_linear_search,"{""m_exploration"": 3000, ""lookback_window"": 5, ""safeguard"": 1, ""inc"": 5, ""budget"": 1025542827}"
"U(0.001,0.05), eps=1e-06",0.001,0.05,1e-06,linear,1576822104,find_phi_fixed_budget_linear_search,"{""m_exploration"": 3000, ""lookback_window"": 5, ""safeguard"": 2, ""inc"": 5, ""budget"": 1576822104}"
"U(0.001,0.05), eps=1e-06",0.001,0.05,1e-06,linear,2424440872,find_phi_fixed_budget_linear_search,"{""m_exploration"": 3000, ""lookback_window"": 5, ""safeguard"": 1, ""inc"": 5, ""budget"": 2424440872}"
"U(0.001,0.05), eps=1e-06",0.001,0.05,1e-06,linear,3727696059,find_phi_fixed_budget_linear_search,"{""m_exploration"": 3000, ""lookback_window"": 5, ""safeguard"": 1, ""inc"": 5, ""budget"": 3727696059}"
"U(0.001,0.05), eps=1e-06",0.001,0.05,1e-06,linear,5731514456,find_phi_fixed_budget_linear_search,"{""m_exploration"": 3000, ""lookback_window"": 5, ""safeguard"": 1, ""inc"": 5, ""budget"": 5731514456}"
"U(0.001,0.05), eps=1e-06",0.001,0.05,1e-06,linear,8812482949,find_phi_fixed_budget_linear_search,"{""m_exploration"": 3000, ""lookback_window"": 5, ""safeguard"": 1, ""inc"": 5, ""budget"": 8812482949}"
"U(0.001,0.05), eps=1e-06",0.001,0.05,1e-06,linear,13549622239,find_phi_fixed_budget_linear_search,"{""m_exploration"": 64633, ""lookback_window"": 5, ""safeguard"": 1, ""inc"": 5, ""budget"": 13549622239}"
"U(0.001,0.05), eps=1e-06",0.001,0.05,1e-06,linear,20833204882,find_phi_fixed_budget_linear_search,"{""m_exploration"": 300000, ""lookback_window"": 5, ""safeguard"": 1, ""inc"": 5, ""budget"": 20833204882}"
"U(0.001,0.05), eps=1e-06",0.001,0.05,1e-06,linear,32032068351,find_phi_fixed_budget_linear_search,"{""m_exploration"": 300000, ""lookback_window"": 5, ""safeguard"": 1, ""inc"": 5, ""budget"": 32032068351}"
"U(0.001,0.05), eps=1e-06",0.001,0.05,1e-06,linear,49250866998,find_phi_fixed_budget_linear_search,"{""m_exploration"": 64633, ""lookback_window"": 5, ""safeguard"": 1, ""inc"": 5, ""budget"": 49250866998}"
"U(0.001,0.05), eps=1e-06",0.001,0.05,1e-06,linear,75725609522,find_phi_fixed_budget_linear_search,"{""m_exploration"": 6463, ""lookback_window"": 5, ""safeguard"": 1, ""inc"": 1, ""budget"": 75725609522}"
"U(0.001,0.05), eps=1e-06",0.001,0.05,1e-06,linear,116431817081,find_phi_fixed_budget_linear_search,"{""m_exploration"": 3, ""lookback_window"": 2, ""safeguard"": 5, ""inc"": 1, ""budget"": 116431817081}"
"U(0.001,0.05), eps=1e-06",0.001,0.05,1e-06,linear,179019596071,find_phi_fixed_budget_linear_search,"{""m_exploration"": 3, ""lookback_window"": 1, ""safeguard"": 5, ""inc"": 1, ""budget"": 179019596071}"
"U(0.001,0.05), eps=1e-06",0.001,0.05,1e-06,linear,275251358097,find_phi_fixed_budget_linear_search,"{""m_exploration"": 3, ""lookback_window"": 1, ""safeguard"": 5, ""inc"": 1, ""budget"": 275251358097}"
"U(0.001,0.05), eps=1e-06",0.001,0.05,1e-06,linear,423212384550,find_phi_fixed_budget_linear_search,"{""m_exploration"": 3, ""lookback_window"": 1, ""safeguard"": 5, ""inc"": 1, ""budget"": 423212384550}"
"U(0.001,0.05), eps=1e-06",0.001,0.05,1e-06,linear,650709677419,find_phi_fixed_budget_linear_search,"{""m_exploration"": 3, ""lookback_window"": 1, ""safeguard"": 5, ""inc"": 1, ""budget"": 650709677419}"
"U(0.001,0.05), eps=1e-06",0.001,0.05,1e-06,reverse_eng,433806451,find_phi_fixed_budget_reverse_engineering,"{""m_exploration"": 300000, ""safeguard"": 0.95, ""budget"": 433806451}"
"U(0.001,0.05), eps=1e-06",0.001,0.05,1e-06,reverse_eng,666998572,find_phi_fixed_budget_reverse_engineering,"{""m_exploration"": 180853, ""safeguard"": 0.95, ""budget"": 666998572}"
"U(0.001,0.05), eps=1e-06",0.001,0.05,1e-06,reverse_eng,1025542827,find_phi_fixed_budget_reverse_engineering,"{""m_exploration"": 300000, ""safeguard"": 0.95, ""budget"": 1025542827}"
"U(0.001,0.05), eps=1e-06",0.001,0.05,1e-06,reverse_eng,1576822104,find_phi_fixed_budget_reverse_engineering,"{""m_exploration"": 300000, ""safeguard"": 0.95, ""budget"": 1576822104}"
"U(0.001,0.05), eps=1e-06",0.001,0.05,1e-06,reverse_eng,2424440872,find_phi_fixed_budget_reverse_engineering,"{""m_exploration"": 300000, ""safeguard"": 0.95, ""budget"": 2424440872}"
"U(0.001,0.05), eps=1e-06",0.001,0.05,1e-06,reverse_eng,3727696059,find_phi_fixed_budget_reverse_engineering,"{""m_exploration"": 300000, ""safeguard"": 0.95, ""budget"": 3727696059}"
"U(0.001,0.05), eps=1e-06",0.001,0.05,1e-06,reverse_eng,5731514456,find_phi_fixed_budget_reverse_engineering,"{""m_exploration"": 300000, ""safeguard"": 0.95, ""budget"": 5731514456}"
"U(0.001,0.05), eps=1e-06",0.001,0.05,1e-06,reverse_eng,8812482949,find_phi_fixed_budget_reverse_engineering,"{""m_exploration"": 180853, ""safeguard"": 0.95, ""budget"": 8812482949}"
"U(0.001,0.05), eps=1e-06",0.001,0.05,1e-06,reverse_eng,13549622239,find_phi_fixed_budget_reverse_engineering,"{""m_exploration"": 180853, ""safeguard"": 0.95, ""budget"": 13549622239}"
"U(0.001,0.05), eps=1e-06",0.001,0.05,1e-06,reverse_eng,20833204882,find_phi_fixed_budget_reverse_engineering,"{""m_exploration"": 180853, ""safeguard"": 0.95, ""budget"": 20833204882}"
"U(0.001,0.05), eps=1e-06",0.001,0.05,1e-06,reverse_eng,32032068351,find_phi_fixed_budget_reverse_engineering,"{""m_exploration"": 180853, ""safeguard"": 0.95, ""budget"": 32032068351}"
"U(0.001,0.05), eps=1e-06",0.001,0.05,1e-06,reverse_eng,49250866998,find_phi_fixed_budget_reverse_engineering,"{""m_exploration"": 109026, ""safeguard"": 0.9, ""budget"": 49250866998}"
"U(0.001,0.05), eps=1e-06",0.001,0.05,1e-06,reverse_eng,75725609522,find_phi_fixed_budget_reverse_engineering,"{""m_exploration"": 109026, ""safeguard"": 0.9, ""budget"": 75725609522}"
"U(0.001,0.05), eps=1e-06",0.001,0.05,1e-06,reverse_eng,116431817081,find_phi_fixed_budget_reverse_engineering,"{""m_exploration"": 14399, ""safeguard"": 0.8, ""budget"": 116431817081}"
"U(0.001,0.05), eps=1e-06",0.001,0.05,1e-06,reverse_eng,179019596071,find_phi_fixed_budget_reverse_engineering,"{""m_exploration"": 14399, ""safeguard"": 0.8, ""budget"": 179019596071}"
"U(0.001,0.05), eps=1e-06",0.001,0.05,1e-06,reverse_eng,275251358097,find_phi_fixed_budget_reverse_engineering,"{""m_exploration"": 14399, ""safeguard"": 0.8, ""budget"": 275251358097}"
"U(0.001,0.05), eps=1e-06",0.001,0.05,1e-06,reverse_eng,423212384550,find_phi_fixed_budget_reverse_engineering,"{""m_exploration"": 14399, ""safeguard"": 0.8, ""budget"": 423212384550}"
"U(0.001,0.05), eps=1e-06",0.001,0.05,1e-06,reverse_eng,650709677419,find_phi_fixed_budget_reverse_engineering,"{""m_exploration"": 14399, ""safeguard"": 0.8, ""budget"": 650709677419}"
"U(0.001,0.05), eps=1e-06",0.001,0.05,1e-06,binary,433806451,find_phi_fixed_budget_binary_search,"{""m_exploration"": 7429, ""safeguard"": 2, ""conf"": 0.8, ""budget"": 433806451}"
"U(0.001,0.05), eps=1e-06",0.001,0.05,1e-06,binary,666998572,find_phi_fixed_budget_binary_search,"{""m_exploration"": 7429, ""safeguard"": 2, ""conf"": 0.8, ""budget"": 666998572}"
"U(0.001,0.05), eps=1e-06",0.001,0.05,1e-06,binary,1025542827,find_phi_fixed_budget_binary_search,"{""m_exploration"": 7429, ""safeguard"": 2, ""conf"": 0.8, ""budget"": 1025542827}"
"U(0.001,0.05), eps=1e-06",0.001,0.05,1e-06,binary,1576822104,find_phi_fixed_budget_binary_search,"{""m_exploration"": 15565, ""safeguard"": 2, ""conf"": 0.8, ""budget"": 1576822104}"
"U(0.001,0.05), eps=1e-06",0.001,0.05,1e-06,binary,2424440872,find_phi_fixed_budget_binary_search,"{""m_exploration"": 7429, ""safeguard"": 2, ""conf"": 0.8, ""budget"": 2424440872}"
"U(0.001,0.05), eps=1e-06",0.001,0.05,1e-06,binary,3727696059,find_phi_fixed_budget_binary_search,"{""m_exploration"": 7429, ""safeguard"": 2, ""conf"": 0.8, ""budget"": 3727696059}"
"U(0.001,0.05), eps=1e-06",0.001,0.05,1e-06,binary,5731514456,find_phi_fixed_budget_binary_search,"{""m_exploration"": 7429, ""safeguard"": 2, ""conf"": 0.8, ""budget"": 5731514456}"
"U(0.001,0.05), eps=1e-06",0.001,0.05,1e-06,binary,8812482949,find_phi_fixed_budget_binary_search,"{""m_exploration"": 143180, ""safeguard"": 2, ""conf"": 0.9, ""budget"": 8812482949}"
"U(0.001,0.05), eps=1e-06",0.001,0.05,1e-06,binary,13549622239,find_phi_fixed_budget_binary_search,"{""m_exploration"": 143180, ""safeguard"": 2, ""conf"": 0.9, ""budget"": 13549622239}"
"U(0.001,0.05), eps=1e-06",0.001,0.05,1e-06,binary,20833204882,find_phi_fixed_budget_binary_search,"{""m_exploration"": 143180, ""safeguard"": 2, ""conf"": 0.9, ""budget"": 20833204882}"
"U(0.001,0.05), eps=1e-06",0.001,0.05,1e-06,binary,32032068351,find_phi_fixed_budget_binary_search,"{""m_exploration"": 143180, ""safeguard"": 2, ""conf"": 0.8, ""budget"": 32032068351}"
"U(0.001,0.05), eps=1e-06",0.001,0.05,1e-06,binary,49250866998,find_phi_fixed_budget_binary_search,"{""m_exploration"": 143180, ""safeguard"": 2, ""conf"": 0.8, ""budget"": 49250866998}"
"U(0.001,0.05), eps=1e-06",0.001,0.05,1e-06,binary,75725609522,find_phi_fixed_budget_binary_search,"{""m_exploration"": 143180, ""safeguard"": 2, ""conf"": 0.5, ""budget"": 75725609522}"
"U(0.001,0.05), eps=1e-06",0.001,0.05,1e-06,binary,116431817081,find_phi_fixed_budget_binary_search,"{""m_exploration"": 143180, ""safeguard"": 2, ""conf"": 0.5, ""budget"": 116431817081}"
"U(0.001,0.05), eps=1e-06",0.001,0.05,1e-06,binary,179019596071,find_phi_fixed_budget_binary_search,"{""m_exploration"": 143180, ""safeguard"": 2, ""conf"": 0.5, ""budget"": 179019596071}"
"U(0.001,0.05), eps=1e-06",0.001,0.05,1e-06,binary,275251358097,find_phi_fixed_budget_binary_search,"{""m_exploration"": 143180, ""safeguard"": 2, ""conf"": 0.5, ""budget"": 275251358097}"
"U(0.001,0.05), eps=1e-06",0.001,0.05,1e-06,binary,423212384550,find_phi_fixed_budget_binary_search,"{""m_exploration"": 143180, ""safeguard"": 2, ""conf"": 0.5, ""budget"": 423212384550}"
"U(0.001,0.05), eps=1e-06",0.001,0.05,1e-06,binary,650709677419,find_phi_fixed_budget_binary_search,"{""m_exploration"": 143180, ""safeguard"": 2, ""conf"": 0.5, ""budget"": 650709677419}"
"U(0.001,0.05), eps=1e-06",0.001,0.05,1e-06,reverse_eng_risk,433806451,find_phi_fixed_budget_reverse_engineering_risk,"{""m_exploration"": 300000, ""eps_target"": 1e-06, ""budget"": 433806451}"
"U(0.001,0.05), eps=1e-06",0.001,0.05,1e-06,reverse_eng_risk,666998572,find_phi_fixed_budget_reverse_engineering_risk,"{""m_exploration"": 300000, ""eps_target"": 1e-06, ""budget"": 666998572}"
"U(0.001,0.05), eps=1e-06",0.001,0.05,1e-06,reverse_eng_risk,1025542827,find_phi_fixed_budget_reverse_engineering_risk,"{""m_exploration"": 109026, ""eps_target"": 1e-06, ""budget"": 1025542827}"
"U(0.001,0.05), eps=1e-06",0.001,0.05,1e-06,reverse_eng_risk,1576822104,find_phi_fixed_budget_reverse_engineering_risk,"{""m_exploration"": 300000, ""eps_target"": 1e-06, ""budget"": 1576822104}"
"U(0.001,0.05), eps=1e-06",0.001,0.05,1e-06,reverse_eng_risk,2424440872,find_phi_fixed_budget_reverse_engineering_risk,"{""m_exploration"": 180853, ""eps_target"": 1e-06, ""budget"": 2424440872}"
"U(0.001,0.05), eps=1e-06",0.001,0.05,1e-06,reverse_eng_risk,3727696059,find_phi_fixed_budget_reverse_engineering_risk,"{""m_exploration"": 8680, ""eps_target"": 1e-06, ""budget"": 3727696059}"
"U(0.001,0.05), eps=1e-06",0.001,0.05,1e-06,reverse_eng_risk,5731514456,find_phi_fixed_budget_reverse_engineering_risk,"{""m_exploration"": 39622, ""eps_target"": 1e-06, ""budget"": 5731514456}"
"U(0.001,0.05), eps=1e-06",0.001,0.05,1e-06,reverse_eng_risk,8812482949,find_phi_fixed_budget_reverse_engineering_risk,"{""m_exploration"": 5233, ""eps_target"": 1e-06, ""budget"": 8812482949}"
"U(0.001,0.05), eps=1e-06",0.001,0.05,1e-06,reverse_eng_risk,13549622239,find_phi_fixed_budget_reverse_engineering_risk,"{""m_exploration"": 8680, ""eps_target"": 1e-06, ""budget"": 13549622239}"
"U(0.001,0.05), eps=1e-06",0.001,0.05,1e-06,reverse_eng_risk,20833204882,find_phi_fixed_budget_reverse_engineering_risk,"{""m_exploration"": 8680, ""eps_target"": 1e-06, ""budget"": 20833204882}"
"U(0.001,0.05), eps=1e-06",0.001,0.05,1e-06,reverse_eng_risk,32032068351,find_phi_fixed_budget_reverse_engineering_risk,"{""m_exploration"": 14399, ""eps_target"": 1e-06, ""budget"": 32032068351}"
"U(0.001,0.05), eps=1e-06",0.001,0.05,1e-06,reverse_eng_risk,49250866998,find_phi_fixed_budget_reverse_engineering_risk,"{""m_exploration"": 691, ""eps_target"": 1e-06, ""budget"": 49250866998}"
"U(0.001,0.05), eps=1e-06",0.001,0.05,1e-06,reverse_eng_risk,75725609522,find_phi_fixed_budget_reverse_engineering_risk,"{""m_exploration"": 3154, ""eps_target"": 1e-06, ""budget"": 75725609522}"
"U(0.001,0.05), eps=1e-06",0.001,0.05,1e-06,reverse_eng_risk,116431817081,find_phi_fixed_budget_reverse_engineering_risk,"{""m_exploration"": 20, ""eps_target"": 1e-06, ""budget"": 116431817081}"
"U(0.001,0.05), eps=1e-06",0.001,0.05,1e-06,reverse_eng_risk,179019596071,find_phi_fixed_budget_reverse_engineering_risk,"{""m_exploration"": 20, ""eps_target"": 1e-06, ""budget"": 179019596071}"
"U(0.001,0.05), eps=1e-06",0.001,0.05,1e-06,reverse_eng_risk,275251358097,find_phi_fixed_budget_reverse_engineering_risk,"{""m_exploration"": 20, ""eps_target"": 1e-06, ""budget"": 275251358097}"
"U(0.001,0.05), eps=1e-06",0.001,0.05,1e-06,reverse_eng_risk,423212384550,find_phi_fixed_budget_reverse_engineering_risk,"{""m_exploration"": 20, ""eps_target"": 1e-06, ""budget"": 423212384550}"
"U(0.001,0.05), eps=1e-06",0.001,0.05,1e-06,reverse_eng_risk,650709677419,find_phi_fixed_budget_reverse_engineering_risk,"{""m_exploration"": 20, ""eps_target"": 1e-06, ""budget"": 650709677419}"
"U(0.001,0.05), eps=1e-06",0.001,0.05,1e-06,binary_risk,433806451,find_phi_fixed_budget_binary_search_risk,"{""m_exploration"": 7429, ""conf"": 0.8, ""eps_target"": 1e-06, ""budget"": 433806451}"
"U(0.001,0.05), eps=1e-06",0.001,0.05,1e-06,binary_risk,666998572,find_phi_fixed_budget_binary_search_risk,"{""m_exploration"": 7429, ""conf"": 0.8, ""eps_target"": 1e-06, ""budget"": 666998572}"
"U(0.001,0.05), eps=1e-06",0.001,0.05,1e-06,binary_risk,1025542827,find_phi_fixed_budget_binary_search_risk,"{""m_exploration"": 7429, ""conf"": 0.8, ""eps_target"": 1e-06, ""budget"": 1025542827}"
"U(0.001,0.05), eps=1e-06",0.001,0.05,1e-06,binary_risk,1576822104,find_phi_fixed_budget_binary_search_risk,"{""m_exploration"": 7429, ""conf"": 0.8, ""eps_target"": 1e-06, ""budget"": 1576822104}"
"U(0.001,0.05), eps=1e-06",0.001,0.05,1e-06,binary_risk,2424440872,find_phi_fixed_budget_binary_search_risk,"{""m_exploration"": 7429, ""conf"": 0.8, ""eps_target"": 1e-06, ""budget"": 2424440872}"
"U(0.001,0.05), eps=1e-06",0.001,0.05,1e-06,binary_risk,3727696059,find_phi_fixed_budget_binary_search_risk,"{""m_exploration"": 7429, ""conf"": 0.8, ""eps_target"": 1e-06, ""budget"": 3727696059}"
"U(0.001,0.05), eps=1e-06",0.001,0.05,1e-06,binary_risk,5731514456,find_phi_fixed_budget_binary_search_risk,"{""m_exploration"": 7429, ""conf"": 0.8, ""eps_target"": 1e-06, ""budget"": 5731514456}"
"U(0.001,0.05), eps=1e-06",0.001,0.05,1e-06,binary_risk,8812482949,find_phi_fixed_budget_binary_search_risk,"{""m_exploration"": 7429, ""conf"": 0.9, ""eps_target"": 1e-06, ""budget"": 8812482949}"
"U(0.001,0.05), eps=1e-06",0.001,0.05,1e-06,binary_risk,13549622239,find_phi_fixed_budget_binary_search_risk,"{""m_exploration"": 143180, ""conf"": 0.8, ""eps_target"": 1e-06, ""budget"": 13549622239}"
"U(0.001,0.05), eps=1e-06",0.001,0.05,1e-06,binary_risk,20833204882,find_phi_fixed_budget_binary_search_risk,"{""m_exploration"": 143180, ""conf"": 0.8, ""eps_target"": 1e-06, ""budget"": 20833204882}"
"U(0.001,0.05), eps=1e-06",0.001,0.05,1e-06,binary_risk,32032068351,find_phi_fixed_budget_binary_search_risk,"{""m_exploration"": 143180, ""conf"": 0.5, ""eps_target"": 1e-06, ""budget"": 32032068351}"
"U(0.001,0.05), eps=1e-06",0.001,0.05,1e-06,binary_risk,49250866998,find_phi_fixed_budget_binary_search_risk,"{""m_exploration"": 385, ""conf"": 0.5, ""eps_target"": 1e-06, ""budget"": 49250866998}"
"U(0.001,0.05), eps=1e-06",0.001,0.05,1e-06,binary_risk,75725609522,find_phi_fixed_budget_binary_search_risk,"{""m_exploration"": 807, ""conf"": 0.5, ""eps_target"": 1e-06, ""budget"": 75725609522}"
"U(0.001,0.05), eps=1e-06",0.001,0.05,1e-06,binary_risk,116431817081,find_phi_fixed_budget_binary_search_risk,"{""m_exploration"": 87, ""conf"": 0.5, ""eps_target"": 1e-06, ""budget"": 116431817081}"
"U(0.001,0.05), eps=1e-06",0.001,0.05,1e-06,binary_risk,179019596071,find_phi_fixed_budget_binary_search_risk,"{""m_exploration"": 41, ""conf"": 0.5, ""eps_target"": 1e-06, ""budget"": 179019596071}"
"U(0.001,0.05), eps=1e-06",0.001,0.05,1e-06,binary_risk,275251358097,find_phi_fixed_budget_binary_search_risk,"{""m_exploration"": 20, ""conf"": 0.5, ""eps_target"": 1e-06, ""budget"": 275251358097}"
"U(0.001,0.05), eps=1e-06",0.001,0.05,1e-06,binary_risk,423212384550,find_phi_fixed_budget_binary_search_risk,"{""m_exploration"": 20, ""conf"": 0.5, ""eps_target"": 1e-06, ""budget"": 423212384550}"
"U(0.001,0.05), eps=1e-06",0.001,0.05,1e-06,binary_risk,650709677419,find_phi_fixed_budget_binary_search_risk,"{""m_exploration"": 20, ""conf"": 0.5, ""eps_target"": 1e-06, ""budget"": 650709677419}"
"U(0.0001,0.05), eps=1e-06",0.0001,0.05,1e-06,linear,433806451,find_phi_fixed_budget_linear_search,"{""m_exploration"": 1392, ""lookback_window"": 5, ""safeguard"": 2, ""inc"": 5, ""budget"": 433806451}"
"U(0.0001,0.05), eps=1e-06",0.0001,0.05,1e-06,linear,666998572,find_phi_fixed_budget_linear_search,"{""m_exploration"": 300, ""lookback_window"": 5, ""safeguard"": 2, ""inc"": 5, ""budget"": 666998572}"
"U(0.0001,0.05), eps=1e-06",0.0001,0.05,1e-06,linear,1025542827,find_phi_fixed_budget_linear_search,"{""m_exploration"": 6463, ""lookback_window"": 5, ""safeguard"": 1, ""inc"": 5, ""budget"": 1025542827}"
"U(0.0001,0.05), eps=1e-06",0.0001,0.05,1e-06,linear,1576822104,find_phi_fixed_budget_linear_search,"{""m_exploration"": 13924, ""lookback_window"": 5, ""safeguard"": 1, ""inc"": 5, ""budget"": 1576822104}"
"U(0.0001,0.05), eps=1e-06",0.0001,0.05,1e-06,linear,2424440872,find_phi_fixed_budget_linear_search,"{""m_exploration"": 6463, ""lookback_window"": 5, ""safeguard"": 1, ""inc"": 5, ""budget"": 2424440872}"
"U(0.0001,0.05), eps=1e-06",0.0001,0.05,1e-06,linear,3727696059,find_phi_fixed_budget_linear_search,"{""m_exploration"": 6463, ""lookback_window"": 5, ""safeguard"": 1, ""inc"": 5, ""budget"": 3727696059}"
"U(0.0001,0.05), eps=1e-06",0.0001,0.05,1e-06,linear,5731514456,find_phi_fixed_budget_linear_search,"{""m_exploration"": 13924, ""lookback_window"": 5, ""safeguard"": 1, ""inc"": 2, ""budget"": 5731514456}"
"U(0.0001,0.05), eps=1e-06",0.0001,0.05,1e-06,linear,8812482949,find_phi_fixed_budget_linear_search,"{""m_exploration"": 30000, ""lookback_window"": 5, ""safeguard"": 1, ""inc"": 5, ""budget"": 8812482949}"
"U(0.0001,0.05), eps=1e-06",0.0001,0.05,1e-06,linear,13549622239,find_phi_fixed_budget_linear_search,"{""m_exploration"": 300000, ""lookback_window"": 5, ""safeguard"": 0, ""inc"": 5, ""budget"": 13549622239}"
"U(0.0001,0.05), eps=1e-06",0.0001,0.05,1e-06,linear,20833204882,find_phi_fixed_budget_linear_search,"{""m_exploration"": 300000, ""lookback_window"": 5, ""safeguard"": 0, ""inc"": 5, ""budget"": 20833204882}"
"U(0.0001,0.05), eps=1e-06",0.0001,0.05,1e-06,linear,32032068351,find_phi_fixed_budget_linear_search,"{""m_exploration"": 13924, ""lookback_window"": 5, ""safeguard"": 1, ""inc"": 2, ""budget"": 32032068351}"
"U(0.0001,0.05), eps=1e-06",0.0001,0.05,1e-06,linear,49250866998,find_phi_fixed_budget_linear_search,"{""m_exploration"": 13924, ""lookback_window"": 5, ""safeguard"": 1, ""inc"": 5, ""budget"": 49250866998}"
"U(0.0001,0.05), eps=1e-06",0.0001,0.05,1e-06,linear,75725609522,find_phi_fixed_budget_linear_search,"{""m_exploration"": 64633, ""lookback_window"": 5, ""safeguard"": 1, ""inc"": 2, ""budget"": 75725609522}"
"U(0.0001,0.05), eps=1e-06",0.0001,0.05,1e-06,linear,116431817081,find_phi_fixed_budget_linear_search,"{""m_exploration"": 3, ""lookback_window"": 2, ""safeguard"": 5, ""inc"": 1, ""budget"": 116431817081}"
"U(0.0001,0.05), eps=1e-06",0.0001,0.05,1e-06,linear,179019596071,find_phi_fixed_budget_linear_search,"{""m_exploration"": 3, ""lookback_window"": 1, ""safeguard"": 5, ""inc"": 1, ""budget"": 179019596071}"
"U(0.0001,0.05), eps=1e-06",0.0001,0.05,1e-06,linear,275251358097,find_phi_fixed_budget_linear_search,"{""m_exploration"": 3, ""lookback_window"": 1, ""safeguard"": 5, ""inc"": 1, ""budget"": 275251358097}"
"U(0.0001,0.05), eps=1e-06",0.0001,0.05,1e-06,linear,423212384550,find_phi_fixed_budget_linear_search,"{""m_exploration"": 3, ""lookback_window"": 1, ""safeguard"": 5, ""inc"": 1, ""budget"": 423212384550}"
"U(0.0001,0.05), eps=1e-06",0.0001,0.05,1e-06,linear,650709677419,find_phi_fixed_budget_linear_search,"{""m_exploration"": 3, ""lookback_window"": 1, ""safeguard"": 5, ""inc"": 1, ""budget"": 650709677419}"
"U(0.0001,0.05), eps=1e-06",0.0001,0.05,1e-06,reverse_eng,433806451,find_phi_fixed_budget_reverse_engineering,"{""m_exploration"": 300000, ""safeguard"": 0.9, ""budget"": 433806451}"
"U(0.0001,0.05), eps=1e-06",0.0001,0.05,1e-06,reverse_eng,666998572,find_phi_fixed_budget_reverse_engineering,"{""m_exploration"": 300000, ""safeguard"": 0.95, ""budget"": 666998572}"
"U(0.0001,0.05), eps=1e-06",0.0001,0.05,1e-06,reverse_eng,1025542827,find_phi_fixed_budget_reverse_engineering,"{""m_exploration"": 300000, ""safeguard"": 0.95, ""budget"": 1025542827}"
"U(0.0001,0.05), eps=1e-06",0.0001,0.05,1e-06,reverse_eng,1576822104,find_phi_fixed_budget_reverse_engineering,"{""m_exploration"": 300000, ""safeguard"": 0.95, ""budget"": 1576822104}"
"U(0.0001,0.05), eps=1e-06",0.0001,0.05,1e-06,reverse_eng,2424440872,find_phi_fixed_budget_reverse_engineering,"{""m_exploration"": 300000, ""safeguard"": 0.95, ""budget"": 2424440872}"
"U(0.0001,0.05), eps=1e-06",0.0001,0.05,1e-06,reverse_eng,3727696059,find_phi_fixed_budget_reverse_engineering,"{""m_exploration"": 300000, ""safeguard"": 0.95, ""budget"": 3727696059}"
"U(0.0001,0.05), eps=1e-06",0.0001,0.05,1e-06,reverse_eng,5731514456,find_phi_fixed_budget_reverse_engineering,"{""m_exploration"": 300000, ""safeguard"": 0.95, ""budget"": 5731514456}"
"U(0.0001,0.05), eps=1e-06",0.0001,0.05,1e-06,reverse_eng,8812482949,find_phi_fixed_budget_reverse_engineering,"{""m_exploration"": 300000, ""safeguard"": 0.95, ""budget"": 8812482949}"
"U(0.0001,0.05), eps=1e-06",0.0001,0.05,1e-06,reverse_eng,13549622239,find_phi_fixed_budget_reverse_engineering,"{""m_exploration"": 65726, ""safeguard"": 0.95, ""budget"": 13549622239}"
"U(0.0001,0.05), eps=1e-06",0.0001,0.05,1e-06,reverse_eng,20833204882,find_phi_fixed_budget_reverse_engineering,"{""m_exploration"": 300000, ""safeguard"": 0.95, ""budget"": 20833204882}"
"U(0.0001,0.05), eps=1e-06",0.0001,0.05,1e-06,reverse_eng,32032068351,find_phi_fixed_budget_reverse_engineering,"{""m_exploration"": 109026, ""safeguard"": 0.9, ""budget"": 32032068351}"
"U(0.0001,0.05), eps=1e-06",0.0001,0.05,1e-06,reverse_eng,49250866998,find_phi_fixed_budget_reverse_engineering,"{""m_exploration"": 65726, ""safeguard"": 0.85, ""budget"": 49250866998}"
"U(0.0001,0.05), eps=1e-06",0.0001,0.05,1e-06,reverse_eng,75725609522,find_phi_fixed_budget_reverse_engineering,"{""m_exploration"": 65726, ""safeguard"": 0.8, ""budget"": 75725609522}"
"U(0.0001,0.05), eps=1e-06",0.0001,0.05,1e-06,reverse_eng,116431817081,find_phi_fixed_budget_reverse_engineering,"{""m_exploration"": 65726, ""safeguard"": 0.8, ""budget"": 116431817081}"
"U(0.0001,0.05), eps=1e-06",0.0001,0.05,1e-06,reverse_eng,179019596071,find_phi_fixed_budget_reverse_engineering,"{""m_exploration"": 65726, ""safeguard"": 0.8, ""budget"": 179019596071}"
"U(0.0001,0.05), eps=1e-06",0.0001,0.05,1e-06,reverse_eng,275251358097,find_phi_fixed_budget_reverse_engineering,"{""m_exploration"": 65726, ""safeguard"": 0.8, ""budget"": 275251358097}"
"U(0.0001,0.05), eps=1e-06",0.0001,0.05,1e-06,reverse_eng,423212384550,find_phi_fixed_budget_reverse_engineering,"{""m_exploration"": 65726, ""safeguard"": 0.8, ""budget"": 423212384550}"
"U(0.0001,0.05), eps=1e-06",0.0001,0.05,1e-06,reverse_eng,650709677419,find_phi_fixed_budget_reverse_engineering,"{""m_exploration"": 65726, ""safeguard"": 0.8, ""budget"": 650709677419}"
"U(0.0001,0.05), eps=1e-06",0.0001,0.05,1e-06,binary,433806451,find_phi_fixed_budget_binary_search,"{""m_exploration"": 1692, ""safeguard"": 2, ""conf"": 0.8, ""budget"": 433806451}"
"U(0.0001,0.05), eps=1e-06",0.0001,0.05,1e-06,binary,666998572,find_phi_fixed_budget_binary_search,"{""m_exploration"": 1692, ""safeguard"": 2, ""conf"": 0.8, ""budget"": 666998572}"
"U(0.0001,0.05), eps=1e-06",0.0001,0.05,1e-06,binary,1025542827,find_phi_fixed_budget_binary_search,"{""m_exploration"": 7429, ""safeguard"": 2, ""conf"": 0.9, ""budget"": 1025542827}"
"U(0.0001,0.05), eps=1e-06",0.0001,0.05,1e-06,binary,1576822104,find_phi_fixed_budget_binary_search,"{""m_exploration"": 15565, ""safeguard"": 2, ""conf"": 0.9, ""budget"": 1576822104}"
"U(0.0001,0.05), eps=1e-06",0.0001,0.05,1e-06,binary,2424440872,find_phi_fixed_budget_binary_search,"{""m_exploration"": 15565, ""safeguard"": 2, ""conf"": 0.9, ""budget"": 2424440872}"
"U(0.0001,0.05), eps=1e-06",0.0001,0.05,1e-06,binary,3727696059,find_phi_fixed_budget_binary_search,"{""m_exploration"": 15565, ""safeguard"": 2, ""conf"": 0.9, ""budget"": 3727696059}"
"U(0.0001,0.05), eps=1e-06",0.0001,0.05,1e-06,binary,5731514456,find_phi_fixed_budget_binary_search,"{""m_exploration"": 15565, ""safeguard"": 2, ""conf"": 0.9, ""budget"": 5731514456}"
"U(0.0001,0.05), eps=1e-06",0.0001,0.05,1e-06,binary,8812482949,find_phi_fixed_budget_binary_search,"{""m_exploration"": 15565, ""safeguard"": 2, ""conf"": 0.9, ""budget"": 8812482949}"
"U(0.0001,0.05), eps=1e-06",0.0001,0.05,1e-06,binary,13549622239,find_phi_fixed_budget_binary_search,"{""m_exploration"": 68335, ""safeguard"": 2, ""conf"": 0.9, ""budget"": 13549622239}"
"U(0.0001,0.05), eps=1e-06",0.0001,0.05,1e-06,binary,20833204882,find_phi_fixed_budget_binary_search,"{""m_exploration"": 68335, ""safeguard"": 2, ""conf"": 0.9, ""budget"": 20833204882}"
"U(0.0001,0.05), eps=1e-06",0.0001,0.05,1e-06,binary,32032068351,find_phi_fixed_budget_binary_search,"{""m_exploration"": 143180, ""safeguard"": 2, ""conf"": 0.9, ""budget"": 32032068351}"
"U(0.0001,0.05), eps=1e-06",0.0001,0.05,1e-06,binary,49250866998,find_phi_fixed_budget_binary_search,"{""m_exploration"": 300000, ""safeguard"": 2, ""conf"": 0.9, ""budget"": 49250866998}"
"U(0.0001,0.05), eps=1e-06",0.0001,0.05,1e-06,binary,75725609522,find_phi_fixed_budget_binary_search,"{""m_exploration"": 68335, ""safeguard"": 2, ""conf"": 0.5, ""budget"": 75725609522}"
"U(0.0001,0.05), eps=1e-06",0.0001,0.05,1e-06,binary,116431817081,find_phi_fixed_budget_binary_search,"{""m_exploration"": 68335, ""safeguard"": 2, ""conf"": 0.5, ""budget"": 116431817081}"
"U(0.0001,0.05), eps=1e-06",0.0001,0.05,1e-06,binary,179019596071,find_phi_fixed_budget_binary_search,"{""m_exploration"": 68335, ""safeguard"": 2, ""conf"": 0.5, ""budget"": 179019596071}"
"U(0.0001,0.05), eps=1e-06",0.0001,0.05,1e-06,binary,275251358097,find_phi_fixed_budget_binary_search,"{""m_exploration"": 68335, ""safeguard"": 2, ""conf"": 0.5, ""budget"": 275251358097}"
"U(0.0001,0.05), eps=1e-06",0.0001,0.05,1e-06,binary,423212384550,find_phi_fixed_budget_binary_search,"{""m_exploration"": 68335, ""safeguard"": 2, ""conf"": 0.5, ""budget"": 423212384550}"
"U(0.0001,0.05), eps=1e-06",0.0001,0.05,1e-06,binary,650709677419,find_phi_fixed_budget_binary_search,"{""m_exploration"": 68335, ""safeguard"": 2, ""conf"": 0.5, ""budget"": 650709677419}"
"U(0.0001,0.05), eps=1e-06",0.0001,0.05,1e-06,reverse_eng_risk,433806451,find_phi_fixed_budget_reverse_engineering_risk,"{""m_exploration"": 180853, ""eps_target"": 1e-06, ""budget"": 433806451}"
"U(0.0001,0.05), eps=1e-06",0.0001,0.05,1e-06,reverse_eng_risk,666998572,find_phi_fixed_budget_reverse_engineering_risk,"{""m_exploration"": 180853, ""eps_target"": 1e-06, ""budget"": 666998572}"
"U(0.0001,0.05), eps=1e-06",0.0001,0.05,1e-06,reverse_eng_risk,1025542827,find_phi_fixed_budget_reverse_engineering_risk,"{""m_exploration"": 180853, ""eps_target"": 1e-06, ""budget"": 1025542827}"
"U(0.0001,0.05), eps=1e-06",0.0001,0.05,1e-06,reverse_eng_risk,1576822104,find_phi_fixed_budget_reverse_engineering_risk,"{""m_exploration"": 300000, ""eps_target"": 1e-06, ""budget"": 1576822104}"
"U(0.0001,0.05), eps=1e-06",0.0001,0.05,1e-06,reverse_eng_risk,2424440872,find_phi_fixed_budget_reverse_engineering_risk,"{""m_exploration"": 300000, ""eps_target"": 1e-06, ""budget"": 2424440872}"
"U(0.0001,0.05), eps=1e-06",0.0001,0.05,1e-06,reverse_eng_risk,3727696059,find_phi_fixed_budget_reverse_engineering_risk,"{""m_exploration"": 300000, ""eps_target"": 1e-06, ""budget"": 3727696059}"
"U(0.0001,0.05), eps=1e-06",0.0001,0.05,1e-06,reverse_eng_risk,5731514456,find_phi_fixed_budget_reverse_engineering_risk,"{""m_exploration"": 5233, ""eps_target"": 1e-06, ""budget"": 5731514456}"
"U(0.0001,0.05), eps=1e-06",0.0001,0.05,1e-06,reverse_eng_risk,8812482949,find_phi_fixed_budget_reverse_engineering_risk,"{""m_exploration"": 5233, ""eps_target"": 1e-06, ""budget"": 8812482949}"
"U(0.0001,0.05), eps=1e-06",0.0001,0.05,1e-06,reverse_eng_risk,13549622239,find_phi_fixed_budget_reverse_engineering_risk,"{""m_exploration"": 8680, ""eps_target"": 1e-06, ""budget"": 13549622239}"
"U(0.0001,0.05), eps=1e-06",0.0001,0.05,1e-06,reverse_eng_risk,20833204882,find_phi_fixed_budget_reverse_engineering_risk,"{""m_exploration"": 3154, ""eps_target"": 1e-06, ""budget"": 20833204882}"
"U(0.0001,0.05), eps=1e-06",0.0001,0.05,1e-06,reverse_eng_risk,32032068351,find_phi_fixed_budget_reverse_engineering_risk,"{""m_exploration"": 8680, ""eps_target"": 1e-06, ""budget"": 32032068351}"
"U(0.0001,0.05), eps=1e-06",0.0001,0.05,1e-06,reverse_eng_risk,49250866998,find_phi_fixed_budget_reverse_engineering_risk,"{""m_exploration"": 691, ""eps_target"": 1e-06, ""budget"": 49250866998}"
"U(0.0001,0.05), eps=1e-06",0.0001,0.05,1e-06,reverse_eng_risk,75725609522,find_phi_fixed_budget_reverse_engineering_risk,"{""m_exploration"": 3154, ""eps_target"": 1e-06, ""budget"": 75725609522}"
"U(0.0001,0.05), eps=1e-06",0.0001,0.05,1e-06,reverse_eng_risk,116431817081,find_phi_fixed_budget_reverse_engineering_risk,"{""m_exploration"": 20, ""eps_target"": 1e-06, ""budget"": 116431817081}"
"U(0.0001,0.05), eps=1e-06",0.0001,0.05,1e-06,reverse_eng_risk,179019596071,find_phi_fixed_budget_reverse_engineering_risk,"{""m_exploration"": 20, ""eps_target"": 1e-06, ""budget"": 179019596071}"
"U(0.0001,0.05), eps=1e-06",0.0001,0.05,1e-06,reverse_eng_risk,275251358097,find_phi_fixed_budget_reverse_engineering_risk,"{""m_exploration"": 20, ""eps_target"": 1e-06, ""budget"": 275251358097}"
"U(0.0001,0.05), eps=1e-06",0.0001,0.05,1e-06,reverse_eng_risk,423212384550,find_phi_fixed_budget_reverse_engineering_risk,"{""m_exploration"": 20, ""eps_target"": 1e-06, ""budget"": 423212384550}"
"U(0.0001,0.05), eps=1e-06",0.0001,0.05,1e-06,reverse_eng_risk,650709677419,find_phi_fixed_budget_reverse_engineering_risk,"{""m_exploration"": 20, ""eps_target"": 1e-06, ""budget"": 650709677419}"
"U(0.0001,0.05), eps=1e-06",0.0001,0.05,1e-06,binary_risk,433806451,find_phi_fixed_budget_binary_search_risk,"{""m_exploration"": 1692, ""conf"": 0.5, ""eps_target"": 1e-06, ""budget"": 433806451}"
"U(0.0001,0.05), eps=1e-06",0.0001,0.05,1e-06,binary_risk,666998572,find_phi_fixed_budget_binary_search_risk,"{""m_exploration"": 1692, ""conf"": 0.5, ""eps_target"": 1e-06, ""budget"": 666998572}"
"U(0.0001,0.05), eps=1e-06",0.0001,0.05,1e-06,binary_risk,1025542827,find_phi_fixed_budget_binary_search_risk,"{""m_exploration"": 1692, ""conf"": 0.5, ""eps_target"": 1e-06, ""budget"": 1025542827}"
"U(0.0001,0.05), eps=1e-06",0.0001,0.05,1e-06,binary_risk,1576822104,find_phi_fixed_budget_binary_search_risk,"{""m_exploration"": 1692, ""conf"": 0.5, ""eps_target"": 1e-06, ""budget"": 1576822104}"
"U(0.0001,0.05), eps=1e-06",0.0001,0.05,1e-06,binary_risk,2424440872,find_phi_fixed_budget_binary_search_risk,"{""m_exploration"": 1692, ""conf"": 0.8, ""eps_target"": 1e-06, ""budget"": 2424440872}"
"U(0.0001,0.05), eps=1e-06",0.0001,0.05,1e-06,binary_risk,3727696059,find_phi_fixed_budget_binary_search_risk,"{""m_exploration"": 15565, ""conf"": 0.5, ""eps_target"": 1e-06, ""budget"": 3727696059}"
"U(0.0001,0.05), eps=1e-06",0.0001,0.05,1e-06,binary_risk,5731514456,find_phi_fixed_budget_binary_search_risk,"{""m_exploration"": 15565, ""conf"": 0.5, ""eps_target"": 1e-06, ""budget"": 5731514456}"
"U(0.0001,0.05), eps=1e-06",0.0001,0.05,1e-06,binary_risk,8812482949,find_phi_fixed_budget_binary_search_risk,"{""m_exploration"": 3545, ""conf"": 0.5, ""eps_target"": 1e-06, ""budget"": 8812482949}"
"U(0.0001,0.05), eps=1e-06",0.0001,0.05,1e-06,binary_risk,13549622239,find_phi_fixed_budget_binary_search_risk,"{""m_exploration"": 807, ""conf"": 0.5, ""eps_target"": 1e-06, ""budget"": 13549622239}"
"U(0.0001,0.05), eps=1e-06",0.0001,0.05,1e-06,binary_risk,20833204882,find_phi_fixed_budget_binary_search_risk,"{""m_exploration"": 68335, ""conf"": 0.5, ""eps_target"": 1e-06, ""budget"": 20833204882}"
"U(0.0001,0.05), eps=1e-06",0.0001,0.05,1e-06,binary_risk,32032068351,find_phi_fixed_budget_binary_search_risk,"{""m_exploration"": 7429, ""conf"": 0.5, ""eps_target"": 1e-06, ""budget"": 32032068351}"
"U(0.0001,0.05), eps=1e-06",0.0001,0.05,1e-06,binary_risk,49250866998,find_phi_fixed_budget_binary_search_risk,"{""m_exploration"": 7429, ""conf"": 0.5, ""eps_target"": 1e-06, ""budget"": 49250866998}"
"U(0.0001,0.05), eps=1e-06",0.0001,0.05,1e-06,binary_risk,75725609522,find_phi_fixed_budget_binary_search_risk,"{""m_exploration"": 183, ""conf"": 0.5, ""eps_target"": 1e-06, ""budget"": 75725609522}"
"U(0.0001,0.05), eps=1e-06",0.0001,0.05,1e-06,binary_risk,116431817081,find_phi_fixed_budget_binary_search_risk,"{""m_exploration"": 183, ""conf"": 0.5, ""eps_target"": 1e-06, ""budget"": 116431817081}"
"U(0.0001,0.05), eps=1e-06",0.0001,0.05,1e-06,binary_risk,179019596071,find_phi_fixed_budget_binary_search_risk,"{""m_exploration"": 41, ""conf"": 0.5, ""eps_target"": 1e-06, ""budget"": 179019596071}"
"U(0.0001,0.05), eps=1e-06",0.0001,0.05,1e-06,binary_risk,275251358097,find_phi_fixed_budget_binary_search_risk,"{""m_exploration"": 20, ""conf"": 0.5, ""eps_target"": 1e-06, ""budget"": 275251358097}"
"U(0.0001,0.05), eps=1e-06",0.0001,0.05,1e-06,binary_risk,423212384550,find_phi_fixed_budget_binary_search_risk,"{""m_exploration"": 20, ""conf"": 0.5, ""eps_target"": 1e-06, ""budget"": 423212384550}"
"U(0.0001,0.05), eps=1e-06",0.0001,0.05,1e-06,binary_risk,650709677419,find_phi_fixed_budget_binary_search_risk,"{""m_exploration"": 20, ""conf"": 0.5, ""eps_target"": 1e-06, ""budget"": 650709677419}"
"U(3e-05,0.05), eps=1e-06",3e-05,0.05,1e-06,linear,433806451,find_phi_fixed_budget_linear_search,"{""m_exploration"": 1392, ""lookback_window"": 5, ""safeguard"": 1, ""inc"": 5, ""budget"": 433806451}"
"U(3e-05,0.05), eps=1e-06",3e-05,0.05,1e-06,linear,666998572,find_phi_fixed_budget_linear_search,"{""m_exploration"": 1392, ""lookback_window"": 5, ""safeguard"": 1, ""inc"": 5, ""budget"": 666998572}"
"U(3e-05,0.05), eps=1e-06",3e-05,0.05,1e-06,linear,1025542827,find_phi_fixed_budget_linear_search,"{""m_exploration"": 1392, ""lookback_window"": 5, ""safeguard"": 1, ""inc"": 5, ""budget"": 1025542827}"
"U(3e-05,0.05), eps=1e-06",3e-05,0.05,1e-06,linear,1576822104,find_phi_fixed_budget_linear_search,"{""m_exploration"": 6463, ""lookback_window"": 5, ""safeguard"": 2, ""inc"": 5, ""budget"": 1576822104}"
"U(3e-05,0.05), eps=1e-06",3e-05,0.05,1e-06,linear,2424440872,find_phi_fixed_budget_linear_search,"{""m_exploration"": 6463, ""lookback_window"": 5, ""safeguard"": 1, ""inc"": 5, ""budget"": 2424440872}"
"U(3e-05,0.05), eps=1e-06",3e-05,0.05,1e-06,linear,3727696059,find_phi_fixed_budget_linear_search,"{""m_exploration"": 1392, ""lookback_window"": 5, ""safeguard"": 1, ""inc"": 1, ""budget"": 3727696059}"
"U(3e-05,0.05), eps=1e-06",3e-05,0.05,1e-06,linear,5731514456,find_phi_fixed_budget_linear_search,"{""m_exploration"": 1392, ""lookback_window"": 5, ""safeguard"": 1, ""inc"": 5, ""budget"": 5731514456}"
"U(3e-05,0.05), eps=1e-06",3e-05,0.05,1e-06,linear,8812482949,find_phi_fixed_budget_linear_search,"{""m_exploration"": 30000, ""lookback_window"": 5, ""safeguard"": 1, ""inc"": 5, ""budget"": 8812482949}"
"U(3e-05,0.05), eps=1e-06",3e-05,0.05,1e-06,linear,13549622239,find_phi_fixed_budget_linear_search,"{""m_exploration"": 300000, ""lookback_window"": 5, ""safeguard"": 0, ""inc"": 5, ""budget"": 13549622239}"
"U(3e-05,0.05), eps=1e-06",3e-05,0.05,1e-06,linear,20833204882,find_phi_fixed_budget_linear_search,"{""m_exploration"": 3000, ""lookback_window"": 5, ""safeguard"": 1, ""inc"": 2, ""budget"": 20833204882}"
"U(3e-05,0.05), eps=1e-06",3e-05,0.05,1e-06,linear,32032068351,find_phi_fixed_budget_linear_search,"{""m_exploration"": 300000, ""lookback_window"": 5, ""safeguard"": 0, ""inc"": 5, ""budget"": 32032068351}"
"U(3e-05,0.05), eps=1e-06",3e-05,0.05,1e-06,linear,49250866998,find_phi_fixed_budget_linear_search,"{""m_exploration"": 30000, ""lookback_window"": 5, ""safeguard"": 1, ""inc"": 1, ""budget"": 49250866998}"
"U(3e-05,0.05), eps=1e-06",3e-05,0.05,1e-06,linear,75725609522,find_phi_fixed_budget_linear_search,"{""m_exploration"": 300000, ""lookback_window"": 5, ""safeguard"": 1, ""inc"": 2, ""budget"": 75725609522}"
"U(3e-05,0.05), eps=1e-06",3e-05,0.05,1e-06,linear,116431817081,find_phi_fixed_budget_linear_search,"{""m_exploration"": 3, ""lookback_window"": 2, ""safeguard"": 5, ""inc"": 1, ""budget"": 116431817081}"
"U(3e-05,0.05), eps=1e-06",3e-05,0.05,1e-06,linear,179019596071,find_phi_fixed_budget_linear_search,"{""m_exploration"": 3, ""lookback_window"": 1, ""safeguard"": 5, ""inc"": 1, ""budget"": 179019596071}"
"U(3e-05,0.05), eps=1e-06",3e-05,0.05,1e-06,linear,275251358097,find_phi_fixed_budget_linear_search,"{""m_exploration"": 3, ""lookback_window"": 1, ""safeguard"": 5, ""inc"": 1, ""budget"": 275251358097}"
"U(3e-05,0.05), eps=1e-06",3e-05,0.05,1e-06,linear,423212384550,find_phi_fixed_budget_linear_search,"{""m_exploration"": 3, ""lookback_window"": 1, ""safeguard"": 5, ""inc"": 1, ""budget"": 423212384550}"
"U(3e-05,0.05), eps=1e-06",3e-05,0.05,1e-06,linear,650709677419,find_phi_fixed_budget_linear_search,"{""m_exploration"": 3, ""lookback_window"": 1, ""safeguard"": 5, ""inc"": 1, ""budget"": 650709677419}"
"U(3e-05,0.05), eps=1e-06",3e-05,0.05,1e-06,reverse_eng,433806451,find_phi_fixed_budget_reverse_engineering,"{""m_exploration"": 300000, ""safeguard"": 0.9, ""budget"": 433806451}"
"U(3e-05,0.05), eps=1e-06",3e-05,0.05,1e-06,reverse_eng,666998572,find_phi_fixed_budget_reverse_engineering,"{""m_exploration"": 300000, ""safeguard"": 0.95, ""budget"": 666998572}"
"U(3e-05,0.05), eps=1e-06",3e-05,0.05,1e-06,reverse_eng,1025542827,find_phi_fixed_budget_reverse_engineering,"{""m_exploration"": 300000, ""safeguard"": 0.95, ""budget"": 1025542827}"
"U(3e-05,0.05), eps=1e-06",3e-05,0.05,1e-06,reverse_eng,1576822104,find_phi_fixed_budget_reverse_engineering,"{""m_exploration"": 300000, ""safeguard"": 0.95, ""budget"": 1576822104}"
"U(3e-05,0.05), eps=1e-06",3e-05,0.05,1e-06,reverse_eng,2424440872,find_phi_fixed_budget_reverse_engineering,"{""m_exploration"": 300000, ""safeguard"": 0.95, ""budget"": 2424440872}"
"U(3e-05,0.05), eps=1e-06",3e-05,0.05,1e-06,reverse_eng,3727696059,find_phi_fixed_budget_reverse_engineering,"{""m_exploration"": 300000, ""safeguard"": 0.95, ""budget"": 3727696059}"
"U(3e-05,0.05), eps=1e-06",3e-05,0.05,1e-06,reverse_eng,5731514456,find_phi_fixed_budget_reverse_engineering,"{""m_exploration"": 300000, ""safeguard"": 0.95, ""budget"": 5731514456}"
"U(3e-05,0.05), eps=1e-06",3e-05,0.05,1e-06,reverse_eng,8812482949,find_phi_fixed_budget_reverse_engineering,"{""m_exploration"": 300000, ""safeguard"": 0.95, ""budget"": 8812482949}"
"U(3e-05,0.05), eps=1e-06",3e-05,0.05,1e-06,reverse_eng,13549622239,find_phi_fixed_budget_reverse_engineering,"{""m_exploration"": 300000, ""safeguard"": 0.95, ""budget"": 13549622239}"
"U(3e-05,0.05), eps=1e-06",3e-05,0.05,1e-06,reverse_eng,20833204882,find_phi_fixed_budget_reverse_engineering,"{""m_exploration"": 300000, ""safeguard"": 0.95, ""budget"": 20833204882}"
"U(3e-05,0.05), eps=1e-06",3e-05,0.05,1e-06,reverse_eng,32032068351,find_phi_fixed_budget_reverse_engineering,"{""m_exploration"": 300000, ""safeguard"": 0.9, ""budget"": 32032068351}"
"U(3e-05,0.05), eps=1e-06",3e-05,0.05,1e-06,reverse_eng,49250866998,find_phi_fixed_budget_reverse_engineering,"{""m_exploration"": 300000, ""safeguard"": 0.85, ""budget"": 49250866998}"
"U(3e-05,0.05), eps=1e-06",3e-05,0.05,1e-06,reverse_eng,75725609522,find_phi_fixed_budget_reverse_engineering,"{""m_exploration"": 109026, ""safeguard"": 0.8, ""budget"": 75725609522}"
"U(3e-05,0.05), eps=1e-06",3e-05,0.05,1e-06,reverse_eng,116431817081,find_phi_fixed_budget_reverse_engineering,"{""m_exploration"": 109026, ""safeguard"": 0.8, ""budget"": 116431817081}"
"U(3e-05,0.05), eps=1e-06",3e-05,0.05,1e-06,reverse_eng,179019596071,find_phi_fixed_budget_reverse_engineering,"{""m_exploration"": 109026, ""safeguard"": 0.8, ""budget"": 179019596071}"
"U(3e-05,0.05), eps=1e-06",3e-05,0.05,1e-06,reverse_eng,275251358097,find_phi_fixed_budget_reverse_engineering,"{""m_exploration"": 109026, ""safeguard"": 0.8, ""budget"": 275251358097}"
"U(3e-05,0.05), eps=1e-06",3e-05,0.05,1e-06,reverse_eng,423212384550,find_phi_fixed_budget_reverse_engineering,"{""m_exploration"": 109026, ""safeguard"": 0.8, ""budget"": 423212384550}"
"U(3e-05,0.05), eps=1e-06",3e-05,0.05,1e-06,reverse_eng,650709677419,find_phi_fixed_budget_reverse_engineering,"{""m_exploration"": 109026, ""safeguard"": 0.8, ""budget"": 650709677419}"
"U(3e-05,0.05), eps=1e-06",3e-05,0.05,1e-06,binary,433806451,find_phi_fixed_budget_binary_search,"{""m_exploration"": 807, ""safeguard"": 2, ""conf"": 0.8, ""budget"": 433806451}"
"U(3e-05,0.05), eps=1e-06",3e-05,0.05,1e-06,binary,666998572,find_phi_fixed_budget_binary_search,"{""m_exploration"": 807, ""safeguard"": 2, ""conf"": 0.8, ""budget"": 666998572}"
"U(3e-05,0.05), eps=1e-06",3e-05,0.05,1e-06,binary,1025542827,find_phi_fixed_budget_binary_search,"{""m_exploration"": 807, ""safeguard"": 2, ""conf"": 0.8, ""budget"": 1025542827}"
"U(3e-05,0.05), eps=1e-06",3e-05,0.05,1e-06,binary,1576822104,find_phi_fixed_budget_binary_search,"{""m_exploration"": 3545, ""safeguard"": 2, ""conf"": 0.8, ""budget"": 1576822104}"
"U(3e-05,0.05), eps=1e-06",3e-05,0.05,1e-06,binary,2424440872,find_phi_fixed_budget_binary_search,"{""m_exploration"": 3545, ""safeguard"": 2, ""conf"": 0.8, ""budget"": 2424440872}"
"U(3e-05,0.05), eps=1e-06",3e-05,0.05,1e-06,binary,3727696059,find_phi_fixed_budget_binary_search,"{""m_exploration"": 3545, ""safeguard"": 2, ""conf"": 0.8, ""budget"": 3727696059}"
"U(3e-05,0.05), eps=1e-06",3e-05,0.05,1e-06,binary,5731514456,find_phi_fixed_budget_binary_search,"{""m_exploration"": 7429, ""safeguard"": 2, ""conf"": 0.8, ""budget"": 5731514456}"
"U(3e-05,0.05), eps=1e-06",3e-05,0.05,1e-06,binary,8812482949,find_phi_fixed_budget_binary_search,"{""m_exploration"": 7429, ""safeguard"": 2, ""conf"": 0.8, ""budget"": 8812482949}"
"U(3e-05,0.05), eps=1e-06",3e-05,0.05,1e-06,binary,13549622239,find_phi_fixed_budget_binary_search,"{""m_exploration"": 7429, ""safeguard"": 2, ""conf"": 0.8, ""budget"": 13549622239}"
"U(3e-05,0.05), eps=1e-06",3e-05,0.05,1e-06,binary,20833204882,find_phi_fixed_budget_binary_search,"{""m_exploration"": 7429, ""safeguard"": 2, ""conf"": 0.8, ""budget"": 20833204882}"
"U(3e-05,0.05), eps=1e-06",3e-05,0.05,1e-06,binary,32032068351,find_phi_fixed_budget_binary_search,"{""m_exploration"": 7429, ""safeguard"": 2, ""conf"": 0.5, ""budget"": 32032068351}"
"U(3e-05,0.05), eps=1e-06",3e-05,0.05,1e-06,binary,49250866998,find_phi_fixed_budget_binary_search,"{""m_exploration"": 32614, ""safeguard"": 2, ""conf"": 0.5, ""budget"": 49250866998}"
"U(3e-05,0.05), eps=1e-06",3e-05,0.05,1e-06,binary,75725609522,find_phi_fixed_budget_binary_search,"{""m_exploration"": 143180, ""safeguard"": 2, ""conf"": 0.5, ""budget"": 75725609522}"
"U(3e-05,0.05), eps=1e-06",3e-05,0.05,1e-06,binary,116431817081,find_phi_fixed_budget_binary_search,"{""m_exploration"": 143180, ""safeguard"": 2, ""conf"": 0.5, ""budget"": 116431817081}"
"U(3e-05,0.05), eps=1e-06",3e-05,0.05,1e-06,binary,179019596071,find_phi_fixed_budget_binary_search,"{""m_exploration"": 143180, ""safeguard"": 2, ""conf"": 0.5, ""budget"": 179019596071}"
"U(3e-05,0.05), eps=1e-06",3e-05,0.05,1e-06,binary,275251358097,find_phi_fixed_budget_binary_search,"{""m_exploration"": 143180, ""safeguard"": 2, ""conf"": 0.5, ""budget"": 275251358097}"
"U(3e-05,0.05), eps=1e-06",3e-05,0.05,1e-06,binary,423212384550,find_phi_fixed_budget_binary_search,"{""m_exploration"": 143180, ""safeguard"": 2, ""conf"": 0.5, ""budget"": 423212384550}"
"U(3e-05,0.05), eps=1e-06",3e-05,0.05,1e-06,binary,650709677419,find_phi_fixed_budget_binary_search,"{""m_exploration"": 143180, ""safeguard"": 2, ""conf"": 0.5, ""budget"": 650709677419}"
"U(3e-05,0.05), eps=1e-06",3e-05,0.05,1e-06,reverse_eng_risk,433806451,find_phi_fixed_budget_reverse_engineering_risk,"{""m_exploration"": 65726, ""eps_target"": 1e-06, ""budget"": 433806451}"
"U(3e-05,0.05), eps=1e-06",3e-05,0.05,1e-06,reverse_eng_risk,666998572,find_phi_fixed_budget_reverse_engineering_risk,"{""m_exploration"": 180853, ""eps_target"": 1e-06, ""budget"": 666998572}"
"U(3e-05,0.05), eps=1e-06",3e-05,0.05,1e-06,reverse_eng_risk,1025542827,find_phi_fixed_budget_reverse_engineering_risk,"{""m_exploration"": 180853, ""eps_target"": 1e-06, ""budget"": 1025542827}"
"U(3e-05,0.05), eps=1e-06",3e-05,0.05,1e-06,reverse_eng_risk,1576822104,find_phi_fixed_budget_reverse_engineering_risk,"{""m_exploration"": 300000, ""eps_target"": 1e-06, ""budget"": 1576822104}"
"U(3e-05,0.05), eps=1e-06",3e-05,0.05,1e-06,reverse_eng_risk,2424440872,find_phi_fixed_budget_reverse_engineering_risk,"{""m_exploration"": 180853, ""eps_target"": 1e-06, ""budget"": 2424440872}"
"U(3e-05,0.05), eps=1e-06",3e-05,0.05,1e-06,reverse_eng_risk,3727696059,find_phi_fixed_budget_reverse_engineering_risk,"{""m_exploration"": 180853, ""eps_target"": 1e-06, ""budget"": 3727696059}"
"U(3e-05,0.05), eps=1e-06",3e-05,0.05,1e-06,reverse_eng_risk,5731514456,find_phi_fixed_budget_reverse_engineering_risk,"{""m_exploration"": 5233, ""eps_target"": 1e-06, ""budget"": 5731514456}"
"U(3e-05,0.05), eps=1e-06",3e-05,0.05,1e-06,reverse_eng_risk,8812482949,find_phi_fixed_budget_reverse_engineering_risk,"{""m_exploration"": 5233, ""eps_target"": 1e-06, ""budget"": 8812482949}"
"U(3e-05,0.05), eps=1e-06",3e-05,0.05,1e-06,reverse_eng_risk,13549622239,find_phi_fixed_budget_reverse_engineering_risk,"{""m_exploration"": 8680, ""eps_target"": 1e-06, ""budget"": 13549622239}"
"U(3e-05,0.05), eps=1e-06",3e-05,0.05,1e-06,reverse_eng_risk,20833204882,find_phi_fixed_budget_reverse_engineering_risk,"{""m_exploration"": 3154, ""eps_target"": 1e-06, ""budget"": 20833204882}"
"U(3e-05,0.05), eps=1e-06",3e-05,0.05,1e-06,reverse_eng_risk,32032068351,find_phi_fixed_budget_reverse_engineering_risk,"{""m_exploration"": 8680, ""eps_target"": 1e-06, ""budget"": 32032068351}"
"U(3e-05,0.05), eps=1e-06",3e-05,0.05,1e-06,reverse_eng_risk,49250866998,find_phi_fixed_budget_reverse_engineering_risk,"{""m_exploration"": 691, ""eps_target"": 1e-06, ""budget"": 49250866998}"
"U(3e-05,0.05), eps=1e-06",3e-05,0.05,1e-06,reverse_eng_risk,75725609522,find_phi_fixed_budget_reverse_engineering_risk,"{""m_exploration"": 3154, ""eps_target"": 1e-06, ""budget"": 75725609522}"
"U(3e-05,0.05), eps=1e-06",3e-05,0.05,1e-06,reverse_eng_risk,116431817081,find_phi_fixed_budget_reverse_engineering_risk,"{""m_exploration"": 20, ""eps_target"": 1e-06, ""budget"": 116431817081}"
"U(3e-05,0.05), eps=1e-06",3e-05,0.05,1e-06,reverse_eng_risk,179019596071,find_phi_fixed_budget_reverse_engineering_risk,"{""m_exploration"": 20, ""eps_target"": 1e-06, ""budget"": 179019596071}"
"U(3e-05,0.05), eps=1e-06",3e-05,0.05,1e-06,reverse_eng_risk,275251358097,find_phi_fixed_budget_reverse_engineering_risk,"{""m_exploration"": 20, ""eps_target"": 1e-06, ""budget"": 275251358097}"
"U(3e-05,0.05), eps=1e-06",3e-05,0.05,1e-06,reverse_eng_risk,423212384550,find_phi_fixed_budget_reverse_engineering_risk,"{""m_exploration"": 20, ""eps_target"": 1e-06, ""budget"": 423212384550}"
"U(3e-05,0.05), eps=1e-06",3e-05,0.05,1e-06,reverse_eng_risk,650709677419,find_phi_fixed_budget_reverse_engineering_risk,"{""m_exploration"": 20, ""eps_target"": 1e-06, ""budget"": 650709677419}"
"U(3e-05,0.05), eps=1e-06",3e-05,0.05,1e-06,binary_risk,433806451,find_phi_fixed_budget_binary_search_risk,"{""m_exploration"": 807, ""conf"": 0.8, ""eps_target"": 1e-06, ""budget"": 433806451}"
"U(3e-05,0.05), eps=1e-06",3e-05,0.05,1e-06,binary_risk,666998572,find_phi_fixed_budget_binary_search_risk,"{""m_exploration"": 807, ""conf"": 0.8, ""eps_target"": 1e-06, ""budget"": 666998572}"
"U(3e-05,0.05), eps=1e-06",3e-05,0.05,1e-06,binary_risk,1025542827,find_phi_fixed_budget_binary_search_risk,"{""m_exploration"": 807, ""conf"": 0.8, ""eps_target"": 1e-06, ""budget"": 1025542827}"
"U(3e-05,0.05), eps=1e-06",3e-05,0.05,1e-06,binary_risk,1576822104,find_phi_fixed_budget_binary_search_risk,"{""m_exploration"": 1692, ""conf"": 0.5, ""eps_target"": 1e-06, ""budget"": 1576822104}"
"U(3e-05,0.05), eps=1e-06",3e-05,0.05,1e-06,binary_risk,2424440872,find_phi_fixed_budget_binary_search_risk,"{""m_exploration"": 3545, ""conf"": 0.5, ""eps_target"": 1e-06, ""budget"": 2424440872}"
"U(3e-05,0.05), eps=1e-06",3e-05,0.05,1e-06,binary_risk,3727696059,find_phi_fixed_budget_binary_search_risk,"{""m_exploration"": 1692, ""conf"": 0.5, ""eps_target"": 1e-06, ""budget"": 3727696059}"
"U(3e-05,0.05), eps=1e-06",3e-05,0.05,1e-06,binary_risk,5731514456,find_phi_fixed_budget_binary_search_risk,"{""m_exploration"": 1692, ""conf"": 0.5, ""eps_target"": 1e-06, ""budget"": 5731514456}"
"U(3e-05,0.05), eps=1e-06",3e-05,0.05,1e-06,binary_risk,8812482949,find_phi_fixed_budget_binary_search_risk,"{""m_exploration"": 1692, ""conf"": 0.5, ""eps_target"": 1e-06, ""budget"": 8812482949}"
"U(3e-05,0.05), eps=1e-06",3e-05,0.05,1e-06,binary_risk,13549622239,find_phi_fixed_budget_binary_search_risk,"{""m_exploration"": 7429, ""conf"": 0.5, ""eps_target"": 1e-06, ""budget"": 13549622239}"
"U(3e-05,0.05), eps=1e-06",3e-05,0.05,1e-06,binary_risk,20833204882,find_phi_fixed_budget_binary_search_risk,"{""m_exploration"": 7429, ""conf"": 0.5, ""eps_target"": 1e-06, ""budget"": 20833204882}"
"U(3e-05,0.05), eps=1e-06",3e-05,0.05,1e-06,binary_risk,32032068351,find_phi_fixed_budget_binary_search_risk,"{""m_exploration"": 3545, ""conf"": 0.5, ""eps_target"": 1e-06, ""budget"": 32032068351}"
"U(3e-05,0.05), eps=1e-06",3e-05,0.05,1e-06,binary_risk,49250866998,find_phi_fixed_budget_binary_search_risk,"{""m_exploration"": 385, ""conf"": 0.5, ""eps_target"": 1e-06, ""budget"": 49250866998}"
"U(3e-05,0.05), eps=1e-06",3e-05,0.05,1e-06,binary_risk,75725609522,find_phi_fixed_budget_binary_search_risk,"{""m_exploration"": 3545, ""conf"": 0.5, ""eps_target"": 1e-06, ""budget"": 75725609522}"
"U(3e-05,0.05), eps=1e-06",3e-05,0.05,1e-06,binary_risk,116431817081,find_phi_fixed_budget_binary_search_risk,"{""m_exploration"": 41, ""conf"": 0.5, ""eps_target"": 1e-06, ""budget"": 116431817081}"
"U(3e-05,0.05), eps=1e-06",3e-05,0.05,1e-06,binary_risk,179019596071,find_phi_fixed_budget_binary_search_risk,"{""m_exploration"": 41, ""conf"": 0.5, ""eps_target"": 1e-06, ""budget"": 179019596071}"
"U(3e-05,0.05), eps=1e-06",3e-05,0.05,1e-06,binary_risk,275251358097,find_phi_fixed_budget_binary_search_risk,"{""m_exploration"": 20, ""conf"": 0.5, ""eps_target"": 1e-06, ""budget"": 275251358097}"
"U(3e-05,0.05), eps=1e-06",3e-05,0.05,1e-06,binary_risk,423212384550,find_phi_fixed_budget_binary_search_risk,"{""m_exploration"": 20, ""conf"": 0.5, ""eps_target"": 1e-06, ""budget"": 423212384550}"
"U(3e-05,0.05), eps=1e-06",3e-05,0.05,1e-06,binary_risk,650709677419,find_phi_fixed_budget_binary_search_risk,"{""m_exploration"": 20, ""conf"": 0.5, ""eps_target"": 1e-06, ""budget"": 650709677419}"
"U(1e-05,0.05), eps=1e-06",1e-05,0.05,1e-06,linear,433806451,find_phi_fixed_budget_linear_search,"{""m_exploration"": 1392, ""lookback_window"": 5, ""safeguard"": 2, ""inc"": 5, ""budget"": 433806451}"
"U(1e-05,0.05), eps=1e-06",1e-05,0.05,1e-06,linear,666998572,find_phi_fixed_budget_linear_search,"{""m_exploration"": 1392, ""lookback_window"": 5, ""safeguard"": 2, ""inc"": 5, ""budget"": 666998572}"
"U(1e-05,0.05), eps=1e-06",1e-05,0.05,1e-06,linear,1025542827,find_phi_fixed_budget_linear_search,"{""m_exploration"": 13924, ""lookback_window"": 5, ""safeguard"": 1, ""inc"": 5, ""budget"": 1025542827}"
"U(1e-05,0.05), eps=1e-06",1e-05,0.05,1e-06,linear,1576822104,find_phi_fixed_budget_linear_search,"{""m_exploration"": 13924, ""lookback_window"": 5, ""safeguard"": 1, ""inc"": 5, ""budget"": 1576822104}"
"U(1e-05,0.05), eps=1e-06",1e-05,0.05,1e-06,linear,2424440872,find_phi_fixed_budget_linear_search,"{""m_exploration"": 13924, ""lookback_window"": 5, ""safeguard"": 1, ""inc"": 5, ""budget"": 2424440872}"
"U(1e-05,0.05), eps=1e-06",1e-05,0.05,1e-06,linear,3727696059,find_phi_fixed_budget_linear_search,"{""m_exploration"": 1392, ""lookback_window"": 5, ""safeguard"": 1, ""inc"": 2, ""budget"": 3727696059}"
"U(1e-05,0.05), eps=1e-06",1e-05,0.05,1e-06,linear,5731514456,find_phi_fixed_budget_linear_search,"{""m_exploration"": 1392, ""lookback_window"": 5, ""safeguard"": 1, ""inc"": 5, ""budget"": 5731514456}"
"U(1e-05,0.05), eps=1e-06",1e-05,0.05,1e-06,linear,8812482949,find_phi_fixed_budget_linear_search,"{""m_exploration"": 30000, ""lookback_window"": 5, ""safeguard"": 1, ""inc"": 5, ""budget"": 8812482949}"
"U(1e-05,0.05), eps=1e-06",1e-05,0.05,1e-06,linear,13549622239,find_phi_fixed_budget_linear_search,"{""m_exploration"": 30000, ""lookback_window"": 5, ""safeguard"": 1, ""inc"": 5, ""budget"": 13549622239}"
"U(1e-05,0.05), eps=1e-06",1e-05,0.05,1e-06,linear,20833204882,find_phi_fixed_budget_linear_search,"{""m_exploration"": 30000, ""lookback_window"": 5, ""safeguard"": 1, ""inc"": 5, ""budget"": 20833204882}"
"U(1e-05,0.05), eps=1e-06",1e-05,0.05,1e-06,linear,32032068351,find_phi_fixed_budget_linear_search,"{""m_exploration"": 30000, ""lookback_window"": 5, ""safeguard"": 1, ""inc"": 5, ""budget"": 32032068351}"
"U(1e-05,0.05), eps=1e-06",1e-05,0.05,1e-06,linear,49250866998,find_phi_fixed_budget_linear_search,"{""m_exploration"": 13924, ""lookback_window"": 5, ""safeguard"": 1, ""inc"": 2, ""budget"": 49250866998}"
"U(1e-05,0.05), eps=1e-06",1e-05,0.05,1e-06,linear,75725609522,find_phi_fixed_budget_linear_search,"{""m_exploration"": 30000, ""lookback_window"": 5, ""safeguard"": 1, ""inc"": 5, ""budget"": 75725609522}"
"U(1e-05,0.05), eps=1e-06",1e-05,0.05,1e-06,linear,116431817081,find_phi_fixed_budget_linear_search,"{""m_exploration"": 3, ""lookback_window"": 2, ""safeguard"": 5, ""inc"": 1, ""budget"": 116431817081}"
"U(1e-05,0.05), eps=1e-06",1e-05,0.05,1e-06,linear,179019596071,find_phi_fixed_budget_linear_search,"{""m_exploration"": 3, ""lookback_window"": 1, ""safeguard"": 5, ""inc"": 1, ""budget"": 179019596071}"
"U(1e-05,0.05), eps=1e-06",1e-05,0.05,1e-06,linear,275251358097,find_phi_fixed_budget_linear_search,"{""m_exploration"": 3, ""lookback_window"": 1, ""safeguard"": 5, ""inc"": 1, ""budget"": 275251358097}"
"U(1e-05,0.05), eps=1e-06",1e-05,0.05,1e-06,linear,423212384550,find_phi_fixed_budget_linear_search,"{""m_exploration"": 3, ""lookback_window"": 1, ""safeguard"": 5, ""inc"": 1, ""budget"": 423212384550}"
"U(1e-05,0.05), eps=1e-06",1e-05,0.05,1e-06,linear,650709677419,find_phi_fixed_budget_linear_search,"{""m_exploration"": 3, ""lookback_window"": 1, ""safeguard"": 5, ""inc"": 1, ""budget"": 650709677419}"
"U(1e-05,0.05), eps=1e-06",1e-05,0.05,1e-06,reverse_eng,433806451,find_phi_fixed_budget_reverse_engineering,"{""m_exploration"": 300000, ""safeguard"": 0.9, ""budget"": 433806451}"
"U(1e-05,0.05), eps=1e-06",1e-05,0.05,1e-06,reverse_eng,666998572,find_phi_fixed_budget_reverse_engineering,"{""m_exploration"": 300000, ""safeguard"": 0.95, ""budget"": 666998572}"
"U(1e-05,0.05), eps=1e-06",1e-05,0.05,1e-06,reverse_eng,1025542827,find_phi_fixed_budget_reverse_engineering,"{""m_exploration"": 300000, ""safeguard"": 0.95, ""budget"": 1025542827}"
"U(1e-05,0.05), eps=1e-06",1e-05,0.05,1e-06,reverse_eng,1576822104,find_phi_fixed_budget_reverse_engineering,"{""m_exploration"": 300000, ""safeguard"": 0.95, ""budget"": 1576822104}"
"U(1e-05,0.05), eps=1e-06",1e-05,0.05,1e-06,reverse_eng,2424440872,find_phi_fixed_budget_reverse_engineering,"{""m_exploration"": 300000, ""safeguard"": 0.95, ""budget"": 2424440872}"
"U(1e-05,0.05), eps=1e-06",1e-05,0.05,1e-06,reverse_eng,3727696059,find_phi_fixed_budget_reverse_engineering,"{""m_exploration"": 300000, ""safeguard"": 0.95, ""budget"": 3727696059}"
"U(1e-05,0.05), eps=1e-06",1e-05,0.05,1e-06,reverse_eng,5731514456,find_phi_fixed_budget_reverse_engineering,"{""m_exploration"": 300000, ""safeguard"": 0.95, ""budget"": 5731514456}"
"U(1e-05,0.05), eps=1e-06",1e-05,0.05,1e-06,reverse_eng,8812482949,find_phi_fixed_budget_reverse_engineering,"{""m_exploration"": 300000, ""safeguard"": 0.95, ""budget"": 8812482949}"
"U(1e-05,0.05), eps=1e-06",1e-05,0.05,1e-06,reverse_eng,13549622239,find_phi_fixed_budget_reverse_engineering,"{""m_exploration"": 300000, ""safeguard"": 0.95, ""budget"": 13549622239}"
"U(1e-05,0.05), eps=1e-06",1e-05,0.05,1e-06,reverse_eng,20833204882,find_phi_fixed_budget_reverse_engineering,"{""m_exploration"": 300000, ""safeguard"": 0.95, ""budget"": 20833204882}"
"U(1e-05,0.05), eps=1e-06",1e-05,0.05,1e-06,reverse_eng,32032068351,find_phi_fixed_budget_reverse_engineering,"{""m_exploration"": 109026, ""safeguard"": 0.9, ""budget"": 32032068351}"
"U(1e-05,0.05), eps=1e-06",1e-05,0.05,1e-06,reverse_eng,49250866998,find_phi_fixed_budget_reverse_engineering,"{""m_exploration"": 300000, ""safeguard"": 0.85, ""budget"": 49250866998}"
"U(1e-05,0.05), eps=1e-06",1e-05,0.05,1e-06,reverse_eng,75725609522,find_phi_fixed_budget_reverse_engineering,"{""m_exploration"": 65726, ""safeguard"": 0.8, ""budget"": 75725609522}"
"U(1e-05,0.05), eps=1e-06",1e-05,0.05,1e-06,reverse_eng,116431817081,find_phi_fixed_budget_reverse_engineering,"{""m_exploration"": 65726, ""safeguard"": 0.8, ""budget"": 116431817081}"
"U(1e-05,0.05), eps=1e-06",1e-05,0.05,1e-06,reverse_eng,179019596071,find_phi_fixed_budget_reverse_engineering,"{""m_exploration"": 65726, ""safeguard"": 0.8, ""budget"": 179019596071}"
"U(1e-05,0.05), eps=1e-06",1e-05,0.05,1e-06,reverse_eng,275251358097,find_phi_fixed_budget_reverse_engineering,"{""m_exploration"": 65726, ""safeguard"": 0.8, ""budget"": 275251358097}"
"U(1e-05,0.05), eps=1e-06",1e-05,0.05,1e-06,reverse_eng,423212384550,find_phi_fixed_budget_reverse_engineering,"{""m_exploration"": 65726, ""safeguard"": 0.8, ""budget"": 423212384550}"
"U(1e-05,0.05), eps=1e-06",1e-05,0.05,1e-06,reverse_eng,650709677419,find_phi_fixed_budget_reverse_engineering,"{""m_exploration"": 65726, ""safeguard"": 0.8, ""budget"": 650709677419}"
"U(1e-05,0.05), eps=1e-06",1e-05,0.05,1e-06,binary,433806451,find_phi_fixed_budget_binary_search,"{""m_exploration"": 807, ""safeguard"": 2, ""conf"": 0.8, ""budget"": 433806451}"
"U(1e-05,0.05), eps=1e-06",1e-05,0.05,1e-06,binary,666998572,find_phi_fixed_budget_binary_search,"{""m_exploration"": 807, ""safeguard"": 2, ""conf"": 0.8, ""budget"": 666998572}"
"U(1e-05,0.05), eps=1e-06",1e-05,0.05,1e-06,binary,1025542827,find_phi_fixed_budget_binary_search,"{""m_exploration"": 807, ""safeguard"": 2, ""conf"": 0.8, ""budget"": 1025542827}"
"U(1e-05,0.05), eps=1e-06",1e-05,0.05,1e-06,binary,1576822104,find_phi_fixed_budget_binary_search,"{""m_exploration"": 1692, ""safeguard"": 2, ""conf"": 0.8, ""budget"": 1576822104}"
"U(1e-05,0.05), eps=1e-06",1e-05,0.05,1e-06,binary,2424440872,find_phi_fixed_budget_binary_search,"{""m_exploration"": 1692, ""safeguard"": 2, ""conf"": 0.8, ""budget"": 2424440872}"
"U(1e-05,0.05), eps=1e-06",1e-05,0.05,1e-06,binary,3727696059,find_phi_fixed_budget_binary_search,"{""m_exploration"": 1692, ""safeguard"": 2, ""conf"": 0.8, ""budget"": 3727696059}"
"U(1e-05,0.05), eps=1e-06",1e-05,0.05,1e-06,binary,5731514456,find_phi_fixed_budget_binary_search,"{""m_exploration"": 3545, ""safeguard"": 2, ""conf"": 0.8, ""budget"": 5731514456}"
"U(1e-05,0.05), eps=1e-06",1e-05,0.05,1e-06,binary,8812482949,find_phi_fixed_budget_binary_search,"{""m_exploration"": 3545, ""safeguard"": 2, ""conf"": 0.8, ""budget"": 8812482949}"
"U(1e-05,0.05), eps=1e-06",1e-05,0.05,1e-06,binary,13549622239,find_phi_fixed_budget_binary_search,"{""m_exploration"": 7429, ""safeguard"": 2, ""conf"": 0.8, ""budget"": 13549622239}"
"U(1e-05,0.05), eps=1e-06",1e-05,0.05,1e-06,binary,20833204882,find_phi_fixed_budget_binary_search,"{""m_exploration"": 7429, ""safeguard"": 2, ""conf"": 0.8, ""budget"": 20833204882}"
"U(1e-05,0.05), eps=1e-06",1e-05,0.05,1e-06,binary,32032068351,find_phi_fixed_budget_binary_search,"{""m_exploration"": 32614, ""safeguard"": 2, ""conf"": 0.8, ""budget"": 32032068351}"
"U(1e-05,0.05), eps=1e-06",1e-05,0.05,1e-06,binary,49250866998,find_phi_fixed_budget_binary_search,"{""m_exploration"": 68335, ""safeguard"": 2, ""conf"": 0.8, ""budget"": 49250866998}"
"U(1e-05,0.05), eps=1e-06",1e-05,0.05,1e-06,binary,75725609522,find_phi_fixed_budget_binary_search,"{""m_exploration"": 68335, ""safeguard"": 2, ""conf"": 0.5, ""budget"": 75725609522}"
"U(1e-05,0.05), eps=1e-06",1e-05,0.05,1e-06,binary,116431817081,find_phi_fixed_budget_binary_search,"{""m_exploration"": 143180, ""safeguard"": 2, ""conf"": 0.5, ""budget"": 116431817081}"
"U(1e-05,0.05), eps=1e-06",1e-05,0.05,1e-06,binary,179019596071,find_phi_fixed_budget_binary_search,"{""m_exploration"": 143180, ""safeguard"": 2, ""conf"": 0.5, ""budget"": 179019596071}"
"U(1e-05,0.05), eps=1e-06",1e-05,0.05,1e-06,binary,275251358097,find_phi_fixed_budget_binary_search,"{""m_exploration"": 143180, ""safeguard"": 2, ""conf"": 0.5, ""budget"": 275251358097}"
"U(1e-05,0.05), eps=1e-06",1e-05,0.05,1e-06,binary,423212384550,find_phi_fixed_budget_binary_search,"{""m_exploration"": 143180, ""safeguard"": 2, ""conf"": 0.5, ""budget"": 423212384550}"
"U(1e-05,0.05), eps=1e-06",1e-05,0.05,1e-06,binary,650709677419,find_phi_fixed_budget_binary_search,"{""m_exploration"": 143180, ""safeguard"": 2, ""conf"": 0.5, ""budget"": 650709677419}"
"U(1e-05,0.05), eps=1e-06",1e-05,0.05,1e-06,reverse_eng_risk,433806451,find_phi_fixed_budget_reverse_engineering_risk,"{""m_exploration"": 300000, ""eps_target"": 1e-06, ""budget"": 433806451}"
"U(1e-05,0.05), eps=1e-06",1e-05,0.05,1e-06,reverse_eng_risk,666998572,find_phi_fixed_budget_reverse_engineering_risk,"{""m_exploration"": 65726, ""eps_target"": 1e-06, ""budget"": 666998572}"
"U(1e-05,0.05), eps=1e-06",1e-05,0.05,1e-06,reverse_eng_risk,1025542827,find_phi_fixed_budget_reverse_engineering_risk,"{""m_exploration"": 180853, ""eps_target"": 1e-06, ""budget"": 1025542827}"
"U(1e-05,0.05), eps=1e-06",1e-05,0.05,1e-06,reverse_eng_risk,1576822104,find_phi_fixed_budget_reverse_engineering_risk,"{""m_exploration"": 300000, ""eps_target"": 1e-06, ""budget"": 1576822104}"
"U(1e-05,0.05), eps=1e-06",1e-05,0.05,1e-06,reverse_eng_risk,2424440872,find_phi_fixed_budget_reverse_engineering_risk,"{""m_exploration"": 300000, ""eps_target"": 1e-06, ""budget"": 2424440872}"
"U(1e-05,0.05), eps=1e-06",1e-05,0.05,1e-06,reverse_eng_risk,3727696059,find_phi_fixed_budget_reverse_engineering_risk,"{""m_exploration"": 180853, ""eps_target"": 1e-06, ""budget"": 3727696059}"
"U(1e-05,0.05), eps=1e-06",1e-05,0.05,1e-06,reverse_eng_risk,5731514456,find_phi_fixed_budget_reverse_engineering_risk,"{""m_exploration"": 5233, ""eps_target"": 1e-06, ""budget"": 5731514456}"
"U(1e-05,0.05), eps=1e-06",1e-05,0.05,1e-06,reverse_eng_risk,8812482949,find_phi_fixed_budget_reverse_engineering_risk,"{""m_exploration"": 5233, ""eps_target"": 1e-06, ""budget"": 8812482949}"
"U(1e-05,0.05), eps=1e-06",1e-05,0.05,1e-06,reverse_eng_risk,13549622239,find_phi_fixed_budget_reverse_engineering_risk,"{""m_exploration"": 8680, ""eps_target"": 1e-06, ""budget"": 13549622239}"
"U(1e-05,0.05), eps=1e-06",1e-05,0.05,1e-06,reverse_eng_risk,20833204882,find_phi_fixed_budget_reverse_engineering_risk,"{""m_exploration"": 3154, ""eps_target"": 1e-06, ""budget"": 20833204882}"
"U(1e-05,0.05), eps=1e-06",1e-05,0.05,1e-06,reverse_eng_risk,32032068351,find_phi_fixed_budget_reverse_engineering_risk,"{""m_exploration"": 8680, ""eps_target"": 1e-06, ""budget"": 32032068351}"
"U(1e-05,0.05), eps=1e-06",1e-05,0.05,1e-06,reverse_eng_risk,49250866998,find_phi_fixed_budget_reverse_engineering_risk,"{""m_exploration"": 691, ""eps_target"": 1e-06, ""budget"": 49250866998}"
"U(1e-05,0.05), eps=1e-06",1e-05,0.05,1e-06,reverse_eng_risk,75725609522,find_phi_fixed_budget_reverse_engineering_risk,"{""m_exploration"": 3154, ""eps_target"": 1e-06, ""budget"": 75725609522}"
"U(1e-05,0.05), eps=1e-06",1e-05,0.05,1e-06,reverse_eng_risk,116431817081,find_phi_fixed_budget_reverse_engineering_risk,"{""m_exploration"": 20, ""eps_target"": 1e-06, ""budget"": 116431817081}"
"U(1e-05,0.05), eps=1e-06",1e-05,0.05,1e-06,reverse_eng_risk,179019596071,find_phi_fixed_budget_reverse_engineering_risk,"{""m_exploration"": 20, ""eps_target"": 1e-06, ""budget"": 179019596071}"
"U(1e-05,0.05), eps=1e-06",1e-05,0.05,1e-06,reverse_eng_risk,275251358097,find_phi_fixed_budget_reverse_engineering_risk,"{""m_exploration"": 20, ""eps_target"": 1e-06, ""budget"": 275251358097}"
"U(1e-05,0.05), eps=1e-06",1e-05,0.05,1e-06,reverse_eng_risk,423212384550,find_phi_fixed_budget_reverse_engineering_risk,"{""m_exploration"": 20, ""eps_target"": 1e-06, ""budget"": 423212384550}"
"U(1e-05,0.05), eps=1e-06",1e-05,0.05,1e-06,reverse_eng_risk,650709677419,find_phi_fixed_budget_reverse_engineering_risk,"{""m_exploration"": 20, ""eps_target"": 1e-06, ""budget"": 650709677419}"
"U(1e-05,0.05), eps=1e-06",1e-05,0.05,1e-06,binary_risk,433806451,find_phi_fixed_budget_binary_search_risk,"{""m_exploration"": 385, ""conf"": 0.8, ""eps_target"": 1e-06, ""budget"": 433806451}"
"U(1e-05,0.05), eps=1e-06",1e-05,0.05,1e-06,binary_risk,666998572,find_phi_fixed_budget_binary_search_risk,"{""m_exploration"": 807, ""conf"": 0.9, ""eps_target"": 1e-06, ""budget"": 666998572}"
"U(1e-05,0.05), eps=1e-06",1e-05,0.05,1e-06,binary_risk,1025542827,find_phi_fixed_budget_binary_search_risk,"{""m_exploration"": 807, ""conf"": 0.8, ""eps_target"": 1e-06, ""budget"": 1025542827}"
"U(1e-05,0.05), eps=1e-06",1e-05,0.05,1e-06,binary_risk,1576822104,find_phi_fixed_budget_binary_search_risk,"{""m_exploration"": 1692, ""conf"": 0.5, ""eps_target"": 1e-06, ""budget"": 1576822104}"
"U(1e-05,0.05), eps=1e-06",1e-05,0.05,1e-06,binary_risk,2424440872,find_phi_fixed_budget_binary_search_risk,"{""m_exploration"": 1692, ""conf"": 0.5, ""eps_target"": 1e-06, ""budget"": 2424440872}"
"U(1e-05,0.05), eps=1e-06",1e-05,0.05,1e-06,binary_risk,3727696059,find_phi_fixed_budget_binary_search_risk,"{""m_exploration"": 807, ""conf"": 0.5, ""eps_target"": 1e-06, ""budget"": 3727696059}"
"U(1e-05,0.05), eps=1e-06",1e-05,0.05,1e-06,binary_risk,5731514456,find_phi_fixed_budget_binary_search_risk,"{""m_exploration"": 1692, ""conf"": 0.8, ""eps_target"": 1e-06, ""budget"": 5731514456}"
"U(1e-05,0.05), eps=1e-06",1e-05,0.05,1e-06,binary_risk,8812482949,find_phi_fixed_budget_binary_search_risk,"{""m_exploration"": 807, ""conf"": 0.5, ""eps_target"": 1e-06, ""budget"": 8812482949}"
"U(1e-05,0.05), eps=1e-06",1e-05,0.05,1e-06,binary_risk,13549622239,find_phi_fixed_budget_binary_search_risk,"{""m_exploration"": 807, ""conf"": 0.5, ""eps_target"": 1e-06, ""budget"": 13549622239}"
"U(1e-05,0.05), eps=1e-06",1e-05,0.05,1e-06,binary_risk,20833204882,find_phi_fixed_budget_binary_search_risk,"{""m_exploration"": 807, ""conf"": 0.5, ""eps_target"": 1e-06, ""budget"": 20833204882}"
"U(1e-05,0.05), eps=1e-06",1e-05,0.05,1e-06,binary_risk,32032068351,find_phi_fixed_budget_binary_search_risk,"{""m_exploration"": 807, ""conf"": 0.5, ""eps_target"": 1e-06, ""budget"": 32032068351}"
"U(1e-05,0.05), eps=1e-06",1e-05,0.05,1e-06,binary_risk,49250866998,find_phi_fixed_budget_binary_search_risk,"{""m_exploration"": 807, ""conf"": 0.5, ""eps_target"": 1e-06, ""budget"": 49250866998}"
"U(1e-05,0.05), eps=1e-06",1e-05,0.05,1e-06,binary_risk,75725609522,find_phi_fixed_budget_binary_search_risk,"{""m_exploration"": 807, ""conf"": 0.5, ""eps_target"": 1e-06, ""budget"": 75725609522}"
"U(1e-05,0.05), eps=1e-06",1e-05,0.05,1e-06,binary_risk,116431817081,find_phi_fixed_budget_binary_search_risk,"{""m_exploration"": 87, ""conf"": 0.5, ""eps_target"": 1e-06, ""budget"": 116431817081}"
"U(1e-05,0.05), eps=1e-06",1e-05,0.05,1e-06,binary_risk,179019596071,find_phi_fixed_budget_binary_search_risk,"{""m_exploration"": 87, ""conf"": 0.5, ""eps_target"": 1e-06, ""budget"": 179019596071}"
"U(1e-05,0.05), eps=1e-06",1e-05,0.05,1e-06,binary_risk,275251358097,find_phi_fixed_budget_binary_search_risk,"{""m_exploration"": 20, ""conf"": 0.5, ""eps_target"": 1e-06, ""budget"": 275251358097}"
"U(1e-05,0.05), eps=1e-06",1e-05,0.05,1e-06,binary_risk,423212384550,find_phi_fixed_budget_binary_search_risk,"{""m_exploration"": 20, ""conf"": 0.5, ""eps_target"": 1e-06, ""budget"": 423212384550}"
"U(1e-05,0.05), eps=1e-06",1e-05,0.05,1e-06,binary_risk,650709677419,find_phi_fixed_budget_binary_search_risk,"{""m_exploration"": 20, ""conf"": 0.5, ""eps_target"": 1e-06, ""budget"": 650709677419}"
"U(0.01,0.1), eps=1e-06",0.01,0.1,1e-06,linear,896533333,find_phi_fixed_budget_linear_search,"{""m_exploration"": 13924, ""lookback_window"": 5, ""safeguard"": 0, ""inc"": 2, ""budget"": 896533333}"
"U(0.01,0.1), eps=1e-06",0.01,0.1,1e-06,linear,1378463715,find_phi_fixed_budget_linear_search,"{""m_exploration"": 13924, ""lookback_window"": 5, ""safeguard"": 0, ""inc"": 2, ""budget"": 1378463715}"
"U(0.01,0.1), eps=1e-06",0.01,0.1,1e-06,linear,2119455177,find_phi_fixed_budget_linear_search,"{""m_exploration"": 13924, ""lookback_window"": 5, ""safeguard"": 0, ""inc"": 2, ""budget"": 2119455177}"
"U(0.01,0.1), eps=1e-06",0.01,0.1,1e-06,linear,3258765682,find_phi_fixed_budget_linear_search,"{""m_exploration"": 13924, ""lookback_window"": 5, ""safeguard"": 0, ""inc"": 2, ""budget"": 3258765682}"
"U(0.01,0.1), eps=1e-06",0.01,0.1,1e-06,linear,5010511136,find_phi_fixed_budget_linear_search,"{""m_exploration"": 300000, ""lookback_window"": 5, ""safeguard"": 0, ""inc"": 2, ""budget"": 5010511136}"
"U(0.01,0.1), eps=1e-06",0.01,0.1,1e-06,linear,7703905188,find_phi_fixed_budget_linear_search,"{""m_exploration"": 64633, ""lookback_window"": 5, ""safeguard"": 0, ""inc"": 2, ""budget"": 7703905188}"
"U(0.01,0.1), eps=1e-06",0.01,0.1,1e-06,linear,11845129876,find_phi_fixed_budget_linear_search,"{""m_exploration"": 64633, ""lookback_window"": 5, ""safeguard"": 0, ""inc"": 2, ""budget"": 11845129876}"
"U(0.01,0.1), eps=1e-06",0.01,0.1,1e-06,linear,18212464762,find_phi_fixed_budget_linear_search,"{""m_exploration"": 64633, ""lookback_window"": 5, ""safeguard"": 0, ""inc"": 2, ""budget"": 18212464762}"
"U(0.01,0.1), eps=1e-06",0.01,0.1,1e-06,linear,28002552627,find_phi_fixed_budget_linear_search,"{""m_exploration"": 64633, ""lookback_window"": 5, ""safeguard"": 0, ""inc"": 2, ""budget"": 28002552627}"
"U(0.01,0.1), eps=1e-06",0.01,0.1,1e-06,linear,43055290091,find_phi_fixed_budget_linear_search,"{""m_exploration"": 300000, ""lookback_window"": 5, ""safeguard"": 0, ""inc"": 2, ""budget"": 43055290091}"
"U(0.01,0.1), eps=1e-06",0.01,0.1,1e-06,linear,66199607925,find_phi_fixed_budget_linear_search,"{""m_exploration"": 300000, ""lookback_window"": 5, ""safeguard"": 0, ""inc"": 2, ""budget"": 66199607925}"
"U(0.01,0.1), eps=1e-06",0.01,0.1,1e-06,linear,101785125131,find_phi_fixed_budget_linear_search,"{""m_exploration"": 6463, ""lookback_window"": 5, ""safeguard"": 1, ""inc"": 1, ""budget"": 101785125131}"
"U(0.01,0.1), eps=1e-06",0.01,0.1,1e-06,linear,156499593012,find_phi_fixed_budget_linear_search,"{""m_exploration"": 300, ""lookback_window"": 5, ""safeguard"": 1, ""inc"": 1, ""budget"": 156499593012}"
"U(0.01,0.1), eps=1e-06",0.01,0.1,1e-06,linear,240625755302,find_phi_fixed_budget_linear_search,"{""m_exploration"": 3, ""lookback_window"": 1, ""safeguard"": 5, ""inc"": 1, ""budget"": 240625755302}"
"U(0.01,0.1), eps=1e-06",0.01,0.1,1e-06,linear,369973831880,find_phi_fixed_budget_linear_search,"{""m_exploration"": 3, ""lookback_window"": 1, ""safeguard"": 5, ""inc"": 1, ""budget"": 369973831880}"
"U(0.01,0.1), eps=1e-06",0.01,0.1,1e-06,linear,568852806735,find_phi_fixed_budget_linear_search,"{""m_exploration"": 3, ""lookback_window"": 1, ""safeguard"": 5, ""inc"": 1, ""budget"": 568852806735}"
"U(0.01,0.1), eps=1e-06",0.01,0.1,1e-06,linear,874638928071,find_phi_fixed_budget_linear_search,"{""m_exploration"": 3, ""lookback_window"": 1, ""safeguard"": 5, ""inc"": 1, ""budget"": 874638928071}"
"U(0.01,0.1), eps=1e-06",0.01,0.1,1e-06,linear,1344800000000,find_phi_fixed_budget_linear_search,"{""m_exploration"": 3, ""lookback_window"": 1, ""safeguard"": 5, ""inc"": 1, ""budget"": 1344800000000}"
"U(0.01,0.1), eps=1e-06",0.01,0.1,1e-06,reverse_eng,896533333,find_phi_fixed_budget_reverse_engineering,"{""m_exploration"": 180853, ""safeguard"": 0.95, ""budget"": 896533333}"
"U(0.01,0.1), eps=1e-06",0.01,0.1,1e-06,reverse_eng,1378463715,find_phi_fixed_budget_reverse_engineering,"{""m_exploration"": 180853, ""safeguard"": 0.95, ""budget"": 1378463715}"
"U(0.01,0.1), eps=1e-06",0.01,0.1,1e-06,reverse_eng,2119455177,find_phi_fixed_budget_reverse_engineering,"{""m_exploration"": 180853, ""safeguard"": 0.95, ""budget"": 2119455177}"
"U(0.01,0.1), eps=1e-06",0.01,0.1,1e-06,reverse_eng,3258765682,find_phi_fixed_budget_reverse_engineering,"{""m_exploration"": 180853, ""safeguard"": 0.95, ""budget"": 3258765682}"
"U(0.01,0.1), eps=1e-06",0.01,0.1,1e-06,reverse_eng,5010511136,find_phi_fixed_budget_reverse_engineering,"{""m_exploration"": 8680, ""safeguard"": 0.95, ""budget"": 5010511136}"
"U(0.01,0.1), eps=1e-06",0.01,0.1,1e-06,reverse_eng,7703905188,find_phi_fixed_budget_reverse_engineering,"{""m_exploration"": 8680, ""safeguard"": 0.95, ""budget"": 7703905188}"
"U(0.01,0.1), eps=1e-06",0.01,0.1,1e-06,reverse_eng,11845129876,find_phi_fixed_budget_reverse_engineering,"{""m_exploration"": 8680, ""safeguard"": 0.95, ""budget"": 11845129876}"
"U(0.01,0.1), eps=1e-06",0.01,0.1,1e-06,reverse_eng,18212464762,find_phi_fixed_budget_reverse_engineering,"{""m_exploration"": 8680, ""safeguard"": 0.95, ""budget"": 18212464762}"
"U(0.01,0.1), eps=1e-06",0.01,0.1,1e-06,reverse_eng,28002552627,find_phi_fixed_budget_reverse_engineering,"{""m_exploration"": 8680, ""safeguard"": 0.95, ""budget"": 28002552627}"
"U(0.01,0.1), eps=1e-06",0.01,0.1,1e-06,reverse_eng,43055290091,find_phi_fixed_budget_reverse_engineering,"{""m_exploration"": 8680, ""safeguard"": 0.95, ""budget"": 43055290091}"
"U(0.01,0.1), eps=1e-06",0.01,0.1,1e-06,reverse_eng,66199607925,find_phi_fixed_budget_reverse_engineering,"{""m_exploration"": 39622, ""safeguard"": 0.95, ""budget"": 66199607925}"
"U(0.01,0.1), eps=1e-06",0.01,0.1,1e-06,reverse_eng,101785125131,find_phi_fixed_budget_reverse_engineering,"{""m_exploration"": 39622, ""safeguard"": 0.95, ""budget"": 101785125131}"
"U(0.01,0.1), eps=1e-06",0.01,0.1,1e-06,reverse_eng,156499593012,find_phi_fixed_budget_reverse_engineering,"{""m_exploration"": 3154, ""safeguard"": 0.8, ""budget"": 156499593012}"
"U(0.01,0.1), eps=1e-06",0.01,0.1,1e-06,reverse_eng,240625755302,find_phi_fixed_budget_reverse_engineering,"{""m_exploration"": 1901, ""safeguard"": 0.8, ""budget"": 240625755302}"
"U(0.01,0.1), eps=1e-06",0.01,0.1,1e-06,reverse_eng,369973831880,find_phi_fixed_budget_reverse_engineering,"{""m_exploration"": 1901, ""safeguard"": 0.8, ""budget"": 369973831880}"
"U(0.01,0.1), eps=1e-06",0.01,0.1,1e-06,reverse_eng,568852806735,find_phi_fixed_budget_reverse_engineering,"{""m_exploration"": 1901, ""safeguard"": 0.8, ""budget"": 568852806735}"
"U(0.01,0.1), eps=1e-06",0.01,0.1,1e-06,reverse_eng,874638928071,find_phi_fixed_budget_reverse_engineering,"{""m_exploration"": 1901, ""safeguard"": 0.8, ""budget"": 874638928071}"
"U(0.01,0.1), eps=1e-06",0.01,0.1,1e-06,reverse_eng,1344800000000,find_phi_fixed_budget_reverse_engineering,"{""m_exploration"": 1901, ""safeguard"": 0.8, ""budget"": 1344800000000}"
"U(0.01,0.1), eps=1e-06",0.01,0.1,1e-06,binary,896533333,find_phi_fixed_budget_binary_search,"{""m_exploration"": 32614, ""safeguard"": 2, ""conf"": 0.9, ""budget"": 896533333}"
"U(0.01,0.1), eps=1e-06",0.01,0.1,1e-06,binary,1378463715,find_phi_fixed_budget_binary_search,"{""m_exploration"": 1692, ""safeguard"": 2, ""conf"": 0.9, ""budget"": 1378463715}"
"U(0.01,0.1), eps=1e-06",0.01,0.1,1e-06,binary,2119455177,find_phi_fixed_budget_binary_search,"{""m_exploration"": 300000, ""safeguard"": 1, ""conf"": 0.9, ""budget"": 2119455177}"
"U(0.01,0.1), eps=1e-06",0.01,0.1,1e-06,binary,3258765682,find_phi_fixed_budget_binary_search,"{""m_exploration"": 300000, ""safeguard"": 1, ""conf"": 0.9, ""budget"": 3258765682}"
"U(0.01,0.1), eps=1e-06",0.01,0.1,1e-06,binary,5010511136,find_phi_fixed_budget_binary_search,"{""m_exploration"": 300000, ""safeguard"": 1, ""conf"": 0.9, ""budget"": 5010511136}"
"U(0.01,0.1), eps=1e-06",0.01,0.1,1e-06,binary,7703905188,find_phi_fixed_budget_binary_search,"{""m_exploration"": 300000, ""safeguard"": 1, ""conf"": 0.9, ""budget"": 7703905188}"
"U(0.01,0.1), eps=1e-06",0.01,0.1,1e-06,binary,11845129876,find_phi_fixed_budget_binary_search,"{""m_exploration"": 300000, ""safeguard"": 1, ""conf"": 0.9, ""budget"": 11845129876}"
"U(0.01,0.1), eps=1e-06",0.01,0.1,1e-06,binary,18212464762,find_phi_fixed_budget_binary_search,"{""m_exploration"": 300000, ""safeguard"": 1, ""conf"": 0.9, ""budget"": 18212464762}"
"U(0.01,0.1), eps=1e-06",0.01,0.1,1e-06,binary,28002552627,find_phi_fixed_budget_binary_search,"{""m_exploration"": 300000, ""safeguard"": 1, ""conf"": 0.9, ""budget"": 28002552627}"
"U(0.01,0.1), eps=1e-06",0.01,0.1,1e-06,binary,43055290091,find_phi_fixed_budget_binary_search,"{""m_exploration"": 32614, ""safeguard"": 2, ""conf"": 0.9, ""budget"": 43055290091}"
"U(0.01,0.1), eps=1e-06",0.01,0.1,1e-06,binary,66199607925,find_phi_fixed_budget_binary_search,"{""m_exploration"": 143180, ""safeguard"": 2, ""conf"": 0.9, ""budget"": 66199607925}"
"U(0.01,0.1), eps=1e-06",0.01,0.1,1e-06,binary,101785125131,find_phi_fixed_budget_binary_search,"{""m_exploration"": 68335, ""safeguard"": 2, ""conf"": 0.9, ""budget"": 101785125131}"
"U(0.01,0.1), eps=1e-06",0.01,0.1,1e-06,binary,156499593012,find_phi_fixed_budget_binary_search,"{""m_exploration"": 7429, ""safeguard"": 2, ""conf"": 0.8, ""budget"": 156499593012}"
"U(0.01,0.1), eps=1e-06",0.01,0.1,1e-06,binary,240625755302,find_phi_fixed_budget_binary_search,"{""m_exploration"": 7429, ""safeguard"": 2, ""conf"": 0.5, ""budget"": 240625755302}"
"U(0.01,0.1), eps=1e-06",0.01,0.1,1e-06,binary,369973831880,find_phi_fixed_budget_binary_search,"{""m_exploration"": 3545, ""safeguard"": 2, ""conf"": 0.5, ""budget"": 369973831880}"
"U(0.01,0.1), eps=1e-06",0.01,0.1,1e-06,binary,568852806735,find_phi_fixed_budget_binary_search,"{""m_exploration"": 3545, ""safeguard"": 2, ""conf"": 0.5, ""budget"": 568852806735}"
"U(0.01,0.1), eps=1e-06",0.01,0.1,1e-06,binary,874638928071,find_phi_fixed_budget_binary_search,"{""m_exploration"": 3545, ""safeguard"": 2, ""conf"": 0.5, ""budget"": 874638928071}"
"U(0.01,0.1), eps=1e-06",0.01,0.1,1e-06,binary,1344800000000,find_phi_fixed_budget_binary_search,"{""m_exploration"": 3545, ""safeguard"": 2, ""conf"": 0.5, ""budget"": 1344800000000}"
"U(0.01,0.1), eps=1e-06",0.01,0.1,1e-06,reverse_eng_risk,896533333,find_phi_fixed_budget_reverse_engineering_risk,"{""m_exploration"": 300000, ""eps_target"": 1e-06, ""budget"": 896533333}"
"U(0.01,0.1), eps=1e-06",0.01,0.1,1e-06,reverse_eng_risk,1378463715,find_phi_fixed_budget_reverse_engineering_risk,"{""m_exploration"": 300000, ""eps_target"": 1e-06, ""budget"": 1378463715}"
"U(0.01,0.1), eps=1e-06",0.01,0.1,1e-06,reverse_eng_risk,2119455177,find_phi_fixed_budget_reverse_engineering_risk,"{""m_exploration"": 180853, ""eps_target"": 1e-06, ""budget"": 2119455177}"
"U(0.01,0.1), eps=1e-06",0.01,0.1,1e-06,reverse_eng_risk,3258765682,find_phi_fixed_budget_reverse_engineering_risk,"{""m_exploration"": 180853, ""eps_target"": 1e-06, ""budget"": 3258765682}"
"U(0.01,0.1), eps=1e-06",0.01,0.1,1e-06,reverse_eng_risk,5010511136,find_phi_fixed_budget_reverse_engineering_risk,"{""m_exploration"": 300000, ""eps_target"": 1e-06, ""budget"": 5010511136}"
"U(0.01,0.1), eps=1e-06",0.01,0.1,1e-06,reverse_eng_risk,7703905188,find_phi_fixed_budget_reverse_engineering_risk,"{""m_exploration"": 180853, ""eps_target"": 1e-06, ""budget"": 7703905188}"
"U(0.01,0.1), eps=1e-06",0.01,0.1,1e-06,reverse_eng_risk,11845129876,find_phi_fixed_budget_reverse_engineering_risk,"{""m_exploration"": 8680, ""eps_target"": 1e-06, ""budget"": 11845129876}"
"U(0.01,0.1), eps=1e-06",0.01,0.1,1e-06,reverse_eng_risk,18212464762,find_phi_fixed_budget_reverse_engineering_risk,"{""m_exploration"": 65726, ""eps_target"": 1e-06, ""budget"": 18212464762}"
"U(0.01,0.1), eps=1e-06",0.01,0.1,1e-06,reverse_eng_risk,28002552627,find_phi_fixed_budget_reverse_engineering_risk,"{""m_exploration"": 3154, ""eps_target"": 1e-06, ""budget"": 28002552627}"
"U(0.01,0.1), eps=1e-06",0.01,0.1,1e-06,reverse_eng_risk,43055290091,find_phi_fixed_budget_reverse_engineering_risk,"{""m_exploration"": 3154, ""eps_target"": 1e-06, ""budget"": 43055290091}"
"U(0.01,0.1), eps=1e-06",0.01,0.1,1e-06,reverse_eng_risk,66199607925,find_phi_fixed_budget_reverse_engineering_risk,"{""m_exploration"": 3154, ""eps_target"": 1e-06, ""budget"": 66199607925}"
"U(0.01,0.1), eps=1e-06",0.01,0.1,1e-06,reverse_eng_risk,101785125131,find_phi_fixed_budget_reverse_engineering_risk,"{""m_exploration"": 8680, ""eps_target"": 1e-06, ""budget"": 101785125131}"
"U(0.01,0.1), eps=1e-06",0.01,0.1,1e-06,reverse_eng_risk,156499593012,find_phi_fixed_budget_reverse_engineering_risk,"{""m_exploration"": 1901, ""eps_target"": 1e-06, ""budget"": 156499593012}"
"U(0.01,0.1), eps=1e-06",0.01,0.1,1e-06,reverse_eng_risk,240625755302,find_phi_fixed_budget_reverse_engineering_risk,"{""m_exploration"": 20, ""eps_target"": 1e-06, ""budget"": 240625755302}"
"U(0.01,0.1), eps=1e-06",0.01,0.1,1e-06,reverse_eng_risk,369973831880,find_phi_fixed_budget_reverse_engineering_risk,"{""m_exploration"": 20, ""eps_target"": 1e-06, ""budget"": 369973831880}"
"U(0.01,0.1), eps=1e-06",0.01,0.1,1e-06,reverse_eng_risk,568852806735,find_phi_fixed_budget_reverse_engineering_risk,"{""m_exploration"": 20, ""eps_target"": 1e-06, ""budget"": 568852806735}"
"U(0.01,0.1), eps=1e-06",0.01,0.1,1e-06,reverse_eng_risk,874638928071,find_phi_fixed_budget_reverse_engineering_risk,"{""m_exploration"": 20, ""eps_target"": 1e-06, ""budget"": 874638928071}"
"U(0.01,0.1), eps=1e-06",0.01,0.1,1e-06,reverse_eng_risk,1344800000000,find_phi_fixed_budget_reverse_engineering_risk,"{""m_exploration"": 20, ""eps_target"": 1e-06, ""budget"": 1344800000000}"
"U(0.01,0.1), eps=1e-06",0.01,0.1,1e-06,binary_risk,896533333,find_phi_fixed_budget_binary_search_risk,"{""m_exploration"": 32614, ""conf"": 0.8, ""eps_target"": 1e-06, ""budget"": 896533333}"
"U(0.01,0.1), eps=1e-06",0.01,0.1,1e-06,binary_risk,1378463715,find_phi_fixed_budget_binary_search_risk,"{""m_exploration"": 1692, ""conf"": 0.8, ""eps_target"": 1e-06, ""budget"": 1378463715}"
"U(0.01,0.1), eps=1e-06",0.01,0.1,1e-06,binary_risk,2119455177,find_phi_fixed_budget_binary_search_risk,"{""m_exploration"": 300000, ""conf"": 0.8, ""eps_target"": 1e-06, ""budget"": 2119455177}"
"U(0.01,0.1), eps=1e-06",0.01,0.1,1e-06,binary_risk,3258765682,find_phi_fixed_budget_binary_search_risk,"{""m_exploration"": 143180, ""conf"": 0.9, ""eps_target"": 1e-06, ""budget"": 3258765682}"
"U(0.01,0.1), eps=1e-06",0.01,0.1,1e-06,binary_risk,5010511136,find_phi_fixed_budget_binary_search_risk,"{""m_exploration"": 143180, ""conf"": 0.9, ""eps_target"": 1e-06, ""budget"": 5010511136}"
"U(0.01,0.1), eps=1e-06",0.01,0.1,1e-06,binary_risk,7703905188,find_phi_fixed_budget_binary_search_risk,"{""m_exploration"": 300000, ""conf"": 0.9, ""eps_target"": 1e-06, ""budget"": 7703905188}"
"U(0.01,0.1), eps=1e-06",0.01,0.1,1e-06,binary_risk,11845129876,find_phi_fixed_budget_binary_search_risk,"{""m_exploration"": 300000, ""conf"": 0.9, ""eps_target"": 1e-06, ""budget"": 11845129876}"
"U(0.01,0.1), eps=1e-06",0.01,0.1,1e-06,binary_risk,18212464762,find_phi_fixed_budget_binary_search_risk,"{""m_exploration"": 300000, ""conf"": 0.9, ""eps_target"": 1e-06, ""budget"": 18212464762}"
"U(0.01,0.1), eps=1e-06",0.01,0.1,1e-06,binary_risk,28002552627,find_phi_fixed_budget_binary_search_risk,"{""m_exploration"": 300000, ""conf"": 0.9, ""eps_target"": 1e-06, ""budget"": 28002552627}"
"U(0.01,0.1), eps=1e-06",0.01,0.1,1e-06,binary_risk,43055290091,find_phi_fixed_budget_binary_search_risk,"{""m_exploration"": 143180, ""conf"": 0.8, ""eps_target"": 1e-06, ""budget"": 43055290091}"
"U(0.01,0.1), eps=1e-06",0.01,0.1,1e-06,binary_risk,66199607925,find_phi_fixed_budget_binary_search_risk,"{""m_exploration"": 143180, ""conf"": 0.8, ""eps_target"": 1e-06, ""budget"": 66199607925}"
"U(0.01,0.1), eps=1e-06",0.01,0.1,1e-06,binary_risk,101785125131,find_phi_fixed_budget_binary_search_risk,"{""m_exploration"": 68335, ""conf"": 0.5, ""eps_target"": 1e-06, ""budget"": 101785125131}"
"U(0.01,0.1), eps=1e-06",0.01,0.1,1e-06,binary_risk,156499593012,find_phi_fixed_budget_binary_search_risk,"{""m_exploration"": 32614, ""conf"": 0.5, ""eps_target"": 1e-06, ""budget"": 156499593012}"
"U(0.01,0.1), eps=1e-06",0.01,0.1,1e-06,binary_risk,240625755302,find_phi_fixed_budget_binary_search_risk,"{""m_exploration"": 87, ""conf"": 0.5, ""eps_target"": 1e-06, ""budget"": 240625755302}"
"U(0.01,0.1), eps=1e-06",0.01,0.1,1e-06,binary_risk,369973831880,find_phi_fixed_budget_binary_search_risk,"{""m_exploration"": 41, ""conf"": 0.5, ""eps_target"": 1e-06, ""budget"": 369973831880}"
"U(0.01,0.1), eps=1e-06",0.01,0.1,1e-06,binary_risk,568852806735,find_phi_fixed_budget_binary_search_risk,"{""m_exploration"": 20, ""conf"": 0.5, ""eps_target"": 1e-06, ""budget"": 568852806735}"
"U(0.01,0.1), eps=1e-06",0.01,0.1,1e-06,binary_risk,874638928071,find_phi_fixed_budget_binary_search_risk,"{""m_exploration"": 20, ""conf"": 0.5, ""eps_target"": 1e-06, ""budget"": 874638928071}"
"U(0.01,0.1), eps=1e-06",0.01,0.1,1e-06,binary_risk,1344800000000,find_phi_fixed_budget_binary_search_risk,"{""m_exploration"": 20, ""conf"": 0.5, ""eps_target"": 1e-06, ""budget"": 1344800000000}"
"U(0.001,0.1), eps=1e-06",0.001,0.1,1e-06,linear,896533333,find_phi_fixed_budget_linear_search,"{""m_exploration"": 1392, ""lookback_window"": 5, ""safeguard"": 1, ""inc"": 2, ""budget"": 896533333}"
"U(0.001,0.1), eps=1e-06",0.001,0.1,1e-06,linear,1378463715,find_phi_fixed_budget_linear_search,"{""m_exploration"": 1392, ""lookback_window"": 5, ""safeguard"": 1, ""inc"": 2, ""budget"": 1378463715}"
"U(0.001,0.1), eps=1e-06",0.001,0.1,1e-06,linear,2119455177,find_phi_fixed_budget_linear_search,"{""m_exploration"": 13924, ""lookback_window"": 5, ""safeguard"": 1, ""inc"": 2, ""budget"": 2119455177}"
"U(0.001,0.1), eps=1e-06",0.001,0.1,1e-06,linear,3258765682,find_phi_fixed_budget_linear_search,"{""m_exploration"": 6463, ""lookback_window"": 5, ""safeguard"": 0, ""inc"": 1, ""budget"": 3258765682}"
"U(0.001,0.1), eps=1e-06",0.001,0.1,1e-06,linear,5010511136,find_phi_fixed_budget_linear_search,"{""m_exploration"": 13924, ""lookback_window"": 5, ""safeguard"": 1, ""inc"": 2, ""budget"": 5010511136}"
"U(0.001,0.1), eps=1e-06",0.001,0.1,1e-06,linear,7703905188,find_phi_fixed_budget_linear_search,"{""m_exploration"": 6463, ""lookback_window"": 5, ""safeguard"": 1, ""inc"": 1, ""budget"": 7703905188}"
"U(0.001,0.1), eps=1e-06",0.001,0.1,1e-06,linear,11845129876,find_phi_fixed_budget_linear_search,"{""m_exploration"": 13924, ""lookback_window"": 5, ""safeguard"": 1, ""inc"": 2, ""budget"": 11845129876}"
"U(0.001,0.1), eps=1e-06",0.001,0.1,1e-06,linear,18212464762,find_phi_fixed_budget_linear_search,"{""m_exploration"": 139247, ""lookback_window"": 5, ""safeguard"": 0, ""inc"": 2, ""budget"": 18212464762}"
"U(0.001,0.1), eps=1e-06",0.001,0.1,1e-06,linear,28002552627,find_phi_fixed_budget_linear_search,"{""m_exploration"": 64633, ""lookback_window"": 5, ""safeguard"": 0, ""inc"": 1, ""budget"": 28002552627}"
"U(0.001,0.1), eps=1e-06",0.001,0.1,1e-06,linear,43055290091,find_phi_fixed_budget_linear_search,"{""m_exploration"": 64633, ""lookback_window"": 5, ""safeguard"": 1, ""inc"": 1, ""budget"": 43055290091}"
"U(0.001,0.1), eps=1e-06",0.001,0.1,1e-06,linear,66199607925,find_phi_fixed_budget_linear_search,"{""m_exploration"": 300000, ""lookback_window"": 5, ""safeguard"": 0, ""inc"": 2, ""budget"": 66199607925}"
"U(0.001,0.1), eps=1e-06",0.001,0.1,1e-06,linear,101785125131,find_phi_fixed_budget_linear_search,"{""m_exploration"": 139247, ""lookback_window"": 5, ""safeguard"": 1, ""inc"": 2, ""budget"": 101785125131}"
"U(0.001,0.1), eps=1e-06",0.001,0.1,1e-06,linear,156499593012,find_phi_fixed_budget_linear_search,"{""m_exploration"": 13924, ""lookback_window"": 5, ""safeguard"": 1, ""inc"": 1, ""budget"": 156499593012}"
"U(0.001,0.1), eps=1e-06",0.001,0.1,1e-06,linear,240625755302,find_phi_fixed_budget_linear_search,"{""m_exploration"": 6, ""lookback_window"": 1, ""safeguard"": 2, ""inc"": 1, ""budget"": 240625755302}"
"U(0.001,0.1), eps=1e-06",0.001,0.1,1e-06,linear,369973831880,find_phi_fixed_budget_linear_search,"{""m_exploration"": 3, ""lookback_window"": 1, ""safeguard"": 5, ""inc"": 1, ""budget"": 369973831880}"
"U(0.001,0.1), eps=1e-06",0.001,0.1,1e-06,linear,568852806735,find_phi_fixed_budget_linear_search,"{""m_exploration"": 3, ""lookback_window"": 1, ""safeguard"": 5, ""inc"": 1, ""budget"": 568852806735}"
"U(0.001,0.1), eps=1e-06",0.001,0.1,1e-06,linear,874638928071,find_phi_fixed_budget_linear_search,"{""m_exploration"": 3, ""lookback_window"": 1, ""safeguard"": 5, ""inc"": 1, ""budget"": 874638928071}"
"U(0.001,0.1), eps=1e-06",0.001,0.1,1e-06,linear,1344800000000,find_phi_fixed_budget_linear_search,"{""m_exploration"": 3, ""lookback_window"": 1, ""safeguard"": 5, ""inc"": 1, ""budget"": 1344800000000}"
"U(0.001,0.1), eps=1e-06",0.001,0.1,1e-06,reverse_eng,896533333,find_phi_fixed_budget_reverse_engineering,"{""m_exploration"": 300000, ""safeguard"": 0.95, ""budget"": 896533333}"
"U(0.001,0.1), eps=1e-06",0.001,0.1,1e-06,reverse_eng,1378463715,find_phi_fixed_budget_reverse_engineering,"{""m_exploration"": 300000, ""safeguard"": 0.95, ""budget"": 1378463715}"
"U(0.001,0.1), eps=1e-06",0.001,0.1,1e-06,reverse_eng,2119455177,find_phi_fixed_budget_reverse_engineering,"{""m_exploration"": 300000, ""safeguard"": 0.95, ""budget"": 2119455177}"
"U(0.001,0.1), eps=1e-06",0.001,0.1,1e-06,reverse_eng,3258765682,find_phi_fixed_budget_reverse_engineering,"{""m_exploration"": 180853, ""safeguard"": 0.95, ""budget"": 3258765682}"
"U(0.001,0.1), eps=1e-06",0.001,0.1,1e-06,reverse_eng,5010511136,find_phi_fixed_budget_reverse_engineering,"{""m_exploration"": 180853, ""safeguard"": 0.95, ""budget"": 5010511136}"
"U(0.001,0.1), eps=1e-06",0.001,0.1,1e-06,reverse_eng,7703905188,find_phi_fixed_budget_reverse_engineering,"{""m_exploration"": 180853, ""safeguard"": 0.95, ""budget"": 7703905188}"
"U(0.001,0.1), eps=1e-06",0.001,0.1,1e-06,reverse_eng,11845129876,find_phi_fixed_budget_reverse_engineering,"{""m_exploration"": 180853, ""safeguard"": 0.95, ""budget"": 11845129876}"
"U(0.001,0.1), eps=1e-06",0.001,0.1,1e-06,reverse_eng,18212464762,find_phi_fixed_budget_reverse_engineering,"{""m_exploration"": 300000, ""safeguard"": 0.95, ""budget"": 18212464762}"
"U(0.001,0.1), eps=1e-06",0.001,0.1,1e-06,reverse_eng,28002552627,find_phi_fixed_budget_reverse_engineering,"{""m_exploration"": 180853, ""safeguard"": 0.95, ""budget"": 28002552627}"
"U(0.001,0.1), eps=1e-06",0.001,0.1,1e-06,reverse_eng,43055290091,find_phi_fixed_budget_reverse_engineering,"{""m_exploration"": 180853, ""safeguard"": 0.95, ""budget"": 43055290091}"
"U(0.001,0.1), eps=1e-06",0.001,0.1,1e-06,reverse_eng,66199607925,find_phi_fixed_budget_reverse_engineering,"{""m_exploration"": 39622, ""safeguard"": 0.9, ""budget"": 66199607925}"
"U(0.001,0.1), eps=1e-06",0.001,0.1,1e-06,reverse_eng,101785125131,find_phi_fixed_budget_reverse_engineering,"{""m_exploration"": 180853, ""safeguard"": 0.9, ""budget"": 101785125131}"
"U(0.001,0.1), eps=1e-06",0.001,0.1,1e-06,reverse_eng,156499593012,find_phi_fixed_budget_reverse_engineering,"{""m_exploration"": 180853, ""safeguard"": 0.9, ""budget"": 156499593012}"
"U(0.001,0.1), eps=1e-06",0.001,0.1,1e-06,reverse_eng,240625755302,find_phi_fixed_budget_reverse_engineering,"{""m_exploration"": 65726, ""safeguard"": 0.8, ""budget"": 240625755302}"
"U(0.001,0.1), eps=1e-06",0.001,0.1,1e-06,reverse_eng,369973831880,find_phi_fixed_budget_reverse_engineering,"{""m_exploration"": 65726, ""safeguard"": 0.8, ""budget"": 369973831880}"
"U(0.001,0.1), eps=1e-06",0.001,0.1,1e-06,reverse_eng,568852806735,find_phi_fixed_budget_reverse_engineering,"{""m_exploration"": 65726, ""safeguard"": 0.8, ""budget"": 568852806735}"
"U(0.001,0.1), eps=1e-06",0.001,0.1,1e-06,reverse_eng,874638928071,find_phi_fixed_budget_reverse_engineering,"{""m_exploration"": 65726, ""safeguard"": 0.8, ""budget"": 874638928071}"
"U(0.001,0.1), eps=1e-06",0.001,0.1,1e-06,reverse_eng,1344800000000,find_phi_fixed_budget_reverse_engineering,"{""m_exploration"": 65726, ""safeguard"": 0.8, ""budget"": 1344800000000}"
"U(0.001,0.1), eps=1e-06",0.001,0.1,1e-06,binary,896533333,find_phi_fixed_budget_binary_search,"{""m_exploration"": 15565, ""safeguard"": 2, ""conf"": 0.9, ""budget"": 896533333}"
"U(0.001,0.1), eps=1e-06",0.001,0.1,1e-06,binary,1378463715,find_phi_fixed_budget_binary_search,"{""m_exploration"": 15565, ""safeguard"": 2, ""conf"": 0.9, ""budget"": 1378463715}"
"U(0.001,0.1), eps=1e-06",0.001,0.1,1e-06,binary,2119455177,find_phi_fixed_budget_binary_search,"{""m_exploration"": 15565, ""safeguard"": 2, ""conf"": 0.9, ""budget"": 2119455177}"
"U(0.001,0.1), eps=1e-06",0.001,0.1,1e-06,binary,3258765682,find_phi_fixed_budget_binary_search,"{""m_exploration"": 15565, ""safeguard"": 2, ""conf"": 0.9, ""budget"": 3258765682}"
"U(0.001,0.1), eps=1e-06",0.001,0.1,1e-06,binary,5010511136,find_phi_fixed_budget_binary_search,"{""m_exploration"": 32614, ""safeguard"": 2, ""conf"": 0.9, ""budget"": 5010511136}"
"U(0.001,0.1), eps=1e-06",0.001,0.1,1e-06,binary,7703905188,find_phi_fixed_budget_binary_search,"{""m_exploration"": 32614, ""safeguard"": 2, ""conf"": 0.9, ""budget"": 7703905188}"
"U(0.001,0.1), eps=1e-06",0.001,0.1,1e-06,binary,11845129876,find_phi_fixed_budget_binary_search,"{""m_exploration"": 32614, ""safeguard"": 2, ""conf"": 0.9, ""budget"": 11845129876}"
"U(0.001,0.1), eps=1e-06",0.001,0.1,1e-06,binary,18212464762,find_phi_fixed_budget_binary_search,"{""m_exploration"": 32614, ""safeguard"": 2, ""conf"": 0.9, ""budget"": 18212464762}"
"U(0.001,0.1), eps=1e-06",0.001,0.1,1e-06,binary,28002552627,find_phi_fixed_budget_binary_search,"{""m_exploration"": 143180, ""safeguard"": 2, ""conf"": 0.9, ""budget"": 28002552627}"
"U(0.001,0.1), eps=1e-06",0.001,0.1,1e-06,binary,43055290091,find_phi_fixed_budget_binary_search,"{""m_exploration"": 300000, ""safeguard"": 2, ""conf"": 0.9, ""budget"": 43055290091}"
"U(0.001,0.1), eps=1e-06",0.001,0.1,1e-06,binary,66199607925,find_phi_fixed_budget_binary_search,"{""m_exploration"": 143180, ""safeguard"": 2, ""conf"": 0.9, ""budget"": 66199607925}"
"U(0.001,0.1), eps=1e-06",0.001,0.1,1e-06,binary,101785125131,find_phi_fixed_budget_binary_search,"{""m_exploration"": 143180, ""safeguard"": 2, ""conf"": 0.9, ""budget"": 101785125131}"
"U(0.001,0.1), eps=1e-06",0.001,0.1,1e-06,binary,156499593012,find_phi_fixed_budget_binary_search,"{""m_exploration"": 143180, ""safeguard"": 2, ""conf"": 0.9, ""budget"": 156499593012}"
"U(0.001,0.1), eps=1e-06",0.001,0.1,1e-06,binary,240625755302,find_phi_fixed_budget_binary_search,"{""m_exploration"": 68335, ""safeguard"": 2, ""conf"": 0.5, ""budget"": 240625755302}"
"U(0.001,0.1), eps=1e-06",0.001,0.1,1e-06,binary,369973831880,find_phi_fixed_budget_binary_search,"{""m_exploration"": 68335, ""safeguard"": 2, ""conf"": 0.5, ""budget"": 369973831880}"
"U(0.001,0.1), eps=1e-06",0.001,0.1,1e-06,binary,568852806735,find_phi_fixed_budget_binary_search,"{""m_exploration"": 68335, ""safeguard"": 2, ""conf"": 0.5, ""budget"": 568852806735}"
"U(0.001,0.1), eps=1e-06",0.001,0.1,1e-06,binary,874638928071,find_phi_fixed_budget_binary_search,"{""m_exploration"": 68335, ""safeguard"": 2, ""conf"": 0.5, ""budget"": 874638928071}"
"U(0.001,0.1), eps=1e-06",0.001,0.1,1e-06,binary,1344800000000,find_phi_fixed_budget_binary_search,"{""m_exploration"": 68335, ""safeguard"": 2, ""conf"": 0.5, ""budget"": 1344800000000}"
"U(0.001,0.1), eps=1e-06",0.001,0.1,1e-06,reverse_eng_risk,896533333,find_phi_fixed_budget_reverse_engineering_risk,"{""m_exploration"": 300000, ""eps_target"": 1e-06, ""budget"": 896533333}"
"U(0.001,0.1), eps=1e-06",0.001,0.1,1e-06,reverse_eng_risk,1378463715,find_phi_fixed_budget_reverse_engineering_risk,"{""m_exploration"": 300000, ""eps_target"": 1e-06, ""budget"": 1378463715}"
"U(0.001,0.1), eps=1e-06",0.001,0.1,1e-06,reverse_eng_risk,2119455177,find_phi_fixed_budget_reverse_engineering_risk,"{""m_exploration"": 180853, ""eps_target"": 1e-06, ""budget"": 2119455177}"
"U(0.001,0.1), eps=1e-06",0.001,0.1,1e-06,reverse_eng_risk,3258765682,find_phi_fixed_budget_reverse_engineering_risk,"{""m_exploration"": 300000, ""eps_target"": 1e-06, ""budget"": 3258765682}"
"U(0.001,0.1), eps=1e-06",0.001,0.1,1e-06,reverse_eng_risk,5010511136,find_phi_fixed_budget_reverse_engineering_risk,"{""m_exploration"": 180853, ""eps_target"": 1e-06, ""budget"": 5010511136}"
"U(0.001,0.1), eps=1e-06",0.001,0.1,1e-06,reverse_eng_risk,7703905188,find_phi_fixed_budget_reverse_engineering_risk,"{""m_exploration"": 180853, ""eps_target"": 1e-06, ""budget"": 7703905188}"
"U(0.001,0.1), eps=1e-06",0.001,0.1,1e-06,reverse_eng_risk,11845129876,find_phi_fixed_budget_reverse_engineering_risk,"{""m_exploration"": 8680, ""eps_target"": 1e-06, ""budget"": 11845129876}"
"U(0.001,0.1), eps=1e-06",0.001,0.1,1e-06,reverse_eng_risk,18212464762,find_phi_fixed_budget_reverse_engineering_risk,"{""m_exploration"": 3154, ""eps_target"": 1e-06, ""budget"": 18212464762}"
"U(0.001,0.1), eps=1e-06",0.001,0.1,1e-06,reverse_eng_risk,28002552627,find_phi_fixed_budget_reverse_engineering_risk,"{""m_exploration"": 3154, ""eps_target"": 1e-06, ""budget"": 28002552627}"
"U(0.001,0.1), eps=1e-06",0.001,0.1,1e-06,reverse_eng_risk,43055290091,find_phi_fixed_budget_reverse_engineering_risk,"{""m_exploration"": 1901, ""eps_target"": 1e-06, ""budget"": 43055290091}"
"U(0.001,0.1), eps=1e-06",0.001,0.1,1e-06,reverse_eng_risk,66199607925,find_phi_fixed_budget_reverse_engineering_risk,"{""m_exploration"": 3154, ""eps_target"": 1e-06, ""budget"": 66199607925}"
"U(0.001,0.1), eps=1e-06",0.001,0.1,1e-06,reverse_eng_risk,101785125131,find_phi_fixed_budget_reverse_engineering_risk,"{""m_exploration"": 251, ""eps_target"": 1e-06, ""budget"": 101785125131}"
"U(0.001,0.1), eps=1e-06",0.001,0.1,1e-06,reverse_eng_risk,156499593012,find_phi_fixed_budget_reverse_engineering_risk,"{""m_exploration"": 1146, ""eps_target"": 1e-06, ""budget"": 156499593012}"
"U(0.001,0.1), eps=1e-06",0.001,0.1,1e-06,reverse_eng_risk,240625755302,find_phi_fixed_budget_reverse_engineering_risk,"{""m_exploration"": 20, ""eps_target"": 1e-06, ""budget"": 240625755302}"
"U(0.001,0.1), eps=1e-06",0.001,0.1,1e-06,reverse_eng_risk,369973831880,find_phi_fixed_budget_reverse_engineering_risk,"{""m_exploration"": 20, ""eps_target"": 1e-06, ""budget"": 369973831880}"
"U(0.001,0.1), eps=1e-06",0.001,0.1,1e-06,reverse_eng_risk,568852806735,find_phi_fixed_budget_reverse_engineering_risk,"{""m_exploration"": 20, ""eps_target"": 1e-06, ""budget"": 568852806735}"
"U(0.001,0.1), eps=1e-06",0.001,0.1,1e-06,reverse_eng_risk,874638928071,find_phi_fixed_budget_reverse_engineering_risk,"{""m_exploration"": 20, ""eps_target"": 1e-06, ""budget"": 874638928071}"
"U(0.001,0.1), eps=1e-06",0.001,0.1,1e-06,reverse_eng_risk,1344800000000,find_phi_fixed_budget_reverse_engineering_risk,"{""m_exploration"": 20, ""eps_target"": 1e-06, ""budget"": 1344800000000}"
"U(0.001,0.1), eps=1e-06",0.001,0.1,1e-06,binary_risk,896533333,find_phi_fixed_budget_binary_search_risk,"{""m_exploration"": 15565, ""conf"": 0.8, ""eps_target"": 1e-06, ""budget"": 896533333}"
"U(0.001,0.1), eps=1e-06",0.001,0.1,1e-06,binary_risk,1378463715,find_phi_fixed_budget_binary_search_risk,"{""m_exploration"": 15565, ""conf"": 0.9, ""eps_target"": 1e-06, ""budget"": 1378463715}"
"U(0.001,0.1), eps=1e-06",0.001,0.1,1e-06,binary_risk,2119455177,find_phi_fixed_budget_binary_search_risk,"{""m_exploration"": 15565, ""conf"": 0.8, ""eps_target"": 1e-06, ""budget"": 2119455177}"
"U(0.001,0.1), eps=1e-06",0.001,0.1,1e-06,binary_risk,3258765682,find_phi_fixed_budget_binary_search_risk,"{""m_exploration"": 15565, ""conf"": 0.8, ""eps_target"": 1e-06, ""budget"": 3258765682}"
"U(0.001,0.1), eps=1e-06",0.001,0.1,1e-06,binary_risk,5010511136,find_phi_fixed_budget_binary_search_risk,"{""m_exploration"": 15565, ""conf"": 0.8, ""eps_target"": 1e-06, ""budget"": 5010511136}"
"U(0.001,0.1), eps=1e-06",0.001,0.1,1e-06,binary_risk,7703905188,find_phi_fixed_budget_binary_search_risk,"{""m_exploration"": 32614, ""conf"": 0.9, ""eps_target"": 1e-06, ""budget"": 7703905188}"
"U(0.001,0.1), eps=1e-06",0.001,0.1,1e-06,binary_risk,11845129876,find_phi_fixed_budget_binary_search_risk,"{""m_exploration"": 3545, ""conf"": 0.5, ""eps_target"": 1e-06, ""budget"": 11845129876}"
"U(0.001,0.1), eps=1e-06",0.001,0.1,1e-06,binary_risk,18212464762,find_phi_fixed_budget_binary_search_risk,"{""m_exploration"": 143180, ""conf"": 0.9, ""eps_target"": 1e-06, ""budget"": 18212464762}"
"U(0.001,0.1), eps=1e-06",0.001,0.1,1e-06,binary_risk,28002552627,find_phi_fixed_budget_binary_search_risk,"{""m_exploration"": 143180, ""conf"": 0.8, ""eps_target"": 1e-06, ""budget"": 28002552627}"
"U(0.001,0.1), eps=1e-06",0.001,0.1,1e-06,binary_risk,43055290091,find_phi_fixed_budget_binary_search_risk,"{""m_exploration"": 300000, ""conf"": 0.8, ""eps_target"": 1e-06, ""budget"": 43055290091}"
"U(0.001,0.1), eps=1e-06",0.001,0.1,1e-06,binary_risk,66199607925,find_phi_fixed_budget_binary_search_risk,"{""m_exploration"": 7429, ""conf"": 0.5, ""eps_target"": 1e-06, ""budget"": 66199607925}"
"U(0.001,0.1), eps=1e-06",0.001,0.1,1e-06,binary_risk,101785125131,find_phi_fixed_budget_binary_search_risk,"{""m_exploration"": 385, ""conf"": 0.5, ""eps_target"": 1e-06, ""budget"": 101785125131}"
"U(0.001,0.1), eps=1e-06",0.001,0.1,1e-06,binary_risk,156499593012,find_phi_fixed_budget_binary_search_risk,"{""m_exploration"": 3545, ""conf"": 0.5, ""eps_target"": 1e-06, ""budget"": 156499593012}"
"U(0.001,0.1), eps=1e-06",0.001,0.1,1e-06,binary_risk,240625755302,find_phi_fixed_budget_binary_search_risk,"{""m_exploration"": 87, ""conf"": 0.5, ""eps_target"": 1e-06, ""budget"": 240625755302}"
"U(0.001,0.1), eps=1e-06",0.001,0.1,1e-06,binary_risk,369973831880,find_phi_fixed_budget_binary_search_risk,"{""m_exploration"": 87, ""conf"": 0.5, ""eps_target"": 1e-06, ""budget"": 369973831880}"
"U(0.001,0.1), eps=1e-06",0.001,0.1,1e-06,binary_risk,568852806735,find_phi_fixed_budget_binary_search_risk,"{""m_exploration"": 20, ""conf"": 0.5, ""eps_target"": 1e-06, ""budget"": 568852806735}"
"U(0.001,0.1), eps=1e-06",0.001,0.1,1e-06,binary_risk,874638928071,find_phi_fixed_budget_binary_search_risk,"{""m_exploration"": 20, ""conf"": 0.5, ""eps_target"": 1e-06, ""budget"": 874638928071}"
"U(0.001,0.1), eps=1e-06",0.001,0.1,1e-06,binary_risk,1344800000000,find_phi_fixed_budget_binary_search_risk,"{""m_exploration"": 20, ""conf"": 0.5, ""eps_target"": 1e-06, ""budget"": 1344800000000}"
"U(0.0001,0.1), eps=1e-06",0.0001,0.1,1e-06,linear,896533333,find_phi_fixed_budget_linear_search,"{""m_exploration"": 3000, ""lookback_window"": 5, ""safeguard"": 1, ""inc"": 2, ""budget"": 896533333}"
"U(0.0001,0.1), eps=1e-06",0.0001,0.1,1e-06,linear,1378463715,find_phi_fixed_budget_linear_search,"{""m_exploration"": 6463, ""lookback_window"": 5, ""safeguard"": 0, ""inc"": 5, ""budget"": 1378463715}"
"U(0.0001,0.1), eps=1e-06",0.0001,0.1,1e-06,linear,2119455177,find_phi_fixed_budget_linear_search,"{""m_exploration"": 13924, ""lookback_window"": 5, ""safeguard"": 0, ""inc"": 2, ""budget"": 2119455177}"
"U(0.0001,0.1), eps=1e-06",0.0001,0.1,1e-06,linear,3258765682,find_phi_fixed_budget_linear_search,"{""m_exploration"": 6463, ""lookback_window"": 5, ""safeguard"": 1, ""inc"": 2, ""budget"": 3258765682}"
"U(0.0001,0.1), eps=1e-06",0.0001,0.1,1e-06,linear,5010511136,find_phi_fixed_budget_linear_search,"{""m_exploration"": 13924, ""lookback_window"": 5, ""safeguard"": 1, ""inc"": 2, ""budget"": 5010511136}"
"U(0.0001,0.1), eps=1e-06",0.0001,0.1,1e-06,linear,7703905188,find_phi_fixed_budget_linear_search,"{""m_exploration"": 6463, ""lookback_window"": 5, ""safeguard"": 1, ""inc"": 2, ""budget"": 7703905188}"
"U(0.0001,0.1), eps=1e-06",0.0001,0.1,1e-06,linear,11845129876,find_phi_fixed_budget_linear_search,"{""m_exploration"": 6463, ""lookback_window"": 5, ""safeguard"": 1, ""inc"": 2, ""budget"": 11845129876}"
"U(0.0001,0.1), eps=1e-06",0.0001,0.1,1e-06,linear,18212464762,find_phi_fixed_budget_linear_search,"{""m_exploration"": 300000, ""lookback_window"": 5, ""safeguard"": 0, ""inc"": 5, ""budget"": 18212464762}"
"U(0.0001,0.1), eps=1e-06",0.0001,0.1,1e-06,linear,28002552627,find_phi_fixed_budget_linear_search,"{""m_exploration"": 300000, ""lookback_window"": 5, ""safeguard"": 0, ""inc"": 2, ""budget"": 28002552627}"
"U(0.0001,0.1), eps=1e-06",0.0001,0.1,1e-06,linear,43055290091,find_phi_fixed_budget_linear_search,"{""m_exploration"": 64633, ""lookback_window"": 5, ""safeguard"": 1, ""inc"": 1, ""budget"": 43055290091}"
"U(0.0001,0.1), eps=1e-06",0.0001,0.1,1e-06,linear,66199607925,find_phi_fixed_budget_linear_search,"{""m_exploration"": 300000, ""lookback_window"": 5, ""safeguard"": 0, ""inc"": 5, ""budget"": 66199607925}"
"U(0.0001,0.1), eps=1e-06",0.0001,0.1,1e-06,linear,101785125131,find_phi_fixed_budget_linear_search,"{""m_exploration"": 139247, ""lookback_window"": 5, ""safeguard"": 1, ""inc"": 2, ""budget"": 101785125131}"
"U(0.0001,0.1), eps=1e-06",0.0001,0.1,1e-06,linear,156499593012,find_phi_fixed_budget_linear_search,"{""m_exploration"": 13924, ""lookback_window"": 5, ""safeguard"": 2, ""inc"": 1, ""budget"": 156499593012}"
"U(0.0001,0.1), eps=1e-06",0.0001,0.1,1e-06,linear,240625755302,find_phi_fixed_budget_linear_search,"{""m_exploration"": 6, ""lookback_window"": 1, ""safeguard"": 2, ""inc"": 1, ""budget"": 240625755302}"
"U(0.0001,0.1), eps=1e-06",0.0001,0.1,1e-06,linear,369973831880,find_phi_fixed_budget_linear_search,"{""m_exploration"": 3, ""lookback_window"": 1, ""safeguard"": 5, ""inc"": 1, ""budget"": 369973831880}"
"U(0.0001,0.1), eps=1e-06",0.0001,0.1,1e-06,linear,568852806735,find_phi_fixed_budget_linear_search,"{""m_exploration"": 3, ""lookback_window"": 1, ""safeguard"": 5, ""inc"": 1, ""budget"": 568852806735}"
"U(0.0001,0.1), eps=1e-06",0.0001,0.1,1e-06,linear,874638928071,find_phi_fixed_budget_linear_search,"{""m_exploration"": 3, ""lookback_window"": 1, ""safeguard"": 5, ""inc"": 1, ""budget"": 874638928071}"
"U(0.0001,0.1), eps=1e-06",0.0001,0.1,1e-06,linear,1344800000000,find_phi_fixed_budget_linear_search,"{""m_exploration"": 3, ""lookback_window"": 1, ""safeguard"": 5, ""inc"": 1, ""budget"": 1344800000000}"
"U(0.0001,0.1), eps=1e-06",0.0001,0.1,1e-06,reverse_eng,896533333,find_phi_fixed_budget_reverse_engineering,"{""m_exploration"": 300000, ""safeguard"": 0.95, ""budget"": 896533333}"
"U(0.0001,0.1), eps=1e-06",0.0001,0.1,1e-06,reverse_eng,1378463715,find_phi_fixed_budget_reverse_engineering,"{""m_exploration"": 300000, ""safeguard"": 0.95, ""budget"": 1378463715}"
"U(0.0001,0.1), eps=1e-06",0.0001,0.1,1e-06,reverse_eng,2119455177,find_phi_fixed_budget_reverse_engineering,"{""m_exploration"": 300000, ""safeguard"": 0.95, ""budget"": 2119455177}"
"U(0.0001,0.1), eps=1e-06",0.0001,0.1,1e-06,reverse_eng,3258765682,find_phi_fixed_budget_reverse_engineering,"{""m_exploration"": 300000, ""safeguard"": 0.95, ""budget"": 3258765682}"
"U(0.0001,0.1), eps=1e-06",0.0001,0.1,1e-06,reverse_eng,5010511136,find_phi_fixed_budget_reverse_engineering,"{""m_exploration"": 300000, ""safeguard"": 0.95, ""budget"": 5010511136}"
"U(0.0001,0.1), eps=1e-06",0.0001,0.1,1e-06,reverse_eng,7703905188,find_phi_fixed_budget_reverse_engineering,"{""m_exploration"": 300000, ""safeguard"": 0.95, ""budget"": 7703905188}"
"U(0.0001,0.1), eps=1e-06",0.0001,0.1,1e-06,reverse_eng,11845129876,find_phi_fixed_budget_reverse_engineering,"{""m_exploration"": 300000, ""safeguard"": 0.95, ""budget"": 11845129876}"
"U(0.0001,0.1), eps=1e-06",0.0001,0.1,1e-06,reverse_eng,18212464762,find_phi_fixed_budget_reverse_engineering,"{""m_exploration"": 300000, ""safeguard"": 0.95, ""budget"": 18212464762}"
"U(0.0001,0.1), eps=1e-06",0.0001,0.1,1e-06,reverse_eng,28002552627,find_phi_fixed_budget_reverse_engineering,"{""m_exploration"": 300000, ""safeguard"": 0.95, ""budget"": 28002552627}"
"U(0.0001,0.1), eps=1e-06",0.0001,0.1,1e-06,reverse_eng,43055290091,find_phi_fixed_budget_reverse_engineering,"{""m_exploration"": 300000, ""safeguard"": 0.95, ""budget"": 43055290091}"
"U(0.0001,0.1), eps=1e-06",0.0001,0.1,1e-06,reverse_eng,66199607925,find_phi_fixed_budget_reverse_engineering,"{""m_exploration"": 65726, ""safeguard"": 0.9, ""budget"": 66199607925}"
"U(0.0001,0.1), eps=1e-06",0.0001,0.1,1e-06,reverse_eng,101785125131,find_phi_fixed_budget_reverse_engineering,"{""m_exploration"": 180853, ""safeguard"": 0.9, ""budget"": 101785125131}"
"U(0.0001,0.1), eps=1e-06",0.0001,0.1,1e-06,reverse_eng,156499593012,find_phi_fixed_budget_reverse_engineering,"{""m_exploration"": 180853, ""safeguard"": 0.8, ""budget"": 156499593012}"
"U(0.0001,0.1), eps=1e-06",0.0001,0.1,1e-06,reverse_eng,240625755302,find_phi_fixed_budget_reverse_engineering,"{""m_exploration"": 180853, ""safeguard"": 0.8, ""budget"": 240625755302}"
"U(0.0001,0.1), eps=1e-06",0.0001,0.1,1e-06,reverse_eng,369973831880,find_phi_fixed_budget_reverse_engineering,"{""m_exploration"": 180853, ""safeguard"": 0.8, ""budget"": 369973831880}"
"U(0.0001,0.1), eps=1e-06",0.0001,0.1,1e-06,reverse_eng,568852806735,find_phi_fixed_budget_reverse_engineering,"{""m_exploration"": 180853, ""safeguard"": 0.8, ""budget"": 568852806735}"
"U(0.0001,0.1), eps=1e-06",0.0001,0.1,1e-06,reverse_eng,874638928071,find_phi_fixed_budget_reverse_engineering,"{""m_exploration"": 180853, ""safeguard"": 0.8, ""budget"": 874638928071}"
"U(0.0001,0.1), eps=1e-06",0.0001,0.1,1e-06,reverse_eng,1344800000000,find_phi_fixed_budget_reverse_engineering,"{""m_exploration"": 180853, ""safeguard"": 0.8, ""budget"": 1344800000000}"
"U(0.0001,0.1), eps=1e-06",0.0001,0.1,1e-06,binary,896533333,find_phi_fixed_budget_binary_search,"{""m_exploration"": 3545, ""safeguard"": 2, ""conf"": 0.8, ""budget"": 896533333}"
"U(0.0001,0.1), eps=1e-06",0.0001,0.1,1e-06,binary,1378463715,find_phi_fixed_budget_binary_search,"{""m_exploration"": 3545, ""safeguard"": 2, ""conf"": 0.9, ""budget"": 1378463715}"
"U(0.0001,0.1), eps=1e-06",0.0001,0.1,1e-06,binary,2119455177,find_phi_fixed_budget_binary_search,"{""m_exploration"": 7429, ""safeguard"": 2, ""conf"": 0.9, ""budget"": 2119455177}"
"U(0.0001,0.1), eps=1e-06",0.0001,0.1,1e-06,binary,3258765682,find_phi_fixed_budget_binary_search,"{""m_exploration"": 15565, ""safeguard"": 2, ""conf"": 0.9, ""budget"": 3258765682}"
"U(0.0001,0.1), eps=1e-06",0.0001,0.1,1e-06,binary,5010511136,find_phi_fixed_budget_binary_search,"{""m_exploration"": 15565, ""safeguard"": 2, ""conf"": 0.9, ""budget"": 5010511136}"
"U(0.0001,0.1), eps=1e-06",0.0001,0.1,1e-06,binary,7703905188,find_phi_fixed_budget_binary_search,"{""m_exploration"": 15565, ""safeguard"": 2, ""conf"": 0.9, ""budget"": 7703905188}"
"U(0.0001,0.1), eps=1e-06",0.0001,0.1,1e-06,binary,11845129876,find_phi_fixed_budget_binary_search,"{""m_exploration"": 15565, ""safeguard"": 2, ""conf"": 0.9, ""budget"": 11845129876}"
"U(0.0001,0.1), eps=1e-06",0.0001,0.1,1e-06,binary,18212464762,find_phi_fixed_budget_binary_search,"{""m_exploration"": 15565, ""safeguard"": 2, ""conf"": 0.9, ""budget"": 18212464762}"
"U(0.0001,0.1), eps=1e-06",0.0001,0.1,1e-06,binary,28002552627,find_phi_fixed_budget_binary_search,"{""m_exploration"": 15565, ""safeguard"": 2, ""conf"": 0.9, ""budget"": 28002552627}"
"U(0.0001,0.1), eps=1e-06",0.0001,0.1,1e-06,binary,43055290091,find_phi_fixed_budget_binary_search,"{""m_exploration"": 143180, ""safeguard"": 2, ""conf"": 0.9, ""budget"": 43055290091}"
"U(0.0001,0.1), eps=1e-06",0.0001,0.1,1e-06,binary,66199607925,find_phi_fixed_budget_binary_search,"{""m_exploration"": 143180, ""safeguard"": 2, ""conf"": 0.9, ""budget"": 66199607925}"
"U(0.0001,0.1), eps=1e-06",0.0001,0.1,1e-06,binary,101785125131,find_phi_fixed_budget_binary_search,"{""m_exploration"": 143180, ""safeguard"": 2, ""conf"": 0.9, ""budget"": 101785125131}"
"U(0.0001,0.1), eps=1e-06",0.0001,0.1,1e-06,binary,156499593012,find_phi_fixed_budget_binary_search,"{""m_exploration"": 68335, ""safeguard"": 2, ""conf"": 0.5, ""budget"": 156499593012}"
"U(0.0001,0.1), eps=1e-06",0.0001,0.1,1e-06,binary,240625755302,find_phi_fixed_budget_binary_search,"{""m_exploration"": 68335, ""safeguard"": 2, ""conf"": 0.5, ""budget"": 240625755302}"
"U(0.0001,0.1), eps=1e-06",0.0001,0.1,1e-06,binary,369973831880,find_phi_fixed_budget_binary_search,"{""m_exploration"": 68335, ""safeguard"": 2, ""conf"": 0.5, ""budget"": 369973831880}"
"U(0.0001,0.1), eps=1e-06",0.0001,0.1,1e-06,binary,568852806735,find_phi_fixed_budget_binary_search,"{""m_exploration"": 68335, ""safeguard"": 2, ""conf"": 0.5, ""budget"": 568852806735}"
"U(0.0001,0.1), eps=1e-06",0.0001,0.1,1e-06,binary,874638928071,find_phi_fixed_budget_binary_search,"{""m_exploration"": 68335, ""safeguard"": 2, ""conf"": 0.5, ""budget"": 874638928071}"
"U(0.0001,0.1), eps=1e-06",0.0001,0.1,1e-06,binary,1344800000000,find_phi_fixed_budget_binary_search,"{""m_exploration"": 68335, ""safeguard"": 2, ""conf"": 0.5, ""budget"": 1344800000000}"
"U(0.0001,0.1), eps=1e-06",0.0001,0.1,1e-06,reverse_eng_risk,896533333,find_phi_fixed_budget_reverse_engineering_risk,"{""m_exploration"": 300000, ""eps_target"": 1e-06, ""budget"": 896533333}"
"U(0.0001,0.1), eps=1e-06",0.0001,0.1,1e-06,reverse_eng_risk,1378463715,find_phi_fixed_budget_reverse_engineering_risk,"{""m_exploration"": 300000, ""eps_target"": 1e-06, ""budget"": 1378463715}"
"U(0.0001,0.1), eps=1e-06",0.0001,0.1,1e-06,reverse_eng_risk,2119455177,find_phi_fixed_budget_reverse_engineering_risk,"{""m_exploration"": 180853, ""eps_target"": 1e-06, ""budget"": 2119455177}"
"U(0.0001,0.1), eps=1e-06",0.0001,0.1,1e-06,reverse_eng_risk,3258765682,find_phi_fixed_budget_reverse_engineering_risk,"{""m_exploration"": 180853, ""eps_target"": 1e-06, ""budget"": 3258765682}"
"U(0.0001,0.1), eps=1e-06",0.0001,0.1,1e-06,reverse_eng_risk,5010511136,find_phi_fixed_budget_reverse_engineering_risk,"{""m_exploration"": 300000, ""eps_target"": 1e-06, ""budget"": 5010511136}"
"U(0.0001,0.1), eps=1e-06",0.0001,0.1,1e-06,reverse_eng_risk,7703905188,find_phi_fixed_budget_reverse_engineering_risk,"{""m_exploration"": 180853, ""eps_target"": 1e-06, ""budget"": 7703905188}"
"U(0.0001,0.1), eps=1e-06",0.0001,0.1,1e-06,reverse_eng_risk,11845129876,find_phi_fixed_budget_reverse_engineering_risk,"{""m_exploration"": 5233, ""eps_target"": 1e-06, ""budget"": 11845129876}"
"U(0.0001,0.1), eps=1e-06",0.0001,0.1,1e-06,reverse_eng_risk,18212464762,find_phi_fixed_budget_reverse_engineering_risk,"{""m_exploration"": 3154, ""eps_target"": 1e-06, ""budget"": 18212464762}"
"U(0.0001,0.1), eps=1e-06",0.0001,0.1,1e-06,reverse_eng_risk,28002552627,find_phi_fixed_budget_reverse_engineering_risk,"{""m_exploration"": 3154, ""eps_target"": 1e-06, ""budget"": 28002552627}"
"U(0.0001,0.1), eps=1e-06",0.0001,0.1,1e-06,reverse_eng_risk,43055290091,find_phi_fixed_budget_reverse_engineering_risk,"{""m_exploration"": 1901, ""eps_target"": 1e-06, ""budget"": 43055290091}"
"U(0.0001,0.1), eps=1e-06",0.0001,0.1,1e-06,reverse_eng_risk,66199607925,find_phi_fixed_budget_reverse_engineering_risk,"{""m_exploration"": 65726, ""eps_target"": 1e-06, ""budget"": 66199607925}"
"U(0.0001,0.1), eps=1e-06",0.0001,0.1,1e-06,reverse_eng_risk,101785125131,find_phi_fixed_budget_reverse_engineering_risk,"{""m_exploration"": 251, ""eps_target"": 1e-06, ""budget"": 101785125131}"
"U(0.0001,0.1), eps=1e-06",0.0001,0.1,1e-06,reverse_eng_risk,156499593012,find_phi_fixed_budget_reverse_engineering_risk,"{""m_exploration"": 1146, ""eps_target"": 1e-06, ""budget"": 156499593012}"
"U(0.0001,0.1), eps=1e-06",0.0001,0.1,1e-06,reverse_eng_risk,240625755302,find_phi_fixed_budget_reverse_engineering_risk,"{""m_exploration"": 20, ""eps_target"": 1e-06, ""budget"": 240625755302}"
"U(0.0001,0.1), eps=1e-06",0.0001,0.1,1e-06,reverse_eng_risk,369973831880,find_phi_fixed_budget_reverse_engineering_risk,"{""m_exploration"": 20, ""eps_target"": 1e-06, ""budget"": 369973831880}"
"U(0.0001,0.1), eps=1e-06",0.0001,0.1,1e-06,reverse_eng_risk,568852806735,find_phi_fixed_budget_reverse_engineering_risk,"{""m_exploration"": 20, ""eps_target"": 1e-06, ""budget"": 568852806735}"
"U(0.0001,0.1), eps=1e-06",0.0001,0.1,1e-06,reverse_eng_risk,874638928071,find_phi_fixed_budget_reverse_engineering_risk,"{""m_exploration"": 20, ""eps_target"": 1e-06, ""budget"": 874638928071}"
"U(0.0001,0.1), eps=1e-06",0.0001,0.1,1e-06,reverse_eng_risk,1344800000000,find_phi_fixed_budget_reverse_engineering_risk,"{""m_exploration"": 20, ""eps_target"": 1e-06, ""budget"": 1344800000000}"
"U(0.0001,0.1), eps=1e-06",0.0001,0.1,1e-06,binary_risk,896533333,find_phi_fixed_budget_binary_search_risk,"{""m_exploration"": 3545, ""conf"": 0.5, ""eps_target"": 1e-06, ""budget"": 896533333}"
"U(0.0001,0.1), eps=1e-06",0.0001,0.1,1e-06,binary_risk,1378463715,find_phi_fixed_budget_binary_search_risk,"{""m_exploration"": 3545, ""conf"": 0.5, ""eps_target"": 1e-06, ""budget"": 1378463715}"
"U(0.0001,0.1), eps=1e-06",0.0001,0.1,1e-06,binary_risk,2119455177,find_phi_fixed_budget_binary_search_risk,"{""m_exploration"": 7429, ""conf"": 0.8, ""eps_target"": 1e-06, ""budget"": 2119455177}"
"U(0.0001,0.1), eps=1e-06",0.0001,0.1,1e-06,binary_risk,3258765682,find_phi_fixed_budget_binary_search_risk,"{""m_exploration"": 7429, ""conf"": 0.8, ""eps_target"": 1e-06, ""budget"": 3258765682}"
"U(0.0001,0.1), eps=1e-06",0.0001,0.1,1e-06,binary_risk,5010511136,find_phi_fixed_budget_binary_search_risk,"{""m_exploration"": 15565, ""conf"": 0.5, ""eps_target"": 1e-06, ""budget"": 5010511136}"
"U(0.0001,0.1), eps=1e-06",0.0001,0.1,1e-06,binary_risk,7703905188,find_phi_fixed_budget_binary_search_risk,"{""m_exploration"": 7429, ""conf"": 0.5, ""eps_target"": 1e-06, ""budget"": 7703905188}"
"U(0.0001,0.1), eps=1e-06",0.0001,0.1,1e-06,binary_risk,11845129876,find_phi_fixed_budget_binary_search_risk,"{""m_exploration"": 7429, ""conf"": 0.5, ""eps_target"": 1e-06, ""budget"": 11845129876}"
"U(0.0001,0.1), eps=1e-06",0.0001,0.1,1e-06,binary_risk,18212464762,find_phi_fixed_budget_binary_search_risk,"{""m_exploration"": 7429, ""conf"": 0.5, ""eps_target"": 1e-06, ""budget"": 18212464762}"
"U(0.0001,0.1), eps=1e-06",0.0001,0.1,1e-06,binary_risk,28002552627,find_phi_fixed_budget_binary_search_risk,"{""m_exploration"": 7429, ""conf"": 0.5, ""eps_target"": 1e-06, ""budget"": 28002552627}"
"U(0.0001,0.1), eps=1e-06",0.0001,0.1,1e-06,binary_risk,43055290091,find_phi_fixed_budget_binary_search_risk,"{""m_exploration"": 3545, ""conf"": 0.5, ""eps_target"": 1e-06, ""budget"": 43055290091}"
"U(0.0001,0.1), eps=1e-06",0.0001,0.1,1e-06,binary_risk,66199607925,find_phi_fixed_budget_binary_search_risk,"{""m_exploration"": 3545, ""conf"": 0.5, ""eps_target"": 1e-06, ""budget"": 66199607925}"
"U(0.0001,0.1), eps=1e-06",0.0001,0.1,1e-06,binary_risk,101785125131,find_phi_fixed_budget_binary_search_risk,"{""m_exploration"": 3545, ""conf"": 0.8, ""eps_target"": 1e-06, ""budget"": 101785125131}"
"U(0.0001,0.1), eps=1e-06",0.0001,0.1,1e-06,binary_risk,156499593012,find_phi_fixed_budget_binary_search_risk,"{""m_exploration"": 385, ""conf"": 0.5, ""eps_target"": 1e-06, ""budget"": 156499593012}"
"U(0.0001,0.1), eps=1e-06",0.0001,0.1,1e-06,binary_risk,240625755302,find_phi_fixed_budget_binary_search_risk,"{""m_exploration"": 87, ""conf"": 0.5, ""eps_target"": 1e-06, ""budget"": 240625755302}"
"U(0.0001,0.1), eps=1e-06",0.0001,0.1,1e-06,binary_risk,369973831880,find_phi_fixed_budget_binary_search_risk,"{""m_exploration"": 20, ""conf"": 0.5, ""eps_target"": 1e-06, ""budget"": 369973831880}"
"U(0.0001,0.1), eps=1e-06",0.0001,0.1,1e-06,binary_risk,568852806735,find_phi_fixed_budget_binary_search_risk,"{""m_exploration"": 20, ""conf"": 0.5, ""eps_target"": 1e-06, ""budget"": 568852806735}"
"U(0.0001,0.1), eps=1e-06",0.0001,0.1,1e-06,binary_risk,874638928071,find_phi_fixed_budget_binary_search_risk,"{""m_exploration"": 20, ""conf"": 0.5, ""eps_target"": 1e-06, ""budget"": 874638928071}"
"U(0.0001,0.1), eps=1e-06",0.0001,0.1,1e-06,binary_risk,1344800000000,find_phi_fixed_budget_binary_search_risk,"{""m_exploration"": 20, ""conf"": 0.5, ""eps_target"": 1e-06, ""budget"": 1344800000000}"
"U(3e-05,0.1), eps=1e-06",3e-05,0.1,1e-06,linear,896533333,find_phi_fixed_budget_linear_search,"{""m_exploration"": 1392, ""lookback_window"": 5, ""safeguard"": 1, ""inc"": 2, ""budget"": 896533333}"
"U(3e-05,0.1), eps=1e-06",3e-05,0.1,1e-06,linear,1378463715,find_phi_fixed_budget_linear_search,"{""m_exploration"": 6463, ""lookback_window"": 5, ""safeguard"": 0, ""inc"": 5, ""budget"": 1378463715}"
"U(3e-05,0.1), eps=1e-06",3e-05,0.1,1e-06,linear,2119455177,find_phi_fixed_budget_linear_search,"{""m_exploration"": 1392, ""lookback_window"": 5, ""safeguard"": 1, ""inc"": 2, ""budget"": 2119455177}"
"U(3e-05,0.1), eps=1e-06",3e-05,0.1,1e-06,linear,3258765682,find_phi_fixed_budget_linear_search,"{""m_exploration"": 6463, ""lookback_window"": 5, ""safeguard"": 1, ""inc"": 2, ""budget"": 3258765682}"
"U(3e-05,0.1), eps=1e-06",3e-05,0.1,1e-06,linear,5010511136,find_phi_fixed_budget_linear_search,"{""m_exploration"": 6463, ""lookback_window"": 5, ""safeguard"": 1, ""inc"": 2, ""budget"": 5010511136}"
"U(3e-05,0.1), eps=1e-06",3e-05,0.1,1e-06,linear,7703905188,find_phi_fixed_budget_linear_search,"{""m_exploration"": 6463, ""lookback_window"": 5, ""safeguard"": 1, ""inc"": 2, ""budget"": 7703905188}"
"U(3e-05,0.1), eps=1e-06",3e-05,0.1,1e-06,linear,11845129876,find_phi_fixed_budget_linear_search,"{""m_exploration"": 646, ""lookback_window"": 5, ""safeguard"": 1, ""inc"": 1, ""budget"": 11845129876}"
"U(3e-05,0.1), eps=1e-06",3e-05,0.1,1e-06,linear,18212464762,find_phi_fixed_budget_linear_search,"{""m_exploration"": 300000, ""lookback_window"": 5, ""safeguard"": 0, ""inc"": 5, ""budget"": 18212464762}"
"U(3e-05,0.1), eps=1e-06",3e-05,0.1,1e-06,linear,28002552627,find_phi_fixed_budget_linear_search,"{""m_exploration"": 300000, ""lookback_window"": 5, ""safeguard"": 0, ""inc"": 2, ""budget"": 28002552627}"
"U(3e-05,0.1), eps=1e-06",3e-05,0.1,1e-06,linear,43055290091,find_phi_fixed_budget_linear_search,"{""m_exploration"": 64633, ""lookback_window"": 5, ""safeguard"": 1, ""inc"": 1, ""budget"": 43055290091}"
"U(3e-05,0.1), eps=1e-06",3e-05,0.1,1e-06,linear,66199607925,find_phi_fixed_budget_linear_search,"{""m_exploration"": 300000, ""lookback_window"": 5, ""safeguard"": 0, ""inc"": 5, ""budget"": 66199607925}"
"U(3e-05,0.1), eps=1e-06",3e-05,0.1,1e-06,linear,101785125131,find_phi_fixed_budget_linear_search,"{""m_exploration"": 300000, ""lookback_window"": 5, ""safeguard"": 1, ""inc"": 2, ""budget"": 101785125131}"
"U(3e-05,0.1), eps=1e-06",3e-05,0.1,1e-06,linear,156499593012,find_phi_fixed_budget_linear_search,"{""m_exploration"": 139247, ""lookback_window"": 5, ""safeguard"": 1, ""inc"": 1, ""budget"": 156499593012}"
"U(3e-05,0.1), eps=1e-06",3e-05,0.1,1e-06,linear,240625755302,find_phi_fixed_budget_linear_search,"{""m_exploration"": 6, ""lookback_window"": 1, ""safeguard"": 2, ""inc"": 1, ""budget"": 240625755302}"
"U(3e-05,0.1), eps=1e-06",3e-05,0.1,1e-06,linear,369973831880,find_phi_fixed_budget_linear_search,"{""m_exploration"": 3, ""lookback_window"": 1, ""safeguard"": 5, ""inc"": 1, ""budget"": 369973831880}"
"U(3e-05,0.1), eps=1e-06",3e-05,0.1,1e-06,linear,568852806735,find_phi_fixed_budget_linear_search,"{""m_exploration"": 3, ""lookback_window"": 1, ""safeguard"": 5, ""inc"": 1, ""budget"": 568852806735}"
"U(3e-05,0.1), eps=1e-06",3e-05,0.1,1e-06,linear,874638928071,find_phi_fixed_budget_linear_search,"{""m_exploration"": 3, ""lookback_window"": 1, ""safeguard"": 5, ""inc"": 1, ""budget"": 874638928071}"
"U(3e-05,0.1), eps=1e-06",3e-05,0.1,1e-06,linear,1344800000000,find_phi_fixed_budget_linear_search,"{""m_exploration"": 3, ""lookback_window"": 1, ""safeguard"": 5, ""inc"": 1, ""budget"": 1344800000000}"
"U(3e-05,0.1), eps=1e-06",3e-05,0.1,1e-06,reverse_eng,896533333,find_phi_fixed_budget_reverse_engineering,"{""m_exploration"": 300000, ""safeguard"": 0.95, ""budget"": 896533333}"
"U(3e-05,0.1), eps=1e-06",3e-05,0.1,1e-06,reverse_eng,1378463715,find_phi_fixed_budget_reverse_engineering,"{""m_exploration"": 300000, ""safeguard"": 0.95, ""budget"": 1378463715}"
"U(3e-05,0.1), eps=1e-06",3e-05,0.1,1e-06,reverse_eng,2119455177,find_phi_fixed_budget_reverse_engineering,"{""m_exploration"": 300000, ""safeguard"": 0.95, ""budget"": 2119455177}"
"U(3e-05,0.1), eps=1e-06",3e-05,0.1,1e-06,reverse_eng,3258765682,find_phi_fixed_budget_reverse_engineering,"{""m_exploration"": 300000, ""safeguard"": 0.95, ""budget"": 3258765682}"
"U(3e-05,0.1), eps=1e-06",3e-05,0.1,1e-06,reverse_eng,5010511136,find_phi_fixed_budget_reverse_engineering,"{""m_exploration"": 300000, ""safeguard"": 0.95, ""budget"": 5010511136}"
"U(3e-05,0.1), eps=1e-06",3e-05,0.1,1e-06,reverse_eng,7703905188,find_phi_fixed_budget_reverse_engineering,"{""m_exploration"": 300000, ""safeguard"": 0.95, ""budget"": 7703905188}"
"U(3e-05,0.1), eps=1e-06",3e-05,0.1,1e-06,reverse_eng,11845129876,find_phi_fixed_budget_reverse_engineering,"{""m_exploration"": 300000, ""safeguard"": 0.95, ""budget"": 11845129876}"
"U(3e-05,0.1), eps=1e-06",3e-05,0.1,1e-06,reverse_eng,18212464762,find_phi_fixed_budget_reverse_engineering,"{""m_exploration"": 300000, ""safeguard"": 0.95, ""budget"": 18212464762}"
"U(3e-05,0.1), eps=1e-06",3e-05,0.1,1e-06,reverse_eng,28002552627,find_phi_fixed_budget_reverse_engineering,"{""m_exploration"": 300000, ""safeguard"": 0.95, ""budget"": 28002552627}"
"U(3e-05,0.1), eps=1e-06",3e-05,0.1,1e-06,reverse_eng,43055290091,find_phi_fixed_budget_reverse_engineering,"{""m_exploration"": 300000, ""safeguard"": 0.95, ""budget"": 43055290091}"
"U(3e-05,0.1), eps=1e-06",3e-05,0.1,1e-06,reverse_eng,66199607925,find_phi_fixed_budget_reverse_engineering,"{""m_exploration"": 65726, ""safeguard"": 0.9, ""budget"": 66199607925}"
"U(3e-05,0.1), eps=1e-06",3e-05,0.1,1e-06,reverse_eng,101785125131,find_phi_fixed_budget_reverse_engineering,"{""m_exploration"": 180853, ""safeguard"": 0.9, ""budget"": 101785125131}"
"U(3e-05,0.1), eps=1e-06",3e-05,0.1,1e-06,reverse_eng,156499593012,find_phi_fixed_budget_reverse_engineering,"{""m_exploration"": 109026, ""safeguard"": 0.8, ""budget"": 156499593012}"
"U(3e-05,0.1), eps=1e-06",3e-05,0.1,1e-06,reverse_eng,240625755302,find_phi_fixed_budget_reverse_engineering,"{""m_exploration"": 109026, ""safeguard"": 0.8, ""budget"": 240625755302}"
"U(3e-05,0.1), eps=1e-06",3e-05,0.1,1e-06,reverse_eng,369973831880,find_phi_fixed_budget_reverse_engineering,"{""m_exploration"": 109026, ""safeguard"": 0.8, ""budget"": 369973831880}"
"U(3e-05,0.1), eps=1e-06",3e-05,0.1,1e-06,reverse_eng,568852806735,find_phi_fixed_budget_reverse_engineering,"{""m_exploration"": 109026, ""safeguard"": 0.8, ""budget"": 568852806735}"
"U(3e-05,0.1), eps=1e-06",3e-05,0.1,1e-06,reverse_eng,874638928071,find_phi_fixed_budget_reverse_engineering,"{""m_exploration"": 109026, ""safeguard"": 0.8, ""budget"": 874638928071}"
"U(3e-05,0.1), eps=1e-06",3e-05,0.1,1e-06,reverse_eng,1344800000000,find_phi_fixed_budget_reverse_engineering,"{""m_exploration"": 109026, ""safeguard"": 0.8, ""budget"": 1344800000000}"
"U(3e-05,0.1), eps=1e-06",3e-05,0.1,1e-06,binary,896533333,find_phi_fixed_budget_binary_search,"{""m_exploration"": 385, ""safeguard"": 2, ""conf"": 0.8, ""budget"": 896533333}"
"U(3e-05,0.1), eps=1e-06",3e-05,0.1,1e-06,binary,1378463715,find_phi_fixed_budget_binary_search,"{""m_exploration"": 3545, ""safeguard"": 2, ""conf"": 0.9, ""budget"": 1378463715}"
"U(3e-05,0.1), eps=1e-06",3e-05,0.1,1e-06,binary,2119455177,find_phi_fixed_budget_binary_search,"{""m_exploration"": 3545, ""safeguard"": 2, ""conf"": 0.9, ""budget"": 2119455177}"
"U(3e-05,0.1), eps=1e-06",3e-05,0.1,1e-06,binary,3258765682,find_phi_fixed_budget_binary_search,"{""m_exploration"": 3545, ""safeguard"": 2, ""conf"": 0.8, ""budget"": 3258765682}"
"U(3e-05,0.1), eps=1e-06",3e-05,0.1,1e-06,binary,5010511136,find_phi_fixed_budget_binary_search,"{""m_exploration"": 3545, ""safeguard"": 2, ""conf"": 0.8, ""budget"": 5010511136}"
"U(3e-05,0.1), eps=1e-06",3e-05,0.1,1e-06,binary,7703905188,find_phi_fixed_budget_binary_search,"{""m_exploration"": 3545, ""safeguard"": 2, ""conf"": 0.8, ""budget"": 7703905188}"
"U(3e-05,0.1), eps=1e-06",3e-05,0.1,1e-06,binary,11845129876,find_phi_fixed_budget_binary_search,"{""m_exploration"": 15565, ""safeguard"": 2, ""conf"": 0.9, ""budget"": 11845129876}"
"U(3e-05,0.1), eps=1e-06",3e-05,0.1,1e-06,binary,18212464762,find_phi_fixed_budget_binary_search,"{""m_exploration"": 15565, ""safeguard"": 2, ""conf"": 0.9, ""budget"": 18212464762}"
"U(3e-05,0.1), eps=1e-06",3e-05,0.1,1e-06,binary,28002552627,find_phi_fixed_budget_binary_search,"{""m_exploration"": 15565, ""safeguard"": 2, ""conf"": 0.9, ""budget"": 28002552627}"
"U(3e-05,0.1), eps=1e-06",3e-05,0.1,1e-06,binary,43055290091,find_phi_fixed_budget_binary_search,"{""m_exploration"": 15565, ""safeguard"": 2, ""conf"": 0.9, ""budget"": 43055290091}"
"U(3e-05,0.1), eps=1e-06",3e-05,0.1,1e-06,binary,66199607925,find_phi_fixed_budget_binary_search,"{""m_exploration"": 32614, ""safeguard"": 2, ""conf"": 0.8, ""budget"": 66199607925}"
"U(3e-05,0.1), eps=1e-06",3e-05,0.1,1e-06,binary,101785125131,find_phi_fixed_budget_binary_search,"{""m_exploration"": 300000, ""safeguard"": 2, ""conf"": 0.8, ""budget"": 101785125131}"
"U(3e-05,0.1), eps=1e-06",3e-05,0.1,1e-06,binary,156499593012,find_phi_fixed_budget_binary_search,"{""m_exploration"": 300000, ""safeguard"": 2, ""conf"": 0.8, ""budget"": 156499593012}"
"U(3e-05,0.1), eps=1e-06",3e-05,0.1,1e-06,binary,240625755302,find_phi_fixed_budget_binary_search,"{""m_exploration"": 300000, ""safeguard"": 2, ""conf"": 0.5, ""budget"": 240625755302}"
"U(3e-05,0.1), eps=1e-06",3e-05,0.1,1e-06,binary,369973831880,find_phi_fixed_budget_binary_search,"{""m_exploration"": 300000, ""safeguard"": 2, ""conf"": 0.5, ""budget"": 369973831880}"
"U(3e-05,0.1), eps=1e-06",3e-05,0.1,1e-06,binary,568852806735,find_phi_fixed_budget_binary_search,"{""m_exploration"": 300000, ""safeguard"": 2, ""conf"": 0.5, ""budget"": 568852806735}"
"U(3e-05,0.1), eps=1e-06",3e-05,0.1,1e-06,binary,874638928071,find_phi_fixed_budget_binary_search,"{""m_exploration"": 300000, ""safeguard"": 2, ""conf"": 0.5, ""budget"": 874638928071}"
"U(3e-05,0.1), eps=1e-06",3e-05,0.1,1e-06,binary,1344800000000,find_phi_fixed_budget_binary_search,"{""m_exploration"": 300000, ""safeguard"": 2, ""conf"": 0.5, ""budget"": 1344800000000}"
"U(3e-05,0.1), eps=1e-06",3e-05,0.1,1e-06,reverse_eng_risk,896533333,find_phi_fixed_budget_reverse_engineering_risk,"{""m_exploration"": 300000, ""eps_target"": 1e-06, ""budget"": 896533333}"
"U(3e-05,0.1), eps=1e-06",3e-05,0.1,1e-06,reverse_eng_risk,1378463715,find_phi_fixed_budget_reverse_engineering_risk,"{""m_exploration"": 300000, ""eps_target"": 1e-06, ""budget"": 1378463715}"
"U(3e-05,0.1), eps=1e-06",3e-05,0.1,1e-06,reverse_eng_risk,2119455177,find_phi_fixed_budget_reverse_engineering_risk,"{""m_exploration"": 300000, ""eps_target"": 1e-06, ""budget"": 2119455177}"
"U(3e-05,0.1), eps=1e-06",3e-05,0.1,1e-06,reverse_eng_risk,3258765682,find_phi_fixed_budget_reverse_engineering_risk,"{""m_exploration"": 300000, ""eps_target"": 1e-06, ""budget"": 3258765682}"
"U(3e-05,0.1), eps=1e-06",3e-05,0.1,1e-06,reverse_eng_risk,5010511136,find_phi_fixed_budget_reverse_engineering_risk,"{""m_exploration"": 300000, ""eps_target"": 1e-06, ""budget"": 5010511136}"
"U(3e-05,0.1), eps=1e-06",3e-05,0.1,1e-06,reverse_eng_risk,7703905188,find_phi_fixed_budget_reverse_engineering_risk,"{""m_exploration"": 180853, ""eps_target"": 1e-06, ""budget"": 7703905188}"
"U(3e-05,0.1), eps=1e-06",3e-05,0.1,1e-06,reverse_eng_risk,11845129876,find_phi_fixed_budget_reverse_engineering_risk,"{""m_exploration"": 5233, ""eps_target"": 1e-06, ""budget"": 11845129876}"
"U(3e-05,0.1), eps=1e-06",3e-05,0.1,1e-06,reverse_eng_risk,18212464762,find_phi_fixed_budget_reverse_engineering_risk,"{""m_exploration"": 3154, ""eps_target"": 1e-06, ""budget"": 18212464762}"
"U(3e-05,0.1), eps=1e-06",3e-05,0.1,1e-06,reverse_eng_risk,28002552627,find_phi_fixed_budget_reverse_engineering_risk,"{""m_exploration"": 3154, ""eps_target"": 1e-06, ""budget"": 28002552627}"
"U(3e-05,0.1), eps=1e-06",3e-05,0.1,1e-06,reverse_eng_risk,43055290091,find_phi_fixed_budget_reverse_engineering_risk,"{""m_exploration"": 1901, ""eps_target"": 1e-06, ""budget"": 43055290091}"
"U(3e-05,0.1), eps=1e-06",3e-05,0.1,1e-06,reverse_eng_risk,66199607925,find_phi_fixed_budget_reverse_engineering_risk,"{""m_exploration"": 65726, ""eps_target"": 1e-06, ""budget"": 66199607925}"
"U(3e-05,0.1), eps=1e-06",3e-05,0.1,1e-06,reverse_eng_risk,101785125131,find_phi_fixed_budget_reverse_engineering_risk,"{""m_exploration"": 251, ""eps_target"": 1e-06, ""budget"": 101785125131}"
"U(3e-05,0.1), eps=1e-06",3e-05,0.1,1e-06,reverse_eng_risk,156499593012,find_phi_fixed_budget_reverse_engineering_risk,"{""m_exploration"": 1146, ""eps_target"": 1e-06, ""budget"": 156499593012}"
"U(3e-05,0.1), eps=1e-06",3e-05,0.1,1e-06,reverse_eng_risk,240625755302,find_phi_fixed_budget_reverse_engineering_risk,"{""m_exploration"": 20, ""eps_target"": 1e-06, ""budget"": 240625755302}"
"U(3e-05,0.1), eps=1e-06",3e-05,0.1,1e-06,reverse_eng_risk,369973831880,find_phi_fixed_budget_reverse_engineering_risk,"{""m_exploration"": 20, ""eps_target"": 1e-06, ""budget"": 369973831880}"
"U(3e-05,0.1), eps=1e-06",3e-05,0.1,1e-06,reverse_eng_risk,568852806735,find_phi_fixed_budget_reverse_engineering_risk,"{""m_exploration"": 20, ""eps_target"": 1e-06, ""budget"": 568852806735}"
"U(3e-05,0.1), eps=1e-06",3e-05,0.1,1e-06,reverse_eng_risk,874638928071,find_phi_fixed_budget_reverse_engineering_risk,"{""m_exploration"": 20, ""eps_target"": 1e-06, ""budget"": 874638928071}"
"U(3e-05,0.1), eps=1e-06",3e-05,0.1,1e-06,reverse_eng_risk,1344800000000,find_phi_fixed_budget_reverse_engineering_risk,"{""m_exploration"": 20, ""eps_target"": 1e-06, ""budget"": 1344800000000}"
"U(3e-05,0.1), eps=1e-06",3e-05,0.1,1e-06,binary_risk,896533333,find_phi_fixed_budget_binary_search_risk,"{""m_exploration"": 385, ""conf"": 0.8, ""eps_target"": 1e-06, ""budget"": 896533333}"
"U(3e-05,0.1), eps=1e-06",3e-05,0.1,1e-06,binary_risk,1378463715,find_phi_fixed_budget_binary_search_risk,"{""m_exploration"": 807, ""conf"": 0.5, ""eps_target"": 1e-06, ""budget"": 1378463715}"
"U(3e-05,0.1), eps=1e-06",3e-05,0.1,1e-06,binary_risk,2119455177,find_phi_fixed_budget_binary_search_risk,"{""m_exploration"": 7429, ""conf"": 0.5, ""eps_target"": 1e-06, ""budget"": 2119455177}"
"U(3e-05,0.1), eps=1e-06",3e-05,0.1,1e-06,binary_risk,3258765682,find_phi_fixed_budget_binary_search_risk,"{""m_exploration"": 3545, ""conf"": 0.8, ""eps_target"": 1e-06, ""budget"": 3258765682}"
"U(3e-05,0.1), eps=1e-06",3e-05,0.1,1e-06,binary_risk,5010511136,find_phi_fixed_budget_binary_search_risk,"{""m_exploration"": 3545, ""conf"": 0.8, ""eps_target"": 1e-06, ""budget"": 5010511136}"
"U(3e-05,0.1), eps=1e-06",3e-05,0.1,1e-06,binary_risk,7703905188,find_phi_fixed_budget_binary_search_risk,"{""m_exploration"": 7429, ""conf"": 0.5, ""eps_target"": 1e-06, ""budget"": 7703905188}"
"U(3e-05,0.1), eps=1e-06",3e-05,0.1,1e-06,binary_risk,11845129876,find_phi_fixed_budget_binary_search_risk,"{""m_exploration"": 7429, ""conf"": 0.5, ""eps_target"": 1e-06, ""budget"": 11845129876}"
"U(3e-05,0.1), eps=1e-06",3e-05,0.1,1e-06,binary_risk,18212464762,find_phi_fixed_budget_binary_search_risk,"{""m_exploration"": 7429, ""conf"": 0.5, ""eps_target"": 1e-06, ""budget"": 18212464762}"
"U(3e-05,0.1), eps=1e-06",3e-05,0.1,1e-06,binary_risk,28002552627,find_phi_fixed_budget_binary_search_risk,"{""m_exploration"": 15565, ""conf"": 0.5, ""eps_target"": 1e-06, ""budget"": 28002552627}"
"U(3e-05,0.1), eps=1e-06",3e-05,0.1,1e-06,binary_risk,43055290091,find_phi_fixed_budget_binary_search_risk,"{""m_exploration"": 3545, ""conf"": 0.5, ""eps_target"": 1e-06, ""budget"": 43055290091}"
"U(3e-05,0.1), eps=1e-06",3e-05,0.1,1e-06,binary_risk,66199607925,find_phi_fixed_budget_binary_search_risk,"{""m_exploration"": 3545, ""conf"": 0.5, ""eps_target"": 1e-06, ""budget"": 66199607925}"
"U(3e-05,0.1), eps=1e-06",3e-05,0.1,1e-06,binary_risk,101785125131,find_phi_fixed_budget_binary_search_risk,"{""m_exploration"": 7429, ""conf"": 0.5, ""eps_target"": 1e-06, ""budget"": 101785125131}"
"U(3e-05,0.1), eps=1e-06",3e-05,0.1,1e-06,binary_risk,156499593012,find_phi_fixed_budget_binary_search_risk,"{""m_exploration"": 15565, ""conf"": 0.5, ""eps_target"": 1e-06, ""budget"": 156499593012}"
"U(3e-05,0.1), eps=1e-06",3e-05,0.1,1e-06,binary_risk,240625755302,find_phi_fixed_budget_binary_search_risk,"{""m_exploration"": 87, ""conf"": 0.5, ""eps_target"": 1e-06, ""budget"": 240625755302}"
"U(3e-05,0.1), eps=1e-06",3e-05,0.1,1e-06,binary_risk,369973831880,find_phi_fixed_budget_binary_search_risk,"{""m_exploration"": 20, ""conf"": 0.5, ""eps_target"": 1e-06, ""budget"": 369973831880}"
"U(3e-05,0.1), eps=1e-06",3e-05,0.1,1e-06,binary_risk,568852806735,find_phi_fixed_budget_binary_search_risk,"{""m_exploration"": 20, ""conf"": 0.5, ""eps_target"": 1e-06, ""budget"": 568852806735}"
"U(3e-05,0.1), eps=1e-06",3e-05,0.1,1e-06,binary_risk,874638928071,find_phi_fixed_budget_binary_search_risk,"{""m_exploration"": 20, ""conf"": 0.5, ""eps_target"": 1e-06, ""budget"": 874638928071}"
"U(3e-05,0.1), eps=1e-06",3e-05,0.1,1e-06,binary_risk,1344800000000,find_phi_fixed_budget_binary_search_risk,"{""m_exploration"": 20, ""conf"": 0.5, ""eps_target"": 1e-06, ""budget"": 1344800000000}"
"U(1e-05,0.1), eps=1e-06",1e-05,0.1,1e-06,linear,896533333,find_phi_fixed_budget_linear_search,"{""m_exploration"": 3000, ""lookback_window"": 5, ""safeguard"": 1, ""inc"": 2, ""budget"": 896533333}"
"U(1e-05,0.1), eps=1e-06",1e-05,0.1,1e-06,linear,1378463715,find_phi_fixed_budget_linear_search,"{""m_exploration"": 1392, ""lookback_window"": 5, ""safeguard"": 1, ""inc"": 5, ""budget"": 1378463715}"
"U(1e-05,0.1), eps=1e-06",1e-05,0.1,1e-06,linear,2119455177,find_phi_fixed_budget_linear_search,"{""m_exploration"": 13924, ""lookback_window"": 5, ""safeguard"": 0, ""inc"": 2, ""budget"": 2119455177}"
"U(1e-05,0.1), eps=1e-06",1e-05,0.1,1e-06,linear,3258765682,find_phi_fixed_budget_linear_search,"{""m_exploration"": 6463, ""lookback_window"": 5, ""safeguard"": 1, ""inc"": 2, ""budget"": 3258765682}"
"U(1e-05,0.1), eps=1e-06",1e-05,0.1,1e-06,linear,5010511136,find_phi_fixed_budget_linear_search,"{""m_exploration"": 13924, ""lookback_window"": 5, ""safeguard"": 1, ""inc"": 2, ""budget"": 5010511136}"
"U(1e-05,0.1), eps=1e-06",1e-05,0.1,1e-06,linear,7703905188,find_phi_fixed_budget_linear_search,"{""m_exploration"": 6463, ""lookback_window"": 5, ""safeguard"": 1, ""inc"": 2, ""budget"": 7703905188}"
"U(1e-05,0.1), eps=1e-06",1e-05,0.1,1e-06,linear,11845129876,find_phi_fixed_budget_linear_search,"{""m_exploration"": 6463, ""lookback_window"": 5, ""safeguard"": 1, ""inc"": 2, ""budget"": 11845129876}"
"U(1e-05,0.1), eps=1e-06",1e-05,0.1,1e-06,linear,18212464762,find_phi_fixed_budget_linear_search,"{""m_exploration"": 6463, ""lookback_window"": 5, ""safeguard"": 1, ""inc"": 2, ""budget"": 18212464762}"
"U(1e-05,0.1), eps=1e-06",1e-05,0.1,1e-06,linear,28002552627,find_phi_fixed_budget_linear_search,"{""m_exploration"": 300000, ""lookback_window"": 5, ""safeguard"": 0, ""inc"": 2, ""budget"": 28002552627}"
"U(1e-05,0.1), eps=1e-06",1e-05,0.1,1e-06,linear,43055290091,find_phi_fixed_budget_linear_search,"{""m_exploration"": 64633, ""lookback_window"": 5, ""safeguard"": 1, ""inc"": 1, ""budget"": 43055290091}"
"U(1e-05,0.1), eps=1e-06",1e-05,0.1,1e-06,linear,66199607925,find_phi_fixed_budget_linear_search,"{""m_exploration"": 300000, ""lookback_window"": 5, ""safeguard"": 0, ""inc"": 5, ""budget"": 66199607925}"
"U(1e-05,0.1), eps=1e-06",1e-05,0.1,1e-06,linear,101785125131,find_phi_fixed_budget_linear_search,"{""m_exploration"": 139247, ""lookback_window"": 5, ""safeguard"": 1, ""inc"": 2, ""budget"": 101785125131}"
"U(1e-05,0.1), eps=1e-06",1e-05,0.1,1e-06,linear,156499593012,find_phi_fixed_budget_linear_search,"{""m_exploration"": 13924, ""lookback_window"": 5, ""safeguard"": 2, ""inc"": 1, ""budget"": 156499593012}"
"U(1e-05,0.1), eps=1e-06",1e-05,0.1,1e-06,linear,240625755302,find_phi_fixed_budget_linear_search,"{""m_exploration"": 6, ""lookback_window"": 1, ""safeguard"": 2, ""inc"": 1, ""budget"": 240625755302}"
"U(1e-05,0.1), eps=1e-06",1e-05,0.1,1e-06,linear,369973831880,find_phi_fixed_budget_linear_search,"{""m_exploration"": 3, ""lookback_window"": 1, ""safeguard"": 5, ""inc"": 1, ""budget"": 369973831880}"
"U(1e-05,0.1), eps=1e-06",1e-05,0.1,1e-06,linear,568852806735,find_phi_fixed_budget_linear_search,"{""m_exploration"": 3, ""lookback_window"": 1, ""safeguard"": 5, ""inc"": 1, ""budget"": 568852806735}"
"U(1e-05,0.1), eps=1e-06",1e-05,0.1,1e-06,linear,874638928071,find_phi_fixed_budget_linear_search,"{""m_exploration"": 3, ""lookback_window"": 1, ""safeguard"": 5, ""inc"": 1, ""budget"": 874638928071}"
"U(1e-05,0.1), eps=1e-06",1e-05,0.1,1e-06,linear,1344800000000,find_phi_fixed_budget_linear_search,"{""m_exploration"": 3, ""lookback_window"": 1, ""safeguard"": 5, ""inc"": 1, ""budget"": 1344800000000}"
"U(1e-05,0.1), eps=1e-06",1e-05,0.1,1e-06,reverse_eng,896533333,find_phi_fixed_budget_reverse_engineering,"{""m_exploration"": 300000, ""safeguard"": 0.95, ""budget"": 896533333}"
"U(1e-05,0.1), eps=1e-06",1e-05,0.1,1e-06,reverse_eng,1378463715,find_phi_fixed_budget_reverse_engineering,"{""m_exploration"": 300000, ""safeguard"": 0.95, ""budget"": 1378463715}"
"U(1e-05,0.1), eps=1e-06",1e-05,0.1,1e-06,reverse_eng,2119455177,find_phi_fixed_budget_reverse_engineering,"{""m_exploration"": 300000, ""safeguard"": 0.95, ""budget"": 2119455177}"
"U(1e-05,0.1), eps=1e-06",1e-05,0.1,1e-06,reverse_eng,3258765682,find_phi_fixed_budget_reverse_engineering,"{""m_exploration"": 300000, ""safeguard"": 0.95, ""budget"": 3258765682}"
"U(1e-05,0.1), eps=1e-06",1e-05,0.1,1e-06,reverse_eng,5010511136,find_phi_fixed_budget_reverse_engineering,"{""m_exploration"": 300000, ""safeguard"": 0.95, ""budget"": 5010511136}"
"U(1e-05,0.1), eps=1e-06",1e-05,0.1,1e-06,reverse_eng,7703905188,find_phi_fixed_budget_reverse_engineering,"{""m_exploration"": 300000, ""safeguard"": 0.95, ""budget"": 7703905188}"
"U(1e-05,0.1), eps=1e-06",1e-05,0.1,1e-06,reverse_eng,11845129876,find_phi_fixed_budget_reverse_engineering,"{""m_exploration"": 300000, ""safeguard"": 0.95, ""budget"": 11845129876}"
"U(1e-05,0.1), eps=1e-06",1e-05,0.1,1e-06,reverse_eng,18212464762,find_phi_fixed_budget_reverse_engineering,"{""m_exploration"": 300000, ""safeguard"": 0.95, ""budget"": 18212464762}"
"U(1e-05,0.1), eps=1e-06",1e-05,0.1,1e-06,reverse_eng,28002552627,find_phi_fixed_budget_reverse_engineering,"{""m_exploration"": 300000, ""safeguard"": 0.95, ""budget"": 28002552627}"
"U(1e-05,0.1), eps=1e-06",1e-05,0.1,1e-06,reverse_eng,43055290091,find_phi_fixed_budget_reverse_engineering,"{""m_exploration"": 300000, ""safeguard"": 0.95, ""budget"": 43055290091}"
"U(1e-05,0.1), eps=1e-06",1e-05,0.1,1e-06,reverse_eng,66199607925,find_phi_fixed_budget_reverse_engineering,"{""m_exploration"": 300000, ""safeguard"": 0.9, ""budget"": 66199607925}"
"U(1e-05,0.1), eps=1e-06",1e-05,0.1,1e-06,reverse_eng,101785125131,find_phi_fixed_budget_reverse_engineering,"{""m_exploration"": 300000, ""safeguard"": 0.9, ""budget"": 101785125131}"
"U(1e-05,0.1), eps=1e-06",1e-05,0.1,1e-06,reverse_eng,156499593012,find_phi_fixed_budget_reverse_engineering,"{""m_exploration"": 300000, ""safeguard"": 0.9, ""budget"": 156499593012}"
"U(1e-05,0.1), eps=1e-06",1e-05,0.1,1e-06,reverse_eng,240625755302,find_phi_fixed_budget_reverse_engineering,"{""m_exploration"": 109026, ""safeguard"": 0.8, ""budget"": 240625755302}"
"U(1e-05,0.1), eps=1e-06",1e-05,0.1,1e-06,reverse_eng,369973831880,find_phi_fixed_budget_reverse_engineering,"{""m_exploration"": 109026, ""safeguard"": 0.8, ""budget"": 369973831880}"
"U(1e-05,0.1), eps=1e-06",1e-05,0.1,1e-06,reverse_eng,568852806735,find_phi_fixed_budget_reverse_engineering,"{""m_exploration"": 109026, ""safeguard"": 0.8, ""budget"": 568852806735}"
"U(1e-05,0.1), eps=1e-06",1e-05,0.1,1e-06,reverse_eng,874638928071,find_phi_fixed_budget_reverse_engineering,"{""m_exploration"": 109026, ""safeguard"": 0.8, ""budget"": 874638928071}"
"U(1e-05,0.1), eps=1e-06",1e-05,0.1,1e-06,reverse_eng,1344800000000,find_phi_fixed_budget_reverse_engineering,"{""m_exploration"": 109026, ""safeguard"": 0.8, ""budget"": 1344800000000}"
"U(1e-05,0.1), eps=1e-06",1e-05,0.1,1e-06,binary,896533333,find_phi_fixed_budget_binary_search,"{""m_exploration"": 1692, ""safeguard"": 2, ""conf"": 0.9, ""budget"": 896533333}"
"U(1e-05,0.1), eps=1e-06",1e-05,0.1,1e-06,binary,1378463715,find_phi_fixed_budget_binary_search,"{""m_exploration"": 1692, ""safeguard"": 2, ""conf"": 0.8, ""budget"": 1378463715}"
"U(1e-05,0.1), eps=1e-06",1e-05,0.1,1e-06,binary,2119455177,find_phi_fixed_budget_binary_search,"{""m_exploration"": 1692, ""safeguard"": 2, ""conf"": 0.8, ""budget"": 2119455177}"
"U(1e-05,0.1), eps=1e-06",1e-05,0.1,1e-06,binary,3258765682,find_phi_fixed_budget_binary_search,"{""m_exploration"": 1692, ""safeguard"": 2, ""conf"": 0.8, ""budget"": 3258765682}"
"U(1e-05,0.1), eps=1e-06",1e-05,0.1,1e-06,binary,5010511136,find_phi_fixed_budget_binary_search,"{""m_exploration"": 3545, ""safeguard"": 2, ""conf"": 0.9, ""budget"": 5010511136}"
"U(1e-05,0.1), eps=1e-06",1e-05,0.1,1e-06,binary,7703905188,find_phi_fixed_budget_binary_search,"{""m_exploration"": 3545, ""safeguard"": 2, ""conf"": 0.9, ""budget"": 7703905188}"
"U(1e-05,0.1), eps=1e-06",1e-05,0.1,1e-06,binary,11845129876,find_phi_fixed_budget_binary_search,"{""m_exploration"": 1692, ""safeguard"": 2, ""conf"": 0.8, ""budget"": 11845129876}"
"U(1e-05,0.1), eps=1e-06",1e-05,0.1,1e-06,binary,18212464762,find_phi_fixed_budget_binary_search,"{""m_exploration"": 3545, ""safeguard"": 2, ""conf"": 0.9, ""budget"": 18212464762}"
"U(1e-05,0.1), eps=1e-06",1e-05,0.1,1e-06,binary,28002552627,find_phi_fixed_budget_binary_search,"{""m_exploration"": 15565, ""safeguard"": 2, ""conf"": 0.9, ""budget"": 28002552627}"
"U(1e-05,0.1), eps=1e-06",1e-05,0.1,1e-06,binary,43055290091,find_phi_fixed_budget_binary_search,"{""m_exploration"": 15565, ""safeguard"": 2, ""conf"": 0.9, ""budget"": 43055290091}"
"U(1e-05,0.1), eps=1e-06",1e-05,0.1,1e-06,binary,66199607925,find_phi_fixed_budget_binary_search,"{""m_exploration"": 68335, ""safeguard"": 2, ""conf"": 0.9, ""budget"": 66199607925}"
"U(1e-05,0.1), eps=1e-06",1e-05,0.1,1e-06,binary,101785125131,find_phi_fixed_budget_binary_search,"{""m_exploration"": 143180, ""safeguard"": 2, ""conf"": 0.8, ""budget"": 101785125131}"
"U(1e-05,0.1), eps=1e-06",1e-05,0.1,1e-06,binary,156499593012,find_phi_fixed_budget_binary_search,"{""m_exploration"": 143180, ""safeguard"": 2, ""conf"": 0.8, ""budget"": 156499593012}"
"U(1e-05,0.1), eps=1e-06",1e-05,0.1,1e-06,binary,240625755302,find_phi_fixed_budget_binary_search,"{""m_exploration"": 143180, ""safeguard"": 2, ""conf"": 0.5, ""budget"": 240625755302}"
"U(1e-05,0.1), eps=1e-06",1e-05,0.1,1e-06,binary,369973831880,find_phi_fixed_budget_binary_search,"{""m_exploration"": 143180, ""safeguard"": 2, ""conf"": 0.5, ""budget"": 369973831880}"
"U(1e-05,0.1), eps=1e-06",1e-05,0.1,1e-06,binary,568852806735,find_phi_fixed_budget_binary_search,"{""m_exploration"": 143180, ""safeguard"": 2, ""conf"": 0.5, ""budget"": 568852806735}"
"U(1e-05,0.1), eps=1e-06",1e-05,0.1,1e-06,binary,874638928071,find_phi_fixed_budget_binary_search,"{""m_exploration"": 143180, ""safeguard"": 2, ""conf"": 0.5, ""budget"": 874638928071}"
"U(1e-05,0.1), eps=1e-06",1e-05,0.1,1e-06,binary,1344800000000,find_phi_fixed_budget_binary_search,"{""m_exploration"": 143180, ""safeguard"": 2, ""conf"": 0.5, ""budget"": 1344800000000}"
"U(1e-05,0.1), eps=1e-06",1e-05,0.1,1e-06,reverse_eng_risk,896533333,find_phi_fixed_budget_reverse_engineering_risk,"{""m_exploration"": 300000, ""eps_target"": 1e-06, ""budget"": 896533333}"
"U(1e-05,0.1), eps=1e-06",1e-05,0.1,1e-06,reverse_eng_risk,1378463715,find_phi_fixed_budget_reverse_engineering_risk,"{""m_exploration"": 300000, ""eps_target"": 1e-06, ""budget"": 1378463715}"
"U(1e-05,0.1), eps=1e-06",1e-05,0.1,1e-06,reverse_eng_risk,2119455177,find_phi_fixed_budget_reverse_engineering_risk,"{""m_exploration"": 300000, ""eps_target"": 1e-06, ""budget"": 2119455177}"
"U(1e-05,0.1), eps=1e-06",1e-05,0.1,1e-06,reverse_eng_risk,3258765682,find_phi_fixed_budget_reverse_engineering_risk,"{""m_exploration"": 300000, ""eps_target"": 1e-06, ""budget"": 3258765682}"
"U(1e-05,0.1), eps=1e-06",1e-05,0.1,1e-06,reverse_eng_risk,5010511136,find_phi_fixed_budget_reverse_engineering_risk,"{""m_exploration"": 300000, ""eps_target"": 1e-06, ""budget"": 5010511136}"
"U(1e-05,0.1), eps=1e-06",1e-05,0.1,1e-06,reverse_eng_risk,7703905188,find_phi_fixed_budget_reverse_engineering_risk,"{""m_exploration"": 300000, ""eps_target"": 1e-06, ""budget"": 7703905188}"
"U(1e-05,0.1), eps=1e-06",1e-05,0.1,1e-06,reverse_eng_risk,11845129876,find_phi_fixed_budget_reverse_engineering_risk,"{""m_exploration"": 5233, ""eps_target"": 1e-06, ""budget"": 11845129876}"
"U(1e-05,0.1), eps=1e-06",1e-05,0.1,1e-06,reverse_eng_risk,18212464762,find_phi_fixed_budget_reverse_engineering_risk,"{""m_exploration"": 65726, ""eps_target"": 1e-06, ""budget"": 18212464762}"
"U(1e-05,0.1), eps=1e-06",1e-05,0.1,1e-06,reverse_eng_risk,28002552627,find_phi_fixed_budget_reverse_engineering_risk,"{""m_exploration"": 5233, ""eps_target"": 1e-06, ""budget"": 28002552627}"
"U(1e-05,0.1), eps=1e-06",1e-05,0.1,1e-06,reverse_eng_risk,43055290091,find_phi_fixed_budget_reverse_engineering_risk,"{""m_exploration"": 1901, ""eps_target"": 1e-06, ""budget"": 43055290091}"
"U(1e-05,0.1), eps=1e-06",1e-05,0.1,1e-06,reverse_eng_risk,66199607925,find_phi_fixed_budget_reverse_engineering_risk,"{""m_exploration"": 65726, ""eps_target"": 1e-06, ""budget"": 66199607925}"
"U(1e-05,0.1), eps=1e-06",1e-05,0.1,1e-06,reverse_eng_risk,101785125131,find_phi_fixed_budget_reverse_engineering_risk,"{""m_exploration"": 251, ""eps_target"": 1e-06, ""budget"": 101785125131}"
"U(1e-05,0.1), eps=1e-06",1e-05,0.1,1e-06,reverse_eng_risk,156499593012,find_phi_fixed_budget_reverse_engineering_risk,"{""m_exploration"": 1146, ""eps_target"": 1e-06, ""budget"": 156499593012}"
"U(1e-05,0.1), eps=1e-06",1e-05,0.1,1e-06,reverse_eng_risk,240625755302,find_phi_fixed_budget_reverse_engineering_risk,"{""m_exploration"": 20, ""eps_target"": 1e-06, ""budget"": 240625755302}"
"U(1e-05,0.1), eps=1e-06",1e-05,0.1,1e-06,reverse_eng_risk,369973831880,find_phi_fixed_budget_reverse_engineering_risk,"{""m_exploration"": 20, ""eps_target"": 1e-06, ""budget"": 369973831880}"
"U(1e-05,0.1), eps=1e-06",1e-05,0.1,1e-06,reverse_eng_risk,568852806735,find_phi_fixed_budget_reverse_engineering_risk,"{""m_exploration"": 20, ""eps_target"": 1e-06, ""budget"": 568852806735}"
"U(1e-05,0.1), eps=1e-06",1e-05,0.1,1e-06,reverse_eng_risk,874638928071,find_phi_fixed_budget_reverse_engineering_risk,"{""m_exploration"": 20, ""eps_target"": 1e-06, ""budget"": 874638928071}"
"U(1e-05,0.1), eps=1e-06",1e-05,0.1,1e-06,reverse_eng_risk,1344800000000,find_phi_fixed_budget_reverse_engineering_risk,"{""m_exploration"": 20, ""eps_target"": 1e-06, ""budget"": 1344800000000}"
"U(1e-05,0.1), eps=1e-06",1e-05,0.1,1e-06,binary_risk,896533333,find_phi_fixed_budget_binary_search_risk,"{""m_exploration"": 385, ""conf"": 0.8, ""eps_target"": 1e-06, ""budget"": 896533333}"
"U(1e-05,0.1), eps=1e-06",1e-05,0.1,1e-06,binary_risk,1378463715,find_phi_fixed_budget_binary_search_risk,"{""m_exploration"": 1692, ""conf"": 0.5, ""eps_target"": 1e-06, ""budget"": 1378463715}"
"U(1e-05,0.1), eps=1e-06",1e-05,0.1,1e-06,binary_risk,2119455177,find_phi_fixed_budget_binary_search_risk,"{""m_exploration"": 1692, ""conf"": 0.5, ""eps_target"": 1e-06, ""budget"": 2119455177}"
"U(1e-05,0.1), eps=1e-06",1e-05,0.1,1e-06,binary_risk,3258765682,find_phi_fixed_budget_binary_search_risk,"{""m_exploration"": 1692, ""conf"": 0.8, ""eps_target"": 1e-06, ""budget"": 3258765682}"
"U(1e-05,0.1), eps=1e-06",1e-05,0.1,1e-06,binary_risk,5010511136,find_phi_fixed_budget_binary_search_risk,"{""m_exploration"": 1692, ""conf"": 0.5, ""eps_target"": 1e-06, ""budget"": 5010511136}"
"U(1e-05,0.1), eps=1e-06",1e-05,0.1,1e-06,binary_risk,7703905188,find_phi_fixed_budget_binary_search_risk,"{""m_exploration"": 3545, ""conf"": 0.5, ""eps_target"": 1e-06, ""budget"": 7703905188}"
"U(1e-05,0.1), eps=1e-06",1e-05,0.1,1e-06,binary_risk,11845129876,find_phi_fixed_budget_binary_search_risk,"{""m_exploration"": 1692, ""conf"": 0.5, ""eps_target"": 1e-06, ""budget"": 11845129876}"
"U(1e-05,0.1), eps=1e-06",1e-05,0.1,1e-06,binary_risk,18212464762,find_phi_fixed_budget_binary_search_risk,"{""m_exploration"": 3545, ""conf"": 0.5, ""eps_target"": 1e-06, ""budget"": 18212464762}"
"U(1e-05,0.1), eps=1e-06",1e-05,0.1,1e-06,binary_risk,28002552627,find_phi_fixed_budget_binary_search_risk,"{""m_exploration"": 3545, ""conf"": 0.5, ""eps_target"": 1e-06, ""budget"": 28002552627}"
"U(1e-05,0.1), eps=1e-06",1e-05,0.1,1e-06,binary_risk,43055290091,find_phi_fixed_budget_binary_search_risk,"{""m_exploration"": 3545, ""conf"": 0.5, ""eps_target"": 1e-06, ""budget"": 43055290091}"
"U(1e-05,0.1), eps=1e-06",1e-05,0.1,1e-06,binary_risk,66199607925,find_phi_fixed_budget_binary_search_risk,"{""m_exploration"": 1692, ""conf"": 0.5, ""eps_target"": 1e-06, ""budget"": 66199607925}"
"U(1e-05,0.1), eps=1e-06",1e-05,0.1,1e-06,binary_risk,101785125131,find_phi_fixed_budget_binary_search_risk,"{""m_exploration"": 1692, ""conf"": 0.5, ""eps_target"": 1e-06, ""budget"": 101785125131}"
"U(1e-05,0.1), eps=1e-06",1e-05,0.1,1e-06,binary_risk,156499593012,find_phi_fixed_budget_binary_search_risk,"{""m_exploration"": 1692, ""conf"": 0.5, ""eps_target"": 1e-06, ""budget"": 156499593012}"
"U(1e-05,0.1), eps=1e-06",1e-05,0.1,1e-06,binary_risk,240625755302,find_phi_fixed_budget_binary_search_risk,"{""m_exploration"": 183, ""conf"": 0.5, ""eps_target"": 1e-06, ""budget"": 240625755302}"
"U(1e-05,0.1), eps=1e-06",1e-05,0.1,1e-06,binary_risk,369973831880,find_phi_fixed_budget_binary_search_risk,"{""m_exploration"": 87, ""conf"": 0.5, ""eps_target"": 1e-06, ""budget"": 369973831880}"
"U(1e-05,0.1), eps=1e-06",1e-05,0.1,1e-06,binary_risk,568852806735,find_phi_fixed_budget_binary_search_risk,"{""m_exploration"": 20, ""conf"": 0.5, ""eps_target"": 1e-06, ""budget"": 568852806735}"
"U(1e-05,0.1), eps=1e-06",1e-05,0.1,1e-06,binary_risk,874638928071,find_phi_fixed_budget_binary_search_risk,"{""m_exploration"": 20, ""conf"": 0.5, ""eps_target"": 1e-06, ""budget"": 874638928071}"
"U(1e-05,0.1), eps=1e-06",1e-05,0.1,1e-06,binary_risk,1344800000000,find_phi_fixed_budget_binary_search_risk,"{""m_exploration"": 20, ""conf"": 0.5, ""eps_target"": 1e-06, ""budget"": 1344800000000}"
"U(0.01,0.15), eps=1e-06",0.01,0.15,1e-06,linear,1344800000,find_phi_fixed_budget_linear_search,"{""m_exploration"": 646, ""lookback_window"": 5, ""safeguard"": 1, ""inc"": 2, ""budget"": 1344800000}"
"U(0.01,0.15), eps=1e-06",0.01,0.15,1e-06,linear,2067695573,find_phi_fixed_budget_linear_search,"{""m_exploration"": 30000, ""lookback_window"": 5, ""safeguard"": 0, ""inc"": 2, ""budget"": 2067695573}"
"U(0.01,0.15), eps=1e-06",0.01,0.15,1e-06,linear,3179182766,find_phi_fixed_budget_linear_search,"{""m_exploration"": 13924, ""lookback_window"": 5, ""safeguard"": 0, ""inc"": 2, ""budget"": 3179182766}"
"U(0.01,0.15), eps=1e-06",0.01,0.15,1e-06,linear,4888148523,find_phi_fixed_budget_linear_search,"{""m_exploration"": 64633, ""lookback_window"": 5, ""safeguard"": 0, ""inc"": 1, ""budget"": 4888148523}"
"U(0.01,0.15), eps=1e-06",0.01,0.15,1e-06,linear,7515766704,find_phi_fixed_budget_linear_search,"{""m_exploration"": 64633, ""lookback_window"": 5, ""safeguard"": 0, ""inc"": 1, ""budget"": 7515766704}"
"U(0.01,0.15), eps=1e-06",0.01,0.15,1e-06,linear,11555857783,find_phi_fixed_budget_linear_search,"{""m_exploration"": 30000, ""lookback_window"": 5, ""safeguard"": 0, ""inc"": 2, ""budget"": 11555857783}"
"U(0.01,0.15), eps=1e-06",0.01,0.15,1e-06,linear,17767694814,find_phi_fixed_budget_linear_search,"{""m_exploration"": 64633, ""lookback_window"": 5, ""safeguard"": 0, ""inc"": 1, ""budget"": 17767694814}"
"U(0.01,0.15), eps=1e-06",0.01,0.15,1e-06,linear,27318697144,find_phi_fixed_budget_linear_search,"{""m_exploration"": 64633, ""lookback_window"": 5, ""safeguard"": 0, ""inc"": 1, ""budget"": 27318697144}"
"U(0.01,0.15), eps=1e-06",0.01,0.15,1e-06,linear,42003828941,find_phi_fixed_budget_linear_search,"{""m_exploration"": 300000, ""lookback_window"": 5, ""safeguard"": 0, ""inc"": 1, ""budget"": 42003828941}"
"U(0.01,0.15), eps=1e-06",0.01,0.15,1e-06,linear,64582935136,find_phi_fixed_budget_linear_search,"{""m_exploration"": 300000, ""lookback_window"": 5, ""safeguard"": 0, ""inc"": 2, ""budget"": 64582935136}"
"U(0.01,0.15), eps=1e-06",0.01,0.15,1e-06,linear,99299411888,find_phi_fixed_budget_linear_search,"{""m_exploration"": 300000, ""lookback_window"": 5, ""safeguard"": 0, ""inc"": 2, ""budget"": 99299411888}"
"U(0.01,0.15), eps=1e-06",0.01,0.15,1e-06,linear,152677687696,find_phi_fixed_budget_linear_search,"{""m_exploration"": 6463, ""lookback_window"": 5, ""safeguard"": 1, ""inc"": 1, ""budget"": 152677687696}"
"U(0.01,0.15), eps=1e-06",0.01,0.15,1e-06,linear,234749389519,find_phi_fixed_budget_linear_search,"{""m_exploration"": 1392, ""lookback_window"": 5, ""safeguard"": 1, ""inc"": 1, ""budget"": 234749389519}"
"U(0.01,0.15), eps=1e-06",0.01,0.15,1e-06,linear,360938632953,find_phi_fixed_budget_linear_search,"{""m_exploration"": 6, ""lookback_window"": 1, ""safeguard"": 2, ""inc"": 1, ""budget"": 360938632953}"
"U(0.01,0.15), eps=1e-06",0.01,0.15,1e-06,linear,554960747820,find_phi_fixed_budget_linear_search,"{""m_exploration"": 3, ""lookback_window"": 1, ""safeguard"": 5, ""inc"": 1, ""budget"": 554960747820}"
"U(0.01,0.15), eps=1e-06",0.01,0.15,1e-06,linear,853279210102,find_phi_fixed_budget_linear_search,"{""m_exploration"": 3, ""lookback_window"": 1, ""safeguard"": 5, ""inc"": 1, ""budget"": 853279210102}"
"U(0.01,0.15), eps=1e-06",0.01,0.15,1e-06,linear,1311958392106,find_phi_fixed_budget_linear_search,"{""m_exploration"": 3, ""lookback_window"": 1, ""safeguard"": 5, ""inc"": 1, ""budget"": 1311958392106}"
"U(0.01,0.15), eps=1e-06",0.01,0.15,1e-06,linear,2017200000000,find_phi_fixed_budget_linear_search,"{""m_exploration"": 3, ""lookback_window"": 1, ""safeguard"": 5, ""inc"": 1, ""budget"": 2017200000000}"
"U(0.01,0.15), eps=1e-06",0.01,0.15,1e-06,reverse_eng,1344800000,find_phi_fixed_budget_reverse_engineering,"{""m_exploration"": 300000, ""safeguard"": 0.95, ""budget"": 1344800000}"
"U(0.01,0.15), eps=1e-06",0.01,0.15,1e-06,reverse_eng,2067695573,find_phi_fixed_budget_reverse_engineering,"{""m_exploration"": 300000, ""safeguard"": 0.95, ""budget"": 2067695573}"
"U(0.01,0.15), eps=1e-06",0.01,0.15,1e-06,reverse_eng,3179182766,find_phi_fixed_budget_reverse_engineering,"{""m_exploration"": 180853, ""safeguard"": 0.95, ""budget"": 3179182766}"
"U(0.01,0.15), eps=1e-06",0.01,0.15,1e-06,reverse_eng,4888148523,find_phi_fixed_budget_reverse_engineering,"{""m_exploration"": 180853, ""safeguard"": 0.95, ""budget"": 4888148523}"
"U(0.01,0.15), eps=1e-06",0.01,0.15,1e-06,reverse_eng,7515766704,find_phi_fixed_budget_reverse_engineering,"{""m_exploration"": 180853, ""safeguard"": 0.95, ""budget"": 7515766704}"
"U(0.01,0.15), eps=1e-06",0.01,0.15,1e-06,reverse_eng,11555857783,find_phi_fixed_budget_reverse_engineering,"{""m_exploration"": 180853, ""safeguard"": 0.95, ""budget"": 11555857783}"
"U(0.01,0.15), eps=1e-06",0.01,0.15,1e-06,reverse_eng,17767694814,find_phi_fixed_budget_reverse_engineering,"{""m_exploration"": 65726, ""safeguard"": 0.95, ""budget"": 17767694814}"
"U(0.01,0.15), eps=1e-06",0.01,0.15,1e-06,reverse_eng,27318697144,find_phi_fixed_budget_reverse_engineering,"{""m_exploration"": 39622, ""safeguard"": 0.95, ""budget"": 27318697144}"
"U(0.01,0.15), eps=1e-06",0.01,0.15,1e-06,reverse_eng,42003828941,find_phi_fixed_budget_reverse_engineering,"{""m_exploration"": 39622, ""safeguard"": 0.95, ""budget"": 42003828941}"
"U(0.01,0.15), eps=1e-06",0.01,0.15,1e-06,reverse_eng,64582935136,find_phi_fixed_budget_reverse_engineering,"{""m_exploration"": 39622, ""safeguard"": 0.95, ""budget"": 64582935136}"
"U(0.01,0.15), eps=1e-06",0.01,0.15,1e-06,reverse_eng,99299411888,find_phi_fixed_budget_reverse_engineering,"{""m_exploration"": 39622, ""safeguard"": 0.95, ""budget"": 99299411888}"
"U(0.01,0.15), eps=1e-06",0.01,0.15,1e-06,reverse_eng,152677687696,find_phi_fixed_budget_reverse_engineering,"{""m_exploration"": 39622, ""safeguard"": 0.95, ""budget"": 152677687696}"
"U(0.01,0.15), eps=1e-06",0.01,0.15,1e-06,reverse_eng,234749389519,find_phi_fixed_budget_reverse_engineering,"{""m_exploration"": 3154, ""safeguard"": 0.8, ""budget"": 234749389519}"
"U(0.01,0.15), eps=1e-06",0.01,0.15,1e-06,reverse_eng,360938632953,find_phi_fixed_budget_reverse_engineering,"{""m_exploration"": 3154, ""safeguard"": 0.8, ""budget"": 360938632953}"
"U(0.01,0.15), eps=1e-06",0.01,0.15,1e-06,reverse_eng,554960747820,find_phi_fixed_budget_reverse_engineering,"{""m_exploration"": 3154, ""safeguard"": 0.8, ""budget"": 554960747820}"
"U(0.01,0.15), eps=1e-06",0.01,0.15,1e-06,reverse_eng,853279210102,find_phi_fixed_budget_reverse_engineering,"{""m_exploration"": 3154, ""safeguard"": 0.8, ""budget"": 853279210102}"
"U(0.01,0.15), eps=1e-06",0.01,0.15,1e-06,reverse_eng,1311958392106,find_phi_fixed_budget_reverse_engineering,"{""m_exploration"": 3154, ""safeguard"": 0.8, ""budget"": 1311958392106}"
"U(0.01,0.15), eps=1e-06",0.01,0.15,1e-06,reverse_eng,2017200000000,find_phi_fixed_budget_reverse_engineering,"{""m_exploration"": 3154, ""safeguard"": 0.8, ""budget"": 2017200000000}"
"U(0.01,0.15), eps=1e-06",0.01,0.15,1e-06,binary,1344800000,find_phi_fixed_budget_binary_search,"{""m_exploration"": 1692, ""safeguard"": 2, ""conf"": 0.9, ""budget"": 1344800000}"
"U(0.01,0.15), eps=1e-06",0.01,0.15,1e-06,binary,2067695573,find_phi_fixed_budget_binary_search,"{""m_exploration"": 1692, ""safeguard"": 2, ""conf"": 0.9, ""budget"": 2067695573}"
"U(0.01,0.15), eps=1e-06",0.01,0.15,1e-06,binary,3179182766,find_phi_fixed_budget_binary_search,"{""m_exploration"": 3545, ""safeguard"": 2, ""conf"": 0.9, ""budget"": 3179182766}"
"U(0.01,0.15), eps=1e-06",0.01,0.15,1e-06,binary,4888148523,find_phi_fixed_budget_binary_search,"{""m_exploration"": 3545, ""safeguard"": 2, ""conf"": 0.9, ""budget"": 4888148523}"
"U(0.01,0.15), eps=1e-06",0.01,0.15,1e-06,binary,7515766704,find_phi_fixed_budget_binary_search,"{""m_exploration"": 3545, ""safeguard"": 2, ""conf"": 0.9, ""budget"": 7515766704}"
"U(0.01,0.15), eps=1e-06",0.01,0.15,1e-06,binary,11555857783,find_phi_fixed_budget_binary_search,"{""m_exploration"": 3545, ""safeguard"": 2, ""conf"": 0.9, ""budget"": 11555857783}"
"U(0.01,0.15), eps=1e-06",0.01,0.15,1e-06,binary,17767694814,find_phi_fixed_budget_binary_search,"{""m_exploration"": 3545, ""safeguard"": 2, ""conf"": 0.9, ""budget"": 17767694814}"
"U(0.01,0.15), eps=1e-06",0.01,0.15,1e-06,binary,27318697144,find_phi_fixed_budget_binary_search,"{""m_exploration"": 3545, ""safeguard"": 2, ""conf"": 0.9, ""budget"": 27318697144}"
"U(0.01,0.15), eps=1e-06",0.01,0.15,1e-06,binary,42003828941,find_phi_fixed_budget_binary_search,"{""m_exploration"": 32614, ""safeguard"": 2, ""conf"": 0.9, ""budget"": 42003828941}"
"U(0.01,0.15), eps=1e-06",0.01,0.15,1e-06,binary,64582935136,find_phi_fixed_budget_binary_search,"{""m_exploration"": 3545, ""safeguard"": 2, ""conf"": 0.9, ""budget"": 64582935136}"
"U(0.01,0.15), eps=1e-06",0.01,0.15,1e-06,binary,99299411888,find_phi_fixed_budget_binary_search,"{""m_exploration"": 32614, ""safeguard"": 2, ""conf"": 0.9, ""budget"": 99299411888}"
"U(0.01,0.15), eps=1e-06",0.01,0.15,1e-06,binary,152677687696,find_phi_fixed_budget_binary_search,"{""m_exploration"": 32614, ""safeguard"": 2, ""conf"": 0.9, ""budget"": 152677687696}"
"U(0.01,0.15), eps=1e-06",0.01,0.15,1e-06,binary,234749389519,find_phi_fixed_budget_binary_search,"{""m_exploration"": 15565, ""safeguard"": 2, ""conf"": 0.8, ""budget"": 234749389519}"
"U(0.01,0.15), eps=1e-06",0.01,0.15,1e-06,binary,360938632953,find_phi_fixed_budget_binary_search,"{""m_exploration"": 15565, ""safeguard"": 2, ""conf"": 0.5, ""budget"": 360938632953}"
"U(0.01,0.15), eps=1e-06",0.01,0.15,1e-06,binary,554960747820,find_phi_fixed_budget_binary_search,"{""m_exploration"": 15565, ""safeguard"": 2, ""conf"": 0.5, ""budget"": 554960747820}"
"U(0.01,0.15), eps=1e-06",0.01,0.15,1e-06,binary,853279210102,find_phi_fixed_budget_binary_search,"{""m_exploration"": 15565, ""safeguard"": 2, ""conf"": 0.5, ""budget"": 853279210102}"
"U(0.01,0.15), eps=1e-06",0.01,0.15,1e-06,binary,1311958392106,find_phi_fixed_budget_binary_search,"{""m_exploration"": 15565, ""safeguard"": 2, ""conf"": 0.5, ""budget"": 1311958392106}"
"U(0.01,0.15), eps=1e-06",0.01,0.15,1e-06,binary,2017200000000,find_phi_fixed_budget_binary_search,"{""m_exploration"": 15565, ""safeguard"": 2, ""conf"": 0.5, ""budget"": 2017200000000}"
"U(0.01,0.15), eps=1e-06",0.01,0.15,1e-06,reverse_eng_risk,1344800000,find_phi_fixed_budget_reverse_engineering_risk,"{""m_exploration"": 300000, ""eps_target"": 1e-06, ""budget"": 1344800000}"
"U(0.01,0.15), eps=1e-06",0.01,0.15,1e-06,reverse_eng_risk,2067695573,find_phi_fixed_budget_reverse_engineering_risk,"{""m_exploration"": 300000, ""eps_target"": 1e-06, ""budget"": 2067695573}"
"U(0.01,0.15), eps=1e-06",0.01,0.15,1e-06,reverse_eng_risk,3179182766,find_phi_fixed_budget_reverse_engineering_risk,"{""m_exploration"": 180853, ""eps_target"": 1e-06, ""budget"": 3179182766}"
"U(0.01,0.15), eps=1e-06",0.01,0.15,1e-06,reverse_eng_risk,4888148523,find_phi_fixed_budget_reverse_engineering_risk,"{""m_exploration"": 8680, ""eps_target"": 1e-06, ""budget"": 4888148523}"
"U(0.01,0.15), eps=1e-06",0.01,0.15,1e-06,reverse_eng_risk,7515766704,find_phi_fixed_budget_reverse_engineering_risk,"{""m_exploration"": 180853, ""eps_target"": 1e-06, ""budget"": 7515766704}"
"U(0.01,0.15), eps=1e-06",0.01,0.15,1e-06,reverse_eng_risk,11555857783,find_phi_fixed_budget_reverse_engineering_risk,"{""m_exploration"": 180853, ""eps_target"": 1e-06, ""budget"": 11555857783}"
"U(0.01,0.15), eps=1e-06",0.01,0.15,1e-06,reverse_eng_risk,17767694814,find_phi_fixed_budget_reverse_engineering_risk,"{""m_exploration"": 8680, ""eps_target"": 1e-06, ""budget"": 17767694814}"
"U(0.01,0.15), eps=1e-06",0.01,0.15,1e-06,reverse_eng_risk,27318697144,find_phi_fixed_budget_reverse_engineering_risk,"{""m_exploration"": 3154, ""eps_target"": 1e-06, ""budget"": 27318697144}"
"U(0.01,0.15), eps=1e-06",0.01,0.15,1e-06,reverse_eng_risk,42003828941,find_phi_fixed_budget_reverse_engineering_risk,"{""m_exploration"": 3154, ""eps_target"": 1e-06, ""budget"": 42003828941}"
"U(0.01,0.15), eps=1e-06",0.01,0.15,1e-06,reverse_eng_risk,64582935136,find_phi_fixed_budget_reverse_engineering_risk,"{""m_exploration"": 3154, ""eps_target"": 1e-06, ""budget"": 64582935136}"
"U(0.01,0.15), eps=1e-06",0.01,0.15,1e-06,reverse_eng_risk,99299411888,find_phi_fixed_budget_reverse_engineering_risk,"{""m_exploration"": 3154, ""eps_target"": 1e-06, ""budget"": 99299411888}"
"U(0.01,0.15), eps=1e-06",0.01,0.15,1e-06,reverse_eng_risk,152677687696,find_phi_fixed_budget_reverse_engineering_risk,"{""m_exploration"": 5233, ""eps_target"": 1e-06, ""budget"": 152677687696}"
"U(0.01,0.15), eps=1e-06",0.01,0.15,1e-06,reverse_eng_risk,234749389519,find_phi_fixed_budget_reverse_engineering_risk,"{""m_exploration"": 1901, ""eps_target"": 1e-06, ""budget"": 234749389519}"
"U(0.01,0.15), eps=1e-06",0.01,0.15,1e-06,reverse_eng_risk,360938632953,find_phi_fixed_budget_reverse_engineering_risk,"{""m_exploration"": 20, ""eps_target"": 1e-06, ""budget"": 360938632953}"
"U(0.01,0.15), eps=1e-06",0.01,0.15,1e-06,reverse_eng_risk,554960747820,find_phi_fixed_budget_reverse_engineering_risk,"{""m_exploration"": 20, ""eps_target"": 1e-06, ""budget"": 554960747820}"
"U(0.01,0.15), eps=1e-06",0.01,0.15,1e-06,reverse_eng_risk,853279210102,find_phi_fixed_budget_reverse_engineering_risk,"{""m_exploration"": 20, ""eps_target"": 1e-06, ""budget"": 853279210102}"
"U(0.01,0.15), eps=1e-06",0.01,0.15,1e-06,reverse_eng_risk,1311958392106,find_phi_fixed_budget_reverse_engineering_risk,"{""m_exploration"": 20, ""eps_target"": 1e-06, ""budget"": 1311958392106}"
"U(0.01,0.15), eps=1e-06",0.01,0.15,1e-06,reverse_eng_risk,2017200000000,find_phi_fixed_budget_reverse_engineering_risk,"{""m_exploration"": 20, ""eps_target"": 1e-06, ""budget"": 2017200000000}"
"U(0.01,0.15), eps=1e-06",0.01,0.15,1e-06,binary_risk,1344800000,find_phi_fixed_budget_binary_search_risk,"{""m_exploration"": 1692, ""conf"": 0.8, ""eps_target"": 1e-06, ""budget"": 1344800000}"
"U(0.01,0.15), eps=1e-06",0.01,0.15,1e-06,binary_risk,2067695573,find_phi_fixed_budget_binary_search_risk,"{""m_exploration"": 1692, ""conf"": 0.8, ""eps_target"": 1e-06, ""budget"": 2067695573}"
"U(0.01,0.15), eps=1e-06",0.01,0.15,1e-06,binary_risk,3179182766,find_phi_fixed_budget_binary_search_risk,"{""m_exploration"": 3545, ""conf"": 0.9, ""eps_target"": 1e-06, ""budget"": 3179182766}"
"U(0.01,0.15), eps=1e-06",0.01,0.15,1e-06,binary_risk,4888148523,find_phi_fixed_budget_binary_search_risk,"{""m_exploration"": 3545, ""conf"": 0.9, ""eps_target"": 1e-06, ""budget"": 4888148523}"
"U(0.01,0.15), eps=1e-06",0.01,0.15,1e-06,binary_risk,7515766704,find_phi_fixed_budget_binary_search_risk,"{""m_exploration"": 3545, ""conf"": 0.9, ""eps_target"": 1e-06, ""budget"": 7515766704}"
"U(0.01,0.15), eps=1e-06",0.01,0.15,1e-06,binary_risk,11555857783,find_phi_fixed_budget_binary_search_risk,"{""m_exploration"": 3545, ""conf"": 0.9, ""eps_target"": 1e-06, ""budget"": 11555857783}"
"U(0.01,0.15), eps=1e-06",0.01,0.15,1e-06,binary_risk,17767694814,find_phi_fixed_budget_binary_search_risk,"{""m_exploration"": 3545, ""conf"": 0.5, ""eps_target"": 1e-06, ""budget"": 17767694814}"
"U(0.01,0.15), eps=1e-06",0.01,0.15,1e-06,binary_risk,27318697144,find_phi_fixed_budget_binary_search_risk,"{""m_exploration"": 32614, ""conf"": 0.5, ""eps_target"": 1e-06, ""budget"": 27318697144}"
"U(0.01,0.15), eps=1e-06",0.01,0.15,1e-06,binary_risk,42003828941,find_phi_fixed_budget_binary_search_risk,"{""m_exploration"": 32614, ""conf"": 0.5, ""eps_target"": 1e-06, ""budget"": 42003828941}"
"U(0.01,0.15), eps=1e-06",0.01,0.15,1e-06,binary_risk,64582935136,find_phi_fixed_budget_binary_search_risk,"{""m_exploration"": 32614, ""conf"": 0.5, ""eps_target"": 1e-06, ""budget"": 64582935136}"
"U(0.01,0.15), eps=1e-06",0.01,0.15,1e-06,binary_risk,99299411888,find_phi_fixed_budget_binary_search_risk,"{""m_exploration"": 32614, ""conf"": 0.5, ""eps_target"": 1e-06, ""budget"": 99299411888}"
"U(0.01,0.15), eps=1e-06",0.01,0.15,1e-06,binary_risk,152677687696,find_phi_fixed_budget_binary_search_risk,"{""m_exploration"": 15565, ""conf"": 0.5, ""eps_target"": 1e-06, ""budget"": 152677687696}"
"U(0.01,0.15), eps=1e-06",0.01,0.15,1e-06,binary_risk,234749389519,find_phi_fixed_budget_binary_search_risk,"{""m_exploration"": 3545, ""conf"": 0.5, ""eps_target"": 1e-06, ""budget"": 234749389519}"
"U(0.01,0.15), eps=1e-06",0.01,0.15,1e-06,binary_risk,360938632953,find_phi_fixed_budget_binary_search_risk,"{""m_exploration"": 183, ""conf"": 0.5, ""eps_target"": 1e-06, ""budget"": 360938632953}"
"U(0.01,0.15), eps=1e-06",0.01,0.15,1e-06,binary_risk,554960747820,find_phi_fixed_budget_binary_search_risk,"{""m_exploration"": 41, ""conf"": 0.5, ""eps_target"": 1e-06, ""budget"": 554960747820}"
"U(0.01,0.15), eps=1e-06",0.01,0.15,1e-06,binary_risk,853279210102,find_phi_fixed_budget_binary_search_risk,"{""m_exploration"": 20, ""conf"": 0.5, ""eps_target"": 1e-06, ""budget"": 853279210102}"
"U(0.01,0.15), eps=1e-06",0.01,0.15,1e-06,binary_risk,1311958392106,find_phi_fixed_budget_binary_search_risk,"{""m_exploration"": 20, ""conf"": 0.5, ""eps_target"": 1e-06, ""budget"": 1311958392106}"
"U(0.01,0.15), eps=1e-06",0.01,0.15,1e-06,binary_risk,2017200000000,find_phi_fixed_budget_binary_search_risk,"{""m_exploration"": 20, ""conf"": 0.5, ""eps_target"": 1e-06, ""budget"": 2017200000000}"
"U(0.001,0.15), eps=1e-06",0.001,0.15,1e-06,linear,1344800000,find_phi_fixed_budget_linear_search,"{""m_exploration"": 6463, ""lookback_window"": 5, ""safeguard"": 1, ""inc"": 2, ""budget"": 1344800000}"
"U(0.001,0.15), eps=1e-06",0.001,0.15,1e-06,linear,2067695573,find_phi_fixed_budget_linear_search,"{""m_exploration"": 30000, ""lookback_window"": 5, ""safeguard"": 0, ""inc"": 2, ""budget"": 2067695573}"
"U(0.001,0.15), eps=1e-06",0.001,0.15,1e-06,linear,3179182766,find_phi_fixed_budget_linear_search,"{""m_exploration"": 6463, ""lookback_window"": 5, ""safeguard"": 1, ""inc"": 2, ""budget"": 3179182766}"
"U(0.001,0.15), eps=1e-06",0.001,0.15,1e-06,linear,4888148523,find_phi_fixed_budget_linear_search,"{""m_exploration"": 13924, ""lookback_window"": 5, ""safeguard"": 0, ""inc"": 2, ""budget"": 4888148523}"
"U(0.001,0.15), eps=1e-06",0.001,0.15,1e-06,linear,7515766704,find_phi_fixed_budget_linear_search,"{""m_exploration"": 139247, ""lookback_window"": 5, ""safeguard"": 0, ""inc"": 1, ""budget"": 7515766704}"
"U(0.001,0.15), eps=1e-06",0.001,0.15,1e-06,linear,11555857783,find_phi_fixed_budget_linear_search,"{""m_exploration"": 64633, ""lookback_window"": 5, ""safeguard"": 0, ""inc"": 2, ""budget"": 11555857783}"
"U(0.001,0.15), eps=1e-06",0.001,0.15,1e-06,linear,17767694814,find_phi_fixed_budget_linear_search,"{""m_exploration"": 139247, ""lookback_window"": 5, ""safeguard"": 0, ""inc"": 2, ""budget"": 17767694814}"
"U(0.001,0.15), eps=1e-06",0.001,0.15,1e-06,linear,27318697144,find_phi_fixed_budget_linear_search,"{""m_exploration"": 139247, ""lookback_window"": 5, ""safeguard"": 0, ""inc"": 2, ""budget"": 27318697144}"
"U(0.001,0.15), eps=1e-06",0.001,0.15,1e-06,linear,42003828941,find_phi_fixed_budget_linear_search,"{""m_exploration"": 139247, ""lookback_window"": 5, ""safeguard"": 0, ""inc"": 2, ""budget"": 42003828941}"
"U(0.001,0.15), eps=1e-06",0.001,0.15,1e-06,linear,64582935136,find_phi_fixed_budget_linear_search,"{""m_exploration"": 300000, ""lookback_window"": 5, ""safeguard"": 0, ""inc"": 2, ""budget"": 64582935136}"
"U(0.001,0.15), eps=1e-06",0.001,0.15,1e-06,linear,99299411888,find_phi_fixed_budget_linear_search,"{""m_exploration"": 139247, ""lookback_window"": 5, ""safeguard"": 0, ""inc"": 2, ""budget"": 99299411888}"
"U(0.001,0.15), eps=1e-06",0.001,0.15,1e-06,linear,152677687696,find_phi_fixed_budget_linear_search,"{""m_exploration"": 64633, ""lookback_window"": 5, ""safeguard"": 1, ""inc"": 2, ""budget"": 152677687696}"
"U(0.001,0.15), eps=1e-06",0.001,0.15,1e-06,linear,234749389519,find_phi_fixed_budget_linear_search,"{""m_exploration"": 64633, ""lookback_window"": 5, ""safeguard"": 1, ""inc"": 1, ""budget"": 234749389519}"
"U(0.001,0.15), eps=1e-06",0.001,0.15,1e-06,linear,360938632953,find_phi_fixed_budget_linear_search,"{""m_exploration"": 29, ""lookback_window"": 1, ""safeguard"": 1, ""inc"": 1, ""budget"": 360938632953}"
"U(0.001,0.15), eps=1e-06",0.001,0.15,1e-06,linear,554960747820,find_phi_fixed_budget_linear_search,"{""m_exploration"": 3, ""lookback_window"": 1, ""safeguard"": 5, ""inc"": 1, ""budget"": 554960747820}"
"U(0.001,0.15), eps=1e-06",0.001,0.15,1e-06,linear,853279210102,find_phi_fixed_budget_linear_search,"{""m_exploration"": 3, ""lookback_window"": 1, ""safeguard"": 5, ""inc"": 1, ""budget"": 853279210102}"
"U(0.001,0.15), eps=1e-06",0.001,0.15,1e-06,linear,1311958392106,find_phi_fixed_budget_linear_search,"{""m_exploration"": 3, ""lookback_window"": 1, ""safeguard"": 5, ""inc"": 1, ""budget"": 1311958392106}"
"U(0.001,0.15), eps=1e-06",0.001,0.15,1e-06,linear,2017200000000,find_phi_fixed_budget_linear_search,"{""m_exploration"": 3, ""lookback_window"": 1, ""safeguard"": 5, ""inc"": 1, ""budget"": 2017200000000}"
"U(0.001,0.15), eps=1e-06",0.001,0.15,1e-06,reverse_eng,1344800000,find_phi_fixed_budget_reverse_engineering,"{""m_exploration"": 300000, ""safeguard"": 0.95, ""budget"": 1344800000}"
"U(0.001,0.15), eps=1e-06",0.001,0.15,1e-06,reverse_eng,2067695573,find_phi_fixed_budget_reverse_engineering,"{""m_exploration"": 300000, ""safeguard"": 0.95, ""budget"": 2067695573}"
"U(0.001,0.15), eps=1e-06",0.001,0.15,1e-06,reverse_eng,3179182766,find_phi_fixed_budget_reverse_engineering,"{""m_exploration"": 300000, ""safeguard"": 0.95, ""budget"": 3179182766}"
"U(0.001,0.15), eps=1e-06",0.001,0.15,1e-06,reverse_eng,4888148523,find_phi_fixed_budget_reverse_engineering,"{""m_exploration"": 180853, ""safeguard"": 0.95, ""budget"": 4888148523}"
"U(0.001,0.15), eps=1e-06",0.001,0.15,1e-06,reverse_eng,7515766704,find_phi_fixed_budget_reverse_engineering,"{""m_exploration"": 180853, ""safeguard"": 0.95, ""budget"": 7515766704}"
"U(0.001,0.15), eps=1e-06",0.001,0.15,1e-06,reverse_eng,11555857783,find_phi_fixed_budget_reverse_engineering,"{""m_exploration"": 180853, ""safeguard"": 0.95, ""budget"": 11555857783}"
"U(0.001,0.15), eps=1e-06",0.001,0.15,1e-06,reverse_eng,17767694814,find_phi_fixed_budget_reverse_engineering,"{""m_exploration"": 180853, ""safeguard"": 0.95, ""budget"": 17767694814}"
"U(0.001,0.15), eps=1e-06",0.001,0.15,1e-06,reverse_eng,27318697144,find_phi_fixed_budget_reverse_engineering,"{""m_exploration"": 180853, ""safeguard"": 0.95, ""budget"": 27318697144}"
"U(0.001,0.15), eps=1e-06",0.001,0.15,1e-06,reverse_eng,42003828941,find_phi_fixed_budget_reverse_engineering,"{""m_exploration"": 180853, ""safeguard"": 0.95, ""budget"": 42003828941}"
"U(0.001,0.15), eps=1e-06",0.001,0.15,1e-06,reverse_eng,64582935136,find_phi_fixed_budget_reverse_engineering,"{""m_exploration"": 180853, ""safeguard"": 0.95, ""budget"": 64582935136}"
"U(0.001,0.15), eps=1e-06",0.001,0.15,1e-06,reverse_eng,99299411888,find_phi_fixed_budget_reverse_engineering,"{""m_exploration"": 65726, ""safeguard"": 0.9, ""budget"": 99299411888}"
"U(0.001,0.15), eps=1e-06",0.001,0.15,1e-06,reverse_eng,152677687696,find_phi_fixed_budget_reverse_engineering,"{""m_exploration"": 65726, ""safeguard"": 0.9, ""budget"": 152677687696}"
"U(0.001,0.15), eps=1e-06",0.001,0.15,1e-06,reverse_eng,234749389519,find_phi_fixed_budget_reverse_engineering,"{""m_exploration"": 109026, ""safeguard"": 0.8, ""budget"": 234749389519}"
"U(0.001,0.15), eps=1e-06",0.001,0.15,1e-06,reverse_eng,360938632953,find_phi_fixed_budget_reverse_engineering,"{""m_exploration"": 109026, ""safeguard"": 0.8, ""budget"": 360938632953}"
"U(0.001,0.15), eps=1e-06",0.001,0.15,1e-06,reverse_eng,554960747820,find_phi_fixed_budget_reverse_engineering,"{""m_exploration"": 109026, ""safeguard"": 0.8, ""budget"": 554960747820}"
"U(0.001,0.15), eps=1e-06",0.001,0.15,1e-06,reverse_eng,853279210102,find_phi_fixed_budget_reverse_engineering,"{""m_exploration"": 109026, ""safeguard"": 0.8, ""budget"": 853279210102}"
"U(0.001,0.15), eps=1e-06",0.001,0.15,1e-06,reverse_eng,1311958392106,find_phi_fixed_budget_reverse_engineering,"{""m_exploration"": 109026, ""safeguard"": 0.8, ""budget"": 1311958392106}"
"U(0.001,0.15), eps=1e-06",0.001,0.15,1e-06,reverse_eng,2017200000000,find_phi_fixed_budget_reverse_engineering,"{""m_exploration"": 109026, ""safeguard"": 0.8, ""budget"": 2017200000000}"
"U(0.001,0.15), eps=1e-06",0.001,0.15,1e-06,binary,1344800000,find_phi_fixed_budget_binary_search,"{""m_exploration"": 15565, ""safeguard"": 2, ""conf"": 0.9, ""budget"": 1344800000}"
"U(0.001,0.15), eps=1e-06",0.001,0.15,1e-06,binary,2067695573,find_phi_fixed_budget_binary_search,"{""m_exploration"": 15565, ""safeguard"": 2, ""conf"": 0.9, ""budget"": 2067695573}"
"U(0.001,0.15), eps=1e-06",0.001,0.15,1e-06,binary,3179182766,find_phi_fixed_budget_binary_search,"{""m_exploration"": 15565, ""safeguard"": 2, ""conf"": 0.9, ""budget"": 3179182766}"
"U(0.001,0.15), eps=1e-06",0.001,0.15,1e-06,binary,4888148523,find_phi_fixed_budget_binary_search,"{""m_exploration"": 143180, ""safeguard"": 2, ""conf"": 0.9, ""budget"": 4888148523}"
"U(0.001,0.15), eps=1e-06",0.001,0.15,1e-06,binary,7515766704,find_phi_fixed_budget_binary_search,"{""m_exploration"": 7429, ""safeguard"": 2, ""conf"": 0.9, ""budget"": 7515766704}"
"U(0.001,0.15), eps=1e-06",0.001,0.15,1e-06,binary,11555857783,find_phi_fixed_budget_binary_search,"{""m_exploration"": 7429, ""safeguard"": 2, ""conf"": 0.9, ""budget"": 11555857783}"
"U(0.001,0.15), eps=1e-06",0.001,0.15,1e-06,binary,17767694814,find_phi_fixed_budget_binary_search,"{""m_exploration"": 68335, ""safeguard"": 2, ""conf"": 0.9, ""budget"": 17767694814}"
"U(0.001,0.15), eps=1e-06",0.001,0.15,1e-06,binary,27318697144,find_phi_fixed_budget_binary_search,"{""m_exploration"": 7429, ""safeguard"": 2, ""conf"": 0.9, ""budget"": 27318697144}"
"U(0.001,0.15), eps=1e-06",0.001,0.15,1e-06,binary,42003828941,find_phi_fixed_budget_binary_search,"{""m_exploration"": 300000, ""safeguard"": 2, ""conf"": 0.9, ""budget"": 42003828941}"
"U(0.001,0.15), eps=1e-06",0.001,0.15,1e-06,binary,64582935136,find_phi_fixed_budget_binary_search,"{""m_exploration"": 143180, ""safeguard"": 2, ""conf"": 0.9, ""budget"": 64582935136}"
"U(0.001,0.15), eps=1e-06",0.001,0.15,1e-06,binary,99299411888,find_phi_fixed_budget_binary_search,"{""m_exploration"": 300000, ""safeguard"": 2, ""conf"": 0.9, ""budget"": 99299411888}"
"U(0.001,0.15), eps=1e-06",0.001,0.15,1e-06,binary,152677687696,find_phi_fixed_budget_binary_search,"{""m_exploration"": 143180, ""safeguard"": 2, ""conf"": 0.8, ""budget"": 152677687696}"
"U(0.001,0.15), eps=1e-06",0.001,0.15,1e-06,binary,234749389519,find_phi_fixed_budget_binary_search,"{""m_exploration"": 143180, ""safeguard"": 2, ""conf"": 0.5, ""budget"": 234749389519}"
"U(0.001,0.15), eps=1e-06",0.001,0.15,1e-06,binary,360938632953,find_phi_fixed_budget_binary_search,"{""m_exploration"": 68335, ""safeguard"": 2, ""conf"": 0.5, ""budget"": 360938632953}"
"U(0.001,0.15), eps=1e-06",0.001,0.15,1e-06,binary,554960747820,find_phi_fixed_budget_binary_search,"{""m_exploration"": 68335, ""safeguard"": 2, ""conf"": 0.5, ""budget"": 554960747820}"
"U(0.001,0.15), eps=1e-06",0.001,0.15,1e-06,binary,853279210102,find_phi_fixed_budget_binary_search,"{""m_exploration"": 68335, ""safeguard"": 2, ""conf"": 0.5, ""budget"": 853279210102}"
"U(0.001,0.15), eps=1e-06",0.001,0.15,1e-06,binary,1311958392106,find_phi_fixed_budget_binary_search,"{""m_exploration"": 68335, ""safeguard"": 2, ""conf"": 0.5, ""budget"": 1311958392106}"
"U(0.001,0.15), eps=1e-06",0.001,0.15,1e-06,binary,2017200000000,find_phi_fixed_budget_binary_search,"{""m_exploration"": 68335, ""safeguard"": 2, ""conf"": 0.5, ""budget"": 2017200000000}"
"U(0.001,0.15), eps=1e-06",0.001,0.15,1e-06,reverse_eng_risk,1344800000,find_phi_fixed_budget_reverse_engineering_risk,"{""m_exploration"": 300000, ""eps_target"": 1e-06, ""budget"": 1344800000}"
"U(0.001,0.15), eps=1e-06",0.001,0.15,1e-06,reverse_eng_risk,2067695573,find_phi_fixed_budget_reverse_engineering_risk,"{""m_exploration"": 300000, ""eps_target"": 1e-06, ""budget"": 2067695573}"
"U(0.001,0.15), eps=1e-06",0.001,0.15,1e-06,reverse_eng_risk,3179182766,find_phi_fixed_budget_reverse_engineering_risk,"{""m_exploration"": 180853, ""eps_target"": 1e-06, ""budget"": 3179182766}"
"U(0.001,0.15), eps=1e-06",0.001,0.15,1e-06,reverse_eng_risk,4888148523,find_phi_fixed_budget_reverse_engineering_risk,"{""m_exploration"": 180853, ""eps_target"": 1e-06, ""budget"": 4888148523}"
"U(0.001,0.15), eps=1e-06",0.001,0.15,1e-06,reverse_eng_risk,7515766704,find_phi_fixed_budget_reverse_engineering_risk,"{""m_exploration"": 109026, ""eps_target"": 1e-06, ""budget"": 7515766704}"
"U(0.001,0.15), eps=1e-06",0.001,0.15,1e-06,reverse_eng_risk,11555857783,find_phi_fixed_budget_reverse_engineering_risk,"{""m_exploration"": 180853, ""eps_target"": 1e-06, ""budget"": 11555857783}"
"U(0.001,0.15), eps=1e-06",0.001,0.15,1e-06,reverse_eng_risk,17767694814,find_phi_fixed_budget_reverse_engineering_risk,"{""m_exploration"": 3154, ""eps_target"": 1e-06, ""budget"": 17767694814}"
"U(0.001,0.15), eps=1e-06",0.001,0.15,1e-06,reverse_eng_risk,27318697144,find_phi_fixed_budget_reverse_engineering_risk,"{""m_exploration"": 3154, ""eps_target"": 1e-06, ""budget"": 27318697144}"
"U(0.001,0.15), eps=1e-06",0.001,0.15,1e-06,reverse_eng_risk,42003828941,find_phi_fixed_budget_reverse_engineering_risk,"{""m_exploration"": 3154, ""eps_target"": 1e-06, ""budget"": 42003828941}"
"U(0.001,0.15), eps=1e-06",0.001,0.15,1e-06,reverse_eng_risk,64582935136,find_phi_fixed_budget_reverse_engineering_risk,"{""m_exploration"": 1901, ""eps_target"": 1e-06, ""budget"": 64582935136}"
"U(0.001,0.15), eps=1e-06",0.001,0.15,1e-06,reverse_eng_risk,99299411888,find_phi_fixed_budget_reverse_engineering_risk,"{""m_exploration"": 3154, ""eps_target"": 1e-06, ""budget"": 99299411888}"
"U(0.001,0.15), eps=1e-06",0.001,0.15,1e-06,reverse_eng_risk,152677687696,find_phi_fixed_budget_reverse_engineering_risk,"{""m_exploration"": 251, ""eps_target"": 1e-06, ""budget"": 152677687696}"
"U(0.001,0.15), eps=1e-06",0.001,0.15,1e-06,reverse_eng_risk,234749389519,find_phi_fixed_budget_reverse_engineering_risk,"{""m_exploration"": 1901, ""eps_target"": 1e-06, ""budget"": 234749389519}"
"U(0.001,0.15), eps=1e-06",0.001,0.15,1e-06,reverse_eng_risk,360938632953,find_phi_fixed_budget_reverse_engineering_risk,"{""m_exploration"": 20, ""eps_target"": 1e-06, ""budget"": 360938632953}"
"U(0.001,0.15), eps=1e-06",0.001,0.15,1e-06,reverse_eng_risk,554960747820,find_phi_fixed_budget_reverse_engineering_risk,"{""m_exploration"": 20, ""eps_target"": 1e-06, ""budget"": 554960747820}"
"U(0.001,0.15), eps=1e-06",0.001,0.15,1e-06,reverse_eng_risk,853279210102,find_phi_fixed_budget_reverse_engineering_risk,"{""m_exploration"": 20, ""eps_target"": 1e-06, ""budget"": 853279210102}"
"U(0.001,0.15), eps=1e-06",0.001,0.15,1e-06,reverse_eng_risk,1311958392106,find_phi_fixed_budget_reverse_engineering_risk,"{""m_exploration"": 20, ""eps_target"": 1e-06, ""budget"": 1311958392106}"
"U(0.001,0.15), eps=1e-06",0.001,0.15,1e-06,reverse_eng_risk,2017200000000,find_phi_fixed_budget_reverse_engineering_risk,"{""m_exploration"": 20, ""eps_target"": 1e-06, ""budget"": 2017200000000}"
"U(0.001,0.15), eps=1e-06",0.001,0.15,1e-06,binary_risk,1344800000,find_phi_fixed_budget_binary_search_risk,"{""m_exploration"": 15565, ""conf"": 0.8, ""eps_target"": 1e-06, ""budget"": 1344800000}"
"U(0.001,0.15), eps=1e-06",0.001,0.15,1e-06,binary_risk,2067695573,find_phi_fixed_budget_binary_search_risk,"{""m_exploration"": 15565, ""conf"": 0.8, ""eps_target"": 1e-06, ""budget"": 2067695573}"
"U(0.001,0.15), eps=1e-06",0.001,0.15,1e-06,binary_risk,3179182766,find_phi_fixed_budget_binary_search_risk,"{""m_exploration"": 3545, ""conf"": 0.5, ""eps_target"": 1e-06, ""budget"": 3179182766}"
"U(0.001,0.15), eps=1e-06",0.001,0.15,1e-06,binary_risk,4888148523,find_phi_fixed_budget_binary_search_risk,"{""m_exploration"": 143180, ""conf"": 0.5, ""eps_target"": 1e-06, ""budget"": 4888148523}"
"U(0.001,0.15), eps=1e-06",0.001,0.15,1e-06,binary_risk,7515766704,find_phi_fixed_budget_binary_search_risk,"{""m_exploration"": 3545, ""conf"": 0.5, ""eps_target"": 1e-06, ""budget"": 7515766704}"
"U(0.001,0.15), eps=1e-06",0.001,0.15,1e-06,binary_risk,11555857783,find_phi_fixed_budget_binary_search_risk,"{""m_exploration"": 68335, ""conf"": 0.5, ""eps_target"": 1e-06, ""budget"": 11555857783}"
"U(0.001,0.15), eps=1e-06",0.001,0.15,1e-06,binary_risk,17767694814,find_phi_fixed_budget_binary_search_risk,"{""m_exploration"": 68335, ""conf"": 0.5, ""eps_target"": 1e-06, ""budget"": 17767694814}"
"U(0.001,0.15), eps=1e-06",0.001,0.15,1e-06,binary_risk,27318697144,find_phi_fixed_budget_binary_search_risk,"{""m_exploration"": 7429, ""conf"": 0.5, ""eps_target"": 1e-06, ""budget"": 27318697144}"
"U(0.001,0.15), eps=1e-06",0.001,0.15,1e-06,binary_risk,42003828941,find_phi_fixed_budget_binary_search_risk,"{""m_exploration"": 143180, ""conf"": 0.5, ""eps_target"": 1e-06, ""budget"": 42003828941}"
"U(0.001,0.15), eps=1e-06",0.001,0.15,1e-06,binary_risk,64582935136,find_phi_fixed_budget_binary_search_risk,"{""m_exploration"": 143180, ""conf"": 0.5, ""eps_target"": 1e-06, ""budget"": 64582935136}"
"U(0.001,0.15), eps=1e-06",0.001,0.15,1e-06,binary_risk,99299411888,find_phi_fixed_budget_binary_search_risk,"{""m_exploration"": 143180, ""conf"": 0.8, ""eps_target"": 1e-06, ""budget"": 99299411888}"
"U(0.001,0.15), eps=1e-06",0.001,0.15,1e-06,binary_risk,152677687696,find_phi_fixed_budget_binary_search_risk,"{""m_exploration"": 1692, ""conf"": 0.5, ""eps_target"": 1e-06, ""budget"": 152677687696}"
"U(0.001,0.15), eps=1e-06",0.001,0.15,1e-06,binary_risk,234749389519,find_phi_fixed_budget_binary_search_risk,"{""m_exploration"": 1692, ""conf"": 0.5, ""eps_target"": 1e-06, ""budget"": 234749389519}"
"U(0.001,0.15), eps=1e-06",0.001,0.15,1e-06,binary_risk,360938632953,find_phi_fixed_budget_binary_search_risk,"{""m_exploration"": 87, ""conf"": 0.5, ""eps_target"": 1e-06, ""budget"": 360938632953}"
"U(0.001,0.15), eps=1e-06",0.001,0.15,1e-06,binary_risk,554960747820,find_phi_fixed_budget_binary_search_risk,"{""m_exploration"": 87, ""conf"": 0.5, ""eps_target"": 1e-06, ""budget"": 554960747820}"
"U(0.001,0.15), eps=1e-06",0.001,0.15,1e-06,binary_risk,853279210102,find_phi_fixed_budget_binary_search_risk,"{""m_exploration"": 20, ""conf"": 0.5, ""eps_target"": 1e-06, ""budget"": 853279210102}"
"U(0.001,0.15), eps=1e-06",0.001,0.15,1e-06,binary_risk,1311958392106,find_phi_fixed_budget_binary_search_risk,"{""m_exploration"": 20, ""conf"": 0.5, ""eps_target"": 1e-06, ""budget"": 1311958392106}"
"U(0.001,0.15), eps=1e-06",0.001,0.15,1e-06,binary_risk,2017200000000,find_phi_fixed_budget_binary_search_risk,"{""m_exploration"": 20, ""conf"": 0.5, ""eps_target"": 1e-06, ""budget"": 2017200000000}"
"U(0.0001,0.15), eps=1e-06",0.0001,0.15,1e-06,linear,1344800000,find_phi_fixed_budget_linear_search,"{""m_exploration"": 30000, ""lookback_window"": 5, ""safeguard"": 0, ""inc"": 2, ""budget"": 1344800000}"
"U(0.0001,0.15), eps=1e-06",0.0001,0.15,1e-06,linear,2067695573,find_phi_fixed_budget_linear_search,"{""m_exploration"": 13924, ""lookback_window"": 5, ""safeguard"": 0, ""inc"": 5, ""budget"": 2067695573}"
"U(0.0001,0.15), eps=1e-06",0.0001,0.15,1e-06,linear,3179182766,find_phi_fixed_budget_linear_search,"{""m_exploration"": 13924, ""lookback_window"": 5, ""safeguard"": 0, ""inc"": 5, ""budget"": 3179182766}"
"U(0.0001,0.15), eps=1e-06",0.0001,0.15,1e-06,linear,4888148523,find_phi_fixed_budget_linear_search,"{""m_exploration"": 139247, ""lookback_window"": 5, ""safeguard"": 0, ""inc"": 2, ""budget"": 4888148523}"
"U(0.0001,0.15), eps=1e-06",0.0001,0.15,1e-06,linear,7515766704,find_phi_fixed_budget_linear_search,"{""m_exploration"": 139247, ""lookback_window"": 5, ""safeguard"": 0, ""inc"": 2, ""budget"": 7515766704}"
"U(0.0001,0.15), eps=1e-06",0.0001,0.15,1e-06,linear,11555857783,find_phi_fixed_budget_linear_search,"{""m_exploration"": 139247, ""lookback_window"": 5, ""safeguard"": 0, ""inc"": 2, ""budget"": 11555857783}"
"U(0.0001,0.15), eps=1e-06",0.0001,0.15,1e-06,linear,17767694814,find_phi_fixed_budget_linear_search,"{""m_exploration"": 139247, ""lookback_window"": 5, ""safeguard"": 0, ""inc"": 2, ""budget"": 17767694814}"
"U(0.0001,0.15), eps=1e-06",0.0001,0.15,1e-06,linear,27318697144,find_phi_fixed_budget_linear_search,"{""m_exploration"": 139247, ""lookback_window"": 5, ""safeguard"": 0, ""inc"": 2, ""budget"": 27318697144}"
"U(0.0001,0.15), eps=1e-06",0.0001,0.15,1e-06,linear,42003828941,find_phi_fixed_budget_linear_search,"{""m_exploration"": 139247, ""lookback_window"": 5, ""safeguard"": 0, ""inc"": 2, ""budget"": 42003828941}"
"U(0.0001,0.15), eps=1e-06",0.0001,0.15,1e-06,linear,64582935136,find_phi_fixed_budget_linear_search,"{""m_exploration"": 300000, ""lookback_window"": 5, ""safeguard"": 0, ""inc"": 2, ""budget"": 64582935136}"
"U(0.0001,0.15), eps=1e-06",0.0001,0.15,1e-06,linear,99299411888,find_phi_fixed_budget_linear_search,"{""m_exploration"": 300000, ""lookback_window"": 5, ""safeguard"": 0, ""inc"": 2, ""budget"": 99299411888}"
"U(0.0001,0.15), eps=1e-06",0.0001,0.15,1e-06,linear,152677687696,find_phi_fixed_budget_linear_search,"{""m_exploration"": 64633, ""lookback_window"": 5, ""safeguard"": 1, ""inc"": 2, ""budget"": 152677687696}"
"U(0.0001,0.15), eps=1e-06",0.0001,0.15,1e-06,linear,234749389519,find_phi_fixed_budget_linear_search,"{""m_exploration"": 64633, ""lookback_window"": 5, ""safeguard"": 1, ""inc"": 1, ""budget"": 234749389519}"
"U(0.0001,0.15), eps=1e-06",0.0001,0.15,1e-06,linear,360938632953,find_phi_fixed_budget_linear_search,"{""m_exploration"": 6, ""lookback_window"": 1, ""safeguard"": 2, ""inc"": 1, ""budget"": 360938632953}"
"U(0.0001,0.15), eps=1e-06",0.0001,0.15,1e-06,linear,554960747820,find_phi_fixed_budget_linear_search,"{""m_exploration"": 3, ""lookback_window"": 1, ""safeguard"": 5, ""inc"": 1, ""budget"": 554960747820}"
"U(0.0001,0.15), eps=1e-06",0.0001,0.15,1e-06,linear,853279210102,find_phi_fixed_budget_linear_search,"{""m_exploration"": 3, ""lookback_window"": 1, ""safeguard"": 5, ""inc"": 1, ""budget"": 853279210102}"
"U(0.0001,0.15), eps=1e-06",0.0001,0.15,1e-06,linear,1311958392106,find_phi_fixed_budget_linear_search,"{""m_exploration"": 3, ""lookback_window"": 1, ""safeguard"": 5, ""inc"": 1, ""budget"": 1311958392106}"
"U(0.0001,0.15), eps=1e-06",0.0001,0.15,1e-06,linear,2017200000000,find_phi_fixed_budget_linear_search,"{""m_exploration"": 3, ""lookback_window"": 1, ""safeguard"": 5, ""inc"": 1, ""budget"": 2017200000000}"
"U(0.0001,0.15), eps=1e-06",0.0001,0.15,1e-06,reverse_eng,1344800000,find_phi_fixed_budget_reverse_engineering,"{""m_exploration"": 300000, ""safeguard"": 0.95, ""budget"": 1344800000}"
"U(0.0001,0.15), eps=1e-06",0.0001,0.15,1e-06,reverse_eng,2067695573,find_phi_fixed_budget_reverse_engineering,"{""m_exploration"": 300000, ""safeguard"": 0.95, ""budget"": 2067695573}"
"U(0.0001,0.15), eps=1e-06",0.0001,0.15,1e-06,reverse_eng,3179182766,find_phi_fixed_budget_reverse_engineering,"{""m_exploration"": 300000, ""safeguard"": 0.95, ""budget"": 3179182766}"
"U(0.0001,0.15), eps=1e-06",0.0001,0.15,1e-06,reverse_eng,4888148523,find_phi_fixed_budget_reverse_engineering,"{""m_exploration"": 300000, ""safeguard"": 0.95, ""budget"": 4888148523}"
"U(0.0001,0.15), eps=1e-06",0.0001,0.15,1e-06,reverse_eng,7515766704,find_phi_fixed_budget_reverse_engineering,"{""m_exploration"": 300000, ""safeguard"": 0.95, ""budget"": 7515766704}"
"U(0.0001,0.15), eps=1e-06",0.0001,0.15,1e-06,reverse_eng,11555857783,find_phi_fixed_budget_reverse_engineering,"{""m_exploration"": 300000, ""safeguard"": 0.95, ""budget"": 11555857783}"
"U(0.0001,0.15), eps=1e-06",0.0001,0.15,1e-06,reverse_eng,17767694814,find_phi_fixed_budget_reverse_engineering,"{""m_exploration"": 300000, ""safeguard"": 0.95, ""budget"": 17767694814}"
"U(0.0001,0.15), eps=1e-06",0.0001,0.15,1e-06,reverse_eng,27318697144,find_phi_fixed_budget_reverse_engineering,"{""m_exploration"": 300000, ""safeguard"": 0.95, ""budget"": 27318697144}"
"U(0.0001,0.15), eps=1e-06",0.0001,0.15,1e-06,reverse_eng,42003828941,find_phi_fixed_budget_reverse_engineering,"{""m_exploration"": 300000, ""safeguard"": 0.95, ""budget"": 42003828941}"
"U(0.0001,0.15), eps=1e-06",0.0001,0.15,1e-06,reverse_eng,64582935136,find_phi_fixed_budget_reverse_engineering,"{""m_exploration"": 300000, ""safeguard"": 0.95, ""budget"": 64582935136}"
"U(0.0001,0.15), eps=1e-06",0.0001,0.15,1e-06,reverse_eng,99299411888,find_phi_fixed_budget_reverse_engineering,"{""m_exploration"": 300000, ""safeguard"": 0.95, ""budget"": 99299411888}"
"U(0.0001,0.15), eps=1e-06",0.0001,0.15,1e-06,reverse_eng,152677687696,find_phi_fixed_budget_reverse_engineering,"{""m_exploration"": 180853, ""safeguard"": 0.9, ""budget"": 152677687696}"
"U(0.0001,0.15), eps=1e-06",0.0001,0.15,1e-06,reverse_eng,234749389519,find_phi_fixed_budget_reverse_engineering,"{""m_exploration"": 109026, ""safeguard"": 0.8, ""budget"": 234749389519}"
"U(0.0001,0.15), eps=1e-06",0.0001,0.15,1e-06,reverse_eng,360938632953,find_phi_fixed_budget_reverse_engineering,"{""m_exploration"": 109026, ""safeguard"": 0.8, ""budget"": 360938632953}"
"U(0.0001,0.15), eps=1e-06",0.0001,0.15,1e-06,reverse_eng,554960747820,find_phi_fixed_budget_reverse_engineering,"{""m_exploration"": 109026, ""safeguard"": 0.8, ""budget"": 554960747820}"
"U(0.0001,0.15), eps=1e-06",0.0001,0.15,1e-06,reverse_eng,853279210102,find_phi_fixed_budget_reverse_engineering,"{""m_exploration"": 109026, ""safeguard"": 0.8, ""budget"": 853279210102}"
"U(0.0001,0.15), eps=1e-06",0.0001,0.15,1e-06,reverse_eng,1311958392106,find_phi_fixed_budget_reverse_engineering,"{""m_exploration"": 109026, ""safeguard"": 0.8, ""budget"": 1311958392106}"
"U(0.0001,0.15), eps=1e-06",0.0001,0.15,1e-06,reverse_eng,2017200000000,find_phi_fixed_budget_reverse_engineering,"{""m_exploration"": 109026, ""safeguard"": 0.8, ""budget"": 2017200000000}"
"U(0.0001,0.15), eps=1e-06",0.0001,0.15,1e-06,binary,1344800000,find_phi_fixed_budget_binary_search,"{""m_exploration"": 1692, ""safeguard"": 2, ""conf"": 0.9, ""budget"": 1344800000}"
"U(0.0001,0.15), eps=1e-06",0.0001,0.15,1e-06,binary,2067695573,find_phi_fixed_budget_binary_search,"{""m_exploration"": 3545, ""safeguard"": 2, ""conf"": 0.9, ""budget"": 2067695573}"
"U(0.0001,0.15), eps=1e-06",0.0001,0.15,1e-06,binary,3179182766,find_phi_fixed_budget_binary_search,"{""m_exploration"": 15565, ""safeguard"": 2, ""conf"": 0.9, ""budget"": 3179182766}"
"U(0.0001,0.15), eps=1e-06",0.0001,0.15,1e-06,binary,4888148523,find_phi_fixed_budget_binary_search,"{""m_exploration"": 15565, ""safeguard"": 2, ""conf"": 0.9, ""budget"": 4888148523}"
"U(0.0001,0.15), eps=1e-06",0.0001,0.15,1e-06,binary,7515766704,find_phi_fixed_budget_binary_search,"{""m_exploration"": 3545, ""safeguard"": 2, ""conf"": 0.9, ""budget"": 7515766704}"
"U(0.0001,0.15), eps=1e-06",0.0001,0.15,1e-06,binary,11555857783,find_phi_fixed_budget_binary_search,"{""m_exploration"": 3545, ""safeguard"": 2, ""conf"": 0.9, ""budget"": 11555857783}"
"U(0.0001,0.15), eps=1e-06",0.0001,0.15,1e-06,binary,17767694814,find_phi_fixed_budget_binary_search,"{""m_exploration"": 3545, ""safeguard"": 2, ""conf"": 0.9, ""budget"": 17767694814}"
"U(0.0001,0.15), eps=1e-06",0.0001,0.15,1e-06,binary,27318697144,find_phi_fixed_budget_binary_search,"{""m_exploration"": 143180, ""safeguard"": 1, ""conf"": 0.9, ""budget"": 27318697144}"
"U(0.0001,0.15), eps=1e-06",0.0001,0.15,1e-06,binary,42003828941,find_phi_fixed_budget_binary_search,"{""m_exploration"": 15565, ""safeguard"": 2, ""conf"": 0.9, ""budget"": 42003828941}"
"U(0.0001,0.15), eps=1e-06",0.0001,0.15,1e-06,binary,64582935136,find_phi_fixed_budget_binary_search,"{""m_exploration"": 143180, ""safeguard"": 2, ""conf"": 0.9, ""budget"": 64582935136}"
"U(0.0001,0.15), eps=1e-06",0.0001,0.15,1e-06,binary,99299411888,find_phi_fixed_budget_binary_search,"{""m_exploration"": 68335, ""safeguard"": 2, ""conf"": 0.8, ""budget"": 99299411888}"
"U(0.0001,0.15), eps=1e-06",0.0001,0.15,1e-06,binary,152677687696,find_phi_fixed_budget_binary_search,"{""m_exploration"": 143180, ""safeguard"": 2, ""conf"": 0.8, ""budget"": 152677687696}"
"U(0.0001,0.15), eps=1e-06",0.0001,0.15,1e-06,binary,234749389519,find_phi_fixed_budget_binary_search,"{""m_exploration"": 143180, ""safeguard"": 2, ""conf"": 0.8, ""budget"": 234749389519}"
"U(0.0001,0.15), eps=1e-06",0.0001,0.15,1e-06,binary,360938632953,find_phi_fixed_budget_binary_search,"{""m_exploration"": 143180, ""safeguard"": 2, ""conf"": 0.8, ""budget"": 360938632953}"
"U(0.0001,0.15), eps=1e-06",0.0001,0.15,1e-06,binary,554960747820,find_phi_fixed_budget_binary_search,"{""m_exploration"": 143180, ""safeguard"": 2, ""conf"": 0.5, ""budget"": 554960747820}"
"U(0.0001,0.15), eps=1e-06",0.0001,0.15,1e-06,binary,853279210102,find_phi_fixed_budget_binary_search,"{""m_exploration"": 143180, ""safeguard"": 2, ""conf"": 0.5, ""budget"": 853279210102}"
"U(0.0001,0.15), eps=1e-06",0.0001,0.15,1e-06,binary,1311958392106,find_phi_fixed_budget_binary_search,"{""m_exploration"": 143180, ""safeguard"": 2, ""conf"": 0.5, ""budget"": 1311958392106}"
"U(0.0001,0.15), eps=1e-06",0.0001,0.15,1e-06,binary,2017200000000,find_phi_fixed_budget_binary_search,"{""m_exploration"": 143180, ""safeguard"": 2, ""conf"": 0.5, ""budget"": 2017200000000}"
"U(0.0001,0.15), eps=1e-06",0.0001,0.15,1e-06,reverse_eng_risk,1344800000,find_phi_fixed_budget_reverse_engineering_risk,"{""m_exploration"": 300000, ""eps_target"": 1e-06, ""budget"": 1344800000}"
"U(0.0001,0.15), eps=1e-06",0.0001,0.15,1e-06,reverse_eng_risk,2067695573,find_phi_fixed_budget_reverse_engineering_risk,"{""m_exploration"": 300000, ""eps_target"": 1e-06, ""budget"": 2067695573}"
"U(0.0001,0.15), eps=1e-06",0.0001,0.15,1e-06,reverse_eng_risk,3179182766,find_phi_fixed_budget_reverse_engineering_risk,"{""m_exploration"": 300000, ""eps_target"": 1e-06, ""budget"": 3179182766}"
"U(0.0001,0.15), eps=1e-06",0.0001,0.15,1e-06,reverse_eng_risk,4888148523,find_phi_fixed_budget_reverse_engineering_risk,"{""m_exploration"": 300000, ""eps_target"": 1e-06, ""budget"": 4888148523}"
"U(0.0001,0.15), eps=1e-06",0.0001,0.15,1e-06,reverse_eng_risk,7515766704,find_phi_fixed_budget_reverse_engineering_risk,"{""m_exploration"": 180853, ""eps_target"": 1e-06, ""budget"": 7515766704}"
"U(0.0001,0.15), eps=1e-06",0.0001,0.15,1e-06,reverse_eng_risk,11555857783,find_phi_fixed_budget_reverse_engineering_risk,"{""m_exploration"": 180853, ""eps_target"": 1e-06, ""budget"": 11555857783}"
"U(0.0001,0.15), eps=1e-06",0.0001,0.15,1e-06,reverse_eng_risk,17767694814,find_phi_fixed_budget_reverse_engineering_risk,"{""m_exploration"": 3154, ""eps_target"": 1e-06, ""budget"": 17767694814}"
"U(0.0001,0.15), eps=1e-06",0.0001,0.15,1e-06,reverse_eng_risk,27318697144,find_phi_fixed_budget_reverse_engineering_risk,"{""m_exploration"": 3154, ""eps_target"": 1e-06, ""budget"": 27318697144}"
"U(0.0001,0.15), eps=1e-06",0.0001,0.15,1e-06,reverse_eng_risk,42003828941,find_phi_fixed_budget_reverse_engineering_risk,"{""m_exploration"": 3154, ""eps_target"": 1e-06, ""budget"": 42003828941}"
"U(0.0001,0.15), eps=1e-06",0.0001,0.15,1e-06,reverse_eng_risk,64582935136,find_phi_fixed_budget_reverse_engineering_risk,"{""m_exploration"": 1901, ""eps_target"": 1e-06, ""budget"": 64582935136}"
"U(0.0001,0.15), eps=1e-06",0.0001,0.15,1e-06,reverse_eng_risk,99299411888,find_phi_fixed_budget_reverse_engineering_risk,"{""m_exploration"": 65726, ""eps_target"": 1e-06, ""budget"": 99299411888}"
"U(0.0001,0.15), eps=1e-06",0.0001,0.15,1e-06,reverse_eng_risk,152677687696,find_phi_fixed_budget_reverse_engineering_risk,"{""m_exploration"": 251, ""eps_target"": 1e-06, ""budget"": 152677687696}"
"U(0.0001,0.15), eps=1e-06",0.0001,0.15,1e-06,reverse_eng_risk,234749389519,find_phi_fixed_budget_reverse_engineering_risk,"{""m_exploration"": 1901, ""eps_target"": 1e-06, ""budget"": 234749389519}"
"U(0.0001,0.15), eps=1e-06",0.0001,0.15,1e-06,reverse_eng_risk,360938632953,find_phi_fixed_budget_reverse_engineering_risk,"{""m_exploration"": 20, ""eps_target"": 1e-06, ""budget"": 360938632953}"
"U(0.0001,0.15), eps=1e-06",0.0001,0.15,1e-06,reverse_eng_risk,554960747820,find_phi_fixed_budget_reverse_engineering_risk,"{""m_exploration"": 20, ""eps_target"": 1e-06, ""budget"": 554960747820}"
"U(0.0001,0.15), eps=1e-06",0.0001,0.15,1e-06,reverse_eng_risk,853279210102,find_phi_fixed_budget_reverse_engineering_risk,"{""m_exploration"": 20, ""eps_target"": 1e-06, ""budget"": 853279210102}"
"U(0.0001,0.15), eps=1e-06",0.0001,0.15,1e-06,reverse_eng_risk,1311958392106,find_phi_fixed_budget_reverse_engineering_risk,"{""m_exploration"": 20, ""eps_target"": 1e-06, ""budget"": 1311958392106}"
"U(0.0001,0.15), eps=1e-06",0.0001,0.15,1e-06,reverse_eng_risk,2017200000000,find_phi_fixed_budget_reverse_engineering_risk,"{""m_exploration"": 20, ""eps_target"": 1e-06, ""budget"": 2017200000000}"
"U(0.0001,0.15), eps=1e-06",0.0001,0.15,1e-06,binary_risk,1344800000,find_phi_fixed_budget_binary_search_risk,"{""m_exploration"": 3545, ""conf"": 0.8, ""eps_target"": 1e-06, ""budget"": 1344800000}"
"U(0.0001,0.15), eps=1e-06",0.0001,0.15,1e-06,binary_risk,2067695573,find_phi_fixed_budget_binary_search_risk,"{""m_exploration"": 3545, ""conf"": 0.8, ""eps_target"": 1e-06, ""budget"": 2067695573}"
"U(0.0001,0.15), eps=1e-06",0.0001,0.15,1e-06,binary_risk,3179182766,find_phi_fixed_budget_binary_search_risk,"{""m_exploration"": 15565, ""conf"": 0.5, ""eps_target"": 1e-06, ""budget"": 3179182766}"
"U(0.0001,0.15), eps=1e-06",0.0001,0.15,1e-06,binary_risk,4888148523,find_phi_fixed_budget_binary_search_risk,"{""m_exploration"": 3545, ""conf"": 0.8, ""eps_target"": 1e-06, ""budget"": 4888148523}"
"U(0.0001,0.15), eps=1e-06",0.0001,0.15,1e-06,binary_risk,7515766704,find_phi_fixed_budget_binary_search_risk,"{""m_exploration"": 15565, ""conf"": 0.5, ""eps_target"": 1e-06, ""budget"": 7515766704}"
"U(0.0001,0.15), eps=1e-06",0.0001,0.15,1e-06,binary_risk,11555857783,find_phi_fixed_budget_binary_search_risk,"{""m_exploration"": 15565, ""conf"": 0.5, ""eps_target"": 1e-06, ""budget"": 11555857783}"
"U(0.0001,0.15), eps=1e-06",0.0001,0.15,1e-06,binary_risk,17767694814,find_phi_fixed_budget_binary_search_risk,"{""m_exploration"": 15565, ""conf"": 0.5, ""eps_target"": 1e-06, ""budget"": 17767694814}"
"U(0.0001,0.15), eps=1e-06",0.0001,0.15,1e-06,binary_risk,27318697144,find_phi_fixed_budget_binary_search_risk,"{""m_exploration"": 15565, ""conf"": 0.5, ""eps_target"": 1e-06, ""budget"": 27318697144}"
"U(0.0001,0.15), eps=1e-06",0.0001,0.15,1e-06,binary_risk,42003828941,find_phi_fixed_budget_binary_search_risk,"{""m_exploration"": 15565, ""conf"": 0.5, ""eps_target"": 1e-06, ""budget"": 42003828941}"
"U(0.0001,0.15), eps=1e-06",0.0001,0.15,1e-06,binary_risk,64582935136,find_phi_fixed_budget_binary_search_risk,"{""m_exploration"": 15565, ""conf"": 0.5, ""eps_target"": 1e-06, ""budget"": 64582935136}"
"U(0.0001,0.15), eps=1e-06",0.0001,0.15,1e-06,binary_risk,99299411888,find_phi_fixed_budget_binary_search_risk,"{""m_exploration"": 1692, ""conf"": 0.5, ""eps_target"": 1e-06, ""budget"": 99299411888}"
"U(0.0001,0.15), eps=1e-06",0.0001,0.15,1e-06,binary_risk,152677687696,find_phi_fixed_budget_binary_search_risk,"{""m_exploration"": 143180, ""conf"": 0.5, ""eps_target"": 1e-06, ""budget"": 152677687696}"
"U(0.0001,0.15), eps=1e-06",0.0001,0.15,1e-06,binary_risk,234749389519,find_phi_fixed_budget_binary_search_risk,"{""m_exploration"": 1692, ""conf"": 0.5, ""eps_target"": 1e-06, ""budget"": 234749389519}"
"U(0.0001,0.15), eps=1e-06",0.0001,0.15,1e-06,binary_risk,360938632953,find_phi_fixed_budget_binary_search_risk,"{""m_exploration"": 183, ""conf"": 0.5, ""eps_target"": 1e-06, ""budget"": 360938632953}"
"U(0.0001,0.15), eps=1e-06",0.0001,0.15,1e-06,binary_risk,554960747820,find_phi_fixed_budget_binary_search_risk,"{""m_exploration"": 41, ""conf"": 0.5, ""eps_target"": 1e-06, ""budget"": 554960747820}"
"U(0.0001,0.15), eps=1e-06",0.0001,0.15,1e-06,binary_risk,853279210102,find_phi_fixed_budget_binary_search_risk,"{""m_exploration"": 20, ""conf"": 0.5, ""eps_target"": 1e-06, ""budget"": 853279210102}"
"U(0.0001,0.15), eps=1e-06",0.0001,0.15,1e-06,binary_risk,1311958392106,find_phi_fixed_budget_binary_search_risk,"{""m_exploration"": 20, ""conf"": 0.5, ""eps_target"": 1e-06, ""budget"": 1311958392106}"
"U(0.0001,0.15), eps=1e-06",0.0001,0.15,1e-06,binary_risk,2017200000000,find_phi_fixed_budget_binary_search_risk,"{""m_exploration"": 20, ""conf"": 0.5, ""eps_target"": 1e-06, ""budget"": 2017200000000}"
"U(3e-05,0.15), eps=1e-06",3e-05,0.15,1e-06,linear,1344800000,find_phi_fixed_budget_linear_search,"{""m_exploration"": 30000, ""lookback_window"": 5, ""safeguard"": 0, ""inc"": 2, ""budget"": 1344800000}"
"U(3e-05,0.15), eps=1e-06",3e-05,0.15,1e-06,linear,2067695573,find_phi_fixed_budget_linear_search,"{""m_exploration"": 13924, ""lookback_window"": 5, ""safeguard"": 0, ""inc"": 2, ""budget"": 2067695573}"
"U(3e-05,0.15), eps=1e-06",3e-05,0.15,1e-06,linear,3179182766,find_phi_fixed_budget_linear_search,"{""m_exploration"": 300, ""lookback_window"": 5, ""safeguard"": 1, ""inc"": 2, ""budget"": 3179182766}"
"U(3e-05,0.15), eps=1e-06",3e-05,0.15,1e-06,linear,4888148523,find_phi_fixed_budget_linear_search,"{""m_exploration"": 13924, ""lookback_window"": 5, ""safeguard"": 0, ""inc"": 2, ""budget"": 4888148523}"
"U(3e-05,0.15), eps=1e-06",3e-05,0.15,1e-06,linear,7515766704,find_phi_fixed_budget_linear_search,"{""m_exploration"": 139247, ""lookback_window"": 5, ""safeguard"": 0, ""inc"": 1, ""budget"": 7515766704}"
"U(3e-05,0.15), eps=1e-06",3e-05,0.15,1e-06,linear,11555857783,find_phi_fixed_budget_linear_search,"{""m_exploration"": 139247, ""lookback_window"": 5, ""safeguard"": 0, ""inc"": 2, ""budget"": 11555857783}"
"U(3e-05,0.15), eps=1e-06",3e-05,0.15,1e-06,linear,17767694814,find_phi_fixed_budget_linear_search,"{""m_exploration"": 300000, ""lookback_window"": 5, ""safeguard"": 0, ""inc"": 2, ""budget"": 17767694814}"
"U(3e-05,0.15), eps=1e-06",3e-05,0.15,1e-06,linear,27318697144,find_phi_fixed_budget_linear_search,"{""m_exploration"": 300000, ""lookback_window"": 5, ""safeguard"": 0, ""inc"": 2, ""budget"": 27318697144}"
"U(3e-05,0.15), eps=1e-06",3e-05,0.15,1e-06,linear,42003828941,find_phi_fixed_budget_linear_search,"{""m_exploration"": 300000, ""lookback_window"": 5, ""safeguard"": 0, ""inc"": 2, ""budget"": 42003828941}"
"U(3e-05,0.15), eps=1e-06",3e-05,0.15,1e-06,linear,64582935136,find_phi_fixed_budget_linear_search,"{""m_exploration"": 300000, ""lookback_window"": 5, ""safeguard"": 0, ""inc"": 2, ""budget"": 64582935136}"
"U(3e-05,0.15), eps=1e-06",3e-05,0.15,1e-06,linear,99299411888,find_phi_fixed_budget_linear_search,"{""m_exploration"": 300000, ""lookback_window"": 5, ""safeguard"": 0, ""inc"": 2, ""budget"": 99299411888}"
"U(3e-05,0.15), eps=1e-06",3e-05,0.15,1e-06,linear,152677687696,find_phi_fixed_budget_linear_search,"{""m_exploration"": 139247, ""lookback_window"": 5, ""safeguard"": 1, ""inc"": 2, ""budget"": 152677687696}"
"U(3e-05,0.15), eps=1e-06",3e-05,0.15,1e-06,linear,234749389519,find_phi_fixed_budget_linear_search,"{""m_exploration"": 64633, ""lookback_window"": 5, ""safeguard"": 1, ""inc"": 1, ""budget"": 234749389519}"
"U(3e-05,0.15), eps=1e-06",3e-05,0.15,1e-06,linear,360938632953,find_phi_fixed_budget_linear_search,"{""m_exploration"": 6, ""lookback_window"": 1, ""safeguard"": 2, ""inc"": 1, ""budget"": 360938632953}"
"U(3e-05,0.15), eps=1e-06",3e-05,0.15,1e-06,linear,554960747820,find_phi_fixed_budget_linear_search,"{""m_exploration"": 3, ""lookback_window"": 1, ""safeguard"": 5, ""inc"": 1, ""budget"": 554960747820}"
"U(3e-05,0.15), eps=1e-06",3e-05,0.15,1e-06,linear,853279210102,find_phi_fixed_budget_linear_search,"{""m_exploration"": 3, ""lookback_window"": 1, ""safeguard"": 5, ""inc"": 1, ""budget"": 853279210102}"
"U(3e-05,0.15), eps=1e-06",3e-05,0.15,1e-06,linear,1311958392106,find_phi_fixed_budget_linear_search,"{""m_exploration"": 3, ""lookback_window"": 1, ""safeguard"": 5, ""inc"": 1, ""budget"": 1311958392106}"
"U(3e-05,0.15), eps=1e-06",3e-05,0.15,1e-06,linear,2017200000000,find_phi_fixed_budget_linear_search,"{""m_exploration"": 3, ""lookback_window"": 1, ""safeguard"": 5, ""inc"": 1, ""budget"": 2017200000000}"
"U(3e-05,0.15), eps=1e-06",3e-05,0.15,1e-06,reverse_eng,1344800000,find_phi_fixed_budget_reverse_engineering,"{""m_exploration"": 300000, ""safeguard"": 0.95, ""budget"": 1344800000}"
"U(3e-05,0.15), eps=1e-06",3e-05,0.15,1e-06,reverse_eng,2067695573,find_phi_fixed_budget_reverse_engineering,"{""m_exploration"": 300000, ""safeguard"": 0.95, ""budget"": 2067695573}"
"U(3e-05,0.15), eps=1e-06",3e-05,0.15,1e-06,reverse_eng,3179182766,find_phi_fixed_budget_reverse_engineering,"{""m_exploration"": 300000, ""safeguard"": 0.95, ""budget"": 3179182766}"
"U(3e-05,0.15), eps=1e-06",3e-05,0.15,1e-06,reverse_eng,4888148523,find_phi_fixed_budget_reverse_engineering,"{""m_exploration"": 300000, ""safeguard"": 0.95, ""budget"": 4888148523}"
"U(3e-05,0.15), eps=1e-06",3e-05,0.15,1e-06,reverse_eng,7515766704,find_phi_fixed_budget_reverse_engineering,"{""m_exploration"": 180853, ""safeguard"": 0.95, ""budget"": 7515766704}"
"U(3e-05,0.15), eps=1e-06",3e-05,0.15,1e-06,reverse_eng,11555857783,find_phi_fixed_budget_reverse_engineering,"{""m_exploration"": 300000, ""safeguard"": 0.95, ""budget"": 11555857783}"
"U(3e-05,0.15), eps=1e-06",3e-05,0.15,1e-06,reverse_eng,17767694814,find_phi_fixed_budget_reverse_engineering,"{""m_exploration"": 300000, ""safeguard"": 0.95, ""budget"": 17767694814}"
"U(3e-05,0.15), eps=1e-06",3e-05,0.15,1e-06,reverse_eng,27318697144,find_phi_fixed_budget_reverse_engineering,"{""m_exploration"": 180853, ""safeguard"": 0.95, ""budget"": 27318697144}"
"U(3e-05,0.15), eps=1e-06",3e-05,0.15,1e-06,reverse_eng,42003828941,find_phi_fixed_budget_reverse_engineering,"{""m_exploration"": 180853, ""safeguard"": 0.95, ""budget"": 42003828941}"
"U(3e-05,0.15), eps=1e-06",3e-05,0.15,1e-06,reverse_eng,64582935136,find_phi_fixed_budget_reverse_engineering,"{""m_exploration"": 300000, ""safeguard"": 0.95, ""budget"": 64582935136}"
"U(3e-05,0.15), eps=1e-06",3e-05,0.15,1e-06,reverse_eng,99299411888,find_phi_fixed_budget_reverse_engineering,"{""m_exploration"": 300000, ""safeguard"": 0.9, ""budget"": 99299411888}"
"U(3e-05,0.15), eps=1e-06",3e-05,0.15,1e-06,reverse_eng,152677687696,find_phi_fixed_budget_reverse_engineering,"{""m_exploration"": 300000, ""safeguard"": 0.9, ""budget"": 152677687696}"
"U(3e-05,0.15), eps=1e-06",3e-05,0.15,1e-06,reverse_eng,234749389519,find_phi_fixed_budget_reverse_engineering,"{""m_exploration"": 109026, ""safeguard"": 0.8, ""budget"": 234749389519}"
"U(3e-05,0.15), eps=1e-06",3e-05,0.15,1e-06,reverse_eng,360938632953,find_phi_fixed_budget_reverse_engineering,"{""m_exploration"": 109026, ""safeguard"": 0.8, ""budget"": 360938632953}"
"U(3e-05,0.15), eps=1e-06",3e-05,0.15,1e-06,reverse_eng,554960747820,find_phi_fixed_budget_reverse_engineering,"{""m_exploration"": 109026, ""safeguard"": 0.8, ""budget"": 554960747820}"
"U(3e-05,0.15), eps=1e-06",3e-05,0.15,1e-06,reverse_eng,853279210102,find_phi_fixed_budget_reverse_engineering,"{""m_exploration"": 109026, ""safeguard"": 0.8, ""budget"": 853279210102}"
"U(3e-05,0.15), eps=1e-06",3e-05,0.15,1e-06,reverse_eng,1311958392106,find_phi_fixed_budget_reverse_engineering,"{""m_exploration"": 109026, ""safeguard"": 0.8, ""budget"": 1311958392106}"
"U(3e-05,0.15), eps=1e-06",3e-05,0.15,1e-06,reverse_eng,2017200000000,find_phi_fixed_budget_reverse_engineering,"{""m_exploration"": 109026, ""safeguard"": 0.8, ""budget"": 2017200000000}"
"U(3e-05,0.15), eps=1e-06",3e-05,0.15,1e-06,binary,1344800000,find_phi_fixed_budget_binary_search,"{""m_exploration"": 3545, ""safeguard"": 2, ""conf"": 0.8, ""budget"": 1344800000}"
"U(3e-05,0.15), eps=1e-06",3e-05,0.15,1e-06,binary,2067695573,find_phi_fixed_budget_binary_search,"{""m_exploration"": 3545, ""safeguard"": 2, ""conf"": 0.8, ""budget"": 2067695573}"
"U(3e-05,0.15), eps=1e-06",3e-05,0.15,1e-06,binary,3179182766,find_phi_fixed_budget_binary_search,"{""m_exploration"": 1692, ""safeguard"": 2, ""conf"": 0.9, ""budget"": 3179182766}"
"U(3e-05,0.15), eps=1e-06",3e-05,0.15,1e-06,binary,4888148523,find_phi_fixed_budget_binary_search,"{""m_exploration"": 1692, ""safeguard"": 2, ""conf"": 0.9, ""budget"": 4888148523}"
"U(3e-05,0.15), eps=1e-06",3e-05,0.15,1e-06,binary,7515766704,find_phi_fixed_budget_binary_search,"{""m_exploration"": 1692, ""safeguard"": 2, ""conf"": 0.9, ""budget"": 7515766704}"
"U(3e-05,0.15), eps=1e-06",3e-05,0.15,1e-06,binary,11555857783,find_phi_fixed_budget_binary_search,"{""m_exploration"": 7429, ""safeguard"": 2, ""conf"": 0.9, ""budget"": 11555857783}"
"U(3e-05,0.15), eps=1e-06",3e-05,0.15,1e-06,binary,17767694814,find_phi_fixed_budget_binary_search,"{""m_exploration"": 15565, ""safeguard"": 2, ""conf"": 0.9, ""budget"": 17767694814}"
"U(3e-05,0.15), eps=1e-06",3e-05,0.15,1e-06,binary,27318697144,find_phi_fixed_budget_binary_search,"{""m_exploration"": 15565, ""safeguard"": 2, ""conf"": 0.9, ""budget"": 27318697144}"
"U(3e-05,0.15), eps=1e-06",3e-05,0.15,1e-06,binary,42003828941,find_phi_fixed_budget_binary_search,"{""m_exploration"": 68335, ""safeguard"": 2, ""conf"": 0.9, ""budget"": 42003828941}"
"U(3e-05,0.15), eps=1e-06",3e-05,0.15,1e-06,binary,64582935136,find_phi_fixed_budget_binary_search,"{""m_exploration"": 68335, ""safeguard"": 2, ""conf"": 0.9, ""budget"": 64582935136}"
"U(3e-05,0.15), eps=1e-06",3e-05,0.15,1e-06,binary,99299411888,find_phi_fixed_budget_binary_search,"{""m_exploration"": 143180, ""safeguard"": 2, ""conf"": 0.9, ""budget"": 99299411888}"
"U(3e-05,0.15), eps=1e-06",3e-05,0.15,1e-06,binary,152677687696,find_phi_fixed_budget_binary_search,"{""m_exploration"": 143180, ""safeguard"": 2, ""conf"": 0.8, ""budget"": 152677687696}"
"U(3e-05,0.15), eps=1e-06",3e-05,0.15,1e-06,binary,234749389519,find_phi_fixed_budget_binary_search,"{""m_exploration"": 143180, ""safeguard"": 2, ""conf"": 0.5, ""budget"": 234749389519}"
"U(3e-05,0.15), eps=1e-06",3e-05,0.15,1e-06,binary,360938632953,find_phi_fixed_budget_binary_search,"{""m_exploration"": 143180, ""safeguard"": 2, ""conf"": 0.5, ""budget"": 360938632953}"
"U(3e-05,0.15), eps=1e-06",3e-05,0.15,1e-06,binary,554960747820,find_phi_fixed_budget_binary_search,"{""m_exploration"": 143180, ""safeguard"": 2, ""conf"": 0.5, ""budget"": 554960747820}"
"U(3e-05,0.15), eps=1e-06",3e-05,0.15,1e-06,binary,853279210102,find_phi_fixed_budget_binary_search,"{""m_exploration"": 143180, ""safeguard"": 2, ""conf"": 0.5, ""budget"": 853279210102}"
"U(3e-05,0.15), eps=1e-06",3e-05,0.15,1e-06,binary,1311958392106,find_phi_fixed_budget_binary_search,"{""m_exploration"": 143180, ""safeguard"": 2, ""conf"": 0.5, ""budget"": 1311958392106}"
"U(3e-05,0.15), eps=1e-06",3e-05,0.15,1e-06,binary,2017200000000,find_phi_fixed_budget_binary_search,"{""m_exploration"": 143180, ""safeguard"": 2, ""conf"": 0.5, ""budget"": 2017200000000}"
"U(3e-05,0.15), eps=1e-06",3e-05,0.15,1e-06,reverse_eng_risk,1344800000,find_phi_fixed_budget_reverse_engineering_risk,"{""m_exploration"": 300000, ""eps_target"": 1e-06, ""budget"": 1344800000}"
"U(3e-05,0.15), eps=1e-06",3e-05,0.15,1e-06,reverse_eng_risk,2067695573,find_phi_fixed_budget_reverse_engineering_risk,"{""m_exploration"": 180853, ""eps_target"": 1e-06, ""budget"": 2067695573}"
"U(3e-05,0.15), eps=1e-06",3e-05,0.15,1e-06,reverse_eng_risk,3179182766,find_phi_fixed_budget_reverse_engineering_risk,"{""m_exploration"": 300000, ""eps_target"": 1e-06, ""budget"": 3179182766}"
"U(3e-05,0.15), eps=1e-06",3e-05,0.15,1e-06,reverse_eng_risk,4888148523,find_phi_fixed_budget_reverse_engineering_risk,"{""m_exploration"": 180853, ""eps_target"": 1e-06, ""budget"": 4888148523}"
"U(3e-05,0.15), eps=1e-06",3e-05,0.15,1e-06,reverse_eng_risk,7515766704,find_phi_fixed_budget_reverse_engineering_risk,"{""m_exploration"": 180853, ""eps_target"": 1e-06, ""budget"": 7515766704}"
"U(3e-05,0.15), eps=1e-06",3e-05,0.15,1e-06,reverse_eng_risk,11555857783,find_phi_fixed_budget_reverse_engineering_risk,"{""m_exploration"": 180853, ""eps_target"": 1e-06, ""budget"": 11555857783}"
"U(3e-05,0.15), eps=1e-06",3e-05,0.15,1e-06,reverse_eng_risk,17767694814,find_phi_fixed_budget_reverse_engineering_risk,"{""m_exploration"": 3154, ""eps_target"": 1e-06, ""budget"": 17767694814}"
"U(3e-05,0.15), eps=1e-06",3e-05,0.15,1e-06,reverse_eng_risk,27318697144,find_phi_fixed_budget_reverse_engineering_risk,"{""m_exploration"": 65726, ""eps_target"": 1e-06, ""budget"": 27318697144}"
"U(3e-05,0.15), eps=1e-06",3e-05,0.15,1e-06,reverse_eng_risk,42003828941,find_phi_fixed_budget_reverse_engineering_risk,"{""m_exploration"": 3154, ""eps_target"": 1e-06, ""budget"": 42003828941}"
"U(3e-05,0.15), eps=1e-06",3e-05,0.15,1e-06,reverse_eng_risk,64582935136,find_phi_fixed_budget_reverse_engineering_risk,"{""m_exploration"": 1901, ""eps_target"": 1e-06, ""budget"": 64582935136}"
"U(3e-05,0.15), eps=1e-06",3e-05,0.15,1e-06,reverse_eng_risk,99299411888,find_phi_fixed_budget_reverse_engineering_risk,"{""m_exploration"": 65726, ""eps_target"": 1e-06, ""budget"": 99299411888}"
"U(3e-05,0.15), eps=1e-06",3e-05,0.15,1e-06,reverse_eng_risk,152677687696,find_phi_fixed_budget_reverse_engineering_risk,"{""m_exploration"": 251, ""eps_target"": 1e-06, ""budget"": 152677687696}"
"U(3e-05,0.15), eps=1e-06",3e-05,0.15,1e-06,reverse_eng_risk,234749389519,find_phi_fixed_budget_reverse_engineering_risk,"{""m_exploration"": 1901, ""eps_target"": 1e-06, ""budget"": 234749389519}"
"U(3e-05,0.15), eps=1e-06",3e-05,0.15,1e-06,reverse_eng_risk,360938632953,find_phi_fixed_budget_reverse_engineering_risk,"{""m_exploration"": 20, ""eps_target"": 1e-06, ""budget"": 360938632953}"
"U(3e-05,0.15), eps=1e-06",3e-05,0.15,1e-06,reverse_eng_risk,554960747820,find_phi_fixed_budget_reverse_engineering_risk,"{""m_exploration"": 20, ""eps_target"": 1e-06, ""budget"": 554960747820}"
"U(3e-05,0.15), eps=1e-06",3e-05,0.15,1e-06,reverse_eng_risk,853279210102,find_phi_fixed_budget_reverse_engineering_risk,"{""m_exploration"": 20, ""eps_target"": 1e-06, ""budget"": 853279210102}"
"U(3e-05,0.15), eps=1e-06",3e-05,0.15,1e-06,reverse_eng_risk,1311958392106,find_phi_fixed_budget_reverse_engineering_risk,"{""m_exploration"": 20, ""eps_target"": 1e-06, ""budget"": 1311958392106}"
"U(3e-05,0.15), eps=1e-06",3e-05,0.15,1e-06,reverse_eng_risk,2017200000000,find_phi_fixed_budget_reverse_engineering_risk,"{""m_exploration"": 20, ""eps_target"": 1e-06, ""budget"": 2017200000000}"
"U(3e-05,0.15), eps=1e-06",3e-05,0.15,1e-06,binary_risk,1344800000,find_phi_fixed_budget_binary_search_risk,"{""m_exploration"": 3545, ""conf"": 0.8, ""eps_target"": 1e-06, ""budget"": 1344800000}"
"U(3e-05,0.15), eps=1e-06",3e-05,0.15,1e-06,binary_risk,2067695573,find_phi_fixed_budget_binary_search_risk,"{""m_exploration"": 807, ""conf"": 0.5, ""eps_target"": 1e-06, ""budget"": 2067695573}"
"U(3e-05,0.15), eps=1e-06",3e-05,0.15,1e-06,binary_risk,3179182766,find_phi_fixed_budget_binary_search_risk,"{""m_exploration"": 807, ""conf"": 0.5, ""eps_target"": 1e-06, ""budget"": 3179182766}"
"U(3e-05,0.15), eps=1e-06",3e-05,0.15,1e-06,binary_risk,4888148523,find_phi_fixed_budget_binary_search_risk,"{""m_exploration"": 807, ""conf"": 0.5, ""eps_target"": 1e-06, ""budget"": 4888148523}"
"U(3e-05,0.15), eps=1e-06",3e-05,0.15,1e-06,binary_risk,7515766704,find_phi_fixed_budget_binary_search_risk,"{""m_exploration"": 807, ""conf"": 0.5, ""eps_target"": 1e-06, ""budget"": 7515766704}"
"U(3e-05,0.15), eps=1e-06",3e-05,0.15,1e-06,binary_risk,11555857783,find_phi_fixed_budget_binary_search_risk,"{""m_exploration"": 3545, ""conf"": 0.5, ""eps_target"": 1e-06, ""budget"": 11555857783}"
"U(3e-05,0.15), eps=1e-06",3e-05,0.15,1e-06,binary_risk,17767694814,find_phi_fixed_budget_binary_search_risk,"{""m_exploration"": 15565, ""conf"": 0.5, ""eps_target"": 1e-06, ""budget"": 17767694814}"
"U(3e-05,0.15), eps=1e-06",3e-05,0.15,1e-06,binary_risk,27318697144,find_phi_fixed_budget_binary_search_risk,"{""m_exploration"": 1692, ""conf"": 0.5, ""eps_target"": 1e-06, ""budget"": 27318697144}"
"U(3e-05,0.15), eps=1e-06",3e-05,0.15,1e-06,binary_risk,42003828941,find_phi_fixed_budget_binary_search_risk,"{""m_exploration"": 1692, ""conf"": 0.5, ""eps_target"": 1e-06, ""budget"": 42003828941}"
"U(3e-05,0.15), eps=1e-06",3e-05,0.15,1e-06,binary_risk,64582935136,find_phi_fixed_budget_binary_search_risk,"{""m_exploration"": 1692, ""conf"": 0.5, ""eps_target"": 1e-06, ""budget"": 64582935136}"
"U(3e-05,0.15), eps=1e-06",3e-05,0.15,1e-06,binary_risk,99299411888,find_phi_fixed_budget_binary_search_risk,"{""m_exploration"": 143180, ""conf"": 0.5, ""eps_target"": 1e-06, ""budget"": 99299411888}"
"U(3e-05,0.15), eps=1e-06",3e-05,0.15,1e-06,binary_risk,152677687696,find_phi_fixed_budget_binary_search_risk,"{""m_exploration"": 32614, ""conf"": 0.5, ""eps_target"": 1e-06, ""budget"": 152677687696}"
"U(3e-05,0.15), eps=1e-06",3e-05,0.15,1e-06,binary_risk,234749389519,find_phi_fixed_budget_binary_search_risk,"{""m_exploration"": 807, ""conf"": 0.5, ""eps_target"": 1e-06, ""budget"": 234749389519}"
"U(3e-05,0.15), eps=1e-06",3e-05,0.15,1e-06,binary_risk,360938632953,find_phi_fixed_budget_binary_search_risk,"{""m_exploration"": 183, ""conf"": 0.5, ""eps_target"": 1e-06, ""budget"": 360938632953}"
"U(3e-05,0.15), eps=1e-06",3e-05,0.15,1e-06,binary_risk,554960747820,find_phi_fixed_budget_binary_search_risk,"{""m_exploration"": 20, ""conf"": 0.5, ""eps_target"": 1e-06, ""budget"": 554960747820}"
"U(3e-05,0.15), eps=1e-06",3e-05,0.15,1e-06,binary_risk,853279210102,find_phi_fixed_budget_binary_search_risk,"{""m_exploration"": 20, ""conf"": 0.5, ""eps_target"": 1e-06, ""budget"": 853279210102}"
"U(3e-05,0.15), eps=1e-06",3e-05,0.15,1e-06,binary_risk,1311958392106,find_phi_fixed_budget_binary_search_risk,"{""m_exploration"": 20, ""conf"": 0.5, ""eps_target"": 1e-06, ""budget"": 1311958392106}"
"U(3e-05,0.15), eps=1e-06",3e-05,0.15,1e-06,binary_risk,2017200000000,find_phi_fixed_budget_binary_search_risk,"{""m_exploration"": 20, ""conf"": 0.5, ""eps_target"": 1e-06, ""budget"": 2017200000000}"
"U(1e-05,0.15), eps=1e-06",1e-05,0.15,1e-06,linear,1344800000,find_phi_fixed_budget_linear_search,"{""m_exploration"": 646, ""lookback_window"": 5, ""safeguard"": 1, ""inc"": 2, ""budget"": 1344800000}"
"U(1e-05,0.15), eps=1e-06",1e-05,0.15,1e-06,linear,2067695573,find_phi_fixed_budget_linear_search,"{""m_exploration"": 13924, ""lookback_window"": 5, ""safeguard"": 0, ""inc"": 5, ""budget"": 2067695573}"
"U(1e-05,0.15), eps=1e-06",1e-05,0.15,1e-06,linear,3179182766,find_phi_fixed_budget_linear_search,"{""m_exploration"": 13924, ""lookback_window"": 5, ""safeguard"": 0, ""inc"": 5, ""budget"": 3179182766}"
"U(1e-05,0.15), eps=1e-06",1e-05,0.15,1e-06,linear,4888148523,find_phi_fixed_budget_linear_search,"{""m_exploration"": 139247, ""lookback_window"": 5, ""safeguard"": 0, ""inc"": 1, ""budget"": 4888148523}"
"U(1e-05,0.15), eps=1e-06",1e-05,0.15,1e-06,linear,7515766704,find_phi_fixed_budget_linear_search,"{""m_exploration"": 139247, ""lookback_window"": 5, ""safeguard"": 0, ""inc"": 1, ""budget"": 7515766704}"
"U(1e-05,0.15), eps=1e-06",1e-05,0.15,1e-06,linear,11555857783,find_phi_fixed_budget_linear_search,"{""m_exploration"": 30000, ""lookback_window"": 5, ""safeguard"": 0, ""inc"": 2, ""budget"": 11555857783}"
"U(1e-05,0.15), eps=1e-06",1e-05,0.15,1e-06,linear,17767694814,find_phi_fixed_budget_linear_search,"{""m_exploration"": 300000, ""lookback_window"": 5, ""safeguard"": 0, ""inc"": 2, ""budget"": 17767694814}"
"U(1e-05,0.15), eps=1e-06",1e-05,0.15,1e-06,linear,27318697144,find_phi_fixed_budget_linear_search,"{""m_exploration"": 300000, ""lookback_window"": 5, ""safeguard"": 0, ""inc"": 2, ""budget"": 27318697144}"
"U(1e-05,0.15), eps=1e-06",1e-05,0.15,1e-06,linear,42003828941,find_phi_fixed_budget_linear_search,"{""m_exploration"": 300000, ""lookback_window"": 5, ""safeguard"": 0, ""inc"": 2, ""budget"": 42003828941}"
"U(1e-05,0.15), eps=1e-06",1e-05,0.15,1e-06,linear,64582935136,find_phi_fixed_budget_linear_search,"{""m_exploration"": 300000, ""lookback_window"": 5, ""safeguard"": 0, ""inc"": 2, ""budget"": 64582935136}"
"U(1e-05,0.15), eps=1e-06",1e-05,0.15,1e-06,linear,99299411888,find_phi_fixed_budget_linear_search,"{""m_exploration"": 300000, ""lookback_window"": 5, ""safeguard"": 0, ""inc"": 2, ""budget"": 99299411888}"
"U(1e-05,0.15), eps=1e-06",1e-05,0.15,1e-06,linear,152677687696,find_phi_fixed_budget_linear_search,"{""m_exploration"": 139247, ""lookback_window"": 5, ""safeguard"": 1, ""inc"": 2, ""budget"": 152677687696}"
"U(1e-05,0.15), eps=1e-06",1e-05,0.15,1e-06,linear,234749389519,find_phi_fixed_budget_linear_search,"{""m_exploration"": 64633, ""lookback_window"": 5, ""safeguard"": 1, ""inc"": 1, ""budget"": 234749389519}"
"U(1e-05,0.15), eps=1e-06",1e-05,0.15,1e-06,linear,360938632953,find_phi_fixed_budget_linear_search,"{""m_exploration"": 6, ""lookback_window"": 1, ""safeguard"": 2, ""inc"": 1, ""budget"": 360938632953}"
"U(1e-05,0.15), eps=1e-06",1e-05,0.15,1e-06,linear,554960747820,find_phi_fixed_budget_linear_search,"{""m_exploration"": 3, ""lookback_window"": 1, ""safeguard"": 5, ""inc"": 1, ""budget"": 554960747820}"
"U(1e-05,0.15), eps=1e-06",1e-05,0.15,1e-06,linear,853279210102,find_phi_fixed_budget_linear_search,"{""m_exploration"": 3, ""lookback_window"": 1, ""safeguard"": 5, ""inc"": 1, ""budget"": 853279210102}"
"U(1e-05,0.15), eps=1e-06",1e-05,0.15,1e-06,linear,1311958392106,find_phi_fixed_budget_linear_search,"{""m_exploration"": 3, ""lookback_window"": 1, ""safeguard"": 5, ""inc"": 1, ""budget"": 1311958392106}"
"U(1e-05,0.15), eps=1e-06",1e-05,0.15,1e-06,linear,2017200000000,find_phi_fixed_budget_linear_search,"{""m_exploration"": 3, ""lookback_window"": 1, ""safeguard"": 5, ""inc"": 1, ""budget"": 2017200000000}"
"U(1e-05,0.15), eps=1e-06",1e-05,0.15,1e-06,reverse_eng,1344800000,find_phi_fixed_budget_reverse_engineering,"{""m_exploration"": 300000, ""safeguard"": 0.95, ""budget"": 1344800000}"
"U(1e-05,0.15), eps=1e-06",1e-05,0.15,1e-06,reverse_eng,2067695573,find_phi_fixed_budget_reverse_engineering,"{""m_exploration"": 300000, ""safeguard"": 0.95, ""budget"": 2067695573}"
"U(1e-05,0.15), eps=1e-06",1e-05,0.15,1e-06,reverse_eng,3179182766,find_phi_fixed_budget_reverse_engineering,"{""m_exploration"": 300000, ""safeguard"": 0.95, ""budget"": 3179182766}"
"U(1e-05,0.15), eps=1e-06",1e-05,0.15,1e-06,reverse_eng,4888148523,find_phi_fixed_budget_reverse_engineering,"{""m_exploration"": 300000, ""safeguard"": 0.95, ""budget"": 4888148523}"
"U(1e-05,0.15), eps=1e-06",1e-05,0.15,1e-06,reverse_eng,7515766704,find_phi_fixed_budget_reverse_engineering,"{""m_exploration"": 300000, ""safeguard"": 0.95, ""budget"": 7515766704}"
"U(1e-05,0.15), eps=1e-06",1e-05,0.15,1e-06,reverse_eng,11555857783,find_phi_fixed_budget_reverse_engineering,"{""m_exploration"": 300000, ""safeguard"": 0.95, ""budget"": 11555857783}"
"U(1e-05,0.15), eps=1e-06",1e-05,0.15,1e-06,reverse_eng,17767694814,find_phi_fixed_budget_reverse_engineering,"{""m_exploration"": 300000, ""safeguard"": 0.95, ""budget"": 17767694814}"
"U(1e-05,0.15), eps=1e-06",1e-05,0.15,1e-06,reverse_eng,27318697144,find_phi_fixed_budget_reverse_engineering,"{""m_exploration"": 300000, ""safeguard"": 0.95, ""budget"": 27318697144}"
"U(1e-05,0.15), eps=1e-06",1e-05,0.15,1e-06,reverse_eng,42003828941,find_phi_fixed_budget_reverse_engineering,"{""m_exploration"": 300000, ""safeguard"": 0.95, ""budget"": 42003828941}"
"U(1e-05,0.15), eps=1e-06",1e-05,0.15,1e-06,reverse_eng,64582935136,find_phi_fixed_budget_reverse_engineering,"{""m_exploration"": 180853, ""safeguard"": 0.9, ""budget"": 64582935136}"
"U(1e-05,0.15), eps=1e-06",1e-05,0.15,1e-06,reverse_eng,99299411888,find_phi_fixed_budget_reverse_engineering,"{""m_exploration"": 180853, ""safeguard"": 0.9, ""budget"": 99299411888}"
"U(1e-05,0.15), eps=1e-06",1e-05,0.15,1e-06,reverse_eng,152677687696,find_phi_fixed_budget_reverse_engineering,"{""m_exploration"": 180853, ""safeguard"": 0.9, ""budget"": 152677687696}"
"U(1e-05,0.15), eps=1e-06",1e-05,0.15,1e-06,reverse_eng,234749389519,find_phi_fixed_budget_reverse_engineering,"{""m_exploration"": 109026, ""safeguard"": 0.8, ""budget"": 234749389519}"
"U(1e-05,0.15), eps=1e-06",1e-05,0.15,1e-06,reverse_eng,360938632953,find_phi_fixed_budget_reverse_engineering,"{""m_exploration"": 109026, ""safeguard"": 0.8, ""budget"": 360938632953}"
"U(1e-05,0.15), eps=1e-06",1e-05,0.15,1e-06,reverse_eng,554960747820,find_phi_fixed_budget_reverse_engineering,"{""m_exploration"": 109026, ""safeguard"": 0.8, ""budget"": 554960747820}"
"U(1e-05,0.15), eps=1e-06",1e-05,0.15,1e-06,reverse_eng,853279210102,find_phi_fixed_budget_reverse_engineering,"{""m_exploration"": 109026, ""safeguard"": 0.8, ""budget"": 853279210102}"
"U(1e-05,0.15), eps=1e-06",1e-05,0.15,1e-06,reverse_eng,1311958392106,find_phi_fixed_budget_reverse_engineering,"{""m_exploration"": 109026, ""safeguard"": 0.8, ""budget"": 1311958392106}"
"U(1e-05,0.15), eps=1e-06",1e-05,0.15,1e-06,reverse_eng,2017200000000,find_phi_fixed_budget_reverse_engineering,"{""m_exploration"": 109026, ""safeguard"": 0.8, ""budget"": 2017200000000}"
"U(1e-05,0.15), eps=1e-06",1e-05,0.15,1e-06,binary,1344800000,find_phi_fixed_budget_binary_search,"{""m_exploration"": 807, ""safeguard"": 2, ""conf"": 0.9, ""budget"": 1344800000}"
"U(1e-05,0.15), eps=1e-06",1e-05,0.15,1e-06,binary,2067695573,find_phi_fixed_budget_binary_search,"{""m_exploration"": 3545, ""safeguard"": 2, ""conf"": 0.9, ""budget"": 2067695573}"
"U(1e-05,0.15), eps=1e-06",1e-05,0.15,1e-06,binary,3179182766,find_phi_fixed_budget_binary_search,"{""m_exploration"": 1692, ""safeguard"": 2, ""conf"": 0.9, ""budget"": 3179182766}"
"U(1e-05,0.15), eps=1e-06",1e-05,0.15,1e-06,binary,4888148523,find_phi_fixed_budget_binary_search,"{""m_exploration"": 1692, ""safeguard"": 2, ""conf"": 0.9, ""budget"": 4888148523}"
"U(1e-05,0.15), eps=1e-06",1e-05,0.15,1e-06,binary,7515766704,find_phi_fixed_budget_binary_search,"{""m_exploration"": 1692, ""safeguard"": 2, ""conf"": 0.9, ""budget"": 7515766704}"
"U(1e-05,0.15), eps=1e-06",1e-05,0.15,1e-06,binary,11555857783,find_phi_fixed_budget_binary_search,"{""m_exploration"": 3545, ""safeguard"": 2, ""conf"": 0.9, ""budget"": 11555857783}"
"U(1e-05,0.15), eps=1e-06",1e-05,0.15,1e-06,binary,17767694814,find_phi_fixed_budget_binary_search,"{""m_exploration"": 7429, ""safeguard"": 2, ""conf"": 0.9, ""budget"": 17767694814}"
"U(1e-05,0.15), eps=1e-06",1e-05,0.15,1e-06,binary,27318697144,find_phi_fixed_budget_binary_search,"{""m_exploration"": 15565, ""safeguard"": 2, ""conf"": 0.9, ""budget"": 27318697144}"
"U(1e-05,0.15), eps=1e-06",1e-05,0.15,1e-06,binary,42003828941,find_phi_fixed_budget_binary_search,"{""m_exploration"": 32614, ""safeguard"": 2, ""conf"": 0.9, ""budget"": 42003828941}"
"U(1e-05,0.15), eps=1e-06",1e-05,0.15,1e-06,binary,64582935136,find_phi_fixed_budget_binary_search,"{""m_exploration"": 32614, ""safeguard"": 2, ""conf"": 0.9, ""budget"": 64582935136}"
"U(1e-05,0.15), eps=1e-06",1e-05,0.15,1e-06,binary,99299411888,find_phi_fixed_budget_binary_search,"{""m_exploration"": 68335, ""safeguard"": 2, ""conf"": 0.8, ""budget"": 99299411888}"
"U(1e-05,0.15), eps=1e-06",1e-05,0.15,1e-06,binary,152677687696,find_phi_fixed_budget_binary_search,"{""m_exploration"": 68335, ""safeguard"": 2, ""conf"": 0.8, ""budget"": 152677687696}"
"U(1e-05,0.15), eps=1e-06",1e-05,0.15,1e-06,binary,234749389519,find_phi_fixed_budget_binary_search,"{""m_exploration"": 300000, ""safeguard"": 2, ""conf"": 0.8, ""budget"": 234749389519}"
"U(1e-05,0.15), eps=1e-06",1e-05,0.15,1e-06,binary,360938632953,find_phi_fixed_budget_binary_search,"{""m_exploration"": 300000, ""safeguard"": 2, ""conf"": 0.5, ""budget"": 360938632953}"
"U(1e-05,0.15), eps=1e-06",1e-05,0.15,1e-06,binary,554960747820,find_phi_fixed_budget_binary_search,"{""m_exploration"": 300000, ""safeguard"": 2, ""conf"": 0.5, ""budget"": 554960747820}"
"U(1e-05,0.15), eps=1e-06",1e-05,0.15,1e-06,binary,853279210102,find_phi_fixed_budget_binary_search,"{""m_exploration"": 300000, ""safeguard"": 2, ""conf"": 0.5, ""budget"": 853279210102}"
"U(1e-05,0.15), eps=1e-06",1e-05,0.15,1e-06,binary,1311958392106,find_phi_fixed_budget_binary_search,"{""m_exploration"": 300000, ""safeguard"": 2, ""conf"": 0.5, ""budget"": 1311958392106}"
"U(1e-05,0.15), eps=1e-06",1e-05,0.15,1e-06,binary,2017200000000,find_phi_fixed_budget_binary_search,"{""m_exploration"": 300000, ""safeguard"": 2, ""conf"": 0.5, ""budget"": 2017200000000}"
"U(1e-05,0.15), eps=1e-06",1e-05,0.15,1e-06,reverse_eng_risk,1344800000,find_phi_fixed_budget_reverse_engineering_risk,"{""m_exploration"": 300000, ""eps_target"": 1e-06, ""budget"": 1344800000}"
"U(1e-05,0.15), eps=1e-06",1e-05,0.15,1e-06,reverse_eng_risk,2067695573,find_phi_fixed_budget_reverse_engineering_risk,"{""m_exploration"": 300000, ""eps_target"": 1e-06, ""budget"": 2067695573}"
"U(1e-05,0.15), eps=1e-06",1e-05,0.15,1e-06,reverse_eng_risk,3179182766,find_phi_fixed_budget_reverse_engineering_risk,"{""m_exploration"": 300000, ""eps_target"": 1e-06, ""budget"": 3179182766}"
"U(1e-05,0.15), eps=1e-06",1e-05,0.15,1e-06,reverse_eng_risk,4888148523,find_phi_fixed_budget_reverse_engineering_risk,"{""m_exploration"": 180853, ""eps_target"": 1e-06, ""budget"": 4888148523}"
"U(1e-05,0.15), eps=1e-06",1e-05,0.15,1e-06,reverse_eng_risk,7515766704,find_phi_fixed_budget_reverse_engineering_risk,"{""m_exploration"": 180853, ""eps_target"": 1e-06, ""budget"": 7515766704}"
"U(1e-05,0.15), eps=1e-06",1e-05,0.15,1e-06,reverse_eng_risk,11555857783,find_phi_fixed_budget_reverse_engineering_risk,"{""m_exploration"": 180853, ""eps_target"": 1e-06, ""budget"": 11555857783}"
"U(1e-05,0.15), eps=1e-06",1e-05,0.15,1e-06,reverse_eng_risk,17767694814,find_phi_fixed_budget_reverse_engineering_risk,"{""m_exploration"": 3154, ""eps_target"": 1e-06, ""budget"": 17767694814}"
"U(1e-05,0.15), eps=1e-06",1e-05,0.15,1e-06,reverse_eng_risk,27318697144,find_phi_fixed_budget_reverse_engineering_risk,"{""m_exploration"": 8680, ""eps_target"": 1e-06, ""budget"": 27318697144}"
"U(1e-05,0.15), eps=1e-06",1e-05,0.15,1e-06,reverse_eng_risk,42003828941,find_phi_fixed_budget_reverse_engineering_risk,"{""m_exploration"": 3154, ""eps_target"": 1e-06, ""budget"": 42003828941}"
"U(1e-05,0.15), eps=1e-06",1e-05,0.15,1e-06,reverse_eng_risk,64582935136,find_phi_fixed_budget_reverse_engineering_risk,"{""m_exploration"": 1901, ""eps_target"": 1e-06, ""budget"": 64582935136}"
"U(1e-05,0.15), eps=1e-06",1e-05,0.15,1e-06,reverse_eng_risk,99299411888,find_phi_fixed_budget_reverse_engineering_risk,"{""m_exploration"": 65726, ""eps_target"": 1e-06, ""budget"": 99299411888}"
"U(1e-05,0.15), eps=1e-06",1e-05,0.15,1e-06,reverse_eng_risk,152677687696,find_phi_fixed_budget_reverse_engineering_risk,"{""m_exploration"": 251, ""eps_target"": 1e-06, ""budget"": 152677687696}"
"U(1e-05,0.15), eps=1e-06",1e-05,0.15,1e-06,reverse_eng_risk,234749389519,find_phi_fixed_budget_reverse_engineering_risk,"{""m_exploration"": 1901, ""eps_target"": 1e-06, ""budget"": 234749389519}"
"U(1e-05,0.15), eps=1e-06",1e-05,0.15,1e-06,reverse_eng_risk,360938632953,find_phi_fixed_budget_reverse_engineering_risk,"{""m_exploration"": 20, ""eps_target"": 1e-06, ""budget"": 360938632953}"
"U(1e-05,0.15), eps=1e-06",1e-05,0.15,1e-06,reverse_eng_risk,554960747820,find_phi_fixed_budget_reverse_engineering_risk,"{""m_exploration"": 20, ""eps_target"": 1e-06, ""budget"": 554960747820}"
"U(1e-05,0.15), eps=1e-06",1e-05,0.15,1e-06,reverse_eng_risk,853279210102,find_phi_fixed_budget_reverse_engineering_risk,"{""m_exploration"": 20, ""eps_target"": 1e-06, ""budget"": 853279210102}"
"U(1e-05,0.15), eps=1e-06",1e-05,0.15,1e-06,reverse_eng_risk,1311958392106,find_phi_fixed_budget_reverse_engineering_risk,"{""m_exploration"": 20, ""eps_target"": 1e-06, ""budget"": 1311958392106}"
"U(1e-05,0.15), eps=1e-06",1e-05,0.15,1e-06,reverse_eng_risk,2017200000000,find_phi_fixed_budget_reverse_engineering_risk,"{""m_exploration"": 20, ""eps_target"": 1e-06, ""budget"": 2017200000000}"
"U(1e-05,0.15), eps=1e-06",1e-05,0.15,1e-06,binary_risk,1344800000,find_phi_fixed_budget_binary_search_risk,"{""m_exploration"": 385, ""conf"": 0.5, ""eps_target"": 1e-06, ""budget"": 1344800000}"
"U(1e-05,0.15), eps=1e-06",1e-05,0.15,1e-06,binary_risk,2067695573,find_phi_fixed_budget_binary_search_risk,"{""m_exploration"": 385, ""conf"": 0.5, ""eps_target"": 1e-06, ""budget"": 2067695573}"
"U(1e-05,0.15), eps=1e-06",1e-05,0.15,1e-06,binary_risk,3179182766,find_phi_fixed_budget_binary_search_risk,"{""m_exploration"": 385, ""conf"": 0.5, ""eps_target"": 1e-06, ""budget"": 3179182766}"
"U(1e-05,0.15), eps=1e-06",1e-05,0.15,1e-06,binary_risk,4888148523,find_phi_fixed_budget_binary_search_risk,"{""m_exploration"": 1692, ""conf"": 0.5, ""eps_target"": 1e-06, ""budget"": 4888148523}"
"U(1e-05,0.15), eps=1e-06",1e-05,0.15,1e-06,binary_risk,7515766704,find_phi_fixed_budget_binary_search_risk,"{""m_exploration"": 3545, ""conf"": 0.5, ""eps_target"": 1e-06, ""budget"": 7515766704}"
"U(1e-05,0.15), eps=1e-06",1e-05,0.15,1e-06,binary_risk,11555857783,find_phi_fixed_budget_binary_search_risk,"{""m_exploration"": 3545, ""conf"": 0.5, ""eps_target"": 1e-06, ""budget"": 11555857783}"
"U(1e-05,0.15), eps=1e-06",1e-05,0.15,1e-06,binary_risk,17767694814,find_phi_fixed_budget_binary_search_risk,"{""m_exploration"": 3545, ""conf"": 0.5, ""eps_target"": 1e-06, ""budget"": 17767694814}"
"U(1e-05,0.15), eps=1e-06",1e-05,0.15,1e-06,binary_risk,27318697144,find_phi_fixed_budget_binary_search_risk,"{""m_exploration"": 3545, ""conf"": 0.5, ""eps_target"": 1e-06, ""budget"": 27318697144}"
"U(1e-05,0.15), eps=1e-06",1e-05,0.15,1e-06,binary_risk,42003828941,find_phi_fixed_budget_binary_search_risk,"{""m_exploration"": 3545, ""conf"": 0.5, ""eps_target"": 1e-06, ""budget"": 42003828941}"
"U(1e-05,0.15), eps=1e-06",1e-05,0.15,1e-06,binary_risk,64582935136,find_phi_fixed_budget_binary_search_risk,"{""m_exploration"": 3545, ""conf"": 0.5, ""eps_target"": 1e-06, ""budget"": 64582935136}"
"U(1e-05,0.15), eps=1e-06",1e-05,0.15,1e-06,binary_risk,99299411888,find_phi_fixed_budget_binary_search_risk,"{""m_exploration"": 3545, ""conf"": 0.5, ""eps_target"": 1e-06, ""budget"": 99299411888}"
"U(1e-05,0.15), eps=1e-06",1e-05,0.15,1e-06,binary_risk,152677687696,find_phi_fixed_budget_binary_search_risk,"{""m_exploration"": 7429, ""conf"": 0.5, ""eps_target"": 1e-06, ""budget"": 152677687696}"
"U(1e-05,0.15), eps=1e-06",1e-05,0.15,1e-06,binary_risk,234749389519,find_phi_fixed_budget_binary_search_risk,"{""m_exploration"": 3545, ""conf"": 0.5, ""eps_target"": 1e-06, ""budget"": 234749389519}"
"U(1e-05,0.15), eps=1e-06",1e-05,0.15,1e-06,binary_risk,360938632953,find_phi_fixed_budget_binary_search_risk,"{""m_exploration"": 807, ""conf"": 0.5, ""eps_target"": 1e-06, ""budget"": 360938632953}"
"U(1e-05,0.15), eps=1e-06",1e-05,0.15,1e-06,binary_risk,554960747820,find_phi_fixed_budget_binary_search_risk,"{""m_exploration"": 20, ""conf"": 0.5, ""eps_target"": 1e-06, ""budget"": 554960747820}"
"U(1e-05,0.15), eps=1e-06",1e-05,0.15,1e-06,binary_risk,853279210102,find_phi_fixed_budget_binary_search_risk,"{""m_exploration"": 20, ""conf"": 0.5, ""eps_target"": 1e-06, ""budget"": 853279210102}"
"U(1e-05,0.15), eps=1e-06",1e-05,0.15,1e-06,binary_risk,1311958392106,find_phi_fixed_budget_binary_search_risk,"{""m_exploration"": 20, ""conf"": 0.5, ""eps_target"": 1e-06, ""budget"": 1311958392106}"
"U(1e-05,0.15), eps=1e-06",1e-05,0.15,1e-06,binary_risk,2017200000000,find_phi_fixed_budget_binary_search_risk,"{""m_exploration"": 20, ""conf"": 0.5, ""eps_target"": 1e-06, ""budget"": 2017200000000}"
"U(0.01,0.2), eps=1e-06",0.01,0.2,1e-06,linear,1921142857,find_phi_fixed_budget_linear_search,"{""m_exploration"": 30000, ""lookback_window"": 5, ""safeguard"": 0, ""inc"": 2, ""budget"": 1921142857}"
"U(0.01,0.2), eps=1e-06",0.01,0.2,1e-06,linear,2953850819,find_phi_fixed_budget_linear_search,"{""m_exploration"": 30000, ""lookback_window"": 5, ""safeguard"": 0, ""inc"": 2, ""budget"": 2953850819}"
"U(0.01,0.2), eps=1e-06",0.01,0.2,1e-06,linear,4541689666,find_phi_fixed_budget_linear_search,"{""m_exploration"": 30000, ""lookback_window"": 5, ""safeguard"": 0, ""inc"": 2, ""budget"": 4541689666}"
"U(0.01,0.2), eps=1e-06",0.01,0.2,1e-06,linear,6983069319,find_phi_fixed_budget_linear_search,"{""m_exploration"": 30000, ""lookback_window"": 5, ""safeguard"": 0, ""inc"": 2, ""budget"": 6983069319}"
"U(0.01,0.2), eps=1e-06",0.01,0.2,1e-06,linear,10736809578,find_phi_fixed_budget_linear_search,"{""m_exploration"": 30000, ""lookback_window"": 5, ""safeguard"": 0, ""inc"": 2, ""budget"": 10736809578}"
"U(0.01,0.2), eps=1e-06",0.01,0.2,1e-06,linear,16508368261,find_phi_fixed_budget_linear_search,"{""m_exploration"": 1392, ""lookback_window"": 5, ""safeguard"": 0, ""inc"": 2, ""budget"": 16508368261}"
"U(0.01,0.2), eps=1e-06",0.01,0.2,1e-06,linear,25382421163,find_phi_fixed_budget_linear_search,"{""m_exploration"": 64633, ""lookback_window"": 5, ""safeguard"": 0, ""inc"": 1, ""budget"": 25382421163}"
"U(0.01,0.2), eps=1e-06",0.01,0.2,1e-06,linear,39026710206,find_phi_fixed_budget_linear_search,"{""m_exploration"": 64633, ""lookback_window"": 5, ""safeguard"": 0, ""inc"": 1, ""budget"": 39026710206}"
"U(0.01,0.2), eps=1e-06",0.01,0.2,1e-06,linear,60005469915,find_phi_fixed_budget_linear_search,"{""m_exploration"": 300000, ""lookback_window"": 5, ""safeguard"": 0, ""inc"": 1, ""budget"": 60005469915}"
"U(0.01,0.2), eps=1e-06",0.01,0.2,1e-06,linear,92261335909,find_phi_fixed_budget_linear_search,"{""m_exploration"": 64633, ""lookback_window"": 5, ""safeguard"": 0, ""inc"": 1, ""budget"": 92261335909}"
"U(0.01,0.2), eps=1e-06",0.01,0.2,1e-06,linear,141856302697,find_phi_fixed_budget_linear_search,"{""m_exploration"": 64633, ""lookback_window"": 5, ""safeguard"": 1, ""inc"": 1, ""budget"": 141856302697}"
"U(0.01,0.2), eps=1e-06",0.01,0.2,1e-06,linear,218110982424,find_phi_fixed_budget_linear_search,"{""m_exploration"": 1392, ""lookback_window"": 5, ""safeguard"": 1, ""inc"": 1, ""budget"": 218110982424}"
"U(0.01,0.2), eps=1e-06",0.01,0.2,1e-06,linear,335356270742,find_phi_fixed_budget_linear_search,"{""m_exploration"": 1392, ""lookback_window"": 5, ""safeguard"": 1, ""inc"": 1, ""budget"": 335356270742}"
"U(0.01,0.2), eps=1e-06",0.01,0.2,1e-06,linear,515626618504,find_phi_fixed_budget_linear_search,"{""m_exploration"": 29, ""lookback_window"": 1, ""safeguard"": 1, ""inc"": 1, ""budget"": 515626618504}"
"U(0.01,0.2), eps=1e-06",0.01,0.2,1e-06,linear,792801068315,find_phi_fixed_budget_linear_search,"{""m_exploration"": 13, ""lookback_window"": 1, ""safeguard"": 2, ""inc"": 1, ""budget"": 792801068315}"
"U(0.01,0.2), eps=1e-06",0.01,0.2,1e-06,linear,1218970300146,find_phi_fixed_budget_linear_search,"{""m_exploration"": 3, ""lookback_window"": 1, ""safeguard"": 5, ""inc"": 1, ""budget"": 1218970300146}"
"U(0.01,0.2), eps=1e-06",0.01,0.2,1e-06,linear,1874226274438,find_phi_fixed_budget_linear_search,"{""m_exploration"": 3, ""lookback_window"": 1, ""safeguard"": 5, ""inc"": 1, ""budget"": 1874226274438}"
"U(0.01,0.2), eps=1e-06",0.01,0.2,1e-06,linear,2881714285714,find_phi_fixed_budget_linear_search,"{""m_exploration"": 3, ""lookback_window"": 1, ""safeguard"": 5, ""inc"": 1, ""budget"": 2881714285714}"
"U(0.01,0.2), eps=1e-06",0.01,0.2,1e-06,reverse_eng,1921142857,find_phi_fixed_budget_reverse_engineering,"{""m_exploration"": 300000, ""safeguard"": 0.95, ""budget"": 1921142857}"
"U(0.01,0.2), eps=1e-06",0.01,0.2,1e-06,reverse_eng,2953850819,find_phi_fixed_budget_reverse_engineering,"{""m_exploration"": 300000, ""safeguard"": 0.95, ""budget"": 2953850819}"
"U(0.01,0.2), eps=1e-06",0.01,0.2,1e-06,reverse_eng,4541689666,find_phi_fixed_budget_reverse_engineering,"{""m_exploration"": 300000, ""safeguard"": 0.95, ""budget"": 4541689666}"
"U(0.01,0.2), eps=1e-06",0.01,0.2,1e-06,reverse_eng,6983069319,find_phi_fixed_budget_reverse_engineering,"{""m_exploration"": 180853, ""safeguard"": 0.95, ""budget"": 6983069319}"
"U(0.01,0.2), eps=1e-06",0.01,0.2,1e-06,reverse_eng,10736809578,find_phi_fixed_budget_reverse_engineering,"{""m_exploration"": 180853, ""safeguard"": 0.95, ""budget"": 10736809578}"
"U(0.01,0.2), eps=1e-06",0.01,0.2,1e-06,reverse_eng,16508368261,find_phi_fixed_budget_reverse_engineering,"{""m_exploration"": 109026, ""safeguard"": 0.95, ""budget"": 16508368261}"
"U(0.01,0.2), eps=1e-06",0.01,0.2,1e-06,reverse_eng,25382421163,find_phi_fixed_budget_reverse_engineering,"{""m_exploration"": 23886, ""safeguard"": 0.95, ""budget"": 25382421163}"
"U(0.01,0.2), eps=1e-06",0.01,0.2,1e-06,reverse_eng,39026710206,find_phi_fixed_budget_reverse_engineering,"{""m_exploration"": 23886, ""safeguard"": 0.95, ""budget"": 39026710206}"
"U(0.01,0.2), eps=1e-06",0.01,0.2,1e-06,reverse_eng,60005469915,find_phi_fixed_budget_reverse_engineering,"{""m_exploration"": 23886, ""safeguard"": 0.95, ""budget"": 60005469915}"
"U(0.01,0.2), eps=1e-06",0.01,0.2,1e-06,reverse_eng,92261335909,find_phi_fixed_budget_reverse_engineering,"{""m_exploration"": 39622, ""safeguard"": 0.95, ""budget"": 92261335909}"
"U(0.01,0.2), eps=1e-06",0.01,0.2,1e-06,reverse_eng,141856302697,find_phi_fixed_budget_reverse_engineering,"{""m_exploration"": 180853, ""safeguard"": 0.95, ""budget"": 141856302697}"
"U(0.01,0.2), eps=1e-06",0.01,0.2,1e-06,reverse_eng,218110982424,find_phi_fixed_budget_reverse_engineering,"{""m_exploration"": 14399, ""safeguard"": 0.9, ""budget"": 218110982424}"
"U(0.01,0.2), eps=1e-06",0.01,0.2,1e-06,reverse_eng,335356270742,find_phi_fixed_budget_reverse_engineering,"{""m_exploration"": 3154, ""safeguard"": 0.8, ""budget"": 335356270742}"
"U(0.01,0.2), eps=1e-06",0.01,0.2,1e-06,reverse_eng,515626618504,find_phi_fixed_budget_reverse_engineering,"{""m_exploration"": 3154, ""safeguard"": 0.8, ""budget"": 515626618504}"
"U(0.01,0.2), eps=1e-06",0.01,0.2,1e-06,reverse_eng,792801068315,find_phi_fixed_budget_reverse_engineering,"{""m_exploration"": 3154, ""safeguard"": 0.8, ""budget"": 792801068315}"
"U(0.01,0.2), eps=1e-06",0.01,0.2,1e-06,reverse_eng,1218970300146,find_phi_fixed_budget_reverse_engineering,"{""m_exploration"": 3154, ""safeguard"": 0.8, ""budget"": 1218970300146}"
"U(0.01,0.2), eps=1e-06",0.01,0.2,1e-06,reverse_eng,1874226274438,find_phi_fixed_budget_reverse_engineering,"{""m_exploration"": 3154, ""safeguard"": 0.8, ""budget"": 1874226274438}"
"U(0.01,0.2), eps=1e-06",0.01,0.2,1e-06,reverse_eng,2881714285714,find_phi_fixed_budget_reverse_engineering,"{""m_exploration"": 3154, ""safeguard"": 0.8, ""budget"": 2881714285714}"
"U(0.01,0.2), eps=1e-06",0.01,0.2,1e-06,binary,1921142857,find_phi_fixed_budget_binary_search,"{""m_exploration"": 68335, ""safeguard"": 1, ""conf"": 0.9, ""budget"": 1921142857}"
"U(0.01,0.2), eps=1e-06",0.01,0.2,1e-06,binary,2953850819,find_phi_fixed_budget_binary_search,"{""m_exploration"": 68335, ""safeguard"": 1, ""conf"": 0.9, ""budget"": 2953850819}"
"U(0.01,0.2), eps=1e-06",0.01,0.2,1e-06,binary,4541689666,find_phi_fixed_budget_binary_search,"{""m_exploration"": 1692, ""safeguard"": 2, ""conf"": 0.9, ""budget"": 4541689666}"
"U(0.01,0.2), eps=1e-06",0.01,0.2,1e-06,binary,6983069319,find_phi_fixed_budget_binary_search,"{""m_exploration"": 1692, ""safeguard"": 2, ""conf"": 0.9, ""budget"": 6983069319}"
"U(0.01,0.2), eps=1e-06",0.01,0.2,1e-06,binary,10736809578,find_phi_fixed_budget_binary_search,"{""m_exploration"": 68335, ""safeguard"": 1, ""conf"": 0.9, ""budget"": 10736809578}"
"U(0.01,0.2), eps=1e-06",0.01,0.2,1e-06,binary,16508368261,find_phi_fixed_budget_binary_search,"{""m_exploration"": 68335, ""safeguard"": 1, ""conf"": 0.9, ""budget"": 16508368261}"
"U(0.01,0.2), eps=1e-06",0.01,0.2,1e-06,binary,25382421163,find_phi_fixed_budget_binary_search,"{""m_exploration"": 143180, ""safeguard"": 1, ""conf"": 0.9, ""budget"": 25382421163}"
"U(0.01,0.2), eps=1e-06",0.01,0.2,1e-06,binary,39026710206,find_phi_fixed_budget_binary_search,"{""m_exploration"": 143180, ""safeguard"": 1, ""conf"": 0.9, ""budget"": 39026710206}"
"U(0.01,0.2), eps=1e-06",0.01,0.2,1e-06,binary,60005469915,find_phi_fixed_budget_binary_search,"{""m_exploration"": 143180, ""safeguard"": 1, ""conf"": 0.9, ""budget"": 60005469915}"
"U(0.01,0.2), eps=1e-06",0.01,0.2,1e-06,binary,92261335909,find_phi_fixed_budget_binary_search,"{""m_exploration"": 143180, ""safeguard"": 1, ""conf"": 0.9, ""budget"": 92261335909}"
"U(0.01,0.2), eps=1e-06",0.01,0.2,1e-06,binary,141856302697,find_phi_fixed_budget_binary_search,"{""m_exploration"": 143180, ""safeguard"": 1, ""conf"": 0.9, ""budget"": 141856302697}"
"U(0.01,0.2), eps=1e-06",0.01,0.2,1e-06,binary,218110982424,find_phi_fixed_budget_binary_search,"{""m_exploration"": 32614, ""safeguard"": 2, ""conf"": 0.9, ""budget"": 218110982424}"
"U(0.01,0.2), eps=1e-06",0.01,0.2,1e-06,binary,335356270742,find_phi_fixed_budget_binary_search,"{""m_exploration"": 32614, ""safeguard"": 2, ""conf"": 0.9, ""budget"": 335356270742}"
"U(0.01,0.2), eps=1e-06",0.01,0.2,1e-06,binary,515626618504,find_phi_fixed_budget_binary_search,"{""m_exploration"": 32614, ""safeguard"": 2, ""conf"": 0.5, ""budget"": 515626618504}"
"U(0.01,0.2), eps=1e-06",0.01,0.2,1e-06,binary,792801068315,find_phi_fixed_budget_binary_search,"{""m_exploration"": 3545, ""safeguard"": 2, ""conf"": 0.5, ""budget"": 792801068315}"
"U(0.01,0.2), eps=1e-06",0.01,0.2,1e-06,binary,1218970300146,find_phi_fixed_budget_binary_search,"{""m_exploration"": 3545, ""safeguard"": 2, ""conf"": 0.5, ""budget"": 1218970300146}"
"U(0.01,0.2), eps=1e-06",0.01,0.2,1e-06,binary,1874226274438,find_phi_fixed_budget_binary_search,"{""m_exploration"": 3545, ""safeguard"": 2, ""conf"": 0.5, ""budget"": 1874226274438}"
"U(0.01,0.2), eps=1e-06",0.01,0.2,1e-06,binary,2881714285714,find_phi_fixed_budget_binary_search,"{""m_exploration"": 3545, ""safeguard"": 2, ""conf"": 0.5, ""budget"": 2881714285714}"
"U(0.01,0.2), eps=1e-06",0.01,0.2,1e-06,reverse_eng_risk,1921142857,find_phi_fixed_budget_reverse_engineering_risk,"{""m_exploration"": 300000, ""eps_target"": 1e-06, ""budget"": 1921142857}"
"U(0.01,0.2), eps=1e-06",0.01,0.2,1e-06,reverse_eng_risk,2953850819,find_phi_fixed_budget_reverse_engineering_risk,"{""m_exploration"": 300000, ""eps_target"": 1e-06, ""budget"": 2953850819}"
"U(0.01,0.2), eps=1e-06",0.01,0.2,1e-06,reverse_eng_risk,4541689666,find_phi_fixed_budget_reverse_engineering_risk,"{""m_exploration"": 300000, ""eps_target"": 1e-06, ""budget"": 4541689666}"
"U(0.01,0.2), eps=1e-06",0.01,0.2,1e-06,reverse_eng_risk,6983069319,find_phi_fixed_budget_reverse_engineering_risk,"{""m_exploration"": 1901, ""eps_target"": 1e-06, ""budget"": 6983069319}"
"U(0.01,0.2), eps=1e-06",0.01,0.2,1e-06,reverse_eng_risk,10736809578,find_phi_fixed_budget_reverse_engineering_risk,"{""m_exploration"": 1901, ""eps_target"": 1e-06, ""budget"": 10736809578}"
"U(0.01,0.2), eps=1e-06",0.01,0.2,1e-06,reverse_eng_risk,16508368261,find_phi_fixed_budget_reverse_engineering_risk,"{""m_exploration"": 109026, ""eps_target"": 1e-06, ""budget"": 16508368261}"
"U(0.01,0.2), eps=1e-06",0.01,0.2,1e-06,reverse_eng_risk,25382421163,find_phi_fixed_budget_reverse_engineering_risk,"{""m_exploration"": 23886, ""eps_target"": 1e-06, ""budget"": 25382421163}"
"U(0.01,0.2), eps=1e-06",0.01,0.2,1e-06,reverse_eng_risk,39026710206,find_phi_fixed_budget_reverse_engineering_risk,"{""m_exploration"": 3154, ""eps_target"": 1e-06, ""budget"": 39026710206}"
"U(0.01,0.2), eps=1e-06",0.01,0.2,1e-06,reverse_eng_risk,60005469915,find_phi_fixed_budget_reverse_engineering_risk,"{""m_exploration"": 3154, ""eps_target"": 1e-06, ""budget"": 60005469915}"
"U(0.01,0.2), eps=1e-06",0.01,0.2,1e-06,reverse_eng_risk,92261335909,find_phi_fixed_budget_reverse_engineering_risk,"{""m_exploration"": 416, ""eps_target"": 1e-06, ""budget"": 92261335909}"
"U(0.01,0.2), eps=1e-06",0.01,0.2,1e-06,reverse_eng_risk,141856302697,find_phi_fixed_budget_reverse_engineering_risk,"{""m_exploration"": 23886, ""eps_target"": 1e-06, ""budget"": 141856302697}"
"U(0.01,0.2), eps=1e-06",0.01,0.2,1e-06,reverse_eng_risk,218110982424,find_phi_fixed_budget_reverse_engineering_risk,"{""m_exploration"": 1901, ""eps_target"": 1e-06, ""budget"": 218110982424}"
"U(0.01,0.2), eps=1e-06",0.01,0.2,1e-06,reverse_eng_risk,335356270742,find_phi_fixed_budget_reverse_engineering_risk,"{""m_exploration"": 691, ""eps_target"": 1e-06, ""budget"": 335356270742}"
"U(0.01,0.2), eps=1e-06",0.01,0.2,1e-06,reverse_eng_risk,515626618504,find_phi_fixed_budget_reverse_engineering_risk,"{""m_exploration"": 20, ""eps_target"": 1e-06, ""budget"": 515626618504}"
"U(0.01,0.2), eps=1e-06",0.01,0.2,1e-06,reverse_eng_risk,792801068315,find_phi_fixed_budget_reverse_engineering_risk,"{""m_exploration"": 20, ""eps_target"": 1e-06, ""budget"": 792801068315}"
"U(0.01,0.2), eps=1e-06",0.01,0.2,1e-06,reverse_eng_risk,1218970300146,find_phi_fixed_budget_reverse_engineering_risk,"{""m_exploration"": 20, ""eps_target"": 1e-06, ""budget"": 1218970300146}"
"U(0.01,0.2), eps=1e-06",0.01,0.2,1e-06,reverse_eng_risk,1874226274438,find_phi_fixed_budget_reverse_engineering_risk,"{""m_exploration"": 20, ""eps_target"": 1e-06, ""budget"": 1874226274438}"
"U(0.01,0.2), eps=1e-06",0.01,0.2,1e-06,reverse_eng_risk,2881714285714,find_phi_fixed_budget_reverse_engineering_risk,"{""m_exploration"": 20, ""eps_target"": 1e-06, ""budget"": 2881714285714}"
"U(0.01,0.2), eps=1e-06",0.01,0.2,1e-06,binary_risk,1921142857,find_phi_fixed_budget_binary_search_risk,"{""m_exploration"": 68335, ""conf"": 0.9, ""eps_target"": 1e-06, ""budget"": 1921142857}"
"U(0.01,0.2), eps=1e-06",0.01,0.2,1e-06,binary_risk,2953850819,find_phi_fixed_budget_binary_search_risk,"{""m_exploration"": 807, ""conf"": 0.8, ""eps_target"": 1e-06, ""budget"": 2953850819}"
"U(0.01,0.2), eps=1e-06",0.01,0.2,1e-06,binary_risk,4541689666,find_phi_fixed_budget_binary_search_risk,"{""m_exploration"": 807, ""conf"": 0.8, ""eps_target"": 1e-06, ""budget"": 4541689666}"
"U(0.01,0.2), eps=1e-06",0.01,0.2,1e-06,binary_risk,6983069319,find_phi_fixed_budget_binary_search_risk,"{""m_exploration"": 68335, ""conf"": 0.8, ""eps_target"": 1e-06, ""budget"": 6983069319}"
"U(0.01,0.2), eps=1e-06",0.01,0.2,1e-06,binary_risk,10736809578,find_phi_fixed_budget_binary_search_risk,"{""m_exploration"": 68335, ""conf"": 0.9, ""eps_target"": 1e-06, ""budget"": 10736809578}"
"U(0.01,0.2), eps=1e-06",0.01,0.2,1e-06,binary_risk,16508368261,find_phi_fixed_budget_binary_search_risk,"{""m_exploration"": 68335, ""conf"": 0.9, ""eps_target"": 1e-06, ""budget"": 16508368261}"
"U(0.01,0.2), eps=1e-06",0.01,0.2,1e-06,binary_risk,25382421163,find_phi_fixed_budget_binary_search_risk,"{""m_exploration"": 300000, ""conf"": 0.5, ""eps_target"": 1e-06, ""budget"": 25382421163}"
"U(0.01,0.2), eps=1e-06",0.01,0.2,1e-06,binary_risk,39026710206,find_phi_fixed_budget_binary_search_risk,"{""m_exploration"": 143180, ""conf"": 0.9, ""eps_target"": 1e-06, ""budget"": 39026710206}"
"U(0.01,0.2), eps=1e-06",0.01,0.2,1e-06,binary_risk,60005469915,find_phi_fixed_budget_binary_search_risk,"{""m_exploration"": 143180, ""conf"": 0.8, ""eps_target"": 1e-06, ""budget"": 60005469915}"
"U(0.01,0.2), eps=1e-06",0.01,0.2,1e-06,binary_risk,92261335909,find_phi_fixed_budget_binary_search_risk,"{""m_exploration"": 143180, ""conf"": 0.8, ""eps_target"": 1e-06, ""budget"": 92261335909}"
"U(0.01,0.2), eps=1e-06",0.01,0.2,1e-06,binary_risk,141856302697,find_phi_fixed_budget_binary_search_risk,"{""m_exploration"": 68335, ""conf"": 0.5, ""eps_target"": 1e-06, ""budget"": 141856302697}"
"U(0.01,0.2), eps=1e-06",0.01,0.2,1e-06,binary_risk,218110982424,find_phi_fixed_budget_binary_search_risk,"{""m_exploration"": 3545, ""conf"": 0.5, ""eps_target"": 1e-06, ""budget"": 218110982424}"
"U(0.01,0.2), eps=1e-06",0.01,0.2,1e-06,binary_risk,335356270742,find_phi_fixed_budget_binary_search_risk,"{""m_exploration"": 3545, ""conf"": 0.5, ""eps_target"": 1e-06, ""budget"": 335356270742}"
"U(0.01,0.2), eps=1e-06",0.01,0.2,1e-06,binary_risk,515626618504,find_phi_fixed_budget_binary_search_risk,"{""m_exploration"": 183, ""conf"": 0.5, ""eps_target"": 1e-06, ""budget"": 515626618504}"
"U(0.01,0.2), eps=1e-06",0.01,0.2,1e-06,binary_risk,792801068315,find_phi_fixed_budget_binary_search_risk,"{""m_exploration"": 41, ""conf"": 0.5, ""eps_target"": 1e-06, ""budget"": 792801068315}"
"U(0.01,0.2), eps=1e-06",0.01,0.2,1e-06,binary_risk,1218970300146,find_phi_fixed_budget_binary_search_risk,"{""m_exploration"": 20, ""conf"": 0.5, ""eps_target"": 1e-06, ""budget"": 1218970300146}"
"U(0.01,0.2), eps=1e-06",0.01,0.2,1e-06,binary_risk,1874226274438,find_phi_fixed_budget_binary_search_risk,"{""m_exploration"": 20, ""conf"": 0.5, ""eps_target"": 1e-06, ""budget"": 1874226274438}"
"U(0.01,0.2), eps=1e-06",0.01,0.2,1e-06,binary_risk,2881714285714,find_phi_fixed_budget_binary_search_risk,"{""m_exploration"": 20, ""conf"": 0.5, ""eps_target"": 1e-06, ""budget"": 2881714285714}"
"U(0.001,0.2), eps=1e-06",0.001,0.2,1e-06,linear,1921142857,find_phi_fixed_budget_linear_search,"{""m_exploration"": 30000, ""lookback_window"": 5, ""safeguard"": 0, ""inc"": 2, ""budget"": 1921142857}"
"U(0.001,0.2), eps=1e-06",0.001,0.2,1e-06,linear,2953850819,find_phi_fixed_budget_linear_search,"{""m_exploration"": 30000, ""lookback_window"": 5, ""safeguard"": 0, ""inc"": 2, ""budget"": 2953850819}"
"U(0.001,0.2), eps=1e-06",0.001,0.2,1e-06,linear,4541689666,find_phi_fixed_budget_linear_search,"{""m_exploration"": 30000, ""lookback_window"": 5, ""safeguard"": 0, ""inc"": 2, ""budget"": 4541689666}"
"U(0.001,0.2), eps=1e-06",0.001,0.2,1e-06,linear,6983069319,find_phi_fixed_budget_linear_search,"{""m_exploration"": 30000, ""lookback_window"": 5, ""safeguard"": 0, ""inc"": 2, ""budget"": 6983069319}"
"U(0.001,0.2), eps=1e-06",0.001,0.2,1e-06,linear,10736809578,find_phi_fixed_budget_linear_search,"{""m_exploration"": 30000, ""lookback_window"": 5, ""safeguard"": 0, ""inc"": 2, ""budget"": 10736809578}"
"U(0.001,0.2), eps=1e-06",0.001,0.2,1e-06,linear,16508368261,find_phi_fixed_budget_linear_search,"{""m_exploration"": 30000, ""lookback_window"": 5, ""safeguard"": 0, ""inc"": 2, ""budget"": 16508368261}"
"U(0.001,0.2), eps=1e-06",0.001,0.2,1e-06,linear,25382421163,find_phi_fixed_budget_linear_search,"{""m_exploration"": 30000, ""lookback_window"": 5, ""safeguard"": 0, ""inc"": 2, ""budget"": 25382421163}"
"U(0.001,0.2), eps=1e-06",0.001,0.2,1e-06,linear,39026710206,find_phi_fixed_budget_linear_search,"{""m_exploration"": 30000, ""lookback_window"": 5, ""safeguard"": 0, ""inc"": 2, ""budget"": 39026710206}"
"U(0.001,0.2), eps=1e-06",0.001,0.2,1e-06,linear,60005469915,find_phi_fixed_budget_linear_search,"{""m_exploration"": 300000, ""lookback_window"": 5, ""safeguard"": 0, ""inc"": 2, ""budget"": 60005469915}"
"U(0.001,0.2), eps=1e-06",0.001,0.2,1e-06,linear,92261335909,find_phi_fixed_budget_linear_search,"{""m_exploration"": 300000, ""lookback_window"": 5, ""safeguard"": 0, ""inc"": 2, ""budget"": 92261335909}"
"U(0.001,0.2), eps=1e-06",0.001,0.2,1e-06,linear,141856302697,find_phi_fixed_budget_linear_search,"{""m_exploration"": 300000, ""lookback_window"": 5, ""safeguard"": 0, ""inc"": 2, ""budget"": 141856302697}"
"U(0.001,0.2), eps=1e-06",0.001,0.2,1e-06,linear,218110982424,find_phi_fixed_budget_linear_search,"{""m_exploration"": 64633, ""lookback_window"": 5, ""safeguard"": 1, ""inc"": 2, ""budget"": 218110982424}"
"U(0.001,0.2), eps=1e-06",0.001,0.2,1e-06,linear,335356270742,find_phi_fixed_budget_linear_search,"{""m_exploration"": 6463, ""lookback_window"": 1, ""safeguard"": 1, ""inc"": 2, ""budget"": 335356270742}"
"U(0.001,0.2), eps=1e-06",0.001,0.2,1e-06,linear,515626618504,find_phi_fixed_budget_linear_search,"{""m_exploration"": 29, ""lookback_window"": 1, ""safeguard"": 1, ""inc"": 1, ""budget"": 515626618504}"
"U(0.001,0.2), eps=1e-06",0.001,0.2,1e-06,linear,792801068315,find_phi_fixed_budget_linear_search,"{""m_exploration"": 29, ""lookback_window"": 1, ""safeguard"": 1, ""inc"": 1, ""budget"": 792801068315}"
"U(0.001,0.2), eps=1e-06",0.001,0.2,1e-06,linear,1218970300146,find_phi_fixed_budget_linear_search,"{""m_exploration"": 3, ""lookback_window"": 1, ""safeguard"": 5, ""inc"": 1, ""budget"": 1218970300146}"
"U(0.001,0.2), eps=1e-06",0.001,0.2,1e-06,linear,1874226274438,find_phi_fixed_budget_linear_search,"{""m_exploration"": 3, ""lookback_window"": 1, ""safeguard"": 5, ""inc"": 1, ""budget"": 1874226274438}"
"U(0.001,0.2), eps=1e-06",0.001,0.2,1e-06,linear,2881714285714,find_phi_fixed_budget_linear_search,"{""m_exploration"": 3, ""lookback_window"": 1, ""safeguard"": 5, ""inc"": 1, ""budget"": 2881714285714}"
"U(0.001,0.2), eps=1e-06",0.001,0.2,1e-06,reverse_eng,1921142857,find_phi_fixed_budget_reverse_engineering,"{""m_exploration"": 300000, ""safeguard"": 0.95, ""budget"": 1921142857}"
"U(0.001,0.2), eps=1e-06",0.001,0.2,1e-06,reverse_eng,2953850819,find_phi_fixed_budget_reverse_engineering,"{""m_exploration"": 300000, ""safeguard"": 0.95, ""budget"": 2953850819}"
"U(0.001,0.2), eps=1e-06",0.001,0.2,1e-06,reverse_eng,4541689666,find_phi_fixed_budget_reverse_engineering,"{""m_exploration"": 300000, ""safeguard"": 0.95, ""budget"": 4541689666}"
"U(0.001,0.2), eps=1e-06",0.001,0.2,1e-06,reverse_eng,6983069319,find_phi_fixed_budget_reverse_engineering,"{""m_exploration"": 300000, ""safeguard"": 0.95, ""budget"": 6983069319}"
"U(0.001,0.2), eps=1e-06",0.001,0.2,1e-06,reverse_eng,10736809578,find_phi_fixed_budget_reverse_engineering,"{""m_exploration"": 180853, ""safeguard"": 0.95, ""budget"": 10736809578}"
"U(0.001,0.2), eps=1e-06",0.001,0.2,1e-06,reverse_eng,16508368261,find_phi_fixed_budget_reverse_engineering,"{""m_exploration"": 180853, ""safeguard"": 0.95, ""budget"": 16508368261}"
"U(0.001,0.2), eps=1e-06",0.001,0.2,1e-06,reverse_eng,25382421163,find_phi_fixed_budget_reverse_engineering,"{""m_exploration"": 180853, ""safeguard"": 0.95, ""budget"": 25382421163}"
"U(0.001,0.2), eps=1e-06",0.001,0.2,1e-06,reverse_eng,39026710206,find_phi_fixed_budget_reverse_engineering,"{""m_exploration"": 180853, ""safeguard"": 0.95, ""budget"": 39026710206}"
"U(0.001,0.2), eps=1e-06",0.001,0.2,1e-06,reverse_eng,60005469915,find_phi_fixed_budget_reverse_engineering,"{""m_exploration"": 180853, ""safeguard"": 0.95, ""budget"": 60005469915}"
"U(0.001,0.2), eps=1e-06",0.001,0.2,1e-06,reverse_eng,92261335909,find_phi_fixed_budget_reverse_engineering,"{""m_exploration"": 180853, ""safeguard"": 0.9, ""budget"": 92261335909}"
"U(0.001,0.2), eps=1e-06",0.001,0.2,1e-06,reverse_eng,141856302697,find_phi_fixed_budget_reverse_engineering,"{""m_exploration"": 180853, ""safeguard"": 0.9, ""budget"": 141856302697}"
"U(0.001,0.2), eps=1e-06",0.001,0.2,1e-06,reverse_eng,218110982424,find_phi_fixed_budget_reverse_engineering,"{""m_exploration"": 109026, ""safeguard"": 0.9, ""budget"": 218110982424}"
"U(0.001,0.2), eps=1e-06",0.001,0.2,1e-06,reverse_eng,335356270742,find_phi_fixed_budget_reverse_engineering,"{""m_exploration"": 39622, ""safeguard"": 0.8, ""budget"": 335356270742}"
"U(0.001,0.2), eps=1e-06",0.001,0.2,1e-06,reverse_eng,515626618504,find_phi_fixed_budget_reverse_engineering,"{""m_exploration"": 39622, ""safeguard"": 0.8, ""budget"": 515626618504}"
"U(0.001,0.2), eps=1e-06",0.001,0.2,1e-06,reverse_eng,792801068315,find_phi_fixed_budget_reverse_engineering,"{""m_exploration"": 39622, ""safeguard"": 0.8, ""budget"": 792801068315}"
"U(0.001,0.2), eps=1e-06",0.001,0.2,1e-06,reverse_eng,1218970300146,find_phi_fixed_budget_reverse_engineering,"{""m_exploration"": 39622, ""safeguard"": 0.8, ""budget"": 1218970300146}"
"U(0.001,0.2), eps=1e-06",0.001,0.2,1e-06,reverse_eng,1874226274438,find_phi_fixed_budget_reverse_engineering,"{""m_exploration"": 39622, ""safeguard"": 0.8, ""budget"": 1874226274438}"
"U(0.001,0.2), eps=1e-06",0.001,0.2,1e-06,reverse_eng,2881714285714,find_phi_fixed_budget_reverse_engineering,"{""m_exploration"": 39622, ""safeguard"": 0.8, ""budget"": 2881714285714}"
"U(0.001,0.2), eps=1e-06",0.001,0.2,1e-06,binary,1921142857,find_phi_fixed_budget_binary_search,"{""m_exploration"": 7429, ""safeguard"": 2, ""conf"": 0.9, ""budget"": 1921142857}"
"U(0.001,0.2), eps=1e-06",0.001,0.2,1e-06,binary,2953850819,find_phi_fixed_budget_binary_search,"{""m_exploration"": 15565, ""safeguard"": 2, ""conf"": 0.9, ""budget"": 2953850819}"
"U(0.001,0.2), eps=1e-06",0.001,0.2,1e-06,binary,4541689666,find_phi_fixed_budget_binary_search,"{""m_exploration"": 7429, ""safeguard"": 2, ""conf"": 0.9, ""budget"": 4541689666}"
"U(0.001,0.2), eps=1e-06",0.001,0.2,1e-06,binary,6983069319,find_phi_fixed_budget_binary_search,"{""m_exploration"": 15565, ""safeguard"": 2, ""conf"": 0.9, ""budget"": 6983069319}"
"U(0.001,0.2), eps=1e-06",0.001,0.2,1e-06,binary,10736809578,find_phi_fixed_budget_binary_search,"{""m_exploration"": 7429, ""safeguard"": 2, ""conf"": 0.9, ""budget"": 10736809578}"
"U(0.001,0.2), eps=1e-06",0.001,0.2,1e-06,binary,16508368261,find_phi_fixed_budget_binary_search,"{""m_exploration"": 300000, ""safeguard"": 1, ""conf"": 0.9, ""budget"": 16508368261}"
"U(0.001,0.2), eps=1e-06",0.001,0.2,1e-06,binary,25382421163,find_phi_fixed_budget_binary_search,"{""m_exploration"": 300000, ""safeguard"": 1, ""conf"": 0.9, ""budget"": 25382421163}"
"U(0.001,0.2), eps=1e-06",0.001,0.2,1e-06,binary,39026710206,find_phi_fixed_budget_binary_search,"{""m_exploration"": 300000, ""safeguard"": 1, ""conf"": 0.9, ""budget"": 39026710206}"
"U(0.001,0.2), eps=1e-06",0.001,0.2,1e-06,binary,60005469915,find_phi_fixed_budget_binary_search,"{""m_exploration"": 300000, ""safeguard"": 1, ""conf"": 0.9, ""budget"": 60005469915}"
"U(0.001,0.2), eps=1e-06",0.001,0.2,1e-06,binary,92261335909,find_phi_fixed_budget_binary_search,"{""m_exploration"": 32614, ""safeguard"": 2, ""conf"": 0.8, ""budget"": 92261335909}"
"U(0.001,0.2), eps=1e-06",0.001,0.2,1e-06,binary,141856302697,find_phi_fixed_budget_binary_search,"{""m_exploration"": 32614, ""safeguard"": 2, ""conf"": 0.8, ""budget"": 141856302697}"
"U(0.001,0.2), eps=1e-06",0.001,0.2,1e-06,binary,218110982424,find_phi_fixed_budget_binary_search,"{""m_exploration"": 68335, ""safeguard"": 2, ""conf"": 0.8, ""budget"": 218110982424}"
"U(0.001,0.2), eps=1e-06",0.001,0.2,1e-06,binary,335356270742,find_phi_fixed_budget_binary_search,"{""m_exploration"": 300000, ""safeguard"": 2, ""conf"": 0.9, ""budget"": 335356270742}"
"U(0.001,0.2), eps=1e-06",0.001,0.2,1e-06,binary,515626618504,find_phi_fixed_budget_binary_search,"{""m_exploration"": 68335, ""safeguard"": 2, ""conf"": 0.5, ""budget"": 515626618504}"
"U(0.001,0.2), eps=1e-06",0.001,0.2,1e-06,binary,792801068315,find_phi_fixed_budget_binary_search,"{""m_exploration"": 68335, ""safeguard"": 2, ""conf"": 0.5, ""budget"": 792801068315}"
"U(0.001,0.2), eps=1e-06",0.001,0.2,1e-06,binary,1218970300146,find_phi_fixed_budget_binary_search,"{""m_exploration"": 68335, ""safeguard"": 2, ""conf"": 0.5, ""budget"": 1218970300146}"
"U(0.001,0.2), eps=1e-06",0.001,0.2,1e-06,binary,1874226274438,find_phi_fixed_budget_binary_search,"{""m_exploration"": 68335, ""safeguard"": 2, ""conf"": 0.5, ""budget"": 1874226274438}"
"U(0.001,0.2), eps=1e-06",0.001,0.2,1e-06,binary,2881714285714,find_phi_fixed_budget_binary_search,"{""m_exploration"": 68335, ""safeguard"": 2, ""conf"": 0.5, ""budget"": 2881714285714}"
"U(0.001,0.2), eps=1e-06",0.001,0.2,1e-06,reverse_eng_risk,1921142857,find_phi_fixed_budget_reverse_engineering_risk,"{""m_exploration"": 300000, ""eps_target"": 1e-06, ""budget"": 1921142857}"
"U(0.001,0.2), eps=1e-06",0.001,0.2,1e-06,reverse_eng_risk,2953850819,find_phi_fixed_budget_reverse_engineering_risk,"{""m_exploration"": 300000, ""eps_target"": 1e-06, ""budget"": 2953850819}"
"U(0.001,0.2), eps=1e-06",0.001,0.2,1e-06,reverse_eng_risk,4541689666,find_phi_fixed_budget_reverse_engineering_risk,"{""m_exploration"": 300000, ""eps_target"": 1e-06, ""budget"": 4541689666}"
"U(0.001,0.2), eps=1e-06",0.001,0.2,1e-06,reverse_eng_risk,6983069319,find_phi_fixed_budget_reverse_engineering_risk,"{""m_exploration"": 300000, ""eps_target"": 1e-06, ""budget"": 6983069319}"
"U(0.001,0.2), eps=1e-06",0.001,0.2,1e-06,reverse_eng_risk,10736809578,find_phi_fixed_budget_reverse_engineering_risk,"{""m_exploration"": 1901, ""eps_target"": 1e-06, ""budget"": 10736809578}"
"U(0.001,0.2), eps=1e-06",0.001,0.2,1e-06,reverse_eng_risk,16508368261,find_phi_fixed_budget_reverse_engineering_risk,"{""m_exploration"": 39622, ""eps_target"": 1e-06, ""budget"": 16508368261}"
"U(0.001,0.2), eps=1e-06",0.001,0.2,1e-06,reverse_eng_risk,25382421163,find_phi_fixed_budget_reverse_engineering_risk,"{""m_exploration"": 8680, ""eps_target"": 1e-06, ""budget"": 25382421163}"
"U(0.001,0.2), eps=1e-06",0.001,0.2,1e-06,reverse_eng_risk,39026710206,find_phi_fixed_budget_reverse_engineering_risk,"{""m_exploration"": 180853, ""eps_target"": 1e-06, ""budget"": 39026710206}"
"U(0.001,0.2), eps=1e-06",0.001,0.2,1e-06,reverse_eng_risk,60005469915,find_phi_fixed_budget_reverse_engineering_risk,"{""m_exploration"": 5233, ""eps_target"": 1e-06, ""budget"": 60005469915}"
"U(0.001,0.2), eps=1e-06",0.001,0.2,1e-06,reverse_eng_risk,92261335909,find_phi_fixed_budget_reverse_engineering_risk,"{""m_exploration"": 1901, ""eps_target"": 1e-06, ""budget"": 92261335909}"
"U(0.001,0.2), eps=1e-06",0.001,0.2,1e-06,reverse_eng_risk,141856302697,find_phi_fixed_budget_reverse_engineering_risk,"{""m_exploration"": 1901, ""eps_target"": 1e-06, ""budget"": 141856302697}"
"U(0.001,0.2), eps=1e-06",0.001,0.2,1e-06,reverse_eng_risk,218110982424,find_phi_fixed_budget_reverse_engineering_risk,"{""m_exploration"": 1901, ""eps_target"": 1e-06, ""budget"": 218110982424}"
"U(0.001,0.2), eps=1e-06",0.001,0.2,1e-06,reverse_eng_risk,335356270742,find_phi_fixed_budget_reverse_engineering_risk,"{""m_exploration"": 691, ""eps_target"": 1e-06, ""budget"": 335356270742}"
"U(0.001,0.2), eps=1e-06",0.001,0.2,1e-06,reverse_eng_risk,515626618504,find_phi_fixed_budget_reverse_engineering_risk,"{""m_exploration"": 20, ""eps_target"": 1e-06, ""budget"": 515626618504}"
"U(0.001,0.2), eps=1e-06",0.001,0.2,1e-06,reverse_eng_risk,792801068315,find_phi_fixed_budget_reverse_engineering_risk,"{""m_exploration"": 20, ""eps_target"": 1e-06, ""budget"": 792801068315}"
"U(0.001,0.2), eps=1e-06",0.001,0.2,1e-06,reverse_eng_risk,1218970300146,find_phi_fixed_budget_reverse_engineering_risk,"{""m_exploration"": 20, ""eps_target"": 1e-06, ""budget"": 1218970300146}"
"U(0.001,0.2), eps=1e-06",0.001,0.2,1e-06,reverse_eng_risk,1874226274438,find_phi_fixed_budget_reverse_engineering_risk,"{""m_exploration"": 20, ""eps_target"": 1e-06, ""budget"": 1874226274438}"
"U(0.001,0.2), eps=1e-06",0.001,0.2,1e-06,reverse_eng_risk,2881714285714,find_phi_fixed_budget_reverse_engineering_risk,"{""m_exploration"": 20, ""eps_target"": 1e-06, ""budget"": 2881714285714}"
"U(0.001,0.2), eps=1e-06",0.001,0.2,1e-06,binary_risk,1921142857,find_phi_fixed_budget_binary_search_risk,"{""m_exploration"": 3545, ""conf"": 0.5, ""eps_target"": 1e-06, ""budget"": 1921142857}"
"U(0.001,0.2), eps=1e-06",0.001,0.2,1e-06,binary_risk,2953850819,find_phi_fixed_budget_binary_search_risk,"{""m_exploration"": 15565, ""conf"": 0.9, ""eps_target"": 1e-06, ""budget"": 2953850819}"
"U(0.001,0.2), eps=1e-06",0.001,0.2,1e-06,binary_risk,4541689666,find_phi_fixed_budget_binary_search_risk,"{""m_exploration"": 7429, ""conf"": 0.5, ""eps_target"": 1e-06, ""budget"": 4541689666}"
"U(0.001,0.2), eps=1e-06",0.001,0.2,1e-06,binary_risk,6983069319,find_phi_fixed_budget_binary_search_risk,"{""m_exploration"": 7429, ""conf"": 0.5, ""eps_target"": 1e-06, ""budget"": 6983069319}"
"U(0.001,0.2), eps=1e-06",0.001,0.2,1e-06,binary_risk,10736809578,find_phi_fixed_budget_binary_search_risk,"{""m_exploration"": 7429, ""conf"": 0.9, ""eps_target"": 1e-06, ""budget"": 10736809578}"
"U(0.001,0.2), eps=1e-06",0.001,0.2,1e-06,binary_risk,16508368261,find_phi_fixed_budget_binary_search_risk,"{""m_exploration"": 300000, ""conf"": 0.8, ""eps_target"": 1e-06, ""budget"": 16508368261}"
"U(0.001,0.2), eps=1e-06",0.001,0.2,1e-06,binary_risk,25382421163,find_phi_fixed_budget_binary_search_risk,"{""m_exploration"": 15565, ""conf"": 0.9, ""eps_target"": 1e-06, ""budget"": 25382421163}"
"U(0.001,0.2), eps=1e-06",0.001,0.2,1e-06,binary_risk,39026710206,find_phi_fixed_budget_binary_search_risk,"{""m_exploration"": 32614, ""conf"": 0.8, ""eps_target"": 1e-06, ""budget"": 39026710206}"
"U(0.001,0.2), eps=1e-06",0.001,0.2,1e-06,binary_risk,60005469915,find_phi_fixed_budget_binary_search_risk,"{""m_exploration"": 32614, ""conf"": 0.8, ""eps_target"": 1e-06, ""budget"": 60005469915}"
"U(0.001,0.2), eps=1e-06",0.001,0.2,1e-06,binary_risk,92261335909,find_phi_fixed_budget_binary_search_risk,"{""m_exploration"": 32614, ""conf"": 0.5, ""eps_target"": 1e-06, ""budget"": 92261335909}"
"U(0.001,0.2), eps=1e-06",0.001,0.2,1e-06,binary_risk,141856302697,find_phi_fixed_budget_binary_search_risk,"{""m_exploration"": 32614, ""conf"": 0.5, ""eps_target"": 1e-06, ""budget"": 141856302697}"
"U(0.001,0.2), eps=1e-06",0.001,0.2,1e-06,binary_risk,218110982424,find_phi_fixed_budget_binary_search_risk,"{""m_exploration"": 1692, ""conf"": 0.5, ""eps_target"": 1e-06, ""budget"": 218110982424}"
"U(0.001,0.2), eps=1e-06",0.001,0.2,1e-06,binary_risk,335356270742,find_phi_fixed_budget_binary_search_risk,"{""m_exploration"": 1692, ""conf"": 0.5, ""eps_target"": 1e-06, ""budget"": 335356270742}"
"U(0.001,0.2), eps=1e-06",0.001,0.2,1e-06,binary_risk,515626618504,find_phi_fixed_budget_binary_search_risk,"{""m_exploration"": 87, ""conf"": 0.5, ""eps_target"": 1e-06, ""budget"": 515626618504}"
"U(0.001,0.2), eps=1e-06",0.001,0.2,1e-06,binary_risk,792801068315,find_phi_fixed_budget_binary_search_risk,"{""m_exploration"": 41, ""conf"": 0.5, ""eps_target"": 1e-06, ""budget"": 792801068315}"
"U(0.001,0.2), eps=1e-06",0.001,0.2,1e-06,binary_risk,1218970300146,find_phi_fixed_budget_binary_search_risk,"{""m_exploration"": 20, ""conf"": 0.5, ""eps_target"": 1e-06, ""budget"": 1218970300146}"
"U(0.001,0.2), eps=1e-06",0.001,0.2,1e-06,binary_risk,1874226274438,find_phi_fixed_budget_binary_search_risk,"{""m_exploration"": 20, ""conf"": 0.5, ""eps_target"": 1e-06, ""budget"": 1874226274438}"
"U(0.001,0.2), eps=1e-06",0.001,0.2,1e-06,binary_risk,2881714285714,find_phi_fixed_budget_binary_search_risk,"{""m_exploration"": 20, ""conf"": 0.5, ""eps_target"": 1e-06, ""budget"": 2881714285714}"
"U(0.0001,0.2), eps=1e-06",0.0001,0.2,1e-06,linear,1921142857,find_phi_fixed_budget_linear_search,"{""m_exploration"": 13924, ""lookback_window"": 5, ""safeguard"": 0, ""inc"": 2, ""budget"": 1921142857}"
"U(0.0001,0.2), eps=1e-06",0.0001,0.2,1e-06,linear,2953850819,find_phi_fixed_budget_linear_search,"{""m_exploration"": 13924, ""lookback_window"": 5, ""safeguard"": 0, ""inc"": 2, ""budget"": 2953850819}"
"U(0.0001,0.2), eps=1e-06",0.0001,0.2,1e-06,linear,4541689666,find_phi_fixed_budget_linear_search,"{""m_exploration"": 13924, ""lookback_window"": 5, ""safeguard"": 0, ""inc"": 2, ""budget"": 4541689666}"
"U(0.0001,0.2), eps=1e-06",0.0001,0.2,1e-06,linear,6983069319,find_phi_fixed_budget_linear_search,"{""m_exploration"": 13924, ""lookback_window"": 5, ""safeguard"": 0, ""inc"": 2, ""budget"": 6983069319}"
"U(0.0001,0.2), eps=1e-06",0.0001,0.2,1e-06,linear,10736809578,find_phi_fixed_budget_linear_search,"{""m_exploration"": 64633, ""lookback_window"": 5, ""safeguard"": 0, ""inc"": 1, ""budget"": 10736809578}"
"U(0.0001,0.2), eps=1e-06",0.0001,0.2,1e-06,linear,16508368261,find_phi_fixed_budget_linear_search,"{""m_exploration"": 64633, ""lookback_window"": 5, ""safeguard"": 0, ""inc"": 1, ""budget"": 16508368261}"
"U(0.0001,0.2), eps=1e-06",0.0001,0.2,1e-06,linear,25382421163,find_phi_fixed_budget_linear_search,"{""m_exploration"": 64633, ""lookback_window"": 5, ""safeguard"": 0, ""inc"": 1, ""budget"": 25382421163}"
"U(0.0001,0.2), eps=1e-06",0.0001,0.2,1e-06,linear,39026710206,find_phi_fixed_budget_linear_search,"{""m_exploration"": 64633, ""lookback_window"": 5, ""safeguard"": 0, ""inc"": 1, ""budget"": 39026710206}"
"U(0.0001,0.2), eps=1e-06",0.0001,0.2,1e-06,linear,60005469915,find_phi_fixed_budget_linear_search,"{""m_exploration"": 64633, ""lookback_window"": 5, ""safeguard"": 0, ""inc"": 1, ""budget"": 60005469915}"
"U(0.0001,0.2), eps=1e-06",0.0001,0.2,1e-06,linear,92261335909,find_phi_fixed_budget_linear_search,"{""m_exploration"": 64633, ""lookback_window"": 5, ""safeguard"": 0, ""inc"": 1, ""budget"": 92261335909}"
"U(0.0001,0.2), eps=1e-06",0.0001,0.2,1e-06,linear,141856302697,find_phi_fixed_budget_linear_search,"{""m_exploration"": 300000, ""lookback_window"": 5, ""safeguard"": 0, ""inc"": 2, ""budget"": 141856302697}"
"U(0.0001,0.2), eps=1e-06",0.0001,0.2,1e-06,linear,218110982424,find_phi_fixed_budget_linear_search,"{""m_exploration"": 64633, ""lookback_window"": 5, ""safeguard"": 1, ""inc"": 2, ""budget"": 218110982424}"
"U(0.0001,0.2), eps=1e-06",0.0001,0.2,1e-06,linear,335356270742,find_phi_fixed_budget_linear_search,"{""m_exploration"": 6463, ""lookback_window"": 1, ""safeguard"": 1, ""inc"": 2, ""budget"": 335356270742}"
"U(0.0001,0.2), eps=1e-06",0.0001,0.2,1e-06,linear,515626618504,find_phi_fixed_budget_linear_search,"{""m_exploration"": 13, ""lookback_window"": 1, ""safeguard"": 2, ""inc"": 1, ""budget"": 515626618504}"
"U(0.0001,0.2), eps=1e-06",0.0001,0.2,1e-06,linear,792801068315,find_phi_fixed_budget_linear_search,"{""m_exploration"": 13, ""lookback_window"": 1, ""safeguard"": 2, ""inc"": 1, ""budget"": 792801068315}"
"U(0.0001,0.2), eps=1e-06",0.0001,0.2,1e-06,linear,1218970300146,find_phi_fixed_budget_linear_search,"{""m_exploration"": 13, ""lookback_window"": 1, ""safeguard"": 2, ""inc"": 1, ""budget"": 1218970300146}"
"U(0.0001,0.2), eps=1e-06",0.0001,0.2,1e-06,linear,1874226274438,find_phi_fixed_budget_linear_search,"{""m_exploration"": 13, ""lookback_window"": 1, ""safeguard"": 2, ""inc"": 1, ""budget"": 1874226274438}"
"U(0.0001,0.2), eps=1e-06",0.0001,0.2,1e-06,linear,2881714285714,find_phi_fixed_budget_linear_search,"{""m_exploration"": 13, ""lookback_window"": 1, ""safeguard"": 2, ""inc"": 1, ""budget"": 2881714285714}"
"U(0.0001,0.2), eps=1e-06",0.0001,0.2,1e-06,reverse_eng,1921142857,find_phi_fixed_budget_reverse_engineering,"{""m_exploration"": 300000, ""safeguard"": 0.95, ""budget"": 1921142857}"
"U(0.0001,0.2), eps=1e-06",0.0001,0.2,1e-06,reverse_eng,2953850819,find_phi_fixed_budget_reverse_engineering,"{""m_exploration"": 300000, ""safeguard"": 0.95, ""budget"": 2953850819}"
"U(0.0001,0.2), eps=1e-06",0.0001,0.2,1e-06,reverse_eng,4541689666,find_phi_fixed_budget_reverse_engineering,"{""m_exploration"": 300000, ""safeguard"": 0.95, ""budget"": 4541689666}"
"U(0.0001,0.2), eps=1e-06",0.0001,0.2,1e-06,reverse_eng,6983069319,find_phi_fixed_budget_reverse_engineering,"{""m_exploration"": 300000, ""safeguard"": 0.95, ""budget"": 6983069319}"
"U(0.0001,0.2), eps=1e-06",0.0001,0.2,1e-06,reverse_eng,10736809578,find_phi_fixed_budget_reverse_engineering,"{""m_exploration"": 300000, ""safeguard"": 0.95, ""budget"": 10736809578}"
"U(0.0001,0.2), eps=1e-06",0.0001,0.2,1e-06,reverse_eng,16508368261,find_phi_fixed_budget_reverse_engineering,"{""m_exploration"": 300000, ""safeguard"": 0.95, ""budget"": 16508368261}"
"U(0.0001,0.2), eps=1e-06",0.0001,0.2,1e-06,reverse_eng,25382421163,find_phi_fixed_budget_reverse_engineering,"{""m_exploration"": 300000, ""safeguard"": 0.95, ""budget"": 25382421163}"
"U(0.0001,0.2), eps=1e-06",0.0001,0.2,1e-06,reverse_eng,39026710206,find_phi_fixed_budget_reverse_engineering,"{""m_exploration"": 300000, ""safeguard"": 0.95, ""budget"": 39026710206}"
"U(0.0001,0.2), eps=1e-06",0.0001,0.2,1e-06,reverse_eng,60005469915,find_phi_fixed_budget_reverse_engineering,"{""m_exploration"": 300000, ""safeguard"": 0.95, ""budget"": 60005469915}"
"U(0.0001,0.2), eps=1e-06",0.0001,0.2,1e-06,reverse_eng,92261335909,find_phi_fixed_budget_reverse_engineering,"{""m_exploration"": 300000, ""safeguard"": 0.9, ""budget"": 92261335909}"
"U(0.0001,0.2), eps=1e-06",0.0001,0.2,1e-06,reverse_eng,141856302697,find_phi_fixed_budget_reverse_engineering,"{""m_exploration"": 300000, ""safeguard"": 0.9, ""budget"": 141856302697}"
"U(0.0001,0.2), eps=1e-06",0.0001,0.2,1e-06,reverse_eng,218110982424,find_phi_fixed_budget_reverse_engineering,"{""m_exploration"": 300000, ""safeguard"": 0.85, ""budget"": 218110982424}"
"U(0.0001,0.2), eps=1e-06",0.0001,0.2,1e-06,reverse_eng,335356270742,find_phi_fixed_budget_reverse_engineering,"{""m_exploration"": 109026, ""safeguard"": 0.8, ""budget"": 335356270742}"
"U(0.0001,0.2), eps=1e-06",0.0001,0.2,1e-06,reverse_eng,515626618504,find_phi_fixed_budget_reverse_engineering,"{""m_exploration"": 109026, ""safeguard"": 0.8, ""budget"": 515626618504}"
"U(0.0001,0.2), eps=1e-06",0.0001,0.2,1e-06,reverse_eng,792801068315,find_phi_fixed_budget_reverse_engineering,"{""m_exploration"": 109026, ""safeguard"": 0.8, ""budget"": 792801068315}"
"U(0.0001,0.2), eps=1e-06",0.0001,0.2,1e-06,reverse_eng,1218970300146,find_phi_fixed_budget_reverse_engineering,"{""m_exploration"": 109026, ""safeguard"": 0.8, ""budget"": 1218970300146}"
"U(0.0001,0.2), eps=1e-06",0.0001,0.2,1e-06,reverse_eng,1874226274438,find_phi_fixed_budget_reverse_engineering,"{""m_exploration"": 109026, ""safeguard"": 0.8, ""budget"": 1874226274438}"
"U(0.0001,0.2), eps=1e-06",0.0001,0.2,1e-06,reverse_eng,2881714285714,find_phi_fixed_budget_reverse_engineering,"{""m_exploration"": 109026, ""safeguard"": 0.8, ""budget"": 2881714285714}"
"U(0.0001,0.2), eps=1e-06",0.0001,0.2,1e-06,binary,1921142857,find_phi_fixed_budget_binary_search,"{""m_exploration"": 3545, ""safeguard"": 2, ""conf"": 0.9, ""budget"": 1921142857}"
"U(0.0001,0.2), eps=1e-06",0.0001,0.2,1e-06,binary,2953850819,find_phi_fixed_budget_binary_search,"{""m_exploration"": 3545, ""safeguard"": 2, ""conf"": 0.9, ""budget"": 2953850819}"
"U(0.0001,0.2), eps=1e-06",0.0001,0.2,1e-06,binary,4541689666,find_phi_fixed_budget_binary_search,"{""m_exploration"": 3545, ""safeguard"": 2, ""conf"": 0.9, ""budget"": 4541689666}"
"U(0.0001,0.2), eps=1e-06",0.0001,0.2,1e-06,binary,6983069319,find_phi_fixed_budget_binary_search,"{""m_exploration"": 3545, ""safeguard"": 2, ""conf"": 0.9, ""budget"": 6983069319}"
"U(0.0001,0.2), eps=1e-06",0.0001,0.2,1e-06,binary,10736809578,find_phi_fixed_budget_binary_search,"{""m_exploration"": 32614, ""safeguard"": 2, ""conf"": 0.9, ""budget"": 10736809578}"
"U(0.0001,0.2), eps=1e-06",0.0001,0.2,1e-06,binary,16508368261,find_phi_fixed_budget_binary_search,"{""m_exploration"": 32614, ""safeguard"": 2, ""conf"": 0.9, ""budget"": 16508368261}"
"U(0.0001,0.2), eps=1e-06",0.0001,0.2,1e-06,binary,25382421163,find_phi_fixed_budget_binary_search,"{""m_exploration"": 143180, ""safeguard"": 1, ""conf"": 0.9, ""budget"": 25382421163}"
"U(0.0001,0.2), eps=1e-06",0.0001,0.2,1e-06,binary,39026710206,find_phi_fixed_budget_binary_search,"{""m_exploration"": 143180, ""safeguard"": 1, ""conf"": 0.9, ""budget"": 39026710206}"
"U(0.0001,0.2), eps=1e-06",0.0001,0.2,1e-06,binary,60005469915,find_phi_fixed_budget_binary_search,"{""m_exploration"": 32614, ""safeguard"": 2, ""conf"": 0.9, ""budget"": 60005469915}"
"U(0.0001,0.2), eps=1e-06",0.0001,0.2,1e-06,binary,92261335909,find_phi_fixed_budget_binary_search,"{""m_exploration"": 32614, ""safeguard"": 2, ""conf"": 0.9, ""budget"": 92261335909}"
"U(0.0001,0.2), eps=1e-06",0.0001,0.2,1e-06,binary,141856302697,find_phi_fixed_budget_binary_search,"{""m_exploration"": 32614, ""safeguard"": 2, ""conf"": 0.9, ""budget"": 141856302697}"
"U(0.0001,0.2), eps=1e-06",0.0001,0.2,1e-06,binary,218110982424,find_phi_fixed_budget_binary_search,"{""m_exploration"": 143180, ""safeguard"": 2, ""conf"": 0.9, ""budget"": 218110982424}"
"U(0.0001,0.2), eps=1e-06",0.0001,0.2,1e-06,binary,335356270742,find_phi_fixed_budget_binary_search,"{""m_exploration"": 143180, ""safeguard"": 2, ""conf"": 0.5, ""budget"": 335356270742}"
"U(0.0001,0.2), eps=1e-06",0.0001,0.2,1e-06,binary,515626618504,find_phi_fixed_budget_binary_search,"{""m_exploration"": 143180, ""safeguard"": 2, ""conf"": 0.5, ""budget"": 515626618504}"
"U(0.0001,0.2), eps=1e-06",0.0001,0.2,1e-06,binary,792801068315,find_phi_fixed_budget_binary_search,"{""m_exploration"": 143180, ""safeguard"": 2, ""conf"": 0.5, ""budget"": 792801068315}"
"U(0.0001,0.2), eps=1e-06",0.0001,0.2,1e-06,binary,1218970300146,find_phi_fixed_budget_binary_search,"{""m_exploration"": 143180, ""safeguard"": 2, ""conf"": 0.5, ""budget"": 1218970300146}"
"U(0.0001,0.2), eps=1e-06",0.0001,0.2,1e-06,binary,1874226274438,find_phi_fixed_budget_binary_search,"{""m_exploration"": 143180, ""safeguard"": 2, ""conf"": 0.5, ""budget"": 1874226274438}"
"U(0.0001,0.2), eps=1e-06",0.0001,0.2,1e-06,binary,2881714285714,find_phi_fixed_budget_binary_search,"{""m_exploration"": 143180, ""safeguard"": 2, ""conf"": 0.5, ""budget"": 2881714285714}"
"U(0.0001,0.2), eps=1e-06",0.0001,0.2,1e-06,reverse_eng_risk,1921142857,find_phi_fixed_budget_reverse_engineering_risk,"{""m_exploration"": 300000, ""eps_target"": 1e-06, ""budget"": 1921142857}"
"U(0.0001,0.2), eps=1e-06",0.0001,0.2,1e-06,reverse_eng_risk,2953850819,find_phi_fixed_budget_reverse_engineering_risk,"{""m_exploration"": 5233, ""eps_target"": 1e-06, ""budget"": 2953850819}"
"U(0.0001,0.2), eps=1e-06",0.0001,0.2,1e-06,reverse_eng_risk,4541689666,find_phi_fixed_budget_reverse_engineering_risk,"{""m_exploration"": 300000, ""eps_target"": 1e-06, ""budget"": 4541689666}"
"U(0.0001,0.2), eps=1e-06",0.0001,0.2,1e-06,reverse_eng_risk,6983069319,find_phi_fixed_budget_reverse_engineering_risk,"{""m_exploration"": 300000, ""eps_target"": 1e-06, ""budget"": 6983069319}"
"U(0.0001,0.2), eps=1e-06",0.0001,0.2,1e-06,reverse_eng_risk,10736809578,find_phi_fixed_budget_reverse_engineering_risk,"{""m_exploration"": 300000, ""eps_target"": 1e-06, ""budget"": 10736809578}"
"U(0.0001,0.2), eps=1e-06",0.0001,0.2,1e-06,reverse_eng_risk,16508368261,find_phi_fixed_budget_reverse_engineering_risk,"{""m_exploration"": 23886, ""eps_target"": 1e-06, ""budget"": 16508368261}"
"U(0.0001,0.2), eps=1e-06",0.0001,0.2,1e-06,reverse_eng_risk,25382421163,find_phi_fixed_budget_reverse_engineering_risk,"{""m_exploration"": 23886, ""eps_target"": 1e-06, ""budget"": 25382421163}"
"U(0.0001,0.2), eps=1e-06",0.0001,0.2,1e-06,reverse_eng_risk,39026710206,find_phi_fixed_budget_reverse_engineering_risk,"{""m_exploration"": 23886, ""eps_target"": 1e-06, ""budget"": 39026710206}"
"U(0.0001,0.2), eps=1e-06",0.0001,0.2,1e-06,reverse_eng_risk,60005469915,find_phi_fixed_budget_reverse_engineering_risk,"{""m_exploration"": 5233, ""eps_target"": 1e-06, ""budget"": 60005469915}"
"U(0.0001,0.2), eps=1e-06",0.0001,0.2,1e-06,reverse_eng_risk,92261335909,find_phi_fixed_budget_reverse_engineering_risk,"{""m_exploration"": 180853, ""eps_target"": 1e-06, ""budget"": 92261335909}"
"U(0.0001,0.2), eps=1e-06",0.0001,0.2,1e-06,reverse_eng_risk,141856302697,find_phi_fixed_budget_reverse_engineering_risk,"{""m_exploration"": 1901, ""eps_target"": 1e-06, ""budget"": 141856302697}"
"U(0.0001,0.2), eps=1e-06",0.0001,0.2,1e-06,reverse_eng_risk,218110982424,find_phi_fixed_budget_reverse_engineering_risk,"{""m_exploration"": 1901, ""eps_target"": 1e-06, ""budget"": 218110982424}"
"U(0.0001,0.2), eps=1e-06",0.0001,0.2,1e-06,reverse_eng_risk,335356270742,find_phi_fixed_budget_reverse_engineering_risk,"{""m_exploration"": 691, ""eps_target"": 1e-06, ""budget"": 335356270742}"
"U(0.0001,0.2), eps=1e-06",0.0001,0.2,1e-06,reverse_eng_risk,515626618504,find_phi_fixed_budget_reverse_engineering_risk,"{""m_exploration"": 20, ""eps_target"": 1e-06, ""budget"": 515626618504}"
"U(0.0001,0.2), eps=1e-06",0.0001,0.2,1e-06,reverse_eng_risk,792801068315,find_phi_fixed_budget_reverse_engineering_risk,"{""m_exploration"": 20, ""eps_target"": 1e-06, ""budget"": 792801068315}"
"U(0.0001,0.2), eps=1e-06",0.0001,0.2,1e-06,reverse_eng_risk,1218970300146,find_phi_fixed_budget_reverse_engineering_risk,"{""m_exploration"": 20, ""eps_target"": 1e-06, ""budget"": 1218970300146}"
"U(0.0001,0.2), eps=1e-06",0.0001,0.2,1e-06,reverse_eng_risk,1874226274438,find_phi_fixed_budget_reverse_engineering_risk,"{""m_exploration"": 20, ""eps_target"": 1e-06, ""budget"": 1874226274438}"
"U(0.0001,0.2), eps=1e-06",0.0001,0.2,1e-06,reverse_eng_risk,2881714285714,find_phi_fixed_budget_reverse_engineering_risk,"{""m_exploration"": 20, ""eps_target"": 1e-06, ""budget"": 2881714285714}"
"U(0.0001,0.2), eps=1e-06",0.0001,0.2,1e-06,binary_risk,1921142857,find_phi_fixed_budget_binary_search_risk,"{""m_exploration"": 3545, ""conf"": 0.8, ""eps_target"": 1e-06, ""budget"": 1921142857}"
"U(0.0001,0.2), eps=1e-06",0.0001,0.2,1e-06,binary_risk,2953850819,find_phi_fixed_budget_binary_search_risk,"{""m_exploration"": 3545, ""conf"": 0.8, ""eps_target"": 1e-06, ""budget"": 2953850819}"
"U(0.0001,0.2), eps=1e-06",0.0001,0.2,1e-06,binary_risk,4541689666,find_phi_fixed_budget_binary_search_risk,"{""m_exploration"": 15565, ""conf"": 0.5, ""eps_target"": 1e-06, ""budget"": 4541689666}"
"U(0.0001,0.2), eps=1e-06",0.0001,0.2,1e-06,binary_risk,6983069319,find_phi_fixed_budget_binary_search_risk,"{""m_exploration"": 15565, ""conf"": 0.5, ""eps_target"": 1e-06, ""budget"": 6983069319}"
"U(0.0001,0.2), eps=1e-06",0.0001,0.2,1e-06,binary_risk,10736809578,find_phi_fixed_budget_binary_search_risk,"{""m_exploration"": 3545, ""conf"": 0.5, ""eps_target"": 1e-06, ""budget"": 10736809578}"
"U(0.0001,0.2), eps=1e-06",0.0001,0.2,1e-06,binary_risk,16508368261,find_phi_fixed_budget_binary_search_risk,"{""m_exploration"": 15565, ""conf"": 0.8, ""eps_target"": 1e-06, ""budget"": 16508368261}"
"U(0.0001,0.2), eps=1e-06",0.0001,0.2,1e-06,binary_risk,25382421163,find_phi_fixed_budget_binary_search_risk,"{""m_exploration"": 15565, ""conf"": 0.8, ""eps_target"": 1e-06, ""budget"": 25382421163}"
"U(0.0001,0.2), eps=1e-06",0.0001,0.2,1e-06,binary_risk,39026710206,find_phi_fixed_budget_binary_search_risk,"{""m_exploration"": 32614, ""conf"": 0.5, ""eps_target"": 1e-06, ""budget"": 39026710206}"
"U(0.0001,0.2), eps=1e-06",0.0001,0.2,1e-06,binary_risk,60005469915,find_phi_fixed_budget_binary_search_risk,"{""m_exploration"": 7429, ""conf"": 0.5, ""eps_target"": 1e-06, ""budget"": 60005469915}"
"U(0.0001,0.2), eps=1e-06",0.0001,0.2,1e-06,binary_risk,92261335909,find_phi_fixed_budget_binary_search_risk,"{""m_exploration"": 15565, ""conf"": 0.5, ""eps_target"": 1e-06, ""budget"": 92261335909}"
"U(0.0001,0.2), eps=1e-06",0.0001,0.2,1e-06,binary_risk,141856302697,find_phi_fixed_budget_binary_search_risk,"{""m_exploration"": 15565, ""conf"": 0.5, ""eps_target"": 1e-06, ""budget"": 141856302697}"
"U(0.0001,0.2), eps=1e-06",0.0001,0.2,1e-06,binary_risk,218110982424,find_phi_fixed_budget_binary_search_risk,"{""m_exploration"": 807, ""conf"": 0.5, ""eps_target"": 1e-06, ""budget"": 218110982424}"
"U(0.0001,0.2), eps=1e-06",0.0001,0.2,1e-06,binary_risk,335356270742,find_phi_fixed_budget_binary_search_risk,"{""m_exploration"": 807, ""conf"": 0.5, ""eps_target"": 1e-06, ""budget"": 335356270742}"
"U(0.0001,0.2), eps=1e-06",0.0001,0.2,1e-06,binary_risk,515626618504,find_phi_fixed_budget_binary_search_risk,"{""m_exploration"": 183, ""conf"": 0.5, ""eps_target"": 1e-06, ""budget"": 515626618504}"
"U(0.0001,0.2), eps=1e-06",0.0001,0.2,1e-06,binary_risk,792801068315,find_phi_fixed_budget_binary_search_risk,"{""m_exploration"": 41, ""conf"": 0.5, ""eps_target"": 1e-06, ""budget"": 792801068315}"
"U(0.0001,0.2), eps=1e-06",0.0001,0.2,1e-06,binary_risk,1218970300146,find_phi_fixed_budget_binary_search_risk,"{""m_exploration"": 20, ""conf"": 0.5, ""eps_target"": 1e-06, ""budget"": 1218970300146}"
"U(0.0001,0.2), eps=1e-06",0.0001,0.2,1e-06,binary_risk,1874226274438,find_phi_fixed_budget_binary_search_risk,"{""m_exploration"": 20, ""conf"": 0.5, ""eps_target"": 1e-06, ""budget"": 1874226274438}"
"U(0.0001,0.2), eps=1e-06",0.0001,0.2,1e-06,binary_risk,2881714285714,find_phi_fixed_budget_binary_search_risk,"{""m_exploration"": 20, ""conf"": 0.5, ""eps_target"": 1e-06, ""budget"": 2881714285714}"
"U(3e-05,0.2), eps=1e-06",3e-05,0.2,1e-06,linear,1921142857,find_phi_fixed_budget_linear_search,"{""m_exploration"": 13924, ""lookback_window"": 5, ""safeguard"": 0, ""inc"": 2, ""budget"": 1921142857}"
"U(3e-05,0.2), eps=1e-06",3e-05,0.2,1e-06,linear,2953850819,find_phi_fixed_budget_linear_search,"{""m_exploration"": 13924, ""lookback_window"": 5, ""safeguard"": 0, ""inc"": 2, ""budget"": 2953850819}"
"U(3e-05,0.2), eps=1e-06",3e-05,0.2,1e-06,linear,4541689666,find_phi_fixed_budget_linear_search,"{""m_exploration"": 13924, ""lookback_window"": 5, ""safeguard"": 0, ""inc"": 2, ""budget"": 4541689666}"
"U(3e-05,0.2), eps=1e-06",3e-05,0.2,1e-06,linear,6983069319,find_phi_fixed_budget_linear_search,"{""m_exploration"": 13924, ""lookback_window"": 5, ""safeguard"": 0, ""inc"": 2, ""budget"": 6983069319}"
"U(3e-05,0.2), eps=1e-06",3e-05,0.2,1e-06,linear,10736809578,find_phi_fixed_budget_linear_search,"{""m_exploration"": 13924, ""lookback_window"": 5, ""safeguard"": 0, ""inc"": 2, ""budget"": 10736809578}"
"U(3e-05,0.2), eps=1e-06",3e-05,0.2,1e-06,linear,16508368261,find_phi_fixed_budget_linear_search,"{""m_exploration"": 64633, ""lookback_window"": 5, ""safeguard"": 0, ""inc"": 1, ""budget"": 16508368261}"
"U(3e-05,0.2), eps=1e-06",3e-05,0.2,1e-06,linear,25382421163,find_phi_fixed_budget_linear_search,"{""m_exploration"": 64633, ""lookback_window"": 5, ""safeguard"": 0, ""inc"": 1, ""budget"": 25382421163}"
"U(3e-05,0.2), eps=1e-06",3e-05,0.2,1e-06,linear,39026710206,find_phi_fixed_budget_linear_search,"{""m_exploration"": 64633, ""lookback_window"": 5, ""safeguard"": 0, ""inc"": 1, ""budget"": 39026710206}"
"U(3e-05,0.2), eps=1e-06",3e-05,0.2,1e-06,linear,60005469915,find_phi_fixed_budget_linear_search,"{""m_exploration"": 64633, ""lookback_window"": 5, ""safeguard"": 0, ""inc"": 1, ""budget"": 60005469915}"
"U(3e-05,0.2), eps=1e-06",3e-05,0.2,1e-06,linear,92261335909,find_phi_fixed_budget_linear_search,"{""m_exploration"": 64633, ""lookback_window"": 5, ""safeguard"": 0, ""inc"": 1, ""budget"": 92261335909}"
"U(3e-05,0.2), eps=1e-06",3e-05,0.2,1e-06,linear,141856302697,find_phi_fixed_budget_linear_search,"{""m_exploration"": 300000, ""lookback_window"": 5, ""safeguard"": 0, ""inc"": 2, ""budget"": 141856302697}"
"U(3e-05,0.2), eps=1e-06",3e-05,0.2,1e-06,linear,218110982424,find_phi_fixed_budget_linear_search,"{""m_exploration"": 64633, ""lookback_window"": 5, ""safeguard"": 1, ""inc"": 2, ""budget"": 218110982424}"
"U(3e-05,0.2), eps=1e-06",3e-05,0.2,1e-06,linear,335356270742,find_phi_fixed_budget_linear_search,"{""m_exploration"": 64633, ""lookback_window"": 5, ""safeguard"": 1, ""inc"": 1, ""budget"": 335356270742}"
"U(3e-05,0.2), eps=1e-06",3e-05,0.2,1e-06,linear,515626618504,find_phi_fixed_budget_linear_search,"{""m_exploration"": 13, ""lookback_window"": 1, ""safeguard"": 2, ""inc"": 1, ""budget"": 515626618504}"
"U(3e-05,0.2), eps=1e-06",3e-05,0.2,1e-06,linear,792801068315,find_phi_fixed_budget_linear_search,"{""m_exploration"": 13, ""lookback_window"": 1, ""safeguard"": 2, ""inc"": 1, ""budget"": 792801068315}"
"U(3e-05,0.2), eps=1e-06",3e-05,0.2,1e-06,linear,1218970300146,find_phi_fixed_budget_linear_search,"{""m_exploration"": 13, ""lookback_window"": 1, ""safeguard"": 2, ""inc"": 1, ""budget"": 1218970300146}"
"U(3e-05,0.2), eps=1e-06",3e-05,0.2,1e-06,linear,1874226274438,find_phi_fixed_budget_linear_search,"{""m_exploration"": 13, ""lookback_window"": 1, ""safeguard"": 2, ""inc"": 1, ""budget"": 1874226274438}"
"U(3e-05,0.2), eps=1e-06",3e-05,0.2,1e-06,linear,2881714285714,find_phi_fixed_budget_linear_search,"{""m_exploration"": 13, ""lookback_window"": 1, ""safeguard"": 2, ""inc"": 1, ""budget"": 2881714285714}"
"U(3e-05,0.2), eps=1e-06",3e-05,0.2,1e-06,reverse_eng,1921142857,find_phi_fixed_budget_reverse_engineering,"{""m_exploration"": 300000, ""safeguard"": 0.95, ""budget"": 1921142857}"
"U(3e-05,0.2), eps=1e-06",3e-05,0.2,1e-06,reverse_eng,2953850819,find_phi_fixed_budget_reverse_engineering,"{""m_exploration"": 300000, ""safeguard"": 0.95, ""budget"": 2953850819}"
"U(3e-05,0.2), eps=1e-06",3e-05,0.2,1e-06,reverse_eng,4541689666,find_phi_fixed_budget_reverse_engineering,"{""m_exploration"": 300000, ""safeguard"": 0.95, ""budget"": 4541689666}"
"U(3e-05,0.2), eps=1e-06",3e-05,0.2,1e-06,reverse_eng,6983069319,find_phi_fixed_budget_reverse_engineering,"{""m_exploration"": 300000, ""safeguard"": 0.95, ""budget"": 6983069319}"
"U(3e-05,0.2), eps=1e-06",3e-05,0.2,1e-06,reverse_eng,10736809578,find_phi_fixed_budget_reverse_engineering,"{""m_exploration"": 300000, ""safeguard"": 0.95, ""budget"": 10736809578}"
"U(3e-05,0.2), eps=1e-06",3e-05,0.2,1e-06,reverse_eng,16508368261,find_phi_fixed_budget_reverse_engineering,"{""m_exploration"": 300000, ""safeguard"": 0.95, ""budget"": 16508368261}"
"U(3e-05,0.2), eps=1e-06",3e-05,0.2,1e-06,reverse_eng,25382421163,find_phi_fixed_budget_reverse_engineering,"{""m_exploration"": 300000, ""safeguard"": 0.95, ""budget"": 25382421163}"
"U(3e-05,0.2), eps=1e-06",3e-05,0.2,1e-06,reverse_eng,39026710206,find_phi_fixed_budget_reverse_engineering,"{""m_exploration"": 300000, ""safeguard"": 0.95, ""budget"": 39026710206}"
"U(3e-05,0.2), eps=1e-06",3e-05,0.2,1e-06,reverse_eng,60005469915,find_phi_fixed_budget_reverse_engineering,"{""m_exploration"": 300000, ""safeguard"": 0.95, ""budget"": 60005469915}"
"U(3e-05,0.2), eps=1e-06",3e-05,0.2,1e-06,reverse_eng,92261335909,find_phi_fixed_budget_reverse_engineering,"{""m_exploration"": 300000, ""safeguard"": 0.9, ""budget"": 92261335909}"
"U(3e-05,0.2), eps=1e-06",3e-05,0.2,1e-06,reverse_eng,141856302697,find_phi_fixed_budget_reverse_engineering,"{""m_exploration"": 300000, ""safeguard"": 0.9, ""budget"": 141856302697}"
"U(3e-05,0.2), eps=1e-06",3e-05,0.2,1e-06,reverse_eng,218110982424,find_phi_fixed_budget_reverse_engineering,"{""m_exploration"": 180853, ""safeguard"": 0.8, ""budget"": 218110982424}"
"U(3e-05,0.2), eps=1e-06",3e-05,0.2,1e-06,reverse_eng,335356270742,find_phi_fixed_budget_reverse_engineering,"{""m_exploration"": 180853, ""safeguard"": 0.8, ""budget"": 335356270742}"
"U(3e-05,0.2), eps=1e-06",3e-05,0.2,1e-06,reverse_eng,515626618504,find_phi_fixed_budget_reverse_engineering,"{""m_exploration"": 180853, ""safeguard"": 0.8, ""budget"": 515626618504}"
"U(3e-05,0.2), eps=1e-06",3e-05,0.2,1e-06,reverse_eng,792801068315,find_phi_fixed_budget_reverse_engineering,"{""m_exploration"": 180853, ""safeguard"": 0.8, ""budget"": 792801068315}"
"U(3e-05,0.2), eps=1e-06",3e-05,0.2,1e-06,reverse_eng,1218970300146,find_phi_fixed_budget_reverse_engineering,"{""m_exploration"": 180853, ""safeguard"": 0.8, ""budget"": 1218970300146}"
"U(3e-05,0.2), eps=1e-06",3e-05,0.2,1e-06,reverse_eng,1874226274438,find_phi_fixed_budget_reverse_engineering,"{""m_exploration"": 180853, ""safeguard"": 0.8, ""budget"": 1874226274438}"
"U(3e-05,0.2), eps=1e-06",3e-05,0.2,1e-06,reverse_eng,2881714285714,find_phi_fixed_budget_reverse_engineering,"{""m_exploration"": 180853, ""safeguard"": 0.8, ""budget"": 2881714285714}"
"U(3e-05,0.2), eps=1e-06",3e-05,0.2,1e-06,binary,1921142857,find_phi_fixed_budget_binary_search,"{""m_exploration"": 1692, ""safeguard"": 2, ""conf"": 0.9, ""budget"": 1921142857}"
"U(3e-05,0.2), eps=1e-06",3e-05,0.2,1e-06,binary,2953850819,find_phi_fixed_budget_binary_search,"{""m_exploration"": 1692, ""safeguard"": 2, ""conf"": 0.8, ""budget"": 2953850819}"
"U(3e-05,0.2), eps=1e-06",3e-05,0.2,1e-06,binary,4541689666,find_phi_fixed_budget_binary_search,"{""m_exploration"": 7429, ""safeguard"": 2, ""conf"": 0.9, ""budget"": 4541689666}"
"U(3e-05,0.2), eps=1e-06",3e-05,0.2,1e-06,binary,6983069319,find_phi_fixed_budget_binary_search,"{""m_exploration"": 7429, ""safeguard"": 2, ""conf"": 0.9, ""budget"": 6983069319}"
"U(3e-05,0.2), eps=1e-06",3e-05,0.2,1e-06,binary,10736809578,find_phi_fixed_budget_binary_search,"{""m_exploration"": 7429, ""safeguard"": 2, ""conf"": 0.9, ""budget"": 10736809578}"
"U(3e-05,0.2), eps=1e-06",3e-05,0.2,1e-06,binary,16508368261,find_phi_fixed_budget_binary_search,"{""m_exploration"": 32614, ""safeguard"": 1, ""conf"": 0.9, ""budget"": 16508368261}"
"U(3e-05,0.2), eps=1e-06",3e-05,0.2,1e-06,binary,25382421163,find_phi_fixed_budget_binary_search,"{""m_exploration"": 32614, ""safeguard"": 2, ""conf"": 0.9, ""budget"": 25382421163}"
"U(3e-05,0.2), eps=1e-06",3e-05,0.2,1e-06,binary,39026710206,find_phi_fixed_budget_binary_search,"{""m_exploration"": 15565, ""safeguard"": 2, ""conf"": 0.9, ""budget"": 39026710206}"
"U(3e-05,0.2), eps=1e-06",3e-05,0.2,1e-06,binary,60005469915,find_phi_fixed_budget_binary_search,"{""m_exploration"": 15565, ""safeguard"": 2, ""conf"": 0.9, ""budget"": 60005469915}"
"U(3e-05,0.2), eps=1e-06",3e-05,0.2,1e-06,binary,92261335909,find_phi_fixed_budget_binary_search,"{""m_exploration"": 32614, ""safeguard"": 2, ""conf"": 0.9, ""budget"": 92261335909}"
"U(3e-05,0.2), eps=1e-06",3e-05,0.2,1e-06,binary,141856302697,find_phi_fixed_budget_binary_search,"{""m_exploration"": 143180, ""safeguard"": 2, ""conf"": 0.9, ""budget"": 141856302697}"
"U(3e-05,0.2), eps=1e-06",3e-05,0.2,1e-06,binary,218110982424,find_phi_fixed_budget_binary_search,"{""m_exploration"": 300000, ""safeguard"": 2, ""conf"": 0.8, ""budget"": 218110982424}"
"U(3e-05,0.2), eps=1e-06",3e-05,0.2,1e-06,binary,335356270742,find_phi_fixed_budget_binary_search,"{""m_exploration"": 300000, ""safeguard"": 2, ""conf"": 0.5, ""budget"": 335356270742}"
"U(3e-05,0.2), eps=1e-06",3e-05,0.2,1e-06,binary,515626618504,find_phi_fixed_budget_binary_search,"{""m_exploration"": 300000, ""safeguard"": 2, ""conf"": 0.5, ""budget"": 515626618504}"
"U(3e-05,0.2), eps=1e-06",3e-05,0.2,1e-06,binary,792801068315,find_phi_fixed_budget_binary_search,"{""m_exploration"": 300000, ""safeguard"": 2, ""conf"": 0.5, ""budget"": 792801068315}"
"U(3e-05,0.2), eps=1e-06",3e-05,0.2,1e-06,binary,1218970300146,find_phi_fixed_budget_binary_search,"{""m_exploration"": 300000, ""safeguard"": 2, ""conf"": 0.5, ""budget"": 1218970300146}"
"U(3e-05,0.2), eps=1e-06",3e-05,0.2,1e-06,binary,1874226274438,find_phi_fixed_budget_binary_search,"{""m_exploration"": 300000, ""safeguard"": 2, ""conf"": 0.5, ""budget"": 1874226274438}"
"U(3e-05,0.2), eps=1e-06",3e-05,0.2,1e-06,binary,2881714285714,find_phi_fixed_budget_binary_search,"{""m_exploration"": 300000, ""safeguard"": 2, ""conf"": 0.5, ""budget"": 2881714285714}"
"U(3e-05,0.2), eps=1e-06",3e-05,0.2,1e-06,reverse_eng_risk,1921142857,find_phi_fixed_budget_reverse_engineering_risk,"{""m_exploration"": 39622, ""eps_target"": 1e-06, ""budget"": 1921142857}"
"U(3e-05,0.2), eps=1e-06",3e-05,0.2,1e-06,reverse_eng_risk,2953850819,find_phi_fixed_budget_reverse_engineering_risk,"{""m_exploration"": 5233, ""eps_target"": 1e-06, ""budget"": 2953850819}"
"U(3e-05,0.2), eps=1e-06",3e-05,0.2,1e-06,reverse_eng_risk,4541689666,find_phi_fixed_budget_reverse_engineering_risk,"{""m_exploration"": 39622, ""eps_target"": 1e-06, ""budget"": 4541689666}"
"U(3e-05,0.2), eps=1e-06",3e-05,0.2,1e-06,reverse_eng_risk,6983069319,find_phi_fixed_budget_reverse_engineering_risk,"{""m_exploration"": 300000, ""eps_target"": 1e-06, ""budget"": 6983069319}"
"U(3e-05,0.2), eps=1e-06",3e-05,0.2,1e-06,reverse_eng_risk,10736809578,find_phi_fixed_budget_reverse_engineering_risk,"{""m_exploration"": 1901, ""eps_target"": 1e-06, ""budget"": 10736809578}"
"U(3e-05,0.2), eps=1e-06",3e-05,0.2,1e-06,reverse_eng_risk,16508368261,find_phi_fixed_budget_reverse_engineering_risk,"{""m_exploration"": 39622, ""eps_target"": 1e-06, ""budget"": 16508368261}"
"U(3e-05,0.2), eps=1e-06",3e-05,0.2,1e-06,reverse_eng_risk,25382421163,find_phi_fixed_budget_reverse_engineering_risk,"{""m_exploration"": 23886, ""eps_target"": 1e-06, ""budget"": 25382421163}"
"U(3e-05,0.2), eps=1e-06",3e-05,0.2,1e-06,reverse_eng_risk,39026710206,find_phi_fixed_budget_reverse_engineering_risk,"{""m_exploration"": 3154, ""eps_target"": 1e-06, ""budget"": 39026710206}"
"U(3e-05,0.2), eps=1e-06",3e-05,0.2,1e-06,reverse_eng_risk,60005469915,find_phi_fixed_budget_reverse_engineering_risk,"{""m_exploration"": 5233, ""eps_target"": 1e-06, ""budget"": 60005469915}"
"U(3e-05,0.2), eps=1e-06",3e-05,0.2,1e-06,reverse_eng_risk,92261335909,find_phi_fixed_budget_reverse_engineering_risk,"{""m_exploration"": 1901, ""eps_target"": 1e-06, ""budget"": 92261335909}"
"U(3e-05,0.2), eps=1e-06",3e-05,0.2,1e-06,reverse_eng_risk,141856302697,find_phi_fixed_budget_reverse_engineering_risk,"{""m_exploration"": 1901, ""eps_target"": 1e-06, ""budget"": 141856302697}"
"U(3e-05,0.2), eps=1e-06",3e-05,0.2,1e-06,reverse_eng_risk,218110982424,find_phi_fixed_budget_reverse_engineering_risk,"{""m_exploration"": 1901, ""eps_target"": 1e-06, ""budget"": 218110982424}"
"U(3e-05,0.2), eps=1e-06",3e-05,0.2,1e-06,reverse_eng_risk,335356270742,find_phi_fixed_budget_reverse_engineering_risk,"{""m_exploration"": 691, ""eps_target"": 1e-06, ""budget"": 335356270742}"
"U(3e-05,0.2), eps=1e-06",3e-05,0.2,1e-06,reverse_eng_risk,515626618504,find_phi_fixed_budget_reverse_engineering_risk,"{""m_exploration"": 20, ""eps_target"": 1e-06, ""budget"": 515626618504}"
"U(3e-05,0.2), eps=1e-06",3e-05,0.2,1e-06,reverse_eng_risk,792801068315,find_phi_fixed_budget_reverse_engineering_risk,"{""m_exploration"": 20, ""eps_target"": 1e-06, ""budget"": 792801068315}"
"U(3e-05,0.2), eps=1e-06",3e-05,0.2,1e-06,reverse_eng_risk,1218970300146,find_phi_fixed_budget_reverse_engineering_risk,"{""m_exploration"": 20, ""eps_target"": 1e-06, ""budget"": 1218970300146}"
"U(3e-05,0.2), eps=1e-06",3e-05,0.2,1e-06,reverse_eng_risk,1874226274438,find_phi_fixed_budget_reverse_engineering_risk,"{""m_exploration"": 20, ""eps_target"": 1e-06, ""budget"": 1874226274438}"
"U(3e-05,0.2), eps=1e-06",3e-05,0.2,1e-06,reverse_eng_risk,2881714285714,find_phi_fixed_budget_reverse_engineering_risk,"{""m_exploration"": 20, ""eps_target"": 1e-06, ""budget"": 2881714285714}"
"U(3e-05,0.2), eps=1e-06",3e-05,0.2,1e-06,binary_risk,1921142857,find_phi_fixed_budget_binary_search_risk,"{""m_exploration"": 1692, ""conf"": 0.5, ""eps_target"": 1e-06, ""budget"": 1921142857}"
"U(3e-05,0.2), eps=1e-06",3e-05,0.2,1e-06,binary_risk,2953850819,find_phi_fixed_budget_binary_search_risk,"{""m_exploration"": 1692, ""conf"": 0.5, ""eps_target"": 1e-06, ""budget"": 2953850819}"
"U(3e-05,0.2), eps=1e-06",3e-05,0.2,1e-06,binary_risk,4541689666,find_phi_fixed_budget_binary_search_risk,"{""m_exploration"": 1692, ""conf"": 0.5, ""eps_target"": 1e-06, ""budget"": 4541689666}"
"U(3e-05,0.2), eps=1e-06",3e-05,0.2,1e-06,binary_risk,6983069319,find_phi_fixed_budget_binary_search_risk,"{""m_exploration"": 1692, ""conf"": 0.5, ""eps_target"": 1e-06, ""budget"": 6983069319}"
"U(3e-05,0.2), eps=1e-06",3e-05,0.2,1e-06,binary_risk,10736809578,find_phi_fixed_budget_binary_search_risk,"{""m_exploration"": 7429, ""conf"": 0.8, ""eps_target"": 1e-06, ""budget"": 10736809578}"
"U(3e-05,0.2), eps=1e-06",3e-05,0.2,1e-06,binary_risk,16508368261,find_phi_fixed_budget_binary_search_risk,"{""m_exploration"": 32614, ""conf"": 0.9, ""eps_target"": 1e-06, ""budget"": 16508368261}"
"U(3e-05,0.2), eps=1e-06",3e-05,0.2,1e-06,binary_risk,25382421163,find_phi_fixed_budget_binary_search_risk,"{""m_exploration"": 32614, ""conf"": 0.9, ""eps_target"": 1e-06, ""budget"": 25382421163}"
"U(3e-05,0.2), eps=1e-06",3e-05,0.2,1e-06,binary_risk,39026710206,find_phi_fixed_budget_binary_search_risk,"{""m_exploration"": 15565, ""conf"": 0.5, ""eps_target"": 1e-06, ""budget"": 39026710206}"
"U(3e-05,0.2), eps=1e-06",3e-05,0.2,1e-06,binary_risk,60005469915,find_phi_fixed_budget_binary_search_risk,"{""m_exploration"": 15565, ""conf"": 0.5, ""eps_target"": 1e-06, ""budget"": 60005469915}"
"U(3e-05,0.2), eps=1e-06",3e-05,0.2,1e-06,binary_risk,92261335909,find_phi_fixed_budget_binary_search_risk,"{""m_exploration"": 15565, ""conf"": 0.5, ""eps_target"": 1e-06, ""budget"": 92261335909}"
"U(3e-05,0.2), eps=1e-06",3e-05,0.2,1e-06,binary_risk,141856302697,find_phi_fixed_budget_binary_search_risk,"{""m_exploration"": 68335, ""conf"": 0.5, ""eps_target"": 1e-06, ""budget"": 141856302697}"
"U(3e-05,0.2), eps=1e-06",3e-05,0.2,1e-06,binary_risk,218110982424,find_phi_fixed_budget_binary_search_risk,"{""m_exploration"": 32614, ""conf"": 0.5, ""eps_target"": 1e-06, ""budget"": 218110982424}"
"U(3e-05,0.2), eps=1e-06",3e-05,0.2,1e-06,binary_risk,335356270742,find_phi_fixed_budget_binary_search_risk,"{""m_exploration"": 7429, ""conf"": 0.5, ""eps_target"": 1e-06, ""budget"": 335356270742}"
"U(3e-05,0.2), eps=1e-06",3e-05,0.2,1e-06,binary_risk,515626618504,find_phi_fixed_budget_binary_search_risk,"{""m_exploration"": 1692, ""conf"": 0.5, ""eps_target"": 1e-06, ""budget"": 515626618504}"
"U(3e-05,0.2), eps=1e-06",3e-05,0.2,1e-06,binary_risk,792801068315,find_phi_fixed_budget_binary_search_risk,"{""m_exploration"": 41, ""conf"": 0.5, ""eps_target"": 1e-06, ""budget"": 792801068315}"
"U(3e-05,0.2), eps=1e-06",3e-05,0.2,1e-06,binary_risk,1218970300146,find_phi_fixed_budget_binary_search_risk,"{""m_exploration"": 20, ""conf"": 0.5, ""eps_target"": 1e-06, ""budget"": 1218970300146}"
"U(3e-05,0.2), eps=1e-06",3e-05,0.2,1e-06,binary_risk,1874226274438,find_phi_fixed_budget_binary_search_risk,"{""m_exploration"": 20, ""conf"": 0.5, ""eps_target"": 1e-06, ""budget"": 1874226274438}"
"U(3e-05,0.2), eps=1e-06",3e-05,0.2,1e-06,binary_risk,2881714285714,find_phi_fixed_budget_binary_search_risk,"{""m_exploration"": 20, ""conf"": 0.5, ""eps_target"": 1e-06, ""budget"": 2881714285714}"
"U(1e-05,0.2), eps=1e-06",1e-05,0.2,1e-06,linear,1921142857,find_phi_fixed_budget_linear_search,"{""m_exploration"": 13924, ""lookback_window"": 5, ""safeguard"": 0, ""inc"": 2, ""budget"": 1921142857}"
"U(1e-05,0.2), eps=1e-06",1e-05,0.2,1e-06,linear,2953850819,find_phi_fixed_budget_linear_search,"{""m_exploration"": 13924, ""lookback_window"": 5, ""safeguard"": 0, ""inc"": 2, ""budget"": 2953850819}"
"U(1e-05,0.2), eps=1e-06",1e-05,0.2,1e-06,linear,4541689666,find_phi_fixed_budget_linear_search,"{""m_exploration"": 13924, ""lookback_window"": 5, ""safeguard"": 0, ""inc"": 2, ""budget"": 4541689666}"
"U(1e-05,0.2), eps=1e-06",1e-05,0.2,1e-06,linear,6983069319,find_phi_fixed_budget_linear_search,"{""m_exploration"": 13924, ""lookback_window"": 5, ""safeguard"": 0, ""inc"": 2, ""budget"": 6983069319}"
"U(1e-05,0.2), eps=1e-06",1e-05,0.2,1e-06,linear,10736809578,find_phi_fixed_budget_linear_search,"{""m_exploration"": 13924, ""lookback_window"": 5, ""safeguard"": 0, ""inc"": 2, ""budget"": 10736809578}"
"U(1e-05,0.2), eps=1e-06",1e-05,0.2,1e-06,linear,16508368261,find_phi_fixed_budget_linear_search,"{""m_exploration"": 13924, ""lookback_window"": 5, ""safeguard"": 0, ""inc"": 2, ""budget"": 16508368261}"
"U(1e-05,0.2), eps=1e-06",1e-05,0.2,1e-06,linear,25382421163,find_phi_fixed_budget_linear_search,"{""m_exploration"": 64633, ""lookback_window"": 5, ""safeguard"": 0, ""inc"": 2, ""budget"": 25382421163}"
"U(1e-05,0.2), eps=1e-06",1e-05,0.2,1e-06,linear,39026710206,find_phi_fixed_budget_linear_search,"{""m_exploration"": 64633, ""lookback_window"": 5, ""safeguard"": 0, ""inc"": 1, ""budget"": 39026710206}"
"U(1e-05,0.2), eps=1e-06",1e-05,0.2,1e-06,linear,60005469915,find_phi_fixed_budget_linear_search,"{""m_exploration"": 64633, ""lookback_window"": 5, ""safeguard"": 0, ""inc"": 1, ""budget"": 60005469915}"
"U(1e-05,0.2), eps=1e-06",1e-05,0.2,1e-06,linear,92261335909,find_phi_fixed_budget_linear_search,"{""m_exploration"": 300000, ""lookback_window"": 5, ""safeguard"": 0, ""inc"": 2, ""budget"": 92261335909}"
"U(1e-05,0.2), eps=1e-06",1e-05,0.2,1e-06,linear,141856302697,find_phi_fixed_budget_linear_search,"{""m_exploration"": 300000, ""lookback_window"": 5, ""safeguard"": 0, ""inc"": 2, ""budget"": 141856302697}"
"U(1e-05,0.2), eps=1e-06",1e-05,0.2,1e-06,linear,218110982424,find_phi_fixed_budget_linear_search,"{""m_exploration"": 139247, ""lookback_window"": 5, ""safeguard"": 0, ""inc"": 2, ""budget"": 218110982424}"
"U(1e-05,0.2), eps=1e-06",1e-05,0.2,1e-06,linear,335356270742,find_phi_fixed_budget_linear_search,"{""m_exploration"": 64633, ""lookback_window"": 5, ""safeguard"": 1, ""inc"": 1, ""budget"": 335356270742}"
"U(1e-05,0.2), eps=1e-06",1e-05,0.2,1e-06,linear,515626618504,find_phi_fixed_budget_linear_search,"{""m_exploration"": 13, ""lookback_window"": 1, ""safeguard"": 2, ""inc"": 1, ""budget"": 515626618504}"
"U(1e-05,0.2), eps=1e-06",1e-05,0.2,1e-06,linear,792801068315,find_phi_fixed_budget_linear_search,"{""m_exploration"": 13, ""lookback_window"": 1, ""safeguard"": 2, ""inc"": 1, ""budget"": 792801068315}"
"U(1e-05,0.2), eps=1e-06",1e-05,0.2,1e-06,linear,1218970300146,find_phi_fixed_budget_linear_search,"{""m_exploration"": 13, ""lookback_window"": 1, ""safeguard"": 2, ""inc"": 1, ""budget"": 1218970300146}"
"U(1e-05,0.2), eps=1e-06",1e-05,0.2,1e-06,linear,1874226274438,find_phi_fixed_budget_linear_search,"{""m_exploration"": 13, ""lookback_window"": 1, ""safeguard"": 2, ""inc"": 1, ""budget"": 1874226274438}"
"U(1e-05,0.2), eps=1e-06",1e-05,0.2,1e-06,linear,2881714285714,find_phi_fixed_budget_linear_search,"{""m_exploration"": 13, ""lookback_window"": 1, ""safeguard"": 2, ""inc"": 1, ""budget"": 2881714285714}"
"U(1e-05,0.2), eps=1e-06",1e-05,0.2,1e-06,reverse_eng,1921142857,find_phi_fixed_budget_reverse_engineering,"{""m_exploration"": 300000, ""safeguard"": 0.95, ""budget"": 1921142857}"
"U(1e-05,0.2), eps=1e-06",1e-05,0.2,1e-06,reverse_eng,2953850819,find_phi_fixed_budget_reverse_engineering,"{""m_exploration"": 300000, ""safeguard"": 0.95, ""budget"": 2953850819}"
"U(1e-05,0.2), eps=1e-06",1e-05,0.2,1e-06,reverse_eng,4541689666,find_phi_fixed_budget_reverse_engineering,"{""m_exploration"": 300000, ""safeguard"": 0.95, ""budget"": 4541689666}"
"U(1e-05,0.2), eps=1e-06",1e-05,0.2,1e-06,reverse_eng,6983069319,find_phi_fixed_budget_reverse_engineering,"{""m_exploration"": 300000, ""safeguard"": 0.95, ""budget"": 6983069319}"
"U(1e-05,0.2), eps=1e-06",1e-05,0.2,1e-06,reverse_eng,10736809578,find_phi_fixed_budget_reverse_engineering,"{""m_exploration"": 300000, ""safeguard"": 0.95, ""budget"": 10736809578}"
"U(1e-05,0.2), eps=1e-06",1e-05,0.2,1e-06,reverse_eng,16508368261,find_phi_fixed_budget_reverse_engineering,"{""m_exploration"": 180853, ""safeguard"": 0.95, ""budget"": 16508368261}"
"U(1e-05,0.2), eps=1e-06",1e-05,0.2,1e-06,reverse_eng,25382421163,find_phi_fixed_budget_reverse_engineering,"{""m_exploration"": 109026, ""safeguard"": 0.95, ""budget"": 25382421163}"
"U(1e-05,0.2), eps=1e-06",1e-05,0.2,1e-06,reverse_eng,39026710206,find_phi_fixed_budget_reverse_engineering,"{""m_exploration"": 180853, ""safeguard"": 0.9, ""budget"": 39026710206}"
"U(1e-05,0.2), eps=1e-06",1e-05,0.2,1e-06,reverse_eng,60005469915,find_phi_fixed_budget_reverse_engineering,"{""m_exploration"": 300000, ""safeguard"": 0.95, ""budget"": 60005469915}"
"U(1e-05,0.2), eps=1e-06",1e-05,0.2,1e-06,reverse_eng,92261335909,find_phi_fixed_budget_reverse_engineering,"{""m_exploration"": 180853, ""safeguard"": 0.9, ""budget"": 92261335909}"
"U(1e-05,0.2), eps=1e-06",1e-05,0.2,1e-06,reverse_eng,141856302697,find_phi_fixed_budget_reverse_engineering,"{""m_exploration"": 180853, ""safeguard"": 0.9, ""budget"": 141856302697}"
"U(1e-05,0.2), eps=1e-06",1e-05,0.2,1e-06,reverse_eng,218110982424,find_phi_fixed_budget_reverse_engineering,"{""m_exploration"": 180853, ""safeguard"": 0.8, ""budget"": 218110982424}"
"U(1e-05,0.2), eps=1e-06",1e-05,0.2,1e-06,reverse_eng,335356270742,find_phi_fixed_budget_reverse_engineering,"{""m_exploration"": 180853, ""safeguard"": 0.8, ""budget"": 335356270742}"
"U(1e-05,0.2), eps=1e-06",1e-05,0.2,1e-06,reverse_eng,515626618504,find_phi_fixed_budget_reverse_engineering,"{""m_exploration"": 180853, ""safeguard"": 0.8, ""budget"": 515626618504}"
"U(1e-05,0.2), eps=1e-06",1e-05,0.2,1e-06,reverse_eng,792801068315,find_phi_fixed_budget_reverse_engineering,"{""m_exploration"": 180853, ""safeguard"": 0.8, ""budget"": 792801068315}"
"U(1e-05,0.2), eps=1e-06",1e-05,0.2,1e-06,reverse_eng,1218970300146,find_phi_fixed_budget_reverse_engineering,"{""m_exploration"": 180853, ""safeguard"": 0.8, ""budget"": 1218970300146}"
"U(1e-05,0.2), eps=1e-06",1e-05,0.2,1e-06,reverse_eng,1874226274438,find_phi_fixed_budget_reverse_engineering,"{""m_exploration"": 180853, ""safeguard"": 0.8, ""budget"": 1874226274438}"
"U(1e-05,0.2), eps=1e-06",1e-05,0.2,1e-06,reverse_eng,2881714285714,find_phi_fixed_budget_reverse_engineering,"{""m_exploration"": 180853, ""safeguard"": 0.8, ""budget"": 2881714285714}"
"U(1e-05,0.2), eps=1e-06",1e-05,0.2,1e-06,binary,1921142857,find_phi_fixed_budget_binary_search,"{""m_exploration"": 1692, ""safeguard"": 2, ""conf"": 0.9, ""budget"": 1921142857}"
"U(1e-05,0.2), eps=1e-06",1e-05,0.2,1e-06,binary,2953850819,find_phi_fixed_budget_binary_search,"{""m_exploration"": 807, ""safeguard"": 2, ""conf"": 0.9, ""budget"": 2953850819}"
"U(1e-05,0.2), eps=1e-06",1e-05,0.2,1e-06,binary,4541689666,find_phi_fixed_budget_binary_search,"{""m_exploration"": 3545, ""safeguard"": 2, ""conf"": 0.9, ""budget"": 4541689666}"
"U(1e-05,0.2), eps=1e-06",1e-05,0.2,1e-06,binary,6983069319,find_phi_fixed_budget_binary_search,"{""m_exploration"": 3545, ""safeguard"": 2, ""conf"": 0.9, ""budget"": 6983069319}"
"U(1e-05,0.2), eps=1e-06",1e-05,0.2,1e-06,binary,10736809578,find_phi_fixed_budget_binary_search,"{""m_exploration"": 3545, ""safeguard"": 2, ""conf"": 0.9, ""budget"": 10736809578}"
"U(1e-05,0.2), eps=1e-06",1e-05,0.2,1e-06,binary,16508368261,find_phi_fixed_budget_binary_search,"{""m_exploration"": 7429, ""safeguard"": 2, ""conf"": 0.9, ""budget"": 16508368261}"
"U(1e-05,0.2), eps=1e-06",1e-05,0.2,1e-06,binary,25382421163,find_phi_fixed_budget_binary_search,"{""m_exploration"": 3545, ""safeguard"": 2, ""conf"": 0.9, ""budget"": 25382421163}"
"U(1e-05,0.2), eps=1e-06",1e-05,0.2,1e-06,binary,39026710206,find_phi_fixed_budget_binary_search,"{""m_exploration"": 15565, ""safeguard"": 2, ""conf"": 0.9, ""budget"": 39026710206}"
"U(1e-05,0.2), eps=1e-06",1e-05,0.2,1e-06,binary,60005469915,find_phi_fixed_budget_binary_search,"{""m_exploration"": 32614, ""safeguard"": 2, ""conf"": 0.9, ""budget"": 60005469915}"
"U(1e-05,0.2), eps=1e-06",1e-05,0.2,1e-06,binary,92261335909,find_phi_fixed_budget_binary_search,"{""m_exploration"": 32614, ""safeguard"": 2, ""conf"": 0.9, ""budget"": 92261335909}"
"U(1e-05,0.2), eps=1e-06",1e-05,0.2,1e-06,binary,141856302697,find_phi_fixed_budget_binary_search,"{""m_exploration"": 32614, ""safeguard"": 2, ""conf"": 0.9, ""budget"": 141856302697}"
"U(1e-05,0.2), eps=1e-06",1e-05,0.2,1e-06,binary,218110982424,find_phi_fixed_budget_binary_search,"{""m_exploration"": 143180, ""safeguard"": 1, ""conf"": 0.5, ""budget"": 218110982424}"
"U(1e-05,0.2), eps=1e-06",1e-05,0.2,1e-06,binary,335356270742,find_phi_fixed_budget_binary_search,"{""m_exploration"": 143180, ""safeguard"": 1, ""conf"": 0.5, ""budget"": 335356270742}"
"U(1e-05,0.2), eps=1e-06",1e-05,0.2,1e-06,binary,515626618504,find_phi_fixed_budget_binary_search,"{""m_exploration"": 143180, ""safeguard"": 2, ""conf"": 0.5, ""budget"": 515626618504}"
"U(1e-05,0.2), eps=1e-06",1e-05,0.2,1e-06,binary,792801068315,find_phi_fixed_budget_binary_search,"{""m_exploration"": 143180, ""safeguard"": 2, ""conf"": 0.5, ""budget"": 792801068315}"
"U(1e-05,0.2), eps=1e-06",1e-05,0.2,1e-06,binary,1218970300146,find_phi_fixed_budget_binary_search,"{""m_exploration"": 143180, ""safeguard"": 2, ""conf"": 0.5, ""budget"": 1218970300146}"
"U(1e-05,0.2), eps=1e-06",1e-05,0.2,1e-06,binary,1874226274438,find_phi_fixed_budget_binary_search,"{""m_exploration"": 143180, ""safeguard"": 2, ""conf"": 0.5, ""budget"": 1874226274438}"
"U(1e-05,0.2), eps=1e-06",1e-05,0.2,1e-06,binary,2881714285714,find_phi_fixed_budget_binary_search,"{""m_exploration"": 143180, ""safeguard"": 2, ""conf"": 0.5, ""budget"": 2881714285714}"
"U(1e-05,0.2), eps=1e-06",1e-05,0.2,1e-06,reverse_eng_risk,1921142857,find_phi_fixed_budget_reverse_engineering_risk,"{""m_exploration"": 300000, ""eps_target"": 1e-06, ""budget"": 1921142857}"
"U(1e-05,0.2), eps=1e-06",1e-05,0.2,1e-06,reverse_eng_risk,2953850819,find_phi_fixed_budget_reverse_engineering_risk,"{""m_exploration"": 23886, ""eps_target"": 1e-06, ""budget"": 2953850819}"
"U(1e-05,0.2), eps=1e-06",1e-05,0.2,1e-06,reverse_eng_risk,4541689666,find_phi_fixed_budget_reverse_engineering_risk,"{""m_exploration"": 39622, ""eps_target"": 1e-06, ""budget"": 4541689666}"
"U(1e-05,0.2), eps=1e-06",1e-05,0.2,1e-06,reverse_eng_risk,6983069319,find_phi_fixed_budget_reverse_engineering_risk,"{""m_exploration"": 300000, ""eps_target"": 1e-06, ""budget"": 6983069319}"
"U(1e-05,0.2), eps=1e-06",1e-05,0.2,1e-06,reverse_eng_risk,10736809578,find_phi_fixed_budget_reverse_engineering_risk,"{""m_exploration"": 1901, ""eps_target"": 1e-06, ""budget"": 10736809578}"
"U(1e-05,0.2), eps=1e-06",1e-05,0.2,1e-06,reverse_eng_risk,16508368261,find_phi_fixed_budget_reverse_engineering_risk,"{""m_exploration"": 39622, ""eps_target"": 1e-06, ""budget"": 16508368261}"
"U(1e-05,0.2), eps=1e-06",1e-05,0.2,1e-06,reverse_eng_risk,25382421163,find_phi_fixed_budget_reverse_engineering_risk,"{""m_exploration"": 23886, ""eps_target"": 1e-06, ""budget"": 25382421163}"
"U(1e-05,0.2), eps=1e-06",1e-05,0.2,1e-06,reverse_eng_risk,39026710206,find_phi_fixed_budget_reverse_engineering_risk,"{""m_exploration"": 3154, ""eps_target"": 1e-06, ""budget"": 39026710206}"
"U(1e-05,0.2), eps=1e-06",1e-05,0.2,1e-06,reverse_eng_risk,60005469915,find_phi_fixed_budget_reverse_engineering_risk,"{""m_exploration"": 3154, ""eps_target"": 1e-06, ""budget"": 60005469915}"
"U(1e-05,0.2), eps=1e-06",1e-05,0.2,1e-06,reverse_eng_risk,92261335909,find_phi_fixed_budget_reverse_engineering_risk,"{""m_exploration"": 1901, ""eps_target"": 1e-06, ""budget"": 92261335909}"
"U(1e-05,0.2), eps=1e-06",1e-05,0.2,1e-06,reverse_eng_risk,141856302697,find_phi_fixed_budget_reverse_engineering_risk,"{""m_exploration"": 1901, ""eps_target"": 1e-06, ""budget"": 141856302697}"
"U(1e-05,0.2), eps=1e-06",1e-05,0.2,1e-06,reverse_eng_risk,218110982424,find_phi_fixed_budget_reverse_engineering_risk,"{""m_exploration"": 1901, ""eps_target"": 1e-06, ""budget"": 218110982424}"
"U(1e-05,0.2), eps=1e-06",1e-05,0.2,1e-06,reverse_eng_risk,335356270742,find_phi_fixed_budget_reverse_engineering_risk,"{""m_exploration"": 691, ""eps_target"": 1e-06, ""budget"": 335356270742}"
"U(1e-05,0.2), eps=1e-06",1e-05,0.2,1e-06,reverse_eng_risk,515626618504,find_phi_fixed_budget_reverse_engineering_risk,"{""m_exploration"": 20, ""eps_target"": 1e-06, ""budget"": 515626618504}"
"U(1e-05,0.2), eps=1e-06",1e-05,0.2,1e-06,reverse_eng_risk,792801068315,find_phi_fixed_budget_reverse_engineering_risk,"{""m_exploration"": 20, ""eps_target"": 1e-06, ""budget"": 792801068315}"
"U(1e-05,0.2), eps=1e-06",1e-05,0.2,1e-06,reverse_eng_risk,1218970300146,find_phi_fixed_budget_reverse_engineering_risk,"{""m_exploration"": 20, ""eps_target"": 1e-06, ""budget"": 1218970300146}"
"U(1e-05,0.2), eps=1e-06",1e-05,0.2,1e-06,reverse_eng_risk,1874226274438,find_phi_fixed_budget_reverse_engineering_risk,"{""m_exploration"": 20, ""eps_target"": 1e-06, ""budget"": 1874226274438}"
"U(1e-05,0.2), eps=1e-06",1e-05,0.2,1e-06,reverse_eng_risk,2881714285714,find_phi_fixed_budget_reverse_engineering_risk,"{""m_exploration"": 20, ""eps_target"": 1e-06, ""budget"": 2881714285714}"
"U(1e-05,0.2), eps=1e-06",1e-05,0.2,1e-06,binary_risk,1921142857,find_phi_fixed_budget_binary_search_risk,"{""m_exploration"": 807, ""conf"": 0.5, ""eps_target"": 1e-06, ""budget"": 1921142857}"
"U(1e-05,0.2), eps=1e-06",1e-05,0.2,1e-06,binary_risk,2953850819,find_phi_fixed_budget_binary_search_risk,"{""m_exploration"": 807, ""conf"": 0.5, ""eps_target"": 1e-06, ""budget"": 2953850819}"
"U(1e-05,0.2), eps=1e-06",1e-05,0.2,1e-06,binary_risk,4541689666,find_phi_fixed_budget_binary_search_risk,"{""m_exploration"": 807, ""conf"": 0.5, ""eps_target"": 1e-06, ""budget"": 4541689666}"
"U(1e-05,0.2), eps=1e-06",1e-05,0.2,1e-06,binary_risk,6983069319,find_phi_fixed_budget_binary_search_risk,"{""m_exploration"": 807, ""conf"": 0.5, ""eps_target"": 1e-06, ""budget"": 6983069319}"
"U(1e-05,0.2), eps=1e-06",1e-05,0.2,1e-06,binary_risk,10736809578,find_phi_fixed_budget_binary_search_risk,"{""m_exploration"": 7429, ""conf"": 0.5, ""eps_target"": 1e-06, ""budget"": 10736809578}"
"U(1e-05,0.2), eps=1e-06",1e-05,0.2,1e-06,binary_risk,16508368261,find_phi_fixed_budget_binary_search_risk,"{""m_exploration"": 3545, ""conf"": 0.5, ""eps_target"": 1e-06, ""budget"": 16508368261}"
"U(1e-05,0.2), eps=1e-06",1e-05,0.2,1e-06,binary_risk,25382421163,find_phi_fixed_budget_binary_search_risk,"{""m_exploration"": 3545, ""conf"": 0.5, ""eps_target"": 1e-06, ""budget"": 25382421163}"
"U(1e-05,0.2), eps=1e-06",1e-05,0.2,1e-06,binary_risk,39026710206,find_phi_fixed_budget_binary_search_risk,"{""m_exploration"": 7429, ""conf"": 0.5, ""eps_target"": 1e-06, ""budget"": 39026710206}"
"U(1e-05,0.2), eps=1e-06",1e-05,0.2,1e-06,binary_risk,60005469915,find_phi_fixed_budget_binary_search_risk,"{""m_exploration"": 7429, ""conf"": 0.5, ""eps_target"": 1e-06, ""budget"": 60005469915}"
"U(1e-05,0.2), eps=1e-06",1e-05,0.2,1e-06,binary_risk,92261335909,find_phi_fixed_budget_binary_search_risk,"{""m_exploration"": 32614, ""conf"": 0.9, ""eps_target"": 1e-06, ""budget"": 92261335909}"
"U(1e-05,0.2), eps=1e-06",1e-05,0.2,1e-06,binary_risk,141856302697,find_phi_fixed_budget_binary_search_risk,"{""m_exploration"": 3545, ""conf"": 0.5, ""eps_target"": 1e-06, ""budget"": 141856302697}"
"U(1e-05,0.2), eps=1e-06",1e-05,0.2,1e-06,binary_risk,218110982424,find_phi_fixed_budget_binary_search_risk,"{""m_exploration"": 68335, ""conf"": 0.5, ""eps_target"": 1e-06, ""budget"": 218110982424}"
"U(1e-05,0.2), eps=1e-06",1e-05,0.2,1e-06,binary_risk,335356270742,find_phi_fixed_budget_binary_search_risk,"{""m_exploration"": 1692, ""conf"": 0.5, ""eps_target"": 1e-06, ""budget"": 335356270742}"
"U(1e-05,0.2), eps=1e-06",1e-05,0.2,1e-06,binary_risk,515626618504,find_phi_fixed_budget_binary_search_risk,"{""m_exploration"": 183, ""conf"": 0.5, ""eps_target"": 1e-06, ""budget"": 515626618504}"
"U(1e-05,0.2), eps=1e-06",1e-05,0.2,1e-06,binary_risk,792801068315,find_phi_fixed_budget_binary_search_risk,"{""m_exploration"": 87, ""conf"": 0.5, ""eps_target"": 1e-06, ""budget"": 792801068315}"
"U(1e-05,0.2), eps=1e-06",1e-05,0.2,1e-06,binary_risk,1218970300146,find_phi_fixed_budget_binary_search_risk,"{""m_exploration"": 20, ""conf"": 0.5, ""eps_target"": 1e-06, ""budget"": 1218970300146}"
"U(1e-05,0.2), eps=1e-06",1e-05,0.2,1e-06,binary_risk,1874226274438,find_phi_fixed_budget_binary_search_risk,"{""m_exploration"": 20, ""conf"": 0.5, ""eps_target"": 1e-06, ""budget"": 1874226274438}"
"U(1e-05,0.2), eps=1e-06",1e-05,0.2,1e-06,binary_risk,2881714285714,find_phi_fixed_budget_binary_search_risk,"{""m_exploration"": 20, ""conf"": 0.5, ""eps_target"": 1e-06, ""budget"": 2881714285714}"
"U(0.01,0.3), eps=1e-06",0.01,0.3,1e-06,linear,2689600000,find_phi_fixed_budget_linear_search,"{""m_exploration"": 64633, ""lookback_window"": 5, ""safeguard"": 0, ""inc"": 1, ""budget"": 2689600000}"
"U(0.01,0.3), eps=1e-06",0.01,0.3,1e-06,linear,4135391147,find_phi_fixed_budget_linear_search,"{""m_exploration"": 64633, ""lookback_window"": 5, ""safeguard"": 0, ""inc"": 1, ""budget"": 4135391147}"
"U(0.01,0.3), eps=1e-06",0.01,0.3,1e-06,linear,6358365533,find_phi_fixed_budget_linear_search,"{""m_exploration"": 64633, ""lookback_window"": 5, ""safeguard"": 0, ""inc"": 1, ""budget"": 6358365533}"
"U(0.01,0.3), eps=1e-06",0.01,0.3,1e-06,linear,9776297046,find_phi_fixed_budget_linear_search,"{""m_exploration"": 30000, ""lookback_window"": 5, ""safeguard"": 0, ""inc"": 1, ""budget"": 9776297046}"
"U(0.01,0.3), eps=1e-06",0.01,0.3,1e-06,linear,15031533409,find_phi_fixed_budget_linear_search,"{""m_exploration"": 300000, ""lookback_window"": 5, ""safeguard"": 0, ""inc"": 1, ""budget"": 15031533409}"
"U(0.01,0.3), eps=1e-06",0.01,0.3,1e-06,linear,23111715566,find_phi_fixed_budget_linear_search,"{""m_exploration"": 64633, ""lookback_window"": 5, ""safeguard"": 0, ""inc"": 1, ""budget"": 23111715566}"
"U(0.01,0.3), eps=1e-06",0.01,0.3,1e-06,linear,35535389629,find_phi_fixed_budget_linear_search,"{""m_exploration"": 64633, ""lookback_window"": 5, ""safeguard"": 0, ""inc"": 1, ""budget"": 35535389629}"
"U(0.01,0.3), eps=1e-06",0.01,0.3,1e-06,linear,54637394288,find_phi_fixed_budget_linear_search,"{""m_exploration"": 64633, ""lookback_window"": 5, ""safeguard"": 0, ""inc"": 1, ""budget"": 54637394288}"
"U(0.01,0.3), eps=1e-06",0.01,0.3,1e-06,linear,84007657882,find_phi_fixed_budget_linear_search,"{""m_exploration"": 300000, ""lookback_window"": 5, ""safeguard"": 0, ""inc"": 1, ""budget"": 84007657882}"
"U(0.01,0.3), eps=1e-06",0.01,0.3,1e-06,linear,129165870273,find_phi_fixed_budget_linear_search,"{""m_exploration"": 64633, ""lookback_window"": 5, ""safeguard"": 0, ""inc"": 1, ""budget"": 129165870273}"
"U(0.01,0.3), eps=1e-06",0.01,0.3,1e-06,linear,198598823776,find_phi_fixed_budget_linear_search,"{""m_exploration"": 300000, ""lookback_window"": 5, ""safeguard"": 0, ""inc"": 1, ""budget"": 198598823776}"
"U(0.01,0.3), eps=1e-06",0.01,0.3,1e-06,linear,305355375393,find_phi_fixed_budget_linear_search,"{""m_exploration"": 300000, ""lookback_window"": 5, ""safeguard"": 1, ""inc"": 1, ""budget"": 305355375393}"
"U(0.01,0.3), eps=1e-06",0.01,0.3,1e-06,linear,469498779038,find_phi_fixed_budget_linear_search,"{""m_exploration"": 64633, ""lookback_window"": 1, ""safeguard"": 0, ""inc"": 1, ""budget"": 469498779038}"
"U(0.01,0.3), eps=1e-06",0.01,0.3,1e-06,linear,721877265906,find_phi_fixed_budget_linear_search,"{""m_exploration"": 29, ""lookback_window"": 1, ""safeguard"": 1, ""inc"": 1, ""budget"": 721877265906}"
"U(0.01,0.3), eps=1e-06",0.01,0.3,1e-06,linear,1109921495641,find_phi_fixed_budget_linear_search,"{""m_exploration"": 13, ""lookback_window"": 1, ""safeguard"": 2, ""inc"": 1, ""budget"": 1109921495641}"
"U(0.01,0.3), eps=1e-06",0.01,0.3,1e-06,linear,1706558420205,find_phi_fixed_budget_linear_search,"{""m_exploration"": 13, ""lookback_window"": 1, ""safeguard"": 2, ""inc"": 1, ""budget"": 1706558420205}"
"U(0.01,0.3), eps=1e-06",0.01,0.3,1e-06,linear,2623916784213,find_phi_fixed_budget_linear_search,"{""m_exploration"": 13, ""lookback_window"": 1, ""safeguard"": 2, ""inc"": 1, ""budget"": 2623916784213}"
"U(0.01,0.3), eps=1e-06",0.01,0.3,1e-06,linear,4034400000000,find_phi_fixed_budget_linear_search,"{""m_exploration"": 6, ""lookback_window"": 1, ""safeguard"": 5, ""inc"": 1, ""budget"": 4034400000000}"
"U(0.01,0.3), eps=1e-06",0.01,0.3,1e-06,reverse_eng,2689600000,find_phi_fixed_budget_reverse_engineering,"{""m_exploration"": 300000, ""safeguard"": 0.95, ""budget"": 2689600000}"
"U(0.01,0.3), eps=1e-06",0.01,0.3,1e-06,reverse_eng,4135391147,find_phi_fixed_budget_reverse_engineering,"{""m_exploration"": 300000, ""safeguard"": 0.95, ""budget"": 4135391147}"
"U(0.01,0.3), eps=1e-06",0.01,0.3,1e-06,reverse_eng,6358365533,find_phi_fixed_budget_reverse_engineering,"{""m_exploration"": 180853, ""safeguard"": 0.95, ""budget"": 6358365533}"
"U(0.01,0.3), eps=1e-06",0.01,0.3,1e-06,reverse_eng,9776297046,find_phi_fixed_budget_reverse_engineering,"{""m_exploration"": 180853, ""safeguard"": 0.95, ""budget"": 9776297046}"
"U(0.01,0.3), eps=1e-06",0.01,0.3,1e-06,reverse_eng,15031533409,find_phi_fixed_budget_reverse_engineering,"{""m_exploration"": 180853, ""safeguard"": 0.95, ""budget"": 15031533409}"
"U(0.01,0.3), eps=1e-06",0.01,0.3,1e-06,reverse_eng,23111715566,find_phi_fixed_budget_reverse_engineering,"{""m_exploration"": 180853, ""safeguard"": 0.95, ""budget"": 23111715566}"
"U(0.01,0.3), eps=1e-06",0.01,0.3,1e-06,reverse_eng,35535389629,find_phi_fixed_budget_reverse_engineering,"{""m_exploration"": 180853, ""safeguard"": 0.95, ""budget"": 35535389629}"
"U(0.01,0.3), eps=1e-06",0.01,0.3,1e-06,reverse_eng,54637394288,find_phi_fixed_budget_reverse_engineering,"{""m_exploration"": 180853, ""safeguard"": 0.95, ""budget"": 54637394288}"
"U(0.01,0.3), eps=1e-06",0.01,0.3,1e-06,reverse_eng,84007657882,find_phi_fixed_budget_reverse_engineering,"{""m_exploration"": 8680, ""safeguard"": 0.9, ""budget"": 84007657882}"
"U(0.01,0.3), eps=1e-06",0.01,0.3,1e-06,reverse_eng,129165870273,find_phi_fixed_budget_reverse_engineering,"{""m_exploration"": 109026, ""safeguard"": 0.95, ""budget"": 129165870273}"
"U(0.01,0.3), eps=1e-06",0.01,0.3,1e-06,reverse_eng,198598823776,find_phi_fixed_budget_reverse_engineering,"{""m_exploration"": 8680, ""safeguard"": 0.9, ""budget"": 198598823776}"
"U(0.01,0.3), eps=1e-06",0.01,0.3,1e-06,reverse_eng,305355375393,find_phi_fixed_budget_reverse_engineering,"{""m_exploration"": 65726, ""safeguard"": 0.9, ""budget"": 305355375393}"
"U(0.01,0.3), eps=1e-06",0.01,0.3,1e-06,reverse_eng,469498779038,find_phi_fixed_budget_reverse_engineering,"{""m_exploration"": 8680, ""safeguard"": 0.8, ""budget"": 469498779038}"
"U(0.01,0.3), eps=1e-06",0.01,0.3,1e-06,reverse_eng,721877265906,find_phi_fixed_budget_reverse_engineering,"{""m_exploration"": 8680, ""safeguard"": 0.8, ""budget"": 721877265906}"
"U(0.01,0.3), eps=1e-06",0.01,0.3,1e-06,reverse_eng,1109921495641,find_phi_fixed_budget_reverse_engineering,"{""m_exploration"": 8680, ""safeguard"": 0.8, ""budget"": 1109921495641}"
"U(0.01,0.3), eps=1e-06",0.01,0.3,1e-06,reverse_eng,1706558420205,find_phi_fixed_budget_reverse_engineering,"{""m_exploration"": 8680, ""safeguard"": 0.8, ""budget"": 1706558420205}"
"U(0.01,0.3), eps=1e-06",0.01,0.3,1e-06,reverse_eng,2623916784213,find_phi_fixed_budget_reverse_engineering,"{""m_exploration"": 8680, ""safeguard"": 0.8, ""budget"": 2623916784213}"
"U(0.01,0.3), eps=1e-06",0.01,0.3,1e-06,reverse_eng,4034400000000,find_phi_fixed_budget_reverse_engineering,"{""m_exploration"": 8680, ""safeguard"": 0.8, ""budget"": 4034400000000}"
"U(0.01,0.3), eps=1e-06",0.01,0.3,1e-06,binary,2689600000,find_phi_fixed_budget_binary_search,"{""m_exploration"": 32614, ""safeguard"": 1, ""conf"": 0.9, ""budget"": 2689600000}"
"U(0.01,0.3), eps=1e-06",0.01,0.3,1e-06,binary,4135391147,find_phi_fixed_budget_binary_search,"{""m_exploration"": 32614, ""safeguard"": 1, ""conf"": 0.9, ""budget"": 4135391147}"
"U(0.01,0.3), eps=1e-06",0.01,0.3,1e-06,binary,6358365533,find_phi_fixed_budget_binary_search,"{""m_exploration"": 32614, ""safeguard"": 1, ""conf"": 0.9, ""budget"": 6358365533}"
"U(0.01,0.3), eps=1e-06",0.01,0.3,1e-06,binary,9776297046,find_phi_fixed_budget_binary_search,"{""m_exploration"": 32614, ""safeguard"": 1, ""conf"": 0.9, ""budget"": 9776297046}"
"U(0.01,0.3), eps=1e-06",0.01,0.3,1e-06,binary,15031533409,find_phi_fixed_budget_binary_search,"{""m_exploration"": 32614, ""safeguard"": 1, ""conf"": 0.9, ""budget"": 15031533409}"
"U(0.01,0.3), eps=1e-06",0.01,0.3,1e-06,binary,23111715566,find_phi_fixed_budget_binary_search,"{""m_exploration"": 32614, ""safeguard"": 1, ""conf"": 0.9, ""budget"": 23111715566}"
"U(0.01,0.3), eps=1e-06",0.01,0.3,1e-06,binary,35535389629,find_phi_fixed_budget_binary_search,"{""m_exploration"": 68335, ""safeguard"": 1, ""conf"": 0.9, ""budget"": 35535389629}"
"U(0.01,0.3), eps=1e-06",0.01,0.3,1e-06,binary,54637394288,find_phi_fixed_budget_binary_search,"{""m_exploration"": 68335, ""safeguard"": 1, ""conf"": 0.9, ""budget"": 54637394288}"
"U(0.01,0.3), eps=1e-06",0.01,0.3,1e-06,binary,84007657882,find_phi_fixed_budget_binary_search,"{""m_exploration"": 143180, ""safeguard"": 1, ""conf"": 0.9, ""budget"": 84007657882}"
"U(0.01,0.3), eps=1e-06",0.01,0.3,1e-06,binary,129165870273,find_phi_fixed_budget_binary_search,"{""m_exploration"": 143180, ""safeguard"": 1, ""conf"": 0.9, ""budget"": 129165870273}"
"U(0.01,0.3), eps=1e-06",0.01,0.3,1e-06,binary,198598823776,find_phi_fixed_budget_binary_search,"{""m_exploration"": 143180, ""safeguard"": 1, ""conf"": 0.9, ""budget"": 198598823776}"
"U(0.01,0.3), eps=1e-06",0.01,0.3,1e-06,binary,305355375393,find_phi_fixed_budget_binary_search,"{""m_exploration"": 300000, ""safeguard"": 1, ""conf"": 0.5, ""budget"": 305355375393}"
"U(0.01,0.3), eps=1e-06",0.01,0.3,1e-06,binary,469498779038,find_phi_fixed_budget_binary_search,"{""m_exploration"": 143180, ""safeguard"": 1, ""conf"": 0.5, ""budget"": 469498779038}"
"U(0.01,0.3), eps=1e-06",0.01,0.3,1e-06,binary,721877265906,find_phi_fixed_budget_binary_search,"{""m_exploration"": 68335, ""safeguard"": 2, ""conf"": 0.5, ""budget"": 721877265906}"
"U(0.01,0.3), eps=1e-06",0.01,0.3,1e-06,binary,1109921495641,find_phi_fixed_budget_binary_search,"{""m_exploration"": 32614, ""safeguard"": 2, ""conf"": 0.5, ""budget"": 1109921495641}"
"U(0.01,0.3), eps=1e-06",0.01,0.3,1e-06,binary,1706558420205,find_phi_fixed_budget_binary_search,"{""m_exploration"": 32614, ""safeguard"": 2, ""conf"": 0.5, ""budget"": 1706558420205}"
"U(0.01,0.3), eps=1e-06",0.01,0.3,1e-06,binary,2623916784213,find_phi_fixed_budget_binary_search,"{""m_exploration"": 32614, ""safeguard"": 2, ""conf"": 0.5, ""budget"": 2623916784213}"
"U(0.01,0.3), eps=1e-06",0.01,0.3,1e-06,binary,4034400000000,find_phi_fixed_budget_binary_search,"{""m_exploration"": 32614, ""safeguard"": 2, ""conf"": 0.5, ""budget"": 4034400000000}"
"U(0.01,0.3), eps=1e-06",0.01,0.3,1e-06,reverse_eng_risk,2689600000,find_phi_fixed_budget_reverse_engineering_risk,"{""m_exploration"": 300000, ""eps_target"": 1e-06, ""budget"": 2689600000}"
"U(0.01,0.3), eps=1e-06",0.01,0.3,1e-06,reverse_eng_risk,4135391147,find_phi_fixed_budget_reverse_engineering_risk,"{""m_exploration"": 300000, ""eps_target"": 1e-06, ""budget"": 4135391147}"
"U(0.01,0.3), eps=1e-06",0.01,0.3,1e-06,reverse_eng_risk,6358365533,find_phi_fixed_budget_reverse_engineering_risk,"{""m_exploration"": 180853, ""eps_target"": 1e-06, ""budget"": 6358365533}"
"U(0.01,0.3), eps=1e-06",0.01,0.3,1e-06,reverse_eng_risk,9776297046,find_phi_fixed_budget_reverse_engineering_risk,"{""m_exploration"": 180853, ""eps_target"": 1e-06, ""budget"": 9776297046}"
"U(0.01,0.3), eps=1e-06",0.01,0.3,1e-06,reverse_eng_risk,15031533409,find_phi_fixed_budget_reverse_engineering_risk,"{""m_exploration"": 180853, ""eps_target"": 1e-06, ""budget"": 15031533409}"
"U(0.01,0.3), eps=1e-06",0.01,0.3,1e-06,reverse_eng_risk,23111715566,find_phi_fixed_budget_reverse_engineering_risk,"{""m_exploration"": 65726, ""eps_target"": 1e-06, ""budget"": 23111715566}"
"U(0.01,0.3), eps=1e-06",0.01,0.3,1e-06,reverse_eng_risk,35535389629,find_phi_fixed_budget_reverse_engineering_risk,"{""m_exploration"": 109026, ""eps_target"": 1e-06, ""budget"": 35535389629}"
"U(0.01,0.3), eps=1e-06",0.01,0.3,1e-06,reverse_eng_risk,54637394288,find_phi_fixed_budget_reverse_engineering_risk,"{""m_exploration"": 23886, ""eps_target"": 1e-06, ""budget"": 54637394288}"
"U(0.01,0.3), eps=1e-06",0.01,0.3,1e-06,reverse_eng_risk,84007657882,find_phi_fixed_budget_reverse_engineering_risk,"{""m_exploration"": 3154, ""eps_target"": 1e-06, ""budget"": 84007657882}"
"U(0.01,0.3), eps=1e-06",0.01,0.3,1e-06,reverse_eng_risk,129165870273,find_phi_fixed_budget_reverse_engineering_risk,"{""m_exploration"": 1901, ""eps_target"": 1e-06, ""budget"": 129165870273}"
"U(0.01,0.3), eps=1e-06",0.01,0.3,1e-06,reverse_eng_risk,198598823776,find_phi_fixed_budget_reverse_engineering_risk,"{""m_exploration"": 3154, ""eps_target"": 1e-06, ""budget"": 198598823776}"
"U(0.01,0.3), eps=1e-06",0.01,0.3,1e-06,reverse_eng_risk,305355375393,find_phi_fixed_budget_reverse_engineering_risk,"{""m_exploration"": 8680, ""eps_target"": 1e-06, ""budget"": 305355375393}"
"U(0.01,0.3), eps=1e-06",0.01,0.3,1e-06,reverse_eng_risk,469498779038,find_phi_fixed_budget_reverse_engineering_risk,"{""m_exploration"": 1901, ""eps_target"": 1e-06, ""budget"": 469498779038}"
"U(0.01,0.3), eps=1e-06",0.01,0.3,1e-06,reverse_eng_risk,721877265906,find_phi_fixed_budget_reverse_engineering_risk,"{""m_exploration"": 20, ""eps_target"": 1e-06, ""budget"": 721877265906}"
"U(0.01,0.3), eps=1e-06",0.01,0.3,1e-06,reverse_eng_risk,1109921495641,find_phi_fixed_budget_reverse_engineering_risk,"{""m_exploration"": 20, ""eps_target"": 1e-06, ""budget"": 1109921495641}"
"U(0.01,0.3), eps=1e-06",0.01,0.3,1e-06,reverse_eng_risk,1706558420205,find_phi_fixed_budget_reverse_engineering_risk,"{""m_exploration"": 20, ""eps_target"": 1e-06, ""budget"": 1706558420205}"
"U(0.01,0.3), eps=1e-06",0.01,0.3,1e-06,reverse_eng_risk,2623916784213,find_phi_fixed_budget_reverse_engineering_risk,"{""m_exploration"": 20, ""eps_target"": 1e-06, ""budget"": 2623916784213}"
"U(0.01,0.3), eps=1e-06",0.01,0.3,1e-06,reverse_eng_risk,4034400000000,find_phi_fixed_budget_reverse_engineering_risk,"{""m_exploration"": 20, ""eps_target"": 1e-06, ""budget"": 4034400000000}"
"U(0.01,0.3), eps=1e-06",0.01,0.3,1e-06,binary_risk,2689600000,find_phi_fixed_budget_binary_search_risk,"{""m_exploration"": 15565, ""conf"": 0.8, ""eps_target"": 1e-06, ""budget"": 2689600000}"
"U(0.01,0.3), eps=1e-06",0.01,0.3,1e-06,binary_risk,4135391147,find_phi_fixed_budget_binary_search_risk,"{""m_exploration"": 32614, ""conf"": 0.9, ""eps_target"": 1e-06, ""budget"": 4135391147}"
"U(0.01,0.3), eps=1e-06",0.01,0.3,1e-06,binary_risk,6358365533,find_phi_fixed_budget_binary_search_risk,"{""m_exploration"": 32614, ""conf"": 0.9, ""eps_target"": 1e-06, ""budget"": 6358365533}"
"U(0.01,0.3), eps=1e-06",0.01,0.3,1e-06,binary_risk,9776297046,find_phi_fixed_budget_binary_search_risk,"{""m_exploration"": 32614, ""conf"": 0.9, ""eps_target"": 1e-06, ""budget"": 9776297046}"
"U(0.01,0.3), eps=1e-06",0.01,0.3,1e-06,binary_risk,15031533409,find_phi_fixed_budget_binary_search_risk,"{""m_exploration"": 807, ""conf"": 0.8, ""eps_target"": 1e-06, ""budget"": 15031533409}"
"U(0.01,0.3), eps=1e-06",0.01,0.3,1e-06,binary_risk,23111715566,find_phi_fixed_budget_binary_search_risk,"{""m_exploration"": 32614, ""conf"": 0.9, ""eps_target"": 1e-06, ""budget"": 23111715566}"
"U(0.01,0.3), eps=1e-06",0.01,0.3,1e-06,binary_risk,35535389629,find_phi_fixed_budget_binary_search_risk,"{""m_exploration"": 68335, ""conf"": 0.9, ""eps_target"": 1e-06, ""budget"": 35535389629}"
"U(0.01,0.3), eps=1e-06",0.01,0.3,1e-06,binary_risk,54637394288,find_phi_fixed_budget_binary_search_risk,"{""m_exploration"": 32614, ""conf"": 0.9, ""eps_target"": 1e-06, ""budget"": 54637394288}"
"U(0.01,0.3), eps=1e-06",0.01,0.3,1e-06,binary_risk,84007657882,find_phi_fixed_budget_binary_search_risk,"{""m_exploration"": 3545, ""conf"": 0.5, ""eps_target"": 1e-06, ""budget"": 84007657882}"
"U(0.01,0.3), eps=1e-06",0.01,0.3,1e-06,binary_risk,129165870273,find_phi_fixed_budget_binary_search_risk,"{""m_exploration"": 143180, ""conf"": 0.5, ""eps_target"": 1e-06, ""budget"": 129165870273}"
"U(0.01,0.3), eps=1e-06",0.01,0.3,1e-06,binary_risk,198598823776,find_phi_fixed_budget_binary_search_risk,"{""m_exploration"": 143180, ""conf"": 0.5, ""eps_target"": 1e-06, ""budget"": 198598823776}"
"U(0.01,0.3), eps=1e-06",0.01,0.3,1e-06,binary_risk,305355375393,find_phi_fixed_budget_binary_search_risk,"{""m_exploration"": 7429, ""conf"": 0.5, ""eps_target"": 1e-06, ""budget"": 305355375393}"
"U(0.01,0.3), eps=1e-06",0.01,0.3,1e-06,binary_risk,469498779038,find_phi_fixed_budget_binary_search_risk,"{""m_exploration"": 3545, ""conf"": 0.5, ""eps_target"": 1e-06, ""budget"": 469498779038}"
"U(0.01,0.3), eps=1e-06",0.01,0.3,1e-06,binary_risk,721877265906,find_phi_fixed_budget_binary_search_risk,"{""m_exploration"": 183, ""conf"": 0.5, ""eps_target"": 1e-06, ""budget"": 721877265906}"
"U(0.01,0.3), eps=1e-06",0.01,0.3,1e-06,binary_risk,1109921495641,find_phi_fixed_budget_binary_search_risk,"{""m_exploration"": 41, ""conf"": 0.5, ""eps_target"": 1e-06, ""budget"": 1109921495641}"
"U(0.01,0.3), eps=1e-06",0.01,0.3,1e-06,binary_risk,1706558420205,find_phi_fixed_budget_binary_search_risk,"{""m_exploration"": 20, ""conf"": 0.5, ""eps_target"": 1e-06, ""budget"": 1706558420205}"
"U(0.01,0.3), eps=1e-06",0.01,0.3,1e-06,binary_risk,2623916784213,find_phi_fixed_budget_binary_search_risk,"{""m_exploration"": 20, ""conf"": 0.5, ""eps_target"": 1e-06, ""budget"": 2623916784213}"
"U(0.01,0.3), eps=1e-06",0.01,0.3,1e-06,binary_risk,4034400000000,find_phi_fixed_budget_binary_search_risk,"{""m_exploration"": 20, ""conf"": 0.5, ""eps_target"": 1e-06, ""budget"": 4034400000000}"
"U(0.001,0.3), eps=1e-06",0.001,0.3,1e-06,linear,2689600000,find_phi_fixed_budget_linear_search,"{""m_exploration"": 13924, ""lookback_window"": 5, ""safeguard"": 0, ""inc"": 1, ""budget"": 2689600000}"
"U(0.001,0.3), eps=1e-06",0.001,0.3,1e-06,linear,4135391147,find_phi_fixed_budget_linear_search,"{""m_exploration"": 13924, ""lookback_window"": 5, ""safeguard"": 0, ""inc"": 1, ""budget"": 4135391147}"
"U(0.001,0.3), eps=1e-06",0.001,0.3,1e-06,linear,6358365533,find_phi_fixed_budget_linear_search,"{""m_exploration"": 13924, ""lookback_window"": 5, ""safeguard"": 0, ""inc"": 1, ""budget"": 6358365533}"
"U(0.001,0.3), eps=1e-06",0.001,0.3,1e-06,linear,9776297046,find_phi_fixed_budget_linear_search,"{""m_exploration"": 13924, ""lookback_window"": 5, ""safeguard"": 0, ""inc"": 1, ""budget"": 9776297046}"
"U(0.001,0.3), eps=1e-06",0.001,0.3,1e-06,linear,15031533409,find_phi_fixed_budget_linear_search,"{""m_exploration"": 139247, ""lookback_window"": 5, ""safeguard"": 0, ""inc"": 2, ""budget"": 15031533409}"
"U(0.001,0.3), eps=1e-06",0.001,0.3,1e-06,linear,23111715566,find_phi_fixed_budget_linear_search,"{""m_exploration"": 64633, ""lookback_window"": 5, ""safeguard"": 0, ""inc"": 1, ""budget"": 23111715566}"
"U(0.001,0.3), eps=1e-06",0.001,0.3,1e-06,linear,35535389629,find_phi_fixed_budget_linear_search,"{""m_exploration"": 139247, ""lookback_window"": 5, ""safeguard"": 0, ""inc"": 1, ""budget"": 35535389629}"
"U(0.001,0.3), eps=1e-06",0.001,0.3,1e-06,linear,54637394288,find_phi_fixed_budget_linear_search,"{""m_exploration"": 300000, ""lookback_window"": 5, ""safeguard"": 0, ""inc"": 1, ""budget"": 54637394288}"
"U(0.001,0.3), eps=1e-06",0.001,0.3,1e-06,linear,84007657882,find_phi_fixed_budget_linear_search,"{""m_exploration"": 300000, ""lookback_window"": 5, ""safeguard"": 0, ""inc"": 1, ""budget"": 84007657882}"
"U(0.001,0.3), eps=1e-06",0.001,0.3,1e-06,linear,129165870273,find_phi_fixed_budget_linear_search,"{""m_exploration"": 300000, ""lookback_window"": 5, ""safeguard"": 0, ""inc"": 1, ""budget"": 129165870273}"
"U(0.001,0.3), eps=1e-06",0.001,0.3,1e-06,linear,198598823776,find_phi_fixed_budget_linear_search,"{""m_exploration"": 139247, ""lookback_window"": 5, ""safeguard"": 0, ""inc"": 1, ""budget"": 198598823776}"
"U(0.001,0.3), eps=1e-06",0.001,0.3,1e-06,linear,305355375393,find_phi_fixed_budget_linear_search,"{""m_exploration"": 139247, ""lookback_window"": 5, ""safeguard"": 1, ""inc"": 1, ""budget"": 305355375393}"
"U(0.001,0.3), eps=1e-06",0.001,0.3,1e-06,linear,469498779038,find_phi_fixed_budget_linear_search,"{""m_exploration"": 64633, ""lookback_window"": 5, ""safeguard"": 1, ""inc"": 1, ""budget"": 469498779038}"
"U(0.001,0.3), eps=1e-06",0.001,0.3,1e-06,linear,721877265906,find_phi_fixed_budget_linear_search,"{""m_exploration"": 29, ""lookback_window"": 1, ""safeguard"": 1, ""inc"": 1, ""budget"": 721877265906}"
"U(0.001,0.3), eps=1e-06",0.001,0.3,1e-06,linear,1109921495641,find_phi_fixed_budget_linear_search,"{""m_exploration"": 29, ""lookback_window"": 1, ""safeguard"": 1, ""inc"": 1, ""budget"": 1109921495641}"
"U(0.001,0.3), eps=1e-06",0.001,0.3,1e-06,linear,1706558420205,find_phi_fixed_budget_linear_search,"{""m_exploration"": 29, ""lookback_window"": 1, ""safeguard"": 1, ""inc"": 1, ""budget"": 1706558420205}"
"U(0.001,0.3), eps=1e-06",0.001,0.3,1e-06,linear,2623916784213,find_phi_fixed_budget_linear_search,"{""m_exploration"": 29, ""lookback_window"": 1, ""safeguard"": 1, ""inc"": 1, ""budget"": 2623916784213}"
"U(0.001,0.3), eps=1e-06",0.001,0.3,1e-06,linear,4034400000000,find_phi_fixed_budget_linear_search,"{""m_exploration"": 6, ""lookback_window"": 1, ""safeguard"": 5, ""inc"": 1, ""budget"": 4034400000000}"
"U(0.001,0.3), eps=1e-06",0.001,0.3,1e-06,reverse_eng,2689600000,find_phi_fixed_budget_reverse_engineering,"{""m_exploration"": 300000, ""safeguard"": 0.95, ""budget"": 2689600000}"
"U(0.001,0.3), eps=1e-06",0.001,0.3,1e-06,reverse_eng,4135391147,find_phi_fixed_budget_reverse_engineering,"{""m_exploration"": 300000, ""safeguard"": 0.95, ""budget"": 4135391147}"
"U(0.001,0.3), eps=1e-06",0.001,0.3,1e-06,reverse_eng,6358365533,find_phi_fixed_budget_reverse_engineering,"{""m_exploration"": 300000, ""safeguard"": 0.95, ""budget"": 6358365533}"
"U(0.001,0.3), eps=1e-06",0.001,0.3,1e-06,reverse_eng,9776297046,find_phi_fixed_budget_reverse_engineering,"{""m_exploration"": 180853, ""safeguard"": 0.95, ""budget"": 9776297046}"
"U(0.001,0.3), eps=1e-06",0.001,0.3,1e-06,reverse_eng,15031533409,find_phi_fixed_budget_reverse_engineering,"{""m_exploration"": 180853, ""safeguard"": 0.95, ""budget"": 15031533409}"
"U(0.001,0.3), eps=1e-06",0.001,0.3,1e-06,reverse_eng,23111715566,find_phi_fixed_budget_reverse_engineering,"{""m_exploration"": 180853, ""safeguard"": 0.95, ""budget"": 23111715566}"
"U(0.001,0.3), eps=1e-06",0.001,0.3,1e-06,reverse_eng,35535389629,find_phi_fixed_budget_reverse_engineering,"{""m_exploration"": 180853, ""safeguard"": 0.95, ""budget"": 35535389629}"
"U(0.001,0.3), eps=1e-06",0.001,0.3,1e-06,reverse_eng,54637394288,find_phi_fixed_budget_reverse_engineering,"{""m_exploration"": 180853, ""safeguard"": 0.95, ""budget"": 54637394288}"
"U(0.001,0.3), eps=1e-06",0.001,0.3,1e-06,reverse_eng,84007657882,find_phi_fixed_budget_reverse_engineering,"{""m_exploration"": 180853, ""safeguard"": 0.95, ""budget"": 84007657882}"
"U(0.001,0.3), eps=1e-06",0.001,0.3,1e-06,reverse_eng,129165870273,find_phi_fixed_budget_reverse_engineering,"{""m_exploration"": 65726, ""safeguard"": 0.9, ""budget"": 129165870273}"
"U(0.001,0.3), eps=1e-06",0.001,0.3,1e-06,reverse_eng,198598823776,find_phi_fixed_budget_reverse_engineering,"{""m_exploration"": 65726, ""safeguard"": 0.9, ""budget"": 198598823776}"
"U(0.001,0.3), eps=1e-06",0.001,0.3,1e-06,reverse_eng,305355375393,find_phi_fixed_budget_reverse_engineering,"{""m_exploration"": 180853, ""safeguard"": 0.9, ""budget"": 305355375393}"
"U(0.001,0.3), eps=1e-06",0.001,0.3,1e-06,reverse_eng,469498779038,find_phi_fixed_budget_reverse_engineering,"{""m_exploration"": 65726, ""safeguard"": 0.85, ""budget"": 469498779038}"
"U(0.001,0.3), eps=1e-06",0.001,0.3,1e-06,reverse_eng,721877265906,find_phi_fixed_budget_reverse_engineering,"{""m_exploration"": 39622, ""safeguard"": 0.8, ""budget"": 721877265906}"
"U(0.001,0.3), eps=1e-06",0.001,0.3,1e-06,reverse_eng,1109921495641,find_phi_fixed_budget_reverse_engineering,"{""m_exploration"": 39622, ""safeguard"": 0.8, ""budget"": 1109921495641}"
"U(0.001,0.3), eps=1e-06",0.001,0.3,1e-06,reverse_eng,1706558420205,find_phi_fixed_budget_reverse_engineering,"{""m_exploration"": 39622, ""safeguard"": 0.8, ""budget"": 1706558420205}"
"U(0.001,0.3), eps=1e-06",0.001,0.3,1e-06,reverse_eng,2623916784213,find_phi_fixed_budget_reverse_engineering,"{""m_exploration"": 39622, ""safeguard"": 0.8, ""budget"": 2623916784213}"
"U(0.001,0.3), eps=1e-06",0.001,0.3,1e-06,reverse_eng,4034400000000,find_phi_fixed_budget_reverse_engineering,"{""m_exploration"": 39622, ""safeguard"": 0.8, ""budget"": 4034400000000}"
"U(0.001,0.3), eps=1e-06",0.001,0.3,1e-06,binary,2689600000,find_phi_fixed_budget_binary_search,"{""m_exploration"": 68335, ""safeguard"": 1, ""conf"": 0.9, ""budget"": 2689600000}"
"U(0.001,0.3), eps=1e-06",0.001,0.3,1e-06,binary,4135391147,find_phi_fixed_budget_binary_search,"{""m_exploration"": 68335, ""safeguard"": 1, ""conf"": 0.9, ""budget"": 4135391147}"
"U(0.001,0.3), eps=1e-06",0.001,0.3,1e-06,binary,6358365533,find_phi_fixed_budget_binary_search,"{""m_exploration"": 68335, ""safeguard"": 1, ""conf"": 0.9, ""budget"": 6358365533}"
"U(0.001,0.3), eps=1e-06",0.001,0.3,1e-06,binary,9776297046,find_phi_fixed_budget_binary_search,"{""m_exploration"": 32614, ""safeguard"": 1, ""conf"": 0.9, ""budget"": 9776297046}"
"U(0.001,0.3), eps=1e-06",0.001,0.3,1e-06,binary,15031533409,find_phi_fixed_budget_binary_search,"{""m_exploration"": 32614, ""safeguard"": 1, ""conf"": 0.9, ""budget"": 15031533409}"
"U(0.001,0.3), eps=1e-06",0.001,0.3,1e-06,binary,23111715566,find_phi_fixed_budget_binary_search,"{""m_exploration"": 68335, ""safeguard"": 1, ""conf"": 0.9, ""budget"": 23111715566}"
"U(0.001,0.3), eps=1e-06",0.001,0.3,1e-06,binary,35535389629,find_phi_fixed_budget_binary_search,"{""m_exploration"": 68335, ""safeguard"": 1, ""conf"": 0.9, ""budget"": 35535389629}"
"U(0.001,0.3), eps=1e-06",0.001,0.3,1e-06,binary,54637394288,find_phi_fixed_budget_binary_search,"{""m_exploration"": 300000, ""safeguard"": 1, ""conf"": 0.9, ""budget"": 54637394288}"
"U(0.001,0.3), eps=1e-06",0.001,0.3,1e-06,binary,84007657882,find_phi_fixed_budget_binary_search,"{""m_exploration"": 300000, ""safeguard"": 1, ""conf"": 0.9, ""budget"": 84007657882}"
"U(0.001,0.3), eps=1e-06",0.001,0.3,1e-06,binary,129165870273,find_phi_fixed_budget_binary_search,"{""m_exploration"": 300000, ""safeguard"": 1, ""conf"": 0.9, ""budget"": 129165870273}"
"U(0.001,0.3), eps=1e-06",0.001,0.3,1e-06,binary,198598823776,find_phi_fixed_budget_binary_search,"{""m_exploration"": 300000, ""safeguard"": 1, ""conf"": 0.8, ""budget"": 198598823776}"
"U(0.001,0.3), eps=1e-06",0.001,0.3,1e-06,binary,305355375393,find_phi_fixed_budget_binary_search,"{""m_exploration"": 68335, ""safeguard"": 2, ""conf"": 0.9, ""budget"": 305355375393}"
"U(0.001,0.3), eps=1e-06",0.001,0.3,1e-06,binary,469498779038,find_phi_fixed_budget_binary_search,"{""m_exploration"": 32614, ""safeguard"": 2, ""conf"": 0.5, ""budget"": 469498779038}"
"U(0.001,0.3), eps=1e-06",0.001,0.3,1e-06,binary,721877265906,find_phi_fixed_budget_binary_search,"{""m_exploration"": 32614, ""safeguard"": 2, ""conf"": 0.5, ""budget"": 721877265906}"
"U(0.001,0.3), eps=1e-06",0.001,0.3,1e-06,binary,1109921495641,find_phi_fixed_budget_binary_search,"{""m_exploration"": 32614, ""safeguard"": 2, ""conf"": 0.5, ""budget"": 1109921495641}"
"U(0.001,0.3), eps=1e-06",0.001,0.3,1e-06,binary,1706558420205,find_phi_fixed_budget_binary_search,"{""m_exploration"": 32614, ""safeguard"": 2, ""conf"": 0.5, ""budget"": 1706558420205}"
"U(0.001,0.3), eps=1e-06",0.001,0.3,1e-06,binary,2623916784213,find_phi_fixed_budget_binary_search,"{""m_exploration"": 32614, ""safeguard"": 2, ""conf"": 0.5, ""budget"": 2623916784213}"
"U(0.001,0.3), eps=1e-06",0.001,0.3,1e-06,binary,4034400000000,find_phi_fixed_budget_binary_search,"{""m_exploration"": 32614, ""safeguard"": 2, ""conf"": 0.5, ""budget"": 4034400000000}"
"U(0.001,0.3), eps=1e-06",0.001,0.3,1e-06,reverse_eng_risk,2689600000,find_phi_fixed_budget_reverse_engineering_risk,"{""m_exploration"": 300000, ""eps_target"": 1e-06, ""budget"": 2689600000}"
"U(0.001,0.3), eps=1e-06",0.001,0.3,1e-06,reverse_eng_risk,4135391147,find_phi_fixed_budget_reverse_engineering_risk,"{""m_exploration"": 180853, ""eps_target"": 1e-06, ""budget"": 4135391147}"
"U(0.001,0.3), eps=1e-06",0.001,0.3,1e-06,reverse_eng_risk,6358365533,find_phi_fixed_budget_reverse_engineering_risk,"{""m_exploration"": 300000, ""eps_target"": 1e-06, ""budget"": 6358365533}"
"U(0.001,0.3), eps=1e-06",0.001,0.3,1e-06,reverse_eng_risk,9776297046,find_phi_fixed_budget_reverse_engineering_risk,"{""m_exploration"": 180853, ""eps_target"": 1e-06, ""budget"": 9776297046}"
"U(0.001,0.3), eps=1e-06",0.001,0.3,1e-06,reverse_eng_risk,15031533409,find_phi_fixed_budget_reverse_engineering_risk,"{""m_exploration"": 180853, ""eps_target"": 1e-06, ""budget"": 15031533409}"
"U(0.001,0.3), eps=1e-06",0.001,0.3,1e-06,reverse_eng_risk,23111715566,find_phi_fixed_budget_reverse_engineering_risk,"{""m_exploration"": 180853, ""eps_target"": 1e-06, ""budget"": 23111715566}"
"U(0.001,0.3), eps=1e-06",0.001,0.3,1e-06,reverse_eng_risk,35535389629,find_phi_fixed_budget_reverse_engineering_risk,"{""m_exploration"": 8680, ""eps_target"": 1e-06, ""budget"": 35535389629}"
"U(0.001,0.3), eps=1e-06",0.001,0.3,1e-06,reverse_eng_risk,54637394288,find_phi_fixed_budget_reverse_engineering_risk,"{""m_exploration"": 8680, ""eps_target"": 1e-06, ""budget"": 54637394288}"
"U(0.001,0.3), eps=1e-06",0.001,0.3,1e-06,reverse_eng_risk,84007657882,find_phi_fixed_budget_reverse_engineering_risk,"{""m_exploration"": 3154, ""eps_target"": 1e-06, ""budget"": 84007657882}"
"U(0.001,0.3), eps=1e-06",0.001,0.3,1e-06,reverse_eng_risk,129165870273,find_phi_fixed_budget_reverse_engineering_risk,"{""m_exploration"": 1901, ""eps_target"": 1e-06, ""budget"": 129165870273}"
"U(0.001,0.3), eps=1e-06",0.001,0.3,1e-06,reverse_eng_risk,198598823776,find_phi_fixed_budget_reverse_engineering_risk,"{""m_exploration"": 3154, ""eps_target"": 1e-06, ""budget"": 198598823776}"
"U(0.001,0.3), eps=1e-06",0.001,0.3,1e-06,reverse_eng_risk,305355375393,find_phi_fixed_budget_reverse_engineering_risk,"{""m_exploration"": 251, ""eps_target"": 1e-06, ""budget"": 305355375393}"
"U(0.001,0.3), eps=1e-06",0.001,0.3,1e-06,reverse_eng_risk,469498779038,find_phi_fixed_budget_reverse_engineering_risk,"{""m_exploration"": 1901, ""eps_target"": 1e-06, ""budget"": 469498779038}"
"U(0.001,0.3), eps=1e-06",0.001,0.3,1e-06,reverse_eng_risk,721877265906,find_phi_fixed_budget_reverse_engineering_risk,"{""m_exploration"": 20, ""eps_target"": 1e-06, ""budget"": 721877265906}"
"U(0.001,0.3), eps=1e-06",0.001,0.3,1e-06,reverse_eng_risk,1109921495641,find_phi_fixed_budget_reverse_engineering_risk,"{""m_exploration"": 20, ""eps_target"": 1e-06, ""budget"": 1109921495641}"
"U(0.001,0.3), eps=1e-06",0.001,0.3,1e-06,reverse_eng_risk,1706558420205,find_phi_fixed_budget_reverse_engineering_risk,"{""m_exploration"": 20, ""eps_target"": 1e-06, ""budget"": 1706558420205}"
"U(0.001,0.3), eps=1e-06",0.001,0.3,1e-06,reverse_eng_risk,2623916784213,find_phi_fixed_budget_reverse_engineering_risk,"{""m_exploration"": 20, ""eps_target"": 1e-06, ""budget"": 2623916784213}"
"U(0.001,0.3), eps=1e-06",0.001,0.3,1e-06,reverse_eng_risk,4034400000000,find_phi_fixed_budget_reverse_engineering_risk,"{""m_exploration"": 20, ""eps_target"": 1e-06, ""budget"": 4034400000000}"
"U(0.001,0.3), eps=1e-06",0.001,0.3,1e-06,binary_risk,2689600000,find_phi_fixed_budget_binary_search_risk,"{""m_exploration"": 68335, ""conf"": 0.9, ""eps_target"": 1e-06, ""budget"": 2689600000}"
"U(0.001,0.3), eps=1e-06",0.001,0.3,1e-06,binary_risk,4135391147,find_phi_fixed_budget_binary_search_risk,"{""m_exploration"": 68335, ""conf"": 0.9, ""eps_target"": 1e-06, ""budget"": 4135391147}"
"U(0.001,0.3), eps=1e-06",0.001,0.3,1e-06,binary_risk,6358365533,find_phi_fixed_budget_binary_search_risk,"{""m_exploration"": 7429, ""conf"": 0.5, ""eps_target"": 1e-06, ""budget"": 6358365533}"
"U(0.001,0.3), eps=1e-06",0.001,0.3,1e-06,binary_risk,9776297046,find_phi_fixed_budget_binary_search_risk,"{""m_exploration"": 7429, ""conf"": 0.5, ""eps_target"": 1e-06, ""budget"": 9776297046}"
"U(0.001,0.3), eps=1e-06",0.001,0.3,1e-06,binary_risk,15031533409,find_phi_fixed_budget_binary_search_risk,"{""m_exploration"": 7429, ""conf"": 0.5, ""eps_target"": 1e-06, ""budget"": 15031533409}"
"U(0.001,0.3), eps=1e-06",0.001,0.3,1e-06,binary_risk,23111715566,find_phi_fixed_budget_binary_search_risk,"{""m_exploration"": 32614, ""conf"": 0.5, ""eps_target"": 1e-06, ""budget"": 23111715566}"
"U(0.001,0.3), eps=1e-06",0.001,0.3,1e-06,binary_risk,35535389629,find_phi_fixed_budget_binary_search_risk,"{""m_exploration"": 32614, ""conf"": 0.5, ""eps_target"": 1e-06, ""budget"": 35535389629}"
"U(0.001,0.3), eps=1e-06",0.001,0.3,1e-06,binary_risk,54637394288,find_phi_fixed_budget_binary_search_risk,"{""m_exploration"": 7429, ""conf"": 0.5, ""eps_target"": 1e-06, ""budget"": 54637394288}"
"U(0.001,0.3), eps=1e-06",0.001,0.3,1e-06,binary_risk,84007657882,find_phi_fixed_budget_binary_search_risk,"{""m_exploration"": 7429, ""conf"": 0.8, ""eps_target"": 1e-06, ""budget"": 84007657882}"
"U(0.001,0.3), eps=1e-06",0.001,0.3,1e-06,binary_risk,129165870273,find_phi_fixed_budget_binary_search_risk,"{""m_exploration"": 7429, ""conf"": 0.5, ""eps_target"": 1e-06, ""budget"": 129165870273}"
"U(0.001,0.3), eps=1e-06",0.001,0.3,1e-06,binary_risk,198598823776,find_phi_fixed_budget_binary_search_risk,"{""m_exploration"": 7429, ""conf"": 0.5, ""eps_target"": 1e-06, ""budget"": 198598823776}"
"U(0.001,0.3), eps=1e-06",0.001,0.3,1e-06,binary_risk,305355375393,find_phi_fixed_budget_binary_search_risk,"{""m_exploration"": 7429, ""conf"": 0.5, ""eps_target"": 1e-06, ""budget"": 305355375393}"
"U(0.001,0.3), eps=1e-06",0.001,0.3,1e-06,binary_risk,469498779038,find_phi_fixed_budget_binary_search_risk,"{""m_exploration"": 807, ""conf"": 0.5, ""eps_target"": 1e-06, ""budget"": 469498779038}"
"U(0.001,0.3), eps=1e-06",0.001,0.3,1e-06,binary_risk,721877265906,find_phi_fixed_budget_binary_search_risk,"{""m_exploration"": 183, ""conf"": 0.5, ""eps_target"": 1e-06, ""budget"": 721877265906}"
"U(0.001,0.3), eps=1e-06",0.001,0.3,1e-06,binary_risk,1109921495641,find_phi_fixed_budget_binary_search_risk,"{""m_exploration"": 41, ""conf"": 0.5, ""eps_target"": 1e-06, ""budget"": 1109921495641}"
"U(0.001,0.3), eps=1e-06",0.001,0.3,1e-06,binary_risk,1706558420205,find_phi_fixed_budget_binary_search_risk,"{""m_exploration"": 20, ""conf"": 0.5, ""eps_target"": 1e-06, ""budget"": 1706558420205}"
"U(0.001,0.3), eps=1e-06",0.001,0.3,1e-06,binary_risk,2623916784213,find_phi_fixed_budget_binary_search_risk,"{""m_exploration"": 20, ""conf"": 0.5, ""eps_target"": 1e-06, ""budget"": 2623916784213}"
"U(0.001,0.3), eps=1e-06",0.001,0.3,1e-06,binary_risk,4034400000000,find_phi_fixed_budget_binary_search_risk,"{""m_exploration"": 20, ""conf"": 0.5, ""eps_target"": 1e-06, ""budget"": 4034400000000}"
"U(0.0001,0.3), eps=1e-06",0.0001,0.3,1e-06,linear,2689600000,find_phi_fixed_budget_linear_search,"{""m_exploration"": 13924, ""lookback_window"": 5, ""safeguard"": 0, ""inc"": 1, ""budget"": 2689600000}"
"U(0.0001,0.3), eps=1e-06",0.0001,0.3,1e-06,linear,4135391147,find_phi_fixed_budget_linear_search,"{""m_exploration"": 13924, ""lookback_window"": 5, ""safeguard"": 0, ""inc"": 1, ""budget"": 4135391147}"
"U(0.0001,0.3), eps=1e-06",0.0001,0.3,1e-06,linear,6358365533,find_phi_fixed_budget_linear_search,"{""m_exploration"": 139247, ""lookback_window"": 5, ""safeguard"": 0, ""inc"": 1, ""budget"": 6358365533}"
"U(0.0001,0.3), eps=1e-06",0.0001,0.3,1e-06,linear,9776297046,find_phi_fixed_budget_linear_search,"{""m_exploration"": 139247, ""lookback_window"": 5, ""safeguard"": 0, ""inc"": 1, ""budget"": 9776297046}"
"U(0.0001,0.3), eps=1e-06",0.0001,0.3,1e-06,linear,15031533409,find_phi_fixed_budget_linear_search,"{""m_exploration"": 139247, ""lookback_window"": 5, ""safeguard"": 0, ""inc"": 1, ""budget"": 15031533409}"
"U(0.0001,0.3), eps=1e-06",0.0001,0.3,1e-06,linear,23111715566,find_phi_fixed_budget_linear_search,"{""m_exploration"": 139247, ""lookback_window"": 5, ""safeguard"": 0, ""inc"": 1, ""budget"": 23111715566}"
"U(0.0001,0.3), eps=1e-06",0.0001,0.3,1e-06,linear,35535389629,find_phi_fixed_budget_linear_search,"{""m_exploration"": 139247, ""lookback_window"": 5, ""safeguard"": 0, ""inc"": 1, ""budget"": 35535389629}"
"U(0.0001,0.3), eps=1e-06",0.0001,0.3,1e-06,linear,54637394288,find_phi_fixed_budget_linear_search,"{""m_exploration"": 300000, ""lookback_window"": 5, ""safeguard"": 0, ""inc"": 1, ""budget"": 54637394288}"
"U(0.0001,0.3), eps=1e-06",0.0001,0.3,1e-06,linear,84007657882,find_phi_fixed_budget_linear_search,"{""m_exploration"": 300000, ""lookback_window"": 5, ""safeguard"": 0, ""inc"": 1, ""budget"": 84007657882}"
"U(0.0001,0.3), eps=1e-06",0.0001,0.3,1e-06,linear,129165870273,find_phi_fixed_budget_linear_search,"{""m_exploration"": 300000, ""lookback_window"": 5, ""safeguard"": 0, ""inc"": 1, ""budget"": 129165870273}"
"U(0.0001,0.3), eps=1e-06",0.0001,0.3,1e-06,linear,198598823776,find_phi_fixed_budget_linear_search,"{""m_exploration"": 300000, ""lookback_window"": 5, ""safeguard"": 0, ""inc"": 1, ""budget"": 198598823776}"
"U(0.0001,0.3), eps=1e-06",0.0001,0.3,1e-06,linear,305355375393,find_phi_fixed_budget_linear_search,"{""m_exploration"": 64633, ""lookback_window"": 5, ""safeguard"": 1, ""inc"": 1, ""budget"": 305355375393}"
"U(0.0001,0.3), eps=1e-06",0.0001,0.3,1e-06,linear,469498779038,find_phi_fixed_budget_linear_search,"{""m_exploration"": 64633, ""lookback_window"": 5, ""safeguard"": 1, ""inc"": 1, ""budget"": 469498779038}"
"U(0.0001,0.3), eps=1e-06",0.0001,0.3,1e-06,linear,721877265906,find_phi_fixed_budget_linear_search,"{""m_exploration"": 64, ""lookback_window"": 1, ""safeguard"": 1, ""inc"": 1, ""budget"": 721877265906}"
"U(0.0001,0.3), eps=1e-06",0.0001,0.3,1e-06,linear,1109921495641,find_phi_fixed_budget_linear_search,"{""m_exploration"": 29, ""lookback_window"": 1, ""safeguard"": 2, ""inc"": 1, ""budget"": 1109921495641}"
"U(0.0001,0.3), eps=1e-06",0.0001,0.3,1e-06,linear,1706558420205,find_phi_fixed_budget_linear_search,"{""m_exploration"": 29, ""lookback_window"": 1, ""safeguard"": 2, ""inc"": 1, ""budget"": 1706558420205}"
"U(0.0001,0.3), eps=1e-06",0.0001,0.3,1e-06,linear,2623916784213,find_phi_fixed_budget_linear_search,"{""m_exploration"": 3, ""lookback_window"": 1, ""safeguard"": 5, ""inc"": 1, ""budget"": 2623916784213}"
"U(0.0001,0.3), eps=1e-06",0.0001,0.3,1e-06,linear,4034400000000,find_phi_fixed_budget_linear_search,"{""m_exploration"": 3, ""lookback_window"": 1, ""safeguard"": 5, ""inc"": 1, ""budget"": 4034400000000}"
"U(0.0001,0.3), eps=1e-06",0.0001,0.3,1e-06,reverse_eng,2689600000,find_phi_fixed_budget_reverse_engineering,"{""m_exploration"": 300000, ""safeguard"": 0.95, ""budget"": 2689600000}"
"U(0.0001,0.3), eps=1e-06",0.0001,0.3,1e-06,reverse_eng,4135391147,find_phi_fixed_budget_reverse_engineering,"{""m_exploration"": 300000, ""safeguard"": 0.95, ""budget"": 4135391147}"
"U(0.0001,0.3), eps=1e-06",0.0001,0.3,1e-06,reverse_eng,6358365533,find_phi_fixed_budget_reverse_engineering,"{""m_exploration"": 300000, ""safeguard"": 0.95, ""budget"": 6358365533}"
"U(0.0001,0.3), eps=1e-06",0.0001,0.3,1e-06,reverse_eng,9776297046,find_phi_fixed_budget_reverse_engineering,"{""m_exploration"": 300000, ""safeguard"": 0.95, ""budget"": 9776297046}"
"U(0.0001,0.3), eps=1e-06",0.0001,0.3,1e-06,reverse_eng,15031533409,find_phi_fixed_budget_reverse_engineering,"{""m_exploration"": 300000, ""safeguard"": 0.95, ""budget"": 15031533409}"
"U(0.0001,0.3), eps=1e-06",0.0001,0.3,1e-06,reverse_eng,23111715566,find_phi_fixed_budget_reverse_engineering,"{""m_exploration"": 300000, ""safeguard"": 0.95, ""budget"": 23111715566}"
"U(0.0001,0.3), eps=1e-06",0.0001,0.3,1e-06,reverse_eng,35535389629,find_phi_fixed_budget_reverse_engineering,"{""m_exploration"": 300000, ""safeguard"": 0.95, ""budget"": 35535389629}"
"U(0.0001,0.3), eps=1e-06",0.0001,0.3,1e-06,reverse_eng,54637394288,find_phi_fixed_budget_reverse_engineering,"{""m_exploration"": 300000, ""safeguard"": 0.95, ""budget"": 54637394288}"
"U(0.0001,0.3), eps=1e-06",0.0001,0.3,1e-06,reverse_eng,84007657882,find_phi_fixed_budget_reverse_engineering,"{""m_exploration"": 65726, ""safeguard"": 0.9, ""budget"": 84007657882}"
"U(0.0001,0.3), eps=1e-06",0.0001,0.3,1e-06,reverse_eng,129165870273,find_phi_fixed_budget_reverse_engineering,"{""m_exploration"": 65726, ""safeguard"": 0.9, ""budget"": 129165870273}"
"U(0.0001,0.3), eps=1e-06",0.0001,0.3,1e-06,reverse_eng,198598823776,find_phi_fixed_budget_reverse_engineering,"{""m_exploration"": 65726, ""safeguard"": 0.9, ""budget"": 198598823776}"
"U(0.0001,0.3), eps=1e-06",0.0001,0.3,1e-06,reverse_eng,305355375393,find_phi_fixed_budget_reverse_engineering,"{""m_exploration"": 109026, ""safeguard"": 0.9, ""budget"": 305355375393}"
"U(0.0001,0.3), eps=1e-06",0.0001,0.3,1e-06,reverse_eng,469498779038,find_phi_fixed_budget_reverse_engineering,"{""m_exploration"": 300000, ""safeguard"": 0.85, ""budget"": 469498779038}"
"U(0.0001,0.3), eps=1e-06",0.0001,0.3,1e-06,reverse_eng,721877265906,find_phi_fixed_budget_reverse_engineering,"{""m_exploration"": 109026, ""safeguard"": 0.8, ""budget"": 721877265906}"
"U(0.0001,0.3), eps=1e-06",0.0001,0.3,1e-06,reverse_eng,1109921495641,find_phi_fixed_budget_reverse_engineering,"{""m_exploration"": 109026, ""safeguard"": 0.8, ""budget"": 1109921495641}"
"U(0.0001,0.3), eps=1e-06",0.0001,0.3,1e-06,reverse_eng,1706558420205,find_phi_fixed_budget_reverse_engineering,"{""m_exploration"": 109026, ""safeguard"": 0.8, ""budget"": 1706558420205}"
"U(0.0001,0.3), eps=1e-06",0.0001,0.3,1e-06,reverse_eng,2623916784213,find_phi_fixed_budget_reverse_engineering,"{""m_exploration"": 109026, ""safeguard"": 0.8, ""budget"": 2623916784213}"
"U(0.0001,0.3), eps=1e-06",0.0001,0.3,1e-06,reverse_eng,4034400000000,find_phi_fixed_budget_reverse_engineering,"{""m_exploration"": 109026, ""safeguard"": 0.8, ""budget"": 4034400000000}"
"U(0.0001,0.3), eps=1e-06",0.0001,0.3,1e-06,binary,2689600000,find_phi_fixed_budget_binary_search,"{""m_exploration"": 7429, ""safeguard"": 1, ""conf"": 0.9, ""budget"": 2689600000}"
"U(0.0001,0.3), eps=1e-06",0.0001,0.3,1e-06,binary,4135391147,find_phi_fixed_budget_binary_search,"{""m_exploration"": 7429, ""safeguard"": 2, ""conf"": 0.9, ""budget"": 4135391147}"
"U(0.0001,0.3), eps=1e-06",0.0001,0.3,1e-06,binary,6358365533,find_phi_fixed_budget_binary_search,"{""m_exploration"": 7429, ""safeguard"": 1, ""conf"": 0.9, ""budget"": 6358365533}"
"U(0.0001,0.3), eps=1e-06",0.0001,0.3,1e-06,binary,9776297046,find_phi_fixed_budget_binary_search,"{""m_exploration"": 7429, ""safeguard"": 1, ""conf"": 0.9, ""budget"": 9776297046}"
"U(0.0001,0.3), eps=1e-06",0.0001,0.3,1e-06,binary,15031533409,find_phi_fixed_budget_binary_search,"{""m_exploration"": 68335, ""safeguard"": 1, ""conf"": 0.9, ""budget"": 15031533409}"
"U(0.0001,0.3), eps=1e-06",0.0001,0.3,1e-06,binary,23111715566,find_phi_fixed_budget_binary_search,"{""m_exploration"": 68335, ""safeguard"": 1, ""conf"": 0.9, ""budget"": 23111715566}"
"U(0.0001,0.3), eps=1e-06",0.0001,0.3,1e-06,binary,35535389629,find_phi_fixed_budget_binary_search,"{""m_exploration"": 68335, ""safeguard"": 1, ""conf"": 0.9, ""budget"": 35535389629}"
"U(0.0001,0.3), eps=1e-06",0.0001,0.3,1e-06,binary,54637394288,find_phi_fixed_budget_binary_search,"{""m_exploration"": 300000, ""safeguard"": 1, ""conf"": 0.9, ""budget"": 54637394288}"
"U(0.0001,0.3), eps=1e-06",0.0001,0.3,1e-06,binary,84007657882,find_phi_fixed_budget_binary_search,"{""m_exploration"": 300000, ""safeguard"": 1, ""conf"": 0.9, ""budget"": 84007657882}"
"U(0.0001,0.3), eps=1e-06",0.0001,0.3,1e-06,binary,129165870273,find_phi_fixed_budget_binary_search,"{""m_exploration"": 300000, ""safeguard"": 1, ""conf"": 0.9, ""budget"": 129165870273}"
"U(0.0001,0.3), eps=1e-06",0.0001,0.3,1e-06,binary,198598823776,find_phi_fixed_budget_binary_search,"{""m_exploration"": 300000, ""safeguard"": 1, ""conf"": 0.8, ""budget"": 198598823776}"
"U(0.0001,0.3), eps=1e-06",0.0001,0.3,1e-06,binary,305355375393,find_phi_fixed_budget_binary_search,"{""m_exploration"": 143180, ""safeguard"": 1, ""conf"": 0.5, ""budget"": 305355375393}"
"U(0.0001,0.3), eps=1e-06",0.0001,0.3,1e-06,binary,469498779038,find_phi_fixed_budget_binary_search,"{""m_exploration"": 300000, ""safeguard"": 1, ""conf"": 0.5, ""budget"": 469498779038}"
"U(0.0001,0.3), eps=1e-06",0.0001,0.3,1e-06,binary,721877265906,find_phi_fixed_budget_binary_search,"{""m_exploration"": 300000, ""safeguard"": 2, ""conf"": 0.5, ""budget"": 721877265906}"
"U(0.0001,0.3), eps=1e-06",0.0001,0.3,1e-06,binary,1109921495641,find_phi_fixed_budget_binary_search,"{""m_exploration"": 143180, ""safeguard"": 2, ""conf"": 0.5, ""budget"": 1109921495641}"
"U(0.0001,0.3), eps=1e-06",0.0001,0.3,1e-06,binary,1706558420205,find_phi_fixed_budget_binary_search,"{""m_exploration"": 143180, ""safeguard"": 2, ""conf"": 0.5, ""budget"": 1706558420205}"
"U(0.0001,0.3), eps=1e-06",0.0001,0.3,1e-06,binary,2623916784213,find_phi_fixed_budget_binary_search,"{""m_exploration"": 143180, ""safeguard"": 2, ""conf"": 0.5, ""budget"": 2623916784213}"
"U(0.0001,0.3), eps=1e-06",0.0001,0.3,1e-06,binary,4034400000000,find_phi_fixed_budget_binary_search,"{""m_exploration"": 143180, ""safeguard"": 2, ""conf"": 0.5, ""budget"": 4034400000000}"
"U(0.0001,0.3), eps=1e-06",0.0001,0.3,1e-06,reverse_eng_risk,2689600000,find_phi_fixed_budget_reverse_engineering_risk,"{""m_exploration"": 300000, ""eps_target"": 1e-06, ""budget"": 2689600000}"
"U(0.0001,0.3), eps=1e-06",0.0001,0.3,1e-06,reverse_eng_risk,4135391147,find_phi_fixed_budget_reverse_engineering_risk,"{""m_exploration"": 180853, ""eps_target"": 1e-06, ""budget"": 4135391147}"
"U(0.0001,0.3), eps=1e-06",0.0001,0.3,1e-06,reverse_eng_risk,6358365533,find_phi_fixed_budget_reverse_engineering_risk,"{""m_exploration"": 180853, ""eps_target"": 1e-06, ""budget"": 6358365533}"
"U(0.0001,0.3), eps=1e-06",0.0001,0.3,1e-06,reverse_eng_risk,9776297046,find_phi_fixed_budget_reverse_engineering_risk,"{""m_exploration"": 180853, ""eps_target"": 1e-06, ""budget"": 9776297046}"
"U(0.0001,0.3), eps=1e-06",0.0001,0.3,1e-06,reverse_eng_risk,15031533409,find_phi_fixed_budget_reverse_engineering_risk,"{""m_exploration"": 180853, ""eps_target"": 1e-06, ""budget"": 15031533409}"
"U(0.0001,0.3), eps=1e-06",0.0001,0.3,1e-06,reverse_eng_risk,23111715566,find_phi_fixed_budget_reverse_engineering_risk,"{""m_exploration"": 180853, ""eps_target"": 1e-06, ""budget"": 23111715566}"
"U(0.0001,0.3), eps=1e-06",0.0001,0.3,1e-06,reverse_eng_risk,35535389629,find_phi_fixed_budget_reverse_engineering_risk,"{""m_exploration"": 23886, ""eps_target"": 1e-06, ""budget"": 35535389629}"
"U(0.0001,0.3), eps=1e-06",0.0001,0.3,1e-06,reverse_eng_risk,54637394288,find_phi_fixed_budget_reverse_engineering_risk,"{""m_exploration"": 3154, ""eps_target"": 1e-06, ""budget"": 54637394288}"
"U(0.0001,0.3), eps=1e-06",0.0001,0.3,1e-06,reverse_eng_risk,84007657882,find_phi_fixed_budget_reverse_engineering_risk,"{""m_exploration"": 3154, ""eps_target"": 1e-06, ""budget"": 84007657882}"
"U(0.0001,0.3), eps=1e-06",0.0001,0.3,1e-06,reverse_eng_risk,129165870273,find_phi_fixed_budget_reverse_engineering_risk,"{""m_exploration"": 691, ""eps_target"": 1e-06, ""budget"": 129165870273}"
"U(0.0001,0.3), eps=1e-06",0.0001,0.3,1e-06,reverse_eng_risk,198598823776,find_phi_fixed_budget_reverse_engineering_risk,"{""m_exploration"": 3154, ""eps_target"": 1e-06, ""budget"": 198598823776}"
"U(0.0001,0.3), eps=1e-06",0.0001,0.3,1e-06,reverse_eng_risk,305355375393,find_phi_fixed_budget_reverse_engineering_risk,"{""m_exploration"": 251, ""eps_target"": 1e-06, ""budget"": 305355375393}"
"U(0.0001,0.3), eps=1e-06",0.0001,0.3,1e-06,reverse_eng_risk,469498779038,find_phi_fixed_budget_reverse_engineering_risk,"{""m_exploration"": 1901, ""eps_target"": 1e-06, ""budget"": 469498779038}"
"U(0.0001,0.3), eps=1e-06",0.0001,0.3,1e-06,reverse_eng_risk,721877265906,find_phi_fixed_budget_reverse_engineering_risk,"{""m_exploration"": 20, ""eps_target"": 1e-06, ""budget"": 721877265906}"
"U(0.0001,0.3), eps=1e-06",0.0001,0.3,1e-06,reverse_eng_risk,1109921495641,find_phi_fixed_budget_reverse_engineering_risk,"{""m_exploration"": 20, ""eps_target"": 1e-06, ""budget"": 1109921495641}"
"U(0.0001,0.3), eps=1e-06",0.0001,0.3,1e-06,reverse_eng_risk,1706558420205,find_phi_fixed_budget_reverse_engineering_risk,"{""m_exploration"": 20, ""eps_target"": 1e-06, ""budget"": 1706558420205}"
"U(0.0001,0.3), eps=1e-06",0.0001,0.3,1e-06,reverse_eng_risk,2623916784213,find_phi_fixed_budget_reverse_engineering_risk,"{""m_exploration"": 20, ""eps_target"": 1e-06, ""budget"": 2623916784213}"
"U(0.0001,0.3), eps=1e-06",0.0001,0.3,1e-06,reverse_eng_risk,4034400000000,find_phi_fixed_budget_reverse_engineering_risk,"{""m_exploration"": 20, ""eps_target"": 1e-06, ""budget"": 4034400000000}"
"U(0.0001,0.3), eps=1e-06",0.0001,0.3,1e-06,binary_risk,2689600000,find_phi_fixed_budget_binary_search_risk,"{""m_exploration"": 15565, ""conf"": 0.5, ""eps_target"": 1e-06, ""budget"": 2689600000}"
"U(0.0001,0.3), eps=1e-06",0.0001,0.3,1e-06,binary_risk,4135391147,find_phi_fixed_budget_binary_search_risk,"{""m_exploration"": 7429, ""conf"": 0.8, ""eps_target"": 1e-06, ""budget"": 4135391147}"
"U(0.0001,0.3), eps=1e-06",0.0001,0.3,1e-06,binary_risk,6358365533,find_phi_fixed_budget_binary_search_risk,"{""m_exploration"": 3545, ""conf"": 0.5, ""eps_target"": 1e-06, ""budget"": 6358365533}"
"U(0.0001,0.3), eps=1e-06",0.0001,0.3,1e-06,binary_risk,9776297046,find_phi_fixed_budget_binary_search_risk,"{""m_exploration"": 7429, ""conf"": 0.8, ""eps_target"": 1e-06, ""budget"": 9776297046}"
"U(0.0001,0.3), eps=1e-06",0.0001,0.3,1e-06,binary_risk,15031533409,find_phi_fixed_budget_binary_search_risk,"{""m_exploration"": 7429, ""conf"": 0.5, ""eps_target"": 1e-06, ""budget"": 15031533409}"
"U(0.0001,0.3), eps=1e-06",0.0001,0.3,1e-06,binary_risk,23111715566,find_phi_fixed_budget_binary_search_risk,"{""m_exploration"": 7429, ""conf"": 0.5, ""eps_target"": 1e-06, ""budget"": 23111715566}"
"U(0.0001,0.3), eps=1e-06",0.0001,0.3,1e-06,binary_risk,35535389629,find_phi_fixed_budget_binary_search_risk,"{""m_exploration"": 7429, ""conf"": 0.5, ""eps_target"": 1e-06, ""budget"": 35535389629}"
"U(0.0001,0.3), eps=1e-06",0.0001,0.3,1e-06,binary_risk,54637394288,find_phi_fixed_budget_binary_search_risk,"{""m_exploration"": 7429, ""conf"": 0.5, ""eps_target"": 1e-06, ""budget"": 54637394288}"
"U(0.0001,0.3), eps=1e-06",0.0001,0.3,1e-06,binary_risk,84007657882,find_phi_fixed_budget_binary_search_risk,"{""m_exploration"": 7429, ""conf"": 0.5, ""eps_target"": 1e-06, ""budget"": 84007657882}"
"U(0.0001,0.3), eps=1e-06",0.0001,0.3,1e-06,binary_risk,129165870273,find_phi_fixed_budget_binary_search_risk,"{""m_exploration"": 300000, ""conf"": 0.5, ""eps_target"": 1e-06, ""budget"": 129165870273}"
"U(0.0001,0.3), eps=1e-06",0.0001,0.3,1e-06,binary_risk,198598823776,find_phi_fixed_budget_binary_search_risk,"{""m_exploration"": 300000, ""conf"": 0.5, ""eps_target"": 1e-06, ""budget"": 198598823776}"
"U(0.0001,0.3), eps=1e-06",0.0001,0.3,1e-06,binary_risk,305355375393,find_phi_fixed_budget_binary_search_risk,"{""m_exploration"": 3545, ""conf"": 0.5, ""eps_target"": 1e-06, ""budget"": 305355375393}"
"U(0.0001,0.3), eps=1e-06",0.0001,0.3,1e-06,binary_risk,469498779038,find_phi_fixed_budget_binary_search_risk,"{""m_exploration"": 1692, ""conf"": 0.5, ""eps_target"": 1e-06, ""budget"": 469498779038}"
"U(0.0001,0.3), eps=1e-06",0.0001,0.3,1e-06,binary_risk,721877265906,find_phi_fixed_budget_binary_search_risk,"{""m_exploration"": 183, ""conf"": 0.5, ""eps_target"": 1e-06, ""budget"": 721877265906}"
"U(0.0001,0.3), eps=1e-06",0.0001,0.3,1e-06,binary_risk,1109921495641,find_phi_fixed_budget_binary_search_risk,"{""m_exploration"": 87, ""conf"": 0.5, ""eps_target"": 1e-06, ""budget"": 1109921495641}"
"U(0.0001,0.3), eps=1e-06",0.0001,0.3,1e-06,binary_risk,1706558420205,find_phi_fixed_budget_binary_search_risk,"{""m_exploration"": 20, ""conf"": 0.5, ""eps_target"": 1e-06, ""budget"": 1706558420205}"
"U(0.0001,0.3), eps=1e-06",0.0001,0.3,1e-06,binary_risk,2623916784213,find_phi_fixed_budget_binary_search_risk,"{""m_exploration"": 20, ""conf"": 0.5, ""eps_target"": 1e-06, ""budget"": 2623916784213}"
"U(0.0001,0.3), eps=1e-06",0.0001,0.3,1e-06,binary_risk,4034400000000,find_phi_fixed_budget_binary_search_risk,"{""m_exploration"": 20, ""conf"": 0.5, ""eps_target"": 1e-06, ""budget"": 4034400000000}"
"U(3e-05,0.3), eps=1e-06",3e-05,0.3,1e-06,linear,2689600000,find_phi_fixed_budget_linear_search,"{""m_exploration"": 30000, ""lookback_window"": 5, ""safeguard"": 0, ""inc"": 2, ""budget"": 2689600000}"
"U(3e-05,0.3), eps=1e-06",3e-05,0.3,1e-06,linear,4135391147,find_phi_fixed_budget_linear_search,"{""m_exploration"": 30000, ""lookback_window"": 5, ""safeguard"": 0, ""inc"": 2, ""budget"": 4135391147}"
"U(3e-05,0.3), eps=1e-06",3e-05,0.3,1e-06,linear,6358365533,find_phi_fixed_budget_linear_search,"{""m_exploration"": 139247, ""lookback_window"": 5, ""safeguard"": 0, ""inc"": 1, ""budget"": 6358365533}"
"U(3e-05,0.3), eps=1e-06",3e-05,0.3,1e-06,linear,9776297046,find_phi_fixed_budget_linear_search,"{""m_exploration"": 300000, ""lookback_window"": 5, ""safeguard"": 0, ""inc"": 1, ""budget"": 9776297046}"
"U(3e-05,0.3), eps=1e-06",3e-05,0.3,1e-06,linear,15031533409,find_phi_fixed_budget_linear_search,"{""m_exploration"": 139247, ""lookback_window"": 5, ""safeguard"": 0, ""inc"": 1, ""budget"": 15031533409}"
"U(3e-05,0.3), eps=1e-06",3e-05,0.3,1e-06,linear,23111715566,find_phi_fixed_budget_linear_search,"{""m_exploration"": 30000, ""lookback_window"": 5, ""safeguard"": 0, ""inc"": 1, ""budget"": 23111715566}"
"U(3e-05,0.3), eps=1e-06",3e-05,0.3,1e-06,linear,35535389629,find_phi_fixed_budget_linear_search,"{""m_exploration"": 300000, ""lookback_window"": 5, ""safeguard"": 0, ""inc"": 1, ""budget"": 35535389629}"
"U(3e-05,0.3), eps=1e-06",3e-05,0.3,1e-06,linear,54637394288,find_phi_fixed_budget_linear_search,"{""m_exploration"": 300000, ""lookback_window"": 5, ""safeguard"": 0, ""inc"": 1, ""budget"": 54637394288}"
"U(3e-05,0.3), eps=1e-06",3e-05,0.3,1e-06,linear,84007657882,find_phi_fixed_budget_linear_search,"{""m_exploration"": 139247, ""lookback_window"": 5, ""safeguard"": 0, ""inc"": 1, ""budget"": 84007657882}"
"U(3e-05,0.3), eps=1e-06",3e-05,0.3,1e-06,linear,129165870273,find_phi_fixed_budget_linear_search,"{""m_exploration"": 300000, ""lookback_window"": 5, ""safeguard"": 0, ""inc"": 1, ""budget"": 129165870273}"
"U(3e-05,0.3), eps=1e-06",3e-05,0.3,1e-06,linear,198598823776,find_phi_fixed_budget_linear_search,"{""m_exploration"": 139247, ""lookback_window"": 5, ""safeguard"": 0, ""inc"": 1, ""budget"": 198598823776}"
"U(3e-05,0.3), eps=1e-06",3e-05,0.3,1e-06,linear,305355375393,find_phi_fixed_budget_linear_search,"{""m_exploration"": 139247, ""lookback_window"": 5, ""safeguard"": 0, ""inc"": 1, ""budget"": 305355375393}"
"U(3e-05,0.3), eps=1e-06",3e-05,0.3,1e-06,linear,469498779038,find_phi_fixed_budget_linear_search,"{""m_exploration"": 139247, ""lookback_window"": 1, ""safeguard"": 0, ""inc"": 1, ""budget"": 469498779038}"
"U(3e-05,0.3), eps=1e-06",3e-05,0.3,1e-06,linear,721877265906,find_phi_fixed_budget_linear_search,"{""m_exploration"": 139, ""lookback_window"": 1, ""safeguard"": 1, ""inc"": 1, ""budget"": 721877265906}"
"U(3e-05,0.3), eps=1e-06",3e-05,0.3,1e-06,linear,1109921495641,find_phi_fixed_budget_linear_search,"{""m_exploration"": 29, ""lookback_window"": 1, ""safeguard"": 2, ""inc"": 1, ""budget"": 1109921495641}"
"U(3e-05,0.3), eps=1e-06",3e-05,0.3,1e-06,linear,1706558420205,find_phi_fixed_budget_linear_search,"{""m_exploration"": 29, ""lookback_window"": 1, ""safeguard"": 2, ""inc"": 1, ""budget"": 1706558420205}"
"U(3e-05,0.3), eps=1e-06",3e-05,0.3,1e-06,linear,2623916784213,find_phi_fixed_budget_linear_search,"{""m_exploration"": 3, ""lookback_window"": 1, ""safeguard"": 5, ""inc"": 1, ""budget"": 2623916784213}"
"U(3e-05,0.3), eps=1e-06",3e-05,0.3,1e-06,linear,4034400000000,find_phi_fixed_budget_linear_search,"{""m_exploration"": 3, ""lookback_window"": 1, ""safeguard"": 5, ""inc"": 1, ""budget"": 4034400000000}"
"U(3e-05,0.3), eps=1e-06",3e-05,0.3,1e-06,reverse_eng,2689600000,find_phi_fixed_budget_reverse_engineering,"{""m_exploration"": 300000, ""safeguard"": 0.95, ""budget"": 2689600000}"
"U(3e-05,0.3), eps=1e-06",3e-05,0.3,1e-06,reverse_eng,4135391147,find_phi_fixed_budget_reverse_engineering,"{""m_exploration"": 300000, ""safeguard"": 0.95, ""budget"": 4135391147}"
"U(3e-05,0.3), eps=1e-06",3e-05,0.3,1e-06,reverse_eng,6358365533,find_phi_fixed_budget_reverse_engineering,"{""m_exploration"": 300000, ""safeguard"": 0.95, ""budget"": 6358365533}"
"U(3e-05,0.3), eps=1e-06",3e-05,0.3,1e-06,reverse_eng,9776297046,find_phi_fixed_budget_reverse_engineering,"{""m_exploration"": 300000, ""safeguard"": 0.9, ""budget"": 9776297046}"
"U(3e-05,0.3), eps=1e-06",3e-05,0.3,1e-06,reverse_eng,15031533409,find_phi_fixed_budget_reverse_engineering,"{""m_exploration"": 300000, ""safeguard"": 0.95, ""budget"": 15031533409}"
"U(3e-05,0.3), eps=1e-06",3e-05,0.3,1e-06,reverse_eng,23111715566,find_phi_fixed_budget_reverse_engineering,"{""m_exploration"": 300000, ""safeguard"": 0.95, ""budget"": 23111715566}"
"U(3e-05,0.3), eps=1e-06",3e-05,0.3,1e-06,reverse_eng,35535389629,find_phi_fixed_budget_reverse_engineering,"{""m_exploration"": 300000, ""safeguard"": 0.95, ""budget"": 35535389629}"
"U(3e-05,0.3), eps=1e-06",3e-05,0.3,1e-06,reverse_eng,54637394288,find_phi_fixed_budget_reverse_engineering,"{""m_exploration"": 300000, ""safeguard"": 0.95, ""budget"": 54637394288}"
"U(3e-05,0.3), eps=1e-06",3e-05,0.3,1e-06,reverse_eng,84007657882,find_phi_fixed_budget_reverse_engineering,"{""m_exploration"": 180853, ""safeguard"": 0.9, ""budget"": 84007657882}"
"U(3e-05,0.3), eps=1e-06",3e-05,0.3,1e-06,reverse_eng,129165870273,find_phi_fixed_budget_reverse_engineering,"{""m_exploration"": 180853, ""safeguard"": 0.9, ""budget"": 129165870273}"
"U(3e-05,0.3), eps=1e-06",3e-05,0.3,1e-06,reverse_eng,198598823776,find_phi_fixed_budget_reverse_engineering,"{""m_exploration"": 180853, ""safeguard"": 0.9, ""budget"": 198598823776}"
"U(3e-05,0.3), eps=1e-06",3e-05,0.3,1e-06,reverse_eng,305355375393,find_phi_fixed_budget_reverse_engineering,"{""m_exploration"": 300000, ""safeguard"": 0.9, ""budget"": 305355375393}"
"U(3e-05,0.3), eps=1e-06",3e-05,0.3,1e-06,reverse_eng,469498779038,find_phi_fixed_budget_reverse_engineering,"{""m_exploration"": 109026, ""safeguard"": 0.85, ""budget"": 469498779038}"
"U(3e-05,0.3), eps=1e-06",3e-05,0.3,1e-06,reverse_eng,721877265906,find_phi_fixed_budget_reverse_engineering,"{""m_exploration"": 109026, ""safeguard"": 0.8, ""budget"": 721877265906}"
"U(3e-05,0.3), eps=1e-06",3e-05,0.3,1e-06,reverse_eng,1109921495641,find_phi_fixed_budget_reverse_engineering,"{""m_exploration"": 109026, ""safeguard"": 0.8, ""budget"": 1109921495641}"
"U(3e-05,0.3), eps=1e-06",3e-05,0.3,1e-06,reverse_eng,1706558420205,find_phi_fixed_budget_reverse_engineering,"{""m_exploration"": 109026, ""safeguard"": 0.8, ""budget"": 1706558420205}"
"U(3e-05,0.3), eps=1e-06",3e-05,0.3,1e-06,reverse_eng,2623916784213,find_phi_fixed_budget_reverse_engineering,"{""m_exploration"": 109026, ""safeguard"": 0.8, ""budget"": 2623916784213}"
"U(3e-05,0.3), eps=1e-06",3e-05,0.3,1e-06,reverse_eng,4034400000000,find_phi_fixed_budget_reverse_engineering,"{""m_exploration"": 109026, ""safeguard"": 0.8, ""budget"": 4034400000000}"
"U(3e-05,0.3), eps=1e-06",3e-05,0.3,1e-06,binary,2689600000,find_phi_fixed_budget_binary_search,"{""m_exploration"": 7429, ""safeguard"": 2, ""conf"": 0.8, ""budget"": 2689600000}"
"U(3e-05,0.3), eps=1e-06",3e-05,0.3,1e-06,binary,4135391147,find_phi_fixed_budget_binary_search,"{""m_exploration"": 7429, ""safeguard"": 1, ""conf"": 0.8, ""budget"": 4135391147}"
"U(3e-05,0.3), eps=1e-06",3e-05,0.3,1e-06,binary,6358365533,find_phi_fixed_budget_binary_search,"{""m_exploration"": 15565, ""safeguard"": 2, ""conf"": 0.9, ""budget"": 6358365533}"
"U(3e-05,0.3), eps=1e-06",3e-05,0.3,1e-06,binary,9776297046,find_phi_fixed_budget_binary_search,"{""m_exploration"": 15565, ""safeguard"": 2, ""conf"": 0.9, ""budget"": 9776297046}"
"U(3e-05,0.3), eps=1e-06",3e-05,0.3,1e-06,binary,15031533409,find_phi_fixed_budget_binary_search,"{""m_exploration"": 15565, ""safeguard"": 1, ""conf"": 0.8, ""budget"": 15031533409}"
"U(3e-05,0.3), eps=1e-06",3e-05,0.3,1e-06,binary,23111715566,find_phi_fixed_budget_binary_search,"{""m_exploration"": 15565, ""safeguard"": 1, ""conf"": 0.8, ""budget"": 23111715566}"
"U(3e-05,0.3), eps=1e-06",3e-05,0.3,1e-06,binary,35535389629,find_phi_fixed_budget_binary_search,"{""m_exploration"": 68335, ""safeguard"": 1, ""conf"": 0.9, ""budget"": 35535389629}"
"U(3e-05,0.3), eps=1e-06",3e-05,0.3,1e-06,binary,54637394288,find_phi_fixed_budget_binary_search,"{""m_exploration"": 68335, ""safeguard"": 1, ""conf"": 0.9, ""budget"": 54637394288}"
"U(3e-05,0.3), eps=1e-06",3e-05,0.3,1e-06,binary,84007657882,find_phi_fixed_budget_binary_search,"{""m_exploration"": 68335, ""safeguard"": 1, ""conf"": 0.9, ""budget"": 84007657882}"
"U(3e-05,0.3), eps=1e-06",3e-05,0.3,1e-06,binary,129165870273,find_phi_fixed_budget_binary_search,"{""m_exploration"": 143180, ""safeguard"": 1, ""conf"": 0.8, ""budget"": 129165870273}"
"U(3e-05,0.3), eps=1e-06",3e-05,0.3,1e-06,binary,198598823776,find_phi_fixed_budget_binary_search,"{""m_exploration"": 143180, ""safeguard"": 1, ""conf"": 0.8, ""budget"": 198598823776}"
"U(3e-05,0.3), eps=1e-06",3e-05,0.3,1e-06,binary,305355375393,find_phi_fixed_budget_binary_search,"{""m_exploration"": 143180, ""safeguard"": 1, ""conf"": 0.5, ""budget"": 305355375393}"
"U(3e-05,0.3), eps=1e-06",3e-05,0.3,1e-06,binary,469498779038,find_phi_fixed_budget_binary_search,"{""m_exploration"": 143180, ""safeguard"": 2, ""conf"": 0.8, ""budget"": 469498779038}"
"U(3e-05,0.3), eps=1e-06",3e-05,0.3,1e-06,binary,721877265906,find_phi_fixed_budget_binary_search,"{""m_exploration"": 143180, ""safeguard"": 2, ""conf"": 0.5, ""budget"": 721877265906}"
"U(3e-05,0.3), eps=1e-06",3e-05,0.3,1e-06,binary,1109921495641,find_phi_fixed_budget_binary_search,"{""m_exploration"": 143180, ""safeguard"": 2, ""conf"": 0.5, ""budget"": 1109921495641}"
"U(3e-05,0.3), eps=1e-06",3e-05,0.3,1e-06,binary,1706558420205,find_phi_fixed_budget_binary_search,"{""m_exploration"": 143180, ""safeguard"": 2, ""conf"": 0.5, ""budget"": 1706558420205}"
"U(3e-05,0.3), eps=1e-06",3e-05,0.3,1e-06,binary,2623916784213,find_phi_fixed_budget_binary_search,"{""m_exploration"": 143180, ""safeguard"": 2, ""conf"": 0.5, ""budget"": 2623916784213}"
"U(3e-05,0.3), eps=1e-06",3e-05,0.3,1e-06,binary,4034400000000,find_phi_fixed_budget_binary_search,"{""m_exploration"": 143180, ""safeguard"": 2, ""conf"": 0.5, ""budget"": 4034400000000}"
"U(3e-05,0.3), eps=1e-06",3e-05,0.3,1e-06,reverse_eng_risk,2689600000,find_phi_fixed_budget_reverse_engineering_risk,"{""m_exploration"": 300000, ""eps_target"": 1e-06, ""budget"": 2689600000}"
"U(3e-05,0.3), eps=1e-06",3e-05,0.3,1e-06,reverse_eng_risk,4135391147,find_phi_fixed_budget_reverse_engineering_risk,"{""m_exploration"": 180853, ""eps_target"": 1e-06, ""budget"": 4135391147}"
"U(3e-05,0.3), eps=1e-06",3e-05,0.3,1e-06,reverse_eng_risk,6358365533,find_phi_fixed_budget_reverse_engineering_risk,"{""m_exploration"": 180853, ""eps_target"": 1e-06, ""budget"": 6358365533}"
"U(3e-05,0.3), eps=1e-06",3e-05,0.3,1e-06,reverse_eng_risk,9776297046,find_phi_fixed_budget_reverse_engineering_risk,"{""m_exploration"": 5233, ""eps_target"": 1e-06, ""budget"": 9776297046}"
"U(3e-05,0.3), eps=1e-06",3e-05,0.3,1e-06,reverse_eng_risk,15031533409,find_phi_fixed_budget_reverse_engineering_risk,"{""m_exploration"": 180853, ""eps_target"": 1e-06, ""budget"": 15031533409}"
"U(3e-05,0.3), eps=1e-06",3e-05,0.3,1e-06,reverse_eng_risk,23111715566,find_phi_fixed_budget_reverse_engineering_risk,"{""m_exploration"": 180853, ""eps_target"": 1e-06, ""budget"": 23111715566}"
"U(3e-05,0.3), eps=1e-06",3e-05,0.3,1e-06,reverse_eng_risk,35535389629,find_phi_fixed_budget_reverse_engineering_risk,"{""m_exploration"": 23886, ""eps_target"": 1e-06, ""budget"": 35535389629}"
"U(3e-05,0.3), eps=1e-06",3e-05,0.3,1e-06,reverse_eng_risk,54637394288,find_phi_fixed_budget_reverse_engineering_risk,"{""m_exploration"": 23886, ""eps_target"": 1e-06, ""budget"": 54637394288}"
"U(3e-05,0.3), eps=1e-06",3e-05,0.3,1e-06,reverse_eng_risk,84007657882,find_phi_fixed_budget_reverse_engineering_risk,"{""m_exploration"": 3154, ""eps_target"": 1e-06, ""budget"": 84007657882}"
"U(3e-05,0.3), eps=1e-06",3e-05,0.3,1e-06,reverse_eng_risk,129165870273,find_phi_fixed_budget_reverse_engineering_risk,"{""m_exploration"": 1901, ""eps_target"": 1e-06, ""budget"": 129165870273}"
"U(3e-05,0.3), eps=1e-06",3e-05,0.3,1e-06,reverse_eng_risk,198598823776,find_phi_fixed_budget_reverse_engineering_risk,"{""m_exploration"": 3154, ""eps_target"": 1e-06, ""budget"": 198598823776}"
"U(3e-05,0.3), eps=1e-06",3e-05,0.3,1e-06,reverse_eng_risk,305355375393,find_phi_fixed_budget_reverse_engineering_risk,"{""m_exploration"": 251, ""eps_target"": 1e-06, ""budget"": 305355375393}"
"U(3e-05,0.3), eps=1e-06",3e-05,0.3,1e-06,reverse_eng_risk,469498779038,find_phi_fixed_budget_reverse_engineering_risk,"{""m_exploration"": 1901, ""eps_target"": 1e-06, ""budget"": 469498779038}"
"U(3e-05,0.3), eps=1e-06",3e-05,0.3,1e-06,reverse_eng_risk,721877265906,find_phi_fixed_budget_reverse_engineering_risk,"{""m_exploration"": 20, ""eps_target"": 1e-06, ""budget"": 721877265906}"
"U(3e-05,0.3), eps=1e-06",3e-05,0.3,1e-06,reverse_eng_risk,1109921495641,find_phi_fixed_budget_reverse_engineering_risk,"{""m_exploration"": 20, ""eps_target"": 1e-06, ""budget"": 1109921495641}"
"U(3e-05,0.3), eps=1e-06",3e-05,0.3,1e-06,reverse_eng_risk,1706558420205,find_phi_fixed_budget_reverse_engineering_risk,"{""m_exploration"": 20, ""eps_target"": 1e-06, ""budget"": 1706558420205}"
"U(3e-05,0.3), eps=1e-06",3e-05,0.3,1e-06,reverse_eng_risk,2623916784213,find_phi_fixed_budget_reverse_engineering_risk,"{""m_exploration"": 20, ""eps_target"": 1e-06, ""budget"": 2623916784213}"
"U(3e-05,0.3), eps=1e-06",3e-05,0.3,1e-06,reverse_eng_risk,4034400000000,find_phi_fixed_budget_reverse_engineering_risk,"{""m_exploration"": 20, ""eps_target"": 1e-06, ""budget"": 4034400000000}"
"U(3e-05,0.3), eps=1e-06",3e-05,0.3,1e-06,binary_risk,2689600000,find_phi_fixed_budget_binary_search_risk,"{""m_exploration"": 7429, ""conf"": 0.5, ""eps_target"": 1e-06, ""budget"": 2689600000}"
"U(3e-05,0.3), eps=1e-06",3e-05,0.3,1e-06,binary_risk,4135391147,find_phi_fixed_budget_binary_search_risk,"{""m_exploration"": 807, ""conf"": 0.5, ""eps_target"": 1e-06, ""budget"": 4135391147}"
"U(3e-05,0.3), eps=1e-06",3e-05,0.3,1e-06,binary_risk,6358365533,find_phi_fixed_budget_binary_search_risk,"{""m_exploration"": 7429, ""conf"": 0.5, ""eps_target"": 1e-06, ""budget"": 6358365533}"
"U(3e-05,0.3), eps=1e-06",3e-05,0.3,1e-06,binary_risk,9776297046,find_phi_fixed_budget_binary_search_risk,"{""m_exploration"": 3545, ""conf"": 0.8, ""eps_target"": 1e-06, ""budget"": 9776297046}"
"U(3e-05,0.3), eps=1e-06",3e-05,0.3,1e-06,binary_risk,15031533409,find_phi_fixed_budget_binary_search_risk,"{""m_exploration"": 7429, ""conf"": 0.5, ""eps_target"": 1e-06, ""budget"": 15031533409}"
"U(3e-05,0.3), eps=1e-06",3e-05,0.3,1e-06,binary_risk,23111715566,find_phi_fixed_budget_binary_search_risk,"{""m_exploration"": 7429, ""conf"": 0.5, ""eps_target"": 1e-06, ""budget"": 23111715566}"
"U(3e-05,0.3), eps=1e-06",3e-05,0.3,1e-06,binary_risk,35535389629,find_phi_fixed_budget_binary_search_risk,"{""m_exploration"": 32614, ""conf"": 0.5, ""eps_target"": 1e-06, ""budget"": 35535389629}"
"U(3e-05,0.3), eps=1e-06",3e-05,0.3,1e-06,binary_risk,54637394288,find_phi_fixed_budget_binary_search_risk,"{""m_exploration"": 32614, ""conf"": 0.5, ""eps_target"": 1e-06, ""budget"": 54637394288}"
"U(3e-05,0.3), eps=1e-06",3e-05,0.3,1e-06,binary_risk,84007657882,find_phi_fixed_budget_binary_search_risk,"{""m_exploration"": 32614, ""conf"": 0.5, ""eps_target"": 1e-06, ""budget"": 84007657882}"
"U(3e-05,0.3), eps=1e-06",3e-05,0.3,1e-06,binary_risk,129165870273,find_phi_fixed_budget_binary_search_risk,"{""m_exploration"": 32614, ""conf"": 0.8, ""eps_target"": 1e-06, ""budget"": 129165870273}"
"U(3e-05,0.3), eps=1e-06",3e-05,0.3,1e-06,binary_risk,198598823776,find_phi_fixed_budget_binary_search_risk,"{""m_exploration"": 15565, ""conf"": 0.5, ""eps_target"": 1e-06, ""budget"": 198598823776}"
"U(3e-05,0.3), eps=1e-06",3e-05,0.3,1e-06,binary_risk,305355375393,find_phi_fixed_budget_binary_search_risk,"{""m_exploration"": 300000, ""conf"": 0.5, ""eps_target"": 1e-06, ""budget"": 305355375393}"
"U(3e-05,0.3), eps=1e-06",3e-05,0.3,1e-06,binary_risk,469498779038,find_phi_fixed_budget_binary_search_risk,"{""m_exploration"": 32614, ""conf"": 0.5, ""eps_target"": 1e-06, ""budget"": 469498779038}"
"U(3e-05,0.3), eps=1e-06",3e-05,0.3,1e-06,binary_risk,721877265906,find_phi_fixed_budget_binary_search_risk,"{""m_exploration"": 183, ""conf"": 0.5, ""eps_target"": 1e-06, ""budget"": 721877265906}"
"U(3e-05,0.3), eps=1e-06",3e-05,0.3,1e-06,binary_risk,1109921495641,find_phi_fixed_budget_binary_search_risk,"{""m_exploration"": 183, ""conf"": 0.5, ""eps_target"": 1e-06, ""budget"": 1109921495641}"
"U(3e-05,0.3), eps=1e-06",3e-05,0.3,1e-06,binary_risk,1706558420205,find_phi_fixed_budget_binary_search_risk,"{""m_exploration"": 20, ""conf"": 0.5, ""eps_target"": 1e-06, ""budget"": 1706558420205}"
"U(3e-05,0.3), eps=1e-06",3e-05,0.3,1e-06,binary_risk,2623916784213,find_phi_fixed_budget_binary_search_risk,"{""m_exploration"": 20, ""conf"": 0.5, ""eps_target"": 1e-06, ""budget"": 2623916784213}"
"U(3e-05,0.3), eps=1e-06",3e-05,0.3,1e-06,binary_risk,4034400000000,find_phi_fixed_budget_binary_search_risk,"{""m_exploration"": 20, ""conf"": 0.5, ""eps_target"": 1e-06, ""budget"": 4034400000000}"
"U(1e-05,0.3), eps=1e-06",1e-05,0.3,1e-06,linear,2689600000,find_phi_fixed_budget_linear_search,"{""m_exploration"": 30000, ""lookback_window"": 5, ""safeguard"": 0, ""inc"": 1, ""budget"": 2689600000}"
"U(1e-05,0.3), eps=1e-06",1e-05,0.3,1e-06,linear,4135391147,find_phi_fixed_budget_linear_search,"{""m_exploration"": 30000, ""lookback_window"": 5, ""safeguard"": 0, ""inc"": 2, ""budget"": 4135391147}"
"U(1e-05,0.3), eps=1e-06",1e-05,0.3,1e-06,linear,6358365533,find_phi_fixed_budget_linear_search,"{""m_exploration"": 139247, ""lookback_window"": 5, ""safeguard"": 0, ""inc"": 1, ""budget"": 6358365533}"
"U(1e-05,0.3), eps=1e-06",1e-05,0.3,1e-06,linear,9776297046,find_phi_fixed_budget_linear_search,"{""m_exploration"": 139247, ""lookback_window"": 5, ""safeguard"": 0, ""inc"": 1, ""budget"": 9776297046}"
"U(1e-05,0.3), eps=1e-06",1e-05,0.3,1e-06,linear,15031533409,find_phi_fixed_budget_linear_search,"{""m_exploration"": 139247, ""lookback_window"": 5, ""safeguard"": 0, ""inc"": 1, ""budget"": 15031533409}"
"U(1e-05,0.3), eps=1e-06",1e-05,0.3,1e-06,linear,23111715566,find_phi_fixed_budget_linear_search,"{""m_exploration"": 30000, ""lookback_window"": 5, ""safeguard"": 0, ""inc"": 1, ""budget"": 23111715566}"
"U(1e-05,0.3), eps=1e-06",1e-05,0.3,1e-06,linear,35535389629,find_phi_fixed_budget_linear_search,"{""m_exploration"": 300000, ""lookback_window"": 5, ""safeguard"": 0, ""inc"": 1, ""budget"": 35535389629}"
"U(1e-05,0.3), eps=1e-06",1e-05,0.3,1e-06,linear,54637394288,find_phi_fixed_budget_linear_search,"{""m_exploration"": 139247, ""lookback_window"": 5, ""safeguard"": 0, ""inc"": 1, ""budget"": 54637394288}"
"U(1e-05,0.3), eps=1e-06",1e-05,0.3,1e-06,linear,84007657882,find_phi_fixed_budget_linear_search,"{""m_exploration"": 139247, ""lookback_window"": 5, ""safeguard"": 0, ""inc"": 1, ""budget"": 84007657882}"
"U(1e-05,0.3), eps=1e-06",1e-05,0.3,1e-06,linear,129165870273,find_phi_fixed_budget_linear_search,"{""m_exploration"": 300000, ""lookback_window"": 5, ""safeguard"": 0, ""inc"": 1, ""budget"": 129165870273}"
"U(1e-05,0.3), eps=1e-06",1e-05,0.3,1e-06,linear,198598823776,find_phi_fixed_budget_linear_search,"{""m_exploration"": 300000, ""lookback_window"": 5, ""safeguard"": 0, ""inc"": 1, ""budget"": 198598823776}"
"U(1e-05,0.3), eps=1e-06",1e-05,0.3,1e-06,linear,305355375393,find_phi_fixed_budget_linear_search,"{""m_exploration"": 139247, ""lookback_window"": 5, ""safeguard"": 1, ""inc"": 1, ""budget"": 305355375393}"
"U(1e-05,0.3), eps=1e-06",1e-05,0.3,1e-06,linear,469498779038,find_phi_fixed_budget_linear_search,"{""m_exploration"": 139247, ""lookback_window"": 1, ""safeguard"": 0, ""inc"": 1, ""budget"": 469498779038}"
"U(1e-05,0.3), eps=1e-06",1e-05,0.3,1e-06,linear,721877265906,find_phi_fixed_budget_linear_search,"{""m_exploration"": 64, ""lookback_window"": 1, ""safeguard"": 1, ""inc"": 1, ""budget"": 721877265906}"
"U(1e-05,0.3), eps=1e-06",1e-05,0.3,1e-06,linear,1109921495641,find_phi_fixed_budget_linear_search,"{""m_exploration"": 29, ""lookback_window"": 1, ""safeguard"": 2, ""inc"": 1, ""budget"": 1109921495641}"
"U(1e-05,0.3), eps=1e-06",1e-05,0.3,1e-06,linear,1706558420205,find_phi_fixed_budget_linear_search,"{""m_exploration"": 29, ""lookback_window"": 1, ""safeguard"": 2, ""inc"": 1, ""budget"": 1706558420205}"
"U(1e-05,0.3), eps=1e-06",1e-05,0.3,1e-06,linear,2623916784213,find_phi_fixed_budget_linear_search,"{""m_exploration"": 3, ""lookback_window"": 1, ""safeguard"": 5, ""inc"": 1, ""budget"": 2623916784213}"
"U(1e-05,0.3), eps=1e-06",1e-05,0.3,1e-06,linear,4034400000000,find_phi_fixed_budget_linear_search,"{""m_exploration"": 3, ""lookback_window"": 1, ""safeguard"": 5, ""inc"": 1, ""budget"": 4034400000000}"
"U(1e-05,0.3), eps=1e-06",1e-05,0.3,1e-06,reverse_eng,2689600000,find_phi_fixed_budget_reverse_engineering,"{""m_exploration"": 300000, ""safeguard"": 0.95, ""budget"": 2689600000}"
"U(1e-05,0.3), eps=1e-06",1e-05,0.3,1e-06,reverse_eng,4135391147,find_phi_fixed_budget_reverse_engineering,"{""m_exploration"": 300000, ""safeguard"": 0.95, ""budget"": 4135391147}"
"U(1e-05,0.3), eps=1e-06",1e-05,0.3,1e-06,reverse_eng,6358365533,find_phi_fixed_budget_reverse_engineering,"{""m_exploration"": 300000, ""safeguard"": 0.95, ""budget"": 6358365533}"
"U(1e-05,0.3), eps=1e-06",1e-05,0.3,1e-06,reverse_eng,9776297046,find_phi_fixed_budget_reverse_engineering,"{""m_exploration"": 300000, ""safeguard"": 0.95, ""budget"": 9776297046}"
"U(1e-05,0.3), eps=1e-06",1e-05,0.3,1e-06,reverse_eng,15031533409,find_phi_fixed_budget_reverse_engineering,"{""m_exploration"": 300000, ""safeguard"": 0.95, ""budget"": 15031533409}"
"U(1e-05,0.3), eps=1e-06",1e-05,0.3,1e-06,reverse_eng,23111715566,find_phi_fixed_budget_reverse_engineering,"{""m_exploration"": 300000, ""safeguard"": 0.95, ""budget"": 23111715566}"
"U(1e-05,0.3), eps=1e-06",1e-05,0.3,1e-06,reverse_eng,35535389629,find_phi_fixed_budget_reverse_engineering,"{""m_exploration"": 300000, ""safeguard"": 0.95, ""budget"": 35535389629}"
"U(1e-05,0.3), eps=1e-06",1e-05,0.3,1e-06,reverse_eng,54637394288,find_phi_fixed_budget_reverse_engineering,"{""m_exploration"": 300000, ""safeguard"": 0.95, ""budget"": 54637394288}"
"U(1e-05,0.3), eps=1e-06",1e-05,0.3,1e-06,reverse_eng,84007657882,find_phi_fixed_budget_reverse_engineering,"{""m_exploration"": 65726, ""safeguard"": 0.9, ""budget"": 84007657882}"
"U(1e-05,0.3), eps=1e-06",1e-05,0.3,1e-06,reverse_eng,129165870273,find_phi_fixed_budget_reverse_engineering,"{""m_exploration"": 65726, ""safeguard"": 0.9, ""budget"": 129165870273}"
"U(1e-05,0.3), eps=1e-06",1e-05,0.3,1e-06,reverse_eng,198598823776,find_phi_fixed_budget_reverse_engineering,"{""m_exploration"": 180853, ""safeguard"": 0.9, ""budget"": 198598823776}"
"U(1e-05,0.3), eps=1e-06",1e-05,0.3,1e-06,reverse_eng,305355375393,find_phi_fixed_budget_reverse_engineering,"{""m_exploration"": 180853, ""safeguard"": 0.9, ""budget"": 305355375393}"
"U(1e-05,0.3), eps=1e-06",1e-05,0.3,1e-06,reverse_eng,469498779038,find_phi_fixed_budget_reverse_engineering,"{""m_exploration"": 109026, ""safeguard"": 0.85, ""budget"": 469498779038}"
"U(1e-05,0.3), eps=1e-06",1e-05,0.3,1e-06,reverse_eng,721877265906,find_phi_fixed_budget_reverse_engineering,"{""m_exploration"": 109026, ""safeguard"": 0.8, ""budget"": 721877265906}"
"U(1e-05,0.3), eps=1e-06",1e-05,0.3,1e-06,reverse_eng,1109921495641,find_phi_fixed_budget_reverse_engineering,"{""m_exploration"": 109026, ""safeguard"": 0.8, ""budget"": 1109921495641}"
"U(1e-05,0.3), eps=1e-06",1e-05,0.3,1e-06,reverse_eng,1706558420205,find_phi_fixed_budget_reverse_engineering,"{""m_exploration"": 109026, ""safeguard"": 0.8, ""budget"": 1706558420205}"
"U(1e-05,0.3), eps=1e-06",1e-05,0.3,1e-06,reverse_eng,2623916784213,find_phi_fixed_budget_reverse_engineering,"{""m_exploration"": 109026, ""safeguard"": 0.8, ""budget"": 2623916784213}"
"U(1e-05,0.3), eps=1e-06",1e-05,0.3,1e-06,reverse_eng,4034400000000,find_phi_fixed_budget_reverse_engineering,"{""m_exploration"": 109026, ""safeguard"": 0.8, ""budget"": 4034400000000}"
"U(1e-05,0.3), eps=1e-06",1e-05,0.3,1e-06,binary,2689600000,find_phi_fixed_budget_binary_search,"{""m_exploration"": 1692, ""safeguard"": 2, ""conf"": 0.9, ""budget"": 2689600000}"
"U(1e-05,0.3), eps=1e-06",1e-05,0.3,1e-06,binary,4135391147,find_phi_fixed_budget_binary_search,"{""m_exploration"": 1692, ""safeguard"": 2, ""conf"": 0.9, ""budget"": 4135391147}"
"U(1e-05,0.3), eps=1e-06",1e-05,0.3,1e-06,binary,6358365533,find_phi_fixed_budget_binary_search,"{""m_exploration"": 3545, ""safeguard"": 2, ""conf"": 0.9, ""budget"": 6358365533}"
"U(1e-05,0.3), eps=1e-06",1e-05,0.3,1e-06,binary,9776297046,find_phi_fixed_budget_binary_search,"{""m_exploration"": 3545, ""safeguard"": 2, ""conf"": 0.9, ""budget"": 9776297046}"
"U(1e-05,0.3), eps=1e-06",1e-05,0.3,1e-06,binary,15031533409,find_phi_fixed_budget_binary_search,"{""m_exploration"": 3545, ""safeguard"": 2, ""conf"": 0.9, ""budget"": 15031533409}"
"U(1e-05,0.3), eps=1e-06",1e-05,0.3,1e-06,binary,23111715566,find_phi_fixed_budget_binary_search,"{""m_exploration"": 3545, ""safeguard"": 2, ""conf"": 0.9, ""budget"": 23111715566}"
"U(1e-05,0.3), eps=1e-06",1e-05,0.3,1e-06,binary,35535389629,find_phi_fixed_budget_binary_search,"{""m_exploration"": 3545, ""safeguard"": 2, ""conf"": 0.9, ""budget"": 35535389629}"
"U(1e-05,0.3), eps=1e-06",1e-05,0.3,1e-06,binary,54637394288,find_phi_fixed_budget_binary_search,"{""m_exploration"": 15565, ""safeguard"": 1, ""conf"": 0.9, ""budget"": 54637394288}"
"U(1e-05,0.3), eps=1e-06",1e-05,0.3,1e-06,binary,84007657882,find_phi_fixed_budget_binary_search,"{""m_exploration"": 32614, ""safeguard"": 1, ""conf"": 0.9, ""budget"": 84007657882}"
"U(1e-05,0.3), eps=1e-06",1e-05,0.3,1e-06,binary,129165870273,find_phi_fixed_budget_binary_search,"{""m_exploration"": 68335, ""safeguard"": 1, ""conf"": 0.8, ""budget"": 129165870273}"
"U(1e-05,0.3), eps=1e-06",1e-05,0.3,1e-06,binary,198598823776,find_phi_fixed_budget_binary_search,"{""m_exploration"": 68335, ""safeguard"": 1, ""conf"": 0.8, ""budget"": 198598823776}"
"U(1e-05,0.3), eps=1e-06",1e-05,0.3,1e-06,binary,305355375393,find_phi_fixed_budget_binary_search,"{""m_exploration"": 300000, ""safeguard"": 1, ""conf"": 0.5, ""budget"": 305355375393}"
"U(1e-05,0.3), eps=1e-06",1e-05,0.3,1e-06,binary,469498779038,find_phi_fixed_budget_binary_search,"{""m_exploration"": 300000, ""safeguard"": 1, ""conf"": 0.5, ""budget"": 469498779038}"
"U(1e-05,0.3), eps=1e-06",1e-05,0.3,1e-06,binary,721877265906,find_phi_fixed_budget_binary_search,"{""m_exploration"": 300000, ""safeguard"": 2, ""conf"": 0.5, ""budget"": 721877265906}"
"U(1e-05,0.3), eps=1e-06",1e-05,0.3,1e-06,binary,1109921495641,find_phi_fixed_budget_binary_search,"{""m_exploration"": 300000, ""safeguard"": 2, ""conf"": 0.5, ""budget"": 1109921495641}"
"U(1e-05,0.3), eps=1e-06",1e-05,0.3,1e-06,binary,1706558420205,find_phi_fixed_budget_binary_search,"{""m_exploration"": 300000, ""safeguard"": 2, ""conf"": 0.5, ""budget"": 1706558420205}"
"U(1e-05,0.3), eps=1e-06",1e-05,0.3,1e-06,binary,2623916784213,find_phi_fixed_budget_binary_search,"{""m_exploration"": 300000, ""safeguard"": 2, ""conf"": 0.5, ""budget"": 2623916784213}"
"U(1e-05,0.3), eps=1e-06",1e-05,0.3,1e-06,binary,4034400000000,find_phi_fixed_budget_binary_search,"{""m_exploration"": 300000, ""safeguard"": 2, ""conf"": 0.5, ""budget"": 4034400000000}"
"U(1e-05,0.3), eps=1e-06",1e-05,0.3,1e-06,reverse_eng_risk,2689600000,find_phi_fixed_budget_reverse_engineering_risk,"{""m_exploration"": 300000, ""eps_target"": 1e-06, ""budget"": 2689600000}"
"U(1e-05,0.3), eps=1e-06",1e-05,0.3,1e-06,reverse_eng_risk,4135391147,find_phi_fixed_budget_reverse_engineering_risk,"{""m_exploration"": 180853, ""eps_target"": 1e-06, ""budget"": 4135391147}"
"U(1e-05,0.3), eps=1e-06",1e-05,0.3,1e-06,reverse_eng_risk,6358365533,find_phi_fixed_budget_reverse_engineering_risk,"{""m_exploration"": 300000, ""eps_target"": 1e-06, ""budget"": 6358365533}"
"U(1e-05,0.3), eps=1e-06",1e-05,0.3,1e-06,reverse_eng_risk,9776297046,find_phi_fixed_budget_reverse_engineering_risk,"{""m_exploration"": 65726, ""eps_target"": 1e-06, ""budget"": 9776297046}"
"U(1e-05,0.3), eps=1e-06",1e-05,0.3,1e-06,reverse_eng_risk,15031533409,find_phi_fixed_budget_reverse_engineering_risk,"{""m_exploration"": 180853, ""eps_target"": 1e-06, ""budget"": 15031533409}"
"U(1e-05,0.3), eps=1e-06",1e-05,0.3,1e-06,reverse_eng_risk,23111715566,find_phi_fixed_budget_reverse_engineering_risk,"{""m_exploration"": 180853, ""eps_target"": 1e-06, ""budget"": 23111715566}"
"U(1e-05,0.3), eps=1e-06",1e-05,0.3,1e-06,reverse_eng_risk,35535389629,find_phi_fixed_budget_reverse_engineering_risk,"{""m_exploration"": 23886, ""eps_target"": 1e-06, ""budget"": 35535389629}"
"U(1e-05,0.3), eps=1e-06",1e-05,0.3,1e-06,reverse_eng_risk,54637394288,find_phi_fixed_budget_reverse_engineering_risk,"{""m_exploration"": 23886, ""eps_target"": 1e-06, ""budget"": 54637394288}"
"U(1e-05,0.3), eps=1e-06",1e-05,0.3,1e-06,reverse_eng_risk,84007657882,find_phi_fixed_budget_reverse_engineering_risk,"{""m_exploration"": 3154, ""eps_target"": 1e-06, ""budget"": 84007657882}"
"U(1e-05,0.3), eps=1e-06",1e-05,0.3,1e-06,reverse_eng_risk,129165870273,find_phi_fixed_budget_reverse_engineering_risk,"{""m_exploration"": 1901, ""eps_target"": 1e-06, ""budget"": 129165870273}"
"U(1e-05,0.3), eps=1e-06",1e-05,0.3,1e-06,reverse_eng_risk,198598823776,find_phi_fixed_budget_reverse_engineering_risk,"{""m_exploration"": 3154, ""eps_target"": 1e-06, ""budget"": 198598823776}"
"U(1e-05,0.3), eps=1e-06",1e-05,0.3,1e-06,reverse_eng_risk,305355375393,find_phi_fixed_budget_reverse_engineering_risk,"{""m_exploration"": 251, ""eps_target"": 1e-06, ""budget"": 305355375393}"
"U(1e-05,0.3), eps=1e-06",1e-05,0.3,1e-06,reverse_eng_risk,469498779038,find_phi_fixed_budget_reverse_engineering_risk,"{""m_exploration"": 1901, ""eps_target"": 1e-06, ""budget"": 469498779038}"
"U(1e-05,0.3), eps=1e-06",1e-05,0.3,1e-06,reverse_eng_risk,721877265906,find_phi_fixed_budget_reverse_engineering_risk,"{""m_exploration"": 20, ""eps_target"": 1e-06, ""budget"": 721877265906}"
"U(1e-05,0.3), eps=1e-06",1e-05,0.3,1e-06,reverse_eng_risk,1109921495641,find_phi_fixed_budget_reverse_engineering_risk,"{""m_exploration"": 20, ""eps_target"": 1e-06, ""budget"": 1109921495641}"
"U(1e-05,0.3), eps=1e-06",1e-05,0.3,1e-06,reverse_eng_risk,1706558420205,find_phi_fixed_budget_reverse_engineering_risk,"{""m_exploration"": 20, ""eps_target"": 1e-06, ""budget"": 1706558420205}"
"U(1e-05,0.3), eps=1e-06",1e-05,0.3,1e-06,reverse_eng_risk,2623916784213,find_phi_fixed_budget_reverse_engineering_risk,"{""m_exploration"": 20, ""eps_target"": 1e-06, ""budget"": 2623916784213}"
"U(1e-05,0.3), eps=1e-06",1e-05,0.3,1e-06,reverse_eng_risk,4034400000000,find_phi_fixed_budget_reverse_engineering_risk,"{""m_exploration"": 20, ""eps_target"": 1e-06, ""budget"": 4034400000000}"
"U(1e-05,0.3), eps=1e-06",1e-05,0.3,1e-06,binary_risk,2689600000,find_phi_fixed_budget_binary_search_risk,"{""m_exploration"": 807, ""conf"": 0.5, ""eps_target"": 1e-06, ""budget"": 2689600000}"
"U(1e-05,0.3), eps=1e-06",1e-05,0.3,1e-06,binary_risk,4135391147,find_phi_fixed_budget_binary_search_risk,"{""m_exploration"": 1692, ""conf"": 0.8, ""eps_target"": 1e-06, ""budget"": 4135391147}"
"U(1e-05,0.3), eps=1e-06",1e-05,0.3,1e-06,binary_risk,6358365533,find_phi_fixed_budget_binary_search_risk,"{""m_exploration"": 3545, ""conf"": 0.5, ""eps_target"": 1e-06, ""budget"": 6358365533}"
"U(1e-05,0.3), eps=1e-06",1e-05,0.3,1e-06,binary_risk,9776297046,find_phi_fixed_budget_binary_search_risk,"{""m_exploration"": 3545, ""conf"": 0.5, ""eps_target"": 1e-06, ""budget"": 9776297046}"
"U(1e-05,0.3), eps=1e-06",1e-05,0.3,1e-06,binary_risk,15031533409,find_phi_fixed_budget_binary_search_risk,"{""m_exploration"": 3545, ""conf"": 0.5, ""eps_target"": 1e-06, ""budget"": 15031533409}"
"U(1e-05,0.3), eps=1e-06",1e-05,0.3,1e-06,binary_risk,23111715566,find_phi_fixed_budget_binary_search_risk,"{""m_exploration"": 3545, ""conf"": 0.5, ""eps_target"": 1e-06, ""budget"": 23111715566}"
"U(1e-05,0.3), eps=1e-06",1e-05,0.3,1e-06,binary_risk,35535389629,find_phi_fixed_budget_binary_search_risk,"{""m_exploration"": 3545, ""conf"": 0.5, ""eps_target"": 1e-06, ""budget"": 35535389629}"
"U(1e-05,0.3), eps=1e-06",1e-05,0.3,1e-06,binary_risk,54637394288,find_phi_fixed_budget_binary_search_risk,"{""m_exploration"": 3545, ""conf"": 0.5, ""eps_target"": 1e-06, ""budget"": 54637394288}"
"U(1e-05,0.3), eps=1e-06",1e-05,0.3,1e-06,binary_risk,84007657882,find_phi_fixed_budget_binary_search_risk,"{""m_exploration"": 3545, ""conf"": 0.5, ""eps_target"": 1e-06, ""budget"": 84007657882}"
"U(1e-05,0.3), eps=1e-06",1e-05,0.3,1e-06,binary_risk,129165870273,find_phi_fixed_budget_binary_search_risk,"{""m_exploration"": 3545, ""conf"": 0.5, ""eps_target"": 1e-06, ""budget"": 129165870273}"
"U(1e-05,0.3), eps=1e-06",1e-05,0.3,1e-06,binary_risk,198598823776,find_phi_fixed_budget_binary_search_risk,"{""m_exploration"": 7429, ""conf"": 0.5, ""eps_target"": 1e-06, ""budget"": 198598823776}"
"U(1e-05,0.3), eps=1e-06",1e-05,0.3,1e-06,binary_risk,305355375393,find_phi_fixed_budget_binary_search_risk,"{""m_exploration"": 7429, ""conf"": 0.5, ""eps_target"": 1e-06, ""budget"": 305355375393}"
"U(1e-05,0.3), eps=1e-06",1e-05,0.3,1e-06,binary_risk,469498779038,find_phi_fixed_budget_binary_search_risk,"{""m_exploration"": 385, ""conf"": 0.5, ""eps_target"": 1e-06, ""budget"": 469498779038}"
"U(1e-05,0.3), eps=1e-06",1e-05,0.3,1e-06,binary_risk,721877265906,find_phi_fixed_budget_binary_search_risk,"{""m_exploration"": 87, ""conf"": 0.5, ""eps_target"": 1e-06, ""budget"": 721877265906}"
"U(1e-05,0.3), eps=1e-06",1e-05,0.3,1e-06,binary_risk,1109921495641,find_phi_fixed_budget_binary_search_risk,"{""m_exploration"": 41, ""conf"": 0.5, ""eps_target"": 1e-06, ""budget"": 1109921495641}"
"U(1e-05,0.3), eps=1e-06",1e-05,0.3,1e-06,binary_risk,1706558420205,find_phi_fixed_budget_binary_search_risk,"{""m_exploration"": 20, ""conf"": 0.5, ""eps_target"": 1e-06, ""budget"": 1706558420205}"
"U(1e-05,0.3), eps=1e-06",1e-05,0.3,1e-06,binary_risk,2623916784213,find_phi_fixed_budget_binary_search_risk,"{""m_exploration"": 20, ""conf"": 0.5, ""eps_target"": 1e-06, ""budget"": 2623916784213}"
"U(1e-05,0.3), eps=1e-06",1e-05,0.3,1e-06,binary_risk,4034400000000,find_phi_fixed_budget_binary_search_risk,"{""m_exploration"": 20, ""conf"": 0.5, ""eps_target"": 1e-06, ""budget"": 4034400000000}"
"U(0.01,0.1), eps=1e-04",0.01,0.1,0.0001,linear,89653,find_phi_fixed_budget_linear_search,"{""m_exploration"": 6, ""lookback_window"": 5, ""safeguard"": 2, ""inc"": 2, ""budget"": 89653}"
"U(0.01,0.1), eps=1e-04",0.01,0.1,0.0001,linear,137846,find_phi_fixed_budget_linear_search,"{""m_exploration"": 6, ""lookback_window"": 5, ""safeguard"": 2, ""inc"": 2, ""budget"": 137846}"
"U(0.01,0.1), eps=1e-04",0.01,0.1,0.0001,linear,211945,find_phi_fixed_budget_linear_search,"{""m_exploration"": 13, ""lookback_window"": 5, ""safeguard"": 2, ""inc"": 1, ""budget"": 211945}"
"U(0.01,0.1), eps=1e-04",0.01,0.1,0.0001,linear,325876,find_phi_fixed_budget_linear_search,"{""m_exploration"": 64, ""lookback_window"": 5, ""safeguard"": 1, ""inc"": 1, ""budget"": 325876}"
"U(0.01,0.1), eps=1e-04",0.01,0.1,0.0001,linear,501051,find_phi_fixed_budget_linear_search,"{""m_exploration"": 64, ""lookback_window"": 5, ""safeguard"": 1, ""inc"": 1, ""budget"": 501051}"
"U(0.01,0.1), eps=1e-04",0.01,0.1,0.0001,linear,770390,find_phi_fixed_budget_linear_search,"{""m_exploration"": 64, ""lookback_window"": 5, ""safeguard"": 1, ""inc"": 1, ""budget"": 770390}"
"U(0.01,0.1), eps=1e-04",0.01,0.1,0.0001,linear,1184512,find_phi_fixed_budget_linear_search,"{""m_exploration"": 64, ""lookback_window"": 5, ""safeguard"": 1, ""inc"": 1, ""budget"": 1184512}"
"U(0.01,0.1), eps=1e-04",0.01,0.1,0.0001,linear,1821246,find_phi_fixed_budget_linear_search,"{""m_exploration"": 64, ""lookback_window"": 5, ""safeguard"": 2, ""inc"": 1, ""budget"": 1821246}"
"U(0.01,0.1), eps=1e-04",0.01,0.1,0.0001,linear,2800255,find_phi_fixed_budget_linear_search,"{""m_exploration"": 64, ""lookback_window"": 5, ""safeguard"": 1, ""inc"": 1, ""budget"": 2800255}"
"U(0.01,0.1), eps=1e-04",0.01,0.1,0.0001,linear,4305529,find_phi_fixed_budget_linear_search,"{""m_exploration"": 300, ""lookback_window"": 5, ""safeguard"": 1, ""inc"": 2, ""budget"": 4305529}"
"U(0.01,0.1), eps=1e-04",0.01,0.1,0.0001,linear,6619960,find_phi_fixed_budget_linear_search,"{""m_exploration"": 300, ""lookback_window"": 5, ""safeguard"": 1, ""inc"": 1, ""budget"": 6619960}"
"U(0.01,0.1), eps=1e-04",0.01,0.1,0.0001,linear,10178512,find_phi_fixed_budget_linear_search,"{""m_exploration"": 646, ""lookback_window"": 5, ""safeguard"": 1, ""inc"": 1, ""budget"": 10178512}"
"U(0.01,0.1), eps=1e-04",0.01,0.1,0.0001,linear,15649959,find_phi_fixed_budget_linear_search,"{""m_exploration"": 300, ""lookback_window"": 5, ""safeguard"": 1, ""inc"": 1, ""budget"": 15649959}"
"U(0.01,0.1), eps=1e-04",0.01,0.1,0.0001,linear,24062575,find_phi_fixed_budget_linear_search,"{""m_exploration"": 3, ""lookback_window"": 1, ""safeguard"": 5, ""inc"": 1, ""budget"": 24062575}"
"U(0.01,0.1), eps=1e-04",0.01,0.1,0.0001,linear,36997383,find_phi_fixed_budget_linear_search,"{""m_exploration"": 3, ""lookback_window"": 1, ""safeguard"": 5, ""inc"": 1, ""budget"": 36997383}"
"U(0.01,0.1), eps=1e-04",0.01,0.1,0.0001,linear,56885280,find_phi_fixed_budget_linear_search,"{""m_exploration"": 3, ""lookback_window"": 1, ""safeguard"": 5, ""inc"": 1, ""budget"": 56885280}"
"U(0.01,0.1), eps=1e-04",0.01,0.1,0.0001,linear,87463892,find_phi_fixed_budget_linear_search,"{""m_exploration"": 3, ""lookback_window"": 1, ""safeguard"": 5, ""inc"": 1, ""budget"": 87463892}"
"U(0.01,0.1), eps=1e-04",0.01,0.1,0.0001,linear,134480000,find_phi_fixed_budget_linear_search,"{""m_exploration"": 3, ""lookback_window"": 1, ""safeguard"": 5, ""inc"": 1, ""budget"": 134480000}"
"U(0.01,0.1), eps=1e-04",0.01,0.1,0.0001,reverse_eng,89653,find_phi_fixed_budget_reverse_engineering,"{""m_exploration"": 416, ""safeguard"": 0.85, ""budget"": 89653}"
"U(0.01,0.1), eps=1e-04",0.01,0.1,0.0001,reverse_eng,137846,find_phi_fixed_budget_reverse_engineering,"{""m_exploration"": 691, ""safeguard"": 0.85, ""budget"": 137846}"
"U(0.01,0.1), eps=1e-04",0.01,0.1,0.0001,reverse_eng,211945,find_phi_fixed_budget_reverse_engineering,"{""m_exploration"": 691, ""safeguard"": 0.9, ""budget"": 211945}"
"U(0.01,0.1), eps=1e-04",0.01,0.1,0.0001,reverse_eng,325876,find_phi_fixed_budget_reverse_engineering,"{""m_exploration"": 691, ""safeguard"": 0.85, ""budget"": 325876}"
"U(0.01,0.1), eps=1e-04",0.01,0.1,0.0001,reverse_eng,501051,find_phi_fixed_budget_reverse_engineering,"{""m_exploration"": 691, ""safeguard"": 0.9, ""budget"": 501051}"
"U(0.01,0.1), eps=1e-04",0.01,0.1,0.0001,reverse_eng,770390,find_phi_fixed_budget_reverse_engineering,"{""m_exploration"": 1901, ""safeguard"": 0.95, ""budget"": 770390}"
"U(0.01,0.1), eps=1e-04",0.01,0.1,0.0001,reverse_eng,1184512,find_phi_fixed_budget_reverse_engineering,"{""m_exploration"": 3154, ""safeguard"": 0.95, ""budget"": 1184512}"
"U(0.01,0.1), eps=1e-04",0.01,0.1,0.0001,reverse_eng,1821246,find_phi_fixed_budget_reverse_engineering,"{""m_exploration"": 5233, ""safeguard"": 0.95, ""budget"": 1821246}"
"U(0.01,0.1), eps=1e-04",0.01,0.1,0.0001,reverse_eng,2800255,find_phi_fixed_budget_reverse_engineering,"{""m_exploration"": 8680, ""safeguard"": 0.95, ""budget"": 2800255}"
"U(0.01,0.1), eps=1e-04",0.01,0.1,0.0001,reverse_eng,4305529,find_phi_fixed_budget_reverse_engineering,"{""m_exploration"": 3154, ""safeguard"": 0.9, ""budget"": 4305529}"
"U(0.01,0.1), eps=1e-04",0.01,0.1,0.0001,reverse_eng,6619960,find_phi_fixed_budget_reverse_engineering,"{""m_exploration"": 3154, ""safeguard"": 0.9, ""budget"": 6619960}"
"U(0.01,0.1), eps=1e-04",0.01,0.1,0.0001,reverse_eng,10178512,find_phi_fixed_budget_reverse_engineering,"{""m_exploration"": 3154, ""safeguard"": 0.85, ""budget"": 10178512}"
"U(0.01,0.1), eps=1e-04",0.01,0.1,0.0001,reverse_eng,15649959,find_phi_fixed_budget_reverse_engineering,"{""m_exploration"": 3154, ""safeguard"": 0.8, ""budget"": 15649959}"
"U(0.01,0.1), eps=1e-04",0.01,0.1,0.0001,reverse_eng,24062575,find_phi_fixed_budget_reverse_engineering,"{""m_exploration"": 1901, ""safeguard"": 0.8, ""budget"": 24062575}"
"U(0.01,0.1), eps=1e-04",0.01,0.1,0.0001,reverse_eng,36997383,find_phi_fixed_budget_reverse_engineering,"{""m_exploration"": 1901, ""safeguard"": 0.8, ""budget"": 36997383}"
"U(0.01,0.1), eps=1e-04",0.01,0.1,0.0001,reverse_eng,56885280,find_phi_fixed_budget_reverse_engineering,"{""m_exploration"": 1901, ""safeguard"": 0.8, ""budget"": 56885280}"
"U(0.01,0.1), eps=1e-04",0.01,0.1,0.0001,reverse_eng,87463892,find_phi_fixed_budget_reverse_engineering,"{""m_exploration"": 1901, ""safeguard"": 0.8, ""budget"": 87463892}"
"U(0.01,0.1), eps=1e-04",0.01,0.1,0.0001,reverse_eng,134480000,find_phi_fixed_budget_reverse_engineering,"{""m_exploration"": 1901, ""safeguard"": 0.8, ""budget"": 134480000}"
"U(0.01,0.1), eps=1e-04",0.01,0.1,0.0001,binary,89653,find_phi_fixed_budget_binary_search,"{""m_exploration"": 20, ""safeguard"": 2, ""conf"": 0.5, ""budget"": 89653}"
"U(0.01,0.1), eps=1e-04",0.01,0.1,0.0001,binary,137846,find_phi_fixed_budget_binary_search,"{""m_exploration"": 20, ""safeguard"": 2, ""conf"": 0.5, ""budget"": 137846}"
"U(0.01,0.1), eps=1e-04",0.01,0.1,0.0001,binary,211945,find_phi_fixed_budget_binary_search,"{""m_exploration"": 41, ""safeguard"": 2, ""conf"": 0.5, ""budget"": 211945}"
"U(0.01,0.1), eps=1e-04",0.01,0.1,0.0001,binary,325876,find_phi_fixed_budget_binary_search,"{""m_exploration"": 41, ""safeguard"": 2, ""conf"": 0.5, ""budget"": 325876}"
"U(0.01,0.1), eps=1e-04",0.01,0.1,0.0001,binary,501051,find_phi_fixed_budget_binary_search,"{""m_exploration"": 183, ""safeguard"": 2, ""conf"": 0.8, ""budget"": 501051}"
"U(0.01,0.1), eps=1e-04",0.01,0.1,0.0001,binary,770390,find_phi_fixed_budget_binary_search,"{""m_exploration"": 183, ""safeguard"": 2, ""conf"": 0.8, ""budget"": 770390}"
"U(0.01,0.1), eps=1e-04",0.01,0.1,0.0001,binary,1184512,find_phi_fixed_budget_binary_search,"{""m_exploration"": 807, ""safeguard"": 2, ""conf"": 0.9, ""budget"": 1184512}"
"U(0.01,0.1), eps=1e-04",0.01,0.1,0.0001,binary,1821246,find_phi_fixed_budget_binary_search,"{""m_exploration"": 807, ""safeguard"": 2, ""conf"": 0.9, ""budget"": 1821246}"
"U(0.01,0.1), eps=1e-04",0.01,0.1,0.0001,binary,2800255,find_phi_fixed_budget_binary_search,"{""m_exploration"": 807, ""safeguard"": 2, ""conf"": 0.9, ""budget"": 2800255}"
"U(0.01,0.1), eps=1e-04",0.01,0.1,0.0001,binary,4305529,find_phi_fixed_budget_binary_search,"{""m_exploration"": 807, ""safeguard"": 2, ""conf"": 0.9, ""budget"": 4305529}"
"U(0.01,0.1), eps=1e-04",0.01,0.1,0.0001,binary,6619960,find_phi_fixed_budget_binary_search,"{""m_exploration"": 1692, ""safeguard"": 2, ""conf"": 0.9, ""budget"": 6619960}"
"U(0.01,0.1), eps=1e-04",0.01,0.1,0.0001,binary,10178512,find_phi_fixed_budget_binary_search,"{""m_exploration"": 1692, ""safeguard"": 2, ""conf"": 0.5, ""budget"": 10178512}"
"U(0.01,0.1), eps=1e-04",0.01,0.1,0.0001,binary,15649959,find_phi_fixed_budget_binary_search,"{""m_exploration"": 7429, ""safeguard"": 2, ""conf"": 0.8, ""budget"": 15649959}"
"U(0.01,0.1), eps=1e-04",0.01,0.1,0.0001,binary,24062575,find_phi_fixed_budget_binary_search,"{""m_exploration"": 7429, ""safeguard"": 2, ""conf"": 0.5, ""budget"": 24062575}"
"U(0.01,0.1), eps=1e-04",0.01,0.1,0.0001,binary,36997383,find_phi_fixed_budget_binary_search,"{""m_exploration"": 1692, ""safeguard"": 2, ""conf"": 0.5, ""budget"": 36997383}"
"U(0.01,0.1), eps=1e-04",0.01,0.1,0.0001,binary,56885280,find_phi_fixed_budget_binary_search,"{""m_exploration"": 1692, ""safeguard"": 2, ""conf"": 0.5, ""budget"": 56885280}"
"U(0.01,0.1), eps=1e-04",0.01,0.1,0.0001,binary,87463892,find_phi_fixed_budget_binary_search,"{""m_exploration"": 1692, ""safeguard"": 2, ""conf"": 0.5, ""budget"": 87463892}"
"U(0.01,0.1), eps=1e-04",0.01,0.1,0.0001,binary,134480000,find_phi_fixed_budget_binary_search,"{""m_exploration"": 1692, ""safeguard"": 2, ""conf"": 0.5, ""budget"": 134480000}"
"U(0.01,0.1), eps=1e-04",0.01,0.1,0.0001,reverse_eng_risk,89653,find_phi_fixed_budget_reverse_engineering_risk,"{""m_exploration"": 91, ""eps_target"": 0.0001, ""budget"": 89653}"
"U(0.01,0.1), eps=1e-04",0.01,0.1,0.0001,reverse_eng_risk,137846,find_phi_fixed_budget_reverse_engineering_risk,"{""m_exploration"": 151, ""eps_target"": 0.0001, ""budget"": 137846}"
"U(0.01,0.1), eps=1e-04",0.01,0.1,0.0001,reverse_eng_risk,211945,find_phi_fixed_budget_reverse_engineering_risk,"{""m_exploration"": 1146, ""eps_target"": 0.0001, ""budget"": 211945}"
"U(0.01,0.1), eps=1e-04",0.01,0.1,0.0001,reverse_eng_risk,325876,find_phi_fixed_budget_reverse_engineering_risk,"{""m_exploration"": 416, ""eps_target"": 0.0001, ""budget"": 325876}"
"U(0.01,0.1), eps=1e-04",0.01,0.1,0.0001,reverse_eng_risk,501051,find_phi_fixed_budget_reverse_engineering_risk,"{""m_exploration"": 691, ""eps_target"": 0.0001, ""budget"": 501051}"
"U(0.01,0.1), eps=1e-04",0.01,0.1,0.0001,reverse_eng_risk,770390,find_phi_fixed_budget_reverse_engineering_risk,"{""m_exploration"": 1901, ""eps_target"": 0.0001, ""budget"": 770390}"
"U(0.01,0.1), eps=1e-04",0.01,0.1,0.0001,reverse_eng_risk,1184512,find_phi_fixed_budget_reverse_engineering_risk,"{""m_exploration"": 1146, ""eps_target"": 0.0001, ""budget"": 1184512}"
"U(0.01,0.1), eps=1e-04",0.01,0.1,0.0001,reverse_eng_risk,1821246,find_phi_fixed_budget_reverse_engineering_risk,"{""m_exploration"": 3154, ""eps_target"": 0.0001, ""budget"": 1821246}"
"U(0.01,0.1), eps=1e-04",0.01,0.1,0.0001,reverse_eng_risk,2800255,find_phi_fixed_budget_reverse_engineering_risk,"{""m_exploration"": 3154, ""eps_target"": 0.0001, ""budget"": 2800255}"
"U(0.01,0.1), eps=1e-04",0.01,0.1,0.0001,reverse_eng_risk,4305529,find_phi_fixed_budget_reverse_engineering_risk,"{""m_exploration"": 416, ""eps_target"": 0.0001, ""budget"": 4305529}"
"U(0.01,0.1), eps=1e-04",0.01,0.1,0.0001,reverse_eng_risk,6619960,find_phi_fixed_budget_reverse_engineering_risk,"{""m_exploration"": 3154, ""eps_target"": 0.0001, ""budget"": 6619960}"
"U(0.01,0.1), eps=1e-04",0.01,0.1,0.0001,reverse_eng_risk,10178512,find_phi_fixed_budget_reverse_engineering_risk,"{""m_exploration"": 3154, ""eps_target"": 0.0001, ""budget"": 10178512}"
"U(0.01,0.1), eps=1e-04",0.01,0.1,0.0001,reverse_eng_risk,15649959,find_phi_fixed_budget_reverse_engineering_risk,"{""m_exploration"": 1901, ""eps_target"": 0.0001, ""budget"": 15649959}"
"U(0.01,0.1), eps=1e-04",0.01,0.1,0.0001,reverse_eng_risk,24062575,find_phi_fixed_budget_reverse_engineering_risk,"{""m_exploration"": 20, ""eps_target"": 0.0001, ""budget"": 24062575}"
"U(0.01,0.1), eps=1e-04",0.01,0.1,0.0001,reverse_eng_risk,36997383,find_phi_fixed_budget_reverse_engineering_risk,"{""m_exploration"": 20, ""eps_target"": 0.0001, ""budget"": 36997383}"
"U(0.01,0.1), eps=1e-04",0.01,0.1,0.0001,reverse_eng_risk,56885280,find_phi_fixed_budget_reverse_engineering_risk,"{""m_exploration"": 20, ""eps_target"": 0.0001, ""budget"": 56885280}"
"U(0.01,0.1), eps=1e-04",0.01,0.1,0.0001,reverse_eng_risk,87463892,find_phi_fixed_budget_reverse_engineering_risk,"{""m_exploration"": 20, ""eps_target"": 0.0001, ""budget"": 87463892}"
"U(0.01,0.1), eps=1e-04",0.01,0.1,0.0001,reverse_eng_risk,134480000,find_phi_fixed_budget_reverse_engineering_risk,"{""m_exploration"": 20, ""eps_target"": 0.0001, ""budget"": 134480000}"
"U(0.01,0.1), eps=1e-04",0.01,0.1,0.0001,binary_risk,89653,find_phi_fixed_budget_binary_search_risk,"{""m_exploration"": 41, ""conf"": 0.9, ""eps_target"": 0.0001, ""budget"": 89653}"
"U(0.01,0.1), eps=1e-04",0.01,0.1,0.0001,binary_risk,137846,find_phi_fixed_budget_binary_search_risk,"{""m_exploration"": 20, ""conf"": 0.5, ""eps_target"": 0.0001, ""budget"": 137846}"
"U(0.01,0.1), eps=1e-04",0.01,0.1,0.0001,binary_risk,211945,find_phi_fixed_budget_binary_search_risk,"{""m_exploration"": 41, ""conf"": 0.5, ""eps_target"": 0.0001, ""budget"": 211945}"
"U(0.01,0.1), eps=1e-04",0.01,0.1,0.0001,binary_risk,325876,find_phi_fixed_budget_binary_search_risk,"{""m_exploration"": 41, ""conf"": 0.8, ""eps_target"": 0.0001, ""budget"": 325876}"
"U(0.01,0.1), eps=1e-04",0.01,0.1,0.0001,binary_risk,501051,find_phi_fixed_budget_binary_search_risk,"{""m_exploration"": 41, ""conf"": 0.5, ""eps_target"": 0.0001, ""budget"": 501051}"
"U(0.01,0.1), eps=1e-04",0.01,0.1,0.0001,binary_risk,770390,find_phi_fixed_budget_binary_search_risk,"{""m_exploration"": 183, ""conf"": 0.5, ""eps_target"": 0.0001, ""budget"": 770390}"
"U(0.01,0.1), eps=1e-04",0.01,0.1,0.0001,binary_risk,1184512,find_phi_fixed_budget_binary_search_risk,"{""m_exploration"": 183, ""conf"": 0.5, ""eps_target"": 0.0001, ""budget"": 1184512}"
"U(0.01,0.1), eps=1e-04",0.01,0.1,0.0001,binary_risk,1821246,find_phi_fixed_budget_binary_search_risk,"{""m_exploration"": 183, ""conf"": 0.5, ""eps_target"": 0.0001, ""budget"": 1821246}"
"U(0.01,0.1), eps=1e-04",0.01,0.1,0.0001,binary_risk,2800255,find_phi_fixed_budget_binary_search_risk,"{""m_exploration"": 87, ""conf"": 0.5, ""eps_target"": 0.0001, ""budget"": 2800255}"
"U(0.01,0.1), eps=1e-04",0.01,0.1,0.0001,binary_risk,4305529,find_phi_fixed_budget_binary_search_risk,"{""m_exploration"": 87, ""conf"": 0.5, ""eps_target"": 0.0001, ""budget"": 4305529}"
"U(0.01,0.1), eps=1e-04",0.01,0.1,0.0001,binary_risk,6619960,find_phi_fixed_budget_binary_search_risk,"{""m_exploration"": 807, ""conf"": 0.5, ""eps_target"": 0.0001, ""budget"": 6619960}"
"U(0.01,0.1), eps=1e-04",0.01,0.1,0.0001,binary_risk,10178512,find_phi_fixed_budget_binary_search_risk,"{""m_exploration"": 1692, ""conf"": 0.5, ""eps_target"": 0.0001, ""budget"": 10178512}"
"U(0.01,0.1), eps=1e-04",0.01,0.1,0.0001,binary_risk,15649959,find_phi_fixed_budget_binary_search_risk,"{""m_exploration"": 87, ""conf"": 0.5, ""eps_target"": 0.0001, ""budget"": 15649959}"
"U(0.01,0.1), eps=1e-04",0.01,0.1,0.0001,binary_risk,24062575,find_phi_fixed_budget_binary_search_risk,"{""m_exploration"": 87, ""conf"": 0.5, ""eps_target"": 0.0001, ""budget"": 24062575}"
"U(0.01,0.1), eps=1e-04",0.01,0.1,0.0001,binary_risk,36997383,find_phi_fixed_budget_binary_search_risk,"{""m_exploration"": 41, ""conf"": 0.5, ""eps_target"": 0.0001, ""budget"": 36997383}"
"U(0.01,0.1), eps=1e-04",0.01,0.1,0.0001,binary_risk,56885280,find_phi_fixed_budget_binary_search_risk,"{""m_exploration"": 20, ""conf"": 0.5, ""eps_target"": 0.0001, ""budget"": 56885280}"
"U(0.01,0.1), eps=1e-04",0.01,0.1,0.0001,binary_risk,87463892,find_phi_fixed_budget_binary_search_risk,"{""m_exploration"": 20, ""conf"": 0.5, ""eps_target"": 0.0001, ""budget"": 87463892}"
"U(0.01,0.1), eps=1e-04",0.01,0.1,0.0001,binary_risk,134480000,find_phi_fixed_budget_binary_search_risk,"{""m_exploration"": 20, ""conf"": 0.5, ""eps_target"": 0.0001, ""budget"": 134480000}"
"U(0.01,0.1), eps=1e-05",0.01,0.1,1e-05,linear,8965333,find_phi_fixed_budget_linear_search,"{""m_exploration"": 300, ""lookback_window"": 5, ""safeguard"": 1, ""inc"": 2, ""budget"": 8965333}"
"U(0.01,0.1), eps=1e-05",0.01,0.1,1e-05,linear,13784637,find_phi_fixed_budget_linear_search,"{""m_exploration"": 64, ""lookback_window"": 5, ""safeguard"": 1, ""inc"": 1, ""budget"": 13784637}"
"U(0.01,0.1), eps=1e-05",0.01,0.1,1e-05,linear,21194551,find_phi_fixed_budget_linear_search,"{""m_exploration"": 300, ""lookback_window"": 5, ""safeguard"": 1, ""inc"": 1, ""budget"": 21194551}"
"U(0.01,0.1), eps=1e-05",0.01,0.1,1e-05,linear,32587656,find_phi_fixed_budget_linear_search,"{""m_exploration"": 64, ""lookback_window"": 5, ""safeguard"": 1, ""inc"": 1, ""budget"": 32587656}"
"U(0.01,0.1), eps=1e-05",0.01,0.1,1e-05,linear,50105111,find_phi_fixed_budget_linear_search,"{""m_exploration"": 64, ""lookback_window"": 5, ""safeguard"": 1, ""inc"": 1, ""budget"": 50105111}"
"U(0.01,0.1), eps=1e-05",0.01,0.1,1e-05,linear,77039051,find_phi_fixed_budget_linear_search,"{""m_exploration"": 64, ""lookback_window"": 5, ""safeguard"": 1, ""inc"": 1, ""budget"": 77039051}"
"U(0.01,0.1), eps=1e-05",0.01,0.1,1e-05,linear,118451298,find_phi_fixed_budget_linear_search,"{""m_exploration"": 646, ""lookback_window"": 5, ""safeguard"": 1, ""inc"": 2, ""budget"": 118451298}"
"U(0.01,0.1), eps=1e-05",0.01,0.1,1e-05,linear,182124647,find_phi_fixed_budget_linear_search,"{""m_exploration"": 646, ""lookback_window"": 5, ""safeguard"": 1, ""inc"": 2, ""budget"": 182124647}"
"U(0.01,0.1), eps=1e-05",0.01,0.1,1e-05,linear,280025526,find_phi_fixed_budget_linear_search,"{""m_exploration"": 30000, ""lookback_window"": 5, ""safeguard"": 0, ""inc"": 2, ""budget"": 280025526}"
"U(0.01,0.1), eps=1e-05",0.01,0.1,1e-05,linear,430552900,find_phi_fixed_budget_linear_search,"{""m_exploration"": 64633, ""lookback_window"": 5, ""safeguard"": 0, ""inc"": 2, ""budget"": 430552900}"
"U(0.01,0.1), eps=1e-05",0.01,0.1,1e-05,linear,661996079,find_phi_fixed_budget_linear_search,"{""m_exploration"": 30000, ""lookback_window"": 5, ""safeguard"": 1, ""inc"": 2, ""budget"": 661996079}"
"U(0.01,0.1), eps=1e-05",0.01,0.1,1e-05,linear,1017851251,find_phi_fixed_budget_linear_search,"{""m_exploration"": 6463, ""lookback_window"": 5, ""safeguard"": 1, ""inc"": 1, ""budget"": 1017851251}"
"U(0.01,0.1), eps=1e-05",0.01,0.1,1e-05,linear,1564995930,find_phi_fixed_budget_linear_search,"{""m_exploration"": 300, ""lookback_window"": 5, ""safeguard"": 1, ""inc"": 1, ""budget"": 1564995930}"
"U(0.01,0.1), eps=1e-05",0.01,0.1,1e-05,linear,2406257553,find_phi_fixed_budget_linear_search,"{""m_exploration"": 3, ""lookback_window"": 1, ""safeguard"": 5, ""inc"": 1, ""budget"": 2406257553}"
"U(0.01,0.1), eps=1e-05",0.01,0.1,1e-05,linear,3699738318,find_phi_fixed_budget_linear_search,"{""m_exploration"": 3, ""lookback_window"": 1, ""safeguard"": 5, ""inc"": 1, ""budget"": 3699738318}"
"U(0.01,0.1), eps=1e-05",0.01,0.1,1e-05,linear,5688528067,find_phi_fixed_budget_linear_search,"{""m_exploration"": 3, ""lookback_window"": 1, ""safeguard"": 5, ""inc"": 1, ""budget"": 5688528067}"
"U(0.01,0.1), eps=1e-05",0.01,0.1,1e-05,linear,8746389280,find_phi_fixed_budget_linear_search,"{""m_exploration"": 3, ""lookback_window"": 1, ""safeguard"": 5, ""inc"": 1, ""budget"": 8746389280}"
"U(0.01,0.1), eps=1e-05",0.01,0.1,1e-05,linear,13447999999,find_phi_fixed_budget_linear_search,"{""m_exploration"": 3, ""lookback_window"": 1, ""safeguard"": 5, ""inc"": 1, ""budget"": 13447999999}"
"U(0.01,0.1), eps=1e-05",0.01,0.1,1e-05,reverse_eng,8965333,find_phi_fixed_budget_reverse_engineering,"{""m_exploration"": 3154, ""safeguard"": 0.95, ""budget"": 8965333}"
"U(0.01,0.1), eps=1e-05",0.01,0.1,1e-05,reverse_eng,13784637,find_phi_fixed_budget_reverse_engineering,"{""m_exploration"": 3154, ""safeguard"": 0.95, ""budget"": 13784637}"
"U(0.01,0.1), eps=1e-05",0.01,0.1,1e-05,reverse_eng,21194551,find_phi_fixed_budget_reverse_engineering,"{""m_exploration"": 14399, ""safeguard"": 0.95, ""budget"": 21194551}"
"U(0.01,0.1), eps=1e-05",0.01,0.1,1e-05,reverse_eng,32587656,find_phi_fixed_budget_reverse_engineering,"{""m_exploration"": 8680, ""safeguard"": 0.95, ""budget"": 32587656}"
"U(0.01,0.1), eps=1e-05",0.01,0.1,1e-05,reverse_eng,50105111,find_phi_fixed_budget_reverse_engineering,"{""m_exploration"": 8680, ""safeguard"": 0.95, ""budget"": 50105111}"
"U(0.01,0.1), eps=1e-05",0.01,0.1,1e-05,reverse_eng,77039051,find_phi_fixed_budget_reverse_engineering,"{""m_exploration"": 8680, ""safeguard"": 0.95, ""budget"": 77039051}"
"U(0.01,0.1), eps=1e-05",0.01,0.1,1e-05,reverse_eng,118451298,find_phi_fixed_budget_reverse_engineering,"{""m_exploration"": 8680, ""safeguard"": 0.95, ""budget"": 118451298}"
"U(0.01,0.1), eps=1e-05",0.01,0.1,1e-05,reverse_eng,182124647,find_phi_fixed_budget_reverse_engineering,"{""m_exploration"": 8680, ""safeguard"": 0.95, ""budget"": 182124647}"
"U(0.01,0.1), eps=1e-05",0.01,0.1,1e-05,reverse_eng,280025526,find_phi_fixed_budget_reverse_engineering,"{""m_exploration"": 8680, ""safeguard"": 0.95, ""budget"": 280025526}"
"U(0.01,0.1), eps=1e-05",0.01,0.1,1e-05,reverse_eng,430552900,find_phi_fixed_budget_reverse_engineering,"{""m_exploration"": 8680, ""safeguard"": 0.95, ""budget"": 430552900}"
"U(0.01,0.1), eps=1e-05",0.01,0.1,1e-05,reverse_eng,661996079,find_phi_fixed_budget_reverse_engineering,"{""m_exploration"": 39622, ""safeguard"": 0.95, ""budget"": 661996079}"
"U(0.01,0.1), eps=1e-05",0.01,0.1,1e-05,reverse_eng,1017851251,find_phi_fixed_budget_reverse_engineering,"{""m_exploration"": 65726, ""safeguard"": 0.95, ""budget"": 1017851251}"
"U(0.01,0.1), eps=1e-05",0.01,0.1,1e-05,reverse_eng,1564995930,find_phi_fixed_budget_reverse_engineering,"{""m_exploration"": 3154, ""safeguard"": 0.8, ""budget"": 1564995930}"
"U(0.01,0.1), eps=1e-05",0.01,0.1,1e-05,reverse_eng,2406257553,find_phi_fixed_budget_reverse_engineering,"{""m_exploration"": 1901, ""safeguard"": 0.8, ""budget"": 2406257553}"
"U(0.01,0.1), eps=1e-05",0.01,0.1,1e-05,reverse_eng,3699738318,find_phi_fixed_budget_reverse_engineering,"{""m_exploration"": 1901, ""safeguard"": 0.8, ""budget"": 3699738318}"
"U(0.01,0.1), eps=1e-05",0.01,0.1,1e-05,reverse_eng,5688528067,find_phi_fixed_budget_reverse_engineering,"{""m_exploration"": 1901, ""safeguard"": 0.8, ""budget"": 5688528067}"
"U(0.01,0.1), eps=1e-05",0.01,0.1,1e-05,reverse_eng,8746389280,find_phi_fixed_budget_reverse_engineering,"{""m_exploration"": 1901, ""safeguard"": 0.8, ""budget"": 8746389280}"
"U(0.01,0.1), eps=1e-05",0.01,0.1,1e-05,reverse_eng,13447999999,find_phi_fixed_budget_reverse_engineering,"{""m_exploration"": 1901, ""safeguard"": 0.8, ""budget"": 13447999999}"
"U(0.01,0.1), eps=1e-05",0.01,0.1,1e-05,binary,8965333,find_phi_fixed_budget_binary_search,"{""m_exploration"": 807, ""safeguard"": 2, ""conf"": 0.9, ""budget"": 8965333}"
"U(0.01,0.1), eps=1e-05",0.01,0.1,1e-05,binary,13784637,find_phi_fixed_budget_binary_search,"{""m_exploration"": 1692, ""safeguard"": 2, ""conf"": 0.9, ""budget"": 13784637}"
"U(0.01,0.1), eps=1e-05",0.01,0.1,1e-05,binary,21194551,find_phi_fixed_budget_binary_search,"{""m_exploration"": 1692, ""safeguard"": 2, ""conf"": 0.9, ""budget"": 21194551}"
"U(0.01,0.1), eps=1e-05",0.01,0.1,1e-05,binary,32587656,find_phi_fixed_budget_binary_search,"{""m_exploration"": 1692, ""safeguard"": 2, ""conf"": 0.9, ""budget"": 32587656}"
"U(0.01,0.1), eps=1e-05",0.01,0.1,1e-05,binary,50105111,find_phi_fixed_budget_binary_search,"{""m_exploration"": 1692, ""safeguard"": 2, ""conf"": 0.9, ""budget"": 50105111}"
"U(0.01,0.1), eps=1e-05",0.01,0.1,1e-05,binary,77039051,find_phi_fixed_budget_binary_search,"{""m_exploration"": 1692, ""safeguard"": 2, ""conf"": 0.9, ""budget"": 77039051}"
"U(0.01,0.1), eps=1e-05",0.01,0.1,1e-05,binary,118451298,find_phi_fixed_budget_binary_search,"{""m_exploration"": 1692, ""safeguard"": 2, ""conf"": 0.9, ""budget"": 118451298}"
"U(0.01,0.1), eps=1e-05",0.01,0.1,1e-05,binary,182124647,find_phi_fixed_budget_binary_search,"{""m_exploration"": 15565, ""safeguard"": 2, ""conf"": 0.9, ""budget"": 182124647}"
"U(0.01,0.1), eps=1e-05",0.01,0.1,1e-05,binary,280025526,find_phi_fixed_budget_binary_search,"{""m_exploration"": 15565, ""safeguard"": 2, ""conf"": 0.9, ""budget"": 280025526}"
"U(0.01,0.1), eps=1e-05",0.01,0.1,1e-05,binary,430552900,find_phi_fixed_budget_binary_search,"{""m_exploration"": 32614, ""safeguard"": 2, ""conf"": 0.9, ""budget"": 430552900}"
"U(0.01,0.1), eps=1e-05",0.01,0.1,1e-05,binary,661996079,find_phi_fixed_budget_binary_search,"{""m_exploration"": 32614, ""safeguard"": 2, ""conf"": 0.9, ""budget"": 661996079}"
"U(0.01,0.1), eps=1e-05",0.01,0.1,1e-05,binary,1017851251,find_phi_fixed_budget_binary_search,"{""m_exploration"": 32614, ""safeguard"": 2, ""conf"": 0.9, ""budget"": 1017851251}"
"U(0.01,0.1), eps=1e-05",0.01,0.1,1e-05,binary,1564995930,find_phi_fixed_budget_binary_search,"{""m_exploration"": 32614, ""safeguard"": 2, ""conf"": 0.8, ""budget"": 1564995930}"
"U(0.01,0.1), eps=1e-05",0.01,0.1,1e-05,binary,2406257553,find_phi_fixed_budget_binary_search,"{""m_exploration"": 7429, ""safeguard"": 2, ""conf"": 0.5, ""budget"": 2406257553}"
"U(0.01,0.1), eps=1e-05",0.01,0.1,1e-05,binary,3699738318,find_phi_fixed_budget_binary_search,"{""m_exploration"": 3545, ""safeguard"": 2, ""conf"": 0.5, ""budget"": 3699738318}"
"U(0.01,0.1), eps=1e-05",0.01,0.1,1e-05,binary,5688528067,find_phi_fixed_budget_binary_search,"{""m_exploration"": 3545, ""safeguard"": 2, ""conf"": 0.5, ""budget"": 5688528067}"
"U(0.01,0.1), eps=1e-05",0.01,0.1,1e-05,binary,8746389280,find_phi_fixed_budget_binary_search,"{""m_exploration"": 3545, ""safeguard"": 2, ""conf"": 0.5, ""budget"": 8746389280}"
"U(0.01,0.1), eps=1e-05",0.01,0.1,1e-05,binary,13447999999,find_phi_fixed_budget_binary_search,"{""m_exploration"": 3545, ""safeguard"": 2, ""conf"": 0.5, ""budget"": 13447999999}"
"U(0.01,0.1), eps=1e-05",0.01,0.1,1e-05,reverse_eng_risk,8965333,find_phi_fixed_budget_reverse_engineering_risk,"{""m_exploration"": 3154, ""eps_target"": 1e-05, ""budget"": 8965333}"
"U(0.01,0.1), eps=1e-05",0.01,0.1,1e-05,reverse_eng_risk,13784637,find_phi_fixed_budget_reverse_engineering_risk,"{""m_exploration"": 3154, ""eps_target"": 1e-05, ""budget"": 13784637}"
"U(0.01,0.1), eps=1e-05",0.01,0.1,1e-05,reverse_eng_risk,21194551,find_phi_fixed_budget_reverse_engineering_risk,"{""m_exploration"": 14399, ""eps_target"": 1e-05, ""budget"": 21194551}"
"U(0.01,0.1), eps=1e-05",0.01,0.1,1e-05,reverse_eng_risk,32587656,find_phi_fixed_budget_reverse_engineering_risk,"{""m_exploration"": 14399, ""eps_target"": 1e-05, ""budget"": 32587656}"
"U(0.01,0.1), eps=1e-05",0.01,0.1,1e-05,reverse_eng_risk,50105111,find_phi_fixed_budget_reverse_engineering_risk,"{""m_exploration"": 39622, ""eps_target"": 1e-05, ""budget"": 50105111}"
"U(0.01,0.1), eps=1e-05",0.01,0.1,1e-05,reverse_eng_risk,77039051,find_phi_fixed_budget_reverse_engineering_risk,"{""m_exploration"": 65726, ""eps_target"": 1e-05, ""budget"": 77039051}"
"U(0.01,0.1), eps=1e-05",0.01,0.1,1e-05,reverse_eng_risk,118451298,find_phi_fixed_budget_reverse_engineering_risk,"{""m_exploration"": 180853, ""eps_target"": 1e-05, ""budget"": 118451298}"
"U(0.01,0.1), eps=1e-05",0.01,0.1,1e-05,reverse_eng_risk,182124647,find_phi_fixed_budget_reverse_engineering_risk,"{""m_exploration"": 8680, ""eps_target"": 1e-05, ""budget"": 182124647}"
"U(0.01,0.1), eps=1e-05",0.01,0.1,1e-05,reverse_eng_risk,280025526,find_phi_fixed_budget_reverse_engineering_risk,"{""m_exploration"": 65726, ""eps_target"": 1e-05, ""budget"": 280025526}"
"U(0.01,0.1), eps=1e-05",0.01,0.1,1e-05,reverse_eng_risk,430552900,find_phi_fixed_budget_reverse_engineering_risk,"{""m_exploration"": 65726, ""eps_target"": 1e-05, ""budget"": 430552900}"
"U(0.01,0.1), eps=1e-05",0.01,0.1,1e-05,reverse_eng_risk,661996079,find_phi_fixed_budget_reverse_engineering_risk,"{""m_exploration"": 39622, ""eps_target"": 1e-05, ""budget"": 661996079}"
"U(0.01,0.1), eps=1e-05",0.01,0.1,1e-05,reverse_eng_risk,1017851251,find_phi_fixed_budget_reverse_engineering_risk,"{""m_exploration"": 8680, ""eps_target"": 1e-05, ""budget"": 1017851251}"
"U(0.01,0.1), eps=1e-05",0.01,0.1,1e-05,reverse_eng_risk,1564995930,find_phi_fixed_budget_reverse_engineering_risk,"{""m_exploration"": 1901, ""eps_target"": 1e-05, ""budget"": 1564995930}"
"U(0.01,0.1), eps=1e-05",0.01,0.1,1e-05,reverse_eng_risk,2406257553,find_phi_fixed_budget_reverse_engineering_risk,"{""m_exploration"": 20, ""eps_target"": 1e-05, ""budget"": 2406257553}"
"U(0.01,0.1), eps=1e-05",0.01,0.1,1e-05,reverse_eng_risk,3699738318,find_phi_fixed_budget_reverse_engineering_risk,"{""m_exploration"": 20, ""eps_target"": 1e-05, ""budget"": 3699738318}"
"U(0.01,0.1), eps=1e-05",0.01,0.1,1e-05,reverse_eng_risk,5688528067,find_phi_fixed_budget_reverse_engineering_risk,"{""m_exploration"": 20, ""eps_target"": 1e-05, ""budget"": 5688528067}"
"U(0.01,0.1), eps=1e-05",0.01,0.1,1e-05,reverse_eng_risk,8746389280,find_phi_fixed_budget_reverse_engineering_risk,"{""m_exploration"": 20, ""eps_target"": 1e-05, ""budget"": 8746389280}"
"U(0.01,0.1), eps=1e-05",0.01,0.1,1e-05,reverse_eng_risk,13447999999,find_phi_fixed_budget_reverse_engineering_risk,"{""m_exploration"": 20, ""eps_target"": 1e-05, ""budget"": 13447999999}"
"U(0.01,0.1), eps=1e-05",0.01,0.1,1e-05,binary_risk,8965333,find_phi_fixed_budget_binary_search_risk,"{""m_exploration"": 807, ""conf"": 0.9, ""eps_target"": 1e-05, ""budget"": 8965333}"
"U(0.01,0.1), eps=1e-05",0.01,0.1,1e-05,binary_risk,13784637,find_phi_fixed_budget_binary_search_risk,"{""m_exploration"": 1692, ""conf"": 0.9, ""eps_target"": 1e-05, ""budget"": 13784637}"
"U(0.01,0.1), eps=1e-05",0.01,0.1,1e-05,binary_risk,21194551,find_phi_fixed_budget_binary_search_risk,"{""m_exploration"": 1692, ""conf"": 0.8, ""eps_target"": 1e-05, ""budget"": 21194551}"
"U(0.01,0.1), eps=1e-05",0.01,0.1,1e-05,binary_risk,32587656,find_phi_fixed_budget_binary_search_risk,"{""m_exploration"": 1692, ""conf"": 0.8, ""eps_target"": 1e-05, ""budget"": 32587656}"
"U(0.01,0.1), eps=1e-05",0.01,0.1,1e-05,binary_risk,50105111,find_phi_fixed_budget_binary_search_risk,"{""m_exploration"": 1692, ""conf"": 0.8, ""eps_target"": 1e-05, ""budget"": 50105111}"
"U(0.01,0.1), eps=1e-05",0.01,0.1,1e-05,binary_risk,77039051,find_phi_fixed_budget_binary_search_risk,"{""m_exploration"": 1692, ""conf"": 0.8, ""eps_target"": 1e-05, ""budget"": 77039051}"
"U(0.01,0.1), eps=1e-05",0.01,0.1,1e-05,binary_risk,118451298,find_phi_fixed_budget_binary_search_risk,"{""m_exploration"": 3545, ""conf"": 0.8, ""eps_target"": 1e-05, ""budget"": 118451298}"
"U(0.01,0.1), eps=1e-05",0.01,0.1,1e-05,binary_risk,182124647,find_phi_fixed_budget_binary_search_risk,"{""m_exploration"": 15565, ""conf"": 0.9, ""eps_target"": 1e-05, ""budget"": 182124647}"
"U(0.01,0.1), eps=1e-05",0.01,0.1,1e-05,binary_risk,280025526,find_phi_fixed_budget_binary_search_risk,"{""m_exploration"": 15565, ""conf"": 0.9, ""eps_target"": 1e-05, ""budget"": 280025526}"
"U(0.01,0.1), eps=1e-05",0.01,0.1,1e-05,binary_risk,430552900,find_phi_fixed_budget_binary_search_risk,"{""m_exploration"": 32614, ""conf"": 0.9, ""eps_target"": 1e-05, ""budget"": 430552900}"
"U(0.01,0.1), eps=1e-05",0.01,0.1,1e-05,binary_risk,661996079,find_phi_fixed_budget_binary_search_risk,"{""m_exploration"": 143180, ""conf"": 0.8, ""eps_target"": 1e-05, ""budget"": 661996079}"
"U(0.01,0.1), eps=1e-05",0.01,0.1,1e-05,binary_risk,1017851251,find_phi_fixed_budget_binary_search_risk,"{""m_exploration"": 143180, ""conf"": 0.9, ""eps_target"": 1e-05, ""budget"": 1017851251}"
"U(0.01,0.1), eps=1e-05",0.01,0.1,1e-05,binary_risk,1564995930,find_phi_fixed_budget_binary_search_risk,"{""m_exploration"": 87, ""conf"": 0.5, ""eps_target"": 1e-05, ""budget"": 1564995930}"
"U(0.01,0.1), eps=1e-05",0.01,0.1,1e-05,binary_risk,2406257553,find_phi_fixed_budget_binary_search_risk,"{""m_exploration"": 87, ""conf"": 0.5, ""eps_target"": 1e-05, ""budget"": 2406257553}"
"U(0.01,0.1), eps=1e-05",0.01,0.1,1e-05,binary_risk,3699738318,find_phi_fixed_budget_binary_search_risk,"{""m_exploration"": 41, ""conf"": 0.5, ""eps_target"": 1e-05, ""budget"": 3699738318}"
"U(0.01,0.1), eps=1e-05",0.01,0.1,1e-05,binary_risk,5688528067,find_phi_fixed_budget_binary_search_risk,"{""m_exploration"": 20, ""conf"": 0.5, ""eps_target"": 1e-05, ""budget"": 5688528067}"
"U(0.01,0.1), eps=1e-05",0.01,0.1,1e-05,binary_risk,8746389280,find_phi_fixed_budget_binary_search_risk,"{""m_exploration"": 20, ""conf"": 0.5, ""eps_target"": 1e-05, ""budget"": 8746389280}"
"U(0.01,0.1), eps=1e-05",0.01,0.1,1e-05,binary_risk,13447999999,find_phi_fixed_budget_binary_search_risk,"{""m_exploration"": 20, ""conf"": 0.5, ""eps_target"": 1e-05, ""budget"": 13447999999}"
"U(0.01,0.1), eps=1e-07",0.01,0.1,1e-07,linear,89653333333,find_phi_fixed_budget_linear_search,"{""m_exploration"": 13924, ""lookback_window"": 5, ""safeguard"": 0, ""inc"": 2, ""budget"": 89653333333}"
"U(0.01,0.1), eps=1e-07",0.01,0.1,1e-07,linear,137846371567,find_phi_fixed_budget_linear_search,"{""m_exploration"": 13924, ""lookback_window"": 5, ""safeguard"": 0, ""inc"": 2, ""budget"": 137846371567}"
"U(0.01,0.1), eps=1e-07",0.01,0.1,1e-07,linear,211945517784,find_phi_fixed_budget_linear_search,"{""m_exploration"": 13924, ""lookback_window"": 5, ""safeguard"": 0, ""inc"": 2, ""budget"": 211945517784}"
"U(0.01,0.1), eps=1e-07",0.01,0.1,1e-07,linear,325876568225,find_phi_fixed_budget_linear_search,"{""m_exploration"": 13924, ""lookback_window"": 5, ""safeguard"": 0, ""inc"": 2, ""budget"": 325876568225}"
"U(0.01,0.1), eps=1e-07",0.01,0.1,1e-07,linear,501051113648,find_phi_fixed_budget_linear_search,"{""m_exploration"": 300000, ""lookback_window"": 5, ""safeguard"": 0, ""inc"": 2, ""budget"": 501051113648}"
"U(0.01,0.1), eps=1e-07",0.01,0.1,1e-07,linear,770390518885,find_phi_fixed_budget_linear_search,"{""m_exploration"": 64633, ""lookback_window"": 5, ""safeguard"": 0, ""inc"": 2, ""budget"": 770390518885}"
"U(0.01,0.1), eps=1e-07",0.01,0.1,1e-07,linear,1184512987641,find_phi_fixed_budget_linear_search,"{""m_exploration"": 64633, ""lookback_window"": 5, ""safeguard"": 0, ""inc"": 2, ""budget"": 1184512987641}"
"U(0.01,0.1), eps=1e-07",0.01,0.1,1e-07,linear,1821246476295,find_phi_fixed_budget_linear_search,"{""m_exploration"": 64633, ""lookback_window"": 5, ""safeguard"": 0, ""inc"": 2, ""budget"": 1821246476295}"
"U(0.01,0.1), eps=1e-07",0.01,0.1,1e-07,linear,2800255262733,find_phi_fixed_budget_linear_search,"{""m_exploration"": 64633, ""lookback_window"": 5, ""safeguard"": 0, ""inc"": 2, ""budget"": 2800255262733}"
"U(0.01,0.1), eps=1e-07",0.01,0.1,1e-07,linear,4305529009129,find_phi_fixed_budget_linear_search,"{""m_exploration"": 300000, ""lookback_window"": 5, ""safeguard"": 0, ""inc"": 2, ""budget"": 4305529009129}"
"U(0.01,0.1), eps=1e-07",0.01,0.1,1e-07,linear,6619960792559,find_phi_fixed_budget_linear_search,"{""m_exploration"": 300000, ""lookback_window"": 5, ""safeguard"": 0, ""inc"": 2, ""budget"": 6619960792559}"
"U(0.01,0.1), eps=1e-07",0.01,0.1,1e-07,linear,10178512513120,find_phi_fixed_budget_linear_search,"{""m_exploration"": 6463, ""lookback_window"": 5, ""safeguard"": 1, ""inc"": 1, ""budget"": 10178512513120}"
"U(0.01,0.1), eps=1e-07",0.01,0.1,1e-07,linear,15649959301297,find_phi_fixed_budget_linear_search,"{""m_exploration"": 300, ""lookback_window"": 5, ""safeguard"": 1, ""inc"": 1, ""budget"": 15649959301297}"
"U(0.01,0.1), eps=1e-07",0.01,0.1,1e-07,linear,24062575530223,find_phi_fixed_budget_linear_search,"{""m_exploration"": 3, ""lookback_window"": 1, ""safeguard"": 5, ""inc"": 1, ""budget"": 24062575530223}"
"U(0.01,0.1), eps=1e-07",0.01,0.1,1e-07,linear,36997383188063,find_phi_fixed_budget_linear_search,"{""m_exploration"": 3, ""lookback_window"": 1, ""safeguard"": 5, ""inc"": 1, ""budget"": 36997383188063}"
"U(0.01,0.1), eps=1e-07",0.01,0.1,1e-07,linear,56885280673514,find_phi_fixed_budget_linear_search,"{""m_exploration"": 3, ""lookback_window"": 1, ""safeguard"": 5, ""inc"": 1, ""budget"": 56885280673514}"
"U(0.01,0.1), eps=1e-07",0.01,0.1,1e-07,linear,87463892807113,find_phi_fixed_budget_linear_search,"{""m_exploration"": 3, ""lookback_window"": 1, ""safeguard"": 5, ""inc"": 1, ""budget"": 87463892807113}"
"U(0.01,0.1), eps=1e-07",0.01,0.1,1e-07,linear,134480000000000,find_phi_fixed_budget_linear_search,"{""m_exploration"": 3, ""lookback_window"": 1, ""safeguard"": 5, ""inc"": 1, ""budget"": 134480000000000}"
"U(0.01,0.1), eps=1e-07",0.01,0.1,1e-07,reverse_eng,89653333333,find_phi_fixed_budget_reverse_engineering,"{""m_exploration"": 180853, ""safeguard"": 0.95, ""budget"": 89653333333}"
"U(0.01,0.1), eps=1e-07",0.01,0.1,1e-07,reverse_eng,137846371567,find_phi_fixed_budget_reverse_engineering,"{""m_exploration"": 180853, ""safeguard"": 0.95, ""budget"": 137846371567}"
"U(0.01,0.1), eps=1e-07",0.01,0.1,1e-07,reverse_eng,211945517784,find_phi_fixed_budget_reverse_engineering,"{""m_exploration"": 180853, ""safeguard"": 0.95, ""budget"": 211945517784}"
"U(0.01,0.1), eps=1e-07",0.01,0.1,1e-07,reverse_eng,325876568225,find_phi_fixed_budget_reverse_engineering,"{""m_exploration"": 14399, ""safeguard"": 0.95, ""budget"": 325876568225}"
"U(0.01,0.1), eps=1e-07",0.01,0.1,1e-07,reverse_eng,501051113648,find_phi_fixed_budget_reverse_engineering,"{""m_exploration"": 8680, ""safeguard"": 0.95, ""budget"": 501051113648}"
"U(0.01,0.1), eps=1e-07",0.01,0.1,1e-07,reverse_eng,770390518885,find_phi_fixed_budget_reverse_engineering,"{""m_exploration"": 8680, ""safeguard"": 0.95, ""budget"": 770390518885}"
"U(0.01,0.1), eps=1e-07",0.01,0.1,1e-07,reverse_eng,1184512987641,find_phi_fixed_budget_reverse_engineering,"{""m_exploration"": 8680, ""safeguard"": 0.95, ""budget"": 1184512987641}"
"U(0.01,0.1), eps=1e-07",0.01,0.1,1e-07,reverse_eng,1821246476295,find_phi_fixed_budget_reverse_engineering,"{""m_exploration"": 8680, ""safeguard"": 0.95, ""budget"": 1821246476295}"
"U(0.01,0.1), eps=1e-07",0.01,0.1,1e-07,reverse_eng,2800255262733,find_phi_fixed_budget_reverse_engineering,"{""m_exploration"": 8680, ""safeguard"": 0.95, ""budget"": 2800255262733}"
"U(0.01,0.1), eps=1e-07",0.01,0.1,1e-07,reverse_eng,4305529009129,find_phi_fixed_budget_reverse_engineering,"{""m_exploration"": 8680, ""safeguard"": 0.95, ""budget"": 4305529009129}"
"U(0.01,0.1), eps=1e-07",0.01,0.1,1e-07,reverse_eng,6619960792559,find_phi_fixed_budget_reverse_engineering,"{""m_exploration"": 39622, ""safeguard"": 0.95, ""budget"": 6619960792559}"
"U(0.01,0.1), eps=1e-07",0.01,0.1,1e-07,reverse_eng,10178512513120,find_phi_fixed_budget_reverse_engineering,"{""m_exploration"": 39622, ""safeguard"": 0.95, ""budget"": 10178512513120}"
"U(0.01,0.1), eps=1e-07",0.01,0.1,1e-07,reverse_eng,15649959301297,find_phi_fixed_budget_reverse_engineering,"{""m_exploration"": 3154, ""safeguard"": 0.8, ""budget"": 15649959301297}"
"U(0.01,0.1), eps=1e-07",0.01,0.1,1e-07,reverse_eng,24062575530223,find_phi_fixed_budget_reverse_engineering,"{""m_exploration"": 1901, ""safeguard"": 0.8, ""budget"": 24062575530223}"
"U(0.01,0.1), eps=1e-07",0.01,0.1,1e-07,reverse_eng,36997383188063,find_phi_fixed_budget_reverse_engineering,"{""m_exploration"": 1901, ""safeguard"": 0.8, ""budget"": 36997383188063}"
"U(0.01,0.1), eps=1e-07",0.01,0.1,1e-07,reverse_eng,56885280673514,find_phi_fixed_budget_reverse_engineering,"{""m_exploration"": 1901, ""safeguard"": 0.8, ""budget"": 56885280673514}"
"U(0.01,0.1), eps=1e-07",0.01,0.1,1e-07,reverse_eng,87463892807113,find_phi_fixed_budget_reverse_engineering,"{""m_exploration"": 1901, ""safeguard"": 0.8, ""budget"": 87463892807113}"
"U(0.01,0.1), eps=1e-07",0.01,0.1,1e-07,reverse_eng,134480000000000,find_phi_fixed_budget_reverse_engineering,"{""m_exploration"": 1901, ""safeguard"": 0.8, ""budget"": 134480000000000}"
"U(0.01,0.1), eps=1e-07",0.01,0.1,1e-07,binary,89653333333,find_phi_fixed_budget_binary_search,"{""m_exploration"": 300000, ""safeguard"": 1, ""conf"": 0.9, ""budget"": 89653333333}"
"U(0.01,0.1), eps=1e-07",0.01,0.1,1e-07,binary,137846371567,find_phi_fixed_budget_binary_search,"{""m_exploration"": 143180, ""safeguard"": 1, ""conf"": 0.9, ""budget"": 137846371567}"
"U(0.01,0.1), eps=1e-07",0.01,0.1,1e-07,binary,211945517784,find_phi_fixed_budget_binary_search,"{""m_exploration"": 300000, ""safeguard"": 1, ""conf"": 0.9, ""budget"": 211945517784}"
"U(0.01,0.1), eps=1e-07",0.01,0.1,1e-07,binary,325876568225,find_phi_fixed_budget_binary_search,"{""m_exploration"": 300000, ""safeguard"": 1, ""conf"": 0.9, ""budget"": 325876568225}"
"U(0.01,0.1), eps=1e-07",0.01,0.1,1e-07,binary,501051113648,find_phi_fixed_budget_binary_search,"{""m_exploration"": 300000, ""safeguard"": 1, ""conf"": 0.9, ""budget"": 501051113648}"
"U(0.01,0.1), eps=1e-07",0.01,0.1,1e-07,binary,770390518885,find_phi_fixed_budget_binary_search,"{""m_exploration"": 300000, ""safeguard"": 1, ""conf"": 0.9, ""budget"": 770390518885}"
"U(0.01,0.1), eps=1e-07",0.01,0.1,1e-07,binary,1184512987641,find_phi_fixed_budget_binary_search,"{""m_exploration"": 300000, ""safeguard"": 1, ""conf"": 0.9, ""budget"": 1184512987641}"
"U(0.01,0.1), eps=1e-07",0.01,0.1,1e-07,binary,1821246476295,find_phi_fixed_budget_binary_search,"{""m_exploration"": 300000, ""safeguard"": 1, ""conf"": 0.9, ""budget"": 1821246476295}"
"U(0.01,0.1), eps=1e-07",0.01,0.1,1e-07,binary,2800255262733,find_phi_fixed_budget_binary_search,"{""m_exploration"": 300000, ""safeguard"": 1, ""conf"": 0.9, ""budget"": 2800255262733}"
"U(0.01,0.1), eps=1e-07",0.01,0.1,1e-07,binary,4305529009129,find_phi_fixed_budget_binary_search,"{""m_exploration"": 32614, ""safeguard"": 2, ""conf"": 0.9, ""budget"": 4305529009129}"
"U(0.01,0.1), eps=1e-07",0.01,0.1,1e-07,binary,6619960792559,find_phi_fixed_budget_binary_search,"{""m_exploration"": 143180, ""safeguard"": 2, ""conf"": 0.9, ""budget"": 6619960792559}"
"U(0.01,0.1), eps=1e-07",0.01,0.1,1e-07,binary,10178512513120,find_phi_fixed_budget_binary_search,"{""m_exploration"": 68335, ""safeguard"": 2, ""conf"": 0.9, ""budget"": 10178512513120}"
"U(0.01,0.1), eps=1e-07",0.01,0.1,1e-07,binary,15649959301297,find_phi_fixed_budget_binary_search,"{""m_exploration"": 7429, ""safeguard"": 2, ""conf"": 0.8, ""budget"": 15649959301297}"
"U(0.01,0.1), eps=1e-07",0.01,0.1,1e-07,binary,24062575530223,find_phi_fixed_budget_binary_search,"{""m_exploration"": 7429, ""safeguard"": 2, ""conf"": 0.5, ""budget"": 24062575530223}"
"U(0.01,0.1), eps=1e-07",0.01,0.1,1e-07,binary,36997383188063,find_phi_fixed_budget_binary_search,"{""m_exploration"": 3545, ""safeguard"": 2, ""conf"": 0.5, ""budget"": 36997383188063}"
"U(0.01,0.1), eps=1e-07",0.01,0.1,1e-07,binary,56885280673514,find_phi_fixed_budget_binary_search,"{""m_exploration"": 3545, ""safeguard"": 2, ""conf"": 0.5, ""budget"": 56885280673514}"
"U(0.01,0.1), eps=1e-07",0.01,0.1,1e-07,binary,87463892807113,find_phi_fixed_budget_binary_search,"{""m_exploration"": 3545, ""safeguard"": 2, ""conf"": 0.5, ""budget"": 87463892807113}"
"U(0.01,0.1), eps=1e-07",0.01,0.1,1e-07,binary,134480000000000,find_phi_fixed_budget_binary_search,"{""m_exploration"": 3545, ""safeguard"": 2, ""conf"": 0.5, ""budget"": 134480000000000}"
"U(0.01,0.1), eps=1e-07",0.01,0.1,1e-07,reverse_eng_risk,89653333333,find_phi_fixed_budget_reverse_engineering_risk,"{""m_exploration"": 180853, ""eps_target"": 1e-07, ""budget"": 89653333333}"
"U(0.01,0.1), eps=1e-07",0.01,0.1,1e-07,reverse_eng_risk,137846371567,find_phi_fixed_budget_reverse_engineering_risk,"{""m_exploration"": 300000, ""eps_target"": 1e-07, ""budget"": 137846371567}"
"U(0.01,0.1), eps=1e-07",0.01,0.1,1e-07,reverse_eng_risk,211945517784,find_phi_fixed_budget_reverse_engineering_risk,"{""m_exploration"": 180853, ""eps_target"": 1e-07, ""budget"": 211945517784}"
"U(0.01,0.1), eps=1e-07",0.01,0.1,1e-07,reverse_eng_risk,325876568225,find_phi_fixed_budget_reverse_engineering_risk,"{""m_exploration"": 180853, ""eps_target"": 1e-07, ""budget"": 325876568225}"
"U(0.01,0.1), eps=1e-07",0.01,0.1,1e-07,reverse_eng_risk,501051113648,find_phi_fixed_budget_reverse_engineering_risk,"{""m_exploration"": 180853, ""eps_target"": 1e-07, ""budget"": 501051113648}"
"U(0.01,0.1), eps=1e-07",0.01,0.1,1e-07,reverse_eng_risk,770390518885,find_phi_fixed_budget_reverse_engineering_risk,"{""m_exploration"": 8680, ""eps_target"": 1e-07, ""budget"": 770390518885}"
"U(0.01,0.1), eps=1e-07",0.01,0.1,1e-07,reverse_eng_risk,1184512987641,find_phi_fixed_budget_reverse_engineering_risk,"{""m_exploration"": 8680, ""eps_target"": 1e-07, ""budget"": 1184512987641}"
"U(0.01,0.1), eps=1e-07",0.01,0.1,1e-07,reverse_eng_risk,1821246476295,find_phi_fixed_budget_reverse_engineering_risk,"{""m_exploration"": 8680, ""eps_target"": 1e-07, ""budget"": 1821246476295}"
"U(0.01,0.1), eps=1e-07",0.01,0.1,1e-07,reverse_eng_risk,2800255262733,find_phi_fixed_budget_reverse_engineering_risk,"{""m_exploration"": 3154, ""eps_target"": 1e-07, ""budget"": 2800255262733}"
"U(0.01,0.1), eps=1e-07",0.01,0.1,1e-07,reverse_eng_risk,4305529009129,find_phi_fixed_budget_reverse_engineering_risk,"{""m_exploration"": 3154, ""eps_target"": 1e-07, ""budget"": 4305529009129}"
"U(0.01,0.1), eps=1e-07",0.01,0.1,1e-07,reverse_eng_risk,6619960792559,find_phi_fixed_budget_reverse_engineering_risk,"{""m_exploration"": 3154, ""eps_target"": 1e-07, ""budget"": 6619960792559}"
"U(0.01,0.1), eps=1e-07",0.01,0.1,1e-07,reverse_eng_risk,10178512513120,find_phi_fixed_budget_reverse_engineering_risk,"{""m_exploration"": 8680, ""eps_target"": 1e-07, ""budget"": 10178512513120}"
"U(0.01,0.1), eps=1e-07",0.01,0.1,1e-07,reverse_eng_risk,15649959301297,find_phi_fixed_budget_reverse_engineering_risk,"{""m_exploration"": 1901, ""eps_target"": 1e-07, ""budget"": 15649959301297}"
"U(0.01,0.1), eps=1e-07",0.01,0.1,1e-07,reverse_eng_risk,24062575530223,find_phi_fixed_budget_reverse_engineering_risk,"{""m_exploration"": 20, ""eps_target"": 1e-07, ""budget"": 24062575530223}"
"U(0.01,0.1), eps=1e-07",0.01,0.1,1e-07,reverse_eng_risk,36997383188063,find_phi_fixed_budget_reverse_engineering_risk,"{""m_exploration"": 20, ""eps_target"": 1e-07, ""budget"": 36997383188063}"
"U(0.01,0.1), eps=1e-07",0.01,0.1,1e-07,reverse_eng_risk,56885280673514,find_phi_fixed_budget_reverse_engineering_risk,"{""m_exploration"": 20, ""eps_target"": 1e-07, ""budget"": 56885280673514}"
"U(0.01,0.1), eps=1e-07",0.01,0.1,1e-07,reverse_eng_risk,87463892807113,find_phi_fixed_budget_reverse_engineering_risk,"{""m_exploration"": 20, ""eps_target"": 1e-07, ""budget"": 87463892807113}"
"U(0.01,0.1), eps=1e-07",0.01,0.1,1e-07,reverse_eng_risk,134480000000000,find_phi_fixed_budget_reverse_engineering_risk,"{""m_exploration"": 20, ""eps_target"": 1e-07, ""budget"": 134480000000000}"
"U(0.01,0.1), eps=1e-07",0.01,0.1,1e-07,binary_risk,89653333333,find_phi_fixed_budget_binary_search_risk,"{""m_exploration"": 300000, ""conf"": 0.8, ""eps_target"": 1e-07, ""budget"": 89653333333}"
"U(0.01,0.1), eps=1e-07",0.01,0.1,1e-07,binary_risk,137846371567,find_phi_fixed_budget_binary_search_risk,"{""m_exploration"": 300000, ""conf"": 0.9, ""eps_target"": 1e-07, ""budget"": 137846371567}"
"U(0.01,0.1), eps=1e-07",0.01,0.1,1e-07,binary_risk,211945517784,find_phi_fixed_budget_binary_search_risk,"{""m_exploration"": 300000, ""conf"": 0.8, ""eps_target"": 1e-07, ""budget"": 211945517784}"
"U(0.01,0.1), eps=1e-07",0.01,0.1,1e-07,binary_risk,325876568225,find_phi_fixed_budget_binary_search_risk,"{""m_exploration"": 300000, ""conf"": 0.9, ""eps_target"": 1e-07, ""budget"": 325876568225}"
"U(0.01,0.1), eps=1e-07",0.01,0.1,1e-07,binary_risk,501051113648,find_phi_fixed_budget_binary_search_risk,"{""m_exploration"": 300000, ""conf"": 0.9, ""eps_target"": 1e-07, ""budget"": 501051113648}"
"U(0.01,0.1), eps=1e-07",0.01,0.1,1e-07,binary_risk,770390518885,find_phi_fixed_budget_binary_search_risk,"{""m_exploration"": 300000, ""conf"": 0.9, ""eps_target"": 1e-07, ""budget"": 770390518885}"
"U(0.01,0.1), eps=1e-07",0.01,0.1,1e-07,binary_risk,1184512987641,find_phi_fixed_budget_binary_search_risk,"{""m_exploration"": 300000, ""conf"": 0.9, ""eps_target"": 1e-07, ""budget"": 1184512987641}"
"U(0.01,0.1), eps=1e-07",0.01,0.1,1e-07,binary_risk,1821246476295,find_phi_fixed_budget_binary_search_risk,"{""m_exploration"": 300000, ""conf"": 0.9, ""eps_target"": 1e-07, ""budget"": 1821246476295}"
"U(0.01,0.1), eps=1e-07",0.01,0.1,1e-07,binary_risk,2800255262733,find_phi_fixed_budget_binary_search_risk,"{""m_exploration"": 300000, ""conf"": 0.9, ""eps_target"": 1e-07, ""budget"": 2800255262733}"
"U(0.01,0.1), eps=1e-07",0.01,0.1,1e-07,binary_risk,4305529009129,find_phi_fixed_budget_binary_search_risk,"{""m_exploration"": 143180, ""conf"": 0.8, ""eps_target"": 1e-07, ""budget"": 4305529009129}"
"U(0.01,0.1), eps=1e-07",0.01,0.1,1e-07,binary_risk,6619960792559,find_phi_fixed_budget_binary_search_risk,"{""m_exploration"": 143180, ""conf"": 0.5, ""eps_target"": 1e-07, ""budget"": 6619960792559}"
"U(0.01,0.1), eps=1e-07",0.01,0.1,1e-07,binary_risk,10178512513120,find_phi_fixed_budget_binary_search_risk,"{""m_exploration"": 68335, ""conf"": 0.5, ""eps_target"": 1e-07, ""budget"": 10178512513120}"
"U(0.01,0.1), eps=1e-07",0.01,0.1,1e-07,binary_risk,15649959301297,find_phi_fixed_budget_binary_search_risk,"{""m_exploration"": 32614, ""conf"": 0.5, ""eps_target"": 1e-07, ""budget"": 15649959301297}"
"U(0.01,0.1), eps=1e-07",0.01,0.1,1e-07,binary_risk,24062575530223,find_phi_fixed_budget_binary_search_risk,"{""m_exploration"": 87, ""conf"": 0.5, ""eps_target"": 1e-07, ""budget"": 24062575530223}"
"U(0.01,0.1), eps=1e-07",0.01,0.1,1e-07,binary_risk,36997383188063,find_phi_fixed_budget_binary_search_risk,"{""m_exploration"": 41, ""conf"": 0.5, ""eps_target"": 1e-07, ""budget"": 36997383188063}"
"U(0.01,0.1), eps=1e-07",0.01,0.1,1e-07,binary_risk,56885280673514,find_phi_fixed_budget_binary_search_risk,"{""m_exploration"": 20, ""conf"": 0.5, ""eps_target"": 1e-07, ""budget"": 56885280673514}"
"U(0.01,0.1), eps=1e-07",0.01,0.1,1e-07,binary_risk,87463892807113,find_phi_fixed_budget_binary_search_risk,"{""m_exploration"": 20, ""conf"": 0.5, ""eps_target"": 1e-07, ""budget"": 87463892807113}"
"U(0.01,0.1), eps=1e-07",0.01,0.1,1e-07,binary_risk,134480000000000,find_phi_fixed_budget_binary_search_risk,"{""m_exploration"": 20, ""conf"": 0.5, ""eps_target"": 1e-07, ""budget"": 134480000000000}"
"U(0.01,0.1), eps=1e-08",0.01,0.1,1e-08,linear,8965333333333,find_phi_fixed_budget_linear_search,"{""m_exploration"": 13924, ""lookback_window"": 5, ""safeguard"": 0, ""inc"": 2, ""budget"": 8965333333333}"
"U(0.01,0.1), eps=1e-08",0.01,0.1,1e-08,linear,13784637156792,find_phi_fixed_budget_linear_search,"{""m_exploration"": 13924, ""lookback_window"": 5, ""safeguard"": 0, ""inc"": 2, ""budget"": 13784637156792}"
"U(0.01,0.1), eps=1e-08",0.01,0.1,1e-08,linear,21194551778453,find_phi_fixed_budget_linear_search,"{""m_exploration"": 13924, ""lookback_window"": 5, ""safeguard"": 0, ""inc"": 2, ""budget"": 21194551778453}"
"U(0.01,0.1), eps=1e-08",0.01,0.1,1e-08,linear,32587656822595,find_phi_fixed_budget_linear_search,"{""m_exploration"": 300000, ""lookback_window"": 5, ""safeguard"": 0, ""inc"": 2, ""budget"": 32587656822595}"
"U(0.01,0.1), eps=1e-08",0.01,0.1,1e-08,linear,50105111364837,find_phi_fixed_budget_linear_search,"{""m_exploration"": 300000, ""lookback_window"": 5, ""safeguard"": 0, ""inc"": 2, ""budget"": 50105111364837}"
"U(0.01,0.1), eps=1e-08",0.01,0.1,1e-08,linear,77039051888567,find_phi_fixed_budget_linear_search,"{""m_exploration"": 64633, ""lookback_window"": 5, ""safeguard"": 0, ""inc"": 2, ""budget"": 77039051888567}"
"U(0.01,0.1), eps=1e-08",0.01,0.1,1e-08,linear,118451298764191,find_phi_fixed_budget_linear_search,"{""m_exploration"": 64633, ""lookback_window"": 5, ""safeguard"": 0, ""inc"": 2, ""budget"": 118451298764191}"
"U(0.01,0.1), eps=1e-08",0.01,0.1,1e-08,linear,182124647629598,find_phi_fixed_budget_linear_search,"{""m_exploration"": 64633, ""lookback_window"": 5, ""safeguard"": 0, ""inc"": 2, ""budget"": 182124647629598}"
"U(0.01,0.1), eps=1e-08",0.01,0.1,1e-08,linear,280025526273357,find_phi_fixed_budget_linear_search,"{""m_exploration"": 64633, ""lookback_window"": 5, ""safeguard"": 0, ""inc"": 2, ""budget"": 280025526273357}"
"U(0.01,0.1), eps=1e-08",0.01,0.1,1e-08,linear,430552900912940,find_phi_fixed_budget_linear_search,"{""m_exploration"": 300000, ""lookback_window"": 5, ""safeguard"": 0, ""inc"": 2, ""budget"": 430552900912940}"
"U(0.01,0.1), eps=1e-08",0.01,0.1,1e-08,linear,661996079255956,find_phi_fixed_budget_linear_search,"{""m_exploration"": 300000, ""lookback_window"": 5, ""safeguard"": 0, ""inc"": 2, ""budget"": 661996079255956}"
"U(0.01,0.1), eps=1e-08",0.01,0.1,1e-08,linear,1017851251312025,find_phi_fixed_budget_linear_search,"{""m_exploration"": 6463, ""lookback_window"": 5, ""safeguard"": 1, ""inc"": 1, ""budget"": 1017851251312025}"
"U(0.01,0.1), eps=1e-08",0.01,0.1,1e-08,linear,1564995930129799,find_phi_fixed_budget_linear_search,"{""m_exploration"": 300, ""lookback_window"": 5, ""safeguard"": 1, ""inc"": 1, ""budget"": 1564995930129799}"
"U(0.01,0.1), eps=1e-08",0.01,0.1,1e-08,linear,2406257553022374,find_phi_fixed_budget_linear_search,"{""m_exploration"": 3, ""lookback_window"": 1, ""safeguard"": 5, ""inc"": 1, ""budget"": 2406257553022374}"
"U(0.01,0.1), eps=1e-08",0.01,0.1,1e-08,linear,3699738318806362,find_phi_fixed_budget_linear_search,"{""m_exploration"": 3, ""lookback_window"": 1, ""safeguard"": 5, ""inc"": 1, ""budget"": 3699738318806362}"
"U(0.01,0.1), eps=1e-08",0.01,0.1,1e-08,linear,5688528067351421,find_phi_fixed_budget_linear_search,"{""m_exploration"": 3, ""lookback_window"": 1, ""safeguard"": 5, ""inc"": 1, ""budget"": 5688528067351421}"
"U(0.01,0.1), eps=1e-08",0.01,0.1,1e-08,linear,8746389280711323,find_phi_fixed_budget_linear_search,"{""m_exploration"": 3, ""lookback_window"": 1, ""safeguard"": 5, ""inc"": 1, ""budget"": 8746389280711323}"
"U(0.01,0.1), eps=1e-08",0.01,0.1,1e-08,linear,13447999999999998,find_phi_fixed_budget_linear_search,"{""m_exploration"": 3, ""lookback_window"": 1, ""safeguard"": 5, ""inc"": 1, ""budget"": 13447999999999998}"
"U(0.01,0.1), eps=1e-08",0.01,0.1,1e-08,reverse_eng,8965333333333,find_phi_fixed_budget_reverse_engineering,"{""m_exploration"": 180853, ""safeguard"": 0.95, ""budget"": 8965333333333}"
"U(0.01,0.1), eps=1e-08",0.01,0.1,1e-08,reverse_eng,13784637156792,find_phi_fixed_budget_reverse_engineering,"{""m_exploration"": 180853, ""safeguard"": 0.95, ""budget"": 13784637156792}"
"U(0.01,0.1), eps=1e-08",0.01,0.1,1e-08,reverse_eng,21194551778453,find_phi_fixed_budget_reverse_engineering,"{""m_exploration"": 180853, ""safeguard"": 0.95, ""budget"": 21194551778453}"
"U(0.01,0.1), eps=1e-08",0.01,0.1,1e-08,reverse_eng,32587656822595,find_phi_fixed_budget_reverse_engineering,"{""m_exploration"": 14399, ""safeguard"": 0.95, ""budget"": 32587656822595}"
"U(0.01,0.1), eps=1e-08",0.01,0.1,1e-08,reverse_eng,50105111364837,find_phi_fixed_budget_reverse_engineering,"{""m_exploration"": 8680, ""safeguard"": 0.95, ""budget"": 50105111364837}"
"U(0.01,0.1), eps=1e-08",0.01,0.1,1e-08,reverse_eng,77039051888567,find_phi_fixed_budget_reverse_engineering,"{""m_exploration"": 8680, ""safeguard"": 0.95, ""budget"": 77039051888567}"
"U(0.01,0.1), eps=1e-08",0.01,0.1,1e-08,reverse_eng,118451298764191,find_phi_fixed_budget_reverse_engineering,"{""m_exploration"": 8680, ""safeguard"": 0.95, ""budget"": 118451298764191}"
"U(0.01,0.1), eps=1e-08",0.01,0.1,1e-08,reverse_eng,182124647629598,find_phi_fixed_budget_reverse_engineering,"{""m_exploration"": 8680, ""safeguard"": 0.95, ""budget"": 182124647629598}"
"U(0.01,0.1), eps=1e-08",0.01,0.1,1e-08,reverse_eng,280025526273357,find_phi_fixed_budget_reverse_engineering,"{""m_exploration"": 8680, ""safeguard"": 0.95, ""budget"": 280025526273357}"
"U(0.01,0.1), eps=1e-08",0.01,0.1,1e-08,reverse_eng,430552900912940,find_phi_fixed_budget_reverse_engineering,"{""m_exploration"": 8680, ""safeguard"": 0.95, ""budget"": 430552900912940}"
"U(0.01,0.1), eps=1e-08",0.01,0.1,1e-08,reverse_eng,661996079255956,find_phi_fixed_budget_reverse_engineering,"{""m_exploration"": 39622, ""safeguard"": 0.95, ""budget"": 661996079255956}"
"U(0.01,0.1), eps=1e-08",0.01,0.1,1e-08,reverse_eng,1017851251312025,find_phi_fixed_budget_reverse_engineering,"{""m_exploration"": 39622, ""safeguard"": 0.95, ""budget"": 1017851251312025}"
"U(0.01,0.1), eps=1e-08",0.01,0.1,1e-08,reverse_eng,1564995930129799,find_phi_fixed_budget_reverse_engineering,"{""m_exploration"": 3154, ""safeguard"": 0.8, ""budget"": 1564995930129799}"
"U(0.01,0.1), eps=1e-08",0.01,0.1,1e-08,reverse_eng,2406257553022374,find_phi_fixed_budget_reverse_engineering,"{""m_exploration"": 1901, ""safeguard"": 0.8, ""budget"": 2406257553022374}"
"U(0.01,0.1), eps=1e-08",0.01,0.1,1e-08,reverse_eng,3699738318806362,find_phi_fixed_budget_reverse_engineering,"{""m_exploration"": 1901, ""safeguard"": 0.8, ""budget"": 3699738318806362}"
"U(0.01,0.1), eps=1e-08",0.01,0.1,1e-08,reverse_eng,5688528067351421,find_phi_fixed_budget_reverse_engineering,"{""m_exploration"": 1901, ""safeguard"": 0.8, ""budget"": 5688528067351421}"
"U(0.01,0.1), eps=1e-08",0.01,0.1,1e-08,reverse_eng,8746389280711323,find_phi_fixed_budget_reverse_engineering,"{""m_exploration"": 1901, ""safeguard"": 0.8, ""budget"": 8746389280711323}"
"U(0.01,0.1), eps=1e-08",0.01,0.1,1e-08,reverse_eng,13447999999999998,find_phi_fixed_budget_reverse_engineering,"{""m_exploration"": 1901, ""safeguard"": 0.8, ""budget"": 13447999999999998}"
"U(0.01,0.1), eps=1e-08",0.01,0.1,1e-08,binary,8965333333333,find_phi_fixed_budget_binary_search,"{""m_exploration"": 300000, ""safeguard"": 1, ""conf"": 0.9, ""budget"": 8965333333333}"
"U(0.01,0.1), eps=1e-08",0.01,0.1,1e-08,binary,13784637156792,find_phi_fixed_budget_binary_search,"{""m_exploration"": 143180, ""safeguard"": 1, ""conf"": 0.9, ""budget"": 13784637156792}"
"U(0.01,0.1), eps=1e-08",0.01,0.1,1e-08,binary,21194551778453,find_phi_fixed_budget_binary_search,"{""m_exploration"": 300000, ""safeguard"": 1, ""conf"": 0.9, ""budget"": 21194551778453}"
"U(0.01,0.1), eps=1e-08",0.01,0.1,1e-08,binary,32587656822595,find_phi_fixed_budget_binary_search,"{""m_exploration"": 300000, ""safeguard"": 1, ""conf"": 0.9, ""budget"": 32587656822595}"
"U(0.01,0.1), eps=1e-08",0.01,0.1,1e-08,binary,50105111364837,find_phi_fixed_budget_binary_search,"{""m_exploration"": 300000, ""safeguard"": 1, ""conf"": 0.9, ""budget"": 50105111364837}"
"U(0.01,0.1), eps=1e-08",0.01,0.1,1e-08,binary,77039051888567,find_phi_fixed_budget_binary_search,"{""m_exploration"": 300000, ""safeguard"": 1, ""conf"": 0.9, ""budget"": 77039051888567}"
"U(0.01,0.1), eps=1e-08",0.01,0.1,1e-08,binary,118451298764191,find_phi_fixed_budget_binary_search,"{""m_exploration"": 300000, ""safeguard"": 1, ""conf"": 0.9, ""budget"": 118451298764191}"
"U(0.01,0.1), eps=1e-08",0.01,0.1,1e-08,binary,182124647629598,find_phi_fixed_budget_binary_search,"{""m_exploration"": 300000, ""safeguard"": 1, ""conf"": 0.9, ""budget"": 182124647629598}"
"U(0.01,0.1), eps=1e-08",0.01,0.1,1e-08,binary,280025526273357,find_phi_fixed_budget_binary_search,"{""m_exploration"": 300000, ""safeguard"": 1, ""conf"": 0.9, ""budget"": 280025526273357}"
"U(0.01,0.1), eps=1e-08",0.01,0.1,1e-08,binary,430552900912940,find_phi_fixed_budget_binary_search,"{""m_exploration"": 32614, ""safeguard"": 2, ""conf"": 0.9, ""budget"": 430552900912940}"
"U(0.01,0.1), eps=1e-08",0.01,0.1,1e-08,binary,661996079255956,find_phi_fixed_budget_binary_search,"{""m_exploration"": 143180, ""safeguard"": 2, ""conf"": 0.9, ""budget"": 661996079255956}"
"U(0.01,0.1), eps=1e-08",0.01,0.1,1e-08,binary,1017851251312025,find_phi_fixed_budget_binary_search,"{""m_exploration"": 68335, ""safeguard"": 2, ""conf"": 0.9, ""budget"": 1017851251312025}"
"U(0.01,0.1), eps=1e-08",0.01,0.1,1e-08,binary,1564995930129799,find_phi_fixed_budget_binary_search,"{""m_exploration"": 7429, ""safeguard"": 2, ""conf"": 0.8, ""budget"": 1564995930129799}"
"U(0.01,0.1), eps=1e-08",0.01,0.1,1e-08,binary,2406257553022374,find_phi_fixed_budget_binary_search,"{""m_exploration"": 7429, ""safeguard"": 2, ""conf"": 0.5, ""budget"": 2406257553022374}"
"U(0.01,0.1), eps=1e-08",0.01,0.1,1e-08,binary,3699738318806362,find_phi_fixed_budget_binary_search,"{""m_exploration"": 3545, ""safeguard"": 2, ""conf"": 0.5, ""budget"": 3699738318806362}"
"U(0.01,0.1), eps=1e-08",0.01,0.1,1e-08,binary,5688528067351421,find_phi_fixed_budget_binary_search,"{""m_exploration"": 3545, ""safeguard"": 2, ""conf"": 0.5, ""budget"": 5688528067351421}"
"U(0.01,0.1), eps=1e-08",0.01,0.1,1e-08,binary,8746389280711323,find_phi_fixed_budget_binary_search,"{""m_exploration"": 3545, ""safeguard"": 2, ""conf"": 0.5, ""budget"": 8746389280711323}"
"U(0.01,0.1), eps=1e-08",0.01,0.1,1e-08,binary,13447999999999998,find_phi_fixed_budget_binary_search,"{""m_exploration"": 3545, ""safeguard"": 2, ""conf"": 0.5, ""budget"": 13447999999999998}"
"U(0.01,0.1), eps=1e-08",0.01,0.1,1e-08,reverse_eng_risk,8965333333333,find_phi_fixed_budget_reverse_engineering_risk,"{""m_exploration"": 180853, ""eps_target"": 1e-08, ""budget"": 8965333333333}"
"U(0.01,0.1), eps=1e-08",0.01,0.1,1e-08,reverse_eng_risk,13784637156792,find_phi_fixed_budget_reverse_engineering_risk,"{""m_exploration"": 300000, ""eps_target"": 1e-08, ""budget"": 13784637156792}"
"U(0.01,0.1), eps=1e-08",0.01,0.1,1e-08,reverse_eng_risk,21194551778453,find_phi_fixed_budget_reverse_engineering_risk,"{""m_exploration"": 180853, ""eps_target"": 1e-08, ""budget"": 21194551778453}"
"U(0.01,0.1), eps=1e-08",0.01,0.1,1e-08,reverse_eng_risk,32587656822595,find_phi_fixed_budget_reverse_engineering_risk,"{""m_exploration"": 180853, ""eps_target"": 1e-08, ""budget"": 32587656822595}"
"U(0.01,0.1), eps=1e-08",0.01,0.1,1e-08,reverse_eng_risk,50105111364837,find_phi_fixed_budget_reverse_engineering_risk,"{""m_exploration"": 180853, ""eps_target"": 1e-08, ""budget"": 50105111364837}"
"U(0.01,0.1), eps=1e-08",0.01,0.1,1e-08,reverse_eng_risk,77039051888567,find_phi_fixed_budget_reverse_engineering_risk,"{""m_exploration"": 8680, ""eps_target"": 1e-08, ""budget"": 77039051888567}"
"U(0.01,0.1), eps=1e-08",0.01,0.1,1e-08,reverse_eng_risk,118451298764191,find_phi_fixed_budget_reverse_engineering_risk,"{""m_exploration"": 8680, ""eps_target"": 1e-08, ""budget"": 118451298764191}"
"U(0.01,0.1), eps=1e-08",0.01,0.1,1e-08,reverse_eng_risk,182124647629598,find_phi_fixed_budget_reverse_engineering_risk,"{""m_exploration"": 8680, ""eps_target"": 1e-08, ""budget"": 182124647629598}"
"U(0.01,0.1), eps=1e-08",0.01,0.1,1e-08,reverse_eng_risk,280025526273357,find_phi_fixed_budget_reverse_engineering_risk,"{""m_exploration"": 3154, ""eps_target"": 1e-08, ""budget"": 280025526273357}"
"U(0.01,0.1), eps=1e-08",0.01,0.1,1e-08,reverse_eng_risk,430552900912940,find_phi_fixed_budget_reverse_engineering_risk,"{""m_exploration"": 3154, ""eps_target"": 1e-08, ""budget"": 430552900912940}"
"U(0.01,0.1), eps=1e-08",0.01,0.1,1e-08,reverse_eng_risk,661996079255956,find_phi_fixed_budget_reverse_engineering_risk,"{""m_exploration"": 3154, ""eps_target"": 1e-08, ""budget"": 661996079255956}"
"U(0.01,0.1), eps=1e-08",0.01,0.1,1e-08,reverse_eng_risk,1017851251312025,find_phi_fixed_budget_reverse_engineering_risk,"{""m_exploration"": 8680, ""eps_target"": 1e-08, ""budget"": 1017851251312025}"
"U(0.01,0.1), eps=1e-08",0.01,0.1,1e-08,reverse_eng_risk,1564995930129799,find_phi_fixed_budget_reverse_engineering_risk,"{""m_exploration"": 1901, ""eps_target"": 1e-08, ""budget"": 1564995930129799}"
"U(0.01,0.1), eps=1e-08",0.01,0.1,1e-08,reverse_eng_risk,2406257553022374,find_phi_fixed_budget_reverse_engineering_risk,"{""m_exploration"": 20, ""eps_target"": 1e-08, ""budget"": 2406257553022374}"
"U(0.01,0.1), eps=1e-08",0.01,0.1,1e-08,reverse_eng_risk,3699738318806362,find_phi_fixed_budget_reverse_engineering_risk,"{""m_exploration"": 20, ""eps_target"": 1e-08, ""budget"": 3699738318806362}"
"U(0.01,0.1), eps=1e-08",0.01,0.1,1e-08,reverse_eng_risk,5688528067351421,find_phi_fixed_budget_reverse_engineering_risk,"{""m_exploration"": 20, ""eps_target"": 1e-08, ""budget"": 5688528067351421}"
"U(0.01,0.1), eps=1e-08",0.01,0.1,1e-08,reverse_eng_risk,8746389280711323,find_phi_fixed_budget_reverse_engineering_risk,"{""m_exploration"": 20, ""eps_target"": 1e-08, ""budget"": 8746389280711323}"
"U(0.01,0.1), eps=1e-08",0.01,0.1,1e-08,reverse_eng_risk,13447999999999998,find_phi_fixed_budget_reverse_engineering_risk,"{""m_exploration"": 20, ""eps_target"": 1e-08, ""budget"": 13447999999999998}"
"U(0.01,0.1), eps=1e-08",0.01,0.1,1e-08,binary_risk,8965333333333,find_phi_fixed_budget_binary_search_risk,"{""m_exploration"": 300000, ""conf"": 0.8, ""eps_target"": 1e-08, ""budget"": 8965333333333}"
"U(0.01,0.1), eps=1e-08",0.01,0.1,1e-08,binary_risk,13784637156792,find_phi_fixed_budget_binary_search_risk,"{""m_exploration"": 300000, ""conf"": 0.9, ""eps_target"": 1e-08, ""budget"": 13784637156792}"
"U(0.01,0.1), eps=1e-08",0.01,0.1,1e-08,binary_risk,21194551778453,find_phi_fixed_budget_binary_search_risk,"{""m_exploration"": 300000, ""conf"": 0.8, ""eps_target"": 1e-08, ""budget"": 21194551778453}"
"U(0.01,0.1), eps=1e-08",0.01,0.1,1e-08,binary_risk,32587656822595,find_phi_fixed_budget_binary_search_risk,"{""m_exploration"": 300000, ""conf"": 0.9, ""eps_target"": 1e-08, ""budget"": 32587656822595}"
"U(0.01,0.1), eps=1e-08",0.01,0.1,1e-08,binary_risk,50105111364837,find_phi_fixed_budget_binary_search_risk,"{""m_exploration"": 300000, ""conf"": 0.9, ""eps_target"": 1e-08, ""budget"": 50105111364837}"
"U(0.01,0.1), eps=1e-08",0.01,0.1,1e-08,binary_risk,77039051888567,find_phi_fixed_budget_binary_search_risk,"{""m_exploration"": 300000, ""conf"": 0.9, ""eps_target"": 1e-08, ""budget"": 77039051888567}"
"U(0.01,0.1), eps=1e-08",0.01,0.1,1e-08,binary_risk,118451298764191,find_phi_fixed_budget_binary_search_risk,"{""m_exploration"": 300000, ""conf"": 0.9, ""eps_target"": 1e-08, ""budget"": 118451298764191}"
"U(0.01,0.1), eps=1e-08",0.01,0.1,1e-08,binary_risk,182124647629598,find_phi_fixed_budget_binary_search_risk,"{""m_exploration"": 300000, ""conf"": 0.9, ""eps_target"": 1e-08, ""budget"": 182124647629598}"
"U(0.01,0.1), eps=1e-08",0.01,0.1,1e-08,binary_risk,280025526273357,find_phi_fixed_budget_binary_search_risk,"{""m_exploration"": 300000, ""conf"": 0.9, ""eps_target"": 1e-08, ""budget"": 280025526273357}"
"U(0.01,0.1), eps=1e-08",0.01,0.1,1e-08,binary_risk,430552900912940,find_phi_fixed_budget_binary_search_risk,"{""m_exploration"": 143180, ""conf"": 0.8, ""eps_target"": 1e-08, ""budget"": 430552900912940}"
"U(0.01,0.1), eps=1e-08",0.01,0.1,1e-08,binary_risk,661996079255956,find_phi_fixed_budget_binary_search_risk,"{""m_exploration"": 143180, ""conf"": 0.5, ""eps_target"": 1e-08, ""budget"": 661996079255956}"
"U(0.01,0.1), eps=1e-08",0.01,0.1,1e-08,binary_risk,1017851251312025,find_phi_fixed_budget_binary_search_risk,"{""m_exploration"": 68335, ""conf"": 0.5, ""eps_target"": 1e-08, ""budget"": 1017851251312025}"
"U(0.01,0.1), eps=1e-08",0.01,0.1,1e-08,binary_risk,1564995930129799,find_phi_fixed_budget_binary_search_risk,"{""m_exploration"": 32614, ""conf"": 0.5, ""eps_target"": 1e-08, ""budget"": 1564995930129799}"
"U(0.01,0.1), eps=1e-08",0.01,0.1,1e-08,binary_risk,2406257553022374,find_phi_fixed_budget_binary_search_risk,"{""m_exploration"": 87, ""conf"": 0.5, ""eps_target"": 1e-08, ""budget"": 2406257553022374}"
"U(0.01,0.1), eps=1e-08",0.01,0.1,1e-08,binary_risk,3699738318806362,find_phi_fixed_budget_binary_search_risk,"{""m_exploration"": 41, ""conf"": 0.5, ""eps_target"": 1e-08, ""budget"": 3699738318806362}"
"U(0.01,0.1), eps=1e-08",0.01,0.1,1e-08,binary_risk,5688528067351421,find_phi_fixed_budget_binary_search_risk,"{""m_exploration"": 20, ""conf"": 0.5, ""eps_target"": 1e-08, ""budget"": 5688528067351421}"
"U(0.01,0.1), eps=1e-08",0.01,0.1,1e-08,binary_risk,8746389280711323,find_phi_fixed_budget_binary_search_risk,"{""m_exploration"": 20, ""conf"": 0.5, ""eps_target"": 1e-08, ""budget"": 8746389280711323}"
"U(0.01,0.1), eps=1e-08",0.01,0.1,1e-08,binary_risk,13447999999999998,find_phi_fixed_budget_binary_search_risk,"{""m_exploration"": 20, ""conf"": 0.5, ""eps_target"": 1e-08, ""budget"": 13447999999999998}"
"U(0.0001,0.1), eps=1e-04",0.0001,0.1,0.0001,linear,89653,find_phi_fixed_budget_linear_search,"{""m_exploration"": 13, ""lookback_window"": 5, ""safeguard"": 1, ""inc"": 1, ""budget"": 89653}"
"U(0.0001,0.1), eps=1e-04",0.0001,0.1,0.0001,linear,137846,find_phi_fixed_budget_linear_search,"{""m_exploration"": 29, ""lookback_window"": 5, ""safeguard"": 2, ""inc"": 5, ""budget"": 137846}"
"U(0.0001,0.1), eps=1e-04",0.0001,0.1,0.0001,linear,211945,find_phi_fixed_budget_linear_search,"{""m_exploration"": 29, ""lookback_window"": 5, ""safeguard"": 2, ""inc"": 5, ""budget"": 211945}"
"U(0.0001,0.1), eps=1e-04",0.0001,0.1,0.0001,linear,325876,find_phi_fixed_budget_linear_search,"{""m_exploration"": 29, ""lookback_window"": 5, ""safeguard"": 1, ""inc"": 2, ""budget"": 325876}"
"U(0.0001,0.1), eps=1e-04",0.0001,0.1,0.0001,linear,501051,find_phi_fixed_budget_linear_search,"{""m_exploration"": 64, ""lookback_window"": 5, ""safeguard"": 2, ""inc"": 5, ""budget"": 501051}"
"U(0.0001,0.1), eps=1e-04",0.0001,0.1,0.0001,linear,770390,find_phi_fixed_budget_linear_search,"{""m_exploration"": 64, ""lookback_window"": 5, ""safeguard"": 1, ""inc"": 1, ""budget"": 770390}"
"U(0.0001,0.1), eps=1e-04",0.0001,0.1,0.0001,linear,1184512,find_phi_fixed_budget_linear_search,"{""m_exploration"": 139, ""lookback_window"": 5, ""safeguard"": 1, ""inc"": 2, ""budget"": 1184512}"
"U(0.0001,0.1), eps=1e-04",0.0001,0.1,0.0001,linear,1821246,find_phi_fixed_budget_linear_search,"{""m_exploration"": 64, ""lookback_window"": 5, ""safeguard"": 2, ""inc"": 1, ""budget"": 1821246}"
"U(0.0001,0.1), eps=1e-04",0.0001,0.1,0.0001,linear,2800255,find_phi_fixed_budget_linear_search,"{""m_exploration"": 64, ""lookback_window"": 5, ""safeguard"": 2, ""inc"": 1, ""budget"": 2800255}"
"U(0.0001,0.1), eps=1e-04",0.0001,0.1,0.0001,linear,4305529,find_phi_fixed_budget_linear_search,"{""m_exploration"": 139, ""lookback_window"": 5, ""safeguard"": 2, ""inc"": 2, ""budget"": 4305529}"
"U(0.0001,0.1), eps=1e-04",0.0001,0.1,0.0001,linear,6619960,find_phi_fixed_budget_linear_search,"{""m_exploration"": 300, ""lookback_window"": 5, ""safeguard"": 1, ""inc"": 2, ""budget"": 6619960}"
"U(0.0001,0.1), eps=1e-04",0.0001,0.1,0.0001,linear,10178512,find_phi_fixed_budget_linear_search,"{""m_exploration"": 646, ""lookback_window"": 5, ""safeguard"": 1, ""inc"": 2, ""budget"": 10178512}"
"U(0.0001,0.1), eps=1e-04",0.0001,0.1,0.0001,linear,15649959,find_phi_fixed_budget_linear_search,"{""m_exploration"": 646, ""lookback_window"": 2, ""safeguard"": 1, ""inc"": 2, ""budget"": 15649959}"
"U(0.0001,0.1), eps=1e-04",0.0001,0.1,0.0001,linear,24062575,find_phi_fixed_budget_linear_search,"{""m_exploration"": 6, ""lookback_window"": 1, ""safeguard"": 2, ""inc"": 1, ""budget"": 24062575}"
"U(0.0001,0.1), eps=1e-04",0.0001,0.1,0.0001,linear,36997383,find_phi_fixed_budget_linear_search,"{""m_exploration"": 3, ""lookback_window"": 1, ""safeguard"": 5, ""inc"": 1, ""budget"": 36997383}"
"U(0.0001,0.1), eps=1e-04",0.0001,0.1,0.0001,linear,56885280,find_phi_fixed_budget_linear_search,"{""m_exploration"": 3, ""lookback_window"": 1, ""safeguard"": 5, ""inc"": 1, ""budget"": 56885280}"
"U(0.0001,0.1), eps=1e-04",0.0001,0.1,0.0001,linear,87463892,find_phi_fixed_budget_linear_search,"{""m_exploration"": 3, ""lookback_window"": 1, ""safeguard"": 5, ""inc"": 1, ""budget"": 87463892}"
"U(0.0001,0.1), eps=1e-04",0.0001,0.1,0.0001,linear,134480000,find_phi_fixed_budget_linear_search,"{""m_exploration"": 3, ""lookback_window"": 1, ""safeguard"": 5, ""inc"": 1, ""budget"": 134480000}"
"U(0.0001,0.1), eps=1e-04",0.0001,0.1,0.0001,reverse_eng,89653,find_phi_fixed_budget_reverse_engineering,"{""m_exploration"": 691, ""safeguard"": 0.9, ""budget"": 89653}"
"U(0.0001,0.1), eps=1e-04",0.0001,0.1,0.0001,reverse_eng,137846,find_phi_fixed_budget_reverse_engineering,"{""m_exploration"": 691, ""safeguard"": 0.9, ""budget"": 137846}"
"U(0.0001,0.1), eps=1e-04",0.0001,0.1,0.0001,reverse_eng,211945,find_phi_fixed_budget_reverse_engineering,"{""m_exploration"": 691, ""safeguard"": 0.85, ""budget"": 211945}"
"U(0.0001,0.1), eps=1e-04",0.0001,0.1,0.0001,reverse_eng,325876,find_phi_fixed_budget_reverse_engineering,"{""m_exploration"": 1146, ""safeguard"": 0.85, ""budget"": 325876}"
"U(0.0001,0.1), eps=1e-04",0.0001,0.1,0.0001,reverse_eng,501051,find_phi_fixed_budget_reverse_engineering,"{""m_exploration"": 1146, ""safeguard"": 0.9, ""budget"": 501051}"
"U(0.0001,0.1), eps=1e-04",0.0001,0.1,0.0001,reverse_eng,770390,find_phi_fixed_budget_reverse_engineering,"{""m_exploration"": 1146, ""safeguard"": 0.9, ""budget"": 770390}"
"U(0.0001,0.1), eps=1e-04",0.0001,0.1,0.0001,reverse_eng,1184512,find_phi_fixed_budget_reverse_engineering,"{""m_exploration"": 5233, ""safeguard"": 0.95, ""budget"": 1184512}"
"U(0.0001,0.1), eps=1e-04",0.0001,0.1,0.0001,reverse_eng,1821246,find_phi_fixed_budget_reverse_engineering,"{""m_exploration"": 5233, ""safeguard"": 0.95, ""budget"": 1821246}"
"U(0.0001,0.1), eps=1e-04",0.0001,0.1,0.0001,reverse_eng,2800255,find_phi_fixed_budget_reverse_engineering,"{""m_exploration"": 3154, ""safeguard"": 0.85, ""budget"": 2800255}"
"U(0.0001,0.1), eps=1e-04",0.0001,0.1,0.0001,reverse_eng,4305529,find_phi_fixed_budget_reverse_engineering,"{""m_exploration"": 3154, ""safeguard"": 0.85, ""budget"": 4305529}"
"U(0.0001,0.1), eps=1e-04",0.0001,0.1,0.0001,reverse_eng,6619960,find_phi_fixed_budget_reverse_engineering,"{""m_exploration"": 39622, ""safeguard"": 0.9, ""budget"": 6619960}"
"U(0.0001,0.1), eps=1e-04",0.0001,0.1,0.0001,reverse_eng,10178512,find_phi_fixed_budget_reverse_engineering,"{""m_exploration"": 39622, ""safeguard"": 0.9, ""budget"": 10178512}"
"U(0.0001,0.1), eps=1e-04",0.0001,0.1,0.0001,reverse_eng,15649959,find_phi_fixed_budget_reverse_engineering,"{""m_exploration"": 39622, ""safeguard"": 0.9, ""budget"": 15649959}"
"U(0.0001,0.1), eps=1e-04",0.0001,0.1,0.0001,reverse_eng,24062575,find_phi_fixed_budget_reverse_engineering,"{""m_exploration"": 65726, ""safeguard"": 0.8, ""budget"": 24062575}"
"U(0.0001,0.1), eps=1e-04",0.0001,0.1,0.0001,reverse_eng,36997383,find_phi_fixed_budget_reverse_engineering,"{""m_exploration"": 65726, ""safeguard"": 0.8, ""budget"": 36997383}"
"U(0.0001,0.1), eps=1e-04",0.0001,0.1,0.0001,reverse_eng,56885280,find_phi_fixed_budget_reverse_engineering,"{""m_exploration"": 65726, ""safeguard"": 0.8, ""budget"": 56885280}"
"U(0.0001,0.1), eps=1e-04",0.0001,0.1,0.0001,reverse_eng,87463892,find_phi_fixed_budget_reverse_engineering,"{""m_exploration"": 65726, ""safeguard"": 0.8, ""budget"": 87463892}"
"U(0.0001,0.1), eps=1e-04",0.0001,0.1,0.0001,reverse_eng,134480000,find_phi_fixed_budget_reverse_engineering,"{""m_exploration"": 23886, ""safeguard"": 0.8, ""budget"": 134480000}"
"U(0.0001,0.1), eps=1e-04",0.0001,0.1,0.0001,binary,89653,find_phi_fixed_budget_binary_search,"{""m_exploration"": 20, ""safeguard"": 0, ""conf"": 0.5, ""budget"": 89653}"
"U(0.0001,0.1), eps=1e-04",0.0001,0.1,0.0001,binary,137846,find_phi_fixed_budget_binary_search,"{""m_exploration"": 20, ""safeguard"": 0, ""conf"": 0.5, ""budget"": 137846}"
"U(0.0001,0.1), eps=1e-04",0.0001,0.1,0.0001,binary,211945,find_phi_fixed_budget_binary_search,"{""m_exploration"": 41, ""safeguard"": 0, ""conf"": 0.5, ""budget"": 211945}"
"U(0.0001,0.1), eps=1e-04",0.0001,0.1,0.0001,binary,325876,find_phi_fixed_budget_binary_search,"{""m_exploration"": 20, ""safeguard"": 2, ""conf"": 0.5, ""budget"": 325876}"
"U(0.0001,0.1), eps=1e-04",0.0001,0.1,0.0001,binary,501051,find_phi_fixed_budget_binary_search,"{""m_exploration"": 20, ""safeguard"": 2, ""conf"": 0.5, ""budget"": 501051}"
"U(0.0001,0.1), eps=1e-04",0.0001,0.1,0.0001,binary,770390,find_phi_fixed_budget_binary_search,"{""m_exploration"": 20, ""safeguard"": 2, ""conf"": 0.5, ""budget"": 770390}"
"U(0.0001,0.1), eps=1e-04",0.0001,0.1,0.0001,binary,1184512,find_phi_fixed_budget_binary_search,"{""m_exploration"": 20, ""safeguard"": 2, ""conf"": 0.5, ""budget"": 1184512}"
"U(0.0001,0.1), eps=1e-04",0.0001,0.1,0.0001,binary,1821246,find_phi_fixed_budget_binary_search,"{""m_exploration"": 41, ""safeguard"": 2, ""conf"": 0.5, ""budget"": 1821246}"
"U(0.0001,0.1), eps=1e-04",0.0001,0.1,0.0001,binary,2800255,find_phi_fixed_budget_binary_search,"{""m_exploration"": 41, ""safeguard"": 2, ""conf"": 0.5, ""budget"": 2800255}"
"U(0.0001,0.1), eps=1e-04",0.0001,0.1,0.0001,binary,4305529,find_phi_fixed_budget_binary_search,"{""m_exploration"": 87, ""safeguard"": 2, ""conf"": 0.5, ""budget"": 4305529}"
"U(0.0001,0.1), eps=1e-04",0.0001,0.1,0.0001,binary,6619960,find_phi_fixed_budget_binary_search,"{""m_exploration"": 87, ""safeguard"": 2, ""conf"": 0.5, ""budget"": 6619960}"
"U(0.0001,0.1), eps=1e-04",0.0001,0.1,0.0001,binary,10178512,find_phi_fixed_budget_binary_search,"{""m_exploration"": 183, ""safeguard"": 2, ""conf"": 0.5, ""budget"": 10178512}"
"U(0.0001,0.1), eps=1e-04",0.0001,0.1,0.0001,binary,15649959,find_phi_fixed_budget_binary_search,"{""m_exploration"": 385, ""safeguard"": 2, ""conf"": 0.5, ""budget"": 15649959}"
"U(0.0001,0.1), eps=1e-04",0.0001,0.1,0.0001,binary,24062575,find_phi_fixed_budget_binary_search,"{""m_exploration"": 807, ""safeguard"": 2, ""conf"": 0.5, ""budget"": 24062575}"
"U(0.0001,0.1), eps=1e-04",0.0001,0.1,0.0001,binary,36997383,find_phi_fixed_budget_binary_search,"{""m_exploration"": 1692, ""safeguard"": 2, ""conf"": 0.5, ""budget"": 36997383}"
"U(0.0001,0.1), eps=1e-04",0.0001,0.1,0.0001,binary,56885280,find_phi_fixed_budget_binary_search,"{""m_exploration"": 1692, ""safeguard"": 2, ""conf"": 0.5, ""budget"": 56885280}"
"U(0.0001,0.1), eps=1e-04",0.0001,0.1,0.0001,binary,87463892,find_phi_fixed_budget_binary_search,"{""m_exploration"": 3545, ""safeguard"": 2, ""conf"": 0.5, ""budget"": 87463892}"
"U(0.0001,0.1), eps=1e-04",0.0001,0.1,0.0001,binary,134480000,find_phi_fixed_budget_binary_search,"{""m_exploration"": 7429, ""safeguard"": 2, ""conf"": 0.5, ""budget"": 134480000}"
"U(0.0001,0.1), eps=1e-04",0.0001,0.1,0.0001,reverse_eng_risk,89653,find_phi_fixed_budget_reverse_engineering_risk,"{""m_exploration"": 416, ""eps_target"": 0.0001, ""budget"": 89653}"
"U(0.0001,0.1), eps=1e-04",0.0001,0.1,0.0001,reverse_eng_risk,137846,find_phi_fixed_budget_reverse_engineering_risk,"{""m_exploration"": 416, ""eps_target"": 0.0001, ""budget"": 137846}"
"U(0.0001,0.1), eps=1e-04",0.0001,0.1,0.0001,reverse_eng_risk,211945,find_phi_fixed_budget_reverse_engineering_risk,"{""m_exploration"": 416, ""eps_target"": 0.0001, ""budget"": 211945}"
"U(0.0001,0.1), eps=1e-04",0.0001,0.1,0.0001,reverse_eng_risk,325876,find_phi_fixed_budget_reverse_engineering_risk,"{""m_exploration"": 416, ""eps_target"": 0.0001, ""budget"": 325876}"
"U(0.0001,0.1), eps=1e-04",0.0001,0.1,0.0001,reverse_eng_risk,501051,find_phi_fixed_budget_reverse_engineering_risk,"{""m_exploration"": 1146, ""eps_target"": 0.0001, ""budget"": 501051}"
"U(0.0001,0.1), eps=1e-04",0.0001,0.1,0.0001,reverse_eng_risk,770390,find_phi_fixed_budget_reverse_engineering_risk,"{""m_exploration"": 1901, ""eps_target"": 0.0001, ""budget"": 770390}"
"U(0.0001,0.1), eps=1e-04",0.0001,0.1,0.0001,reverse_eng_risk,1184512,find_phi_fixed_budget_reverse_engineering_risk,"{""m_exploration"": 5233, ""eps_target"": 0.0001, ""budget"": 1184512}"
"U(0.0001,0.1), eps=1e-04",0.0001,0.1,0.0001,reverse_eng_risk,1821246,find_phi_fixed_budget_reverse_engineering_risk,"{""m_exploration"": 3154, ""eps_target"": 0.0001, ""budget"": 1821246}"
"U(0.0001,0.1), eps=1e-04",0.0001,0.1,0.0001,reverse_eng_risk,2800255,find_phi_fixed_budget_reverse_engineering_risk,"{""m_exploration"": 1901, ""eps_target"": 0.0001, ""budget"": 2800255}"
"U(0.0001,0.1), eps=1e-04",0.0001,0.1,0.0001,reverse_eng_risk,4305529,find_phi_fixed_budget_reverse_engineering_risk,"{""m_exploration"": 691, ""eps_target"": 0.0001, ""budget"": 4305529}"
"U(0.0001,0.1), eps=1e-04",0.0001,0.1,0.0001,reverse_eng_risk,6619960,find_phi_fixed_budget_reverse_engineering_risk,"{""m_exploration"": 1901, ""eps_target"": 0.0001, ""budget"": 6619960}"
"U(0.0001,0.1), eps=1e-04",0.0001,0.1,0.0001,reverse_eng_risk,10178512,find_phi_fixed_budget_reverse_engineering_risk,"{""m_exploration"": 251, ""eps_target"": 0.0001, ""budget"": 10178512}"
"U(0.0001,0.1), eps=1e-04",0.0001,0.1,0.0001,reverse_eng_risk,15649959,find_phi_fixed_budget_reverse_engineering_risk,"{""m_exploration"": 1146, ""eps_target"": 0.0001, ""budget"": 15649959}"
"U(0.0001,0.1), eps=1e-04",0.0001,0.1,0.0001,reverse_eng_risk,24062575,find_phi_fixed_budget_reverse_engineering_risk,"{""m_exploration"": 20, ""eps_target"": 0.0001, ""budget"": 24062575}"
"U(0.0001,0.1), eps=1e-04",0.0001,0.1,0.0001,reverse_eng_risk,36997383,find_phi_fixed_budget_reverse_engineering_risk,"{""m_exploration"": 20, ""eps_target"": 0.0001, ""budget"": 36997383}"
"U(0.0001,0.1), eps=1e-04",0.0001,0.1,0.0001,reverse_eng_risk,56885280,find_phi_fixed_budget_reverse_engineering_risk,"{""m_exploration"": 20, ""eps_target"": 0.0001, ""budget"": 56885280}"
"U(0.0001,0.1), eps=1e-04",0.0001,0.1,0.0001,reverse_eng_risk,87463892,find_phi_fixed_budget_reverse_engineering_risk,"{""m_exploration"": 20, ""eps_target"": 0.0001, ""budget"": 87463892}"
"U(0.0001,0.1), eps=1e-04",0.0001,0.1,0.0001,reverse_eng_risk,134480000,find_phi_fixed_budget_reverse_engineering_risk,"{""m_exploration"": 20, ""eps_target"": 0.0001, ""budget"": 134480000}"
"U(0.0001,0.1), eps=1e-04",0.0001,0.1,0.0001,binary_risk,89653,find_phi_fixed_budget_binary_search_risk,"{""m_exploration"": 20, ""conf"": 0.5, ""eps_target"": 0.0001, ""budget"": 89653}"
"U(0.0001,0.1), eps=1e-04",0.0001,0.1,0.0001,binary_risk,137846,find_phi_fixed_budget_binary_search_risk,"{""m_exploration"": 20, ""conf"": 0.5, ""eps_target"": 0.0001, ""budget"": 137846}"
"U(0.0001,0.1), eps=1e-04",0.0001,0.1,0.0001,binary_risk,211945,find_phi_fixed_budget_binary_search_risk,"{""m_exploration"": 41, ""conf"": 0.5, ""eps_target"": 0.0001, ""budget"": 211945}"
"U(0.0001,0.1), eps=1e-04",0.0001,0.1,0.0001,binary_risk,325876,find_phi_fixed_budget_binary_search_risk,"{""m_exploration"": 20, ""conf"": 0.8, ""eps_target"": 0.0001, ""budget"": 325876}"
"U(0.0001,0.1), eps=1e-04",0.0001,0.1,0.0001,binary_risk,501051,find_phi_fixed_budget_binary_search_risk,"{""m_exploration"": 20, ""conf"": 0.5, ""eps_target"": 0.0001, ""budget"": 501051}"
"U(0.0001,0.1), eps=1e-04",0.0001,0.1,0.0001,binary_risk,770390,find_phi_fixed_budget_binary_search_risk,"{""m_exploration"": 20, ""conf"": 0.5, ""eps_target"": 0.0001, ""budget"": 770390}"
"U(0.0001,0.1), eps=1e-04",0.0001,0.1,0.0001,binary_risk,1184512,find_phi_fixed_budget_binary_search_risk,"{""m_exploration"": 20, ""conf"": 0.5, ""eps_target"": 0.0001, ""budget"": 1184512}"
"U(0.0001,0.1), eps=1e-04",0.0001,0.1,0.0001,binary_risk,1821246,find_phi_fixed_budget_binary_search_risk,"{""m_exploration"": 41, ""conf"": 0.5, ""eps_target"": 0.0001, ""budget"": 1821246}"
"U(0.0001,0.1), eps=1e-04",0.0001,0.1,0.0001,binary_risk,2800255,find_phi_fixed_budget_binary_search_risk,"{""m_exploration"": 41, ""conf"": 0.5, ""eps_target"": 0.0001, ""budget"": 2800255}"
"U(0.0001,0.1), eps=1e-04",0.0001,0.1,0.0001,binary_risk,4305529,find_phi_fixed_budget_binary_search_risk,"{""m_exploration"": 87, ""conf"": 0.5, ""eps_target"": 0.0001, ""budget"": 4305529}"
"U(0.0001,0.1), eps=1e-04",0.0001,0.1,0.0001,binary_risk,6619960,find_phi_fixed_budget_binary_search_risk,"{""m_exploration"": 87, ""conf"": 0.5, ""eps_target"": 0.0001, ""budget"": 6619960}"
"U(0.0001,0.1), eps=1e-04",0.0001,0.1,0.0001,binary_risk,10178512,find_phi_fixed_budget_binary_search_risk,"{""m_exploration"": 183, ""conf"": 0.5, ""eps_target"": 0.0001, ""budget"": 10178512}"
"U(0.0001,0.1), eps=1e-04",0.0001,0.1,0.0001,binary_risk,15649959,find_phi_fixed_budget_binary_search_risk,"{""m_exploration"": 41, ""conf"": 0.5, ""eps_target"": 0.0001, ""budget"": 15649959}"
"U(0.0001,0.1), eps=1e-04",0.0001,0.1,0.0001,binary_risk,24062575,find_phi_fixed_budget_binary_search_risk,"{""m_exploration"": 87, ""conf"": 0.5, ""eps_target"": 0.0001, ""budget"": 24062575}"
"U(0.0001,0.1), eps=1e-04",0.0001,0.1,0.0001,binary_risk,36997383,find_phi_fixed_budget_binary_search_risk,"{""m_exploration"": 41, ""conf"": 0.5, ""eps_target"": 0.0001, ""budget"": 36997383}"
"U(0.0001,0.1), eps=1e-04",0.0001,0.1,0.0001,binary_risk,56885280,find_phi_fixed_budget_binary_search_risk,"{""m_exploration"": 20, ""conf"": 0.5, ""eps_target"": 0.0001, ""budget"": 56885280}"
"U(0.0001,0.1), eps=1e-04",0.0001,0.1,0.0001,binary_risk,87463892,find_phi_fixed_budget_binary_search_risk,"{""m_exploration"": 20, ""conf"": 0.5, ""eps_target"": 0.0001, ""budget"": 87463892}"
"U(0.0001,0.1), eps=1e-04",0.0001,0.1,0.0001,binary_risk,134480000,find_phi_fixed_budget_binary_search_risk,"{""m_exploration"": 20, ""conf"": 0.5, ""eps_target"": 0.0001, ""budget"": 134480000}"
"U(0.0001,0.1), eps=1e-05",0.0001,0.1,1e-05,linear,8965333,find_phi_fixed_budget_linear_search,"{""m_exploration"": 139, ""lookback_window"": 5, ""safeguard"": 2, ""inc"": 2, ""budget"": 8965333}"
"U(0.0001,0.1), eps=1e-05",0.0001,0.1,1e-05,linear,13784637,find_phi_fixed_budget_linear_search,"{""m_exploration"": 139, ""lookback_window"": 5, ""safeguard"": 2, ""inc"": 2, ""budget"": 13784637}"
"U(0.0001,0.1), eps=1e-05",0.0001,0.1,1e-05,linear,21194551,find_phi_fixed_budget_linear_search,"{""m_exploration"": 300, ""lookback_window"": 5, ""safeguard"": 1, ""inc"": 2, ""budget"": 21194551}"
"U(0.0001,0.1), eps=1e-05",0.0001,0.1,1e-05,linear,32587656,find_phi_fixed_budget_linear_search,"{""m_exploration"": 300, ""lookback_window"": 5, ""safeguard"": 1, ""inc"": 2, ""budget"": 32587656}"
"U(0.0001,0.1), eps=1e-05",0.0001,0.1,1e-05,linear,50105111,find_phi_fixed_budget_linear_search,"{""m_exploration"": 646, ""lookback_window"": 5, ""safeguard"": 1, ""inc"": 2, ""budget"": 50105111}"
"U(0.0001,0.1), eps=1e-05",0.0001,0.1,1e-05,linear,77039051,find_phi_fixed_budget_linear_search,"{""m_exploration"": 646, ""lookback_window"": 5, ""safeguard"": 1, ""inc"": 2, ""budget"": 77039051}"
"U(0.0001,0.1), eps=1e-05",0.0001,0.1,1e-05,linear,118451298,find_phi_fixed_budget_linear_search,"{""m_exploration"": 646, ""lookback_window"": 5, ""safeguard"": 1, ""inc"": 1, ""budget"": 118451298}"
"U(0.0001,0.1), eps=1e-05",0.0001,0.1,1e-05,linear,182124647,find_phi_fixed_budget_linear_search,"{""m_exploration"": 646, ""lookback_window"": 5, ""safeguard"": 1, ""inc"": 1, ""budget"": 182124647}"
"U(0.0001,0.1), eps=1e-05",0.0001,0.1,1e-05,linear,280025526,find_phi_fixed_budget_linear_search,"{""m_exploration"": 646, ""lookback_window"": 5, ""safeguard"": 1, ""inc"": 2, ""budget"": 280025526}"
"U(0.0001,0.1), eps=1e-05",0.0001,0.1,1e-05,linear,430552900,find_phi_fixed_budget_linear_search,"{""m_exploration"": 13924, ""lookback_window"": 5, ""safeguard"": 1, ""inc"": 2, ""budget"": 430552900}"
"U(0.0001,0.1), eps=1e-05",0.0001,0.1,1e-05,linear,661996079,find_phi_fixed_budget_linear_search,"{""m_exploration"": 13924, ""lookback_window"": 5, ""safeguard"": 1, ""inc"": 2, ""budget"": 661996079}"
"U(0.0001,0.1), eps=1e-05",0.0001,0.1,1e-05,linear,1017851251,find_phi_fixed_budget_linear_search,"{""m_exploration"": 30000, ""lookback_window"": 5, ""safeguard"": 1, ""inc"": 2, ""budget"": 1017851251}"
"U(0.0001,0.1), eps=1e-05",0.0001,0.1,1e-05,linear,1564995930,find_phi_fixed_budget_linear_search,"{""m_exploration"": 13924, ""lookback_window"": 5, ""safeguard"": 1, ""inc"": 1, ""budget"": 1564995930}"
"U(0.0001,0.1), eps=1e-05",0.0001,0.1,1e-05,linear,2406257553,find_phi_fixed_budget_linear_search,"{""m_exploration"": 6, ""lookback_window"": 1, ""safeguard"": 2, ""inc"": 1, ""budget"": 2406257553}"
"U(0.0001,0.1), eps=1e-05",0.0001,0.1,1e-05,linear,3699738318,find_phi_fixed_budget_linear_search,"{""m_exploration"": 3, ""lookback_window"": 1, ""safeguard"": 5, ""inc"": 1, ""budget"": 3699738318}"
"U(0.0001,0.1), eps=1e-05",0.0001,0.1,1e-05,linear,5688528067,find_phi_fixed_budget_linear_search,"{""m_exploration"": 3, ""lookback_window"": 1, ""safeguard"": 5, ""inc"": 1, ""budget"": 5688528067}"
"U(0.0001,0.1), eps=1e-05",0.0001,0.1,1e-05,linear,8746389280,find_phi_fixed_budget_linear_search,"{""m_exploration"": 3, ""lookback_window"": 1, ""safeguard"": 5, ""inc"": 1, ""budget"": 8746389280}"
"U(0.0001,0.1), eps=1e-05",0.0001,0.1,1e-05,linear,13447999999,find_phi_fixed_budget_linear_search,"{""m_exploration"": 3, ""lookback_window"": 1, ""safeguard"": 5, ""inc"": 1, ""budget"": 13447999999}"
"U(0.0001,0.1), eps=1e-05",0.0001,0.1,1e-05,reverse_eng,8965333,find_phi_fixed_budget_reverse_engineering,"{""m_exploration"": 39622, ""safeguard"": 0.95, ""budget"": 8965333}"
"U(0.0001,0.1), eps=1e-05",0.0001,0.1,1e-05,reverse_eng,13784637,find_phi_fixed_budget_reverse_engineering,"{""m_exploration"": 65726, ""safeguard"": 0.95, ""budget"": 13784637}"
"U(0.0001,0.1), eps=1e-05",0.0001,0.1,1e-05,reverse_eng,21194551,find_phi_fixed_budget_reverse_engineering,"{""m_exploration"": 65726, ""safeguard"": 0.95, ""budget"": 21194551}"
"U(0.0001,0.1), eps=1e-05",0.0001,0.1,1e-05,reverse_eng,32587656,find_phi_fixed_budget_reverse_engineering,"{""m_exploration"": 39622, ""safeguard"": 0.95, ""budget"": 32587656}"
"U(0.0001,0.1), eps=1e-05",0.0001,0.1,1e-05,reverse_eng,50105111,find_phi_fixed_budget_reverse_engineering,"{""m_exploration"": 65726, ""safeguard"": 0.95, ""budget"": 50105111}"
"U(0.0001,0.1), eps=1e-05",0.0001,0.1,1e-05,reverse_eng,77039051,find_phi_fixed_budget_reverse_engineering,"{""m_exploration"": 180853, ""safeguard"": 0.95, ""budget"": 77039051}"
"U(0.0001,0.1), eps=1e-05",0.0001,0.1,1e-05,reverse_eng,118451298,find_phi_fixed_budget_reverse_engineering,"{""m_exploration"": 180853, ""safeguard"": 0.95, ""budget"": 118451298}"
"U(0.0001,0.1), eps=1e-05",0.0001,0.1,1e-05,reverse_eng,182124647,find_phi_fixed_budget_reverse_engineering,"{""m_exploration"": 180853, ""safeguard"": 0.95, ""budget"": 182124647}"
"U(0.0001,0.1), eps=1e-05",0.0001,0.1,1e-05,reverse_eng,280025526,find_phi_fixed_budget_reverse_engineering,"{""m_exploration"": 180853, ""safeguard"": 0.95, ""budget"": 280025526}"
"U(0.0001,0.1), eps=1e-05",0.0001,0.1,1e-05,reverse_eng,430552900,find_phi_fixed_budget_reverse_engineering,"{""m_exploration"": 180853, ""safeguard"": 0.95, ""budget"": 430552900}"
"U(0.0001,0.1), eps=1e-05",0.0001,0.1,1e-05,reverse_eng,661996079,find_phi_fixed_budget_reverse_engineering,"{""m_exploration"": 65726, ""safeguard"": 0.9, ""budget"": 661996079}"
"U(0.0001,0.1), eps=1e-05",0.0001,0.1,1e-05,reverse_eng,1017851251,find_phi_fixed_budget_reverse_engineering,"{""m_exploration"": 180853, ""safeguard"": 0.9, ""budget"": 1017851251}"
"U(0.0001,0.1), eps=1e-05",0.0001,0.1,1e-05,reverse_eng,1564995930,find_phi_fixed_budget_reverse_engineering,"{""m_exploration"": 180853, ""safeguard"": 0.8, ""budget"": 1564995930}"
"U(0.0001,0.1), eps=1e-05",0.0001,0.1,1e-05,reverse_eng,2406257553,find_phi_fixed_budget_reverse_engineering,"{""m_exploration"": 180853, ""safeguard"": 0.8, ""budget"": 2406257553}"
"U(0.0001,0.1), eps=1e-05",0.0001,0.1,1e-05,reverse_eng,3699738318,find_phi_fixed_budget_reverse_engineering,"{""m_exploration"": 180853, ""safeguard"": 0.8, ""budget"": 3699738318}"
"U(0.0001,0.1), eps=1e-05",0.0001,0.1,1e-05,reverse_eng,5688528067,find_phi_fixed_budget_reverse_engineering,"{""m_exploration"": 180853, ""safeguard"": 0.8, ""budget"": 5688528067}"
"U(0.0001,0.1), eps=1e-05",0.0001,0.1,1e-05,reverse_eng,8746389280,find_phi_fixed_budget_reverse_engineering,"{""m_exploration"": 180853, ""safeguard"": 0.8, ""budget"": 8746389280}"
"U(0.0001,0.1), eps=1e-05",0.0001,0.1,1e-05,reverse_eng,13447999999,find_phi_fixed_budget_reverse_engineering,"{""m_exploration"": 180853, ""safeguard"": 0.8, ""budget"": 13447999999}"
"U(0.0001,0.1), eps=1e-05",0.0001,0.1,1e-05,binary,8965333,find_phi_fixed_budget_binary_search,"{""m_exploration"": 87, ""safeguard"": 2, ""conf"": 0.5, ""budget"": 8965333}"
"U(0.0001,0.1), eps=1e-05",0.0001,0.1,1e-05,binary,13784637,find_phi_fixed_budget_binary_search,"{""m_exploration"": 183, ""safeguard"": 2, ""conf"": 0.8, ""budget"": 13784637}"
"U(0.0001,0.1), eps=1e-05",0.0001,0.1,1e-05,binary,21194551,find_phi_fixed_budget_binary_search,"{""m_exploration"": 183, ""safeguard"": 2, ""conf"": 0.8, ""budget"": 21194551}"
"U(0.0001,0.1), eps=1e-05",0.0001,0.1,1e-05,binary,32587656,find_phi_fixed_budget_binary_search,"{""m_exploration"": 183, ""safeguard"": 2, ""conf"": 0.8, ""budget"": 32587656}"
"U(0.0001,0.1), eps=1e-05",0.0001,0.1,1e-05,binary,50105111,find_phi_fixed_budget_binary_search,"{""m_exploration"": 385, ""safeguard"": 2, ""conf"": 0.8, ""budget"": 50105111}"
"U(0.0001,0.1), eps=1e-05",0.0001,0.1,1e-05,binary,77039051,find_phi_fixed_budget_binary_search,"{""m_exploration"": 807, ""safeguard"": 2, ""conf"": 0.8, ""budget"": 77039051}"
"U(0.0001,0.1), eps=1e-05",0.0001,0.1,1e-05,binary,118451298,find_phi_fixed_budget_binary_search,"{""m_exploration"": 807, ""safeguard"": 2, ""conf"": 0.8, ""budget"": 118451298}"
"U(0.0001,0.1), eps=1e-05",0.0001,0.1,1e-05,binary,182124647,find_phi_fixed_budget_binary_search,"{""m_exploration"": 1692, ""safeguard"": 2, ""conf"": 0.8, ""budget"": 182124647}"
"U(0.0001,0.1), eps=1e-05",0.0001,0.1,1e-05,binary,280025526,find_phi_fixed_budget_binary_search,"{""m_exploration"": 1692, ""safeguard"": 2, ""conf"": 0.8, ""budget"": 280025526}"
"U(0.0001,0.1), eps=1e-05",0.0001,0.1,1e-05,binary,430552900,find_phi_fixed_budget_binary_search,"{""m_exploration"": 1692, ""safeguard"": 2, ""conf"": 0.5, ""budget"": 430552900}"
"U(0.0001,0.1), eps=1e-05",0.0001,0.1,1e-05,binary,661996079,find_phi_fixed_budget_binary_search,"{""m_exploration"": 3545, ""safeguard"": 2, ""conf"": 0.5, ""budget"": 661996079}"
"U(0.0001,0.1), eps=1e-05",0.0001,0.1,1e-05,binary,1017851251,find_phi_fixed_budget_binary_search,"{""m_exploration"": 7429, ""safeguard"": 2, ""conf"": 0.5, ""budget"": 1017851251}"
"U(0.0001,0.1), eps=1e-05",0.0001,0.1,1e-05,binary,1564995930,find_phi_fixed_budget_binary_search,"{""m_exploration"": 7429, ""safeguard"": 2, ""conf"": 0.5, ""budget"": 1564995930}"
"U(0.0001,0.1), eps=1e-05",0.0001,0.1,1e-05,binary,2406257553,find_phi_fixed_budget_binary_search,"{""m_exploration"": 32614, ""safeguard"": 2, ""conf"": 0.5, ""budget"": 2406257553}"
"U(0.0001,0.1), eps=1e-05",0.0001,0.1,1e-05,binary,3699738318,find_phi_fixed_budget_binary_search,"{""m_exploration"": 68335, ""safeguard"": 2, ""conf"": 0.5, ""budget"": 3699738318}"
"U(0.0001,0.1), eps=1e-05",0.0001,0.1,1e-05,binary,5688528067,find_phi_fixed_budget_binary_search,"{""m_exploration"": 68335, ""safeguard"": 2, ""conf"": 0.5, ""budget"": 5688528067}"
"U(0.0001,0.1), eps=1e-05",0.0001,0.1,1e-05,binary,8746389280,find_phi_fixed_budget_binary_search,"{""m_exploration"": 68335, ""safeguard"": 2, ""conf"": 0.5, ""budget"": 8746389280}"
"U(0.0001,0.1), eps=1e-05",0.0001,0.1,1e-05,binary,13447999999,find_phi_fixed_budget_binary_search,"{""m_exploration"": 68335, ""safeguard"": 2, ""conf"": 0.5, ""budget"": 13447999999}"
"U(0.0001,0.1), eps=1e-05",0.0001,0.1,1e-05,reverse_eng_risk,8965333,find_phi_fixed_budget_reverse_engineering_risk,"{""m_exploration"": 5233, ""eps_target"": 1e-05, ""budget"": 8965333}"
"U(0.0001,0.1), eps=1e-05",0.0001,0.1,1e-05,reverse_eng_risk,13784637,find_phi_fixed_budget_reverse_engineering_risk,"{""m_exploration"": 5233, ""eps_target"": 1e-05, ""budget"": 13784637}"
"U(0.0001,0.1), eps=1e-05",0.0001,0.1,1e-05,reverse_eng_risk,21194551,find_phi_fixed_budget_reverse_engineering_risk,"{""m_exploration"": 5233, ""eps_target"": 1e-05, ""budget"": 21194551}"
"U(0.0001,0.1), eps=1e-05",0.0001,0.1,1e-05,reverse_eng_risk,32587656,find_phi_fixed_budget_reverse_engineering_risk,"{""m_exploration"": 5233, ""eps_target"": 1e-05, ""budget"": 32587656}"
"U(0.0001,0.1), eps=1e-05",0.0001,0.1,1e-05,reverse_eng_risk,50105111,find_phi_fixed_budget_reverse_engineering_risk,"{""m_exploration"": 109026, ""eps_target"": 1e-05, ""budget"": 50105111}"
"U(0.0001,0.1), eps=1e-05",0.0001,0.1,1e-05,reverse_eng_risk,77039051,find_phi_fixed_budget_reverse_engineering_risk,"{""m_exploration"": 5233, ""eps_target"": 1e-05, ""budget"": 77039051}"
"U(0.0001,0.1), eps=1e-05",0.0001,0.1,1e-05,reverse_eng_risk,118451298,find_phi_fixed_budget_reverse_engineering_risk,"{""m_exploration"": 8680, ""eps_target"": 1e-05, ""budget"": 118451298}"
"U(0.0001,0.1), eps=1e-05",0.0001,0.1,1e-05,reverse_eng_risk,182124647,find_phi_fixed_budget_reverse_engineering_risk,"{""m_exploration"": 5233, ""eps_target"": 1e-05, ""budget"": 182124647}"
"U(0.0001,0.1), eps=1e-05",0.0001,0.1,1e-05,reverse_eng_risk,280025526,find_phi_fixed_budget_reverse_engineering_risk,"{""m_exploration"": 5233, ""eps_target"": 1e-05, ""budget"": 280025526}"
"U(0.0001,0.1), eps=1e-05",0.0001,0.1,1e-05,reverse_eng_risk,430552900,find_phi_fixed_budget_reverse_engineering_risk,"{""m_exploration"": 1901, ""eps_target"": 1e-05, ""budget"": 430552900}"
"U(0.0001,0.1), eps=1e-05",0.0001,0.1,1e-05,reverse_eng_risk,661996079,find_phi_fixed_budget_reverse_engineering_risk,"{""m_exploration"": 65726, ""eps_target"": 1e-05, ""budget"": 661996079}"
"U(0.0001,0.1), eps=1e-05",0.0001,0.1,1e-05,reverse_eng_risk,1017851251,find_phi_fixed_budget_reverse_engineering_risk,"{""m_exploration"": 251, ""eps_target"": 1e-05, ""budget"": 1017851251}"
"U(0.0001,0.1), eps=1e-05",0.0001,0.1,1e-05,reverse_eng_risk,1564995930,find_phi_fixed_budget_reverse_engineering_risk,"{""m_exploration"": 1146, ""eps_target"": 1e-05, ""budget"": 1564995930}"
"U(0.0001,0.1), eps=1e-05",0.0001,0.1,1e-05,reverse_eng_risk,2406257553,find_phi_fixed_budget_reverse_engineering_risk,"{""m_exploration"": 20, ""eps_target"": 1e-05, ""budget"": 2406257553}"
"U(0.0001,0.1), eps=1e-05",0.0001,0.1,1e-05,reverse_eng_risk,3699738318,find_phi_fixed_budget_reverse_engineering_risk,"{""m_exploration"": 20, ""eps_target"": 1e-05, ""budget"": 3699738318}"
"U(0.0001,0.1), eps=1e-05",0.0001,0.1,1e-05,reverse_eng_risk,5688528067,find_phi_fixed_budget_reverse_engineering_risk,"{""m_exploration"": 20, ""eps_target"": 1e-05, ""budget"": 5688528067}"
"U(0.0001,0.1), eps=1e-05",0.0001,0.1,1e-05,reverse_eng_risk,8746389280,find_phi_fixed_budget_reverse_engineering_risk,"{""m_exploration"": 20, ""eps_target"": 1e-05, ""budget"": 8746389280}"
"U(0.0001,0.1), eps=1e-05",0.0001,0.1,1e-05,reverse_eng_risk,13447999999,find_phi_fixed_budget_reverse_engineering_risk,"{""m_exploration"": 20, ""eps_target"": 1e-05, ""budget"": 13447999999}"
"U(0.0001,0.1), eps=1e-05",0.0001,0.1,1e-05,binary_risk,8965333,find_phi_fixed_budget_binary_search_risk,"{""m_exploration"": 87, ""conf"": 0.8, ""eps_target"": 1e-05, ""budget"": 8965333}"
"U(0.0001,0.1), eps=1e-05",0.0001,0.1,1e-05,binary_risk,13784637,find_phi_fixed_budget_binary_search_risk,"{""m_exploration"": 87, ""conf"": 0.8, ""eps_target"": 1e-05, ""budget"": 13784637}"
"U(0.0001,0.1), eps=1e-05",0.0001,0.1,1e-05,binary_risk,21194551,find_phi_fixed_budget_binary_search_risk,"{""m_exploration"": 183, ""conf"": 0.8, ""eps_target"": 1e-05, ""budget"": 21194551}"
"U(0.0001,0.1), eps=1e-05",0.0001,0.1,1e-05,binary_risk,32587656,find_phi_fixed_budget_binary_search_risk,"{""m_exploration"": 183, ""conf"": 0.8, ""eps_target"": 1e-05, ""budget"": 32587656}"
"U(0.0001,0.1), eps=1e-05",0.0001,0.1,1e-05,binary_risk,50105111,find_phi_fixed_budget_binary_search_risk,"{""m_exploration"": 385, ""conf"": 0.5, ""eps_target"": 1e-05, ""budget"": 50105111}"
"U(0.0001,0.1), eps=1e-05",0.0001,0.1,1e-05,binary_risk,77039051,find_phi_fixed_budget_binary_search_risk,"{""m_exploration"": 385, ""conf"": 0.5, ""eps_target"": 1e-05, ""budget"": 77039051}"
"U(0.0001,0.1), eps=1e-05",0.0001,0.1,1e-05,binary_risk,118451298,find_phi_fixed_budget_binary_search_risk,"{""m_exploration"": 807, ""conf"": 0.5, ""eps_target"": 1e-05, ""budget"": 118451298}"
"U(0.0001,0.1), eps=1e-05",0.0001,0.1,1e-05,binary_risk,182124647,find_phi_fixed_budget_binary_search_risk,"{""m_exploration"": 807, ""conf"": 0.5, ""eps_target"": 1e-05, ""budget"": 182124647}"
"U(0.0001,0.1), eps=1e-05",0.0001,0.1,1e-05,binary_risk,280025526,find_phi_fixed_budget_binary_search_risk,"{""m_exploration"": 807, ""conf"": 0.5, ""eps_target"": 1e-05, ""budget"": 280025526}"
"U(0.0001,0.1), eps=1e-05",0.0001,0.1,1e-05,binary_risk,430552900,find_phi_fixed_budget_binary_search_risk,"{""m_exploration"": 807, ""conf"": 0.5, ""eps_target"": 1e-05, ""budget"": 430552900}"
"U(0.0001,0.1), eps=1e-05",0.0001,0.1,1e-05,binary_risk,661996079,find_phi_fixed_budget_binary_search_risk,"{""m_exploration"": 1692, ""conf"": 0.5, ""eps_target"": 1e-05, ""budget"": 661996079}"
"U(0.0001,0.1), eps=1e-05",0.0001,0.1,1e-05,binary_risk,1017851251,find_phi_fixed_budget_binary_search_risk,"{""m_exploration"": 807, ""conf"": 0.5, ""eps_target"": 1e-05, ""budget"": 1017851251}"
"U(0.0001,0.1), eps=1e-05",0.0001,0.1,1e-05,binary_risk,1564995930,find_phi_fixed_budget_binary_search_risk,"{""m_exploration"": 385, ""conf"": 0.5, ""eps_target"": 1e-05, ""budget"": 1564995930}"
"U(0.0001,0.1), eps=1e-05",0.0001,0.1,1e-05,binary_risk,2406257553,find_phi_fixed_budget_binary_search_risk,"{""m_exploration"": 87, ""conf"": 0.5, ""eps_target"": 1e-05, ""budget"": 2406257553}"
"U(0.0001,0.1), eps=1e-05",0.0001,0.1,1e-05,binary_risk,3699738318,find_phi_fixed_budget_binary_search_risk,"{""m_exploration"": 20, ""conf"": 0.5, ""eps_target"": 1e-05, ""budget"": 3699738318}"
"U(0.0001,0.1), eps=1e-05",0.0001,0.1,1e-05,binary_risk,5688528067,find_phi_fixed_budget_binary_search_risk,"{""m_exploration"": 20, ""conf"": 0.5, ""eps_target"": 1e-05, ""budget"": 5688528067}"
"U(0.0001,0.1), eps=1e-05",0.0001,0.1,1e-05,binary_risk,8746389280,find_phi_fixed_budget_binary_search_risk,"{""m_exploration"": 20, ""conf"": 0.5, ""eps_target"": 1e-05, ""budget"": 8746389280}"
"U(0.0001,0.1), eps=1e-05",0.0001,0.1,1e-05,binary_risk,13447999999,find_phi_fixed_budget_binary_search_risk,"{""m_exploration"": 20, ""conf"": 0.5, ""eps_target"": 1e-05, ""budget"": 13447999999}"
"U(0.0001,0.1), eps=1e-07",0.0001,0.1,1e-07,linear,89653333333,find_phi_fixed_budget_linear_search,"{""m_exploration"": 300000, ""lookback_window"": 5, ""safeguard"": 0, ""inc"": 5, ""budget"": 89653333333}"
"U(0.0001,0.1), eps=1e-07",0.0001,0.1,1e-07,linear,137846371567,find_phi_fixed_budget_linear_search,"{""m_exploration"": 300000, ""lookback_window"": 5, ""safeguard"": 0, ""inc"": 5, ""budget"": 137846371567}"
"U(0.0001,0.1), eps=1e-07",0.0001,0.1,1e-07,linear,211945517784,find_phi_fixed_budget_linear_search,"{""m_exploration"": 300000, ""lookback_window"": 5, ""safeguard"": 0, ""inc"": 5, ""budget"": 211945517784}"
"U(0.0001,0.1), eps=1e-07",0.0001,0.1,1e-07,linear,325876568225,find_phi_fixed_budget_linear_search,"{""m_exploration"": 300000, ""lookback_window"": 5, ""safeguard"": 0, ""inc"": 5, ""budget"": 325876568225}"
"U(0.0001,0.1), eps=1e-07",0.0001,0.1,1e-07,linear,501051113648,find_phi_fixed_budget_linear_search,"{""m_exploration"": 300000, ""lookback_window"": 5, ""safeguard"": 0, ""inc"": 5, ""budget"": 501051113648}"
"U(0.0001,0.1), eps=1e-07",0.0001,0.1,1e-07,linear,770390518885,find_phi_fixed_budget_linear_search,"{""m_exploration"": 300000, ""lookback_window"": 5, ""safeguard"": 0, ""inc"": 5, ""budget"": 770390518885}"
"U(0.0001,0.1), eps=1e-07",0.0001,0.1,1e-07,linear,1184512987641,find_phi_fixed_budget_linear_search,"{""m_exploration"": 6463, ""lookback_window"": 5, ""safeguard"": 1, ""inc"": 2, ""budget"": 1184512987641}"
"U(0.0001,0.1), eps=1e-07",0.0001,0.1,1e-07,linear,1821246476295,find_phi_fixed_budget_linear_search,"{""m_exploration"": 300000, ""lookback_window"": 5, ""safeguard"": 0, ""inc"": 5, ""budget"": 1821246476295}"
"U(0.0001,0.1), eps=1e-07",0.0001,0.1,1e-07,linear,2800255262733,find_phi_fixed_budget_linear_search,"{""m_exploration"": 300000, ""lookback_window"": 5, ""safeguard"": 0, ""inc"": 2, ""budget"": 2800255262733}"
"U(0.0001,0.1), eps=1e-07",0.0001,0.1,1e-07,linear,4305529009129,find_phi_fixed_budget_linear_search,"{""m_exploration"": 64633, ""lookback_window"": 5, ""safeguard"": 1, ""inc"": 1, ""budget"": 4305529009129}"
"U(0.0001,0.1), eps=1e-07",0.0001,0.1,1e-07,linear,6619960792559,find_phi_fixed_budget_linear_search,"{""m_exploration"": 300000, ""lookback_window"": 5, ""safeguard"": 0, ""inc"": 5, ""budget"": 6619960792559}"
"U(0.0001,0.1), eps=1e-07",0.0001,0.1,1e-07,linear,10178512513120,find_phi_fixed_budget_linear_search,"{""m_exploration"": 139247, ""lookback_window"": 5, ""safeguard"": 1, ""inc"": 2, ""budget"": 10178512513120}"
"U(0.0001,0.1), eps=1e-07",0.0001,0.1,1e-07,linear,15649959301297,find_phi_fixed_budget_linear_search,"{""m_exploration"": 139247, ""lookback_window"": 5, ""safeguard"": 1, ""inc"": 2, ""budget"": 15649959301297}"
"U(0.0001,0.1), eps=1e-07",0.0001,0.1,1e-07,linear,24062575530223,find_phi_fixed_budget_linear_search,"{""m_exploration"": 6, ""lookback_window"": 1, ""safeguard"": 2, ""inc"": 1, ""budget"": 24062575530223}"
"U(0.0001,0.1), eps=1e-07",0.0001,0.1,1e-07,linear,36997383188063,find_phi_fixed_budget_linear_search,"{""m_exploration"": 3, ""lookback_window"": 1, ""safeguard"": 5, ""inc"": 1, ""budget"": 36997383188063}"
"U(0.0001,0.1), eps=1e-07",0.0001,0.1,1e-07,linear,56885280673514,find_phi_fixed_budget_linear_search,"{""m_exploration"": 3, ""lookback_window"": 1, ""safeguard"": 5, ""inc"": 1, ""budget"": 56885280673514}"
"U(0.0001,0.1), eps=1e-07",0.0001,0.1,1e-07,linear,87463892807113,find_phi_fixed_budget_linear_search,"{""m_exploration"": 3, ""lookback_window"": 1, ""safeguard"": 5, ""inc"": 1, ""budget"": 87463892807113}"
"U(0.0001,0.1), eps=1e-07",0.0001,0.1,1e-07,linear,134480000000000,find_phi_fixed_budget_linear_search,"{""m_exploration"": 3, ""lookback_window"": 1, ""safeguard"": 5, ""inc"": 1, ""budget"": 134480000000000}"
"U(0.0001,0.1), eps=1e-07",0.0001,0.1,1e-07,reverse_eng,89653333333,find_phi_fixed_budget_reverse_engineering,"{""m_exploration"": 300000, ""safeguard"": 0.95, ""budget"": 89653333333}"
"U(0.0001,0.1), eps=1e-07",0.0001,0.1,1e-07,reverse_eng,137846371567,find_phi_fixed_budget_reverse_engineering,"{""m_exploration"": 300000, ""safeguard"": 0.95, ""budget"": 137846371567}"
"U(0.0001,0.1), eps=1e-07",0.0001,0.1,1e-07,reverse_eng,211945517784,find_phi_fixed_budget_reverse_engineering,"{""m_exploration"": 300000, ""safeguard"": 0.95, ""budget"": 211945517784}"
"U(0.0001,0.1), eps=1e-07",0.0001,0.1,1e-07,reverse_eng,325876568225,find_phi_fixed_budget_reverse_engineering,"{""m_exploration"": 300000, ""safeguard"": 0.95, ""budget"": 325876568225}"
"U(0.0001,0.1), eps=1e-07",0.0001,0.1,1e-07,reverse_eng,501051113648,find_phi_fixed_budget_reverse_engineering,"{""m_exploration"": 300000, ""safeguard"": 0.95, ""budget"": 501051113648}"
"U(0.0001,0.1), eps=1e-07",0.0001,0.1,1e-07,reverse_eng,770390518885,find_phi_fixed_budget_reverse_engineering,"{""m_exploration"": 300000, ""safeguard"": 0.95, ""budget"": 770390518885}"
"U(0.0001,0.1), eps=1e-07",0.0001,0.1,1e-07,reverse_eng,1184512987641,find_phi_fixed_budget_reverse_engineering,"{""m_exploration"": 300000, ""safeguard"": 0.95, ""budget"": 1184512987641}"
"U(0.0001,0.1), eps=1e-07",0.0001,0.1,1e-07,reverse_eng,1821246476295,find_phi_fixed_budget_reverse_engineering,"{""m_exploration"": 300000, ""safeguard"": 0.95, ""budget"": 1821246476295}"
"U(0.0001,0.1), eps=1e-07",0.0001,0.1,1e-07,reverse_eng,2800255262733,find_phi_fixed_budget_reverse_engineering,"{""m_exploration"": 300000, ""safeguard"": 0.95, ""budget"": 2800255262733}"
"U(0.0001,0.1), eps=1e-07",0.0001,0.1,1e-07,reverse_eng,4305529009129,find_phi_fixed_budget_reverse_engineering,"{""m_exploration"": 300000, ""safeguard"": 0.95, ""budget"": 4305529009129}"
"U(0.0001,0.1), eps=1e-07",0.0001,0.1,1e-07,reverse_eng,6619960792559,find_phi_fixed_budget_reverse_engineering,"{""m_exploration"": 65726, ""safeguard"": 0.9, ""budget"": 6619960792559}"
"U(0.0001,0.1), eps=1e-07",0.0001,0.1,1e-07,reverse_eng,10178512513120,find_phi_fixed_budget_reverse_engineering,"{""m_exploration"": 180853, ""safeguard"": 0.9, ""budget"": 10178512513120}"
"U(0.0001,0.1), eps=1e-07",0.0001,0.1,1e-07,reverse_eng,15649959301297,find_phi_fixed_budget_reverse_engineering,"{""m_exploration"": 180853, ""safeguard"": 0.8, ""budget"": 15649959301297}"
"U(0.0001,0.1), eps=1e-07",0.0001,0.1,1e-07,reverse_eng,24062575530223,find_phi_fixed_budget_reverse_engineering,"{""m_exploration"": 180853, ""safeguard"": 0.8, ""budget"": 24062575530223}"
"U(0.0001,0.1), eps=1e-07",0.0001,0.1,1e-07,reverse_eng,36997383188063,find_phi_fixed_budget_reverse_engineering,"{""m_exploration"": 180853, ""safeguard"": 0.8, ""budget"": 36997383188063}"
"U(0.0001,0.1), eps=1e-07",0.0001,0.1,1e-07,reverse_eng,56885280673514,find_phi_fixed_budget_reverse_engineering,"{""m_exploration"": 180853, ""safeguard"": 0.8, ""budget"": 56885280673514}"
"U(0.0001,0.1), eps=1e-07",0.0001,0.1,1e-07,reverse_eng,87463892807113,find_phi_fixed_budget_reverse_engineering,"{""m_exploration"": 180853, ""safeguard"": 0.8, ""budget"": 87463892807113}"
"U(0.0001,0.1), eps=1e-07",0.0001,0.1,1e-07,reverse_eng,134480000000000,find_phi_fixed_budget_reverse_engineering,"{""m_exploration"": 180853, ""safeguard"": 0.8, ""budget"": 134480000000000}"
"U(0.0001,0.1), eps=1e-07",0.0001,0.1,1e-07,binary,89653333333,find_phi_fixed_budget_binary_search,"{""m_exploration"": 143180, ""safeguard"": 2, ""conf"": 0.9, ""budget"": 89653333333}"
"U(0.0001,0.1), eps=1e-07",0.0001,0.1,1e-07,binary,137846371567,find_phi_fixed_budget_binary_search,"{""m_exploration"": 143180, ""safeguard"": 2, ""conf"": 0.9, ""budget"": 137846371567}"
"U(0.0001,0.1), eps=1e-07",0.0001,0.1,1e-07,binary,211945517784,find_phi_fixed_budget_binary_search,"{""m_exploration"": 143180, ""safeguard"": 2, ""conf"": 0.9, ""budget"": 211945517784}"
"U(0.0001,0.1), eps=1e-07",0.0001,0.1,1e-07,binary,325876568225,find_phi_fixed_budget_binary_search,"{""m_exploration"": 143180, ""safeguard"": 2, ""conf"": 0.9, ""budget"": 325876568225}"
"U(0.0001,0.1), eps=1e-07",0.0001,0.1,1e-07,binary,501051113648,find_phi_fixed_budget_binary_search,"{""m_exploration"": 143180, ""safeguard"": 2, ""conf"": 0.9, ""budget"": 501051113648}"
"U(0.0001,0.1), eps=1e-07",0.0001,0.1,1e-07,binary,770390518885,find_phi_fixed_budget_binary_search,"{""m_exploration"": 143180, ""safeguard"": 2, ""conf"": 0.9, ""budget"": 770390518885}"
"U(0.0001,0.1), eps=1e-07",0.0001,0.1,1e-07,binary,1184512987641,find_phi_fixed_budget_binary_search,"{""m_exploration"": 143180, ""safeguard"": 2, ""conf"": 0.9, ""budget"": 1184512987641}"
"U(0.0001,0.1), eps=1e-07",0.0001,0.1,1e-07,binary,1821246476295,find_phi_fixed_budget_binary_search,"{""m_exploration"": 143180, ""safeguard"": 2, ""conf"": 0.9, ""budget"": 1821246476295}"
"U(0.0001,0.1), eps=1e-07",0.0001,0.1,1e-07,binary,2800255262733,find_phi_fixed_budget_binary_search,"{""m_exploration"": 143180, ""safeguard"": 2, ""conf"": 0.9, ""budget"": 2800255262733}"
"U(0.0001,0.1), eps=1e-07",0.0001,0.1,1e-07,binary,4305529009129,find_phi_fixed_budget_binary_search,"{""m_exploration"": 143180, ""safeguard"": 2, ""conf"": 0.9, ""budget"": 4305529009129}"
"U(0.0001,0.1), eps=1e-07",0.0001,0.1,1e-07,binary,6619960792559,find_phi_fixed_budget_binary_search,"{""m_exploration"": 143180, ""safeguard"": 2, ""conf"": 0.9, ""budget"": 6619960792559}"
"U(0.0001,0.1), eps=1e-07",0.0001,0.1,1e-07,binary,10178512513120,find_phi_fixed_budget_binary_search,"{""m_exploration"": 143180, ""safeguard"": 2, ""conf"": 0.8, ""budget"": 10178512513120}"
"U(0.0001,0.1), eps=1e-07",0.0001,0.1,1e-07,binary,15649959301297,find_phi_fixed_budget_binary_search,"{""m_exploration"": 68335, ""safeguard"": 2, ""conf"": 0.5, ""budget"": 15649959301297}"
"U(0.0001,0.1), eps=1e-07",0.0001,0.1,1e-07,binary,24062575530223,find_phi_fixed_budget_binary_search,"{""m_exploration"": 68335, ""safeguard"": 2, ""conf"": 0.5, ""budget"": 24062575530223}"
"U(0.0001,0.1), eps=1e-07",0.0001,0.1,1e-07,binary,36997383188063,find_phi_fixed_budget_binary_search,"{""m_exploration"": 68335, ""safeguard"": 2, ""conf"": 0.5, ""budget"": 36997383188063}"
"U(0.0001,0.1), eps=1e-07",0.0001,0.1,1e-07,binary,56885280673514,find_phi_fixed_budget_binary_search,"{""m_exploration"": 68335, ""safeguard"": 2, ""conf"": 0.5, ""budget"": 56885280673514}"
"U(0.0001,0.1), eps=1e-07",0.0001,0.1,1e-07,binary,87463892807113,find_phi_fixed_budget_binary_search,"{""m_exploration"": 68335, ""safeguard"": 2, ""conf"": 0.5, ""budget"": 87463892807113}"
"U(0.0001,0.1), eps=1e-07",0.0001,0.1,1e-07,binary,134480000000000,find_phi_fixed_budget_binary_search,"{""m_exploration"": 68335, ""safeguard"": 2, ""conf"": 0.5, ""budget"": 134480000000000}"
"U(0.0001,0.1), eps=1e-07",0.0001,0.1,1e-07,reverse_eng_risk,89653333333,find_phi_fixed_budget_reverse_engineering_risk,"{""m_exploration"": 300000, ""eps_target"": 1e-07, ""budget"": 89653333333}"
"U(0.0001,0.1), eps=1e-07",0.0001,0.1,1e-07,reverse_eng_risk,137846371567,find_phi_fixed_budget_reverse_engineering_risk,"{""m_exploration"": 300000, ""eps_target"": 1e-07, ""budget"": 137846371567}"
"U(0.0001,0.1), eps=1e-07",0.0001,0.1,1e-07,reverse_eng_risk,211945517784,find_phi_fixed_budget_reverse_engineering_risk,"{""m_exploration"": 300000, ""eps_target"": 1e-07, ""budget"": 211945517784}"
"U(0.0001,0.1), eps=1e-07",0.0001,0.1,1e-07,reverse_eng_risk,325876568225,find_phi_fixed_budget_reverse_engineering_risk,"{""m_exploration"": 180853, ""eps_target"": 1e-07, ""budget"": 325876568225}"
"U(0.0001,0.1), eps=1e-07",0.0001,0.1,1e-07,reverse_eng_risk,501051113648,find_phi_fixed_budget_reverse_engineering_risk,"{""m_exploration"": 180853, ""eps_target"": 1e-07, ""budget"": 501051113648}"
"U(0.0001,0.1), eps=1e-07",0.0001,0.1,1e-07,reverse_eng_risk,770390518885,find_phi_fixed_budget_reverse_engineering_risk,"{""m_exploration"": 180853, ""eps_target"": 1e-07, ""budget"": 770390518885}"
"U(0.0001,0.1), eps=1e-07",0.0001,0.1,1e-07,reverse_eng_risk,1184512987641,find_phi_fixed_budget_reverse_engineering_risk,"{""m_exploration"": 5233, ""eps_target"": 1e-07, ""budget"": 1184512987641}"
"U(0.0001,0.1), eps=1e-07",0.0001,0.1,1e-07,reverse_eng_risk,1821246476295,find_phi_fixed_budget_reverse_engineering_risk,"{""m_exploration"": 3154, ""eps_target"": 1e-07, ""budget"": 1821246476295}"
"U(0.0001,0.1), eps=1e-07",0.0001,0.1,1e-07,reverse_eng_risk,2800255262733,find_phi_fixed_budget_reverse_engineering_risk,"{""m_exploration"": 3154, ""eps_target"": 1e-07, ""budget"": 2800255262733}"
"U(0.0001,0.1), eps=1e-07",0.0001,0.1,1e-07,reverse_eng_risk,4305529009129,find_phi_fixed_budget_reverse_engineering_risk,"{""m_exploration"": 1901, ""eps_target"": 1e-07, ""budget"": 4305529009129}"
"U(0.0001,0.1), eps=1e-07",0.0001,0.1,1e-07,reverse_eng_risk,6619960792559,find_phi_fixed_budget_reverse_engineering_risk,"{""m_exploration"": 65726, ""eps_target"": 1e-07, ""budget"": 6619960792559}"
"U(0.0001,0.1), eps=1e-07",0.0001,0.1,1e-07,reverse_eng_risk,10178512513120,find_phi_fixed_budget_reverse_engineering_risk,"{""m_exploration"": 251, ""eps_target"": 1e-07, ""budget"": 10178512513120}"
"U(0.0001,0.1), eps=1e-07",0.0001,0.1,1e-07,reverse_eng_risk,15649959301297,find_phi_fixed_budget_reverse_engineering_risk,"{""m_exploration"": 1146, ""eps_target"": 1e-07, ""budget"": 15649959301297}"
"U(0.0001,0.1), eps=1e-07",0.0001,0.1,1e-07,reverse_eng_risk,24062575530223,find_phi_fixed_budget_reverse_engineering_risk,"{""m_exploration"": 20, ""eps_target"": 1e-07, ""budget"": 24062575530223}"
"U(0.0001,0.1), eps=1e-07",0.0001,0.1,1e-07,reverse_eng_risk,36997383188063,find_phi_fixed_budget_reverse_engineering_risk,"{""m_exploration"": 20, ""eps_target"": 1e-07, ""budget"": 36997383188063}"
"U(0.0001,0.1), eps=1e-07",0.0001,0.1,1e-07,reverse_eng_risk,56885280673514,find_phi_fixed_budget_reverse_engineering_risk,"{""m_exploration"": 20, ""eps_target"": 1e-07, ""budget"": 56885280673514}"
"U(0.0001,0.1), eps=1e-07",0.0001,0.1,1e-07,reverse_eng_risk,87463892807113,find_phi_fixed_budget_reverse_engineering_risk,"{""m_exploration"": 20, ""eps_target"": 1e-07, ""budget"": 87463892807113}"
"U(0.0001,0.1), eps=1e-07",0.0001,0.1,1e-07,reverse_eng_risk,134480000000000,find_phi_fixed_budget_reverse_engineering_risk,"{""m_exploration"": 20, ""eps_target"": 1e-07, ""budget"": 134480000000000}"
"U(0.0001,0.1), eps=1e-07",0.0001,0.1,1e-07,binary_risk,89653333333,find_phi_fixed_budget_binary_search_risk,"{""m_exploration"": 32614, ""conf"": 0.5, ""eps_target"": 1e-07, ""budget"": 89653333333}"
"U(0.0001,0.1), eps=1e-07",0.0001,0.1,1e-07,binary_risk,137846371567,find_phi_fixed_budget_binary_search_risk,"{""m_exploration"": 32614, ""conf"": 0.5, ""eps_target"": 1e-07, ""budget"": 137846371567}"
"U(0.0001,0.1), eps=1e-07",0.0001,0.1,1e-07,binary_risk,211945517784,find_phi_fixed_budget_binary_search_risk,"{""m_exploration"": 143180, ""conf"": 0.8, ""eps_target"": 1e-07, ""budget"": 211945517784}"
"U(0.0001,0.1), eps=1e-07",0.0001,0.1,1e-07,binary_risk,325876568225,find_phi_fixed_budget_binary_search_risk,"{""m_exploration"": 300000, ""conf"": 0.5, ""eps_target"": 1e-07, ""budget"": 325876568225}"
"U(0.0001,0.1), eps=1e-07",0.0001,0.1,1e-07,binary_risk,501051113648,find_phi_fixed_budget_binary_search_risk,"{""m_exploration"": 143180, ""conf"": 0.5, ""eps_target"": 1e-07, ""budget"": 501051113648}"
"U(0.0001,0.1), eps=1e-07",0.0001,0.1,1e-07,binary_risk,770390518885,find_phi_fixed_budget_binary_search_risk,"{""m_exploration"": 7429, ""conf"": 0.5, ""eps_target"": 1e-07, ""budget"": 770390518885}"
"U(0.0001,0.1), eps=1e-07",0.0001,0.1,1e-07,binary_risk,1184512987641,find_phi_fixed_budget_binary_search_risk,"{""m_exploration"": 7429, ""conf"": 0.5, ""eps_target"": 1e-07, ""budget"": 1184512987641}"
"U(0.0001,0.1), eps=1e-07",0.0001,0.1,1e-07,binary_risk,1821246476295,find_phi_fixed_budget_binary_search_risk,"{""m_exploration"": 15565, ""conf"": 0.9, ""eps_target"": 1e-07, ""budget"": 1821246476295}"
"U(0.0001,0.1), eps=1e-07",0.0001,0.1,1e-07,binary_risk,2800255262733,find_phi_fixed_budget_binary_search_risk,"{""m_exploration"": 7429, ""conf"": 0.5, ""eps_target"": 1e-07, ""budget"": 2800255262733}"
"U(0.0001,0.1), eps=1e-07",0.0001,0.1,1e-07,binary_risk,4305529009129,find_phi_fixed_budget_binary_search_risk,"{""m_exploration"": 3545, ""conf"": 0.5, ""eps_target"": 1e-07, ""budget"": 4305529009129}"
"U(0.0001,0.1), eps=1e-07",0.0001,0.1,1e-07,binary_risk,6619960792559,find_phi_fixed_budget_binary_search_risk,"{""m_exploration"": 3545, ""conf"": 0.5, ""eps_target"": 1e-07, ""budget"": 6619960792559}"
"U(0.0001,0.1), eps=1e-07",0.0001,0.1,1e-07,binary_risk,10178512513120,find_phi_fixed_budget_binary_search_risk,"{""m_exploration"": 3545, ""conf"": 0.8, ""eps_target"": 1e-07, ""budget"": 10178512513120}"
"U(0.0001,0.1), eps=1e-07",0.0001,0.1,1e-07,binary_risk,15649959301297,find_phi_fixed_budget_binary_search_risk,"{""m_exploration"": 385, ""conf"": 0.5, ""eps_target"": 1e-07, ""budget"": 15649959301297}"
"U(0.0001,0.1), eps=1e-07",0.0001,0.1,1e-07,binary_risk,24062575530223,find_phi_fixed_budget_binary_search_risk,"{""m_exploration"": 87, ""conf"": 0.5, ""eps_target"": 1e-07, ""budget"": 24062575530223}"
"U(0.0001,0.1), eps=1e-07",0.0001,0.1,1e-07,binary_risk,36997383188063,find_phi_fixed_budget_binary_search_risk,"{""m_exploration"": 20, ""conf"": 0.5, ""eps_target"": 1e-07, ""budget"": 36997383188063}"
"U(0.0001,0.1), eps=1e-07",0.0001,0.1,1e-07,binary_risk,56885280673514,find_phi_fixed_budget_binary_search_risk,"{""m_exploration"": 20, ""conf"": 0.5, ""eps_target"": 1e-07, ""budget"": 56885280673514}"
"U(0.0001,0.1), eps=1e-07",0.0001,0.1,1e-07,binary_risk,87463892807113,find_phi_fixed_budget_binary_search_risk,"{""m_exploration"": 20, ""conf"": 0.5, ""eps_target"": 1e-07, ""budget"": 87463892807113}"
"U(0.0001,0.1), eps=1e-07",0.0001,0.1,1e-07,binary_risk,134480000000000,find_phi_fixed_budget_binary_search_risk,"{""m_exploration"": 20, ""conf"": 0.5, ""eps_target"": 1e-07, ""budget"": 134480000000000}"
"U(0.0001,0.1), eps=1e-08",0.0001,0.1,1e-08,linear,8965333333333,find_phi_fixed_budget_linear_search,"{""m_exploration"": 300000, ""lookback_window"": 5, ""safeguard"": 0, ""inc"": 5, ""budget"": 8965333333333}"
"U(0.0001,0.1), eps=1e-08",0.0001,0.1,1e-08,linear,13784637156792,find_phi_fixed_budget_linear_search,"{""m_exploration"": 300000, ""lookback_window"": 5, ""safeguard"": 0, ""inc"": 5, ""budget"": 13784637156792}"
"U(0.0001,0.1), eps=1e-08",0.0001,0.1,1e-08,linear,21194551778453,find_phi_fixed_budget_linear_search,"{""m_exploration"": 300000, ""lookback_window"": 5, ""safeguard"": 0, ""inc"": 5, ""budget"": 21194551778453}"
"U(0.0001,0.1), eps=1e-08",0.0001,0.1,1e-08,linear,32587656822595,find_phi_fixed_budget_linear_search,"{""m_exploration"": 300000, ""lookback_window"": 5, ""safeguard"": 0, ""inc"": 5, ""budget"": 32587656822595}"
"U(0.0001,0.1), eps=1e-08",0.0001,0.1,1e-08,linear,50105111364837,find_phi_fixed_budget_linear_search,"{""m_exploration"": 300000, ""lookback_window"": 5, ""safeguard"": 0, ""inc"": 5, ""budget"": 50105111364837}"
"U(0.0001,0.1), eps=1e-08",0.0001,0.1,1e-08,linear,77039051888567,find_phi_fixed_budget_linear_search,"{""m_exploration"": 300000, ""lookback_window"": 5, ""safeguard"": 0, ""inc"": 5, ""budget"": 77039051888567}"
"U(0.0001,0.1), eps=1e-08",0.0001,0.1,1e-08,linear,118451298764191,find_phi_fixed_budget_linear_search,"{""m_exploration"": 6463, ""lookback_window"": 5, ""safeguard"": 1, ""inc"": 2, ""budget"": 118451298764191}"
"U(0.0001,0.1), eps=1e-08",0.0001,0.1,1e-08,linear,182124647629598,find_phi_fixed_budget_linear_search,"{""m_exploration"": 300000, ""lookback_window"": 5, ""safeguard"": 0, ""inc"": 5, ""budget"": 182124647629598}"
"U(0.0001,0.1), eps=1e-08",0.0001,0.1,1e-08,linear,280025526273357,find_phi_fixed_budget_linear_search,"{""m_exploration"": 300000, ""lookback_window"": 5, ""safeguard"": 0, ""inc"": 2, ""budget"": 280025526273357}"
"U(0.0001,0.1), eps=1e-08",0.0001,0.1,1e-08,linear,430552900912940,find_phi_fixed_budget_linear_search,"{""m_exploration"": 64633, ""lookback_window"": 5, ""safeguard"": 1, ""inc"": 1, ""budget"": 430552900912940}"
"U(0.0001,0.1), eps=1e-08",0.0001,0.1,1e-08,linear,661996079255956,find_phi_fixed_budget_linear_search,"{""m_exploration"": 300000, ""lookback_window"": 5, ""safeguard"": 0, ""inc"": 5, ""budget"": 661996079255956}"
"U(0.0001,0.1), eps=1e-08",0.0001,0.1,1e-08,linear,1017851251312025,find_phi_fixed_budget_linear_search,"{""m_exploration"": 139247, ""lookback_window"": 5, ""safeguard"": 1, ""inc"": 2, ""budget"": 1017851251312025}"
"U(0.0001,0.1), eps=1e-08",0.0001,0.1,1e-08,linear,1564995930129799,find_phi_fixed_budget_linear_search,"{""m_exploration"": 139247, ""lookback_window"": 5, ""safeguard"": 1, ""inc"": 2, ""budget"": 1564995930129799}"
"U(0.0001,0.1), eps=1e-08",0.0001,0.1,1e-08,linear,2406257553022374,find_phi_fixed_budget_linear_search,"{""m_exploration"": 6, ""lookback_window"": 1, ""safeguard"": 2, ""inc"": 1, ""budget"": 2406257553022374}"
"U(0.0001,0.1), eps=1e-08",0.0001,0.1,1e-08,linear,3699738318806362,find_phi_fixed_budget_linear_search,"{""m_exploration"": 3, ""lookback_window"": 1, ""safeguard"": 5, ""inc"": 1, ""budget"": 3699738318806362}"
"U(0.0001,0.1), eps=1e-08",0.0001,0.1,1e-08,linear,5688528067351421,find_phi_fixed_budget_linear_search,"{""m_exploration"": 3, ""lookback_window"": 1, ""safeguard"": 5, ""inc"": 1, ""budget"": 5688528067351421}"
"U(0.0001,0.1), eps=1e-08",0.0001,0.1,1e-08,linear,8746389280711323,find_phi_fixed_budget_linear_search,"{""m_exploration"": 3, ""lookback_window"": 1, ""safeguard"": 5, ""inc"": 1, ""budget"": 8746389280711323}"
"U(0.0001,0.1), eps=1e-08",0.0001,0.1,1e-08,linear,13447999999999998,find_phi_fixed_budget_linear_search,"{""m_exploration"": 3, ""lookback_window"": 1, ""safeguard"": 5, ""inc"": 1, ""budget"": 13447999999999998}"
"U(0.0001,0.1), eps=1e-08",0.0001,0.1,1e-08,reverse_eng,8965333333333,find_phi_fixed_budget_reverse_engineering,"{""m_exploration"": 300000, ""safeguard"": 0.95, ""budget"": 8965333333333}"
"U(0.0001,0.1), eps=1e-08",0.0001,0.1,1e-08,reverse_eng,13784637156792,find_phi_fixed_budget_reverse_engineering,"{""m_exploration"": 300000, ""safeguard"": 0.95, ""budget"": 13784637156792}"
"U(0.0001,0.1), eps=1e-08",0.0001,0.1,1e-08,reverse_eng,21194551778453,find_phi_fixed_budget_reverse_engineering,"{""m_exploration"": 300000, ""safeguard"": 0.95, ""budget"": 21194551778453}"
"U(0.0001,0.1), eps=1e-08",0.0001,0.1,1e-08,reverse_eng,32587656822595,find_phi_fixed_budget_reverse_engineering,"{""m_exploration"": 300000, ""safeguard"": 0.95, ""budget"": 32587656822595}"
"U(0.0001,0.1), eps=1e-08",0.0001,0.1,1e-08,reverse_eng,50105111364837,find_phi_fixed_budget_reverse_engineering,"{""m_exploration"": 300000, ""safeguard"": 0.95, ""budget"": 50105111364837}"
"U(0.0001,0.1), eps=1e-08",0.0001,0.1,1e-08,reverse_eng,77039051888567,find_phi_fixed_budget_reverse_engineering,"{""m_exploration"": 300000, ""safeguard"": 0.95, ""budget"": 77039051888567}"
"U(0.0001,0.1), eps=1e-08",0.0001,0.1,1e-08,reverse_eng,118451298764191,find_phi_fixed_budget_reverse_engineering,"{""m_exploration"": 300000, ""safeguard"": 0.95, ""budget"": 118451298764191}"
"U(0.0001,0.1), eps=1e-08",0.0001,0.1,1e-08,reverse_eng,182124647629598,find_phi_fixed_budget_reverse_engineering,"{""m_exploration"": 300000, ""safeguard"": 0.95, ""budget"": 182124647629598}"
"U(0.0001,0.1), eps=1e-08",0.0001,0.1,1e-08,reverse_eng,280025526273357,find_phi_fixed_budget_reverse_engineering,"{""m_exploration"": 300000, ""safeguard"": 0.95, ""budget"": 280025526273357}"
"U(0.0001,0.1), eps=1e-08",0.0001,0.1,1e-08,reverse_eng,430552900912940,find_phi_fixed_budget_reverse_engineering,"{""m_exploration"": 300000, ""safeguard"": 0.95, ""budget"": 430552900912940}"
"U(0.0001,0.1), eps=1e-08",0.0001,0.1,1e-08,reverse_eng,661996079255956,find_phi_fixed_budget_reverse_engineering,"{""m_exploration"": 65726, ""safeguard"": 0.9, ""budget"": 661996079255956}"
"U(0.0001,0.1), eps=1e-08",0.0001,0.1,1e-08,reverse_eng,1017851251312025,find_phi_fixed_budget_reverse_engineering,"{""m_exploration"": 180853, ""safeguard"": 0.9, ""budget"": 1017851251312025}"
"U(0.0001,0.1), eps=1e-08",0.0001,0.1,1e-08,reverse_eng,1564995930129799,find_phi_fixed_budget_reverse_engineering,"{""m_exploration"": 180853, ""safeguard"": 0.8, ""budget"": 1564995930129799}"
"U(0.0001,0.1), eps=1e-08",0.0001,0.1,1e-08,reverse_eng,2406257553022374,find_phi_fixed_budget_reverse_engineering,"{""m_exploration"": 180853, ""safeguard"": 0.8, ""budget"": 2406257553022374}"
"U(0.0001,0.1), eps=1e-08",0.0001,0.1,1e-08,reverse_eng,3699738318806362,find_phi_fixed_budget_reverse_engineering,"{""m_exploration"": 180853, ""safeguard"": 0.8, ""budget"": 3699738318806362}"
"U(0.0001,0.1), eps=1e-08",0.0001,0.1,1e-08,reverse_eng,5688528067351421,find_phi_fixed_budget_reverse_engineering,"{""m_exploration"": 180853, ""safeguard"": 0.8, ""budget"": 5688528067351421}"
"U(0.0001,0.1), eps=1e-08",0.0001,0.1,1e-08,reverse_eng,8746389280711323,find_phi_fixed_budget_reverse_engineering,"{""m_exploration"": 180853, ""safeguard"": 0.8, ""budget"": 8746389280711323}"
"U(0.0001,0.1), eps=1e-08",0.0001,0.1,1e-08,reverse_eng,13447999999999998,find_phi_fixed_budget_reverse_engineering,"{""m_exploration"": 180853, ""safeguard"": 0.8, ""budget"": 13447999999999998}"
"U(0.0001,0.1), eps=1e-08",0.0001,0.1,1e-08,binary,8965333333333,find_phi_fixed_budget_binary_search,"{""m_exploration"": 143180, ""safeguard"": 2, ""conf"": 0.9, ""budget"": 8965333333333}"
"U(0.0001,0.1), eps=1e-08",0.0001,0.1,1e-08,binary,13784637156792,find_phi_fixed_budget_binary_search,"{""m_exploration"": 143180, ""safeguard"": 2, ""conf"": 0.9, ""budget"": 13784637156792}"
"U(0.0001,0.1), eps=1e-08",0.0001,0.1,1e-08,binary,21194551778453,find_phi_fixed_budget_binary_search,"{""m_exploration"": 143180, ""safeguard"": 2, ""conf"": 0.9, ""budget"": 21194551778453}"
"U(0.0001,0.1), eps=1e-08",0.0001,0.1,1e-08,binary,32587656822595,find_phi_fixed_budget_binary_search,"{""m_exploration"": 143180, ""safeguard"": 2, ""conf"": 0.9, ""budget"": 32587656822595}"
"U(0.0001,0.1), eps=1e-08",0.0001,0.1,1e-08,binary,50105111364837,find_phi_fixed_budget_binary_search,"{""m_exploration"": 143180, ""safeguard"": 2, ""conf"": 0.9, ""budget"": 50105111364837}"
"U(0.0001,0.1), eps=1e-08",0.0001,0.1,1e-08,binary,77039051888567,find_phi_fixed_budget_binary_search,"{""m_exploration"": 143180, ""safeguard"": 2, ""conf"": 0.9, ""budget"": 77039051888567}"
"U(0.0001,0.1), eps=1e-08",0.0001,0.1,1e-08,binary,118451298764191,find_phi_fixed_budget_binary_search,"{""m_exploration"": 143180, ""safeguard"": 2, ""conf"": 0.9, ""budget"": 118451298764191}"
"U(0.0001,0.1), eps=1e-08",0.0001,0.1,1e-08,binary,182124647629598,find_phi_fixed_budget_binary_search,"{""m_exploration"": 143180, ""safeguard"": 2, ""conf"": 0.9, ""budget"": 182124647629598}"
"U(0.0001,0.1), eps=1e-08",0.0001,0.1,1e-08,binary,280025526273357,find_phi_fixed_budget_binary_search,"{""m_exploration"": 143180, ""safeguard"": 2, ""conf"": 0.9, ""budget"": 280025526273357}"
"U(0.0001,0.1), eps=1e-08",0.0001,0.1,1e-08,binary,430552900912940,find_phi_fixed_budget_binary_search,"{""m_exploration"": 143180, ""safeguard"": 2, ""conf"": 0.9, ""budget"": 430552900912940}"
"U(0.0001,0.1), eps=1e-08",0.0001,0.1,1e-08,binary,661996079255956,find_phi_fixed_budget_binary_search,"{""m_exploration"": 143180, ""safeguard"": 2, ""conf"": 0.9, ""budget"": 661996079255956}"
"U(0.0001,0.1), eps=1e-08",0.0001,0.1,1e-08,binary,1017851251312025,find_phi_fixed_budget_binary_search,"{""m_exploration"": 143180, ""safeguard"": 2, ""conf"": 0.8, ""budget"": 1017851251312025}"
"U(0.0001,0.1), eps=1e-08",0.0001,0.1,1e-08,binary,1564995930129799,find_phi_fixed_budget_binary_search,"{""m_exploration"": 68335, ""safeguard"": 2, ""conf"": 0.5, ""budget"": 1564995930129799}"
"U(0.0001,0.1), eps=1e-08",0.0001,0.1,1e-08,binary,2406257553022374,find_phi_fixed_budget_binary_search,"{""m_exploration"": 68335, ""safeguard"": 2, ""conf"": 0.5, ""budget"": 2406257553022374}"
"U(0.0001,0.1), eps=1e-08",0.0001,0.1,1e-08,binary,3699738318806362,find_phi_fixed_budget_binary_search,"{""m_exploration"": 68335, ""safeguard"": 2, ""conf"": 0.5, ""budget"": 3699738318806362}"
"U(0.0001,0.1), eps=1e-08",0.0001,0.1,1e-08,binary,5688528067351421,find_phi_fixed_budget_binary_search,"{""m_exploration"": 68335, ""safeguard"": 2, ""conf"": 0.5, ""budget"": 5688528067351421}"
"U(0.0001,0.1), eps=1e-08",0.0001,0.1,1e-08,binary,8746389280711323,find_phi_fixed_budget_binary_search,"{""m_exploration"": 68335, ""safeguard"": 2, ""conf"": 0.5, ""budget"": 8746389280711323}"
"U(0.0001,0.1), eps=1e-08",0.0001,0.1,1e-08,binary,13447999999999998,find_phi_fixed_budget_binary_search,"{""m_exploration"": 68335, ""safeguard"": 2, ""conf"": 0.5, ""budget"": 13447999999999998}"
"U(0.0001,0.1), eps=1e-08",0.0001,0.1,1e-08,reverse_eng_risk,8965333333333,find_phi_fixed_budget_reverse_engineering_risk,"{""m_exploration"": 300000, ""eps_target"": 1e-08, ""budget"": 8965333333333}"
"U(0.0001,0.1), eps=1e-08",0.0001,0.1,1e-08,reverse_eng_risk,13784637156792,find_phi_fixed_budget_reverse_engineering_risk,"{""m_exploration"": 300000, ""eps_target"": 1e-08, ""budget"": 13784637156792}"
"U(0.0001,0.1), eps=1e-08",0.0001,0.1,1e-08,reverse_eng_risk,21194551778453,find_phi_fixed_budget_reverse_engineering_risk,"{""m_exploration"": 300000, ""eps_target"": 1e-08, ""budget"": 21194551778453}"
"U(0.0001,0.1), eps=1e-08",0.0001,0.1,1e-08,reverse_eng_risk,32587656822595,find_phi_fixed_budget_reverse_engineering_risk,"{""m_exploration"": 180853, ""eps_target"": 1e-08, ""budget"": 32587656822595}"
"U(0.0001,0.1), eps=1e-08",0.0001,0.1,1e-08,reverse_eng_risk,50105111364837,find_phi_fixed_budget_reverse_engineering_risk,"{""m_exploration"": 180853, ""eps_target"": 1e-08, ""budget"": 50105111364837}"
"U(0.0001,0.1), eps=1e-08",0.0001,0.1,1e-08,reverse_eng_risk,77039051888567,find_phi_fixed_budget_reverse_engineering_risk,"{""m_exploration"": 180853, ""eps_target"": 1e-08, ""budget"": 77039051888567}"
"U(0.0001,0.1), eps=1e-08",0.0001,0.1,1e-08,reverse_eng_risk,118451298764191,find_phi_fixed_budget_reverse_engineering_risk,"{""m_exploration"": 5233, ""eps_target"": 1e-08, ""budget"": 118451298764191}"
"U(0.0001,0.1), eps=1e-08",0.0001,0.1,1e-08,reverse_eng_risk,182124647629598,find_phi_fixed_budget_reverse_engineering_risk,"{""m_exploration"": 3154, ""eps_target"": 1e-08, ""budget"": 182124647629598}"
"U(0.0001,0.1), eps=1e-08",0.0001,0.1,1e-08,reverse_eng_risk,280025526273357,find_phi_fixed_budget_reverse_engineering_risk,"{""m_exploration"": 3154, ""eps_target"": 1e-08, ""budget"": 280025526273357}"
"U(0.0001,0.1), eps=1e-08",0.0001,0.1,1e-08,reverse_eng_risk,430552900912940,find_phi_fixed_budget_reverse_engineering_risk,"{""m_exploration"": 1901, ""eps_target"": 1e-08, ""budget"": 430552900912940}"
"U(0.0001,0.1), eps=1e-08",0.0001,0.1,1e-08,reverse_eng_risk,661996079255956,find_phi_fixed_budget_reverse_engineering_risk,"{""m_exploration"": 65726, ""eps_target"": 1e-08, ""budget"": 661996079255956}"
"U(0.0001,0.1), eps=1e-08",0.0001,0.1,1e-08,reverse_eng_risk,1017851251312025,find_phi_fixed_budget_reverse_engineering_risk,"{""m_exploration"": 251, ""eps_target"": 1e-08, ""budget"": 1017851251312025}"
"U(0.0001,0.1), eps=1e-08",0.0001,0.1,1e-08,reverse_eng_risk,1564995930129799,find_phi_fixed_budget_reverse_engineering_risk,"{""m_exploration"": 1146, ""eps_target"": 1e-08, ""budget"": 1564995930129799}"
"U(0.0001,0.1), eps=1e-08",0.0001,0.1,1e-08,reverse_eng_risk,2406257553022374,find_phi_fixed_budget_reverse_engineering_risk,"{""m_exploration"": 20, ""eps_target"": 1e-08, ""budget"": 2406257553022374}"
"U(0.0001,0.1), eps=1e-08",0.0001,0.1,1e-08,reverse_eng_risk,3699738318806362,find_phi_fixed_budget_reverse_engineering_risk,"{""m_exploration"": 20, ""eps_target"": 1e-08, ""budget"": 3699738318806362}"
"U(0.0001,0.1), eps=1e-08",0.0001,0.1,1e-08,reverse_eng_risk,5688528067351421,find_phi_fixed_budget_reverse_engineering_risk,"{""m_exploration"": 20, ""eps_target"": 1e-08, ""budget"": 5688528067351421}"
"U(0.0001,0.1), eps=1e-08",0.0001,0.1,1e-08,reverse_eng_risk,8746389280711323,find_phi_fixed_budget_reverse_engineering_risk,"{""m_exploration"": 20, ""eps_target"": 1e-08, ""budget"": 8746389280711323}"
"U(0.0001,0.1), eps=1e-08",0.0001,0.1,1e-08,reverse_eng_risk,13447999999999998,find_phi_fixed_budget_reverse_engineering_risk,"{""m_exploration"": 20, ""eps_target"": 1e-08, ""budget"": 13447999999999998}"
"U(0.0001,0.1), eps=1e-08",0.0001,0.1,1e-08,binary_risk,8965333333333,find_phi_fixed_budget_binary_search_risk,"{""m_exploration"": 143180, ""conf"": 0.8, ""eps_target"": 1e-08, ""budget"": 8965333333333}"
"U(0.0001,0.1), eps=1e-08",0.0001,0.1,1e-08,binary_risk,13784637156792,find_phi_fixed_budget_binary_search_risk,"{""m_exploration"": 300000, ""conf"": 0.5, ""eps_target"": 1e-08, ""budget"": 13784637156792}"
"U(0.0001,0.1), eps=1e-08",0.0001,0.1,1e-08,binary_risk,21194551778453,find_phi_fixed_budget_binary_search_risk,"{""m_exploration"": 143180, ""conf"": 0.8, ""eps_target"": 1e-08, ""budget"": 21194551778453}"
"U(0.0001,0.1), eps=1e-08",0.0001,0.1,1e-08,binary_risk,32587656822595,find_phi_fixed_budget_binary_search_risk,"{""m_exploration"": 300000, ""conf"": 0.5, ""eps_target"": 1e-08, ""budget"": 32587656822595}"
"U(0.0001,0.1), eps=1e-08",0.0001,0.1,1e-08,binary_risk,50105111364837,find_phi_fixed_budget_binary_search_risk,"{""m_exploration"": 143180, ""conf"": 0.5, ""eps_target"": 1e-08, ""budget"": 50105111364837}"
"U(0.0001,0.1), eps=1e-08",0.0001,0.1,1e-08,binary_risk,77039051888567,find_phi_fixed_budget_binary_search_risk,"{""m_exploration"": 7429, ""conf"": 0.5, ""eps_target"": 1e-08, ""budget"": 77039051888567}"
"U(0.0001,0.1), eps=1e-08",0.0001,0.1,1e-08,binary_risk,118451298764191,find_phi_fixed_budget_binary_search_risk,"{""m_exploration"": 7429, ""conf"": 0.5, ""eps_target"": 1e-08, ""budget"": 118451298764191}"
"U(0.0001,0.1), eps=1e-08",0.0001,0.1,1e-08,binary_risk,182124647629598,find_phi_fixed_budget_binary_search_risk,"{""m_exploration"": 15565, ""conf"": 0.9, ""eps_target"": 1e-08, ""budget"": 182124647629598}"
"U(0.0001,0.1), eps=1e-08",0.0001,0.1,1e-08,binary_risk,280025526273357,find_phi_fixed_budget_binary_search_risk,"{""m_exploration"": 7429, ""conf"": 0.5, ""eps_target"": 1e-08, ""budget"": 280025526273357}"
"U(0.0001,0.1), eps=1e-08",0.0001,0.1,1e-08,binary_risk,430552900912940,find_phi_fixed_budget_binary_search_risk,"{""m_exploration"": 3545, ""conf"": 0.5, ""eps_target"": 1e-08, ""budget"": 430552900912940}"
"U(0.0001,0.1), eps=1e-08",0.0001,0.1,1e-08,binary_risk,661996079255956,find_phi_fixed_budget_binary_search_risk,"{""m_exploration"": 3545, ""conf"": 0.5, ""eps_target"": 1e-08, ""budget"": 661996079255956}"
"U(0.0001,0.1), eps=1e-08",0.0001,0.1,1e-08,binary_risk,1017851251312025,find_phi_fixed_budget_binary_search_risk,"{""m_exploration"": 3545, ""conf"": 0.8, ""eps_target"": 1e-08, ""budget"": 1017851251312025}"
"U(0.0001,0.1), eps=1e-08",0.0001,0.1,1e-08,binary_risk,1564995930129799,find_phi_fixed_budget_binary_search_risk,"{""m_exploration"": 385, ""conf"": 0.5, ""eps_target"": 1e-08, ""budget"": 1564995930129799}"
"U(0.0001,0.1), eps=1e-08",0.0001,0.1,1e-08,binary_risk,2406257553022374,find_phi_fixed_budget_binary_search_risk,"{""m_exploration"": 87, ""conf"": 0.5, ""eps_target"": 1e-08, ""budget"": 2406257553022374}"
"U(0.0001,0.1), eps=1e-08",0.0001,0.1,1e-08,binary_risk,3699738318806362,find_phi_fixed_budget_binary_search_risk,"{""m_exploration"": 20, ""conf"": 0.5, ""eps_target"": 1e-08, ""budget"": 3699738318806362}"
"U(0.0001,0.1), eps=1e-08",0.0001,0.1,1e-08,binary_risk,5688528067351421,find_phi_fixed_budget_binary_search_risk,"{""m_exploration"": 20, ""conf"": 0.5, ""eps_target"": 1e-08, ""budget"": 5688528067351421}"
"U(0.0001,0.1), eps=1e-08",0.0001,0.1,1e-08,binary_risk,8746389280711323,find_phi_fixed_budget_binary_search_risk,"{""m_exploration"": 20, ""conf"": 0.5, ""eps_target"": 1e-08, ""budget"": 8746389280711323}"
"U(0.0001,0.1), eps=1e-08",0.0001,0.1,1e-08,binary_risk,13447999999999998,find_phi_fixed_budget_binary_search_risk,"{""m_exploration"": 20, ""conf"": 0.5, ""eps_target"": 1e-08, ""budget"": 13447999999999998}"
"U(0.0001,0.2), eps=1e-04",0.0001,0.2,0.0001,linear,192114,find_phi_fixed_budget_linear_search,"{""m_exploration"": 13, ""lookback_window"": 5, ""safeguard"": 1, ""inc"": 1, ""budget"": 192114}"
"U(0.0001,0.2), eps=1e-04",0.0001,0.2,0.0001,linear,295385,find_phi_fixed_budget_linear_search,"{""m_exploration"": 29, ""lookback_window"": 5, ""safeguard"": 2, ""inc"": 1, ""budget"": 295385}"
"U(0.0001,0.2), eps=1e-04",0.0001,0.2,0.0001,linear,454168,find_phi_fixed_budget_linear_search,"{""m_exploration"": 29, ""lookback_window"": 5, ""safeguard"": 1, ""inc"": 1, ""budget"": 454168}"
"U(0.0001,0.2), eps=1e-04",0.0001,0.2,0.0001,linear,698306,find_phi_fixed_budget_linear_search,"{""m_exploration"": 64, ""lookback_window"": 5, ""safeguard"": 2, ""inc"": 1, ""budget"": 698306}"
"U(0.0001,0.2), eps=1e-04",0.0001,0.2,0.0001,linear,1073680,find_phi_fixed_budget_linear_search,"{""m_exploration"": 64, ""lookback_window"": 5, ""safeguard"": 1, ""inc"": 1, ""budget"": 1073680}"
"U(0.0001,0.2), eps=1e-04",0.0001,0.2,0.0001,linear,1650836,find_phi_fixed_budget_linear_search,"{""m_exploration"": 64, ""lookback_window"": 5, ""safeguard"": 1, ""inc"": 1, ""budget"": 1650836}"
"U(0.0001,0.2), eps=1e-04",0.0001,0.2,0.0001,linear,2538242,find_phi_fixed_budget_linear_search,"{""m_exploration"": 139, ""lookback_window"": 5, ""safeguard"": 1, ""inc"": 1, ""budget"": 2538242}"
"U(0.0001,0.2), eps=1e-04",0.0001,0.2,0.0001,linear,3902671,find_phi_fixed_budget_linear_search,"{""m_exploration"": 300, ""lookback_window"": 5, ""safeguard"": 1, ""inc"": 1, ""budget"": 3902671}"
"U(0.0001,0.2), eps=1e-04",0.0001,0.2,0.0001,linear,6000546,find_phi_fixed_budget_linear_search,"{""m_exploration"": 300, ""lookback_window"": 5, ""safeguard"": 1, ""inc"": 1, ""budget"": 6000546}"
"U(0.0001,0.2), eps=1e-04",0.0001,0.2,0.0001,linear,9226133,find_phi_fixed_budget_linear_search,"{""m_exploration"": 646, ""lookback_window"": 5, ""safeguard"": 1, ""inc"": 1, ""budget"": 9226133}"
"U(0.0001,0.2), eps=1e-04",0.0001,0.2,0.0001,linear,14185630,find_phi_fixed_budget_linear_search,"{""m_exploration"": 646, ""lookback_window"": 5, ""safeguard"": 1, ""inc"": 1, ""budget"": 14185630}"
"U(0.0001,0.2), eps=1e-04",0.0001,0.2,0.0001,linear,21811098,find_phi_fixed_budget_linear_search,"{""m_exploration"": 646, ""lookback_window"": 5, ""safeguard"": 1, ""inc"": 1, ""budget"": 21811098}"
"U(0.0001,0.2), eps=1e-04",0.0001,0.2,0.0001,linear,33535627,find_phi_fixed_budget_linear_search,"{""m_exploration"": 6463, ""lookback_window"": 1, ""safeguard"": 1, ""inc"": 2, ""budget"": 33535627}"
"U(0.0001,0.2), eps=1e-04",0.0001,0.2,0.0001,linear,51562661,find_phi_fixed_budget_linear_search,"{""m_exploration"": 13, ""lookback_window"": 1, ""safeguard"": 2, ""inc"": 1, ""budget"": 51562661}"
"U(0.0001,0.2), eps=1e-04",0.0001,0.2,0.0001,linear,79280106,find_phi_fixed_budget_linear_search,"{""m_exploration"": 13, ""lookback_window"": 1, ""safeguard"": 2, ""inc"": 1, ""budget"": 79280106}"
"U(0.0001,0.2), eps=1e-04",0.0001,0.2,0.0001,linear,121897030,find_phi_fixed_budget_linear_search,"{""m_exploration"": 13, ""lookback_window"": 1, ""safeguard"": 2, ""inc"": 1, ""budget"": 121897030}"
"U(0.0001,0.2), eps=1e-04",0.0001,0.2,0.0001,linear,187422627,find_phi_fixed_budget_linear_search,"{""m_exploration"": 13, ""lookback_window"": 1, ""safeguard"": 2, ""inc"": 1, ""budget"": 187422627}"
"U(0.0001,0.2), eps=1e-04",0.0001,0.2,0.0001,linear,288171428,find_phi_fixed_budget_linear_search,"{""m_exploration"": 13, ""lookback_window"": 1, ""safeguard"": 2, ""inc"": 1, ""budget"": 288171428}"
"U(0.0001,0.2), eps=1e-04",0.0001,0.2,0.0001,reverse_eng,192114,find_phi_fixed_budget_reverse_engineering,"{""m_exploration"": 1146, ""safeguard"": 0.95, ""budget"": 192114}"
"U(0.0001,0.2), eps=1e-04",0.0001,0.2,0.0001,reverse_eng,295385,find_phi_fixed_budget_reverse_engineering,"{""m_exploration"": 1901, ""safeguard"": 0.9, ""budget"": 295385}"
"U(0.0001,0.2), eps=1e-04",0.0001,0.2,0.0001,reverse_eng,454168,find_phi_fixed_budget_reverse_engineering,"{""m_exploration"": 1146, ""safeguard"": 0.9, ""budget"": 454168}"
"U(0.0001,0.2), eps=1e-04",0.0001,0.2,0.0001,reverse_eng,698306,find_phi_fixed_budget_reverse_engineering,"{""m_exploration"": 1146, ""safeguard"": 0.9, ""budget"": 698306}"
"U(0.0001,0.2), eps=1e-04",0.0001,0.2,0.0001,reverse_eng,1073680,find_phi_fixed_budget_reverse_engineering,"{""m_exploration"": 1901, ""safeguard"": 0.9, ""budget"": 1073680}"
"U(0.0001,0.2), eps=1e-04",0.0001,0.2,0.0001,reverse_eng,1650836,find_phi_fixed_budget_reverse_engineering,"{""m_exploration"": 3154, ""safeguard"": 0.9, ""budget"": 1650836}"
"U(0.0001,0.2), eps=1e-04",0.0001,0.2,0.0001,reverse_eng,2538242,find_phi_fixed_budget_reverse_engineering,"{""m_exploration"": 8680, ""safeguard"": 0.9, ""budget"": 2538242}"
"U(0.0001,0.2), eps=1e-04",0.0001,0.2,0.0001,reverse_eng,3902671,find_phi_fixed_budget_reverse_engineering,"{""m_exploration"": 14399, ""safeguard"": 0.9, ""budget"": 3902671}"
"U(0.0001,0.2), eps=1e-04",0.0001,0.2,0.0001,reverse_eng,6000546,find_phi_fixed_budget_reverse_engineering,"{""m_exploration"": 23886, ""safeguard"": 0.9, ""budget"": 6000546}"
"U(0.0001,0.2), eps=1e-04",0.0001,0.2,0.0001,reverse_eng,9226133,find_phi_fixed_budget_reverse_engineering,"{""m_exploration"": 39622, ""safeguard"": 0.9, ""budget"": 9226133}"
"U(0.0001,0.2), eps=1e-04",0.0001,0.2,0.0001,reverse_eng,14185630,find_phi_fixed_budget_reverse_engineering,"{""m_exploration"": 109026, ""safeguard"": 0.9, ""budget"": 14185630}"
"U(0.0001,0.2), eps=1e-04",0.0001,0.2,0.0001,reverse_eng,21811098,find_phi_fixed_budget_reverse_engineering,"{""m_exploration"": 109026, ""safeguard"": 0.85, ""budget"": 21811098}"
"U(0.0001,0.2), eps=1e-04",0.0001,0.2,0.0001,reverse_eng,33535627,find_phi_fixed_budget_reverse_engineering,"{""m_exploration"": 109026, ""safeguard"": 0.8, ""budget"": 33535627}"
"U(0.0001,0.2), eps=1e-04",0.0001,0.2,0.0001,reverse_eng,51562661,find_phi_fixed_budget_reverse_engineering,"{""m_exploration"": 109026, ""safeguard"": 0.8, ""budget"": 51562661}"
"U(0.0001,0.2), eps=1e-04",0.0001,0.2,0.0001,reverse_eng,79280106,find_phi_fixed_budget_reverse_engineering,"{""m_exploration"": 109026, ""safeguard"": 0.8, ""budget"": 79280106}"
"U(0.0001,0.2), eps=1e-04",0.0001,0.2,0.0001,reverse_eng,121897030,find_phi_fixed_budget_reverse_engineering,"{""m_exploration"": 109026, ""safeguard"": 0.8, ""budget"": 121897030}"
"U(0.0001,0.2), eps=1e-04",0.0001,0.2,0.0001,reverse_eng,187422627,find_phi_fixed_budget_reverse_engineering,"{""m_exploration"": 109026, ""safeguard"": 0.8, ""budget"": 187422627}"
"U(0.0001,0.2), eps=1e-04",0.0001,0.2,0.0001,reverse_eng,288171428,find_phi_fixed_budget_reverse_engineering,"{""m_exploration"": 109026, ""safeguard"": 0.8, ""budget"": 288171428}"
"U(0.0001,0.2), eps=1e-04",0.0001,0.2,0.0001,binary,192114,find_phi_fixed_budget_binary_search,"{""m_exploration"": 41, ""safeguard"": 0, ""conf"": 0.5, ""budget"": 192114}"
"U(0.0001,0.2), eps=1e-04",0.0001,0.2,0.0001,binary,295385,find_phi_fixed_budget_binary_search,"{""m_exploration"": 41, ""safeguard"": 0, ""conf"": 0.5, ""budget"": 295385}"
"U(0.0001,0.2), eps=1e-04",0.0001,0.2,0.0001,binary,454168,find_phi_fixed_budget_binary_search,"{""m_exploration"": 20, ""safeguard"": 2, ""conf"": 0.8, ""budget"": 454168}"
"U(0.0001,0.2), eps=1e-04",0.0001,0.2,0.0001,binary,698306,find_phi_fixed_budget_binary_search,"{""m_exploration"": 20, ""safeguard"": 2, ""conf"": 0.5, ""budget"": 698306}"
"U(0.0001,0.2), eps=1e-04",0.0001,0.2,0.0001,binary,1073680,find_phi_fixed_budget_binary_search,"{""m_exploration"": 20, ""safeguard"": 2, ""conf"": 0.5, ""budget"": 1073680}"
"U(0.0001,0.2), eps=1e-04",0.0001,0.2,0.0001,binary,1650836,find_phi_fixed_budget_binary_search,"{""m_exploration"": 20, ""safeguard"": 2, ""conf"": 0.5, ""budget"": 1650836}"
"U(0.0001,0.2), eps=1e-04",0.0001,0.2,0.0001,binary,2538242,find_phi_fixed_budget_binary_search,"{""m_exploration"": 41, ""safeguard"": 2, ""conf"": 0.5, ""budget"": 2538242}"
"U(0.0001,0.2), eps=1e-04",0.0001,0.2,0.0001,binary,3902671,find_phi_fixed_budget_binary_search,"{""m_exploration"": 87, ""safeguard"": 2, ""conf"": 0.8, ""budget"": 3902671}"
"U(0.0001,0.2), eps=1e-04",0.0001,0.2,0.0001,binary,6000546,find_phi_fixed_budget_binary_search,"{""m_exploration"": 87, ""safeguard"": 2, ""conf"": 0.8, ""budget"": 6000546}"
"U(0.0001,0.2), eps=1e-04",0.0001,0.2,0.0001,binary,9226133,find_phi_fixed_budget_binary_search,"{""m_exploration"": 87, ""safeguard"": 2, ""conf"": 0.5, ""budget"": 9226133}"
"U(0.0001,0.2), eps=1e-04",0.0001,0.2,0.0001,binary,14185630,find_phi_fixed_budget_binary_search,"{""m_exploration"": 183, ""safeguard"": 2, ""conf"": 0.5, ""budget"": 14185630}"
"U(0.0001,0.2), eps=1e-04",0.0001,0.2,0.0001,binary,21811098,find_phi_fixed_budget_binary_search,"{""m_exploration"": 385, ""safeguard"": 2, ""conf"": 0.5, ""budget"": 21811098}"
"U(0.0001,0.2), eps=1e-04",0.0001,0.2,0.0001,binary,33535627,find_phi_fixed_budget_binary_search,"{""m_exploration"": 807, ""safeguard"": 2, ""conf"": 0.5, ""budget"": 33535627}"
"U(0.0001,0.2), eps=1e-04",0.0001,0.2,0.0001,binary,51562661,find_phi_fixed_budget_binary_search,"{""m_exploration"": 807, ""safeguard"": 2, ""conf"": 0.5, ""budget"": 51562661}"
"U(0.0001,0.2), eps=1e-04",0.0001,0.2,0.0001,binary,79280106,find_phi_fixed_budget_binary_search,"{""m_exploration"": 1692, ""safeguard"": 2, ""conf"": 0.5, ""budget"": 79280106}"
"U(0.0001,0.2), eps=1e-04",0.0001,0.2,0.0001,binary,121897030,find_phi_fixed_budget_binary_search,"{""m_exploration"": 3545, ""safeguard"": 2, ""conf"": 0.5, ""budget"": 121897030}"
"U(0.0001,0.2), eps=1e-04",0.0001,0.2,0.0001,binary,187422627,find_phi_fixed_budget_binary_search,"{""m_exploration"": 7429, ""safeguard"": 2, ""conf"": 0.5, ""budget"": 187422627}"
"U(0.0001,0.2), eps=1e-04",0.0001,0.2,0.0001,binary,288171428,find_phi_fixed_budget_binary_search,"{""m_exploration"": 15565, ""safeguard"": 2, ""conf"": 0.5, ""budget"": 288171428}"
"U(0.0001,0.2), eps=1e-04",0.0001,0.2,0.0001,reverse_eng_risk,192114,find_phi_fixed_budget_reverse_engineering_risk,"{""m_exploration"": 1146, ""eps_target"": 0.0001, ""budget"": 192114}"
"U(0.0001,0.2), eps=1e-04",0.0001,0.2,0.0001,reverse_eng_risk,295385,find_phi_fixed_budget_reverse_engineering_risk,"{""m_exploration"": 1901, ""eps_target"": 0.0001, ""budget"": 295385}"
"U(0.0001,0.2), eps=1e-04",0.0001,0.2,0.0001,reverse_eng_risk,454168,find_phi_fixed_budget_reverse_engineering_risk,"{""m_exploration"": 1901, ""eps_target"": 0.0001, ""budget"": 454168}"
"U(0.0001,0.2), eps=1e-04",0.0001,0.2,0.0001,reverse_eng_risk,698306,find_phi_fixed_budget_reverse_engineering_risk,"{""m_exploration"": 1901, ""eps_target"": 0.0001, ""budget"": 698306}"
"U(0.0001,0.2), eps=1e-04",0.0001,0.2,0.0001,reverse_eng_risk,1073680,find_phi_fixed_budget_reverse_engineering_risk,"{""m_exploration"": 8680, ""eps_target"": 0.0001, ""budget"": 1073680}"
"U(0.0001,0.2), eps=1e-04",0.0001,0.2,0.0001,reverse_eng_risk,1650836,find_phi_fixed_budget_reverse_engineering_risk,"{""m_exploration"": 8680, ""eps_target"": 0.0001, ""budget"": 1650836}"
"U(0.0001,0.2), eps=1e-04",0.0001,0.2,0.0001,reverse_eng_risk,2538242,find_phi_fixed_budget_reverse_engineering_risk,"{""m_exploration"": 1146, ""eps_target"": 0.0001, ""budget"": 2538242}"
"U(0.0001,0.2), eps=1e-04",0.0001,0.2,0.0001,reverse_eng_risk,3902671,find_phi_fixed_budget_reverse_engineering_risk,"{""m_exploration"": 1901, ""eps_target"": 0.0001, ""budget"": 3902671}"
"U(0.0001,0.2), eps=1e-04",0.0001,0.2,0.0001,reverse_eng_risk,6000546,find_phi_fixed_budget_reverse_engineering_risk,"{""m_exploration"": 1901, ""eps_target"": 0.0001, ""budget"": 6000546}"
"U(0.0001,0.2), eps=1e-04",0.0001,0.2,0.0001,reverse_eng_risk,9226133,find_phi_fixed_budget_reverse_engineering_risk,"{""m_exploration"": 691, ""eps_target"": 0.0001, ""budget"": 9226133}"
"U(0.0001,0.2), eps=1e-04",0.0001,0.2,0.0001,reverse_eng_risk,14185630,find_phi_fixed_budget_reverse_engineering_risk,"{""m_exploration"": 1901, ""eps_target"": 0.0001, ""budget"": 14185630}"
"U(0.0001,0.2), eps=1e-04",0.0001,0.2,0.0001,reverse_eng_risk,21811098,find_phi_fixed_budget_reverse_engineering_risk,"{""m_exploration"": 151, ""eps_target"": 0.0001, ""budget"": 21811098}"
"U(0.0001,0.2), eps=1e-04",0.0001,0.2,0.0001,reverse_eng_risk,33535627,find_phi_fixed_budget_reverse_engineering_risk,"{""m_exploration"": 691, ""eps_target"": 0.0001, ""budget"": 33535627}"
"U(0.0001,0.2), eps=1e-04",0.0001,0.2,0.0001,reverse_eng_risk,51562661,find_phi_fixed_budget_reverse_engineering_risk,"{""m_exploration"": 20, ""eps_target"": 0.0001, ""budget"": 51562661}"
"U(0.0001,0.2), eps=1e-04",0.0001,0.2,0.0001,reverse_eng_risk,79280106,find_phi_fixed_budget_reverse_engineering_risk,"{""m_exploration"": 20, ""eps_target"": 0.0001, ""budget"": 79280106}"
"U(0.0001,0.2), eps=1e-04",0.0001,0.2,0.0001,reverse_eng_risk,121897030,find_phi_fixed_budget_reverse_engineering_risk,"{""m_exploration"": 20, ""eps_target"": 0.0001, ""budget"": 121897030}"
"U(0.0001,0.2), eps=1e-04",0.0001,0.2,0.0001,reverse_eng_risk,187422627,find_phi_fixed_budget_reverse_engineering_risk,"{""m_exploration"": 20, ""eps_target"": 0.0001, ""budget"": 187422627}"
"U(0.0001,0.2), eps=1e-04",0.0001,0.2,0.0001,reverse_eng_risk,288171428,find_phi_fixed_budget_reverse_engineering_risk,"{""m_exploration"": 20, ""eps_target"": 0.0001, ""budget"": 288171428}"
"U(0.0001,0.2), eps=1e-04",0.0001,0.2,0.0001,binary_risk,192114,find_phi_fixed_budget_binary_search_risk,"{""m_exploration"": 41, ""conf"": 0.5, ""eps_target"": 0.0001, ""budget"": 192114}"
"U(0.0001,0.2), eps=1e-04",0.0001,0.2,0.0001,binary_risk,295385,find_phi_fixed_budget_binary_search_risk,"{""m_exploration"": 41, ""conf"": 0.5, ""eps_target"": 0.0001, ""budget"": 295385}"
"U(0.0001,0.2), eps=1e-04",0.0001,0.2,0.0001,binary_risk,454168,find_phi_fixed_budget_binary_search_risk,"{""m_exploration"": 20, ""conf"": 0.8, ""eps_target"": 0.0001, ""budget"": 454168}"
"U(0.0001,0.2), eps=1e-04",0.0001,0.2,0.0001,binary_risk,698306,find_phi_fixed_budget_binary_search_risk,"{""m_exploration"": 20, ""conf"": 0.8, ""eps_target"": 0.0001, ""budget"": 698306}"
"U(0.0001,0.2), eps=1e-04",0.0001,0.2,0.0001,binary_risk,1073680,find_phi_fixed_budget_binary_search_risk,"{""m_exploration"": 20, ""conf"": 0.5, ""eps_target"": 0.0001, ""budget"": 1073680}"
"U(0.0001,0.2), eps=1e-04",0.0001,0.2,0.0001,binary_risk,1650836,find_phi_fixed_budget_binary_search_risk,"{""m_exploration"": 20, ""conf"": 0.5, ""eps_target"": 0.0001, ""budget"": 1650836}"
"U(0.0001,0.2), eps=1e-04",0.0001,0.2,0.0001,binary_risk,2538242,find_phi_fixed_budget_binary_search_risk,"{""m_exploration"": 41, ""conf"": 0.5, ""eps_target"": 0.0001, ""budget"": 2538242}"
"U(0.0001,0.2), eps=1e-04",0.0001,0.2,0.0001,binary_risk,3902671,find_phi_fixed_budget_binary_search_risk,"{""m_exploration"": 87, ""conf"": 0.5, ""eps_target"": 0.0001, ""budget"": 3902671}"
"U(0.0001,0.2), eps=1e-04",0.0001,0.2,0.0001,binary_risk,6000546,find_phi_fixed_budget_binary_search_risk,"{""m_exploration"": 87, ""conf"": 0.5, ""eps_target"": 0.0001, ""budget"": 6000546}"
"U(0.0001,0.2), eps=1e-04",0.0001,0.2,0.0001,binary_risk,9226133,find_phi_fixed_budget_binary_search_risk,"{""m_exploration"": 87, ""conf"": 0.5, ""eps_target"": 0.0001, ""budget"": 9226133}"
"U(0.0001,0.2), eps=1e-04",0.0001,0.2,0.0001,binary_risk,14185630,find_phi_fixed_budget_binary_search_risk,"{""m_exploration"": 183, ""conf"": 0.5, ""eps_target"": 0.0001, ""budget"": 14185630}"
"U(0.0001,0.2), eps=1e-04",0.0001,0.2,0.0001,binary_risk,21811098,find_phi_fixed_budget_binary_search_risk,"{""m_exploration"": 87, ""conf"": 0.5, ""eps_target"": 0.0001, ""budget"": 21811098}"
"U(0.0001,0.2), eps=1e-04",0.0001,0.2,0.0001,binary_risk,33535627,find_phi_fixed_budget_binary_search_risk,"{""m_exploration"": 87, ""conf"": 0.5, ""eps_target"": 0.0001, ""budget"": 33535627}"
"U(0.0001,0.2), eps=1e-04",0.0001,0.2,0.0001,binary_risk,51562661,find_phi_fixed_budget_binary_search_risk,"{""m_exploration"": 87, ""conf"": 0.5, ""eps_target"": 0.0001, ""budget"": 51562661}"
"U(0.0001,0.2), eps=1e-04",0.0001,0.2,0.0001,binary_risk,79280106,find_phi_fixed_budget_binary_search_risk,"{""m_exploration"": 41, ""conf"": 0.5, ""eps_target"": 0.0001, ""budget"": 79280106}"
"U(0.0001,0.2), eps=1e-04",0.0001,0.2,0.0001,binary_risk,121897030,find_phi_fixed_budget_binary_search_risk,"{""m_exploration"": 20, ""conf"": 0.5, ""eps_target"": 0.0001, ""budget"": 121897030}"
"U(0.0001,0.2), eps=1e-04",0.0001,0.2,0.0001,binary_risk,187422627,find_phi_fixed_budget_binary_search_risk,"{""m_exploration"": 20, ""conf"": 0.5, ""eps_target"": 0.0001, ""budget"": 187422627}"
"U(0.0001,0.2), eps=1e-04",0.0001,0.2,0.0001,binary_risk,288171428,find_phi_fixed_budget_binary_search_risk,"{""m_exploration"": 20, ""conf"": 0.5, ""eps_target"": 0.0001, ""budget"": 288171428}"
"U(0.0001,0.2), eps=1e-05",0.0001,0.2,1e-05,linear,19211428,find_phi_fixed_budget_linear_search,"{""m_exploration"": 646, ""lookback_window"": 5, ""safeguard"": 1, ""inc"": 2, ""budget"": 19211428}"
"U(0.0001,0.2), eps=1e-05",0.0001,0.2,1e-05,linear,29538508,find_phi_fixed_budget_linear_search,"{""m_exploration"": 646, ""lookback_window"": 5, ""safeguard"": 1, ""inc"": 2, ""budget"": 29538508}"
"U(0.0001,0.2), eps=1e-05",0.0001,0.2,1e-05,linear,45416896,find_phi_fixed_budget_linear_search,"{""m_exploration"": 646, ""lookback_window"": 5, ""safeguard"": 1, ""inc"": 1, ""budget"": 45416896}"
"U(0.0001,0.2), eps=1e-05",0.0001,0.2,1e-05,linear,69830693,find_phi_fixed_budget_linear_search,"{""m_exploration"": 646, ""lookback_window"": 5, ""safeguard"": 1, ""inc"": 1, ""budget"": 69830693}"
"U(0.0001,0.2), eps=1e-05",0.0001,0.2,1e-05,linear,107368095,find_phi_fixed_budget_linear_search,"{""m_exploration"": 646, ""lookback_window"": 5, ""safeguard"": 1, ""inc"": 1, ""budget"": 107368095}"
"U(0.0001,0.2), eps=1e-05",0.0001,0.2,1e-05,linear,165083682,find_phi_fixed_budget_linear_search,"{""m_exploration"": 646, ""lookback_window"": 5, ""safeguard"": 1, ""inc"": 1, ""budget"": 165083682}"
"U(0.0001,0.2), eps=1e-05",0.0001,0.2,1e-05,linear,253824211,find_phi_fixed_budget_linear_search,"{""m_exploration"": 30000, ""lookback_window"": 5, ""safeguard"": 0, ""inc"": 2, ""budget"": 253824211}"
"U(0.0001,0.2), eps=1e-05",0.0001,0.2,1e-05,linear,390267102,find_phi_fixed_budget_linear_search,"{""m_exploration"": 64633, ""lookback_window"": 5, ""safeguard"": 0, ""inc"": 1, ""budget"": 390267102}"
"U(0.0001,0.2), eps=1e-05",0.0001,0.2,1e-05,linear,600054699,find_phi_fixed_budget_linear_search,"{""m_exploration"": 30000, ""lookback_window"": 5, ""safeguard"": 0, ""inc"": 2, ""budget"": 600054699}"
"U(0.0001,0.2), eps=1e-05",0.0001,0.2,1e-05,linear,922613359,find_phi_fixed_budget_linear_search,"{""m_exploration"": 64633, ""lookback_window"": 5, ""safeguard"": 0, ""inc"": 1, ""budget"": 922613359}"
"U(0.0001,0.2), eps=1e-05",0.0001,0.2,1e-05,linear,1418563026,find_phi_fixed_budget_linear_search,"{""m_exploration"": 139247, ""lookback_window"": 5, ""safeguard"": 0, ""inc"": 2, ""budget"": 1418563026}"
"U(0.0001,0.2), eps=1e-05",0.0001,0.2,1e-05,linear,2181109824,find_phi_fixed_budget_linear_search,"{""m_exploration"": 30000, ""lookback_window"": 5, ""safeguard"": 1, ""inc"": 2, ""budget"": 2181109824}"
"U(0.0001,0.2), eps=1e-05",0.0001,0.2,1e-05,linear,3353562707,find_phi_fixed_budget_linear_search,"{""m_exploration"": 6463, ""lookback_window"": 1, ""safeguard"": 1, ""inc"": 2, ""budget"": 3353562707}"
"U(0.0001,0.2), eps=1e-05",0.0001,0.2,1e-05,linear,5156266185,find_phi_fixed_budget_linear_search,"{""m_exploration"": 13, ""lookback_window"": 1, ""safeguard"": 2, ""inc"": 1, ""budget"": 5156266185}"
"U(0.0001,0.2), eps=1e-05",0.0001,0.2,1e-05,linear,7928010683,find_phi_fixed_budget_linear_search,"{""m_exploration"": 13, ""lookback_window"": 1, ""safeguard"": 2, ""inc"": 1, ""budget"": 7928010683}"
"U(0.0001,0.2), eps=1e-05",0.0001,0.2,1e-05,linear,12189703001,find_phi_fixed_budget_linear_search,"{""m_exploration"": 13, ""lookback_window"": 1, ""safeguard"": 2, ""inc"": 1, ""budget"": 12189703001}"
"U(0.0001,0.2), eps=1e-05",0.0001,0.2,1e-05,linear,18742262744,find_phi_fixed_budget_linear_search,"{""m_exploration"": 13, ""lookback_window"": 1, ""safeguard"": 2, ""inc"": 1, ""budget"": 18742262744}"
"U(0.0001,0.2), eps=1e-05",0.0001,0.2,1e-05,linear,28817142857,find_phi_fixed_budget_linear_search,"{""m_exploration"": 13, ""lookback_window"": 1, ""safeguard"": 2, ""inc"": 1, ""budget"": 28817142857}"
"U(0.0001,0.2), eps=1e-05",0.0001,0.2,1e-05,reverse_eng,19211428,find_phi_fixed_budget_reverse_engineering,"{""m_exploration"": 65726, ""safeguard"": 0.9, ""budget"": 19211428}"
"U(0.0001,0.2), eps=1e-05",0.0001,0.2,1e-05,reverse_eng,29538508,find_phi_fixed_budget_reverse_engineering,"{""m_exploration"": 109026, ""safeguard"": 0.95, ""budget"": 29538508}"
"U(0.0001,0.2), eps=1e-05",0.0001,0.2,1e-05,reverse_eng,45416896,find_phi_fixed_budget_reverse_engineering,"{""m_exploration"": 39622, ""safeguard"": 0.95, ""budget"": 45416896}"
"U(0.0001,0.2), eps=1e-05",0.0001,0.2,1e-05,reverse_eng,69830693,find_phi_fixed_budget_reverse_engineering,"{""m_exploration"": 109026, ""safeguard"": 0.95, ""budget"": 69830693}"
"U(0.0001,0.2), eps=1e-05",0.0001,0.2,1e-05,reverse_eng,107368095,find_phi_fixed_budget_reverse_engineering,"{""m_exploration"": 300000, ""safeguard"": 0.95, ""budget"": 107368095}"
"U(0.0001,0.2), eps=1e-05",0.0001,0.2,1e-05,reverse_eng,165083682,find_phi_fixed_budget_reverse_engineering,"{""m_exploration"": 300000, ""safeguard"": 0.95, ""budget"": 165083682}"
"U(0.0001,0.2), eps=1e-05",0.0001,0.2,1e-05,reverse_eng,253824211,find_phi_fixed_budget_reverse_engineering,"{""m_exploration"": 300000, ""safeguard"": 0.95, ""budget"": 253824211}"
"U(0.0001,0.2), eps=1e-05",0.0001,0.2,1e-05,reverse_eng,390267102,find_phi_fixed_budget_reverse_engineering,"{""m_exploration"": 300000, ""safeguard"": 0.95, ""budget"": 390267102}"
"U(0.0001,0.2), eps=1e-05",0.0001,0.2,1e-05,reverse_eng,600054699,find_phi_fixed_budget_reverse_engineering,"{""m_exploration"": 300000, ""safeguard"": 0.95, ""budget"": 600054699}"
"U(0.0001,0.2), eps=1e-05",0.0001,0.2,1e-05,reverse_eng,922613359,find_phi_fixed_budget_reverse_engineering,"{""m_exploration"": 300000, ""safeguard"": 0.9, ""budget"": 922613359}"
"U(0.0001,0.2), eps=1e-05",0.0001,0.2,1e-05,reverse_eng,1418563026,find_phi_fixed_budget_reverse_engineering,"{""m_exploration"": 300000, ""safeguard"": 0.9, ""budget"": 1418563026}"
"U(0.0001,0.2), eps=1e-05",0.0001,0.2,1e-05,reverse_eng,2181109824,find_phi_fixed_budget_reverse_engineering,"{""m_exploration"": 300000, ""safeguard"": 0.85, ""budget"": 2181109824}"
"U(0.0001,0.2), eps=1e-05",0.0001,0.2,1e-05,reverse_eng,3353562707,find_phi_fixed_budget_reverse_engineering,"{""m_exploration"": 109026, ""safeguard"": 0.8, ""budget"": 3353562707}"
"U(0.0001,0.2), eps=1e-05",0.0001,0.2,1e-05,reverse_eng,5156266185,find_phi_fixed_budget_reverse_engineering,"{""m_exploration"": 109026, ""safeguard"": 0.8, ""budget"": 5156266185}"
"U(0.0001,0.2), eps=1e-05",0.0001,0.2,1e-05,reverse_eng,7928010683,find_phi_fixed_budget_reverse_engineering,"{""m_exploration"": 109026, ""safeguard"": 0.8, ""budget"": 7928010683}"
"U(0.0001,0.2), eps=1e-05",0.0001,0.2,1e-05,reverse_eng,12189703001,find_phi_fixed_budget_reverse_engineering,"{""m_exploration"": 109026, ""safeguard"": 0.8, ""budget"": 12189703001}"
"U(0.0001,0.2), eps=1e-05",0.0001,0.2,1e-05,reverse_eng,18742262744,find_phi_fixed_budget_reverse_engineering,"{""m_exploration"": 109026, ""safeguard"": 0.8, ""budget"": 18742262744}"
"U(0.0001,0.2), eps=1e-05",0.0001,0.2,1e-05,reverse_eng,28817142857,find_phi_fixed_budget_reverse_engineering,"{""m_exploration"": 109026, ""safeguard"": 0.8, ""budget"": 28817142857}"
"U(0.0001,0.2), eps=1e-05",0.0001,0.2,1e-05,binary,19211428,find_phi_fixed_budget_binary_search,"{""m_exploration"": 87, ""safeguard"": 2, ""conf"": 0.8, ""budget"": 19211428}"
"U(0.0001,0.2), eps=1e-05",0.0001,0.2,1e-05,binary,29538508,find_phi_fixed_budget_binary_search,"{""m_exploration"": 183, ""safeguard"": 2, ""conf"": 0.8, ""budget"": 29538508}"
"U(0.0001,0.2), eps=1e-05",0.0001,0.2,1e-05,binary,45416896,find_phi_fixed_budget_binary_search,"{""m_exploration"": 807, ""safeguard"": 2, ""conf"": 0.9, ""budget"": 45416896}"
"U(0.0001,0.2), eps=1e-05",0.0001,0.2,1e-05,binary,69830693,find_phi_fixed_budget_binary_search,"{""m_exploration"": 807, ""safeguard"": 2, ""conf"": 0.9, ""budget"": 69830693}"
"U(0.0001,0.2), eps=1e-05",0.0001,0.2,1e-05,binary,107368095,find_phi_fixed_budget_binary_search,"{""m_exploration"": 807, ""safeguard"": 2, ""conf"": 0.9, ""budget"": 107368095}"
"U(0.0001,0.2), eps=1e-05",0.0001,0.2,1e-05,binary,165083682,find_phi_fixed_budget_binary_search,"{""m_exploration"": 807, ""safeguard"": 2, ""conf"": 0.9, ""budget"": 165083682}"
"U(0.0001,0.2), eps=1e-05",0.0001,0.2,1e-05,binary,253824211,find_phi_fixed_budget_binary_search,"{""m_exploration"": 807, ""safeguard"": 2, ""conf"": 0.9, ""budget"": 253824211}"
"U(0.0001,0.2), eps=1e-05",0.0001,0.2,1e-05,binary,390267102,find_phi_fixed_budget_binary_search,"{""m_exploration"": 1692, ""safeguard"": 2, ""conf"": 0.9, ""budget"": 390267102}"
"U(0.0001,0.2), eps=1e-05",0.0001,0.2,1e-05,binary,600054699,find_phi_fixed_budget_binary_search,"{""m_exploration"": 3545, ""safeguard"": 2, ""conf"": 0.9, ""budget"": 600054699}"
"U(0.0001,0.2), eps=1e-05",0.0001,0.2,1e-05,binary,922613359,find_phi_fixed_budget_binary_search,"{""m_exploration"": 3545, ""safeguard"": 2, ""conf"": 0.9, ""budget"": 922613359}"
"U(0.0001,0.2), eps=1e-05",0.0001,0.2,1e-05,binary,1418563026,find_phi_fixed_budget_binary_search,"{""m_exploration"": 15565, ""safeguard"": 2, ""conf"": 0.9, ""budget"": 1418563026}"
"U(0.0001,0.2), eps=1e-05",0.0001,0.2,1e-05,binary,2181109824,find_phi_fixed_budget_binary_search,"{""m_exploration"": 15565, ""safeguard"": 2, ""conf"": 0.8, ""budget"": 2181109824}"
"U(0.0001,0.2), eps=1e-05",0.0001,0.2,1e-05,binary,3353562707,find_phi_fixed_budget_binary_search,"{""m_exploration"": 15565, ""safeguard"": 2, ""conf"": 0.5, ""budget"": 3353562707}"
"U(0.0001,0.2), eps=1e-05",0.0001,0.2,1e-05,binary,5156266185,find_phi_fixed_budget_binary_search,"{""m_exploration"": 68335, ""safeguard"": 2, ""conf"": 0.5, ""budget"": 5156266185}"
"U(0.0001,0.2), eps=1e-05",0.0001,0.2,1e-05,binary,7928010683,find_phi_fixed_budget_binary_search,"{""m_exploration"": 143180, ""safeguard"": 2, ""conf"": 0.5, ""budget"": 7928010683}"
"U(0.0001,0.2), eps=1e-05",0.0001,0.2,1e-05,binary,12189703001,find_phi_fixed_budget_binary_search,"{""m_exploration"": 143180, ""safeguard"": 2, ""conf"": 0.5, ""budget"": 12189703001}"
"U(0.0001,0.2), eps=1e-05",0.0001,0.2,1e-05,binary,18742262744,find_phi_fixed_budget_binary_search,"{""m_exploration"": 143180, ""safeguard"": 2, ""conf"": 0.5, ""budget"": 18742262744}"
"U(0.0001,0.2), eps=1e-05",0.0001,0.2,1e-05,binary,28817142857,find_phi_fixed_budget_binary_search,"{""m_exploration"": 143180, ""safeguard"": 2, ""conf"": 0.5, ""budget"": 28817142857}"
"U(0.0001,0.2), eps=1e-05",0.0001,0.2,1e-05,reverse_eng_risk,19211428,find_phi_fixed_budget_reverse_engineering_risk,"{""m_exploration"": 39622, ""eps_target"": 1e-05, ""budget"": 19211428}"
"U(0.0001,0.2), eps=1e-05",0.0001,0.2,1e-05,reverse_eng_risk,29538508,find_phi_fixed_budget_reverse_engineering_risk,"{""m_exploration"": 5233, ""eps_target"": 1e-05, ""budget"": 29538508}"
"U(0.0001,0.2), eps=1e-05",0.0001,0.2,1e-05,reverse_eng_risk,45416896,find_phi_fixed_budget_reverse_engineering_risk,"{""m_exploration"": 39622, ""eps_target"": 1e-05, ""budget"": 45416896}"
"U(0.0001,0.2), eps=1e-05",0.0001,0.2,1e-05,reverse_eng_risk,69830693,find_phi_fixed_budget_reverse_engineering_risk,"{""m_exploration"": 300000, ""eps_target"": 1e-05, ""budget"": 69830693}"
"U(0.0001,0.2), eps=1e-05",0.0001,0.2,1e-05,reverse_eng_risk,107368095,find_phi_fixed_budget_reverse_engineering_risk,"{""m_exploration"": 1901, ""eps_target"": 1e-05, ""budget"": 107368095}"
"U(0.0001,0.2), eps=1e-05",0.0001,0.2,1e-05,reverse_eng_risk,165083682,find_phi_fixed_budget_reverse_engineering_risk,"{""m_exploration"": 23886, ""eps_target"": 1e-05, ""budget"": 165083682}"
"U(0.0001,0.2), eps=1e-05",0.0001,0.2,1e-05,reverse_eng_risk,253824211,find_phi_fixed_budget_reverse_engineering_risk,"{""m_exploration"": 23886, ""eps_target"": 1e-05, ""budget"": 253824211}"
"U(0.0001,0.2), eps=1e-05",0.0001,0.2,1e-05,reverse_eng_risk,390267102,find_phi_fixed_budget_reverse_engineering_risk,"{""m_exploration"": 23886, ""eps_target"": 1e-05, ""budget"": 390267102}"
"U(0.0001,0.2), eps=1e-05",0.0001,0.2,1e-05,reverse_eng_risk,600054699,find_phi_fixed_budget_reverse_engineering_risk,"{""m_exploration"": 5233, ""eps_target"": 1e-05, ""budget"": 600054699}"
"U(0.0001,0.2), eps=1e-05",0.0001,0.2,1e-05,reverse_eng_risk,922613359,find_phi_fixed_budget_reverse_engineering_risk,"{""m_exploration"": 691, ""eps_target"": 1e-05, ""budget"": 922613359}"
"U(0.0001,0.2), eps=1e-05",0.0001,0.2,1e-05,reverse_eng_risk,1418563026,find_phi_fixed_budget_reverse_engineering_risk,"{""m_exploration"": 1901, ""eps_target"": 1e-05, ""budget"": 1418563026}"
"U(0.0001,0.2), eps=1e-05",0.0001,0.2,1e-05,reverse_eng_risk,2181109824,find_phi_fixed_budget_reverse_engineering_risk,"{""m_exploration"": 1901, ""eps_target"": 1e-05, ""budget"": 2181109824}"
"U(0.0001,0.2), eps=1e-05",0.0001,0.2,1e-05,reverse_eng_risk,3353562707,find_phi_fixed_budget_reverse_engineering_risk,"{""m_exploration"": 691, ""eps_target"": 1e-05, ""budget"": 3353562707}"
"U(0.0001,0.2), eps=1e-05",0.0001,0.2,1e-05,reverse_eng_risk,5156266185,find_phi_fixed_budget_reverse_engineering_risk,"{""m_exploration"": 20, ""eps_target"": 1e-05, ""budget"": 5156266185}"
"U(0.0001,0.2), eps=1e-05",0.0001,0.2,1e-05,reverse_eng_risk,7928010683,find_phi_fixed_budget_reverse_engineering_risk,"{""m_exploration"": 20, ""eps_target"": 1e-05, ""budget"": 7928010683}"
"U(0.0001,0.2), eps=1e-05",0.0001,0.2,1e-05,reverse_eng_risk,12189703001,find_phi_fixed_budget_reverse_engineering_risk,"{""m_exploration"": 20, ""eps_target"": 1e-05, ""budget"": 12189703001}"
"U(0.0001,0.2), eps=1e-05",0.0001,0.2,1e-05,reverse_eng_risk,18742262744,find_phi_fixed_budget_reverse_engineering_risk,"{""m_exploration"": 20, ""eps_target"": 1e-05, ""budget"": 18742262744}"
"U(0.0001,0.2), eps=1e-05",0.0001,0.2,1e-05,reverse_eng_risk,28817142857,find_phi_fixed_budget_reverse_engineering_risk,"{""m_exploration"": 20, ""eps_target"": 1e-05, ""budget"": 28817142857}"
"U(0.0001,0.2), eps=1e-05",0.0001,0.2,1e-05,binary_risk,19211428,find_phi_fixed_budget_binary_search_risk,"{""m_exploration"": 87, ""conf"": 0.8, ""eps_target"": 1e-05, ""budget"": 19211428}"
"U(0.0001,0.2), eps=1e-05",0.0001,0.2,1e-05,binary_risk,29538508,find_phi_fixed_budget_binary_search_risk,"{""m_exploration"": 183, ""conf"": 0.5, ""eps_target"": 1e-05, ""budget"": 29538508}"
"U(0.0001,0.2), eps=1e-05",0.0001,0.2,1e-05,binary_risk,45416896,find_phi_fixed_budget_binary_search_risk,"{""m_exploration"": 385, ""conf"": 0.5, ""eps_target"": 1e-05, ""budget"": 45416896}"
"U(0.0001,0.2), eps=1e-05",0.0001,0.2,1e-05,binary_risk,69830693,find_phi_fixed_budget_binary_search_risk,"{""m_exploration"": 807, ""conf"": 0.9, ""eps_target"": 1e-05, ""budget"": 69830693}"
"U(0.0001,0.2), eps=1e-05",0.0001,0.2,1e-05,binary_risk,107368095,find_phi_fixed_budget_binary_search_risk,"{""m_exploration"": 807, ""conf"": 0.9, ""eps_target"": 1e-05, ""budget"": 107368095}"
"U(0.0001,0.2), eps=1e-05",0.0001,0.2,1e-05,binary_risk,165083682,find_phi_fixed_budget_binary_search_risk,"{""m_exploration"": 807, ""conf"": 0.5, ""eps_target"": 1e-05, ""budget"": 165083682}"
"U(0.0001,0.2), eps=1e-05",0.0001,0.2,1e-05,binary_risk,253824211,find_phi_fixed_budget_binary_search_risk,"{""m_exploration"": 807, ""conf"": 0.5, ""eps_target"": 1e-05, ""budget"": 253824211}"
"U(0.0001,0.2), eps=1e-05",0.0001,0.2,1e-05,binary_risk,390267102,find_phi_fixed_budget_binary_search_risk,"{""m_exploration"": 807, ""conf"": 0.5, ""eps_target"": 1e-05, ""budget"": 390267102}"
"U(0.0001,0.2), eps=1e-05",0.0001,0.2,1e-05,binary_risk,600054699,find_phi_fixed_budget_binary_search_risk,"{""m_exploration"": 807, ""conf"": 0.5, ""eps_target"": 1e-05, ""budget"": 600054699}"
"U(0.0001,0.2), eps=1e-05",0.0001,0.2,1e-05,binary_risk,922613359,find_phi_fixed_budget_binary_search_risk,"{""m_exploration"": 807, ""conf"": 0.5, ""eps_target"": 1e-05, ""budget"": 922613359}"
"U(0.0001,0.2), eps=1e-05",0.0001,0.2,1e-05,binary_risk,1418563026,find_phi_fixed_budget_binary_search_risk,"{""m_exploration"": 807, ""conf"": 0.5, ""eps_target"": 1e-05, ""budget"": 1418563026}"
"U(0.0001,0.2), eps=1e-05",0.0001,0.2,1e-05,binary_risk,2181109824,find_phi_fixed_budget_binary_search_risk,"{""m_exploration"": 807, ""conf"": 0.5, ""eps_target"": 1e-05, ""budget"": 2181109824}"
"U(0.0001,0.2), eps=1e-05",0.0001,0.2,1e-05,binary_risk,3353562707,find_phi_fixed_budget_binary_search_risk,"{""m_exploration"": 807, ""conf"": 0.5, ""eps_target"": 1e-05, ""budget"": 3353562707}"
"U(0.0001,0.2), eps=1e-05",0.0001,0.2,1e-05,binary_risk,5156266185,find_phi_fixed_budget_binary_search_risk,"{""m_exploration"": 183, ""conf"": 0.5, ""eps_target"": 1e-05, ""budget"": 5156266185}"
"U(0.0001,0.2), eps=1e-05",0.0001,0.2,1e-05,binary_risk,7928010683,find_phi_fixed_budget_binary_search_risk,"{""m_exploration"": 41, ""conf"": 0.5, ""eps_target"": 1e-05, ""budget"": 7928010683}"
"U(0.0001,0.2), eps=1e-05",0.0001,0.2,1e-05,binary_risk,12189703001,find_phi_fixed_budget_binary_search_risk,"{""m_exploration"": 20, ""conf"": 0.5, ""eps_target"": 1e-05, ""budget"": 12189703001}"
"U(0.0001,0.2), eps=1e-05",0.0001,0.2,1e-05,binary_risk,18742262744,find_phi_fixed_budget_binary_search_risk,"{""m_exploration"": 20, ""conf"": 0.5, ""eps_target"": 1e-05, ""budget"": 18742262744}"
"U(0.0001,0.2), eps=1e-05",0.0001,0.2,1e-05,binary_risk,28817142857,find_phi_fixed_budget_binary_search_risk,"{""m_exploration"": 20, ""conf"": 0.5, ""eps_target"": 1e-05, ""budget"": 28817142857}"
"U(0.0001,0.2), eps=1e-07",0.0001,0.2,1e-07,linear,192114285714,find_phi_fixed_budget_linear_search,"{""m_exploration"": 30000, ""lookback_window"": 5, ""safeguard"": 0, ""inc"": 2, ""budget"": 192114285714}"
"U(0.0001,0.2), eps=1e-07",0.0001,0.2,1e-07,linear,295385081931,find_phi_fixed_budget_linear_search,"{""m_exploration"": 13924, ""lookback_window"": 5, ""safeguard"": 0, ""inc"": 2, ""budget"": 295385081931}"
"U(0.0001,0.2), eps=1e-07",0.0001,0.2,1e-07,linear,454168966681,find_phi_fixed_budget_linear_search,"{""m_exploration"": 13924, ""lookback_window"": 5, ""safeguard"": 0, ""inc"": 2, ""budget"": 454168966681}"
"U(0.0001,0.2), eps=1e-07",0.0001,0.2,1e-07,linear,698306931912,find_phi_fixed_budget_linear_search,"{""m_exploration"": 13924, ""lookback_window"": 5, ""safeguard"": 0, ""inc"": 2, ""budget"": 698306931912}"
"U(0.0001,0.2), eps=1e-07",0.0001,0.2,1e-07,linear,1073680957817,find_phi_fixed_budget_linear_search,"{""m_exploration"": 64633, ""lookback_window"": 5, ""safeguard"": 0, ""inc"": 1, ""budget"": 1073680957817}"
"U(0.0001,0.2), eps=1e-07",0.0001,0.2,1e-07,linear,1650836826183,find_phi_fixed_budget_linear_search,"{""m_exploration"": 64633, ""lookback_window"": 5, ""safeguard"": 0, ""inc"": 1, ""budget"": 1650836826183}"
"U(0.0001,0.2), eps=1e-07",0.0001,0.2,1e-07,linear,2538242116375,find_phi_fixed_budget_linear_search,"{""m_exploration"": 64633, ""lookback_window"": 5, ""safeguard"": 0, ""inc"": 1, ""budget"": 2538242116375}"
"U(0.0001,0.2), eps=1e-07",0.0001,0.2,1e-07,linear,3902671020634,find_phi_fixed_budget_linear_search,"{""m_exploration"": 64633, ""lookback_window"": 5, ""safeguard"": 0, ""inc"": 1, ""budget"": 3902671020634}"
"U(0.0001,0.2), eps=1e-07",0.0001,0.2,1e-07,linear,6000546991571,find_phi_fixed_budget_linear_search,"{""m_exploration"": 64633, ""lookback_window"": 5, ""safeguard"": 0, ""inc"": 1, ""budget"": 6000546991571}"
"U(0.0001,0.2), eps=1e-07",0.0001,0.2,1e-07,linear,9226133590991,find_phi_fixed_budget_linear_search,"{""m_exploration"": 64633, ""lookback_window"": 5, ""safeguard"": 0, ""inc"": 1, ""budget"": 9226133590991}"
"U(0.0001,0.2), eps=1e-07",0.0001,0.2,1e-07,linear,14185630269770,find_phi_fixed_budget_linear_search,"{""m_exploration"": 300000, ""lookback_window"": 5, ""safeguard"": 0, ""inc"": 2, ""budget"": 14185630269770}"
"U(0.0001,0.2), eps=1e-07",0.0001,0.2,1e-07,linear,21811098242400,find_phi_fixed_budget_linear_search,"{""m_exploration"": 139247, ""lookback_window"": 5, ""safeguard"": 0, ""inc"": 2, ""budget"": 21811098242400}"
"U(0.0001,0.2), eps=1e-07",0.0001,0.2,1e-07,linear,33535627074209,find_phi_fixed_budget_linear_search,"{""m_exploration"": 6463, ""lookback_window"": 1, ""safeguard"": 1, ""inc"": 2, ""budget"": 33535627074209}"
"U(0.0001,0.2), eps=1e-07",0.0001,0.2,1e-07,linear,51562661850479,find_phi_fixed_budget_linear_search,"{""m_exploration"": 13, ""lookback_window"": 1, ""safeguard"": 2, ""inc"": 1, ""budget"": 51562661850479}"
"U(0.0001,0.2), eps=1e-07",0.0001,0.2,1e-07,linear,79280106831564,find_phi_fixed_budget_linear_search,"{""m_exploration"": 13, ""lookback_window"": 1, ""safeguard"": 2, ""inc"": 1, ""budget"": 79280106831564}"
"U(0.0001,0.2), eps=1e-07",0.0001,0.2,1e-07,linear,121897030014673,find_phi_fixed_budget_linear_search,"{""m_exploration"": 13, ""lookback_window"": 1, ""safeguard"": 2, ""inc"": 1, ""budget"": 121897030014673}"
"U(0.0001,0.2), eps=1e-07",0.0001,0.2,1e-07,linear,187422627443814,find_phi_fixed_budget_linear_search,"{""m_exploration"": 13, ""lookback_window"": 1, ""safeguard"": 2, ""inc"": 1, ""budget"": 187422627443814}"
"U(0.0001,0.2), eps=1e-07",0.0001,0.2,1e-07,linear,288171428571428,find_phi_fixed_budget_linear_search,"{""m_exploration"": 13, ""lookback_window"": 1, ""safeguard"": 2, ""inc"": 1, ""budget"": 288171428571428}"
"U(0.0001,0.2), eps=1e-07",0.0001,0.2,1e-07,reverse_eng,192114285714,find_phi_fixed_budget_reverse_engineering,"{""m_exploration"": 300000, ""safeguard"": 0.95, ""budget"": 192114285714}"
"U(0.0001,0.2), eps=1e-07",0.0001,0.2,1e-07,reverse_eng,295385081931,find_phi_fixed_budget_reverse_engineering,"{""m_exploration"": 300000, ""safeguard"": 0.95, ""budget"": 295385081931}"
"U(0.0001,0.2), eps=1e-07",0.0001,0.2,1e-07,reverse_eng,454168966681,find_phi_fixed_budget_reverse_engineering,"{""m_exploration"": 300000, ""safeguard"": 0.95, ""budget"": 454168966681}"
"U(0.0001,0.2), eps=1e-07",0.0001,0.2,1e-07,reverse_eng,698306931912,find_phi_fixed_budget_reverse_engineering,"{""m_exploration"": 300000, ""safeguard"": 0.95, ""budget"": 698306931912}"
"U(0.0001,0.2), eps=1e-07",0.0001,0.2,1e-07,reverse_eng,1073680957817,find_phi_fixed_budget_reverse_engineering,"{""m_exploration"": 300000, ""safeguard"": 0.95, ""budget"": 1073680957817}"
"U(0.0001,0.2), eps=1e-07",0.0001,0.2,1e-07,reverse_eng,1650836826183,find_phi_fixed_budget_reverse_engineering,"{""m_exploration"": 300000, ""safeguard"": 0.95, ""budget"": 1650836826183}"
"U(0.0001,0.2), eps=1e-07",0.0001,0.2,1e-07,reverse_eng,2538242116375,find_phi_fixed_budget_reverse_engineering,"{""m_exploration"": 300000, ""safeguard"": 0.95, ""budget"": 2538242116375}"
"U(0.0001,0.2), eps=1e-07",0.0001,0.2,1e-07,reverse_eng,3902671020634,find_phi_fixed_budget_reverse_engineering,"{""m_exploration"": 300000, ""safeguard"": 0.95, ""budget"": 3902671020634}"
"U(0.0001,0.2), eps=1e-07",0.0001,0.2,1e-07,reverse_eng,6000546991571,find_phi_fixed_budget_reverse_engineering,"{""m_exploration"": 300000, ""safeguard"": 0.95, ""budget"": 6000546991571}"
"U(0.0001,0.2), eps=1e-07",0.0001,0.2,1e-07,reverse_eng,9226133590991,find_phi_fixed_budget_reverse_engineering,"{""m_exploration"": 300000, ""safeguard"": 0.9, ""budget"": 9226133590991}"
"U(0.0001,0.2), eps=1e-07",0.0001,0.2,1e-07,reverse_eng,14185630269770,find_phi_fixed_budget_reverse_engineering,"{""m_exploration"": 300000, ""safeguard"": 0.9, ""budget"": 14185630269770}"
"U(0.0001,0.2), eps=1e-07",0.0001,0.2,1e-07,reverse_eng,21811098242400,find_phi_fixed_budget_reverse_engineering,"{""m_exploration"": 300000, ""safeguard"": 0.85, ""budget"": 21811098242400}"
"U(0.0001,0.2), eps=1e-07",0.0001,0.2,1e-07,reverse_eng,33535627074209,find_phi_fixed_budget_reverse_engineering,"{""m_exploration"": 109026, ""safeguard"": 0.8, ""budget"": 33535627074209}"
"U(0.0001,0.2), eps=1e-07",0.0001,0.2,1e-07,reverse_eng,51562661850479,find_phi_fixed_budget_reverse_engineering,"{""m_exploration"": 109026, ""safeguard"": 0.8, ""budget"": 51562661850479}"
"U(0.0001,0.2), eps=1e-07",0.0001,0.2,1e-07,reverse_eng,79280106831564,find_phi_fixed_budget_reverse_engineering,"{""m_exploration"": 109026, ""safeguard"": 0.8, ""budget"": 79280106831564}"
"U(0.0001,0.2), eps=1e-07",0.0001,0.2,1e-07,reverse_eng,121897030014673,find_phi_fixed_budget_reverse_engineering,"{""m_exploration"": 109026, ""safeguard"": 0.8, ""budget"": 121897030014673}"
"U(0.0001,0.2), eps=1e-07",0.0001,0.2,1e-07,reverse_eng,187422627443814,find_phi_fixed_budget_reverse_engineering,"{""m_exploration"": 109026, ""safeguard"": 0.8, ""budget"": 187422627443814}"
"U(0.0001,0.2), eps=1e-07",0.0001,0.2,1e-07,reverse_eng,288171428571428,find_phi_fixed_budget_reverse_engineering,"{""m_exploration"": 109026, ""safeguard"": 0.8, ""budget"": 288171428571428}"
"U(0.0001,0.2), eps=1e-07",0.0001,0.2,1e-07,binary,192114285714,find_phi_fixed_budget_binary_search,"{""m_exploration"": 143180, ""safeguard"": 1, ""conf"": 0.9, ""budget"": 192114285714}"
"U(0.0001,0.2), eps=1e-07",0.0001,0.2,1e-07,binary,295385081931,find_phi_fixed_budget_binary_search,"{""m_exploration"": 143180, ""safeguard"": 1, ""conf"": 0.9, ""budget"": 295385081931}"
"U(0.0001,0.2), eps=1e-07",0.0001,0.2,1e-07,binary,454168966681,find_phi_fixed_budget_binary_search,"{""m_exploration"": 143180, ""safeguard"": 1, ""conf"": 0.9, ""budget"": 454168966681}"
"U(0.0001,0.2), eps=1e-07",0.0001,0.2,1e-07,binary,698306931912,find_phi_fixed_budget_binary_search,"{""m_exploration"": 143180, ""safeguard"": 1, ""conf"": 0.9, ""budget"": 698306931912}"
"U(0.0001,0.2), eps=1e-07",0.0001,0.2,1e-07,binary,1073680957817,find_phi_fixed_budget_binary_search,"{""m_exploration"": 143180, ""safeguard"": 1, ""conf"": 0.9, ""budget"": 1073680957817}"
"U(0.0001,0.2), eps=1e-07",0.0001,0.2,1e-07,binary,1650836826183,find_phi_fixed_budget_binary_search,"{""m_exploration"": 143180, ""safeguard"": 1, ""conf"": 0.9, ""budget"": 1650836826183}"
"U(0.0001,0.2), eps=1e-07",0.0001,0.2,1e-07,binary,2538242116375,find_phi_fixed_budget_binary_search,"{""m_exploration"": 143180, ""safeguard"": 1, ""conf"": 0.9, ""budget"": 2538242116375}"
"U(0.0001,0.2), eps=1e-07",0.0001,0.2,1e-07,binary,3902671020634,find_phi_fixed_budget_binary_search,"{""m_exploration"": 300000, ""safeguard"": 1, ""conf"": 0.9, ""budget"": 3902671020634}"
"U(0.0001,0.2), eps=1e-07",0.0001,0.2,1e-07,binary,6000546991571,find_phi_fixed_budget_binary_search,"{""m_exploration"": 143180, ""safeguard"": 1, ""conf"": 0.9, ""budget"": 6000546991571}"
"U(0.0001,0.2), eps=1e-07",0.0001,0.2,1e-07,binary,9226133590991,find_phi_fixed_budget_binary_search,"{""m_exploration"": 32614, ""safeguard"": 2, ""conf"": 0.9, ""budget"": 9226133590991}"
"U(0.0001,0.2), eps=1e-07",0.0001,0.2,1e-07,binary,14185630269770,find_phi_fixed_budget_binary_search,"{""m_exploration"": 143180, ""safeguard"": 1, ""conf"": 0.8, ""budget"": 14185630269770}"
"U(0.0001,0.2), eps=1e-07",0.0001,0.2,1e-07,binary,21811098242400,find_phi_fixed_budget_binary_search,"{""m_exploration"": 300000, ""safeguard"": 1, ""conf"": 0.5, ""budget"": 21811098242400}"
"U(0.0001,0.2), eps=1e-07",0.0001,0.2,1e-07,binary,33535627074209,find_phi_fixed_budget_binary_search,"{""m_exploration"": 143180, ""safeguard"": 2, ""conf"": 0.5, ""budget"": 33535627074209}"
"U(0.0001,0.2), eps=1e-07",0.0001,0.2,1e-07,binary,51562661850479,find_phi_fixed_budget_binary_search,"{""m_exploration"": 143180, ""safeguard"": 2, ""conf"": 0.5, ""budget"": 51562661850479}"
"U(0.0001,0.2), eps=1e-07",0.0001,0.2,1e-07,binary,79280106831564,find_phi_fixed_budget_binary_search,"{""m_exploration"": 143180, ""safeguard"": 2, ""conf"": 0.5, ""budget"": 79280106831564}"
"U(0.0001,0.2), eps=1e-07",0.0001,0.2,1e-07,binary,121897030014673,find_phi_fixed_budget_binary_search,"{""m_exploration"": 143180, ""safeguard"": 2, ""conf"": 0.5, ""budget"": 121897030014673}"
"U(0.0001,0.2), eps=1e-07",0.0001,0.2,1e-07,binary,187422627443814,find_phi_fixed_budget_binary_search,"{""m_exploration"": 143180, ""safeguard"": 2, ""conf"": 0.5, ""budget"": 187422627443814}"
"U(0.0001,0.2), eps=1e-07",0.0001,0.2,1e-07,binary,288171428571428,find_phi_fixed_budget_binary_search,"{""m_exploration"": 143180, ""safeguard"": 2, ""conf"": 0.5, ""budget"": 288171428571428}"
"U(0.0001,0.2), eps=1e-07",0.0001,0.2,1e-07,reverse_eng_risk,192114285714,find_phi_fixed_budget_reverse_engineering_risk,"{""m_exploration"": 300000, ""eps_target"": 1e-07, ""budget"": 192114285714}"
"U(0.0001,0.2), eps=1e-07",0.0001,0.2,1e-07,reverse_eng_risk,295385081931,find_phi_fixed_budget_reverse_engineering_risk,"{""m_exploration"": 300000, ""eps_target"": 1e-07, ""budget"": 295385081931}"
"U(0.0001,0.2), eps=1e-07",0.0001,0.2,1e-07,reverse_eng_risk,454168966681,find_phi_fixed_budget_reverse_engineering_risk,"{""m_exploration"": 39622, ""eps_target"": 1e-07, ""budget"": 454168966681}"
"U(0.0001,0.2), eps=1e-07",0.0001,0.2,1e-07,reverse_eng_risk,698306931912,find_phi_fixed_budget_reverse_engineering_risk,"{""m_exploration"": 300000, ""eps_target"": 1e-07, ""budget"": 698306931912}"
"U(0.0001,0.2), eps=1e-07",0.0001,0.2,1e-07,reverse_eng_risk,1073680957817,find_phi_fixed_budget_reverse_engineering_risk,"{""m_exploration"": 300000, ""eps_target"": 1e-07, ""budget"": 1073680957817}"
"U(0.0001,0.2), eps=1e-07",0.0001,0.2,1e-07,reverse_eng_risk,1650836826183,find_phi_fixed_budget_reverse_engineering_risk,"{""m_exploration"": 23886, ""eps_target"": 1e-07, ""budget"": 1650836826183}"
"U(0.0001,0.2), eps=1e-07",0.0001,0.2,1e-07,reverse_eng_risk,2538242116375,find_phi_fixed_budget_reverse_engineering_risk,"{""m_exploration"": 23886, ""eps_target"": 1e-07, ""budget"": 2538242116375}"
"U(0.0001,0.2), eps=1e-07",0.0001,0.2,1e-07,reverse_eng_risk,3902671020634,find_phi_fixed_budget_reverse_engineering_risk,"{""m_exploration"": 23886, ""eps_target"": 1e-07, ""budget"": 3902671020634}"
"U(0.0001,0.2), eps=1e-07",0.0001,0.2,1e-07,reverse_eng_risk,6000546991571,find_phi_fixed_budget_reverse_engineering_risk,"{""m_exploration"": 5233, ""eps_target"": 1e-07, ""budget"": 6000546991571}"
"U(0.0001,0.2), eps=1e-07",0.0001,0.2,1e-07,reverse_eng_risk,9226133590991,find_phi_fixed_budget_reverse_engineering_risk,"{""m_exploration"": 180853, ""eps_target"": 1e-07, ""budget"": 9226133590991}"
"U(0.0001,0.2), eps=1e-07",0.0001,0.2,1e-07,reverse_eng_risk,14185630269770,find_phi_fixed_budget_reverse_engineering_risk,"{""m_exploration"": 1901, ""eps_target"": 1e-07, ""budget"": 14185630269770}"
"U(0.0001,0.2), eps=1e-07",0.0001,0.2,1e-07,reverse_eng_risk,21811098242400,find_phi_fixed_budget_reverse_engineering_risk,"{""m_exploration"": 1901, ""eps_target"": 1e-07, ""budget"": 21811098242400}"
"U(0.0001,0.2), eps=1e-07",0.0001,0.2,1e-07,reverse_eng_risk,33535627074209,find_phi_fixed_budget_reverse_engineering_risk,"{""m_exploration"": 691, ""eps_target"": 1e-07, ""budget"": 33535627074209}"
"U(0.0001,0.2), eps=1e-07",0.0001,0.2,1e-07,reverse_eng_risk,51562661850479,find_phi_fixed_budget_reverse_engineering_risk,"{""m_exploration"": 20, ""eps_target"": 1e-07, ""budget"": 51562661850479}"
"U(0.0001,0.2), eps=1e-07",0.0001,0.2,1e-07,reverse_eng_risk,79280106831564,find_phi_fixed_budget_reverse_engineering_risk,"{""m_exploration"": 20, ""eps_target"": 1e-07, ""budget"": 79280106831564}"
"U(0.0001,0.2), eps=1e-07",0.0001,0.2,1e-07,reverse_eng_risk,121897030014673,find_phi_fixed_budget_reverse_engineering_risk,"{""m_exploration"": 20, ""eps_target"": 1e-07, ""budget"": 121897030014673}"
"U(0.0001,0.2), eps=1e-07",0.0001,0.2,1e-07,reverse_eng_risk,187422627443814,find_phi_fixed_budget_reverse_engineering_risk,"{""m_exploration"": 20, ""eps_target"": 1e-07, ""budget"": 187422627443814}"
"U(0.0001,0.2), eps=1e-07",0.0001,0.2,1e-07,reverse_eng_risk,288171428571428,find_phi_fixed_budget_reverse_engineering_risk,"{""m_exploration"": 20, ""eps_target"": 1e-07, ""budget"": 288171428571428}"
"U(0.0001,0.2), eps=1e-07",0.0001,0.2,1e-07,binary_risk,192114285714,find_phi_fixed_budget_binary_search_risk,"{""m_exploration"": 143180, ""conf"": 0.5, ""eps_target"": 1e-07, ""budget"": 192114285714}"
"U(0.0001,0.2), eps=1e-07",0.0001,0.2,1e-07,binary_risk,295385081931,find_phi_fixed_budget_binary_search_risk,"{""m_exploration"": 143180, ""conf"": 0.5, ""eps_target"": 1e-07, ""budget"": 295385081931}"
"U(0.0001,0.2), eps=1e-07",0.0001,0.2,1e-07,binary_risk,454168966681,find_phi_fixed_budget_binary_search_risk,"{""m_exploration"": 143180, ""conf"": 0.5, ""eps_target"": 1e-07, ""budget"": 454168966681}"
"U(0.0001,0.2), eps=1e-07",0.0001,0.2,1e-07,binary_risk,698306931912,find_phi_fixed_budget_binary_search_risk,"{""m_exploration"": 143180, ""conf"": 0.5, ""eps_target"": 1e-07, ""budget"": 698306931912}"
"U(0.0001,0.2), eps=1e-07",0.0001,0.2,1e-07,binary_risk,1073680957817,find_phi_fixed_budget_binary_search_risk,"{""m_exploration"": 143180, ""conf"": 0.9, ""eps_target"": 1e-07, ""budget"": 1073680957817}"
"U(0.0001,0.2), eps=1e-07",0.0001,0.2,1e-07,binary_risk,1650836826183,find_phi_fixed_budget_binary_search_risk,"{""m_exploration"": 143180, ""conf"": 0.9, ""eps_target"": 1e-07, ""budget"": 1650836826183}"
"U(0.0001,0.2), eps=1e-07",0.0001,0.2,1e-07,binary_risk,2538242116375,find_phi_fixed_budget_binary_search_risk,"{""m_exploration"": 143180, ""conf"": 0.5, ""eps_target"": 1e-07, ""budget"": 2538242116375}"
"U(0.0001,0.2), eps=1e-07",0.0001,0.2,1e-07,binary_risk,3902671020634,find_phi_fixed_budget_binary_search_risk,"{""m_exploration"": 32614, ""conf"": 0.5, ""eps_target"": 1e-07, ""budget"": 3902671020634}"
"U(0.0001,0.2), eps=1e-07",0.0001,0.2,1e-07,binary_risk,6000546991571,find_phi_fixed_budget_binary_search_risk,"{""m_exploration"": 7429, ""conf"": 0.5, ""eps_target"": 1e-07, ""budget"": 6000546991571}"
"U(0.0001,0.2), eps=1e-07",0.0001,0.2,1e-07,binary_risk,9226133590991,find_phi_fixed_budget_binary_search_risk,"{""m_exploration"": 32614, ""conf"": 0.5, ""eps_target"": 1e-07, ""budget"": 9226133590991}"
"U(0.0001,0.2), eps=1e-07",0.0001,0.2,1e-07,binary_risk,14185630269770,find_phi_fixed_budget_binary_search_risk,"{""m_exploration"": 15565, ""conf"": 0.5, ""eps_target"": 1e-07, ""budget"": 14185630269770}"
"U(0.0001,0.2), eps=1e-07",0.0001,0.2,1e-07,binary_risk,21811098242400,find_phi_fixed_budget_binary_search_risk,"{""m_exploration"": 807, ""conf"": 0.5, ""eps_target"": 1e-07, ""budget"": 21811098242400}"
"U(0.0001,0.2), eps=1e-07",0.0001,0.2,1e-07,binary_risk,33535627074209,find_phi_fixed_budget_binary_search_risk,"{""m_exploration"": 807, ""conf"": 0.5, ""eps_target"": 1e-07, ""budget"": 33535627074209}"
"U(0.0001,0.2), eps=1e-07",0.0001,0.2,1e-07,binary_risk,51562661850479,find_phi_fixed_budget_binary_search_risk,"{""m_exploration"": 183, ""conf"": 0.5, ""eps_target"": 1e-07, ""budget"": 51562661850479}"
"U(0.0001,0.2), eps=1e-07",0.0001,0.2,1e-07,binary_risk,79280106831564,find_phi_fixed_budget_binary_search_risk,"{""m_exploration"": 41, ""conf"": 0.5, ""eps_target"": 1e-07, ""budget"": 79280106831564}"
"U(0.0001,0.2), eps=1e-07",0.0001,0.2,1e-07,binary_risk,121897030014673,find_phi_fixed_budget_binary_search_risk,"{""m_exploration"": 20, ""conf"": 0.5, ""eps_target"": 1e-07, ""budget"": 121897030014673}"
"U(0.0001,0.2), eps=1e-07",0.0001,0.2,1e-07,binary_risk,187422627443814,find_phi_fixed_budget_binary_search_risk,"{""m_exploration"": 20, ""conf"": 0.5, ""eps_target"": 1e-07, ""budget"": 187422627443814}"
"U(0.0001,0.2), eps=1e-07",0.0001,0.2,1e-07,binary_risk,288171428571428,find_phi_fixed_budget_binary_search_risk,"{""m_exploration"": 20, ""conf"": 0.5, ""eps_target"": 1e-07, ""budget"": 288171428571428}"
"U(0.0001,0.2), eps=1e-08",0.0001,0.2,1e-08,linear,19211428571428,find_phi_fixed_budget_linear_search,"{""m_exploration"": 30000, ""lookback_window"": 5, ""safeguard"": 0, ""inc"": 2, ""budget"": 19211428571428}"
"U(0.0001,0.2), eps=1e-08",0.0001,0.2,1e-08,linear,29538508193127,find_phi_fixed_budget_linear_search,"{""m_exploration"": 13924, ""lookback_window"": 5, ""safeguard"": 0, ""inc"": 2, ""budget"": 29538508193127}"
"U(0.0001,0.2), eps=1e-08",0.0001,0.2,1e-08,linear,45416896668115,find_phi_fixed_budget_linear_search,"{""m_exploration"": 13924, ""lookback_window"": 5, ""safeguard"": 0, ""inc"": 2, ""budget"": 45416896668115}"
"U(0.0001,0.2), eps=1e-08",0.0001,0.2,1e-08,linear,69830693191275,find_phi_fixed_budget_linear_search,"{""m_exploration"": 13924, ""lookback_window"": 5, ""safeguard"": 0, ""inc"": 2, ""budget"": 69830693191275}"
"U(0.0001,0.2), eps=1e-08",0.0001,0.2,1e-08,linear,107368095781793,find_phi_fixed_budget_linear_search,"{""m_exploration"": 64633, ""lookback_window"": 5, ""safeguard"": 0, ""inc"": 1, ""budget"": 107368095781793}"
"U(0.0001,0.2), eps=1e-08",0.0001,0.2,1e-08,linear,165083682618359,find_phi_fixed_budget_linear_search,"{""m_exploration"": 64633, ""lookback_window"": 5, ""safeguard"": 0, ""inc"": 1, ""budget"": 165083682618359}"
"U(0.0001,0.2), eps=1e-08",0.0001,0.2,1e-08,linear,253824211637552,find_phi_fixed_budget_linear_search,"{""m_exploration"": 64633, ""lookback_window"": 5, ""safeguard"": 0, ""inc"": 1, ""budget"": 253824211637552}"
"U(0.0001,0.2), eps=1e-08",0.0001,0.2,1e-08,linear,390267102063424,find_phi_fixed_budget_linear_search,"{""m_exploration"": 64633, ""lookback_window"": 5, ""safeguard"": 0, ""inc"": 1, ""budget"": 390267102063424}"
"U(0.0001,0.2), eps=1e-08",0.0001,0.2,1e-08,linear,600054699157193,find_phi_fixed_budget_linear_search,"{""m_exploration"": 64633, ""lookback_window"": 5, ""safeguard"": 0, ""inc"": 1, ""budget"": 600054699157193}"
"U(0.0001,0.2), eps=1e-08",0.0001,0.2,1e-08,linear,922613359099158,find_phi_fixed_budget_linear_search,"{""m_exploration"": 64633, ""lookback_window"": 5, ""safeguard"": 0, ""inc"": 1, ""budget"": 922613359099158}"
"U(0.0001,0.2), eps=1e-08",0.0001,0.2,1e-08,linear,1418563026977050,find_phi_fixed_budget_linear_search,"{""m_exploration"": 300000, ""lookback_window"": 5, ""safeguard"": 0, ""inc"": 2, ""budget"": 1418563026977050}"
"U(0.0001,0.2), eps=1e-08",0.0001,0.2,1e-08,linear,2181109824240055,find_phi_fixed_budget_linear_search,"{""m_exploration"": 139247, ""lookback_window"": 5, ""safeguard"": 0, ""inc"": 2, ""budget"": 2181109824240055}"
"U(0.0001,0.2), eps=1e-08",0.0001,0.2,1e-08,linear,3353562707420999,find_phi_fixed_budget_linear_search,"{""m_exploration"": 6463, ""lookback_window"": 1, ""safeguard"": 1, ""inc"": 2, ""budget"": 3353562707420999}"
"U(0.0001,0.2), eps=1e-08",0.0001,0.2,1e-08,linear,5156266185047945,find_phi_fixed_budget_linear_search,"{""m_exploration"": 13, ""lookback_window"": 1, ""safeguard"": 2, ""inc"": 1, ""budget"": 5156266185047945}"
"U(0.0001,0.2), eps=1e-08",0.0001,0.2,1e-08,linear,7928010683156490,find_phi_fixed_budget_linear_search,"{""m_exploration"": 13, ""lookback_window"": 1, ""safeguard"": 2, ""inc"": 1, ""budget"": 7928010683156490}"
"U(0.0001,0.2), eps=1e-08",0.0001,0.2,1e-08,linear,12189703001467332,find_phi_fixed_budget_linear_search,"{""m_exploration"": 13, ""lookback_window"": 1, ""safeguard"": 2, ""inc"": 1, ""budget"": 12189703001467332}"
"U(0.0001,0.2), eps=1e-08",0.0001,0.2,1e-08,linear,18742262744381408,find_phi_fixed_budget_linear_search,"{""m_exploration"": 13, ""lookback_window"": 1, ""safeguard"": 2, ""inc"": 1, ""budget"": 18742262744381408}"
"U(0.0001,0.2), eps=1e-08",0.0001,0.2,1e-08,linear,28817142857142856,find_phi_fixed_budget_linear_search,"{""m_exploration"": 13, ""lookback_window"": 1, ""safeguard"": 2, ""inc"": 1, ""budget"": 28817142857142856}"
"U(0.0001,0.2), eps=1e-08",0.0001,0.2,1e-08,reverse_eng,19211428571428,find_phi_fixed_budget_reverse_engineering,"{""m_exploration"": 300000, ""safeguard"": 0.95, ""budget"": 19211428571428}"
"U(0.0001,0.2), eps=1e-08",0.0001,0.2,1e-08,reverse_eng,29538508193127,find_phi_fixed_budget_reverse_engineering,"{""m_exploration"": 300000, ""safeguard"": 0.95, ""budget"": 29538508193127}"
"U(0.0001,0.2), eps=1e-08",0.0001,0.2,1e-08,reverse_eng,45416896668115,find_phi_fixed_budget_reverse_engineering,"{""m_exploration"": 300000, ""safeguard"": 0.95, ""budget"": 45416896668115}"
"U(0.0001,0.2), eps=1e-08",0.0001,0.2,1e-08,reverse_eng,69830693191275,find_phi_fixed_budget_reverse_engineering,"{""m_exploration"": 300000, ""safeguard"": 0.95, ""budget"": 69830693191275}"
"U(0.0001,0.2), eps=1e-08",0.0001,0.2,1e-08,reverse_eng,107368095781793,find_phi_fixed_budget_reverse_engineering,"{""m_exploration"": 300000, ""safeguard"": 0.95, ""budget"": 107368095781793}"
"U(0.0001,0.2), eps=1e-08",0.0001,0.2,1e-08,reverse_eng,165083682618359,find_phi_fixed_budget_reverse_engineering,"{""m_exploration"": 300000, ""safeguard"": 0.95, ""budget"": 165083682618359}"
"U(0.0001,0.2), eps=1e-08",0.0001,0.2,1e-08,reverse_eng,253824211637552,find_phi_fixed_budget_reverse_engineering,"{""m_exploration"": 300000, ""safeguard"": 0.95, ""budget"": 253824211637552}"
"U(0.0001,0.2), eps=1e-08",0.0001,0.2,1e-08,reverse_eng,390267102063424,find_phi_fixed_budget_reverse_engineering,"{""m_exploration"": 300000, ""safeguard"": 0.95, ""budget"": 390267102063424}"
"U(0.0001,0.2), eps=1e-08",0.0001,0.2,1e-08,reverse_eng,600054699157193,find_phi_fixed_budget_reverse_engineering,"{""m_exploration"": 300000, ""safeguard"": 0.95, ""budget"": 600054699157193}"
"U(0.0001,0.2), eps=1e-08",0.0001,0.2,1e-08,reverse_eng,922613359099158,find_phi_fixed_budget_reverse_engineering,"{""m_exploration"": 300000, ""safeguard"": 0.9, ""budget"": 922613359099158}"
"U(0.0001,0.2), eps=1e-08",0.0001,0.2,1e-08,reverse_eng,1418563026977050,find_phi_fixed_budget_reverse_engineering,"{""m_exploration"": 300000, ""safeguard"": 0.9, ""budget"": 1418563026977050}"
"U(0.0001,0.2), eps=1e-08",0.0001,0.2,1e-08,reverse_eng,2181109824240055,find_phi_fixed_budget_reverse_engineering,"{""m_exploration"": 300000, ""safeguard"": 0.85, ""budget"": 2181109824240055}"
"U(0.0001,0.2), eps=1e-08",0.0001,0.2,1e-08,reverse_eng,3353562707420999,find_phi_fixed_budget_reverse_engineering,"{""m_exploration"": 109026, ""safeguard"": 0.8, ""budget"": 3353562707420999}"
"U(0.0001,0.2), eps=1e-08",0.0001,0.2,1e-08,reverse_eng,5156266185047945,find_phi_fixed_budget_reverse_engineering,"{""m_exploration"": 109026, ""safeguard"": 0.8, ""budget"": 5156266185047945}"
"U(0.0001,0.2), eps=1e-08",0.0001,0.2,1e-08,reverse_eng,7928010683156490,find_phi_fixed_budget_reverse_engineering,"{""m_exploration"": 109026, ""safeguard"": 0.8, ""budget"": 7928010683156490}"
"U(0.0001,0.2), eps=1e-08",0.0001,0.2,1e-08,reverse_eng,12189703001467332,find_phi_fixed_budget_reverse_engineering,"{""m_exploration"": 109026, ""safeguard"": 0.8, ""budget"": 12189703001467332}"
"U(0.0001,0.2), eps=1e-08",0.0001,0.2,1e-08,reverse_eng,18742262744381408,find_phi_fixed_budget_reverse_engineering,"{""m_exploration"": 109026, ""safeguard"": 0.8, ""budget"": 18742262744381408}"
"U(0.0001,0.2), eps=1e-08",0.0001,0.2,1e-08,reverse_eng,28817142857142856,find_phi_fixed_budget_reverse_engineering,"{""m_exploration"": 109026, ""safeguard"": 0.8, ""budget"": 28817142857142856}"
"U(0.0001,0.2), eps=1e-08",0.0001,0.2,1e-08,binary,19211428571428,find_phi_fixed_budget_binary_search,"{""m_exploration"": 143180, ""safeguard"": 1, ""conf"": 0.9, ""budget"": 19211428571428}"
"U(0.0001,0.2), eps=1e-08",0.0001,0.2,1e-08,binary,29538508193127,find_phi_fixed_budget_binary_search,"{""m_exploration"": 143180, ""safeguard"": 1, ""conf"": 0.9, ""budget"": 29538508193127}"
"U(0.0001,0.2), eps=1e-08",0.0001,0.2,1e-08,binary,45416896668115,find_phi_fixed_budget_binary_search,"{""m_exploration"": 143180, ""safeguard"": 1, ""conf"": 0.9, ""budget"": 45416896668115}"
"U(0.0001,0.2), eps=1e-08",0.0001,0.2,1e-08,binary,69830693191275,find_phi_fixed_budget_binary_search,"{""m_exploration"": 143180, ""safeguard"": 1, ""conf"": 0.9, ""budget"": 69830693191275}"
"U(0.0001,0.2), eps=1e-08",0.0001,0.2,1e-08,binary,107368095781793,find_phi_fixed_budget_binary_search,"{""m_exploration"": 143180, ""safeguard"": 1, ""conf"": 0.9, ""budget"": 107368095781793}"
"U(0.0001,0.2), eps=1e-08",0.0001,0.2,1e-08,binary,165083682618359,find_phi_fixed_budget_binary_search,"{""m_exploration"": 143180, ""safeguard"": 1, ""conf"": 0.9, ""budget"": 165083682618359}"
"U(0.0001,0.2), eps=1e-08",0.0001,0.2,1e-08,binary,253824211637552,find_phi_fixed_budget_binary_search,"{""m_exploration"": 143180, ""safeguard"": 1, ""conf"": 0.9, ""budget"": 253824211637552}"
"U(0.0001,0.2), eps=1e-08",0.0001,0.2,1e-08,binary,390267102063424,find_phi_fixed_budget_binary_search,"{""m_exploration"": 300000, ""safeguard"": 1, ""conf"": 0.9, ""budget"": 390267102063424}"
"U(0.0001,0.2), eps=1e-08",0.0001,0.2,1e-08,binary,600054699157193,find_phi_fixed_budget_binary_search,"{""m_exploration"": 32614, ""safeguard"": 2, ""conf"": 0.9, ""budget"": 600054699157193}"
"U(0.0001,0.2), eps=1e-08",0.0001,0.2,1e-08,binary,922613359099158,find_phi_fixed_budget_binary_search,"{""m_exploration"": 32614, ""safeguard"": 2, ""conf"": 0.9, ""budget"": 922613359099158}"
"U(0.0001,0.2), eps=1e-08",0.0001,0.2,1e-08,binary,1418563026977050,find_phi_fixed_budget_binary_search,"{""m_exploration"": 143180, ""safeguard"": 1, ""conf"": 0.8, ""budget"": 1418563026977050}"
"U(0.0001,0.2), eps=1e-08",0.0001,0.2,1e-08,binary,2181109824240055,find_phi_fixed_budget_binary_search,"{""m_exploration"": 300000, ""safeguard"": 1, ""conf"": 0.5, ""budget"": 2181109824240055}"
"U(0.0001,0.2), eps=1e-08",0.0001,0.2,1e-08,binary,3353562707420999,find_phi_fixed_budget_binary_search,"{""m_exploration"": 143180, ""safeguard"": 2, ""conf"": 0.5, ""budget"": 3353562707420999}"
"U(0.0001,0.2), eps=1e-08",0.0001,0.2,1e-08,binary,5156266185047945,find_phi_fixed_budget_binary_search,"{""m_exploration"": 143180, ""safeguard"": 2, ""conf"": 0.5, ""budget"": 5156266185047945}"
"U(0.0001,0.2), eps=1e-08",0.0001,0.2,1e-08,binary,7928010683156490,find_phi_fixed_budget_binary_search,"{""m_exploration"": 143180, ""safeguard"": 2, ""conf"": 0.5, ""budget"": 7928010683156490}"
"U(0.0001,0.2), eps=1e-08",0.0001,0.2,1e-08,binary,12189703001467332,find_phi_fixed_budget_binary_search,"{""m_exploration"": 143180, ""safeguard"": 2, ""conf"": 0.5, ""budget"": 12189703001467332}"
"U(0.0001,0.2), eps=1e-08",0.0001,0.2,1e-08,binary,18742262744381408,find_phi_fixed_budget_binary_search,"{""m_exploration"": 143180, ""safeguard"": 2, ""conf"": 0.5, ""budget"": 18742262744381408}"
"U(0.0001,0.2), eps=1e-08",0.0001,0.2,1e-08,binary,28817142857142856,find_phi_fixed_budget_binary_search,"{""m_exploration"": 143180, ""safeguard"": 2, ""conf"": 0.5, ""budget"": 28817142857142856}"
"U(0.0001,0.2), eps=1e-08",0.0001,0.2,1e-08,reverse_eng_risk,19211428571428,find_phi_fixed_budget_reverse_engineering_risk,"{""m_exploration"": 300000, ""eps_target"": 1e-08, ""budget"": 19211428571428}"
"U(0.0001,0.2), eps=1e-08",0.0001,0.2,1e-08,reverse_eng_risk,29538508193127,find_phi_fixed_budget_reverse_engineering_risk,"{""m_exploration"": 300000, ""eps_target"": 1e-08, ""budget"": 29538508193127}"
"U(0.0001,0.2), eps=1e-08",0.0001,0.2,1e-08,reverse_eng_risk,45416896668115,find_phi_fixed_budget_reverse_engineering_risk,"{""m_exploration"": 300000, ""eps_target"": 1e-08, ""budget"": 45416896668115}"
"U(0.0001,0.2), eps=1e-08",0.0001,0.2,1e-08,reverse_eng_risk,69830693191275,find_phi_fixed_budget_reverse_engineering_risk,"{""m_exploration"": 300000, ""eps_target"": 1e-08, ""budget"": 69830693191275}"
"U(0.0001,0.2), eps=1e-08",0.0001,0.2,1e-08,reverse_eng_risk,107368095781793,find_phi_fixed_budget_reverse_engineering_risk,"{""m_exploration"": 300000, ""eps_target"": 1e-08, ""budget"": 107368095781793}"
"U(0.0001,0.2), eps=1e-08",0.0001,0.2,1e-08,reverse_eng_risk,165083682618359,find_phi_fixed_budget_reverse_engineering_risk,"{""m_exploration"": 23886, ""eps_target"": 1e-08, ""budget"": 165083682618359}"
"U(0.0001,0.2), eps=1e-08",0.0001,0.2,1e-08,reverse_eng_risk,253824211637552,find_phi_fixed_budget_reverse_engineering_risk,"{""m_exploration"": 23886, ""eps_target"": 1e-08, ""budget"": 253824211637552}"
"U(0.0001,0.2), eps=1e-08",0.0001,0.2,1e-08,reverse_eng_risk,390267102063424,find_phi_fixed_budget_reverse_engineering_risk,"{""m_exploration"": 23886, ""eps_target"": 1e-08, ""budget"": 390267102063424}"
"U(0.0001,0.2), eps=1e-08",0.0001,0.2,1e-08,reverse_eng_risk,600054699157193,find_phi_fixed_budget_reverse_engineering_risk,"{""m_exploration"": 5233, ""eps_target"": 1e-08, ""budget"": 600054699157193}"
"U(0.0001,0.2), eps=1e-08",0.0001,0.2,1e-08,reverse_eng_risk,922613359099158,find_phi_fixed_budget_reverse_engineering_risk,"{""m_exploration"": 180853, ""eps_target"": 1e-08, ""budget"": 922613359099158}"
"U(0.0001,0.2), eps=1e-08",0.0001,0.2,1e-08,reverse_eng_risk,1418563026977050,find_phi_fixed_budget_reverse_engineering_risk,"{""m_exploration"": 1901, ""eps_target"": 1e-08, ""budget"": 1418563026977050}"
"U(0.0001,0.2), eps=1e-08",0.0001,0.2,1e-08,reverse_eng_risk,2181109824240055,find_phi_fixed_budget_reverse_engineering_risk,"{""m_exploration"": 1901, ""eps_target"": 1e-08, ""budget"": 2181109824240055}"
"U(0.0001,0.2), eps=1e-08",0.0001,0.2,1e-08,reverse_eng_risk,3353562707420999,find_phi_fixed_budget_reverse_engineering_risk,"{""m_exploration"": 691, ""eps_target"": 1e-08, ""budget"": 3353562707420999}"
"U(0.0001,0.2), eps=1e-08",0.0001,0.2,1e-08,reverse_eng_risk,5156266185047945,find_phi_fixed_budget_reverse_engineering_risk,"{""m_exploration"": 20, ""eps_target"": 1e-08, ""budget"": 5156266185047945}"
"U(0.0001,0.2), eps=1e-08",0.0001,0.2,1e-08,reverse_eng_risk,7928010683156490,find_phi_fixed_budget_reverse_engineering_risk,"{""m_exploration"": 20, ""eps_target"": 1e-08, ""budget"": 7928010683156490}"
"U(0.0001,0.2), eps=1e-08",0.0001,0.2,1e-08,reverse_eng_risk,12189703001467332,find_phi_fixed_budget_reverse_engineering_risk,"{""m_exploration"": 20, ""eps_target"": 1e-08, ""budget"": 12189703001467332}"
"U(0.0001,0.2), eps=1e-08",0.0001,0.2,1e-08,reverse_eng_risk,18742262744381408,find_phi_fixed_budget_reverse_engineering_risk,"{""m_exploration"": 20, ""eps_target"": 1e-08, ""budget"": 18742262744381408}"
"U(0.0001,0.2), eps=1e-08",0.0001,0.2,1e-08,reverse_eng_risk,28817142857142856,find_phi_fixed_budget_reverse_engineering_risk,"{""m_exploration"": 20, ""eps_target"": 1e-08, ""budget"": 28817142857142856}"
"U(0.0001,0.2), eps=1e-08",0.0001,0.2,1e-08,binary_risk,19211428571428,find_phi_fixed_budget_binary_search_risk,"{""m_exploration"": 143180, ""conf"": 0.5, ""eps_target"": 1e-08, ""budget"": 19211428571428}"
"U(0.0001,0.2), eps=1e-08",0.0001,0.2,1e-08,binary_risk,29538508193127,find_phi_fixed_budget_binary_search_risk,"{""m_exploration"": 143180, ""conf"": 0.5, ""eps_target"": 1e-08, ""budget"": 29538508193127}"
"U(0.0001,0.2), eps=1e-08",0.0001,0.2,1e-08,binary_risk,45416896668115,find_phi_fixed_budget_binary_search_risk,"{""m_exploration"": 143180, ""conf"": 0.5, ""eps_target"": 1e-08, ""budget"": 45416896668115}"
"U(0.0001,0.2), eps=1e-08",0.0001,0.2,1e-08,binary_risk,69830693191275,find_phi_fixed_budget_binary_search_risk,"{""m_exploration"": 143180, ""conf"": 0.5, ""eps_target"": 1e-08, ""budget"": 69830693191275}"
"U(0.0001,0.2), eps=1e-08",0.0001,0.2,1e-08,binary_risk,107368095781793,find_phi_fixed_budget_binary_search_risk,"{""m_exploration"": 143180, ""conf"": 0.9, ""eps_target"": 1e-08, ""budget"": 107368095781793}"
"U(0.0001,0.2), eps=1e-08",0.0001,0.2,1e-08,binary_risk,165083682618359,find_phi_fixed_budget_binary_search_risk,"{""m_exploration"": 143180, ""conf"": 0.5, ""eps_target"": 1e-08, ""budget"": 165083682618359}"
"U(0.0001,0.2), eps=1e-08",0.0001,0.2,1e-08,binary_risk,253824211637552,find_phi_fixed_budget_binary_search_risk,"{""m_exploration"": 143180, ""conf"": 0.5, ""eps_target"": 1e-08, ""budget"": 253824211637552}"
"U(0.0001,0.2), eps=1e-08",0.0001,0.2,1e-08,binary_risk,390267102063424,find_phi_fixed_budget_binary_search_risk,"{""m_exploration"": 32614, ""conf"": 0.5, ""eps_target"": 1e-08, ""budget"": 390267102063424}"
"U(0.0001,0.2), eps=1e-08",0.0001,0.2,1e-08,binary_risk,600054699157193,find_phi_fixed_budget_binary_search_risk,"{""m_exploration"": 7429, ""conf"": 0.5, ""eps_target"": 1e-08, ""budget"": 600054699157193}"
"U(0.0001,0.2), eps=1e-08",0.0001,0.2,1e-08,binary_risk,922613359099158,find_phi_fixed_budget_binary_search_risk,"{""m_exploration"": 32614, ""conf"": 0.5, ""eps_target"": 1e-08, ""budget"": 922613359099158}"
"U(0.0001,0.2), eps=1e-08",0.0001,0.2,1e-08,binary_risk,1418563026977050,find_phi_fixed_budget_binary_search_risk,"{""m_exploration"": 15565, ""conf"": 0.5, ""eps_target"": 1e-08, ""budget"": 1418563026977050}"
"U(0.0001,0.2), eps=1e-08",0.0001,0.2,1e-08,binary_risk,2181109824240055,find_phi_fixed_budget_binary_search_risk,"{""m_exploration"": 807, ""conf"": 0.5, ""eps_target"": 1e-08, ""budget"": 2181109824240055}"
"U(0.0001,0.2), eps=1e-08",0.0001,0.2,1e-08,binary_risk,3353562707420999,find_phi_fixed_budget_binary_search_risk,"{""m_exploration"": 807, ""conf"": 0.5, ""eps_target"": 1e-08, ""budget"": 3353562707420999}"
"U(0.0001,0.2), eps=1e-08",0.0001,0.2,1e-08,binary_risk,5156266185047945,find_phi_fixed_budget_binary_search_risk,"{""m_exploration"": 183, ""conf"": 0.5, ""eps_target"": 1e-08, ""budget"": 5156266185047945}"
"U(0.0001,0.2), eps=1e-08",0.0001,0.2,1e-08,binary_risk,7928010683156490,find_phi_fixed_budget_binary_search_risk,"{""m_exploration"": 41, ""conf"": 0.5, ""eps_target"": 1e-08, ""budget"": 7928010683156490}"
"U(0.0001,0.2), eps=1e-08",0.0001,0.2,1e-08,binary_risk,12189703001467332,find_phi_fixed_budget_binary_search_risk,"{""m_exploration"": 20, ""conf"": 0.5, ""eps_target"": 1e-08, ""budget"": 12189703001467332}"
"U(0.0001,0.2), eps=1e-08",0.0001,0.2,1e-08,binary_risk,18742262744381408,find_phi_fixed_budget_binary_search_risk,"{""m_exploration"": 20, ""conf"": 0.5, ""eps_target"": 1e-08, ""budget"": 18742262744381408}"
"U(0.0001,0.2), eps=1e-08",0.0001,0.2,1e-08,binary_risk,28817142857142856,find_phi_fixed_budget_binary_search_risk,"{""m_exploration"": 20, ""conf"": 0.5, ""eps_target"": 1e-08, ""budget"": 28817142857142856}"
"U(3e-06,0.1), eps=1e-06",3e-06,0.1,1e-06,linear,896533333,find_phi_fixed_budget_linear_search,"{""m_exploration"": 1392, ""lookback_window"": 5, ""safeguard"": 1, ""inc"": 1, ""budget"": 896533333}"
"U(3e-06,0.1), eps=1e-06",3e-06,0.1,1e-06,linear,1378463715,find_phi_fixed_budget_linear_search,"{""m_exploration"": 6463, ""lookback_window"": 5, ""safeguard"": 0, ""inc"": 5, ""budget"": 1378463715}"
"U(3e-06,0.1), eps=1e-06",3e-06,0.1,1e-06,linear,2119455177,find_phi_fixed_budget_linear_search,"{""m_exploration"": 13924, ""lookback_window"": 5, ""safeguard"": 0, ""inc"": 2, ""budget"": 2119455177}"
"U(3e-06,0.1), eps=1e-06",3e-06,0.1,1e-06,linear,3258765682,find_phi_fixed_budget_linear_search,"{""m_exploration"": 13924, ""lookback_window"": 5, ""safeguard"": 0, ""inc"": 2, ""budget"": 3258765682}"
"U(3e-06,0.1), eps=1e-06",3e-06,0.1,1e-06,linear,5010511136,find_phi_fixed_budget_linear_search,"{""m_exploration"": 3000, ""lookback_window"": 5, ""safeguard"": 1, ""inc"": 1, ""budget"": 5010511136}"
"U(3e-06,0.1), eps=1e-06",3e-06,0.1,1e-06,linear,7703905188,find_phi_fixed_budget_linear_search,"{""m_exploration"": 6463, ""lookback_window"": 5, ""safeguard"": 1, ""inc"": 2, ""budget"": 7703905188}"
"U(3e-06,0.1), eps=1e-06",3e-06,0.1,1e-06,linear,11845129876,find_phi_fixed_budget_linear_search,"{""m_exploration"": 30000, ""lookback_window"": 5, ""safeguard"": 0, ""inc"": 2, ""budget"": 11845129876}"
"U(3e-06,0.1), eps=1e-06",3e-06,0.1,1e-06,linear,18212464762,find_phi_fixed_budget_linear_search,"{""m_exploration"": 300000, ""lookback_window"": 5, ""safeguard"": 0, ""inc"": 5, ""budget"": 18212464762}"
"U(3e-06,0.1), eps=1e-06",3e-06,0.1,1e-06,linear,28002552627,find_phi_fixed_budget_linear_search,"{""m_exploration"": 30000, ""lookback_window"": 5, ""safeguard"": 0, ""inc"": 1, ""budget"": 28002552627}"
"U(3e-06,0.1), eps=1e-06",3e-06,0.1,1e-06,linear,43055290091,find_phi_fixed_budget_linear_search,"{""m_exploration"": 64633, ""lookback_window"": 5, ""safeguard"": 1, ""inc"": 1, ""budget"": 43055290091}"
"U(3e-06,0.1), eps=1e-06",3e-06,0.1,1e-06,linear,66199607925,find_phi_fixed_budget_linear_search,"{""m_exploration"": 64633, ""lookback_window"": 5, ""safeguard"": 1, ""inc"": 2, ""budget"": 66199607925}"
"U(3e-06,0.1), eps=1e-06",3e-06,0.1,1e-06,linear,101785125131,find_phi_fixed_budget_linear_search,"{""m_exploration"": 139247, ""lookback_window"": 5, ""safeguard"": 1, ""inc"": 2, ""budget"": 101785125131}"
"U(3e-06,0.1), eps=1e-06",3e-06,0.1,1e-06,linear,156499593012,find_phi_fixed_budget_linear_search,"{""m_exploration"": 13924, ""lookback_window"": 5, ""safeguard"": 1, ""inc"": 1, ""budget"": 156499593012}"
"U(3e-06,0.1), eps=1e-06",3e-06,0.1,1e-06,linear,240625755302,find_phi_fixed_budget_linear_search,"{""m_exploration"": 6, ""lookback_window"": 1, ""safeguard"": 2, ""inc"": 1, ""budget"": 240625755302}"
"U(3e-06,0.1), eps=1e-06",3e-06,0.1,1e-06,linear,369973831880,find_phi_fixed_budget_linear_search,"{""m_exploration"": 3, ""lookback_window"": 1, ""safeguard"": 5, ""inc"": 1, ""budget"": 369973831880}"
"U(3e-06,0.1), eps=1e-06",3e-06,0.1,1e-06,linear,568852806735,find_phi_fixed_budget_linear_search,"{""m_exploration"": 3, ""lookback_window"": 1, ""safeguard"": 5, ""inc"": 1, ""budget"": 568852806735}"
"U(3e-06,0.1), eps=1e-06",3e-06,0.1,1e-06,linear,874638928071,find_phi_fixed_budget_linear_search,"{""m_exploration"": 3, ""lookback_window"": 1, ""safeguard"": 5, ""inc"": 1, ""budget"": 874638928071}"
"U(3e-06,0.1), eps=1e-06",3e-06,0.1,1e-06,linear,1344800000000,find_phi_fixed_budget_linear_search,"{""m_exploration"": 3, ""lookback_window"": 1, ""safeguard"": 5, ""inc"": 1, ""budget"": 1344800000000}"
"U(3e-06,0.1), eps=1e-06",3e-06,0.1,1e-06,reverse_eng,896533333,find_phi_fixed_budget_reverse_engineering,"{""m_exploration"": 300000, ""safeguard"": 0.95, ""budget"": 896533333}"
"U(3e-06,0.1), eps=1e-06",3e-06,0.1,1e-06,reverse_eng,1378463715,find_phi_fixed_budget_reverse_engineering,"{""m_exploration"": 300000, ""safeguard"": 0.95, ""budget"": 1378463715}"
"U(3e-06,0.1), eps=1e-06",3e-06,0.1,1e-06,reverse_eng,2119455177,find_phi_fixed_budget_reverse_engineering,"{""m_exploration"": 300000, ""safeguard"": 0.95, ""budget"": 2119455177}"
"U(3e-06,0.1), eps=1e-06",3e-06,0.1,1e-06,reverse_eng,3258765682,find_phi_fixed_budget_reverse_engineering,"{""m_exploration"": 300000, ""safeguard"": 0.95, ""budget"": 3258765682}"
"U(3e-06,0.1), eps=1e-06",3e-06,0.1,1e-06,reverse_eng,5010511136,find_phi_fixed_budget_reverse_engineering,"{""m_exploration"": 300000, ""safeguard"": 0.95, ""budget"": 5010511136}"
"U(3e-06,0.1), eps=1e-06",3e-06,0.1,1e-06,reverse_eng,7703905188,find_phi_fixed_budget_reverse_engineering,"{""m_exploration"": 300000, ""safeguard"": 0.95, ""budget"": 7703905188}"
"U(3e-06,0.1), eps=1e-06",3e-06,0.1,1e-06,reverse_eng,11845129876,find_phi_fixed_budget_reverse_engineering,"{""m_exploration"": 180853, ""safeguard"": 0.95, ""budget"": 11845129876}"
"U(3e-06,0.1), eps=1e-06",3e-06,0.1,1e-06,reverse_eng,18212464762,find_phi_fixed_budget_reverse_engineering,"{""m_exploration"": 180853, ""safeguard"": 0.95, ""budget"": 18212464762}"
"U(3e-06,0.1), eps=1e-06",3e-06,0.1,1e-06,reverse_eng,28002552627,find_phi_fixed_budget_reverse_engineering,"{""m_exploration"": 300000, ""safeguard"": 0.95, ""budget"": 28002552627}"
"U(3e-06,0.1), eps=1e-06",3e-06,0.1,1e-06,reverse_eng,43055290091,find_phi_fixed_budget_reverse_engineering,"{""m_exploration"": 300000, ""safeguard"": 0.95, ""budget"": 43055290091}"
"U(3e-06,0.1), eps=1e-06",3e-06,0.1,1e-06,reverse_eng,66199607925,find_phi_fixed_budget_reverse_engineering,"{""m_exploration"": 180853, ""safeguard"": 0.9, ""budget"": 66199607925}"
"U(3e-06,0.1), eps=1e-06",3e-06,0.1,1e-06,reverse_eng,101785125131,find_phi_fixed_budget_reverse_engineering,"{""m_exploration"": 180853, ""safeguard"": 0.9, ""budget"": 101785125131}"
"U(3e-06,0.1), eps=1e-06",3e-06,0.1,1e-06,reverse_eng,156499593012,find_phi_fixed_budget_reverse_engineering,"{""m_exploration"": 109026, ""safeguard"": 0.8, ""budget"": 156499593012}"
"U(3e-06,0.1), eps=1e-06",3e-06,0.1,1e-06,reverse_eng,240625755302,find_phi_fixed_budget_reverse_engineering,"{""m_exploration"": 109026, ""safeguard"": 0.8, ""budget"": 240625755302}"
"U(3e-06,0.1), eps=1e-06",3e-06,0.1,1e-06,reverse_eng,369973831880,find_phi_fixed_budget_reverse_engineering,"{""m_exploration"": 109026, ""safeguard"": 0.8, ""budget"": 369973831880}"
"U(3e-06,0.1), eps=1e-06",3e-06,0.1,1e-06,reverse_eng,568852806735,find_phi_fixed_budget_reverse_engineering,"{""m_exploration"": 109026, ""safeguard"": 0.8, ""budget"": 568852806735}"
"U(3e-06,0.1), eps=1e-06",3e-06,0.1,1e-06,reverse_eng,874638928071,find_phi_fixed_budget_reverse_engineering,"{""m_exploration"": 109026, ""safeguard"": 0.8, ""budget"": 874638928071}"
"U(3e-06,0.1), eps=1e-06",3e-06,0.1,1e-06,reverse_eng,1344800000000,find_phi_fixed_budget_reverse_engineering,"{""m_exploration"": 109026, ""safeguard"": 0.8, ""budget"": 1344800000000}"
"U(3e-06,0.1), eps=1e-06",3e-06,0.1,1e-06,binary,896533333,find_phi_fixed_budget_binary_search,"{""m_exploration"": 385, ""safeguard"": 2, ""conf"": 0.8, ""budget"": 896533333}"
"U(3e-06,0.1), eps=1e-06",3e-06,0.1,1e-06,binary,1378463715,find_phi_fixed_budget_binary_search,"{""m_exploration"": 385, ""safeguard"": 2, ""conf"": 0.8, ""budget"": 1378463715}"
"U(3e-06,0.1), eps=1e-06",3e-06,0.1,1e-06,binary,2119455177,find_phi_fixed_budget_binary_search,"{""m_exploration"": 807, ""safeguard"": 2, ""conf"": 0.8, ""budget"": 2119455177}"
"U(3e-06,0.1), eps=1e-06",3e-06,0.1,1e-06,binary,3258765682,find_phi_fixed_budget_binary_search,"{""m_exploration"": 807, ""safeguard"": 2, ""conf"": 0.8, ""budget"": 3258765682}"
"U(3e-06,0.1), eps=1e-06",3e-06,0.1,1e-06,binary,5010511136,find_phi_fixed_budget_binary_search,"{""m_exploration"": 1692, ""safeguard"": 2, ""conf"": 0.9, ""budget"": 5010511136}"
"U(3e-06,0.1), eps=1e-06",3e-06,0.1,1e-06,binary,7703905188,find_phi_fixed_budget_binary_search,"{""m_exploration"": 1692, ""safeguard"": 2, ""conf"": 0.8, ""budget"": 7703905188}"
"U(3e-06,0.1), eps=1e-06",3e-06,0.1,1e-06,binary,11845129876,find_phi_fixed_budget_binary_search,"{""m_exploration"": 1692, ""safeguard"": 2, ""conf"": 0.8, ""budget"": 11845129876}"
"U(3e-06,0.1), eps=1e-06",3e-06,0.1,1e-06,binary,18212464762,find_phi_fixed_budget_binary_search,"{""m_exploration"": 1692, ""safeguard"": 2, ""conf"": 0.8, ""budget"": 18212464762}"
"U(3e-06,0.1), eps=1e-06",3e-06,0.1,1e-06,binary,28002552627,find_phi_fixed_budget_binary_search,"{""m_exploration"": 3545, ""safeguard"": 2, ""conf"": 0.8, ""budget"": 28002552627}"
"U(3e-06,0.1), eps=1e-06",3e-06,0.1,1e-06,binary,43055290091,find_phi_fixed_budget_binary_search,"{""m_exploration"": 1692, ""safeguard"": 2, ""conf"": 0.8, ""budget"": 43055290091}"
"U(3e-06,0.1), eps=1e-06",3e-06,0.1,1e-06,binary,66199607925,find_phi_fixed_budget_binary_search,"{""m_exploration"": 7429, ""safeguard"": 2, ""conf"": 0.8, ""budget"": 66199607925}"
"U(3e-06,0.1), eps=1e-06",3e-06,0.1,1e-06,binary,101785125131,find_phi_fixed_budget_binary_search,"{""m_exploration"": 15565, ""safeguard"": 2, ""conf"": 0.5, ""budget"": 101785125131}"
"U(3e-06,0.1), eps=1e-06",3e-06,0.1,1e-06,binary,156499593012,find_phi_fixed_budget_binary_search,"{""m_exploration"": 32614, ""safeguard"": 2, ""conf"": 0.5, ""budget"": 156499593012}"
"U(3e-06,0.1), eps=1e-06",3e-06,0.1,1e-06,binary,240625755302,find_phi_fixed_budget_binary_search,"{""m_exploration"": 68335, ""safeguard"": 2, ""conf"": 0.5, ""budget"": 240625755302}"
"U(3e-06,0.1), eps=1e-06",3e-06,0.1,1e-06,binary,369973831880,find_phi_fixed_budget_binary_search,"{""m_exploration"": 300000, ""safeguard"": 2, ""conf"": 0.5, ""budget"": 369973831880}"
"U(3e-06,0.1), eps=1e-06",3e-06,0.1,1e-06,binary,568852806735,find_phi_fixed_budget_binary_search,"{""m_exploration"": 300000, ""safeguard"": 2, ""conf"": 0.5, ""budget"": 568852806735}"
"U(3e-06,0.1), eps=1e-06",3e-06,0.1,1e-06,binary,874638928071,find_phi_fixed_budget_binary_search,"{""m_exploration"": 300000, ""safeguard"": 2, ""conf"": 0.5, ""budget"": 874638928071}"
"U(3e-06,0.1), eps=1e-06",3e-06,0.1,1e-06,binary,1344800000000,find_phi_fixed_budget_binary_search,"{""m_exploration"": 300000, ""safeguard"": 2, ""conf"": 0.5, ""budget"": 1344800000000}"
"U(3e-06,0.1), eps=1e-06",3e-06,0.1,1e-06,reverse_eng_risk,896533333,find_phi_fixed_budget_reverse_engineering_risk,"{""m_exploration"": 300000, ""eps_target"": 1e-06, ""budget"": 896533333}"
"U(3e-06,0.1), eps=1e-06",3e-06,0.1,1e-06,reverse_eng_risk,1378463715,find_phi_fixed_budget_reverse_engineering_risk,"{""m_exploration"": 300000, ""eps_target"": 1e-06, ""budget"": 1378463715}"
"U(3e-06,0.1), eps=1e-06",3e-06,0.1,1e-06,reverse_eng_risk,2119455177,find_phi_fixed_budget_reverse_engineering_risk,"{""m_exploration"": 300000, ""eps_target"": 1e-06, ""budget"": 2119455177}"
"U(3e-06,0.1), eps=1e-06",3e-06,0.1,1e-06,reverse_eng_risk,3258765682,find_phi_fixed_budget_reverse_engineering_risk,"{""m_exploration"": 300000, ""eps_target"": 1e-06, ""budget"": 3258765682}"
"U(3e-06,0.1), eps=1e-06",3e-06,0.1,1e-06,reverse_eng_risk,5010511136,find_phi_fixed_budget_reverse_engineering_risk,"{""m_exploration"": 180853, ""eps_target"": 1e-06, ""budget"": 5010511136}"
"U(3e-06,0.1), eps=1e-06",3e-06,0.1,1e-06,reverse_eng_risk,7703905188,find_phi_fixed_budget_reverse_engineering_risk,"{""m_exploration"": 180853, ""eps_target"": 1e-06, ""budget"": 7703905188}"
"U(3e-06,0.1), eps=1e-06",3e-06,0.1,1e-06,reverse_eng_risk,11845129876,find_phi_fixed_budget_reverse_engineering_risk,"{""m_exploration"": 5233, ""eps_target"": 1e-06, ""budget"": 11845129876}"
"U(3e-06,0.1), eps=1e-06",3e-06,0.1,1e-06,reverse_eng_risk,18212464762,find_phi_fixed_budget_reverse_engineering_risk,"{""m_exploration"": 3154, ""eps_target"": 1e-06, ""budget"": 18212464762}"
"U(3e-06,0.1), eps=1e-06",3e-06,0.1,1e-06,reverse_eng_risk,28002552627,find_phi_fixed_budget_reverse_engineering_risk,"{""m_exploration"": 5233, ""eps_target"": 1e-06, ""budget"": 28002552627}"
"U(3e-06,0.1), eps=1e-06",3e-06,0.1,1e-06,reverse_eng_risk,43055290091,find_phi_fixed_budget_reverse_engineering_risk,"{""m_exploration"": 1901, ""eps_target"": 1e-06, ""budget"": 43055290091}"
"U(3e-06,0.1), eps=1e-06",3e-06,0.1,1e-06,reverse_eng_risk,66199607925,find_phi_fixed_budget_reverse_engineering_risk,"{""m_exploration"": 65726, ""eps_target"": 1e-06, ""budget"": 66199607925}"
"U(3e-06,0.1), eps=1e-06",3e-06,0.1,1e-06,reverse_eng_risk,101785125131,find_phi_fixed_budget_reverse_engineering_risk,"{""m_exploration"": 251, ""eps_target"": 1e-06, ""budget"": 101785125131}"
"U(3e-06,0.1), eps=1e-06",3e-06,0.1,1e-06,reverse_eng_risk,156499593012,find_phi_fixed_budget_reverse_engineering_risk,"{""m_exploration"": 1146, ""eps_target"": 1e-06, ""budget"": 156499593012}"
"U(3e-06,0.1), eps=1e-06",3e-06,0.1,1e-06,reverse_eng_risk,240625755302,find_phi_fixed_budget_reverse_engineering_risk,"{""m_exploration"": 20, ""eps_target"": 1e-06, ""budget"": 240625755302}"
"U(3e-06,0.1), eps=1e-06",3e-06,0.1,1e-06,reverse_eng_risk,369973831880,find_phi_fixed_budget_reverse_engineering_risk,"{""m_exploration"": 20, ""eps_target"": 1e-06, ""budget"": 369973831880}"
"U(3e-06,0.1), eps=1e-06",3e-06,0.1,1e-06,reverse_eng_risk,568852806735,find_phi_fixed_budget_reverse_engineering_risk,"{""m_exploration"": 20, ""eps_target"": 1e-06, ""budget"": 568852806735}"
"U(3e-06,0.1), eps=1e-06",3e-06,0.1,1e-06,reverse_eng_risk,874638928071,find_phi_fixed_budget_reverse_engineering_risk,"{""m_exploration"": 20, ""eps_target"": 1e-06, ""budget"": 874638928071}"
"U(3e-06,0.1), eps=1e-06",3e-06,0.1,1e-06,reverse_eng_risk,1344800000000,find_phi_fixed_budget_reverse_engineering_risk,"{""m_exploration"": 20, ""eps_target"": 1e-06, ""budget"": 1344800000000}"
"U(3e-06,0.1), eps=1e-06",3e-06,0.1,1e-06,binary_risk,896533333,find_phi_fixed_budget_binary_search_risk,"{""m_exploration"": 385, ""conf"": 0.5, ""eps_target"": 1e-06, ""budget"": 896533333}"
"U(3e-06,0.1), eps=1e-06",3e-06,0.1,1e-06,binary_risk,1378463715,find_phi_fixed_budget_binary_search_risk,"{""m_exploration"": 385, ""conf"": 0.5, ""eps_target"": 1e-06, ""budget"": 1378463715}"
"U(3e-06,0.1), eps=1e-06",3e-06,0.1,1e-06,binary_risk,2119455177,find_phi_fixed_budget_binary_search_risk,"{""m_exploration"": 385, ""conf"": 0.5, ""eps_target"": 1e-06, ""budget"": 2119455177}"
"U(3e-06,0.1), eps=1e-06",3e-06,0.1,1e-06,binary_risk,3258765682,find_phi_fixed_budget_binary_search_risk,"{""m_exploration"": 807, ""conf"": 0.8, ""eps_target"": 1e-06, ""budget"": 3258765682}"
"U(3e-06,0.1), eps=1e-06",3e-06,0.1,1e-06,binary_risk,5010511136,find_phi_fixed_budget_binary_search_risk,"{""m_exploration"": 1692, ""conf"": 0.8, ""eps_target"": 1e-06, ""budget"": 5010511136}"
"U(3e-06,0.1), eps=1e-06",3e-06,0.1,1e-06,binary_risk,7703905188,find_phi_fixed_budget_binary_search_risk,"{""m_exploration"": 1692, ""conf"": 0.5, ""eps_target"": 1e-06, ""budget"": 7703905188}"
"U(3e-06,0.1), eps=1e-06",3e-06,0.1,1e-06,binary_risk,11845129876,find_phi_fixed_budget_binary_search_risk,"{""m_exploration"": 1692, ""conf"": 0.5, ""eps_target"": 1e-06, ""budget"": 11845129876}"
"U(3e-06,0.1), eps=1e-06",3e-06,0.1,1e-06,binary_risk,18212464762,find_phi_fixed_budget_binary_search_risk,"{""m_exploration"": 1692, ""conf"": 0.5, ""eps_target"": 1e-06, ""budget"": 18212464762}"
"U(3e-06,0.1), eps=1e-06",3e-06,0.1,1e-06,binary_risk,28002552627,find_phi_fixed_budget_binary_search_risk,"{""m_exploration"": 1692, ""conf"": 0.5, ""eps_target"": 1e-06, ""budget"": 28002552627}"
"U(3e-06,0.1), eps=1e-06",3e-06,0.1,1e-06,binary_risk,43055290091,find_phi_fixed_budget_binary_search_risk,"{""m_exploration"": 1692, ""conf"": 0.5, ""eps_target"": 1e-06, ""budget"": 43055290091}"
"U(3e-06,0.1), eps=1e-06",3e-06,0.1,1e-06,binary_risk,66199607925,find_phi_fixed_budget_binary_search_risk,"{""m_exploration"": 1692, ""conf"": 0.5, ""eps_target"": 1e-06, ""budget"": 66199607925}"
"U(3e-06,0.1), eps=1e-06",3e-06,0.1,1e-06,binary_risk,101785125131,find_phi_fixed_budget_binary_search_risk,"{""m_exploration"": 1692, ""conf"": 0.5, ""eps_target"": 1e-06, ""budget"": 101785125131}"
"U(3e-06,0.1), eps=1e-06",3e-06,0.1,1e-06,binary_risk,156499593012,find_phi_fixed_budget_binary_search_risk,"{""m_exploration"": 183, ""conf"": 0.5, ""eps_target"": 1e-06, ""budget"": 156499593012}"
"U(3e-06,0.1), eps=1e-06",3e-06,0.1,1e-06,binary_risk,240625755302,find_phi_fixed_budget_binary_search_risk,"{""m_exploration"": 183, ""conf"": 0.5, ""eps_target"": 1e-06, ""budget"": 240625755302}"
"U(3e-06,0.1), eps=1e-06",3e-06,0.1,1e-06,binary_risk,369973831880,find_phi_fixed_budget_binary_search_risk,"{""m_exploration"": 20, ""conf"": 0.5, ""eps_target"": 1e-06, ""budget"": 369973831880}"
"U(3e-06,0.1), eps=1e-06",3e-06,0.1,1e-06,binary_risk,568852806735,find_phi_fixed_budget_binary_search_risk,"{""m_exploration"": 20, ""conf"": 0.5, ""eps_target"": 1e-06, ""budget"": 568852806735}"
"U(3e-06,0.1), eps=1e-06",3e-06,0.1,1e-06,binary_risk,874638928071,find_phi_fixed_budget_binary_search_risk,"{""m_exploration"": 20, ""conf"": 0.5, ""eps_target"": 1e-06, ""budget"": 874638928071}"
"U(3e-06,0.1), eps=1e-06",3e-06,0.1,1e-06,binary_risk,1344800000000,find_phi_fixed_budget_binary_search_risk,"{""m_exploration"": 20, ""conf"": 0.5, ""eps_target"": 1e-06, ""budget"": 1344800000000}"
"U(1e-06,0.1), eps=1e-06",1e-06,0.1,1e-06,linear,896533333,find_phi_fixed_budget_linear_search,"{""m_exploration"": 139, ""lookback_window"": 5, ""safeguard"": 1, ""inc"": 2, ""budget"": 896533333}"
"U(1e-06,0.1), eps=1e-06",1e-06,0.1,1e-06,linear,1378463715,find_phi_fixed_budget_linear_search,"{""m_exploration"": 6463, ""lookback_window"": 5, ""safeguard"": 0, ""inc"": 5, ""budget"": 1378463715}"
"U(1e-06,0.1), eps=1e-06",1e-06,0.1,1e-06,linear,2119455177,find_phi_fixed_budget_linear_search,"{""m_exploration"": 13924, ""lookback_window"": 5, ""safeguard"": 0, ""inc"": 2, ""budget"": 2119455177}"
"U(1e-06,0.1), eps=1e-06",1e-06,0.1,1e-06,linear,3258765682,find_phi_fixed_budget_linear_search,"{""m_exploration"": 6463, ""lookback_window"": 5, ""safeguard"": 1, ""inc"": 2, ""budget"": 3258765682}"
"U(1e-06,0.1), eps=1e-06",1e-06,0.1,1e-06,linear,5010511136,find_phi_fixed_budget_linear_search,"{""m_exploration"": 13924, ""lookback_window"": 5, ""safeguard"": 1, ""inc"": 2, ""budget"": 5010511136}"
"U(1e-06,0.1), eps=1e-06",1e-06,0.1,1e-06,linear,7703905188,find_phi_fixed_budget_linear_search,"{""m_exploration"": 6463, ""lookback_window"": 5, ""safeguard"": 1, ""inc"": 2, ""budget"": 7703905188}"
"U(1e-06,0.1), eps=1e-06",1e-06,0.1,1e-06,linear,11845129876,find_phi_fixed_budget_linear_search,"{""m_exploration"": 13924, ""lookback_window"": 5, ""safeguard"": 1, ""inc"": 2, ""budget"": 11845129876}"
"U(1e-06,0.1), eps=1e-06",1e-06,0.1,1e-06,linear,18212464762,find_phi_fixed_budget_linear_search,"{""m_exploration"": 300000, ""lookback_window"": 5, ""safeguard"": 0, ""inc"": 5, ""budget"": 18212464762}"
"U(1e-06,0.1), eps=1e-06",1e-06,0.1,1e-06,linear,28002552627,find_phi_fixed_budget_linear_search,"{""m_exploration"": 30000, ""lookback_window"": 5, ""safeguard"": 1, ""inc"": 1, ""budget"": 28002552627}"
"U(1e-06,0.1), eps=1e-06",1e-06,0.1,1e-06,linear,43055290091,find_phi_fixed_budget_linear_search,"{""m_exploration"": 64633, ""lookback_window"": 5, ""safeguard"": 1, ""inc"": 1, ""budget"": 43055290091}"
"U(1e-06,0.1), eps=1e-06",1e-06,0.1,1e-06,linear,66199607925,find_phi_fixed_budget_linear_search,"{""m_exploration"": 300000, ""lookback_window"": 5, ""safeguard"": 0, ""inc"": 5, ""budget"": 66199607925}"
"U(1e-06,0.1), eps=1e-06",1e-06,0.1,1e-06,linear,101785125131,find_phi_fixed_budget_linear_search,"{""m_exploration"": 139247, ""lookback_window"": 5, ""safeguard"": 1, ""inc"": 2, ""budget"": 101785125131}"
"U(1e-06,0.1), eps=1e-06",1e-06,0.1,1e-06,linear,156499593012,find_phi_fixed_budget_linear_search,"{""m_exploration"": 13924, ""lookback_window"": 5, ""safeguard"": 1, ""inc"": 1, ""budget"": 156499593012}"
"U(1e-06,0.1), eps=1e-06",1e-06,0.1,1e-06,linear,240625755302,find_phi_fixed_budget_linear_search,"{""m_exploration"": 6, ""lookback_window"": 1, ""safeguard"": 2, ""inc"": 1, ""budget"": 240625755302}"
"U(1e-06,0.1), eps=1e-06",1e-06,0.1,1e-06,linear,369973831880,find_phi_fixed_budget_linear_search,"{""m_exploration"": 3, ""lookback_window"": 1, ""safeguard"": 5, ""inc"": 1, ""budget"": 369973831880}"
"U(1e-06,0.1), eps=1e-06",1e-06,0.1,1e-06,linear,568852806735,find_phi_fixed_budget_linear_search,"{""m_exploration"": 3, ""lookback_window"": 1, ""safeguard"": 5, ""inc"": 1, ""budget"": 568852806735}"
"U(1e-06,0.1), eps=1e-06",1e-06,0.1,1e-06,linear,874638928071,find_phi_fixed_budget_linear_search,"{""m_exploration"": 3, ""lookback_window"": 1, ""safeguard"": 5, ""inc"": 1, ""budget"": 874638928071}"
"U(1e-06,0.1), eps=1e-06",1e-06,0.1,1e-06,linear,1344800000000,find_phi_fixed_budget_linear_search,"{""m_exploration"": 3, ""lookback_window"": 1, ""safeguard"": 5, ""inc"": 1, ""budget"": 1344800000000}"
"U(1e-06,0.1), eps=1e-06",1e-06,0.1,1e-06,reverse_eng,896533333,find_phi_fixed_budget_reverse_engineering,"{""m_exploration"": 300000, ""safeguard"": 0.95, ""budget"": 896533333}"
"U(1e-06,0.1), eps=1e-06",1e-06,0.1,1e-06,reverse_eng,1378463715,find_phi_fixed_budget_reverse_engineering,"{""m_exploration"": 300000, ""safeguard"": 0.95, ""budget"": 1378463715}"
"U(1e-06,0.1), eps=1e-06",1e-06,0.1,1e-06,reverse_eng,2119455177,find_phi_fixed_budget_reverse_engineering,"{""m_exploration"": 300000, ""safeguard"": 0.95, ""budget"": 2119455177}"
"U(1e-06,0.1), eps=1e-06",1e-06,0.1,1e-06,reverse_eng,3258765682,find_phi_fixed_budget_reverse_engineering,"{""m_exploration"": 300000, ""safeguard"": 0.95, ""budget"": 3258765682}"
"U(1e-06,0.1), eps=1e-06",1e-06,0.1,1e-06,reverse_eng,5010511136,find_phi_fixed_budget_reverse_engineering,"{""m_exploration"": 300000, ""safeguard"": 0.95, ""budget"": 5010511136}"
"U(1e-06,0.1), eps=1e-06",1e-06,0.1,1e-06,reverse_eng,7703905188,find_phi_fixed_budget_reverse_engineering,"{""m_exploration"": 300000, ""safeguard"": 0.95, ""budget"": 7703905188}"
"U(1e-06,0.1), eps=1e-06",1e-06,0.1,1e-06,reverse_eng,11845129876,find_phi_fixed_budget_reverse_engineering,"{""m_exploration"": 300000, ""safeguard"": 0.95, ""budget"": 11845129876}"
"U(1e-06,0.1), eps=1e-06",1e-06,0.1,1e-06,reverse_eng,18212464762,find_phi_fixed_budget_reverse_engineering,"{""m_exploration"": 300000, ""safeguard"": 0.95, ""budget"": 18212464762}"
"U(1e-06,0.1), eps=1e-06",1e-06,0.1,1e-06,reverse_eng,28002552627,find_phi_fixed_budget_reverse_engineering,"{""m_exploration"": 300000, ""safeguard"": 0.95, ""budget"": 28002552627}"
"U(1e-06,0.1), eps=1e-06",1e-06,0.1,1e-06,reverse_eng,43055290091,find_phi_fixed_budget_reverse_engineering,"{""m_exploration"": 300000, ""safeguard"": 0.95, ""budget"": 43055290091}"
"U(1e-06,0.1), eps=1e-06",1e-06,0.1,1e-06,reverse_eng,66199607925,find_phi_fixed_budget_reverse_engineering,"{""m_exploration"": 180853, ""safeguard"": 0.9, ""budget"": 66199607925}"
"U(1e-06,0.1), eps=1e-06",1e-06,0.1,1e-06,reverse_eng,101785125131,find_phi_fixed_budget_reverse_engineering,"{""m_exploration"": 180853, ""safeguard"": 0.9, ""budget"": 101785125131}"
"U(1e-06,0.1), eps=1e-06",1e-06,0.1,1e-06,reverse_eng,156499593012,find_phi_fixed_budget_reverse_engineering,"{""m_exploration"": 109026, ""safeguard"": 0.8, ""budget"": 156499593012}"
"U(1e-06,0.1), eps=1e-06",1e-06,0.1,1e-06,reverse_eng,240625755302,find_phi_fixed_budget_reverse_engineering,"{""m_exploration"": 109026, ""safeguard"": 0.8, ""budget"": 240625755302}"
"U(1e-06,0.1), eps=1e-06",1e-06,0.1,1e-06,reverse_eng,369973831880,find_phi_fixed_budget_reverse_engineering,"{""m_exploration"": 109026, ""safeguard"": 0.8, ""budget"": 369973831880}"
"U(1e-06,0.1), eps=1e-06",1e-06,0.1,1e-06,reverse_eng,568852806735,find_phi_fixed_budget_reverse_engineering,"{""m_exploration"": 109026, ""safeguard"": 0.8, ""budget"": 568852806735}"
"U(1e-06,0.1), eps=1e-06",1e-06,0.1,1e-06,reverse_eng,874638928071,find_phi_fixed_budget_reverse_engineering,"{""m_exploration"": 109026, ""safeguard"": 0.8, ""budget"": 874638928071}"
"U(1e-06,0.1), eps=1e-06",1e-06,0.1,1e-06,reverse_eng,1344800000000,find_phi_fixed_budget_reverse_engineering,"{""m_exploration"": 109026, ""safeguard"": 0.8, ""budget"": 1344800000000}"
"U(1e-06,0.1), eps=1e-06",1e-06,0.1,1e-06,binary,896533333,find_phi_fixed_budget_binary_search,"{""m_exploration"": 87, ""safeguard"": 2, ""conf"": 0.5, ""budget"": 896533333}"
"U(1e-06,0.1), eps=1e-06",1e-06,0.1,1e-06,binary,1378463715,find_phi_fixed_budget_binary_search,"{""m_exploration"": 87, ""safeguard"": 2, ""conf"": 0.5, ""budget"": 1378463715}"
"U(1e-06,0.1), eps=1e-06",1e-06,0.1,1e-06,binary,2119455177,find_phi_fixed_budget_binary_search,"{""m_exploration"": 385, ""safeguard"": 2, ""conf"": 0.8, ""budget"": 2119455177}"
"U(1e-06,0.1), eps=1e-06",1e-06,0.1,1e-06,binary,3258765682,find_phi_fixed_budget_binary_search,"{""m_exploration"": 385, ""safeguard"": 2, ""conf"": 0.8, ""budget"": 3258765682}"
"U(1e-06,0.1), eps=1e-06",1e-06,0.1,1e-06,binary,5010511136,find_phi_fixed_budget_binary_search,"{""m_exploration"": 385, ""safeguard"": 2, ""conf"": 0.8, ""budget"": 5010511136}"
"U(1e-06,0.1), eps=1e-06",1e-06,0.1,1e-06,binary,7703905188,find_phi_fixed_budget_binary_search,"{""m_exploration"": 385, ""safeguard"": 2, ""conf"": 0.8, ""budget"": 7703905188}"
"U(1e-06,0.1), eps=1e-06",1e-06,0.1,1e-06,binary,11845129876,find_phi_fixed_budget_binary_search,"{""m_exploration"": 385, ""safeguard"": 2, ""conf"": 0.8, ""budget"": 11845129876}"
"U(1e-06,0.1), eps=1e-06",1e-06,0.1,1e-06,binary,18212464762,find_phi_fixed_budget_binary_search,"{""m_exploration"": 1692, ""safeguard"": 2, ""conf"": 0.8, ""budget"": 18212464762}"
"U(1e-06,0.1), eps=1e-06",1e-06,0.1,1e-06,binary,28002552627,find_phi_fixed_budget_binary_search,"{""m_exploration"": 1692, ""safeguard"": 2, ""conf"": 0.8, ""budget"": 28002552627}"
"U(1e-06,0.1), eps=1e-06",1e-06,0.1,1e-06,binary,43055290091,find_phi_fixed_budget_binary_search,"{""m_exploration"": 3545, ""safeguard"": 2, ""conf"": 0.8, ""budget"": 43055290091}"
"U(1e-06,0.1), eps=1e-06",1e-06,0.1,1e-06,binary,66199607925,find_phi_fixed_budget_binary_search,"{""m_exploration"": 1692, ""safeguard"": 2, ""conf"": 0.5, ""budget"": 66199607925}"
"U(1e-06,0.1), eps=1e-06",1e-06,0.1,1e-06,binary,101785125131,find_phi_fixed_budget_binary_search,"{""m_exploration"": 15565, ""safeguard"": 2, ""conf"": 0.8, ""budget"": 101785125131}"
"U(1e-06,0.1), eps=1e-06",1e-06,0.1,1e-06,binary,156499593012,find_phi_fixed_budget_binary_search,"{""m_exploration"": 15565, ""safeguard"": 2, ""conf"": 0.5, ""budget"": 156499593012}"
"U(1e-06,0.1), eps=1e-06",1e-06,0.1,1e-06,binary,240625755302,find_phi_fixed_budget_binary_search,"{""m_exploration"": 68335, ""safeguard"": 2, ""conf"": 0.5, ""budget"": 240625755302}"
"U(1e-06,0.1), eps=1e-06",1e-06,0.1,1e-06,binary,369973831880,find_phi_fixed_budget_binary_search,"{""m_exploration"": 68335, ""safeguard"": 2, ""conf"": 0.5, ""budget"": 369973831880}"
"U(1e-06,0.1), eps=1e-06",1e-06,0.1,1e-06,binary,568852806735,find_phi_fixed_budget_binary_search,"{""m_exploration"": 143180, ""safeguard"": 2, ""conf"": 0.5, ""budget"": 568852806735}"
"U(1e-06,0.1), eps=1e-06",1e-06,0.1,1e-06,binary,874638928071,find_phi_fixed_budget_binary_search,"{""m_exploration"": 300000, ""safeguard"": 2, ""conf"": 0.5, ""budget"": 874638928071}"
"U(1e-06,0.1), eps=1e-06",1e-06,0.1,1e-06,binary,1344800000000,find_phi_fixed_budget_binary_search,"{""m_exploration"": 300000, ""safeguard"": 2, ""conf"": 0.5, ""budget"": 1344800000000}"
"U(1e-06,0.1), eps=1e-06",1e-06,0.1,1e-06,reverse_eng_risk,896533333,find_phi_fixed_budget_reverse_engineering_risk,"{""m_exploration"": 300000, ""eps_target"": 1e-06, ""budget"": 896533333}"
"U(1e-06,0.1), eps=1e-06",1e-06,0.1,1e-06,reverse_eng_risk,1378463715,find_phi_fixed_budget_reverse_engineering_risk,"{""m_exploration"": 180853, ""eps_target"": 1e-06, ""budget"": 1378463715}"
"U(1e-06,0.1), eps=1e-06",1e-06,0.1,1e-06,reverse_eng_risk,2119455177,find_phi_fixed_budget_reverse_engineering_risk,"{""m_exploration"": 300000, ""eps_target"": 1e-06, ""budget"": 2119455177}"
"U(1e-06,0.1), eps=1e-06",1e-06,0.1,1e-06,reverse_eng_risk,3258765682,find_phi_fixed_budget_reverse_engineering_risk,"{""m_exploration"": 300000, ""eps_target"": 1e-06, ""budget"": 3258765682}"
"U(1e-06,0.1), eps=1e-06",1e-06,0.1,1e-06,reverse_eng_risk,5010511136,find_phi_fixed_budget_reverse_engineering_risk,"{""m_exploration"": 180853, ""eps_target"": 1e-06, ""budget"": 5010511136}"
"U(1e-06,0.1), eps=1e-06",1e-06,0.1,1e-06,reverse_eng_risk,7703905188,find_phi_fixed_budget_reverse_engineering_risk,"{""m_exploration"": 180853, ""eps_target"": 1e-06, ""budget"": 7703905188}"
"U(1e-06,0.1), eps=1e-06",1e-06,0.1,1e-06,reverse_eng_risk,11845129876,find_phi_fixed_budget_reverse_engineering_risk,"{""m_exploration"": 5233, ""eps_target"": 1e-06, ""budget"": 11845129876}"
"U(1e-06,0.1), eps=1e-06",1e-06,0.1,1e-06,reverse_eng_risk,18212464762,find_phi_fixed_budget_reverse_engineering_risk,"{""m_exploration"": 3154, ""eps_target"": 1e-06, ""budget"": 18212464762}"
"U(1e-06,0.1), eps=1e-06",1e-06,0.1,1e-06,reverse_eng_risk,28002552627,find_phi_fixed_budget_reverse_engineering_risk,"{""m_exploration"": 3154, ""eps_target"": 1e-06, ""budget"": 28002552627}"
"U(1e-06,0.1), eps=1e-06",1e-06,0.1,1e-06,reverse_eng_risk,43055290091,find_phi_fixed_budget_reverse_engineering_risk,"{""m_exploration"": 1901, ""eps_target"": 1e-06, ""budget"": 43055290091}"
"U(1e-06,0.1), eps=1e-06",1e-06,0.1,1e-06,reverse_eng_risk,66199607925,find_phi_fixed_budget_reverse_engineering_risk,"{""m_exploration"": 65726, ""eps_target"": 1e-06, ""budget"": 66199607925}"
"U(1e-06,0.1), eps=1e-06",1e-06,0.1,1e-06,reverse_eng_risk,101785125131,find_phi_fixed_budget_reverse_engineering_risk,"{""m_exploration"": 251, ""eps_target"": 1e-06, ""budget"": 101785125131}"
"U(1e-06,0.1), eps=1e-06",1e-06,0.1,1e-06,reverse_eng_risk,156499593012,find_phi_fixed_budget_reverse_engineering_risk,"{""m_exploration"": 1146, ""eps_target"": 1e-06, ""budget"": 156499593012}"
"U(1e-06,0.1), eps=1e-06",1e-06,0.1,1e-06,reverse_eng_risk,240625755302,find_phi_fixed_budget_reverse_engineering_risk,"{""m_exploration"": 20, ""eps_target"": 1e-06, ""budget"": 240625755302}"
"U(1e-06,0.1), eps=1e-06",1e-06,0.1,1e-06,reverse_eng_risk,369973831880,find_phi_fixed_budget_reverse_engineering_risk,"{""m_exploration"": 20, ""eps_target"": 1e-06, ""budget"": 369973831880}"
"U(1e-06,0.1), eps=1e-06",1e-06,0.1,1e-06,reverse_eng_risk,568852806735,find_phi_fixed_budget_reverse_engineering_risk,"{""m_exploration"": 20, ""eps_target"": 1e-06, ""budget"": 568852806735}"
"U(1e-06,0.1), eps=1e-06",1e-06,0.1,1e-06,reverse_eng_risk,874638928071,find_phi_fixed_budget_reverse_engineering_risk,"{""m_exploration"": 20, ""eps_target"": 1e-06, ""budget"": 874638928071}"
"U(1e-06,0.1), eps=1e-06",1e-06,0.1,1e-06,reverse_eng_risk,1344800000000,find_phi_fixed_budget_reverse_engineering_risk,"{""m_exploration"": 20, ""eps_target"": 1e-06, ""budget"": 1344800000000}"
"U(1e-06,0.1), eps=1e-06",1e-06,0.1,1e-06,binary_risk,896533333,find_phi_fixed_budget_binary_search_risk,"{""m_exploration"": 87, ""conf"": 0.8, ""eps_target"": 1e-06, ""budget"": 896533333}"
"U(1e-06,0.1), eps=1e-06",1e-06,0.1,1e-06,binary_risk,1378463715,find_phi_fixed_budget_binary_search_risk,"{""m_exploration"": 183, ""conf"": 0.5, ""eps_target"": 1e-06, ""budget"": 1378463715}"
"U(1e-06,0.1), eps=1e-06",1e-06,0.1,1e-06,binary_risk,2119455177,find_phi_fixed_budget_binary_search_risk,"{""m_exploration"": 183, ""conf"": 0.5, ""eps_target"": 1e-06, ""budget"": 2119455177}"
"U(1e-06,0.1), eps=1e-06",1e-06,0.1,1e-06,binary_risk,3258765682,find_phi_fixed_budget_binary_search_risk,"{""m_exploration"": 183, ""conf"": 0.5, ""eps_target"": 1e-06, ""budget"": 3258765682}"
"U(1e-06,0.1), eps=1e-06",1e-06,0.1,1e-06,binary_risk,5010511136,find_phi_fixed_budget_binary_search_risk,"{""m_exploration"": 385, ""conf"": 0.5, ""eps_target"": 1e-06, ""budget"": 5010511136}"
"U(1e-06,0.1), eps=1e-06",1e-06,0.1,1e-06,binary_risk,7703905188,find_phi_fixed_budget_binary_search_risk,"{""m_exploration"": 385, ""conf"": 0.5, ""eps_target"": 1e-06, ""budget"": 7703905188}"
"U(1e-06,0.1), eps=1e-06",1e-06,0.1,1e-06,binary_risk,11845129876,find_phi_fixed_budget_binary_search_risk,"{""m_exploration"": 385, ""conf"": 0.5, ""eps_target"": 1e-06, ""budget"": 11845129876}"
"U(1e-06,0.1), eps=1e-06",1e-06,0.1,1e-06,binary_risk,18212464762,find_phi_fixed_budget_binary_search_risk,"{""m_exploration"": 385, ""conf"": 0.5, ""eps_target"": 1e-06, ""budget"": 18212464762}"
"U(1e-06,0.1), eps=1e-06",1e-06,0.1,1e-06,binary_risk,28002552627,find_phi_fixed_budget_binary_search_risk,"{""m_exploration"": 385, ""conf"": 0.5, ""eps_target"": 1e-06, ""budget"": 28002552627}"
"U(1e-06,0.1), eps=1e-06",1e-06,0.1,1e-06,binary_risk,43055290091,find_phi_fixed_budget_binary_search_risk,"{""m_exploration"": 385, ""conf"": 0.5, ""eps_target"": 1e-06, ""budget"": 43055290091}"
"U(1e-06,0.1), eps=1e-06",1e-06,0.1,1e-06,binary_risk,66199607925,find_phi_fixed_budget_binary_search_risk,"{""m_exploration"": 1692, ""conf"": 0.5, ""eps_target"": 1e-06, ""budget"": 66199607925}"
"U(1e-06,0.1), eps=1e-06",1e-06,0.1,1e-06,binary_risk,101785125131,find_phi_fixed_budget_binary_search_risk,"{""m_exploration"": 1692, ""conf"": 0.5, ""eps_target"": 1e-06, ""budget"": 101785125131}"
"U(1e-06,0.1), eps=1e-06",1e-06,0.1,1e-06,binary_risk,156499593012,find_phi_fixed_budget_binary_search_risk,"{""m_exploration"": 385, ""conf"": 0.5, ""eps_target"": 1e-06, ""budget"": 156499593012}"
"U(1e-06,0.1), eps=1e-06",1e-06,0.1,1e-06,binary_risk,240625755302,find_phi_fixed_budget_binary_search_risk,"{""m_exploration"": 183, ""conf"": 0.5, ""eps_target"": 1e-06, ""budget"": 240625755302}"
"U(1e-06,0.1), eps=1e-06",1e-06,0.1,1e-06,binary_risk,369973831880,find_phi_fixed_budget_binary_search_risk,"{""m_exploration"": 41, ""conf"": 0.5, ""eps_target"": 1e-06, ""budget"": 369973831880}"
"U(1e-06,0.1), eps=1e-06",1e-06,0.1,1e-06,binary_risk,568852806735,find_phi_fixed_budget_binary_search_risk,"{""m_exploration"": 20, ""conf"": 0.5, ""eps_target"": 1e-06, ""budget"": 568852806735}"
"U(1e-06,0.1), eps=1e-06",1e-06,0.1,1e-06,binary_risk,874638928071,find_phi_fixed_budget_binary_search_risk,"{""m_exploration"": 20, ""conf"": 0.5, ""eps_target"": 1e-06, ""budget"": 874638928071}"
"U(1e-06,0.1), eps=1e-06",1e-06,0.1,1e-06,binary_risk,1344800000000,find_phi_fixed_budget_binary_search_risk,"{""m_exploration"": 20, ""conf"": 0.5, ""eps_target"": 1e-06, ""budget"": 1344800000000}"
"U(0.001,0.4), eps=1e-06",0.001,0.4,1e-06,linear,4482666666,find_phi_fixed_budget_linear_search,"{""m_exploration"": 13924, ""lookback_window"": 5, ""safeguard"": 0, ""inc"": 1, ""budget"": 4482666666}"
"U(0.001,0.4), eps=1e-06",0.001,0.4,1e-06,linear,6892318578,find_phi_fixed_budget_linear_search,"{""m_exploration"": 13924, ""lookback_window"": 5, ""safeguard"": 0, ""inc"": 1, ""budget"": 6892318578}"
"U(0.001,0.4), eps=1e-06",0.001,0.4,1e-06,linear,10597275889,find_phi_fixed_budget_linear_search,"{""m_exploration"": 139247, ""lookback_window"": 5, ""safeguard"": 0, ""inc"": 1, ""budget"": 10597275889}"
"U(0.001,0.4), eps=1e-06",0.001,0.4,1e-06,linear,16293828411,find_phi_fixed_budget_linear_search,"{""m_exploration"": 139247, ""lookback_window"": 5, ""safeguard"": 0, ""inc"": 1, ""budget"": 16293828411}"
"U(0.001,0.4), eps=1e-06",0.001,0.4,1e-06,linear,25052555682,find_phi_fixed_budget_linear_search,"{""m_exploration"": 64633, ""lookback_window"": 5, ""safeguard"": 0, ""inc"": 1, ""budget"": 25052555682}"
"U(0.001,0.4), eps=1e-06",0.001,0.4,1e-06,linear,38519525944,find_phi_fixed_budget_linear_search,"{""m_exploration"": 64633, ""lookback_window"": 5, ""safeguard"": 0, ""inc"": 1, ""budget"": 38519525944}"
"U(0.001,0.4), eps=1e-06",0.001,0.4,1e-06,linear,59225649382,find_phi_fixed_budget_linear_search,"{""m_exploration"": 300000, ""lookback_window"": 5, ""safeguard"": 0, ""inc"": 1, ""budget"": 59225649382}"
"U(0.001,0.4), eps=1e-06",0.001,0.4,1e-06,linear,91062323814,find_phi_fixed_budget_linear_search,"{""m_exploration"": 300000, ""lookback_window"": 5, ""safeguard"": 0, ""inc"": 1, ""budget"": 91062323814}"
"U(0.001,0.4), eps=1e-06",0.001,0.4,1e-06,linear,140012763136,find_phi_fixed_budget_linear_search,"{""m_exploration"": 300000, ""lookback_window"": 5, ""safeguard"": 0, ""inc"": 1, ""budget"": 140012763136}"
"U(0.001,0.4), eps=1e-06",0.001,0.4,1e-06,linear,215276450456,find_phi_fixed_budget_linear_search,"{""m_exploration"": 300000, ""lookback_window"": 5, ""safeguard"": 0, ""inc"": 1, ""budget"": 215276450456}"
"U(0.001,0.4), eps=1e-06",0.001,0.4,1e-06,linear,330998039627,find_phi_fixed_budget_linear_search,"{""m_exploration"": 300000, ""lookback_window"": 5, ""safeguard"": 0, ""inc"": 1, ""budget"": 330998039627}"
"U(0.001,0.4), eps=1e-06",0.001,0.4,1e-06,linear,508925625656,find_phi_fixed_budget_linear_search,"{""m_exploration"": 300000, ""lookback_window"": 5, ""safeguard"": 0, ""inc"": 1, ""budget"": 508925625656}"
"U(0.001,0.4), eps=1e-06",0.001,0.4,1e-06,linear,782497965064,find_phi_fixed_budget_linear_search,"{""m_exploration"": 300000, ""lookback_window"": 5, ""safeguard"": 0, ""inc"": 1, ""budget"": 782497965064}"
"U(0.001,0.4), eps=1e-06",0.001,0.4,1e-06,linear,1203128776511,find_phi_fixed_budget_linear_search,"{""m_exploration"": 64633, ""lookback_window"": 1, ""safeguard"": 0, ""inc"": 5, ""budget"": 1203128776511}"
"U(0.001,0.4), eps=1e-06",0.001,0.4,1e-06,linear,1849869159403,find_phi_fixed_budget_linear_search,"{""m_exploration"": 300, ""lookback_window"": 1, ""safeguard"": 1, ""inc"": 1, ""budget"": 1849869159403}"
"U(0.001,0.4), eps=1e-06",0.001,0.4,1e-06,linear,2844264033675,find_phi_fixed_budget_linear_search,"{""m_exploration"": 6, ""lookback_window"": 1, ""safeguard"": 5, ""inc"": 1, ""budget"": 2844264033675}"
"U(0.001,0.4), eps=1e-06",0.001,0.4,1e-06,linear,4373194640355,find_phi_fixed_budget_linear_search,"{""m_exploration"": 6, ""lookback_window"": 1, ""safeguard"": 5, ""inc"": 1, ""budget"": 4373194640355}"
"U(0.001,0.4), eps=1e-06",0.001,0.4,1e-06,linear,6723999999999,find_phi_fixed_budget_linear_search,"{""m_exploration"": 6, ""lookback_window"": 1, ""safeguard"": 5, ""inc"": 1, ""budget"": 6723999999999}"
"U(0.001,0.4), eps=1e-06",0.001,0.4,1e-06,reverse_eng,4482666666,find_phi_fixed_budget_reverse_engineering,"{""m_exploration"": 300000, ""safeguard"": 0.95, ""budget"": 4482666666}"
"U(0.001,0.4), eps=1e-06",0.001,0.4,1e-06,reverse_eng,6892318578,find_phi_fixed_budget_reverse_engineering,"{""m_exploration"": 300000, ""safeguard"": 0.95, ""budget"": 6892318578}"
"U(0.001,0.4), eps=1e-06",0.001,0.4,1e-06,reverse_eng,10597275889,find_phi_fixed_budget_reverse_engineering,"{""m_exploration"": 300000, ""safeguard"": 0.95, ""budget"": 10597275889}"
"U(0.001,0.4), eps=1e-06",0.001,0.4,1e-06,reverse_eng,16293828411,find_phi_fixed_budget_reverse_engineering,"{""m_exploration"": 300000, ""safeguard"": 0.95, ""budget"": 16293828411}"
"U(0.001,0.4), eps=1e-06",0.001,0.4,1e-06,reverse_eng,25052555682,find_phi_fixed_budget_reverse_engineering,"{""m_exploration"": 300000, ""safeguard"": 0.95, ""budget"": 25052555682}"
"U(0.001,0.4), eps=1e-06",0.001,0.4,1e-06,reverse_eng,38519525944,find_phi_fixed_budget_reverse_engineering,"{""m_exploration"": 300000, ""safeguard"": 0.95, ""budget"": 38519525944}"
"U(0.001,0.4), eps=1e-06",0.001,0.4,1e-06,reverse_eng,59225649382,find_phi_fixed_budget_reverse_engineering,"{""m_exploration"": 300000, ""safeguard"": 0.95, ""budget"": 59225649382}"
"U(0.001,0.4), eps=1e-06",0.001,0.4,1e-06,reverse_eng,91062323814,find_phi_fixed_budget_reverse_engineering,"{""m_exploration"": 300000, ""safeguard"": 0.95, ""budget"": 91062323814}"
"U(0.001,0.4), eps=1e-06",0.001,0.4,1e-06,reverse_eng,140012763136,find_phi_fixed_budget_reverse_engineering,"{""m_exploration"": 180853, ""safeguard"": 0.9, ""budget"": 140012763136}"
"U(0.001,0.4), eps=1e-06",0.001,0.4,1e-06,reverse_eng,215276450456,find_phi_fixed_budget_reverse_engineering,"{""m_exploration"": 300000, ""safeguard"": 0.9, ""budget"": 215276450456}"
"U(0.001,0.4), eps=1e-06",0.001,0.4,1e-06,reverse_eng,330998039627,find_phi_fixed_budget_reverse_engineering,"{""m_exploration"": 180853, ""safeguard"": 0.9, ""budget"": 330998039627}"
"U(0.001,0.4), eps=1e-06",0.001,0.4,1e-06,reverse_eng,508925625656,find_phi_fixed_budget_reverse_engineering,"{""m_exploration"": 109026, ""safeguard"": 0.8, ""budget"": 508925625656}"
"U(0.001,0.4), eps=1e-06",0.001,0.4,1e-06,reverse_eng,782497965064,find_phi_fixed_budget_reverse_engineering,"{""m_exploration"": 109026, ""safeguard"": 0.8, ""budget"": 782497965064}"
"U(0.001,0.4), eps=1e-06",0.001,0.4,1e-06,reverse_eng,1203128776511,find_phi_fixed_budget_reverse_engineering,"{""m_exploration"": 109026, ""safeguard"": 0.8, ""budget"": 1203128776511}"
"U(0.001,0.4), eps=1e-06",0.001,0.4,1e-06,reverse_eng,1849869159403,find_phi_fixed_budget_reverse_engineering,"{""m_exploration"": 109026, ""safeguard"": 0.8, ""budget"": 1849869159403}"
"U(0.001,0.4), eps=1e-06",0.001,0.4,1e-06,reverse_eng,2844264033675,find_phi_fixed_budget_reverse_engineering,"{""m_exploration"": 109026, ""safeguard"": 0.8, ""budget"": 2844264033675}"
"U(0.001,0.4), eps=1e-06",0.001,0.4,1e-06,reverse_eng,4373194640355,find_phi_fixed_budget_reverse_engineering,"{""m_exploration"": 109026, ""safeguard"": 0.8, ""budget"": 4373194640355}"
"U(0.001,0.4), eps=1e-06",0.001,0.4,1e-06,reverse_eng,6723999999999,find_phi_fixed_budget_reverse_engineering,"{""m_exploration"": 109026, ""safeguard"": 0.8, ""budget"": 6723999999999}"
"U(0.001,0.4), eps=1e-06",0.001,0.4,1e-06,binary,4482666666,find_phi_fixed_budget_binary_search,"{""m_exploration"": 143180, ""safeguard"": 1, ""conf"": 0.9, ""budget"": 4482666666}"
"U(0.001,0.4), eps=1e-06",0.001,0.4,1e-06,binary,6892318578,find_phi_fixed_budget_binary_search,"{""m_exploration"": 32614, ""safeguard"": 1, ""conf"": 0.9, ""budget"": 6892318578}"
"U(0.001,0.4), eps=1e-06",0.001,0.4,1e-06,binary,10597275889,find_phi_fixed_budget_binary_search,"{""m_exploration"": 32614, ""safeguard"": 1, ""conf"": 0.9, ""budget"": 10597275889}"
"U(0.001,0.4), eps=1e-06",0.001,0.4,1e-06,binary,16293828411,find_phi_fixed_budget_binary_search,"{""m_exploration"": 300000, ""safeguard"": 1, ""conf"": 0.9, ""budget"": 16293828411}"
"U(0.001,0.4), eps=1e-06",0.001,0.4,1e-06,binary,25052555682,find_phi_fixed_budget_binary_search,"{""m_exploration"": 300000, ""safeguard"": 1, ""conf"": 0.9, ""budget"": 25052555682}"
"U(0.001,0.4), eps=1e-06",0.001,0.4,1e-06,binary,38519525944,find_phi_fixed_budget_binary_search,"{""m_exploration"": 300000, ""safeguard"": 1, ""conf"": 0.9, ""budget"": 38519525944}"
"U(0.001,0.4), eps=1e-06",0.001,0.4,1e-06,binary,59225649382,find_phi_fixed_budget_binary_search,"{""m_exploration"": 143180, ""safeguard"": 1, ""conf"": 0.9, ""budget"": 59225649382}"
"U(0.001,0.4), eps=1e-06",0.001,0.4,1e-06,binary,91062323814,find_phi_fixed_budget_binary_search,"{""m_exploration"": 300000, ""safeguard"": 1, ""conf"": 0.9, ""budget"": 91062323814}"
"U(0.001,0.4), eps=1e-06",0.001,0.4,1e-06,binary,140012763136,find_phi_fixed_budget_binary_search,"{""m_exploration"": 300000, ""safeguard"": 1, ""conf"": 0.9, ""budget"": 140012763136}"
"U(0.001,0.4), eps=1e-06",0.001,0.4,1e-06,binary,215276450456,find_phi_fixed_budget_binary_search,"{""m_exploration"": 143180, ""safeguard"": 1, ""conf"": 0.9, ""budget"": 215276450456}"
"U(0.001,0.4), eps=1e-06",0.001,0.4,1e-06,binary,330998039627,find_phi_fixed_budget_binary_search,"{""m_exploration"": 300000, ""safeguard"": 1, ""conf"": 0.8, ""budget"": 330998039627}"
"U(0.001,0.4), eps=1e-06",0.001,0.4,1e-06,binary,508925625656,find_phi_fixed_budget_binary_search,"{""m_exploration"": 300000, ""safeguard"": 1, ""conf"": 0.5, ""budget"": 508925625656}"
"U(0.001,0.4), eps=1e-06",0.001,0.4,1e-06,binary,782497965064,find_phi_fixed_budget_binary_search,"{""m_exploration"": 143180, ""safeguard"": 1, ""conf"": 0.5, ""budget"": 782497965064}"
"U(0.001,0.4), eps=1e-06",0.001,0.4,1e-06,binary,1203128776511,find_phi_fixed_budget_binary_search,"{""m_exploration"": 143180, ""safeguard"": 2, ""conf"": 0.5, ""budget"": 1203128776511}"
"U(0.001,0.4), eps=1e-06",0.001,0.4,1e-06,binary,1849869159403,find_phi_fixed_budget_binary_search,"{""m_exploration"": 143180, ""safeguard"": 2, ""conf"": 0.5, ""budget"": 1849869159403}"
"U(0.001,0.4), eps=1e-06",0.001,0.4,1e-06,binary,2844264033675,find_phi_fixed_budget_binary_search,"{""m_exploration"": 143180, ""safeguard"": 2, ""conf"": 0.5, ""budget"": 2844264033675}"
"U(0.001,0.4), eps=1e-06",0.001,0.4,1e-06,binary,4373194640355,find_phi_fixed_budget_binary_search,"{""m_exploration"": 143180, ""safeguard"": 2, ""conf"": 0.5, ""budget"": 4373194640355}"
"U(0.001,0.4), eps=1e-06",0.001,0.4,1e-06,binary,6723999999999,find_phi_fixed_budget_binary_search,"{""m_exploration"": 143180, ""safeguard"": 2, ""conf"": 0.5, ""budget"": 6723999999999}"
"U(0.001,0.4), eps=1e-06",0.001,0.4,1e-06,reverse_eng_risk,4482666666,find_phi_fixed_budget_reverse_engineering_risk,"{""m_exploration"": 39622, ""eps_target"": 1e-06, ""budget"": 4482666666}"
"U(0.001,0.4), eps=1e-06",0.001,0.4,1e-06,reverse_eng_risk,6892318578,find_phi_fixed_budget_reverse_engineering_risk,"{""m_exploration"": 109026, ""eps_target"": 1e-06, ""budget"": 6892318578}"
"U(0.001,0.4), eps=1e-06",0.001,0.4,1e-06,reverse_eng_risk,10597275889,find_phi_fixed_budget_reverse_engineering_risk,"{""m_exploration"": 300000, ""eps_target"": 1e-06, ""budget"": 10597275889}"
"U(0.001,0.4), eps=1e-06",0.001,0.4,1e-06,reverse_eng_risk,16293828411,find_phi_fixed_budget_reverse_engineering_risk,"{""m_exploration"": 300000, ""eps_target"": 1e-06, ""budget"": 16293828411}"
"U(0.001,0.4), eps=1e-06",0.001,0.4,1e-06,reverse_eng_risk,25052555682,find_phi_fixed_budget_reverse_engineering_risk,"{""m_exploration"": 65726, ""eps_target"": 1e-06, ""budget"": 25052555682}"
"U(0.001,0.4), eps=1e-06",0.001,0.4,1e-06,reverse_eng_risk,38519525944,find_phi_fixed_budget_reverse_engineering_risk,"{""m_exploration"": 39622, ""eps_target"": 1e-06, ""budget"": 38519525944}"
"U(0.001,0.4), eps=1e-06",0.001,0.4,1e-06,reverse_eng_risk,59225649382,find_phi_fixed_budget_reverse_engineering_risk,"{""m_exploration"": 23886, ""eps_target"": 1e-06, ""budget"": 59225649382}"
"U(0.001,0.4), eps=1e-06",0.001,0.4,1e-06,reverse_eng_risk,91062323814,find_phi_fixed_budget_reverse_engineering_risk,"{""m_exploration"": 23886, ""eps_target"": 1e-06, ""budget"": 91062323814}"
"U(0.001,0.4), eps=1e-06",0.001,0.4,1e-06,reverse_eng_risk,140012763136,find_phi_fixed_budget_reverse_engineering_risk,"{""m_exploration"": 23886, ""eps_target"": 1e-06, ""budget"": 140012763136}"
"U(0.001,0.4), eps=1e-06",0.001,0.4,1e-06,reverse_eng_risk,215276450456,find_phi_fixed_budget_reverse_engineering_risk,"{""m_exploration"": 23886, ""eps_target"": 1e-06, ""budget"": 215276450456}"
"U(0.001,0.4), eps=1e-06",0.001,0.4,1e-06,reverse_eng_risk,330998039627,find_phi_fixed_budget_reverse_engineering_risk,"{""m_exploration"": 691, ""eps_target"": 1e-06, ""budget"": 330998039627}"
"U(0.001,0.4), eps=1e-06",0.001,0.4,1e-06,reverse_eng_risk,508925625656,find_phi_fixed_budget_reverse_engineering_risk,"{""m_exploration"": 1146, ""eps_target"": 1e-06, ""budget"": 508925625656}"
"U(0.001,0.4), eps=1e-06",0.001,0.4,1e-06,reverse_eng_risk,782497965064,find_phi_fixed_budget_reverse_engineering_risk,"{""m_exploration"": 251, ""eps_target"": 1e-06, ""budget"": 782497965064}"
"U(0.001,0.4), eps=1e-06",0.001,0.4,1e-06,reverse_eng_risk,1203128776511,find_phi_fixed_budget_reverse_engineering_risk,"{""m_exploration"": 20, ""eps_target"": 1e-06, ""budget"": 1203128776511}"
"U(0.001,0.4), eps=1e-06",0.001,0.4,1e-06,reverse_eng_risk,1849869159403,find_phi_fixed_budget_reverse_engineering_risk,"{""m_exploration"": 20, ""eps_target"": 1e-06, ""budget"": 1849869159403}"
"U(0.001,0.4), eps=1e-06",0.001,0.4,1e-06,reverse_eng_risk,2844264033675,find_phi_fixed_budget_reverse_engineering_risk,"{""m_exploration"": 20, ""eps_target"": 1e-06, ""budget"": 2844264033675}"
"U(0.001,0.4), eps=1e-06",0.001,0.4,1e-06,reverse_eng_risk,4373194640355,find_phi_fixed_budget_reverse_engineering_risk,"{""m_exploration"": 20, ""eps_target"": 1e-06, ""budget"": 4373194640355}"
"U(0.001,0.4), eps=1e-06",0.001,0.4,1e-06,reverse_eng_risk,6723999999999,find_phi_fixed_budget_reverse_engineering_risk,"{""m_exploration"": 20, ""eps_target"": 1e-06, ""budget"": 6723999999999}"
"U(0.001,0.4), eps=1e-06",0.001,0.4,1e-06,binary_risk,4482666666,find_phi_fixed_budget_binary_search_risk,"{""m_exploration"": 15565, ""conf"": 0.5, ""eps_target"": 1e-06, ""budget"": 4482666666}"
"U(0.001,0.4), eps=1e-06",0.001,0.4,1e-06,binary_risk,6892318578,find_phi_fixed_budget_binary_search_risk,"{""m_exploration"": 15565, ""conf"": 0.5, ""eps_target"": 1e-06, ""budget"": 6892318578}"
"U(0.001,0.4), eps=1e-06",0.001,0.4,1e-06,binary_risk,10597275889,find_phi_fixed_budget_binary_search_risk,"{""m_exploration"": 15565, ""conf"": 0.5, ""eps_target"": 1e-06, ""budget"": 10597275889}"
"U(0.001,0.4), eps=1e-06",0.001,0.4,1e-06,binary_risk,16293828411,find_phi_fixed_budget_binary_search_risk,"{""m_exploration"": 15565, ""conf"": 0.8, ""eps_target"": 1e-06, ""budget"": 16293828411}"
"U(0.001,0.4), eps=1e-06",0.001,0.4,1e-06,binary_risk,25052555682,find_phi_fixed_budget_binary_search_risk,"{""m_exploration"": 15565, ""conf"": 0.8, ""eps_target"": 1e-06, ""budget"": 25052555682}"
"U(0.001,0.4), eps=1e-06",0.001,0.4,1e-06,binary_risk,38519525944,find_phi_fixed_budget_binary_search_risk,"{""m_exploration"": 7429, ""conf"": 0.5, ""eps_target"": 1e-06, ""budget"": 38519525944}"
"U(0.001,0.4), eps=1e-06",0.001,0.4,1e-06,binary_risk,59225649382,find_phi_fixed_budget_binary_search_risk,"{""m_exploration"": 7429, ""conf"": 0.5, ""eps_target"": 1e-06, ""budget"": 59225649382}"
"U(0.001,0.4), eps=1e-06",0.001,0.4,1e-06,binary_risk,91062323814,find_phi_fixed_budget_binary_search_risk,"{""m_exploration"": 7429, ""conf"": 0.5, ""eps_target"": 1e-06, ""budget"": 91062323814}"
"U(0.001,0.4), eps=1e-06",0.001,0.4,1e-06,binary_risk,140012763136,find_phi_fixed_budget_binary_search_risk,"{""m_exploration"": 7429, ""conf"": 0.5, ""eps_target"": 1e-06, ""budget"": 140012763136}"
"U(0.001,0.4), eps=1e-06",0.001,0.4,1e-06,binary_risk,215276450456,find_phi_fixed_budget_binary_search_risk,"{""m_exploration"": 32614, ""conf"": 0.5, ""eps_target"": 1e-06, ""budget"": 215276450456}"
"U(0.001,0.4), eps=1e-06",0.001,0.4,1e-06,binary_risk,330998039627,find_phi_fixed_budget_binary_search_risk,"{""m_exploration"": 32614, ""conf"": 0.8, ""eps_target"": 1e-06, ""budget"": 330998039627}"
"U(0.001,0.4), eps=1e-06",0.001,0.4,1e-06,binary_risk,508925625656,find_phi_fixed_budget_binary_search_risk,"{""m_exploration"": 7429, ""conf"": 0.5, ""eps_target"": 1e-06, ""budget"": 508925625656}"
"U(0.001,0.4), eps=1e-06",0.001,0.4,1e-06,binary_risk,782497965064,find_phi_fixed_budget_binary_search_risk,"{""m_exploration"": 183, ""conf"": 0.5, ""eps_target"": 1e-06, ""budget"": 782497965064}"
"U(0.001,0.4), eps=1e-06",0.001,0.4,1e-06,binary_risk,1203128776511,find_phi_fixed_budget_binary_search_risk,"{""m_exploration"": 183, ""conf"": 0.5, ""eps_target"": 1e-06, ""budget"": 1203128776511}"
"U(0.001,0.4), eps=1e-06",0.001,0.4,1e-06,binary_risk,1849869159403,find_phi_fixed_budget_binary_search_risk,"{""m_exploration"": 20, ""conf"": 0.5, ""eps_target"": 1e-06, ""budget"": 1849869159403}"
"U(0.001,0.4), eps=1e-06",0.001,0.4,1e-06,binary_risk,2844264033675,find_phi_fixed_budget_binary_search_risk,"{""m_exploration"": 20, ""conf"": 0.5, ""eps_target"": 1e-06, ""budget"": 2844264033675}"
"U(0.001,0.4), eps=1e-06",0.001,0.4,1e-06,binary_risk,4373194640355,find_phi_fixed_budget_binary_search_risk,"{""m_exploration"": 20, ""conf"": 0.5, ""eps_target"": 1e-06, ""budget"": 4373194640355}"
"U(0.001,0.4), eps=1e-06",0.001,0.4,1e-06,binary_risk,6723999999999,find_phi_fixed_budget_binary_search_risk,"{""m_exploration"": 20, ""conf"": 0.5, ""eps_target"": 1e-06, ""budget"": 6723999999999}"
"U(0.0001,0.4), eps=1e-06",0.0001,0.4,1e-06,linear,4482666666,find_phi_fixed_budget_linear_search,"{""m_exploration"": 13924, ""lookback_window"": 5, ""safeguard"": 0, ""inc"": 1, ""budget"": 4482666666}"
"U(0.0001,0.4), eps=1e-06",0.0001,0.4,1e-06,linear,6892318578,find_phi_fixed_budget_linear_search,"{""m_exploration"": 13924, ""lookback_window"": 5, ""safeguard"": 0, ""inc"": 1, ""budget"": 6892318578}"
"U(0.0001,0.4), eps=1e-06",0.0001,0.4,1e-06,linear,10597275889,find_phi_fixed_budget_linear_search,"{""m_exploration"": 13924, ""lookback_window"": 5, ""safeguard"": 0, ""inc"": 1, ""budget"": 10597275889}"
"U(0.0001,0.4), eps=1e-06",0.0001,0.4,1e-06,linear,16293828411,find_phi_fixed_budget_linear_search,"{""m_exploration"": 64633, ""lookback_window"": 5, ""safeguard"": 0, ""inc"": 1, ""budget"": 16293828411}"
"U(0.0001,0.4), eps=1e-06",0.0001,0.4,1e-06,linear,25052555682,find_phi_fixed_budget_linear_search,"{""m_exploration"": 64633, ""lookback_window"": 5, ""safeguard"": 0, ""inc"": 1, ""budget"": 25052555682}"
"U(0.0001,0.4), eps=1e-06",0.0001,0.4,1e-06,linear,38519525944,find_phi_fixed_budget_linear_search,"{""m_exploration"": 64633, ""lookback_window"": 5, ""safeguard"": 0, ""inc"": 1, ""budget"": 38519525944}"
"U(0.0001,0.4), eps=1e-06",0.0001,0.4,1e-06,linear,59225649382,find_phi_fixed_budget_linear_search,"{""m_exploration"": 64633, ""lookback_window"": 5, ""safeguard"": 0, ""inc"": 1, ""budget"": 59225649382}"
"U(0.0001,0.4), eps=1e-06",0.0001,0.4,1e-06,linear,91062323814,find_phi_fixed_budget_linear_search,"{""m_exploration"": 300000, ""lookback_window"": 5, ""safeguard"": 0, ""inc"": 1, ""budget"": 91062323814}"
"U(0.0001,0.4), eps=1e-06",0.0001,0.4,1e-06,linear,140012763136,find_phi_fixed_budget_linear_search,"{""m_exploration"": 300000, ""lookback_window"": 5, ""safeguard"": 0, ""inc"": 1, ""budget"": 140012763136}"
"U(0.0001,0.4), eps=1e-06",0.0001,0.4,1e-06,linear,215276450456,find_phi_fixed_budget_linear_search,"{""m_exploration"": 300000, ""lookback_window"": 5, ""safeguard"": 0, ""inc"": 1, ""budget"": 215276450456}"
"U(0.0001,0.4), eps=1e-06",0.0001,0.4,1e-06,linear,330998039627,find_phi_fixed_budget_linear_search,"{""m_exploration"": 300000, ""lookback_window"": 5, ""safeguard"": 0, ""inc"": 1, ""budget"": 330998039627}"
"U(0.0001,0.4), eps=1e-06",0.0001,0.4,1e-06,linear,508925625656,find_phi_fixed_budget_linear_search,"{""m_exploration"": 300000, ""lookback_window"": 5, ""safeguard"": 0, ""inc"": 1, ""budget"": 508925625656}"
"U(0.0001,0.4), eps=1e-06",0.0001,0.4,1e-06,linear,782497965064,find_phi_fixed_budget_linear_search,"{""m_exploration"": 139247, ""lookback_window"": 1, ""safeguard"": 0, ""inc"": 2, ""budget"": 782497965064}"
"U(0.0001,0.4), eps=1e-06",0.0001,0.4,1e-06,linear,1203128776511,find_phi_fixed_budget_linear_search,"{""m_exploration"": 139247, ""lookback_window"": 1, ""safeguard"": 0, ""inc"": 2, ""budget"": 1203128776511}"
"U(0.0001,0.4), eps=1e-06",0.0001,0.4,1e-06,linear,1849869159403,find_phi_fixed_budget_linear_search,"{""m_exploration"": 646, ""lookback_window"": 1, ""safeguard"": 1, ""inc"": 1, ""budget"": 1849869159403}"
"U(0.0001,0.4), eps=1e-06",0.0001,0.4,1e-06,linear,2844264033675,find_phi_fixed_budget_linear_search,"{""m_exploration"": 6, ""lookback_window"": 1, ""safeguard"": 5, ""inc"": 1, ""budget"": 2844264033675}"
"U(0.0001,0.4), eps=1e-06",0.0001,0.4,1e-06,linear,4373194640355,find_phi_fixed_budget_linear_search,"{""m_exploration"": 6, ""lookback_window"": 1, ""safeguard"": 5, ""inc"": 1, ""budget"": 4373194640355}"
"U(0.0001,0.4), eps=1e-06",0.0001,0.4,1e-06,linear,6723999999999,find_phi_fixed_budget_linear_search,"{""m_exploration"": 6, ""lookback_window"": 1, ""safeguard"": 5, ""inc"": 1, ""budget"": 6723999999999}"
"U(0.0001,0.4), eps=1e-06",0.0001,0.4,1e-06,reverse_eng,4482666666,find_phi_fixed_budget_reverse_engineering,"{""m_exploration"": 300000, ""safeguard"": 0.9, ""budget"": 4482666666}"
"U(0.0001,0.4), eps=1e-06",0.0001,0.4,1e-06,reverse_eng,6892318578,find_phi_fixed_budget_reverse_engineering,"{""m_exploration"": 300000, ""safeguard"": 0.95, ""budget"": 6892318578}"
"U(0.0001,0.4), eps=1e-06",0.0001,0.4,1e-06,reverse_eng,10597275889,find_phi_fixed_budget_reverse_engineering,"{""m_exploration"": 300000, ""safeguard"": 0.9, ""budget"": 10597275889}"
"U(0.0001,0.4), eps=1e-06",0.0001,0.4,1e-06,reverse_eng,16293828411,find_phi_fixed_budget_reverse_engineering,"{""m_exploration"": 300000, ""safeguard"": 0.9, ""budget"": 16293828411}"
"U(0.0001,0.4), eps=1e-06",0.0001,0.4,1e-06,reverse_eng,25052555682,find_phi_fixed_budget_reverse_engineering,"{""m_exploration"": 300000, ""safeguard"": 0.9, ""budget"": 25052555682}"
"U(0.0001,0.4), eps=1e-06",0.0001,0.4,1e-06,reverse_eng,38519525944,find_phi_fixed_budget_reverse_engineering,"{""m_exploration"": 300000, ""safeguard"": 0.9, ""budget"": 38519525944}"
"U(0.0001,0.4), eps=1e-06",0.0001,0.4,1e-06,reverse_eng,59225649382,find_phi_fixed_budget_reverse_engineering,"{""m_exploration"": 300000, ""safeguard"": 0.95, ""budget"": 59225649382}"
"U(0.0001,0.4), eps=1e-06",0.0001,0.4,1e-06,reverse_eng,91062323814,find_phi_fixed_budget_reverse_engineering,"{""m_exploration"": 300000, ""safeguard"": 0.9, ""budget"": 91062323814}"
"U(0.0001,0.4), eps=1e-06",0.0001,0.4,1e-06,reverse_eng,140012763136,find_phi_fixed_budget_reverse_engineering,"{""m_exploration"": 180853, ""safeguard"": 0.9, ""budget"": 140012763136}"
"U(0.0001,0.4), eps=1e-06",0.0001,0.4,1e-06,reverse_eng,215276450456,find_phi_fixed_budget_reverse_engineering,"{""m_exploration"": 300000, ""safeguard"": 0.9, ""budget"": 215276450456}"
"U(0.0001,0.4), eps=1e-06",0.0001,0.4,1e-06,reverse_eng,330998039627,find_phi_fixed_budget_reverse_engineering,"{""m_exploration"": 180853, ""safeguard"": 0.9, ""budget"": 330998039627}"
"U(0.0001,0.4), eps=1e-06",0.0001,0.4,1e-06,reverse_eng,508925625656,find_phi_fixed_budget_reverse_engineering,"{""m_exploration"": 109026, ""safeguard"": 0.8, ""budget"": 508925625656}"
"U(0.0001,0.4), eps=1e-06",0.0001,0.4,1e-06,reverse_eng,782497965064,find_phi_fixed_budget_reverse_engineering,"{""m_exploration"": 109026, ""safeguard"": 0.8, ""budget"": 782497965064}"
"U(0.0001,0.4), eps=1e-06",0.0001,0.4,1e-06,reverse_eng,1203128776511,find_phi_fixed_budget_reverse_engineering,"{""m_exploration"": 109026, ""safeguard"": 0.8, ""budget"": 1203128776511}"
"U(0.0001,0.4), eps=1e-06",0.0001,0.4,1e-06,reverse_eng,1849869159403,find_phi_fixed_budget_reverse_engineering,"{""m_exploration"": 109026, ""safeguard"": 0.8, ""budget"": 1849869159403}"
"U(0.0001,0.4), eps=1e-06",0.0001,0.4,1e-06,reverse_eng,2844264033675,find_phi_fixed_budget_reverse_engineering,"{""m_exploration"": 109026, ""safeguard"": 0.8, ""budget"": 2844264033675}"
"U(0.0001,0.4), eps=1e-06",0.0001,0.4,1e-06,reverse_eng,4373194640355,find_phi_fixed_budget_reverse_engineering,"{""m_exploration"": 109026, ""safeguard"": 0.8, ""budget"": 4373194640355}"
"U(0.0001,0.4), eps=1e-06",0.0001,0.4,1e-06,reverse_eng,6723999999999,find_phi_fixed_budget_reverse_engineering,"{""m_exploration"": 109026, ""safeguard"": 0.8, ""budget"": 6723999999999}"
"U(0.0001,0.4), eps=1e-06",0.0001,0.4,1e-06,binary,4482666666,find_phi_fixed_budget_binary_search,"{""m_exploration"": 15565, ""safeguard"": 1, ""conf"": 0.8, ""budget"": 4482666666}"
"U(0.0001,0.4), eps=1e-06",0.0001,0.4,1e-06,binary,6892318578,find_phi_fixed_budget_binary_search,"{""m_exploration"": 15565, ""safeguard"": 1, ""conf"": 0.9, ""budget"": 6892318578}"
"U(0.0001,0.4), eps=1e-06",0.0001,0.4,1e-06,binary,10597275889,find_phi_fixed_budget_binary_search,"{""m_exploration"": 15565, ""safeguard"": 1, ""conf"": 0.9, ""budget"": 10597275889}"
"U(0.0001,0.4), eps=1e-06",0.0001,0.4,1e-06,binary,16293828411,find_phi_fixed_budget_binary_search,"{""m_exploration"": 15565, ""safeguard"": 1, ""conf"": 0.9, ""budget"": 16293828411}"
"U(0.0001,0.4), eps=1e-06",0.0001,0.4,1e-06,binary,25052555682,find_phi_fixed_budget_binary_search,"{""m_exploration"": 15565, ""safeguard"": 1, ""conf"": 0.9, ""budget"": 25052555682}"
"U(0.0001,0.4), eps=1e-06",0.0001,0.4,1e-06,binary,38519525944,find_phi_fixed_budget_binary_search,"{""m_exploration"": 68335, ""safeguard"": 1, ""conf"": 0.9, ""budget"": 38519525944}"
"U(0.0001,0.4), eps=1e-06",0.0001,0.4,1e-06,binary,59225649382,find_phi_fixed_budget_binary_search,"{""m_exploration"": 68335, ""safeguard"": 1, ""conf"": 0.9, ""budget"": 59225649382}"
"U(0.0001,0.4), eps=1e-06",0.0001,0.4,1e-06,binary,91062323814,find_phi_fixed_budget_binary_search,"{""m_exploration"": 68335, ""safeguard"": 1, ""conf"": 0.9, ""budget"": 91062323814}"
"U(0.0001,0.4), eps=1e-06",0.0001,0.4,1e-06,binary,140012763136,find_phi_fixed_budget_binary_search,"{""m_exploration"": 68335, ""safeguard"": 1, ""conf"": 0.9, ""budget"": 140012763136}"
"U(0.0001,0.4), eps=1e-06",0.0001,0.4,1e-06,binary,215276450456,find_phi_fixed_budget_binary_search,"{""m_exploration"": 300000, ""safeguard"": 1, ""conf"": 0.9, ""budget"": 215276450456}"
"U(0.0001,0.4), eps=1e-06",0.0001,0.4,1e-06,binary,330998039627,find_phi_fixed_budget_binary_search,"{""m_exploration"": 300000, ""safeguard"": 1, ""conf"": 0.9, ""budget"": 330998039627}"
"U(0.0001,0.4), eps=1e-06",0.0001,0.4,1e-06,binary,508925625656,find_phi_fixed_budget_binary_search,"{""m_exploration"": 143180, ""safeguard"": 1, ""conf"": 0.5, ""budget"": 508925625656}"
"U(0.0001,0.4), eps=1e-06",0.0001,0.4,1e-06,binary,782497965064,find_phi_fixed_budget_binary_search,"{""m_exploration"": 300000, ""safeguard"": 1, ""conf"": 0.5, ""budget"": 782497965064}"
"U(0.0001,0.4), eps=1e-06",0.0001,0.4,1e-06,binary,1203128776511,find_phi_fixed_budget_binary_search,"{""m_exploration"": 300000, ""safeguard"": 1, ""conf"": 0.5, ""budget"": 1203128776511}"
"U(0.0001,0.4), eps=1e-06",0.0001,0.4,1e-06,binary,1849869159403,find_phi_fixed_budget_binary_search,"{""m_exploration"": 300000, ""safeguard"": 2, ""conf"": 0.5, ""budget"": 1849869159403}"
"U(0.0001,0.4), eps=1e-06",0.0001,0.4,1e-06,binary,2844264033675,find_phi_fixed_budget_binary_search,"{""m_exploration"": 300000, ""safeguard"": 2, ""conf"": 0.5, ""budget"": 2844264033675}"
"U(0.0001,0.4), eps=1e-06",0.0001,0.4,1e-06,binary,4373194640355,find_phi_fixed_budget_binary_search,"{""m_exploration"": 300000, ""safeguard"": 2, ""conf"": 0.5, ""budget"": 4373194640355}"
"U(0.0001,0.4), eps=1e-06",0.0001,0.4,1e-06,binary,6723999999999,find_phi_fixed_budget_binary_search,"{""m_exploration"": 300000, ""safeguard"": 2, ""conf"": 0.5, ""budget"": 6723999999999}"
"U(0.0001,0.4), eps=1e-06",0.0001,0.4,1e-06,reverse_eng_risk,4482666666,find_phi_fixed_budget_reverse_engineering_risk,"{""m_exploration"": 39622, ""eps_target"": 1e-06, ""budget"": 4482666666}"
"U(0.0001,0.4), eps=1e-06",0.0001,0.4,1e-06,reverse_eng_risk,6892318578,find_phi_fixed_budget_reverse_engineering_risk,"{""m_exploration"": 8680, ""eps_target"": 1e-06, ""budget"": 6892318578}"
"U(0.0001,0.4), eps=1e-06",0.0001,0.4,1e-06,reverse_eng_risk,10597275889,find_phi_fixed_budget_reverse_engineering_risk,"{""m_exploration"": 300000, ""eps_target"": 1e-06, ""budget"": 10597275889}"
"U(0.0001,0.4), eps=1e-06",0.0001,0.4,1e-06,reverse_eng_risk,16293828411,find_phi_fixed_budget_reverse_engineering_risk,"{""m_exploration"": 300000, ""eps_target"": 1e-06, ""budget"": 16293828411}"
"U(0.0001,0.4), eps=1e-06",0.0001,0.4,1e-06,reverse_eng_risk,25052555682,find_phi_fixed_budget_reverse_engineering_risk,"{""m_exploration"": 300000, ""eps_target"": 1e-06, ""budget"": 25052555682}"
"U(0.0001,0.4), eps=1e-06",0.0001,0.4,1e-06,reverse_eng_risk,38519525944,find_phi_fixed_budget_reverse_engineering_risk,"{""m_exploration"": 39622, ""eps_target"": 1e-06, ""budget"": 38519525944}"
"U(0.0001,0.4), eps=1e-06",0.0001,0.4,1e-06,reverse_eng_risk,59225649382,find_phi_fixed_budget_reverse_engineering_risk,"{""m_exploration"": 39622, ""eps_target"": 1e-06, ""budget"": 59225649382}"
"U(0.0001,0.4), eps=1e-06",0.0001,0.4,1e-06,reverse_eng_risk,91062323814,find_phi_fixed_budget_reverse_engineering_risk,"{""m_exploration"": 39622, ""eps_target"": 1e-06, ""budget"": 91062323814}"
"U(0.0001,0.4), eps=1e-06",0.0001,0.4,1e-06,reverse_eng_risk,140012763136,find_phi_fixed_budget_reverse_engineering_risk,"{""m_exploration"": 300000, ""eps_target"": 1e-06, ""budget"": 140012763136}"
"U(0.0001,0.4), eps=1e-06",0.0001,0.4,1e-06,reverse_eng_risk,215276450456,find_phi_fixed_budget_reverse_engineering_risk,"{""m_exploration"": 39622, ""eps_target"": 1e-06, ""budget"": 215276450456}"
"U(0.0001,0.4), eps=1e-06",0.0001,0.4,1e-06,reverse_eng_risk,330998039627,find_phi_fixed_budget_reverse_engineering_risk,"{""m_exploration"": 691, ""eps_target"": 1e-06, ""budget"": 330998039627}"
"U(0.0001,0.4), eps=1e-06",0.0001,0.4,1e-06,reverse_eng_risk,508925625656,find_phi_fixed_budget_reverse_engineering_risk,"{""m_exploration"": 1146, ""eps_target"": 1e-06, ""budget"": 508925625656}"
"U(0.0001,0.4), eps=1e-06",0.0001,0.4,1e-06,reverse_eng_risk,782497965064,find_phi_fixed_budget_reverse_engineering_risk,"{""m_exploration"": 251, ""eps_target"": 1e-06, ""budget"": 782497965064}"
"U(0.0001,0.4), eps=1e-06",0.0001,0.4,1e-06,reverse_eng_risk,1203128776511,find_phi_fixed_budget_reverse_engineering_risk,"{""m_exploration"": 20, ""eps_target"": 1e-06, ""budget"": 1203128776511}"
"U(0.0001,0.4), eps=1e-06",0.0001,0.4,1e-06,reverse_eng_risk,1849869159403,find_phi_fixed_budget_reverse_engineering_risk,"{""m_exploration"": 20, ""eps_target"": 1e-06, ""budget"": 1849869159403}"
"U(0.0001,0.4), eps=1e-06",0.0001,0.4,1e-06,reverse_eng_risk,2844264033675,find_phi_fixed_budget_reverse_engineering_risk,"{""m_exploration"": 20, ""eps_target"": 1e-06, ""budget"": 2844264033675}"
"U(0.0001,0.4), eps=1e-06",0.0001,0.4,1e-06,reverse_eng_risk,4373194640355,find_phi_fixed_budget_reverse_engineering_risk,"{""m_exploration"": 20, ""eps_target"": 1e-06, ""budget"": 4373194640355}"
"U(0.0001,0.4), eps=1e-06",0.0001,0.4,1e-06,reverse_eng_risk,6723999999999,find_phi_fixed_budget_reverse_engineering_risk,"{""m_exploration"": 20, ""eps_target"": 1e-06, ""budget"": 6723999999999}"
"U(0.0001,0.4), eps=1e-06",0.0001,0.4,1e-06,binary_risk,4482666666,find_phi_fixed_budget_binary_search_risk,"{""m_exploration"": 15565, ""conf"": 0.8, ""eps_target"": 1e-06, ""budget"": 4482666666}"
"U(0.0001,0.4), eps=1e-06",0.0001,0.4,1e-06,binary_risk,6892318578,find_phi_fixed_budget_binary_search_risk,"{""m_exploration"": 15565, ""conf"": 0.8, ""eps_target"": 1e-06, ""budget"": 6892318578}"
"U(0.0001,0.4), eps=1e-06",0.0001,0.4,1e-06,binary_risk,10597275889,find_phi_fixed_budget_binary_search_risk,"{""m_exploration"": 15565, ""conf"": 0.8, ""eps_target"": 1e-06, ""budget"": 10597275889}"
"U(0.0001,0.4), eps=1e-06",0.0001,0.4,1e-06,binary_risk,16293828411,find_phi_fixed_budget_binary_search_risk,"{""m_exploration"": 15565, ""conf"": 0.8, ""eps_target"": 1e-06, ""budget"": 16293828411}"
"U(0.0001,0.4), eps=1e-06",0.0001,0.4,1e-06,binary_risk,25052555682,find_phi_fixed_budget_binary_search_risk,"{""m_exploration"": 15565, ""conf"": 0.5, ""eps_target"": 1e-06, ""budget"": 25052555682}"
"U(0.0001,0.4), eps=1e-06",0.0001,0.4,1e-06,binary_risk,38519525944,find_phi_fixed_budget_binary_search_risk,"{""m_exploration"": 15565, ""conf"": 0.5, ""eps_target"": 1e-06, ""budget"": 38519525944}"
"U(0.0001,0.4), eps=1e-06",0.0001,0.4,1e-06,binary_risk,59225649382,find_phi_fixed_budget_binary_search_risk,"{""m_exploration"": 15565, ""conf"": 0.5, ""eps_target"": 1e-06, ""budget"": 59225649382}"
"U(0.0001,0.4), eps=1e-06",0.0001,0.4,1e-06,binary_risk,91062323814,find_phi_fixed_budget_binary_search_risk,"{""m_exploration"": 32614, ""conf"": 0.5, ""eps_target"": 1e-06, ""budget"": 91062323814}"
"U(0.0001,0.4), eps=1e-06",0.0001,0.4,1e-06,binary_risk,140012763136,find_phi_fixed_budget_binary_search_risk,"{""m_exploration"": 32614, ""conf"": 0.5, ""eps_target"": 1e-06, ""budget"": 140012763136}"
"U(0.0001,0.4), eps=1e-06",0.0001,0.4,1e-06,binary_risk,215276450456,find_phi_fixed_budget_binary_search_risk,"{""m_exploration"": 3545, ""conf"": 0.5, ""eps_target"": 1e-06, ""budget"": 215276450456}"
"U(0.0001,0.4), eps=1e-06",0.0001,0.4,1e-06,binary_risk,330998039627,find_phi_fixed_budget_binary_search_risk,"{""m_exploration"": 3545, ""conf"": 0.5, ""eps_target"": 1e-06, ""budget"": 330998039627}"
"U(0.0001,0.4), eps=1e-06",0.0001,0.4,1e-06,binary_risk,508925625656,find_phi_fixed_budget_binary_search_risk,"{""m_exploration"": 3545, ""conf"": 0.5, ""eps_target"": 1e-06, ""budget"": 508925625656}"
"U(0.0001,0.4), eps=1e-06",0.0001,0.4,1e-06,binary_risk,782497965064,find_phi_fixed_budget_binary_search_risk,"{""m_exploration"": 807, ""conf"": 0.5, ""eps_target"": 1e-06, ""budget"": 782497965064}"
"U(0.0001,0.4), eps=1e-06",0.0001,0.4,1e-06,binary_risk,1203128776511,find_phi_fixed_budget_binary_search_risk,"{""m_exploration"": 87, ""conf"": 0.5, ""eps_target"": 1e-06, ""budget"": 1203128776511}"
"U(0.0001,0.4), eps=1e-06",0.0001,0.4,1e-06,binary_risk,1849869159403,find_phi_fixed_budget_binary_search_risk,"{""m_exploration"": 41, ""conf"": 0.5, ""eps_target"": 1e-06, ""budget"": 1849869159403}"
"U(0.0001,0.4), eps=1e-06",0.0001,0.4,1e-06,binary_risk,2844264033675,find_phi_fixed_budget_binary_search_risk,"{""m_exploration"": 20, ""conf"": 0.5, ""eps_target"": 1e-06, ""budget"": 2844264033675}"
"U(0.0001,0.4), eps=1e-06",0.0001,0.4,1e-06,binary_risk,4373194640355,find_phi_fixed_budget_binary_search_risk,"{""m_exploration"": 20, ""conf"": 0.5, ""eps_target"": 1e-06, ""budget"": 4373194640355}"
"U(0.0001,0.4), eps=1e-06",0.0001,0.4,1e-06,binary_risk,6723999999999,find_phi_fixed_budget_binary_search_risk,"{""m_exploration"": 20, ""conf"": 0.5, ""eps_target"": 1e-06, ""budget"": 6723999999999}"
"U(1e-05,0.2), eps=1e-08",1e-05,0.2,1e-08,linear,19211428571428,find_phi_fixed_budget_linear_search,"{""m_exploration"": 13924, ""lookback_window"": 5, ""safeguard"": 0, ""inc"": 2, ""budget"": 19211428571428}"
"U(1e-05,0.2), eps=1e-08",1e-05,0.2,1e-08,linear,29538508193127,find_phi_fixed_budget_linear_search,"{""m_exploration"": 13924, ""lookback_window"": 5, ""safeguard"": 0, ""inc"": 2, ""budget"": 29538508193127}"
"U(1e-05,0.2), eps=1e-08",1e-05,0.2,1e-08,linear,45416896668115,find_phi_fixed_budget_linear_search,"{""m_exploration"": 13924, ""lookback_window"": 5, ""safeguard"": 0, ""inc"": 2, ""budget"": 45416896668115}"
"U(1e-05,0.2), eps=1e-08",1e-05,0.2,1e-08,linear,69830693191275,find_phi_fixed_budget_linear_search,"{""m_exploration"": 13924, ""lookback_window"": 5, ""safeguard"": 0, ""inc"": 2, ""budget"": 69830693191275}"
"U(1e-05,0.2), eps=1e-08",1e-05,0.2,1e-08,linear,107368095781793,find_phi_fixed_budget_linear_search,"{""m_exploration"": 300000, ""lookback_window"": 5, ""safeguard"": 0, ""inc"": 2, ""budget"": 107368095781793}"
"U(1e-05,0.2), eps=1e-08",1e-05,0.2,1e-08,linear,165083682618359,find_phi_fixed_budget_linear_search,"{""m_exploration"": 64633, ""lookback_window"": 5, ""safeguard"": 0, ""inc"": 1, ""budget"": 165083682618359}"
"U(1e-05,0.2), eps=1e-08",1e-05,0.2,1e-08,linear,253824211637552,find_phi_fixed_budget_linear_search,"{""m_exploration"": 64633, ""lookback_window"": 5, ""safeguard"": 0, ""inc"": 2, ""budget"": 253824211637552}"
"U(1e-05,0.2), eps=1e-08",1e-05,0.2,1e-08,linear,390267102063424,find_phi_fixed_budget_linear_search,"{""m_exploration"": 64633, ""lookback_window"": 5, ""safeguard"": 0, ""inc"": 1, ""budget"": 390267102063424}"
"U(1e-05,0.2), eps=1e-08",1e-05,0.2,1e-08,linear,600054699157193,find_phi_fixed_budget_linear_search,"{""m_exploration"": 300000, ""lookback_window"": 5, ""safeguard"": 0, ""inc"": 2, ""budget"": 600054699157193}"
"U(1e-05,0.2), eps=1e-08",1e-05,0.2,1e-08,linear,922613359099158,find_phi_fixed_budget_linear_search,"{""m_exploration"": 300000, ""lookback_window"": 5, ""safeguard"": 0, ""inc"": 2, ""budget"": 922613359099158}"
"U(1e-05,0.2), eps=1e-08",1e-05,0.2,1e-08,linear,1418563026977050,find_phi_fixed_budget_linear_search,"{""m_exploration"": 300000, ""lookback_window"": 5, ""safeguard"": 0, ""inc"": 2, ""budget"": 1418563026977050}"
"U(1e-05,0.2), eps=1e-08",1e-05,0.2,1e-08,linear,2181109824240055,find_phi_fixed_budget_linear_search,"{""m_exploration"": 300000, ""lookback_window"": 5, ""safeguard"": 0, ""inc"": 2, ""budget"": 2181109824240055}"
"U(1e-05,0.2), eps=1e-08",1e-05,0.2,1e-08,linear,3353562707420999,find_phi_fixed_budget_linear_search,"{""m_exploration"": 1392, ""lookback_window"": 2, ""safeguard"": 1, ""inc"": 1, ""budget"": 3353562707420999}"
"U(1e-05,0.2), eps=1e-08",1e-05,0.2,1e-08,linear,5156266185047945,find_phi_fixed_budget_linear_search,"{""m_exploration"": 13, ""lookback_window"": 1, ""safeguard"": 2, ""inc"": 1, ""budget"": 5156266185047945}"
"U(1e-05,0.2), eps=1e-08",1e-05,0.2,1e-08,linear,7928010683156490,find_phi_fixed_budget_linear_search,"{""m_exploration"": 13, ""lookback_window"": 1, ""safeguard"": 2, ""inc"": 1, ""budget"": 7928010683156490}"
"U(1e-05,0.2), eps=1e-08",1e-05,0.2,1e-08,linear,12189703001467332,find_phi_fixed_budget_linear_search,"{""m_exploration"": 13, ""lookback_window"": 1, ""safeguard"": 2, ""inc"": 1, ""budget"": 12189703001467332}"
"U(1e-05,0.2), eps=1e-08",1e-05,0.2,1e-08,linear,18742262744381408,find_phi_fixed_budget_linear_search,"{""m_exploration"": 13, ""lookback_window"": 1, ""safeguard"": 2, ""inc"": 1, ""budget"": 18742262744381408}"
"U(1e-05,0.2), eps=1e-08",1e-05,0.2,1e-08,linear,28817142857142856,find_phi_fixed_budget_linear_search,"{""m_exploration"": 13, ""lookback_window"": 1, ""safeguard"": 2, ""inc"": 1, ""budget"": 28817142857142856}"
"U(1e-05,0.2), eps=1e-08",1e-05,0.2,1e-08,reverse_eng,19211428571428,find_phi_fixed_budget_reverse_engineering,"{""m_exploration"": 300000, ""safeguard"": 0.95, ""budget"": 19211428571428}"
"U(1e-05,0.2), eps=1e-08",1e-05,0.2,1e-08,reverse_eng,29538508193127,find_phi_fixed_budget_reverse_engineering,"{""m_exploration"": 300000, ""safeguard"": 0.95, ""budget"": 29538508193127}"
"U(1e-05,0.2), eps=1e-08",1e-05,0.2,1e-08,reverse_eng,45416896668115,find_phi_fixed_budget_reverse_engineering,"{""m_exploration"": 300000, ""safeguard"": 0.95, ""budget"": 45416896668115}"
"U(1e-05,0.2), eps=1e-08",1e-05,0.2,1e-08,reverse_eng,69830693191275,find_phi_fixed_budget_reverse_engineering,"{""m_exploration"": 300000, ""safeguard"": 0.95, ""budget"": 69830693191275}"
"U(1e-05,0.2), eps=1e-08",1e-05,0.2,1e-08,reverse_eng,107368095781793,find_phi_fixed_budget_reverse_engineering,"{""m_exploration"": 300000, ""safeguard"": 0.95, ""budget"": 107368095781793}"
"U(1e-05,0.2), eps=1e-08",1e-05,0.2,1e-08,reverse_eng,165083682618359,find_phi_fixed_budget_reverse_engineering,"{""m_exploration"": 180853, ""safeguard"": 0.95, ""budget"": 165083682618359}"
"U(1e-05,0.2), eps=1e-08",1e-05,0.2,1e-08,reverse_eng,253824211637552,find_phi_fixed_budget_reverse_engineering,"{""m_exploration"": 109026, ""safeguard"": 0.95, ""budget"": 253824211637552}"
"U(1e-05,0.2), eps=1e-08",1e-05,0.2,1e-08,reverse_eng,390267102063424,find_phi_fixed_budget_reverse_engineering,"{""m_exploration"": 180853, ""safeguard"": 0.9, ""budget"": 390267102063424}"
"U(1e-05,0.2), eps=1e-08",1e-05,0.2,1e-08,reverse_eng,600054699157193,find_phi_fixed_budget_reverse_engineering,"{""m_exploration"": 300000, ""safeguard"": 0.95, ""budget"": 600054699157193}"
"U(1e-05,0.2), eps=1e-08",1e-05,0.2,1e-08,reverse_eng,922613359099158,find_phi_fixed_budget_reverse_engineering,"{""m_exploration"": 180853, ""safeguard"": 0.9, ""budget"": 922613359099158}"
"U(1e-05,0.2), eps=1e-08",1e-05,0.2,1e-08,reverse_eng,1418563026977050,find_phi_fixed_budget_reverse_engineering,"{""m_exploration"": 180853, ""safeguard"": 0.9, ""budget"": 1418563026977050}"
"U(1e-05,0.2), eps=1e-08",1e-05,0.2,1e-08,reverse_eng,2181109824240055,find_phi_fixed_budget_reverse_engineering,"{""m_exploration"": 180853, ""safeguard"": 0.8, ""budget"": 2181109824240055}"
"U(1e-05,0.2), eps=1e-08",1e-05,0.2,1e-08,reverse_eng,3353562707420999,find_phi_fixed_budget_reverse_engineering,"{""m_exploration"": 180853, ""safeguard"": 0.8, ""budget"": 3353562707420999}"
"U(1e-05,0.2), eps=1e-08",1e-05,0.2,1e-08,reverse_eng,5156266185047945,find_phi_fixed_budget_reverse_engineering,"{""m_exploration"": 180853, ""safeguard"": 0.8, ""budget"": 5156266185047945}"
"U(1e-05,0.2), eps=1e-08",1e-05,0.2,1e-08,reverse_eng,7928010683156490,find_phi_fixed_budget_reverse_engineering,"{""m_exploration"": 180853, ""safeguard"": 0.8, ""budget"": 7928010683156490}"
"U(1e-05,0.2), eps=1e-08",1e-05,0.2,1e-08,reverse_eng,12189703001467332,find_phi_fixed_budget_reverse_engineering,"{""m_exploration"": 180853, ""safeguard"": 0.8, ""budget"": 12189703001467332}"
"U(1e-05,0.2), eps=1e-08",1e-05,0.2,1e-08,reverse_eng,18742262744381408,find_phi_fixed_budget_reverse_engineering,"{""m_exploration"": 180853, ""safeguard"": 0.8, ""budget"": 18742262744381408}"
"U(1e-05,0.2), eps=1e-08",1e-05,0.2,1e-08,reverse_eng,28817142857142856,find_phi_fixed_budget_reverse_engineering,"{""m_exploration"": 180853, ""safeguard"": 0.8, ""budget"": 28817142857142856}"
"U(1e-05,0.2), eps=1e-08",1e-05,0.2,1e-08,binary,19211428571428,find_phi_fixed_budget_binary_search,"{""m_exploration"": 300000, ""safeguard"": 1, ""conf"": 0.9, ""budget"": 19211428571428}"
"U(1e-05,0.2), eps=1e-08",1e-05,0.2,1e-08,binary,29538508193127,find_phi_fixed_budget_binary_search,"{""m_exploration"": 300000, ""safeguard"": 1, ""conf"": 0.9, ""budget"": 29538508193127}"
"U(1e-05,0.2), eps=1e-08",1e-05,0.2,1e-08,binary,45416896668115,find_phi_fixed_budget_binary_search,"{""m_exploration"": 300000, ""safeguard"": 1, ""conf"": 0.9, ""budget"": 45416896668115}"
"U(1e-05,0.2), eps=1e-08",1e-05,0.2,1e-08,binary,69830693191275,find_phi_fixed_budget_binary_search,"{""m_exploration"": 300000, ""safeguard"": 1, ""conf"": 0.9, ""budget"": 69830693191275}"
"U(1e-05,0.2), eps=1e-08",1e-05,0.2,1e-08,binary,107368095781793,find_phi_fixed_budget_binary_search,"{""m_exploration"": 68335, ""safeguard"": 1, ""conf"": 0.9, ""budget"": 107368095781793}"
"U(1e-05,0.2), eps=1e-08",1e-05,0.2,1e-08,binary,165083682618359,find_phi_fixed_budget_binary_search,"{""m_exploration"": 68335, ""safeguard"": 1, ""conf"": 0.9, ""budget"": 165083682618359}"
"U(1e-05,0.2), eps=1e-08",1e-05,0.2,1e-08,binary,253824211637552,find_phi_fixed_budget_binary_search,"{""m_exploration"": 68335, ""safeguard"": 1, ""conf"": 0.9, ""budget"": 253824211637552}"
"U(1e-05,0.2), eps=1e-08",1e-05,0.2,1e-08,binary,390267102063424,find_phi_fixed_budget_binary_search,"{""m_exploration"": 300000, ""safeguard"": 1, ""conf"": 0.9, ""budget"": 390267102063424}"
"U(1e-05,0.2), eps=1e-08",1e-05,0.2,1e-08,binary,600054699157193,find_phi_fixed_budget_binary_search,"{""m_exploration"": 300000, ""safeguard"": 1, ""conf"": 0.8, ""budget"": 600054699157193}"
"U(1e-05,0.2), eps=1e-08",1e-05,0.2,1e-08,binary,922613359099158,find_phi_fixed_budget_binary_search,"{""m_exploration"": 143180, ""safeguard"": 1, ""conf"": 0.8, ""budget"": 922613359099158}"
"U(1e-05,0.2), eps=1e-08",1e-05,0.2,1e-08,binary,1418563026977050,find_phi_fixed_budget_binary_search,"{""m_exploration"": 300000, ""safeguard"": 2, ""conf"": 0.8, ""budget"": 1418563026977050}"
"U(1e-05,0.2), eps=1e-08",1e-05,0.2,1e-08,binary,2181109824240055,find_phi_fixed_budget_binary_search,"{""m_exploration"": 143180, ""safeguard"": 1, ""conf"": 0.5, ""budget"": 2181109824240055}"
"U(1e-05,0.2), eps=1e-08",1e-05,0.2,1e-08,binary,3353562707420999,find_phi_fixed_budget_binary_search,"{""m_exploration"": 143180, ""safeguard"": 1, ""conf"": 0.5, ""budget"": 3353562707420999}"
"U(1e-05,0.2), eps=1e-08",1e-05,0.2,1e-08,binary,5156266185047945,find_phi_fixed_budget_binary_search,"{""m_exploration"": 143180, ""safeguard"": 2, ""conf"": 0.5, ""budget"": 5156266185047945}"
"U(1e-05,0.2), eps=1e-08",1e-05,0.2,1e-08,binary,7928010683156490,find_phi_fixed_budget_binary_search,"{""m_exploration"": 143180, ""safeguard"": 2, ""conf"": 0.5, ""budget"": 7928010683156490}"
"U(1e-05,0.2), eps=1e-08",1e-05,0.2,1e-08,binary,12189703001467332,find_phi_fixed_budget_binary_search,"{""m_exploration"": 143180, ""safeguard"": 2, ""conf"": 0.5, ""budget"": 12189703001467332}"
"U(1e-05,0.2), eps=1e-08",1e-05,0.2,1e-08,binary,18742262744381408,find_phi_fixed_budget_binary_search,"{""m_exploration"": 143180, ""safeguard"": 2, ""conf"": 0.5, ""budget"": 18742262744381408}"
"U(1e-05,0.2), eps=1e-08",1e-05,0.2,1e-08,binary,28817142857142856,find_phi_fixed_budget_binary_search,"{""m_exploration"": 143180, ""safeguard"": 2, ""conf"": 0.5, ""budget"": 28817142857142856}"
"U(1e-05,0.2), eps=1e-08",1e-05,0.2,1e-08,reverse_eng_risk,19211428571428,find_phi_fixed_budget_reverse_engineering_risk,"{""m_exploration"": 300000, ""eps_target"": 1e-08, ""budget"": 19211428571428}"
"U(1e-05,0.2), eps=1e-08",1e-05,0.2,1e-08,reverse_eng_risk,29538508193127,find_phi_fixed_budget_reverse_engineering_risk,"{""m_exploration"": 300000, ""eps_target"": 1e-08, ""budget"": 29538508193127}"
"U(1e-05,0.2), eps=1e-08",1e-05,0.2,1e-08,reverse_eng_risk,45416896668115,find_phi_fixed_budget_reverse_engineering_risk,"{""m_exploration"": 39622, ""eps_target"": 1e-08, ""budget"": 45416896668115}"
"U(1e-05,0.2), eps=1e-08",1e-05,0.2,1e-08,reverse_eng_risk,69830693191275,find_phi_fixed_budget_reverse_engineering_risk,"{""m_exploration"": 300000, ""eps_target"": 1e-08, ""budget"": 69830693191275}"
"U(1e-05,0.2), eps=1e-08",1e-05,0.2,1e-08,reverse_eng_risk,107368095781793,find_phi_fixed_budget_reverse_engineering_risk,"{""m_exploration"": 1901, ""eps_target"": 1e-08, ""budget"": 107368095781793}"
"U(1e-05,0.2), eps=1e-08",1e-05,0.2,1e-08,reverse_eng_risk,165083682618359,find_phi_fixed_budget_reverse_engineering_risk,"{""m_exploration"": 39622, ""eps_target"": 1e-08, ""budget"": 165083682618359}"
"U(1e-05,0.2), eps=1e-08",1e-05,0.2,1e-08,reverse_eng_risk,253824211637552,find_phi_fixed_budget_reverse_engineering_risk,"{""m_exploration"": 23886, ""eps_target"": 1e-08, ""budget"": 253824211637552}"
"U(1e-05,0.2), eps=1e-08",1e-05,0.2,1e-08,reverse_eng_risk,390267102063424,find_phi_fixed_budget_reverse_engineering_risk,"{""m_exploration"": 3154, ""eps_target"": 1e-08, ""budget"": 390267102063424}"
"U(1e-05,0.2), eps=1e-08",1e-05,0.2,1e-08,reverse_eng_risk,600054699157193,find_phi_fixed_budget_reverse_engineering_risk,"{""m_exploration"": 3154, ""eps_target"": 1e-08, ""budget"": 600054699157193}"
"U(1e-05,0.2), eps=1e-08",1e-05,0.2,1e-08,reverse_eng_risk,922613359099158,find_phi_fixed_budget_reverse_engineering_risk,"{""m_exploration"": 1901, ""eps_target"": 1e-08, ""budget"": 922613359099158}"
"U(1e-05,0.2), eps=1e-08",1e-05,0.2,1e-08,reverse_eng_risk,1418563026977050,find_phi_fixed_budget_reverse_engineering_risk,"{""m_exploration"": 1901, ""eps_target"": 1e-08, ""budget"": 1418563026977050}"
"U(1e-05,0.2), eps=1e-08",1e-05,0.2,1e-08,reverse_eng_risk,2181109824240055,find_phi_fixed_budget_reverse_engineering_risk,"{""m_exploration"": 1901, ""eps_target"": 1e-08, ""budget"": 2181109824240055}"
"U(1e-05,0.2), eps=1e-08",1e-05,0.2,1e-08,reverse_eng_risk,3353562707420999,find_phi_fixed_budget_reverse_engineering_risk,"{""m_exploration"": 691, ""eps_target"": 1e-08, ""budget"": 3353562707420999}"
"U(1e-05,0.2), eps=1e-08",1e-05,0.2,1e-08,reverse_eng_risk,5156266185047945,find_phi_fixed_budget_reverse_engineering_risk,"{""m_exploration"": 20, ""eps_target"": 1e-08, ""budget"": 5156266185047945}"
"U(1e-05,0.2), eps=1e-08",1e-05,0.2,1e-08,reverse_eng_risk,7928010683156490,find_phi_fixed_budget_reverse_engineering_risk,"{""m_exploration"": 20, ""eps_target"": 1e-08, ""budget"": 7928010683156490}"
"U(1e-05,0.2), eps=1e-08",1e-05,0.2,1e-08,reverse_eng_risk,12189703001467332,find_phi_fixed_budget_reverse_engineering_risk,"{""m_exploration"": 20, ""eps_target"": 1e-08, ""budget"": 12189703001467332}"
"U(1e-05,0.2), eps=1e-08",1e-05,0.2,1e-08,reverse_eng_risk,18742262744381408,find_phi_fixed_budget_reverse_engineering_risk,"{""m_exploration"": 20, ""eps_target"": 1e-08, ""budget"": 18742262744381408}"
"U(1e-05,0.2), eps=1e-08",1e-05,0.2,1e-08,reverse_eng_risk,28817142857142856,find_phi_fixed_budget_reverse_engineering_risk,"{""m_exploration"": 20, ""eps_target"": 1e-08, ""budget"": 28817142857142856}"
"U(1e-05,0.2), eps=1e-08",1e-05,0.2,1e-08,binary_risk,19211428571428,find_phi_fixed_budget_binary_search_risk,"{""m_exploration"": 7429, ""conf"": 0.5, ""eps_target"": 1e-08, ""budget"": 19211428571428}"
"U(1e-05,0.2), eps=1e-08",1e-05,0.2,1e-08,binary_risk,29538508193127,find_phi_fixed_budget_binary_search_risk,"{""m_exploration"": 300000, ""conf"": 0.9, ""eps_target"": 1e-08, ""budget"": 29538508193127}"
"U(1e-05,0.2), eps=1e-08",1e-05,0.2,1e-08,binary_risk,45416896668115,find_phi_fixed_budget_binary_search_risk,"{""m_exploration"": 300000, ""conf"": 0.9, ""eps_target"": 1e-08, ""budget"": 45416896668115}"
"U(1e-05,0.2), eps=1e-08",1e-05,0.2,1e-08,binary_risk,69830693191275,find_phi_fixed_budget_binary_search_risk,"{""m_exploration"": 68335, ""conf"": 0.8, ""eps_target"": 1e-08, ""budget"": 69830693191275}"
"U(1e-05,0.2), eps=1e-08",1e-05,0.2,1e-08,binary_risk,107368095781793,find_phi_fixed_budget_binary_search_risk,"{""m_exploration"": 68335, ""conf"": 0.9, ""eps_target"": 1e-08, ""budget"": 107368095781793}"
"U(1e-05,0.2), eps=1e-08",1e-05,0.2,1e-08,binary_risk,165083682618359,find_phi_fixed_budget_binary_search_risk,"{""m_exploration"": 68335, ""conf"": 0.8, ""eps_target"": 1e-08, ""budget"": 165083682618359}"
"U(1e-05,0.2), eps=1e-08",1e-05,0.2,1e-08,binary_risk,253824211637552,find_phi_fixed_budget_binary_search_risk,"{""m_exploration"": 68335, ""conf"": 0.8, ""eps_target"": 1e-08, ""budget"": 253824211637552}"
"U(1e-05,0.2), eps=1e-08",1e-05,0.2,1e-08,binary_risk,390267102063424,find_phi_fixed_budget_binary_search_risk,"{""m_exploration"": 68335, ""conf"": 0.5, ""eps_target"": 1e-08, ""budget"": 390267102063424}"
"U(1e-05,0.2), eps=1e-08",1e-05,0.2,1e-08,binary_risk,600054699157193,find_phi_fixed_budget_binary_search_risk,"{""m_exploration"": 68335, ""conf"": 0.5, ""eps_target"": 1e-08, ""budget"": 600054699157193}"
"U(1e-05,0.2), eps=1e-08",1e-05,0.2,1e-08,binary_risk,922613359099158,find_phi_fixed_budget_binary_search_risk,"{""m_exploration"": 68335, ""conf"": 0.5, ""eps_target"": 1e-08, ""budget"": 922613359099158}"
"U(1e-05,0.2), eps=1e-08",1e-05,0.2,1e-08,binary_risk,1418563026977050,find_phi_fixed_budget_binary_search_risk,"{""m_exploration"": 3545, ""conf"": 0.5, ""eps_target"": 1e-08, ""budget"": 1418563026977050}"
"U(1e-05,0.2), eps=1e-08",1e-05,0.2,1e-08,binary_risk,2181109824240055,find_phi_fixed_budget_binary_search_risk,"{""m_exploration"": 143180, ""conf"": 0.5, ""eps_target"": 1e-08, ""budget"": 2181109824240055}"
"U(1e-05,0.2), eps=1e-08",1e-05,0.2,1e-08,binary_risk,3353562707420999,find_phi_fixed_budget_binary_search_risk,"{""m_exploration"": 1692, ""conf"": 0.5, ""eps_target"": 1e-08, ""budget"": 3353562707420999}"
"U(1e-05,0.2), eps=1e-08",1e-05,0.2,1e-08,binary_risk,5156266185047945,find_phi_fixed_budget_binary_search_risk,"{""m_exploration"": 183, ""conf"": 0.5, ""eps_target"": 1e-08, ""budget"": 5156266185047945}"
"U(1e-05,0.2), eps=1e-08",1e-05,0.2,1e-08,binary_risk,7928010683156490,find_phi_fixed_budget_binary_search_risk,"{""m_exploration"": 87, ""conf"": 0.5, ""eps_target"": 1e-08, ""budget"": 7928010683156490}"
"U(1e-05,0.2), eps=1e-08",1e-05,0.2,1e-08,binary_risk,12189703001467332,find_phi_fixed_budget_binary_search_risk,"{""m_exploration"": 20, ""conf"": 0.5, ""eps_target"": 1e-08, ""budget"": 12189703001467332}"
"U(1e-05,0.2), eps=1e-08",1e-05,0.2,1e-08,binary_risk,18742262744381408,find_phi_fixed_budget_binary_search_risk,"{""m_exploration"": 20, ""conf"": 0.5, ""eps_target"": 1e-08, ""budget"": 18742262744381408}"
"U(1e-05,0.2), eps=1e-08",1e-05,0.2,1e-08,binary_risk,28817142857142856,find_phi_fixed_budget_binary_search_risk,"{""m_exploration"": 20, ""conf"": 0.5, ""eps_target"": 1e-08, ""budget"": 28817142857142856}"
