setting,scenario_id,phi_min,phi_max,phi_distribution,eps,algorithm,implementation_variant,budget,params,R,seed_test,seed_tune_blocks,rate,rate_lo,rate_hi,rate_k,ci_method,ci_level,N_min,N_max
"U(0.01,0.1), eps=1e-03",narrow_e3,0.01,0.1,uniform,0.001,brute,qmetrology.algorithms.find_phi_fixed_budget_brute_force,896,{},50000,2024,"42,43",0.17522,0.1719128395078345,0.17857706181811908,8761,wilson,95,15,157
"U(0.01,0.1), eps=1e-03",narrow_e3,0.01,0.1,uniform,0.001,linear,qmetrology.algorithms.find_phi_fixed_budget_linear_search,896,"{""inc"": 5, ""lookback_window"": 1, ""m_exploration"": 1, ""mean_window"": 2, ""safeguard"": 3}",50000,2024,"42,43",0.1794,0.17606156634209508,0.1827876927412867,8970,wilson,95,15,157
"U(0.01,0.1), eps=1e-03",narrow_e3,0.01,0.1,uniform,0.001,binary_deep,qmetrology.algorithms.find_phi_fixed_budget_binary_search_deep,896,"{""conf"": 0.5, ""m_exploration"": 10}",50000,2024,"42,43",0.19734,0.19387482604681938,0.20085167661748604,9867,wilson,95,15,157
"U(0.01,0.1), eps=1e-03",narrow_e3,0.01,0.1,uniform,0.001,reverse_eng_risk,qmetrology.algorithms.find_phi_fixed_budget_reverse_engineering_risk,896,"{""m_exploration"": 8}",50000,2024,"42,43",0.19884,0.19536475264627545,0.20236151954820752,9942,wilson,95,15,157
"U(0.01,0.1), eps=1e-03",narrow_e3,0.01,0.1,uniform,0.001,brute,qmetrology.algorithms.find_phi_fixed_budget_brute_force,1270,{},50000,2024,"42,43",0.21122,0.20766451550976406,0.2148198545404511,10561,wilson,95,15,157
"U(0.01,0.1), eps=1e-03",narrow_e3,0.01,0.1,uniform,0.001,linear,qmetrology.algorithms.find_phi_fixed_budget_linear_search,1270,"{""inc"": 8, ""lookback_window"": 1, ""m_exploration"": 1, ""mean_window"": 1, ""safeguard"": 0}",50000,2024,"42,43",0.23728,0.23357141037743687,0.24102895564372986,11864,wilson,95,15,157
"U(0.01,0.1), eps=1e-03",narrow_e3,0.01,0.1,uniform,0.001,binary_deep,qmetrology.algorithms.find_phi_fixed_budget_binary_search_deep,1270,"{""conf"": 0.5, ""m_exploration"": 15}",50000,2024,"42,43",0.2416,0.23786796100130894,0.24537174126676917,12080,wilson,95,15,157
"U(0.01,0.1), eps=1e-03",narrow_e3,0.01,0.1,uniform,0.001,reverse_eng_risk,qmetrology.algorithms.find_phi_fixed_budget_reverse_engineering_risk,1270,"{""m_exploration"": 8}",50000,2024,"42,43",0.24496,0.24121008353003878,0.2487491024856371,12248,wilson,95,15,157
"U(0.01,0.1), eps=1e-03",narrow_e3,0.01,0.1,uniform,0.001,brute,qmetrology.algorithms.find_phi_fixed_budget_brute_force,1799,{},50000,2024,"42,43",0.25354,0.24974583317440602,0.25737203455388546,12677,wilson,95,15,157
"U(0.01,0.1), eps=1e-03",narrow_e3,0.01,0.1,uniform,0.001,linear,qmetrology.algorithms.find_phi_fixed_budget_linear_search,1799,"{""inc"": 5, ""lookback_window"": 2, ""m_exploration"": 1, ""mean_window"": 1, ""safeguard"": 0}",50000,2024,"42,43",0.28722,0.28327050647246016,0.29120218644008483,14361,wilson,95,15,157
"U(0.01,0.1), eps=1e-03",narrow_e3,0.01,0.1,uniform,0.001,binary_deep,qmetrology.algorithms.find_phi_fixed_budget_binary_search_deep,1799,"{""conf"": 0.5, ""m_exploration"": 22}",50000,2024,"42,43",0.2898,0.2858397533165396,0.29379254318791087,14490,wilson,95,15,157
"U(0.01,0.1), eps=1e-03",narrow_e3,0.01,0.1,uniform,0.001,reverse_eng_risk,qmetrology.algorithms.find_phi_fixed_budget_reverse_engineering_risk,1799,"{""m_exploration"": 8}",50000,2024,"42,43",0.29548,0.291496628448005,0.29949479534405127,14774,wilson,95,15,157
"U(0.01,0.1), eps=1e-03",narrow_e3,0.01,0.1,uniform,0.001,brute,qmetrology.algorithms.find_phi_fixed_budget_brute_force,2548,{},50000,2024,"42,43",0.30406,0.30004310423717695,0.3081070012674949,15203,wilson,95,15,157
"U(0.01,0.1), eps=1e-03",narrow_e3,0.01,0.1,uniform,0.001,linear,qmetrology.algorithms.find_phi_fixed_budget_linear_search,2548,"{""inc"": 3, ""lookback_window"": 2, ""m_exploration"": 1, ""mean_window"": 1, ""safeguard"": 0}",50000,2024,"42,43",0.34466,0.3405063394438849,0.34883752801092643,17233,wilson,95,15,157
"U(0.01,0.1), eps=1e-03",narrow_e3,0.01,0.1,uniform,0.001,binary_deep,qmetrology.algorithms.find_phi_fixed_budget_binary_search_deep,2548,"{""conf"": 0.5, ""m_exploration"": 28}",50000,2024,"42,43",0.35464,0.35045799357969476,0.35884434048256464,17732,wilson,95,15,157
"U(0.01,0.1), eps=1e-03",narrow_e3,0.01,0.1,uniform,0.001,reverse_eng_risk,qmetrology.algorithms.find_phi_fixed_budget_reverse_engineering_risk,2548,"{""m_exploration"": 22}",50000,2024,"42,43",0.35766,0.35346981057119403,0.3618720594784894,17883,wilson,95,15,157
"U(0.01,0.1), eps=1e-03",narrow_e3,0.01,0.1,uniform,0.001,brute,qmetrology.algorithms.find_phi_fixed_budget_brute_force,3610,{},50000,2024,"42,43",0.35682,0.35263206837783334,0.3610299307349508,17841,wilson,95,15,157
"U(0.01,0.1), eps=1e-03",narrow_e3,0.01,0.1,uniform,0.001,linear,qmetrology.algorithms.find_phi_fixed_budget_linear_search,3610,"{""inc"": 3, ""lookback_window"": 2, ""m_exploration"": 1, ""mean_window"": 1, ""safeguard"": 0}",50000,2024,"42,43",0.40626,0.40196245869496594,0.41057194413247067,20313,wilson,95,15,157
"U(0.01,0.1), eps=1e-03",narrow_e3,0.01,0.1,uniform,0.001,binary_deep,qmetrology.algorithms.find_phi_fixed_budget_binary_search_deep,3610,"{""conf"": 0.5, ""m_exploration"": 37}",50000,2024,"42,43",0.41936,0.4150411181751724,0.42369127188248157,20968,wilson,95,15,157
"U(0.01,0.1), eps=1e-03",narrow_e3,0.01,0.1,uniform,0.001,reverse_eng_risk,qmetrology.algorithms.find_phi_fixed_budget_reverse_engineering_risk,3610,"{""m_exploration"": 19}",50000,2024,"42,43",0.42484,0.4205131218202892,0.42917842625428015,21242,wilson,95,15,157
"U(0.01,0.1), eps=1e-03",narrow_e3,0.01,0.1,uniform,0.001,brute,qmetrology.algorithms.find_phi_fixed_budget_brute_force,5114,{},50000,2024,"42,43",0.41838,0.41406260581767546,0.4227099348135958,20919,wilson,95,15,157
"U(0.01,0.1), eps=1e-03",narrow_e3,0.01,0.1,uniform,0.001,linear,qmetrology.algorithms.find_phi_fixed_budget_linear_search,5114,"{""inc"": 2, ""lookback_window"": 4, ""m_exploration"": 1, ""mean_window"": 2, ""safeguard"": 0}",50000,2024,"42,43",0.48902,0.48463945590794627,0.49340223113115383,24451,wilson,95,15,157
"U(0.01,0.1), eps=1e-03",narrow_e3,0.01,0.1,uniform,0.001,binary_deep,qmetrology.algorithms.find_phi_fixed_budget_binary_search_deep,5114,"{""conf"": 0.5, ""m_exploration"": 54}",50000,2024,"42,43",0.49474,0.49035820222561477,0.49912260595522917,24737,wilson,95,15,157
"U(0.01,0.1), eps=1e-03",narrow_e3,0.01,0.1,uniform,0.001,reverse_eng_risk,qmetrology.algorithms.find_phi_fixed_budget_reverse_engineering_risk,5114,"{""m_exploration"": 28}",50000,2024,"42,43",0.50398,0.4995973887179239,0.5083619997688138,25199,wilson,95,15,157
"U(0.01,0.1), eps=1e-03",narrow_e3,0.01,0.1,uniform,0.001,brute,qmetrology.algorithms.find_phi_fixed_budget_brute_force,7244,{},50000,2024,"42,43",0.48894,0.4845594775106271,0.4933222218201968,24447,wilson,95,15,157
"U(0.01,0.1), eps=1e-03",narrow_e3,0.01,0.1,uniform,0.001,linear,qmetrology.algorithms.find_phi_fixed_budget_linear_search,7244,"{""inc"": 2, ""lookback_window"": 4, ""m_exploration"": 1, ""mean_window"": 2, ""safeguard"": 1}",50000,2024,"42,43",0.56408,0.5597287698264419,0.5684213845027437,28204,wilson,95,15,157
"U(0.01,0.1), eps=1e-03",narrow_e3,0.01,0.1,uniform,0.001,binary_deep,qmetrology.algorithms.find_phi_fixed_budget_binary_search_deep,7244,"{""conf"": 0.5, ""m_exploration"": 76}",50000,2024,"42,43",0.57548,0.5711419765158323,0.5798064262427027,28774,wilson,95,15,157
"U(0.01,0.1), eps=1e-03",narrow_e3,0.01,0.1,uniform,0.001,reverse_eng_risk,qmetrology.algorithms.find_phi_fixed_budget_reverse_engineering_risk,7244,"{""m_exploration"": 30}",50000,2024,"42,43",0.58282,0.5784917262904439,0.5871355487024268,29141,wilson,95,15,157
"U(0.01,0.1), eps=1e-03",narrow_e3,0.01,0.1,uniform,0.001,brute,qmetrology.algorithms.find_phi_fixed_budget_brute_force,10000,{},50000,2024,"42,43",0.56092,0.556565523340121,0.5652651165121572,28046,wilson,95,15,157
"U(0.01,0.1), eps=1e-03",narrow_e3,0.01,0.1,uniform,0.001,linear,qmetrology.algorithms.find_phi_fixed_budget_linear_search,10000,"{""inc"": 1, ""lookback_window"": 6, ""m_exploration"": 1, ""mean_window"": 4, ""safeguard"": 0}",50000,2024,"42,43",0.641,0.6367845737218784,0.6451937621148128,32050,wilson,95,15,157
"U(0.01,0.1), eps=1e-03",narrow_e3,0.01,0.1,uniform,0.001,binary_deep,qmetrology.algorithms.find_phi_fixed_budget_binary_search_deep,10000,"{""conf"": 0.5, ""m_exploration"": 114}",50000,2024,"42,43",0.6507,0.64650975567596,0.6548670897892126,32535,wilson,95,15,157
"U(0.01,0.1), eps=1e-03",narrow_e3,0.01,0.1,uniform,0.001,reverse_eng_risk,qmetrology.algorithms.find_phi_fixed_budget_reverse_engineering_risk,10000,"{""m_exploration"": 44}",50000,2024,"42,43",0.66296,0.6588043106743836,0.6670906510841069,33148,wilson,95,15,157
"U(0.01,0.1), eps=1e-03",narrow_e3,0.01,0.1,uniform,0.001,brute,qmetrology.algorithms.find_phi_fixed_budget_brute_force,10262,{},50000,2024,"42,43",0.56786,0.563512889018898,0.5721966845263352,28393,wilson,95,15,157
"U(0.01,0.1), eps=1e-03",narrow_e3,0.01,0.1,uniform,0.001,linear,qmetrology.algorithms.find_phi_fixed_budget_linear_search,10262,"{""inc"": 1, ""lookback_window"": 6, ""m_exploration"": 1, ""mean_window"": 4, ""safeguard"": 0}",50000,2024,"42,43",0.6484,0.6442036139607801,0.6525735848914536,32420,wilson,95,15,157
"U(0.01,0.1), eps=1e-03",narrow_e3,0.01,0.1,uniform,0.001,binary_deep,qmetrology.algorithms.find_phi_fixed_budget_binary_search_deep,10262,"{""conf"": 0.5, ""m_exploration"": 105}",50000,2024,"42,43",0.65998,0.6558156277559626,0.6641197918692421,32999,wilson,95,15,157
"U(0.01,0.1), eps=1e-03",narrow_e3,0.01,0.1,uniform,0.001,reverse_eng_risk,qmetrology.algorithms.find_phi_fixed_budget_reverse_engineering_risk,10262,"{""m_exploration"": 41}",50000,2024,"42,43",0.66686,0.662715952720688,0.6709784098162644,33343,wilson,95,15,157
"U(0.01,0.1), eps=1e-03",narrow_e3,0.01,0.1,uniform,0.001,brute,qmetrology.algorithms.find_phi_fixed_budget_brute_force,14538,{},50000,2024,"42,43",0.65112,0.646930888741854,0.6552858921917685,32556,wilson,95,15,157
"U(0.01,0.1), eps=1e-03",narrow_e3,0.01,0.1,uniform,0.001,linear,qmetrology.algorithms.find_phi_fixed_budget_linear_search,14538,"{""inc"": 1, ""lookback_window"": 5, ""m_exploration"": 1, ""mean_window"": 3, ""safeguard"": 0}",50000,2024,"42,43",0.73548,0.7315958740307068,0.7393279452801019,36774,wilson,95,15,157
"U(0.01,0.1), eps=1e-03",narrow_e3,0.01,0.1,uniform,0.001,binary_deep,qmetrology.algorithms.find_phi_fixed_budget_binary_search_deep,14538,"{""conf"": 0.5, ""m_exploration"": 169}",50000,2024,"42,43",0.7399,0.7360364661505038,0.7437266740425613,36995,wilson,95,15,157
"U(0.01,0.1), eps=1e-03",narrow_e3,0.01,0.1,uniform,0.001,reverse_eng_risk,qmetrology.algorithms.find_phi_fixed_budget_reverse_engineering_risk,14538,"{""m_exploration"": 50}",50000,2024,"42,43",0.75402,0.7502256888742347,0.7577752818295687,37701,wilson,95,15,157
"U(0.01,0.1), eps=1e-03",narrow_e3,0.01,0.1,uniform,0.001,brute,qmetrology.algorithms.find_phi_fixed_budget_brute_force,20594,{},50000,2024,"42,43",0.73406,0.7301693647205811,0.7379146727683261,36703,wilson,95,15,157
"U(0.01,0.1), eps=1e-03",narrow_e3,0.01,0.1,uniform,0.001,linear,qmetrology.algorithms.find_phi_fixed_budget_linear_search,20594,"{""inc"": 1, ""lookback_window"": 6, ""m_exploration"": 1, ""mean_window"": 4, ""safeguard"": 1}",50000,2024,"42,43",0.8063,0.8028125353600443,0.8097404027022145,40315,wilson,95,15,157
"U(0.01,0.1), eps=1e-03",narrow_e3,0.01,0.1,uniform,0.001,binary_deep,qmetrology.algorithms.find_phi_fixed_budget_binary_search_deep,20594,"{""conf"": 0.5, ""m_exploration"": 219}",50000,2024,"42,43",0.8192,0.8158022005332433,0.8225487554885427,40960,wilson,95,15,157
"U(0.01,0.1), eps=1e-03",narrow_e3,0.01,0.1,uniform,0.001,reverse_eng_risk,qmetrology.algorithms.find_phi_fixed_budget_reverse_engineering_risk,20594,"{""m_exploration"": 67}",50000,2024,"42,43",0.83244,0.8291408936034865,0.8356880281379999,41622,wilson,95,15,157
"U(0.01,0.1), eps=1e-03",narrow_e3,0.01,0.1,uniform,0.001,brute,qmetrology.algorithms.find_phi_fixed_budget_brute_force,29173,{},50000,2024,"42,43",0.81476,0.8113306428804137,0.8181409953320466,40738,wilson,95,15,157
"U(0.01,0.1), eps=1e-03",narrow_e3,0.01,0.1,uniform,0.001,linear,qmetrology.algorithms.find_phi_fixed_budget_linear_search,29173,"{""inc"": 1, ""lookback_window"": 4, ""m_exploration"": 1, ""mean_window"": 2, ""safeguard"": 0}",50000,2024,"42,43",0.87568,0.8727590527314152,0.8785432253333233,43784,wilson,95,15,157
"U(0.01,0.1), eps=1e-03",narrow_e3,0.01,0.1,uniform,0.001,binary_deep,qmetrology.algorithms.find_phi_fixed_budget_binary_search_deep,29173,"{""conf"": 0.5, ""m_exploration"": 289}",50000,2024,"42,43",0.88494,0.8821134449515924,0.8877074103461087,44247,wilson,95,15,157
"U(0.01,0.1), eps=1e-03",narrow_e3,0.01,0.1,uniform,0.001,reverse_eng_risk,qmetrology.algorithms.find_phi_fixed_budget_reverse_engineering_risk,29173,"{""m_exploration"": 91}",50000,2024,"42,43",0.89718,0.8944872085950608,0.8998117660688894,44859,wilson,95,15,157
"U(0.01,0.1), eps=1e-03",narrow_e3,0.01,0.1,uniform,0.001,brute,qmetrology.algorithms.find_phi_fixed_budget_brute_force,41326,{},50000,2024,"42,43",0.88306,0.8802138320808616,0.8858473120723503,44153,wilson,95,15,157
"U(0.01,0.1), eps=1e-03",narrow_e3,0.01,0.1,uniform,0.001,linear,qmetrology.algorithms.find_phi_fixed_budget_linear_search,41326,"{""inc"": 1, ""lookback_window"": 4, ""m_exploration"": 1, ""mean_window"": 3, ""safeguard"": 1}",50000,2024,"42,43",0.91878,0.9163532836991918,0.9211423721993154,45939,wilson,95,15,157
"U(0.01,0.1), eps=1e-03",narrow_e3,0.01,0.1,uniform,0.001,binary_deep,qmetrology.algorithms.find_phi_fixed_budget_binary_search_deep,41326,"{""conf"": 0.5, ""m_exploration"": 421}",50000,2024,"42,43",0.93428,0.9320745115390328,0.9364187628379759,46714,wilson,95,15,157
"U(0.01,0.1), eps=1e-03",narrow_e3,0.01,0.1,uniform,0.001,reverse_eng_risk,qmetrology.algorithms.find_phi_fixed_budget_reverse_engineering_risk,41326,"{""m_exploration"": 160}",50000,2024,"42,43",0.94442,0.9423774544395731,0.9463942619614358,47221,wilson,95,15,157
"U(0.01,0.1), eps=1e-03",narrow_e3,0.01,0.1,uniform,0.001,brute,qmetrology.algorithms.find_phi_fixed_budget_brute_force,58543,{},50000,2024,"42,43",0.93874,0.9366041460366327,0.9408084430767706,46937,wilson,95,15,157
"U(0.01,0.1), eps=1e-03",narrow_e3,0.01,0.1,uniform,0.001,linear,qmetrology.algorithms.find_phi_fixed_budget_linear_search,58543,"{""inc"": 1, ""lookback_window"": 3, ""m_exploration"": 1, ""mean_window"": 2, ""safeguard"": 0}",50000,2024,"42,43",0.96094,0.95920613006906,0.9626030480909713,48047,wilson,95,15,157
"U(0.01,0.1), eps=1e-03",narrow_e3,0.01,0.1,uniform,0.001,binary_deep,qmetrology.algorithms.find_phi_fixed_budget_binary_search_deep,58543,"{""conf"": 0.5, ""m_exploration"": 21}",50000,2024,"42,43",0.94964,0.947688381411788,0.9515225329542389,47482,wilson,95,15,157
"U(0.01,0.1), eps=1e-03",narrow_e3,0.01,0.1,uniform,0.001,reverse_eng_risk,qmetrology.algorithms.find_phi_fixed_budget_reverse_engineering_risk,58543,"{""m_exploration"": 136}",50000,2024,"42,43",0.97396,0.9725272681820447,0.9753199094999279,48698,wilson,95,15,157
"U(0.01,0.1), eps=1e-03",narrow_e3,0.01,0.1,uniform,0.001,brute,qmetrology.algorithms.find_phi_fixed_budget_brute_force,82931,{},50000,2024,"42,43",0.97478,0.9733687713160848,0.976118280375718,48739,wilson,95,15,157
"U(0.01,0.1), eps=1e-03",narrow_e3,0.01,0.1,uniform,0.001,linear,qmetrology.algorithms.find_phi_fixed_budget_linear_search,82931,"{""inc"": 1, ""lookback_window"": 4, ""m_exploration"": 1, ""mean_window"": 1, ""safeguard"": 0}",50000,2024,"42,43",0.98262,0.9814369054052111,0.9837289416976532,49131,wilson,95,15,157
"U(0.01,0.1), eps=1e-03",narrow_e3,0.01,0.1,uniform,0.001,binary_deep,qmetrology.algorithms.find_phi_fixed_budget_binary_search_deep,82931,"{""conf"": 0.5, ""m_exploration"": 896}",50000,2024,"42,43",0.98616,0.9850979985546755,0.9871473046394079,49308,wilson,95,15,157
"U(0.01,0.1), eps=1e-03",narrow_e3,0.01,0.1,uniform,0.001,reverse_eng_risk,qmetrology.algorithms.find_phi_fixed_budget_reverse_engineering_risk,82931,"{""m_exploration"": 257}",50000,2024,"42,43",0.99042,0.9895277274314148,0.9912369212283726,49521,wilson,95,15,157
"U(0.01,0.1), eps=1e-03",narrow_e3,0.01,0.1,uniform,0.001,brute,qmetrology.algorithms.find_phi_fixed_budget_brute_force,117479,{},50000,2024,"42,43",0.99182,0.9909918361571187,0.9925725973975014,49591,wilson,95,15,157
"U(0.01,0.1), eps=1e-03",narrow_e3,0.01,0.1,uniform,0.001,linear,qmetrology.algorithms.find_phi_fixed_budget_linear_search,117479,"{""inc"": 1, ""lookback_window"": 2, ""m_exploration"": 1, ""mean_window"": 1, ""safeguard"": 0}",50000,2024,"42,43",0.99422,0.9935165149182664,0.9948475498846375,49711,wilson,95,15,157
"U(0.01,0.1), eps=1e-03",narrow_e3,0.01,0.1,uniform,0.001,binary_deep,qmetrology.algorithms.find_phi_fixed_budget_binary_search_deep,117479,"{""conf"": 0.5, ""m_exploration"": 1557}",50000,2024,"42,43",0.99508,0.9944275092936992,0.9956564233731733,49754,wilson,95,15,157
"U(0.01,0.1), eps=1e-03",narrow_e3,0.01,0.1,uniform,0.001,reverse_eng_risk,qmetrology.algorithms.find_phi_fixed_budget_reverse_engineering_risk,117479,"{""m_exploration"": 244}",50000,2024,"42,43",0.9975,0.9970224186383991,0.9979011422038266,49875,wilson,95,15,157
"U(0.01,0.1), eps=1e-03",narrow_e3,0.01,0.1,uniform,0.001,brute,qmetrology.algorithms.find_phi_fixed_budget_brute_force,166419,{},50000,2024,"42,43",0.99828,0.9978765163399532,0.9986069246579647,49914,wilson,95,15,157
"U(0.01,0.1), eps=1e-03",narrow_e3,0.01,0.1,uniform,0.001,linear,qmetrology.algorithms.find_phi_fixed_budget_linear_search,166419,"{""inc"": 1, ""lookback_window"": 1, ""m_exploration"": 7, ""mean_window"": 1, ""safeguard"": 1}",50000,2024,"42,43",0.99802,0.997590239903089,0.9983732410429315,49901,wilson,95,15,157
"U(0.01,0.1), eps=1e-03",narrow_e3,0.01,0.1,uniform,0.001,binary_deep,qmetrology.algorithms.find_phi_fixed_budget_binary_search_deep,166419,"{""conf"": 0.5, ""m_exploration"": 1703}",50000,2024,"42,43",0.99934,0.999073294024843,0.9995299841077339,49967,wilson,95,15,157
"U(0.01,0.1), eps=1e-03",narrow_e3,0.01,0.1,uniform,0.001,reverse_eng_risk,qmetrology.algorithms.find_phi_fixed_budget_reverse_engineering_risk,166419,"{""m_exploration"": 25}",50000,2024,"42,43",0.99926,0.9989802363386735,0.9994630540856273,49963,wilson,95,15,157
"U(0.01,0.1), eps=1e-03",narrow_e3,0.01,0.1,uniform,0.001,brute,qmetrology.algorithms.find_phi_fixed_budget_brute_force,235746,{},50000,2024,"42,43",0.99998,0.9998867102986088,0.9999964695001772,49999,wilson,95,15,157
"U(0.01,0.1), eps=1e-03",narrow_e3,0.01,0.1,uniform,0.001,linear,qmetrology.algorithms.find_phi_fixed_budget_linear_search,235746,"{""inc"": 1, ""lookback_window"": 1, ""m_exploration"": 1, ""mean_window"": 1, ""safeguard"": 1}",50000,2024,"42,43",0.99986,0.9997110171107514,0.9999321811256202,49993,wilson,95,15,157
"U(0.01,0.1), eps=1e-03",narrow_e3,0.01,0.1,uniform,0.001,binary_deep,qmetrology.algorithms.find_phi_fixed_budget_binary_search_deep,235746,"{""conf"": 0.5, ""m_exploration"": 2508}",50000,2024,"42,43",0.99998,0.9998867102986088,0.9999964695001772,49999,wilson,95,15,157
"U(0.01,0.1), eps=1e-03",narrow_e3,0.01,0.1,uniform,0.001,reverse_eng_risk,qmetrology.algorithms.find_phi_fixed_budget_reverse_engineering_risk,235746,"{""m_exploration"": 1}",50000,2024,"42,43",0.99978,0.9996060635442185,0.999877146983877,49989,wilson,95,15,157
"U(0.01,0.1), eps=1e-03",narrow_e3,0.01,0.1,uniform,0.001,brute,qmetrology.algorithms.find_phi_fixed_budget_brute_force,333954,{},50000,2024,"42,43",0.99998,0.9998867102986088,0.9999964695001772,49999,wilson,95,15,157
"U(0.01,0.1), eps=1e-03",narrow_e3,0.01,0.1,uniform,0.001,linear,qmetrology.algorithms.find_phi_fixed_budget_linear_search,333954,"{""inc"": 1, ""lookback_window"": 1, ""m_exploration"": 1, ""mean_window"": 1, ""safeguard"": 1}",50000,2024,"42,43",1.0,0.9999231767258548,0.9999999999999999,50000,wilson,95,15,157
"U(0.01,0.1), eps=1e-03",narrow_e3,0.01,0.1,uniform,0.001,binary_deep,qmetrology.algorithms.find_phi_fixed_budget_binary_search_deep,333954,"{""conf"": 0.5, ""m_exploration"": 32}",50000,2024,"42,43",0.99968,0.9994802154652638,0.9998030104274866,49984,wilson,95,15,157
"U(0.01,0.1), eps=1e-03",narrow_e3,0.01,0.1,uniform,0.001,reverse_eng_risk,qmetrology.algorithms.find_phi_fixed_budget_reverse_engineering_risk,333954,"{""m_exploration"": 1}",50000,2024,"42,43",1.0,0.9999231767258548,0.9999999999999999,50000,wilson,95,15,157
"U(0.01,0.1), eps=1e-03",narrow_e3,0.01,0.1,uniform,0.001,brute,qmetrology.algorithms.find_phi_fixed_budget_brute_force,473075,{},50000,2024,"42,43",1.0,0.9999231767258548,0.9999999999999999,50000,wilson,95,15,157
"U(0.01,0.1), eps=1e-03",narrow_e3,0.01,0.1,uniform,0.001,linear,qmetrology.algorithms.find_phi_fixed_budget_linear_search,473075,"{""inc"": 1, ""lookback_window"": 1, ""m_exploration"": 1, ""mean_window"": 1, ""safeguard"": 1}",50000,2024,"42,43",1.0,0.9999231767258548,0.9999999999999999,50000,wilson,95,15,157
"U(0.01,0.1), eps=1e-03",narrow_e3,0.01,0.1,uniform,0.001,binary_deep,qmetrology.algorithms.find_phi_fixed_budget_binary_search_deep,473075,"{""conf"": 0.5, ""m_exploration"": 17}",50000,2024,"42,43",0.99982,0.9996579086504649,0.9999052957317689,49991,wilson,95,15,157
"U(0.01,0.1), eps=1e-03",narrow_e3,0.01,0.1,uniform,0.001,reverse_eng_risk,qmetrology.algorithms.find_phi_fixed_budget_reverse_engineering_risk,473075,"{""m_exploration"": 1}",50000,2024,"42,43",1.0,0.9999231767258548,0.9999999999999999,50000,wilson,95,15,157
"U(0.01,0.1), eps=1e-03",narrow_e3,0.01,0.1,uniform,0.001,brute,qmetrology.algorithms.find_phi_fixed_budget_brute_force,670151,{},50000,2024,"42,43",1.0,0.9999231767258548,0.9999999999999999,50000,wilson,95,15,157
"U(0.01,0.1), eps=1e-03",narrow_e3,0.01,0.1,uniform,0.001,linear,qmetrology.algorithms.find_phi_fixed_budget_linear_search,670151,"{""inc"": 1, ""lookback_window"": 1, ""m_exploration"": 1, ""mean_window"": 1, ""safeguard"": 1}",50000,2024,"42,43",1.0,0.9999231767258548,0.9999999999999999,50000,wilson,95,15,157
"U(0.01,0.1), eps=1e-03",narrow_e3,0.01,0.1,uniform,0.001,binary_deep,qmetrology.algorithms.find_phi_fixed_budget_binary_search_deep,670151,"{""conf"": 0.5, ""m_exploration"": 7}",50000,2024,"42,43",0.99996,0.9998541523830182,0.9999890304886985,49998,wilson,95,15,157
"U(0.01,0.1), eps=1e-03",narrow_e3,0.01,0.1,uniform,0.001,reverse_eng_risk,qmetrology.algorithms.find_phi_fixed_budget_reverse_engineering_risk,670151,"{""m_exploration"": 1}",50000,2024,"42,43",1.0,0.9999231767258548,0.9999999999999999,50000,wilson,95,15,157
"U(0.01,0.1), eps=1e-03",narrow_e3,0.01,0.1,uniform,0.001,brute,qmetrology.algorithms.find_phi_fixed_budget_brute_force,949325,{},50000,2024,"42,43",1.0,0.9999231767258548,0.9999999999999999,50000,wilson,95,15,157
"U(0.01,0.1), eps=1e-03",narrow_e3,0.01,0.1,uniform,0.001,linear,qmetrology.algorithms.find_phi_fixed_budget_linear_search,949325,"{""inc"": 1, ""lookback_window"": 1, ""m_exploration"": 1, ""mean_window"": 1, ""safeguard"": 1}",50000,2024,"42,43",1.0,0.9999231767258548,0.9999999999999999,50000,wilson,95,15,157
"U(0.01,0.1), eps=1e-03",narrow_e3,0.01,0.1,uniform,0.001,binary_deep,qmetrology.algorithms.find_phi_fixed_budget_binary_search_deep,949325,"{""conf"": 0.5, ""m_exploration"": 3}",50000,2024,"42,43",0.99996,0.9998541523830182,0.9999890304886985,49998,wilson,95,15,157
"U(0.01,0.1), eps=1e-03",narrow_e3,0.01,0.1,uniform,0.001,reverse_eng_risk,qmetrology.algorithms.find_phi_fixed_budget_reverse_engineering_risk,949325,"{""m_exploration"": 1}",50000,2024,"42,43",1.0,0.9999231767258548,0.9999999999999999,50000,wilson,95,15,157
"U(0.01,0.1), eps=1e-03",narrow_e3,0.01,0.1,uniform,0.001,brute,qmetrology.algorithms.find_phi_fixed_budget_brute_force,1344800,{},50000,2024,"42,43",1.0,0.9999231767258548,0.9999999999999999,50000,wilson,95,15,157
"U(0.01,0.1), eps=1e-03",narrow_e3,0.01,0.1,uniform,0.001,linear,qmetrology.algorithms.find_phi_fixed_budget_linear_search,1344800,"{""inc"": 1, ""lookback_window"": 1, ""m_exploration"": 1, ""mean_window"": 1, ""safeguard"": 1}",50000,2024,"42,43",1.0,0.9999231767258548,0.9999999999999999,50000,wilson,95,15,157
"U(0.01,0.1), eps=1e-03",narrow_e3,0.01,0.1,uniform,0.001,binary_deep,qmetrology.algorithms.find_phi_fixed_budget_binary_search_deep,1344800,"{""conf"": 0.5, ""m_exploration"": 1}",50000,2024,"42,43",1.0,0.9999231767258548,0.9999999999999999,50000,wilson,95,15,157
"U(0.01,0.1), eps=1e-03",narrow_e3,0.01,0.1,uniform,0.001,reverse_eng_risk,qmetrology.algorithms.find_phi_fixed_budget_reverse_engineering_risk,1344800,"{""m_exploration"": 1}",50000,2024,"42,43",1.0,0.9999231767258548,0.9999999999999999,50000,wilson,95,15,157
"U(0.01,0.1), eps=1e-04",narrow_e4,0.01,0.1,uniform,0.0001,brute,qmetrology.algorithms.find_phi_fixed_budget_brute_force,89653,{},50000,2024,"42,43",0.18586,0.18247456179392468,0.18929370473275509,9293,wilson,95,15,157
"U(0.01,0.1), eps=1e-04",narrow_e4,0.01,0.1,uniform,0.0001,linear,qmetrology.algorithms.find_phi_fixed_budget_linear_search,89653,"{""inc"": 1, ""lookback_window"": 12, ""m_exploration"": 7, ""mean_window"": 0, ""safeguard"": 4}",50000,2024,"42,43",0.21762,0.2140249933095016,0.2212583934028045,10881,wilson,95,15,157
"U(0.01,0.1), eps=1e-04",narrow_e4,0.01,0.1,uniform,0.0001,binary_deep,qmetrology.algorithms.find_phi_fixed_budget_binary_search_deep,89653,"{""conf"": 0.75, ""m_exploration"": 21}",50000,2024,"42,43",0.2264,0.2227528444287698,0.2300891932668423,11320,wilson,95,15,157
"U(0.01,0.1), eps=1e-04",narrow_e4,0.01,0.1,uniform,0.0001,reverse_eng_risk,qmetrology.algorithms.find_phi_fixed_budget_reverse_engineering_risk,89653,"{""m_exploration"": 268}",50000,2024,"42,43",0.25486,0.2510592009850424,0.2586984639298052,12743,wilson,95,15,157
"U(0.01,0.1), eps=1e-04",narrow_e4,0.01,0.1,uniform,0.0001,brute,qmetrology.algorithms.find_phi_fixed_budget_brute_force,127001,{},50000,2024,"42,43",0.22064,0.2170267899166458,0.22429613278308447,11032,wilson,95,15,157
"U(0.01,0.1), eps=1e-04",narrow_e4,0.01,0.1,uniform,0.0001,linear,qmetrology.algorithms.find_phi_fixed_budget_linear_search,127001,"{""inc"": 1, ""lookback_window"": 5, ""m_exploration"": 6, ""mean_window"": 3, ""safeguard"": 2}",50000,2024,"42,43",0.27228,0.2683959116615943,0.2761990767303822,13614,wilson,95,15,157
"U(0.01,0.1), eps=1e-04",narrow_e4,0.01,0.1,uniform,0.0001,binary_deep,qmetrology.algorithms.find_phi_fixed_budget_binary_search_deep,127001,"{""conf"": 0.75, ""m_exploration"": 29}",50000,2024,"42,43",0.27456,0.2706655784608043,0.2784890596170422,13728,wilson,95,15,157
"U(0.01,0.1), eps=1e-04",narrow_e4,0.01,0.1,uniform,0.0001,reverse_eng_risk,qmetrology.algorithms.find_phi_fixed_budget_reverse_engineering_risk,127001,"{""m_exploration"": 336}",50000,2024,"42,43",0.30384,0.29982394296123716,0.30788619634567527,15192,wilson,95,15,157
"U(0.01,0.1), eps=1e-04",narrow_e4,0.01,0.1,uniform,0.0001,brute,qmetrology.algorithms.find_phi_fixed_budget_brute_force,179908,{},50000,2024,"42,43",0.2587,0.2548801687884561,0.2625569061236461,12935,wilson,95,15,157
"U(0.01,0.1), eps=1e-04",narrow_e4,0.01,0.1,uniform,0.0001,linear,qmetrology.algorithms.find_phi_fixed_budget_linear_search,179908,"{""inc"": 1, ""lookback_window"": 8, ""m_exploration"": 2, ""mean_window"": 4, ""safeguard"": 2}",50000,2024,"42,43",0.33018,0.3260710932890162,0.33431499896781425,16509,wilson,95,15,157
"U(0.01,0.1), eps=1e-04",narrow_e4,0.01,0.1,uniform,0.0001,binary_deep,qmetrology.algorithms.find_phi_fixed_budget_binary_search_deep,179908,"{""conf"": 0.75, ""m_exploration"": 34}",50000,2024,"42,43",0.32492,0.32082843680465684,0.32903846363301764,16246,wilson,95,15,157
"U(0.01,0.1), eps=1e-04",narrow_e4,0.01,0.1,uniform,0.0001,reverse_eng_risk,qmetrology.algorithms.find_phi_fixed_budget_reverse_engineering_risk,179908,"{""m_exploration"": 469}",50000,2024,"42,43",0.36034,0.3561427008386159,0.3645587574383182,18017,wilson,95,15,157
"U(0.01,0.1), eps=1e-04",narrow_e4,0.01,0.1,uniform,0.0001,brute,qmetrology.algorithms.find_phi_fixed_budget_brute_force,254855,{},50000,2024,"42,43",0.3059,0.3018761320486196,0.30995369074640333,15295,wilson,95,15,157
"U(0.01,0.1), eps=1e-04",narrow_e4,0.01,0.1,uniform,0.0001,linear,qmetrology.algorithms.find_phi_fixed_budget_linear_search,254855,"{""inc"": 1, ""lookback_window"": 8, ""m_exploration"": 6, ""mean_window"": 6, ""safeguard"": 4}",50000,2024,"42,43",0.38728,0.38301902341203825,0.3915582956268849,19364,wilson,95,15,157
"U(0.01,0.1), eps=1e-04",narrow_e4,0.01,0.1,uniform,0.0001,binary_deep,qmetrology.algorithms.find_phi_fixed_budget_binary_search_deep,254855,"{""conf"": 0.8, ""m_exploration"": 39}",50000,2024,"42,43",0.38704,0.38277952911739416,0.3913178267967005,19352,wilson,95,15,157
"U(0.01,0.1), eps=1e-04",narrow_e4,0.01,0.1,uniform,0.0001,reverse_eng_risk,qmetrology.algorithms.find_phi_fixed_budget_reverse_engineering_risk,254855,"{""m_exploration"": 467}",50000,2024,"42,43",0.4249,0.42057303728890966,0.42923850156686677,21245,wilson,95,15,157
"U(0.01,0.1), eps=1e-04",narrow_e4,0.01,0.1,uniform,0.0001,brute,qmetrology.algorithms.find_phi_fixed_budget_brute_force,361024,{},50000,2024,"42,43",0.35926,0.3550655488086109,0.3634760754065954,17963,wilson,95,15,157
"U(0.01,0.1), eps=1e-04",narrow_e4,0.01,0.1,uniform,0.0001,linear,qmetrology.algorithms.find_phi_fixed_budget_linear_search,361024,"{""inc"": 1, ""lookback_window"": 6, ""m_exploration"": 1, ""mean_window"": 3, ""safeguard"": 0}",50000,2024,"42,43",0.44538,0.44102797687113726,0.4497404153033302,22269,wilson,95,15,157
"U(0.01,0.1), eps=1e-04",narrow_e4,0.01,0.1,uniform,0.0001,binary_deep,qmetrology.algorithms.find_phi_fixed_budget_binary_search_deep,361024,"{""conf"": 0.7, ""m_exploration"": 70}",50000,2024,"42,43",0.46218,0.4578130149972604,0.4665527959151958,23109,wilson,95,15,157
"U(0.01,0.1), eps=1e-04",narrow_e4,0.01,0.1,uniform,0.0001,reverse_eng_risk,qmetrology.algorithms.find_phi_fixed_budget_reverse_engineering_risk,361024,"{""m_exploration"": 517}",50000,2024,"42,43",0.49126,0.4868788966076162,0.49564244626321574,24563,wilson,95,15,157
"U(0.01,0.1), eps=1e-04",narrow_e4,0.01,0.1,uniform,0.0001,brute,qmetrology.algorithms.find_phi_fixed_budget_brute_force,511421,{},50000,2024,"42,43",0.42152,0.41719790110498944,0.4258541570761203,21076,wilson,95,15,157
"U(0.01,0.1), eps=1e-04",narrow_e4,0.01,0.1,uniform,0.0001,linear,qmetrology.algorithms.find_phi_fixed_budget_linear_search,511421,"{""inc"": 1, ""lookback_window"": 6, ""m_exploration"": 5, ""mean_window"": 4, ""safeguard"": 3}",50000,2024,"42,43",0.52256,0.5181802853619424,0.5269362483719282,26128,wilson,95,15,157
"U(0.01,0.1), eps=1e-04",narrow_e4,0.01,0.1,uniform,0.0001,binary_deep,qmetrology.algorithms.find_phi_fixed_budget_binary_search_deep,511421,"{""conf"": 0.7, ""m_exploration"": 71}",50000,2024,"42,43",0.53738,0.5330069470732742,0.5417473096187507,26869,wilson,95,15,157
"U(0.01,0.1), eps=1e-04",narrow_e4,0.01,0.1,uniform,0.0001,reverse_eng_risk,qmetrology.algorithms.find_phi_fixed_budget_reverse_engineering_risk,511421,"{""m_exploration"": 574}",50000,2024,"42,43",0.56596,0.561610786383962,0.5702990790897128,28298,wilson,95,15,157
"U(0.01,0.1), eps=1e-04",narrow_e4,0.01,0.1,uniform,0.0001,brute,qmetrology.algorithms.find_phi_fixed_budget_brute_force,724471,{},50000,2024,"42,43",0.4918,0.48741877493999525,0.49618248496170064,24590,wilson,95,15,157
"U(0.01,0.1), eps=1e-04",narrow_e4,0.01,0.1,uniform,0.0001,linear,qmetrology.algorithms.find_phi_fixed_budget_linear_search,724471,"{""inc"": 1, ""lookback_window"": 12, ""m_exploration"": 34, ""mean_window"": 0, ""safeguard"": 2}",50000,2024,"42,43",0.60912,0.6048348027290934,0.6133884313595571,30456,wilson,95,15,157
"U(0.01,0.1), eps=1e-04",narrow_e4,0.01,0.1,uniform,0.0001,binary_deep,qmetrology.algorithms.find_phi_fixed_budget_binary_search_deep,724471,"{""conf"": 0.62, ""m_exploration"": 183}",50000,2024,"42,43",0.61648,0.6122091750556184,0.6207329281944367,30824,wilson,95,15,157
"U(0.01,0.1), eps=1e-04",narrow_e4,0.01,0.1,uniform,0.0001,reverse_eng_risk,qmetrology.algorithms.find_phi_fixed_budget_reverse_engineering_risk,724471,"{""m_exploration"": 429}",50000,2024,"42,43",0.64296,0.6387495103787482,0.6471485243107082,32148,wilson,95,15,157
"U(0.01,0.1), eps=1e-04",narrow_e4,0.01,0.1,uniform,0.0001,brute,qmetrology.algorithms.find_phi_fixed_budget_brute_force,1026274,{},50000,2024,"42,43",0.56806,0.5637131141321858,0.5723964286837375,28403,wilson,95,15,157
"U(0.01,0.1), eps=1e-04",narrow_e4,0.01,0.1,uniform,0.0001,linear,qmetrology.algorithms.find_phi_fixed_budget_linear_search,1026274,"{""inc"": 1, ""lookback_window"": 8, ""m_exploration"": 68, ""mean_window"": 0, ""safeguard"": 1}",50000,2024,"42,43",0.69114,0.687075706848165,0.6951749251505948,34557,wilson,95,15,157
"U(0.01,0.1), eps=1e-04",narrow_e4,0.01,0.1,uniform,0.0001,binary_deep,qmetrology.algorithms.find_phi_fixed_budget_binary_search_deep,1026274,"{""conf"": 0.7, ""m_exploration"": 238}",50000,2024,"42,43",0.69746,0.6934185822849315,0.701471078667643,34873,wilson,95,15,157
"U(0.01,0.1), eps=1e-04",narrow_e4,0.01,0.1,uniform,0.0001,reverse_eng_risk,qmetrology.algorithms.find_phi_fixed_budget_reverse_engineering_risk,1026274,"{""m_exploration"": 2308}",50000,2024,"42,43",0.72496,0.7210288550829239,0.7288565805895729,36248,wilson,95,15,157
"U(0.01,0.1), eps=1e-04",narrow_e4,0.01,0.1,uniform,0.0001,brute,qmetrology.algorithms.find_phi_fixed_budget_brute_force,1453804,{},50000,2024,"42,43",0.65152,0.647331971171025,0.655684748303978,32576,wilson,95,15,157
"U(0.01,0.1), eps=1e-04",narrow_e4,0.01,0.1,uniform,0.0001,linear,qmetrology.algorithms.find_phi_fixed_budget_linear_search,1453804,"{""inc"": 1, ""lookback_window"": 12, ""m_exploration"": 67, ""mean_window"": 0, ""safeguard"": 2}",50000,2024,"42,43",0.772,0.768301800429288,0.7756564077095772,38600,wilson,95,15,157
"U(0.01,0.1), eps=1e-04",narrow_e4,0.01,0.1,uniform,0.0001,binary_deep,qmetrology.algorithms.find_phi_fixed_budget_binary_search_deep,1453804,"{""conf"": 0.8, ""m_exploration"": 228}",50000,2024,"42,43",0.7741,0.7704136368691378,0.777744248611976,38705,wilson,95,15,157
"U(0.01,0.1), eps=1e-04",narrow_e4,0.01,0.1,uniform,0.0001,reverse_eng_risk,qmetrology.algorithms.find_phi_fixed_budget_reverse_engineering_risk,1453804,"{""m_exploration"": 4658}",50000,2024,"42,43",0.7968,0.7932503081859994,0.8003040895184681,39840,wilson,95,15,157
"U(0.01,0.1), eps=1e-04",narrow_e4,0.01,0.1,uniform,0.0001,brute,qmetrology.algorithms.find_phi_fixed_budget_brute_force,2059436,{},50000,2024,"42,43",0.73414,0.7302497300782792,0.7379942951189041,36707,wilson,95,15,157
"U(0.01,0.1), eps=1e-04",narrow_e4,0.01,0.1,uniform,0.0001,linear,qmetrology.algorithms.find_phi_fixed_budget_linear_search,2059436,"{""inc"": 1, ""lookback_window"": 8, ""m_exploration"": 113, ""mean_window"": 0, ""safeguard"": 1}",50000,2024,"42,43",0.84472,0.8415190150177817,0.8478680199440919,42236,wilson,95,15,157
"U(0.01,0.1), eps=1e-04",narrow_e4,0.01,0.1,uniform,0.0001,binary_deep,qmetrology.algorithms.find_phi_fixed_budget_binary_search_deep,2059436,"{""conf"": 0.7, ""m_exploration"": 180}",50000,2024,"42,43",0.84442,0.8412165376532322,0.8475705434026056,42221,wilson,95,15,157
"U(0.01,0.1), eps=1e-04",narrow_e4,0.01,0.1,uniform,0.0001,reverse_eng_risk,qmetrology.algorithms.find_phi_fixed_budget_reverse_engineering_risk,2059436,"{""m_exploration"": 4495}",50000,2024,"42,43",0.86396,0.8609270334492265,0.8669370453530578,43198,wilson,95,15,157
"U(0.01,0.1), eps=1e-04",narrow_e4,0.01,0.1,uniform,0.0001,brute,qmetrology.algorithms.find_phi_fixed_budget_brute_force,2917365,{},50000,2024,"42,43",0.81682,0.8134051916323343,0.8201861300682364,40841,wilson,95,15,157
"U(0.01,0.1), eps=1e-04",narrow_e4,0.01,0.1,uniform,0.0001,linear,qmetrology.algorithms.find_phi_fixed_budget_linear_search,2917365,"{""inc"": 1, ""lookback_window"": 8, ""m_exploration"": 176, ""mean_window"": 0, ""safeguard"": 1}",50000,2024,"42,43",0.90056,0.8979061377564784,0.9031523175821384,45028,wilson,95,15,157
"U(0.01,0.1), eps=1e-04",narrow_e4,0.01,0.1,uniform,0.0001,binary_deep,qmetrology.algorithms.find_phi_fixed_budget_binary_search_deep,2917365,"{""conf"": 0.66, ""m_exploration"": 334}",50000,2024,"42,43",0.90508,0.9024796644421443,0.9076180964140742,45254,wilson,95,15,157
"U(0.01,0.1), eps=1e-04",narrow_e4,0.01,0.1,uniform,0.0001,reverse_eng_risk,qmetrology.algorithms.find_phi_fixed_budget_reverse_engineering_risk,2917365,"{""m_exploration"": 1286}",50000,2024,"42,43",0.91802,0.9155831627424786,0.9203926099274051,45901,wilson,95,15,157
"U(0.01,0.1), eps=1e-04",narrow_e4,0.01,0.1,uniform,0.0001,brute,qmetrology.algorithms.find_phi_fixed_budget_brute_force,4132694,{},50000,2024,"42,43",0.8857,0.882881440917273,0.8884592976090516,44285,wilson,95,15,157
"U(0.01,0.1), eps=1e-04",narrow_e4,0.01,0.1,uniform,0.0001,linear,qmetrology.algorithms.find_phi_fixed_budget_linear_search,4132694,"{""inc"": 1, ""lookback_window"": 8, ""m_exploration"": 231, ""mean_window"": 0, ""safeguard"": 1}",50000,2024,"42,43",0.9458,0.9437809813541707,0.9477505230146015,47290,wilson,95,15,157
"U(0.01,0.1), eps=1e-04",narrow_e4,0.01,0.1,uniform,0.0001,binary_deep,qmetrology.algorithms.find_phi_fixed_budget_binary_search_deep,4132694,"{""conf"": 0.5, ""m_exploration"": 430}",50000,2024,"42,43",0.94744,0.9454494093261182,0.9493618430623149,47372,wilson,95,15,157
"U(0.01,0.1), eps=1e-04",narrow_e4,0.01,0.1,uniform,0.0001,reverse_eng_risk,qmetrology.algorithms.find_phi_fixed_budget_reverse_engineering_risk,4132694,"{""m_exploration"": 341}",50000,2024,"42,43",0.95248,0.9505801996469092,0.9543102783629205,47624,wilson,95,15,157
"U(0.01,0.1), eps=1e-04",narrow_e4,0.01,0.1,uniform,0.0001,brute,qmetrology.algorithms.find_phi_fixed_budget_brute_force,5854310,{},50000,2024,"42,43",0.94006,0.9379453474037871,0.9421070388961723,47003,wilson,95,15,157
"U(0.01,0.1), eps=1e-04",narrow_e4,0.01,0.1,uniform,0.0001,linear,qmetrology.algorithms.find_phi_fixed_budget_linear_search,5854310,"{""inc"": 1, ""lookback_window"": 6, ""m_exploration"": 196, ""mean_window"": 0, ""safeguard"": 1}",50000,2024,"42,43",0.97388,0.9724451900995418,0.9752419998741545,48694,wilson,95,15,157
"U(0.01,0.1), eps=1e-04",narrow_e4,0.01,0.1,uniform,0.0001,binary_deep,qmetrology.algorithms.find_phi_fixed_budget_binary_search_deep,5854310,"{""conf"": 0.5, ""m_exploration"": 1383}",50000,2024,"42,43",0.97678,0.9754228581556476,0.9780638862430587,48839,wilson,95,15,157
"U(0.01,0.1), eps=1e-04",narrow_e4,0.01,0.1,uniform,0.0001,reverse_eng_risk,qmetrology.algorithms.find_phi_fixed_budget_reverse_engineering_risk,5854310,"{""m_exploration"": 365}",50000,2024,"42,43",0.97922,0.9779323569989402,0.9804340125021882,48961,wilson,95,15,157
"U(0.01,0.1), eps=1e-04",narrow_e4,0.01,0.1,uniform,0.0001,brute,qmetrology.algorithms.find_phi_fixed_budget_brute_force,8293124,{},50000,2024,"42,43",0.97442,0.9729992849462603,0.9757678220582997,48721,wilson,95,15,157
"U(0.01,0.1), eps=1e-04",narrow_e4,0.01,0.1,uniform,0.0001,linear,qmetrology.algorithms.find_phi_fixed_budget_linear_search,8293124,"{""inc"": 1, ""lookback_window"": 5, ""m_exploration"": 542, ""mean_window"": 3, ""safeguard"": 2}",50000,2024,"42,43",0.98718,0.9861558366728516,0.9881293098017523,49359,wilson,95,15,157
"U(0.01,0.1), eps=1e-04",narrow_e4,0.01,0.1,uniform,0.0001,binary_deep,qmetrology.algorithms.find_phi_fixed_budget_binary_search_deep,8293124,"{""conf"": 0.52, ""m_exploration"": 1601}",50000,2024,"42,43",0.99166,0.9908242383042576,0.9924202198338101,49583,wilson,95,15,157
"U(0.01,0.1), eps=1e-04",narrow_e4,0.01,0.1,uniform,0.0001,reverse_eng_risk,qmetrology.algorithms.find_phi_fixed_budget_reverse_engineering_risk,8293124,"{""m_exploration"": 23767}",50000,2024,"42,43",0.99238,0.9915790463249914,0.9931053011875617,49619,wilson,95,15,157
"U(0.01,0.1), eps=1e-04",narrow_e4,0.01,0.1,uniform,0.0001,brute,qmetrology.algorithms.find_phi_fixed_budget_brute_force,11747910,{},50000,2024,"42,43",0.9926,0.9918100149205504,0.9933142987897619,49630,wilson,95,15,157
"U(0.01,0.1), eps=1e-04",narrow_e4,0.01,0.1,uniform,0.0001,linear,qmetrology.algorithms.find_phi_fixed_budget_linear_search,11747910,"{""inc"": 2, ""lookback_window"": 3, ""m_exploration"": 1743, ""mean_window"": 1, ""safeguard"": 1}",50000,2024,"42,43",0.99654,0.9959857689698969,0.9970179393730151,49827,wilson,95,15,157
"U(0.01,0.1), eps=1e-04",narrow_e4,0.01,0.1,uniform,0.0001,binary_deep,qmetrology.algorithms.find_phi_fixed_budget_binary_search_deep,11747910,"{""conf"": 0.5, ""m_exploration"": 3701}",50000,2024,"42,43",0.99742,0.9969355210100295,0.99782805212392,49871,wilson,95,15,157
"U(0.01,0.1), eps=1e-04",narrow_e4,0.01,0.1,uniform,0.0001,reverse_eng_risk,qmetrology.algorithms.find_phi_fixed_budget_reverse_engineering_risk,11747910,"{""m_exploration"": 230}",50000,2024,"42,43",0.99786,0.9974149200745412,0.9982285854549269,49893,wilson,95,15,157
"U(0.01,0.1), eps=1e-04",narrow_e4,0.01,0.1,uniform,0.0001,brute,qmetrology.algorithms.find_phi_fixed_budget_brute_force,16641905,{},50000,2024,"42,43",0.9985,0.998120340633724,0.9988030665619534,49925,wilson,95,15,157
"U(0.01,0.1), eps=1e-04",narrow_e4,0.01,0.1,uniform,0.0001,linear,qmetrology.algorithms.find_phi_fixed_budget_linear_search,16641905,"{""inc"": 1, ""lookback_window"": 1, ""m_exploration"": 53, ""mean_window"": 0, ""safeguard"": 1}",50000,2024,"42,43",0.99838,0.9979871454781407,0.9986962801551226,49919,wilson,95,15,157
"U(0.01,0.1), eps=1e-04",narrow_e4,0.01,0.1,uniform,0.0001,binary_deep,qmetrology.algorithms.find_phi_fixed_budget_binary_search_deep,16641905,"{""conf"": 0.5, ""m_exploration"": 298}",50000,2024,"42,43",0.99908,0.9987731773497501,0.9993101407309293,49954,wilson,95,15,157
"U(0.01,0.1), eps=1e-04",narrow_e4,0.01,0.1,uniform,0.0001,reverse_eng_risk,qmetrology.algorithms.find_phi_fixed_budget_reverse_engineering_risk,16641905,"{""m_exploration"": 57}",50000,2024,"42,43",0.99956,0.9993338451009555,0.9997093992293806,49978,wilson,95,15,157
"U(0.01,0.1), eps=1e-04",narrow_e4,0.01,0.1,uniform,0.0001,brute,qmetrology.algorithms.find_phi_fixed_budget_brute_force,23574663,{},50000,2024,"42,43",0.99992,0.9997942998811324,0.9999688891364464,49996,wilson,95,15,157
"U(0.01,0.1), eps=1e-04",narrow_e4,0.01,0.1,uniform,0.0001,linear,qmetrology.algorithms.find_phi_fixed_budget_linear_search,23574663,"{""inc"": 1, ""lookback_window"": 1, ""m_exploration"": 5, ""mean_window"": 1, ""safeguard"": 1}",50000,2024,"42,43",0.9998,0.9996318506712267,0.9998913567839378,49990,wilson,95,15,157
"U(0.01,0.1), eps=1e-04",narrow_e4,0.01,0.1,uniform,0.0001,binary_deep,qmetrology.algorithms.find_phi_fixed_budget_binary_search_deep,23574663,"{""conf"": 0.5, ""m_exploration"": 118}",50000,2024,"42,43",0.9996,0.9993822030616969,0.9997410351227775,49980,wilson,95,15,157
"U(0.01,0.1), eps=1e-04",narrow_e4,0.01,0.1,uniform,0.0001,reverse_eng_risk,qmetrology.algorithms.find_phi_fixed_budget_reverse_engineering_risk,23574663,"{""m_exploration"": 12}",50000,2024,"42,43",0.99992,0.9997942998811324,0.9999688891364464,49996,wilson,95,15,157
"U(0.01,0.1), eps=1e-04",narrow_e4,0.01,0.1,uniform,0.0001,brute,qmetrology.algorithms.find_phi_fixed_budget_brute_force,33395498,{},50000,2024,"42,43",1.0,0.9999231767258548,0.9999999999999999,50000,wilson,95,15,157
"U(0.01,0.1), eps=1e-04",narrow_e4,0.01,0.1,uniform,0.0001,linear,qmetrology.algorithms.find_phi_fixed_budget_linear_search,33395498,"{""inc"": 1, ""lookback_window"": 1, ""m_exploration"": 1, ""mean_window"": 1, ""safeguard"": 1}",50000,2024,"42,43",1.0,0.9999231767258548,0.9999999999999999,50000,wilson,95,15,157
"U(0.01,0.1), eps=1e-04",narrow_e4,0.01,0.1,uniform,0.0001,binary_deep,qmetrology.algorithms.find_phi_fixed_budget_binary_search_deep,33395498,"{""conf"": 0.5, ""m_exploration"": 26}",50000,2024,"42,43",0.99948,0.9992381591092907,0.9996450975127695,49974,wilson,95,15,157
"U(0.01,0.1), eps=1e-04",narrow_e4,0.01,0.1,uniform,0.0001,reverse_eng_risk,qmetrology.algorithms.find_phi_fixed_budget_reverse_engineering_risk,33395498,"{""m_exploration"": 1}",50000,2024,"42,43",0.99998,0.9998867102986088,0.9999964695001772,49999,wilson,95,15,157
"U(0.01,0.1), eps=1e-04",narrow_e4,0.01,0.1,uniform,0.0001,brute,qmetrology.algorithms.find_phi_fixed_budget_brute_force,47307541,{},50000,2024,"42,43",1.0,0.9999231767258548,0.9999999999999999,50000,wilson,95,15,157
"U(0.01,0.1), eps=1e-04",narrow_e4,0.01,0.1,uniform,0.0001,linear,qmetrology.algorithms.find_phi_fixed_budget_linear_search,47307541,"{""inc"": 1, ""lookback_window"": 1, ""m_exploration"": 1, ""mean_window"": 1, ""safeguard"": 1}",50000,2024,"42,43",1.0,0.9999231767258548,0.9999999999999999,50000,wilson,95,15,157
"U(0.01,0.1), eps=1e-04",narrow_e4,0.01,0.1,uniform,0.0001,binary_deep,qmetrology.algorithms.find_phi_fixed_budget_binary_search_deep,47307541,"{""conf"": 0.5, ""m_exploration"": 12}",50000,2024,"42,43",0.99954,0.9993098029765327,0.9996934444267344,49977,wilson,95,15,157
"U(0.01,0.1), eps=1e-04",narrow_e4,0.01,0.1,uniform,0.0001,reverse_eng_risk,qmetrology.algorithms.find_phi_fixed_budget_reverse_engineering_risk,47307541,"{""m_exploration"": 1}",50000,2024,"42,43",1.0,0.9999231767258548,0.9999999999999999,50000,wilson,95,15,157
"U(0.01,0.1), eps=1e-04",narrow_e4,0.01,0.1,uniform,0.0001,brute,qmetrology.algorithms.find_phi_fixed_budget_brute_force,67015122,{},50000,2024,"42,43",1.0,0.9999231767258548,0.9999999999999999,50000,wilson,95,15,157
"U(0.01,0.1), eps=1e-04",narrow_e4,0.01,0.1,uniform,0.0001,linear,qmetrology.algorithms.find_phi_fixed_budget_linear_search,67015122,"{""inc"": 1, ""lookback_window"": 1, ""m_exploration"": 1, ""mean_window"": 1, ""safeguard"": 1}",50000,2024,"42,43",1.0,0.9999231767258548,0.9999999999999999,50000,wilson,95,15,157
"U(0.01,0.1), eps=1e-04",narrow_e4,0.01,0.1,uniform,0.0001,binary_deep,qmetrology.algorithms.find_phi_fixed_budget_binary_search_deep,67015122,"{""conf"": 0.5, ""m_exploration"": 7}",50000,2024,"42,43",0.99996,0.9998541523830182,0.9999890304886985,49998,wilson,95,15,157
"U(0.01,0.1), eps=1e-04",narrow_e4,0.01,0.1,uniform,0.0001,reverse_eng_risk,qmetrology.algorithms.find_phi_fixed_budget_reverse_engineering_risk,67015122,"{""m_exploration"": 1}",50000,2024,"42,43",1.0,0.9999231767258548,0.9999999999999999,50000,wilson,95,15,157
"U(0.01,0.1), eps=1e-04",narrow_e4,0.01,0.1,uniform,0.0001,brute,qmetrology.algorithms.find_phi_fixed_budget_brute_force,94932574,{},50000,2024,"42,43",1.0,0.9999231767258548,0.9999999999999999,50000,wilson,95,15,157
"U(0.01,0.1), eps=1e-04",narrow_e4,0.01,0.1,uniform,0.0001,linear,qmetrology.algorithms.find_phi_fixed_budget_linear_search,94932574,"{""inc"": 1, ""lookback_window"": 1, ""m_exploration"": 1, ""mean_window"": 1, ""safeguard"": 1}",50000,2024,"42,43",1.0,0.9999231767258548,0.9999999999999999,50000,wilson,95,15,157
"U(0.01,0.1), eps=1e-04",narrow_e4,0.01,0.1,uniform,0.0001,binary_deep,qmetrology.algorithms.find_phi_fixed_budget_binary_search_deep,94932574,"{""conf"": 0.5, ""m_exploration"": 3}",50000,2024,"42,43",0.99996,0.9998541523830182,0.9999890304886985,49998,wilson,95,15,157
"U(0.01,0.1), eps=1e-04",narrow_e4,0.01,0.1,uniform,0.0001,reverse_eng_risk,qmetrology.algorithms.find_phi_fixed_budget_reverse_engineering_risk,94932574,"{""m_exploration"": 1}",50000,2024,"42,43",1.0,0.9999231767258548,0.9999999999999999,50000,wilson,95,15,157
"U(0.01,0.1), eps=1e-04",narrow_e4,0.01,0.1,uniform,0.0001,brute,qmetrology.algorithms.find_phi_fixed_budget_brute_force,134480000,{},50000,2024,"42,43",1.0,0.9999231767258548,0.9999999999999999,50000,wilson,95,15,157
"U(0.01,0.1), eps=1e-04",narrow_e4,0.01,0.1,uniform,0.0001,linear,qmetrology.algorithms.find_phi_fixed_budget_linear_search,134480000,"{""inc"": 1, ""lookback_window"": 1, ""m_exploration"": 1, ""mean_window"": 1, ""safeguard"": 1}",50000,2024,"42,43",1.0,0.9999231767258548,0.9999999999999999,50000,wilson,95,15,157
"U(0.01,0.1), eps=1e-04",narrow_e4,0.01,0.1,uniform,0.0001,binary_deep,qmetrology.algorithms.find_phi_fixed_budget_binary_search_deep,134480000,"{""conf"": 0.5, ""m_exploration"": 1}",50000,2024,"42,43",1.0,0.9999231767258548,0.9999999999999999,50000,wilson,95,15,157
"U(0.01,0.1), eps=1e-04",narrow_e4,0.01,0.1,uniform,0.0001,reverse_eng_risk,qmetrology.algorithms.find_phi_fixed_budget_reverse_engineering_risk,134480000,"{""m_exploration"": 1}",50000,2024,"42,43",1.0,0.9999231767258548,0.9999999999999999,50000,wilson,95,15,157
"U(0.01,0.1), eps=1e-05",narrow_e5,0.01,0.1,uniform,1e-05,brute,qmetrology.algorithms.find_phi_fixed_budget_brute_force,8965333,{},50000,2024,"42,43",0.1869,0.18350714133273666,0.19034096540153295,9345,wilson,95,15,157
"U(0.01,0.1), eps=1e-05",narrow_e5,0.01,0.1,uniform,1e-05,linear,qmetrology.algorithms.find_phi_fixed_budget_linear_search,8965333,"{""inc"": 1, ""lookback_window"": 8, ""m_exploration"": 270, ""mean_window"": 4, ""safeguard"": 2}",50000,2024,"42,43",0.25188,0.24809423950371146,0.2557038832778502,12594,wilson,95,15,157
"U(0.01,0.1), eps=1e-05",narrow_e5,0.01,0.1,uniform,1e-05,binary_deep,qmetrology.algorithms.find_phi_fixed_budget_binary_search_deep,8965333,"{""conf"": 0.95, ""m_exploration"": 1875}",50000,2024,"42,43",0.25846,0.25464134697199065,0.26231576481528324,12923,wilson,95,15,157
"U(0.01,0.1), eps=1e-05",narrow_e5,0.01,0.1,uniform,1e-05,reverse_eng_risk,qmetrology.algorithms.find_phi_fixed_budget_reverse_engineering_risk,8965333,"{""m_exploration"": 7165}",50000,2024,"42,43",0.27272,0.2688339075107155,0.27664101327677976,13636,wilson,95,15,157
"U(0.01,0.1), eps=1e-05",narrow_e5,0.01,0.1,uniform,1e-05,brute,qmetrology.algorithms.find_phi_fixed_budget_brute_force,12700150,{},50000,2024,"42,43",0.22098,0.21736475815545886,0.22463811230444503,11049,wilson,95,15,157
"U(0.01,0.1), eps=1e-05",narrow_e5,0.01,0.1,uniform,1e-05,linear,qmetrology.algorithms.find_phi_fixed_budget_linear_search,12700150,"{""inc"": 2, ""lookback_window"": 5, ""m_exploration"": 737, ""mean_window"": 2, ""safeguard"": 1}",50000,2024,"42,43",0.29606,0.2920743091963334,0.30007702548072474,14803,wilson,95,15,157
"U(0.01,0.1), eps=1e-05",narrow_e5,0.01,0.1,uniform,1e-05,binary_deep,qmetrology.algorithms.find_phi_fixed_budget_binary_search_deep,12700150,"{""conf"": 0.8, ""m_exploration"": 940}",50000,2024,"42,43",0.31482,0.31076339999632774,0.31890505227148447,15741,wilson,95,15,157
"U(0.01,0.1), eps=1e-05",narrow_e5,0.01,0.1,uniform,1e-05,reverse_eng_risk,qmetrology.algorithms.find_phi_fixed_budget_reverse_engineering_risk,12700150,"{""m_exploration"": 12306}",50000,2024,"42,43",0.32048,0.316403535574494,0.32458404705385485,16024,wilson,95,15,157
"U(0.01,0.1), eps=1e-05",narrow_e5,0.01,0.1,uniform,1e-05,brute,qmetrology.algorithms.find_phi_fixed_budget_brute_force,17990835,{},50000,2024,"42,43",0.25982,0.25599469044584156,0.26368221238212664,12991,wilson,95,15,157
"U(0.01,0.1), eps=1e-05",narrow_e5,0.01,0.1,uniform,1e-05,linear,qmetrology.algorithms.find_phi_fixed_budget_linear_search,17990835,"{""inc"": 2, ""lookback_window"": 12, ""m_exploration"": 204, ""mean_window"": 0, ""safeguard"": 1}",50000,2024,"42,43",0.35178,0.3476059112951031,0.3559768621962843,17589,wilson,95,15,157
"U(0.01,0.1), eps=1e-05",narrow_e5,0.01,0.1,uniform,1e-05,binary_deep,qmetrology.algorithms.find_phi_fixed_budget_binary_search_deep,17990835,"{""conf"": 0.9, ""m_exploration"": 1429}",50000,2024,"42,43",0.36486,0.3606510316246253,0.3690897321699106,18243,wilson,95,15,157
"U(0.01,0.1), eps=1e-05",narrow_e5,0.01,0.1,uniform,1e-05,reverse_eng_risk,qmetrology.algorithms.find_phi_fixed_budget_reverse_engineering_risk,17990835,"{""m_exploration"": 12952}",50000,2024,"42,43",0.37918,0.37493669680190267,0.38344186677406167,18959,wilson,95,15,157
"U(0.01,0.1), eps=1e-05",narrow_e5,0.01,0.1,uniform,1e-05,brute,qmetrology.algorithms.find_phi_fixed_budget_brute_force,25485535,{},50000,2024,"42,43",0.30742,0.3033904296183537,0.3114791596339159,15371,wilson,95,15,157
"U(0.01,0.1), eps=1e-05",narrow_e5,0.01,0.1,uniform,1e-05,linear,qmetrology.algorithms.find_phi_fixed_budget_linear_search,25485535,"{""inc"": 1, ""lookback_window"": 12, ""m_exploration"": 415, ""mean_window"": 4, ""safeguard"": 2}",50000,2024,"42,43",0.41382,0.4095097587492129,0.41814348251031863,20691,wilson,95,15,157
"U(0.01,0.1), eps=1e-05",narrow_e5,0.01,0.1,uniform,1e-05,binary_deep,qmetrology.algorithms.find_phi_fixed_budget_binary_search_deep,25485535,"{""conf"": 0.52, ""m_exploration"": 2888}",50000,2024,"42,43",0.43042,0.42608553929369897,0.434765151433131,21521,wilson,95,15,157
"U(0.01,0.1), eps=1e-05",narrow_e5,0.01,0.1,uniform,1e-05,reverse_eng_risk,qmetrology.algorithms.find_phi_fixed_budget_reverse_engineering_risk,25485535,"{""m_exploration"": 22132}",50000,2024,"42,43",0.44158,0.4372320577976514,0.4459369182336995,22079,wilson,95,15,157
"U(0.01,0.1), eps=1e-05",narrow_e5,0.01,0.1,uniform,1e-05,brute,qmetrology.algorithms.find_phi_fixed_budget_brute_force,36102410,{},50000,2024,"42,43",0.36022,0.3560230161384383,0.3644384605760816,18011,wilson,95,15,157
"U(0.01,0.1), eps=1e-05",narrow_e5,0.01,0.1,uniform,1e-05,linear,qmetrology.algorithms.find_phi_fixed_budget_linear_search,36102410,"{""inc"": 1, ""lookback_window"": 12, ""m_exploration"": 153, ""mean_window"": 0, ""safeguard"": 1}",50000,2024,"42,43",0.4922,0.4878186881125223,0.4965825103305543,24610,wilson,95,15,157
"U(0.01,0.1), eps=1e-05",narrow_e5,0.01,0.1,uniform,1e-05,binary_deep,qmetrology.algorithms.find_phi_fixed_budget_binary_search_deep,36102410,"{""conf"": 0.52, ""m_exploration"": 1127}",50000,2024,"42,43",0.50006,0.49567755106583367,0.5044424397153734,25003,wilson,95,15,157
"U(0.01,0.1), eps=1e-05",narrow_e5,0.01,0.1,uniform,1e-05,reverse_eng_risk,qmetrology.algorithms.find_phi_fixed_budget_reverse_engineering_risk,36102410,"{""m_exploration"": 13269}",50000,2024,"42,43",0.51096,0.5065777665586481,0.5153405494751827,25548,wilson,95,15,157
"U(0.01,0.1), eps=1e-05",narrow_e5,0.01,0.1,uniform,1e-05,brute,qmetrology.algorithms.find_phi_fixed_budget_brute_force,51142110,{},50000,2024,"42,43",0.42194,0.41761728542808785,0.4262747082214715,21097,wilson,95,15,157
"U(0.01,0.1), eps=1e-05",narrow_e5,0.01,0.1,uniform,1e-05,linear,qmetrology.algorithms.find_phi_fixed_budget_linear_search,51142110,"{""inc"": 2, ""lookback_window"": 5, ""m_exploration"": 2041, ""mean_window"": 1, ""safeguard"": 1}",50000,2024,"42,43",0.55526,0.5509001556119685,0.559611353879773,27763,wilson,95,15,157
"U(0.01,0.1), eps=1e-05",narrow_e5,0.01,0.1,uniform,1e-05,binary_deep,qmetrology.algorithms.find_phi_fixed_budget_binary_search_deep,51142110,"{""conf"": 0.75, ""m_exploration"": 1819}",50000,2024,"42,43",0.57594,0.571602558753241,0.580265773327882,28797,wilson,95,15,157
"U(0.01,0.1), eps=1e-05",narrow_e5,0.01,0.1,uniform,1e-05,reverse_eng_risk,qmetrology.algorithms.find_phi_fixed_budget_reverse_engineering_risk,51142110,"{""m_exploration"": 9788}",50000,2024,"42,43",0.58464,0.5803142958665348,0.5889526994896179,29232,wilson,95,15,157
"U(0.01,0.1), eps=1e-05",narrow_e5,0.01,0.1,uniform,1e-05,brute,qmetrology.algorithms.find_phi_fixed_budget_brute_force,72447113,{},50000,2024,"42,43",0.49206,0.4876787181829985,0.49644250177059485,24603,wilson,95,15,157
"U(0.01,0.1), eps=1e-05",narrow_e5,0.01,0.1,uniform,1e-05,linear,qmetrology.algorithms.find_phi_fixed_budget_linear_search,72447113,"{""inc"": 1, ""lookback_window"": 8, ""m_exploration"": 1624, ""mean_window"": 2, ""safeguard"": 1}",50000,2024,"42,43",0.63902,0.6347996641101669,0.6432189759466899,31951,wilson,95,15,157
"U(0.01,0.1), eps=1e-05",narrow_e5,0.01,0.1,uniform,1e-05,binary_deep,qmetrology.algorithms.find_phi_fixed_budget_binary_search_deep,72447113,"{""conf"": 0.85, ""m_exploration"": 11860}",50000,2024,"42,43",0.64658,0.6423788294845727,0.6507586490043791,32329,wilson,95,15,157
"U(0.01,0.1), eps=1e-05",narrow_e5,0.01,0.1,uniform,1e-05,reverse_eng_risk,qmetrology.algorithms.find_phi_fixed_budget_reverse_engineering_risk,72447113,"{""m_exploration"": 5262}",50000,2024,"42,43",0.65946,0.6552941314047883,0.6636013681166214,32973,wilson,95,15,157
"U(0.01,0.1), eps=1e-05",narrow_e5,0.01,0.1,uniform,1e-05,brute,qmetrology.algorithms.find_phi_fixed_budget_brute_force,102627447,{},50000,2024,"42,43",0.56782,0.5634728440827598,0.5721567356083351,28391,wilson,95,15,157
"U(0.01,0.1), eps=1e-05",narrow_e5,0.01,0.1,uniform,1e-05,linear,qmetrology.algorithms.find_phi_fixed_budget_linear_search,102627447,"{""inc"": 1, ""lookback_window"": 8, ""m_exploration"": 1578, ""mean_window"": 2, ""safeguard"": 1}",50000,2024,"42,43",0.71476,0.7107858684758703,0.7187011343914187,35738,wilson,95,15,157
"U(0.01,0.1), eps=1e-05",narrow_e5,0.01,0.1,uniform,1e-05,binary_deep,qmetrology.algorithms.find_phi_fixed_budget_binary_search_deep,102627447,"{""conf"": 0.52, ""m_exploration"": 1441}",50000,2024,"42,43",0.72652,0.7225956530856826,0.7304095428981988,36326,wilson,95,15,157
"U(0.01,0.1), eps=1e-05",narrow_e5,0.01,0.1,uniform,1e-05,reverse_eng_risk,qmetrology.algorithms.find_phi_fixed_budget_reverse_engineering_risk,102627447,"{""m_exploration"": 12269}",50000,2024,"42,43",0.7364,0.7325201187969966,0.7402435591589877,36820,wilson,95,15,157
"U(0.01,0.1), eps=1e-05",narrow_e5,0.01,0.1,uniform,1e-05,brute,qmetrology.algorithms.find_phi_fixed_budget_brute_force,145380436,{},50000,2024,"42,43",0.6522,0.6480138187389148,0.6563627962564353,32610,wilson,95,15,157
"U(0.01,0.1), eps=1e-05",narrow_e5,0.01,0.1,uniform,1e-05,linear,qmetrology.algorithms.find_phi_fixed_budget_linear_search,145380436,"{""inc"": 1, ""lookback_window"": 8, ""m_exploration"": 1495, ""mean_window"": 2, ""safeguard"": 1}",50000,2024,"42,43",0.78628,0.7826649365277372,0.7898510775384182,39314,wilson,95,15,157
"U(0.01,0.1), eps=1e-05",narrow_e5,0.01,0.1,uniform,1e-05,binary_deep,qmetrology.algorithms.find_phi_fixed_budget_binary_search_deep,145380436,"{""conf"": 0.52, ""m_exploration"": 4225}",50000,2024,"42,43",0.8033,0.7997925467935934,0.8067608522083103,40165,wilson,95,15,157
"U(0.01,0.1), eps=1e-05",narrow_e5,0.01,0.1,uniform,1e-05,reverse_eng_risk,qmetrology.algorithms.find_phi_fixed_budget_reverse_engineering_risk,145380436,"{""m_exploration"": 6932}",50000,2024,"42,43",0.80696,0.8034769755224428,0.810395861133094,40348,wilson,95,15,157
"U(0.01,0.1), eps=1e-05",narrow_e5,0.01,0.1,uniform,1e-05,brute,qmetrology.algorithms.find_phi_fixed_budget_brute_force,205943651,{},50000,2024,"42,43",0.7351,0.7312141270683556,0.7389497506281413,36755,wilson,95,15,157
"U(0.01,0.1), eps=1e-05",narrow_e5,0.01,0.1,uniform,1e-05,linear,qmetrology.algorithms.find_phi_fixed_budget_linear_search,205943651,"{""inc"": 1, ""lookback_window"": 5, ""m_exploration"": 10242, ""mean_window"": 1, ""safeguard"": 1}",50000,2024,"42,43",0.85482,0.8517049067322474,0.8578805763994882,42741,wilson,95,15,157
"U(0.01,0.1), eps=1e-05",narrow_e5,0.01,0.1,uniform,1e-05,binary_deep,qmetrology.algorithms.find_phi_fixed_budget_binary_search_deep,205943651,"{""conf"": 0.75, ""m_exploration"": 11559}",50000,2024,"42,43",0.86698,0.8639751496847952,0.8699284651049133,43349,wilson,95,15,157
"U(0.01,0.1), eps=1e-05",narrow_e5,0.01,0.1,uniform,1e-05,reverse_eng_risk,qmetrology.algorithms.find_phi_fixed_budget_reverse_engineering_risk,205943651,"{""m_exploration"": 8304}",50000,2024,"42,43",0.87042,0.8674477985899843,0.8733352876555981,43521,wilson,95,15,157
"U(0.01,0.1), eps=1e-05",narrow_e5,0.01,0.1,uniform,1e-05,brute,qmetrology.algorithms.find_phi_fixed_budget_brute_force,291736555,{},50000,2024,"42,43",0.81692,0.8135059019538246,0.8202854043820914,40846,wilson,95,15,157
"U(0.01,0.1), eps=1e-05",narrow_e5,0.01,0.1,uniform,1e-05,linear,qmetrology.algorithms.find_phi_fixed_budget_linear_search,291736555,"{""inc"": 1, ""lookback_window"": 5, ""m_exploration"": 12424, ""mean_window"": 1, ""safeguard"": 1}",50000,2024,"42,43",0.90878,0.9062247990403938,0.9112723933235962,45439,wilson,95,15,157
"U(0.01,0.1), eps=1e-05",narrow_e5,0.01,0.1,uniform,1e-05,binary_deep,qmetrology.algorithms.find_phi_fixed_budget_binary_search_deep,291736555,"{""conf"": 0.8, ""m_exploration"": 23515}",50000,2024,"42,43",0.91858,0.9161506143043052,0.9209450723235113,45929,wilson,95,15,157
"U(0.01,0.1), eps=1e-05",narrow_e5,0.01,0.1,uniform,1e-05,reverse_eng_risk,qmetrology.algorithms.find_phi_fixed_budget_reverse_engineering_risk,291736555,"{""m_exploration"": 11716}",50000,2024,"42,43",0.92294,0.9205698039571195,0.9252452127717465,46147,wilson,95,15,157
"U(0.01,0.1), eps=1e-05",narrow_e5,0.01,0.1,uniform,1e-05,brute,qmetrology.algorithms.find_phi_fixed_budget_brute_force,413269439,{},50000,2024,"42,43",0.88656,0.8837505363789723,0.8893100700113207,44328,wilson,95,15,157
"U(0.01,0.1), eps=1e-05",narrow_e5,0.01,0.1,uniform,1e-05,linear,qmetrology.algorithms.find_phi_fixed_budget_linear_search,413269439,"{""inc"": 1, ""lookback_window"": 6, ""m_exploration"": 20503, ""mean_window"": 1, ""safeguard"": 1}",50000,2024,"42,43",0.94844,0.9464670021603979,0.9503440965814868,47422,wilson,95,15,157
"U(0.01,0.1), eps=1e-05",narrow_e5,0.01,0.1,uniform,1e-05,binary_deep,qmetrology.algorithms.find_phi_fixed_budget_binary_search_deep,413269439,"{""conf"": 0.52, ""m_exploration"": 3520}",50000,2024,"42,43",0.95766,0.9558595608080253,0.9593901213126842,47883,wilson,95,15,157
"U(0.01,0.1), eps=1e-05",narrow_e5,0.01,0.1,uniform,1e-05,reverse_eng_risk,qmetrology.algorithms.find_phi_fixed_budget_reverse_engineering_risk,413269439,"{""m_exploration"": 44831}",50000,2024,"42,43",0.95904,0.9572671974591269,0.960742272629346,47952,wilson,95,15,157
"U(0.01,0.1), eps=1e-05",narrow_e5,0.01,0.1,uniform,1e-05,brute,qmetrology.algorithms.find_phi_fixed_budget_brute_force,585431022,{},50000,2024,"42,43",0.94044,0.9383315033355303,0.9424808245787409,47022,wilson,95,15,157
"U(0.01,0.1), eps=1e-05",narrow_e5,0.01,0.1,uniform,1e-05,linear,qmetrology.algorithms.find_phi_fixed_budget_linear_search,585431022,"{""inc"": 1, ""lookback_window"": 6, ""m_exploration"": 8660, ""mean_window"": 8, ""safeguard"": 1}",50000,2024,"42,43",0.97376,0.9723220794450292,0.9751251289662527,48688,wilson,95,15,157
"U(0.01,0.1), eps=1e-05",narrow_e5,0.01,0.1,uniform,1e-05,binary_deep,qmetrology.algorithms.find_phi_fixed_budget_binary_search_deep,585431022,"{""conf"": 0.95, ""m_exploration"": 27775}",50000,2024,"42,43",0.98026,0.9790033027628157,0.9814429069459026,49013,wilson,95,15,157
"U(0.01,0.1), eps=1e-05",narrow_e5,0.01,0.1,uniform,1e-05,reverse_eng_risk,qmetrology.algorithms.find_phi_fixed_budget_reverse_engineering_risk,585431022,"{""m_exploration"": 503}",50000,2024,"42,43",0.9794,0.9781176529161905,0.9806086889285593,48970,wilson,95,15,157
"U(0.01,0.1), eps=1e-05",narrow_e5,0.01,0.1,uniform,1e-05,brute,qmetrology.algorithms.find_phi_fixed_budget_brute_force,829312426,{},50000,2024,"42,43",0.97448,0.9730608609617478,0.9758262368240195,48724,wilson,95,15,157
"U(0.01,0.1), eps=1e-05",narrow_e5,0.01,0.1,uniform,1e-05,linear,qmetrology.algorithms.find_phi_fixed_budget_linear_search,829312426,"{""inc"": 1, ""lookback_window"": 6, ""m_exploration"": 17078, ""mean_window"": 6, ""safeguard"": 1}",50000,2024,"42,43",0.9888,0.9878393052125491,0.9896855923546466,49440,wilson,95,15,157
"U(0.01,0.1), eps=1e-05",narrow_e5,0.01,0.1,uniform,1e-05,binary_deep,qmetrology.algorithms.find_phi_fixed_budget_binary_search_deep,829312426,"{""conf"": 0.85, ""m_exploration"": 22129}",50000,2024,"42,43",0.99358,0.9928410274700973,0.9942431356665976,49679,wilson,95,15,157
"U(0.01,0.1), eps=1e-05",narrow_e5,0.01,0.1,uniform,1e-05,reverse_eng_risk,qmetrology.algorithms.find_phi_fixed_budget_reverse_engineering_risk,829312426,"{""m_exploration"": 219}",50000,2024,"42,43",0.99186,0.9910337474868011,0.9926106799219568,49593,wilson,95,15,157
"U(0.01,0.1), eps=1e-05",narrow_e5,0.01,0.1,uniform,1e-05,brute,qmetrology.algorithms.find_phi_fixed_budget_brute_force,1174791008,{},50000,2024,"42,43",0.99266,0.9918730351756453,0.993371269315874,49633,wilson,95,15,157
"U(0.01,0.1), eps=1e-05",narrow_e5,0.01,0.1,uniform,1e-05,linear,qmetrology.algorithms.find_phi_fixed_budget_linear_search,1174791008,"{""inc"": 1, ""lookback_window"": 4, ""m_exploration"": 12411, ""mean_window"": 2, ""safeguard"": 1}",50000,2024,"42,43",0.99716,0.996653813792065,0.9975897992899873,49858,wilson,95,15,157
"U(0.01,0.1), eps=1e-05",narrow_e5,0.01,0.1,uniform,1e-05,binary_deep,qmetrology.algorithms.find_phi_fixed_budget_binary_search_deep,1174791008,"{""conf"": 0.5, ""m_exploration"": 3844}",50000,2024,"42,43",0.99822,0.9978102860306499,0.998553164186061,49911,wilson,95,15,157
"U(0.01,0.1), eps=1e-05",narrow_e5,0.01,0.1,uniform,1e-05,reverse_eng_risk,qmetrology.algorithms.find_phi_fixed_budget_reverse_engineering_risk,1174791008,"{""m_exploration"": 238}",50000,2024,"42,43",0.99788,0.9974368030399742,0.9982466994165632,49894,wilson,95,15,157
"U(0.01,0.1), eps=1e-05",narrow_e5,0.01,0.1,uniform,1e-05,brute,qmetrology.algorithms.find_phi_fixed_budget_brute_force,1664190563,{},50000,2024,"42,43",0.9985,0.998120340633724,0.9988030665619534,49925,wilson,95,15,157
"U(0.01,0.1), eps=1e-05",narrow_e5,0.01,0.1,uniform,1e-05,linear,qmetrology.algorithms.find_phi_fixed_budget_linear_search,1664190563,"{""inc"": 1, ""lookback_window"": 3, ""m_exploration"": 134680, ""mean_window"": 1, ""safeguard"": 1}",50000,2024,"42,43",0.99958,0.9993579764083839,0.9997252648490215,49979,wilson,95,15,157
"U(0.01,0.1), eps=1e-05",narrow_e5,0.01,0.1,uniform,1e-05,binary_deep,qmetrology.algorithms.find_phi_fixed_budget_binary_search_deep,1664190563,"{""conf"": 0.5, ""m_exploration"": 882}",50000,2024,"42,43",0.99934,0.999073294024843,0.9995299841077339,49967,wilson,95,15,157
"U(0.01,0.1), eps=1e-05",narrow_e5,0.01,0.1,uniform,1e-05,reverse_eng_risk,qmetrology.algorithms.find_phi_fixed_budget_reverse_engineering_risk,1664190563,"{""m_exploration"": 57}",50000,2024,"42,43",0.99952,0.9992858445090724,0.9996774059671256,49976,wilson,95,15,157
"U(0.01,0.1), eps=1e-05",narrow_e5,0.01,0.1,uniform,1e-05,brute,qmetrology.algorithms.find_phi_fixed_budget_brute_force,2357466314,{},50000,2024,"42,43",0.99992,0.9997942998811324,0.9999688891364464,49996,wilson,95,15,157
"U(0.01,0.1), eps=1e-05",narrow_e5,0.01,0.1,uniform,1e-05,linear,qmetrology.algorithms.find_phi_fixed_budget_linear_search,2357466314,"{""inc"": 1, ""lookback_window"": 1, ""m_exploration"": 7, ""mean_window"": 1, ""safeguard"": 1}",50000,2024,"42,43",0.99976,0.9995805139284714,0.9998626996725551,49988,wilson,95,15,157
"U(0.01,0.1), eps=1e-05",narrow_e5,0.01,0.1,uniform,1e-05,binary_deep,qmetrology.algorithms.find_phi_fixed_budget_binary_search_deep,2357466314,"{""conf"": 0.5, ""m_exploration"": 155}",50000,2024,"42,43",0.99966,0.9994555287207586,0.9997877002449228,49983,wilson,95,15,157
"U(0.01,0.1), eps=1e-05",narrow_e5,0.01,0.1,uniform,1e-05,reverse_eng_risk,qmetrology.algorithms.find_phi_fixed_budget_reverse_engineering_risk,2357466314,"{""m_exploration"": 13}",50000,2024,"42,43",0.99988,0.9997381933633732,0.9999450018000674,49994,wilson,95,15,157
"U(0.01,0.1), eps=1e-05",narrow_e5,0.01,0.1,uniform,1e-05,brute,qmetrology.algorithms.find_phi_fixed_budget_brute_force,3339549897,{},50000,2024,"42,43",1.0,0.9999231767258548,0.9999999999999999,50000,wilson,95,15,157
"U(0.01,0.1), eps=1e-05",narrow_e5,0.01,0.1,uniform,1e-05,linear,qmetrology.algorithms.find_phi_fixed_budget_linear_search,3339549897,"{""inc"": 1, ""lookback_window"": 1, ""m_exploration"": 1, ""mean_window"": 1, ""safeguard"": 1}",50000,2024,"42,43",1.0,0.9999231767258548,0.9999999999999999,50000,wilson,95,15,157
"U(0.01,0.1), eps=1e-05",narrow_e5,0.01,0.1,uniform,1e-05,binary_deep,qmetrology.algorithms.find_phi_fixed_budget_binary_search_deep,3339549897,"{""conf"": 0.5, ""m_exploration"": 26}",50000,2024,"42,43",0.9995,0.9992619647208733,0.999661288828256,49975,wilson,95,15,157
"U(0.01,0.1), eps=1e-05",narrow_e5,0.01,0.1,uniform,1e-05,reverse_eng_risk,qmetrology.algorithms.find_phi_fixed_budget_reverse_engineering_risk,3339549897,"{""m_exploration"": 1}",50000,2024,"42,43",0.99998,0.9998867102986088,0.9999964695001772,49999,wilson,95,15,157
"U(0.01,0.1), eps=1e-05",narrow_e5,0.01,0.1,uniform,1e-05,brute,qmetrology.algorithms.find_phi_fixed_budget_brute_force,4730754135,{},50000,2024,"42,43",1.0,0.9999231767258548,0.9999999999999999,50000,wilson,95,15,157
"U(0.01,0.1), eps=1e-05",narrow_e5,0.01,0.1,uniform,1e-05,linear,qmetrology.algorithms.find_phi_fixed_budget_linear_search,4730754135,"{""inc"": 1, ""lookback_window"": 1, ""m_exploration"": 1, ""mean_window"": 1, ""safeguard"": 1}",50000,2024,"42,43",1.0,0.9999231767258548,0.9999999999999999,50000,wilson,95,15,157
"U(0.01,0.1), eps=1e-05",narrow_e5,0.01,0.1,uniform,1e-05,binary_deep,qmetrology.algorithms.find_phi_fixed_budget_binary_search_deep,4730754135,"{""conf"": 0.5, ""m_exploration"": 12}",50000,2024,"42,43",0.99954,0.9993098029765327,0.9996934444267344,49977,wilson,95,15,157
"U(0.01,0.1), eps=1e-05",narrow_e5,0.01,0.1,uniform,1e-05,reverse_eng_risk,qmetrology.algorithms.find_phi_fixed_budget_reverse_engineering_risk,4730754135,"{""m_exploration"": 1}",50000,2024,"42,43",1.0,0.9999231767258548,0.9999999999999999,50000,wilson,95,15,157
"U(0.01,0.1), eps=1e-05",narrow_e5,0.01,0.1,uniform,1e-05,brute,qmetrology.algorithms.find_phi_fixed_budget_brute_force,6701512293,{},50000,2024,"42,43",1.0,0.9999231767258548,0.9999999999999999,50000,wilson,95,15,157
"U(0.01,0.1), eps=1e-05",narrow_e5,0.01,0.1,uniform,1e-05,linear,qmetrology.algorithms.find_phi_fixed_budget_linear_search,6701512293,"{""inc"": 1, ""lookback_window"": 1, ""m_exploration"": 1, ""mean_window"": 1, ""safeguard"": 1}",50000,2024,"42,43",1.0,0.9999231767258548,0.9999999999999999,50000,wilson,95,15,157
"U(0.01,0.1), eps=1e-05",narrow_e5,0.01,0.1,uniform,1e-05,binary_deep,qmetrology.algorithms.find_phi_fixed_budget_binary_search_deep,6701512293,"{""conf"": 0.5, ""m_exploration"": 7}",50000,2024,"42,43",0.99996,0.9998541523830182,0.9999890304886985,49998,wilson,95,15,157
"U(0.01,0.1), eps=1e-05",narrow_e5,0.01,0.1,uniform,1e-05,reverse_eng_risk,qmetrology.algorithms.find_phi_fixed_budget_reverse_engineering_risk,6701512293,"{""m_exploration"": 1}",50000,2024,"42,43",1.0,0.9999231767258548,0.9999999999999999,50000,wilson,95,15,157
"U(0.01,0.1), eps=1e-05",narrow_e5,0.01,0.1,uniform,1e-05,brute,qmetrology.algorithms.find_phi_fixed_budget_brute_force,9493257466,{},50000,2024,"42,43",1.0,0.9999231767258548,0.9999999999999999,50000,wilson,95,15,157
"U(0.01,0.1), eps=1e-05",narrow_e5,0.01,0.1,uniform,1e-05,linear,qmetrology.algorithms.find_phi_fixed_budget_linear_search,9493257466,"{""inc"": 1, ""lookback_window"": 1, ""m_exploration"": 1, ""mean_window"": 1, ""safeguard"": 1}",50000,2024,"42,43",1.0,0.9999231767258548,0.9999999999999999,50000,wilson,95,15,157
"U(0.01,0.1), eps=1e-05",narrow_e5,0.01,0.1,uniform,1e-05,binary_deep,qmetrology.algorithms.find_phi_fixed_budget_binary_search_deep,9493257466,"{""conf"": 0.5, ""m_exploration"": 3}",50000,2024,"42,43",0.99996,0.9998541523830182,0.9999890304886985,49998,wilson,95,15,157
"U(0.01,0.1), eps=1e-05",narrow_e5,0.01,0.1,uniform,1e-05,reverse_eng_risk,qmetrology.algorithms.find_phi_fixed_budget_reverse_engineering_risk,9493257466,"{""m_exploration"": 1}",50000,2024,"42,43",1.0,0.9999231767258548,0.9999999999999999,50000,wilson,95,15,157
"U(0.01,0.1), eps=1e-05",narrow_e5,0.01,0.1,uniform,1e-05,brute,qmetrology.algorithms.find_phi_fixed_budget_brute_force,13447999999,{},50000,2024,"42,43",1.0,0.9999231767258548,0.9999999999999999,50000,wilson,95,15,157
"U(0.01,0.1), eps=1e-05",narrow_e5,0.01,0.1,uniform,1e-05,linear,qmetrology.algorithms.find_phi_fixed_budget_linear_search,13447999999,"{""inc"": 1, ""lookback_window"": 1, ""m_exploration"": 1, ""mean_window"": 1, ""safeguard"": 1}",50000,2024,"42,43",1.0,0.9999231767258548,0.9999999999999999,50000,wilson,95,15,157
"U(0.01,0.1), eps=1e-05",narrow_e5,0.01,0.1,uniform,1e-05,binary_deep,qmetrology.algorithms.find_phi_fixed_budget_binary_search_deep,13447999999,"{""conf"": 0.5, ""m_exploration"": 1}",50000,2024,"42,43",1.0,0.9999231767258548,0.9999999999999999,50000,wilson,95,15,157
"U(0.01,0.1), eps=1e-05",narrow_e5,0.01,0.1,uniform,1e-05,reverse_eng_risk,qmetrology.algorithms.find_phi_fixed_budget_reverse_engineering_risk,13447999999,"{""m_exploration"": 1}",50000,2024,"42,43",1.0,0.9999231767258548,0.9999999999999999,50000,wilson,95,15,157
"U(0.01,0.1), eps=1e-06",narrow_e6,0.01,0.1,uniform,1e-06,brute,qmetrology.algorithms.find_phi_fixed_budget_brute_force,896533333,{},50000,2024,"42,43",0.18698,0.18358657218811344,0.1904215222544323,9349,wilson,95,15,157
"U(0.01,0.1), eps=1e-06",narrow_e6,0.01,0.1,uniform,1e-06,linear,qmetrology.algorithms.find_phi_fixed_budget_linear_search,896533333,"{""inc"": 1, ""lookback_window"": 5, ""m_exploration"": 9889, ""mean_window"": 1, ""safeguard"": 1}",50000,2024,"42,43",0.26624,0.2623839124938683,0.27013200392325987,13312,wilson,95,15,157
"U(0.01,0.1), eps=1e-06",narrow_e6,0.01,0.1,uniform,1e-06,binary_deep,qmetrology.algorithms.find_phi_fixed_budget_binary_search_deep,896533333,"{""conf"": 0.95, ""m_exploration"": 1781}",50000,2024,"42,43",0.272,0.2681171895338535,0.27591784187915663,13600,wilson,95,15,157
"U(0.01,0.1), eps=1e-06",narrow_e6,0.01,0.1,uniform,1e-06,reverse_eng_risk,qmetrology.algorithms.find_phi_fixed_budget_reverse_engineering_risk,896533333,"{""m_exploration"": 97251}",50000,2024,"42,43",0.27634,0.27243760042749116,0.28027676415949926,13817,wilson,95,15,157
"U(0.01,0.1), eps=1e-06",narrow_e6,0.01,0.1,uniform,1e-06,brute,qmetrology.algorithms.find_phi_fixed_budget_brute_force,1270015093,{},50000,2024,"42,43",0.221,0.2173846387505806,0.22465822863639232,11050,wilson,95,15,157
"U(0.01,0.1), eps=1e-06",narrow_e6,0.01,0.1,uniform,1e-06,linear,qmetrology.algorithms.find_phi_fixed_budget_linear_search,1270015093,"{""inc"": 1, ""lookback_window"": 6, ""m_exploration"": 9426, ""mean_window"": 2, ""safeguard"": 1}",50000,2024,"42,43",0.31014,0.30610035373294314,0.3142088176007151,15507,wilson,95,15,157
"U(0.01,0.1), eps=1e-06",narrow_e6,0.01,0.1,uniform,1e-06,binary_deep,qmetrology.algorithms.find_phi_fixed_budget_binary_search_deep,1270015093,"{""conf"": 0.75, ""m_exploration"": 21280}",50000,2024,"42,43",0.32578,0.3216855610149484,0.3299012072866946,16289,wilson,95,15,157
"U(0.01,0.1), eps=1e-06",narrow_e6,0.01,0.1,uniform,1e-06,reverse_eng_risk,qmetrology.algorithms.find_phi_fixed_budget_reverse_engineering_risk,1270015093,"{""m_exploration"": 232357}",50000,2024,"42,43",0.32518,0.3210875657177672,0.32929929477180486,16259,wilson,95,15,157
"U(0.01,0.1), eps=1e-06",narrow_e6,0.01,0.1,uniform,1e-06,brute,qmetrology.algorithms.find_phi_fixed_budget_brute_force,1799083511,{},50000,2024,"42,43",0.25916,0.2553379148024664,0.2630190894322237,12958,wilson,95,15,157
"U(0.01,0.1), eps=1e-06",narrow_e6,0.01,0.1,uniform,1e-06,linear,qmetrology.algorithms.find_phi_fixed_budget_linear_search,1799083511,"{""inc"": 1, ""lookback_window"": 8, ""m_exploration"": 1498, ""mean_window"": 2, ""safeguard"": 1}",50000,2024,"42,43",0.36886,0.36464103967373335,0.3730991095346094,18443,wilson,95,15,157
"U(0.01,0.1), eps=1e-06",narrow_e6,0.01,0.1,uniform,1e-06,binary_deep,qmetrology.algorithms.find_phi_fixed_budget_binary_search_deep,1799083511,"{""conf"": 0.66, ""m_exploration"": 2288}",50000,2024,"42,43",0.37572,0.37148462894022355,0.3799744662527978,18786,wilson,95,15,157
"U(0.01,0.1), eps=1e-06",narrow_e6,0.01,0.1,uniform,1e-06,reverse_eng_risk,qmetrology.algorithms.find_phi_fixed_budget_reverse_engineering_risk,1799083511,"{""m_exploration"": 162716}",50000,2024,"42,43",0.38228,0.37802978507201923,0.3865483021996454,19114,wilson,95,15,157
"U(0.01,0.1), eps=1e-06",narrow_e6,0.01,0.1,uniform,1e-06,brute,qmetrology.algorithms.find_phi_fixed_budget_brute_force,2548553554,{},50000,2024,"42,43",0.30736,0.30333065373606244,0.31141894473500015,15368,wilson,95,15,157
"U(0.01,0.1), eps=1e-06",narrow_e6,0.01,0.1,uniform,1e-06,linear,qmetrology.algorithms.find_phi_fixed_budget_linear_search,2548553554,"{""inc"": 1, ""lookback_window"": 8, ""m_exploration"": 1318, ""mean_window"": 3, ""safeguard"": 1}",50000,2024,"42,43",0.4278,0.42346902938975584,0.4321420638910306,21390,wilson,95,15,157
"U(0.01,0.1), eps=1e-06",narrow_e6,0.01,0.1,uniform,1e-06,binary_deep,qmetrology.algorithms.find_phi_fixed_budget_binary_search_deep,2548553554,"{""conf"": 0.9, ""m_exploration"": 95955}",50000,2024,"42,43",0.4414,0.43705225750877,0.4457567461789597,22070,wilson,95,15,157
"U(0.01,0.1), eps=1e-06",narrow_e6,0.01,0.1,uniform,1e-06,reverse_eng_risk,qmetrology.algorithms.find_phi_fixed_budget_reverse_engineering_risk,2548553554,"{""m_exploration"": 8910}",50000,2024,"42,43",0.44162,0.43727201349613715,0.4459769563893519,22081,wilson,95,15,157
"U(0.01,0.1), eps=1e-06",narrow_e6,0.01,0.1,uniform,1e-06,brute,qmetrology.algorithms.find_phi_fixed_budget_brute_force,3610241091,{},50000,2024,"42,43",0.3602,0.35600306871613246,0.3644184110713184,18010,wilson,95,15,157
"U(0.01,0.1), eps=1e-06",narrow_e6,0.01,0.1,uniform,1e-06,linear,qmetrology.algorithms.find_phi_fixed_budget_linear_search,3610241091,"{""inc"": 1, ""lookback_window"": 12, ""m_exploration"": 5212, ""mean_window"": 2, ""safeguard"": 1}",50000,2024,"42,43",0.4945,0.4901182432972212,0.4988826017587943,24725,wilson,95,15,157
"U(0.01,0.1), eps=1e-06",narrow_e6,0.01,0.1,uniform,1e-06,binary_deep,qmetrology.algorithms.find_phi_fixed_budget_binary_search_deep,3610241091,"{""conf"": 0.8, ""m_exploration"": 2950}",50000,2024,"42,43",0.50656,0.5021774288549694,0.5109415632236738,25328,wilson,95,15,157
"U(0.01,0.1), eps=1e-06",narrow_e6,0.01,0.1,uniform,1e-06,reverse_eng_risk,qmetrology.algorithms.find_phi_fixed_budget_reverse_engineering_risk,3610241091,"{""m_exploration"": 153286}",50000,2024,"42,43",0.5138,0.5094181648576219,0.5181797148200118,25690,wilson,95,15,157
"U(0.01,0.1), eps=1e-06",narrow_e6,0.01,0.1,uniform,1e-06,brute,qmetrology.algorithms.find_phi_fixed_budget_brute_force,5114211046,{},50000,2024,"42,43",0.4222,0.4178769059027861,0.42653504779867085,21110,wilson,95,15,157
"U(0.01,0.1), eps=1e-06",narrow_e6,0.01,0.1,uniform,1e-06,linear,qmetrology.algorithms.find_phi_fixed_budget_linear_search,5114211046,"{""inc"": 1, ""lookback_window"": 8, ""m_exploration"": 62939, ""mean_window"": 1, ""safeguard"": 1}",50000,2024,"42,43",0.56878,0.5644339305114588,0.5731155016789496,28439,wilson,95,15,157
"U(0.01,0.1), eps=1e-06",narrow_e6,0.01,0.1,uniform,1e-06,binary_deep,qmetrology.algorithms.find_phi_fixed_budget_binary_search_deep,5114211046,"{""conf"": 0.9, ""m_exploration"": 12093}",50000,2024,"42,43",0.5849,0.5805746678971078,0.5892122875109425,29245,wilson,95,15,157
"U(0.01,0.1), eps=1e-06",narrow_e6,0.01,0.1,uniform,1e-06,reverse_eng_risk,qmetrology.algorithms.find_phi_fixed_budget_reverse_engineering_risk,5114211046,"{""m_exploration"": 9249}",50000,2024,"42,43",0.5847,0.5803743816098733,0.5890126045274865,29235,wilson,95,15,157
"U(0.01,0.1), eps=1e-06",narrow_e6,0.01,0.1,uniform,1e-06,brute,qmetrology.algorithms.find_phi_fixed_budget_brute_force,7244711353,{},50000,2024,"42,43",0.49238,0.487998649955484,0.4967625208312138,24619,wilson,95,15,157
"U(0.01,0.1), eps=1e-06",narrow_e6,0.01,0.1,uniform,1e-06,linear,qmetrology.algorithms.find_phi_fixed_budget_linear_search,7244711353,"{""inc"": 1, ""lookback_window"": 6, ""m_exploration"": 277684, ""mean_window"": 2, ""safeguard"": 0}",50000,2024,"42,43",0.63398,0.6297475161385522,0.6381918982969079,31699,wilson,95,15,157
"U(0.01,0.1), eps=1e-06",narrow_e6,0.01,0.1,uniform,1e-06,binary_deep,qmetrology.algorithms.find_phi_fixed_budget_binary_search_deep,7244711353,"{""conf"": 0.7, ""m_exploration"": 4478}",50000,2024,"42,43",0.65798,0.6538099030085833,0.6621258239097179,32899,wilson,95,15,157
"U(0.01,0.1), eps=1e-06",narrow_e6,0.01,0.1,uniform,1e-06,reverse_eng_risk,qmetrology.algorithms.find_phi_fixed_budget_reverse_engineering_risk,7244711353,"{""m_exploration"": 8865}",50000,2024,"42,43",0.66184,0.6576810257527129,0.6659741080899119,33092,wilson,95,15,157
"U(0.01,0.1), eps=1e-06",narrow_e6,0.01,0.1,uniform,1e-06,brute,qmetrology.algorithms.find_phi_fixed_budget_brute_force,10262744755,{},50000,2024,"42,43",0.56812,0.563773181806778,0.5724563517903524,28406,wilson,95,15,157
"U(0.01,0.1), eps=1e-06",narrow_e6,0.01,0.1,uniform,1e-06,linear,qmetrology.algorithms.find_phi_fixed_budget_linear_search,10262744755,"{""inc"": 1, ""lookback_window"": 8, ""m_exploration"": 6424, ""mean_window"": 1, ""safeguard"": 1}",50000,2024,"42,43",0.72072,0.7167706801363943,0.7246354069974671,36036,wilson,95,15,157
"U(0.01,0.1), eps=1e-06",narrow_e6,0.01,0.1,uniform,1e-06,binary_deep,qmetrology.algorithms.find_phi_fixed_budget_binary_search_deep,10262744755,"{""conf"": 0.95, ""m_exploration"": 42070}",50000,2024,"42,43",0.73684,0.7329621565631361,0.740681453788367,36842,wilson,95,15,157
"U(0.01,0.1), eps=1e-06",narrow_e6,0.01,0.1,uniform,1e-06,reverse_eng_risk,qmetrology.algorithms.find_phi_fixed_budget_reverse_engineering_risk,10262744755,"{""m_exploration"": 13577}",50000,2024,"42,43",0.73652,0.7326406740591915,0.7403629854592069,36826,wilson,95,15,157
"U(0.01,0.1), eps=1e-06",narrow_e6,0.01,0.1,uniform,1e-06,brute,qmetrology.algorithms.find_phi_fixed_budget_brute_force,14538043655,{},50000,2024,"42,43",0.65232,0.6481341457534144,0.6564824508043501,32616,wilson,95,15,157
"U(0.01,0.1), eps=1e-06",narrow_e6,0.01,0.1,uniform,1e-06,linear,qmetrology.algorithms.find_phi_fixed_budget_linear_search,14538043655,"{""inc"": 1, ""lookback_window"": 6, ""m_exploration"": 160181, ""mean_window"": 1, ""safeguard"": 1}",50000,2024,"42,43",0.79546,0.7919017788892776,0.7989728247015645,39773,wilson,95,15,157
"U(0.01,0.1), eps=1e-06",narrow_e6,0.01,0.1,uniform,1e-06,binary_deep,qmetrology.algorithms.find_phi_fixed_budget_binary_search_deep,14538043655,"{""conf"": 0.52, ""m_exploration"": 1898}",50000,2024,"42,43",0.80256,0.7990476647617579,0.8060258479385916,40128,wilson,95,15,157
"U(0.01,0.1), eps=1e-06",narrow_e6,0.01,0.1,uniform,1e-06,reverse_eng_risk,qmetrology.algorithms.find_phi_fixed_budget_reverse_engineering_risk,14538043655,"{""m_exploration"": 12338}",50000,2024,"42,43",0.808,0.8045240036668599,0.8114286731962668,40400,wilson,95,15,157
"U(0.01,0.1), eps=1e-06",narrow_e6,0.01,0.1,uniform,1e-06,brute,qmetrology.algorithms.find_phi_fixed_budget_brute_force,20594365186,{},50000,2024,"42,43",0.73514,0.7312543107856591,0.7389895607649761,36757,wilson,95,15,157
"U(0.01,0.1), eps=1e-06",narrow_e6,0.01,0.1,uniform,1e-06,linear,qmetrology.algorithms.find_phi_fixed_budget_linear_search,20594365186,"{""inc"": 1, ""lookback_window"": 6, ""m_exploration"": 289075, ""mean_window"": 1, ""safeguard"": 1}",50000,2024,"42,43",0.858,0.8549129880214236,0.8610320065142886,42900,wilson,95,15,157
"U(0.01,0.1), eps=1e-06",narrow_e6,0.01,0.1,uniform,1e-06,binary_deep,qmetrology.algorithms.find_phi_fixed_budget_binary_search_deep,20594365186,"{""conf"": 0.52, ""m_exploration"": 40208}",50000,2024,"42,43",0.86984,0.8668622464869566,0.8727609288736236,43492,wilson,95,15,157
"U(0.01,0.1), eps=1e-06",narrow_e6,0.01,0.1,uniform,1e-06,reverse_eng_risk,qmetrology.algorithms.find_phi_fixed_budget_reverse_engineering_risk,20594365186,"{""m_exploration"": 11834}",50000,2024,"42,43",0.87122,0.8682554886114521,0.8741274747168916,43561,wilson,95,15,157
"U(0.01,0.1), eps=1e-06",narrow_e6,0.01,0.1,uniform,1e-06,brute,qmetrology.algorithms.find_phi_fixed_budget_brute_force,29173655514,{},50000,2024,"42,43",0.81704,0.8136267548396254,0.8204045330587046,40852,wilson,95,15,157
"U(0.01,0.1), eps=1e-06",narrow_e6,0.01,0.1,uniform,1e-06,linear,qmetrology.algorithms.find_phi_fixed_budget_linear_search,29173655514,"{""inc"": 1, ""lookback_window"": 6, ""m_exploration"": 388599, ""mean_window"": 1, ""safeguard"": 1}",50000,2024,"42,43",0.90988,0.9073384567027086,0.9123585666500783,45494,wilson,95,15,157
"U(0.01,0.1), eps=1e-06",narrow_e6,0.01,0.1,uniform,1e-06,binary_deep,qmetrology.algorithms.find_phi_fixed_budget_binary_search_deep,29173655514,"{""conf"": 0.52, ""m_exploration"": 4890}",50000,2024,"42,43",0.92026,0.9178531717790153,0.9226022567226002,46013,wilson,95,15,157
"U(0.01,0.1), eps=1e-06",narrow_e6,0.01,0.1,uniform,1e-06,reverse_eng_risk,qmetrology.algorithms.find_phi_fixed_budget_reverse_engineering_risk,29173655514,"{""m_exploration"": 13109}",50000,2024,"42,43",0.92234,0.919961532035431,0.9246535768813643,46117,wilson,95,15,157
"U(0.01,0.1), eps=1e-06",narrow_e6,0.01,0.1,uniform,1e-06,brute,qmetrology.algorithms.find_phi_fixed_budget_brute_force,41326943964,{},50000,2024,"42,43",0.88634,0.8835282048174441,0.8890924353750896,44317,wilson,95,15,157
"U(0.01,0.1), eps=1e-06",narrow_e6,0.01,0.1,uniform,1e-06,linear,qmetrology.algorithms.find_phi_fixed_budget_linear_search,41326943964,"{""inc"": 1, ""lookback_window"": 6, ""m_exploration"": 294133, ""mean_window"": 1, ""safeguard"": 1}",50000,2024,"42,43",0.94872,0.9467519642088079,0.9506190915120433,47436,wilson,95,15,157
"U(0.01,0.1), eps=1e-06",narrow_e6,0.01,0.1,uniform,1e-06,binary_deep,qmetrology.algorithms.find_phi_fixed_budget_binary_search_deep,41326943964,"{""conf"": 0.95, ""m_exploration"": 36446}",50000,2024,"42,43",0.95892,0.9571447733745715,0.9606247151514873,47946,wilson,95,15,157
"U(0.01,0.1), eps=1e-06",narrow_e6,0.01,0.1,uniform,1e-06,reverse_eng_risk,qmetrology.algorithms.find_phi_fixed_budget_reverse_engineering_risk,41326943964,"{""m_exploration"": 63948}",50000,2024,"42,43",0.95938,0.9576140877491679,0.9610753300994785,47969,wilson,95,15,157
"U(0.01,0.1), eps=1e-06",narrow_e6,0.01,0.1,uniform,1e-06,brute,qmetrology.algorithms.find_phi_fixed_budget_brute_force,58543102238,{},50000,2024,"42,43",0.94042,0.9383111787462093,0.9424611522409929,47021,wilson,95,15,157
"U(0.01,0.1), eps=1e-06",narrow_e6,0.01,0.1,uniform,1e-06,linear,qmetrology.algorithms.find_phi_fixed_budget_linear_search,58543102238,"{""inc"": 1, ""lookback_window"": 6, ""m_exploration"": 127984, ""mean_window"": 1, ""safeguard"": 1}",50000,2024,"42,43",0.97574,0.9743544323675875,0.9770524718235292,48787,wilson,95,15,157
"U(0.01,0.1), eps=1e-06",narrow_e6,0.01,0.1,uniform,1e-06,binary_deep,qmetrology.algorithms.find_phi_fixed_budget_binary_search_deep,58543102238,"{""conf"": 0.9, ""m_exploration"": 36073}",50000,2024,"42,43",0.98166,0.9804463630727023,0.9827996315308483,49083,wilson,95,15,157
"U(0.01,0.1), eps=1e-06",narrow_e6,0.01,0.1,uniform,1e-06,reverse_eng_risk,qmetrology.algorithms.find_phi_fixed_budget_reverse_engineering_risk,58543102238,"{""m_exploration"": 668}",50000,2024,"42,43",0.97968,0.9784059403017226,0.9808803585219937,48984,wilson,95,15,157
"U(0.01,0.1), eps=1e-06",narrow_e6,0.01,0.1,uniform,1e-06,brute,qmetrology.algorithms.find_phi_fixed_budget_brute_force,82931242693,{},50000,2024,"42,43",0.97452,0.9731019127545353,0.9758651788853703,48726,wilson,95,15,157
"U(0.01,0.1), eps=1e-06",narrow_e6,0.01,0.1,uniform,1e-06,linear,qmetrology.algorithms.find_phi_fixed_budget_linear_search,82931242693,"{""inc"": 1, ""lookback_window"": 5, ""m_exploration"": 1141918, ""mean_window"": 0, ""safeguard"": 0}",50000,2024,"42,43",0.98998,0.9890685886947564,0.9908161275695123,49499,wilson,95,15,157
"U(0.01,0.1), eps=1e-06",narrow_e6,0.01,0.1,uniform,1e-06,binary_deep,qmetrology.algorithms.find_phi_fixed_budget_binary_search_deep,82931242693,"{""conf"": 0.85, ""m_exploration"": 141254}",50000,2024,"42,43",0.99412,0.9934108428783305,0.9947532372892284,49706,wilson,95,15,157
"U(0.01,0.1), eps=1e-06",narrow_e6,0.01,0.1,uniform,1e-06,reverse_eng_risk,qmetrology.algorithms.find_phi_fixed_budget_reverse_engineering_risk,82931242693,"{""m_exploration"": 331}",50000,2024,"42,43",0.9922,0.9913901918661482,0.9929341833027833,49610,wilson,95,15,157
"U(0.01,0.1), eps=1e-06",narrow_e6,0.01,0.1,uniform,1e-06,brute,qmetrology.algorithms.find_phi_fixed_budget_brute_force,117479100897,{},50000,2024,"42,43",0.9927,0.9919150556886537,0.9934092426570039,49635,wilson,95,15,157
"U(0.01,0.1), eps=1e-06",narrow_e6,0.01,0.1,uniform,1e-06,linear,qmetrology.algorithms.find_phi_fixed_budget_linear_search,117479100897,"{""inc"": 2, ""lookback_window"": 4, ""m_exploration"": 1417402, ""mean_window"": 8, ""safeguard"": 1}",50000,2024,"42,43",0.99584,0.9952364821329542,0.9963673337625414,49792,wilson,95,15,157
"U(0.01,0.1), eps=1e-06",narrow_e6,0.01,0.1,uniform,1e-06,binary_deep,qmetrology.algorithms.find_phi_fixed_budget_binary_search_deep,117479100897,"{""conf"": 0.75, ""m_exploration"": 22127}",50000,2024,"42,43",0.99834,0.9979428557301989,0.9986605760489261,49917,wilson,95,15,157
"U(0.01,0.1), eps=1e-06",narrow_e6,0.01,0.1,uniform,1e-06,reverse_eng_risk,qmetrology.algorithms.find_phi_fixed_budget_reverse_engineering_risk,117479100897,"{""m_exploration"": 233}",50000,2024,"42,43",0.99788,0.9974368030399742,0.9982466994165632,49894,wilson,95,15,157
"U(0.01,0.1), eps=1e-06",narrow_e6,0.01,0.1,uniform,1e-06,brute,qmetrology.algorithms.find_phi_fixed_budget_brute_force,166419056310,{},50000,2024,"42,43",0.99852,0.9981425901268473,0.9988208139958992,49926,wilson,95,15,157
"U(0.01,0.1), eps=1e-06",narrow_e6,0.01,0.1,uniform,1e-06,linear,qmetrology.algorithms.find_phi_fixed_budget_linear_search,166419056310,"{""inc"": 5, ""lookback_window"": 2, ""m_exploration"": 1778810, ""mean_window"": 1, ""safeguard"": 0}",50000,2024,"42,43",0.99896,0.9986365675130524,0.9992067690052127,49948,wilson,95,15,157
"U(0.01,0.1), eps=1e-06",narrow_e6,0.01,0.1,uniform,1e-06,binary_deep,qmetrology.algorithms.find_phi_fixed_budget_binary_search_deep,166419056310,"{""conf"": 0.5, ""m_exploration"": 85}",50000,2024,"42,43",0.99794,0.9975025057659272,0.9983009874718172,49897,wilson,95,15,157
"U(0.01,0.1), eps=1e-06",narrow_e6,0.01,0.1,uniform,1e-06,reverse_eng_risk,qmetrology.algorithms.find_phi_fixed_budget_reverse_engineering_risk,166419056310,"{""m_exploration"": 61}",50000,2024,"42,43",0.99956,0.9993338451009555,0.9997093992293806,49978,wilson,95,15,157
"U(0.01,0.1), eps=1e-06",narrow_e6,0.01,0.1,uniform,1e-06,brute,qmetrology.algorithms.find_phi_fixed_budget_brute_force,235746631456,{},50000,2024,"42,43",0.99992,0.9997942998811324,0.9999688891364464,49996,wilson,95,15,157
"U(0.01,0.1), eps=1e-06",narrow_e6,0.01,0.1,uniform,1e-06,linear,qmetrology.algorithms.find_phi_fixed_budget_linear_search,235746631456,"{""inc"": 1, ""lookback_window"": 1, ""m_exploration"": 7, ""mean_window"": 1, ""safeguard"": 1}",50000,2024,"42,43",0.99976,0.9995805139284714,0.9998626996725551,49988,wilson,95,15,157
"U(0.01,0.1), eps=1e-06",narrow_e6,0.01,0.1,uniform,1e-06,binary_deep,qmetrology.algorithms.find_phi_fixed_budget_binary_search_deep,235746631456,"{""conf"": 0.5, ""m_exploration"": 153}",50000,2024,"42,43",0.99966,0.9994555287207586,0.9997877002449228,49983,wilson,95,15,157
"U(0.01,0.1), eps=1e-06",narrow_e6,0.01,0.1,uniform,1e-06,reverse_eng_risk,qmetrology.algorithms.find_phi_fixed_budget_reverse_engineering_risk,235746631456,"{""m_exploration"": 12}",50000,2024,"42,43",0.99988,0.9997381933633732,0.9999450018000674,49994,wilson,95,15,157
"U(0.01,0.1), eps=1e-06",narrow_e6,0.01,0.1,uniform,1e-06,brute,qmetrology.algorithms.find_phi_fixed_budget_brute_force,333954989743,{},50000,2024,"42,43",1.0,0.9999231767258548,0.9999999999999999,50000,wilson,95,15,157
"U(0.01,0.1), eps=1e-06",narrow_e6,0.01,0.1,uniform,1e-06,linear,qmetrology.algorithms.find_phi_fixed_budget_linear_search,333954989743,"{""inc"": 1, ""lookback_window"": 1, ""m_exploration"": 1, ""mean_window"": 1, ""safeguard"": 1}",50000,2024,"42,43",1.0,0.9999231767258548,0.9999999999999999,50000,wilson,95,15,157
"U(0.01,0.1), eps=1e-06",narrow_e6,0.01,0.1,uniform,1e-06,binary_deep,qmetrology.algorithms.find_phi_fixed_budget_binary_search_deep,333954989743,"{""conf"": 0.5, ""m_exploration"": 45}",50000,2024,"42,43",0.99984,0.9996842794421167,0.9999189218671859,49992,wilson,95,15,157
"U(0.01,0.1), eps=1e-06",narrow_e6,0.01,0.1,uniform,1e-06,reverse_eng_risk,qmetrology.algorithms.find_phi_fixed_budget_reverse_engineering_risk,333954989743,"{""m_exploration"": 1}",50000,2024,"42,43",0.99998,0.9998867102986088,0.9999964695001772,49999,wilson,95,15,157
"U(0.01,0.1), eps=1e-06",narrow_e6,0.01,0.1,uniform,1e-06,brute,qmetrology.algorithms.find_phi_fixed_budget_brute_force,473075413571,{},50000,2024,"42,43",1.0,0.9999231767258548,0.9999999999999999,50000,wilson,95,15,157
"U(0.01,0.1), eps=1e-06",narrow_e6,0.01,0.1,uniform,1e-06,linear,qmetrology.algorithms.find_phi_fixed_budget_linear_search,473075413571,"{""inc"": 1, ""lookback_window"": 1, ""m_exploration"": 1, ""mean_window"": 1, ""safeguard"": 1}",50000,2024,"42,43",1.0,0.9999231767258548,0.9999999999999999,50000,wilson,95,15,157
"U(0.01,0.1), eps=1e-06",narrow_e6,0.01,0.1,uniform,1e-06,binary_deep,qmetrology.algorithms.find_phi_fixed_budget_binary_search_deep,473075413571,"{""conf"": 0.5, ""m_exploration"": 12}",50000,2024,"42,43",0.99954,0.9993098029765327,0.9996934444267344,49977,wilson,95,15,157
"U(0.01,0.1), eps=1e-06",narrow_e6,0.01,0.1,uniform,1e-06,reverse_eng_risk,qmetrology.algorithms.find_phi_fixed_budget_reverse_engineering_risk,473075413571,"{""m_exploration"": 1}",50000,2024,"42,43",1.0,0.9999231767258548,0.9999999999999999,50000,wilson,95,15,157
"U(0.01,0.1), eps=1e-06",narrow_e6,0.01,0.1,uniform,1e-06,brute,qmetrology.algorithms.find_phi_fixed_budget_brute_force,670151229355,{},50000,2024,"42,43",1.0,0.9999231767258548,0.9999999999999999,50000,wilson,95,15,157
"U(0.01,0.1), eps=1e-06",narrow_e6,0.01,0.1,uniform,1e-06,linear,qmetrology.algorithms.find_phi_fixed_budget_linear_search,670151229355,"{""inc"": 1, ""lookback_window"": 1, ""m_exploration"": 1, ""mean_window"": 1, ""safeguard"": 1}",50000,2024,"42,43",1.0,0.9999231767258548,0.9999999999999999,50000,wilson,95,15,157
"U(0.01,0.1), eps=1e-06",narrow_e6,0.01,0.1,uniform,1e-06,binary_deep,qmetrology.algorithms.find_phi_fixed_budget_binary_search_deep,670151229355,"{""conf"": 0.5, ""m_exploration"": 7}",50000,2024,"42,43",0.99996,0.9998541523830182,0.9999890304886985,49998,wilson,95,15,157
"U(0.01,0.1), eps=1e-06",narrow_e6,0.01,0.1,uniform,1e-06,reverse_eng_risk,qmetrology.algorithms.find_phi_fixed_budget_reverse_engineering_risk,670151229355,"{""m_exploration"": 1}",50000,2024,"42,43",1.0,0.9999231767258548,0.9999999999999999,50000,wilson,95,15,157
"U(0.01,0.1), eps=1e-06",narrow_e6,0.01,0.1,uniform,1e-06,brute,qmetrology.algorithms.find_phi_fixed_budget_brute_force,949325746642,{},50000,2024,"42,43",1.0,0.9999231767258548,0.9999999999999999,50000,wilson,95,15,157
"U(0.01,0.1), eps=1e-06",narrow_e6,0.01,0.1,uniform,1e-06,linear,qmetrology.algorithms.find_phi_fixed_budget_linear_search,949325746642,"{""inc"": 1, ""lookback_window"": 1, ""m_exploration"": 1, ""mean_window"": 1, ""safeguard"": 1}",50000,2024,"42,43",1.0,0.9999231767258548,0.9999999999999999,50000,wilson,95,15,157
"U(0.01,0.1), eps=1e-06",narrow_e6,0.01,0.1,uniform,1e-06,binary_deep,qmetrology.algorithms.find_phi_fixed_budget_binary_search_deep,949325746642,"{""conf"": 0.5, ""m_exploration"": 3}",50000,2024,"42,43",0.99996,0.9998541523830182,0.9999890304886985,49998,wilson,95,15,157
"U(0.01,0.1), eps=1e-06",narrow_e6,0.01,0.1,uniform,1e-06,reverse_eng_risk,qmetrology.algorithms.find_phi_fixed_budget_reverse_engineering_risk,949325746642,"{""m_exploration"": 1}",50000,2024,"42,43",1.0,0.9999231767258548,0.9999999999999999,50000,wilson,95,15,157
"U(0.01,0.1), eps=1e-06",narrow_e6,0.01,0.1,uniform,1e-06,brute,qmetrology.algorithms.find_phi_fixed_budget_brute_force,1344800000000,{},50000,2024,"42,43",1.0,0.9999231767258548,0.9999999999999999,50000,wilson,95,15,157
"U(0.01,0.1), eps=1e-06",narrow_e6,0.01,0.1,uniform,1e-06,linear,qmetrology.algorithms.find_phi_fixed_budget_linear_search,1344800000000,"{""inc"": 1, ""lookback_window"": 1, ""m_exploration"": 1, ""mean_window"": 1, ""safeguard"": 1}",50000,2024,"42,43",1.0,0.9999231767258548,0.9999999999999999,50000,wilson,95,15,157
"U(0.01,0.1), eps=1e-06",narrow_e6,0.01,0.1,uniform,1e-06,binary_deep,qmetrology.algorithms.find_phi_fixed_budget_binary_search_deep,1344800000000,"{""conf"": 0.5, ""m_exploration"": 1}",50000,2024,"42,43",1.0,0.9999231767258548,0.9999999999999999,50000,wilson,95,15,157
"U(0.01,0.1), eps=1e-06",narrow_e6,0.01,0.1,uniform,1e-06,reverse_eng_risk,qmetrology.algorithms.find_phi_fixed_budget_reverse_engineering_risk,1344800000000,"{""m_exploration"": 1}",50000,2024,"42,43",1.0,0.9999231767258548,0.9999999999999999,50000,wilson,95,15,157
"U(0.01,0.1), eps=1e-07",narrow_e7,0.01,0.1,uniform,1e-07,brute,qmetrology.algorithms.find_phi_fixed_budget_brute_force,89653333333,{},50000,2024,"42,43",0.18692,0.1835269990243962,0.19036110463694242,9346,wilson,95,15,157
"U(0.01,0.1), eps=1e-07",narrow_e7,0.01,0.1,uniform,1e-07,linear,qmetrology.algorithms.find_phi_fixed_budget_linear_search,89653333333,"{""inc"": 1, ""lookback_window"": 6, ""m_exploration"": 2299466, ""mean_window"": 2, ""safeguard"": 0}",50000,2024,"42,43",0.26,0.2561738130410482,0.2638630621305414,13000,wilson,95,15,157
"U(0.01,0.1), eps=1e-07",narrow_e7,0.01,0.1,uniform,1e-07,binary_deep,qmetrology.algorithms.find_phi_fixed_budget_binary_search_deep,89653333333,"{""conf"": 0.85, ""m_exploration"": 25863}",50000,2024,"42,43",0.2761,0.2721986715794287,0.2800357298827334,13805,wilson,95,15,157
"U(0.01,0.1), eps=1e-07",narrow_e7,0.01,0.1,uniform,1e-07,reverse_eng_risk,qmetrology.algorithms.find_phi_fixed_budget_reverse_engineering_risk,89653333333,"{""m_exploration"": 266492}",50000,2024,"42,43",0.27748,0.2735725317084587,0.2814216577214667,13874,wilson,95,15,157
"U(0.01,0.1), eps=1e-07",narrow_e7,0.01,0.1,uniform,1e-07,brute,qmetrology.algorithms.find_phi_fixed_budget_brute_force,127001509327,{},50000,2024,"42,43",0.22116,0.2175436839531247,0.22481915885040046,11058,wilson,95,15,157
"U(0.01,0.1), eps=1e-07",narrow_e7,0.01,0.1,uniform,1e-07,linear,qmetrology.algorithms.find_phi_fixed_budget_linear_search,127001509327,"{""inc"": 1, ""lookback_window"": 6, ""m_exploration"": 15003, ""mean_window"": 2, ""safeguard"": 1}",50000,2024,"42,43",0.31094,0.3068974214630579,0.3150116269533617,15547,wilson,95,15,157
"U(0.01,0.1), eps=1e-07",narrow_e7,0.01,0.1,uniform,1e-07,binary_deep,qmetrology.algorithms.find_phi_fixed_budget_binary_search_deep,127001509327,"{""conf"": 0.9, ""m_exploration"": 31590}",50000,2024,"42,43",0.32764,0.3235393950817641,0.331767087437299,16382,wilson,95,15,157
"U(0.01,0.1), eps=1e-07",narrow_e7,0.01,0.1,uniform,1e-07,reverse_eng_risk,qmetrology.algorithms.find_phi_fixed_budget_reverse_engineering_risk,127001509327,"{""m_exploration"": 259306}",50000,2024,"42,43",0.32604,0.3219446946906086,0.33016203366293184,16302,wilson,95,15,157
"U(0.01,0.1), eps=1e-07",narrow_e7,0.01,0.1,uniform,1e-07,brute,qmetrology.algorithms.find_phi_fixed_budget_brute_force,179908351108,{},50000,2024,"42,43",0.25926,0.2554374255350597,0.2631195633349755,12963,wilson,95,15,157
"U(0.01,0.1), eps=1e-07",narrow_e7,0.01,0.1,uniform,1e-07,linear,qmetrology.algorithms.find_phi_fixed_budget_linear_search,179908351108,"{""inc"": 1, ""lookback_window"": 5, ""m_exploration"": 341160, ""mean_window"": 1, ""safeguard"": 0}",50000,2024,"42,43",0.37128,0.36705514620761,0.37552463117608575,18564,wilson,95,15,157
"U(0.01,0.1), eps=1e-07",narrow_e7,0.01,0.1,uniform,1e-07,binary_deep,qmetrology.algorithms.find_phi_fixed_budget_binary_search_deep,179908351108,"{""conf"": 0.75, ""m_exploration"": 8436}",50000,2024,"42,43",0.37532,0.3710855608167508,0.3795735958348898,18766,wilson,95,15,157
"U(0.01,0.1), eps=1e-07",narrow_e7,0.01,0.1,uniform,1e-07,reverse_eng_risk,qmetrology.algorithms.find_phi_fixed_budget_reverse_engineering_risk,179908351108,"{""m_exploration"": 255101}",50000,2024,"42,43",0.38274,0.3784887751151696,0.38700924147908283,19137,wilson,95,15,157
"U(0.01,0.1), eps=1e-07",narrow_e7,0.01,0.1,uniform,1e-07,brute,qmetrology.algorithms.find_phi_fixed_budget_brute_force,254855355420,{},50000,2024,"42,43",0.30748,0.3034502055809317,0.311539374452545,15374,wilson,95,15,157
"U(0.01,0.1), eps=1e-07",narrow_e7,0.01,0.1,uniform,1e-07,linear,qmetrology.algorithms.find_phi_fixed_budget_linear_search,254855355420,"{""inc"": 1, ""lookback_window"": 6, ""m_exploration"": 312735, ""mean_window"": 2, ""safeguard"": 0}",50000,2024,"42,43",0.42886,0.4245276024243517,0.4332033279910935,21443,wilson,95,15,157
"U(0.01,0.1), eps=1e-07",narrow_e7,0.01,0.1,uniform,1e-07,binary_deep,qmetrology.algorithms.find_phi_fixed_budget_binary_search_deep,254855355420,"{""conf"": 0.9, ""m_exploration"": 101810}",50000,2024,"42,43",0.44462,0.4402687724185036,0.4489797365273406,22231,wilson,95,15,157
"U(0.01,0.1), eps=1e-07",narrow_e7,0.01,0.1,uniform,1e-07,reverse_eng_risk,qmetrology.algorithms.find_phi_fixed_budget_reverse_engineering_risk,254855355420,"{""m_exploration"": 19082}",50000,2024,"42,43",0.44232,0.43797124285321654,0.44667761947968876,22116,wilson,95,15,157
"U(0.01,0.1), eps=1e-07",narrow_e7,0.01,0.1,uniform,1e-07,brute,qmetrology.algorithms.find_phi_fixed_budget_brute_force,361024109144,{},50000,2024,"42,43",0.3603,0.35610280590687426,0.3645186585159218,18015,wilson,95,15,157
"U(0.01,0.1), eps=1e-07",narrow_e7,0.01,0.1,uniform,1e-07,linear,qmetrology.algorithms.find_phi_fixed_budget_linear_search,361024109144,"{""inc"": 1, ""lookback_window"": 5, ""m_exploration"": 1032017, ""mean_window"": 1, ""safeguard"": 0}",50000,2024,"42,43",0.49906,0.49467763560162414,0.5034425088261312,24953,wilson,95,15,157
"U(0.01,0.1), eps=1e-07",narrow_e7,0.01,0.1,uniform,1e-07,binary_deep,qmetrology.algorithms.find_phi_fixed_budget_binary_search_deep,361024109144,"{""conf"": 0.9, ""m_exploration"": 10748}",50000,2024,"42,43",0.50962,0.505237627757903,0.5140008941623023,25481,wilson,95,15,157
"U(0.01,0.1), eps=1e-07",narrow_e7,0.01,0.1,uniform,1e-07,reverse_eng_risk,qmetrology.algorithms.find_phi_fixed_budget_reverse_engineering_risk,361024109144,"{""m_exploration"": 20678}",50000,2024,"42,43",0.51204,0.5076579013503497,0.516420248745209,25602,wilson,95,15,157
"U(0.01,0.1), eps=1e-07",narrow_e7,0.01,0.1,uniform,1e-07,brute,qmetrology.algorithms.find_phi_fixed_budget_brute_force,511421104605,{},50000,2024,"42,43",0.42224,0.4179168476233944,0.42657509993220055,21112,wilson,95,15,157
"U(0.01,0.1), eps=1e-07",narrow_e7,0.01,0.1,uniform,1e-07,linear,qmetrology.algorithms.find_phi_fixed_budget_linear_search,511421104605,"{""inc"": 1, ""lookback_window"": 6, ""m_exploration"": 3040006, ""mean_window"": 1, ""safeguard"": 0}",50000,2024,"42,43",0.5818,0.5774703126755979,0.5861171190367519,29090,wilson,95,15,157
"U(0.01,0.1), eps=1e-07",narrow_e7,0.01,0.1,uniform,1e-07,binary_deep,qmetrology.algorithms.find_phi_fixed_budget_binary_search_deep,511421104605,"{""conf"": 0.66, ""m_exploration"": 12246}",50000,2024,"42,43",0.58384,0.5795131589189454,0.5881539593544459,29192,wilson,95,15,157
"U(0.01,0.1), eps=1e-07",narrow_e7,0.01,0.1,uniform,1e-07,reverse_eng_risk,qmetrology.algorithms.find_phi_fixed_budget_reverse_engineering_risk,511421104605,"{""m_exploration"": 11091}",50000,2024,"42,43",0.58552,0.5811955600438191,0.5898313001033711,29276,wilson,95,15,157
"U(0.01,0.1), eps=1e-07",narrow_e7,0.01,0.1,uniform,1e-07,brute,qmetrology.algorithms.find_phi_fixed_budget_brute_force,724471135335,{},50000,2024,"42,43",0.49246,0.4880786331791601,0.49684252531581385,24623,wilson,95,15,157
"U(0.01,0.1), eps=1e-07",narrow_e7,0.01,0.1,uniform,1e-07,linear,qmetrology.algorithms.find_phi_fixed_budget_linear_search,724471135335,"{""inc"": 1, ""lookback_window"": 6, ""m_exploration"": 1664732, ""mean_window"": 1, ""safeguard"": 0}",50000,2024,"42,43",0.6587,0.6545319544422616,0.6628436618505247,32935,wilson,95,15,157
"U(0.01,0.1), eps=1e-07",narrow_e7,0.01,0.1,uniform,1e-07,binary_deep,qmetrology.algorithms.find_phi_fixed_budget_binary_search_deep,724471135335,"{""conf"": 0.75, ""m_exploration"": 25360}",50000,2024,"42,43",0.66192,0.6577612595283757,0.6660538620225251,33096,wilson,95,15,157
"U(0.01,0.1), eps=1e-07",narrow_e7,0.01,0.1,uniform,1e-07,reverse_eng_risk,qmetrology.algorithms.find_phi_fixed_budget_reverse_engineering_risk,724471135335,"{""m_exploration"": 10427}",50000,2024,"42,43",0.66186,0.6577010841842116,0.6659940465854822,33093,wilson,95,15,157
"U(0.01,0.1), eps=1e-07",narrow_e7,0.01,0.1,uniform,1e-07,brute,qmetrology.algorithms.find_phi_fixed_budget_brute_force,1026274475590,{},50000,2024,"42,43",0.56822,0.5638732947419905,0.572556223490485,28411,wilson,95,15,157
"U(0.01,0.1), eps=1e-07",narrow_e7,0.01,0.1,uniform,1e-07,linear,qmetrology.algorithms.find_phi_fixed_budget_linear_search,1026274475590,"{""inc"": 1, ""lookback_window"": 6, ""m_exploration"": 2991339, ""mean_window"": 1, ""safeguard"": 0}",50000,2024,"42,43",0.73452,0.7306314677489097,0.7383724990625852,36726,wilson,95,15,157
"U(0.01,0.1), eps=1e-07",narrow_e7,0.01,0.1,uniform,1e-07,binary_deep,qmetrology.algorithms.find_phi_fixed_budget_binary_search_deep,1026274475590,"{""conf"": 0.9, ""m_exploration"": 241392}",50000,2024,"42,43",0.73988,0.7360163718378582,0.7437067714281379,36994,wilson,95,15,157
"U(0.01,0.1), eps=1e-07",narrow_e7,0.01,0.1,uniform,1e-07,reverse_eng_risk,qmetrology.algorithms.find_phi_fixed_budget_reverse_engineering_risk,1026274475590,"{""m_exploration"": 14002}",50000,2024,"42,43",0.73688,0.7330023420608147,0.7407212621448263,36844,wilson,95,15,157
"U(0.01,0.1), eps=1e-07",narrow_e7,0.01,0.1,uniform,1e-07,brute,qmetrology.algorithms.find_phi_fixed_budget_brute_force,1453804365525,{},50000,2024,"42,43",0.65228,0.6480940367161278,0.6564425659874985,32614,wilson,95,15,157
"U(0.01,0.1), eps=1e-07",narrow_e7,0.01,0.1,uniform,1e-07,linear,qmetrology.algorithms.find_phi_fixed_budget_linear_search,1453804365525,"{""inc"": 1, ""lookback_window"": 6, ""m_exploration"": 1437016, ""mean_window"": 1, ""safeguard"": 0}",50000,2024,"42,43",0.80122,0.7976988726760251,0.804694845910699,40061,wilson,95,15,157
"U(0.01,0.1), eps=1e-07",narrow_e7,0.01,0.1,uniform,1e-07,binary_deep,qmetrology.algorithms.find_phi_fixed_budget_binary_search_deep,1453804365525,"{""conf"": 0.9, ""m_exploration"": 124891}",50000,2024,"42,43",0.80676,0.8032756283822581,0.8101972390025886,40338,wilson,95,15,157
"U(0.01,0.1), eps=1e-07",narrow_e7,0.01,0.1,uniform,1e-07,reverse_eng_risk,qmetrology.algorithms.find_phi_fixed_budget_reverse_engineering_risk,1453804365525,"{""m_exploration"": 14315}",50000,2024,"42,43",0.8087,0.8052287559699494,0.8121238133405935,40435,wilson,95,15,157
"U(0.01,0.1), eps=1e-07",narrow_e7,0.01,0.1,uniform,1e-07,brute,qmetrology.algorithms.find_phi_fixed_budget_brute_force,2059436518680,{},50000,2024,"42,43",0.73518,0.731294494543764,0.739029370861009,36759,wilson,95,15,157
"U(0.01,0.1), eps=1e-07",narrow_e7,0.01,0.1,uniform,1e-07,linear,qmetrology.algorithms.find_phi_fixed_budget_linear_search,2059436518680,"{""inc"": 1, ""lookback_window"": 6, ""m_exploration"": 181203, ""mean_window"": 1, ""safeguard"": 1}",50000,2024,"42,43",0.86064,0.8575766959676596,0.8636478929411651,43032,wilson,95,15,157
"U(0.01,0.1), eps=1e-07",narrow_e7,0.01,0.1,uniform,1e-07,binary_deep,qmetrology.algorithms.find_phi_fixed_budget_binary_search_deep,2059436518680,"{""conf"": 0.95, ""m_exploration"": 32086}",50000,2024,"42,43",0.87098,0.8680131777010471,0.873889822502468,43549,wilson,95,15,157
"U(0.01,0.1), eps=1e-07",narrow_e7,0.01,0.1,uniform,1e-07,reverse_eng_risk,qmetrology.algorithms.find_phi_fixed_budget_reverse_engineering_risk,2059436518680,"{""m_exploration"": 11744}",50000,2024,"42,43",0.87118,0.8682151032267559,0.8740878662474497,43559,wilson,95,15,157
"U(0.01,0.1), eps=1e-07",narrow_e7,0.01,0.1,uniform,1e-07,brute,qmetrology.algorithms.find_phi_fixed_budget_brute_force,2917365551411,{},50000,2024,"42,43",0.81702,0.8136066126540962,0.8203846783171649,40851,wilson,95,15,157
"U(0.01,0.1), eps=1e-07",narrow_e7,0.01,0.1,uniform,1e-07,linear,qmetrology.algorithms.find_phi_fixed_budget_linear_search,2917365551411,"{""inc"": 1, ""lookback_window"": 6, ""m_exploration"": 360346, ""mean_window"": 1, ""safeguard"": 1}",50000,2024,"42,43",0.91118,0.9086547432640735,0.9136420803482006,45559,wilson,95,15,157
"U(0.01,0.1), eps=1e-07",narrow_e7,0.01,0.1,uniform,1e-07,binary_deep,qmetrology.algorithms.find_phi_fixed_budget_binary_search_deep,2917365551411,"{""conf"": 0.8, ""m_exploration"": 22166}",50000,2024,"42,43",0.92152,0.9191302935136154,0.9238449413933494,46076,wilson,95,15,157
"U(0.01,0.1), eps=1e-07",narrow_e7,0.01,0.1,uniform,1e-07,reverse_eng_risk,qmetrology.algorithms.find_phi_fixed_budget_reverse_engineering_risk,2917365551411,"{""m_exploration"": 4686161}",50000,2024,"42,43",0.92386,0.9215025684732466,0.9261523069007952,46193,wilson,95,15,157
"U(0.01,0.1), eps=1e-07",narrow_e7,0.01,0.1,uniform,1e-07,brute,qmetrology.algorithms.find_phi_fixed_budget_brute_force,4132694396433,{},50000,2024,"42,43",0.88632,0.8835079930218602,0.8890726502436043,44316,wilson,95,15,157
"U(0.01,0.1), eps=1e-07",narrow_e7,0.01,0.1,uniform,1e-07,linear,qmetrology.algorithms.find_phi_fixed_budget_linear_search,4132694396433,"{""inc"": 1, ""lookback_window"": 5, ""m_exploration"": 1198586, ""mean_window"": 8, ""safeguard"": 0}",50000,2024,"42,43",0.94426,0.9422147493529346,0.946236991631522,47213,wilson,95,15,157
"U(0.01,0.1), eps=1e-07",narrow_e7,0.01,0.1,uniform,1e-07,binary_deep,qmetrology.algorithms.find_phi_fixed_budget_binary_search_deep,4132694396433,"{""conf"": 0.52, ""m_exploration"": 30966}",50000,2024,"42,43",0.95894,0.9571651771081369,0.9606443083449909,47947,wilson,95,15,157
"U(0.01,0.1), eps=1e-07",narrow_e7,0.01,0.1,uniform,1e-07,reverse_eng_risk,qmetrology.algorithms.find_phi_fixed_budget_reverse_engineering_risk,4132694396433,"{""m_exploration"": 9020}",50000,2024,"42,43",0.95854,0.9567571236334206,0.9602524232783264,47927,wilson,95,15,157
"U(0.01,0.1), eps=1e-07",narrow_e7,0.01,0.1,uniform,1e-07,brute,qmetrology.algorithms.find_phi_fixed_budget_brute_force,5854310223842,{},50000,2024,"42,43",0.94042,0.9383111787462093,0.9424611522409929,47021,wilson,95,15,157
"U(0.01,0.1), eps=1e-07",narrow_e7,0.01,0.1,uniform,1e-07,linear,qmetrology.algorithms.find_phi_fixed_budget_linear_search,5854310223842,"{""inc"": 1, ""lookback_window"": 5, ""m_exploration"": 53287, ""mean_window"": 1, ""safeguard"": 1}",50000,2024,"42,43",0.97768,0.9763480153909945,0.9789385907258183,48884,wilson,95,15,157
"U(0.01,0.1), eps=1e-07",narrow_e7,0.01,0.1,uniform,1e-07,binary_deep,qmetrology.algorithms.find_phi_fixed_budget_binary_search_deep,5854310223842,"{""conf"": 0.5, ""m_exploration"": 127827}",50000,2024,"42,43",0.98158,0.9803638564702489,0.9827221504250255,49079,wilson,95,15,157
"U(0.01,0.1), eps=1e-07",narrow_e7,0.01,0.1,uniform,1e-07,reverse_eng_risk,qmetrology.algorithms.find_phi_fixed_budget_reverse_engineering_risk,5854310223842,"{""m_exploration"": 316}",50000,2024,"42,43",0.97826,0.9769445172768967,0.9795019997249181,48913,wilson,95,15,157
"U(0.01,0.1), eps=1e-07",narrow_e7,0.01,0.1,uniform,1e-07,brute,qmetrology.algorithms.find_phi_fixed_budget_brute_force,8293124269377,{},50000,2024,"42,43",0.97452,0.9731019127545353,0.9758651788853703,48726,wilson,95,15,157
"U(0.01,0.1), eps=1e-07",narrow_e7,0.01,0.1,uniform,1e-07,linear,qmetrology.algorithms.find_phi_fixed_budget_linear_search,8293124269377,"{""inc"": 2, ""lookback_window"": 4, ""m_exploration"": 28053803, ""mean_window"": 2, ""safeguard"": 0}",50000,2024,"42,43",0.9888,0.9878393052125491,0.9896855923546466,49440,wilson,95,15,157
"U(0.01,0.1), eps=1e-07",narrow_e7,0.01,0.1,uniform,1e-07,binary_deep,qmetrology.algorithms.find_phi_fixed_budget_binary_search_deep,8293124269377,"{""conf"": 0.5, ""m_exploration"": 3212}",50000,2024,"42,43",0.99322,0.9924618550567003,0.9939023633927521,49661,wilson,95,15,157
"U(0.01,0.1), eps=1e-07",narrow_e7,0.01,0.1,uniform,1e-07,reverse_eng_risk,qmetrology.algorithms.find_phi_fixed_budget_reverse_engineering_risk,8293124269377,"{""m_exploration"": 301}",50000,2024,"42,43",0.99214,0.9913272636462934,0.9928771207414312,49607,wilson,95,15,157
"U(0.01,0.1), eps=1e-07",narrow_e7,0.01,0.1,uniform,1e-07,brute,qmetrology.algorithms.find_phi_fixed_budget_brute_force,11747910089773,{},50000,2024,"42,43",0.9927,0.9919150556886537,0.9934092426570039,49635,wilson,95,15,157
"U(0.01,0.1), eps=1e-07",narrow_e7,0.01,0.1,uniform,1e-07,linear,qmetrology.algorithms.find_phi_fixed_budget_linear_search,11747910089773,"{""inc"": 2, ""lookback_window"": 4, ""m_exploration"": 2170983, ""mean_window"": 2, ""safeguard"": 1}",50000,2024,"42,43",0.99592,0.9953218914446064,0.9964419121591656,49796,wilson,95,15,157
"U(0.01,0.1), eps=1e-07",narrow_e7,0.01,0.1,uniform,1e-07,binary_deep,qmetrology.algorithms.find_phi_fixed_budget_binary_search_deep,11747910089773,"{""conf"": 0.75, ""m_exploration"": 22602}",50000,2024,"42,43",0.9983,0.9978986170696084,0.9986248208553786,49915,wilson,95,15,157
"U(0.01,0.1), eps=1e-07",narrow_e7,0.01,0.1,uniform,1e-07,reverse_eng_risk,qmetrology.algorithms.find_phi_fixed_budget_reverse_engineering_risk,11747910089773,"{""m_exploration"": 235}",50000,2024,"42,43",0.99792,0.9974805957583258,0.9982829005523496,49896,wilson,95,15,157
"U(0.01,0.1), eps=1e-07",narrow_e7,0.01,0.1,uniform,1e-07,brute,qmetrology.algorithms.find_phi_fixed_budget_brute_force,16641905631032,{},50000,2024,"42,43",0.99852,0.9981425901268473,0.9988208139958992,49926,wilson,95,15,157
"U(0.01,0.1), eps=1e-07",narrow_e7,0.01,0.1,uniform,1e-07,linear,qmetrology.algorithms.find_phi_fixed_budget_linear_search,16641905631032,"{""inc"": 5, ""lookback_window"": 2, ""m_exploration"": 1607113, ""mean_window"": 1, ""safeguard"": 0}",50000,2024,"42,43",0.99894,0.9986138928741254,0.9991894467170709,49947,wilson,95,15,157
"U(0.01,0.1), eps=1e-07",narrow_e7,0.01,0.1,uniform,1e-07,binary_deep,qmetrology.algorithms.find_phi_fixed_budget_binary_search_deep,16641905631032,"{""conf"": 0.5, ""m_exploration"": 349}",50000,2024,"42,43",0.99876,0.9984108607141434,0.9990325065334315,49938,wilson,95,15,157
"U(0.01,0.1), eps=1e-07",narrow_e7,0.01,0.1,uniform,1e-07,reverse_eng_risk,qmetrology.algorithms.find_phi_fixed_budget_reverse_engineering_risk,16641905631032,"{""m_exploration"": 57}",50000,2024,"42,43",0.99952,0.9992858445090724,0.9996774059671256,49976,wilson,95,15,157
"U(0.01,0.1), eps=1e-07",narrow_e7,0.01,0.1,uniform,1e-07,brute,qmetrology.algorithms.find_phi_fixed_budget_brute_force,23574663145682,{},50000,2024,"42,43",0.99992,0.9997942998811324,0.9999688891364464,49996,wilson,95,15,157
"U(0.01,0.1), eps=1e-07",narrow_e7,0.01,0.1,uniform,1e-07,linear,qmetrology.algorithms.find_phi_fixed_budget_linear_search,23574663145682,"{""inc"": 1, ""lookback_window"": 1, ""m_exploration"": 56, ""mean_window"": 1, ""safeguard"": 1}",50000,2024,"42,43",0.99978,0.9996060635442185,0.999877146983877,49989,wilson,95,15,157
"U(0.01,0.1), eps=1e-07",narrow_e7,0.01,0.1,uniform,1e-07,binary_deep,qmetrology.algorithms.find_phi_fixed_budget_binary_search_deep,23574663145682,"{""conf"": 0.5, ""m_exploration"": 183}",50000,2024,"42,43",0.99964,0.9994309709128137,0.9997722611257984,49982,wilson,95,15,157
"U(0.01,0.1), eps=1e-07",narrow_e7,0.01,0.1,uniform,1e-07,reverse_eng_risk,qmetrology.algorithms.find_phi_fixed_budget_reverse_engineering_risk,23574663145682,"{""m_exploration"": 13}",50000,2024,"42,43",0.99988,0.9997381933633732,0.9999450018000674,49994,wilson,95,15,157
"U(0.01,0.1), eps=1e-07",narrow_e7,0.01,0.1,uniform,1e-07,brute,qmetrology.algorithms.find_phi_fixed_budget_brute_force,33395498974351,{},50000,2024,"42,43",1.0,0.9999231767258548,0.9999999999999999,50000,wilson,95,15,157
"U(0.01,0.1), eps=1e-07",narrow_e7,0.01,0.1,uniform,1e-07,linear,qmetrology.algorithms.find_phi_fixed_budget_linear_search,33395498974351,"{""inc"": 1, ""lookback_window"": 1, ""m_exploration"": 1, ""mean_window"": 1, ""safeguard"": 1}",50000,2024,"42,43",1.0,0.9999231767258548,0.9999999999999999,50000,wilson,95,15,157
"U(0.01,0.1), eps=1e-07",narrow_e7,0.01,0.1,uniform,1e-07,binary_deep,qmetrology.algorithms.find_phi_fixed_budget_binary_search_deep,33395498974351,"{""conf"": 0.5, ""m_exploration"": 45}",50000,2024,"42,43",0.99984,0.9996842794421167,0.9999189218671859,49992,wilson,95,15,157
"U(0.01,0.1), eps=1e-07",narrow_e7,0.01,0.1,uniform,1e-07,reverse_eng_risk,qmetrology.algorithms.find_phi_fixed_budget_reverse_engineering_risk,33395498974351,"{""m_exploration"": 1}",50000,2024,"42,43",0.99998,0.9998867102986088,0.9999964695001772,49999,wilson,95,15,157
"U(0.01,0.1), eps=1e-07",narrow_e7,0.01,0.1,uniform,1e-07,brute,qmetrology.algorithms.find_phi_fixed_budget_brute_force,47307541357178,{},50000,2024,"42,43",1.0,0.9999231767258548,0.9999999999999999,50000,wilson,95,15,157
"U(0.01,0.1), eps=1e-07",narrow_e7,0.01,0.1,uniform,1e-07,linear,qmetrology.algorithms.find_phi_fixed_budget_linear_search,47307541357178,"{""inc"": 1, ""lookback_window"": 1, ""m_exploration"": 1, ""mean_window"": 1, ""safeguard"": 1}",50000,2024,"42,43",1.0,0.9999231767258548,0.9999999999999999,50000,wilson,95,15,157
"U(0.01,0.1), eps=1e-07",narrow_e7,0.01,0.1,uniform,1e-07,binary_deep,qmetrology.algorithms.find_phi_fixed_budget_binary_search_deep,47307541357178,"{""conf"": 0.5, ""m_exploration"": 12}",50000,2024,"42,43",0.99954,0.9993098029765327,0.9996934444267344,49977,wilson,95,15,157
"U(0.01,0.1), eps=1e-07",narrow_e7,0.01,0.1,uniform,1e-07,reverse_eng_risk,qmetrology.algorithms.find_phi_fixed_budget_reverse_engineering_risk,47307541357178,"{""m_exploration"": 1}",50000,2024,"42,43",1.0,0.9999231767258548,0.9999999999999999,50000,wilson,95,15,157
"U(0.01,0.1), eps=1e-07",narrow_e7,0.01,0.1,uniform,1e-07,brute,qmetrology.algorithms.find_phi_fixed_budget_brute_force,67015122935579,{},50000,2024,"42,43",1.0,0.9999231767258548,0.9999999999999999,50000,wilson,95,15,157
"U(0.01,0.1), eps=1e-07",narrow_e7,0.01,0.1,uniform,1e-07,linear,qmetrology.algorithms.find_phi_fixed_budget_linear_search,67015122935579,"{""inc"": 1, ""lookback_window"": 1, ""m_exploration"": 1, ""mean_window"": 1, ""safeguard"": 1}",50000,2024,"42,43",1.0,0.9999231767258548,0.9999999999999999,50000,wilson,95,15,157
"U(0.01,0.1), eps=1e-07",narrow_e7,0.01,0.1,uniform,1e-07,binary_deep,qmetrology.algorithms.find_phi_fixed_budget_binary_search_deep,67015122935579,"{""conf"": 0.5, ""m_exploration"": 7}",50000,2024,"42,43",0.99996,0.9998541523830182,0.9999890304886985,49998,wilson,95,15,157
"U(0.01,0.1), eps=1e-07",narrow_e7,0.01,0.1,uniform,1e-07,reverse_eng_risk,qmetrology.algorithms.find_phi_fixed_budget_reverse_engineering_risk,67015122935579,"{""m_exploration"": 1}",50000,2024,"42,43",1.0,0.9999231767258548,0.9999999999999999,50000,wilson,95,15,157
"U(0.01,0.1), eps=1e-07",narrow_e7,0.01,0.1,uniform,1e-07,brute,qmetrology.algorithms.find_phi_fixed_budget_brute_force,94932574664214,{},50000,2024,"42,43",1.0,0.9999231767258548,0.9999999999999999,50000,wilson,95,15,157
"U(0.01,0.1), eps=1e-07",narrow_e7,0.01,0.1,uniform,1e-07,linear,qmetrology.algorithms.find_phi_fixed_budget_linear_search,94932574664214,"{""inc"": 1, ""lookback_window"": 1, ""m_exploration"": 1, ""mean_window"": 1, ""safeguard"": 1}",50000,2024,"42,43",1.0,0.9999231767258548,0.9999999999999999,50000,wilson,95,15,157
"U(0.01,0.1), eps=1e-07",narrow_e7,0.01,0.1,uniform,1e-07,binary_deep,qmetrology.algorithms.find_phi_fixed_budget_binary_search_deep,94932574664214,"{""conf"": 0.5, ""m_exploration"": 3}",50000,2024,"42,43",0.99996,0.9998541523830182,0.9999890304886985,49998,wilson,95,15,157
"U(0.01,0.1), eps=1e-07",narrow_e7,0.01,0.1,uniform,1e-07,reverse_eng_risk,qmetrology.algorithms.find_phi_fixed_budget_reverse_engineering_risk,94932574664214,"{""m_exploration"": 1}",50000,2024,"42,43",1.0,0.9999231767258548,0.9999999999999999,50000,wilson,95,15,157
"U(0.01,0.1), eps=1e-07",narrow_e7,0.01,0.1,uniform,1e-07,brute,qmetrology.algorithms.find_phi_fixed_budget_brute_force,134480000000000,{},50000,2024,"42,43",1.0,0.9999231767258548,0.9999999999999999,50000,wilson,95,15,157
"U(0.01,0.1), eps=1e-07",narrow_e7,0.01,0.1,uniform,1e-07,linear,qmetrology.algorithms.find_phi_fixed_budget_linear_search,134480000000000,"{""inc"": 1, ""lookback_window"": 1, ""m_exploration"": 1, ""mean_window"": 1, ""safeguard"": 1}",50000,2024,"42,43",1.0,0.9999231767258548,0.9999999999999999,50000,wilson,95,15,157
"U(0.01,0.1), eps=1e-07",narrow_e7,0.01,0.1,uniform,1e-07,binary_deep,qmetrology.algorithms.find_phi_fixed_budget_binary_search_deep,134480000000000,"{""conf"": 0.5, ""m_exploration"": 1}",50000,2024,"42,43",1.0,0.9999231767258548,0.9999999999999999,50000,wilson,95,15,157
"U(0.01,0.1), eps=1e-07",narrow_e7,0.01,0.1,uniform,1e-07,reverse_eng_risk,qmetrology.algorithms.find_phi_fixed_budget_reverse_engineering_risk,134480000000000,"{""m_exploration"": 1}",50000,2024,"42,43",1.0,0.9999231767258548,0.9999999999999999,50000,wilson,95,15,157
"U(0.01,0.1), eps=1e-08",narrow_e8,0.01,0.1,uniform,1e-08,brute,qmetrology.algorithms.find_phi_fixed_budget_brute_force,8965333333333,{},50000,2024,"42,43",0.18698,0.18358657218811344,0.1904215222544323,9349,wilson,95,15,157
"U(0.01,0.1), eps=1e-08",narrow_e8,0.01,0.1,uniform,1e-08,linear,qmetrology.algorithms.find_phi_fixed_budget_linear_search,8965333333333,"{""inc"": 1, ""lookback_window"": 8, ""m_exploration"": 4008298, ""mean_window"": 12, ""safeguard"": 0}",50000,2024,"42,43",0.26486,0.2610104392350239,0.2687456892143409,13243,wilson,95,15,157
"U(0.01,0.1), eps=1e-08",narrow_e8,0.01,0.1,uniform,1e-08,binary_deep,qmetrology.algorithms.find_phi_fixed_budget_binary_search_deep,8965333333333,"{""conf"": 0.99, ""m_exploration"": 150502}",50000,2024,"42,43",0.27434,0.2704465699229009,0.27826810195718604,13717,wilson,95,15,157
"U(0.01,0.1), eps=1e-08",narrow_e8,0.01,0.1,uniform,1e-08,reverse_eng_risk,qmetrology.algorithms.find_phi_fixed_budget_reverse_engineering_risk,8965333333333,"{""m_exploration"": 204802}",50000,2024,"42,43",0.27736,0.2734530637620137,0.28130114410549745,13868,wilson,95,15,157
"U(0.01,0.1), eps=1e-08",narrow_e8,0.01,0.1,uniform,1e-08,brute,qmetrology.algorithms.find_phi_fixed_budget_brute_force,12700150932713,{},50000,2024,"42,43",0.2212,0.21758344537637545,0.22485939128128782,11060,wilson,95,15,157
"U(0.01,0.1), eps=1e-08",narrow_e8,0.01,0.1,uniform,1e-08,linear,qmetrology.algorithms.find_phi_fixed_budget_linear_search,12700150932713,"{""inc"": 1, ""lookback_window"": 6, ""m_exploration"": 3475894, ""mean_window"": 2, ""safeguard"": 0}",50000,2024,"42,43",0.3129,0.3088502970967602,0.3169784501724248,15645,wilson,95,15,157
"U(0.01,0.1), eps=1e-08",narrow_e8,0.01,0.1,uniform,1e-08,binary_deep,qmetrology.algorithms.find_phi_fixed_budget_binary_search_deep,12700150932713,"{""conf"": 0.75, ""m_exploration"": 4128}",50000,2024,"42,43",0.32004,0.31596505491988575,0.32414259531294437,16002,wilson,95,15,157
"U(0.01,0.1), eps=1e-08",narrow_e8,0.01,0.1,uniform,1e-08,reverse_eng_risk,qmetrology.algorithms.find_phi_fixed_budget_reverse_engineering_risk,12700150932713,"{""m_exploration"": 203068}",50000,2024,"42,43",0.32572,0.3216257611402457,0.3298410163801902,16286,wilson,95,15,157
"U(0.01,0.1), eps=1e-08",narrow_e8,0.01,0.1,uniform,1e-08,brute,qmetrology.algorithms.find_phi_fixed_budget_brute_force,17990835110839,{},50000,2024,"42,43",0.25928,0.25545732771282204,0.2631396580842823,12964,wilson,95,15,157
"U(0.01,0.1), eps=1e-08",narrow_e8,0.01,0.1,uniform,1e-08,linear,qmetrology.algorithms.find_phi_fixed_budget_linear_search,17990835110839,"{""inc"": 1, ""lookback_window"": 8, ""m_exploration"": 6592, ""mean_window"": 1, ""safeguard"": 1}",50000,2024,"42,43",0.3745,0.37026748081973165,0.3787518018220786,18725,wilson,95,15,157
"U(0.01,0.1), eps=1e-08",narrow_e8,0.01,0.1,uniform,1e-08,binary_deep,qmetrology.algorithms.find_phi_fixed_budget_binary_search_deep,17990835110839,"{""conf"": 0.8, ""m_exploration"": 6177}",50000,2024,"42,43",0.37384,0.3696090356257625,0.3780903484227697,18692,wilson,95,15,157
"U(0.01,0.1), eps=1e-08",narrow_e8,0.01,0.1,uniform,1e-08,reverse_eng_risk,qmetrology.algorithms.find_phi_fixed_budget_reverse_engineering_risk,17990835110839,"{""m_exploration"": 151372}",50000,2024,"42,43",0.38272,0.3784688189423623,0.3869892007248211,19136,wilson,95,15,157
"U(0.01,0.1), eps=1e-08",narrow_e8,0.01,0.1,uniform,1e-08,brute,qmetrology.algorithms.find_phi_fixed_budget_brute_force,25485535542077,{},50000,2024,"42,43",0.30748,0.3034502055809317,0.311539374452545,15374,wilson,95,15,157
"U(0.01,0.1), eps=1e-08",narrow_e8,0.01,0.1,uniform,1e-08,linear,qmetrology.algorithms.find_phi_fixed_budget_linear_search,25485535542077,"{""inc"": 1, ""lookback_window"": 5, ""m_exploration"": 5609196, ""mean_window"": 1, ""safeguard"": 0}",50000,2024,"42,43",0.434,0.42966097065234055,0.4383491700198465,21700,wilson,95,15,157
"U(0.01,0.1), eps=1e-08",narrow_e8,0.01,0.1,uniform,1e-08,binary_deep,qmetrology.algorithms.find_phi_fixed_budget_binary_search_deep,25485535542077,"{""conf"": 0.95, ""m_exploration"": 128005}",50000,2024,"42,43",0.444,0.43964942905622145,0.4483591751504827,22200,wilson,95,15,157
"U(0.01,0.1), eps=1e-08",narrow_e8,0.01,0.1,uniform,1e-08,reverse_eng_risk,qmetrology.algorithms.find_phi_fixed_budget_reverse_engineering_risk,25485535542077,"{""m_exploration"": 15383}",50000,2024,"42,43",0.44274,0.43839078467410886,0.4470980131272462,22137,wilson,95,15,157
"U(0.01,0.1), eps=1e-08",narrow_e8,0.01,0.1,uniform,1e-08,brute,qmetrology.algorithms.find_phi_fixed_budget_brute_force,36102410914495,{},50000,2024,"42,43",0.3603,0.35610280590687426,0.3645186585159218,18015,wilson,95,15,157
"U(0.01,0.1), eps=1e-08",narrow_e8,0.01,0.1,uniform,1e-08,linear,qmetrology.algorithms.find_phi_fixed_budget_linear_search,36102410914495,"{""inc"": 1, ""lookback_window"": 8, ""m_exploration"": 89782, ""mean_window"": 3, ""safeguard"": 1}",50000,2024,"42,43",0.4977,0.4933177787001539,0.502082574686907,24885,wilson,95,15,157
"U(0.01,0.1), eps=1e-08",narrow_e8,0.01,0.1,uniform,1e-08,binary_deep,qmetrology.algorithms.find_phi_fixed_budget_binary_search_deep,36102410914495,"{""conf"": 0.7, ""m_exploration"": 8338}",50000,2024,"42,43",0.50946,0.5050776132893589,0.5138409332142944,25473,wilson,95,15,157
"U(0.01,0.1), eps=1e-08",narrow_e8,0.01,0.1,uniform,1e-08,reverse_eng_risk,qmetrology.algorithms.find_phi_fixed_budget_reverse_engineering_risk,36102410914495,"{""m_exploration"": 12807}",50000,2024,"42,43",0.51192,0.5075378853630347,0.5163002831701097,25596,wilson,95,15,157
"U(0.01,0.1), eps=1e-08",narrow_e8,0.01,0.1,uniform,1e-08,brute,qmetrology.algorithms.find_phi_fixed_budget_brute_force,51142110460546,{},50000,2024,"42,43",0.42224,0.4179168476233944,0.42657509993220055,21112,wilson,95,15,157
"U(0.01,0.1), eps=1e-08",narrow_e8,0.01,0.1,uniform,1e-08,linear,qmetrology.algorithms.find_phi_fixed_budget_linear_search,51142110460546,"{""inc"": 1, ""lookback_window"": 5, ""m_exploration"": 477207, ""mean_window"": 1, ""safeguard"": 0}",50000,2024,"42,43",0.57086,0.5665163414872187,0.5751927711183695,28543,wilson,95,15,157
"U(0.01,0.1), eps=1e-08",narrow_e8,0.01,0.1,uniform,1e-08,binary_deep,qmetrology.algorithms.find_phi_fixed_budget_binary_search_deep,51142110460546,"{""conf"": 0.9, ""m_exploration"": 48316}",50000,2024,"42,43",0.58744,0.5831183675291078,0.5917481976167096,29372,wilson,95,15,157
"U(0.01,0.1), eps=1e-08",narrow_e8,0.01,0.1,uniform,1e-08,reverse_eng_risk,qmetrology.algorithms.find_phi_fixed_budget_reverse_engineering_risk,51142110460546,"{""m_exploration"": 15378}",50000,2024,"42,43",0.5858,0.5814759652576702,0.5901108518684866,29290,wilson,95,15,157
"U(0.01,0.1), eps=1e-08",narrow_e8,0.01,0.1,uniform,1e-08,brute,qmetrology.algorithms.find_phi_fixed_budget_brute_force,72447113533589,{},50000,2024,"42,43",0.49244,0.4880586373627204,0.4968225242051845,24622,wilson,95,15,157
"U(0.01,0.1), eps=1e-08",narrow_e8,0.01,0.1,uniform,1e-08,linear,qmetrology.algorithms.find_phi_fixed_budget_linear_search,72447113533589,"{""inc"": 1, ""lookback_window"": 6, ""m_exploration"": 2772573, ""mean_window"": 1, ""safeguard"": 0}",50000,2024,"42,43",0.6587,0.6545319544422616,0.6628436618505247,32935,wilson,95,15,157
"U(0.01,0.1), eps=1e-08",narrow_e8,0.01,0.1,uniform,1e-08,binary_deep,qmetrology.algorithms.find_phi_fixed_budget_binary_search_deep,72447113533589,"{""conf"": 0.75, ""m_exploration"": 26970}",50000,2024,"42,43",0.66268,0.658523487006947,0.6668115177725773,33134,wilson,95,15,157
"U(0.01,0.1), eps=1e-08",narrow_e8,0.01,0.1,uniform,1e-08,reverse_eng_risk,qmetrology.algorithms.find_phi_fixed_budget_reverse_engineering_risk,72447113533589,"{""m_exploration"": 19819}",50000,2024,"42,43",0.66256,0.6584031345042279,0.666691888712882,33128,wilson,95,15,157
"U(0.01,0.1), eps=1e-08",narrow_e8,0.01,0.1,uniform,1e-08,brute,qmetrology.algorithms.find_phi_fixed_budget_brute_force,102627447559047,{},50000,2024,"42,43",0.56818,0.5638332495462711,0.5725162748320666,28409,wilson,95,15,157
"U(0.01,0.1), eps=1e-08",narrow_e8,0.01,0.1,uniform,1e-08,linear,qmetrology.algorithms.find_phi_fixed_budget_linear_search,102627447559047,"{""inc"": 1, ""lookback_window"": 6, ""m_exploration"": 2039731, ""mean_window"": 1, ""safeguard"": 0}",50000,2024,"42,43",0.73318,0.7292853565053969,0.7370388161924728,36659,wilson,95,15,157
"U(0.01,0.1), eps=1e-08",narrow_e8,0.01,0.1,uniform,1e-08,binary_deep,qmetrology.algorithms.find_phi_fixed_budget_binary_search_deep,102627447559047,"{""conf"": 0.9, ""m_exploration"": 33245}",50000,2024,"42,43",0.73682,0.7329420638296928,0.7406615495947411,36841,wilson,95,15,157
"U(0.01,0.1), eps=1e-08",narrow_e8,0.01,0.1,uniform,1e-08,reverse_eng_risk,qmetrology.algorithms.find_phi_fixed_budget_reverse_engineering_risk,102627447559047,"{""m_exploration"": 13110}",50000,2024,"42,43",0.73688,0.7330023420608147,0.7407212621448263,36844,wilson,95,15,157
"U(0.01,0.1), eps=1e-08",narrow_e8,0.01,0.1,uniform,1e-08,brute,qmetrology.algorithms.find_phi_fixed_budget_brute_force,145380436552546,{},50000,2024,"42,43",0.65228,0.6480940367161278,0.6564425659874985,32614,wilson,95,15,157
"U(0.01,0.1), eps=1e-08",narrow_e8,0.01,0.1,uniform,1e-08,linear,qmetrology.algorithms.find_phi_fixed_budget_linear_search,145380436552546,"{""inc"": 1, ""lookback_window"": 6, ""m_exploration"": 43212199, ""mean_window"": 2, ""safeguard"": 0}",50000,2024,"42,43",0.80062,0.7970949560108384,0.8040988547638147,40031,wilson,95,15,157
"U(0.01,0.1), eps=1e-08",narrow_e8,0.01,0.1,uniform,1e-08,binary_deep,qmetrology.algorithms.find_phi_fixed_budget_binary_search_deep,145380436552546,"{""conf"": 0.9, ""m_exploration"": 139492}",50000,2024,"42,43",0.80796,0.804483732638039,0.8113889503709497,40398,wilson,95,15,157
"U(0.01,0.1), eps=1e-08",narrow_e8,0.01,0.1,uniform,1e-08,reverse_eng_risk,qmetrology.algorithms.find_phi_fixed_budget_reverse_engineering_risk,145380436552546,"{""m_exploration"": 14068}",50000,2024,"42,43",0.80778,0.8043025137179136,0.8112101969474537,40389,wilson,95,15,157
"U(0.01,0.1), eps=1e-08",narrow_e8,0.01,0.1,uniform,1e-08,brute,qmetrology.algorithms.find_phi_fixed_budget_brute_force,205943651868068,{},50000,2024,"42,43",0.73518,0.731294494543764,0.739029370861009,36759,wilson,95,15,157
"U(0.01,0.1), eps=1e-08",narrow_e8,0.01,0.1,uniform,1e-08,linear,qmetrology.algorithms.find_phi_fixed_budget_linear_search,205943651868068,"{""inc"": 1, ""lookback_window"": 8, ""m_exploration"": 44265, ""mean_window"": 1, ""safeguard"": 1}",50000,2024,"42,43",0.8557,0.8525926263458685,0.8587527215769046,42785,wilson,95,15,157
"U(0.01,0.1), eps=1e-08",narrow_e8,0.01,0.1,uniform,1e-08,binary_deep,qmetrology.algorithms.find_phi_fixed_budget_binary_search_deep,205943651868068,"{""conf"": 0.9, ""m_exploration"": 2474}",50000,2024,"42,43",0.86508,0.8620574020602206,0.8680465046579294,43254,wilson,95,15,157
"U(0.01,0.1), eps=1e-08",narrow_e8,0.01,0.1,uniform,1e-08,reverse_eng_risk,qmetrology.algorithms.find_phi_fixed_budget_reverse_engineering_risk,205943651868068,"{""m_exploration"": 52785}",50000,2024,"42,43",0.8723,0.8693459293766648,0.8751968680134068,43615,wilson,95,15,157
"U(0.01,0.1), eps=1e-08",narrow_e8,0.01,0.1,uniform,1e-08,brute,qmetrology.algorithms.find_phi_fixed_budget_brute_force,291736555141147,{},50000,2024,"42,43",0.817,0.8135864704837278,0.8203648235604643,40850,wilson,95,15,157
"U(0.01,0.1), eps=1e-08",narrow_e8,0.01,0.1,uniform,1e-08,linear,qmetrology.algorithms.find_phi_fixed_budget_linear_search,291736555141147,"{""inc"": 1, ""lookback_window"": 6, ""m_exploration"": 386402, ""mean_window"": 1, ""safeguard"": 1}",50000,2024,"42,43",0.91096,0.9084319758602633,0.9134248815542514,45548,wilson,95,15,157
"U(0.01,0.1), eps=1e-08",narrow_e8,0.01,0.1,uniform,1e-08,binary_deep,qmetrology.algorithms.find_phi_fixed_budget_binary_search_deep,291736555141147,"{""conf"": 0.85, ""m_exploration"": 35136}",50000,2024,"42,43",0.92158,0.9191911132633787,0.9239041124247932,46079,wilson,95,15,157
"U(0.01,0.1), eps=1e-08",narrow_e8,0.01,0.1,uniform,1e-08,reverse_eng_risk,qmetrology.algorithms.find_phi_fixed_budget_reverse_engineering_risk,291736555141147,"{""m_exploration"": 6586591}",50000,2024,"42,43",0.92394,0.9215836831038933,0.9262311799784246,46197,wilson,95,15,157
"U(0.01,0.1), eps=1e-08",narrow_e8,0.01,0.1,uniform,1e-08,brute,qmetrology.algorithms.find_phi_fixed_budget_brute_force,413269439643361,{},50000,2024,"42,43",0.88632,0.8835079930218602,0.8890726502436043,44316,wilson,95,15,157
"U(0.01,0.1), eps=1e-08",narrow_e8,0.01,0.1,uniform,1e-08,linear,qmetrology.algorithms.find_phi_fixed_budget_linear_search,413269439643361,"{""inc"": 1, ""lookback_window"": 5, ""m_exploration"": 1645294, ""mean_window"": 8, ""safeguard"": 0}",50000,2024,"42,43",0.94494,0.9429062782673476,0.9469053582374563,47247,wilson,95,15,157
"U(0.01,0.1), eps=1e-08",narrow_e8,0.01,0.1,uniform,1e-08,binary_deep,qmetrology.algorithms.find_phi_fixed_budget_binary_search_deep,413269439643361,"{""conf"": 0.85, ""m_exploration"": 32535}",50000,2024,"42,43",0.95924,0.9574712466084507,0.9609381927507126,47962,wilson,95,15,157
"U(0.01,0.1), eps=1e-08",narrow_e8,0.01,0.1,uniform,1e-08,reverse_eng_risk,qmetrology.algorithms.find_phi_fixed_budget_reverse_engineering_risk,413269439643361,"{""m_exploration"": 54568}",50000,2024,"42,43",0.95906,0.9572876018665077,0.9607618651490342,47953,wilson,95,15,157
"U(0.01,0.1), eps=1e-08",narrow_e8,0.01,0.1,uniform,1e-08,brute,qmetrology.algorithms.find_phi_fixed_budget_brute_force,585431022384237,{},50000,2024,"42,43",0.9404,0.9382908542229432,0.9424414798371897,47020,wilson,95,15,157
"U(0.01,0.1), eps=1e-08",narrow_e8,0.01,0.1,uniform,1e-08,linear,qmetrology.algorithms.find_phi_fixed_budget_linear_search,585431022384237,"{""inc"": 1, ""lookback_window"": 6, ""m_exploration"": 751362, ""mean_window"": 3, ""safeguard"": 1}",50000,2024,"42,43",0.97452,0.9731019127545353,0.9758651788853703,48726,wilson,95,15,157
"U(0.01,0.1), eps=1e-08",narrow_e8,0.01,0.1,uniform,1e-08,binary_deep,qmetrology.algorithms.find_phi_fixed_budget_binary_search_deep,585431022384237,"{""conf"": 0.52, ""m_exploration"": 35017}",50000,2024,"42,43",0.98206,0.9808589837831593,0.9831869493617721,49103,wilson,95,15,157
"U(0.01,0.1), eps=1e-08",narrow_e8,0.01,0.1,uniform,1e-08,reverse_eng_risk,qmetrology.algorithms.find_phi_fixed_budget_reverse_engineering_risk,585431022384237,"{""m_exploration"": 600}",50000,2024,"42,43",0.97926,0.9779735317476002,0.9804728316076663,48963,wilson,95,15,157
"U(0.01,0.1), eps=1e-08",narrow_e8,0.01,0.1,uniform,1e-08,brute,qmetrology.algorithms.find_phi_fixed_budget_brute_force,829312426937782,{},50000,2024,"42,43",0.9745,0.9730813867463917,0.9758457079664447,48725,wilson,95,15,157
"U(0.01,0.1), eps=1e-08",narrow_e8,0.01,0.1,uniform,1e-08,linear,qmetrology.algorithms.find_phi_fixed_budget_linear_search,829312426937782,"{""inc"": 2, ""lookback_window"": 4, ""m_exploration"": 39841238, ""mean_window"": 2, ""safeguard"": 0}",50000,2024,"42,43",0.98888,0.9879225590428815,0.9897623262325903,49444,wilson,95,15,157
"U(0.01,0.1), eps=1e-08",narrow_e8,0.01,0.1,uniform,1e-08,binary_deep,qmetrology.algorithms.find_phi_fixed_budget_binary_search_deep,829312426937782,"{""conf"": 0.5, ""m_exploration"": 3296}",50000,2024,"42,43",0.9936,0.9928621084630301,0.994262051600734,49680,wilson,95,15,157
"U(0.01,0.1), eps=1e-08",narrow_e8,0.01,0.1,uniform,1e-08,reverse_eng_risk,qmetrology.algorithms.find_phi_fixed_budget_reverse_engineering_risk,829312426937782,"{""m_exploration"": 318}",50000,2024,"42,43",0.99216,0.9913482384450183,0.9928961428697753,49608,wilson,95,15,157
"U(0.01,0.1), eps=1e-08",narrow_e8,0.01,0.1,uniform,1e-08,brute,qmetrology.algorithms.find_phi_fixed_budget_brute_force,1174791008977376,{},50000,2024,"42,43",0.9927,0.9919150556886537,0.9934092426570039,49635,wilson,95,15,157
"U(0.01,0.1), eps=1e-08",narrow_e8,0.01,0.1,uniform,1e-08,linear,qmetrology.algorithms.find_phi_fixed_budget_linear_search,1174791008977376,"{""inc"": 2, ""lookback_window"": 4, ""m_exploration"": 2703297, ""mean_window"": 2, ""safeguard"": 1}",50000,2024,"42,43",0.9959,0.9953005341368585,0.9964232725398444,49795,wilson,95,15,157
"U(0.01,0.1), eps=1e-08",narrow_e8,0.01,0.1,uniform,1e-08,binary_deep,qmetrology.algorithms.find_phi_fixed_budget_binary_search_deep,1174791008977376,"{""conf"": 0.5, ""m_exploration"": 37726}",50000,2024,"42,43",0.99824,0.9978323510232754,0.9985710961205045,49912,wilson,95,15,157
"U(0.01,0.1), eps=1e-08",narrow_e8,0.01,0.1,uniform,1e-08,reverse_eng_risk,qmetrology.algorithms.find_phi_fixed_budget_reverse_engineering_risk,1174791008977376,"{""m_exploration"": 217}",50000,2024,"42,43",0.99784,0.9973930458733906,0.9982104627290085,49892,wilson,95,15,157
"U(0.01,0.1), eps=1e-08",narrow_e8,0.01,0.1,uniform,1e-08,brute,qmetrology.algorithms.find_phi_fixed_budget_brute_force,1664190563103208,{},50000,2024,"42,43",0.99852,0.9981425901268473,0.9988208139958992,49926,wilson,95,15,157
"U(0.01,0.1), eps=1e-08",narrow_e8,0.01,0.1,uniform,1e-08,linear,qmetrology.algorithms.find_phi_fixed_budget_linear_search,1664190563103208,"{""inc"": 5, ""lookback_window"": 2, ""m_exploration"": 794595, ""mean_window"": 1, ""safeguard"": 0}",50000,2024,"42,43",0.99884,0.9985008781423067,0.9991024768135442,49942,wilson,95,15,157
"U(0.01,0.1), eps=1e-08",narrow_e8,0.01,0.1,uniform,1e-08,binary_deep,qmetrology.algorithms.find_phi_fixed_budget_binary_search_deep,1664190563103208,"{""conf"": 0.5, ""m_exploration"": 522}",50000,2024,"42,43",0.99914,0.9988418822616536,0.9993614266002329,49957,wilson,95,15,157
"U(0.01,0.1), eps=1e-08",narrow_e8,0.01,0.1,uniform,1e-08,reverse_eng_risk,qmetrology.algorithms.find_phi_fixed_budget_reverse_engineering_risk,1664190563103208,"{""m_exploration"": 46}",50000,2024,"42,43",0.99948,0.9992381591092907,0.9996450975127695,49974,wilson,95,15,157
"U(0.01,0.1), eps=1e-08",narrow_e8,0.01,0.1,uniform,1e-08,brute,qmetrology.algorithms.find_phi_fixed_budget_brute_force,2357466314568226,{},50000,2024,"42,43",0.99992,0.9997942998811324,0.9999688891364464,49996,wilson,95,15,157
"U(0.01,0.1), eps=1e-08",narrow_e8,0.01,0.1,uniform,1e-08,linear,qmetrology.algorithms.find_phi_fixed_budget_linear_search,2357466314568226,"{""inc"": 1, ""lookback_window"": 1, ""m_exploration"": 8, ""mean_window"": 1, ""safeguard"": 1}",50000,2024,"42,43",0.99978,0.9996060635442185,0.999877146983877,49989,wilson,95,15,157
"U(0.01,0.1), eps=1e-08",narrow_e8,0.01,0.1,uniform,1e-08,binary_deep,qmetrology.algorithms.find_phi_fixed_budget_binary_search_deep,2357466314568226,"{""conf"": 0.5, ""m_exploration"": 148}",50000,2024,"42,43",0.99958,0.9993579764083839,0.9997252648490215,49979,wilson,95,15,157
"U(0.01,0.1), eps=1e-08",narrow_e8,0.01,0.1,uniform,1e-08,reverse_eng_risk,qmetrology.algorithms.find_phi_fixed_budget_reverse_engineering_risk,2357466314568226,"{""m_exploration"": 12}",50000,2024,"42,43",0.99988,0.9997381933633732,0.9999450018000674,49994,wilson,95,15,157
"U(0.01,0.1), eps=1e-08",narrow_e8,0.01,0.1,uniform,1e-08,brute,qmetrology.algorithms.find_phi_fixed_budget_brute_force,3339549897435170,{},50000,2024,"42,43",1.0,0.9999231767258548,0.9999999999999999,50000,wilson,95,15,157
"U(0.01,0.1), eps=1e-08",narrow_e8,0.01,0.1,uniform,1e-08,linear,qmetrology.algorithms.find_phi_fixed_budget_linear_search,3339549897435170,"{""inc"": 1, ""lookback_window"": 1, ""m_exploration"": 1, ""mean_window"": 1, ""safeguard"": 1}",50000,2024,"42,43",1.0,0.9999231767258548,0.9999999999999999,50000,wilson,95,15,157
"U(0.01,0.1), eps=1e-08",narrow_e8,0.01,0.1,uniform,1e-08,binary_deep,qmetrology.algorithms.find_phi_fixed_budget_binary_search_deep,3339549897435170,"{""conf"": 0.5, ""m_exploration"": 45}",50000,2024,"42,43",0.99984,0.9996842794421167,0.9999189218671859,49992,wilson,95,15,157
"U(0.01,0.1), eps=1e-08",narrow_e8,0.01,0.1,uniform,1e-08,reverse_eng_risk,qmetrology.algorithms.find_phi_fixed_budget_reverse_engineering_risk,3339549897435170,"{""m_exploration"": 1}",50000,2024,"42,43",0.99998,0.9998867102986088,0.9999964695001772,49999,wilson,95,15,157
"U(0.01,0.1), eps=1e-08",narrow_e8,0.01,0.1,uniform,1e-08,brute,qmetrology.algorithms.find_phi_fixed_budget_brute_force,4730754135717893,{},50000,2024,"42,43",1.0,0.9999231767258548,0.9999999999999999,50000,wilson,95,15,157
"U(0.01,0.1), eps=1e-08",narrow_e8,0.01,0.1,uniform,1e-08,linear,qmetrology.algorithms.find_phi_fixed_budget_linear_search,4730754135717893,"{""inc"": 1, ""lookback_window"": 1, ""m_exploration"": 1, ""mean_window"": 1, ""safeguard"": 1}",50000,2024,"42,43",1.0,0.9999231767258548,0.9999999999999999,50000,wilson,95,15,157
"U(0.01,0.1), eps=1e-08",narrow_e8,0.01,0.1,uniform,1e-08,binary_deep,qmetrology.algorithms.find_phi_fixed_budget_binary_search_deep,4730754135717893,"{""conf"": 0.5, ""m_exploration"": 12}",50000,2024,"42,43",0.99954,0.9993098029765327,0.9996934444267344,49977,wilson,95,15,157
"U(0.01,0.1), eps=1e-08",narrow_e8,0.01,0.1,uniform,1e-08,reverse_eng_risk,qmetrology.algorithms.find_phi_fixed_budget_reverse_engineering_risk,4730754135717893,"{""m_exploration"": 1}",50000,2024,"42,43",1.0,0.9999231767258548,0.9999999999999999,50000,wilson,95,15,157
"U(0.01,0.1), eps=1e-08",narrow_e8,0.01,0.1,uniform,1e-08,brute,qmetrology.algorithms.find_phi_fixed_budget_brute_force,6701512293557939,{},50000,2024,"42,43",1.0,0.9999231767258548,0.9999999999999999,50000,wilson,95,15,157
"U(0.01,0.1), eps=1e-08",narrow_e8,0.01,0.1,uniform,1e-08,linear,qmetrology.algorithms.find_phi_fixed_budget_linear_search,6701512293557939,"{""inc"": 1, ""lookback_window"": 1, ""m_exploration"": 1, ""mean_window"": 1, ""safeguard"": 1}",50000,2024,"42,43",1.0,0.9999231767258548,0.9999999999999999,50000,wilson,95,15,157
"U(0.01,0.1), eps=1e-08",narrow_e8,0.01,0.1,uniform,1e-08,binary_deep,qmetrology.algorithms.find_phi_fixed_budget_binary_search_deep,6701512293557939,"{""conf"": 0.5, ""m_exploration"": 7}",50000,2024,"42,43",0.99996,0.9998541523830182,0.9999890304886985,49998,wilson,95,15,157
"U(0.01,0.1), eps=1e-08",narrow_e8,0.01,0.1,uniform,1e-08,reverse_eng_risk,qmetrology.algorithms.find_phi_fixed_budget_reverse_engineering_risk,6701512293557939,"{""m_exploration"": 1}",50000,2024,"42,43",1.0,0.9999231767258548,0.9999999999999999,50000,wilson,95,15,157
"U(0.01,0.1), eps=1e-08",narrow_e8,0.01,0.1,uniform,1e-08,brute,qmetrology.algorithms.find_phi_fixed_budget_brute_force,9493257466421480,{},50000,2024,"42,43",1.0,0.9999231767258548,0.9999999999999999,50000,wilson,95,15,157
"U(0.01,0.1), eps=1e-08",narrow_e8,0.01,0.1,uniform,1e-08,linear,qmetrology.algorithms.find_phi_fixed_budget_linear_search,9493257466421480,"{""inc"": 1, ""lookback_window"": 1, ""m_exploration"": 1, ""mean_window"": 1, ""safeguard"": 1}",50000,2024,"42,43",1.0,0.9999231767258548,0.9999999999999999,50000,wilson,95,15,157
"U(0.01,0.1), eps=1e-08",narrow_e8,0.01,0.1,uniform,1e-08,binary_deep,qmetrology.algorithms.find_phi_fixed_budget_binary_search_deep,9493257466421480,"{""conf"": 0.5, ""m_exploration"": 3}",50000,2024,"42,43",0.99996,0.9998541523830182,0.9999890304886985,49998,wilson,95,15,157
"U(0.01,0.1), eps=1e-08",narrow_e8,0.01,0.1,uniform,1e-08,reverse_eng_risk,qmetrology.algorithms.find_phi_fixed_budget_reverse_engineering_risk,9493257466421480,"{""m_exploration"": 1}",50000,2024,"42,43",1.0,0.9999231767258548,0.9999999999999999,50000,wilson,95,15,157
"U(0.01,0.1), eps=1e-08",narrow_e8,0.01,0.1,uniform,1e-08,brute,qmetrology.algorithms.find_phi_fixed_budget_brute_force,13447999999999998,{},50000,2024,"42,43",1.0,0.9999231767258548,0.9999999999999999,50000,wilson,95,15,157
"U(0.01,0.1), eps=1e-08",narrow_e8,0.01,0.1,uniform,1e-08,linear,qmetrology.algorithms.find_phi_fixed_budget_linear_search,13447999999999998,"{""inc"": 1, ""lookback_window"": 1, ""m_exploration"": 1, ""mean_window"": 1, ""safeguard"": 1}",50000,2024,"42,43",1.0,0.9999231767258548,0.9999999999999999,50000,wilson,95,15,157
"U(0.01,0.1), eps=1e-08",narrow_e8,0.01,0.1,uniform,1e-08,binary_deep,qmetrology.algorithms.find_phi_fixed_budget_binary_search_deep,13447999999999998,"{""conf"": 0.5, ""m_exploration"": 1}",50000,2024,"42,43",1.0,0.9999231767258548,0.9999999999999999,50000,wilson,95,15,157
"U(0.01,0.1), eps=1e-08",narrow_e8,0.01,0.1,uniform,1e-08,reverse_eng_risk,qmetrology.algorithms.find_phi_fixed_budget_reverse_engineering_risk,13447999999999998,"{""m_exploration"": 1}",50000,2024,"42,43",1.0,0.9999231767258548,0.9999999999999999,50000,wilson,95,15,157
"U(0.001,0.01), eps=1e-04",small_e4,0.001,0.01,uniform,0.0001,brute,qmetrology.algorithms.find_phi_fixed_budget_brute_force,8565,{},50000,2024,"42,43",0.1749,0.1715952620926279,0.17825468840022116,8745,wilson,95,157,1570
"U(0.001,0.01), eps=1e-04",small_e4,0.001,0.01,uniform,0.0001,linear,qmetrology.algorithms.find_phi_fixed_budget_linear_search,8565,"{""inc"": 2, ""lookback_window"": 1, ""m_exploration"": 1, ""mean_window"": 0, ""safeguard"": 0}",50000,2024,"42,43",0.17174,0.1684594062789595,0.1750710297369822,8587,wilson,95,157,1570
"U(0.001,0.01), eps=1e-04",small_e4,0.001,0.01,uniform,0.0001,binary_deep,qmetrology.algorithms.find_phi_fixed_budget_binary_search_deep,8565,"{""conf"": 0.5, ""m_exploration"": 9}",50000,2024,"42,43",0.19718,0.19371590514644166,0.2006906221013115,9859,wilson,95,157,1570
"U(0.001,0.01), eps=1e-04",small_e4,0.001,0.01,uniform,0.0001,reverse_eng_risk,qmetrology.algorithms.find_phi_fixed_budget_reverse_engineering_risk,8565,"{""m_exploration"": 5}",50000,2024,"42,43",0.19816,0.19468930960782688,0.20167706706630895,9908,wilson,95,157,1570
"U(0.001,0.01), eps=1e-04",small_e4,0.001,0.01,uniform,0.0001,brute,qmetrology.algorithms.find_phi_fixed_budget_brute_force,12133,{},50000,2024,"42,43",0.2109,0.20734652590195884,0.2144978933151518,10545,wilson,95,157,1570
"U(0.001,0.01), eps=1e-04",small_e4,0.001,0.01,uniform,0.0001,linear,qmetrology.algorithms.find_phi_fixed_budget_linear_search,12133,"{""inc"": 5, ""lookback_window"": 1, ""m_exploration"": 1, ""mean_window"": 4, ""safeguard"": 0}",50000,2024,"42,43",0.21272,0.20915513568371008,0.21632900389668264,10636,wilson,95,157,1570
"U(0.001,0.01), eps=1e-04",small_e4,0.001,0.01,uniform,0.0001,binary_deep,qmetrology.algorithms.find_phi_fixed_budget_binary_search_deep,12133,"{""conf"": 0.5, ""m_exploration"": 14}",50000,2024,"42,43",0.23714,0.23343217914204192,0.24088820838964156,11857,wilson,95,157,1570
"U(0.001,0.01), eps=1e-04",small_e4,0.001,0.01,uniform,0.0001,reverse_eng_risk,qmetrology.algorithms.find_phi_fixed_budget_reverse_engineering_risk,12133,"{""m_exploration"": 12}",50000,2024,"42,43",0.23794,0.2342277937085243,0.24169247090592055,11897,wilson,95,157,1570
"U(0.001,0.01), eps=1e-04",small_e4,0.001,0.01,uniform,0.0001,brute,qmetrology.algorithms.find_phi_fixed_budget_brute_force,17188,{},50000,2024,"42,43",0.25298,0.2491886608246101,0.2568092929457484,12649,wilson,95,157,1570
"U(0.001,0.01), eps=1e-04",small_e4,0.001,0.01,uniform,0.0001,linear,qmetrology.algorithms.find_phi_fixed_budget_linear_search,17188,"{""inc"": 8, ""lookback_window"": 1, ""m_exploration"": 1, ""mean_window"": 4, ""safeguard"": 3}",50000,2024,"42,43",0.25232,0.2485320041507701,0.2561460510263102,12616,wilson,95,157,1570
"U(0.001,0.01), eps=1e-04",small_e4,0.001,0.01,uniform,0.0001,binary_deep,qmetrology.algorithms.find_phi_fixed_budget_binary_search_deep,17188,"{""conf"": 0.5, ""m_exploration"": 18}",50000,2024,"42,43",0.28978,0.2858198360720239,0.2937724635053576,14489,wilson,95,157,1570
"U(0.001,0.01), eps=1e-04",small_e4,0.001,0.01,uniform,0.0001,reverse_eng_risk,qmetrology.algorithms.find_phi_fixed_budget_reverse_engineering_risk,17188,"{""m_exploration"": 11}",50000,2024,"42,43",0.28956,0.285600747001996,0.293551586377626,14478,wilson,95,157,1570
"U(0.001,0.01), eps=1e-04",small_e4,0.001,0.01,uniform,0.0001,brute,qmetrology.algorithms.find_phi_fixed_budget_brute_force,24349,{},50000,2024,"42,43",0.30046,0.2964569662433007,0.304493692388945,15023,wilson,95,157,1570
"U(0.001,0.01), eps=1e-04",small_e4,0.001,0.01,uniform,0.0001,linear,qmetrology.algorithms.find_phi_fixed_budget_linear_search,24349,"{""inc"": 8, ""lookback_window"": 2, ""m_exploration"": 1, ""mean_window"": 1, ""safeguard"": 6}",50000,2024,"42,43",0.31478,0.31072354286222603,0.31886491555144814,15739,wilson,95,157,1570
"U(0.001,0.01), eps=1e-04",small_e4,0.001,0.01,uniform,0.0001,binary_deep,qmetrology.algorithms.find_phi_fixed_budget_binary_search_deep,24349,"{""conf"": 0.5, ""m_exploration"": 24}",50000,2024,"42,43",0.34428,0.34012745866327,0.34845646717722956,17214,wilson,95,157,1570
"U(0.001,0.01), eps=1e-04",small_e4,0.001,0.01,uniform,0.0001,reverse_eng_risk,qmetrology.algorithms.find_phi_fixed_budget_reverse_engineering_risk,24349,"{""m_exploration"": 14}",50000,2024,"42,43",0.34966,0.34549188653767965,0.3538512126843902,17483,wilson,95,157,1570
"U(0.001,0.01), eps=1e-04",small_e4,0.001,0.01,uniform,0.0001,brute,qmetrology.algorithms.find_phi_fixed_budget_brute_force,34492,{},50000,2024,"42,43",0.35536,0.35117602613388643,0.3595661973028581,17768,wilson,95,157,1570
"U(0.001,0.01), eps=1e-04",small_e4,0.001,0.01,uniform,0.0001,linear,qmetrology.algorithms.find_phi_fixed_budget_linear_search,34492,"{""inc"": 8, ""lookback_window"": 2, ""m_exploration"": 1, ""mean_window"": 3, ""safeguard"": 6}",50000,2024,"42,43",0.3763,0.3720632832003495,0.380555722877674,18815,wilson,95,157,1570
"U(0.001,0.01), eps=1e-04",small_e4,0.001,0.01,uniform,0.0001,binary_deep,qmetrology.algorithms.find_phi_fixed_budget_binary_search_deep,34492,"{""conf"": 0.5, ""m_exploration"": 40}",50000,2024,"42,43",0.4091,0.40479756434393704,0.4134164021273024,20455,wilson,95,157,1570
"U(0.001,0.01), eps=1e-04",small_e4,0.001,0.01,uniform,0.0001,reverse_eng_risk,qmetrology.algorithms.find_phi_fixed_budget_reverse_engineering_risk,34492,"{""m_exploration"": 20}",50000,2024,"42,43",0.41564,0.41132685822524456,0.41996610339756907,20782,wilson,95,157,1570
"U(0.001,0.01), eps=1e-04",small_e4,0.001,0.01,uniform,0.0001,brute,qmetrology.algorithms.find_phi_fixed_budget_brute_force,48861,{},50000,2024,"42,43",0.41752,0.4132039257411472,0.42184874702615566,20876,wilson,95,157,1570
"U(0.001,0.01), eps=1e-04",small_e4,0.001,0.01,uniform,0.0001,linear,qmetrology.algorithms.find_phi_fixed_budget_linear_search,48861,"{""inc"": 8, ""lookback_window"": 3, ""m_exploration"": 1, ""mean_window"": 4, ""safeguard"": 6}",50000,2024,"42,43",0.45518,0.45081864020986573,0.4595482462284285,22759,wilson,95,157,1570
"U(0.001,0.01), eps=1e-04",small_e4,0.001,0.01,uniform,0.0001,binary_deep,qmetrology.algorithms.find_phi_fixed_budget_binary_search_deep,48861,"{""conf"": 0.5, ""m_exploration"": 48}",50000,2024,"42,43",0.48534,0.4809605658444324,0.48972168661396537,24267,wilson,95,157,1570
"U(0.001,0.01), eps=1e-04",small_e4,0.001,0.01,uniform,0.0001,reverse_eng_risk,qmetrology.algorithms.find_phi_fixed_budget_reverse_engineering_risk,48861,"{""m_exploration"": 19}",50000,2024,"42,43",0.48844,0.4840596150709191,0.492822161083179,24422,wilson,95,157,1570
"U(0.001,0.01), eps=1e-04",small_e4,0.001,0.01,uniform,0.0001,brute,qmetrology.algorithms.find_phi_fixed_budget_brute_force,69216,{},50000,2024,"42,43",0.48678,0.4824001032230269,0.4911619279843414,24339,wilson,95,157,1570
"U(0.001,0.01), eps=1e-04",small_e4,0.001,0.01,uniform,0.0001,linear,qmetrology.algorithms.find_phi_fixed_budget_linear_search,69216,"{""inc"": 8, ""lookback_window"": 6, ""m_exploration"": 1, ""mean_window"": 2, ""safeguard"": 8}",50000,2024,"42,43",0.54264,0.5382702438050299,0.5470032047061512,27132,wilson,95,157,1570
"U(0.001,0.01), eps=1e-04",small_e4,0.001,0.01,uniform,0.0001,binary_deep,qmetrology.algorithms.find_phi_fixed_budget_binary_search_deep,69216,"{""conf"": 0.5, ""m_exploration"": 72}",50000,2024,"42,43",0.5637,0.5593483699434452,0.5680418427714287,28185,wilson,95,157,1570
"U(0.001,0.01), eps=1e-04",small_e4,0.001,0.01,uniform,0.0001,reverse_eng_risk,qmetrology.algorithms.find_phi_fixed_budget_reverse_engineering_risk,69216,"{""m_exploration"": 30}",50000,2024,"42,43",0.5734,0.569059391698454,0.5777293306449015,28670,wilson,95,157,1570
"U(0.001,0.01), eps=1e-04",small_e4,0.001,0.01,uniform,0.0001,brute,qmetrology.algorithms.find_phi_fixed_budget_brute_force,98051,{},50000,2024,"42,43",0.56432,0.5599690237209908,0.5686610937330233,28216,wilson,95,157,1570
"U(0.001,0.01), eps=1e-04",small_e4,0.001,0.01,uniform,0.0001,linear,qmetrology.algorithms.find_phi_fixed_budget_linear_search,98051,"{""inc"": 8, ""lookback_window"": 6, ""m_exploration"": 1, ""mean_window"": 2, ""safeguard"": 3}",50000,2024,"42,43",0.63958,0.6353610448119246,0.6437775092028651,31979,wilson,95,157,1570
"U(0.001,0.01), eps=1e-04",small_e4,0.001,0.01,uniform,0.0001,binary_deep,qmetrology.algorithms.find_phi_fixed_budget_binary_search_deep,98051,"{""conf"": 0.5, ""m_exploration"": 98}",50000,2024,"42,43",0.64708,0.6428801372722189,0.6512572643934585,32354,wilson,95,157,1570
"U(0.001,0.01), eps=1e-04",small_e4,0.001,0.01,uniform,0.0001,reverse_eng_risk,qmetrology.algorithms.find_phi_fixed_budget_reverse_engineering_risk,98051,"{""m_exploration"": 35}",50000,2024,"42,43",0.65676,0.6525864512472046,0.6609094631198855,32838,wilson,95,157,1570
"U(0.001,0.01), eps=1e-04",small_e4,0.001,0.01,uniform,0.0001,brute,qmetrology.algorithms.find_phi_fixed_budget_brute_force,138898,{},50000,2024,"42,43",0.6481,0.6439028207278717,0.6522744242183266,32405,wilson,95,157,1570
"U(0.001,0.01), eps=1e-04",small_e4,0.001,0.01,uniform,0.0001,linear,qmetrology.algorithms.find_phi_fixed_budget_linear_search,138898,"{""inc"": 8, ""lookback_window"": 6, ""m_exploration"": 1, ""mean_window"": 3, ""safeguard"": 4}",50000,2024,"42,43",0.72838,0.7244638371088022,0.7322610730924993,36419,wilson,95,157,1570
"U(0.001,0.01), eps=1e-04",small_e4,0.001,0.01,uniform,0.0001,binary_deep,qmetrology.algorithms.find_phi_fixed_budget_binary_search_deep,138898,"{""conf"": 0.5, ""m_exploration"": 141}",50000,2024,"42,43",0.73186,0.7279593809308365,0.7357249945804769,36593,wilson,95,157,1570
"U(0.001,0.01), eps=1e-04",small_e4,0.001,0.01,uniform,0.0001,reverse_eng_risk,qmetrology.algorithms.find_phi_fixed_budget_reverse_engineering_risk,138898,"{""m_exploration"": 59}",50000,2024,"42,43",0.7395,0.7356345818688986,0.7433286197827861,36975,wilson,95,157,1570
"U(0.001,0.01), eps=1e-04",small_e4,0.001,0.01,uniform,0.0001,brute,qmetrology.algorithms.find_phi_fixed_budget_brute_force,196761,{},50000,2024,"42,43",0.73212,0.7282205544584467,0.7359837811047641,36606,wilson,95,157,1570
"U(0.001,0.01), eps=1e-04",small_e4,0.001,0.01,uniform,0.0001,linear,qmetrology.algorithms.find_phi_fixed_budget_linear_search,196761,"{""inc"": 5, ""lookback_window"": 6, ""m_exploration"": 1, ""mean_window"": 3, ""safeguard"": 0}",50000,2024,"42,43",0.80584,0.802349449848866,0.8092835588908048,40292,wilson,95,157,1570
"U(0.001,0.01), eps=1e-04",small_e4,0.001,0.01,uniform,0.0001,binary_deep,qmetrology.algorithms.find_phi_fixed_budget_binary_search_deep,196761,"{""conf"": 0.5, ""m_exploration"": 204}",50000,2024,"42,43",0.8078,0.8043226490961669,0.8112300584962694,40390,wilson,95,157,1570
"U(0.001,0.01), eps=1e-04",small_e4,0.001,0.01,uniform,0.0001,reverse_eng_risk,qmetrology.algorithms.find_phi_fixed_budget_reverse_engineering_risk,196761,"{""m_exploration"": 79}",50000,2024,"42,43",0.822,0.818622490008013,0.8253280358034374,41100,wilson,95,157,1570
"U(0.001,0.01), eps=1e-04",small_e4,0.001,0.01,uniform,0.0001,brute,qmetrology.algorithms.find_phi_fixed_budget_brute_force,278729,{},50000,2024,"42,43",0.81228,0.808833338055855,0.8156786812000449,40614,wilson,95,157,1570
"U(0.001,0.01), eps=1e-04",small_e4,0.001,0.01,uniform,0.0001,linear,qmetrology.algorithms.find_phi_fixed_budget_linear_search,278729,"{""inc"": 3, ""lookback_window"": 12, ""m_exploration"": 1, ""mean_window"": 6, ""safeguard"": 3}",50000,2024,"42,43",0.87662,0.8737083873625833,0.8794737462743996,43831,wilson,95,157,1570
"U(0.001,0.01), eps=1e-04",small_e4,0.001,0.01,uniform,0.0001,binary_deep,qmetrology.algorithms.find_phi_fixed_budget_binary_search_deep,278729,"{""conf"": 0.5, ""m_exploration"": 298}",50000,2024,"42,43",0.87286,0.869911370118874,0.8757513412291306,43643,wilson,95,157,1570
"U(0.001,0.01), eps=1e-04",small_e4,0.001,0.01,uniform,0.0001,reverse_eng_risk,qmetrology.algorithms.find_phi_fixed_budget_reverse_engineering_risk,278729,"{""m_exploration"": 58}",50000,2024,"42,43",0.88814,0.8853473794162059,0.8908729842125409,44407,wilson,95,157,1570
"U(0.001,0.01), eps=1e-04",small_e4,0.001,0.01,uniform,0.0001,brute,qmetrology.algorithms.find_phi_fixed_budget_brute_force,394843,{},50000,2024,"42,43",0.88216,0.8793045258316716,0.884956756603434,44108,wilson,95,157,1570
"U(0.001,0.01), eps=1e-04",small_e4,0.001,0.01,uniform,0.0001,linear,qmetrology.algorithms.find_phi_fixed_budget_linear_search,394843,"{""inc"": 2, ""lookback_window"": 12, ""m_exploration"": 1, ""mean_window"": 8, ""safeguard"": 8}",50000,2024,"42,43",0.9296,0.9273245205726538,0.9318094728702008,46480,wilson,95,157,1570
"U(0.001,0.01), eps=1e-04",small_e4,0.001,0.01,uniform,0.0001,binary_deep,qmetrology.algorithms.find_phi_fixed_budget_binary_search_deep,394843,"{""conf"": 0.5, ""m_exploration"": 391}",50000,2024,"42,43",0.92514,0.9228004934792502,0.9274141852272098,46257,wilson,95,157,1570
"U(0.001,0.01), eps=1e-04",small_e4,0.001,0.01,uniform,0.0001,reverse_eng_risk,qmetrology.algorithms.find_phi_fixed_budget_reverse_engineering_risk,394843,"{""m_exploration"": 86}",50000,2024,"42,43",0.93762,0.9354663743644541,0.9397063868330832,46881,wilson,95,157,1570
"U(0.001,0.01), eps=1e-04",small_e4,0.001,0.01,uniform,0.0001,brute,qmetrology.algorithms.find_phi_fixed_budget_brute_force,559329,{},50000,2024,"42,43",0.93792,0.9357711153838818,0.940001599719691,46896,wilson,95,157,1570
"U(0.001,0.01), eps=1e-04",small_e4,0.001,0.01,uniform,0.0001,linear,qmetrology.algorithms.find_phi_fixed_budget_linear_search,559329,"{""inc"": 2, ""lookback_window"": 12, ""m_exploration"": 1, ""mean_window"": 8, ""safeguard"": 6}",50000,2024,"42,43",0.96554,0.9639050539897189,0.9671034173961901,48277,wilson,95,157,1570
"U(0.001,0.01), eps=1e-04",small_e4,0.001,0.01,uniform,0.0001,binary_deep,qmetrology.algorithms.find_phi_fixed_budget_binary_search_deep,559329,"{""conf"": 0.5, ""m_exploration"": 575}",50000,2024,"42,43",0.96148,0.9597573902950214,0.9631317048958736,48074,wilson,95,157,1570
"U(0.001,0.01), eps=1e-04",small_e4,0.001,0.01,uniform,0.0001,reverse_eng_risk,qmetrology.algorithms.find_phi_fixed_budget_reverse_engineering_risk,559329,"{""m_exploration"": 119}",50000,2024,"42,43",0.96924,0.9676901169282317,0.9707177859654486,48462,wilson,95,157,1570
"U(0.001,0.01), eps=1e-04",small_e4,0.001,0.01,uniform,0.0001,brute,qmetrology.algorithms.find_phi_fixed_budget_brute_force,792336,{},50000,2024,"42,43",0.97376,0.9723220794450292,0.9751251289662527,48688,wilson,95,157,1570
"U(0.001,0.01), eps=1e-04",small_e4,0.001,0.01,uniform,0.0001,linear,qmetrology.algorithms.find_phi_fixed_budget_linear_search,792336,"{""inc"": 2, ""lookback_window"": 8, ""m_exploration"": 2, ""mean_window"": 2, ""safeguard"": 4}",50000,2024,"42,43",0.98506,0.9839587901066361,0.9860866820986504,49253,wilson,95,157,1570
"U(0.001,0.01), eps=1e-04",small_e4,0.001,0.01,uniform,0.0001,binary_deep,qmetrology.algorithms.find_phi_fixed_budget_binary_search_deep,792336,"{""conf"": 0.5, ""m_exploration"": 834}",50000,2024,"42,43",0.98306,0.9818912016510748,0.9841545778473082,49153,wilson,95,157,1570
"U(0.001,0.01), eps=1e-04",small_e4,0.001,0.01,uniform,0.0001,reverse_eng_risk,qmetrology.algorithms.find_phi_fixed_budget_reverse_engineering_risk,792336,"{""m_exploration"": 273}",50000,2024,"42,43",0.9885,0.9875272092267294,0.989397734434431,49425,wilson,95,157,1570
"U(0.001,0.01), eps=1e-04",small_e4,0.001,0.01,uniform,0.0001,brute,qmetrology.algorithms.find_phi_fixed_budget_brute_force,1122411,{},50000,2024,"42,43",0.9916,0.9907614083868472,0.9923630589700134,49580,wilson,95,157,1570
"U(0.001,0.01), eps=1e-04",small_e4,0.001,0.01,uniform,0.0001,linear,qmetrology.algorithms.find_phi_fixed_budget_linear_search,1122411,"{""inc"": 5, ""lookback_window"": 3, ""m_exploration"": 1, ""mean_window"": 2, ""safeguard"": 3}",50000,2024,"42,43",0.99468,0.994003271958607,0.9952807221668848,49734,wilson,95,157,1570
"U(0.001,0.01), eps=1e-04",small_e4,0.001,0.01,uniform,0.0001,binary_deep,qmetrology.algorithms.find_phi_fixed_budget_binary_search_deep,1122411,"{""conf"": 0.5, ""m_exploration"": 7149}",50000,2024,"42,43",0.9916,0.9907614083868472,0.9923630589700134,49580,wilson,95,157,1570
"U(0.001,0.01), eps=1e-04",small_e4,0.001,0.01,uniform,0.0001,reverse_eng_risk,qmetrology.algorithms.find_phi_fixed_budget_reverse_engineering_risk,1122411,"{""m_exploration"": 176}",50000,2024,"42,43",0.99664,0.9960932065501902,0.9971104864280669,49832,wilson,95,157,1570
"U(0.001,0.01), eps=1e-04",small_e4,0.001,0.01,uniform,0.0001,brute,qmetrology.algorithms.find_phi_fixed_budget_brute_force,1589990,{},50000,2024,"42,43",0.998,0.9975682919757581,0.9983551920431933,49900,wilson,95,157,1570
"U(0.001,0.01), eps=1e-04",small_e4,0.001,0.01,uniform,0.0001,linear,qmetrology.algorithms.find_phi_fixed_budget_linear_search,1589990,"{""inc"": 1, ""lookback_window"": 2, ""m_exploration"": 1, ""mean_window"": 2, ""safeguard"": 2}",50000,2024,"42,43",0.99824,0.9978323510232754,0.9985710961205045,49912,wilson,95,157,1570
"U(0.001,0.01), eps=1e-04",small_e4,0.001,0.01,uniform,0.0001,binary_deep,qmetrology.algorithms.find_phi_fixed_budget_binary_search_deep,1589990,"{""conf"": 0.5, ""m_exploration"": 36}",50000,2024,"42,43",0.99648,0.9959213582462778,0.9969623593154271,49824,wilson,95,157,1570
"U(0.001,0.01), eps=1e-04",small_e4,0.001,0.01,uniform,0.0001,reverse_eng_risk,qmetrology.algorithms.find_phi_fixed_budget_reverse_engineering_risk,1589990,"{""m_exploration"": 231}",50000,2024,"42,43",0.99928,0.9990034333908228,0.9994798539605468,49964,wilson,95,157,1570
"U(0.001,0.01), eps=1e-04",small_e4,0.001,0.01,uniform,0.0001,brute,qmetrology.algorithms.find_phi_fixed_budget_brute_force,2252356,{},50000,2024,"42,43",0.99978,0.9996060635442185,0.999877146983877,49989,wilson,95,157,1570
"U(0.001,0.01), eps=1e-04",small_e4,0.001,0.01,uniform,0.0001,linear,qmetrology.algorithms.find_phi_fixed_budget_linear_search,2252356,"{""inc"": 2, ""lookback_window"": 2, ""m_exploration"": 1, ""mean_window"": 1, ""safeguard"": 0}",50000,2024,"42,43",0.99976,0.9995805139284714,0.9998626996725551,49988,wilson,95,157,1570
"U(0.001,0.01), eps=1e-04",small_e4,0.001,0.01,uniform,0.0001,binary_deep,qmetrology.algorithms.find_phi_fixed_budget_binary_search_deep,2252356,"{""conf"": 0.5, ""m_exploration"": 72}",50000,2024,"42,43",0.9988,0.9984558281622081,0.9990675329395048,49940,wilson,95,157,1570
"U(0.001,0.01), eps=1e-04",small_e4,0.001,0.01,uniform,0.0001,reverse_eng_risk,qmetrology.algorithms.find_phi_fixed_budget_reverse_engineering_risk,2252356,"{""m_exploration"": 1}",50000,2024,"42,43",0.9997,0.9995050427285014,0.9998181800913181,49985,wilson,95,157,1570
"U(0.001,0.01), eps=1e-04",small_e4,0.001,0.01,uniform,0.0001,brute,qmetrology.algorithms.find_phi_fixed_budget_brute_force,3190652,{},50000,2024,"42,43",0.99996,0.9998541523830182,0.9999890304886985,49998,wilson,95,157,1570
"U(0.001,0.01), eps=1e-04",small_e4,0.001,0.01,uniform,0.0001,linear,qmetrology.algorithms.find_phi_fixed_budget_linear_search,3190652,"{""inc"": 1, ""lookback_window"": 1, ""m_exploration"": 1, ""mean_window"": 1, ""safeguard"": 1}",50000,2024,"42,43",1.0,0.9999231767258548,0.9999999999999999,50000,wilson,95,157,1570
"U(0.001,0.01), eps=1e-04",small_e4,0.001,0.01,uniform,0.0001,binary_deep,qmetrology.algorithms.find_phi_fixed_budget_binary_search_deep,3190652,"{""conf"": 0.5, ""m_exploration"": 30}",50000,2024,"42,43",0.99972,0.9995300239386321,0.9998331958082564,49986,wilson,95,157,1570
"U(0.001,0.01), eps=1e-04",small_e4,0.001,0.01,uniform,0.0001,reverse_eng_risk,qmetrology.algorithms.find_phi_fixed_budget_reverse_engineering_risk,3190652,"{""m_exploration"": 1}",50000,2024,"42,43",1.0,0.9999231767258548,0.9999999999999999,50000,wilson,95,157,1570
"U(0.001,0.01), eps=1e-04",small_e4,0.001,0.01,uniform,0.0001,brute,qmetrology.algorithms.find_phi_fixed_budget_brute_force,4519828,{},50000,2024,"42,43",1.0,0.9999231767258548,0.9999999999999999,50000,wilson,95,157,1570
"U(0.001,0.01), eps=1e-04",small_e4,0.001,0.01,uniform,0.0001,linear,qmetrology.algorithms.find_phi_fixed_budget_linear_search,4519828,"{""inc"": 1, ""lookback_window"": 1, ""m_exploration"": 1, ""mean_window"": 1, ""safeguard"": 0}",50000,2024,"42,43",1.0,0.9999231767258548,0.9999999999999999,50000,wilson,95,157,1570
"U(0.001,0.01), eps=1e-04",small_e4,0.001,0.01,uniform,0.0001,binary_deep,qmetrology.algorithms.find_phi_fixed_budget_binary_search_deep,4519828,"{""conf"": 0.5, ""m_exploration"": 14}",50000,2024,"42,43",0.9997,0.9995050427285014,0.9998181800913181,49985,wilson,95,157,1570
"U(0.001,0.01), eps=1e-04",small_e4,0.001,0.01,uniform,0.0001,reverse_eng_risk,qmetrology.algorithms.find_phi_fixed_budget_reverse_engineering_risk,4519828,"{""m_exploration"": 1}",50000,2024,"42,43",1.0,0.9999231767258548,0.9999999999999999,50000,wilson,95,157,1570
"U(0.001,0.01), eps=1e-04",small_e4,0.001,0.01,uniform,0.0001,brute,qmetrology.algorithms.find_phi_fixed_budget_brute_force,6402718,{},50000,2024,"42,43",1.0,0.9999231767258548,0.9999999999999999,50000,wilson,95,157,1570
"U(0.001,0.01), eps=1e-04",small_e4,0.001,0.01,uniform,0.0001,linear,qmetrology.algorithms.find_phi_fixed_budget_linear_search,6402718,"{""inc"": 1, ""lookback_window"": 1, ""m_exploration"": 1, ""mean_window"": 1, ""safeguard"": 0}",50000,2024,"42,43",1.0,0.9999231767258548,0.9999999999999999,50000,wilson,95,157,1570
"U(0.001,0.01), eps=1e-04",small_e4,0.001,0.01,uniform,0.0001,binary_deep,qmetrology.algorithms.find_phi_fixed_budget_binary_search_deep,6402718,"{""conf"": 0.5, ""m_exploration"": 6}",50000,2024,"42,43",0.99994,0.9998235915642609,0.999979594380387,49997,wilson,95,157,1570
"U(0.001,0.01), eps=1e-04",small_e4,0.001,0.01,uniform,0.0001,reverse_eng_risk,qmetrology.algorithms.find_phi_fixed_budget_reverse_engineering_risk,6402718,"{""m_exploration"": 1}",50000,2024,"42,43",1.0,0.9999231767258548,0.9999999999999999,50000,wilson,95,157,1570
"U(0.001,0.01), eps=1e-04",small_e4,0.001,0.01,uniform,0.0001,brute,qmetrology.algorithms.find_phi_fixed_budget_brute_force,9069991,{},50000,2024,"42,43",1.0,0.9999231767258548,0.9999999999999999,50000,wilson,95,157,1570
"U(0.001,0.01), eps=1e-04",small_e4,0.001,0.01,uniform,0.0001,linear,qmetrology.algorithms.find_phi_fixed_budget_linear_search,9069991,"{""inc"": 1, ""lookback_window"": 1, ""m_exploration"": 1, ""mean_window"": 1, ""safeguard"": 0}",50000,2024,"42,43",1.0,0.9999231767258548,0.9999999999999999,50000,wilson,95,157,1570
"U(0.001,0.01), eps=1e-04",small_e4,0.001,0.01,uniform,0.0001,binary_deep,qmetrology.algorithms.find_phi_fixed_budget_binary_search_deep,9069991,"{""conf"": 0.5, ""m_exploration"": 3}",50000,2024,"42,43",1.0,0.9999231767258548,0.9999999999999999,50000,wilson,95,157,1570
"U(0.001,0.01), eps=1e-04",small_e4,0.001,0.01,uniform,0.0001,reverse_eng_risk,qmetrology.algorithms.find_phi_fixed_budget_reverse_engineering_risk,9069991,"{""m_exploration"": 1}",50000,2024,"42,43",1.0,0.9999231767258548,0.9999999999999999,50000,wilson,95,157,1570
"U(0.001,0.01), eps=1e-04",small_e4,0.001,0.01,uniform,0.0001,brute,qmetrology.algorithms.find_phi_fixed_budget_brute_force,12848407,{},50000,2024,"42,43",1.0,0.9999231767258548,0.9999999999999999,50000,wilson,95,157,1570
"U(0.001,0.01), eps=1e-04",small_e4,0.001,0.01,uniform,0.0001,linear,qmetrology.algorithms.find_phi_fixed_budget_linear_search,12848407,"{""inc"": 1, ""lookback_window"": 1, ""m_exploration"": 1, ""mean_window"": 1, ""safeguard"": 0}",50000,2024,"42,43",1.0,0.9999231767258548,0.9999999999999999,50000,wilson,95,157,1570
"U(0.001,0.01), eps=1e-04",small_e4,0.001,0.01,uniform,0.0001,binary_deep,qmetrology.algorithms.find_phi_fixed_budget_binary_search_deep,12848407,"{""conf"": 0.5, ""m_exploration"": 1}",50000,2024,"42,43",1.0,0.9999231767258548,0.9999999999999999,50000,wilson,95,157,1570
"U(0.001,0.01), eps=1e-04",small_e4,0.001,0.01,uniform,0.0001,reverse_eng_risk,qmetrology.algorithms.find_phi_fixed_budget_reverse_engineering_risk,12848407,"{""m_exploration"": 1}",50000,2024,"42,43",1.0,0.9999231767258548,0.9999999999999999,50000,wilson,95,157,1570
"U(0.001,0.1), eps=1e-04",wide_e4,0.001,0.1,uniform,0.0001,brute,qmetrology.algorithms.find_phi_fixed_budget_brute_force,89653,{},50000,2024,"42,43",0.18524,0.18185900466795335,0.18866935711958638,9262,wilson,95,15,1570
"U(0.001,0.1), eps=1e-04",wide_e4,0.001,0.1,uniform,0.0001,linear,qmetrology.algorithms.find_phi_fixed_budget_linear_search,89653,"{""inc"": 2, ""lookback_window"": 4, ""m_exploration"": 1, ""mean_window"": 3, ""safeguard"": 0}",50000,2024,"42,43",0.2562,0.252392515489893,0.26004494353857993,12810,wilson,95,15,1570
"U(0.001,0.1), eps=1e-04",wide_e4,0.001,0.1,uniform,0.0001,binary_deep,qmetrology.algorithms.find_phi_fixed_budget_binary_search_deep,89653,"{""conf"": 0.5, ""m_exploration"": 484}",50000,2024,"42,43",0.27952,0.27560354045801777,0.28347033553294915,13976,wilson,95,15,1570
"U(0.001,0.1), eps=1e-04",wide_e4,0.001,0.1,uniform,0.0001,reverse_eng_risk,qmetrology.algorithms.find_phi_fixed_budget_reverse_engineering_risk,89653,"{""m_exploration"": 484}",50000,2024,"42,43",0.27952,0.27560354045801777,0.28347033553294915,13976,wilson,95,15,1570
"U(0.001,0.1), eps=1e-04",wide_e4,0.001,0.1,uniform,0.0001,brute,qmetrology.algorithms.find_phi_fixed_budget_brute_force,127001,{},50000,2024,"42,43",0.21972,0.2161123054486314,0.2233707586059233,10986,wilson,95,15,1570
"U(0.001,0.1), eps=1e-04",wide_e4,0.001,0.1,uniform,0.0001,linear,qmetrology.algorithms.find_phi_fixed_budget_linear_search,127001,"{""inc"": 1, ""lookback_window"": 6, ""m_exploration"": 1, ""mean_window"": 3, ""safeguard"": 0}",50000,2024,"42,43",0.30296,0.29894730876496306,0.30700296575091196,15148,wilson,95,15,1570
"U(0.001,0.1), eps=1e-04",wide_e4,0.001,0.1,uniform,0.0001,binary_deep,qmetrology.algorithms.find_phi_fixed_budget_binary_search_deep,127001,"{""conf"": 0.5, ""m_exploration"": 624}",50000,2024,"42,43",0.33382,0.3296994329787464,0.33796610000464833,16691,wilson,95,15,1570
"U(0.001,0.1), eps=1e-04",wide_e4,0.001,0.1,uniform,0.0001,reverse_eng_risk,qmetrology.algorithms.find_phi_fixed_budget_reverse_engineering_risk,127001,"{""m_exploration"": 624}",50000,2024,"42,43",0.33382,0.3296994329787464,0.33796610000464833,16691,wilson,95,15,1570
"U(0.001,0.1), eps=1e-04",wide_e4,0.001,0.1,uniform,0.0001,brute,qmetrology.algorithms.find_phi_fixed_budget_brute_force,179908,{},50000,2024,"42,43",0.25826,0.2544423299404883,0.26211481257609515,12913,wilson,95,15,1570
"U(0.001,0.1), eps=1e-04",wide_e4,0.001,0.1,uniform,0.0001,linear,qmetrology.algorithms.find_phi_fixed_budget_linear_search,179908,"{""inc"": 1, ""lookback_window"": 8, ""m_exploration"": 1, ""mean_window"": 3, ""safeguard"": 0}",50000,2024,"42,43",0.36044,0.356242438306562,0.3646590046057172,18022,wilson,95,15,1570
"U(0.001,0.1), eps=1e-04",wide_e4,0.001,0.1,uniform,0.0001,binary_deep,qmetrology.algorithms.find_phi_fixed_budget_binary_search_deep,179908,"{""conf"": 0.5, ""m_exploration"": 431}",50000,2024,"42,43",0.39622,0.3919409605568082,0.4005149848819733,19811,wilson,95,15,1570
"U(0.001,0.1), eps=1e-04",wide_e4,0.001,0.1,uniform,0.0001,reverse_eng_risk,qmetrology.algorithms.find_phi_fixed_budget_reverse_engineering_risk,179908,"{""m_exploration"": 382}",50000,2024,"42,43",0.3941,0.3898251078821744,0.3983911632872894,19705,wilson,95,15,1570
"U(0.001,0.1), eps=1e-04",wide_e4,0.001,0.1,uniform,0.0001,brute,qmetrology.algorithms.find_phi_fixed_budget_brute_force,254855,{},50000,2024,"42,43",0.3052,0.3011787755553928,0.30925115479221404,15260,wilson,95,15,1570
"U(0.001,0.1), eps=1e-04",wide_e4,0.001,0.1,uniform,0.0001,linear,qmetrology.algorithms.find_phi_fixed_budget_linear_search,254855,"{""inc"": 1, ""lookback_window"": 8, ""m_exploration"": 1, ""mean_window"": 4, ""safeguard"": 0}",50000,2024,"42,43",0.42438,0.4200537720639779,0.42871784668800367,21219,wilson,95,15,1570
"U(0.001,0.1), eps=1e-04",wide_e4,0.001,0.1,uniform,0.0001,binary_deep,qmetrology.algorithms.find_phi_fixed_budget_binary_search_deep,254855,"{""conf"": 0.5, ""m_exploration"": 482}",50000,2024,"42,43",0.45832,0.45395600956914045,0.46269039441899223,22916,wilson,95,15,1570
"U(0.001,0.1), eps=1e-04",wide_e4,0.001,0.1,uniform,0.0001,reverse_eng_risk,qmetrology.algorithms.find_phi_fixed_budget_reverse_engineering_risk,254855,"{""m_exploration"": 482}",50000,2024,"42,43",0.45832,0.45395600956914045,0.46269039441899223,22916,wilson,95,15,1570
"U(0.001,0.1), eps=1e-04",wide_e4,0.001,0.1,uniform,0.0001,brute,qmetrology.algorithms.find_phi_fixed_budget_brute_force,361024,{},50000,2024,"42,43",0.35846,0.3542676733321672,0.36267407380027766,17923,wilson,95,15,1570
"U(0.001,0.1), eps=1e-04",wide_e4,0.001,0.1,uniform,0.0001,linear,qmetrology.algorithms.find_phi_fixed_budget_linear_search,361024,"{""inc"": 1, ""lookback_window"": 6, ""m_exploration"": 1, ""mean_window"": 4, ""safeguard"": 1}",50000,2024,"42,43",0.48068,0.4763023124432879,0.48506065600802495,24034,wilson,95,15,1570
"U(0.001,0.1), eps=1e-04",wide_e4,0.001,0.1,uniform,0.0001,binary_deep,qmetrology.algorithms.find_phi_fixed_budget_binary_search_deep,361024,"{""conf"": 0.5, ""m_exploration"": 736}",50000,2024,"42,43",0.52658,0.5222017099480573,0.5309542061266893,26329,wilson,95,15,1570
"U(0.001,0.1), eps=1e-04",wide_e4,0.001,0.1,uniform,0.0001,reverse_eng_risk,qmetrology.algorithms.find_phi_fixed_budget_reverse_engineering_risk,361024,"{""m_exploration"": 463}",50000,2024,"42,43",0.52652,0.5221416865952173,0.530894238698322,26326,wilson,95,15,1570
"U(0.001,0.1), eps=1e-04",wide_e4,0.001,0.1,uniform,0.0001,brute,qmetrology.algorithms.find_phi_fixed_budget_brute_force,511421,{},50000,2024,"42,43",0.42126,0.41693828384681275,0.4255938142823995,21063,wilson,95,15,1570
"U(0.001,0.1), eps=1e-04",wide_e4,0.001,0.1,uniform,0.0001,linear,qmetrology.algorithms.find_phi_fixed_budget_linear_search,511421,"{""inc"": 1, ""lookback_window"": 8, ""m_exploration"": 3, ""mean_window"": 8, ""safeguard"": 6}",50000,2024,"42,43",0.55156,0.5471969559860553,0.5559151219979149,27578,wilson,95,15,1570
"U(0.001,0.1), eps=1e-04",wide_e4,0.001,0.1,uniform,0.0001,binary_deep,qmetrology.algorithms.find_phi_fixed_budget_binary_search_deep,511421,"{""conf"": 0.5, ""m_exploration"": 701}",50000,2024,"42,43",0.59776,0.593454621266769,0.6020503582466702,29888,wilson,95,15,1570
"U(0.001,0.1), eps=1e-04",wide_e4,0.001,0.1,uniform,0.0001,reverse_eng_risk,qmetrology.algorithms.find_phi_fixed_budget_reverse_engineering_risk,511421,"{""m_exploration"": 487}",50000,2024,"42,43",0.59704,0.5927334233389041,0.6013316668000499,29852,wilson,95,15,1570
"U(0.001,0.1), eps=1e-04",wide_e4,0.001,0.1,uniform,0.0001,brute,qmetrology.algorithms.find_phi_fixed_budget_brute_force,724471,{},50000,2024,"42,43",0.49232,0.487938662611372,0.49670251739411875,24616,wilson,95,15,1570
"U(0.001,0.1), eps=1e-04",wide_e4,0.001,0.1,uniform,0.0001,linear,qmetrology.algorithms.find_phi_fixed_budget_linear_search,724471,"{""inc"": 1, ""lookback_window"": 6, ""m_exploration"": 1, ""mean_window"": 4, ""safeguard"": 0}",50000,2024,"42,43",0.6233,0.6190434142617873,0.6275376411188085,31165,wilson,95,15,1570
"U(0.001,0.1), eps=1e-04",wide_e4,0.001,0.1,uniform,0.0001,binary_deep,qmetrology.algorithms.find_phi_fixed_budget_binary_search_deep,724471,"{""conf"": 0.5, ""m_exploration"": 1569}",50000,2024,"42,43",0.67448,0.6703596205283537,0.6785735712219005,33724,wilson,95,15,1570
"U(0.001,0.1), eps=1e-04",wide_e4,0.001,0.1,uniform,0.0001,reverse_eng_risk,qmetrology.algorithms.find_phi_fixed_budget_reverse_engineering_risk,724471,"{""m_exploration"": 529}",50000,2024,"42,43",0.67108,0.6669489086120971,0.6751848055364215,33554,wilson,95,15,1570
"U(0.001,0.1), eps=1e-04",wide_e4,0.001,0.1,uniform,0.0001,brute,qmetrology.algorithms.find_phi_fixed_budget_brute_force,1026274,{},50000,2024,"42,43",0.56852,0.5641736346294584,0.5728558375090529,28426,wilson,95,15,1570
"U(0.001,0.1), eps=1e-04",wide_e4,0.001,0.1,uniform,0.0001,linear,qmetrology.algorithms.find_phi_fixed_budget_linear_search,1026274,"{""inc"": 1, ""lookback_window"": 8, ""m_exploration"": 6, ""mean_window"": 6, ""safeguard"": 4}",50000,2024,"42,43",0.69396,0.6899058033802322,0.6979843953352615,34698,wilson,95,15,1570
"U(0.001,0.1), eps=1e-04",wide_e4,0.001,0.1,uniform,0.0001,binary_deep,qmetrology.algorithms.find_phi_fixed_budget_binary_search_deep,1026274,"{""conf"": 0.5, ""m_exploration"": 2138}",50000,2024,"42,43",0.74798,0.7441554264219503,0.7517664723070046,37399,wilson,95,15,1570
"U(0.001,0.1), eps=1e-04",wide_e4,0.001,0.1,uniform,0.0001,reverse_eng_risk,qmetrology.algorithms.find_phi_fixed_budget_reverse_engineering_risk,1026274,"{""m_exploration"": 2138}",50000,2024,"42,43",0.74798,0.7441554264219503,0.7517664723070046,37399,wilson,95,15,1570
"U(0.001,0.1), eps=1e-04",wide_e4,0.001,0.1,uniform,0.0001,brute,qmetrology.algorithms.find_phi_fixed_budget_brute_force,1453804,{},50000,2024,"42,43",0.65228,0.6480940367161278,0.6564425659874985,32614,wilson,95,15,1570
"U(0.001,0.1), eps=1e-04",wide_e4,0.001,0.1,uniform,0.0001,linear,qmetrology.algorithms.find_phi_fixed_budget_linear_search,1453804,"{""inc"": 1, ""lookback_window"": 6, ""m_exploration"": 2, ""mean_window"": 3, ""safeguard"": 1}",50000,2024,"42,43",0.76798,0.7642595060031988,0.7716593197947904,38399,wilson,95,15,1570
"U(0.001,0.1), eps=1e-04",wide_e4,0.001,0.1,uniform,0.0001,binary_deep,qmetrology.algorithms.find_phi_fixed_budget_binary_search_deep,1453804,"{""conf"": 0.5, ""m_exploration"": 2310}",50000,2024,"42,43",0.81738,0.8139691743151126,0.820742061343391,40869,wilson,95,15,1570
"U(0.001,0.1), eps=1e-04",wide_e4,0.001,0.1,uniform,0.0001,reverse_eng_risk,qmetrology.algorithms.find_phi_fixed_budget_reverse_engineering_risk,1453804,"{""m_exploration"": 2310}",50000,2024,"42,43",0.81738,0.8139691743151126,0.820742061343391,40869,wilson,95,15,1570
"U(0.001,0.1), eps=1e-04",wide_e4,0.001,0.1,uniform,0.0001,brute,qmetrology.algorithms.find_phi_fixed_budget_brute_force,2059436,{},50000,2024,"42,43",0.73406,0.7301693647205811,0.7379146727683261,36703,wilson,95,15,1570
"U(0.001,0.1), eps=1e-04",wide_e4,0.001,0.1,uniform,0.0001,linear,qmetrology.algorithms.find_phi_fixed_budget_linear_search,2059436,"{""inc"": 1, ""lookback_window"": 6, ""m_exploration"": 2, ""mean_window"": 3, ""safeguard"": 1}",50000,2024,"42,43",0.8288,0.8254730537519631,0.8320764272629592,41440,wilson,95,15,1570
"U(0.001,0.1), eps=1e-04",wide_e4,0.001,0.1,uniform,0.0001,binary_deep,qmetrology.algorithms.find_phi_fixed_budget_binary_search_deep,2059436,"{""conf"": 0.5, ""m_exploration"": 2635}",50000,2024,"42,43",0.87542,0.8724964803490322,0.8782858376638086,43771,wilson,95,15,1570
"U(0.001,0.1), eps=1e-04",wide_e4,0.001,0.1,uniform,0.0001,reverse_eng_risk,qmetrology.algorithms.find_phi_fixed_budget_reverse_engineering_risk,2059436,"{""m_exploration"": 2288}",50000,2024,"42,43",0.87442,0.8714866247941158,0.8772958468652734,43721,wilson,95,15,1570
"U(0.001,0.1), eps=1e-04",wide_e4,0.001,0.1,uniform,0.0001,brute,qmetrology.algorithms.find_phi_fixed_budget_brute_force,2917365,{},50000,2024,"42,43",0.81706,0.8136468970403176,0.8204243877850815,40853,wilson,95,15,1570
"U(0.001,0.1), eps=1e-04",wide_e4,0.001,0.1,uniform,0.0001,linear,qmetrology.algorithms.find_phi_fixed_budget_linear_search,2917365,"{""inc"": 1, ""lookback_window"": 4, ""m_exploration"": 1, ""mean_window"": 2, ""safeguard"": 0}",50000,2024,"42,43",0.88722,0.8844175510437922,0.8899629539397789,44361,wilson,95,15,1570
"U(0.001,0.1), eps=1e-04",wide_e4,0.001,0.1,uniform,0.0001,binary_deep,qmetrology.algorithms.find_phi_fixed_budget_binary_search_deep,2917365,"{""conf"": 0.5, ""m_exploration"": 4732}",50000,2024,"42,43",0.92452,0.9221717867486425,0.9268029872186774,46226,wilson,95,15,1570
"U(0.001,0.1), eps=1e-04",wide_e4,0.001,0.1,uniform,0.0001,reverse_eng_risk,qmetrology.algorithms.find_phi_fixed_budget_reverse_engineering_risk,2917365,"{""m_exploration"": 2659}",50000,2024,"42,43",0.92562,0.9232872658749998,0.9278873390811171,46281,wilson,95,15,1570
"U(0.001,0.1), eps=1e-04",wide_e4,0.001,0.1,uniform,0.0001,brute,qmetrology.algorithms.find_phi_fixed_budget_brute_force,4132694,{},50000,2024,"42,43",0.88602,0.8832048193724017,0.8887758699870275,44301,wilson,95,15,1570
"U(0.001,0.1), eps=1e-04",wide_e4,0.001,0.1,uniform,0.0001,linear,qmetrology.algorithms.find_phi_fixed_budget_linear_search,4132694,"{""inc"": 3, ""lookback_window"": 3, ""m_exploration"": 239, ""mean_window"": 1, ""safeguard"": 1}",50000,2024,"42,43",0.93636,0.9341866131805796,0.9384663416116084,46818,wilson,95,15,1570
"U(0.001,0.1), eps=1e-04",wide_e4,0.001,0.1,uniform,0.0001,binary_deep,qmetrology.algorithms.find_phi_fixed_budget_binary_search_deep,4132694,"{""conf"": 0.5, ""m_exploration"": 6120}",50000,2024,"42,43",0.95848,0.9566959194415025,0.9601936366890375,47924,wilson,95,15,1570
"U(0.001,0.1), eps=1e-04",wide_e4,0.001,0.1,uniform,0.0001,reverse_eng_risk,qmetrology.algorithms.find_phi_fixed_budget_reverse_engineering_risk,4132694,"{""m_exploration"": 424}",50000,2024,"42,43",0.95728,0.9554720414351268,0.9590176990712711,47864,wilson,95,15,1570
"U(0.001,0.1), eps=1e-04",wide_e4,0.001,0.1,uniform,0.0001,brute,qmetrology.algorithms.find_phi_fixed_budget_brute_force,5854310,{},50000,2024,"42,43",0.94006,0.9379453474037871,0.9421070388961723,47003,wilson,95,15,1570
"U(0.001,0.1), eps=1e-04",wide_e4,0.001,0.1,uniform,0.0001,linear,qmetrology.algorithms.find_phi_fixed_budget_linear_search,5854310,"{""inc"": 1, ""lookback_window"": 5, ""m_exploration"": 218, ""mean_window"": 4, ""safeguard"": 2}",50000,2024,"42,43",0.96776,0.9661754456926823,0.9692726845978894,48388,wilson,95,15,1570
"U(0.001,0.1), eps=1e-04",wide_e4,0.001,0.1,uniform,0.0001,binary_deep,qmetrology.algorithms.find_phi_fixed_budget_binary_search_deep,5854310,"{""conf"": 0.5, ""m_exploration"": 10184}",50000,2024,"42,43",0.98118,0.9799514091219746,0.9823346592319192,49059,wilson,95,15,1570
"U(0.001,0.1), eps=1e-04",wide_e4,0.001,0.1,uniform,0.0001,reverse_eng_risk,qmetrology.algorithms.find_phi_fixed_budget_reverse_engineering_risk,5854310,"{""m_exploration"": 283}",50000,2024,"42,43",0.98042,0.9791681400382896,0.9815980450869809,49021,wilson,95,15,1570
"U(0.001,0.1), eps=1e-04",wide_e4,0.001,0.1,uniform,0.0001,brute,qmetrology.algorithms.find_phi_fixed_budget_brute_force,8293124,{},50000,2024,"42,43",0.97434,0.9729171867058214,0.9756899325904625,48717,wilson,95,15,1570
"U(0.001,0.1), eps=1e-04",wide_e4,0.001,0.1,uniform,0.0001,linear,qmetrology.algorithms.find_phi_fixed_budget_linear_search,8293124,"{""inc"": 1, ""lookback_window"": 3, ""m_exploration"": 945, ""mean_window"": 1, ""safeguard"": 1}",50000,2024,"42,43",0.9861,0.9850358188070727,0.9870894936058034,49305,wilson,95,15,1570
"U(0.001,0.1), eps=1e-04",wide_e4,0.001,0.1,uniform,0.0001,binary_deep,qmetrology.algorithms.find_phi_fixed_budget_binary_search_deep,8293124,"{""conf"": 0.5, ""m_exploration"": 11062}",50000,2024,"42,43",0.9933,0.9925460698976312,0.9939781362600972,49665,wilson,95,15,1570
"U(0.001,0.1), eps=1e-04",wide_e4,0.001,0.1,uniform,0.0001,reverse_eng_risk,qmetrology.algorithms.find_phi_fixed_budget_reverse_engineering_risk,8293124,"{""m_exploration"": 271}",50000,2024,"42,43",0.99278,0.9919991137439839,0.9934851723099498,49639,wilson,95,15,1570
"U(0.001,0.1), eps=1e-04",wide_e4,0.001,0.1,uniform,0.0001,brute,qmetrology.algorithms.find_phi_fixed_budget_brute_force,11747910,{},50000,2024,"42,43",0.9926,0.9918100149205504,0.9933142987897619,49630,wilson,95,15,1570
"U(0.001,0.1), eps=1e-04",wide_e4,0.001,0.1,uniform,0.0001,linear,qmetrology.algorithms.find_phi_fixed_budget_linear_search,11747910,"{""inc"": 2, ""lookback_window"": 2, ""m_exploration"": 1737, ""mean_window"": 1, ""safeguard"": 1}",50000,2024,"42,43",0.99516,0.9945124751238522,0.9957314452512965,49758,wilson,95,15,1570
"U(0.001,0.1), eps=1e-04",wide_e4,0.001,0.1,uniform,0.0001,binary_deep,qmetrology.algorithms.find_phi_fixed_budget_binary_search_deep,11747910,"{""conf"": 0.5, ""m_exploration"": 15974}",50000,2024,"42,43",0.99812,0.9977001301039505,0.9984633354774153,49906,wilson,95,15,1570
"U(0.001,0.1), eps=1e-04",wide_e4,0.001,0.1,uniform,0.0001,reverse_eng_risk,qmetrology.algorithms.find_phi_fixed_budget_reverse_engineering_risk,11747910,"{""m_exploration"": 6922}",50000,2024,"42,43",0.99826,0.997854427726403,0.998589016344446,49913,wilson,95,15,1570
"U(0.001,0.1), eps=1e-04",wide_e4,0.001,0.1,uniform,0.0001,brute,qmetrology.algorithms.find_phi_fixed_budget_brute_force,16641905,{},50000,2024,"42,43",0.9985,0.998120340633724,0.9988030665619534,49925,wilson,95,15,1570
"U(0.001,0.1), eps=1e-04",wide_e4,0.001,0.1,uniform,0.0001,linear,qmetrology.algorithms.find_phi_fixed_budget_linear_search,16641905,"{""inc"": 1, ""lookback_window"": 2, ""m_exploration"": 86, ""mean_window"": 0, ""safeguard"": 1}",50000,2024,"42,43",0.9989,0.9985686172178335,0.9991547285192245,49945,wilson,95,15,1570
"U(0.001,0.1), eps=1e-04",wide_e4,0.001,0.1,uniform,0.0001,binary_deep,qmetrology.algorithms.find_phi_fixed_budget_binary_search_deep,16641905,"{""conf"": 0.5, ""m_exploration"": 1362}",50000,2024,"42,43",0.9988,0.9984558281622081,0.9990675329395048,49940,wilson,95,15,1570
"U(0.001,0.1), eps=1e-04",wide_e4,0.001,0.1,uniform,0.0001,reverse_eng_risk,qmetrology.algorithms.find_phi_fixed_budget_reverse_engineering_risk,16641905,"{""m_exploration"": 41}",50000,2024,"42,43",0.99956,0.9993338451009555,0.9997093992293806,49978,wilson,95,15,1570
"U(0.001,0.1), eps=1e-04",wide_e4,0.001,0.1,uniform,0.0001,brute,qmetrology.algorithms.find_phi_fixed_budget_brute_force,23574663,{},50000,2024,"42,43",0.9999,0.9997659068456459,0.9999572852448639,49995,wilson,95,15,1570
"U(0.001,0.1), eps=1e-04",wide_e4,0.001,0.1,uniform,0.0001,linear,qmetrology.algorithms.find_phi_fixed_budget_linear_search,23574663,"{""inc"": 1, ""lookback_window"": 1, ""m_exploration"": 1, ""mean_window"": 1, ""safeguard"": 1}",50000,2024,"42,43",0.99986,0.9997110171107514,0.9999321811256202,49993,wilson,95,15,1570
"U(0.001,0.1), eps=1e-04",wide_e4,0.001,0.1,uniform,0.0001,binary_deep,qmetrology.algorithms.find_phi_fixed_budget_binary_search_deep,23574663,"{""conf"": 0.5, ""m_exploration"": 63}",50000,2024,"42,43",0.99946,0.9992144235855853,0.9996288361094057,49973,wilson,95,15,1570
"U(0.001,0.1), eps=1e-04",wide_e4,0.001,0.1,uniform,0.0001,reverse_eng_risk,qmetrology.algorithms.find_phi_fixed_budget_reverse_engineering_risk,23574663,"{""m_exploration"": 8}",50000,2024,"42,43",0.9999,0.9997659068456459,0.9999572852448639,49995,wilson,95,15,1570
"U(0.001,0.1), eps=1e-04",wide_e4,0.001,0.1,uniform,0.0001,brute,qmetrology.algorithms.find_phi_fixed_budget_brute_force,33395498,{},50000,2024,"42,43",1.0,0.9999231767258548,0.9999999999999999,50000,wilson,95,15,1570
"U(0.001,0.1), eps=1e-04",wide_e4,0.001,0.1,uniform,0.0001,linear,qmetrology.algorithms.find_phi_fixed_budget_linear_search,33395498,"{""inc"": 1, ""lookback_window"": 1, ""m_exploration"": 1, ""mean_window"": 1, ""safeguard"": 1}",50000,2024,"42,43",1.0,0.9999231767258548,0.9999999999999999,50000,wilson,95,15,1570
"U(0.001,0.1), eps=1e-04",wide_e4,0.001,0.1,uniform,0.0001,binary_deep,qmetrology.algorithms.find_phi_fixed_budget_binary_search_deep,33395498,"{""conf"": 0.5, ""m_exploration"": 45}",50000,2024,"42,43",0.99982,0.9996579086504649,0.9999052957317689,49991,wilson,95,15,1570
"U(0.001,0.1), eps=1e-04",wide_e4,0.001,0.1,uniform,0.0001,reverse_eng_risk,qmetrology.algorithms.find_phi_fixed_budget_reverse_engineering_risk,33395498,"{""m_exploration"": 1}",50000,2024,"42,43",0.99998,0.9998867102986088,0.9999964695001772,49999,wilson,95,15,1570
"U(0.001,0.1), eps=1e-04",wide_e4,0.001,0.1,uniform,0.0001,brute,qmetrology.algorithms.find_phi_fixed_budget_brute_force,47307541,{},50000,2024,"42,43",1.0,0.9999231767258548,0.9999999999999999,50000,wilson,95,15,1570
"U(0.001,0.1), eps=1e-04",wide_e4,0.001,0.1,uniform,0.0001,linear,qmetrology.algorithms.find_phi_fixed_budget_linear_search,47307541,"{""inc"": 1, ""lookback_window"": 1, ""m_exploration"": 1, ""mean_window"": 1, ""safeguard"": 1}",50000,2024,"42,43",1.0,0.9999231767258548,0.9999999999999999,50000,wilson,95,15,1570
"U(0.001,0.1), eps=1e-04",wide_e4,0.001,0.1,uniform,0.0001,binary_deep,qmetrology.algorithms.find_phi_fixed_budget_binary_search_deep,47307541,"{""conf"": 0.5, ""m_exploration"": 13}",50000,2024,"42,43",0.9998,0.9996318506712267,0.9998913567839378,49990,wilson,95,15,1570
"U(0.001,0.1), eps=1e-04",wide_e4,0.001,0.1,uniform,0.0001,reverse_eng_risk,qmetrology.algorithms.find_phi_fixed_budget_reverse_engineering_risk,47307541,"{""m_exploration"": 1}",50000,2024,"42,43",1.0,0.9999231767258548,0.9999999999999999,50000,wilson,95,15,1570
"U(0.001,0.1), eps=1e-04",wide_e4,0.001,0.1,uniform,0.0001,brute,qmetrology.algorithms.find_phi_fixed_budget_brute_force,67015122,{},50000,2024,"42,43",1.0,0.9999231767258548,0.9999999999999999,50000,wilson,95,15,1570
"U(0.001,0.1), eps=1e-04",wide_e4,0.001,0.1,uniform,0.0001,linear,qmetrology.algorithms.find_phi_fixed_budget_linear_search,67015122,"{""inc"": 1, ""lookback_window"": 1, ""m_exploration"": 1, ""mean_window"": 1, ""safeguard"": 1}",50000,2024,"42,43",1.0,0.9999231767258548,0.9999999999999999,50000,wilson,95,15,1570
"U(0.001,0.1), eps=1e-04",wide_e4,0.001,0.1,uniform,0.0001,binary_deep,qmetrology.algorithms.find_phi_fixed_budget_binary_search_deep,67015122,"{""conf"": 0.5, ""m_exploration"": 7}",50000,2024,"42,43",0.99998,0.9998867102986088,0.9999964695001772,49999,wilson,95,15,1570
"U(0.001,0.1), eps=1e-04",wide_e4,0.001,0.1,uniform,0.0001,reverse_eng_risk,qmetrology.algorithms.find_phi_fixed_budget_reverse_engineering_risk,67015122,"{""m_exploration"": 1}",50000,2024,"42,43",1.0,0.9999231767258548,0.9999999999999999,50000,wilson,95,15,1570
"U(0.001,0.1), eps=1e-04",wide_e4,0.001,0.1,uniform,0.0001,brute,qmetrology.algorithms.find_phi_fixed_budget_brute_force,94932574,{},50000,2024,"42,43",1.0,0.9999231767258548,0.9999999999999999,50000,wilson,95,15,1570
"U(0.001,0.1), eps=1e-04",wide_e4,0.001,0.1,uniform,0.0001,linear,qmetrology.algorithms.find_phi_fixed_budget_linear_search,94932574,"{""inc"": 1, ""lookback_window"": 1, ""m_exploration"": 1, ""mean_window"": 1, ""safeguard"": 1}",50000,2024,"42,43",1.0,0.9999231767258548,0.9999999999999999,50000,wilson,95,15,1570
"U(0.001,0.1), eps=1e-04",wide_e4,0.001,0.1,uniform,0.0001,binary_deep,qmetrology.algorithms.find_phi_fixed_budget_binary_search_deep,94932574,"{""conf"": 0.5, ""m_exploration"": 3}",50000,2024,"42,43",0.99998,0.9998867102986088,0.9999964695001772,49999,wilson,95,15,1570
"U(0.001,0.1), eps=1e-04",wide_e4,0.001,0.1,uniform,0.0001,reverse_eng_risk,qmetrology.algorithms.find_phi_fixed_budget_reverse_engineering_risk,94932574,"{""m_exploration"": 1}",50000,2024,"42,43",1.0,0.9999231767258548,0.9999999999999999,50000,wilson,95,15,1570
"U(0.001,0.1), eps=1e-04",wide_e4,0.001,0.1,uniform,0.0001,brute,qmetrology.algorithms.find_phi_fixed_budget_brute_force,134480000,{},50000,2024,"42,43",1.0,0.9999231767258548,0.9999999999999999,50000,wilson,95,15,1570
"U(0.001,0.1), eps=1e-04",wide_e4,0.001,0.1,uniform,0.0001,linear,qmetrology.algorithms.find_phi_fixed_budget_linear_search,134480000,"{""inc"": 1, ""lookback_window"": 1, ""m_exploration"": 1, ""mean_window"": 1, ""safeguard"": 1}",50000,2024,"42,43",1.0,0.9999231767258548,0.9999999999999999,50000,wilson,95,15,1570
"U(0.001,0.1), eps=1e-04",wide_e4,0.001,0.1,uniform,0.0001,binary_deep,qmetrology.algorithms.find_phi_fixed_budget_binary_search_deep,134480000,"{""conf"": 0.5, ""m_exploration"": 1}",50000,2024,"42,43",1.0,0.9999231767258548,0.9999999999999999,50000,wilson,95,15,1570
"U(0.001,0.1), eps=1e-04",wide_e4,0.001,0.1,uniform,0.0001,reverse_eng_risk,qmetrology.algorithms.find_phi_fixed_budget_reverse_engineering_risk,134480000,"{""m_exploration"": 1}",50000,2024,"42,43",1.0,0.9999231767258548,0.9999999999999999,50000,wilson,95,15,1570
"U(0.01,pi/4), eps=1e-03",broad_pi4_e3,0.01,0.7853981633974483,uniform,0.001,brute,qmetrology.algorithms.find_phi_fixed_budget_brute_force,3000,{},50000,2024,"42,43",0.12422,0.12135778050638578,0.12713995679353063,6211,wilson,95,2,157
"U(0.01,pi/4), eps=1e-03",broad_pi4_e3,0.01,0.7853981633974483,uniform,0.001,linear,qmetrology.algorithms.find_phi_fixed_budget_linear_search,3000,"{""inc"": 1, ""lookback_window"": 2, ""m_exploration"": 2, ""mean_window"": 1, ""safeguard"": 0}",50000,2024,"42,43",0.15332,0.150188569241621,0.1565046969437402,7666,wilson,95,2,157
"U(0.01,pi/4), eps=1e-03",broad_pi4_e3,0.01,0.7853981633974483,uniform,0.001,binary_deep,qmetrology.algorithms.find_phi_fixed_budget_binary_search_deep,3000,"{""conf"": 0.5, ""m_exploration"": 169}",50000,2024,"42,43",0.17108,0.16780450023826743,0.17440603718439612,8554,wilson,95,2,157
"U(0.01,pi/4), eps=1e-03",broad_pi4_e3,0.01,0.7853981633974483,uniform,0.001,reverse_eng_risk,qmetrology.algorithms.find_phi_fixed_budget_reverse_engineering_risk,3000,"{""m_exploration"": 169}",50000,2024,"42,43",0.17108,0.16780450023826743,0.17440603718439612,8554,wilson,95,2,157
"U(0.01,pi/4), eps=1e-03",broad_pi4_e3,0.01,0.7853981633974483,uniform,0.001,brute,qmetrology.algorithms.find_phi_fixed_budget_brute_force,4088,{},50000,2024,"42,43",0.14324,0.14019679185703607,0.14633802308553187,7162,wilson,95,2,157
"U(0.01,pi/4), eps=1e-03",broad_pi4_e3,0.01,0.7853981633974483,uniform,0.001,linear,qmetrology.algorithms.find_phi_fixed_budget_linear_search,4088,"{""inc"": 1, ""lookback_window"": 3, ""m_exploration"": 2, ""mean_window"": 3, ""safeguard"": 2}",50000,2024,"42,43",0.16632,0.16308177281767444,0.16960949596255892,8316,wilson,95,2,157
"U(0.01,pi/4), eps=1e-03",broad_pi4_e3,0.01,0.7853981633974483,uniform,0.001,binary_deep,qmetrology.algorithms.find_phi_fixed_budget_binary_search_deep,4088,"{""conf"": 0.5, ""m_exploration"": 170}",50000,2024,"42,43",0.203,0.19949721940832185,0.2065484136165203,10150,wilson,95,2,157
"U(0.01,pi/4), eps=1e-03",broad_pi4_e3,0.01,0.7853981633974483,uniform,0.001,reverse_eng_risk,qmetrology.algorithms.find_phi_fixed_budget_reverse_engineering_risk,4088,"{""m_exploration"": 170}",50000,2024,"42,43",0.203,0.19949721940832185,0.2065484136165203,10150,wilson,95,2,157
"U(0.01,pi/4), eps=1e-03",broad_pi4_e3,0.01,0.7853981633974483,uniform,0.001,brute,qmetrology.algorithms.find_phi_fixed_budget_brute_force,5572,{},50000,2024,"42,43",0.16722,0.1639746527618919,0.17051647773644804,8361,wilson,95,2,157
"U(0.01,pi/4), eps=1e-03",broad_pi4_e3,0.01,0.7853981633974483,uniform,0.001,linear,qmetrology.algorithms.find_phi_fixed_budget_linear_search,5572,"{""inc"": 1, ""lookback_window"": 2, ""m_exploration"": 5, ""mean_window"": 1, ""safeguard"": 0}",50000,2024,"42,43",0.20612,0.2025969525812788,0.20968820106633262,10306,wilson,95,2,157
"U(0.01,pi/4), eps=1e-03",broad_pi4_e3,0.01,0.7853981633974483,uniform,0.001,binary_deep,qmetrology.algorithms.find_phi_fixed_budget_binary_search_deep,5572,"{""conf"": 0.5, ""m_exploration"": 335}",50000,2024,"42,43",0.23514,0.2314432225950327,0.23887747222974737,11757,wilson,95,2,157
"U(0.01,pi/4), eps=1e-03",broad_pi4_e3,0.01,0.7853981633974483,uniform,0.001,reverse_eng_risk,qmetrology.algorithms.find_phi_fixed_budget_reverse_engineering_risk,5572,"{""m_exploration"": 335}",50000,2024,"42,43",0.23514,0.2314432225950327,0.23887747222974737,11757,wilson,95,2,157
"U(0.01,pi/4), eps=1e-03",broad_pi4_e3,0.01,0.7853981633974483,uniform,0.001,brute,qmetrology.algorithms.find_phi_fixed_budget_brute_force,7595,{},50000,2024,"42,43",0.19272,0.18928634642361147,0.19620086608774706,9636,wilson,95,2,157
"U(0.01,pi/4), eps=1e-03",broad_pi4_e3,0.01,0.7853981633974483,uniform,0.001,linear,qmetrology.algorithms.find_phi_fixed_budget_linear_search,7595,"{""inc"": 1, ""lookback_window"": 2, ""m_exploration"": 1, ""mean_window"": 1, ""safeguard"": 0}",50000,2024,"42,43",0.24414,0.24039441763239572,0.24792489437344972,12207,wilson,95,2,157
"U(0.01,pi/4), eps=1e-03",broad_pi4_e3,0.01,0.7853981633974483,uniform,0.001,binary_deep,qmetrology.algorithms.find_phi_fixed_budget_binary_search_deep,7595,"{""conf"": 0.5, ""m_exploration"": 253}",50000,2024,"42,43",0.27862,0.2747074947091667,0.28256651956369355,13931,wilson,95,2,157
"U(0.01,pi/4), eps=1e-03",broad_pi4_e3,0.01,0.7853981633974483,uniform,0.001,reverse_eng_risk,qmetrology.algorithms.find_phi_fixed_budget_reverse_engineering_risk,7595,"{""m_exploration"": 253}",50000,2024,"42,43",0.27862,0.2747074947091667,0.28256651956369355,13931,wilson,95,2,157
"U(0.01,pi/4), eps=1e-03",broad_pi4_e3,0.01,0.7853981633974483,uniform,0.001,brute,qmetrology.algorithms.find_phi_fixed_budget_brute_force,10351,{},50000,2024,"42,43",0.22776,0.22410497525535378,0.23145685348095263,11388,wilson,95,2,157
"U(0.01,pi/4), eps=1e-03",broad_pi4_e3,0.01,0.7853981633974483,uniform,0.001,linear,qmetrology.algorithms.find_phi_fixed_budget_linear_search,10351,"{""inc"": 1, ""lookback_window"": 2, ""m_exploration"": 11, ""mean_window"": 1, ""safeguard"": 0}",50000,2024,"42,43",0.27582,0.27191992304183593,0.27975452144135965,13791,wilson,95,2,157
"U(0.01,pi/4), eps=1e-03",broad_pi4_e3,0.01,0.7853981633974483,uniform,0.001,binary_deep,qmetrology.algorithms.find_phi_fixed_budget_binary_search_deep,10351,"{""conf"": 0.5, ""m_exploration"": 290}",50000,2024,"42,43",0.3254,0.3213068297696952,0.32951999691763617,16270,wilson,95,2,157
"U(0.01,pi/4), eps=1e-03",broad_pi4_e3,0.01,0.7853981633974483,uniform,0.001,reverse_eng_risk,qmetrology.algorithms.find_phi_fixed_budget_reverse_engineering_risk,10351,"{""m_exploration"": 290}",50000,2024,"42,43",0.3254,0.3213068297696952,0.32951999691763617,16270,wilson,95,2,157
"U(0.01,pi/4), eps=1e-03",broad_pi4_e3,0.01,0.7853981633974483,uniform,0.001,brute,qmetrology.algorithms.find_phi_fixed_budget_brute_force,14108,{},50000,2024,"42,43",0.26434,0.26049291117128986,0.2682232971742801,13217,wilson,95,2,157
"U(0.01,pi/4), eps=1e-03",broad_pi4_e3,0.01,0.7853981633974483,uniform,0.001,linear,qmetrology.algorithms.find_phi_fixed_budget_linear_search,14108,"{""inc"": 1, ""lookback_window"": 2, ""m_exploration"": 9, ""mean_window"": 1, ""safeguard"": 0}",50000,2024,"42,43",0.3196,0.3155265784437705,0.32370113939354095,15980,wilson,95,2,157
"U(0.01,pi/4), eps=1e-03",broad_pi4_e3,0.01,0.7853981633974483,uniform,0.001,binary_deep,qmetrology.algorithms.find_phi_fixed_budget_binary_search_deep,14108,"{""conf"": 0.5, ""m_exploration"": 340}",50000,2024,"42,43",0.37852,0.37427819210513136,0.3827804728775549,18926,wilson,95,2,157
"U(0.01,pi/4), eps=1e-03",broad_pi4_e3,0.01,0.7853981633974483,uniform,0.001,reverse_eng_risk,qmetrology.algorithms.find_phi_fixed_budget_reverse_engineering_risk,14108,"{""m_exploration"": 340}",50000,2024,"42,43",0.37852,0.37427819210513136,0.3827804728775549,18926,wilson,95,2,157
"U(0.01,pi/4), eps=1e-03",broad_pi4_e3,0.01,0.7853981633974483,uniform,0.001,brute,qmetrology.algorithms.find_phi_fixed_budget_brute_force,19228,{},50000,2024,"42,43",0.3075,0.30347013091963027,0.31155944604091546,15375,wilson,95,2,157
"U(0.01,pi/4), eps=1e-03",broad_pi4_e3,0.01,0.7853981633974483,uniform,0.001,linear,qmetrology.algorithms.find_phi_fixed_budget_linear_search,19228,"{""inc"": 2, ""lookback_window"": 3, ""m_exploration"": 37, ""mean_window"": 3, ""safeguard"": 0}",50000,2024,"42,43",0.34932,0.34515285327132883,0.35351029819056745,17466,wilson,95,2,157
"U(0.01,pi/4), eps=1e-03",broad_pi4_e3,0.01,0.7853981633974483,uniform,0.001,binary_deep,qmetrology.algorithms.find_phi_fixed_budget_binary_search_deep,19228,"{""conf"": 0.5, ""m_exploration"": 676}",50000,2024,"42,43",0.43362,0.4292814446381161,0.43796875441975924,21681,wilson,95,2,157
"U(0.01,pi/4), eps=1e-03",broad_pi4_e3,0.01,0.7853981633974483,uniform,0.001,reverse_eng_risk,qmetrology.algorithms.find_phi_fixed_budget_reverse_engineering_risk,19228,"{""m_exploration"": 676}",50000,2024,"42,43",0.43362,0.4292814446381161,0.43796875441975924,21681,wilson,95,2,157
"U(0.01,pi/4), eps=1e-03",broad_pi4_e3,0.01,0.7853981633974483,uniform,0.001,brute,qmetrology.algorithms.find_phi_fixed_budget_brute_force,26207,{},50000,2024,"42,43",0.35456,0.3503782128248694,0.3587641335291138,17728,wilson,95,2,157
"U(0.01,pi/4), eps=1e-03",broad_pi4_e3,0.01,0.7853981633974483,uniform,0.001,linear,qmetrology.algorithms.find_phi_fixed_budget_linear_search,26207,"{""inc"": 1, ""lookback_window"": 2, ""m_exploration"": 14, ""mean_window"": 1, ""safeguard"": 0}",50000,2024,"42,43",0.42106,0.4167385791008411,0.42539354975768073,21053,wilson,95,2,157
"U(0.01,pi/4), eps=1e-03",broad_pi4_e3,0.01,0.7853981633974483,uniform,0.001,binary_deep,qmetrology.algorithms.find_phi_fixed_budget_binary_search_deep,26207,"{""conf"": 0.5, ""m_exploration"": 749}",50000,2024,"42,43",0.49178,0.48739877935501713,0.49616248361960974,24589,wilson,95,2,157
"U(0.01,pi/4), eps=1e-03",broad_pi4_e3,0.01,0.7853981633974483,uniform,0.001,reverse_eng_risk,qmetrology.algorithms.find_phi_fixed_budget_reverse_engineering_risk,26207,"{""m_exploration"": 454}",50000,2024,"42,43",0.4928,0.48841856313173077,0.49718254312341686,24640,wilson,95,2,157
"U(0.01,pi/4), eps=1e-03",broad_pi4_e3,0.01,0.7853981633974483,uniform,0.001,brute,qmetrology.algorithms.find_phi_fixed_budget_brute_force,35718,{},50000,2024,"42,43",0.40712,0.4028209608786666,0.4114333098127384,20356,wilson,95,2,157
"U(0.01,pi/4), eps=1e-03",broad_pi4_e3,0.01,0.7853981633974483,uniform,0.001,linear,qmetrology.algorithms.find_phi_fixed_budget_linear_search,35718,"{""inc"": 1, ""lookback_window"": 3, ""m_exploration"": 50, ""mean_window"": 2, ""safeguard"": 0}",50000,2024,"42,43",0.47354,0.4691657287934148,0.4779183366942529,23677,wilson,95,2,157
"U(0.01,pi/4), eps=1e-03",broad_pi4_e3,0.01,0.7853981633974483,uniform,0.001,binary_deep,qmetrology.algorithms.find_phi_fixed_budget_binary_search_deep,35718,"{""conf"": 0.5, ""m_exploration"": 618}",50000,2024,"42,43",0.557,0.5526417447667302,0.5613494973800173,27850,wilson,95,2,157
"U(0.01,pi/4), eps=1e-03",broad_pi4_e3,0.01,0.7853981633974483,uniform,0.001,reverse_eng_risk,qmetrology.algorithms.find_phi_fixed_budget_reverse_engineering_risk,35718,"{""m_exploration"": 432}",50000,2024,"42,43",0.55532,0.5509602095101745,0.5596712907627742,27766,wilson,95,2,157
"U(0.01,pi/4), eps=1e-03",broad_pi4_e3,0.01,0.7853981633974483,uniform,0.001,brute,qmetrology.algorithms.find_phi_fixed_budget_brute_force,48681,{},50000,2024,"42,43",0.46872,0.4643485423267143,0.47309626373731617,23436,wilson,95,2,157
"U(0.01,pi/4), eps=1e-03",broad_pi4_e3,0.01,0.7853981633974483,uniform,0.001,linear,qmetrology.algorithms.find_phi_fixed_budget_linear_search,48681,"{""inc"": 1, ""lookback_window"": 3, ""m_exploration"": 53, ""mean_window"": 6, ""safeguard"": 0}",50000,2024,"42,43",0.53002,0.5256431548536556,0.5343922326769647,26501,wilson,95,2,157
"U(0.01,pi/4), eps=1e-03",broad_pi4_e3,0.01,0.7853981633974483,uniform,0.001,binary_deep,qmetrology.algorithms.find_phi_fixed_budget_binary_search_deep,48681,"{""conf"": 0.5, ""m_exploration"": 627}",50000,2024,"42,43",0.61986,0.6155961206551042,0.6241054632696177,30993,wilson,95,2,157
"U(0.01,pi/4), eps=1e-03",broad_pi4_e3,0.01,0.7853981633974483,uniform,0.001,reverse_eng_risk,qmetrology.algorithms.find_phi_fixed_budget_reverse_engineering_risk,48681,"{""m_exploration"": 758}",50000,2024,"42,43",0.61958,0.6153155369818315,0.6238260899639241,30979,wilson,95,2,157
"U(0.01,pi/4), eps=1e-03",broad_pi4_e3,0.01,0.7853981633974483,uniform,0.001,brute,qmetrology.algorithms.find_phi_fixed_budget_brute_force,66349,{},50000,2024,"42,43",0.53424,0.529865212258091,0.5386095268840957,26712,wilson,95,2,157
"U(0.01,pi/4), eps=1e-03",broad_pi4_e3,0.01,0.7853981633974483,uniform,0.001,linear,qmetrology.algorithms.find_phi_fixed_budget_linear_search,66349,"{""inc"": 1, ""lookback_window"": 3, ""m_exploration"": 85, ""mean_window"": 2, ""safeguard"": 0}",50000,2024,"42,43",0.61034,0.6060571141781284,0.6146059324617332,30517,wilson,95,2,157
"U(0.01,pi/4), eps=1e-03",broad_pi4_e3,0.01,0.7853981633974483,uniform,0.001,binary_deep,qmetrology.algorithms.find_phi_fixed_budget_binary_search_deep,66349,"{""conf"": 0.5, ""m_exploration"": 1034}",50000,2024,"42,43",0.68448,0.680392560788951,0.6885390944958204,34224,wilson,95,2,157
"U(0.01,pi/4), eps=1e-03",broad_pi4_e3,0.01,0.7853981633974483,uniform,0.001,reverse_eng_risk,qmetrology.algorithms.find_phi_fixed_budget_reverse_engineering_risk,66349,"{""m_exploration"": 836}",50000,2024,"42,43",0.68388,0.6797905233553826,0.6879412241173178,34194,wilson,95,2,157
"U(0.01,pi/4), eps=1e-03",broad_pi4_e3,0.01,0.7853981633974483,uniform,0.001,brute,qmetrology.algorithms.find_phi_fixed_budget_brute_force,90429,{},50000,2024,"42,43",0.60546,0.6011680366191848,0.6097357598158325,30273,wilson,95,2,157
"U(0.01,pi/4), eps=1e-03",broad_pi4_e3,0.01,0.7853981633974483,uniform,0.001,linear,qmetrology.algorithms.find_phi_fixed_budget_linear_search,90429,"{""inc"": 1, ""lookback_window"": 3, ""m_exploration"": 64, ""mean_window"": 2, ""safeguard"": 0}",50000,2024,"42,43",0.67496,0.6708411525853649,0.6790519654145463,33748,wilson,95,2,157
"U(0.01,pi/4), eps=1e-03",broad_pi4_e3,0.01,0.7853981633974483,uniform,0.001,binary_deep,qmetrology.algorithms.find_phi_fixed_budget_binary_search_deep,90429,"{""conf"": 0.5, ""m_exploration"": 1483}",50000,2024,"42,43",0.74924,0.7454216580475961,0.7530200470867081,37462,wilson,95,2,157
"U(0.01,pi/4), eps=1e-03",broad_pi4_e3,0.01,0.7853981633974483,uniform,0.001,reverse_eng_risk,qmetrology.algorithms.find_phi_fixed_budget_reverse_engineering_risk,90429,"{""m_exploration"": 607}",50000,2024,"42,43",0.75068,0.7468688322197811,0.7544526516634936,37534,wilson,95,2,157
"U(0.01,pi/4), eps=1e-03",broad_pi4_e3,0.01,0.7853981633974483,uniform,0.001,brute,qmetrology.algorithms.find_phi_fixed_budget_brute_force,123248,{},50000,2024,"42,43",0.6795,0.6753958870571304,0.6835765333874515,33975,wilson,95,2,157
"U(0.01,pi/4), eps=1e-03",broad_pi4_e3,0.01,0.7853981633974483,uniform,0.001,linear,qmetrology.algorithms.find_phi_fixed_budget_linear_search,123248,"{""inc"": 1, ""lookback_window"": 2, ""m_exploration"": 273, ""mean_window"": 1, ""safeguard"": 0}",50000,2024,"42,43",0.74908,0.7452608643669416,0.7528608653508102,37454,wilson,95,2,157
"U(0.01,pi/4), eps=1e-03",broad_pi4_e3,0.01,0.7853981633974483,uniform,0.001,binary_deep,qmetrology.algorithms.find_phi_fixed_budget_binary_search_deep,123248,"{""conf"": 0.5, ""m_exploration"": 1666}",50000,2024,"42,43",0.81034,0.8068799591550027,0.8137523581752009,40517,wilson,95,2,157
"U(0.01,pi/4), eps=1e-03",broad_pi4_e3,0.01,0.7853981633974483,uniform,0.001,reverse_eng_risk,qmetrology.algorithms.find_phi_fixed_budget_reverse_engineering_risk,123248,"{""m_exploration"": 1186}",50000,2024,"42,43",0.81018,0.8067188618715461,0.8135934800421053,40509,wilson,95,2,157
"U(0.01,pi/4), eps=1e-03",broad_pi4_e3,0.01,0.7853981633974483,uniform,0.001,brute,qmetrology.algorithms.find_phi_fixed_budget_brute_force,167979,{},50000,2024,"42,43",0.7543,0.750507115850286,0.7580538118324839,37715,wilson,95,2,157
"U(0.01,pi/4), eps=1e-03",broad_pi4_e3,0.01,0.7853981633974483,uniform,0.001,linear,qmetrology.algorithms.find_phi_fixed_budget_linear_search,167979,"{""inc"": 1, ""lookback_window"": 2, ""m_exploration"": 293, ""mean_window"": 1, ""safeguard"": 0}",50000,2024,"42,43",0.81266,0.8092159748333656,0.8160559860368461,40633,wilson,95,2,157
"U(0.01,pi/4), eps=1e-03",broad_pi4_e3,0.01,0.7853981633974483,uniform,0.001,binary_deep,qmetrology.algorithms.find_phi_fixed_budget_binary_search_deep,167979,"{""conf"": 0.5, ""m_exploration"": 2283}",50000,2024,"42,43",0.86232,0.8592719736951149,0.8653123570875085,43116,wilson,95,2,157
"U(0.01,pi/4), eps=1e-03",broad_pi4_e3,0.01,0.7853981633974483,uniform,0.001,reverse_eng_risk,qmetrology.algorithms.find_phi_fixed_budget_reverse_engineering_risk,167979,"{""m_exploration"": 1696}",50000,2024,"42,43",0.86318,0.8601398527831438,0.8661643458634481,43159,wilson,95,2,157
"U(0.01,pi/4), eps=1e-03",broad_pi4_e3,0.01,0.7853981633974483,uniform,0.001,brute,qmetrology.algorithms.find_phi_fixed_budget_brute_force,228942,{},50000,2024,"42,43",0.82652,0.8231758931365486,0.8298139381925037,41326,wilson,95,2,157
"U(0.01,pi/4), eps=1e-03",broad_pi4_e3,0.01,0.7853981633974483,uniform,0.001,linear,qmetrology.algorithms.find_phi_fixed_budget_linear_search,228942,"{""inc"": 1, ""lookback_window"": 2, ""m_exploration"": 566, ""mean_window"": 1, ""safeguard"": 0}",50000,2024,"42,43",0.87146,0.8684978028796203,0.8743651235735518,43573,wilson,95,2,157
"U(0.01,pi/4), eps=1e-03",broad_pi4_e3,0.01,0.7853981633974483,uniform,0.001,binary_deep,qmetrology.algorithms.find_phi_fixed_budget_binary_search_deep,228942,"{""conf"": 0.5, ""m_exploration"": 3899}",50000,2024,"42,43",0.9083,0.9057388742420867,0.9107983918722464,45415,wilson,95,2,157
"U(0.01,pi/4), eps=1e-03",broad_pi4_e3,0.01,0.7853981633974483,uniform,0.001,reverse_eng_risk,qmetrology.algorithms.find_phi_fixed_budget_reverse_engineering_risk,228942,"{""m_exploration"": 368}",50000,2024,"42,43",0.90604,0.9034512580467963,0.9085663553087359,45302,wilson,95,2,157
"U(0.01,pi/4), eps=1e-03",broad_pi4_e3,0.01,0.7853981633974483,uniform,0.001,brute,qmetrology.algorithms.find_phi_fixed_budget_brute_force,312031,{},50000,2024,"42,43",0.88686,0.8840537211402065,0.8896068391561219,44343,wilson,95,2,157
"U(0.01,pi/4), eps=1e-03",broad_pi4_e3,0.01,0.7853981633974483,uniform,0.001,linear,qmetrology.algorithms.find_phi_fixed_budget_linear_search,312031,"{""inc"": 1, ""lookback_window"": 2, ""m_exploration"": 752, ""mean_window"": 1, ""safeguard"": 0}",50000,2024,"42,43",0.91632,0.9138607444679151,0.9187152894011007,45816,wilson,95,2,157
"U(0.01,pi/4), eps=1e-03",broad_pi4_e3,0.01,0.7853981633974483,uniform,0.001,binary_deep,qmetrology.algorithms.find_phi_fixed_budget_binary_search_deep,312031,"{""conf"": 0.5, ""m_exploration"": 3964}",50000,2024,"42,43",0.94484,0.9428045775223661,0.9468070743470924,47242,wilson,95,2,157
"U(0.01,pi/4), eps=1e-03",broad_pi4_e3,0.01,0.7853981633974483,uniform,0.001,reverse_eng_risk,qmetrology.algorithms.find_phi_fixed_budget_reverse_engineering_risk,312031,"{""m_exploration"": 3136}",50000,2024,"42,43",0.94496,0.9429266186376465,0.9469250147942264,47248,wilson,95,2,157
"U(0.01,pi/4), eps=1e-03",broad_pi4_e3,0.01,0.7853981633974483,uniform,0.001,brute,qmetrology.algorithms.find_phi_fixed_budget_brute_force,425275,{},50000,2024,"42,43",0.93612,0.9339428764528471,0.9382301152145124,46806,wilson,95,2,157
"U(0.01,pi/4), eps=1e-03",broad_pi4_e3,0.01,0.7853981633974483,uniform,0.001,linear,qmetrology.algorithms.find_phi_fixed_budget_linear_search,425275,"{""inc"": 1, ""lookback_window"": 2, ""m_exploration"": 1709, ""mean_window"": 1, ""safeguard"": 0}",50000,2024,"42,43",0.95064,0.9487064273933237,0.9525043333261549,47532,wilson,95,2,157
"U(0.01,pi/4), eps=1e-03",broad_pi4_e3,0.01,0.7853981633974483,uniform,0.001,binary_deep,qmetrology.algorithms.find_phi_fixed_budget_binary_search_deep,425275,"{""conf"": 0.5, ""m_exploration"": 5580}",50000,2024,"42,43",0.96958,0.9680382112316673,0.9710496394221867,48479,wilson,95,2,157
"U(0.01,pi/4), eps=1e-03",broad_pi4_e3,0.01,0.7853981633974483,uniform,0.001,reverse_eng_risk,qmetrology.algorithms.find_phi_fixed_budget_reverse_engineering_risk,425275,"{""m_exploration"": 258}",50000,2024,"42,43",0.96968,0.968140601381084,0.9711472339081151,48484,wilson,95,2,157
"U(0.01,pi/4), eps=1e-03",broad_pi4_e3,0.01,0.7853981633974483,uniform,0.001,brute,qmetrology.algorithms.find_phi_fixed_budget_brute_force,579619,{},50000,2024,"42,43",0.96838,0.9668098607811015,0.9698781742486104,48419,wilson,95,2,157
"U(0.01,pi/4), eps=1e-03",broad_pi4_e3,0.01,0.7853981633974483,uniform,0.001,linear,qmetrology.algorithms.find_phi_fixed_budget_linear_search,579619,"{""inc"": 1, ""lookback_window"": 2, ""m_exploration"": 1726, ""mean_window"": 1, ""safeguard"": 0}",50000,2024,"42,43",0.97534,0.9739436747453785,0.9766632909043573,48767,wilson,95,2,157
"U(0.01,pi/4), eps=1e-03",broad_pi4_e3,0.01,0.7853981633974483,uniform,0.001,binary_deep,qmetrology.algorithms.find_phi_fixed_budget_binary_search_deep,579619,"{""conf"": 0.5, ""m_exploration"": 7745}",50000,2024,"42,43",0.98684,0.9858030552556358,0.9878021434587947,49342,wilson,95,2,157
"U(0.01,pi/4), eps=1e-03",broad_pi4_e3,0.01,0.7853981633974483,uniform,0.001,reverse_eng_risk,qmetrology.algorithms.find_phi_fixed_budget_reverse_engineering_risk,579619,"{""m_exploration"": 410}",50000,2024,"42,43",0.98694,0.9859067964705815,0.9878983868791941,49347,wilson,95,2,157
"U(0.01,pi/4), eps=1e-03",broad_pi4_e3,0.01,0.7853981633974483,uniform,0.001,brute,qmetrology.algorithms.find_phi_fixed_budget_brute_force,789977,{},50000,2024,"42,43",0.98826,0.9872776496197258,0.9891673309166062,49413,wilson,95,2,157
"U(0.01,pi/4), eps=1e-03",broad_pi4_e3,0.01,0.7853981633974483,uniform,0.001,linear,qmetrology.algorithms.find_phi_fixed_budget_linear_search,789977,"{""inc"": 2, ""lookback_window"": 1, ""m_exploration"": 957, ""mean_window"": 1, ""safeguard"": 0}",50000,2024,"42,43",0.98788,0.9868827184583648,0.9888023204636553,49394,wilson,95,2,157
"U(0.01,pi/4), eps=1e-03",broad_pi4_e3,0.01,0.7853981633974483,uniform,0.001,binary_deep,qmetrology.algorithms.find_phi_fixed_budget_binary_search_deep,789977,"{""conf"": 0.5, ""m_exploration"": 10751}",50000,2024,"42,43",0.99512,0.9944699870590079,0.9956939394620028,49756,wilson,95,2,157
"U(0.01,pi/4), eps=1e-03",broad_pi4_e3,0.01,0.7853981633974483,uniform,0.001,reverse_eng_risk,qmetrology.algorithms.find_phi_fixed_budget_reverse_engineering_risk,789977,"{""m_exploration"": 385}",50000,2024,"42,43",0.99488,0.9942152706970191,0.9954686926991632,49744,wilson,95,2,157
"U(0.01,pi/4), eps=1e-03",broad_pi4_e3,0.01,0.7853981633974483,uniform,0.001,brute,qmetrology.algorithms.find_phi_fixed_budget_brute_force,1076679,{},50000,2024,"42,43",0.99688,0.9963515241819868,0.9973321319210987,49844,wilson,95,2,157
"U(0.01,pi/4), eps=1e-03",broad_pi4_e3,0.01,0.7853981633974483,uniform,0.001,linear,qmetrology.algorithms.find_phi_fixed_budget_linear_search,1076679,"{""inc"": 1, ""lookback_window"": 1, ""m_exploration"": 7380, ""mean_window"": 1, ""safeguard"": 0}",50000,2024,"42,43",0.99636,0.9957926488676351,0.9968510871316557,49818,wilson,95,2,157
"U(0.01,pi/4), eps=1e-03",broad_pi4_e3,0.01,0.7853981633974483,uniform,0.001,binary_deep,qmetrology.algorithms.find_phi_fixed_budget_binary_search_deep,1076679,"{""conf"": 0.5, ""m_exploration"": 13368}",50000,2024,"42,43",0.99852,0.9981425901268473,0.9988208139958992,49926,wilson,95,2,157
"U(0.01,pi/4), eps=1e-03",broad_pi4_e3,0.01,0.7853981633974483,uniform,0.001,reverse_eng_risk,qmetrology.algorithms.find_phi_fixed_budget_reverse_engineering_risk,1076679,"{""m_exploration"": 246}",50000,2024,"42,43",0.99862,0.9982540709112149,0.9989093178468766,49931,wilson,95,2,157
"U(0.01,pi/4), eps=1e-03",broad_pi4_e3,0.01,0.7853981633974483,uniform,0.001,brute,qmetrology.algorithms.find_phi_fixed_budget_brute_force,1467432,{},50000,2024,"42,43",0.9994,0.9991436018377583,0.9995796670760256,49970,wilson,95,2,157
"U(0.01,pi/4), eps=1e-03",broad_pi4_e3,0.01,0.7853981633974483,uniform,0.001,linear,qmetrology.algorithms.find_phi_fixed_budget_linear_search,1467432,"{""inc"": 1, ""lookback_window"": 1, ""m_exploration"": 733716, ""mean_window"": 0, ""safeguard"": 0}",50000,2024,"42,43",0.9994,0.9991436018377583,0.9995796670760256,49970,wilson,95,2,157
"U(0.01,pi/4), eps=1e-03",broad_pi4_e3,0.01,0.7853981633974483,uniform,0.001,binary_deep,qmetrology.algorithms.find_phi_fixed_budget_binary_search_deep,1467432,"{""conf"": 0.5, ""m_exploration"": 130}",50000,2024,"42,43",0.99896,0.9986365675130524,0.9992067690052127,49948,wilson,95,2,157
"U(0.01,pi/4), eps=1e-03",broad_pi4_e3,0.01,0.7853981633974483,uniform,0.001,reverse_eng_risk,qmetrology.algorithms.find_phi_fixed_budget_reverse_engineering_risk,1467432,"{""m_exploration"": 34}",50000,2024,"42,43",0.99958,0.9993579764083839,0.9997252648490215,49979,wilson,95,2,157
"U(0.01,pi/4), eps=1e-03",broad_pi4_e3,0.01,0.7853981633974483,uniform,0.001,brute,qmetrology.algorithms.find_phi_fixed_budget_brute_force,2000000,{},50000,2024,"42,43",0.99998,0.9998867102986088,0.9999964695001772,49999,wilson,95,2,157
"U(0.01,pi/4), eps=1e-03",broad_pi4_e3,0.01,0.7853981633974483,uniform,0.001,linear,qmetrology.algorithms.find_phi_fixed_budget_linear_search,2000000,"{""inc"": 3, ""lookback_window"": 1, ""m_exploration"": 2244, ""mean_window"": 1, ""safeguard"": 0}",50000,2024,"42,43",0.99802,0.997590239903089,0.9983732410429315,49901,wilson,95,2,157
"U(0.01,pi/4), eps=1e-03",broad_pi4_e3,0.01,0.7853981633974483,uniform,0.001,binary_deep,qmetrology.algorithms.find_phi_fixed_budget_binary_search_deep,2000000,"{""conf"": 0.5, ""m_exploration"": 93}",50000,2024,"42,43",0.99992,0.9997942998811324,0.9999688891364464,49996,wilson,95,2,157
"U(0.01,pi/4), eps=1e-03",broad_pi4_e3,0.01,0.7853981633974483,uniform,0.001,reverse_eng_risk,qmetrology.algorithms.find_phi_fixed_budget_reverse_engineering_risk,2000000,"{""m_exploration"": 11}",50000,2024,"42,43",0.99994,0.9998235915642609,0.999979594380387,49997,wilson,95,2,157
"U(0.01,pi/2), eps=1e-03",broad_pi2_e3,0.01,1.5707963267948966,uniform,0.001,brute,qmetrology.algorithms.find_phi_fixed_budget_brute_force,3000,{},50000,2024,"42,43",0.08792,0.08546942724984015,0.09043388741977919,4396,wilson,95,1,157
"U(0.01,pi/2), eps=1e-03",broad_pi2_e3,0.01,1.5707963267948966,uniform,0.001,linear,qmetrology.algorithms.find_phi_fixed_budget_linear_search,3000,"{""inc"": 1, ""lookback_window"": 2, ""m_exploration"": 3, ""mean_window"": 3, ""safeguard"": 2}",50000,2024,"42,43",0.11258,0.10983920838723928,0.11538031735849923,5629,wilson,95,1,157
"U(0.01,pi/2), eps=1e-03",broad_pi2_e3,0.01,1.5707963267948966,uniform,0.001,binary_deep,qmetrology.algorithms.find_phi_fixed_budget_binary_search_deep,3000,"{""conf"": 0.5, ""m_exploration"": 220}",50000,2024,"42,43",0.12142,0.11858619423830341,0.1243119732719482,6071,wilson,95,1,157
"U(0.01,pi/2), eps=1e-03",broad_pi2_e3,0.01,1.5707963267948966,uniform,0.001,reverse_eng_risk,qmetrology.algorithms.find_phi_fixed_budget_reverse_engineering_risk,3000,"{""m_exploration"": 220}",50000,2024,"42,43",0.12142,0.11858619423830341,0.1243119732719482,6071,wilson,95,1,157
"U(0.01,pi/2), eps=1e-03",broad_pi2_e3,0.01,1.5707963267948966,uniform,0.001,brute,qmetrology.algorithms.find_phi_fixed_budget_brute_force,4088,{},50000,2024,"42,43",0.10216,0.09953586546319078,0.1048452612795809,5108,wilson,95,1,157
"U(0.01,pi/2), eps=1e-03",broad_pi2_e3,0.01,1.5707963267948966,uniform,0.001,linear,qmetrology.algorithms.find_phi_fixed_budget_linear_search,4088,"{""inc"": 1, ""lookback_window"": 2, ""m_exploration"": 2, ""mean_window"": 4, ""safeguard"": 3}",50000,2024,"42,43",0.1337,0.1307450556196331,0.13671122511100556,6685,wilson,95,1,157
"U(0.01,pi/2), eps=1e-03",broad_pi2_e3,0.01,1.5707963267948966,uniform,0.001,binary_deep,qmetrology.algorithms.find_phi_fixed_budget_binary_search_deep,4088,"{""conf"": 0.5, ""m_exploration"": 351}",50000,2024,"42,43",0.14492,0.14186174029141363,0.14803281652495315,7246,wilson,95,1,157
"U(0.01,pi/2), eps=1e-03",broad_pi2_e3,0.01,1.5707963267948966,uniform,0.001,reverse_eng_risk,qmetrology.algorithms.find_phi_fixed_budget_reverse_engineering_risk,4088,"{""m_exploration"": 351}",50000,2024,"42,43",0.14492,0.14186174029141363,0.14803281652495315,7246,wilson,95,1,157
"U(0.01,pi/2), eps=1e-03",broad_pi2_e3,0.01,1.5707963267948966,uniform,0.001,brute,qmetrology.algorithms.find_phi_fixed_budget_brute_force,5572,{},50000,2024,"42,43",0.11962,0.11680471961615446,0.12249372445788409,5981,wilson,95,1,157
"U(0.01,pi/2), eps=1e-03",broad_pi2_e3,0.01,1.5707963267948966,uniform,0.001,linear,qmetrology.algorithms.find_phi_fixed_budget_linear_search,5572,"{""inc"": 1, ""lookback_window"": 2, ""m_exploration"": 2, ""mean_window"": 4, ""safeguard"": 3}",50000,2024,"42,43",0.15704,0.15387723469922612,0.16025545992097542,7852,wilson,95,1,157
"U(0.01,pi/2), eps=1e-03",broad_pi2_e3,0.01,1.5707963267948966,uniform,0.001,binary_deep,qmetrology.algorithms.find_phi_fixed_budget_binary_search_deep,5572,"{""conf"": 0.5, ""m_exploration"": 397}",50000,2024,"42,43",0.17122,0.1679434182109033,0.1745470977012435,8561,wilson,95,1,157
"U(0.01,pi/2), eps=1e-03",broad_pi2_e3,0.01,1.5707963267948966,uniform,0.001,reverse_eng_risk,qmetrology.algorithms.find_phi_fixed_budget_reverse_engineering_risk,5572,"{""m_exploration"": 397}",50000,2024,"42,43",0.17122,0.1679434182109033,0.1745470977012435,8561,wilson,95,1,157
"U(0.01,pi/2), eps=1e-03",broad_pi2_e3,0.01,1.5707963267948966,uniform,0.001,brute,qmetrology.algorithms.find_phi_fixed_budget_brute_force,7595,{},50000,2024,"42,43",0.14094,0.1379176318366456,0.1440175364929834,7047,wilson,95,1,157
"U(0.01,pi/2), eps=1e-03",broad_pi2_e3,0.01,1.5707963267948966,uniform,0.001,linear,qmetrology.algorithms.find_phi_fixed_budget_linear_search,7595,"{""inc"": 1, ""lookback_window"": 3, ""m_exploration"": 7, ""mean_window"": 3, ""safeguard"": 1}",50000,2024,"42,43",0.17856,0.17522779588728704,0.18194159225919526,8928,wilson,95,1,157
"U(0.01,pi/2), eps=1e-03",broad_pi2_e3,0.01,1.5707963267948966,uniform,0.001,binary_deep,qmetrology.algorithms.find_phi_fixed_budget_binary_search_deep,7595,"{""conf"": 0.5, ""m_exploration"": 680}",50000,2024,"42,43",0.19974,0.19625874586317946,0.20326738804941005,9987,wilson,95,1,157
"U(0.01,pi/2), eps=1e-03",broad_pi2_e3,0.01,1.5707963267948966,uniform,0.001,reverse_eng_risk,qmetrology.algorithms.find_phi_fixed_budget_reverse_engineering_risk,7595,"{""m_exploration"": 680}",50000,2024,"42,43",0.19974,0.19625874586317946,0.20326738804941005,9987,wilson,95,1,157
"U(0.01,pi/2), eps=1e-03",broad_pi2_e3,0.01,1.5707963267948966,uniform,0.001,brute,qmetrology.algorithms.find_phi_fixed_budget_brute_force,10351,{},50000,2024,"42,43",0.16444,0.1612167569714481,0.16771480066429606,8222,wilson,95,1,157
"U(0.01,pi/2), eps=1e-03",broad_pi2_e3,0.01,1.5707963267948966,uniform,0.001,linear,qmetrology.algorithms.find_phi_fixed_budget_linear_search,10351,"{""inc"": 1, ""lookback_window"": 3, ""m_exploration"": 7, ""mean_window"": 3, ""safeguard"": 1}",50000,2024,"42,43",0.20972,0.20617396782601172,0.21331063269402584,10486,wilson,95,1,157
"U(0.01,pi/2), eps=1e-03",broad_pi2_e3,0.01,1.5707963267948966,uniform,0.001,binary_deep,qmetrology.algorithms.find_phi_fixed_budget_binary_search_deep,10351,"{""conf"": 0.5, ""m_exploration"": 816}",50000,2024,"42,43",0.23388,0.23019023890374102,0.2376106495156899,11694,wilson,95,1,157
"U(0.01,pi/2), eps=1e-03",broad_pi2_e3,0.01,1.5707963267948966,uniform,0.001,reverse_eng_risk,qmetrology.algorithms.find_phi_fixed_budget_reverse_engineering_risk,10351,"{""m_exploration"": 816}",50000,2024,"42,43",0.23388,0.23019023890374102,0.2376106495156899,11694,wilson,95,1,157
"U(0.01,pi/2), eps=1e-03",broad_pi2_e3,0.01,1.5707963267948966,uniform,0.001,brute,qmetrology.algorithms.find_phi_fixed_budget_brute_force,14108,{},50000,2024,"42,43",0.19176,0.1883329910570481,0.19523436895499685,9588,wilson,95,1,157
"U(0.01,pi/2), eps=1e-03",broad_pi2_e3,0.01,1.5707963267948966,uniform,0.001,linear,qmetrology.algorithms.find_phi_fixed_budget_linear_search,14108,"{""inc"": 1, ""lookback_window"": 2, ""m_exploration"": 2, ""mean_window"": 4, ""safeguard"": 3}",50000,2024,"42,43",0.24488,0.2411305055529565,0.2486686927544432,12244,wilson,95,1,157
"U(0.01,pi/2), eps=1e-03",broad_pi2_e3,0.01,1.5707963267948966,uniform,0.001,binary_deep,qmetrology.algorithms.find_phi_fixed_budget_binary_search_deep,14108,"{""conf"": 0.5, ""m_exploration"": 800}",50000,2024,"42,43",0.27336,0.26947100095228,0.27728382150142433,13668,wilson,95,1,157
"U(0.01,pi/2), eps=1e-03",broad_pi2_e3,0.01,1.5707963267948966,uniform,0.001,reverse_eng_risk,qmetrology.algorithms.find_phi_fixed_budget_reverse_engineering_risk,14108,"{""m_exploration"": 800}",50000,2024,"42,43",0.27336,0.26947100095228,0.27728382150142433,13668,wilson,95,1,157
"U(0.01,pi/2), eps=1e-03",broad_pi2_e3,0.01,1.5707963267948966,uniform,0.001,brute,qmetrology.algorithms.find_phi_fixed_budget_brute_force,19228,{},50000,2024,"42,43",0.22154,0.2179214194525052,0.22520136496533155,11077,wilson,95,1,157
"U(0.01,pi/2), eps=1e-03",broad_pi2_e3,0.01,1.5707963267948966,uniform,0.001,linear,qmetrology.algorithms.find_phi_fixed_budget_linear_search,19228,"{""inc"": 1, ""lookback_window"": 2, ""m_exploration"": 2, ""mean_window"": 4, ""safeguard"": 3}",50000,2024,"42,43",0.28448,0.2805420989152899,0.28845101498879744,14224,wilson,95,1,157
"U(0.01,pi/2), eps=1e-03",broad_pi2_e3,0.01,1.5707963267948966,uniform,0.001,binary_deep,qmetrology.algorithms.find_phi_fixed_budget_binary_search_deep,19228,"{""conf"": 0.5, ""m_exploration"": 874}",50000,2024,"42,43",0.31918,0.3151080366186809,0.3232797457501808,15959,wilson,95,1,157
"U(0.01,pi/2), eps=1e-03",broad_pi2_e3,0.01,1.5707963267948966,uniform,0.001,reverse_eng_risk,qmetrology.algorithms.find_phi_fixed_budget_reverse_engineering_risk,19228,"{""m_exploration"": 874}",50000,2024,"42,43",0.31918,0.3151080366186809,0.3232797457501808,15959,wilson,95,1,157
"U(0.01,pi/2), eps=1e-03",broad_pi2_e3,0.01,1.5707963267948966,uniform,0.001,brute,qmetrology.algorithms.find_phi_fixed_budget_brute_force,26207,{},50000,2024,"42,43",0.25426,0.25046220988384993,0.2580955472189267,12713,wilson,95,1,157
"U(0.01,pi/2), eps=1e-03",broad_pi2_e3,0.01,1.5707963267948966,uniform,0.001,linear,qmetrology.algorithms.find_phi_fixed_budget_linear_search,26207,"{""inc"": 1, ""lookback_window"": 3, ""m_exploration"": 3, ""mean_window"": 3, ""safeguard"": 2}",50000,2024,"42,43",0.3239,0.3198118680768666,0.3280151890802872,16195,wilson,95,1,157
"U(0.01,pi/2), eps=1e-03",broad_pi2_e3,0.01,1.5707963267948966,uniform,0.001,binary_deep,qmetrology.algorithms.find_phi_fixed_budget_binary_search_deep,26207,"{""conf"": 0.5, ""m_exploration"": 838}",50000,2024,"42,43",0.36368,0.35947403917827997,0.3679069059191828,18184,wilson,95,1,157
"U(0.01,pi/2), eps=1e-03",broad_pi2_e3,0.01,1.5707963267948966,uniform,0.001,reverse_eng_risk,qmetrology.algorithms.find_phi_fixed_budget_reverse_engineering_risk,26207,"{""m_exploration"": 838}",50000,2024,"42,43",0.36368,0.35947403917827997,0.3679069059191828,18184,wilson,95,1,157
"U(0.01,pi/2), eps=1e-03",broad_pi2_e3,0.01,1.5707963267948966,uniform,0.001,brute,qmetrology.algorithms.find_phi_fixed_budget_brute_force,35718,{},50000,2024,"42,43",0.2953,0.2913173497930006,0.29931410165543426,14765,wilson,95,1,157
"U(0.01,pi/2), eps=1e-03",broad_pi2_e3,0.01,1.5707963267948966,uniform,0.001,linear,qmetrology.algorithms.find_phi_fixed_budget_linear_search,35718,"{""inc"": 1, ""lookback_window"": 5, ""m_exploration"": 27, ""mean_window"": 0, ""safeguard"": 1}",50000,2024,"42,43",0.3553,0.3511161896918369,0.3595060429637006,17765,wilson,95,1,157
"U(0.01,pi/2), eps=1e-03",broad_pi2_e3,0.01,1.5707963267948966,uniform,0.001,binary_deep,qmetrology.algorithms.find_phi_fixed_budget_binary_search_deep,35718,"{""conf"": 0.5, ""m_exploration"": 961}",50000,2024,"42,43",0.41892,0.41460178392893055,0.4232506737332047,20946,wilson,95,1,157
"U(0.01,pi/2), eps=1e-03",broad_pi2_e3,0.01,1.5707963267948966,uniform,0.001,reverse_eng_risk,qmetrology.algorithms.find_phi_fixed_budget_reverse_engineering_risk,35718,"{""m_exploration"": 872}",50000,2024,"42,43",0.4184,0.41408257528245335,0.42272996227588705,20920,wilson,95,1,157
"U(0.01,pi/2), eps=1e-03",broad_pi2_e3,0.01,1.5707963267948966,uniform,0.001,brute,qmetrology.algorithms.find_phi_fixed_budget_brute_force,48681,{},50000,2024,"42,43",0.34168,0.33753519573587293,0.3458491295856522,17084,wilson,95,1,157
"U(0.01,pi/2), eps=1e-03",broad_pi2_e3,0.01,1.5707963267948966,uniform,0.001,linear,qmetrology.algorithms.find_phi_fixed_budget_linear_search,48681,"{""inc"": 1, ""lookback_window"": 3, ""m_exploration"": 40, ""mean_window"": 4, ""safeguard"": 1}",50000,2024,"42,43",0.4168,0.4124850411842638,0.4211277422085538,20840,wilson,95,1,157
"U(0.01,pi/2), eps=1e-03",broad_pi2_e3,0.01,1.5707963267948966,uniform,0.001,binary_deep,qmetrology.algorithms.find_phi_fixed_budget_binary_search_deep,48681,"{""conf"": 0.5, ""m_exploration"": 1002}",50000,2024,"42,43",0.47318,0.4688059247935616,0.4775581960068634,23659,wilson,95,1,157
"U(0.01,pi/2), eps=1e-03",broad_pi2_e3,0.01,1.5707963267948966,uniform,0.001,reverse_eng_risk,qmetrology.algorithms.find_phi_fixed_budget_reverse_engineering_risk,48681,"{""m_exploration"": 764}",50000,2024,"42,43",0.47258,0.46820625653065756,0.4769579564576964,23629,wilson,95,1,157
"U(0.01,pi/2), eps=1e-03",broad_pi2_e3,0.01,1.5707963267948966,uniform,0.001,brute,qmetrology.algorithms.find_phi_fixed_budget_brute_force,66349,{},50000,2024,"42,43",0.39404,0.38976522648624623,0.3983310539020105,19702,wilson,95,1,157
"U(0.01,pi/2), eps=1e-03",broad_pi2_e3,0.01,1.5707963267948966,uniform,0.001,linear,qmetrology.algorithms.find_phi_fixed_budget_linear_search,66349,"{""inc"": 1, ""lookback_window"": 2, ""m_exploration"": 96, ""mean_window"": 3, ""safeguard"": 0}",50000,2024,"42,43",0.46268,0.4583126463805907,0.4670530877085913,23134,wilson,95,1,157
"U(0.01,pi/2), eps=1e-03",broad_pi2_e3,0.01,1.5707963267948966,uniform,0.001,binary_deep,qmetrology.algorithms.find_phi_fixed_budget_binary_search_deep,66349,"{""conf"": 0.5, ""m_exploration"": 1318}",50000,2024,"42,43",0.53252,0.5281443357723109,0.5368906676419386,26626,wilson,95,1,157
"U(0.01,pi/2), eps=1e-03",broad_pi2_e3,0.01,1.5707963267948966,uniform,0.001,reverse_eng_risk,qmetrology.algorithms.find_phi_fixed_budget_reverse_engineering_risk,66349,"{""m_exploration"": 762}",50000,2024,"42,43",0.53064,0.5262634374464817,0.5350118548232786,26532,wilson,95,1,157
"U(0.01,pi/2), eps=1e-03",broad_pi2_e3,0.01,1.5707963267948966,uniform,0.001,brute,qmetrology.algorithms.find_phi_fixed_budget_brute_force,90429,{},50000,2024,"42,43",0.45346,0.4491001553330632,0.45782699537729404,22673,wilson,95,1,157
"U(0.01,pi/2), eps=1e-03",broad_pi2_e3,0.01,1.5707963267948966,uniform,0.001,linear,qmetrology.algorithms.find_phi_fixed_budget_linear_search,90429,"{""inc"": 1, ""lookback_window"": 2, ""m_exploration"": 100, ""mean_window"": 3, ""safeguard"": 0}",50000,2024,"42,43",0.52226,0.5178801904467457,0.5266363893810891,26113,wilson,95,1,157
"U(0.01,pi/2), eps=1e-03",broad_pi2_e3,0.01,1.5707963267948966,uniform,0.001,binary_deep,qmetrology.algorithms.find_phi_fixed_budget_binary_search_deep,90429,"{""conf"": 0.5, ""m_exploration"": 1339}",50000,2024,"42,43",0.59308,0.5887670065673826,0.5973786920119027,29654,wilson,95,1,157
"U(0.01,pi/2), eps=1e-03",broad_pi2_e3,0.01,1.5707963267948966,uniform,0.001,reverse_eng_risk,qmetrology.algorithms.find_phi_fixed_budget_reverse_engineering_risk,90429,"{""m_exploration"": 672}",50000,2024,"42,43",0.59108,0.5867638760033405,0.5953821298690414,29554,wilson,95,1,157
"U(0.01,pi/2), eps=1e-03",broad_pi2_e3,0.01,1.5707963267948966,uniform,0.001,brute,qmetrology.algorithms.find_phi_fixed_budget_brute_force,123248,{},50000,2024,"42,43",0.51876,0.5143791999821951,0.523137917608559,25938,wilson,95,1,157
"U(0.01,pi/2), eps=1e-03",broad_pi2_e3,0.01,1.5707963267948966,uniform,0.001,linear,qmetrology.algorithms.find_phi_fixed_budget_linear_search,123248,"{""inc"": 1, ""lookback_window"": 1, ""m_exploration"": 2, ""mean_window"": 3, ""safeguard"": 2}",50000,2024,"42,43",0.597,0.5926933570696593,0.6012917392151564,29850,wilson,95,1,157
"U(0.01,pi/2), eps=1e-03",broad_pi2_e3,0.01,1.5707963267948966,uniform,0.001,binary_deep,qmetrology.algorithms.find_phi_fixed_budget_binary_search_deep,123248,"{""conf"": 0.5, ""m_exploration"": 1639}",50000,2024,"42,43",0.65698,0.6528070714418974,0.6611288091229519,32849,wilson,95,1,157
"U(0.01,pi/2), eps=1e-03",broad_pi2_e3,0.01,1.5707963267948966,uniform,0.001,reverse_eng_risk,qmetrology.algorithms.find_phi_fixed_budget_reverse_engineering_risk,123248,"{""m_exploration"": 418}",50000,2024,"42,43",0.65274,0.6485552926050111,0.656901239421203,32637,wilson,95,1,157
"U(0.01,pi/2), eps=1e-03",broad_pi2_e3,0.01,1.5707963267948966,uniform,0.001,brute,qmetrology.algorithms.find_phi_fixed_budget_brute_force,167979,{},50000,2024,"42,43",0.58806,0.5837392885662549,0.5923671813187028,29403,wilson,95,1,157
"U(0.01,pi/2), eps=1e-03",broad_pi2_e3,0.01,1.5707963267948966,uniform,0.001,linear,qmetrology.algorithms.find_phi_fixed_budget_linear_search,167979,"{""inc"": 1, ""lookback_window"": 3, ""m_exploration"": 417, ""mean_window"": 4, ""safeguard"": 0}",50000,2024,"42,43",0.65594,0.6517641483376739,0.6600918920195857,32797,wilson,95,1,157
"U(0.01,pi/2), eps=1e-03",broad_pi2_e3,0.01,1.5707963267948966,uniform,0.001,binary_deep,qmetrology.algorithms.find_phi_fixed_budget_binary_search_deep,167979,"{""conf"": 0.5, ""m_exploration"": 2488}",50000,2024,"42,43",0.7212,0.7172527156687057,0.7251132977148124,36060,wilson,95,1,157
"U(0.01,pi/2), eps=1e-03",broad_pi2_e3,0.01,1.5707963267948966,uniform,0.001,reverse_eng_risk,qmetrology.algorithms.find_phi_fixed_budget_reverse_engineering_risk,167979,"{""m_exploration"": 825}",50000,2024,"42,43",0.71864,0.714681923979534,0.7225644827391476,35932,wilson,95,1,157
"U(0.01,pi/2), eps=1e-03",broad_pi2_e3,0.01,1.5707963267948966,uniform,0.001,brute,qmetrology.algorithms.find_phi_fixed_budget_brute_force,228942,{},50000,2024,"42,43",0.66308,0.6589246641725133,0.6672102791483916,33154,wilson,95,1,157
"U(0.01,pi/2), eps=1e-03",broad_pi2_e3,0.01,1.5707963267948966,uniform,0.001,linear,qmetrology.algorithms.find_phi_fixed_budget_linear_search,228942,"{""inc"": 1, ""lookback_window"": 3, ""m_exploration"": 653, ""mean_window"": 4, ""safeguard"": 0}",50000,2024,"42,43",0.72244,0.7184980000631535,0.7263478227986447,36122,wilson,95,1,157
"U(0.01,pi/2), eps=1e-03",broad_pi2_e3,0.01,1.5707963267948966,uniform,0.001,binary_deep,qmetrology.algorithms.find_phi_fixed_budget_binary_search_deep,228942,"{""conf"": 0.5, ""m_exploration"": 5338}",50000,2024,"42,43",0.78108,0.7774339358218442,0.7846828772063624,39054,wilson,95,1,157
"U(0.01,pi/2), eps=1e-03",broad_pi2_e3,0.01,1.5707963267948966,uniform,0.001,reverse_eng_risk,qmetrology.algorithms.find_phi_fixed_budget_reverse_engineering_risk,228942,"{""m_exploration"": 1155}",50000,2024,"42,43",0.77892,0.7752613061584926,0.7825358387462581,38946,wilson,95,1,157
"U(0.01,pi/2), eps=1e-03",broad_pi2_e3,0.01,1.5707963267948966,uniform,0.001,brute,qmetrology.algorithms.find_phi_fixed_budget_brute_force,312031,{},50000,2024,"42,43",0.7367,0.7328215076445316,0.7405421242174882,36835,wilson,95,1,157
"U(0.01,pi/2), eps=1e-03",broad_pi2_e3,0.01,1.5707963267948966,uniform,0.001,linear,qmetrology.algorithms.find_phi_fixed_budget_linear_search,312031,"{""inc"": 1, ""lookback_window"": 3, ""m_exploration"": 734, ""mean_window"": 4, ""safeguard"": 0}",50000,2024,"42,43",0.78472,0.7810955470380307,0.78830070671674,39236,wilson,95,1,157
"U(0.01,pi/2), eps=1e-03",broad_pi2_e3,0.01,1.5707963267948966,uniform,0.001,binary_deep,qmetrology.algorithms.find_phi_fixed_budget_binary_search_deep,312031,"{""conf"": 0.5, ""m_exploration"": 4001}",50000,2024,"42,43",0.83624,0.8329705519890773,0.8394577858955257,41812,wilson,95,1,157
"U(0.01,pi/2), eps=1e-03",broad_pi2_e3,0.01,1.5707963267948966,uniform,0.001,reverse_eng_risk,qmetrology.algorithms.find_phi_fixed_budget_reverse_engineering_risk,312031,"{""m_exploration"": 4044}",50000,2024,"42,43",0.8361,0.8328294483413241,0.8393189110537955,41805,wilson,95,1,157
"U(0.01,pi/2), eps=1e-03",broad_pi2_e3,0.01,1.5707963267948966,uniform,0.001,brute,qmetrology.algorithms.find_phi_fixed_budget_brute_force,425275,{},50000,2024,"42,43",0.81054,0.80708133206849,0.8139509545324042,40527,wilson,95,1,157
"U(0.01,pi/2), eps=1e-03",broad_pi2_e3,0.01,1.5707963267948966,uniform,0.001,linear,qmetrology.algorithms.find_phi_fixed_budget_linear_search,425275,"{""inc"": 1, ""lookback_window"": 3, ""m_exploration"": 817, ""mean_window"": 4, ""safeguard"": 0}",50000,2024,"42,43",0.8471,0.8439188166660672,0.8502278526170213,42355,wilson,95,1,157
"U(0.01,pi/2), eps=1e-03",broad_pi2_e3,0.01,1.5707963267948966,uniform,0.001,binary_deep,qmetrology.algorithms.find_phi_fixed_budget_binary_search_deep,425275,"{""conf"": 0.5, ""m_exploration"": 6064}",50000,2024,"42,43",0.88668,0.8838718095404596,0.8894287784122477,44334,wilson,95,1,157
"U(0.01,pi/2), eps=1e-03",broad_pi2_e3,0.01,1.5707963267948966,uniform,0.001,reverse_eng_risk,qmetrology.algorithms.find_phi_fixed_budget_reverse_engineering_risk,425275,"{""m_exploration"": 3696}",50000,2024,"42,43",0.8865,0.8836899001692178,0.8892507154398681,44325,wilson,95,1,157
"U(0.01,pi/2), eps=1e-03",broad_pi2_e3,0.01,1.5707963267948966,uniform,0.001,brute,qmetrology.algorithms.find_phi_fixed_budget_brute_force,579619,{},50000,2024,"42,43",0.87354,0.8705980017280017,0.8764246051403499,43677,wilson,95,1,157
"U(0.01,pi/2), eps=1e-03",broad_pi2_e3,0.01,1.5707963267948966,uniform,0.001,linear,qmetrology.algorithms.find_phi_fixed_budget_linear_search,579619,"{""inc"": 1, ""lookback_window"": 5, ""m_exploration"": 234, ""mean_window"": 6, ""safeguard"": 1}",50000,2024,"42,43",0.89638,0.8936781268044203,0.8990209707767685,44819,wilson,95,1,157
"U(0.01,pi/2), eps=1e-03",broad_pi2_e3,0.01,1.5707963267948966,uniform,0.001,binary_deep,qmetrology.algorithms.find_phi_fixed_budget_binary_search_deep,579619,"{""conf"": 0.5, ""m_exploration"": 9665}",50000,2024,"42,43",0.92702,0.9247071791831322,0.9292672106678169,46351,wilson,95,1,157
"U(0.01,pi/2), eps=1e-03",broad_pi2_e3,0.01,1.5707963267948966,uniform,0.001,reverse_eng_risk,qmetrology.algorithms.find_phi_fixed_budget_reverse_engineering_risk,579619,"{""m_exploration"": 512}",50000,2024,"42,43",0.92562,0.9232872658749998,0.9278873390811171,46281,wilson,95,1,157
"U(0.01,pi/2), eps=1e-03",broad_pi2_e3,0.01,1.5707963267948966,uniform,0.001,brute,qmetrology.algorithms.find_phi_fixed_budget_brute_force,789977,{},50000,2024,"42,43",0.92562,0.9232872658749998,0.9278873390811171,46281,wilson,95,1,157
"U(0.01,pi/2), eps=1e-03",broad_pi2_e3,0.01,1.5707963267948966,uniform,0.001,linear,qmetrology.algorithms.find_phi_fixed_budget_linear_search,789977,"{""inc"": 1, ""lookback_window"": 2, ""m_exploration"": 1481, ""mean_window"": 3, ""safeguard"": 0}",50000,2024,"42,43",0.93862,0.9364822324888689,0.94069037506212,46931,wilson,95,1,157
"U(0.01,pi/2), eps=1e-03",broad_pi2_e3,0.01,1.5707963267948966,uniform,0.001,binary_deep,qmetrology.algorithms.find_phi_fixed_budget_binary_search_deep,789977,"{""conf"": 0.5, ""m_exploration"": 10857}",50000,2024,"42,43",0.95862,0.9568387307708112,0.9603308038492121,47931,wilson,95,1,157
"U(0.01,pi/2), eps=1e-03",broad_pi2_e3,0.01,1.5707963267948966,uniform,0.001,reverse_eng_risk,qmetrology.algorithms.find_phi_fixed_budget_reverse_engineering_risk,789977,"{""m_exploration"": 260}",50000,2024,"42,43",0.95662,0.954799072065997,0.9583707698471228,47831,wilson,95,1,157
"U(0.01,pi/2), eps=1e-03",broad_pi2_e3,0.01,1.5707963267948966,uniform,0.001,brute,qmetrology.algorithms.find_phi_fixed_budget_brute_force,1076679,{},50000,2024,"42,43",0.96188,0.9601657888593376,0.9635232448729381,48094,wilson,95,1,157
"U(0.01,pi/2), eps=1e-03",broad_pi2_e3,0.01,1.5707963267948966,uniform,0.001,linear,qmetrology.algorithms.find_phi_fixed_budget_linear_search,1076679,"{""inc"": 1, ""lookback_window"": 2, ""m_exploration"": 88, ""mean_window"": 3, ""safeguard"": 1}",50000,2024,"42,43",0.9698,0.9682634752943557,0.9712643415572575,48490,wilson,95,1,157
"U(0.01,pi/2), eps=1e-03",broad_pi2_e3,0.01,1.5707963267948966,uniform,0.001,binary_deep,qmetrology.algorithms.find_phi_fixed_budget_binary_search_deep,1076679,"{""conf"": 0.5, ""m_exploration"": 294}",50000,2024,"42,43",0.97074,0.9692262081263584,0.9721814642974996,48537,wilson,95,1,157
"U(0.01,pi/2), eps=1e-03",broad_pi2_e3,0.01,1.5707963267948966,uniform,0.001,reverse_eng_risk,qmetrology.algorithms.find_phi_fixed_budget_reverse_engineering_risk,1076679,"{""m_exploration"": 241}",50000,2024,"42,43",0.97856,0.9772531453002247,0.9797933256076257,48928,wilson,95,1,157
"U(0.01,pi/2), eps=1e-03",broad_pi2_e3,0.01,1.5707963267948966,uniform,0.001,brute,qmetrology.algorithms.find_phi_fixed_budget_brute_force,1467432,{},50000,2024,"42,43",0.98454,0.9834207816944716,0.98558477040702,49227,wilson,95,1,157
"U(0.01,pi/2), eps=1e-03",broad_pi2_e3,0.01,1.5707963267948966,uniform,0.001,linear,qmetrology.algorithms.find_phi_fixed_budget_linear_search,1467432,"{""inc"": 1, ""lookback_window"": 8, ""m_exploration"": 135, ""mean_window"": 0, ""safeguard"": 2}",50000,2024,"42,43",0.98712,0.9860935684243091,0.988071587269088,49356,wilson,95,1,157
"U(0.01,pi/2), eps=1e-03",broad_pi2_e3,0.01,1.5707963267948966,uniform,0.001,binary_deep,qmetrology.algorithms.find_phi_fixed_budget_binary_search_deep,1467432,"{""conf"": 0.5, ""m_exploration"": 244}",50000,2024,"42,43",0.98808,0.9870905462043562,0.9889944619883542,49404,wilson,95,1,157
"U(0.01,pi/2), eps=1e-03",broad_pi2_e3,0.01,1.5707963267948966,uniform,0.001,reverse_eng_risk,qmetrology.algorithms.find_phi_fixed_budget_reverse_engineering_risk,1467432,"{""m_exploration"": 269}",50000,2024,"42,43",0.99094,0.9900709388455039,0.9917336299180787,49547,wilson,95,1,157
"U(0.01,pi/2), eps=1e-03",broad_pi2_e3,0.01,1.5707963267948966,uniform,0.001,brute,qmetrology.algorithms.find_phi_fixed_budget_brute_force,2000000,{},50000,2024,"42,43",0.99584,0.9952364821329542,0.9963673337625414,49792,wilson,95,1,157
"U(0.01,pi/2), eps=1e-03",broad_pi2_e3,0.01,1.5707963267948966,uniform,0.001,linear,qmetrology.algorithms.find_phi_fixed_budget_linear_search,2000000,"{""inc"": 2, ""lookback_window"": 1, ""m_exploration"": 3, ""mean_window"": 0, ""safeguard"": 16}",50000,2024,"42,43",0.99536,0.9947250744733692,0.9959188151724699,49768,wilson,95,1,157
"U(0.01,pi/2), eps=1e-03",broad_pi2_e3,0.01,1.5707963267948966,uniform,0.001,binary_deep,qmetrology.algorithms.find_phi_fixed_budget_binary_search_deep,2000000,"{""conf"": 0.5, ""m_exploration"": 28614}",50000,2024,"42,43",0.99762,0.9971529755917043,0.9980105668129353,49881,wilson,95,1,157
"U(0.01,pi/2), eps=1e-03",broad_pi2_e3,0.01,1.5707963267948966,uniform,0.001,reverse_eng_risk,qmetrology.algorithms.find_phi_fixed_budget_reverse_engineering_risk,2000000,"{""m_exploration"": 202}",50000,2024,"42,43",0.99714,0.9966321860982931,0.9975714300566901,49857,wilson,95,1,157
"U(0.01,pi/2), eps=1e-03",broad_pi2_e3,0.01,1.5707963267948966,uniform,0.001,separable,qmetrology.algorithms.find_phi_fixed_budget_separable,3000,{},50000,2024,"42,43",0.08792,0.08546942724984015,0.09043388741977919,4396,wilson,95,1,157
"U(0.01,pi/2), eps=1e-03",broad_pi2_e3,0.01,1.5707963267948966,uniform,0.001,separable,qmetrology.algorithms.find_phi_fixed_budget_separable,4088,{},50000,2024,"42,43",0.10216,0.09953586546319078,0.1048452612795809,5108,wilson,95,1,157
"U(0.01,pi/2), eps=1e-03",broad_pi2_e3,0.01,1.5707963267948966,uniform,0.001,separable,qmetrology.algorithms.find_phi_fixed_budget_separable,5572,{},50000,2024,"42,43",0.11962,0.11680471961615446,0.12249372445788409,5981,wilson,95,1,157
"U(0.01,pi/2), eps=1e-03",broad_pi2_e3,0.01,1.5707963267948966,uniform,0.001,separable,qmetrology.algorithms.find_phi_fixed_budget_separable,7595,{},50000,2024,"42,43",0.14094,0.1379176318366456,0.1440175364929834,7047,wilson,95,1,157
"U(0.01,pi/2), eps=1e-03",broad_pi2_e3,0.01,1.5707963267948966,uniform,0.001,separable,qmetrology.algorithms.find_phi_fixed_budget_separable,10351,{},50000,2024,"42,43",0.16444,0.1612167569714481,0.16771480066429606,8222,wilson,95,1,157
"U(0.01,pi/2), eps=1e-03",broad_pi2_e3,0.01,1.5707963267948966,uniform,0.001,separable,qmetrology.algorithms.find_phi_fixed_budget_separable,14108,{},50000,2024,"42,43",0.19176,0.1883329910570481,0.19523436895499685,9588,wilson,95,1,157
"U(0.01,pi/2), eps=1e-03",broad_pi2_e3,0.01,1.5707963267948966,uniform,0.001,separable,qmetrology.algorithms.find_phi_fixed_budget_separable,19228,{},50000,2024,"42,43",0.22154,0.2179214194525052,0.22520136496533155,11077,wilson,95,1,157
"U(0.01,pi/2), eps=1e-03",broad_pi2_e3,0.01,1.5707963267948966,uniform,0.001,separable,qmetrology.algorithms.find_phi_fixed_budget_separable,26207,{},50000,2024,"42,43",0.25426,0.25046220988384993,0.2580955472189267,12713,wilson,95,1,157
"U(0.01,pi/2), eps=1e-03",broad_pi2_e3,0.01,1.5707963267948966,uniform,0.001,separable,qmetrology.algorithms.find_phi_fixed_budget_separable,35718,{},50000,2024,"42,43",0.2953,0.2913173497930006,0.29931410165543426,14765,wilson,95,1,157
"U(0.01,pi/2), eps=1e-03",broad_pi2_e3,0.01,1.5707963267948966,uniform,0.001,separable,qmetrology.algorithms.find_phi_fixed_budget_separable,48681,{},50000,2024,"42,43",0.34168,0.33753519573587293,0.3458491295856522,17084,wilson,95,1,157
"U(0.01,pi/2), eps=1e-03",broad_pi2_e3,0.01,1.5707963267948966,uniform,0.001,separable,qmetrology.algorithms.find_phi_fixed_budget_separable,66349,{},50000,2024,"42,43",0.39404,0.38976522648624623,0.3983310539020105,19702,wilson,95,1,157
"U(0.01,pi/2), eps=1e-03",broad_pi2_e3,0.01,1.5707963267948966,uniform,0.001,separable,qmetrology.algorithms.find_phi_fixed_budget_separable,90429,{},50000,2024,"42,43",0.45346,0.4491001553330632,0.45782699537729404,22673,wilson,95,1,157
"U(0.01,pi/2), eps=1e-03",broad_pi2_e3,0.01,1.5707963267948966,uniform,0.001,separable,qmetrology.algorithms.find_phi_fixed_budget_separable,123248,{},50000,2024,"42,43",0.51876,0.5143791999821951,0.523137917608559,25938,wilson,95,1,157
"U(0.01,pi/2), eps=1e-03",broad_pi2_e3,0.01,1.5707963267948966,uniform,0.001,separable,qmetrology.algorithms.find_phi_fixed_budget_separable,167979,{},50000,2024,"42,43",0.58806,0.5837392885662549,0.5923671813187028,29403,wilson,95,1,157
"U(0.01,pi/2), eps=1e-03",broad_pi2_e3,0.01,1.5707963267948966,uniform,0.001,separable,qmetrology.algorithms.find_phi_fixed_budget_separable,228942,{},50000,2024,"42,43",0.66308,0.6589246641725133,0.6672102791483916,33154,wilson,95,1,157
"U(0.01,pi/2), eps=1e-03",broad_pi2_e3,0.01,1.5707963267948966,uniform,0.001,separable,qmetrology.algorithms.find_phi_fixed_budget_separable,312031,{},50000,2024,"42,43",0.7367,0.7328215076445316,0.7405421242174882,36835,wilson,95,1,157
"U(0.01,pi/2), eps=1e-03",broad_pi2_e3,0.01,1.5707963267948966,uniform,0.001,separable,qmetrology.algorithms.find_phi_fixed_budget_separable,425275,{},50000,2024,"42,43",0.81054,0.80708133206849,0.8139509545324042,40527,wilson,95,1,157
"U(0.01,pi/2), eps=1e-03",broad_pi2_e3,0.01,1.5707963267948966,uniform,0.001,separable,qmetrology.algorithms.find_phi_fixed_budget_separable,579619,{},50000,2024,"42,43",0.87354,0.8705980017280017,0.8764246051403499,43677,wilson,95,1,157
"U(0.01,pi/2), eps=1e-03",broad_pi2_e3,0.01,1.5707963267948966,uniform,0.001,separable,qmetrology.algorithms.find_phi_fixed_budget_separable,789977,{},50000,2024,"42,43",0.92562,0.9232872658749998,0.9278873390811171,46281,wilson,95,1,157
"U(0.01,pi/2), eps=1e-03",broad_pi2_e3,0.01,1.5707963267948966,uniform,0.001,separable,qmetrology.algorithms.find_phi_fixed_budget_separable,1076679,{},50000,2024,"42,43",0.96188,0.9601657888593376,0.9635232448729381,48094,wilson,95,1,157
"U(0.01,pi/2), eps=1e-03",broad_pi2_e3,0.01,1.5707963267948966,uniform,0.001,separable,qmetrology.algorithms.find_phi_fixed_budget_separable,1467432,{},50000,2024,"42,43",0.98454,0.9834207816944716,0.98558477040702,49227,wilson,95,1,157
"U(0.01,pi/2), eps=1e-03",broad_pi2_e3,0.01,1.5707963267948966,uniform,0.001,separable,qmetrology.algorithms.find_phi_fixed_budget_separable,2000000,{},50000,2024,"42,43",0.99584,0.9952364821329542,0.9963673337625414,49792,wilson,95,1,157
"U(0.01,pi/4), eps=1e-03",broad_pi4_e3,0.01,0.7853981633974483,uniform,0.001,separable,qmetrology.algorithms.find_phi_fixed_budget_separable,3000,{},50000,2024,"42,43",0.08722,0.08477843156962026,0.08972499065258288,4361,wilson,95,2,157
"U(0.01,pi/4), eps=1e-03",broad_pi4_e3,0.01,0.7853981633974483,uniform,0.001,separable,qmetrology.algorithms.find_phi_fixed_budget_separable,4088,{},50000,2024,"42,43",0.10214,0.0995160972564922,0.10482503255921043,5107,wilson,95,2,157
"U(0.01,pi/4), eps=1e-03",broad_pi4_e3,0.01,0.7853981633974483,uniform,0.001,separable,qmetrology.algorithms.find_phi_fixed_budget_separable,5572,{},50000,2024,"42,43",0.1195,0.11668596198153743,0.1223725005300869,5975,wilson,95,2,157
"U(0.01,pi/4), eps=1e-03",broad_pi4_e3,0.01,0.7853981633974483,uniform,0.001,separable,qmetrology.algorithms.find_phi_fixed_budget_separable,7595,{},50000,2024,"42,43",0.13942,0.13641155497357813,0.14248384689880425,6971,wilson,95,2,157
"U(0.01,pi/4), eps=1e-03",broad_pi4_e3,0.01,0.7853981633974483,uniform,0.001,separable,qmetrology.algorithms.find_phi_fixed_budget_separable,10351,{},50000,2024,"42,43",0.16166,0.15845919365301667,0.16491279112013177,8083,wilson,95,2,157
"U(0.01,pi/4), eps=1e-03",broad_pi4_e3,0.01,0.7853981633974483,uniform,0.001,separable,qmetrology.algorithms.find_phi_fixed_budget_separable,14108,{},50000,2024,"42,43",0.18962,0.18620792243694112,0.19307976637871715,9481,wilson,95,2,157
"U(0.01,pi/4), eps=1e-03",broad_pi4_e3,0.01,0.7853981633974483,uniform,0.001,separable,qmetrology.algorithms.find_phi_fixed_budget_separable,19228,{},50000,2024,"42,43",0.21976,0.21615206510053936,0.2234109928081534,10988,wilson,95,2,157
"U(0.01,pi/4), eps=1e-03",broad_pi4_e3,0.01,0.7853981633974483,uniform,0.001,separable,qmetrology.algorithms.find_phi_fixed_budget_separable,26207,{},50000,2024,"42,43",0.25432,0.2505219085644497,0.25815583931953406,12716,wilson,95,2,157
"U(0.01,pi/4), eps=1e-03",broad_pi4_e3,0.01,0.7853981633974483,uniform,0.001,separable,qmetrology.algorithms.find_phi_fixed_budget_separable,35718,{},50000,2024,"42,43",0.29576,0.29177550784122613,0.2997758729297966,14788,wilson,95,2,157
"U(0.01,pi/4), eps=1e-03",broad_pi4_e3,0.01,0.7853981633974483,uniform,0.001,separable,qmetrology.algorithms.find_phi_fixed_budget_separable,48681,{},50000,2024,"42,43",0.34126,0.3371164585761569,0.3454279312769186,17063,wilson,95,2,157
"U(0.01,pi/4), eps=1e-03",broad_pi4_e3,0.01,0.7853981633974483,uniform,0.001,separable,qmetrology.algorithms.find_phi_fixed_budget_separable,66349,{},50000,2024,"42,43",0.3941,0.3898251078821744,0.3983911632872894,19705,wilson,95,2,157
"U(0.01,pi/4), eps=1e-03",broad_pi4_e3,0.01,0.7853981633974483,uniform,0.001,separable,qmetrology.algorithms.find_phi_fixed_budget_separable,90429,{},50000,2024,"42,43",0.45314,0.4487804430113805,0.4575067568658722,22657,wilson,95,2,157
"U(0.01,pi/4), eps=1e-03",broad_pi4_e3,0.01,0.7853981633974483,uniform,0.001,separable,qmetrology.algorithms.find_phi_fixed_budget_separable,123248,{},50000,2024,"42,43",0.51796,0.5135790038094062,0.5223382366985864,25898,wilson,95,2,157
"U(0.01,pi/4), eps=1e-03",broad_pi4_e3,0.01,0.7853981633974483,uniform,0.001,separable,qmetrology.algorithms.find_phi_fixed_budget_separable,167979,{},50000,2024,"42,43",0.58888,0.5845605175625712,0.5931858263322167,29444,wilson,95,2,157
"U(0.01,pi/4), eps=1e-03",broad_pi4_e3,0.01,0.7853981633974483,uniform,0.001,separable,qmetrology.algorithms.find_phi_fixed_budget_separable,228942,{},50000,2024,"42,43",0.66396,0.6598072656269942,0.6680875424849482,33198,wilson,95,2,157
"U(0.01,pi/4), eps=1e-03",broad_pi4_e3,0.01,0.7853981633974483,uniform,0.001,separable,qmetrology.algorithms.find_phi_fixed_budget_separable,312031,{},50000,2024,"42,43",0.7367,0.7328215076445316,0.7405421242174882,36835,wilson,95,2,157
"U(0.01,pi/4), eps=1e-03",broad_pi4_e3,0.01,0.7853981633974483,uniform,0.001,separable,qmetrology.algorithms.find_phi_fixed_budget_separable,425275,{},50000,2024,"42,43",0.8113,0.8078465624360565,0.8147056073934609,40565,wilson,95,2,157
"U(0.01,pi/4), eps=1e-03",broad_pi4_e3,0.01,0.7853981633974483,uniform,0.001,separable,qmetrology.algorithms.find_phi_fixed_budget_separable,579619,{},50000,2024,"42,43",0.8736,0.8706585881918288,0.8764840094577301,43680,wilson,95,2,157
"U(0.01,pi/4), eps=1e-03",broad_pi4_e3,0.01,0.7853981633974483,uniform,0.001,separable,qmetrology.algorithms.find_phi_fixed_budget_separable,789977,{},50000,2024,"42,43",0.92582,0.9234900959374867,0.9280844782893204,46291,wilson,95,2,157
"U(0.01,pi/4), eps=1e-03",broad_pi4_e3,0.01,0.7853981633974483,uniform,0.001,separable,qmetrology.algorithms.find_phi_fixed_budget_separable,1076679,{},50000,2024,"42,43",0.96182,0.9601045259120805,0.9634645170389883,48091,wilson,95,2,157
"U(0.01,pi/4), eps=1e-03",broad_pi4_e3,0.01,0.7853981633974483,uniform,0.001,separable,qmetrology.algorithms.find_phi_fixed_budget_separable,1467432,{},50000,2024,"42,43",0.98444,0.9833173551371935,0.9854882123289527,49222,wilson,95,2,157
"U(0.01,pi/4), eps=1e-03",broad_pi4_e3,0.01,0.7853981633974483,uniform,0.001,separable,qmetrology.algorithms.find_phi_fixed_budget_separable,2000000,{},50000,2024,"42,43",0.99584,0.9952364821329542,0.9963673337625414,49792,wilson,95,2,157
"U(0.01,0.1), eps=1e-03",narrow_e3,0.01,0.1,uniform,0.001,separable,qmetrology.algorithms.find_phi_fixed_budget_separable,896,{},50000,2024,"42,43",0.0377,0.03606569186777275,0.03940533893150171,1885,wilson,95,15,157
"U(0.01,0.1), eps=1e-03",narrow_e3,0.01,0.1,uniform,0.001,separable,qmetrology.algorithms.find_phi_fixed_budget_separable,1270,{},50000,2024,"42,43",0.04798,0.0461411373315288,0.04988831398122924,2399,wilson,95,15,157
"U(0.01,0.1), eps=1e-03",narrow_e3,0.01,0.1,uniform,0.001,separable,qmetrology.algorithms.find_phi_fixed_budget_separable,1799,{},50000,2024,"42,43",0.05938,0.05734212735915496,0.061485572382952575,2969,wilson,95,15,157
"U(0.01,0.1), eps=1e-03",narrow_e3,0.01,0.1,uniform,0.001,separable,qmetrology.algorithms.find_phi_fixed_budget_separable,2548,{},50000,2024,"42,43",0.0736,0.07134384560129693,0.07592166928689391,3680,wilson,95,15,157
"U(0.01,0.1), eps=1e-03",narrow_e3,0.01,0.1,uniform,0.001,separable,qmetrology.algorithms.find_phi_fixed_budget_separable,3610,{},50000,2024,"42,43",0.09108,0.08858936022951804,0.0936334689170087,4554,wilson,95,15,157
"U(0.01,0.1), eps=1e-03",narrow_e3,0.01,0.1,uniform,0.001,separable,qmetrology.algorithms.find_phi_fixed_budget_separable,5114,{},50000,2024,"42,43",0.11302,0.11027445492164398,0.11582500321961325,5651,wilson,95,15,157
"U(0.01,0.1), eps=1e-03",narrow_e3,0.01,0.1,uniform,0.001,separable,qmetrology.algorithms.find_phi_fixed_budget_separable,7244,{},50000,2024,"42,43",0.1378,0.1348065282233643,0.14084912255642634,6890,wilson,95,15,157
"U(0.01,0.1), eps=1e-03",narrow_e3,0.01,0.1,uniform,0.001,separable,qmetrology.algorithms.find_phi_fixed_budget_separable,10000,{},50000,2024,"42,43",0.15678,0.15361940407393795,0.15999333049436612,7839,wilson,95,15,157
"U(0.01,0.1), eps=1e-03",narrow_e3,0.01,0.1,uniform,0.001,separable,qmetrology.algorithms.find_phi_fixed_budget_separable,10262,{},50000,2024,"42,43",0.1568,0.15363923708965085,0.16001349440572224,7840,wilson,95,15,157
"U(0.01,0.1), eps=1e-03",narrow_e3,0.01,0.1,uniform,0.001,separable,qmetrology.algorithms.find_phi_fixed_budget_separable,14538,{},50000,2024,"42,43",0.18846,0.1850560855611754,0.19191178148447882,9423,wilson,95,15,157
"U(0.01,0.1), eps=1e-03",narrow_e3,0.01,0.1,uniform,0.001,separable,qmetrology.algorithms.find_phi_fixed_budget_separable,20594,{},50000,2024,"42,43",0.22592,0.22227563496595634,0.22960647647999896,11296,wilson,95,15,157
"U(0.01,0.1), eps=1e-03",narrow_e3,0.01,0.1,uniform,0.001,separable,qmetrology.algorithms.find_phi_fixed_budget_separable,29173,{},50000,2024,"42,43",0.26768,0.2638171534984245,0.27157854166767414,13384,wilson,95,15,157
"U(0.01,0.1), eps=1e-03",narrow_e3,0.01,0.1,uniform,0.001,separable,qmetrology.algorithms.find_phi_fixed_budget_separable,41326,{},50000,2024,"42,43",0.31876,0.31468949860901074,0.32285834829140125,15938,wilson,95,15,157
"U(0.01,0.1), eps=1e-03",narrow_e3,0.01,0.1,uniform,0.001,separable,qmetrology.algorithms.find_phi_fixed_budget_separable,58543,{},50000,2024,"42,43",0.3745,0.37026748081973165,0.3787518018220786,18725,wilson,95,15,157
"U(0.01,0.1), eps=1e-03",narrow_e3,0.01,0.1,uniform,0.001,separable,qmetrology.algorithms.find_phi_fixed_budget_separable,82931,{},50000,2024,"42,43",0.4389,0.43455509125885444,0.443254296545246,21945,wilson,95,15,157
"U(0.01,0.1), eps=1e-03",narrow_e3,0.01,0.1,uniform,0.001,separable,qmetrology.algorithms.find_phi_fixed_budget_separable,117479,{},50000,2024,"42,43",0.50896,0.5045775709688661,0.5133410523580612,25448,wilson,95,15,157
"U(0.01,0.1), eps=1e-03",narrow_e3,0.01,0.1,uniform,0.001,separable,qmetrology.algorithms.find_phi_fixed_budget_separable,166419,{},50000,2024,"42,43",0.5884,0.5840797966499187,0.5927066209952125,29420,wilson,95,15,157
"U(0.01,0.1), eps=1e-03",narrow_e3,0.01,0.1,uniform,0.001,separable,qmetrology.algorithms.find_phi_fixed_budget_separable,235746,{},50000,2024,"42,43",0.67014,0.6660059902612423,0.6742478683150315,33507,wilson,95,15,157
"U(0.01,0.1), eps=1e-03",narrow_e3,0.01,0.1,uniform,0.001,separable,qmetrology.algorithms.find_phi_fixed_budget_separable,333954,{},50000,2024,"42,43",0.75446,0.7506679322316304,0.7582129708676918,37723,wilson,95,15,157
"U(0.01,0.1), eps=1e-03",narrow_e3,0.01,0.1,uniform,0.001,separable,qmetrology.algorithms.find_phi_fixed_budget_separable,473075,{},50000,2024,"42,43",0.83064,0.8273270578879384,0.833902140417335,41532,wilson,95,15,157
"U(0.01,0.1), eps=1e-03",narrow_e3,0.01,0.1,uniform,0.001,separable,qmetrology.algorithms.find_phi_fixed_budget_separable,670151,{},50000,2024,"42,43",0.89784,0.8951547387204191,0.9004641345368092,44892,wilson,95,15,157
"U(0.01,0.1), eps=1e-03",narrow_e3,0.01,0.1,uniform,0.001,separable,qmetrology.algorithms.find_phi_fixed_budget_separable,949325,{},50000,2024,"42,43",0.94818,0.9462024087634854,0.9500887299265021,47409,wilson,95,15,157
"U(0.01,0.1), eps=1e-03",narrow_e3,0.01,0.1,uniform,0.001,separable,qmetrology.algorithms.find_phi_fixed_budget_separable,1344800,{},50000,2024,"42,43",0.97974,0.9784677240746119,0.9809385655303114,48987,wilson,95,15,157
"U(0.01,0.1), eps=1e-04",narrow_e4,0.01,0.1,uniform,0.0001,separable,qmetrology.algorithms.find_phi_fixed_budget_separable,89653,{},50000,2024,"42,43",0.04792,0.046082254317776225,0.049827206213774705,2396,wilson,95,15,157
"U(0.01,0.1), eps=1e-04",narrow_e4,0.01,0.1,uniform,0.0001,separable,qmetrology.algorithms.find_phi_fixed_budget_separable,127001,{},50000,2024,"42,43",0.05708,0.05508032787557755,0.05914772525359105,2854,wilson,95,15,157
"U(0.01,0.1), eps=1e-04",narrow_e4,0.01,0.1,uniform,0.0001,separable,qmetrology.algorithms.find_phi_fixed_budget_separable,179908,{},50000,2024,"42,43",0.06806,0.06588550662430148,0.07030085946576689,3403,wilson,95,15,157
"U(0.01,0.1), eps=1e-04",narrow_e4,0.01,0.1,uniform,0.0001,separable,qmetrology.algorithms.find_phi_fixed_budget_separable,254855,{},50000,2024,"42,43",0.08218,0.07980470615065967,0.08461949045014687,4109,wilson,95,15,157
"U(0.01,0.1), eps=1e-04",narrow_e4,0.01,0.1,uniform,0.0001,separable,qmetrology.algorithms.find_phi_fixed_budget_separable,361024,{},50000,2024,"42,43",0.09874,0.09615596758366832,0.10138568463029851,4937,wilson,95,15,157
"U(0.01,0.1), eps=1e-04",narrow_e4,0.01,0.1,uniform,0.0001,separable,qmetrology.algorithms.find_phi_fixed_budget_separable,511421,{},50000,2024,"42,43",0.1157,0.11292578809586276,0.11853325827264508,5785,wilson,95,15,157
"U(0.01,0.1), eps=1e-04",narrow_e4,0.01,0.1,uniform,0.0001,separable,qmetrology.algorithms.find_phi_fixed_budget_separable,724471,{},50000,2024,"42,43",0.13708,0.13409322794269654,0.14012253346260886,6854,wilson,95,15,157
"U(0.01,0.1), eps=1e-04",narrow_e4,0.01,0.1,uniform,0.0001,separable,qmetrology.algorithms.find_phi_fixed_budget_separable,1026274,{},50000,2024,"42,43",0.16306,0.15984785262350365,0.1663239170444772,8153,wilson,95,15,157
"U(0.01,0.1), eps=1e-04",narrow_e4,0.01,0.1,uniform,0.0001,separable,qmetrology.algorithms.find_phi_fixed_budget_separable,1453804,{},50000,2024,"42,43",0.19328,0.18984248559441125,0.19676464087488027,9664,wilson,95,15,157
"U(0.01,0.1), eps=1e-04",narrow_e4,0.01,0.1,uniform,0.0001,separable,qmetrology.algorithms.find_phi_fixed_budget_separable,2059436,{},50000,2024,"42,43",0.22794,0.22428393787136833,0.23163786320855942,11397,wilson,95,15,157
"U(0.01,0.1), eps=1e-04",narrow_e4,0.01,0.1,uniform,0.0001,separable,qmetrology.algorithms.find_phi_fixed_budget_separable,2917365,{},50000,2024,"42,43",0.26818,0.26431481888221003,0.2720807994606144,13409,wilson,95,15,157
"U(0.01,0.1), eps=1e-04",narrow_e4,0.01,0.1,uniform,0.0001,separable,qmetrology.algorithms.find_phi_fixed_budget_separable,4132694,{},50000,2024,"42,43",0.3167,0.31263672470764536,0.3207914387046561,15835,wilson,95,15,157
"U(0.01,0.1), eps=1e-04",narrow_e4,0.01,0.1,uniform,0.0001,separable,qmetrology.algorithms.find_phi_fixed_budget_separable,5854310,{},50000,2024,"42,43",0.37218,0.3679529834715093,0.3764266556302931,18609,wilson,95,15,157
"U(0.01,0.1), eps=1e-04",narrow_e4,0.01,0.1,uniform,0.0001,separable,qmetrology.algorithms.find_phi_fixed_budget_separable,8293124,{},50000,2024,"42,43",0.43656,0.43221784517096207,0.44091190216606135,21828,wilson,95,15,157
"U(0.01,0.1), eps=1e-04",narrow_e4,0.01,0.1,uniform,0.0001,separable,qmetrology.algorithms.find_phi_fixed_budget_separable,11747910,{},50000,2024,"42,43",0.50764,0.5032574803074706,0.5120213458329005,25382,wilson,95,15,157
"U(0.01,0.1), eps=1e-04",narrow_e4,0.01,0.1,uniform,0.0001,separable,qmetrology.algorithms.find_phi_fixed_budget_separable,16641905,{},50000,2024,"42,43",0.58656,0.5822370723699186,0.5908696279848613,29328,wilson,95,15,157
"U(0.01,0.1), eps=1e-04",narrow_e4,0.01,0.1,uniform,0.0001,separable,qmetrology.algorithms.find_phi_fixed_budget_separable,23574663,{},50000,2024,"42,43",0.6696,0.665464322188629,0.673709619356781,33480,wilson,95,15,157
"U(0.01,0.1), eps=1e-04",narrow_e4,0.01,0.1,uniform,0.0001,separable,qmetrology.algorithms.find_phi_fixed_budget_separable,33395498,{},50000,2024,"42,43",0.75408,0.7502859944737006,0.7578349670113098,37704,wilson,95,15,157
"U(0.01,0.1), eps=1e-04",narrow_e4,0.01,0.1,uniform,0.0001,separable,qmetrology.algorithms.find_phi_fixed_budget_separable,47307541,{},50000,2024,"42,43",0.8332,0.8299067761616652,0.8364420288084446,41660,wilson,95,15,157
"U(0.01,0.1), eps=1e-04",narrow_e4,0.01,0.1,uniform,0.0001,separable,qmetrology.algorithms.find_phi_fixed_budget_separable,67015122,{},50000,2024,"42,43",0.89964,0.8969754508926676,0.9022431458007737,44982,wilson,95,15,157
"U(0.01,0.1), eps=1e-04",narrow_e4,0.01,0.1,uniform,0.0001,separable,qmetrology.algorithms.find_phi_fixed_budget_separable,94932574,{},50000,2024,"42,43",0.94948,0.9475255136423419,0.9513654253071326,47474,wilson,95,15,157
"U(0.01,0.1), eps=1e-04",narrow_e4,0.01,0.1,uniform,0.0001,separable,qmetrology.algorithms.find_phi_fixed_budget_separable,134480000,{},50000,2024,"42,43",0.97966,0.9783853463345973,0.9808609555620498,48983,wilson,95,15,157
"U(0.01,0.1), eps=1e-05",narrow_e5,0.01,0.1,uniform,1e-05,separable,qmetrology.algorithms.find_phi_fixed_budget_separable,8965333,{},50000,2024,"42,43",0.04968,0.04780981964480599,0.05161937046881997,2484,wilson,95,15,157
"U(0.01,0.1), eps=1e-05",narrow_e5,0.01,0.1,uniform,1e-05,separable,qmetrology.algorithms.find_phi_fixed_budget_separable,12700150,{},50000,2024,"42,43",0.05896,0.05692903615990392,0.061058728113753895,2948,wilson,95,15,157
"U(0.01,0.1), eps=1e-05",narrow_e5,0.01,0.1,uniform,1e-05,separable,qmetrology.algorithms.find_phi_fixed_budget_separable,17990835,{},50000,2024,"42,43",0.07032,0.06811171099109682,0.07259430785777242,3516,wilson,95,15,157
"U(0.01,0.1), eps=1e-05",narrow_e5,0.01,0.1,uniform,1e-05,separable,qmetrology.algorithms.find_phi_fixed_budget_separable,25485535,{},50000,2024,"42,43",0.08394,0.08154126846837141,0.08640265771451013,4197,wilson,95,15,157
"U(0.01,0.1), eps=1e-05",narrow_e5,0.01,0.1,uniform,1e-05,separable,qmetrology.algorithms.find_phi_fixed_budget_separable,36102410,{},50000,2024,"42,43",0.09964,0.09704532260106778,0.1022961913310056,4982,wilson,95,15,157
"U(0.01,0.1), eps=1e-05",narrow_e5,0.01,0.1,uniform,1e-05,separable,qmetrology.algorithms.find_phi_fixed_budget_separable,51142110,{},50000,2024,"42,43",0.11802,0.1152213608603926,0.12087732904812319,5901,wilson,95,15,157
"U(0.01,0.1), eps=1e-05",narrow_e5,0.01,0.1,uniform,1e-05,separable,qmetrology.algorithms.find_phi_fixed_budget_separable,72447113,{},50000,2024,"42,43",0.13882,0.1358170843827632,0.14187840967754817,6941,wilson,95,15,157
"U(0.01,0.1), eps=1e-05",narrow_e5,0.01,0.1,uniform,1e-05,separable,qmetrology.algorithms.find_phi_fixed_budget_separable,102627447,{},50000,2024,"42,43",0.16382,0.16060173179008178,0.16708992110652235,8191,wilson,95,15,157
"U(0.01,0.1), eps=1e-05",narrow_e5,0.01,0.1,uniform,1e-05,separable,qmetrology.algorithms.find_phi_fixed_budget_separable,145380436,{},50000,2024,"42,43",0.1947,0.19125274557491614,0.1981941627162768,9735,wilson,95,15,157
"U(0.01,0.1), eps=1e-05",narrow_e5,0.01,0.1,uniform,1e-05,separable,qmetrology.algorithms.find_phi_fixed_budget_separable,205943651,{},50000,2024,"42,43",0.22948,0.22581510169742278,0.23318646276682056,11474,wilson,95,15,157
"U(0.01,0.1), eps=1e-05",narrow_e5,0.01,0.1,uniform,1e-05,separable,qmetrology.algorithms.find_phi_fixed_budget_separable,291736555,{},50000,2024,"42,43",0.27018,0.26630554330531486,0.27408976774441296,13509,wilson,95,15,157
"U(0.01,0.1), eps=1e-05",narrow_e5,0.01,0.1,uniform,1e-05,separable,qmetrology.algorithms.find_phi_fixed_budget_separable,413269439,{},50000,2024,"42,43",0.31864,0.31456991702188536,0.3227379483161124,15932,wilson,95,15,157
"U(0.01,0.1), eps=1e-05",narrow_e5,0.01,0.1,uniform,1e-05,separable,qmetrology.algorithms.find_phi_fixed_budget_separable,585431022,{},50000,2024,"42,43",0.37306,0.3688308839892693,0.3773086199035706,18653,wilson,95,15,157
"U(0.01,0.1), eps=1e-05",narrow_e5,0.01,0.1,uniform,1e-05,separable,qmetrology.algorithms.find_phi_fixed_budget_separable,829312426,{},50000,2024,"42,43",0.4368,0.43245755819541104,0.44115215226644083,21840,wilson,95,15,157
"U(0.01,0.1), eps=1e-05",narrow_e5,0.01,0.1,uniform,1e-05,separable,qmetrology.algorithms.find_phi_fixed_budget_separable,1174791008,{},50000,2024,"42,43",0.50844,0.5040575316063313,0.5128211716168011,25422,wilson,95,15,157
"U(0.01,0.1), eps=1e-05",narrow_e5,0.01,0.1,uniform,1e-05,separable,qmetrology.algorithms.find_phi_fixed_budget_separable,1664190563,{},50000,2024,"42,43",0.58652,0.5821970138367321,0.59082969266391,29326,wilson,95,15,157
"U(0.01,0.1), eps=1e-05",narrow_e5,0.01,0.1,uniform,1e-05,separable,qmetrology.algorithms.find_phi_fixed_budget_separable,2357466314,{},50000,2024,"42,43",0.6704,0.666266795599331,0.6745070230288405,33520,wilson,95,15,157
"U(0.01,0.1), eps=1e-05",narrow_e5,0.01,0.1,uniform,1e-05,separable,qmetrology.algorithms.find_phi_fixed_budget_separable,3339549897,{},50000,2024,"42,43",0.75382,0.7500246709223684,0.7575763305107448,37691,wilson,95,15,157
"U(0.01,0.1), eps=1e-05",narrow_e5,0.01,0.1,uniform,1e-05,separable,qmetrology.algorithms.find_phi_fixed_budget_separable,4730754135,{},50000,2024,"42,43",0.83304,0.8297455357031065,0.836283293850451,41652,wilson,95,15,157
"U(0.01,0.1), eps=1e-05",narrow_e5,0.01,0.1,uniform,1e-05,separable,qmetrology.algorithms.find_phi_fixed_budget_separable,6701512293,{},50000,2024,"42,43",0.89974,0.8970766091826883,0.9023419721460981,44987,wilson,95,15,157
"U(0.01,0.1), eps=1e-05",narrow_e5,0.01,0.1,uniform,1e-05,separable,qmetrology.algorithms.find_phi_fixed_budget_separable,9493257466,{},50000,2024,"42,43",0.94936,0.9474033663186721,0.9512475910683882,47468,wilson,95,15,157
"U(0.01,0.1), eps=1e-05",narrow_e5,0.01,0.1,uniform,1e-05,separable,qmetrology.algorithms.find_phi_fixed_budget_separable,13447999999,{},50000,2024,"42,43",0.97992,0.9786530923431368,0.9811131696054077,48996,wilson,95,15,157
"U(0.01,0.1), eps=1e-06",narrow_e6,0.01,0.1,uniform,1e-06,separable,qmetrology.algorithms.find_phi_fixed_budget_separable,896533333,{},50000,2024,"42,43",0.0496,0.04773127934479116,0.05153792306055865,2480,wilson,95,15,157
"U(0.01,0.1), eps=1e-06",narrow_e6,0.01,0.1,uniform,1e-06,separable,qmetrology.algorithms.find_phi_fixed_budget_separable,1270015093,{},50000,2024,"42,43",0.05914,0.05710607164268287,0.06124166497459626,2957,wilson,95,15,157
"U(0.01,0.1), eps=1e-06",narrow_e6,0.01,0.1,uniform,1e-06,separable,qmetrology.algorithms.find_phi_fixed_budget_separable,1799083511,{},50000,2024,"42,43",0.07054,0.06832845738652532,0.0728175276601033,3527,wilson,95,15,157
"U(0.01,0.1), eps=1e-06",narrow_e6,0.01,0.1,uniform,1e-06,separable,qmetrology.algorithms.find_phi_fixed_budget_separable,2548553554,{},50000,2024,"42,43",0.0841,0.0816991536878328,0.086564747911601,4205,wilson,95,15,157
"U(0.01,0.1), eps=1e-06",narrow_e6,0.01,0.1,uniform,1e-06,separable,qmetrology.algorithms.find_phi_fixed_budget_separable,3610241091,{},50000,2024,"42,43",0.10002,0.0974208479259842,0.10268060762040084,5001,wilson,95,15,157
"U(0.01,0.1), eps=1e-06",narrow_e6,0.01,0.1,uniform,1e-06,separable,qmetrology.algorithms.find_phi_fixed_budget_separable,5114211046,{},50000,2024,"42,43",0.11796,0.11516198813740784,0.12081671098990084,5898,wilson,95,15,157
"U(0.01,0.1), eps=1e-06",narrow_e6,0.01,0.1,uniform,1e-06,separable,qmetrology.algorithms.find_phi_fixed_budget_separable,7244711353,{},50000,2024,"42,43",0.13906,0.13605487033526248,0.14212058684987727,6953,wilson,95,15,157
"U(0.01,0.1), eps=1e-06",narrow_e6,0.01,0.1,uniform,1e-06,separable,qmetrology.algorithms.find_phi_fixed_budget_separable,10262744755,{},50000,2024,"42,43",0.16396,0.16074060699469203,0.16723102439139534,8198,wilson,95,15,157
"U(0.01,0.1), eps=1e-06",narrow_e6,0.01,0.1,uniform,1e-06,separable,qmetrology.algorithms.find_phi_fixed_budget_separable,14538043655,{},50000,2024,"42,43",0.19438,0.1909349342769028,0.19787202318118555,9719,wilson,95,15,157
"U(0.01,0.1), eps=1e-06",narrow_e6,0.01,0.1,uniform,1e-06,separable,qmetrology.algorithms.find_phi_fixed_budget_separable,20594365186,{},50000,2024,"42,43",0.22916,0.22549693201707272,0.23286468161406615,11458,wilson,95,15,157
"U(0.01,0.1), eps=1e-06",narrow_e6,0.01,0.1,uniform,1e-06,separable,qmetrology.algorithms.find_phi_fixed_budget_separable,29173655514,{},50000,2024,"42,43",0.2697,0.2658277602889221,0.27360762451114906,13485,wilson,95,15,157
"U(0.01,0.1), eps=1e-06",narrow_e6,0.01,0.1,uniform,1e-06,separable,qmetrology.algorithms.find_phi_fixed_budget_separable,41326943964,{},50000,2024,"42,43",0.31844,0.31437061506979747,0.32253728099751,15922,wilson,95,15,157
"U(0.01,0.1), eps=1e-06",narrow_e6,0.01,0.1,uniform,1e-06,separable,qmetrology.algorithms.find_phi_fixed_budget_separable,58543102238,{},50000,2024,"42,43",0.37316,0.36893064636130307,0.3774088421668819,18658,wilson,95,15,157
"U(0.01,0.1), eps=1e-06",narrow_e6,0.01,0.1,uniform,1e-06,separable,qmetrology.algorithms.find_phi_fixed_budget_separable,82931242693,{},50000,2024,"42,43",0.43678,0.4324375820705322,0.44113213146425057,21839,wilson,95,15,157
"U(0.01,0.1), eps=1e-06",narrow_e6,0.01,0.1,uniform,1e-06,separable,qmetrology.algorithms.find_phi_fixed_budget_separable,117479100897,{},50000,2024,"42,43",0.50864,0.5042575461846044,0.5130211263092184,25432,wilson,95,15,157
"U(0.01,0.1), eps=1e-06",narrow_e6,0.01,0.1,uniform,1e-06,separable,qmetrology.algorithms.find_phi_fixed_budget_separable,166419056310,{},50000,2024,"42,43",0.58666,0.5823372188313167,0.5909694661588083,29333,wilson,95,15,157
"U(0.01,0.1), eps=1e-06",narrow_e6,0.01,0.1,uniform,1e-06,separable,qmetrology.algorithms.find_phi_fixed_budget_separable,235746631456,{},50000,2024,"42,43",0.67058,0.6664473539763666,0.6746864369954261,33529,wilson,95,15,157
"U(0.01,0.1), eps=1e-06",narrow_e6,0.01,0.1,uniform,1e-06,separable,qmetrology.algorithms.find_phi_fixed_budget_separable,333954989743,{},50000,2024,"42,43",0.75368,0.7498839590083922,0.7574370639352376,37684,wilson,95,15,157
"U(0.01,0.1), eps=1e-06",narrow_e6,0.01,0.1,uniform,1e-06,separable,qmetrology.algorithms.find_phi_fixed_budget_separable,473075413571,{},50000,2024,"42,43",0.83302,0.8297253807218393,0.8362634519046491,41651,wilson,95,15,157
"U(0.01,0.1), eps=1e-06",narrow_e6,0.01,0.1,uniform,1e-06,separable,qmetrology.algorithms.find_phi_fixed_budget_separable,670151229355,{},50000,2024,"42,43",0.89972,0.8970563774600359,0.9023222069416815,44986,wilson,95,15,157
"U(0.01,0.1), eps=1e-06",narrow_e6,0.01,0.1,uniform,1e-06,separable,qmetrology.algorithms.find_phi_fixed_budget_separable,949325746642,{},50000,2024,"42,43",0.94946,0.9475051555468786,0.9513457864755269,47473,wilson,95,15,157
"U(0.01,0.1), eps=1e-06",narrow_e6,0.01,0.1,uniform,1e-06,separable,qmetrology.algorithms.find_phi_fixed_budget_separable,1344800000000,{},50000,2024,"42,43",0.97994,0.9786736903967701,0.9811325684788437,48997,wilson,95,15,157
"U(0.01,0.1), eps=1e-07",narrow_e7,0.01,0.1,uniform,1e-07,separable,qmetrology.algorithms.find_phi_fixed_budget_separable,89653333333,{},50000,2024,"42,43",0.04956,0.04769200970811903,0.051497198843092715,2478,wilson,95,15,157
"U(0.01,0.1), eps=1e-07",narrow_e7,0.01,0.1,uniform,1e-07,separable,qmetrology.algorithms.find_phi_fixed_budget_separable,127001509327,{},50000,2024,"42,43",0.05916,0.05712574258603696,0.0612619909583112,2958,wilson,95,15,157
"U(0.01,0.1), eps=1e-07",narrow_e7,0.01,0.1,uniform,1e-07,separable,qmetrology.algorithms.find_phi_fixed_budget_separable,179908351108,{},50000,2024,"42,43",0.0705,0.06828904848049701,0.07277694271199352,3525,wilson,95,15,157
"U(0.01,0.1), eps=1e-07",narrow_e7,0.01,0.1,uniform,1e-07,separable,qmetrology.algorithms.find_phi_fixed_budget_separable,254855355420,{},50000,2024,"42,43",0.08414,0.0817386254028231,0.08660527005074879,4207,wilson,95,15,157
"U(0.01,0.1), eps=1e-07",narrow_e7,0.01,0.1,uniform,1e-07,separable,qmetrology.algorithms.find_phi_fixed_budget_separable,361024109144,{},50000,2024,"42,43",0.10006,0.09746037758992585,0.10272107181059725,5003,wilson,95,15,157
"U(0.01,0.1), eps=1e-07",narrow_e7,0.01,0.1,uniform,1e-07,separable,qmetrology.algorithms.find_phi_fixed_budget_separable,511421104605,{},50000,2024,"42,43",0.11796,0.11516198813740784,0.12081671098990084,5898,wilson,95,15,157
"U(0.01,0.1), eps=1e-07",narrow_e7,0.01,0.1,uniform,1e-07,separable,qmetrology.algorithms.find_phi_fixed_budget_separable,724471135335,{},50000,2024,"42,43",0.1391,0.13609450162368278,0.14216094941559507,6955,wilson,95,15,157
"U(0.01,0.1), eps=1e-07",narrow_e7,0.01,0.1,uniform,1e-07,separable,qmetrology.algorithms.find_phi_fixed_budget_separable,1026274475590,{},50000,2024,"42,43",0.16398,0.16076044637872586,0.16725118193443053,8199,wilson,95,15,157
"U(0.01,0.1), eps=1e-07",narrow_e7,0.01,0.1,uniform,1e-07,separable,qmetrology.algorithms.find_phi_fixed_budget_separable,1453804365525,{},50000,2024,"42,43",0.19442,0.19097466049130557,0.19791229082092088,9721,wilson,95,15,157
"U(0.01,0.1), eps=1e-07",narrow_e7,0.01,0.1,uniform,1e-07,separable,qmetrology.algorithms.find_phi_fixed_budget_separable,2059436518680,{},50000,2024,"42,43",0.2292,0.22553670306194834,0.23290490442332856,11460,wilson,95,15,157
"U(0.01,0.1), eps=1e-07",narrow_e7,0.01,0.1,uniform,1e-07,separable,qmetrology.algorithms.find_phi_fixed_budget_separable,2917365551411,{},50000,2024,"42,43",0.26972,0.2658476677993738,0.27362771392776636,13486,wilson,95,15,157
"U(0.01,0.1), eps=1e-07",narrow_e7,0.01,0.1,uniform,1e-07,separable,qmetrology.algorithms.find_phi_fixed_budget_separable,4132694396433,{},50000,2024,"42,43",0.31846,0.3143905452260084,0.3225573477683681,15923,wilson,95,15,157
"U(0.01,0.1), eps=1e-07",narrow_e7,0.01,0.1,uniform,1e-07,separable,qmetrology.algorithms.find_phi_fixed_budget_separable,5854310223842,{},50000,2024,"42,43",0.37316,0.36893064636130307,0.3774088421668819,18658,wilson,95,15,157
"U(0.01,0.1), eps=1e-07",narrow_e7,0.01,0.1,uniform,1e-07,separable,qmetrology.algorithms.find_phi_fixed_budget_separable,8293124269377,{},50000,2024,"42,43",0.4368,0.43245755819541104,0.44115215226644083,21840,wilson,95,15,157
"U(0.01,0.1), eps=1e-07",narrow_e7,0.01,0.1,uniform,1e-07,separable,qmetrology.algorithms.find_phi_fixed_budget_separable,11747910089773,{},50000,2024,"42,43",0.50868,0.5042975491844326,0.5130611171635282,25434,wilson,95,15,157
"U(0.01,0.1), eps=1e-07",narrow_e7,0.01,0.1,uniform,1e-07,separable,qmetrology.algorithms.find_phi_fixed_budget_separable,16641905631032,{},50000,2024,"42,43",0.58664,0.5823171895243586,0.5909494985386976,29332,wilson,95,15,157
"U(0.01,0.1), eps=1e-07",narrow_e7,0.01,0.1,uniform,1e-07,separable,qmetrology.algorithms.find_phi_fixed_budget_separable,23574663145682,{},50000,2024,"42,43",0.6706,0.6664674160604603,0.6747063718384013,33530,wilson,95,15,157
"U(0.01,0.1), eps=1e-07",narrow_e7,0.01,0.1,uniform,1e-07,separable,qmetrology.algorithms.find_phi_fixed_budget_separable,33395498974351,{},50000,2024,"42,43",0.75366,0.7498638573502282,0.7574171686663326,37683,wilson,95,15,157
"U(0.01,0.1), eps=1e-07",narrow_e7,0.01,0.1,uniform,1e-07,separable,qmetrology.algorithms.find_phi_fixed_budget_separable,47307541357178,{},50000,2024,"42,43",0.83296,0.8296649158793826,0.8362039259658988,41648,wilson,95,15,157
"U(0.01,0.1), eps=1e-07",narrow_e7,0.01,0.1,uniform,1e-07,separable,qmetrology.algorithms.find_phi_fixed_budget_separable,67015122935579,{},50000,2024,"42,43",0.8997,0.8970361457697164,0.9023024417049322,44985,wilson,95,15,157
"U(0.01,0.1), eps=1e-07",narrow_e7,0.01,0.1,uniform,1e-07,separable,qmetrology.algorithms.find_phi_fixed_budget_separable,94932574664214,{},50000,2024,"42,43",0.94944,0.9474847975347516,0.9513261475605848,47472,wilson,95,15,157
"U(0.01,0.1), eps=1e-07",narrow_e7,0.01,0.1,uniform,1e-07,separable,qmetrology.algorithms.find_phi_fixed_budget_separable,134480000000000,{},50000,2024,"42,43",0.9799,0.9786324946066036,0.9810937704148719,48995,wilson,95,15,157
"U(0.01,0.1), eps=1e-08",narrow_e8,0.01,0.1,uniform,1e-08,separable,qmetrology.algorithms.find_phi_fixed_budget_separable,8965333333333,{},50000,2024,"42,43",0.04958,0.047711644483636295,0.05151756099464448,2479,wilson,95,15,157
"U(0.01,0.1), eps=1e-08",narrow_e8,0.01,0.1,uniform,1e-08,separable,qmetrology.algorithms.find_phi_fixed_budget_separable,12700150932713,{},50000,2024,"42,43",0.05916,0.05712574258603696,0.0612619909583112,2958,wilson,95,15,157
"U(0.01,0.1), eps=1e-08",narrow_e8,0.01,0.1,uniform,1e-08,separable,qmetrology.algorithms.find_phi_fixed_budget_separable,17990835110839,{},50000,2024,"42,43",0.0705,0.06828904848049701,0.07277694271199352,3525,wilson,95,15,157
"U(0.01,0.1), eps=1e-08",narrow_e8,0.01,0.1,uniform,1e-08,separable,qmetrology.algorithms.find_phi_fixed_budget_separable,25485535542077,{},50000,2024,"42,43",0.08416,0.08175836132176394,0.08662553105887698,4208,wilson,95,15,157
"U(0.01,0.1), eps=1e-08",narrow_e8,0.01,0.1,uniform,1e-08,separable,qmetrology.algorithms.find_phi_fixed_budget_separable,36102410914495,{},50000,2024,"42,43",0.10006,0.09746037758992585,0.10272107181059725,5003,wilson,95,15,157
"U(0.01,0.1), eps=1e-08",narrow_e8,0.01,0.1,uniform,1e-08,separable,qmetrology.algorithms.find_phi_fixed_budget_separable,51142110460546,{},50000,2024,"42,43",0.11796,0.11516198813740784,0.12081671098990084,5898,wilson,95,15,157
"U(0.01,0.1), eps=1e-08",narrow_e8,0.01,0.1,uniform,1e-08,separable,qmetrology.algorithms.find_phi_fixed_budget_separable,72447113533589,{},50000,2024,"42,43",0.13912,0.13611431729961462,0.14218113066673224,6956,wilson,95,15,157
"U(0.01,0.1), eps=1e-08",narrow_e8,0.01,0.1,uniform,1e-08,separable,qmetrology.algorithms.find_phi_fixed_budget_separable,102627447559047,{},50000,2024,"42,43",0.16398,0.16076044637872586,0.16725118193443053,8199,wilson,95,15,157
"U(0.01,0.1), eps=1e-08",narrow_e8,0.01,0.1,uniform,1e-08,separable,qmetrology.algorithms.find_phi_fixed_budget_separable,145380436552546,{},50000,2024,"42,43",0.19446,0.19101438676226304,0.19795255840410145,9723,wilson,95,15,157
"U(0.01,0.1), eps=1e-08",narrow_e8,0.01,0.1,uniform,1e-08,separable,qmetrology.algorithms.find_phi_fixed_budget_separable,205943651868068,{},50000,2024,"42,43",0.2292,0.22553670306194834,0.23290490442332856,11460,wilson,95,15,157
"U(0.01,0.1), eps=1e-08",narrow_e8,0.01,0.1,uniform,1e-08,separable,qmetrology.algorithms.find_phi_fixed_budget_separable,291736555141147,{},50000,2024,"42,43",0.26972,0.2658476677993738,0.27362771392776636,13486,wilson,95,15,157
"U(0.01,0.1), eps=1e-08",narrow_e8,0.01,0.1,uniform,1e-08,separable,qmetrology.algorithms.find_phi_fixed_budget_separable,413269439643361,{},50000,2024,"42,43",0.31846,0.3143905452260084,0.3225573477683681,15923,wilson,95,15,157
"U(0.01,0.1), eps=1e-08",narrow_e8,0.01,0.1,uniform,1e-08,separable,qmetrology.algorithms.find_phi_fixed_budget_separable,585431022384237,{},50000,2024,"42,43",0.37316,0.36893064636130307,0.3774088421668819,18658,wilson,95,15,157
"U(0.01,0.1), eps=1e-08",narrow_e8,0.01,0.1,uniform,1e-08,separable,qmetrology.algorithms.find_phi_fixed_budget_separable,829312426937782,{},50000,2024,"42,43",0.43678,0.4324375820705322,0.44113213146425057,21839,wilson,95,15,157
"U(0.01,0.1), eps=1e-08",narrow_e8,0.01,0.1,uniform,1e-08,separable,qmetrology.algorithms.find_phi_fixed_budget_separable,1174791008977376,{},50000,2024,"42,43",0.50866,0.5042775476810112,0.5130411217398806,25433,wilson,95,15,157
"U(0.01,0.1), eps=1e-08",narrow_e8,0.01,0.1,uniform,1e-08,separable,qmetrology.algorithms.find_phi_fixed_budget_separable,1664190563103208,{},50000,2024,"42,43",0.58664,0.5823171895243586,0.5909494985386976,29332,wilson,95,15,157
"U(0.01,0.1), eps=1e-08",narrow_e8,0.01,0.1,uniform,1e-08,separable,qmetrology.algorithms.find_phi_fixed_budget_separable,2357466314568226,{},50000,2024,"42,43",0.6706,0.6664674160604603,0.6747063718384013,33530,wilson,95,15,157
"U(0.01,0.1), eps=1e-08",narrow_e8,0.01,0.1,uniform,1e-08,separable,qmetrology.algorithms.find_phi_fixed_budget_separable,3339549897435170,{},50000,2024,"42,43",0.75366,0.7498638573502282,0.7574171686663326,37683,wilson,95,15,157
"U(0.01,0.1), eps=1e-08",narrow_e8,0.01,0.1,uniform,1e-08,separable,qmetrology.algorithms.find_phi_fixed_budget_separable,4730754135717893,{},50000,2024,"42,43",0.83294,0.8296447609656707,0.8361840839525416,41647,wilson,95,15,157
"U(0.01,0.1), eps=1e-08",narrow_e8,0.01,0.1,uniform,1e-08,separable,qmetrology.algorithms.find_phi_fixed_budget_separable,6701512293557939,{},50000,2024,"42,43",0.89968,0.8970159141117209,0.9022826764358587,44984,wilson,95,15,157
"U(0.01,0.1), eps=1e-08",narrow_e8,0.01,0.1,uniform,1e-08,separable,qmetrology.algorithms.find_phi_fixed_budget_separable,9493257466421480,{},50000,2024,"42,43",0.94944,0.9474847975347516,0.9513261475605848,47472,wilson,95,15,157
"U(0.01,0.1), eps=1e-08",narrow_e8,0.01,0.1,uniform,1e-08,separable,qmetrology.algorithms.find_phi_fixed_budget_separable,13447999999999998,{},50000,2024,"42,43",0.9799,0.9786324946066036,0.9810937704148719,48995,wilson,95,15,157
"U(0.001,0.01), eps=1e-04",small_e4,0.001,0.01,uniform,0.0001,separable,qmetrology.algorithms.find_phi_fixed_budget_separable,8565,{},50000,2024,"42,43",0.0,0.0,7.682327414500052e-05,0,wilson,95,157,1570
"U(0.001,0.01), eps=1e-04",small_e4,0.001,0.01,uniform,0.0001,separable,qmetrology.algorithms.find_phi_fixed_budget_separable,12133,{},50000,2024,"42,43",0.00802,0.007275101541120082,0.008840489487707631,401,wilson,95,157,1570
"U(0.001,0.01), eps=1e-04",small_e4,0.001,0.01,uniform,0.0001,separable,qmetrology.algorithms.find_phi_fixed_budget_separable,17188,{},50000,2024,"42,43",0.00842,0.007655996954793094,0.009259532615415305,421,wilson,95,157,1570
"U(0.001,0.01), eps=1e-04",small_e4,0.001,0.01,uniform,0.0001,separable,qmetrology.algorithms.find_phi_fixed_budget_separable,24349,{},50000,2024,"42,43",0.01382,0.012833426111615294,0.014881273767232339,691,wilson,95,157,1570
"U(0.001,0.01), eps=1e-04",small_e4,0.001,0.01,uniform,0.0001,separable,qmetrology.algorithms.find_phi_fixed_budget_separable,34492,{},50000,2024,"42,43",0.01944,0.01826622630686959,0.020687610078376654,972,wilson,95,157,1570
"U(0.001,0.01), eps=1e-04",small_e4,0.001,0.01,uniform,0.0001,separable,qmetrology.algorithms.find_phi_fixed_budget_separable,48861,{},50000,2024,"42,43",0.02406,0.022752973631195588,0.025440152906997558,1203,wilson,95,157,1570
"U(0.001,0.01), eps=1e-04",small_e4,0.001,0.01,uniform,0.0001,separable,qmetrology.algorithms.find_phi_fixed_budget_separable,69216,{},50000,2024,"42,43",0.03042,0.02895036057781331,0.0319617887683327,1521,wilson,95,157,1570
"U(0.001,0.01), eps=1e-04",small_e4,0.001,0.01,uniform,0.0001,separable,qmetrology.algorithms.find_phi_fixed_budget_separable,98051,{},50000,2024,"42,43",0.04066,0.0389638514321061,0.04242672457338543,2033,wilson,95,157,1570
"U(0.001,0.01), eps=1e-04",small_e4,0.001,0.01,uniform,0.0001,separable,qmetrology.algorithms.find_phi_fixed_budget_separable,138898,{},50000,2024,"42,43",0.05044,0.048556020200745634,0.05239305314150361,2522,wilson,95,157,1570
"U(0.001,0.01), eps=1e-04",small_e4,0.001,0.01,uniform,0.0001,separable,qmetrology.algorithms.find_phi_fixed_budget_separable,196761,{},50000,2024,"42,43",0.06444,0.06232111318469469,0.06662580910587848,3222,wilson,95,157,1570
"U(0.001,0.01), eps=1e-04",small_e4,0.001,0.01,uniform,0.0001,separable,qmetrology.algorithms.find_phi_fixed_budget_separable,278729,{},50000,2024,"42,43",0.0785,0.07617478237391946,0.08088997964618476,3925,wilson,95,157,1570
"U(0.001,0.01), eps=1e-04",small_e4,0.001,0.01,uniform,0.0001,separable,qmetrology.algorithms.find_phi_fixed_budget_separable,394843,{},50000,2024,"42,43",0.09842,0.09583976853201305,0.10106193284884922,4921,wilson,95,157,1570
"U(0.001,0.01), eps=1e-04",small_e4,0.001,0.01,uniform,0.0001,separable,qmetrology.algorithms.find_phi_fixed_budget_separable,559329,{},50000,2024,"42,43",0.1175,0.11470680507959903,0.12035196472512187,5875,wilson,95,157,1570
"U(0.001,0.01), eps=1e-04",small_e4,0.001,0.01,uniform,0.0001,separable,qmetrology.algorithms.find_phi_fixed_budget_separable,792336,{},50000,2024,"42,43",0.14178,0.1387499891201613,0.14486505014636714,7089,wilson,95,157,1570
"U(0.001,0.01), eps=1e-04",small_e4,0.001,0.01,uniform,0.0001,separable,qmetrology.algorithms.find_phi_fixed_budget_separable,1122411,{},50000,2024,"42,43",0.16506,0.1618317986883894,0.16833966368649486,8253,wilson,95,157,1570
"U(0.001,0.01), eps=1e-04",small_e4,0.001,0.01,uniform,0.0001,separable,qmetrology.algorithms.find_phi_fixed_budget_separable,1589990,{},50000,2024,"42,43",0.19966,0.1961792786728919,0.20318686753142154,9983,wilson,95,157,1570
"U(0.001,0.01), eps=1e-04",small_e4,0.001,0.01,uniform,0.0001,separable,qmetrology.algorithms.find_phi_fixed_budget_separable,2252356,{},50000,2024,"42,43",0.2357,0.23200011888939168,0.2394404898933213,11785,wilson,95,157,1570
"U(0.001,0.01), eps=1e-04",small_e4,0.001,0.01,uniform,0.0001,separable,qmetrology.algorithms.find_phi_fixed_budget_separable,3190652,{},50000,2024,"42,43",0.28016,0.2762407404965269,0.28411303716064906,14008,wilson,95,157,1570
"U(0.001,0.01), eps=1e-04",small_e4,0.001,0.01,uniform,0.0001,separable,qmetrology.algorithms.find_phi_fixed_budget_separable,4519828,{},50000,2024,"42,43",0.33362,0.32950006644730023,0.33776549726540417,16681,wilson,95,157,1570
"U(0.001,0.01), eps=1e-04",small_e4,0.001,0.01,uniform,0.0001,separable,qmetrology.algorithms.find_phi_fixed_budget_separable,6402718,{},50000,2024,"42,43",0.39078,0.3865117724113579,0.39506500886464624,19539,wilson,95,157,1570
"U(0.001,0.01), eps=1e-04",small_e4,0.001,0.01,uniform,0.0001,separable,qmetrology.algorithms.find_phi_fixed_budget_separable,9069991,{},50000,2024,"42,43",0.45574,0.45137815824272476,0.46010864215350245,22787,wilson,95,157,1570
"U(0.001,0.01), eps=1e-04",small_e4,0.001,0.01,uniform,0.0001,separable,qmetrology.algorithms.find_phi_fixed_budget_separable,12848407,{},50000,2024,"42,43",0.52804,0.5236622977357284,0.5324133940150575,26402,wilson,95,157,1570
"U(0.001,0.1), eps=1e-04",wide_e4,0.001,0.1,uniform,0.0001,separable,qmetrology.algorithms.find_phi_fixed_budget_separable,89653,{},50000,2024,"42,43",0.0474,0.0455719689086315,0.04929757151912454,2370,wilson,95,15,1570
"U(0.001,0.1), eps=1e-04",wide_e4,0.001,0.1,uniform,0.0001,separable,qmetrology.algorithms.find_phi_fixed_budget_separable,127001,{},50000,2024,"42,43",0.05604,0.0540579027372413,0.058090310184337524,2802,wilson,95,15,1570
"U(0.001,0.1), eps=1e-04",wide_e4,0.001,0.1,uniform,0.0001,separable,qmetrology.algorithms.find_phi_fixed_budget_separable,179908,{},50000,2024,"42,43",0.0671,0.06494007239094962,0.06932644119980513,3355,wilson,95,15,1570
"U(0.001,0.1), eps=1e-04",wide_e4,0.001,0.1,uniform,0.0001,separable,qmetrology.algorithms.find_phi_fixed_budget_separable,254855,{},50000,2024,"42,43",0.08056,0.07820656878520632,0.08297787672300844,4028,wilson,95,15,1570
"U(0.001,0.1), eps=1e-04",wide_e4,0.001,0.1,uniform,0.0001,separable,qmetrology.algorithms.find_phi_fixed_budget_separable,361024,{},50000,2024,"42,43",0.09818,0.09560262481056005,0.10081911344547383,4909,wilson,95,15,1570
"U(0.001,0.1), eps=1e-04",wide_e4,0.001,0.1,uniform,0.0001,separable,qmetrology.algorithms.find_phi_fixed_budget_separable,511421,{},50000,2024,"42,43",0.1162,0.11342049346652155,0.11903847607871212,5810,wilson,95,15,1570
"U(0.001,0.1), eps=1e-04",wide_e4,0.001,0.1,uniform,0.0001,separable,qmetrology.algorithms.find_phi_fixed_budget_separable,724471,{},50000,2024,"42,43",0.13648,0.13349883235876076,0.13951702123447357,6824,wilson,95,15,1570
"U(0.001,0.1), eps=1e-04",wide_e4,0.001,0.1,uniform,0.0001,separable,qmetrology.algorithms.find_phi_fixed_budget_separable,1026274,{},50000,2024,"42,43",0.16192,0.15871708098097773,0.16517486384406818,8096,wilson,95,15,1570
"U(0.001,0.1), eps=1e-04",wide_e4,0.001,0.1,uniform,0.0001,separable,qmetrology.algorithms.find_phi_fixed_budget_separable,1453804,{},50000,2024,"42,43",0.193,0.18956441461179782,0.1964827548785272,9650,wilson,95,15,1570
"U(0.001,0.1), eps=1e-04",wide_e4,0.001,0.1,uniform,0.0001,separable,qmetrology.algorithms.find_phi_fixed_budget_separable,2059436,{},50000,2024,"42,43",0.22728,0.22362774631965113,0.23097415616699854,11364,wilson,95,15,1570
"U(0.001,0.1), eps=1e-04",wide_e4,0.001,0.1,uniform,0.0001,separable,qmetrology.algorithms.find_phi_fixed_budget_separable,2917365,{},50000,2024,"42,43",0.26932,0.26544951949607465,0.2732259236896848,13466,wilson,95,15,1570
"U(0.001,0.1), eps=1e-04",wide_e4,0.001,0.1,uniform,0.0001,separable,qmetrology.algorithms.find_phi_fixed_budget_separable,4132694,{},50000,2024,"42,43",0.31714,0.31307517352844283,0.3212329222793774,15857,wilson,95,15,1570
"U(0.001,0.1), eps=1e-04",wide_e4,0.001,0.1,uniform,0.0001,separable,qmetrology.algorithms.find_phi_fixed_budget_separable,5854310,{},50000,2024,"42,43",0.37182,0.36759384667911615,0.37606584773544355,18591,wilson,95,15,1570
"U(0.001,0.1), eps=1e-04",wide_e4,0.001,0.1,uniform,0.0001,separable,qmetrology.algorithms.find_phi_fixed_budget_separable,8293124,{},50000,2024,"42,43",0.43536,0.4310192955703224,0.43971063614255895,21768,wilson,95,15,1570
"U(0.001,0.1), eps=1e-04",wide_e4,0.001,0.1,uniform,0.0001,separable,qmetrology.algorithms.find_phi_fixed_budget_separable,11747910,{},50000,2024,"42,43",0.50808,0.5036975071330517,0.512461251402838,25404,wilson,95,15,1570
"U(0.001,0.1), eps=1e-04",wide_e4,0.001,0.1,uniform,0.0001,separable,qmetrology.algorithms.find_phi_fixed_budget_separable,16641905,{},50000,2024,"42,43",0.5865,0.5821769845811463,0.5908097249924266,29325,wilson,95,15,1570
"U(0.001,0.1), eps=1e-04",wide_e4,0.001,0.1,uniform,0.0001,separable,qmetrology.algorithms.find_phi_fixed_budget_separable,23574663,{},50000,2024,"42,43",0.66978,0.6656448775302618,0.6738890363587696,33489,wilson,95,15,1570
"U(0.001,0.1), eps=1e-04",wide_e4,0.001,0.1,uniform,0.0001,separable,qmetrology.algorithms.find_phi_fixed_budget_separable,33395498,{},50000,2024,"42,43",0.75334,0.7495422323089348,0.7570988428745214,37667,wilson,95,15,1570
"U(0.001,0.1), eps=1e-04",wide_e4,0.001,0.1,uniform,0.0001,separable,qmetrology.algorithms.find_phi_fixed_budget_separable,47307541,{},50000,2024,"42,43",0.83314,0.8298463108629149,0.8363825033259876,41657,wilson,95,15,1570
"U(0.001,0.1), eps=1e-04",wide_e4,0.001,0.1,uniform,0.0001,separable,qmetrology.algorithms.find_phi_fixed_budget_separable,67015122,{},50000,2024,"42,43",0.89942,0.8967529054953709,0.902025725000311,44971,wilson,95,15,1570
"U(0.001,0.1), eps=1e-04",wide_e4,0.001,0.1,uniform,0.0001,separable,qmetrology.algorithms.find_phi_fixed_budget_separable,94932574,{},50000,2024,"42,43",0.94942,0.9474644396059142,0.9513065085623533,47471,wilson,95,15,1570
"U(0.001,0.1), eps=1e-04",wide_e4,0.001,0.1,uniform,0.0001,separable,qmetrology.algorithms.find_phi_fixed_budget_separable,134480000,{},50000,2024,"42,43",0.97978,0.9785089148206534,0.980977368638408,48989,wilson,95,15,1570
"U(0.01,pi/2), eps=1e-03",broad_pi2_e3,0.01,1.5707963267948966,uniform,0.001,oracle_hl,qmetrology.oracle.oracle_rate (analytic QCRB rate at N_opt),3000,{},,2024,"42,43",0.146010386711,,,,analytic asymptotic QCRB probability; no Monte-Carlo error,,1,157
"U(0.01,pi/2), eps=1e-03",broad_pi2_e3,0.01,1.5707963267948966,uniform,0.001,oracle_hl,qmetrology.oracle.oracle_rate (analytic QCRB rate at N_opt),4088,{},,2024,"42,43",0.169161580811,,,,analytic asymptotic QCRB probability; no Monte-Carlo error,,1,157
"U(0.01,pi/2), eps=1e-03",broad_pi2_e3,0.01,1.5707963267948966,uniform,0.001,oracle_hl,qmetrology.oracle.oracle_rate (analytic QCRB rate at N_opt),5572,{},,2024,"42,43",0.195597033105,,,,analytic asymptotic QCRB probability; no Monte-Carlo error,,1,157
"U(0.01,pi/2), eps=1e-03",broad_pi2_e3,0.01,1.5707963267948966,uniform,0.001,oracle_hl,qmetrology.oracle.oracle_rate (analytic QCRB rate at N_opt),7595,{},,2024,"42,43",0.225550689438,,,,analytic asymptotic QCRB probability; no Monte-Carlo error,,1,157
"U(0.01,pi/2), eps=1e-03",broad_pi2_e3,0.01,1.5707963267948966,uniform,0.001,oracle_hl,qmetrology.oracle.oracle_rate (analytic QCRB rate at N_opt),10351,{},,2024,"42,43",0.2592980646,,,,analytic asymptotic QCRB probability; no Monte-Carlo error,,1,157
"U(0.01,pi/2), eps=1e-03",broad_pi2_e3,0.01,1.5707963267948966,uniform,0.001,oracle_hl,qmetrology.oracle.oracle_rate (analytic QCRB rate at N_opt),14108,{},,2024,"42,43",0.297054546433,,,,analytic asymptotic QCRB probability; no Monte-Carlo error,,1,157
"U(0.01,pi/2), eps=1e-03",broad_pi2_e3,0.01,1.5707963267948966,uniform,0.001,oracle_hl,qmetrology.oracle.oracle_rate (analytic QCRB rate at N_opt),19228,{},,2024,"42,43",0.338973926338,,,,analytic asymptotic QCRB probability; no Monte-Carlo error,,1,157
"U(0.01,pi/2), eps=1e-03",broad_pi2_e3,0.01,1.5707963267948966,uniform,0.001,oracle_hl,qmetrology.oracle.oracle_rate (analytic QCRB rate at N_opt),26207,{},,2024,"42,43",0.385099297406,,,,analytic asymptotic QCRB probability; no Monte-Carlo error,,1,157
"U(0.01,pi/2), eps=1e-03",broad_pi2_e3,0.01,1.5707963267948966,uniform,0.001,oracle_hl,qmetrology.oracle.oracle_rate (analytic QCRB rate at N_opt),35718,{},,2024,"42,43",0.435352477405,,,,analytic asymptotic QCRB probability; no Monte-Carlo error,,1,157
"U(0.01,pi/2), eps=1e-03",broad_pi2_e3,0.01,1.5707963267948966,uniform,0.001,oracle_hl,qmetrology.oracle.oracle_rate (analytic QCRB rate at N_opt),48681,{},,2024,"42,43",0.489429925295,,,,analytic asymptotic QCRB probability; no Monte-Carlo error,,1,157
"U(0.01,pi/2), eps=1e-03",broad_pi2_e3,0.01,1.5707963267948966,uniform,0.001,oracle_hl,qmetrology.oracle.oracle_rate (analytic QCRB rate at N_opt),66349,{},,2024,"42,43",0.546795560014,,,,analytic asymptotic QCRB probability; no Monte-Carlo error,,1,157
"U(0.01,pi/2), eps=1e-03",broad_pi2_e3,0.01,1.5707963267948966,uniform,0.001,oracle_hl,qmetrology.oracle.oracle_rate (analytic QCRB rate at N_opt),90429,{},,2024,"42,43",0.606610609471,,,,analytic asymptotic QCRB probability; no Monte-Carlo error,,1,157
"U(0.01,pi/2), eps=1e-03",broad_pi2_e3,0.01,1.5707963267948966,uniform,0.001,oracle_hl,qmetrology.oracle.oracle_rate (analytic QCRB rate at N_opt),123248,{},,2024,"42,43",0.667694499615,,,,analytic asymptotic QCRB probability; no Monte-Carlo error,,1,157
"U(0.01,pi/2), eps=1e-03",broad_pi2_e3,0.01,1.5707963267948966,uniform,0.001,oracle_hl,qmetrology.oracle.oracle_rate (analytic QCRB rate at N_opt),167979,{},,2024,"42,43",0.728513997297,,,,analytic asymptotic QCRB probability; no Monte-Carlo error,,1,157
"U(0.01,pi/2), eps=1e-03",broad_pi2_e3,0.01,1.5707963267948966,uniform,0.001,oracle_hl,qmetrology.oracle.oracle_rate (analytic QCRB rate at N_opt),228942,{},,2024,"42,43",0.787204723663,,,,analytic asymptotic QCRB probability; no Monte-Carlo error,,1,157
"U(0.01,pi/2), eps=1e-03",broad_pi2_e3,0.01,1.5707963267948966,uniform,0.001,oracle_hl,qmetrology.oracle.oracle_rate (analytic QCRB rate at N_opt),312031,{},,2024,"42,43",0.841671204987,,,,analytic asymptotic QCRB probability; no Monte-Carlo error,,1,157
"U(0.01,pi/2), eps=1e-03",broad_pi2_e3,0.01,1.5707963267948966,uniform,0.001,oracle_hl,qmetrology.oracle.oracle_rate (analytic QCRB rate at N_opt),425275,{},,2024,"42,43",0.889763774546,,,,analytic asymptotic QCRB probability; no Monte-Carlo error,,1,157
"U(0.01,pi/2), eps=1e-03",broad_pi2_e3,0.01,1.5707963267948966,uniform,0.001,oracle_hl,qmetrology.oracle.oracle_rate (analytic QCRB rate at N_opt),579619,{},,2024,"42,43",0.929573373975,,,,analytic asymptotic QCRB probability; no Monte-Carlo error,,1,157
"U(0.01,pi/2), eps=1e-03",broad_pi2_e3,0.01,1.5707963267948966,uniform,0.001,oracle_hl,qmetrology.oracle.oracle_rate (analytic QCRB rate at N_opt),789977,{},,2024,"42,43",0.95982584899,,,,analytic asymptotic QCRB probability; no Monte-Carlo error,,1,157
"U(0.01,pi/2), eps=1e-03",broad_pi2_e3,0.01,1.5707963267948966,uniform,0.001,oracle_hl,qmetrology.oracle.oracle_rate (analytic QCRB rate at N_opt),1076679,{},,2024,"42,43",0.980308520915,,,,analytic asymptotic QCRB probability; no Monte-Carlo error,,1,157
"U(0.01,pi/2), eps=1e-03",broad_pi2_e3,0.01,1.5707963267948966,uniform,0.001,oracle_hl,qmetrology.oracle.oracle_rate (analytic QCRB rate at N_opt),1467432,{},,2024,"42,43",0.992143963707,,,,analytic asymptotic QCRB probability; no Monte-Carlo error,,1,157
"U(0.01,pi/2), eps=1e-03",broad_pi2_e3,0.01,1.5707963267948966,uniform,0.001,oracle_hl,qmetrology.oracle.oracle_rate (analytic QCRB rate at N_opt),2000000,{},,2024,"42,43",0.997635441119,,,,analytic asymptotic QCRB probability; no Monte-Carlo error,,1,157
"U(0.01,pi/4), eps=1e-03",broad_pi4_e3,0.01,0.7853981633974483,uniform,0.001,oracle_hl,qmetrology.oracle.oracle_rate (analytic QCRB rate at N_opt),3000,{},,2024,"42,43",0.205549467641,,,,analytic asymptotic QCRB probability; no Monte-Carlo error,,2,157
"U(0.01,pi/4), eps=1e-03",broad_pi4_e3,0.01,0.7853981633974483,uniform,0.001,oracle_hl,qmetrology.oracle.oracle_rate (analytic QCRB rate at N_opt),4088,{},,2024,"42,43",0.237440459361,,,,analytic asymptotic QCRB probability; no Monte-Carlo error,,2,157
"U(0.01,pi/4), eps=1e-03",broad_pi4_e3,0.01,0.7853981633974483,uniform,0.001,oracle_hl,qmetrology.oracle.oracle_rate (analytic QCRB rate at N_opt),5572,{},,2024,"42,43",0.27350957471,,,,analytic asymptotic QCRB probability; no Monte-Carlo error,,2,157
"U(0.01,pi/4), eps=1e-03",broad_pi4_e3,0.01,0.7853981633974483,uniform,0.001,oracle_hl,qmetrology.oracle.oracle_rate (analytic QCRB rate at N_opt),7595,{},,2024,"42,43",0.313856527593,,,,analytic asymptotic QCRB probability; no Monte-Carlo error,,2,157
"U(0.01,pi/4), eps=1e-03",broad_pi4_e3,0.01,0.7853981633974483,uniform,0.001,oracle_hl,qmetrology.oracle.oracle_rate (analytic QCRB rate at N_opt),10351,{},,2024,"42,43",0.358620834376,,,,analytic asymptotic QCRB probability; no Monte-Carlo error,,2,157
"U(0.01,pi/4), eps=1e-03",broad_pi4_e3,0.01,0.7853981633974483,uniform,0.001,oracle_hl,qmetrology.oracle.oracle_rate (analytic QCRB rate at N_opt),14108,{},,2024,"42,43",0.407745325009,,,,analytic asymptotic QCRB probability; no Monte-Carlo error,,2,157
"U(0.01,pi/4), eps=1e-03",broad_pi4_e3,0.01,0.7853981633974483,uniform,0.001,oracle_hl,qmetrology.oracle.oracle_rate (analytic QCRB rate at N_opt),19228,{},,2024,"42,43",0.461028527665,,,,analytic asymptotic QCRB probability; no Monte-Carlo error,,2,157
"U(0.01,pi/4), eps=1e-03",broad_pi4_e3,0.01,0.7853981633974483,uniform,0.001,oracle_hl,qmetrology.oracle.oracle_rate (analytic QCRB rate at N_opt),26207,{},,2024,"42,43",0.518001777913,,,,analytic asymptotic QCRB probability; no Monte-Carlo error,,2,157
"U(0.01,pi/4), eps=1e-03",broad_pi4_e3,0.01,0.7853981633974483,uniform,0.001,oracle_hl,qmetrology.oracle.oracle_rate (analytic QCRB rate at N_opt),35718,{},,2024,"42,43",0.577963115708,,,,analytic asymptotic QCRB probability; no Monte-Carlo error,,2,157
"U(0.01,pi/4), eps=1e-03",broad_pi4_e3,0.01,0.7853981633974483,uniform,0.001,oracle_hl,qmetrology.oracle.oracle_rate (analytic QCRB rate at N_opt),48681,{},,2024,"42,43",0.639787883106,,,,analytic asymptotic QCRB probability; no Monte-Carlo error,,2,157
"U(0.01,pi/4), eps=1e-03",broad_pi4_e3,0.01,0.7853981633974483,uniform,0.001,oracle_hl,qmetrology.oracle.oracle_rate (analytic QCRB rate at N_opt),66349,{},,2024,"42,43",0.70200433028,,,,analytic asymptotic QCRB probability; no Monte-Carlo error,,2,157
"U(0.01,pi/4), eps=1e-03",broad_pi4_e3,0.01,0.7853981633974483,uniform,0.001,oracle_hl,qmetrology.oracle.oracle_rate (analytic QCRB rate at N_opt),90429,{},,2024,"42,43",0.762764182186,,,,analytic asymptotic QCRB probability; no Monte-Carlo error,,2,157
"U(0.01,pi/4), eps=1e-03",broad_pi4_e3,0.01,0.7853981633974483,uniform,0.001,oracle_hl,qmetrology.oracle.oracle_rate (analytic QCRB rate at N_opt),123248,{},,2024,"42,43",0.819922900359,,,,analytic asymptotic QCRB probability; no Monte-Carlo error,,2,157
"U(0.01,pi/4), eps=1e-03",broad_pi4_e3,0.01,0.7853981633974483,uniform,0.001,oracle_hl,qmetrology.oracle.oracle_rate (analytic QCRB rate at N_opt),167979,{},,2024,"42,43",0.871229503651,,,,analytic asymptotic QCRB probability; no Monte-Carlo error,,2,157
"U(0.01,pi/4), eps=1e-03",broad_pi4_e3,0.01,0.7853981633974483,uniform,0.001,oracle_hl,qmetrology.oracle.oracle_rate (analytic QCRB rate at N_opt),228942,{},,2024,"42,43",0.914620370018,,,,analytic asymptotic QCRB probability; no Monte-Carlo error,,2,157
"U(0.01,pi/4), eps=1e-03",broad_pi4_e3,0.01,0.7853981633974483,uniform,0.001,oracle_hl,qmetrology.oracle.oracle_rate (analytic QCRB rate at N_opt),312031,{},,2024,"42,43",0.948615148358,,,,analytic asymptotic QCRB probability; no Monte-Carlo error,,2,157
"U(0.01,pi/4), eps=1e-03",broad_pi4_e3,0.01,0.7853981633974483,uniform,0.001,oracle_hl,qmetrology.oracle.oracle_rate (analytic QCRB rate at N_opt),425275,{},,2024,"42,43",0.972728067194,,,,analytic asymptotic QCRB probability; no Monte-Carlo error,,2,157
"U(0.01,pi/4), eps=1e-03",broad_pi4_e3,0.01,0.7853981633974483,uniform,0.001,oracle_hl,qmetrology.oracle.oracle_rate (analytic QCRB rate at N_opt),579619,{},,2024,"42,43",0.987732479367,,,,analytic asymptotic QCRB probability; no Monte-Carlo error,,2,157
"U(0.01,pi/4), eps=1e-03",broad_pi4_e3,0.01,0.7853981633974483,uniform,0.001,oracle_hl,qmetrology.oracle.oracle_rate (analytic QCRB rate at N_opt),789977,{},,2024,"42,43",0.995574297539,,,,analytic asymptotic QCRB probability; no Monte-Carlo error,,2,157
"U(0.01,pi/4), eps=1e-03",broad_pi4_e3,0.01,0.7853981633974483,uniform,0.001,oracle_hl,qmetrology.oracle.oracle_rate (analytic QCRB rate at N_opt),1076679,{},,2024,"42,43",0.998814849929,,,,analytic asymptotic QCRB probability; no Monte-Carlo error,,2,157
"U(0.01,pi/4), eps=1e-03",broad_pi4_e3,0.01,0.7853981633974483,uniform,0.001,oracle_hl,qmetrology.oracle.oracle_rate (analytic QCRB rate at N_opt),1467432,{},,2024,"42,43",0.999788694839,,,,analytic asymptotic QCRB probability; no Monte-Carlo error,,2,157
"U(0.01,pi/4), eps=1e-03",broad_pi4_e3,0.01,0.7853981633974483,uniform,0.001,oracle_hl,qmetrology.oracle.oracle_rate (analytic QCRB rate at N_opt),2000000,{},,2024,"42,43",0.999978449327,,,,analytic asymptotic QCRB probability; no Monte-Carlo error,,2,157
"U(0.01,0.1), eps=1e-03",narrow_e3,0.01,0.1,uniform,0.001,oracle_hl,qmetrology.oracle.oracle_rate (analytic QCRB rate at N_opt),896,{},,2024,"42,43",0.273773766877,,,,analytic asymptotic QCRB probability; no Monte-Carlo error,,15,157
"U(0.01,0.1), eps=1e-03",narrow_e3,0.01,0.1,uniform,0.001,oracle_hl,qmetrology.oracle.oracle_rate (analytic QCRB rate at N_opt),1270,{},,2024,"42,43",0.323515756897,,,,analytic asymptotic QCRB probability; no Monte-Carlo error,,15,157
"U(0.01,0.1), eps=1e-03",narrow_e3,0.01,0.1,uniform,0.001,oracle_hl,qmetrology.oracle.oracle_rate (analytic QCRB rate at N_opt),1799,{},,2024,"42,43",0.379911161978,,,,analytic asymptotic QCRB probability; no Monte-Carlo error,,15,157
"U(0.01,0.1), eps=1e-03",narrow_e3,0.01,0.1,uniform,0.001,oracle_hl,qmetrology.oracle.oracle_rate (analytic QCRB rate at N_opt),2548,{},,2024,"42,43",0.44354772111,,,,analytic asymptotic QCRB probability; no Monte-Carlo error,,15,157
"U(0.01,0.1), eps=1e-03",narrow_e3,0.01,0.1,uniform,0.001,oracle_hl,qmetrology.oracle.oracle_rate (analytic QCRB rate at N_opt),3610,{},,2024,"42,43",0.513237247531,,,,analytic asymptotic QCRB probability; no Monte-Carlo error,,15,157
"U(0.01,0.1), eps=1e-03",narrow_e3,0.01,0.1,uniform,0.001,oracle_hl,qmetrology.oracle.oracle_rate (analytic QCRB rate at N_opt),5114,{},,2024,"42,43",0.58760335039,,,,analytic asymptotic QCRB probability; no Monte-Carlo error,,15,157
"U(0.01,0.1), eps=1e-03",narrow_e3,0.01,0.1,uniform,0.001,oracle_hl,qmetrology.oracle.oracle_rate (analytic QCRB rate at N_opt),7244,{},,2024,"42,43",0.664338357291,,,,analytic asymptotic QCRB probability; no Monte-Carlo error,,15,157
"U(0.01,0.1), eps=1e-03",narrow_e3,0.01,0.1,uniform,0.001,oracle_hl,qmetrology.oracle.oracle_rate (analytic QCRB rate at N_opt),10000,{},,2024,"42,43",0.734843323343,,,,analytic asymptotic QCRB probability; no Monte-Carlo error,,15,157
"U(0.01,0.1), eps=1e-03",narrow_e3,0.01,0.1,uniform,0.001,oracle_hl,qmetrology.oracle.oracle_rate (analytic QCRB rate at N_opt),10262,{},,2024,"42,43",0.740356277671,,,,analytic asymptotic QCRB probability; no Monte-Carlo error,,15,157
"U(0.01,0.1), eps=1e-03",narrow_e3,0.01,0.1,uniform,0.001,oracle_hl,qmetrology.oracle.oracle_rate (analytic QCRB rate at N_opt),14538,{},,2024,"42,43",0.811417762966,,,,analytic asymptotic QCRB probability; no Monte-Carlo error,,15,157
"U(0.01,0.1), eps=1e-03",narrow_e3,0.01,0.1,uniform,0.001,oracle_hl,qmetrology.oracle.oracle_rate (analytic QCRB rate at N_opt),20594,{},,2024,"42,43",0.873705256328,,,,analytic asymptotic QCRB probability; no Monte-Carlo error,,15,157
"U(0.01,0.1), eps=1e-03",narrow_e3,0.01,0.1,uniform,0.001,oracle_hl,qmetrology.oracle.oracle_rate (analytic QCRB rate at N_opt),29173,{},,2024,"42,43",0.923847053067,,,,analytic asymptotic QCRB probability; no Monte-Carlo error,,15,157
"U(0.01,0.1), eps=1e-03",narrow_e3,0.01,0.1,uniform,0.001,oracle_hl,qmetrology.oracle.oracle_rate (analytic QCRB rate at N_opt),41326,{},,2024,"42,43",0.960001252874,,,,analytic asymptotic QCRB probability; no Monte-Carlo error,,15,157
"U(0.01,0.1), eps=1e-03",narrow_e3,0.01,0.1,uniform,0.001,oracle_hl,qmetrology.oracle.oracle_rate (analytic QCRB rate at N_opt),58543,{},,2024,"42,43",0.982528848089,,,,analytic asymptotic QCRB probability; no Monte-Carlo error,,15,157
"U(0.01,0.1), eps=1e-03",narrow_e3,0.01,0.1,uniform,0.001,oracle_hl,qmetrology.oracle.oracle_rate (analytic QCRB rate at N_opt),82931,{},,2024,"42,43",0.994044230347,,,,analytic asymptotic QCRB probability; no Monte-Carlo error,,15,157
"U(0.01,0.1), eps=1e-03",narrow_e3,0.01,0.1,uniform,0.001,oracle_hl,qmetrology.oracle.oracle_rate (analytic QCRB rate at N_opt),117479,{},,2024,"42,43",0.998550835018,,,,analytic asymptotic QCRB probability; no Monte-Carlo error,,15,157
"U(0.01,0.1), eps=1e-03",narrow_e3,0.01,0.1,uniform,0.001,oracle_hl,qmetrology.oracle.oracle_rate (analytic QCRB rate at N_opt),166419,{},,2024,"42,43",0.999778149247,,,,analytic asymptotic QCRB probability; no Monte-Carlo error,,15,157
"U(0.01,0.1), eps=1e-03",narrow_e3,0.01,0.1,uniform,0.001,oracle_hl,qmetrology.oracle.oracle_rate (analytic QCRB rate at N_opt),235746,{},,2024,"42,43",0.999982106586,,,,analytic asymptotic QCRB probability; no Monte-Carlo error,,15,157
"U(0.01,0.1), eps=1e-03",narrow_e3,0.01,0.1,uniform,0.001,oracle_hl,qmetrology.oracle.oracle_rate (analytic QCRB rate at N_opt),333954,{},,2024,"42,43",0.999999408078,,,,analytic asymptotic QCRB probability; no Monte-Carlo error,,15,157
"U(0.01,0.1), eps=1e-03",narrow_e3,0.01,0.1,uniform,0.001,oracle_hl,qmetrology.oracle.oracle_rate (analytic QCRB rate at N_opt),473075,{},,2024,"42,43",0.999999994358,,,,analytic asymptotic QCRB probability; no Monte-Carlo error,,15,157
"U(0.01,0.1), eps=1e-03",narrow_e3,0.01,0.1,uniform,0.001,oracle_hl,qmetrology.oracle.oracle_rate (analytic QCRB rate at N_opt),670151,{},,2024,"42,43",0.999999999991,,,,analytic asymptotic QCRB probability; no Monte-Carlo error,,15,157
"U(0.01,0.1), eps=1e-03",narrow_e3,0.01,0.1,uniform,0.001,oracle_hl,qmetrology.oracle.oracle_rate (analytic QCRB rate at N_opt),949325,{},,2024,"42,43",1.0,,,,analytic asymptotic QCRB probability; no Monte-Carlo error,,15,157
"U(0.01,0.1), eps=1e-03",narrow_e3,0.01,0.1,uniform,0.001,oracle_hl,qmetrology.oracle.oracle_rate (analytic QCRB rate at N_opt),1344800,{},,2024,"42,43",1.0,,,,analytic asymptotic QCRB probability; no Monte-Carlo error,,15,157
"U(0.01,0.1), eps=1e-04",narrow_e4,0.01,0.1,uniform,0.0001,oracle_hl,qmetrology.oracle.oracle_rate (analytic QCRB rate at N_opt),89653,{},,2024,"42,43",0.277434230708,,,,analytic asymptotic QCRB probability; no Monte-Carlo error,,15,157
"U(0.01,0.1), eps=1e-04",narrow_e4,0.01,0.1,uniform,0.0001,oracle_hl,qmetrology.oracle.oracle_rate (analytic QCRB rate at N_opt),127001,{},,2024,"42,43",0.326417506767,,,,analytic asymptotic QCRB probability; no Monte-Carlo error,,15,157
"U(0.01,0.1), eps=1e-04",narrow_e4,0.01,0.1,uniform,0.0001,oracle_hl,qmetrology.oracle.oracle_rate (analytic QCRB rate at N_opt),179908,{},,2024,"42,43",0.382345995192,,,,analytic asymptotic QCRB probability; no Monte-Carlo error,,15,157
"U(0.01,0.1), eps=1e-04",narrow_e4,0.01,0.1,uniform,0.0001,oracle_hl,qmetrology.oracle.oracle_rate (analytic QCRB rate at N_opt),254855,{},,2024,"42,43",0.445201652745,,,,analytic asymptotic QCRB probability; no Monte-Carlo error,,15,157
"U(0.01,0.1), eps=1e-04",narrow_e4,0.01,0.1,uniform,0.0001,oracle_hl,qmetrology.oracle.oracle_rate (analytic QCRB rate at N_opt),361024,{},,2024,"42,43",0.514371461155,,,,analytic asymptotic QCRB probability; no Monte-Carlo error,,15,157
"U(0.01,0.1), eps=1e-04",narrow_e4,0.01,0.1,uniform,0.0001,oracle_hl,qmetrology.oracle.oracle_rate (analytic QCRB rate at N_opt),511421,{},,2024,"42,43",0.588419254936,,,,analytic asymptotic QCRB probability; no Monte-Carlo error,,15,157
"U(0.01,0.1), eps=1e-04",narrow_e4,0.01,0.1,uniform,0.0001,oracle_hl,qmetrology.oracle.oracle_rate (analytic QCRB rate at N_opt),724471,{},,2024,"42,43",0.664952380781,,,,analytic asymptotic QCRB probability; no Monte-Carlo error,,15,157
"U(0.01,0.1), eps=1e-04",narrow_e4,0.01,0.1,uniform,0.0001,oracle_hl,qmetrology.oracle.oracle_rate (analytic QCRB rate at N_opt),1026274,{},,2024,"42,43",0.740656859586,,,,analytic asymptotic QCRB probability; no Monte-Carlo error,,15,157
"U(0.01,0.1), eps=1e-04",narrow_e4,0.01,0.1,uniform,0.0001,oracle_hl,qmetrology.oracle.oracle_rate (analytic QCRB rate at N_opt),1453804,{},,2024,"42,43",0.811604823824,,,,analytic asymptotic QCRB probability; no Monte-Carlo error,,15,157
"U(0.01,0.1), eps=1e-04",narrow_e4,0.01,0.1,uniform,0.0001,oracle_hl,qmetrology.oracle.oracle_rate (analytic QCRB rate at N_opt),2059436,{},,2024,"42,43",0.873798437317,,,,analytic asymptotic QCRB probability; no Monte-Carlo error,,15,157
"U(0.01,0.1), eps=1e-04",narrow_e4,0.01,0.1,uniform,0.0001,oracle_hl,qmetrology.oracle.oracle_rate (analytic QCRB rate at N_opt),2917365,{},,2024,"42,43",0.923893820034,,,,analytic asymptotic QCRB probability; no Monte-Carlo error,,15,157
"U(0.01,0.1), eps=1e-04",narrow_e4,0.01,0.1,uniform,0.0001,oracle_hl,qmetrology.oracle.oracle_rate (analytic QCRB rate at N_opt),4132694,{},,2024,"42,43",0.960029549263,,,,analytic asymptotic QCRB probability; no Monte-Carlo error,,15,157
"U(0.01,0.1), eps=1e-04",narrow_e4,0.01,0.1,uniform,0.0001,oracle_hl,qmetrology.oracle.oracle_rate (analytic QCRB rate at N_opt),5854310,{},,2024,"42,43",0.982537695812,,,,analytic asymptotic QCRB probability; no Monte-Carlo error,,15,157
"U(0.01,0.1), eps=1e-04",narrow_e4,0.01,0.1,uniform,0.0001,oracle_hl,qmetrology.oracle.oracle_rate (analytic QCRB rate at N_opt),8293124,{},,2024,"42,43",0.994046362389,,,,analytic asymptotic QCRB probability; no Monte-Carlo error,,15,157
"U(0.01,0.1), eps=1e-04",narrow_e4,0.01,0.1,uniform,0.0001,oracle_hl,qmetrology.oracle.oracle_rate (analytic QCRB rate at N_opt),11747910,{},,2024,"42,43",0.998551417264,,,,analytic asymptotic QCRB probability; no Monte-Carlo error,,15,157
"U(0.01,0.1), eps=1e-04",narrow_e4,0.01,0.1,uniform,0.0001,oracle_hl,qmetrology.oracle.oracle_rate (analytic QCRB rate at N_opt),16641905,{},,2024,"42,43",0.999778218565,,,,analytic asymptotic QCRB probability; no Monte-Carlo error,,15,157
"U(0.01,0.1), eps=1e-04",narrow_e4,0.01,0.1,uniform,0.0001,oracle_hl,qmetrology.oracle.oracle_rate (analytic QCRB rate at N_opt),23574663,{},,2024,"42,43",0.999982109958,,,,analytic asymptotic QCRB probability; no Monte-Carlo error,,15,157
"U(0.01,0.1), eps=1e-04",narrow_e4,0.01,0.1,uniform,0.0001,oracle_hl,qmetrology.oracle.oracle_rate (analytic QCRB rate at N_opt),33395498,{},,2024,"42,43",0.999999408198,,,,analytic asymptotic QCRB probability; no Monte-Carlo error,,15,157
"U(0.01,0.1), eps=1e-04",narrow_e4,0.01,0.1,uniform,0.0001,oracle_hl,qmetrology.oracle.oracle_rate (analytic QCRB rate at N_opt),47307541,{},,2024,"42,43",0.999999994359,,,,analytic asymptotic QCRB probability; no Monte-Carlo error,,15,157
"U(0.01,0.1), eps=1e-04",narrow_e4,0.01,0.1,uniform,0.0001,oracle_hl,qmetrology.oracle.oracle_rate (analytic QCRB rate at N_opt),67015122,{},,2024,"42,43",0.999999999991,,,,analytic asymptotic QCRB probability; no Monte-Carlo error,,15,157
"U(0.01,0.1), eps=1e-04",narrow_e4,0.01,0.1,uniform,0.0001,oracle_hl,qmetrology.oracle.oracle_rate (analytic QCRB rate at N_opt),94932574,{},,2024,"42,43",1.0,,,,analytic asymptotic QCRB probability; no Monte-Carlo error,,15,157
"U(0.01,0.1), eps=1e-04",narrow_e4,0.01,0.1,uniform,0.0001,oracle_hl,qmetrology.oracle.oracle_rate (analytic QCRB rate at N_opt),134480000,{},,2024,"42,43",1.0,,,,analytic asymptotic QCRB probability; no Monte-Carlo error,,15,157
"U(0.01,0.1), eps=1e-05",narrow_e5,0.01,0.1,uniform,1e-05,oracle_hl,qmetrology.oracle.oracle_rate (analytic QCRB rate at N_opt),8965333,{},,2024,"42,43",0.27746927556,,,,analytic asymptotic QCRB probability; no Monte-Carlo error,,15,157
"U(0.01,0.1), eps=1e-05",narrow_e5,0.01,0.1,uniform,1e-05,oracle_hl,qmetrology.oracle.oracle_rate (analytic QCRB rate at N_opt),12700150,{},,2024,"42,43",0.326445909807,,,,analytic asymptotic QCRB probability; no Monte-Carlo error,,15,157
"U(0.01,0.1), eps=1e-05",narrow_e5,0.01,0.1,uniform,1e-05,oracle_hl,qmetrology.oracle.oracle_rate (analytic QCRB rate at N_opt),17990835,{},,2024,"42,43",0.3823678437,,,,analytic asymptotic QCRB probability; no Monte-Carlo error,,15,157
"U(0.01,0.1), eps=1e-05",narrow_e5,0.01,0.1,uniform,1e-05,oracle_hl,qmetrology.oracle.oracle_rate (analytic QCRB rate at N_opt),25485535,{},,2024,"42,43",0.445218561724,,,,analytic asymptotic QCRB probability; no Monte-Carlo error,,15,157
"U(0.01,0.1), eps=1e-05",narrow_e5,0.01,0.1,uniform,1e-05,oracle_hl,qmetrology.oracle.oracle_rate (analytic QCRB rate at N_opt),36102410,{},,2024,"42,43",0.51438309179,,,,analytic asymptotic QCRB probability; no Monte-Carlo error,,15,157
"U(0.01,0.1), eps=1e-05",narrow_e5,0.01,0.1,uniform,1e-05,oracle_hl,qmetrology.oracle.oracle_rate (analytic QCRB rate at N_opt),51142110,{},,2024,"42,43",0.588427529358,,,,analytic asymptotic QCRB probability; no Monte-Carlo error,,15,157
"U(0.01,0.1), eps=1e-05",narrow_e5,0.01,0.1,uniform,1e-05,oracle_hl,qmetrology.oracle.oracle_rate (analytic QCRB rate at N_opt),72447113,{},,2024,"42,43",0.664957154919,,,,analytic asymptotic QCRB probability; no Monte-Carlo error,,15,157
"U(0.01,0.1), eps=1e-05",narrow_e5,0.01,0.1,uniform,1e-05,oracle_hl,qmetrology.oracle.oracle_rate (analytic QCRB rate at N_opt),102627447,{},,2024,"42,43",0.740659738903,,,,analytic asymptotic QCRB probability; no Monte-Carlo error,,15,157
"U(0.01,0.1), eps=1e-05",narrow_e5,0.01,0.1,uniform,1e-05,oracle_hl,qmetrology.oracle.oracle_rate (analytic QCRB rate at N_opt),145380436,{},,2024,"42,43",0.811606667902,,,,analytic asymptotic QCRB probability; no Monte-Carlo error,,15,157
"U(0.01,0.1), eps=1e-05",narrow_e5,0.01,0.1,uniform,1e-05,oracle_hl,qmetrology.oracle.oracle_rate (analytic QCRB rate at N_opt),205943651,{},,2024,"42,43",0.873799486124,,,,analytic asymptotic QCRB probability; no Monte-Carlo error,,15,157
"U(0.01,0.1), eps=1e-05",narrow_e5,0.01,0.1,uniform,1e-05,oracle_hl,qmetrology.oracle.oracle_rate (analytic QCRB rate at N_opt),291736555,{},,2024,"42,43",0.923894388744,,,,analytic asymptotic QCRB probability; no Monte-Carlo error,,15,157
"U(0.01,0.1), eps=1e-05",narrow_e5,0.01,0.1,uniform,1e-05,oracle_hl,qmetrology.oracle.oracle_rate (analytic QCRB rate at N_opt),413269439,{},,2024,"42,43",0.960029798085,,,,analytic asymptotic QCRB probability; no Monte-Carlo error,,15,157
"U(0.01,0.1), eps=1e-05",narrow_e5,0.01,0.1,uniform,1e-05,oracle_hl,qmetrology.oracle.oracle_rate (analytic QCRB rate at N_opt),585431022,{},,2024,"42,43",0.98253776799,,,,analytic asymptotic QCRB probability; no Monte-Carlo error,,15,157
"U(0.01,0.1), eps=1e-05",narrow_e5,0.01,0.1,uniform,1e-05,oracle_hl,qmetrology.oracle.oracle_rate (analytic QCRB rate at N_opt),829312426,{},,2024,"42,43",0.994046384765,,,,analytic asymptotic QCRB probability; no Monte-Carlo error,,15,157
"U(0.01,0.1), eps=1e-05",narrow_e5,0.01,0.1,uniform,1e-05,oracle_hl,qmetrology.oracle.oracle_rate (analytic QCRB rate at N_opt),1174791008,{},,2024,"42,43",0.998551421744,,,,analytic asymptotic QCRB probability; no Monte-Carlo error,,15,157
"U(0.01,0.1), eps=1e-05",narrow_e5,0.01,0.1,uniform,1e-05,oracle_hl,qmetrology.oracle.oracle_rate (analytic QCRB rate at N_opt),1664190563,{},,2024,"42,43",0.999778219121,,,,analytic asymptotic QCRB probability; no Monte-Carlo error,,15,157
"U(0.01,0.1), eps=1e-05",narrow_e5,0.01,0.1,uniform,1e-05,oracle_hl,qmetrology.oracle.oracle_rate (analytic QCRB rate at N_opt),2357466314,{},,2024,"42,43",0.999982110012,,,,analytic asymptotic QCRB probability; no Monte-Carlo error,,15,157
"U(0.01,0.1), eps=1e-05",narrow_e5,0.01,0.1,uniform,1e-05,oracle_hl,qmetrology.oracle.oracle_rate (analytic QCRB rate at N_opt),3339549897,{},,2024,"42,43",0.999999408199,,,,analytic asymptotic QCRB probability; no Monte-Carlo error,,15,157
"U(0.01,0.1), eps=1e-05",narrow_e5,0.01,0.1,uniform,1e-05,oracle_hl,qmetrology.oracle.oracle_rate (analytic QCRB rate at N_opt),4730754135,{},,2024,"42,43",0.999999994359,,,,analytic asymptotic QCRB probability; no Monte-Carlo error,,15,157
"U(0.01,0.1), eps=1e-05",narrow_e5,0.01,0.1,uniform,1e-05,oracle_hl,qmetrology.oracle.oracle_rate (analytic QCRB rate at N_opt),6701512293,{},,2024,"42,43",0.999999999991,,,,analytic asymptotic QCRB probability; no Monte-Carlo error,,15,157
"U(0.01,0.1), eps=1e-05",narrow_e5,0.01,0.1,uniform,1e-05,oracle_hl,qmetrology.oracle.oracle_rate (analytic QCRB rate at N_opt),9493257466,{},,2024,"42,43",1.0,,,,analytic asymptotic QCRB probability; no Monte-Carlo error,,15,157
"U(0.01,0.1), eps=1e-05",narrow_e5,0.01,0.1,uniform,1e-05,oracle_hl,qmetrology.oracle.oracle_rate (analytic QCRB rate at N_opt),13447999999,{},,2024,"42,43",1.0,,,,analytic asymptotic QCRB probability; no Monte-Carlo error,,15,157
"U(0.01,0.1), eps=1e-06",narrow_e6,0.01,0.1,uniform,1e-06,oracle_hl,qmetrology.oracle.oracle_rate (analytic QCRB rate at N_opt),896533333,{},,2024,"42,43",0.277469594963,,,,analytic asymptotic QCRB probability; no Monte-Carlo error,,15,157
"U(0.01,0.1), eps=1e-06",narrow_e6,0.01,0.1,uniform,1e-06,oracle_hl,qmetrology.oracle.oracle_rate (analytic QCRB rate at N_opt),1270015093,{},,2024,"42,43",0.326446215713,,,,analytic asymptotic QCRB probability; no Monte-Carlo error,,15,157
"U(0.01,0.1), eps=1e-06",narrow_e6,0.01,0.1,uniform,1e-06,oracle_hl,qmetrology.oracle.oracle_rate (analytic QCRB rate at N_opt),1799083511,{},,2024,"42,43",0.382368058708,,,,analytic asymptotic QCRB probability; no Monte-Carlo error,,15,157
"U(0.01,0.1), eps=1e-06",narrow_e6,0.01,0.1,uniform,1e-06,oracle_hl,qmetrology.oracle.oracle_rate (analytic QCRB rate at N_opt),2548553554,{},,2024,"42,43",0.44521873122,,,,analytic asymptotic QCRB probability; no Monte-Carlo error,,15,157
"U(0.01,0.1), eps=1e-06",narrow_e6,0.01,0.1,uniform,1e-06,oracle_hl,qmetrology.oracle.oracle_rate (analytic QCRB rate at N_opt),3610241091,{},,2024,"42,43",0.51438321684,,,,analytic asymptotic QCRB probability; no Monte-Carlo error,,15,157
"U(0.01,0.1), eps=1e-06",narrow_e6,0.01,0.1,uniform,1e-06,oracle_hl,qmetrology.oracle.oracle_rate (analytic QCRB rate at N_opt),5114211046,{},,2024,"42,43",0.588427597196,,,,analytic asymptotic QCRB probability; no Monte-Carlo error,,15,157
"U(0.01,0.1), eps=1e-06",narrow_e6,0.01,0.1,uniform,1e-06,oracle_hl,qmetrology.oracle.oracle_rate (analytic QCRB rate at N_opt),7244711353,{},,2024,"42,43",0.664957216432,,,,analytic asymptotic QCRB probability; no Monte-Carlo error,,15,157
"U(0.01,0.1), eps=1e-06",narrow_e6,0.01,0.1,uniform,1e-06,oracle_hl,qmetrology.oracle.oracle_rate (analytic QCRB rate at N_opt),10262744755,{},,2024,"42,43",0.740659781345,,,,analytic asymptotic QCRB probability; no Monte-Carlo error,,15,157
"U(0.01,0.1), eps=1e-06",narrow_e6,0.01,0.1,uniform,1e-06,oracle_hl,qmetrology.oracle.oracle_rate (analytic QCRB rate at N_opt),14538043655,{},,2024,"42,43",0.81160669034,,,,analytic asymptotic QCRB probability; no Monte-Carlo error,,15,157
"U(0.01,0.1), eps=1e-06",narrow_e6,0.01,0.1,uniform,1e-06,oracle_hl,qmetrology.oracle.oracle_rate (analytic QCRB rate at N_opt),20594365186,{},,2024,"42,43",0.873799497153,,,,analytic asymptotic QCRB probability; no Monte-Carlo error,,15,157
"U(0.01,0.1), eps=1e-06",narrow_e6,0.01,0.1,uniform,1e-06,oracle_hl,qmetrology.oracle.oracle_rate (analytic QCRB rate at N_opt),29173655514,{},,2024,"42,43",0.923894394695,,,,analytic asymptotic QCRB probability; no Monte-Carlo error,,15,157
"U(0.01,0.1), eps=1e-06",narrow_e6,0.01,0.1,uniform,1e-06,oracle_hl,qmetrology.oracle.oracle_rate (analytic QCRB rate at N_opt),41326943964,{},,2024,"42,43",0.96002980047,,,,analytic asymptotic QCRB probability; no Monte-Carlo error,,15,157
"U(0.01,0.1), eps=1e-06",narrow_e6,0.01,0.1,uniform,1e-06,oracle_hl,qmetrology.oracle.oracle_rate (analytic QCRB rate at N_opt),58543102238,{},,2024,"42,43",0.98253776897,,,,analytic asymptotic QCRB probability; no Monte-Carlo error,,15,157
"U(0.01,0.1), eps=1e-06",narrow_e6,0.01,0.1,uniform,1e-06,oracle_hl,qmetrology.oracle.oracle_rate (analytic QCRB rate at N_opt),82931242693,{},,2024,"42,43",0.99404638504,,,,analytic asymptotic QCRB probability; no Monte-Carlo error,,15,157
"U(0.01,0.1), eps=1e-06",narrow_e6,0.01,0.1,uniform,1e-06,oracle_hl,qmetrology.oracle.oracle_rate (analytic QCRB rate at N_opt),117479100897,{},,2024,"42,43",0.998551421787,,,,analytic asymptotic QCRB probability; no Monte-Carlo error,,15,157
"U(0.01,0.1), eps=1e-06",narrow_e6,0.01,0.1,uniform,1e-06,oracle_hl,qmetrology.oracle.oracle_rate (analytic QCRB rate at N_opt),166419056310,{},,2024,"42,43",0.999778219126,,,,analytic asymptotic QCRB probability; no Monte-Carlo error,,15,157
"U(0.01,0.1), eps=1e-06",narrow_e6,0.01,0.1,uniform,1e-06,oracle_hl,qmetrology.oracle.oracle_rate (analytic QCRB rate at N_opt),235746631456,{},,2024,"42,43",0.999982110012,,,,analytic asymptotic QCRB probability; no Monte-Carlo error,,15,157
"U(0.01,0.1), eps=1e-06",narrow_e6,0.01,0.1,uniform,1e-06,oracle_hl,qmetrology.oracle.oracle_rate (analytic QCRB rate at N_opt),333954989743,{},,2024,"42,43",0.999999408199,,,,analytic asymptotic QCRB probability; no Monte-Carlo error,,15,157
"U(0.01,0.1), eps=1e-06",narrow_e6,0.01,0.1,uniform,1e-06,oracle_hl,qmetrology.oracle.oracle_rate (analytic QCRB rate at N_opt),473075413571,{},,2024,"42,43",0.999999994359,,,,analytic asymptotic QCRB probability; no Monte-Carlo error,,15,157
"U(0.01,0.1), eps=1e-06",narrow_e6,0.01,0.1,uniform,1e-06,oracle_hl,qmetrology.oracle.oracle_rate (analytic QCRB rate at N_opt),670151229355,{},,2024,"42,43",0.999999999991,,,,analytic asymptotic QCRB probability; no Monte-Carlo error,,15,157
"U(0.01,0.1), eps=1e-06",narrow_e6,0.01,0.1,uniform,1e-06,oracle_hl,qmetrology.oracle.oracle_rate (analytic QCRB rate at N_opt),949325746642,{},,2024,"42,43",1.0,,,,analytic asymptotic QCRB probability; no Monte-Carlo error,,15,157
"U(0.01,0.1), eps=1e-06",narrow_e6,0.01,0.1,uniform,1e-06,oracle_hl,qmetrology.oracle.oracle_rate (analytic QCRB rate at N_opt),1344800000000,{},,2024,"42,43",1.0,,,,analytic asymptotic QCRB probability; no Monte-Carlo error,,15,157
"U(0.01,0.1), eps=1e-07",narrow_e7,0.01,0.1,uniform,1e-07,oracle_hl,qmetrology.oracle.oracle_rate (analytic QCRB rate at N_opt),89653333333,{},,2024,"42,43",0.277469598357,,,,analytic asymptotic QCRB probability; no Monte-Carlo error,,15,157
"U(0.01,0.1), eps=1e-07",narrow_e7,0.01,0.1,uniform,1e-07,oracle_hl,qmetrology.oracle.oracle_rate (analytic QCRB rate at N_opt),127001509327,{},,2024,"42,43",0.326446218735,,,,analytic asymptotic QCRB probability; no Monte-Carlo error,,15,157
"U(0.01,0.1), eps=1e-07",narrow_e7,0.01,0.1,uniform,1e-07,oracle_hl,qmetrology.oracle.oracle_rate (analytic QCRB rate at N_opt),179908351108,{},,2024,"42,43",0.38236806101,,,,analytic asymptotic QCRB probability; no Monte-Carlo error,,15,157
"U(0.01,0.1), eps=1e-07",narrow_e7,0.01,0.1,uniform,1e-07,oracle_hl,qmetrology.oracle.oracle_rate (analytic QCRB rate at N_opt),254855355420,{},,2024,"42,43",0.445218732745,,,,analytic asymptotic QCRB probability; no Monte-Carlo error,,15,157
"U(0.01,0.1), eps=1e-07",narrow_e7,0.01,0.1,uniform,1e-07,oracle_hl,qmetrology.oracle.oracle_rate (analytic QCRB rate at N_opt),361024109144,{},,2024,"42,43",0.514383217921,,,,analytic asymptotic QCRB probability; no Monte-Carlo error,,15,157
"U(0.01,0.1), eps=1e-07",narrow_e7,0.01,0.1,uniform,1e-07,oracle_hl,qmetrology.oracle.oracle_rate (analytic QCRB rate at N_opt),511421104605,{},,2024,"42,43",0.588427598069,,,,analytic asymptotic QCRB probability; no Monte-Carlo error,,15,157
"U(0.01,0.1), eps=1e-07",narrow_e7,0.01,0.1,uniform,1e-07,oracle_hl,qmetrology.oracle.oracle_rate (analytic QCRB rate at N_opt),724471135335,{},,2024,"42,43",0.66495721698,,,,analytic asymptotic QCRB probability; no Monte-Carlo error,,15,157
"U(0.01,0.1), eps=1e-07",narrow_e7,0.01,0.1,uniform,1e-07,oracle_hl,qmetrology.oracle.oracle_rate (analytic QCRB rate at N_opt),1026274475590,{},,2024,"42,43",0.740659781728,,,,analytic asymptotic QCRB probability; no Monte-Carlo error,,15,157
"U(0.01,0.1), eps=1e-07",narrow_e7,0.01,0.1,uniform,1e-07,oracle_hl,qmetrology.oracle.oracle_rate (analytic QCRB rate at N_opt),1453804365525,{},,2024,"42,43",0.811606690524,,,,analytic asymptotic QCRB probability; no Monte-Carlo error,,15,157
"U(0.01,0.1), eps=1e-07",narrow_e7,0.01,0.1,uniform,1e-07,oracle_hl,qmetrology.oracle.oracle_rate (analytic QCRB rate at N_opt),2059436518680,{},,2024,"42,43",0.873799497239,,,,analytic asymptotic QCRB probability; no Monte-Carlo error,,15,157
"U(0.01,0.1), eps=1e-07",narrow_e7,0.01,0.1,uniform,1e-07,oracle_hl,qmetrology.oracle.oracle_rate (analytic QCRB rate at N_opt),2917365551411,{},,2024,"42,43",0.923894394753,,,,analytic asymptotic QCRB probability; no Monte-Carlo error,,15,157
"U(0.01,0.1), eps=1e-07",narrow_e7,0.01,0.1,uniform,1e-07,oracle_hl,qmetrology.oracle.oracle_rate (analytic QCRB rate at N_opt),4132694396433,{},,2024,"42,43",0.960029800497,,,,analytic asymptotic QCRB probability; no Monte-Carlo error,,15,157
"U(0.01,0.1), eps=1e-07",narrow_e7,0.01,0.1,uniform,1e-07,oracle_hl,qmetrology.oracle.oracle_rate (analytic QCRB rate at N_opt),5854310223842,{},,2024,"42,43",0.98253776898,,,,analytic asymptotic QCRB probability; no Monte-Carlo error,,15,157
"U(0.01,0.1), eps=1e-07",narrow_e7,0.01,0.1,uniform,1e-07,oracle_hl,qmetrology.oracle.oracle_rate (analytic QCRB rate at N_opt),8293124269377,{},,2024,"42,43",0.994046385043,,,,analytic asymptotic QCRB probability; no Monte-Carlo error,,15,157
"U(0.01,0.1), eps=1e-07",narrow_e7,0.01,0.1,uniform,1e-07,oracle_hl,qmetrology.oracle.oracle_rate (analytic QCRB rate at N_opt),11747910089773,{},,2024,"42,43",0.998551421787,,,,analytic asymptotic QCRB probability; no Monte-Carlo error,,15,157
"U(0.01,0.1), eps=1e-07",narrow_e7,0.01,0.1,uniform,1e-07,oracle_hl,qmetrology.oracle.oracle_rate (analytic QCRB rate at N_opt),16641905631032,{},,2024,"42,43",0.999778219126,,,,analytic asymptotic QCRB probability; no Monte-Carlo error,,15,157
"U(0.01,0.1), eps=1e-07",narrow_e7,0.01,0.1,uniform,1e-07,oracle_hl,qmetrology.oracle.oracle_rate (analytic QCRB rate at N_opt),23574663145682,{},,2024,"42,43",0.999982110012,,,,analytic asymptotic QCRB probability; no Monte-Carlo error,,15,157
"U(0.01,0.1), eps=1e-07",narrow_e7,0.01,0.1,uniform,1e-07,oracle_hl,qmetrology.oracle.oracle_rate (analytic QCRB rate at N_opt),33395498974351,{},,2024,"42,43",0.999999408199,,,,analytic asymptotic QCRB probability; no Monte-Carlo error,,15,157
"U(0.01,0.1), eps=1e-07",narrow_e7,0.01,0.1,uniform,1e-07,oracle_hl,qmetrology.oracle.oracle_rate (analytic QCRB rate at N_opt),47307541357178,{},,2024,"42,43",0.999999994359,,,,analytic asymptotic QCRB probability; no Monte-Carlo error,,15,157
"U(0.01,0.1), eps=1e-07",narrow_e7,0.01,0.1,uniform,1e-07,oracle_hl,qmetrology.oracle.oracle_rate (analytic QCRB rate at N_opt),67015122935579,{},,2024,"42,43",0.999999999991,,,,analytic asymptotic QCRB probability; no Monte-Carlo error,,15,157
"U(0.01,0.1), eps=1e-07",narrow_e7,0.01,0.1,uniform,1e-07,oracle_hl,qmetrology.oracle.oracle_rate (analytic QCRB rate at N_opt),94932574664214,{},,2024,"42,43",1.0,,,,analytic asymptotic QCRB probability; no Monte-Carlo error,,15,157
"U(0.01,0.1), eps=1e-07",narrow_e7,0.01,0.1,uniform,1e-07,oracle_hl,qmetrology.oracle.oracle_rate (analytic QCRB rate at N_opt),134480000000000,{},,2024,"42,43",1.0,,,,analytic asymptotic QCRB probability; no Monte-Carlo error,,15,157
"U(0.01,0.1), eps=1e-08",narrow_e8,0.01,0.1,uniform,1e-08,oracle_hl,qmetrology.oracle.oracle_rate (analytic QCRB rate at N_opt),8965333333333,{},,2024,"42,43",0.277469598391,,,,analytic asymptotic QCRB probability; no Monte-Carlo error,,15,157
"U(0.01,0.1), eps=1e-08",narrow_e8,0.01,0.1,uniform,1e-08,oracle_hl,qmetrology.oracle.oracle_rate (analytic QCRB rate at N_opt),12700150932713,{},,2024,"42,43",0.326446218759,,,,analytic asymptotic QCRB probability; no Monte-Carlo error,,15,157
"U(0.01,0.1), eps=1e-08",narrow_e8,0.01,0.1,uniform,1e-08,oracle_hl,qmetrology.oracle.oracle_rate (analytic QCRB rate at N_opt),17990835110839,{},,2024,"42,43",0.382368061031,,,,analytic asymptotic QCRB probability; no Monte-Carlo error,,15,157
"U(0.01,0.1), eps=1e-08",narrow_e8,0.01,0.1,uniform,1e-08,oracle_hl,qmetrology.oracle.oracle_rate (analytic QCRB rate at N_opt),25485535542077,{},,2024,"42,43",0.445218732762,,,,analytic asymptotic QCRB probability; no Monte-Carlo error,,15,157
"U(0.01,0.1), eps=1e-08",narrow_e8,0.01,0.1,uniform,1e-08,oracle_hl,qmetrology.oracle.oracle_rate (analytic QCRB rate at N_opt),36102410914495,{},,2024,"42,43",0.514383217934,,,,analytic asymptotic QCRB probability; no Monte-Carlo error,,15,157
"U(0.01,0.1), eps=1e-08",narrow_e8,0.01,0.1,uniform,1e-08,oracle_hl,qmetrology.oracle.oracle_rate (analytic QCRB rate at N_opt),51142110460546,{},,2024,"42,43",0.588427598076,,,,analytic asymptotic QCRB probability; no Monte-Carlo error,,15,157
"U(0.01,0.1), eps=1e-08",narrow_e8,0.01,0.1,uniform,1e-08,oracle_hl,qmetrology.oracle.oracle_rate (analytic QCRB rate at N_opt),72447113533589,{},,2024,"42,43",0.664957216986,,,,analytic asymptotic QCRB probability; no Monte-Carlo error,,15,157
"U(0.01,0.1), eps=1e-08",narrow_e8,0.01,0.1,uniform,1e-08,oracle_hl,qmetrology.oracle.oracle_rate (analytic QCRB rate at N_opt),102627447559047,{},,2024,"42,43",0.740659781731,,,,analytic asymptotic QCRB probability; no Monte-Carlo error,,15,157
"U(0.01,0.1), eps=1e-08",narrow_e8,0.01,0.1,uniform,1e-08,oracle_hl,qmetrology.oracle.oracle_rate (analytic QCRB rate at N_opt),145380436552546,{},,2024,"42,43",0.811606690526,,,,analytic asymptotic QCRB probability; no Monte-Carlo error,,15,157
"U(0.01,0.1), eps=1e-08",narrow_e8,0.01,0.1,uniform,1e-08,oracle_hl,qmetrology.oracle.oracle_rate (analytic QCRB rate at N_opt),205943651868068,{},,2024,"42,43",0.87379949724,,,,analytic asymptotic QCRB probability; no Monte-Carlo error,,15,157
"U(0.01,0.1), eps=1e-08",narrow_e8,0.01,0.1,uniform,1e-08,oracle_hl,qmetrology.oracle.oracle_rate (analytic QCRB rate at N_opt),291736555141147,{},,2024,"42,43",0.923894394753,,,,analytic asymptotic QCRB probability; no Monte-Carlo error,,15,157
"U(0.01,0.1), eps=1e-08",narrow_e8,0.01,0.1,uniform,1e-08,oracle_hl,qmetrology.oracle.oracle_rate (analytic QCRB rate at N_opt),413269439643361,{},,2024,"42,43",0.960029800497,,,,analytic asymptotic QCRB probability; no Monte-Carlo error,,15,157
"U(0.01,0.1), eps=1e-08",narrow_e8,0.01,0.1,uniform,1e-08,oracle_hl,qmetrology.oracle.oracle_rate (analytic QCRB rate at N_opt),585431022384237,{},,2024,"42,43",0.982537768981,,,,analytic asymptotic QCRB probability; no Monte-Carlo error,,15,157
"U(0.01,0.1), eps=1e-08",narrow_e8,0.01,0.1,uniform,1e-08,oracle_hl,qmetrology.oracle.oracle_rate (analytic QCRB rate at N_opt),829312426937782,{},,2024,"42,43",0.994046385043,,,,analytic asymptotic QCRB probability; no Monte-Carlo error,,15,157
"U(0.01,0.1), eps=1e-08",narrow_e8,0.01,0.1,uniform,1e-08,oracle_hl,qmetrology.oracle.oracle_rate (analytic QCRB rate at N_opt),1174791008977376,{},,2024,"42,43",0.998551421787,,,,analytic asymptotic QCRB probability; no Monte-Carlo error,,15,157
"U(0.01,0.1), eps=1e-08",narrow_e8,0.01,0.1,uniform,1e-08,oracle_hl,qmetrology.oracle.oracle_rate (analytic QCRB rate at N_opt),1664190563103208,{},,2024,"42,43",0.999778219126,,,,analytic asymptotic QCRB probability; no Monte-Carlo error,,15,157
"U(0.01,0.1), eps=1e-08",narrow_e8,0.01,0.1,uniform,1e-08,oracle_hl,qmetrology.oracle.oracle_rate (analytic QCRB rate at N_opt),2357466314568226,{},,2024,"42,43",0.999982110012,,,,analytic asymptotic QCRB probability; no Monte-Carlo error,,15,157
"U(0.01,0.1), eps=1e-08",narrow_e8,0.01,0.1,uniform,1e-08,oracle_hl,qmetrology.oracle.oracle_rate (analytic QCRB rate at N_opt),3339549897435170,{},,2024,"42,43",0.999999408199,,,,analytic asymptotic QCRB probability; no Monte-Carlo error,,15,157
"U(0.01,0.1), eps=1e-08",narrow_e8,0.01,0.1,uniform,1e-08,oracle_hl,qmetrology.oracle.oracle_rate (analytic QCRB rate at N_opt),4730754135717893,{},,2024,"42,43",0.999999994359,,,,analytic asymptotic QCRB probability; no Monte-Carlo error,,15,157
"U(0.01,0.1), eps=1e-08",narrow_e8,0.01,0.1,uniform,1e-08,oracle_hl,qmetrology.oracle.oracle_rate (analytic QCRB rate at N_opt),6701512293557939,{},,2024,"42,43",0.999999999991,,,,analytic asymptotic QCRB probability; no Monte-Carlo error,,15,157
"U(0.01,0.1), eps=1e-08",narrow_e8,0.01,0.1,uniform,1e-08,oracle_hl,qmetrology.oracle.oracle_rate (analytic QCRB rate at N_opt),9493257466421480,{},,2024,"42,43",1.0,,,,analytic asymptotic QCRB probability; no Monte-Carlo error,,15,157
"U(0.01,0.1), eps=1e-08",narrow_e8,0.01,0.1,uniform,1e-08,oracle_hl,qmetrology.oracle.oracle_rate (analytic QCRB rate at N_opt),13447999999999998,{},,2024,"42,43",1.0,,,,analytic asymptotic QCRB probability; no Monte-Carlo error,,15,157
"U(0.001,0.01), eps=1e-04",small_e4,0.001,0.01,uniform,0.0001,oracle_hl,qmetrology.oracle.oracle_rate (analytic QCRB rate at N_opt),8565,{},,2024,"42,43",0.269641603556,,,,analytic asymptotic QCRB probability; no Monte-Carlo error,,157,1570
"U(0.001,0.01), eps=1e-04",small_e4,0.001,0.01,uniform,0.0001,oracle_hl,qmetrology.oracle.oracle_rate (analytic QCRB rate at N_opt),12133,{},,2024,"42,43",0.318802584152,,,,analytic asymptotic QCRB probability; no Monte-Carlo error,,157,1570
"U(0.001,0.01), eps=1e-04",small_e4,0.001,0.01,uniform,0.0001,oracle_hl,qmetrology.oracle.oracle_rate (analytic QCRB rate at N_opt),17188,{},,2024,"42,43",0.374822895289,,,,analytic asymptotic QCRB probability; no Monte-Carlo error,,157,1570
"U(0.001,0.01), eps=1e-04",small_e4,0.001,0.01,uniform,0.0001,oracle_hl,qmetrology.oracle.oracle_rate (analytic QCRB rate at N_opt),24349,{},,2024,"42,43",0.437654785863,,,,analytic asymptotic QCRB probability; no Monte-Carlo error,,157,1570
"U(0.001,0.01), eps=1e-04",small_e4,0.001,0.01,uniform,0.0001,oracle_hl,qmetrology.oracle.oracle_rate (analytic QCRB rate at N_opt),34492,{},,2024,"42,43",0.506822701364,,,,analytic asymptotic QCRB probability; no Monte-Carlo error,,157,1570
"U(0.001,0.01), eps=1e-04",small_e4,0.001,0.01,uniform,0.0001,oracle_hl,qmetrology.oracle.oracle_rate (analytic QCRB rate at N_opt),48861,{},,2024,"42,43",0.581066858584,,,,analytic asymptotic QCRB probability; no Monte-Carlo error,,157,1570
"U(0.001,0.01), eps=1e-04",small_e4,0.001,0.01,uniform,0.0001,oracle_hl,qmetrology.oracle.oracle_rate (analytic QCRB rate at N_opt),69216,{},,2024,"42,43",0.657949428761,,,,analytic asymptotic QCRB probability; no Monte-Carlo error,,157,1570
"U(0.001,0.01), eps=1e-04",small_e4,0.001,0.01,uniform,0.0001,oracle_hl,qmetrology.oracle.oracle_rate (analytic QCRB rate at N_opt),98051,{},,2024,"42,43",0.734247231939,,,,analytic asymptotic QCRB probability; no Monte-Carlo error,,157,1570
"U(0.001,0.01), eps=1e-04",small_e4,0.001,0.01,uniform,0.0001,oracle_hl,qmetrology.oracle.oracle_rate (analytic QCRB rate at N_opt),138898,{},,2024,"42,43",0.80608698765,,,,analytic asymptotic QCRB probability; no Monte-Carlo error,,157,1570
"U(0.001,0.01), eps=1e-04",small_e4,0.001,0.01,uniform,0.0001,oracle_hl,qmetrology.oracle.oracle_rate (analytic QCRB rate at N_opt),196761,{},,2024,"42,43",0.86938095957,,,,analytic asymptotic QCRB probability; no Monte-Carlo error,,157,1570
"U(0.001,0.01), eps=1e-04",small_e4,0.001,0.01,uniform,0.0001,oracle_hl,qmetrology.oracle.oracle_rate (analytic QCRB rate at N_opt),278729,{},,2024,"42,43",0.920686280179,,,,analytic asymptotic QCRB probability; no Monte-Carlo error,,157,1570
"U(0.001,0.01), eps=1e-04",small_e4,0.001,0.01,uniform,0.0001,oracle_hl,qmetrology.oracle.oracle_rate (analytic QCRB rate at N_opt),394843,{},,2024,"42,43",0.957985221562,,,,analytic asymptotic QCRB probability; no Monte-Carlo error,,157,1570
"U(0.001,0.01), eps=1e-04",small_e4,0.001,0.01,uniform,0.0001,oracle_hl,qmetrology.oracle.oracle_rate (analytic QCRB rate at N_opt),559329,{},,2024,"42,43",0.981442661343,,,,analytic asymptotic QCRB probability; no Monte-Carlo error,,157,1570
"U(0.001,0.01), eps=1e-04",small_e4,0.001,0.01,uniform,0.0001,oracle_hl,qmetrology.oracle.oracle_rate (analytic QCRB rate at N_opt),792336,{},,2024,"42,43",0.993584503693,,,,analytic asymptotic QCRB probability; no Monte-Carlo error,,157,1570
"U(0.001,0.01), eps=1e-04",small_e4,0.001,0.01,uniform,0.0001,oracle_hl,qmetrology.oracle.oracle_rate (analytic QCRB rate at N_opt),1122411,{},,2024,"42,43",0.99841118449,,,,analytic asymptotic QCRB probability; no Monte-Carlo error,,157,1570
"U(0.001,0.01), eps=1e-04",small_e4,0.001,0.01,uniform,0.0001,oracle_hl,qmetrology.oracle.oracle_rate (analytic QCRB rate at N_opt),1589990,{},,2024,"42,43",0.999751239515,,,,analytic asymptotic QCRB probability; no Monte-Carlo error,,157,1570
"U(0.001,0.01), eps=1e-04",small_e4,0.001,0.01,uniform,0.0001,oracle_hl,qmetrology.oracle.oracle_rate (analytic QCRB rate at N_opt),2252356,{},,2024,"42,43",0.999979368786,,,,analytic asymptotic QCRB probability; no Monte-Carlo error,,157,1570
"U(0.001,0.01), eps=1e-04",small_e4,0.001,0.01,uniform,0.0001,oracle_hl,qmetrology.oracle.oracle_rate (analytic QCRB rate at N_opt),3190652,{},,2024,"42,43",0.999999294896,,,,analytic asymptotic QCRB probability; no Monte-Carlo error,,157,1570
"U(0.001,0.01), eps=1e-04",small_e4,0.001,0.01,uniform,0.0001,oracle_hl,qmetrology.oracle.oracle_rate (analytic QCRB rate at N_opt),4519828,{},,2024,"42,43",0.999999993049,,,,analytic asymptotic QCRB probability; no Monte-Carlo error,,157,1570
"U(0.001,0.01), eps=1e-04",small_e4,0.001,0.01,uniform,0.0001,oracle_hl,qmetrology.oracle.oracle_rate (analytic QCRB rate at N_opt),6402718,{},,2024,"42,43",0.999999999988,,,,analytic asymptotic QCRB probability; no Monte-Carlo error,,157,1570
"U(0.001,0.01), eps=1e-04",small_e4,0.001,0.01,uniform,0.0001,oracle_hl,qmetrology.oracle.oracle_rate (analytic QCRB rate at N_opt),9069991,{},,2024,"42,43",1.0,,,,analytic asymptotic QCRB probability; no Monte-Carlo error,,157,1570
"U(0.001,0.01), eps=1e-04",small_e4,0.001,0.01,uniform,0.0001,oracle_hl,qmetrology.oracle.oracle_rate (analytic QCRB rate at N_opt),12848407,{},,2024,"42,43",1.0,,,,analytic asymptotic QCRB probability; no Monte-Carlo error,,157,1570
"U(0.001,0.1), eps=1e-04",wide_e4,0.001,0.1,uniform,0.0001,oracle_hl,qmetrology.oracle.oracle_rate (analytic QCRB rate at N_opt),89653,{},,2024,"42,43",0.317202726939,,,,analytic asymptotic QCRB probability; no Monte-Carlo error,,15,1570
"U(0.001,0.1), eps=1e-04",wide_e4,0.001,0.1,uniform,0.0001,oracle_hl,qmetrology.oracle.oracle_rate (analytic QCRB rate at N_opt),127001,{},,2024,"42,43",0.368403034569,,,,analytic asymptotic QCRB probability; no Monte-Carlo error,,15,1570
"U(0.001,0.1), eps=1e-04",wide_e4,0.001,0.1,uniform,0.0001,oracle_hl,qmetrology.oracle.oracle_rate (analytic QCRB rate at N_opt),179908,{},,2024,"42,43",0.425235069361,,,,analytic asymptotic QCRB probability; no Monte-Carlo error,,15,1570
"U(0.001,0.1), eps=1e-04",wide_e4,0.001,0.1,uniform,0.0001,oracle_hl,qmetrology.oracle.oracle_rate (analytic QCRB rate at N_opt),254855,{},,2024,"42,43",0.487345294589,,,,analytic asymptotic QCRB probability; no Monte-Carlo error,,15,1570
"U(0.001,0.1), eps=1e-04",wide_e4,0.001,0.1,uniform,0.0001,oracle_hl,qmetrology.oracle.oracle_rate (analytic QCRB rate at N_opt),361024,{},,2024,"42,43",0.553952565234,,,,analytic asymptotic QCRB probability; no Monte-Carlo error,,15,1570
"U(0.001,0.1), eps=1e-04",wide_e4,0.001,0.1,uniform,0.0001,oracle_hl,qmetrology.oracle.oracle_rate (analytic QCRB rate at N_opt),511421,{},,2024,"42,43",0.62371098484,,,,analytic asymptotic QCRB probability; no Monte-Carlo error,,15,1570
"U(0.001,0.1), eps=1e-04",wide_e4,0.001,0.1,uniform,0.0001,oracle_hl,qmetrology.oracle.oracle_rate (analytic QCRB rate at N_opt),724471,{},,2024,"42,43",0.694623301336,,,,analytic asymptotic QCRB probability; no Monte-Carlo error,,15,1570
"U(0.001,0.1), eps=1e-04",wide_e4,0.001,0.1,uniform,0.0001,oracle_hl,qmetrology.oracle.oracle_rate (analytic QCRB rate at N_opt),1026274,{},,2024,"42,43",0.764018703004,,,,analytic asymptotic QCRB probability; no Monte-Carlo error,,15,1570
"U(0.001,0.1), eps=1e-04",wide_e4,0.001,0.1,uniform,0.0001,oracle_hl,qmetrology.oracle.oracle_rate (analytic QCRB rate at N_opt),1453804,{},,2024,"42,43",0.828693263897,,,,analytic asymptotic QCRB probability; no Monte-Carlo error,,15,1570
"U(0.001,0.1), eps=1e-04",wide_e4,0.001,0.1,uniform,0.0001,oracle_hl,qmetrology.oracle.oracle_rate (analytic QCRB rate at N_opt),2059436,{},,2024,"42,43",0.885267479505,,,,analytic asymptotic QCRB probability; no Monte-Carlo error,,15,1570
"U(0.001,0.1), eps=1e-04",wide_e4,0.001,0.1,uniform,0.0001,oracle_hl,qmetrology.oracle.oracle_rate (analytic QCRB rate at N_opt),2917365,{},,2024,"42,43",0.930812394512,,,,analytic asymptotic QCRB probability; no Monte-Carlo error,,15,1570
"U(0.001,0.1), eps=1e-04",wide_e4,0.001,0.1,uniform,0.0001,oracle_hl,qmetrology.oracle.oracle_rate (analytic QCRB rate at N_opt),4132694,{},,2024,"42,43",0.96366322421,,,,analytic asymptotic QCRB probability; no Monte-Carlo error,,15,1570
"U(0.001,0.1), eps=1e-04",wide_e4,0.001,0.1,uniform,0.0001,oracle_hl,qmetrology.oracle.oracle_rate (analytic QCRB rate at N_opt),5854310,{},,2024,"42,43",0.984125178004,,,,analytic asymptotic QCRB probability; no Monte-Carlo error,,15,1570
"U(0.001,0.1), eps=1e-04",wide_e4,0.001,0.1,uniform,0.0001,oracle_hl,qmetrology.oracle.oracle_rate (analytic QCRB rate at N_opt),8293124,{},,2024,"42,43",0.994587602172,,,,analytic asymptotic QCRB probability; no Monte-Carlo error,,15,1570
"U(0.001,0.1), eps=1e-04",wide_e4,0.001,0.1,uniform,0.0001,oracle_hl,qmetrology.oracle.oracle_rate (analytic QCRB rate at N_opt),11747910,{},,2024,"42,43",0.998683106603,,,,analytic asymptotic QCRB probability; no Monte-Carlo error,,15,1570
"U(0.001,0.1), eps=1e-04",wide_e4,0.001,0.1,uniform,0.0001,oracle_hl,qmetrology.oracle.oracle_rate (analytic QCRB rate at N_opt),16641905,{},,2024,"42,43",0.999798380514,,,,analytic asymptotic QCRB probability; no Monte-Carlo error,,15,1570
"U(0.001,0.1), eps=1e-04",wide_e4,0.001,0.1,uniform,0.0001,oracle_hl,qmetrology.oracle.oracle_rate (analytic QCRB rate at N_opt),23574663,{},,2024,"42,43",0.999983736325,,,,analytic asymptotic QCRB probability; no Monte-Carlo error,,15,1570
"U(0.001,0.1), eps=1e-04",wide_e4,0.001,0.1,uniform,0.0001,oracle_hl,qmetrology.oracle.oracle_rate (analytic QCRB rate at N_opt),33395498,{},,2024,"42,43",0.999999461998,,,,analytic asymptotic QCRB probability; no Monte-Carlo error,,15,1570
"U(0.001,0.1), eps=1e-04",wide_e4,0.001,0.1,uniform,0.0001,oracle_hl,qmetrology.oracle.oracle_rate (analytic QCRB rate at N_opt),47307541,{},,2024,"42,43",0.999999994872,,,,analytic asymptotic QCRB probability; no Monte-Carlo error,,15,1570
"U(0.001,0.1), eps=1e-04",wide_e4,0.001,0.1,uniform,0.0001,oracle_hl,qmetrology.oracle.oracle_rate (analytic QCRB rate at N_opt),67015122,{},,2024,"42,43",0.999999999991,,,,analytic asymptotic QCRB probability; no Monte-Carlo error,,15,1570
"U(0.001,0.1), eps=1e-04",wide_e4,0.001,0.1,uniform,0.0001,oracle_hl,qmetrology.oracle.oracle_rate (analytic QCRB rate at N_opt),94932574,{},,2024,"42,43",1.0,,,,analytic asymptotic QCRB probability; no Monte-Carlo error,,15,1570
"U(0.001,0.1), eps=1e-04",wide_e4,0.001,0.1,uniform,0.0001,oracle_hl,qmetrology.oracle.oracle_rate (analytic QCRB rate at N_opt),134480000,{},,2024,"42,43",1.0,,,,analytic asymptotic QCRB probability; no Monte-Carlo error,,15,1570
