setting,phi_min,phi_max,eps,algo,budget,rate,rate_lo,rate_hi
"U(0.01,0.1), eps=1e-03",0.01,0.1,0.001,brute,896,0.17505,0.17136,0.17881
"U(0.01,0.1), eps=1e-03",0.01,0.1,0.001,brute,1081,0.19545,0.19159,0.19937
"U(0.01,0.1), eps=1e-03",0.01,0.1,0.001,brute,1304,0.21377,0.20978,0.21781
"U(0.01,0.1), eps=1e-03",0.01,0.1,0.001,brute,1573,0.23475,0.23062,0.23893
"U(0.01,0.1), eps=1e-03",0.01,0.1,0.001,brute,1898,0.26227,0.25798,0.2666
"U(0.01,0.1), eps=1e-03",0.01,0.1,0.001,brute,2289,0.28918,0.28476,0.29364
"U(0.01,0.1), eps=1e-03",0.01,0.1,0.001,brute,2761,0.31825,0.3137,0.32283
"U(0.01,0.1), eps=1e-03",0.01,0.1,0.001,brute,3331,0.3445,0.33986,0.34917
"U(0.01,0.1), eps=1e-03",0.01,0.1,0.001,brute,4018,0.3758,0.37107,0.38056
"U(0.01,0.1), eps=1e-03",0.01,0.1,0.001,brute,4847,0.40858,0.40377,0.41341
"U(0.01,0.1), eps=1e-03",0.01,0.1,0.001,brute,5847,0.44515,0.44029,0.45003
"U(0.01,0.1), eps=1e-03",0.01,0.1,0.001,brute,7053,0.48245,0.47756,0.48735
"U(0.01,0.1), eps=1e-03",0.01,0.1,0.001,brute,8507,0.5236,0.5187,0.52849
"U(0.01,0.1), eps=1e-03",0.01,0.1,0.001,brute,10262,0.56527,0.56041,0.57012
"U(0.01,0.1), eps=1e-03",0.01,0.1,0.001,brute,12379,0.60977,0.60498,0.61454
"U(0.01,0.1), eps=1e-03",0.01,0.1,0.001,brute,14932,0.65568,0.65101,0.66032
"U(0.01,0.1), eps=1e-03",0.01,0.1,0.001,brute,18012,0.70085,0.69634,0.70532
"U(0.01,0.1), eps=1e-03",0.01,0.1,0.001,brute,21727,0.74613,0.74184,0.75037
"U(0.01,0.1), eps=1e-03",0.01,0.1,0.001,brute,26209,0.79038,0.78636,0.79434
"U(0.01,0.1), eps=1e-03",0.01,0.1,0.001,brute,31614,0.83017,0.82646,0.83382
"U(0.01,0.1), eps=1e-03",0.01,0.1,0.001,brute,38135,0.8665,0.86313,0.8698
"U(0.01,0.1), eps=1e-03",0.01,0.1,0.001,brute,46001,0.90053,0.89756,0.90342
"U(0.01,0.1), eps=1e-03",0.01,0.1,0.001,brute,55489,0.93015,0.92761,0.93261
"U(0.01,0.1), eps=1e-03",0.01,0.1,0.001,brute,66933,0.9535,0.95139,0.95552
"U(0.01,0.1), eps=1e-03",0.01,0.1,0.001,brute,80739,0.97195,0.97029,0.97352
"U(0.01,0.1), eps=1e-03",0.01,0.1,0.001,brute,97391,0.98425,0.98298,0.98542
"U(0.01,0.1), eps=1e-03",0.01,0.1,0.001,brute,117479,0.99157,0.99063,0.99242
"U(0.01,0.1), eps=1e-03",0.01,0.1,0.001,brute,141709,0.99638,0.99574,0.99692
"U(0.01,0.1), eps=1e-03",0.01,0.1,0.001,brute,170937,0.9986,0.99818,0.99892
"U(0.01,0.1), eps=1e-03",0.01,0.1,0.001,brute,206193,0.99967,0.99944,0.99981
"U(0.01,0.1), eps=1e-03",0.01,0.1,0.001,brute,248721,0.99997,0.99985,0.99999
"U(0.01,0.1), eps=1e-03",0.01,0.1,0.001,brute,300021,0.99997,0.99985,0.99999
"U(0.01,0.1), eps=1e-03",0.01,0.1,0.001,brute,361901,1.0,0.9999,1.0
"U(0.01,0.1), eps=1e-03",0.01,0.1,0.001,brute,436544,1.0,0.9999,1.0
"U(0.01,0.1), eps=1e-03",0.01,0.1,0.001,brute,526582,1.0,0.9999,1.0
"U(0.01,0.1), eps=1e-03",0.01,0.1,0.001,brute,635191,1.0,0.9999,1.0
"U(0.01,0.1), eps=1e-03",0.01,0.1,0.001,brute,766201,1.0,0.9999,1.0
"U(0.01,0.1), eps=1e-03",0.01,0.1,0.001,brute,924232,1.0,0.9999,1.0
"U(0.01,0.1), eps=1e-03",0.01,0.1,0.001,brute,1114857,1.0,0.9999,1.0
"U(0.01,0.1), eps=1e-03",0.01,0.1,0.001,brute,1344800,1.0,0.9999,1.0
"U(0.01,0.1), eps=1e-03",0.01,0.1,0.001,separable,896,0.03728,0.03547,0.03918
"U(0.01,0.1), eps=1e-03",0.01,0.1,0.001,separable,1081,0.04278,0.04084,0.04481
"U(0.01,0.1), eps=1e-03",0.01,0.1,0.001,separable,1304,0.04952,0.04744,0.05169
"U(0.01,0.1), eps=1e-03",0.01,0.1,0.001,separable,1573,0.05582,0.05361,0.05811
"U(0.01,0.1), eps=1e-03",0.01,0.1,0.001,separable,1898,0.06162,0.05931,0.06402
"U(0.01,0.1), eps=1e-03",0.01,0.1,0.001,separable,2289,0.0683,0.06587,0.07081
"U(0.01,0.1), eps=1e-03",0.01,0.1,0.001,separable,2761,0.0772,0.07462,0.07986
"U(0.01,0.1), eps=1e-03",0.01,0.1,0.001,separable,3331,0.0868,0.08408,0.0896
"U(0.01,0.1), eps=1e-03",0.01,0.1,0.001,separable,4018,0.09935,0.09646,0.10232
"U(0.01,0.1), eps=1e-03",0.01,0.1,0.001,separable,4847,0.10823,0.10522,0.11131
"U(0.01,0.1), eps=1e-03",0.01,0.1,0.001,separable,5847,0.12083,0.11767,0.12406
"U(0.01,0.1), eps=1e-03",0.01,0.1,0.001,separable,7053,0.13428,0.13097,0.13766
"U(0.01,0.1), eps=1e-03",0.01,0.1,0.001,separable,8507,0.14567,0.14225,0.14916
"U(0.01,0.1), eps=1e-03",0.01,0.1,0.001,separable,10262,0.15652,0.15299,0.16011
"U(0.01,0.1), eps=1e-03",0.01,0.1,0.001,separable,12379,0.17178,0.16812,0.17551
"U(0.01,0.1), eps=1e-03",0.01,0.1,0.001,separable,14932,0.19123,0.18741,0.19511
"U(0.01,0.1), eps=1e-03",0.01,0.1,0.001,separable,18012,0.21015,0.20619,0.21417
"U(0.01,0.1), eps=1e-03",0.01,0.1,0.001,separable,21727,0.23128,0.22717,0.23544
"U(0.01,0.1), eps=1e-03",0.01,0.1,0.001,separable,26209,0.25465,0.2504,0.25894
"U(0.01,0.1), eps=1e-03",0.01,0.1,0.001,separable,31614,0.27955,0.27517,0.28397
"U(0.01,0.1), eps=1e-03",0.01,0.1,0.001,separable,38135,0.30612,0.30162,0.31065
"U(0.01,0.1), eps=1e-03",0.01,0.1,0.001,separable,46001,0.33465,0.33004,0.33929
"U(0.01,0.1), eps=1e-03",0.01,0.1,0.001,separable,55489,0.36478,0.36008,0.36951
"U(0.01,0.1), eps=1e-03",0.01,0.1,0.001,separable,66933,0.39718,0.39239,0.40198
"U(0.01,0.1), eps=1e-03",0.01,0.1,0.001,separable,80739,0.43245,0.4276,0.43731
"U(0.01,0.1), eps=1e-03",0.01,0.1,0.001,separable,97391,0.46942,0.46453,0.47431
"U(0.01,0.1), eps=1e-03",0.01,0.1,0.001,separable,117479,0.50718,0.50228,0.51208
"U(0.01,0.1), eps=1e-03",0.01,0.1,0.001,separable,141709,0.5489,0.54402,0.55377
"U(0.01,0.1), eps=1e-03",0.01,0.1,0.001,separable,170937,0.592,0.58718,0.59681
"U(0.01,0.1), eps=1e-03",0.01,0.1,0.001,separable,206193,0.63635,0.63162,0.64105
"U(0.01,0.1), eps=1e-03",0.01,0.1,0.001,separable,248721,0.68378,0.67921,0.68832
"U(0.01,0.1), eps=1e-03",0.01,0.1,0.001,separable,300021,0.729,0.72462,0.73333
"U(0.01,0.1), eps=1e-03",0.01,0.1,0.001,separable,361901,0.7724,0.76827,0.77648
"U(0.01,0.1), eps=1e-03",0.01,0.1,0.001,separable,436544,0.81447,0.81063,0.81825
"U(0.01,0.1), eps=1e-03",0.01,0.1,0.001,separable,526582,0.85342,0.84992,0.85685
"U(0.01,0.1), eps=1e-03",0.01,0.1,0.001,separable,635191,0.88818,0.88505,0.89123
"U(0.01,0.1), eps=1e-03",0.01,0.1,0.001,separable,766201,0.91865,0.91593,0.92129
"U(0.01,0.1), eps=1e-03",0.01,0.1,0.001,separable,924232,0.94442,0.94213,0.94662
"U(0.01,0.1), eps=1e-03",0.01,0.1,0.001,separable,1114857,0.9647,0.96285,0.96646
"U(0.01,0.1), eps=1e-03",0.01,0.1,0.001,separable,1344800,0.97913,0.97768,0.98049
"U(0.01,0.1), eps=1e-03",0.01,0.1,0.001,linear,896,0.15438,0.15087,0.15795
"U(0.01,0.1), eps=1e-03",0.01,0.1,0.001,linear,1081,0.18095,0.17721,0.18475
"U(0.01,0.1), eps=1e-03",0.01,0.1,0.001,linear,1304,0.205,0.20107,0.20898
"U(0.01,0.1), eps=1e-03",0.01,0.1,0.001,linear,1573,0.2203,0.21627,0.22439
"U(0.01,0.1), eps=1e-03",0.01,0.1,0.001,linear,1898,0.25788,0.25362,0.26219
"U(0.01,0.1), eps=1e-03",0.01,0.1,0.001,linear,2289,0.27765,0.27328,0.28206
"U(0.01,0.1), eps=1e-03",0.01,0.1,0.001,linear,2761,0.3048,0.30031,0.30933
"U(0.01,0.1), eps=1e-03",0.01,0.1,0.001,linear,3331,0.3442,0.33956,0.34887
"U(0.01,0.1), eps=1e-03",0.01,0.1,0.001,linear,4018,0.37802,0.37328,0.38278
"U(0.01,0.1), eps=1e-03",0.01,0.1,0.001,linear,4847,0.40642,0.40162,0.41124
"U(0.01,0.1), eps=1e-03",0.01,0.1,0.001,linear,5847,0.43845,0.43359,0.44332
"U(0.01,0.1), eps=1e-03",0.01,0.1,0.001,linear,7053,0.49225,0.48735,0.49715
"U(0.01,0.1), eps=1e-03",0.01,0.1,0.001,linear,8507,0.5333,0.52841,0.53819
"U(0.01,0.1), eps=1e-03",0.01,0.1,0.001,linear,10262,0.57447,0.56962,0.57931
"U(0.01,0.1), eps=1e-03",0.01,0.1,0.001,linear,12379,0.62038,0.61561,0.62512
"U(0.01,0.1), eps=1e-03",0.01,0.1,0.001,linear,14932,0.66595,0.66131,0.67056
"U(0.01,0.1), eps=1e-03",0.01,0.1,0.001,linear,18012,0.7116,0.70714,0.71602
"U(0.01,0.1), eps=1e-03",0.01,0.1,0.001,linear,21727,0.7516,0.74734,0.75581
"U(0.01,0.1), eps=1e-03",0.01,0.1,0.001,linear,26209,0.8003,0.79635,0.80419
"U(0.01,0.1), eps=1e-03",0.01,0.1,0.001,linear,31614,0.83962,0.83599,0.84318
"U(0.01,0.1), eps=1e-03",0.01,0.1,0.001,linear,38135,0.87565,0.87238,0.87885
"U(0.01,0.1), eps=1e-03",0.01,0.1,0.001,linear,46001,0.9107,0.90787,0.91346
"U(0.01,0.1), eps=1e-03",0.01,0.1,0.001,linear,55489,0.9298,0.92725,0.93226
"U(0.01,0.1), eps=1e-03",0.01,0.1,0.001,linear,66933,0.95608,0.95403,0.95804
"U(0.01,0.1), eps=1e-03",0.01,0.1,0.001,linear,80739,0.9749,0.97332,0.97639
"U(0.01,0.1), eps=1e-03",0.01,0.1,0.001,linear,97391,0.9846,0.98335,0.98576
"U(0.01,0.1), eps=1e-03",0.01,0.1,0.001,linear,117479,0.99123,0.99027,0.9921
"U(0.01,0.1), eps=1e-03",0.01,0.1,0.001,linear,141709,0.99598,0.99531,0.99655
"U(0.01,0.1), eps=1e-03",0.01,0.1,0.001,linear,170937,0.99685,0.99625,0.99735
"U(0.01,0.1), eps=1e-03",0.01,0.1,0.001,linear,206193,0.99913,0.99879,0.99937
"U(0.01,0.1), eps=1e-03",0.01,0.1,0.001,linear,248721,0.9996,0.99935,0.99975
"U(0.01,0.1), eps=1e-03",0.01,0.1,0.001,linear,300021,0.9999,0.99974,0.99996
"U(0.01,0.1), eps=1e-03",0.01,0.1,0.001,linear,361901,0.99995,0.99982,0.99999
"U(0.01,0.1), eps=1e-03",0.01,0.1,0.001,linear,436544,0.99997,0.99985,0.99999
"U(0.01,0.1), eps=1e-03",0.01,0.1,0.001,linear,526582,0.99997,0.99985,0.99999
"U(0.01,0.1), eps=1e-03",0.01,0.1,0.001,linear,635191,0.99997,0.99985,0.99999
"U(0.01,0.1), eps=1e-03",0.01,0.1,0.001,linear,766201,0.99997,0.99985,0.99999
"U(0.01,0.1), eps=1e-03",0.01,0.1,0.001,linear,924232,0.99997,0.99985,0.99999
"U(0.01,0.1), eps=1e-03",0.01,0.1,0.001,linear,1114857,0.99997,0.99985,0.99999
"U(0.01,0.1), eps=1e-03",0.01,0.1,0.001,linear,1344800,0.99997,0.99985,0.99999
"U(0.01,0.1), eps=1e-03",0.01,0.1,0.001,binary,896,0.0379,0.03607,0.03982
"U(0.01,0.1), eps=1e-03",0.01,0.1,0.001,binary,1081,0.0443,0.04233,0.04636
"U(0.01,0.1), eps=1e-03",0.01,0.1,0.001,binary,1304,0.04727,0.04523,0.04939
"U(0.01,0.1), eps=1e-03",0.01,0.1,0.001,binary,1573,0.05183,0.0497,0.05405
"U(0.01,0.1), eps=1e-03",0.01,0.1,0.001,binary,1898,0.05978,0.0575,0.06215
"U(0.01,0.1), eps=1e-03",0.01,0.1,0.001,binary,2289,0.0604,0.05811,0.06278
"U(0.01,0.1), eps=1e-03",0.01,0.1,0.001,binary,2761,0.06682,0.06441,0.06931
"U(0.01,0.1), eps=1e-03",0.01,0.1,0.001,binary,3331,0.07495,0.07241,0.07757
"U(0.01,0.1), eps=1e-03",0.01,0.1,0.001,binary,4018,0.10477,0.10181,0.10781
"U(0.01,0.1), eps=1e-03",0.01,0.1,0.001,binary,4847,0.16032,0.15676,0.16395
"U(0.01,0.1), eps=1e-03",0.01,0.1,0.001,binary,5847,0.21555,0.21155,0.21961
"U(0.01,0.1), eps=1e-03",0.01,0.1,0.001,binary,7053,0.26955,0.26522,0.27392
"U(0.01,0.1), eps=1e-03",0.01,0.1,0.001,binary,8507,0.33132,0.32672,0.33595
"U(0.01,0.1), eps=1e-03",0.01,0.1,0.001,binary,10262,0.38585,0.38109,0.39063
"U(0.01,0.1), eps=1e-03",0.01,0.1,0.001,binary,12379,0.47255,0.46766,0.47744
"U(0.01,0.1), eps=1e-03",0.01,0.1,0.001,binary,14932,0.55115,0.54627,0.55602
"U(0.01,0.1), eps=1e-03",0.01,0.1,0.001,binary,18012,0.6258,0.62105,0.63053
"U(0.01,0.1), eps=1e-03",0.01,0.1,0.001,binary,21727,0.69173,0.68719,0.69624
"U(0.01,0.1), eps=1e-03",0.01,0.1,0.001,binary,26209,0.74415,0.73985,0.7484
"U(0.01,0.1), eps=1e-03",0.01,0.1,0.001,binary,31614,0.7884,0.78437,0.79237
"U(0.01,0.1), eps=1e-03",0.01,0.1,0.001,binary,38135,0.82525,0.8215,0.82894
"U(0.01,0.1), eps=1e-03",0.01,0.1,0.001,binary,46001,0.86172,0.8583,0.86507
"U(0.01,0.1), eps=1e-03",0.01,0.1,0.001,binary,55489,0.8926,0.88953,0.8956
"U(0.01,0.1), eps=1e-03",0.01,0.1,0.001,binary,66933,0.91978,0.91708,0.9224
"U(0.01,0.1), eps=1e-03",0.01,0.1,0.001,binary,80739,0.9394,0.93702,0.9417
"U(0.01,0.1), eps=1e-03",0.01,0.1,0.001,binary,97391,0.95903,0.95704,0.96093
"U(0.01,0.1), eps=1e-03",0.01,0.1,0.001,binary,117479,0.9732,0.97157,0.97474
"U(0.01,0.1), eps=1e-03",0.01,0.1,0.001,binary,141709,0.98215,0.98081,0.9834
"U(0.01,0.1), eps=1e-03",0.01,0.1,0.001,binary,170937,0.98598,0.98478,0.98709
"U(0.01,0.1), eps=1e-03",0.01,0.1,0.001,binary,206193,0.99162,0.99068,0.99247
"U(0.01,0.1), eps=1e-03",0.01,0.1,0.001,binary,248721,0.99215,0.99124,0.99297
"U(0.01,0.1), eps=1e-03",0.01,0.1,0.001,binary,300021,0.99677,0.99616,0.99728
"U(0.01,0.1), eps=1e-03",0.01,0.1,0.001,binary,361901,0.99805,0.99757,0.99844
"U(0.01,0.1), eps=1e-03",0.01,0.1,0.001,binary,436544,0.99845,0.99801,0.99879
"U(0.01,0.1), eps=1e-03",0.01,0.1,0.001,binary,526582,0.99887,0.99849,0.99915
"U(0.01,0.1), eps=1e-03",0.01,0.1,0.001,binary,635191,0.99905,0.9987,0.99931
"U(0.01,0.1), eps=1e-03",0.01,0.1,0.001,binary,766201,0.99908,0.99873,0.99933
"U(0.01,0.1), eps=1e-03",0.01,0.1,0.001,binary,924232,0.99935,0.99905,0.99956
"U(0.01,0.1), eps=1e-03",0.01,0.1,0.001,binary,1114857,0.9991,0.99875,0.99935
"U(0.01,0.1), eps=1e-03",0.01,0.1,0.001,binary,1344800,0.99985,0.99967,0.99993
"U(0.01,0.1), eps=1e-03",0.01,0.1,0.001,reverse_eng,896,0.17405,0.17037,0.1778
"U(0.01,0.1), eps=1e-03",0.01,0.1,0.001,reverse_eng,1081,0.19975,0.19586,0.2037
"U(0.01,0.1), eps=1e-03",0.01,0.1,0.001,reverse_eng,1304,0.22987,0.22577,0.23402
"U(0.01,0.1), eps=1e-03",0.01,0.1,0.001,reverse_eng,1573,0.25535,0.2511,0.25965
"U(0.01,0.1), eps=1e-03",0.01,0.1,0.001,reverse_eng,1898,0.29042,0.28599,0.29489
"U(0.01,0.1), eps=1e-03",0.01,0.1,0.001,reverse_eng,2289,0.32517,0.3206,0.32978
"U(0.01,0.1), eps=1e-03",0.01,0.1,0.001,reverse_eng,2761,0.35545,0.35077,0.36015
"U(0.01,0.1), eps=1e-03",0.01,0.1,0.001,reverse_eng,3331,0.3894,0.38463,0.39419
"U(0.01,0.1), eps=1e-03",0.01,0.1,0.001,reverse_eng,4018,0.42565,0.42081,0.4305
"U(0.01,0.1), eps=1e-03",0.01,0.1,0.001,reverse_eng,4847,0.4651,0.46022,0.46999
"U(0.01,0.1), eps=1e-03",0.01,0.1,0.001,reverse_eng,5847,0.50533,0.50043,0.51023
"U(0.01,0.1), eps=1e-03",0.01,0.1,0.001,reverse_eng,7053,0.53025,0.52536,0.53514
"U(0.01,0.1), eps=1e-03",0.01,0.1,0.001,reverse_eng,8507,0.58447,0.57963,0.58929
"U(0.01,0.1), eps=1e-03",0.01,0.1,0.001,reverse_eng,10262,0.62118,0.61641,0.62592
"U(0.01,0.1), eps=1e-03",0.01,0.1,0.001,reverse_eng,12379,0.67232,0.6677,0.6769
"U(0.01,0.1), eps=1e-03",0.01,0.1,0.001,reverse_eng,14932,0.71415,0.7097,0.71856
"U(0.01,0.1), eps=1e-03",0.01,0.1,0.001,reverse_eng,18012,0.75257,0.74832,0.75677
"U(0.01,0.1), eps=1e-03",0.01,0.1,0.001,reverse_eng,21727,0.80192,0.79799,0.8058
"U(0.01,0.1), eps=1e-03",0.01,0.1,0.001,reverse_eng,26209,0.8351,0.83143,0.8387
"U(0.01,0.1), eps=1e-03",0.01,0.1,0.001,reverse_eng,31614,0.86898,0.86564,0.87225
"U(0.01,0.1), eps=1e-03",0.01,0.1,0.001,reverse_eng,38135,0.90475,0.90183,0.90759
"U(0.01,0.1), eps=1e-03",0.01,0.1,0.001,reverse_eng,46001,0.92993,0.92739,0.93239
"U(0.01,0.1), eps=1e-03",0.01,0.1,0.001,reverse_eng,55489,0.94545,0.94318,0.94763
"U(0.01,0.1), eps=1e-03",0.01,0.1,0.001,reverse_eng,66933,0.9638,0.96192,0.96559
"U(0.01,0.1), eps=1e-03",0.01,0.1,0.001,reverse_eng,80739,0.9765,0.97497,0.97794
"U(0.01,0.1), eps=1e-03",0.01,0.1,0.001,reverse_eng,97391,0.986,0.9848,0.98711
"U(0.01,0.1), eps=1e-03",0.01,0.1,0.001,reverse_eng,117479,0.99167,0.99073,0.99251
"U(0.01,0.1), eps=1e-03",0.01,0.1,0.001,reverse_eng,141709,0.9949,0.99415,0.99555
"U(0.01,0.1), eps=1e-03",0.01,0.1,0.001,reverse_eng,170937,0.9979,0.9974,0.9983
"U(0.01,0.1), eps=1e-03",0.01,0.1,0.001,reverse_eng,206193,0.9991,0.99875,0.99935
"U(0.01,0.1), eps=1e-03",0.01,0.1,0.001,reverse_eng,248721,0.99935,0.99905,0.99956
"U(0.01,0.1), eps=1e-03",0.01,0.1,0.001,reverse_eng,300021,0.99952,0.99925,0.99969
"U(0.01,0.1), eps=1e-03",0.01,0.1,0.001,reverse_eng,361901,0.99955,0.99929,0.99972
"U(0.01,0.1), eps=1e-03",0.01,0.1,0.001,reverse_eng,436544,0.99955,0.99929,0.99972
"U(0.01,0.1), eps=1e-03",0.01,0.1,0.001,reverse_eng,526582,0.99955,0.99929,0.99972
"U(0.01,0.1), eps=1e-03",0.01,0.1,0.001,reverse_eng,635191,0.99955,0.99929,0.99972
"U(0.01,0.1), eps=1e-03",0.01,0.1,0.001,reverse_eng,766201,0.99955,0.99929,0.99972
"U(0.01,0.1), eps=1e-03",0.01,0.1,0.001,reverse_eng,924232,0.99955,0.99929,0.99972
"U(0.01,0.1), eps=1e-03",0.01,0.1,0.001,reverse_eng,1114857,0.99955,0.99929,0.99972
"U(0.01,0.1), eps=1e-03",0.01,0.1,0.001,reverse_eng,1344800,0.99955,0.99929,0.99972
"U(0.01,0.1), eps=1e-03",0.01,0.1,0.001,binary_risk,896,0.17777,0.17405,0.18155
"U(0.01,0.1), eps=1e-03",0.01,0.1,0.001,binary_risk,1081,0.20545,0.20152,0.20944
"U(0.01,0.1), eps=1e-03",0.01,0.1,0.001,binary_risk,1304,0.23902,0.23487,0.24322
"U(0.01,0.1), eps=1e-03",0.01,0.1,0.001,binary_risk,1573,0.2713,0.26696,0.27568
"U(0.01,0.1), eps=1e-03",0.01,0.1,0.001,binary_risk,1898,0.30338,0.29889,0.3079
"U(0.01,0.1), eps=1e-03",0.01,0.1,0.001,binary_risk,2289,0.32545,0.32088,0.33006
"U(0.01,0.1), eps=1e-03",0.01,0.1,0.001,binary_risk,2761,0.36347,0.35877,0.3682
"U(0.01,0.1), eps=1e-03",0.01,0.1,0.001,binary_risk,3331,0.39432,0.38954,0.39912
"U(0.01,0.1), eps=1e-03",0.01,0.1,0.001,binary_risk,4018,0.43933,0.43447,0.4442
"U(0.01,0.1), eps=1e-03",0.01,0.1,0.001,binary_risk,4847,0.48542,0.48052,0.49032
"U(0.01,0.1), eps=1e-03",0.01,0.1,0.001,binary_risk,5847,0.5242,0.5193,0.52909
"U(0.01,0.1), eps=1e-03",0.01,0.1,0.001,binary_risk,7053,0.5639,0.55903,0.56875
"U(0.01,0.1), eps=1e-03",0.01,0.1,0.001,binary_risk,8507,0.61525,0.61047,0.62001
"U(0.01,0.1), eps=1e-03",0.01,0.1,0.001,binary_risk,10262,0.6541,0.64942,0.65875
"U(0.01,0.1), eps=1e-03",0.01,0.1,0.001,binary_risk,12379,0.70557,0.70108,0.71002
"U(0.01,0.1), eps=1e-03",0.01,0.1,0.001,binary_risk,14932,0.74718,0.7429,0.75142
"U(0.01,0.1), eps=1e-03",0.01,0.1,0.001,binary_risk,18012,0.78233,0.77826,0.78635
"U(0.01,0.1), eps=1e-03",0.01,0.1,0.001,binary_risk,21727,0.82932,0.8256,0.83298
"U(0.01,0.1), eps=1e-03",0.01,0.1,0.001,binary_risk,26209,0.85835,0.8549,0.86173
"U(0.01,0.1), eps=1e-03",0.01,0.1,0.001,binary_risk,31614,0.89758,0.89457,0.90051
"U(0.01,0.1), eps=1e-03",0.01,0.1,0.001,binary_risk,38135,0.9212,0.91852,0.9238
"U(0.01,0.1), eps=1e-03",0.01,0.1,0.001,binary_risk,46001,0.94165,0.93931,0.9439
"U(0.01,0.1), eps=1e-03",0.01,0.1,0.001,binary_risk,55489,0.96273,0.96083,0.96454
"U(0.01,0.1), eps=1e-03",0.01,0.1,0.001,binary_risk,66933,0.97447,0.97288,0.97597
"U(0.01,0.1), eps=1e-03",0.01,0.1,0.001,binary_risk,80739,0.98498,0.98374,0.98613
"U(0.01,0.1), eps=1e-03",0.01,0.1,0.001,binary_risk,97391,0.99125,0.99029,0.99212
"U(0.01,0.1), eps=1e-03",0.01,0.1,0.001,binary_risk,117479,0.99515,0.99442,0.99578
"U(0.01,0.1), eps=1e-03",0.01,0.1,0.001,binary_risk,141709,0.99482,0.99407,0.99548
"U(0.01,0.1), eps=1e-03",0.01,0.1,0.001,binary_risk,170937,0.99925,0.99893,0.99947
"U(0.01,0.1), eps=1e-03",0.01,0.1,0.001,binary_risk,206193,0.99825,0.99779,0.99861
"U(0.01,0.1), eps=1e-03",0.01,0.1,0.001,binary_risk,248721,0.9988,0.99841,0.99909
"U(0.01,0.1), eps=1e-03",0.01,0.1,0.001,binary_risk,300021,0.99935,0.99905,0.99956
"U(0.01,0.1), eps=1e-03",0.01,0.1,0.001,binary_risk,361901,0.99948,0.9992,0.99966
"U(0.01,0.1), eps=1e-03",0.01,0.1,0.001,binary_risk,436544,0.99977,0.99957,0.99988
"U(0.01,0.1), eps=1e-03",0.01,0.1,0.001,binary_risk,526582,0.99997,0.99985,0.99999
"U(0.01,0.1), eps=1e-03",0.01,0.1,0.001,binary_risk,635191,1.0,0.9999,1.0
"U(0.01,0.1), eps=1e-03",0.01,0.1,0.001,binary_risk,766201,1.0,0.9999,1.0
"U(0.01,0.1), eps=1e-03",0.01,0.1,0.001,binary_risk,924232,1.0,0.9999,1.0
"U(0.01,0.1), eps=1e-03",0.01,0.1,0.001,binary_risk,1114857,1.0,0.9999,1.0
"U(0.01,0.1), eps=1e-03",0.01,0.1,0.001,binary_risk,1344800,1.0,0.9999,1.0
"U(0.01,0.1), eps=1e-03",0.01,0.1,0.001,reverse_eng_risk,896,0.17145,0.16779,0.17518
"U(0.01,0.1), eps=1e-03",0.01,0.1,0.001,reverse_eng_risk,1081,0.1997,0.19581,0.20365
"U(0.01,0.1), eps=1e-03",0.01,0.1,0.001,reverse_eng_risk,1304,0.23265,0.22854,0.23682
"U(0.01,0.1), eps=1e-03",0.01,0.1,0.001,reverse_eng_risk,1573,0.26248,0.25819,0.26681
"U(0.01,0.1), eps=1e-03",0.01,0.1,0.001,reverse_eng_risk,1898,0.29168,0.28725,0.29615
"U(0.01,0.1), eps=1e-03",0.01,0.1,0.001,reverse_eng_risk,2289,0.32808,0.3235,0.3327
"U(0.01,0.1), eps=1e-03",0.01,0.1,0.001,reverse_eng_risk,2761,0.36405,0.35935,0.36878
"U(0.01,0.1), eps=1e-03",0.01,0.1,0.001,reverse_eng_risk,3331,0.39227,0.3875,0.39706
"U(0.01,0.1), eps=1e-03",0.01,0.1,0.001,reverse_eng_risk,4018,0.44612,0.44125,0.451
"U(0.01,0.1), eps=1e-03",0.01,0.1,0.001,reverse_eng_risk,4847,0.48357,0.47867,0.48847
"U(0.01,0.1), eps=1e-03",0.01,0.1,0.001,reverse_eng_risk,5847,0.53115,0.52626,0.53604
"U(0.01,0.1), eps=1e-03",0.01,0.1,0.001,reverse_eng_risk,7053,0.57695,0.5721,0.58178
"U(0.01,0.1), eps=1e-03",0.01,0.1,0.001,reverse_eng_risk,8507,0.62672,0.62197,0.63145
"U(0.01,0.1), eps=1e-03",0.01,0.1,0.001,reverse_eng_risk,10262,0.67045,0.66583,0.67504
"U(0.01,0.1), eps=1e-03",0.01,0.1,0.001,reverse_eng_risk,12379,0.71413,0.70968,0.71854
"U(0.01,0.1), eps=1e-03",0.01,0.1,0.001,reverse_eng_risk,14932,0.75967,0.75546,0.76383
"U(0.01,0.1), eps=1e-03",0.01,0.1,0.001,reverse_eng_risk,18012,0.802,0.79807,0.80588
"U(0.01,0.1), eps=1e-03",0.01,0.1,0.001,reverse_eng_risk,21727,0.84083,0.83721,0.84438
"U(0.01,0.1), eps=1e-03",0.01,0.1,0.001,reverse_eng_risk,26209,0.87925,0.87602,0.88241
"U(0.01,0.1), eps=1e-03",0.01,0.1,0.001,reverse_eng_risk,31614,0.90797,0.9051,0.91076
"U(0.01,0.1), eps=1e-03",0.01,0.1,0.001,reverse_eng_risk,38135,0.9343,0.93183,0.93669
"U(0.01,0.1), eps=1e-03",0.01,0.1,0.001,reverse_eng_risk,46001,0.95475,0.95267,0.95674
"U(0.01,0.1), eps=1e-03",0.01,0.1,0.001,reverse_eng_risk,55489,0.97078,0.96908,0.97239
"U(0.01,0.1), eps=1e-03",0.01,0.1,0.001,reverse_eng_risk,66933,0.98175,0.98039,0.98302
"U(0.01,0.1), eps=1e-03",0.01,0.1,0.001,reverse_eng_risk,80739,0.9901,0.98908,0.99102
"U(0.01,0.1), eps=1e-03",0.01,0.1,0.001,reverse_eng_risk,97391,0.99462,0.99385,0.99529
"U(0.01,0.1), eps=1e-03",0.01,0.1,0.001,reverse_eng_risk,117479,0.99725,0.99669,0.99772
"U(0.01,0.1), eps=1e-03",0.01,0.1,0.001,reverse_eng_risk,141709,0.99862,0.99821,0.99894
"U(0.01,0.1), eps=1e-03",0.01,0.1,0.001,reverse_eng_risk,170937,0.99955,0.99929,0.99972
"U(0.01,0.1), eps=1e-03",0.01,0.1,0.001,reverse_eng_risk,206193,0.99985,0.99967,0.99993
"U(0.01,0.1), eps=1e-03",0.01,0.1,0.001,reverse_eng_risk,248721,0.99997,0.99985,0.99999
"U(0.01,0.1), eps=1e-03",0.01,0.1,0.001,reverse_eng_risk,300021,1.0,0.9999,1.0
"U(0.01,0.1), eps=1e-03",0.01,0.1,0.001,reverse_eng_risk,361901,1.0,0.9999,1.0
"U(0.01,0.1), eps=1e-03",0.01,0.1,0.001,reverse_eng_risk,436544,1.0,0.9999,1.0
"U(0.01,0.1), eps=1e-03",0.01,0.1,0.001,reverse_eng_risk,526582,1.0,0.9999,1.0
"U(0.01,0.1), eps=1e-03",0.01,0.1,0.001,reverse_eng_risk,635191,1.0,0.9999,1.0
"U(0.01,0.1), eps=1e-03",0.01,0.1,0.001,reverse_eng_risk,766201,1.0,0.9999,1.0
"U(0.01,0.1), eps=1e-03",0.01,0.1,0.001,reverse_eng_risk,924232,1.0,0.9999,1.0
"U(0.01,0.1), eps=1e-03",0.01,0.1,0.001,reverse_eng_risk,1114857,1.0,0.9999,1.0
"U(0.01,0.1), eps=1e-03",0.01,0.1,0.001,reverse_eng_risk,1344800,1.0,0.9999,1.0
"U(0.001,0.01), eps=1e-03",0.001,0.01,0.001,brute,85,0.0,0.0,0.0001
"U(0.001,0.01), eps=1e-03",0.001,0.01,0.001,brute,103,0.0,0.0,0.0001
"U(0.001,0.01), eps=1e-03",0.001,0.01,0.001,brute,124,0.0,0.0,0.0001
"U(0.001,0.01), eps=1e-03",0.001,0.01,0.001,brute,150,0.0,0.0,0.0001
"U(0.001,0.01), eps=1e-03",0.001,0.01,0.001,brute,181,0.11123,0.10819,0.11435
"U(0.001,0.01), eps=1e-03",0.001,0.01,0.001,brute,218,0.11123,0.10819,0.11435
"U(0.001,0.01), eps=1e-03",0.001,0.01,0.001,brute,263,0.11123,0.10819,0.11435
"U(0.001,0.01), eps=1e-03",0.001,0.01,0.001,brute,318,0.21952,0.21549,0.2236
"U(0.001,0.01), eps=1e-03",0.001,0.01,0.001,brute,383,0.21952,0.21549,0.2236
"U(0.001,0.01), eps=1e-03",0.001,0.01,0.001,brute,463,0.21952,0.21549,0.2236
"U(0.001,0.01), eps=1e-03",0.001,0.01,0.001,brute,558,0.29507,0.29062,0.29956
"U(0.001,0.01), eps=1e-03",0.001,0.01,0.001,brute,673,0.3631,0.3584,0.36783
"U(0.001,0.01), eps=1e-03",0.001,0.01,0.001,brute,812,0.41685,0.41203,0.42169
"U(0.001,0.01), eps=1e-03",0.001,0.01,0.001,brute,980,0.46475,0.45987,0.46964
"U(0.001,0.01), eps=1e-03",0.001,0.01,0.001,brute,1182,0.5057,0.5008,0.5106
"U(0.001,0.01), eps=1e-03",0.001,0.01,0.001,brute,1426,0.57615,0.5713,0.58099
"U(0.001,0.01), eps=1e-03",0.001,0.01,0.001,brute,1720,0.60928,0.60449,0.61405
"U(0.001,0.01), eps=1e-03",0.001,0.01,0.001,brute,2075,0.68078,0.67619,0.68533
"U(0.001,0.01), eps=1e-03",0.001,0.01,0.001,brute,2504,0.71898,0.71455,0.72336
"U(0.001,0.01), eps=1e-03",0.001,0.01,0.001,brute,3020,0.7798,0.77571,0.78383
"U(0.001,0.01), eps=1e-03",0.001,0.01,0.001,brute,3643,0.82737,0.82363,0.83104
"U(0.001,0.01), eps=1e-03",0.001,0.01,0.001,brute,4395,0.861,0.85758,0.86436
"U(0.001,0.01), eps=1e-03",0.001,0.01,0.001,brute,5301,0.8989,0.89591,0.90182
"U(0.001,0.01), eps=1e-03",0.001,0.01,0.001,brute,6394,0.93015,0.92761,0.93261
"U(0.001,0.01), eps=1e-03",0.001,0.01,0.001,brute,7713,0.95605,0.954,0.95802
"U(0.001,0.01), eps=1e-03",0.001,0.01,0.001,brute,9304,0.97178,0.97011,0.97336
"U(0.001,0.01), eps=1e-03",0.001,0.01,0.001,brute,11224,0.98285,0.98153,0.98408
"U(0.001,0.01), eps=1e-03",0.001,0.01,0.001,brute,13539,0.9908,0.98982,0.99169
"U(0.001,0.01), eps=1e-03",0.001,0.01,0.001,brute,16331,0.99533,0.99461,0.99595
"U(0.001,0.01), eps=1e-03",0.001,0.01,0.001,brute,19700,0.9981,0.99762,0.99848
"U(0.001,0.01), eps=1e-03",0.001,0.01,0.001,brute,23763,0.99938,0.99908,0.99958
"U(0.001,0.01), eps=1e-03",0.001,0.01,0.001,brute,28664,0.99972,0.9995,0.99984
"U(0.001,0.01), eps=1e-03",0.001,0.01,0.001,brute,34576,1.0,0.9999,1.0
"U(0.001,0.01), eps=1e-03",0.001,0.01,0.001,brute,41708,1.0,0.9999,1.0
"U(0.001,0.01), eps=1e-03",0.001,0.01,0.001,brute,50310,1.0,0.9999,1.0
"U(0.001,0.01), eps=1e-03",0.001,0.01,0.001,brute,60687,1.0,0.9999,1.0
"U(0.001,0.01), eps=1e-03",0.001,0.01,0.001,brute,73203,1.0,0.9999,1.0
"U(0.001,0.01), eps=1e-03",0.001,0.01,0.001,brute,88302,1.0,0.9999,1.0
"U(0.001,0.01), eps=1e-03",0.001,0.01,0.001,brute,106515,1.0,0.9999,1.0
"U(0.001,0.01), eps=1e-03",0.001,0.01,0.001,brute,128484,1.0,0.9999,1.0
"U(0.001,0.01), eps=1e-03",0.001,0.01,0.001,separable,85,0.0,0.0,0.0001
"U(0.001,0.01), eps=1e-03",0.001,0.01,0.001,separable,103,0.0,0.0,0.0001
"U(0.001,0.01), eps=1e-03",0.001,0.01,0.001,separable,124,0.0,0.0,0.0001
"U(0.001,0.01), eps=1e-03",0.001,0.01,0.001,separable,150,0.0,0.0,0.0001
"U(0.001,0.01), eps=1e-03",0.001,0.01,0.001,separable,181,0.0,0.0,0.0001
"U(0.001,0.01), eps=1e-03",0.001,0.01,0.001,separable,218,0.0,0.0,0.0001
"U(0.001,0.01), eps=1e-03",0.001,0.01,0.001,separable,263,0.0,0.0,0.0001
"U(0.001,0.01), eps=1e-03",0.001,0.01,0.001,separable,318,0.0,0.0,0.0001
"U(0.001,0.01), eps=1e-03",0.001,0.01,0.001,separable,383,0.0,0.0,0.0001
"U(0.001,0.01), eps=1e-03",0.001,0.01,0.001,separable,463,0.0,0.0,0.0001
"U(0.001,0.01), eps=1e-03",0.001,0.01,0.001,separable,558,0.0,0.0,0.0001
"U(0.001,0.01), eps=1e-03",0.001,0.01,0.001,separable,673,0.0,0.0,0.0001
"U(0.001,0.01), eps=1e-03",0.001,0.01,0.001,separable,812,0.0,0.0,0.0001
"U(0.001,0.01), eps=1e-03",0.001,0.01,0.001,separable,980,0.0,0.0,0.0001
"U(0.001,0.01), eps=1e-03",0.001,0.01,0.001,separable,1182,0.0,0.0,0.0001
"U(0.001,0.01), eps=1e-03",0.001,0.01,0.001,separable,1426,0.0,0.0,0.0001
"U(0.001,0.01), eps=1e-03",0.001,0.01,0.001,separable,1720,0.0,0.0,0.0001
"U(0.001,0.01), eps=1e-03",0.001,0.01,0.001,separable,2075,0.0,0.0,0.0001
"U(0.001,0.01), eps=1e-03",0.001,0.01,0.001,separable,2504,0.0,0.0,0.0001
"U(0.001,0.01), eps=1e-03",0.001,0.01,0.001,separable,3020,0.0,0.0,0.0001
"U(0.001,0.01), eps=1e-03",0.001,0.01,0.001,separable,3643,0.0,0.0,0.0001
"U(0.001,0.01), eps=1e-03",0.001,0.01,0.001,separable,4395,0.0,0.0,0.0001
"U(0.001,0.01), eps=1e-03",0.001,0.01,0.001,separable,5301,0.0,0.0,0.0001
"U(0.001,0.01), eps=1e-03",0.001,0.01,0.001,separable,6394,0.0,0.0,0.0001
"U(0.001,0.01), eps=1e-03",0.001,0.01,0.001,separable,7713,0.0,0.0,0.0001
"U(0.001,0.01), eps=1e-03",0.001,0.01,0.001,separable,9304,0.02467,0.02319,0.02624
"U(0.001,0.01), eps=1e-03",0.001,0.01,0.001,separable,11224,0.06195,0.05963,0.06435
"U(0.001,0.01), eps=1e-03",0.001,0.01,0.001,separable,13539,0.0809,0.07827,0.08361
"U(0.001,0.01), eps=1e-03",0.001,0.01,0.001,separable,16331,0.08413,0.08145,0.08689
"U(0.001,0.01), eps=1e-03",0.001,0.01,0.001,separable,19700,0.1091,0.10608,0.11219
"U(0.001,0.01), eps=1e-03",0.001,0.01,0.001,separable,23763,0.13462,0.13131,0.138
"U(0.001,0.01), eps=1e-03",0.001,0.01,0.001,separable,28664,0.15775,0.15421,0.16135
"U(0.001,0.01), eps=1e-03",0.001,0.01,0.001,separable,34576,0.18663,0.18284,0.19048
"U(0.001,0.01), eps=1e-03",0.001,0.01,0.001,separable,41708,0.2137,0.20971,0.21774
"U(0.001,0.01), eps=1e-03",0.001,0.01,0.001,separable,50310,0.24985,0.24563,0.25412
"U(0.001,0.01), eps=1e-03",0.001,0.01,0.001,separable,60687,0.28695,0.28254,0.2914
"U(0.001,0.01), eps=1e-03",0.001,0.01,0.001,separable,73203,0.32332,0.31875,0.32792
"U(0.001,0.01), eps=1e-03",0.001,0.01,0.001,separable,88302,0.36145,0.35676,0.36617
"U(0.001,0.01), eps=1e-03",0.001,0.01,0.001,separable,106515,0.40623,0.40143,0.41105
"U(0.001,0.01), eps=1e-03",0.001,0.01,0.001,separable,128484,0.45238,0.44751,0.45726
"U(0.001,0.01), eps=1e-03",0.001,0.01,0.001,linear,85,0.0,0.0,0.0001
"U(0.001,0.01), eps=1e-03",0.001,0.01,0.001,linear,103,0.0,0.0,0.0001
"U(0.001,0.01), eps=1e-03",0.001,0.01,0.001,linear,124,0.0,0.0,0.0001
"U(0.001,0.01), eps=1e-03",0.001,0.01,0.001,linear,150,0.0,0.0,0.0001
"U(0.001,0.01), eps=1e-03",0.001,0.01,0.001,linear,181,0.0,0.0,0.0001
"U(0.001,0.01), eps=1e-03",0.001,0.01,0.001,linear,218,0.0,0.0,0.0001
"U(0.001,0.01), eps=1e-03",0.001,0.01,0.001,linear,263,0.0,0.0,0.0001
"U(0.001,0.01), eps=1e-03",0.001,0.01,0.001,linear,318,0.0,0.0,0.0001
"U(0.001,0.01), eps=1e-03",0.001,0.01,0.001,linear,383,0.0,0.0,0.0001
"U(0.001,0.01), eps=1e-03",0.001,0.01,0.001,linear,463,0.0,0.0,0.0001
"U(0.001,0.01), eps=1e-03",0.001,0.01,0.001,linear,558,0.0,0.0,0.0001
"U(0.001,0.01), eps=1e-03",0.001,0.01,0.001,linear,673,0.11085,0.10781,0.11396
"U(0.001,0.01), eps=1e-03",0.001,0.01,0.001,linear,812,0.2191,0.21507,0.22318
"U(0.001,0.01), eps=1e-03",0.001,0.01,0.001,linear,980,0.2191,0.21507,0.22318
"U(0.001,0.01), eps=1e-03",0.001,0.01,0.001,linear,1182,0.29923,0.29476,0.30374
"U(0.001,0.01), eps=1e-03",0.001,0.01,0.001,linear,1426,0.3638,0.3591,0.36853
"U(0.001,0.01), eps=1e-03",0.001,0.01,0.001,linear,1720,0.4059,0.4011,0.41072
"U(0.001,0.01), eps=1e-03",0.001,0.01,0.001,linear,2075,0.4189,0.41407,0.42374
"U(0.001,0.01), eps=1e-03",0.001,0.01,0.001,linear,2504,0.54263,0.53774,0.54751
"U(0.001,0.01), eps=1e-03",0.001,0.01,0.001,linear,3020,0.55265,0.54777,0.55752
"U(0.001,0.01), eps=1e-03",0.001,0.01,0.001,linear,3643,0.64435,0.63965,0.64903
"U(0.001,0.01), eps=1e-03",0.001,0.01,0.001,linear,4395,0.72095,0.71653,0.72532
"U(0.001,0.01), eps=1e-03",0.001,0.01,0.001,linear,5301,0.79627,0.79229,0.80019
"U(0.001,0.01), eps=1e-03",0.001,0.01,0.001,linear,6394,0.85433,0.85084,0.85775
"U(0.001,0.01), eps=1e-03",0.001,0.01,0.001,linear,7713,0.90363,0.9007,0.90648
"U(0.001,0.01), eps=1e-03",0.001,0.01,0.001,linear,9304,0.94083,0.93848,0.9431
"U(0.001,0.01), eps=1e-03",0.001,0.01,0.001,linear,11224,0.96623,0.96441,0.96796
"U(0.001,0.01), eps=1e-03",0.001,0.01,0.001,linear,13539,0.9818,0.98044,0.98306
"U(0.001,0.01), eps=1e-03",0.001,0.01,0.001,linear,16331,0.9913,0.99034,0.99216
"U(0.001,0.01), eps=1e-03",0.001,0.01,0.001,linear,19700,0.99598,0.99531,0.99655
"U(0.001,0.01), eps=1e-03",0.001,0.01,0.001,linear,23763,0.9983,0.99785,0.99866
"U(0.001,0.01), eps=1e-03",0.001,0.01,0.001,linear,28664,0.9993,0.99899,0.99952
"U(0.001,0.01), eps=1e-03",0.001,0.01,0.001,linear,34576,0.99975,0.99954,0.99986
"U(0.001,0.01), eps=1e-03",0.001,0.01,0.001,linear,41708,0.99992,0.99977,0.99997
"U(0.001,0.01), eps=1e-03",0.001,0.01,0.001,linear,50310,0.99997,0.99985,0.99999
"U(0.001,0.01), eps=1e-03",0.001,0.01,0.001,linear,60687,0.99997,0.99985,0.99999
"U(0.001,0.01), eps=1e-03",0.001,0.01,0.001,linear,73203,0.99997,0.99985,0.99999
"U(0.001,0.01), eps=1e-03",0.001,0.01,0.001,linear,88302,0.99997,0.99985,0.99999
"U(0.001,0.01), eps=1e-03",0.001,0.01,0.001,linear,106515,0.99997,0.99985,0.99999
"U(0.001,0.01), eps=1e-03",0.001,0.01,0.001,linear,128484,0.99997,0.99985,0.99999
"U(0.001,0.01), eps=1e-03",0.001,0.01,0.001,binary,85,0.0,0.0,0.0001
"U(0.001,0.01), eps=1e-03",0.001,0.01,0.001,binary,103,0.0,0.0,0.0001
"U(0.001,0.01), eps=1e-03",0.001,0.01,0.001,binary,124,0.0,0.0,0.0001
"U(0.001,0.01), eps=1e-03",0.001,0.01,0.001,binary,150,0.0,0.0,0.0001
"U(0.001,0.01), eps=1e-03",0.001,0.01,0.001,binary,181,0.0,0.0,0.0001
"U(0.001,0.01), eps=1e-03",0.001,0.01,0.001,binary,218,0.0,0.0,0.0001
"U(0.001,0.01), eps=1e-03",0.001,0.01,0.001,binary,263,0.0,0.0,0.0001
"U(0.001,0.01), eps=1e-03",0.001,0.01,0.001,binary,318,0.0,0.0,0.0001
"U(0.001,0.01), eps=1e-03",0.001,0.01,0.001,binary,383,0.0,0.0,0.0001
"U(0.001,0.01), eps=1e-03",0.001,0.01,0.001,binary,463,0.0,0.0,0.0001
"U(0.001,0.01), eps=1e-03",0.001,0.01,0.001,binary,558,0.0,0.0,0.0001
"U(0.001,0.01), eps=1e-03",0.001,0.01,0.001,binary,673,0.0,0.0,0.0001
"U(0.001,0.01), eps=1e-03",0.001,0.01,0.001,binary,812,0.0,0.0,0.0001
"U(0.001,0.01), eps=1e-03",0.001,0.01,0.001,binary,980,0.0,0.0,0.0001
"U(0.001,0.01), eps=1e-03",0.001,0.01,0.001,binary,1182,0.0,0.0,0.0001
"U(0.001,0.01), eps=1e-03",0.001,0.01,0.001,binary,1426,0.0,0.0,0.0001
"U(0.001,0.01), eps=1e-03",0.001,0.01,0.001,binary,1720,0.0,0.0,0.0001
"U(0.001,0.01), eps=1e-03",0.001,0.01,0.001,binary,2075,0.0,0.0,0.0001
"U(0.001,0.01), eps=1e-03",0.001,0.01,0.001,binary,2504,0.0,0.0,0.0001
"U(0.001,0.01), eps=1e-03",0.001,0.01,0.001,binary,3020,0.0,0.0,0.0001
"U(0.001,0.01), eps=1e-03",0.001,0.01,0.001,binary,3643,0.0,0.0,0.0001
"U(0.001,0.01), eps=1e-03",0.001,0.01,0.001,binary,4395,0.16573,0.16212,0.16941
"U(0.001,0.01), eps=1e-03",0.001,0.01,0.001,binary,5301,0.16573,0.16212,0.16941
"U(0.001,0.01), eps=1e-03",0.001,0.01,0.001,binary,6394,0.16573,0.16212,0.16941
"U(0.001,0.01), eps=1e-03",0.001,0.01,0.001,binary,7713,0.1608,0.15723,0.16443
"U(0.001,0.01), eps=1e-03",0.001,0.01,0.001,binary,9304,0.1608,0.15723,0.16443
"U(0.001,0.01), eps=1e-03",0.001,0.01,0.001,binary,11224,0.1608,0.15723,0.16443
"U(0.001,0.01), eps=1e-03",0.001,0.01,0.001,binary,13539,0.1608,0.15723,0.16443
"U(0.001,0.01), eps=1e-03",0.001,0.01,0.001,binary,16331,0.1608,0.15723,0.16443
"U(0.001,0.01), eps=1e-03",0.001,0.01,0.001,binary,19700,0.1608,0.15723,0.16443
"U(0.001,0.01), eps=1e-03",0.001,0.01,0.001,binary,23763,0.2765,0.27214,0.2809
"U(0.001,0.01), eps=1e-03",0.001,0.01,0.001,binary,28664,0.27815,0.27378,0.28256
"U(0.001,0.01), eps=1e-03",0.001,0.01,0.001,binary,34576,0.41573,0.41091,0.42057
"U(0.001,0.01), eps=1e-03",0.001,0.01,0.001,binary,41708,0.55043,0.54555,0.5553
"U(0.001,0.01), eps=1e-03",0.001,0.01,0.001,binary,50310,0.73198,0.72762,0.7363
"U(0.001,0.01), eps=1e-03",0.001,0.01,0.001,binary,60687,0.80807,0.80418,0.8119
"U(0.001,0.01), eps=1e-03",0.001,0.01,0.001,binary,73203,0.91153,0.90871,0.91427
"U(0.001,0.01), eps=1e-03",0.001,0.01,0.001,binary,88302,0.95088,0.94872,0.95295
"U(0.001,0.01), eps=1e-03",0.001,0.01,0.001,binary,106515,0.97262,0.97097,0.97417
"U(0.001,0.01), eps=1e-03",0.001,0.01,0.001,binary,128484,0.98375,0.98246,0.98494
"U(0.001,0.01), eps=1e-03",0.001,0.01,0.001,reverse_eng,85,0.0,0.0,0.0001
"U(0.001,0.01), eps=1e-03",0.001,0.01,0.001,reverse_eng,103,0.0,0.0,0.0001
"U(0.001,0.01), eps=1e-03",0.001,0.01,0.001,reverse_eng,124,0.0,0.0,0.0001
"U(0.001,0.01), eps=1e-03",0.001,0.01,0.001,reverse_eng,150,0.0,0.0,0.0001
"U(0.001,0.01), eps=1e-03",0.001,0.01,0.001,reverse_eng,181,0.0,0.0,0.0001
"U(0.001,0.01), eps=1e-03",0.001,0.01,0.001,reverse_eng,218,0.0,0.0,0.0001
"U(0.001,0.01), eps=1e-03",0.001,0.01,0.001,reverse_eng,263,0.0,0.0,0.0001
"U(0.001,0.01), eps=1e-03",0.001,0.01,0.001,reverse_eng,318,0.0,0.0,0.0001
"U(0.001,0.01), eps=1e-03",0.001,0.01,0.001,reverse_eng,383,0.0,0.0,0.0001
"U(0.001,0.01), eps=1e-03",0.001,0.01,0.001,reverse_eng,463,0.0,0.0,0.0001
"U(0.001,0.01), eps=1e-03",0.001,0.01,0.001,reverse_eng,558,0.0,0.0,0.0001
"U(0.001,0.01), eps=1e-03",0.001,0.01,0.001,reverse_eng,673,0.0,0.0,0.0001
"U(0.001,0.01), eps=1e-03",0.001,0.01,0.001,reverse_eng,812,0.0,0.0,0.0001
"U(0.001,0.01), eps=1e-03",0.001,0.01,0.001,reverse_eng,980,0.0,0.0,0.0001
"U(0.001,0.01), eps=1e-03",0.001,0.01,0.001,reverse_eng,1182,0.0,0.0,0.0001
"U(0.001,0.01), eps=1e-03",0.001,0.01,0.001,reverse_eng,1426,0.0,0.0,0.0001
"U(0.001,0.01), eps=1e-03",0.001,0.01,0.001,reverse_eng,1720,0.0,0.0,0.0001
"U(0.001,0.01), eps=1e-03",0.001,0.01,0.001,reverse_eng,2075,0.0,0.0,0.0001
"U(0.001,0.01), eps=1e-03",0.001,0.01,0.001,reverse_eng,2504,0.0,0.0,0.0001
"U(0.001,0.01), eps=1e-03",0.001,0.01,0.001,reverse_eng,3020,0.0,0.0,0.0001
"U(0.001,0.01), eps=1e-03",0.001,0.01,0.001,reverse_eng,3643,0.56903,0.56417,0.57388
"U(0.001,0.01), eps=1e-03",0.001,0.01,0.001,reverse_eng,4395,0.7434,0.7391,0.74766
"U(0.001,0.01), eps=1e-03",0.001,0.01,0.001,reverse_eng,5301,0.78075,0.77667,0.78478
"U(0.001,0.01), eps=1e-03",0.001,0.01,0.001,reverse_eng,6394,0.82158,0.8178,0.8253
"U(0.001,0.01), eps=1e-03",0.001,0.01,0.001,reverse_eng,7713,0.8716,0.86829,0.87484
"U(0.001,0.01), eps=1e-03",0.001,0.01,0.001,reverse_eng,9304,0.91,0.90716,0.91277
"U(0.001,0.01), eps=1e-03",0.001,0.01,0.001,reverse_eng,11224,0.93493,0.93247,0.93731
"U(0.001,0.01), eps=1e-03",0.001,0.01,0.001,reverse_eng,13539,0.95595,0.95389,0.95792
"U(0.001,0.01), eps=1e-03",0.001,0.01,0.001,reverse_eng,16331,0.97062,0.96892,0.97223
"U(0.001,0.01), eps=1e-03",0.001,0.01,0.001,reverse_eng,19700,0.98145,0.98008,0.98273
"U(0.001,0.01), eps=1e-03",0.001,0.01,0.001,reverse_eng,23763,0.98903,0.98796,0.99
"U(0.001,0.01), eps=1e-03",0.001,0.01,0.001,reverse_eng,28664,0.99392,0.99311,0.99464
"U(0.001,0.01), eps=1e-03",0.001,0.01,0.001,reverse_eng,34576,0.9957,0.99501,0.9963
"U(0.001,0.01), eps=1e-03",0.001,0.01,0.001,reverse_eng,41708,0.99745,0.99691,0.9979
"U(0.001,0.01), eps=1e-03",0.001,0.01,0.001,reverse_eng,50310,0.99865,0.99824,0.99897
"U(0.001,0.01), eps=1e-03",0.001,0.01,0.001,reverse_eng,60687,0.99908,0.99873,0.99933
"U(0.001,0.01), eps=1e-03",0.001,0.01,0.001,reverse_eng,73203,0.9991,0.99875,0.99935
"U(0.001,0.01), eps=1e-03",0.001,0.01,0.001,reverse_eng,88302,0.9991,0.99875,0.99935
"U(0.001,0.01), eps=1e-03",0.001,0.01,0.001,reverse_eng,106515,0.99913,0.99879,0.99937
"U(0.001,0.01), eps=1e-03",0.001,0.01,0.001,reverse_eng,128484,0.99913,0.99879,0.99937
"U(0.001,0.01), eps=1e-03",0.001,0.01,0.001,binary_risk,85,0.0,0.0,0.0001
"U(0.001,0.01), eps=1e-03",0.001,0.01,0.001,binary_risk,103,0.0,0.0,0.0001
"U(0.001,0.01), eps=1e-03",0.001,0.01,0.001,binary_risk,124,0.0,0.0,0.0001
"U(0.001,0.01), eps=1e-03",0.001,0.01,0.001,binary_risk,150,0.0,0.0,0.0001
"U(0.001,0.01), eps=1e-03",0.001,0.01,0.001,binary_risk,181,0.0,0.0,0.0001
"U(0.001,0.01), eps=1e-03",0.001,0.01,0.001,binary_risk,218,0.0,0.0,0.0001
"U(0.001,0.01), eps=1e-03",0.001,0.01,0.001,binary_risk,263,0.0,0.0,0.0001
"U(0.001,0.01), eps=1e-03",0.001,0.01,0.001,binary_risk,318,0.0,0.0,0.0001
"U(0.001,0.01), eps=1e-03",0.001,0.01,0.001,binary_risk,383,0.0,0.0,0.0001
"U(0.001,0.01), eps=1e-03",0.001,0.01,0.001,binary_risk,463,0.0,0.0,0.0001
"U(0.001,0.01), eps=1e-03",0.001,0.01,0.001,binary_risk,558,0.0,0.0,0.0001
"U(0.001,0.01), eps=1e-03",0.001,0.01,0.001,binary_risk,673,0.0,0.0,0.0001
"U(0.001,0.01), eps=1e-03",0.001,0.01,0.001,binary_risk,812,0.0,0.0,0.0001
"U(0.001,0.01), eps=1e-03",0.001,0.01,0.001,binary_risk,980,0.0,0.0,0.0001
"U(0.001,0.01), eps=1e-03",0.001,0.01,0.001,binary_risk,1182,0.0,0.0,0.0001
"U(0.001,0.01), eps=1e-03",0.001,0.01,0.001,binary_risk,1426,0.0,0.0,0.0001
"U(0.001,0.01), eps=1e-03",0.001,0.01,0.001,binary_risk,1720,0.0,0.0,0.0001
"U(0.001,0.01), eps=1e-03",0.001,0.01,0.001,binary_risk,2075,0.0,0.0,0.0001
"U(0.001,0.01), eps=1e-03",0.001,0.01,0.001,binary_risk,2504,0.0,0.0,0.0001
"U(0.001,0.01), eps=1e-03",0.001,0.01,0.001,binary_risk,3020,0.0,0.0,0.0001
"U(0.001,0.01), eps=1e-03",0.001,0.01,0.001,binary_risk,3643,0.28077,0.27639,0.28519
"U(0.001,0.01), eps=1e-03",0.001,0.01,0.001,binary_risk,4395,0.56037,0.5555,0.56523
"U(0.001,0.01), eps=1e-03",0.001,0.01,0.001,binary_risk,5301,0.74475,0.74045,0.749
"U(0.001,0.01), eps=1e-03",0.001,0.01,0.001,binary_risk,6394,0.85165,0.84813,0.8551
"U(0.001,0.01), eps=1e-03",0.001,0.01,0.001,binary_risk,7713,0.915,0.91223,0.91769
"U(0.001,0.01), eps=1e-03",0.001,0.01,0.001,binary_risk,9304,0.95327,0.95116,0.9553
"U(0.001,0.01), eps=1e-03",0.001,0.01,0.001,binary_risk,11224,0.97603,0.97448,0.97748
"U(0.001,0.01), eps=1e-03",0.001,0.01,0.001,binary_risk,13539,0.98925,0.98819,0.99021
"U(0.001,0.01), eps=1e-03",0.001,0.01,0.001,binary_risk,16331,0.9953,0.99458,0.99592
"U(0.001,0.01), eps=1e-03",0.001,0.01,0.001,binary_risk,19700,0.99805,0.99757,0.99844
"U(0.001,0.01), eps=1e-03",0.001,0.01,0.001,binary_risk,23763,0.9993,0.99899,0.99952
"U(0.001,0.01), eps=1e-03",0.001,0.01,0.001,binary_risk,28664,0.99962,0.99938,0.99977
"U(0.001,0.01), eps=1e-03",0.001,0.01,0.001,binary_risk,34576,0.9999,0.99974,0.99996
"U(0.001,0.01), eps=1e-03",0.001,0.01,0.001,binary_risk,41708,0.99995,0.99982,0.99999
"U(0.001,0.01), eps=1e-03",0.001,0.01,0.001,binary_risk,50310,1.0,0.9999,1.0
"U(0.001,0.01), eps=1e-03",0.001,0.01,0.001,binary_risk,60687,1.0,0.9999,1.0
"U(0.001,0.01), eps=1e-03",0.001,0.01,0.001,binary_risk,73203,1.0,0.9999,1.0
"U(0.001,0.01), eps=1e-03",0.001,0.01,0.001,binary_risk,88302,0.99992,0.99977,0.99997
"U(0.001,0.01), eps=1e-03",0.001,0.01,0.001,binary_risk,106515,0.99997,0.99985,0.99999
"U(0.001,0.01), eps=1e-03",0.001,0.01,0.001,binary_risk,128484,1.0,0.9999,1.0
"U(0.001,0.01), eps=1e-03",0.001,0.01,0.001,reverse_eng_risk,85,0.0,0.0,0.0001
"U(0.001,0.01), eps=1e-03",0.001,0.01,0.001,reverse_eng_risk,103,0.0,0.0,0.0001
"U(0.001,0.01), eps=1e-03",0.001,0.01,0.001,reverse_eng_risk,124,0.0,0.0,0.0001
"U(0.001,0.01), eps=1e-03",0.001,0.01,0.001,reverse_eng_risk,150,0.0,0.0,0.0001
"U(0.001,0.01), eps=1e-03",0.001,0.01,0.001,reverse_eng_risk,181,0.0,0.0,0.0001
"U(0.001,0.01), eps=1e-03",0.001,0.01,0.001,reverse_eng_risk,218,0.0,0.0,0.0001
"U(0.001,0.01), eps=1e-03",0.001,0.01,0.001,reverse_eng_risk,263,0.0,0.0,0.0001
"U(0.001,0.01), eps=1e-03",0.001,0.01,0.001,reverse_eng_risk,318,0.0,0.0,0.0001
"U(0.001,0.01), eps=1e-03",0.001,0.01,0.001,reverse_eng_risk,383,0.0,0.0,0.0001
"U(0.001,0.01), eps=1e-03",0.001,0.01,0.001,reverse_eng_risk,463,0.0,0.0,0.0001
"U(0.001,0.01), eps=1e-03",0.001,0.01,0.001,reverse_eng_risk,558,0.0,0.0,0.0001
"U(0.001,0.01), eps=1e-03",0.001,0.01,0.001,reverse_eng_risk,673,0.0,0.0,0.0001
"U(0.001,0.01), eps=1e-03",0.001,0.01,0.001,reverse_eng_risk,812,0.0,0.0,0.0001
"U(0.001,0.01), eps=1e-03",0.001,0.01,0.001,reverse_eng_risk,980,0.0,0.0,0.0001
"U(0.001,0.01), eps=1e-03",0.001,0.01,0.001,reverse_eng_risk,1182,0.0,0.0,0.0001
"U(0.001,0.01), eps=1e-03",0.001,0.01,0.001,reverse_eng_risk,1426,0.0,0.0,0.0001
"U(0.001,0.01), eps=1e-03",0.001,0.01,0.001,reverse_eng_risk,1720,0.0,0.0,0.0001
"U(0.001,0.01), eps=1e-03",0.001,0.01,0.001,reverse_eng_risk,2075,0.0,0.0,0.0001
"U(0.001,0.01), eps=1e-03",0.001,0.01,0.001,reverse_eng_risk,2504,0.0,0.0,0.0001
"U(0.001,0.01), eps=1e-03",0.001,0.01,0.001,reverse_eng_risk,3020,0.0,0.0,0.0001
"U(0.001,0.01), eps=1e-03",0.001,0.01,0.001,reverse_eng_risk,3643,0.28077,0.27639,0.28519
"U(0.001,0.01), eps=1e-03",0.001,0.01,0.001,reverse_eng_risk,4395,0.53497,0.53008,0.53985
"U(0.001,0.01), eps=1e-03",0.001,0.01,0.001,reverse_eng_risk,5301,0.70673,0.70225,0.71117
"U(0.001,0.01), eps=1e-03",0.001,0.01,0.001,reverse_eng_risk,6394,0.81053,0.80666,0.81434
"U(0.001,0.01), eps=1e-03",0.001,0.01,0.001,reverse_eng_risk,7713,0.88828,0.88516,0.89133
"U(0.001,0.01), eps=1e-03",0.001,0.01,0.001,reverse_eng_risk,9304,0.9352,0.93275,0.93757
"U(0.001,0.01), eps=1e-03",0.001,0.01,0.001,reverse_eng_risk,11224,0.96545,0.96362,0.9672
"U(0.001,0.01), eps=1e-03",0.001,0.01,0.001,reverse_eng_risk,13539,0.98047,0.97907,0.98178
"U(0.001,0.01), eps=1e-03",0.001,0.01,0.001,reverse_eng_risk,16331,0.99128,0.99032,0.99215
"U(0.001,0.01), eps=1e-03",0.001,0.01,0.001,reverse_eng_risk,19700,0.9945,0.99373,0.99518
"U(0.001,0.01), eps=1e-03",0.001,0.01,0.001,reverse_eng_risk,23763,0.99852,0.99809,0.99885
"U(0.001,0.01), eps=1e-03",0.001,0.01,0.001,reverse_eng_risk,28664,0.9991,0.99875,0.99935
"U(0.001,0.01), eps=1e-03",0.001,0.01,0.001,reverse_eng_risk,34576,0.9997,0.99948,0.99983
"U(0.001,0.01), eps=1e-03",0.001,0.01,0.001,reverse_eng_risk,41708,0.99992,0.99977,0.99997
"U(0.001,0.01), eps=1e-03",0.001,0.01,0.001,reverse_eng_risk,50310,0.99997,0.99985,0.99999
"U(0.001,0.01), eps=1e-03",0.001,0.01,0.001,reverse_eng_risk,60687,1.0,0.9999,1.0
"U(0.001,0.01), eps=1e-03",0.001,0.01,0.001,reverse_eng_risk,73203,1.0,0.9999,1.0
"U(0.001,0.01), eps=1e-03",0.001,0.01,0.001,reverse_eng_risk,88302,1.0,0.9999,1.0
"U(0.001,0.01), eps=1e-03",0.001,0.01,0.001,reverse_eng_risk,106515,1.0,0.9999,1.0
"U(0.001,0.01), eps=1e-03",0.001,0.01,0.001,reverse_eng_risk,128484,1.0,0.9999,1.0
"U(0.01,0.1), eps=1e-04",0.01,0.1,0.0001,brute,89653,0.18395,0.18018,0.18778
"U(0.01,0.1), eps=1e-04",0.01,0.1,0.0001,brute,108144,0.20197,0.19806,0.20593
"U(0.01,0.1), eps=1e-04",0.01,0.1,0.0001,brute,130449,0.2213,0.21726,0.22539
"U(0.01,0.1), eps=1e-04",0.01,0.1,0.0001,brute,157355,0.243,0.23882,0.24723
"U(0.01,0.1), eps=1e-04",0.01,0.1,0.0001,brute,189810,0.26435,0.26005,0.26869
"U(0.01,0.1), eps=1e-04",0.01,0.1,0.0001,brute,228958,0.28825,0.28383,0.29271
"U(0.01,0.1), eps=1e-04",0.01,0.1,0.0001,brute,276182,0.31603,0.31149,0.3206
"U(0.01,0.1), eps=1e-04",0.01,0.1,0.0001,brute,333145,0.34518,0.34054,0.34985
"U(0.01,0.1), eps=1e-04",0.01,0.1,0.0001,brute,401857,0.37605,0.37132,0.38081
"U(0.01,0.1), eps=1e-04",0.01,0.1,0.0001,brute,484741,0.41155,0.40674,0.41638
"U(0.01,0.1), eps=1e-04",0.01,0.1,0.0001,brute,584721,0.44672,0.44185,0.4516
"U(0.01,0.1), eps=1e-04",0.01,0.1,0.0001,brute,705321,0.48597,0.48107,0.49087
"U(0.01,0.1), eps=1e-04",0.01,0.1,0.0001,brute,850795,0.52417,0.51927,0.52906
"U(0.01,0.1), eps=1e-04",0.01,0.1,0.0001,brute,1026274,0.56705,0.56219,0.5719
"U(0.01,0.1), eps=1e-04",0.01,0.1,0.0001,brute,1237946,0.61157,0.60678,0.61634
"U(0.01,0.1), eps=1e-04",0.01,0.1,0.0001,brute,1493275,0.65717,0.6525,0.66181
"U(0.01,0.1), eps=1e-04",0.01,0.1,0.0001,brute,1801267,0.70285,0.69835,0.70731
"U(0.01,0.1), eps=1e-04",0.01,0.1,0.0001,brute,2172783,0.74792,0.74364,0.75215
"U(0.01,0.1), eps=1e-04",0.01,0.1,0.0001,brute,2620925,0.79258,0.78858,0.79653
"U(0.01,0.1), eps=1e-04",0.01,0.1,0.0001,brute,3161498,0.8332,0.82951,0.83682
"U(0.01,0.1), eps=1e-04",0.01,0.1,0.0001,brute,3813565,0.87072,0.8674,0.87397
"U(0.01,0.1), eps=1e-04",0.01,0.1,0.0001,brute,4600122,0.9037,0.90077,0.90655
"U(0.01,0.1), eps=1e-04",0.01,0.1,0.0001,brute,5548909,0.93225,0.92975,0.93467
"U(0.01,0.1), eps=1e-04",0.01,0.1,0.0001,brute,6693386,0.95432,0.95223,0.95632
"U(0.01,0.1), eps=1e-04",0.01,0.1,0.0001,brute,8073914,0.97152,0.96984,0.97311
"U(0.01,0.1), eps=1e-04",0.01,0.1,0.0001,brute,9739179,0.98398,0.9827,0.98516
"U(0.01,0.1), eps=1e-04",0.01,0.1,0.0001,brute,11747910,0.9925,0.99161,0.9933
"U(0.01,0.1), eps=1e-04",0.01,0.1,0.0001,brute,14170946,0.99677,0.99616,0.99728
"U(0.01,0.1), eps=1e-04",0.01,0.1,0.0001,brute,17093739,0.99875,0.99835,0.99905
"U(0.01,0.1), eps=1e-04",0.01,0.1,0.0001,brute,20619366,0.99972,0.9995,0.99984
"U(0.01,0.1), eps=1e-04",0.01,0.1,0.0001,brute,24872163,0.99992,0.99977,0.99997
"U(0.01,0.1), eps=1e-04",0.01,0.1,0.0001,brute,30002110,1.0,0.9999,1.0
"U(0.01,0.1), eps=1e-04",0.01,0.1,0.0001,brute,36190121,1.0,0.9999,1.0
"U(0.01,0.1), eps=1e-04",0.01,0.1,0.0001,brute,43654425,1.0,0.9999,1.0
"U(0.01,0.1), eps=1e-04",0.01,0.1,0.0001,brute,52658261,1.0,0.9999,1.0
"U(0.01,0.1), eps=1e-04",0.01,0.1,0.0001,brute,63519160,1.0,0.9999,1.0
"U(0.01,0.1), eps=1e-04",0.01,0.1,0.0001,brute,76620148,1.0,0.9999,1.0
"U(0.01,0.1), eps=1e-04",0.01,0.1,0.0001,brute,92423247,1.0,0.9999,1.0
"U(0.01,0.1), eps=1e-04",0.01,0.1,0.0001,brute,111485776,1.0,0.9999,1.0
"U(0.01,0.1), eps=1e-04",0.01,0.1,0.0001,brute,134480000,1.0,0.9999,1.0
"U(0.01,0.1), eps=1e-04",0.01,0.1,0.0001,separable,89653,0.04775,0.0457,0.04988
"U(0.01,0.1), eps=1e-04",0.01,0.1,0.0001,separable,108144,0.05208,0.04995,0.0543
"U(0.01,0.1), eps=1e-04",0.01,0.1,0.0001,separable,130449,0.05702,0.05479,0.05934
"U(0.01,0.1), eps=1e-04",0.01,0.1,0.0001,separable,157355,0.0637,0.06135,0.06614
"U(0.01,0.1), eps=1e-04",0.01,0.1,0.0001,separable,189810,0.06907,0.06663,0.0716
"U(0.01,0.1), eps=1e-04",0.01,0.1,0.0001,separable,228958,0.0774,0.07482,0.08006
"U(0.01,0.1), eps=1e-04",0.01,0.1,0.0001,separable,276182,0.08565,0.08295,0.08843
"U(0.01,0.1), eps=1e-04",0.01,0.1,0.0001,separable,333145,0.0944,0.09157,0.0973
"U(0.01,0.1), eps=1e-04",0.01,0.1,0.0001,separable,401857,0.10182,0.09889,0.10482
"U(0.01,0.1), eps=1e-04",0.01,0.1,0.0001,separable,484741,0.11105,0.10801,0.11417
"U(0.01,0.1), eps=1e-04",0.01,0.1,0.0001,separable,584721,0.12268,0.1195,0.12593
"U(0.01,0.1), eps=1e-04",0.01,0.1,0.0001,separable,705321,0.13405,0.13075,0.13742
"U(0.01,0.1), eps=1e-04",0.01,0.1,0.0001,separable,850795,0.14765,0.14421,0.15116
"U(0.01,0.1), eps=1e-04",0.01,0.1,0.0001,separable,1026274,0.16153,0.15796,0.16517
"U(0.01,0.1), eps=1e-04",0.01,0.1,0.0001,separable,1237946,0.17647,0.17277,0.18024
"U(0.01,0.1), eps=1e-04",0.01,0.1,0.0001,separable,1493275,0.19345,0.18961,0.19735
"U(0.01,0.1), eps=1e-04",0.01,0.1,0.0001,separable,1801267,0.21233,0.20835,0.21637
"U(0.01,0.1), eps=1e-04",0.01,0.1,0.0001,separable,2172783,0.23155,0.22744,0.23571
"U(0.01,0.1), eps=1e-04",0.01,0.1,0.0001,separable,2620925,0.25285,0.24861,0.25713
"U(0.01,0.1), eps=1e-04",0.01,0.1,0.0001,separable,3161498,0.27875,0.27438,0.28317
"U(0.01,0.1), eps=1e-04",0.01,0.1,0.0001,separable,3813565,0.30435,0.29986,0.30888
"U(0.01,0.1), eps=1e-04",0.01,0.1,0.0001,separable,4600122,0.33345,0.32885,0.33809
"U(0.01,0.1), eps=1e-04",0.01,0.1,0.0001,separable,5548909,0.3626,0.3579,0.36732
"U(0.01,0.1), eps=1e-04",0.01,0.1,0.0001,separable,6693386,0.3949,0.39012,0.3997
"U(0.01,0.1), eps=1e-04",0.01,0.1,0.0001,separable,8073914,0.4305,0.42565,0.43536
"U(0.01,0.1), eps=1e-04",0.01,0.1,0.0001,separable,9739179,0.46823,0.46334,0.47312
"U(0.01,0.1), eps=1e-04",0.01,0.1,0.0001,separable,11747910,0.5071,0.5022,0.512
"U(0.01,0.1), eps=1e-04",0.01,0.1,0.0001,separable,14170946,0.54748,0.5426,0.55235
"U(0.01,0.1), eps=1e-04",0.01,0.1,0.0001,separable,17093739,0.59175,0.58692,0.59656
"U(0.01,0.1), eps=1e-04",0.01,0.1,0.0001,separable,20619366,0.63672,0.63199,0.64142
"U(0.01,0.1), eps=1e-04",0.01,0.1,0.0001,separable,24872163,0.6827,0.67812,0.68724
"U(0.01,0.1), eps=1e-04",0.01,0.1,0.0001,separable,30002110,0.72762,0.72324,0.73196
"U(0.01,0.1), eps=1e-04",0.01,0.1,0.0001,separable,36190121,0.77295,0.76882,0.77703
"U(0.01,0.1), eps=1e-04",0.01,0.1,0.0001,separable,43654425,0.81703,0.81321,0.82079
"U(0.01,0.1), eps=1e-04",0.01,0.1,0.0001,separable,52658261,0.85493,0.85144,0.85835
"U(0.01,0.1), eps=1e-04",0.01,0.1,0.0001,separable,63519160,0.8911,0.88801,0.89412
"U(0.01,0.1), eps=1e-04",0.01,0.1,0.0001,separable,76620148,0.92102,0.91834,0.92362
"U(0.01,0.1), eps=1e-04",0.01,0.1,0.0001,separable,92423247,0.94588,0.94362,0.94805
"U(0.01,0.1), eps=1e-04",0.01,0.1,0.0001,separable,111485776,0.96457,0.96271,0.96634
"U(0.01,0.1), eps=1e-04",0.01,0.1,0.0001,separable,134480000,0.97933,0.97789,0.98068
"U(0.01,0.1), eps=1e-04",0.01,0.1,0.0001,linear,89653,0.20993,0.20597,0.21395
"U(0.01,0.1), eps=1e-04",0.01,0.1,0.0001,linear,108144,0.23147,0.22736,0.23563
"U(0.01,0.1), eps=1e-04",0.01,0.1,0.0001,linear,130449,0.24773,0.24352,0.25198
"U(0.01,0.1), eps=1e-04",0.01,0.1,0.0001,linear,157355,0.29605,0.2916,0.30054
"U(0.01,0.1), eps=1e-04",0.01,0.1,0.0001,linear,189810,0.3164,0.31186,0.32098
"U(0.01,0.1), eps=1e-04",0.01,0.1,0.0001,linear,228958,0.34705,0.3424,0.35173
"U(0.01,0.1), eps=1e-04",0.01,0.1,0.0001,linear,276182,0.38498,0.38022,0.38976
"U(0.01,0.1), eps=1e-04",0.01,0.1,0.0001,linear,333145,0.42033,0.4155,0.42517
"U(0.01,0.1), eps=1e-04",0.01,0.1,0.0001,linear,401857,0.45367,0.4488,0.45855
"U(0.01,0.1), eps=1e-04",0.01,0.1,0.0001,linear,484741,0.49948,0.49458,0.50438
"U(0.01,0.1), eps=1e-04",0.01,0.1,0.0001,linear,584721,0.53753,0.53264,0.54241
"U(0.01,0.1), eps=1e-04",0.01,0.1,0.0001,linear,705321,0.5833,0.57846,0.58812
"U(0.01,0.1), eps=1e-04",0.01,0.1,0.0001,linear,850795,0.63065,0.62591,0.63537
"U(0.01,0.1), eps=1e-04",0.01,0.1,0.0001,linear,1026274,0.67358,0.66897,0.67816
"U(0.01,0.1), eps=1e-04",0.01,0.1,0.0001,linear,1237946,0.7194,0.71498,0.72378
"U(0.01,0.1), eps=1e-04",0.01,0.1,0.0001,linear,1493275,0.76287,0.75868,0.76701
"U(0.01,0.1), eps=1e-04",0.01,0.1,0.0001,linear,1801267,0.8028,0.79887,0.80667
"U(0.01,0.1), eps=1e-04",0.01,0.1,0.0001,linear,2172783,0.84022,0.8366,0.84378
"U(0.01,0.1), eps=1e-04",0.01,0.1,0.0001,linear,2620925,0.87162,0.86831,0.87486
"U(0.01,0.1), eps=1e-04",0.01,0.1,0.0001,linear,3161498,0.9013,0.89834,0.90418
"U(0.01,0.1), eps=1e-04",0.01,0.1,0.0001,linear,3813565,0.92253,0.91987,0.92511
"U(0.01,0.1), eps=1e-04",0.01,0.1,0.0001,linear,4600122,0.94722,0.94499,0.94937
"U(0.01,0.1), eps=1e-04",0.01,0.1,0.0001,linear,5548909,0.96393,0.96206,0.96571
"U(0.01,0.1), eps=1e-04",0.01,0.1,0.0001,linear,6693386,0.9795,0.97806,0.98084
"U(0.01,0.1), eps=1e-04",0.01,0.1,0.0001,linear,8073914,0.98865,0.98756,0.98964
"U(0.01,0.1), eps=1e-04",0.01,0.1,0.0001,linear,9739179,0.99355,0.99272,0.99429
"U(0.01,0.1), eps=1e-04",0.01,0.1,0.0001,linear,11747910,0.99467,0.99391,0.99534
"U(0.01,0.1), eps=1e-04",0.01,0.1,0.0001,linear,14170946,0.9983,0.99785,0.99866
"U(0.01,0.1), eps=1e-04",0.01,0.1,0.0001,linear,17093739,0.99875,0.99835,0.99905
"U(0.01,0.1), eps=1e-04",0.01,0.1,0.0001,linear,20619366,0.99867,0.99826,0.99898
"U(0.01,0.1), eps=1e-04",0.01,0.1,0.0001,linear,24872163,0.99965,0.99941,0.99979
"U(0.01,0.1), eps=1e-04",0.01,0.1,0.0001,linear,30002110,0.99992,0.99977,0.99997
"U(0.01,0.1), eps=1e-04",0.01,0.1,0.0001,linear,36190121,0.99995,0.99982,0.99999
"U(0.01,0.1), eps=1e-04",0.01,0.1,0.0001,linear,43654425,0.99995,0.99982,0.99999
"U(0.01,0.1), eps=1e-04",0.01,0.1,0.0001,linear,52658261,0.99995,0.99982,0.99999
"U(0.01,0.1), eps=1e-04",0.01,0.1,0.0001,linear,63519160,0.99995,0.99982,0.99999
"U(0.01,0.1), eps=1e-04",0.01,0.1,0.0001,linear,76620148,0.99995,0.99982,0.99999
"U(0.01,0.1), eps=1e-04",0.01,0.1,0.0001,linear,92423247,0.99995,0.99982,0.99999
"U(0.01,0.1), eps=1e-04",0.01,0.1,0.0001,linear,111485776,0.99995,0.99982,0.99999
"U(0.01,0.1), eps=1e-04",0.01,0.1,0.0001,linear,134480000,0.99995,0.99982,0.99999
"U(0.01,0.1), eps=1e-04",0.01,0.1,0.0001,binary,89653,0.1989,0.19502,0.20284
"U(0.01,0.1), eps=1e-04",0.01,0.1,0.0001,binary,108144,0.22235,0.2183,0.22645
"U(0.01,0.1), eps=1e-04",0.01,0.1,0.0001,binary,130449,0.2473,0.2431,0.25155
"U(0.01,0.1), eps=1e-04",0.01,0.1,0.0001,binary,157355,0.27265,0.26831,0.27704
"U(0.01,0.1), eps=1e-04",0.01,0.1,0.0001,binary,189810,0.29375,0.28931,0.29823
"U(0.01,0.1), eps=1e-04",0.01,0.1,0.0001,binary,228958,0.32703,0.32245,0.33164
"U(0.01,0.1), eps=1e-04",0.01,0.1,0.0001,binary,276182,0.35823,0.35355,0.36294
"U(0.01,0.1), eps=1e-04",0.01,0.1,0.0001,binary,333145,0.39575,0.39097,0.40055
"U(0.01,0.1), eps=1e-04",0.01,0.1,0.0001,binary,401857,0.43343,0.42858,0.43829
"U(0.01,0.1), eps=1e-04",0.01,0.1,0.0001,binary,484741,0.47833,0.47344,0.48323
"U(0.01,0.1), eps=1e-04",0.01,0.1,0.0001,binary,584721,0.52167,0.51677,0.52656
"U(0.01,0.1), eps=1e-04",0.01,0.1,0.0001,binary,705321,0.56355,0.55868,0.5684
"U(0.01,0.1), eps=1e-04",0.01,0.1,0.0001,binary,850795,0.6078,0.60301,0.61257
"U(0.01,0.1), eps=1e-04",0.01,0.1,0.0001,binary,1026274,0.65492,0.65025,0.65956
"U(0.01,0.1), eps=1e-04",0.01,0.1,0.0001,binary,1237946,0.69668,0.69216,0.70117
"U(0.01,0.1), eps=1e-04",0.01,0.1,0.0001,binary,1493275,0.73903,0.7347,0.74331
"U(0.01,0.1), eps=1e-04",0.01,0.1,0.0001,binary,1801267,0.78105,0.77697,0.78508
"U(0.01,0.1), eps=1e-04",0.01,0.1,0.0001,binary,2172783,0.82075,0.81696,0.82448
"U(0.01,0.1), eps=1e-04",0.01,0.1,0.0001,binary,2620925,0.85347,0.84997,0.8569
"U(0.01,0.1), eps=1e-04",0.01,0.1,0.0001,binary,3161498,0.88872,0.8856,0.89176
"U(0.01,0.1), eps=1e-04",0.01,0.1,0.0001,binary,3813565,0.91407,0.91128,0.91678
"U(0.01,0.1), eps=1e-04",0.01,0.1,0.0001,binary,4600122,0.94137,0.93903,0.94363
"U(0.01,0.1), eps=1e-04",0.01,0.1,0.0001,binary,5548909,0.95962,0.95765,0.96151
"U(0.01,0.1), eps=1e-04",0.01,0.1,0.0001,binary,6693386,0.97165,0.96998,0.97323
"U(0.01,0.1), eps=1e-04",0.01,0.1,0.0001,binary,8073914,0.98205,0.9807,0.98331
"U(0.01,0.1), eps=1e-04",0.01,0.1,0.0001,binary,9739179,0.98905,0.98798,0.99002
"U(0.01,0.1), eps=1e-04",0.01,0.1,0.0001,binary,11747910,0.99415,0.99335,0.99485
"U(0.01,0.1), eps=1e-04",0.01,0.1,0.0001,binary,14170946,0.9966,0.99598,0.99712
"U(0.01,0.1), eps=1e-04",0.01,0.1,0.0001,binary,17093739,0.99862,0.99821,0.99894
"U(0.01,0.1), eps=1e-04",0.01,0.1,0.0001,binary,20619366,0.9983,0.99785,0.99866
"U(0.01,0.1), eps=1e-04",0.01,0.1,0.0001,binary,24872163,0.99852,0.99809,0.99885
"U(0.01,0.1), eps=1e-04",0.01,0.1,0.0001,binary,30002110,0.9986,0.99818,0.99892
"U(0.01,0.1), eps=1e-04",0.01,0.1,0.0001,binary,36190121,0.99865,0.99824,0.99897
"U(0.01,0.1), eps=1e-04",0.01,0.1,0.0001,binary,43654425,0.99865,0.99824,0.99897
"U(0.01,0.1), eps=1e-04",0.01,0.1,0.0001,binary,52658261,0.99865,0.99824,0.99897
"U(0.01,0.1), eps=1e-04",0.01,0.1,0.0001,binary,63519160,0.99865,0.99824,0.99897
"U(0.01,0.1), eps=1e-04",0.01,0.1,0.0001,binary,76620148,0.99865,0.99824,0.99897
"U(0.01,0.1), eps=1e-04",0.01,0.1,0.0001,binary,92423247,0.99865,0.99824,0.99897
"U(0.01,0.1), eps=1e-04",0.01,0.1,0.0001,binary,111485776,0.99865,0.99824,0.99897
"U(0.01,0.1), eps=1e-04",0.01,0.1,0.0001,binary,134480000,0.99865,0.99824,0.99897
"U(0.01,0.1), eps=1e-04",0.01,0.1,0.0001,reverse_eng,89653,0.2445,0.24031,0.24874
"U(0.01,0.1), eps=1e-04",0.01,0.1,0.0001,reverse_eng,108144,0.27115,0.26682,0.27553
"U(0.01,0.1), eps=1e-04",0.01,0.1,0.0001,reverse_eng,130449,0.2945,0.29005,0.29899
"U(0.01,0.1), eps=1e-04",0.01,0.1,0.0001,reverse_eng,157355,0.32203,0.31747,0.32663
"U(0.01,0.1), eps=1e-04",0.01,0.1,0.0001,reverse_eng,189810,0.3512,0.34654,0.35589
"U(0.01,0.1), eps=1e-04",0.01,0.1,0.0001,reverse_eng,228958,0.3823,0.37755,0.38707
"U(0.01,0.1), eps=1e-04",0.01,0.1,0.0001,reverse_eng,276182,0.40892,0.40411,0.41375
"U(0.01,0.1), eps=1e-04",0.01,0.1,0.0001,reverse_eng,333145,0.45535,0.45047,0.46023
"U(0.01,0.1), eps=1e-04",0.01,0.1,0.0001,reverse_eng,401857,0.49702,0.49212,0.50192
"U(0.01,0.1), eps=1e-04",0.01,0.1,0.0001,reverse_eng,484741,0.52533,0.52043,0.53022
"U(0.01,0.1), eps=1e-04",0.01,0.1,0.0001,reverse_eng,584721,0.57252,0.56767,0.57736
"U(0.01,0.1), eps=1e-04",0.01,0.1,0.0001,reverse_eng,705321,0.6208,0.61603,0.62554
"U(0.01,0.1), eps=1e-04",0.01,0.1,0.0001,reverse_eng,850795,0.6651,0.66046,0.66971
"U(0.01,0.1), eps=1e-04",0.01,0.1,0.0001,reverse_eng,1026274,0.70955,0.70508,0.71398
"U(0.01,0.1), eps=1e-04",0.01,0.1,0.0001,reverse_eng,1237946,0.7482,0.74392,0.75243
"U(0.01,0.1), eps=1e-04",0.01,0.1,0.0001,reverse_eng,1493275,0.7874,0.78336,0.79138
"U(0.01,0.1), eps=1e-04",0.01,0.1,0.0001,reverse_eng,1801267,0.82237,0.81859,0.82608
"U(0.01,0.1), eps=1e-04",0.01,0.1,0.0001,reverse_eng,2172783,0.86003,0.8566,0.8634
"U(0.01,0.1), eps=1e-04",0.01,0.1,0.0001,reverse_eng,2620925,0.8848,0.88163,0.88789
"U(0.01,0.1), eps=1e-04",0.01,0.1,0.0001,reverse_eng,3161498,0.91392,0.91113,0.91663
"U(0.01,0.1), eps=1e-04",0.01,0.1,0.0001,reverse_eng,3813565,0.93563,0.93318,0.93799
"U(0.01,0.1), eps=1e-04",0.01,0.1,0.0001,reverse_eng,4600122,0.95493,0.95285,0.95692
"U(0.01,0.1), eps=1e-04",0.01,0.1,0.0001,reverse_eng,5548909,0.97055,0.96885,0.97216
"U(0.01,0.1), eps=1e-04",0.01,0.1,0.0001,reverse_eng,6693386,0.98062,0.97922,0.98193
"U(0.01,0.1), eps=1e-04",0.01,0.1,0.0001,reverse_eng,8073914,0.99013,0.98911,0.99105
"U(0.01,0.1), eps=1e-04",0.01,0.1,0.0001,reverse_eng,9739179,0.99343,0.99259,0.99418
"U(0.01,0.1), eps=1e-04",0.01,0.1,0.0001,reverse_eng,11747910,0.99705,0.99647,0.99754
"U(0.01,0.1), eps=1e-04",0.01,0.1,0.0001,reverse_eng,14170946,0.9983,0.99785,0.99866
"U(0.01,0.1), eps=1e-04",0.01,0.1,0.0001,reverse_eng,17093739,0.9984,0.99796,0.99875
"U(0.01,0.1), eps=1e-04",0.01,0.1,0.0001,reverse_eng,20619366,0.99935,0.99905,0.99956
"U(0.01,0.1), eps=1e-04",0.01,0.1,0.0001,reverse_eng,24872163,0.99945,0.99917,0.99964
"U(0.01,0.1), eps=1e-04",0.01,0.1,0.0001,reverse_eng,30002110,0.99952,0.99925,0.99969
"U(0.01,0.1), eps=1e-04",0.01,0.1,0.0001,reverse_eng,36190121,0.99952,0.99925,0.99969
"U(0.01,0.1), eps=1e-04",0.01,0.1,0.0001,reverse_eng,43654425,0.99952,0.99925,0.99969
"U(0.01,0.1), eps=1e-04",0.01,0.1,0.0001,reverse_eng,52658261,0.99952,0.99925,0.99969
"U(0.01,0.1), eps=1e-04",0.01,0.1,0.0001,reverse_eng,63519160,0.99952,0.99925,0.99969
"U(0.01,0.1), eps=1e-04",0.01,0.1,0.0001,reverse_eng,76620148,0.99952,0.99925,0.99969
"U(0.01,0.1), eps=1e-04",0.01,0.1,0.0001,reverse_eng,92423247,0.99952,0.99925,0.99969
"U(0.01,0.1), eps=1e-04",0.01,0.1,0.0001,reverse_eng,111485776,0.99952,0.99925,0.99969
"U(0.01,0.1), eps=1e-04",0.01,0.1,0.0001,reverse_eng,134480000,0.99952,0.99925,0.99969
"U(0.01,0.1), eps=1e-04",0.01,0.1,0.0001,binary_risk,89653,0.22692,0.22284,0.23105
"U(0.01,0.1), eps=1e-04",0.01,0.1,0.0001,binary_risk,108144,0.24005,0.23589,0.24426
"U(0.01,0.1), eps=1e-04",0.01,0.1,0.0001,binary_risk,130449,0.2594,0.25513,0.26372
"U(0.01,0.1), eps=1e-04",0.01,0.1,0.0001,binary_risk,157355,0.3185,0.31395,0.32308
"U(0.01,0.1), eps=1e-04",0.01,0.1,0.0001,binary_risk,189810,0.35185,0.34718,0.35654
"U(0.01,0.1), eps=1e-04",0.01,0.1,0.0001,binary_risk,228958,0.37097,0.36625,0.37572
"U(0.01,0.1), eps=1e-04",0.01,0.1,0.0001,binary_risk,276182,0.40272,0.39792,0.40754
"U(0.01,0.1), eps=1e-04",0.01,0.1,0.0001,binary_risk,333145,0.44155,0.43669,0.44642
"U(0.01,0.1), eps=1e-04",0.01,0.1,0.0001,binary_risk,401857,0.4804,0.47551,0.4853
"U(0.01,0.1), eps=1e-04",0.01,0.1,0.0001,binary_risk,484741,0.52665,0.52175,0.53154
"U(0.01,0.1), eps=1e-04",0.01,0.1,0.0001,binary_risk,584721,0.555,0.55012,0.55986
"U(0.01,0.1), eps=1e-04",0.01,0.1,0.0001,binary_risk,705321,0.60472,0.59992,0.6095
"U(0.01,0.1), eps=1e-04",0.01,0.1,0.0001,binary_risk,850795,0.6452,0.6405,0.64987
"U(0.01,0.1), eps=1e-04",0.01,0.1,0.0001,binary_risk,1026274,0.69017,0.68562,0.69468
"U(0.01,0.1), eps=1e-04",0.01,0.1,0.0001,binary_risk,1237946,0.73393,0.72958,0.73824
"U(0.01,0.1), eps=1e-04",0.01,0.1,0.0001,binary_risk,1493275,0.77945,0.77536,0.78349
"U(0.01,0.1), eps=1e-04",0.01,0.1,0.0001,binary_risk,1801267,0.81715,0.81333,0.82091
"U(0.01,0.1), eps=1e-04",0.01,0.1,0.0001,binary_risk,2172783,0.85333,0.84983,0.85676
"U(0.01,0.1), eps=1e-04",0.01,0.1,0.0001,binary_risk,2620925,0.88528,0.88212,0.88837
"U(0.01,0.1), eps=1e-04",0.01,0.1,0.0001,binary_risk,3161498,0.91263,0.90982,0.91536
"U(0.01,0.1), eps=1e-04",0.01,0.1,0.0001,binary_risk,3813565,0.93615,0.93371,0.9385
"U(0.01,0.1), eps=1e-04",0.01,0.1,0.0001,binary_risk,4600122,0.95752,0.9555,0.95945
"U(0.01,0.1), eps=1e-04",0.01,0.1,0.0001,binary_risk,5548909,0.97357,0.97195,0.9751
"U(0.01,0.1), eps=1e-04",0.01,0.1,0.0001,binary_risk,6693386,0.98405,0.98277,0.98523
"U(0.01,0.1), eps=1e-04",0.01,0.1,0.0001,binary_risk,8073914,0.99013,0.98911,0.99105
"U(0.01,0.1), eps=1e-04",0.01,0.1,0.0001,binary_risk,9739179,0.99423,0.99344,0.99493
"U(0.01,0.1), eps=1e-04",0.01,0.1,0.0001,binary_risk,11747910,0.99718,0.99661,0.99765
"U(0.01,0.1), eps=1e-04",0.01,0.1,0.0001,binary_risk,14170946,0.99885,0.99847,0.99914
"U(0.01,0.1), eps=1e-04",0.01,0.1,0.0001,binary_risk,17093739,0.99895,0.99858,0.99922
"U(0.01,0.1), eps=1e-04",0.01,0.1,0.0001,binary_risk,20619366,0.99877,0.99838,0.99907
"U(0.01,0.1), eps=1e-04",0.01,0.1,0.0001,binary_risk,24872163,0.9998,0.99961,0.9999
"U(0.01,0.1), eps=1e-04",0.01,0.1,0.0001,binary_risk,30002110,0.99985,0.99967,0.99993
"U(0.01,0.1), eps=1e-04",0.01,0.1,0.0001,binary_risk,36190121,0.9999,0.99974,0.99996
"U(0.01,0.1), eps=1e-04",0.01,0.1,0.0001,binary_risk,43654425,1.0,0.9999,1.0
"U(0.01,0.1), eps=1e-04",0.01,0.1,0.0001,binary_risk,52658261,1.0,0.9999,1.0
"U(0.01,0.1), eps=1e-04",0.01,0.1,0.0001,binary_risk,63519160,1.0,0.9999,1.0
"U(0.01,0.1), eps=1e-04",0.01,0.1,0.0001,binary_risk,76620148,1.0,0.9999,1.0
"U(0.01,0.1), eps=1e-04",0.01,0.1,0.0001,binary_risk,92423247,1.0,0.9999,1.0
"U(0.01,0.1), eps=1e-04",0.01,0.1,0.0001,binary_risk,111485776,1.0,0.9999,1.0
"U(0.01,0.1), eps=1e-04",0.01,0.1,0.0001,binary_risk,134480000,1.0,0.9999,1.0
"U(0.01,0.1), eps=1e-04",0.01,0.1,0.0001,reverse_eng_risk,89653,0.25648,0.25222,0.26078
"U(0.01,0.1), eps=1e-04",0.01,0.1,0.0001,reverse_eng_risk,108144,0.28027,0.27589,0.28469
"U(0.01,0.1), eps=1e-04",0.01,0.1,0.0001,reverse_eng_risk,130449,0.31062,0.3061,0.31517
"U(0.01,0.1), eps=1e-04",0.01,0.1,0.0001,reverse_eng_risk,157355,0.33937,0.33475,0.34403
"U(0.01,0.1), eps=1e-04",0.01,0.1,0.0001,reverse_eng_risk,189810,0.3701,0.36538,0.37484
"U(0.01,0.1), eps=1e-04",0.01,0.1,0.0001,reverse_eng_risk,228958,0.4062,0.4014,0.41102
"U(0.01,0.1), eps=1e-04",0.01,0.1,0.0001,reverse_eng_risk,276182,0.44185,0.43699,0.44672
"U(0.01,0.1), eps=1e-04",0.01,0.1,0.0001,reverse_eng_risk,333145,0.47855,0.47366,0.48345
"U(0.01,0.1), eps=1e-04",0.01,0.1,0.0001,reverse_eng_risk,401857,0.5164,0.5115,0.5213
"U(0.01,0.1), eps=1e-04",0.01,0.1,0.0001,reverse_eng_risk,484741,0.55532,0.55045,0.56018
"U(0.01,0.1), eps=1e-04",0.01,0.1,0.0001,reverse_eng_risk,584721,0.59525,0.59043,0.60005
"U(0.01,0.1), eps=1e-04",0.01,0.1,0.0001,reverse_eng_risk,705321,0.63892,0.6342,0.64361
"U(0.01,0.1), eps=1e-04",0.01,0.1,0.0001,reverse_eng_risk,850795,0.68155,0.67697,0.6861
"U(0.01,0.1), eps=1e-04",0.01,0.1,0.0001,reverse_eng_risk,1026274,0.7242,0.7198,0.72856
"U(0.01,0.1), eps=1e-04",0.01,0.1,0.0001,reverse_eng_risk,1237946,0.76465,0.76047,0.76878
"U(0.01,0.1), eps=1e-04",0.01,0.1,0.0001,reverse_eng_risk,1493275,0.80448,0.80056,0.80834
"U(0.01,0.1), eps=1e-04",0.01,0.1,0.0001,reverse_eng_risk,1801267,0.84008,0.83646,0.84364
"U(0.01,0.1), eps=1e-04",0.01,0.1,0.0001,reverse_eng_risk,2172783,0.87425,0.87096,0.87746
"U(0.01,0.1), eps=1e-04",0.01,0.1,0.0001,reverse_eng_risk,2620925,0.903,0.90006,0.90586
"U(0.01,0.1), eps=1e-04",0.01,0.1,0.0001,reverse_eng_risk,3161498,0.92868,0.92612,0.93116
"U(0.01,0.1), eps=1e-04",0.01,0.1,0.0001,reverse_eng_risk,3813565,0.94752,0.94529,0.94966
"U(0.01,0.1), eps=1e-04",0.01,0.1,0.0001,reverse_eng_risk,4600122,0.96267,0.96077,0.96448
"U(0.01,0.1), eps=1e-04",0.01,0.1,0.0001,reverse_eng_risk,5548909,0.97635,0.97481,0.97779
"U(0.01,0.1), eps=1e-04",0.01,0.1,0.0001,reverse_eng_risk,6693386,0.98687,0.98571,0.98794
"U(0.01,0.1), eps=1e-04",0.01,0.1,0.0001,reverse_eng_risk,8073914,0.99282,0.99194,0.9936
"U(0.01,0.1), eps=1e-04",0.01,0.1,0.0001,reverse_eng_risk,9739179,0.996,0.99533,0.99657
"U(0.01,0.1), eps=1e-04",0.01,0.1,0.0001,reverse_eng_risk,11747910,0.9978,0.99729,0.99821
"U(0.01,0.1), eps=1e-04",0.01,0.1,0.0001,reverse_eng_risk,14170946,0.99895,0.99858,0.99922
"U(0.01,0.1), eps=1e-04",0.01,0.1,0.0001,reverse_eng_risk,17093739,0.99972,0.9995,0.99984
"U(0.01,0.1), eps=1e-04",0.01,0.1,0.0001,reverse_eng_risk,20619366,0.99987,0.9997,0.99994
"U(0.01,0.1), eps=1e-04",0.01,0.1,0.0001,reverse_eng_risk,24872163,0.99992,0.99977,0.99997
"U(0.01,0.1), eps=1e-04",0.01,0.1,0.0001,reverse_eng_risk,30002110,0.99995,0.99982,0.99999
"U(0.01,0.1), eps=1e-04",0.01,0.1,0.0001,reverse_eng_risk,36190121,0.99997,0.99985,0.99999
"U(0.01,0.1), eps=1e-04",0.01,0.1,0.0001,reverse_eng_risk,43654425,1.0,0.9999,1.0
"U(0.01,0.1), eps=1e-04",0.01,0.1,0.0001,reverse_eng_risk,52658261,1.0,0.9999,1.0
"U(0.01,0.1), eps=1e-04",0.01,0.1,0.0001,reverse_eng_risk,63519160,1.0,0.9999,1.0
"U(0.01,0.1), eps=1e-04",0.01,0.1,0.0001,reverse_eng_risk,76620148,1.0,0.9999,1.0
"U(0.01,0.1), eps=1e-04",0.01,0.1,0.0001,reverse_eng_risk,92423247,1.0,0.9999,1.0
"U(0.01,0.1), eps=1e-04",0.01,0.1,0.0001,reverse_eng_risk,111485776,1.0,0.9999,1.0
"U(0.01,0.1), eps=1e-04",0.01,0.1,0.0001,reverse_eng_risk,134480000,1.0,0.9999,1.0
"U(0.001,0.01), eps=1e-04",0.001,0.01,0.0001,brute,8565,0.17465,0.17096,0.1784
"U(0.001,0.01), eps=1e-04",0.001,0.01,0.0001,brute,10332,0.1957,0.19184,0.19962
"U(0.001,0.01), eps=1e-04",0.001,0.01,0.0001,brute,12463,0.21295,0.20897,0.21699
"U(0.001,0.01), eps=1e-04",0.001,0.01,0.0001,brute,15033,0.23385,0.22973,0.23802
"U(0.001,0.01), eps=1e-04",0.001,0.01,0.0001,brute,18134,0.25615,0.2519,0.26045
"U(0.001,0.01), eps=1e-04",0.001,0.01,0.0001,brute,21875,0.28597,0.28156,0.29042
"U(0.001,0.01), eps=1e-04",0.001,0.01,0.0001,brute,26386,0.31275,0.30822,0.31731
"U(0.001,0.01), eps=1e-04",0.001,0.01,0.0001,brute,31829,0.3433,0.33866,0.34797
"U(0.001,0.01), eps=1e-04",0.001,0.01,0.0001,brute,38394,0.376,0.37127,0.38076
"U(0.001,0.01), eps=1e-04",0.001,0.01,0.0001,brute,46312,0.40913,0.40432,0.41396
"U(0.001,0.01), eps=1e-04",0.001,0.01,0.0001,brute,55865,0.44567,0.4408,0.45055
"U(0.001,0.01), eps=1e-04",0.001,0.01,0.0001,brute,67387,0.48152,0.47663,0.48642
"U(0.001,0.01), eps=1e-04",0.001,0.01,0.0001,brute,81286,0.51897,0.51407,0.52386
"U(0.001,0.01), eps=1e-04",0.001,0.01,0.0001,brute,98051,0.56355,0.55868,0.5684
"U(0.001,0.01), eps=1e-04",0.001,0.01,0.0001,brute,118275,0.60755,0.60275,0.61232
"U(0.001,0.01), eps=1e-04",0.001,0.01,0.0001,brute,142669,0.65405,0.64937,0.6587
"U(0.001,0.01), eps=1e-04",0.001,0.01,0.0001,brute,172095,0.70095,0.69644,0.70542
"U(0.001,0.01), eps=1e-04",0.001,0.01,0.0001,brute,207590,0.74435,0.74005,0.7486
"U(0.001,0.01), eps=1e-04",0.001,0.01,0.0001,brute,250406,0.78722,0.78318,0.7912
"U(0.001,0.01), eps=1e-04",0.001,0.01,0.0001,brute,302053,0.82755,0.82382,0.83122
"U(0.001,0.01), eps=1e-04",0.001,0.01,0.0001,brute,364353,0.86657,0.8632,0.86987
"U(0.001,0.01), eps=1e-04",0.001,0.01,0.0001,brute,439502,0.8997,0.89672,0.90261
"U(0.001,0.01), eps=1e-04",0.001,0.01,0.0001,brute,530150,0.92832,0.92575,0.93081
"U(0.001,0.01), eps=1e-04",0.001,0.01,0.0001,brute,639495,0.95188,0.94974,0.95393
"U(0.001,0.01), eps=1e-04",0.001,0.01,0.0001,brute,771393,0.97065,0.96895,0.97226
"U(0.001,0.01), eps=1e-04",0.001,0.01,0.0001,brute,930494,0.9834,0.9821,0.98461
"U(0.001,0.01), eps=1e-04",0.001,0.01,0.0001,brute,1122411,0.99143,0.99048,0.99229
"U(0.001,0.01), eps=1e-04",0.001,0.01,0.0001,brute,1353912,0.99595,0.99528,0.99653
"U(0.001,0.01), eps=1e-04",0.001,0.01,0.0001,brute,1633159,0.99833,0.99788,0.99869
"U(0.001,0.01), eps=1e-04",0.001,0.01,0.0001,brute,1970003,0.9995,0.99923,0.99968
"U(0.001,0.01), eps=1e-04",0.001,0.01,0.0001,brute,2376321,0.99992,0.99977,0.99997
"U(0.001,0.01), eps=1e-04",0.001,0.01,0.0001,brute,2866443,0.99997,0.99985,0.99999
"U(0.001,0.01), eps=1e-04",0.001,0.01,0.0001,brute,3457654,1.0,0.9999,1.0
"U(0.001,0.01), eps=1e-04",0.001,0.01,0.0001,brute,4170804,1.0,0.9999,1.0
"U(0.001,0.01), eps=1e-04",0.001,0.01,0.0001,brute,5031044,1.0,0.9999,1.0
"U(0.001,0.01), eps=1e-04",0.001,0.01,0.0001,brute,6068709,1.0,0.9999,1.0
"U(0.001,0.01), eps=1e-04",0.001,0.01,0.0001,brute,7320396,1.0,0.9999,1.0
"U(0.001,0.01), eps=1e-04",0.001,0.01,0.0001,brute,8830246,1.0,0.9999,1.0
"U(0.001,0.01), eps=1e-04",0.001,0.01,0.0001,brute,10651507,1.0,0.9999,1.0
"U(0.001,0.01), eps=1e-04",0.001,0.01,0.0001,brute,12848407,1.0,0.9999,1.0
"U(0.001,0.01), eps=1e-04",0.001,0.01,0.0001,separable,8565,0.0,0.0,0.0001
"U(0.001,0.01), eps=1e-04",0.001,0.01,0.0001,separable,10332,0.00838,0.00753,0.00932
"U(0.001,0.01), eps=1e-04",0.001,0.01,0.0001,separable,12463,0.00792,0.0071,0.00884
"U(0.001,0.01), eps=1e-04",0.001,0.01,0.0001,separable,15033,0.0089,0.00803,0.00987
"U(0.001,0.01), eps=1e-04",0.001,0.01,0.0001,separable,18134,0.00827,0.00743,0.00921
"U(0.001,0.01), eps=1e-04",0.001,0.01,0.0001,separable,21875,0.0137,0.01261,0.01489
"U(0.001,0.01), eps=1e-04",0.001,0.01,0.0001,separable,26386,0.01418,0.01307,0.01539
"U(0.001,0.01), eps=1e-04",0.001,0.01,0.0001,separable,31829,0.01922,0.01792,0.02061
"U(0.001,0.01), eps=1e-04",0.001,0.01,0.0001,separable,38394,0.0183,0.01703,0.01966
"U(0.001,0.01), eps=1e-04",0.001,0.01,0.0001,separable,46312,0.02335,0.02192,0.02488
"U(0.001,0.01), eps=1e-04",0.001,0.01,0.0001,separable,55865,0.02662,0.02509,0.02824
"U(0.001,0.01), eps=1e-04",0.001,0.01,0.0001,separable,67387,0.02987,0.02825,0.03158
"U(0.001,0.01), eps=1e-04",0.001,0.01,0.0001,separable,81286,0.0382,0.03637,0.04012
"U(0.001,0.01), eps=1e-04",0.001,0.01,0.0001,separable,98051,0.04022,0.03834,0.04219
"U(0.001,0.01), eps=1e-04",0.001,0.01,0.0001,separable,118275,0.04557,0.04357,0.04766
"U(0.001,0.01), eps=1e-04",0.001,0.01,0.0001,separable,142669,0.05432,0.05214,0.05658
"U(0.001,0.01), eps=1e-04",0.001,0.01,0.0001,separable,172095,0.05945,0.05717,0.06181
"U(0.001,0.01), eps=1e-04",0.001,0.01,0.0001,separable,207590,0.06517,0.06279,0.06763
"U(0.001,0.01), eps=1e-04",0.001,0.01,0.0001,separable,250406,0.07243,0.06993,0.07501
"U(0.001,0.01), eps=1e-04",0.001,0.01,0.0001,separable,302053,0.08155,0.07891,0.08427
"U(0.001,0.01), eps=1e-04",0.001,0.01,0.0001,separable,364353,0.09218,0.08938,0.09505
"U(0.001,0.01), eps=1e-04",0.001,0.01,0.0001,separable,439502,0.10365,0.1007,0.10668
"U(0.001,0.01), eps=1e-04",0.001,0.01,0.0001,separable,530150,0.1157,0.1126,0.11887
"U(0.001,0.01), eps=1e-04",0.001,0.01,0.0001,separable,639495,0.12795,0.12471,0.13126
"U(0.001,0.01), eps=1e-04",0.001,0.01,0.0001,separable,771393,0.13875,0.1354,0.14217
"U(0.001,0.01), eps=1e-04",0.001,0.01,0.0001,separable,930494,0.153,0.14951,0.15656
"U(0.001,0.01), eps=1e-04",0.001,0.01,0.0001,separable,1122411,0.1639,0.1603,0.16756
"U(0.001,0.01), eps=1e-04",0.001,0.01,0.0001,separable,1353912,0.1808,0.17706,0.1846
"U(0.001,0.01), eps=1e-04",0.001,0.01,0.0001,separable,1633159,0.20125,0.19735,0.20521
"U(0.001,0.01), eps=1e-04",0.001,0.01,0.0001,separable,1970003,0.22085,0.21681,0.22494
"U(0.001,0.01), eps=1e-04",0.001,0.01,0.0001,separable,2376321,0.243,0.23882,0.24723
"U(0.001,0.01), eps=1e-04",0.001,0.01,0.0001,separable,2866443,0.26555,0.26124,0.2699
"U(0.001,0.01), eps=1e-04",0.001,0.01,0.0001,separable,3457654,0.29137,0.28694,0.29584
"U(0.001,0.01), eps=1e-04",0.001,0.01,0.0001,separable,4170804,0.31995,0.3154,0.32454
"U(0.001,0.01), eps=1e-04",0.001,0.01,0.0001,separable,5031044,0.3488,0.34414,0.35348
"U(0.001,0.01), eps=1e-04",0.001,0.01,0.0001,separable,6068709,0.37983,0.37509,0.3846
"U(0.001,0.01), eps=1e-04",0.001,0.01,0.0001,separable,7320396,0.41297,0.40815,0.4178
"U(0.001,0.01), eps=1e-04",0.001,0.01,0.0001,separable,8830246,0.44993,0.44506,0.45481
"U(0.001,0.01), eps=1e-04",0.001,0.01,0.0001,separable,10651507,0.48833,0.48343,0.49323
"U(0.001,0.01), eps=1e-04",0.001,0.01,0.0001,separable,12848407,0.52645,0.52155,0.53134
"U(0.001,0.01), eps=1e-04",0.001,0.01,0.0001,linear,8565,0.15715,0.15362,0.16075
"U(0.001,0.01), eps=1e-04",0.001,0.01,0.0001,linear,10332,0.1781,0.17438,0.18188
"U(0.001,0.01), eps=1e-04",0.001,0.01,0.0001,linear,12463,0.20085,0.19695,0.2048
"U(0.001,0.01), eps=1e-04",0.001,0.01,0.0001,linear,15033,0.22598,0.22191,0.2301
"U(0.001,0.01), eps=1e-04",0.001,0.01,0.0001,linear,18134,0.24882,0.24461,0.25308
"U(0.001,0.01), eps=1e-04",0.001,0.01,0.0001,linear,21875,0.27148,0.26714,0.27586
"U(0.001,0.01), eps=1e-04",0.001,0.01,0.0001,linear,26386,0.304,0.29951,0.30853
"U(0.001,0.01), eps=1e-04",0.001,0.01,0.0001,linear,31829,0.332,0.3274,0.33663
"U(0.001,0.01), eps=1e-04",0.001,0.01,0.0001,linear,38394,0.36702,0.36231,0.37176
"U(0.001,0.01), eps=1e-04",0.001,0.01,0.0001,linear,46312,0.4051,0.4003,0.40992
"U(0.001,0.01), eps=1e-04",0.001,0.01,0.0001,linear,55865,0.4403,0.43544,0.44517
"U(0.001,0.01), eps=1e-04",0.001,0.01,0.0001,linear,67387,0.48205,0.47716,0.48695
"U(0.001,0.01), eps=1e-04",0.001,0.01,0.0001,linear,81286,0.52807,0.52318,0.53296
"U(0.001,0.01), eps=1e-04",0.001,0.01,0.0001,linear,98051,0.5652,0.56034,0.57005
"U(0.001,0.01), eps=1e-04",0.001,0.01,0.0001,linear,118275,0.60272,0.59791,0.60751
"U(0.001,0.01), eps=1e-04",0.001,0.01,0.0001,linear,142669,0.65397,0.64929,0.65862
"U(0.001,0.01), eps=1e-04",0.001,0.01,0.0001,linear,172095,0.70288,0.69838,0.70734
"U(0.001,0.01), eps=1e-04",0.001,0.01,0.0001,linear,207590,0.74918,0.74491,0.7534
"U(0.001,0.01), eps=1e-04",0.001,0.01,0.0001,linear,250406,0.805,0.80109,0.80885
"U(0.001,0.01), eps=1e-04",0.001,0.01,0.0001,linear,302053,0.83622,0.83256,0.83981
"U(0.001,0.01), eps=1e-04",0.001,0.01,0.0001,linear,364353,0.88265,0.87946,0.88577
"U(0.001,0.01), eps=1e-04",0.001,0.01,0.0001,linear,439502,0.9175,0.91476,0.92016
"U(0.001,0.01), eps=1e-04",0.001,0.01,0.0001,linear,530150,0.94122,0.93887,0.94348
"U(0.001,0.01), eps=1e-04",0.001,0.01,0.0001,linear,639495,0.95345,0.95134,0.95547
"U(0.001,0.01), eps=1e-04",0.001,0.01,0.0001,linear,771393,0.97515,0.97358,0.97663
"U(0.001,0.01), eps=1e-04",0.001,0.01,0.0001,linear,930494,0.987,0.98584,0.98806
"U(0.001,0.01), eps=1e-04",0.001,0.01,0.0001,linear,1122411,0.99123,0.99027,0.9921
"U(0.001,0.01), eps=1e-04",0.001,0.01,0.0001,linear,1353912,0.99538,0.99467,0.996
"U(0.001,0.01), eps=1e-04",0.001,0.01,0.0001,linear,1633159,0.998,0.99751,0.99839
"U(0.001,0.01), eps=1e-04",0.001,0.01,0.0001,linear,1970003,0.999,0.99864,0.99927
"U(0.001,0.01), eps=1e-04",0.001,0.01,0.0001,linear,2376321,0.99918,0.99885,0.99942
"U(0.001,0.01), eps=1e-04",0.001,0.01,0.0001,linear,2866443,0.99948,0.9992,0.99966
"U(0.001,0.01), eps=1e-04",0.001,0.01,0.0001,linear,3457654,0.9995,0.99923,0.99968
"U(0.001,0.01), eps=1e-04",0.001,0.01,0.0001,linear,4170804,0.9995,0.99923,0.99968
"U(0.001,0.01), eps=1e-04",0.001,0.01,0.0001,linear,5031044,0.99948,0.9992,0.99966
"U(0.001,0.01), eps=1e-04",0.001,0.01,0.0001,linear,6068709,0.9995,0.99923,0.99968
"U(0.001,0.01), eps=1e-04",0.001,0.01,0.0001,linear,7320396,0.99948,0.9992,0.99966
"U(0.001,0.01), eps=1e-04",0.001,0.01,0.0001,linear,8830246,0.9995,0.99923,0.99968
"U(0.001,0.01), eps=1e-04",0.001,0.01,0.0001,linear,10651507,0.9995,0.99923,0.99968
"U(0.001,0.01), eps=1e-04",0.001,0.01,0.0001,linear,12848407,0.9995,0.99923,0.99968
"U(0.001,0.01), eps=1e-04",0.001,0.01,0.0001,binary,8565,0.03805,0.03622,0.03997
"U(0.001,0.01), eps=1e-04",0.001,0.01,0.0001,binary,10332,0.04138,0.03947,0.04338
"U(0.001,0.01), eps=1e-04",0.001,0.01,0.0001,binary,12463,0.04525,0.04326,0.04733
"U(0.001,0.01), eps=1e-04",0.001,0.01,0.0001,binary,15033,0.051,0.04889,0.0532
"U(0.001,0.01), eps=1e-04",0.001,0.01,0.0001,binary,18134,0.05572,0.05351,0.05801
"U(0.001,0.01), eps=1e-04",0.001,0.01,0.0001,binary,21875,0.05937,0.0571,0.06173
"U(0.001,0.01), eps=1e-04",0.001,0.01,0.0001,binary,26386,0.06388,0.06153,0.06632
"U(0.001,0.01), eps=1e-04",0.001,0.01,0.0001,binary,31829,0.0675,0.06508,0.07
"U(0.001,0.01), eps=1e-04",0.001,0.01,0.0001,binary,38394,0.07235,0.06985,0.07493
"U(0.001,0.01), eps=1e-04",0.001,0.01,0.0001,binary,46312,0.08865,0.0859,0.09148
"U(0.001,0.01), eps=1e-04",0.001,0.01,0.0001,binary,55865,0.16675,0.16313,0.17043
"U(0.001,0.01), eps=1e-04",0.001,0.01,0.0001,binary,67387,0.1946,0.19075,0.19851
"U(0.001,0.01), eps=1e-04",0.001,0.01,0.0001,binary,81286,0.24222,0.23805,0.24644
"U(0.001,0.01), eps=1e-04",0.001,0.01,0.0001,binary,98051,0.3211,0.31654,0.32569
"U(0.001,0.01), eps=1e-04",0.001,0.01,0.0001,binary,118275,0.39235,0.38758,0.39715
"U(0.001,0.01), eps=1e-04",0.001,0.01,0.0001,binary,142669,0.46687,0.46198,0.47176
"U(0.001,0.01), eps=1e-04",0.001,0.01,0.0001,binary,172095,0.54627,0.54139,0.55114
"U(0.001,0.01), eps=1e-04",0.001,0.01,0.0001,binary,207590,0.59415,0.58933,0.59895
"U(0.001,0.01), eps=1e-04",0.001,0.01,0.0001,binary,250406,0.67402,0.66941,0.6786
"U(0.001,0.01), eps=1e-04",0.001,0.01,0.0001,binary,302053,0.73075,0.72638,0.73507
"U(0.001,0.01), eps=1e-04",0.001,0.01,0.0001,binary,364353,0.7712,0.76706,0.77529
"U(0.001,0.01), eps=1e-04",0.001,0.01,0.0001,binary,439502,0.81537,0.81154,0.81914
"U(0.001,0.01), eps=1e-04",0.001,0.01,0.0001,binary,530150,0.84608,0.84251,0.84958
"U(0.001,0.01), eps=1e-04",0.001,0.01,0.0001,binary,639495,0.87147,0.86815,0.87471
"U(0.001,0.01), eps=1e-04",0.001,0.01,0.0001,binary,771393,0.89628,0.89325,0.89923
"U(0.001,0.01), eps=1e-04",0.001,0.01,0.0001,binary,930494,0.90902,0.90616,0.9118
"U(0.001,0.01), eps=1e-04",0.001,0.01,0.0001,binary,1122411,0.92993,0.92739,0.93239
"U(0.001,0.01), eps=1e-04",0.001,0.01,0.0001,binary,1353912,0.9392,0.93682,0.9415
"U(0.001,0.01), eps=1e-04",0.001,0.01,0.0001,binary,1633159,0.95315,0.95104,0.95518
"U(0.001,0.01), eps=1e-04",0.001,0.01,0.0001,binary,1970003,0.9504,0.94823,0.95248
"U(0.001,0.01), eps=1e-04",0.001,0.01,0.0001,binary,2376321,0.96988,0.96816,0.97151
"U(0.001,0.01), eps=1e-04",0.001,0.01,0.0001,binary,2866443,0.97183,0.97016,0.97341
"U(0.001,0.01), eps=1e-04",0.001,0.01,0.0001,binary,3457654,0.98103,0.97965,0.98232
"U(0.001,0.01), eps=1e-04",0.001,0.01,0.0001,binary,4170804,0.9823,0.98096,0.98355
"U(0.001,0.01), eps=1e-04",0.001,0.01,0.0001,binary,5031044,0.98657,0.98539,0.98765
"U(0.001,0.01), eps=1e-04",0.001,0.01,0.0001,binary,6068709,0.98757,0.98644,0.98861
"U(0.001,0.01), eps=1e-04",0.001,0.01,0.0001,binary,7320396,0.99062,0.98963,0.99152
"U(0.001,0.01), eps=1e-04",0.001,0.01,0.0001,binary,8830246,0.9967,0.99609,0.99722
"U(0.001,0.01), eps=1e-04",0.001,0.01,0.0001,binary,10651507,0.99675,0.99614,0.99726
"U(0.001,0.01), eps=1e-04",0.001,0.01,0.0001,binary,12848407,0.99828,0.99782,0.99864
"U(0.001,0.01), eps=1e-04",0.001,0.01,0.0001,reverse_eng,8565,0.1593,0.15575,0.16292
"U(0.001,0.01), eps=1e-04",0.001,0.01,0.0001,reverse_eng,10332,0.18732,0.18353,0.19117
"U(0.001,0.01), eps=1e-04",0.001,0.01,0.0001,reverse_eng,12463,0.2243,0.22024,0.22841
"U(0.001,0.01), eps=1e-04",0.001,0.01,0.0001,reverse_eng,15033,0.25457,0.25032,0.25886
"U(0.001,0.01), eps=1e-04",0.001,0.01,0.0001,reverse_eng,18134,0.27842,0.27405,0.28283
"U(0.001,0.01), eps=1e-04",0.001,0.01,0.0001,reverse_eng,21875,0.30428,0.29979,0.30881
"U(0.001,0.01), eps=1e-04",0.001,0.01,0.0001,reverse_eng,26386,0.3474,0.34275,0.35208
"U(0.001,0.01), eps=1e-04",0.001,0.01,0.0001,reverse_eng,31829,0.38383,0.37908,0.38861
"U(0.001,0.01), eps=1e-04",0.001,0.01,0.0001,reverse_eng,38394,0.42202,0.41719,0.42687
"U(0.001,0.01), eps=1e-04",0.001,0.01,0.0001,reverse_eng,46312,0.46005,0.45517,0.46494
"U(0.001,0.01), eps=1e-04",0.001,0.01,0.0001,reverse_eng,55865,0.4883,0.4834,0.4932
"U(0.001,0.01), eps=1e-04",0.001,0.01,0.0001,reverse_eng,67387,0.5287,0.52381,0.53359
"U(0.001,0.01), eps=1e-04",0.001,0.01,0.0001,reverse_eng,81286,0.57837,0.57352,0.5832
"U(0.001,0.01), eps=1e-04",0.001,0.01,0.0001,reverse_eng,98051,0.61447,0.60969,0.61923
"U(0.001,0.01), eps=1e-04",0.001,0.01,0.0001,reverse_eng,118275,0.66127,0.65662,0.66589
"U(0.001,0.01), eps=1e-04",0.001,0.01,0.0001,reverse_eng,142669,0.69637,0.69185,0.70086
"U(0.001,0.01), eps=1e-04",0.001,0.01,0.0001,reverse_eng,172095,0.74477,0.74047,0.74902
"U(0.001,0.01), eps=1e-04",0.001,0.01,0.0001,reverse_eng,207590,0.79612,0.79214,0.80004
"U(0.001,0.01), eps=1e-04",0.001,0.01,0.0001,reverse_eng,250406,0.83398,0.8303,0.83759
"U(0.001,0.01), eps=1e-04",0.001,0.01,0.0001,reverse_eng,302053,0.87043,0.8671,0.87369
"U(0.001,0.01), eps=1e-04",0.001,0.01,0.0001,reverse_eng,364353,0.90065,0.89768,0.90354
"U(0.001,0.01), eps=1e-04",0.001,0.01,0.0001,reverse_eng,439502,0.92743,0.92485,0.92993
"U(0.001,0.01), eps=1e-04",0.001,0.01,0.0001,reverse_eng,530150,0.94998,0.9478,0.95207
"U(0.001,0.01), eps=1e-04",0.001,0.01,0.0001,reverse_eng,639495,0.96683,0.96503,0.96854
"U(0.001,0.01), eps=1e-04",0.001,0.01,0.0001,reverse_eng,771393,0.98003,0.97861,0.98136
"U(0.001,0.01), eps=1e-04",0.001,0.01,0.0001,reverse_eng,930494,0.98757,0.98644,0.98861
"U(0.001,0.01), eps=1e-04",0.001,0.01,0.0001,reverse_eng,1122411,0.99298,0.99211,0.99375
"U(0.001,0.01), eps=1e-04",0.001,0.01,0.0001,reverse_eng,1353912,0.99643,0.9958,0.99697
"U(0.001,0.01), eps=1e-04",0.001,0.01,0.0001,reverse_eng,1633159,0.99757,0.99704,0.99801
"U(0.001,0.01), eps=1e-04",0.001,0.01,0.0001,reverse_eng,1970003,0.99835,0.9979,0.9987
"U(0.001,0.01), eps=1e-04",0.001,0.01,0.0001,reverse_eng,2376321,0.99848,0.99805,0.99882
"U(0.001,0.01), eps=1e-04",0.001,0.01,0.0001,reverse_eng,2866443,0.99857,0.99815,0.9989
"U(0.001,0.01), eps=1e-04",0.001,0.01,0.0001,reverse_eng,3457654,0.99857,0.99815,0.9989
"U(0.001,0.01), eps=1e-04",0.001,0.01,0.0001,reverse_eng,4170804,0.99857,0.99815,0.9989
"U(0.001,0.01), eps=1e-04",0.001,0.01,0.0001,reverse_eng,5031044,0.99857,0.99815,0.9989
"U(0.001,0.01), eps=1e-04",0.001,0.01,0.0001,reverse_eng,6068709,0.99857,0.99815,0.9989
"U(0.001,0.01), eps=1e-04",0.001,0.01,0.0001,reverse_eng,7320396,0.99857,0.99815,0.9989
"U(0.001,0.01), eps=1e-04",0.001,0.01,0.0001,reverse_eng,8830246,0.99855,0.99813,0.99888
"U(0.001,0.01), eps=1e-04",0.001,0.01,0.0001,reverse_eng,10651507,0.99855,0.99813,0.99888
"U(0.001,0.01), eps=1e-04",0.001,0.01,0.0001,reverse_eng,12848407,0.99857,0.99815,0.9989
"U(0.001,0.01), eps=1e-04",0.001,0.01,0.0001,binary_risk,8565,0.17445,0.17076,0.1782
"U(0.001,0.01), eps=1e-04",0.001,0.01,0.0001,binary_risk,10332,0.20117,0.19727,0.20513
"U(0.001,0.01), eps=1e-04",0.001,0.01,0.0001,binary_risk,12463,0.23153,0.22742,0.23569
"U(0.001,0.01), eps=1e-04",0.001,0.01,0.0001,binary_risk,15033,0.26343,0.25914,0.26777
"U(0.001,0.01), eps=1e-04",0.001,0.01,0.0001,binary_risk,18134,0.29325,0.28881,0.29773
"U(0.001,0.01), eps=1e-04",0.001,0.01,0.0001,binary_risk,21875,0.32005,0.3155,0.32464
"U(0.001,0.01), eps=1e-04",0.001,0.01,0.0001,binary_risk,26386,0.35923,0.35454,0.36395
"U(0.001,0.01), eps=1e-04",0.001,0.01,0.0001,binary_risk,31829,0.38508,0.38032,0.38986
"U(0.001,0.01), eps=1e-04",0.001,0.01,0.0001,binary_risk,38394,0.4297,0.42486,0.43456
"U(0.001,0.01), eps=1e-04",0.001,0.01,0.0001,binary_risk,46312,0.46553,0.46065,0.47042
"U(0.001,0.01), eps=1e-04",0.001,0.01,0.0001,binary_risk,55865,0.51377,0.50887,0.51867
"U(0.001,0.01), eps=1e-04",0.001,0.01,0.0001,binary_risk,67387,0.54758,0.5427,0.55245
"U(0.001,0.01), eps=1e-04",0.001,0.01,0.0001,binary_risk,81286,0.59835,0.59354,0.60314
"U(0.001,0.01), eps=1e-04",0.001,0.01,0.0001,binary_risk,98051,0.6347,0.62997,0.63941
"U(0.001,0.01), eps=1e-04",0.001,0.01,0.0001,binary_risk,118275,0.68855,0.68399,0.69307
"U(0.001,0.01), eps=1e-04",0.001,0.01,0.0001,binary_risk,142669,0.72305,0.71864,0.72741
"U(0.001,0.01), eps=1e-04",0.001,0.01,0.0001,binary_risk,172095,0.7759,0.77179,0.77996
"U(0.001,0.01), eps=1e-04",0.001,0.01,0.0001,binary_risk,207590,0.80453,0.80061,0.80839
"U(0.001,0.01), eps=1e-04",0.001,0.01,0.0001,binary_risk,250406,0.84837,0.84482,0.85185
"U(0.001,0.01), eps=1e-04",0.001,0.01,0.0001,binary_risk,302053,0.87448,0.8712,0.87769
"U(0.001,0.01), eps=1e-04",0.001,0.01,0.0001,binary_risk,364353,0.9101,0.90726,0.91286
"U(0.001,0.01), eps=1e-04",0.001,0.01,0.0001,binary_risk,439502,0.93793,0.93552,0.94025
"U(0.001,0.01), eps=1e-04",0.001,0.01,0.0001,binary_risk,530150,0.95327,0.95116,0.9553
"U(0.001,0.01), eps=1e-04",0.001,0.01,0.0001,binary_risk,639495,0.9717,0.97003,0.97328
"U(0.001,0.01), eps=1e-04",0.001,0.01,0.0001,binary_risk,771393,0.98033,0.97892,0.98165
"U(0.001,0.01), eps=1e-04",0.001,0.01,0.0001,binary_risk,930494,0.99015,0.98913,0.99107
"U(0.001,0.01), eps=1e-04",0.001,0.01,0.0001,binary_risk,1122411,0.98695,0.98579,0.98802
"U(0.001,0.01), eps=1e-04",0.001,0.01,0.0001,binary_risk,1353912,0.99745,0.99691,0.9979
"U(0.001,0.01), eps=1e-04",0.001,0.01,0.0001,binary_risk,1633159,0.9961,0.99544,0.99666
"U(0.001,0.01), eps=1e-04",0.001,0.01,0.0001,binary_risk,1970003,0.99967,0.99944,0.99981
"U(0.001,0.01), eps=1e-04",0.001,0.01,0.0001,binary_risk,2376321,0.99903,0.99867,0.99929
"U(0.001,0.01), eps=1e-04",0.001,0.01,0.0001,binary_risk,2866443,0.99882,0.99843,0.99911
"U(0.001,0.01), eps=1e-04",0.001,0.01,0.0001,binary_risk,3457654,0.99975,0.99954,0.99986
"U(0.001,0.01), eps=1e-04",0.001,0.01,0.0001,binary_risk,4170804,0.99992,0.99977,0.99997
"U(0.001,0.01), eps=1e-04",0.001,0.01,0.0001,binary_risk,5031044,0.99995,0.99982,0.99999
"U(0.001,0.01), eps=1e-04",0.001,0.01,0.0001,binary_risk,6068709,1.0,0.9999,1.0
"U(0.001,0.01), eps=1e-04",0.001,0.01,0.0001,binary_risk,7320396,1.0,0.9999,1.0
"U(0.001,0.01), eps=1e-04",0.001,0.01,0.0001,binary_risk,8830246,1.0,0.9999,1.0
"U(0.001,0.01), eps=1e-04",0.001,0.01,0.0001,binary_risk,10651507,1.0,0.9999,1.0
"U(0.001,0.01), eps=1e-04",0.001,0.01,0.0001,binary_risk,12848407,1.0,0.9999,1.0
"U(0.001,0.01), eps=1e-04",0.001,0.01,0.0001,reverse_eng_risk,8565,0.16817,0.16454,0.17187
"U(0.001,0.01), eps=1e-04",0.001,0.01,0.0001,reverse_eng_risk,10332,0.19415,0.1903,0.19806
"U(0.001,0.01), eps=1e-04",0.001,0.01,0.0001,reverse_eng_risk,12463,0.2256,0.22153,0.22972
"U(0.001,0.01), eps=1e-04",0.001,0.01,0.0001,reverse_eng_risk,15033,0.25883,0.25456,0.26315
"U(0.001,0.01), eps=1e-04",0.001,0.01,0.0001,reverse_eng_risk,18134,0.28908,0.28466,0.29354
"U(0.001,0.01), eps=1e-04",0.001,0.01,0.0001,reverse_eng_risk,21875,0.32327,0.3187,0.32787
"U(0.001,0.01), eps=1e-04",0.001,0.01,0.0001,reverse_eng_risk,26386,0.35673,0.35205,0.36144
"U(0.001,0.01), eps=1e-04",0.001,0.01,0.0001,reverse_eng_risk,31829,0.39253,0.38776,0.39733
"U(0.001,0.01), eps=1e-04",0.001,0.01,0.0001,reverse_eng_risk,38394,0.43195,0.4271,0.43681
"U(0.001,0.01), eps=1e-04",0.001,0.01,0.0001,reverse_eng_risk,46312,0.47263,0.46774,0.47752
"U(0.001,0.01), eps=1e-04",0.001,0.01,0.0001,reverse_eng_risk,55865,0.52155,0.51665,0.52644
"U(0.001,0.01), eps=1e-04",0.001,0.01,0.0001,reverse_eng_risk,67387,0.567,0.56214,0.57185
"U(0.001,0.01), eps=1e-04",0.001,0.01,0.0001,reverse_eng_risk,81286,0.61487,0.61009,0.61963
"U(0.001,0.01), eps=1e-04",0.001,0.01,0.0001,reverse_eng_risk,98051,0.659,0.65434,0.66363
"U(0.001,0.01), eps=1e-04",0.001,0.01,0.0001,reverse_eng_risk,118275,0.7046,0.70011,0.70905
"U(0.001,0.01), eps=1e-04",0.001,0.01,0.0001,reverse_eng_risk,142669,0.74852,0.74424,0.75275
"U(0.001,0.01), eps=1e-04",0.001,0.01,0.0001,reverse_eng_risk,172095,0.78995,0.78593,0.79391
"U(0.001,0.01), eps=1e-04",0.001,0.01,0.0001,reverse_eng_risk,207590,0.82922,0.8255,0.83288
"U(0.001,0.01), eps=1e-04",0.001,0.01,0.0001,reverse_eng_risk,250406,0.86872,0.86538,0.87199
"U(0.001,0.01), eps=1e-04",0.001,0.01,0.0001,reverse_eng_risk,302053,0.90123,0.89827,0.90412
"U(0.001,0.01), eps=1e-04",0.001,0.01,0.0001,reverse_eng_risk,364353,0.92678,0.92419,0.92929
"U(0.001,0.01), eps=1e-04",0.001,0.01,0.0001,reverse_eng_risk,439502,0.94832,0.94611,0.95045
"U(0.001,0.01), eps=1e-04",0.001,0.01,0.0001,reverse_eng_risk,530150,0.96493,0.96308,0.96669
"U(0.001,0.01), eps=1e-04",0.001,0.01,0.0001,reverse_eng_risk,639495,0.97857,0.9771,0.97994
"U(0.001,0.01), eps=1e-04",0.001,0.01,0.0001,reverse_eng_risk,771393,0.98705,0.98589,0.98811
"U(0.001,0.01), eps=1e-04",0.001,0.01,0.0001,reverse_eng_risk,930494,0.99357,0.99274,0.99431
"U(0.001,0.01), eps=1e-04",0.001,0.01,0.0001,reverse_eng_risk,1122411,0.99672,0.99611,0.99723
"U(0.001,0.01), eps=1e-04",0.001,0.01,0.0001,reverse_eng_risk,1353912,0.9985,0.99807,0.99883
"U(0.001,0.01), eps=1e-04",0.001,0.01,0.0001,reverse_eng_risk,1633159,0.99952,0.99925,0.99969
"U(0.001,0.01), eps=1e-04",0.001,0.01,0.0001,reverse_eng_risk,1970003,0.9998,0.99961,0.9999
"U(0.001,0.01), eps=1e-04",0.001,0.01,0.0001,reverse_eng_risk,2376321,0.99992,0.99977,0.99997
"U(0.001,0.01), eps=1e-04",0.001,0.01,0.0001,reverse_eng_risk,2866443,0.99995,0.99982,0.99999
"U(0.001,0.01), eps=1e-04",0.001,0.01,0.0001,reverse_eng_risk,3457654,1.0,0.9999,1.0
"U(0.001,0.01), eps=1e-04",0.001,0.01,0.0001,reverse_eng_risk,4170804,1.0,0.9999,1.0
"U(0.001,0.01), eps=1e-04",0.001,0.01,0.0001,reverse_eng_risk,5031044,1.0,0.9999,1.0
"U(0.001,0.01), eps=1e-04",0.001,0.01,0.0001,reverse_eng_risk,6068709,1.0,0.9999,1.0
"U(0.001,0.01), eps=1e-04",0.001,0.01,0.0001,reverse_eng_risk,7320396,1.0,0.9999,1.0
"U(0.001,0.01), eps=1e-04",0.001,0.01,0.0001,reverse_eng_risk,8830246,1.0,0.9999,1.0
"U(0.001,0.01), eps=1e-04",0.001,0.01,0.0001,reverse_eng_risk,10651507,1.0,0.9999,1.0
"U(0.001,0.01), eps=1e-04",0.001,0.01,0.0001,reverse_eng_risk,12848407,1.0,0.9999,1.0
"U(0.01,0.1), eps=1e-05",0.01,0.1,1e-05,brute,8965333,0.18505,0.18127,0.18889
"U(0.01,0.1), eps=1e-05",0.01,0.1,1e-05,brute,10814456,0.2024,0.19849,0.20637
"U(0.01,0.1), eps=1e-05",0.01,0.1,1e-05,brute,13044964,0.22175,0.21771,0.22585
"U(0.01,0.1), eps=1e-05",0.01,0.1,1e-05,brute,15735521,0.24302,0.23884,0.24725
"U(0.01,0.1), eps=1e-05",0.01,0.1,1e-05,brute,18981013,0.26587,0.26156,0.27022
"U(0.01,0.1), eps=1e-05",0.01,0.1,1e-05,brute,22895895,0.2919,0.28746,0.29638
"U(0.01,0.1), eps=1e-05",0.01,0.1,1e-05,brute,27618231,0.31783,0.31328,0.32241
"U(0.01,0.1), eps=1e-05",0.01,0.1,1e-05,brute,33314561,0.3465,0.34185,0.35118
"U(0.01,0.1), eps=1e-05",0.01,0.1,1e-05,brute,40185774,0.37743,0.37269,0.38219
"U(0.01,0.1), eps=1e-05",0.01,0.1,1e-05,brute,48474191,0.4114,0.40659,0.41623
"U(0.01,0.1), eps=1e-05",0.01,0.1,1e-05,brute,58472116,0.4472,0.44233,0.45208
"U(0.01,0.1), eps=1e-05",0.01,0.1,1e-05,brute,70532138,0.48562,0.48072,0.49052
"U(0.01,0.1), eps=1e-05",0.01,0.1,1e-05,brute,85079570,0.52558,0.52068,0.53047
"U(0.01,0.1), eps=1e-05",0.01,0.1,1e-05,brute,102627447,0.56675,0.56189,0.5716
"U(0.01,0.1), eps=1e-05",0.01,0.1,1e-05,brute,123794618,0.61172,0.60693,0.61649
"U(0.01,0.1), eps=1e-05",0.01,0.1,1e-05,brute,149327571,0.65865,0.65399,0.66328
"U(0.01,0.1), eps=1e-05",0.01,0.1,1e-05,brute,180126761,0.70342,0.69892,0.70788
"U(0.01,0.1), eps=1e-05",0.01,0.1,1e-05,brute,217278361,0.7477,0.74342,0.75193
"U(0.01,0.1), eps=1e-05",0.01,0.1,1e-05,brute,262092573,0.79268,0.78868,0.79662
"U(0.01,0.1), eps=1e-05",0.01,0.1,1e-05,brute,316149829,0.83398,0.8303,0.83759
"U(0.01,0.1), eps=1e-05",0.01,0.1,1e-05,brute,381356532,0.87143,0.86811,0.87467
"U(0.01,0.1), eps=1e-05",0.01,0.1,1e-05,brute,460012281,0.9045,0.90158,0.90734
"U(0.01,0.1), eps=1e-05",0.01,0.1,1e-05,brute,554890978,0.9331,0.93061,0.93551
"U(0.01,0.1), eps=1e-05",0.01,0.1,1e-05,brute,669338647,0.95455,0.95246,0.95655
"U(0.01,0.1), eps=1e-05",0.01,0.1,1e-05,brute,807391437,0.97165,0.96998,0.97323
"U(0.01,0.1), eps=1e-05",0.01,0.1,1e-05,brute,973917964,0.98385,0.98257,0.98504
"U(0.01,0.1), eps=1e-05",0.01,0.1,1e-05,brute,1174791008,0.99235,0.99145,0.99316
"U(0.01,0.1), eps=1e-05",0.01,0.1,1e-05,brute,1417094627,0.99675,0.99614,0.99726
"U(0.01,0.1), eps=1e-05",0.01,0.1,1e-05,brute,1709373980,0.99872,0.99832,0.99903
"U(0.01,0.1), eps=1e-05",0.01,0.1,1e-05,brute,2061936689,0.9997,0.99948,0.99983
"U(0.01,0.1), eps=1e-05",0.01,0.1,1e-05,brute,2487216348,0.99992,0.99977,0.99997
"U(0.01,0.1), eps=1e-05",0.01,0.1,1e-05,brute,3000211014,1.0,0.9999,1.0
"U(0.01,0.1), eps=1e-05",0.01,0.1,1e-05,brute,3619012128,1.0,0.9999,1.0
"U(0.01,0.1), eps=1e-05",0.01,0.1,1e-05,brute,4365442537,1.0,0.9999,1.0
"U(0.01,0.1), eps=1e-05",0.01,0.1,1e-05,brute,5265826107,1.0,0.9999,1.0
"U(0.01,0.1), eps=1e-05",0.01,0.1,1e-05,brute,6351916067,1.0,0.9999,1.0
"U(0.01,0.1), eps=1e-05",0.01,0.1,1e-05,brute,7662014829,1.0,0.9999,1.0
"U(0.01,0.1), eps=1e-05",0.01,0.1,1e-05,brute,9242324776,1.0,0.9999,1.0
"U(0.01,0.1), eps=1e-05",0.01,0.1,1e-05,brute,11148577648,1.0,0.9999,1.0
"U(0.01,0.1), eps=1e-05",0.01,0.1,1e-05,brute,13447999999,1.0,0.9999,1.0
"U(0.01,0.1), eps=1e-05",0.01,0.1,1e-05,separable,8965333,0.04888,0.04681,0.05104
"U(0.01,0.1), eps=1e-05",0.01,0.1,1e-05,separable,10814456,0.05365,0.05148,0.0559
"U(0.01,0.1), eps=1e-05",0.01,0.1,1e-05,separable,13044964,0.05885,0.05659,0.0612
"U(0.01,0.1), eps=1e-05",0.01,0.1,1e-05,separable,15735521,0.06475,0.06238,0.0672
"U(0.01,0.1), eps=1e-05",0.01,0.1,1e-05,separable,18981013,0.07122,0.06874,0.07378
"U(0.01,0.1), eps=1e-05",0.01,0.1,1e-05,separable,22895895,0.07838,0.07579,0.08105
"U(0.01,0.1), eps=1e-05",0.01,0.1,1e-05,separable,27618231,0.08607,0.08336,0.08886
"U(0.01,0.1), eps=1e-05",0.01,0.1,1e-05,separable,33314561,0.09508,0.09224,0.09799
"U(0.01,0.1), eps=1e-05",0.01,0.1,1e-05,separable,40185774,0.1037,0.10075,0.10673
"U(0.01,0.1), eps=1e-05",0.01,0.1,1e-05,separable,48474191,0.11388,0.1108,0.11703
"U(0.01,0.1), eps=1e-05",0.01,0.1,1e-05,separable,58472116,0.12417,0.12097,0.12744
"U(0.01,0.1), eps=1e-05",0.01,0.1,1e-05,separable,70532138,0.1361,0.13277,0.1395
"U(0.01,0.1), eps=1e-05",0.01,0.1,1e-05,separable,85079570,0.14802,0.14457,0.15153
"U(0.01,0.1), eps=1e-05",0.01,0.1,1e-05,separable,102627447,0.1627,0.15912,0.16635
"U(0.01,0.1), eps=1e-05",0.01,0.1,1e-05,separable,123794618,0.17805,0.17433,0.18183
"U(0.01,0.1), eps=1e-05",0.01,0.1,1e-05,separable,149327571,0.19535,0.19149,0.19926
"U(0.01,0.1), eps=1e-05",0.01,0.1,1e-05,separable,180126761,0.21327,0.20928,0.21731
"U(0.01,0.1), eps=1e-05",0.01,0.1,1e-05,separable,217278361,0.2338,0.22968,0.23797
"U(0.01,0.1), eps=1e-05",0.01,0.1,1e-05,separable,262092573,0.25475,0.2505,0.25904
"U(0.01,0.1), eps=1e-05",0.01,0.1,1e-05,separable,316149829,0.27987,0.27549,0.28429
"U(0.01,0.1), eps=1e-05",0.01,0.1,1e-05,separable,381356532,0.3063,0.3018,0.31084
"U(0.01,0.1), eps=1e-05",0.01,0.1,1e-05,separable,460012281,0.334,0.32939,0.33864
"U(0.01,0.1), eps=1e-05",0.01,0.1,1e-05,separable,554890978,0.36365,0.35895,0.36838
"U(0.01,0.1), eps=1e-05",0.01,0.1,1e-05,separable,669338647,0.3963,0.39152,0.4011
"U(0.01,0.1), eps=1e-05",0.01,0.1,1e-05,separable,807391437,0.43057,0.42572,0.43543
"U(0.01,0.1), eps=1e-05",0.01,0.1,1e-05,separable,973917964,0.46785,0.46296,0.47274
"U(0.01,0.1), eps=1e-05",0.01,0.1,1e-05,separable,1174791008,0.50787,0.50297,0.51277
"U(0.01,0.1), eps=1e-05",0.01,0.1,1e-05,separable,1417094627,0.54792,0.54304,0.55279
"U(0.01,0.1), eps=1e-05",0.01,0.1,1e-05,separable,1709373980,0.59227,0.58745,0.59708
"U(0.01,0.1), eps=1e-05",0.01,0.1,1e-05,separable,2061936689,0.6381,0.63338,0.6428
"U(0.01,0.1), eps=1e-05",0.01,0.1,1e-05,separable,2487216348,0.68285,0.67827,0.68739
"U(0.01,0.1), eps=1e-05",0.01,0.1,1e-05,separable,3000211014,0.72813,0.72375,0.73247
"U(0.01,0.1), eps=1e-05",0.01,0.1,1e-05,separable,3619012128,0.77323,0.7691,0.77731
"U(0.01,0.1), eps=1e-05",0.01,0.1,1e-05,separable,4365442537,0.81703,0.81321,0.82079
"U(0.01,0.1), eps=1e-05",0.01,0.1,1e-05,separable,5265826107,0.85523,0.85175,0.85864
"U(0.01,0.1), eps=1e-05",0.01,0.1,1e-05,separable,6351916067,0.89123,0.88814,0.89424
"U(0.01,0.1), eps=1e-05",0.01,0.1,1e-05,separable,7662014829,0.92085,0.91816,0.92346
"U(0.01,0.1), eps=1e-05",0.01,0.1,1e-05,separable,9242324776,0.94598,0.94372,0.94815
"U(0.01,0.1), eps=1e-05",0.01,0.1,1e-05,separable,11148577648,0.96475,0.9629,0.96651
"U(0.01,0.1), eps=1e-05",0.01,0.1,1e-05,separable,13447999999,0.97947,0.97803,0.98081
"U(0.01,0.1), eps=1e-05",0.01,0.1,1e-05,linear,8965333,0.24843,0.24422,0.25269
"U(0.01,0.1), eps=1e-05",0.01,0.1,1e-05,linear,10814456,0.26722,0.26291,0.27158
"U(0.01,0.1), eps=1e-05",0.01,0.1,1e-05,linear,13044964,0.2935,0.28906,0.29798
"U(0.01,0.1), eps=1e-05",0.01,0.1,1e-05,linear,15735521,0.3206,0.31604,0.32519
"U(0.01,0.1), eps=1e-05",0.01,0.1,1e-05,linear,18981013,0.35147,0.34681,0.35616
"U(0.01,0.1), eps=1e-05",0.01,0.1,1e-05,linear,22895895,0.38227,0.37752,0.38704
"U(0.01,0.1), eps=1e-05",0.01,0.1,1e-05,linear,27618231,0.4142,0.40938,0.41904
"U(0.01,0.1), eps=1e-05",0.01,0.1,1e-05,linear,33314561,0.44835,0.44348,0.45323
"U(0.01,0.1), eps=1e-05",0.01,0.1,1e-05,linear,40185774,0.4871,0.4822,0.492
"U(0.01,0.1), eps=1e-05",0.01,0.1,1e-05,linear,48474191,0.5248,0.5199,0.52969
"U(0.01,0.1), eps=1e-05",0.01,0.1,1e-05,linear,58472116,0.5648,0.55994,0.56965
"U(0.01,0.1), eps=1e-05",0.01,0.1,1e-05,linear,70532138,0.60647,0.60167,0.61125
"U(0.01,0.1), eps=1e-05",0.01,0.1,1e-05,linear,85079570,0.64858,0.64389,0.65324
"U(0.01,0.1), eps=1e-05",0.01,0.1,1e-05,linear,102627447,0.6865,0.68194,0.69103
"U(0.01,0.1), eps=1e-05",0.01,0.1,1e-05,linear,123794618,0.73025,0.72588,0.73458
"U(0.01,0.1), eps=1e-05",0.01,0.1,1e-05,linear,149327571,0.7687,0.76454,0.77281
"U(0.01,0.1), eps=1e-05",0.01,0.1,1e-05,linear,180126761,0.80225,0.79832,0.80612
"U(0.01,0.1), eps=1e-05",0.01,0.1,1e-05,linear,217278361,0.8449,0.84132,0.84841
"U(0.01,0.1), eps=1e-05",0.01,0.1,1e-05,linear,262092573,0.87555,0.87228,0.87875
"U(0.01,0.1), eps=1e-05",0.01,0.1,1e-05,linear,316149829,0.90435,0.90143,0.90719
"U(0.01,0.1), eps=1e-05",0.01,0.1,1e-05,linear,381356532,0.92875,0.92619,0.93123
"U(0.01,0.1), eps=1e-05",0.01,0.1,1e-05,linear,460012281,0.94837,0.94616,0.9505
"U(0.01,0.1), eps=1e-05",0.01,0.1,1e-05,linear,554890978,0.9686,0.96685,0.97026
"U(0.01,0.1), eps=1e-05",0.01,0.1,1e-05,linear,669338647,0.97695,0.97543,0.97838
"U(0.01,0.1), eps=1e-05",0.01,0.1,1e-05,linear,807391437,0.9844,0.98314,0.98557
"U(0.01,0.1), eps=1e-05",0.01,0.1,1e-05,linear,973917964,0.9903,0.98929,0.99121
"U(0.01,0.1), eps=1e-05",0.01,0.1,1e-05,linear,1174791008,0.99367,0.99284,0.9944
"U(0.01,0.1), eps=1e-05",0.01,0.1,1e-05,linear,1417094627,0.99803,0.99755,0.99842
"U(0.01,0.1), eps=1e-05",0.01,0.1,1e-05,linear,1709373980,0.99875,0.99835,0.99905
"U(0.01,0.1), eps=1e-05",0.01,0.1,1e-05,linear,2061936689,0.99865,0.99824,0.99897
"U(0.01,0.1), eps=1e-05",0.01,0.1,1e-05,linear,2487216348,0.99965,0.99941,0.99979
"U(0.01,0.1), eps=1e-05",0.01,0.1,1e-05,linear,3000211014,0.99992,0.99977,0.99997
"U(0.01,0.1), eps=1e-05",0.01,0.1,1e-05,linear,3619012128,0.99995,0.99982,0.99999
"U(0.01,0.1), eps=1e-05",0.01,0.1,1e-05,linear,4365442537,0.99995,0.99982,0.99999
"U(0.01,0.1), eps=1e-05",0.01,0.1,1e-05,linear,5265826107,0.99995,0.99982,0.99999
"U(0.01,0.1), eps=1e-05",0.01,0.1,1e-05,linear,6351916067,0.99995,0.99982,0.99999
"U(0.01,0.1), eps=1e-05",0.01,0.1,1e-05,linear,7662014829,0.99995,0.99982,0.99999
"U(0.01,0.1), eps=1e-05",0.01,0.1,1e-05,linear,9242324776,0.99995,0.99982,0.99999
"U(0.01,0.1), eps=1e-05",0.01,0.1,1e-05,linear,11148577648,0.99995,0.99982,0.99999
"U(0.01,0.1), eps=1e-05",0.01,0.1,1e-05,linear,13447999999,0.99995,0.99982,0.99999
"U(0.01,0.1), eps=1e-05",0.01,0.1,1e-05,binary,8965333,0.24882,0.24461,0.25308
"U(0.01,0.1), eps=1e-05",0.01,0.1,1e-05,binary,10814456,0.27555,0.27119,0.27995
"U(0.01,0.1), eps=1e-05",0.01,0.1,1e-05,binary,13044964,0.30242,0.29794,0.30694
"U(0.01,0.1), eps=1e-05",0.01,0.1,1e-05,binary,15735521,0.33253,0.32793,0.33716
"U(0.01,0.1), eps=1e-05",0.01,0.1,1e-05,binary,18981013,0.36492,0.36022,0.36965
"U(0.01,0.1), eps=1e-05",0.01,0.1,1e-05,binary,22895895,0.39803,0.39324,0.40284
"U(0.01,0.1), eps=1e-05",0.01,0.1,1e-05,binary,27618231,0.43288,0.42803,0.43774
"U(0.01,0.1), eps=1e-05",0.01,0.1,1e-05,binary,33314561,0.46495,0.46007,0.46984
"U(0.01,0.1), eps=1e-05",0.01,0.1,1e-05,binary,40185774,0.5051,0.5002,0.51
"U(0.01,0.1), eps=1e-05",0.01,0.1,1e-05,binary,48474191,0.5466,0.54172,0.55147
"U(0.01,0.1), eps=1e-05",0.01,0.1,1e-05,binary,58472116,0.58647,0.58164,0.59129
"U(0.01,0.1), eps=1e-05",0.01,0.1,1e-05,binary,70532138,0.61987,0.6151,0.62462
"U(0.01,0.1), eps=1e-05",0.01,0.1,1e-05,binary,85079570,0.66385,0.65921,0.66846
"U(0.01,0.1), eps=1e-05",0.01,0.1,1e-05,binary,102627447,0.71052,0.70606,0.71494
"U(0.01,0.1), eps=1e-05",0.01,0.1,1e-05,binary,123794618,0.74633,0.74204,0.75057
"U(0.01,0.1), eps=1e-05",0.01,0.1,1e-05,binary,149327571,0.78865,0.78462,0.79262
"U(0.01,0.1), eps=1e-05",0.01,0.1,1e-05,binary,180126761,0.82447,0.82071,0.82817
"U(0.01,0.1), eps=1e-05",0.01,0.1,1e-05,binary,217278361,0.8586,0.85515,0.86198
"U(0.01,0.1), eps=1e-05",0.01,0.1,1e-05,binary,262092573,0.88915,0.88604,0.89219
"U(0.01,0.1), eps=1e-05",0.01,0.1,1e-05,binary,316149829,0.91638,0.91363,0.91905
"U(0.01,0.1), eps=1e-05",0.01,0.1,1e-05,binary,381356532,0.9375,0.93509,0.93983
"U(0.01,0.1), eps=1e-05",0.01,0.1,1e-05,binary,460012281,0.95673,0.95469,0.95868
"U(0.01,0.1), eps=1e-05",0.01,0.1,1e-05,binary,554890978,0.97127,0.96959,0.97286
"U(0.01,0.1), eps=1e-05",0.01,0.1,1e-05,binary,669338647,0.98228,0.98094,0.98353
"U(0.01,0.1), eps=1e-05",0.01,0.1,1e-05,binary,807391437,0.9895,0.98845,0.99045
"U(0.01,0.1), eps=1e-05",0.01,0.1,1e-05,binary,973917964,0.99403,0.99323,0.99474
"U(0.01,0.1), eps=1e-05",0.01,0.1,1e-05,binary,1174791008,0.99692,0.99633,0.99742
"U(0.01,0.1), eps=1e-05",0.01,0.1,1e-05,binary,1417094627,0.998,0.99751,0.99839
"U(0.01,0.1), eps=1e-05",0.01,0.1,1e-05,binary,1709373980,0.99903,0.99867,0.99929
"U(0.01,0.1), eps=1e-05",0.01,0.1,1e-05,binary,2061936689,0.99955,0.99929,0.99972
"U(0.01,0.1), eps=1e-05",0.01,0.1,1e-05,binary,2487216348,0.99955,0.99929,0.99972
"U(0.01,0.1), eps=1e-05",0.01,0.1,1e-05,binary,3000211014,0.9994,0.99911,0.9996
"U(0.01,0.1), eps=1e-05",0.01,0.1,1e-05,binary,3619012128,0.99835,0.9979,0.9987
"U(0.01,0.1), eps=1e-05",0.01,0.1,1e-05,binary,4365442537,0.99835,0.9979,0.9987
"U(0.01,0.1), eps=1e-05",0.01,0.1,1e-05,binary,5265826107,0.99835,0.9979,0.9987
"U(0.01,0.1), eps=1e-05",0.01,0.1,1e-05,binary,6351916067,0.99835,0.9979,0.9987
"U(0.01,0.1), eps=1e-05",0.01,0.1,1e-05,binary,7662014829,0.99835,0.9979,0.9987
"U(0.01,0.1), eps=1e-05",0.01,0.1,1e-05,binary,9242324776,0.99835,0.9979,0.9987
"U(0.01,0.1), eps=1e-05",0.01,0.1,1e-05,binary,11148577648,0.99835,0.9979,0.9987
"U(0.01,0.1), eps=1e-05",0.01,0.1,1e-05,binary,13447999999,0.99835,0.9979,0.9987
"U(0.01,0.1), eps=1e-05",0.01,0.1,1e-05,reverse_eng,8965333,0.26785,0.26353,0.27221
"U(0.01,0.1), eps=1e-05",0.01,0.1,1e-05,reverse_eng,10814456,0.29333,0.28889,0.29781
"U(0.01,0.1), eps=1e-05",0.01,0.1,1e-05,reverse_eng,13044964,0.32033,0.31577,0.32492
"U(0.01,0.1), eps=1e-05",0.01,0.1,1e-05,reverse_eng,15735521,0.35152,0.34686,0.35621
"U(0.01,0.1), eps=1e-05",0.01,0.1,1e-05,reverse_eng,18981013,0.38195,0.3772,0.38672
"U(0.01,0.1), eps=1e-05",0.01,0.1,1e-05,reverse_eng,22895895,0.416,0.41118,0.42084
"U(0.01,0.1), eps=1e-05",0.01,0.1,1e-05,reverse_eng,27618231,0.44612,0.44125,0.451
"U(0.01,0.1), eps=1e-05",0.01,0.1,1e-05,reverse_eng,33314561,0.48657,0.48167,0.49147
"U(0.01,0.1), eps=1e-05",0.01,0.1,1e-05,reverse_eng,40185774,0.52623,0.52133,0.53112
"U(0.01,0.1), eps=1e-05",0.01,0.1,1e-05,reverse_eng,48474191,0.56437,0.5595,0.56922
"U(0.01,0.1), eps=1e-05",0.01,0.1,1e-05,reverse_eng,58472116,0.60295,0.59815,0.60773
"U(0.01,0.1), eps=1e-05",0.01,0.1,1e-05,reverse_eng,70532138,0.6475,0.6428,0.65217
"U(0.01,0.1), eps=1e-05",0.01,0.1,1e-05,reverse_eng,85079570,0.68905,0.6845,0.69357
"U(0.01,0.1), eps=1e-05",0.01,0.1,1e-05,reverse_eng,102627447,0.72547,0.72108,0.72982
"U(0.01,0.1), eps=1e-05",0.01,0.1,1e-05,reverse_eng,123794618,0.7644,0.76022,0.76853
"U(0.01,0.1), eps=1e-05",0.01,0.1,1e-05,reverse_eng,149327571,0.8062,0.8023,0.81004
"U(0.01,0.1), eps=1e-05",0.01,0.1,1e-05,reverse_eng,180126761,0.84057,0.83695,0.84412
"U(0.01,0.1), eps=1e-05",0.01,0.1,1e-05,reverse_eng,217278361,0.86908,0.86574,0.87235
"U(0.01,0.1), eps=1e-05",0.01,0.1,1e-05,reverse_eng,262092573,0.9011,0.89814,0.90399
"U(0.01,0.1), eps=1e-05",0.01,0.1,1e-05,reverse_eng,316149829,0.92622,0.92362,0.92874
"U(0.01,0.1), eps=1e-05",0.01,0.1,1e-05,reverse_eng,381356532,0.9465,0.94425,0.94866
"U(0.01,0.1), eps=1e-05",0.01,0.1,1e-05,reverse_eng,460012281,0.95547,0.9534,0.95745
"U(0.01,0.1), eps=1e-05",0.01,0.1,1e-05,reverse_eng,554890978,0.9759,0.97435,0.97736
"U(0.01,0.1), eps=1e-05",0.01,0.1,1e-05,reverse_eng,669338647,0.9852,0.98397,0.98634
"U(0.01,0.1), eps=1e-05",0.01,0.1,1e-05,reverse_eng,807391437,0.99118,0.99022,0.99205
"U(0.01,0.1), eps=1e-05",0.01,0.1,1e-05,reverse_eng,973917964,0.99577,0.99508,0.99636
"U(0.01,0.1), eps=1e-05",0.01,0.1,1e-05,reverse_eng,1174791008,0.99735,0.9968,0.99781
"U(0.01,0.1), eps=1e-05",0.01,0.1,1e-05,reverse_eng,1417094627,0.99835,0.9979,0.9987
"U(0.01,0.1), eps=1e-05",0.01,0.1,1e-05,reverse_eng,1709373980,0.9984,0.99796,0.99875
"U(0.01,0.1), eps=1e-05",0.01,0.1,1e-05,reverse_eng,2061936689,0.99955,0.99929,0.99972
"U(0.01,0.1), eps=1e-05",0.01,0.1,1e-05,reverse_eng,2487216348,0.99977,0.99957,0.99988
"U(0.01,0.1), eps=1e-05",0.01,0.1,1e-05,reverse_eng,3000211014,0.99985,0.99967,0.99993
"U(0.01,0.1), eps=1e-05",0.01,0.1,1e-05,reverse_eng,3619012128,0.99985,0.99967,0.99993
"U(0.01,0.1), eps=1e-05",0.01,0.1,1e-05,reverse_eng,4365442537,0.99985,0.99967,0.99993
"U(0.01,0.1), eps=1e-05",0.01,0.1,1e-05,reverse_eng,5265826107,0.99985,0.99967,0.99993
"U(0.01,0.1), eps=1e-05",0.01,0.1,1e-05,reverse_eng,6351916067,0.99985,0.99967,0.99993
"U(0.01,0.1), eps=1e-05",0.01,0.1,1e-05,reverse_eng,7662014829,0.99985,0.99967,0.99993
"U(0.01,0.1), eps=1e-05",0.01,0.1,1e-05,reverse_eng,9242324776,0.99985,0.99967,0.99993
"U(0.01,0.1), eps=1e-05",0.01,0.1,1e-05,reverse_eng,11148577648,0.99985,0.99967,0.99993
"U(0.01,0.1), eps=1e-05",0.01,0.1,1e-05,reverse_eng,13447999999,0.99985,0.99967,0.99993
"U(0.01,0.1), eps=1e-05",0.01,0.1,1e-05,binary_risk,8965333,0.2618,0.25751,0.26613
"U(0.01,0.1), eps=1e-05",0.01,0.1,1e-05,binary_risk,10814456,0.2882,0.28378,0.29266
"U(0.01,0.1), eps=1e-05",0.01,0.1,1e-05,binary_risk,13044964,0.318,0.31345,0.32258
"U(0.01,0.1), eps=1e-05",0.01,0.1,1e-05,binary_risk,15735521,0.34755,0.3429,0.35223
"U(0.01,0.1), eps=1e-05",0.01,0.1,1e-05,binary_risk,18981013,0.37888,0.37414,0.38365
"U(0.01,0.1), eps=1e-05",0.01,0.1,1e-05,binary_risk,22895895,0.41123,0.40642,0.41606
"U(0.01,0.1), eps=1e-05",0.01,0.1,1e-05,binary_risk,27618231,0.4478,0.44293,0.45268
"U(0.01,0.1), eps=1e-05",0.01,0.1,1e-05,binary_risk,33314561,0.48352,0.47862,0.48842
"U(0.01,0.1), eps=1e-05",0.01,0.1,1e-05,binary_risk,40185774,0.516,0.5111,0.5209
"U(0.01,0.1), eps=1e-05",0.01,0.1,1e-05,binary_risk,48474191,0.5637,0.55883,0.56855
"U(0.01,0.1), eps=1e-05",0.01,0.1,1e-05,binary_risk,58472116,0.6038,0.599,0.60858
"U(0.01,0.1), eps=1e-05",0.01,0.1,1e-05,binary_risk,70532138,0.64787,0.64318,0.65254
"U(0.01,0.1), eps=1e-05",0.01,0.1,1e-05,binary_risk,85079570,0.68907,0.68452,0.69359
"U(0.01,0.1), eps=1e-05",0.01,0.1,1e-05,binary_risk,102627447,0.73205,0.72769,0.73637
"U(0.01,0.1), eps=1e-05",0.01,0.1,1e-05,binary_risk,123794618,0.76645,0.76228,0.77057
"U(0.01,0.1), eps=1e-05",0.01,0.1,1e-05,binary_risk,149327571,0.80542,0.80151,0.80927
"U(0.01,0.1), eps=1e-05",0.01,0.1,1e-05,binary_risk,180126761,0.84037,0.83675,0.84393
"U(0.01,0.1), eps=1e-05",0.01,0.1,1e-05,binary_risk,217278361,0.87423,0.87094,0.87744
"U(0.01,0.1), eps=1e-05",0.01,0.1,1e-05,binary_risk,262092573,0.90292,0.89998,0.90578
"U(0.01,0.1), eps=1e-05",0.01,0.1,1e-05,binary_risk,316149829,0.92765,0.92507,0.93015
"U(0.01,0.1), eps=1e-05",0.01,0.1,1e-05,binary_risk,381356532,0.9487,0.94649,0.95082
"U(0.01,0.1), eps=1e-05",0.01,0.1,1e-05,binary_risk,460012281,0.9655,0.96367,0.96724
"U(0.01,0.1), eps=1e-05",0.01,0.1,1e-05,binary_risk,554890978,0.97772,0.97623,0.97912
"U(0.01,0.1), eps=1e-05",0.01,0.1,1e-05,binary_risk,669338647,0.98575,0.98454,0.98687
"U(0.01,0.1), eps=1e-05",0.01,0.1,1e-05,binary_risk,807391437,0.9929,0.99203,0.99368
"U(0.01,0.1), eps=1e-05",0.01,0.1,1e-05,binary_risk,973917964,0.99635,0.99571,0.9969
"U(0.01,0.1), eps=1e-05",0.01,0.1,1e-05,binary_risk,1174791008,0.99833,0.99788,0.99869
"U(0.01,0.1), eps=1e-05",0.01,0.1,1e-05,binary_risk,1417094627,0.99918,0.99885,0.99942
"U(0.01,0.1), eps=1e-05",0.01,0.1,1e-05,binary_risk,1709373980,0.9989,0.99852,0.99918
"U(0.01,0.1), eps=1e-05",0.01,0.1,1e-05,binary_risk,2061936689,0.9987,0.9983,0.99901
"U(0.01,0.1), eps=1e-05",0.01,0.1,1e-05,binary_risk,2487216348,0.99975,0.99954,0.99986
"U(0.01,0.1), eps=1e-05",0.01,0.1,1e-05,binary_risk,3000211014,0.99987,0.9997,0.99994
"U(0.01,0.1), eps=1e-05",0.01,0.1,1e-05,binary_risk,3619012128,0.9999,0.99974,0.99996
"U(0.01,0.1), eps=1e-05",0.01,0.1,1e-05,binary_risk,4365442537,1.0,0.9999,1.0
"U(0.01,0.1), eps=1e-05",0.01,0.1,1e-05,binary_risk,5265826107,0.99997,0.99985,0.99999
"U(0.01,0.1), eps=1e-05",0.01,0.1,1e-05,binary_risk,6351916067,1.0,0.9999,1.0
"U(0.01,0.1), eps=1e-05",0.01,0.1,1e-05,binary_risk,7662014829,1.0,0.9999,1.0
"U(0.01,0.1), eps=1e-05",0.01,0.1,1e-05,binary_risk,9242324776,1.0,0.9999,1.0
"U(0.01,0.1), eps=1e-05",0.01,0.1,1e-05,binary_risk,11148577648,1.0,0.9999,1.0
"U(0.01,0.1), eps=1e-05",0.01,0.1,1e-05,binary_risk,13447999999,1.0,0.9999,1.0
"U(0.01,0.1), eps=1e-05",0.01,0.1,1e-05,reverse_eng_risk,8965333,0.2738,0.26945,0.27819
"U(0.01,0.1), eps=1e-05",0.01,0.1,1e-05,reverse_eng_risk,10814456,0.29838,0.29392,0.30288
"U(0.01,0.1), eps=1e-05",0.01,0.1,1e-05,reverse_eng_risk,13044964,0.3248,0.32023,0.32941
"U(0.01,0.1), eps=1e-05",0.01,0.1,1e-05,reverse_eng_risk,15735521,0.35668,0.352,0.36139
"U(0.01,0.1), eps=1e-05",0.01,0.1,1e-05,reverse_eng_risk,18981013,0.3852,0.38044,0.38998
"U(0.01,0.1), eps=1e-05",0.01,0.1,1e-05,reverse_eng_risk,22895895,0.4209,0.41607,0.42575
"U(0.01,0.1), eps=1e-05",0.01,0.1,1e-05,reverse_eng_risk,27618231,0.4539,0.44903,0.45878
"U(0.01,0.1), eps=1e-05",0.01,0.1,1e-05,reverse_eng_risk,33314561,0.49012,0.48522,0.49502
"U(0.01,0.1), eps=1e-05",0.01,0.1,1e-05,reverse_eng_risk,40185774,0.52907,0.52418,0.53396
"U(0.01,0.1), eps=1e-05",0.01,0.1,1e-05,reverse_eng_risk,48474191,0.57173,0.56687,0.57657
"U(0.01,0.1), eps=1e-05",0.01,0.1,1e-05,reverse_eng_risk,58472116,0.61018,0.60539,0.61495
"U(0.01,0.1), eps=1e-05",0.01,0.1,1e-05,reverse_eng_risk,70532138,0.64995,0.64526,0.65461
"U(0.01,0.1), eps=1e-05",0.01,0.1,1e-05,reverse_eng_risk,85079570,0.69937,0.69486,0.70384
"U(0.01,0.1), eps=1e-05",0.01,0.1,1e-05,reverse_eng_risk,102627447,0.73715,0.73281,0.74144
"U(0.01,0.1), eps=1e-05",0.01,0.1,1e-05,reverse_eng_risk,123794618,0.77543,0.77131,0.77949
"U(0.01,0.1), eps=1e-05",0.01,0.1,1e-05,reverse_eng_risk,149327571,0.81237,0.80851,0.81617
"U(0.01,0.1), eps=1e-05",0.01,0.1,1e-05,reverse_eng_risk,180126761,0.8474,0.84384,0.85089
"U(0.01,0.1), eps=1e-05",0.01,0.1,1e-05,reverse_eng_risk,217278361,0.87335,0.87005,0.87657
"U(0.01,0.1), eps=1e-05",0.01,0.1,1e-05,reverse_eng_risk,262092573,0.90395,0.90102,0.9068
"U(0.01,0.1), eps=1e-05",0.01,0.1,1e-05,reverse_eng_risk,316149829,0.9292,0.92665,0.93167
"U(0.01,0.1), eps=1e-05",0.01,0.1,1e-05,reverse_eng_risk,381356532,0.94837,0.94616,0.9505
"U(0.01,0.1), eps=1e-05",0.01,0.1,1e-05,reverse_eng_risk,460012281,0.96522,0.96338,0.96697
"U(0.01,0.1), eps=1e-05",0.01,0.1,1e-05,reverse_eng_risk,554890978,0.9786,0.97714,0.97997
"U(0.01,0.1), eps=1e-05",0.01,0.1,1e-05,reverse_eng_risk,669338647,0.98713,0.98598,0.98819
"U(0.01,0.1), eps=1e-05",0.01,0.1,1e-05,reverse_eng_risk,807391437,0.99275,0.99187,0.99354
"U(0.01,0.1), eps=1e-05",0.01,0.1,1e-05,reverse_eng_risk,973917964,0.9953,0.99458,0.99592
"U(0.01,0.1), eps=1e-05",0.01,0.1,1e-05,reverse_eng_risk,1174791008,0.99823,0.99777,0.9986
"U(0.01,0.1), eps=1e-05",0.01,0.1,1e-05,reverse_eng_risk,1417094627,0.99913,0.99879,0.99937
"U(0.01,0.1), eps=1e-05",0.01,0.1,1e-05,reverse_eng_risk,1709373980,0.99962,0.99938,0.99977
"U(0.01,0.1), eps=1e-05",0.01,0.1,1e-05,reverse_eng_risk,2061936689,0.99982,0.99963,0.99991
"U(0.01,0.1), eps=1e-05",0.01,0.1,1e-05,reverse_eng_risk,2487216348,0.99992,0.99977,0.99997
"U(0.01,0.1), eps=1e-05",0.01,0.1,1e-05,reverse_eng_risk,3000211014,0.99995,0.99982,0.99999
"U(0.01,0.1), eps=1e-05",0.01,0.1,1e-05,reverse_eng_risk,3619012128,0.99997,0.99985,0.99999
"U(0.01,0.1), eps=1e-05",0.01,0.1,1e-05,reverse_eng_risk,4365442537,1.0,0.9999,1.0
"U(0.01,0.1), eps=1e-05",0.01,0.1,1e-05,reverse_eng_risk,5265826107,1.0,0.9999,1.0
"U(0.01,0.1), eps=1e-05",0.01,0.1,1e-05,reverse_eng_risk,6351916067,1.0,0.9999,1.0
"U(0.01,0.1), eps=1e-05",0.01,0.1,1e-05,reverse_eng_risk,7662014829,1.0,0.9999,1.0
"U(0.01,0.1), eps=1e-05",0.01,0.1,1e-05,reverse_eng_risk,9242324776,1.0,0.9999,1.0
"U(0.01,0.1), eps=1e-05",0.01,0.1,1e-05,reverse_eng_risk,11148577648,1.0,0.9999,1.0
"U(0.01,0.1), eps=1e-05",0.01,0.1,1e-05,reverse_eng_risk,13447999999,1.0,0.9999,1.0
"U(0.001,0.01), eps=1e-05",0.001,0.01,1e-05,brute,856560,0.1828,0.17904,0.18662
"U(0.001,0.01), eps=1e-05",0.001,0.01,1e-05,brute,1033228,0.20192,0.19801,0.20588
"U(0.001,0.01), eps=1e-05",0.001,0.01,1e-05,brute,1246334,0.22265,0.2186,0.22675
"U(0.001,0.01), eps=1e-05",0.001,0.01,1e-05,brute,1503393,0.24213,0.23796,0.24635
"U(0.001,0.01), eps=1e-05",0.001,0.01,1e-05,brute,1813472,0.2648,0.2605,0.26915
"U(0.001,0.01), eps=1e-05",0.001,0.01,1e-05,brute,2187505,0.28937,0.28495,0.29383
"U(0.001,0.01), eps=1e-05",0.001,0.01,1e-05,brute,2638684,0.31662,0.31208,0.3212
"U(0.001,0.01), eps=1e-05",0.001,0.01,1e-05,brute,3182919,0.34547,0.34083,0.35014
"U(0.001,0.01), eps=1e-05",0.001,0.01,1e-05,brute,3839405,0.3751,0.37037,0.37986
"U(0.001,0.01), eps=1e-05",0.001,0.01,1e-05,brute,4631292,0.40892,0.40411,0.41375
"U(0.001,0.01), eps=1e-05",0.001,0.01,1e-05,brute,5586507,0.44565,0.44078,0.45053
"U(0.001,0.01), eps=1e-05",0.001,0.01,1e-05,brute,6738739,0.4847,0.4798,0.4896
"U(0.001,0.01), eps=1e-05",0.001,0.01,1e-05,brute,8128621,0.5244,0.5195,0.52929
"U(0.001,0.01), eps=1e-05",0.001,0.01,1e-05,brute,9805170,0.56575,0.56089,0.5706
"U(0.001,0.01), eps=1e-05",0.001,0.01,1e-05,brute,11827511,0.60933,0.60454,0.6141
"U(0.001,0.01), eps=1e-05",0.001,0.01,1e-05,brute,14266965,0.6552,0.65053,0.65984
"U(0.001,0.01), eps=1e-05",0.001,0.01,1e-05,brute,17209563,0.70127,0.69677,0.70574
"U(0.001,0.01), eps=1e-05",0.001,0.01,1e-05,brute,20759079,0.74695,0.74267,0.75119
"U(0.001,0.01), eps=1e-05",0.001,0.01,1e-05,brute,25040691,0.79248,0.78848,0.79643
"U(0.001,0.01), eps=1e-05",0.001,0.01,1e-05,brute,30205397,0.83327,0.82959,0.83689
"U(0.001,0.01), eps=1e-05",0.001,0.01,1e-05,brute,36435337,0.86962,0.86628,0.87288
"U(0.001,0.01), eps=1e-05",0.001,0.01,1e-05,brute,43950218,0.9035,0.90057,0.90636
"U(0.001,0.01), eps=1e-05",0.001,0.01,1e-05,brute,53015061,0.93288,0.93039,0.93529
"U(0.001,0.01), eps=1e-05",0.001,0.01,1e-05,brute,63949552,0.9548,0.95272,0.95679
"U(0.001,0.01), eps=1e-05",0.001,0.01,1e-05,brute,77139309,0.9719,0.97023,0.97347
"U(0.001,0.01), eps=1e-05",0.001,0.01,1e-05,brute,93049487,0.98415,0.98288,0.98533
"U(0.001,0.01), eps=1e-05",0.001,0.01,1e-05,brute,112241179,0.99243,0.99153,0.99323
"U(0.001,0.01), eps=1e-05",0.001,0.01,1e-05,brute,135391206,0.99665,0.99603,0.99717
"U(0.001,0.01), eps=1e-05",0.001,0.01,1e-05,brute,163315985,0.99865,0.99824,0.99897
"U(0.001,0.01), eps=1e-05",0.001,0.01,1e-05,brute,197000320,0.99967,0.99944,0.99981
"U(0.001,0.01), eps=1e-05",0.001,0.01,1e-05,brute,237632135,0.99992,0.99977,0.99997
"U(0.001,0.01), eps=1e-05",0.001,0.01,1e-05,brute,286644364,1.0,0.9999,1.0
"U(0.001,0.01), eps=1e-05",0.001,0.01,1e-05,brute,345765489,1.0,0.9999,1.0
"U(0.001,0.01), eps=1e-05",0.001,0.01,1e-05,brute,417080497,1.0,0.9999,1.0
"U(0.001,0.01), eps=1e-05",0.001,0.01,1e-05,brute,503104405,1.0,0.9999,1.0
"U(0.001,0.01), eps=1e-05",0.001,0.01,1e-05,brute,606870961,1.0,0.9999,1.0
"U(0.001,0.01), eps=1e-05",0.001,0.01,1e-05,brute,732039633,1.0,0.9999,1.0
"U(0.001,0.01), eps=1e-05",0.001,0.01,1e-05,brute,883024660,1.0,0.9999,1.0
"U(0.001,0.01), eps=1e-05",0.001,0.01,1e-05,brute,1065150730,1.0,0.9999,1.0
"U(0.001,0.01), eps=1e-05",0.001,0.01,1e-05,brute,1284840764,1.0,0.9999,1.0
"U(0.001,0.01), eps=1e-05",0.001,0.01,1e-05,separable,856560,0.01475,0.01361,0.01598
"U(0.001,0.01), eps=1e-05",0.001,0.01,1e-05,separable,1033228,0.01475,0.01361,0.01598
"U(0.001,0.01), eps=1e-05",0.001,0.01,1e-05,separable,1246334,0.0175,0.01626,0.01883
"U(0.001,0.01), eps=1e-05",0.001,0.01,1e-05,separable,1503393,0.0202,0.01887,0.02163
"U(0.001,0.01), eps=1e-05",0.001,0.01,1e-05,separable,1813472,0.02123,0.01986,0.02269
"U(0.001,0.01), eps=1e-05",0.001,0.01,1e-05,separable,2187505,0.02357,0.02213,0.0251
"U(0.001,0.01), eps=1e-05",0.001,0.01,1e-05,separable,2638684,0.0261,0.02458,0.02771
"U(0.001,0.01), eps=1e-05",0.001,0.01,1e-05,separable,3182919,0.02678,0.02524,0.02841
"U(0.001,0.01), eps=1e-05",0.001,0.01,1e-05,separable,3839405,0.03163,0.02996,0.03339
"U(0.001,0.01), eps=1e-05",0.001,0.01,1e-05,separable,4631292,0.03455,0.0328,0.03638
"U(0.001,0.01), eps=1e-05",0.001,0.01,1e-05,separable,5586507,0.03812,0.03629,0.04004
"U(0.001,0.01), eps=1e-05",0.001,0.01,1e-05,separable,6738739,0.0404,0.03851,0.04237
"U(0.001,0.01), eps=1e-05",0.001,0.01,1e-05,separable,8128621,0.04537,0.04337,0.04745
"U(0.001,0.01), eps=1e-05",0.001,0.01,1e-05,separable,9805170,0.04883,0.04676,0.05099
"U(0.001,0.01), eps=1e-05",0.001,0.01,1e-05,separable,11827511,0.05468,0.05249,0.05695
"U(0.001,0.01), eps=1e-05",0.001,0.01,1e-05,separable,14266965,0.06055,0.05825,0.06293
"U(0.001,0.01), eps=1e-05",0.001,0.01,1e-05,separable,17209563,0.06588,0.06349,0.06835
"U(0.001,0.01), eps=1e-05",0.001,0.01,1e-05,separable,20759079,0.07425,0.07172,0.07686
"U(0.001,0.01), eps=1e-05",0.001,0.01,1e-05,separable,25040691,0.08153,0.07889,0.08425
"U(0.001,0.01), eps=1e-05",0.001,0.01,1e-05,separable,30205397,0.08753,0.0848,0.09034
"U(0.001,0.01), eps=1e-05",0.001,0.01,1e-05,separable,36435337,0.09825,0.09537,0.10121
"U(0.001,0.01), eps=1e-05",0.001,0.01,1e-05,separable,43950218,0.10577,0.10279,0.10882
"U(0.001,0.01), eps=1e-05",0.001,0.01,1e-05,separable,53015061,0.11635,0.11324,0.11953
"U(0.001,0.01), eps=1e-05",0.001,0.01,1e-05,separable,63949552,0.12853,0.12529,0.13185
"U(0.001,0.01), eps=1e-05",0.001,0.01,1e-05,separable,77139309,0.14065,0.13728,0.14409
"U(0.001,0.01), eps=1e-05",0.001,0.01,1e-05,separable,93049487,0.15375,0.15025,0.15732
"U(0.001,0.01), eps=1e-05",0.001,0.01,1e-05,separable,112241179,0.1682,0.16457,0.1719
"U(0.001,0.01), eps=1e-05",0.001,0.01,1e-05,separable,135391206,0.18432,0.18055,0.18815
"U(0.001,0.01), eps=1e-05",0.001,0.01,1e-05,separable,163315985,0.20167,0.19777,0.20563
"U(0.001,0.01), eps=1e-05",0.001,0.01,1e-05,separable,197000320,0.22162,0.21758,0.22572
"U(0.001,0.01), eps=1e-05",0.001,0.01,1e-05,separable,237632135,0.2418,0.23763,0.24602
"U(0.001,0.01), eps=1e-05",0.001,0.01,1e-05,separable,286644364,0.2647,0.2604,0.26905
"U(0.001,0.01), eps=1e-05",0.001,0.01,1e-05,separable,345765489,0.29115,0.28672,0.29562
"U(0.001,0.01), eps=1e-05",0.001,0.01,1e-05,separable,417080497,0.31805,0.3135,0.32263
"U(0.001,0.01), eps=1e-05",0.001,0.01,1e-05,separable,503104405,0.34692,0.34227,0.3516
"U(0.001,0.01), eps=1e-05",0.001,0.01,1e-05,separable,606870961,0.37735,0.37261,0.38211
"U(0.001,0.01), eps=1e-05",0.001,0.01,1e-05,separable,732039633,0.41205,0.40724,0.41688
"U(0.001,0.01), eps=1e-05",0.001,0.01,1e-05,separable,883024660,0.44758,0.44271,0.45246
"U(0.001,0.01), eps=1e-05",0.001,0.01,1e-05,separable,1065150730,0.48662,0.48172,0.49152
"U(0.001,0.01), eps=1e-05",0.001,0.01,1e-05,separable,1284840764,0.52595,0.52105,0.53084
"U(0.001,0.01), eps=1e-05",0.001,0.01,1e-05,linear,856560,0.19873,0.19485,0.20267
"U(0.001,0.01), eps=1e-05",0.001,0.01,1e-05,linear,1033228,0.22528,0.22121,0.2294
"U(0.001,0.01), eps=1e-05",0.001,0.01,1e-05,linear,1246334,0.24938,0.24516,0.25364
"U(0.001,0.01), eps=1e-05",0.001,0.01,1e-05,linear,1503393,0.27475,0.2704,0.27915
"U(0.001,0.01), eps=1e-05",0.001,0.01,1e-05,linear,1813472,0.2967,0.29224,0.3012
"U(0.001,0.01), eps=1e-05",0.001,0.01,1e-05,linear,2187505,0.32038,0.31582,0.32497
"U(0.001,0.01), eps=1e-05",0.001,0.01,1e-05,linear,2638684,0.3547,0.35003,0.3594
"U(0.001,0.01), eps=1e-05",0.001,0.01,1e-05,linear,3182919,0.37783,0.37309,0.38259
"U(0.001,0.01), eps=1e-05",0.001,0.01,1e-05,linear,3839405,0.42983,0.42499,0.43469
"U(0.001,0.01), eps=1e-05",0.001,0.01,1e-05,linear,4631292,0.46597,0.46108,0.47086
"U(0.001,0.01), eps=1e-05",0.001,0.01,1e-05,linear,5586507,0.51315,0.50825,0.51805
"U(0.001,0.01), eps=1e-05",0.001,0.01,1e-05,linear,6738739,0.56117,0.5563,0.56603
"U(0.001,0.01), eps=1e-05",0.001,0.01,1e-05,linear,8128621,0.60875,0.60396,0.61352
"U(0.001,0.01), eps=1e-05",0.001,0.01,1e-05,linear,9805170,0.65668,0.65201,0.66132
"U(0.001,0.01), eps=1e-05",0.001,0.01,1e-05,linear,11827511,0.69855,0.69403,0.70303
"U(0.001,0.01), eps=1e-05",0.001,0.01,1e-05,linear,14266965,0.74257,0.73826,0.74683
"U(0.001,0.01), eps=1e-05",0.001,0.01,1e-05,linear,17209563,0.78658,0.78254,0.79057
"U(0.001,0.01), eps=1e-05",0.001,0.01,1e-05,linear,20759079,0.8302,0.82649,0.83385
"U(0.001,0.01), eps=1e-05",0.001,0.01,1e-05,linear,25040691,0.86698,0.86362,0.87027
"U(0.001,0.01), eps=1e-05",0.001,0.01,1e-05,linear,30205397,0.8973,0.89429,0.90024
"U(0.001,0.01), eps=1e-05",0.001,0.01,1e-05,linear,36435337,0.92358,0.92094,0.92614
"U(0.001,0.01), eps=1e-05",0.001,0.01,1e-05,linear,43950218,0.93725,0.93483,0.93958
"U(0.001,0.01), eps=1e-05",0.001,0.01,1e-05,linear,53015061,0.95757,0.95555,0.9595
"U(0.001,0.01), eps=1e-05",0.001,0.01,1e-05,linear,63949552,0.9731,0.97147,0.97464
"U(0.001,0.01), eps=1e-05",0.001,0.01,1e-05,linear,77139309,0.9849,0.98366,0.98605
"U(0.001,0.01), eps=1e-05",0.001,0.01,1e-05,linear,93049487,0.99218,0.99127,0.993
"U(0.001,0.01), eps=1e-05",0.001,0.01,1e-05,linear,112241179,0.99672,0.99611,0.99723
"U(0.001,0.01), eps=1e-05",0.001,0.01,1e-05,linear,135391206,0.9983,0.99785,0.99866
"U(0.001,0.01), eps=1e-05",0.001,0.01,1e-05,linear,163315985,0.99865,0.99824,0.99897
"U(0.001,0.01), eps=1e-05",0.001,0.01,1e-05,linear,197000320,0.99905,0.9987,0.99931
"U(0.001,0.01), eps=1e-05",0.001,0.01,1e-05,linear,237632135,0.99935,0.99905,0.99956
"U(0.001,0.01), eps=1e-05",0.001,0.01,1e-05,linear,286644364,0.99938,0.99908,0.99958
"U(0.001,0.01), eps=1e-05",0.001,0.01,1e-05,linear,345765489,0.99938,0.99908,0.99958
"U(0.001,0.01), eps=1e-05",0.001,0.01,1e-05,linear,417080497,0.99938,0.99908,0.99958
"U(0.001,0.01), eps=1e-05",0.001,0.01,1e-05,linear,503104405,0.99938,0.99908,0.99958
"U(0.001,0.01), eps=1e-05",0.001,0.01,1e-05,linear,606870961,0.99938,0.99908,0.99958
"U(0.001,0.01), eps=1e-05",0.001,0.01,1e-05,linear,732039633,0.99938,0.99908,0.99958
"U(0.001,0.01), eps=1e-05",0.001,0.01,1e-05,linear,883024660,0.99938,0.99908,0.99958
"U(0.001,0.01), eps=1e-05",0.001,0.01,1e-05,linear,1065150730,0.99938,0.99908,0.99958
"U(0.001,0.01), eps=1e-05",0.001,0.01,1e-05,linear,1284840764,0.99938,0.99908,0.99958
"U(0.001,0.01), eps=1e-05",0.001,0.01,1e-05,binary,856560,0.18902,0.18521,0.19289
"U(0.001,0.01), eps=1e-05",0.001,0.01,1e-05,binary,1033228,0.21005,0.20609,0.21407
"U(0.001,0.01), eps=1e-05",0.001,0.01,1e-05,binary,1246334,0.23205,0.22794,0.23621
"U(0.001,0.01), eps=1e-05",0.001,0.01,1e-05,binary,1503393,0.25477,0.25052,0.25906
"U(0.001,0.01), eps=1e-05",0.001,0.01,1e-05,binary,1813472,0.27565,0.27129,0.28005
"U(0.001,0.01), eps=1e-05",0.001,0.01,1e-05,binary,2187505,0.29947,0.295,0.30398
"U(0.001,0.01), eps=1e-05",0.001,0.01,1e-05,binary,2638684,0.33093,0.32634,0.33556
"U(0.001,0.01), eps=1e-05",0.001,0.01,1e-05,binary,3182919,0.3542,0.34953,0.3589
"U(0.001,0.01), eps=1e-05",0.001,0.01,1e-05,binary,3839405,0.40373,0.39893,0.40855
"U(0.001,0.01), eps=1e-05",0.001,0.01,1e-05,binary,4631292,0.44005,0.43519,0.44492
"U(0.001,0.01), eps=1e-05",0.001,0.01,1e-05,binary,5586507,0.4789,0.47401,0.4838
"U(0.001,0.01), eps=1e-05",0.001,0.01,1e-05,binary,6738739,0.51845,0.51355,0.52334
"U(0.001,0.01), eps=1e-05",0.001,0.01,1e-05,binary,8128621,0.56032,0.55545,0.56518
"U(0.001,0.01), eps=1e-05",0.001,0.01,1e-05,binary,9805170,0.59772,0.59291,0.60252
"U(0.001,0.01), eps=1e-05",0.001,0.01,1e-05,binary,11827511,0.6427,0.63799,0.64738
"U(0.001,0.01), eps=1e-05",0.001,0.01,1e-05,binary,14266965,0.684,0.67943,0.68854
"U(0.001,0.01), eps=1e-05",0.001,0.01,1e-05,binary,17209563,0.724,0.7196,0.72836
"U(0.001,0.01), eps=1e-05",0.001,0.01,1e-05,binary,20759079,0.77523,0.77111,0.77929
"U(0.001,0.01), eps=1e-05",0.001,0.01,1e-05,binary,25040691,0.81078,0.80691,0.81459
"U(0.001,0.01), eps=1e-05",0.001,0.01,1e-05,binary,30205397,0.84915,0.84561,0.85262
"U(0.001,0.01), eps=1e-05",0.001,0.01,1e-05,binary,36435337,0.88287,0.87968,0.88598
"U(0.001,0.01), eps=1e-05",0.001,0.01,1e-05,binary,43950218,0.91392,0.91113,0.91663
"U(0.001,0.01), eps=1e-05",0.001,0.01,1e-05,binary,53015061,0.93827,0.93587,0.94059
"U(0.001,0.01), eps=1e-05",0.001,0.01,1e-05,binary,63949552,0.95617,0.95412,0.95813
"U(0.001,0.01), eps=1e-05",0.001,0.01,1e-05,binary,77139309,0.96845,0.96669,0.97012
"U(0.001,0.01), eps=1e-05",0.001,0.01,1e-05,binary,93049487,0.98103,0.97965,0.98232
"U(0.001,0.01), eps=1e-05",0.001,0.01,1e-05,binary,112241179,0.9879,0.98678,0.98893
"U(0.001,0.01), eps=1e-05",0.001,0.01,1e-05,binary,135391206,0.99257,0.99168,0.99337
"U(0.001,0.01), eps=1e-05",0.001,0.01,1e-05,binary,163315985,0.99645,0.99582,0.99699
"U(0.001,0.01), eps=1e-05",0.001,0.01,1e-05,binary,197000320,0.99777,0.99726,0.99819
"U(0.001,0.01), eps=1e-05",0.001,0.01,1e-05,binary,237632135,0.99875,0.99835,0.99905
"U(0.001,0.01), eps=1e-05",0.001,0.01,1e-05,binary,286644364,0.99885,0.99847,0.99914
"U(0.001,0.01), eps=1e-05",0.001,0.01,1e-05,binary,345765489,0.9995,0.99923,0.99968
"U(0.001,0.01), eps=1e-05",0.001,0.01,1e-05,binary,417080497,0.9995,0.99923,0.99968
"U(0.001,0.01), eps=1e-05",0.001,0.01,1e-05,binary,503104405,0.9995,0.99923,0.99968
"U(0.001,0.01), eps=1e-05",0.001,0.01,1e-05,binary,606870961,0.9995,0.99923,0.99968
"U(0.001,0.01), eps=1e-05",0.001,0.01,1e-05,binary,732039633,0.99948,0.9992,0.99966
"U(0.001,0.01), eps=1e-05",0.001,0.01,1e-05,binary,883024660,0.99948,0.9992,0.99966
"U(0.001,0.01), eps=1e-05",0.001,0.01,1e-05,binary,1065150730,0.99948,0.9992,0.99966
"U(0.001,0.01), eps=1e-05",0.001,0.01,1e-05,binary,1284840764,0.9995,0.99923,0.99968
"U(0.001,0.01), eps=1e-05",0.001,0.01,1e-05,reverse_eng,856560,0.2391,0.23495,0.2433
"U(0.001,0.01), eps=1e-05",0.001,0.01,1e-05,reverse_eng,1033228,0.26722,0.26291,0.27158
"U(0.001,0.01), eps=1e-05",0.001,0.01,1e-05,reverse_eng,1246334,0.29425,0.2898,0.29874
"U(0.001,0.01), eps=1e-05",0.001,0.01,1e-05,reverse_eng,1503393,0.31985,0.3153,0.32444
"U(0.001,0.01), eps=1e-05",0.001,0.01,1e-05,reverse_eng,1813472,0.3484,0.34375,0.35308
"U(0.001,0.01), eps=1e-05",0.001,0.01,1e-05,reverse_eng,2187505,0.3813,0.37655,0.38607
"U(0.001,0.01), eps=1e-05",0.001,0.01,1e-05,reverse_eng,2638684,0.41505,0.41023,0.41989
"U(0.001,0.01), eps=1e-05",0.001,0.01,1e-05,reverse_eng,3182919,0.45012,0.44525,0.455
"U(0.001,0.01), eps=1e-05",0.001,0.01,1e-05,reverse_eng,3839405,0.4939,0.489,0.4988
"U(0.001,0.01), eps=1e-05",0.001,0.01,1e-05,reverse_eng,4631292,0.52412,0.51922,0.52901
"U(0.001,0.01), eps=1e-05",0.001,0.01,1e-05,reverse_eng,5586507,0.5739,0.56905,0.57874
"U(0.001,0.01), eps=1e-05",0.001,0.01,1e-05,reverse_eng,6738739,0.61703,0.61226,0.62178
"U(0.001,0.01), eps=1e-05",0.001,0.01,1e-05,reverse_eng,8128621,0.65858,0.65392,0.66321
"U(0.001,0.01), eps=1e-05",0.001,0.01,1e-05,reverse_eng,9805170,0.70295,0.69845,0.70741
"U(0.001,0.01), eps=1e-05",0.001,0.01,1e-05,reverse_eng,11827511,0.74108,0.73676,0.74535
"U(0.001,0.01), eps=1e-05",0.001,0.01,1e-05,reverse_eng,14266965,0.78302,0.77895,0.78703
"U(0.001,0.01), eps=1e-05",0.001,0.01,1e-05,reverse_eng,17209563,0.82155,0.81777,0.82527
"U(0.001,0.01), eps=1e-05",0.001,0.01,1e-05,reverse_eng,20759079,0.8561,0.85263,0.85951
"U(0.001,0.01), eps=1e-05",0.001,0.01,1e-05,reverse_eng,25040691,0.88787,0.88474,0.89092
"U(0.001,0.01), eps=1e-05",0.001,0.01,1e-05,reverse_eng,30205397,0.91625,0.9135,0.91892
"U(0.001,0.01), eps=1e-05",0.001,0.01,1e-05,reverse_eng,36435337,0.93483,0.93237,0.93721
"U(0.001,0.01), eps=1e-05",0.001,0.01,1e-05,reverse_eng,43950218,0.95457,0.95249,0.95657
"U(0.001,0.01), eps=1e-05",0.001,0.01,1e-05,reverse_eng,53015061,0.97075,0.96905,0.97236
"U(0.001,0.01), eps=1e-05",0.001,0.01,1e-05,reverse_eng,63949552,0.98082,0.97943,0.98212
"U(0.001,0.01), eps=1e-05",0.001,0.01,1e-05,reverse_eng,77139309,0.9902,0.98919,0.99112
"U(0.001,0.01), eps=1e-05",0.001,0.01,1e-05,reverse_eng,93049487,0.9945,0.99373,0.99518
"U(0.001,0.01), eps=1e-05",0.001,0.01,1e-05,reverse_eng,112241179,0.99718,0.99661,0.99765
"U(0.001,0.01), eps=1e-05",0.001,0.01,1e-05,reverse_eng,135391206,0.99857,0.99815,0.9989
"U(0.001,0.01), eps=1e-05",0.001,0.01,1e-05,reverse_eng,163315985,0.99925,0.99893,0.99947
"U(0.001,0.01), eps=1e-05",0.001,0.01,1e-05,reverse_eng,197000320,0.99955,0.99929,0.99972
"U(0.001,0.01), eps=1e-05",0.001,0.01,1e-05,reverse_eng,237632135,0.99967,0.99944,0.99981
"U(0.001,0.01), eps=1e-05",0.001,0.01,1e-05,reverse_eng,286644364,0.99967,0.99944,0.99981
"U(0.001,0.01), eps=1e-05",0.001,0.01,1e-05,reverse_eng,345765489,0.99967,0.99944,0.99981
"U(0.001,0.01), eps=1e-05",0.001,0.01,1e-05,reverse_eng,417080497,0.9997,0.99948,0.99983
"U(0.001,0.01), eps=1e-05",0.001,0.01,1e-05,reverse_eng,503104405,0.9997,0.99948,0.99983
"U(0.001,0.01), eps=1e-05",0.001,0.01,1e-05,reverse_eng,606870961,0.9997,0.99948,0.99983
"U(0.001,0.01), eps=1e-05",0.001,0.01,1e-05,reverse_eng,732039633,0.9997,0.99948,0.99983
"U(0.001,0.01), eps=1e-05",0.001,0.01,1e-05,reverse_eng,883024660,0.9997,0.99948,0.99983
"U(0.001,0.01), eps=1e-05",0.001,0.01,1e-05,reverse_eng,1065150730,0.9997,0.99948,0.99983
"U(0.001,0.01), eps=1e-05",0.001,0.01,1e-05,reverse_eng,1284840764,0.9997,0.99948,0.99983
"U(0.001,0.01), eps=1e-05",0.001,0.01,1e-05,binary_risk,856560,0.2207,0.21666,0.22479
"U(0.001,0.01), eps=1e-05",0.001,0.01,1e-05,binary_risk,1033228,0.24388,0.2397,0.24811
"U(0.001,0.01), eps=1e-05",0.001,0.01,1e-05,binary_risk,1246334,0.27143,0.26709,0.27581
"U(0.001,0.01), eps=1e-05",0.001,0.01,1e-05,binary_risk,1503393,0.29728,0.29282,0.30178
"U(0.001,0.01), eps=1e-05",0.001,0.01,1e-05,binary_risk,1813472,0.32275,0.31819,0.32735
"U(0.001,0.01), eps=1e-05",0.001,0.01,1e-05,binary_risk,2187505,0.3574,0.35272,0.36211
"U(0.001,0.01), eps=1e-05",0.001,0.01,1e-05,binary_risk,2638684,0.38793,0.38317,0.39272
"U(0.001,0.01), eps=1e-05",0.001,0.01,1e-05,binary_risk,3182919,0.4339,0.42905,0.43876
"U(0.001,0.01), eps=1e-05",0.001,0.01,1e-05,binary_risk,3839405,0.4699,0.46501,0.47479
"U(0.001,0.01), eps=1e-05",0.001,0.01,1e-05,binary_risk,4631292,0.51143,0.50653,0.51633
"U(0.001,0.01), eps=1e-05",0.001,0.01,1e-05,binary_risk,5586507,0.55532,0.55045,0.56018
"U(0.001,0.01), eps=1e-05",0.001,0.01,1e-05,binary_risk,6738739,0.6005,0.59569,0.60529
"U(0.001,0.01), eps=1e-05",0.001,0.01,1e-05,binary_risk,8128621,0.64487,0.64017,0.64955
"U(0.001,0.01), eps=1e-05",0.001,0.01,1e-05,binary_risk,9805170,0.68905,0.6845,0.69357
"U(0.001,0.01), eps=1e-05",0.001,0.01,1e-05,binary_risk,11827511,0.7311,0.72673,0.73542
"U(0.001,0.01), eps=1e-05",0.001,0.01,1e-05,binary_risk,14266965,0.77463,0.77051,0.7787
"U(0.001,0.01), eps=1e-05",0.001,0.01,1e-05,binary_risk,17209563,0.81068,0.80681,0.81449
"U(0.001,0.01), eps=1e-05",0.001,0.01,1e-05,binary_risk,20759079,0.8432,0.8396,0.84673
"U(0.001,0.01), eps=1e-05",0.001,0.01,1e-05,binary_risk,25040691,0.88055,0.87734,0.88369
"U(0.001,0.01), eps=1e-05",0.001,0.01,1e-05,binary_risk,30205397,0.9094,0.90655,0.91217
"U(0.001,0.01), eps=1e-05",0.001,0.01,1e-05,binary_risk,36435337,0.93283,0.93034,0.93524
"U(0.001,0.01), eps=1e-05",0.001,0.01,1e-05,binary_risk,43950218,0.9569,0.95487,0.95885
"U(0.001,0.01), eps=1e-05",0.001,0.01,1e-05,binary_risk,53015061,0.97132,0.96964,0.97291
"U(0.001,0.01), eps=1e-05",0.001,0.01,1e-05,binary_risk,63949552,0.98205,0.9807,0.98331
"U(0.001,0.01), eps=1e-05",0.001,0.01,1e-05,binary_risk,77139309,0.98975,0.98871,0.99069
"U(0.001,0.01), eps=1e-05",0.001,0.01,1e-05,binary_risk,93049487,0.9948,0.99405,0.99546
"U(0.001,0.01), eps=1e-05",0.001,0.01,1e-05,binary_risk,112241179,0.99718,0.99661,0.99765
"U(0.001,0.01), eps=1e-05",0.001,0.01,1e-05,binary_risk,135391206,0.9984,0.99796,0.99875
"U(0.001,0.01), eps=1e-05",0.001,0.01,1e-05,binary_risk,163315985,0.99935,0.99905,0.99956
"U(0.001,0.01), eps=1e-05",0.001,0.01,1e-05,binary_risk,197000320,0.9987,0.9983,0.99901
"U(0.001,0.01), eps=1e-05",0.001,0.01,1e-05,binary_risk,237632135,0.99933,0.99902,0.99954
"U(0.001,0.01), eps=1e-05",0.001,0.01,1e-05,binary_risk,286644364,0.99945,0.99917,0.99964
"U(0.001,0.01), eps=1e-05",0.001,0.01,1e-05,binary_risk,345765489,0.99977,0.99957,0.99988
"U(0.001,0.01), eps=1e-05",0.001,0.01,1e-05,binary_risk,417080497,0.9999,0.99974,0.99996
"U(0.001,0.01), eps=1e-05",0.001,0.01,1e-05,binary_risk,503104405,0.99995,0.99982,0.99999
"U(0.001,0.01), eps=1e-05",0.001,0.01,1e-05,binary_risk,606870961,1.0,0.9999,1.0
"U(0.001,0.01), eps=1e-05",0.001,0.01,1e-05,binary_risk,732039633,1.0,0.9999,1.0
"U(0.001,0.01), eps=1e-05",0.001,0.01,1e-05,binary_risk,883024660,1.0,0.9999,1.0
"U(0.001,0.01), eps=1e-05",0.001,0.01,1e-05,binary_risk,1065150730,1.0,0.9999,1.0
"U(0.001,0.01), eps=1e-05",0.001,0.01,1e-05,binary_risk,1284840764,1.0,0.9999,1.0
"U(0.001,0.01), eps=1e-05",0.001,0.01,1e-05,reverse_eng_risk,856560,0.25317,0.24893,0.25745
"U(0.001,0.01), eps=1e-05",0.001,0.01,1e-05,reverse_eng_risk,1033228,0.27692,0.27256,0.28133
"U(0.001,0.01), eps=1e-05",0.001,0.01,1e-05,reverse_eng_risk,1246334,0.30128,0.2968,0.3058
"U(0.001,0.01), eps=1e-05",0.001,0.01,1e-05,reverse_eng_risk,1503393,0.32785,0.32327,0.33247
"U(0.001,0.01), eps=1e-05",0.001,0.01,1e-05,reverse_eng_risk,1813472,0.36378,0.35908,0.36851
"U(0.001,0.01), eps=1e-05",0.001,0.01,1e-05,reverse_eng_risk,2187505,0.38522,0.38046,0.39
"U(0.001,0.01), eps=1e-05",0.001,0.01,1e-05,reverse_eng_risk,2638684,0.43407,0.42922,0.43893
"U(0.001,0.01), eps=1e-05",0.001,0.01,1e-05,reverse_eng_risk,3182919,0.4704,0.46551,0.47529
"U(0.001,0.01), eps=1e-05",0.001,0.01,1e-05,reverse_eng_risk,3839405,0.5079,0.503,0.5128
"U(0.001,0.01), eps=1e-05",0.001,0.01,1e-05,reverse_eng_risk,4631292,0.54853,0.54365,0.5534
"U(0.001,0.01), eps=1e-05",0.001,0.01,1e-05,reverse_eng_risk,5586507,0.59005,0.58522,0.59486
"U(0.001,0.01), eps=1e-05",0.001,0.01,1e-05,reverse_eng_risk,6738739,0.63372,0.62899,0.63843
"U(0.001,0.01), eps=1e-05",0.001,0.01,1e-05,reverse_eng_risk,8128621,0.67545,0.67085,0.68002
"U(0.001,0.01), eps=1e-05",0.001,0.01,1e-05,reverse_eng_risk,9805170,0.71665,0.71221,0.72105
"U(0.001,0.01), eps=1e-05",0.001,0.01,1e-05,reverse_eng_risk,11827511,0.75792,0.7537,0.76209
"U(0.001,0.01), eps=1e-05",0.001,0.01,1e-05,reverse_eng_risk,14266965,0.79905,0.79509,0.80295
"U(0.001,0.01), eps=1e-05",0.001,0.01,1e-05,reverse_eng_risk,17209563,0.83462,0.83095,0.83823
"U(0.001,0.01), eps=1e-05",0.001,0.01,1e-05,reverse_eng_risk,20759079,0.86743,0.86407,0.87072
"U(0.001,0.01), eps=1e-05",0.001,0.01,1e-05,reverse_eng_risk,25040691,0.89792,0.89491,0.90085
"U(0.001,0.01), eps=1e-05",0.001,0.01,1e-05,reverse_eng_risk,30205397,0.92248,0.91982,0.92506
"U(0.001,0.01), eps=1e-05",0.001,0.01,1e-05,reverse_eng_risk,36435337,0.9447,0.94242,0.9469
"U(0.001,0.01), eps=1e-05",0.001,0.01,1e-05,reverse_eng_risk,43950218,0.9605,0.95855,0.96237
"U(0.001,0.01), eps=1e-05",0.001,0.01,1e-05,reverse_eng_risk,53015061,0.9741,0.9725,0.97561
"U(0.001,0.01), eps=1e-05",0.001,0.01,1e-05,reverse_eng_risk,63949552,0.98547,0.98425,0.9866
"U(0.001,0.01), eps=1e-05",0.001,0.01,1e-05,reverse_eng_risk,77139309,0.9915,0.99055,0.99235
"U(0.001,0.01), eps=1e-05",0.001,0.01,1e-05,reverse_eng_risk,93049487,0.99557,0.99487,0.99617
"U(0.001,0.01), eps=1e-05",0.001,0.01,1e-05,reverse_eng_risk,112241179,0.99772,0.9972,0.99814
"U(0.001,0.01), eps=1e-05",0.001,0.01,1e-05,reverse_eng_risk,135391206,0.99918,0.99885,0.99942
"U(0.001,0.01), eps=1e-05",0.001,0.01,1e-05,reverse_eng_risk,163315985,0.99965,0.99941,0.99979
"U(0.001,0.01), eps=1e-05",0.001,0.01,1e-05,reverse_eng_risk,197000320,0.99982,0.99963,0.99991
"U(0.001,0.01), eps=1e-05",0.001,0.01,1e-05,reverse_eng_risk,237632135,0.99997,0.99985,0.99999
"U(0.001,0.01), eps=1e-05",0.001,0.01,1e-05,reverse_eng_risk,286644364,0.99997,0.99985,0.99999
"U(0.001,0.01), eps=1e-05",0.001,0.01,1e-05,reverse_eng_risk,345765489,1.0,0.9999,1.0
"U(0.001,0.01), eps=1e-05",0.001,0.01,1e-05,reverse_eng_risk,417080497,1.0,0.9999,1.0
"U(0.001,0.01), eps=1e-05",0.001,0.01,1e-05,reverse_eng_risk,503104405,1.0,0.9999,1.0
"U(0.001,0.01), eps=1e-05",0.001,0.01,1e-05,reverse_eng_risk,606870961,1.0,0.9999,1.0
"U(0.001,0.01), eps=1e-05",0.001,0.01,1e-05,reverse_eng_risk,732039633,1.0,0.9999,1.0
"U(0.001,0.01), eps=1e-05",0.001,0.01,1e-05,reverse_eng_risk,883024660,1.0,0.9999,1.0
"U(0.001,0.01), eps=1e-05",0.001,0.01,1e-05,reverse_eng_risk,1065150730,1.0,0.9999,1.0
"U(0.001,0.01), eps=1e-05",0.001,0.01,1e-05,reverse_eng_risk,1284840764,1.0,0.9999,1.0
"U(0.01,0.1), eps=1e-06",0.01,0.1,1e-06,brute,896533333,0.185,0.18123,0.18884
"U(0.01,0.1), eps=1e-06",0.01,0.1,1e-06,brute,1081445601,0.20233,0.19842,0.2063
"U(0.01,0.1), eps=1e-06",0.01,0.1,1e-06,brute,1304496493,0.22175,0.21771,0.22585
"U(0.01,0.1), eps=1e-06",0.01,0.1,1e-06,brute,1573552196,0.2425,0.23832,0.24672
"U(0.01,0.1), eps=1e-06",0.01,0.1,1e-06,brute,1898101319,0.26498,0.26068,0.26933
"U(0.01,0.1), eps=1e-06",0.01,0.1,1e-06,brute,2289589519,0.29183,0.2874,0.2963
"U(0.01,0.1), eps=1e-06",0.01,0.1,1e-06,brute,2761823151,0.31753,0.31299,0.32211
"U(0.01,0.1), eps=1e-06",0.01,0.1,1e-06,brute,3331456165,0.34642,0.34177,0.3511
"U(0.01,0.1), eps=1e-06",0.01,0.1,1e-06,brute,4018577429,0.37717,0.37243,0.38193
"U(0.01,0.1), eps=1e-06",0.01,0.1,1e-06,brute,4847419193,0.41142,0.40661,0.41625
"U(0.01,0.1), eps=1e-06",0.01,0.1,1e-06,brute,5847211667,0.44727,0.4424,0.45215
"U(0.01,0.1), eps=1e-06",0.01,0.1,1e-06,brute,7053213870,0.48568,0.48078,0.49058
"U(0.01,0.1), eps=1e-06",0.01,0.1,1e-06,brute,8507957079,0.52553,0.52063,0.53042
"U(0.01,0.1), eps=1e-06",0.01,0.1,1e-06,brute,10262744755,0.56698,0.56212,0.57183
"U(0.01,0.1), eps=1e-06",0.01,0.1,1e-06,brute,12379461831,0.61193,0.60714,0.61669
"U(0.01,0.1), eps=1e-06",0.01,0.1,1e-06,brute,14932757159,0.65875,0.65409,0.66338
"U(0.01,0.1), eps=1e-06",0.01,0.1,1e-06,brute,18012676110,0.70355,0.69906,0.70801
"U(0.01,0.1), eps=1e-06",0.01,0.1,1e-06,brute,21727836139,0.74767,0.74339,0.7519
"U(0.01,0.1), eps=1e-06",0.01,0.1,1e-06,brute,26209257324,0.7927,0.7887,0.79664
"U(0.01,0.1), eps=1e-06",0.01,0.1,1e-06,brute,31614982969,0.83408,0.8304,0.83769
"U(0.01,0.1), eps=1e-06",0.01,0.1,1e-06,brute,38135653207,0.87143,0.86811,0.87467
"U(0.01,0.1), eps=1e-06",0.01,0.1,1e-06,brute,46001228182,0.90445,0.90153,0.90729
"U(0.01,0.1), eps=1e-06",0.01,0.1,1e-06,brute,55489097899,0.9331,0.93061,0.93551
"U(0.01,0.1), eps=1e-06",0.01,0.1,1e-06,brute,66933864754,0.95465,0.95257,0.95665
"U(0.01,0.1), eps=1e-06",0.01,0.1,1e-06,brute,80739143733,0.9717,0.97003,0.97328
"U(0.01,0.1), eps=1e-06",0.01,0.1,1e-06,brute,97391796436,0.9838,0.98252,0.98499
"U(0.01,0.1), eps=1e-06",0.01,0.1,1e-06,brute,117479100897,0.9924,0.9915,0.99321
"U(0.01,0.1), eps=1e-06",0.01,0.1,1e-06,brute,141709462734,0.99672,0.99611,0.99723
"U(0.01,0.1), eps=1e-06",0.01,0.1,1e-06,brute,170937398014,0.99875,0.99835,0.99905
"U(0.01,0.1), eps=1e-06",0.01,0.1,1e-06,brute,206193668906,0.99972,0.9995,0.99984
"U(0.01,0.1), eps=1e-06",0.01,0.1,1e-06,brute,248721634884,0.99992,0.99977,0.99997
"U(0.01,0.1), eps=1e-06",0.01,0.1,1e-06,brute,300021101460,1.0,0.9999,1.0
"U(0.01,0.1), eps=1e-06",0.01,0.1,1e-06,brute,361901212829,1.0,0.9999,1.0
"U(0.01,0.1), eps=1e-06",0.01,0.1,1e-06,brute,436544253753,1.0,0.9999,1.0
"U(0.01,0.1), eps=1e-06",0.01,0.1,1e-06,brute,526582610750,1.0,0.9999,1.0
"U(0.01,0.1), eps=1e-06",0.01,0.1,1e-06,brute,635191606717,1.0,0.9999,1.0
"U(0.01,0.1), eps=1e-06",0.01,0.1,1e-06,brute,766201482932,1.0,0.9999,1.0
"U(0.01,0.1), eps=1e-06",0.01,0.1,1e-06,brute,924232477633,1.0,0.9999,1.0
"U(0.01,0.1), eps=1e-06",0.01,0.1,1e-06,brute,1114857764883,1.0,0.9999,1.0
"U(0.01,0.1), eps=1e-06",0.01,0.1,1e-06,brute,1344800000000,1.0,0.9999,1.0
"U(0.01,0.1), eps=1e-06",0.01,0.1,1e-06,separable,896533333,0.04858,0.04652,0.05073
"U(0.01,0.1), eps=1e-06",0.01,0.1,1e-06,separable,1081445601,0.05395,0.05178,0.05621
"U(0.01,0.1), eps=1e-06",0.01,0.1,1e-06,separable,1304496493,0.0591,0.05683,0.06145
"U(0.01,0.1), eps=1e-06",0.01,0.1,1e-06,separable,1573552196,0.06477,0.0624,0.06722
"U(0.01,0.1), eps=1e-06",0.01,0.1,1e-06,separable,1898101319,0.07147,0.06899,0.07404
"U(0.01,0.1), eps=1e-06",0.01,0.1,1e-06,separable,2289589519,0.0786,0.076,0.08128
"U(0.01,0.1), eps=1e-06",0.01,0.1,1e-06,separable,2761823151,0.08612,0.08341,0.08891
"U(0.01,0.1), eps=1e-06",0.01,0.1,1e-06,separable,3331456165,0.09515,0.09231,0.09806
"U(0.01,0.1), eps=1e-06",0.01,0.1,1e-06,separable,4018577429,0.10372,0.10077,0.10675
"U(0.01,0.1), eps=1e-06",0.01,0.1,1e-06,separable,4847419193,0.11388,0.1108,0.11703
"U(0.01,0.1), eps=1e-06",0.01,0.1,1e-06,separable,5847211667,0.12458,0.12138,0.12785
"U(0.01,0.1), eps=1e-06",0.01,0.1,1e-06,separable,7053213870,0.1365,0.13317,0.1399
"U(0.01,0.1), eps=1e-06",0.01,0.1,1e-06,separable,8507957079,0.14833,0.14488,0.15185
"U(0.01,0.1), eps=1e-06",0.01,0.1,1e-06,separable,10262744755,0.16267,0.15909,0.16632
"U(0.01,0.1), eps=1e-06",0.01,0.1,1e-06,separable,12379461831,0.17805,0.17433,0.18183
"U(0.01,0.1), eps=1e-06",0.01,0.1,1e-06,separable,14932757159,0.19503,0.19118,0.19894
"U(0.01,0.1), eps=1e-06",0.01,0.1,1e-06,separable,18012676110,0.2131,0.20911,0.21714
"U(0.01,0.1), eps=1e-06",0.01,0.1,1e-06,separable,21727836139,0.23325,0.22913,0.23742
"U(0.01,0.1), eps=1e-06",0.01,0.1,1e-06,separable,26209257324,0.25415,0.24991,0.25844
"U(0.01,0.1), eps=1e-06",0.01,0.1,1e-06,separable,31614982969,0.2797,0.27532,0.28412
"U(0.01,0.1), eps=1e-06",0.01,0.1,1e-06,separable,38135653207,0.30597,0.30147,0.3105
"U(0.01,0.1), eps=1e-06",0.01,0.1,1e-06,separable,46001228182,0.33403,0.32942,0.33867
"U(0.01,0.1), eps=1e-06",0.01,0.1,1e-06,separable,55489097899,0.36355,0.35885,0.36828
"U(0.01,0.1), eps=1e-06",0.01,0.1,1e-06,separable,66933864754,0.39648,0.3917,0.40128
"U(0.01,0.1), eps=1e-06",0.01,0.1,1e-06,separable,80739143733,0.43052,0.42567,0.43538
"U(0.01,0.1), eps=1e-06",0.01,0.1,1e-06,separable,97391796436,0.468,0.46311,0.47289
"U(0.01,0.1), eps=1e-06",0.01,0.1,1e-06,separable,117479100897,0.5081,0.5032,0.513
"U(0.01,0.1), eps=1e-06",0.01,0.1,1e-06,separable,141709462734,0.548,0.54312,0.55287
"U(0.01,0.1), eps=1e-06",0.01,0.1,1e-06,separable,170937398014,0.59237,0.58755,0.59718
"U(0.01,0.1), eps=1e-06",0.01,0.1,1e-06,separable,206193668906,0.63818,0.63346,0.64288
"U(0.01,0.1), eps=1e-06",0.01,0.1,1e-06,separable,248721634884,0.68307,0.67849,0.68761
"U(0.01,0.1), eps=1e-06",0.01,0.1,1e-06,separable,300021101460,0.72825,0.72387,0.73259
"U(0.01,0.1), eps=1e-06",0.01,0.1,1e-06,separable,361901212829,0.77343,0.7693,0.77751
"U(0.01,0.1), eps=1e-06",0.01,0.1,1e-06,separable,436544253753,0.8173,0.81348,0.82106
"U(0.01,0.1), eps=1e-06",0.01,0.1,1e-06,separable,526582610750,0.8553,0.85182,0.85871
"U(0.01,0.1), eps=1e-06",0.01,0.1,1e-06,separable,635191606717,0.89125,0.88816,0.89426
"U(0.01,0.1), eps=1e-06",0.01,0.1,1e-06,separable,766201482932,0.9209,0.91821,0.9235
"U(0.01,0.1), eps=1e-06",0.01,0.1,1e-06,separable,924232477633,0.94598,0.94372,0.94815
"U(0.01,0.1), eps=1e-06",0.01,0.1,1e-06,separable,1114857764883,0.9649,0.96305,0.96666
"U(0.01,0.1), eps=1e-06",0.01,0.1,1e-06,separable,1344800000000,0.97945,0.97801,0.98079
"U(0.01,0.1), eps=1e-06",0.01,0.1,1e-06,linear,896533333,0.2475,0.2433,0.25175
"U(0.01,0.1), eps=1e-06",0.01,0.1,1e-06,linear,1081445601,0.26982,0.26549,0.27419
"U(0.01,0.1), eps=1e-06",0.01,0.1,1e-06,linear,1304496493,0.2928,0.28836,0.29728
"U(0.01,0.1), eps=1e-06",0.01,0.1,1e-06,linear,1573552196,0.32227,0.31771,0.32687
"U(0.01,0.1), eps=1e-06",0.01,0.1,1e-06,linear,1898101319,0.34987,0.34521,0.35456
"U(0.01,0.1), eps=1e-06",0.01,0.1,1e-06,linear,2289589519,0.38307,0.37832,0.38785
"U(0.01,0.1), eps=1e-06",0.01,0.1,1e-06,linear,2761823151,0.41583,0.41101,0.42067
"U(0.01,0.1), eps=1e-06",0.01,0.1,1e-06,linear,3331456165,0.45003,0.44516,0.45491
"U(0.01,0.1), eps=1e-06",0.01,0.1,1e-06,linear,4018577429,0.48795,0.48305,0.49285
"U(0.01,0.1), eps=1e-06",0.01,0.1,1e-06,linear,4847419193,0.52628,0.52138,0.53117
"U(0.01,0.1), eps=1e-06",0.01,0.1,1e-06,linear,5847211667,0.56522,0.56036,0.57007
"U(0.01,0.1), eps=1e-06",0.01,0.1,1e-06,linear,7053213870,0.6075,0.6027,0.61227
"U(0.01,0.1), eps=1e-06",0.01,0.1,1e-06,linear,8507957079,0.65223,0.64755,0.65688
"U(0.01,0.1), eps=1e-06",0.01,0.1,1e-06,linear,10262744755,0.694,0.68947,0.6985
"U(0.01,0.1), eps=1e-06",0.01,0.1,1e-06,linear,12379461831,0.73372,0.72937,0.73803
"U(0.01,0.1), eps=1e-06",0.01,0.1,1e-06,linear,14932757159,0.77455,0.77043,0.77862
"U(0.01,0.1), eps=1e-06",0.01,0.1,1e-06,linear,18012676110,0.81327,0.80942,0.81706
"U(0.01,0.1), eps=1e-06",0.01,0.1,1e-06,linear,21727836139,0.85045,0.84692,0.85391
"U(0.01,0.1), eps=1e-06",0.01,0.1,1e-06,linear,26209257324,0.88243,0.87924,0.88555
"U(0.01,0.1), eps=1e-06",0.01,0.1,1e-06,linear,31614982969,0.91048,0.90764,0.91324
"U(0.01,0.1), eps=1e-06",0.01,0.1,1e-06,linear,38135653207,0.93358,0.9311,0.93598
"U(0.01,0.1), eps=1e-06",0.01,0.1,1e-06,linear,46001228182,0.95252,0.95039,0.95456
"U(0.01,0.1), eps=1e-06",0.01,0.1,1e-06,linear,55489097899,0.96355,0.96167,0.96534
"U(0.01,0.1), eps=1e-06",0.01,0.1,1e-06,linear,66933864754,0.98105,0.97967,0.98234
"U(0.01,0.1), eps=1e-06",0.01,0.1,1e-06,linear,80739143733,0.98425,0.98298,0.98542
"U(0.01,0.1), eps=1e-06",0.01,0.1,1e-06,linear,97391796436,0.99005,0.98903,0.99098
"U(0.01,0.1), eps=1e-06",0.01,0.1,1e-06,linear,117479100897,0.99615,0.99549,0.99671
"U(0.01,0.1), eps=1e-06",0.01,0.1,1e-06,linear,141709462734,0.99805,0.99757,0.99844
"U(0.01,0.1), eps=1e-06",0.01,0.1,1e-06,linear,170937398014,0.99872,0.99832,0.99903
"U(0.01,0.1), eps=1e-06",0.01,0.1,1e-06,linear,206193668906,0.99865,0.99824,0.99897
"U(0.01,0.1), eps=1e-06",0.01,0.1,1e-06,linear,248721634884,0.99965,0.99941,0.99979
"U(0.01,0.1), eps=1e-06",0.01,0.1,1e-06,linear,300021101460,0.99992,0.99977,0.99997
"U(0.01,0.1), eps=1e-06",0.01,0.1,1e-06,linear,361901212829,0.99995,0.99982,0.99999
"U(0.01,0.1), eps=1e-06",0.01,0.1,1e-06,linear,436544253753,0.99995,0.99982,0.99999
"U(0.01,0.1), eps=1e-06",0.01,0.1,1e-06,linear,526582610750,0.99995,0.99982,0.99999
"U(0.01,0.1), eps=1e-06",0.01,0.1,1e-06,linear,635191606717,0.99995,0.99982,0.99999
"U(0.01,0.1), eps=1e-06",0.01,0.1,1e-06,linear,766201482932,0.99995,0.99982,0.99999
"U(0.01,0.1), eps=1e-06",0.01,0.1,1e-06,linear,924232477633,0.99995,0.99982,0.99999
"U(0.01,0.1), eps=1e-06",0.01,0.1,1e-06,linear,1114857764883,0.99995,0.99982,0.99999
"U(0.01,0.1), eps=1e-06",0.01,0.1,1e-06,linear,1344800000000,0.99995,0.99982,0.99999
"U(0.01,0.1), eps=1e-06",0.01,0.1,1e-06,binary,896533333,0.25835,0.25408,0.26266
"U(0.01,0.1), eps=1e-06",0.01,0.1,1e-06,binary,1081445601,0.2869,0.28249,0.29135
"U(0.01,0.1), eps=1e-06",0.01,0.1,1e-06,binary,1304496493,0.31355,0.30902,0.31811
"U(0.01,0.1), eps=1e-06",0.01,0.1,1e-06,binary,1573552196,0.3425,0.33786,0.34717
"U(0.01,0.1), eps=1e-06",0.01,0.1,1e-06,binary,1898101319,0.36175,0.35705,0.36647
"U(0.01,0.1), eps=1e-06",0.01,0.1,1e-06,binary,2289589519,0.3969,0.39212,0.4017
"U(0.01,0.1), eps=1e-06",0.01,0.1,1e-06,binary,2761823151,0.43585,0.431,0.44072
"U(0.01,0.1), eps=1e-06",0.01,0.1,1e-06,binary,3331456165,0.475,0.47011,0.4799
"U(0.01,0.1), eps=1e-06",0.01,0.1,1e-06,binary,4018577429,0.5103,0.5054,0.5152
"U(0.01,0.1), eps=1e-06",0.01,0.1,1e-06,binary,4847419193,0.55125,0.54637,0.55612
"U(0.01,0.1), eps=1e-06",0.01,0.1,1e-06,binary,5847211667,0.59252,0.5877,0.59733
"U(0.01,0.1), eps=1e-06",0.01,0.1,1e-06,binary,7053213870,0.63445,0.62972,0.63916
"U(0.01,0.1), eps=1e-06",0.01,0.1,1e-06,binary,8507957079,0.67522,0.67061,0.67979
"U(0.01,0.1), eps=1e-06",0.01,0.1,1e-06,binary,10262744755,0.71452,0.71007,0.71893
"U(0.01,0.1), eps=1e-06",0.01,0.1,1e-06,binary,12379461831,0.7525,0.74825,0.7567
"U(0.01,0.1), eps=1e-06",0.01,0.1,1e-06,binary,14932757159,0.79097,0.78696,0.79493
"U(0.01,0.1), eps=1e-06",0.01,0.1,1e-06,binary,18012676110,0.82732,0.82358,0.83099
"U(0.01,0.1), eps=1e-06",0.01,0.1,1e-06,binary,21727836139,0.86138,0.85796,0.86473
"U(0.01,0.1), eps=1e-06",0.01,0.1,1e-06,binary,26209257324,0.88633,0.88318,0.8894
"U(0.01,0.1), eps=1e-06",0.01,0.1,1e-06,binary,31614982969,0.91122,0.90839,0.91397
"U(0.01,0.1), eps=1e-06",0.01,0.1,1e-06,binary,38135653207,0.9391,0.93671,0.9414
"U(0.01,0.1), eps=1e-06",0.01,0.1,1e-06,binary,46001228182,0.95855,0.95655,0.96046
"U(0.01,0.1), eps=1e-06",0.01,0.1,1e-06,binary,55489097899,0.97232,0.97067,0.97388
"U(0.01,0.1), eps=1e-06",0.01,0.1,1e-06,binary,66933864754,0.98262,0.98129,0.98386
"U(0.01,0.1), eps=1e-06",0.01,0.1,1e-06,binary,80739143733,0.98977,0.98874,0.99071
"U(0.01,0.1), eps=1e-06",0.01,0.1,1e-06,binary,97391796436,0.9941,0.9933,0.9948
"U(0.01,0.1), eps=1e-06",0.01,0.1,1e-06,binary,117479100897,0.99613,0.99547,0.99669
"U(0.01,0.1), eps=1e-06",0.01,0.1,1e-06,binary,141709462734,0.99803,0.99755,0.99842
"U(0.01,0.1), eps=1e-06",0.01,0.1,1e-06,binary,170937398014,0.99908,0.99873,0.99933
"U(0.01,0.1), eps=1e-06",0.01,0.1,1e-06,binary,206193668906,0.99955,0.99929,0.99972
"U(0.01,0.1), eps=1e-06",0.01,0.1,1e-06,binary,248721634884,0.99955,0.99929,0.99972
"U(0.01,0.1), eps=1e-06",0.01,0.1,1e-06,binary,300021101460,0.9994,0.99911,0.9996
"U(0.01,0.1), eps=1e-06",0.01,0.1,1e-06,binary,361901212829,0.99833,0.99788,0.99869
"U(0.01,0.1), eps=1e-06",0.01,0.1,1e-06,binary,436544253753,0.99833,0.99788,0.99869
"U(0.01,0.1), eps=1e-06",0.01,0.1,1e-06,binary,526582610750,0.99833,0.99788,0.99869
"U(0.01,0.1), eps=1e-06",0.01,0.1,1e-06,binary,635191606717,0.99833,0.99788,0.99869
"U(0.01,0.1), eps=1e-06",0.01,0.1,1e-06,binary,766201482932,0.99833,0.99788,0.99869
"U(0.01,0.1), eps=1e-06",0.01,0.1,1e-06,binary,924232477633,0.99833,0.99788,0.99869
"U(0.01,0.1), eps=1e-06",0.01,0.1,1e-06,binary,1114857764883,0.99833,0.99788,0.99869
"U(0.01,0.1), eps=1e-06",0.01,0.1,1e-06,binary,1344800000000,0.99833,0.99788,0.99869
"U(0.01,0.1), eps=1e-06",0.01,0.1,1e-06,reverse_eng,896533333,0.27482,0.27047,0.27922
"U(0.01,0.1), eps=1e-06",0.01,0.1,1e-06,reverse_eng,1081445601,0.2994,0.29493,0.30391
"U(0.01,0.1), eps=1e-06",0.01,0.1,1e-06,reverse_eng,1304496493,0.32598,0.3214,0.33059
"U(0.01,0.1), eps=1e-06",0.01,0.1,1e-06,reverse_eng,1573552196,0.35545,0.35077,0.36015
"U(0.01,0.1), eps=1e-06",0.01,0.1,1e-06,reverse_eng,1898101319,0.38585,0.38109,0.39063
"U(0.01,0.1), eps=1e-06",0.01,0.1,1e-06,reverse_eng,2289589519,0.4181,0.41327,0.42294
"U(0.01,0.1), eps=1e-06",0.01,0.1,1e-06,reverse_eng,2761823151,0.4529,0.44803,0.45778
"U(0.01,0.1), eps=1e-06",0.01,0.1,1e-06,reverse_eng,3331456165,0.49065,0.48575,0.49555
"U(0.01,0.1), eps=1e-06",0.01,0.1,1e-06,reverse_eng,4018577429,0.52912,0.52423,0.53401
"U(0.01,0.1), eps=1e-06",0.01,0.1,1e-06,reverse_eng,4847419193,0.56735,0.56249,0.5722
"U(0.01,0.1), eps=1e-06",0.01,0.1,1e-06,reverse_eng,5847211667,0.60815,0.60336,0.61292
"U(0.01,0.1), eps=1e-06",0.01,0.1,1e-06,reverse_eng,7053213870,0.6497,0.64501,0.65436
"U(0.01,0.1), eps=1e-06",0.01,0.1,1e-06,reverse_eng,8507957079,0.6918,0.68726,0.69631
"U(0.01,0.1), eps=1e-06",0.01,0.1,1e-06,reverse_eng,10262744755,0.7309,0.72653,0.73522
"U(0.01,0.1), eps=1e-06",0.01,0.1,1e-06,reverse_eng,12379461831,0.76975,0.7656,0.77385
"U(0.01,0.1), eps=1e-06",0.01,0.1,1e-06,reverse_eng,14932757159,0.80712,0.80322,0.81096
"U(0.01,0.1), eps=1e-06",0.01,0.1,1e-06,reverse_eng,18012676110,0.84162,0.83801,0.84517
"U(0.01,0.1), eps=1e-06",0.01,0.1,1e-06,reverse_eng,21727836139,0.87255,0.86925,0.87578
"U(0.01,0.1), eps=1e-06",0.01,0.1,1e-06,reverse_eng,26209257324,0.90102,0.89805,0.90391
"U(0.01,0.1), eps=1e-06",0.01,0.1,1e-06,reverse_eng,31614982969,0.9262,0.9236,0.92872
"U(0.01,0.1), eps=1e-06",0.01,0.1,1e-06,reverse_eng,38135653207,0.9463,0.94405,0.94847
"U(0.01,0.1), eps=1e-06",0.01,0.1,1e-06,reverse_eng,46001228182,0.96118,0.95924,0.96303
"U(0.01,0.1), eps=1e-06",0.01,0.1,1e-06,reverse_eng,55489097899,0.97598,0.97443,0.97744
"U(0.01,0.1), eps=1e-06",0.01,0.1,1e-06,reverse_eng,66933864754,0.98528,0.98405,0.98641
"U(0.01,0.1), eps=1e-06",0.01,0.1,1e-06,reverse_eng,80739143733,0.9917,0.99076,0.99254
"U(0.01,0.1), eps=1e-06",0.01,0.1,1e-06,reverse_eng,97391796436,0.99587,0.99519,0.99645
"U(0.01,0.1), eps=1e-06",0.01,0.1,1e-06,reverse_eng,117479100897,0.99733,0.99677,0.99779
"U(0.01,0.1), eps=1e-06",0.01,0.1,1e-06,reverse_eng,141709462734,0.99835,0.9979,0.9987
"U(0.01,0.1), eps=1e-06",0.01,0.1,1e-06,reverse_eng,170937398014,0.99908,0.99873,0.99933
"U(0.01,0.1), eps=1e-06",0.01,0.1,1e-06,reverse_eng,206193668906,0.99955,0.99929,0.99972
"U(0.01,0.1), eps=1e-06",0.01,0.1,1e-06,reverse_eng,248721634884,0.99977,0.99957,0.99988
"U(0.01,0.1), eps=1e-06",0.01,0.1,1e-06,reverse_eng,300021101460,0.99985,0.99967,0.99993
"U(0.01,0.1), eps=1e-06",0.01,0.1,1e-06,reverse_eng,361901212829,0.99985,0.99967,0.99993
"U(0.01,0.1), eps=1e-06",0.01,0.1,1e-06,reverse_eng,436544253753,0.99985,0.99967,0.99993
"U(0.01,0.1), eps=1e-06",0.01,0.1,1e-06,reverse_eng,526582610750,0.99985,0.99967,0.99993
"U(0.01,0.1), eps=1e-06",0.01,0.1,1e-06,reverse_eng,635191606717,0.99985,0.99967,0.99993
"U(0.01,0.1), eps=1e-06",0.01,0.1,1e-06,reverse_eng,766201482932,0.99985,0.99967,0.99993
"U(0.01,0.1), eps=1e-06",0.01,0.1,1e-06,reverse_eng,924232477633,0.99985,0.99967,0.99993
"U(0.01,0.1), eps=1e-06",0.01,0.1,1e-06,reverse_eng,1114857764883,0.99985,0.99967,0.99993
"U(0.01,0.1), eps=1e-06",0.01,0.1,1e-06,reverse_eng,1344800000000,0.99985,0.99967,0.99993
"U(0.01,0.1), eps=1e-06",0.01,0.1,1e-06,binary_risk,896533333,0.27632,0.27196,0.28072
"U(0.01,0.1), eps=1e-06",0.01,0.1,1e-06,binary_risk,1081445601,0.30245,0.29797,0.30697
"U(0.01,0.1), eps=1e-06",0.01,0.1,1e-06,binary_risk,1304496493,0.32648,0.3219,0.33109
"U(0.01,0.1), eps=1e-06",0.01,0.1,1e-06,binary_risk,1573552196,0.35297,0.3483,0.35767
"U(0.01,0.1), eps=1e-06",0.01,0.1,1e-06,binary_risk,1898101319,0.3868,0.38204,0.39158
"U(0.01,0.1), eps=1e-06",0.01,0.1,1e-06,binary_risk,2289589519,0.414,0.40918,0.41883
"U(0.01,0.1), eps=1e-06",0.01,0.1,1e-06,binary_risk,2761823151,0.45765,0.45277,0.46254
"U(0.01,0.1), eps=1e-06",0.01,0.1,1e-06,binary_risk,3331456165,0.4934,0.4885,0.4983
"U(0.01,0.1), eps=1e-06",0.01,0.1,1e-06,binary_risk,4018577429,0.53578,0.53089,0.54066
"U(0.01,0.1), eps=1e-06",0.01,0.1,1e-06,binary_risk,4847419193,0.57452,0.56967,0.57936
"U(0.01,0.1), eps=1e-06",0.01,0.1,1e-06,binary_risk,5847211667,0.617,0.61223,0.62175
"U(0.01,0.1), eps=1e-06",0.01,0.1,1e-06,binary_risk,7053213870,0.6567,0.65203,0.66134
"U(0.01,0.1), eps=1e-06",0.01,0.1,1e-06,binary_risk,8507957079,0.69685,0.69233,0.70134
"U(0.01,0.1), eps=1e-06",0.01,0.1,1e-06,binary_risk,10262744755,0.73623,0.73189,0.74053
"U(0.01,0.1), eps=1e-06",0.01,0.1,1e-06,binary_risk,12379461831,0.7741,0.76998,0.77817
"U(0.01,0.1), eps=1e-06",0.01,0.1,1e-06,binary_risk,14932757159,0.81207,0.80821,0.81587
"U(0.01,0.1), eps=1e-06",0.01,0.1,1e-06,binary_risk,18012676110,0.84695,0.84339,0.85044
"U(0.01,0.1), eps=1e-06",0.01,0.1,1e-06,binary_risk,21727836139,0.8781,0.87486,0.88127
"U(0.01,0.1), eps=1e-06",0.01,0.1,1e-06,binary_risk,26209257324,0.90758,0.9047,0.91038
"U(0.01,0.1), eps=1e-06",0.01,0.1,1e-06,binary_risk,31614982969,0.93068,0.92815,0.93313
"U(0.01,0.1), eps=1e-06",0.01,0.1,1e-06,binary_risk,38135653207,0.95078,0.94862,0.95286
"U(0.01,0.1), eps=1e-06",0.01,0.1,1e-06,binary_risk,46001228182,0.96708,0.96529,0.96878
"U(0.01,0.1), eps=1e-06",0.01,0.1,1e-06,binary_risk,55489097899,0.97875,0.97729,0.98012
"U(0.01,0.1), eps=1e-06",0.01,0.1,1e-06,binary_risk,66933864754,0.9866,0.98543,0.98768
"U(0.01,0.1), eps=1e-06",0.01,0.1,1e-06,binary_risk,80739143733,0.99287,0.992,0.99365
"U(0.01,0.1), eps=1e-06",0.01,0.1,1e-06,binary_risk,97391796436,0.9963,0.99566,0.99685
"U(0.01,0.1), eps=1e-06",0.01,0.1,1e-06,binary_risk,117479100897,0.99828,0.99782,0.99864
"U(0.01,0.1), eps=1e-06",0.01,0.1,1e-06,binary_risk,141709462734,0.9992,0.99887,0.99943
"U(0.01,0.1), eps=1e-06",0.01,0.1,1e-06,binary_risk,170937398014,0.99887,0.99849,0.99915
"U(0.01,0.1), eps=1e-06",0.01,0.1,1e-06,binary_risk,206193668906,0.9987,0.9983,0.99901
"U(0.01,0.1), eps=1e-06",0.01,0.1,1e-06,binary_risk,248721634884,0.99975,0.99954,0.99986
"U(0.01,0.1), eps=1e-06",0.01,0.1,1e-06,binary_risk,300021101460,0.99987,0.9997,0.99994
"U(0.01,0.1), eps=1e-06",0.01,0.1,1e-06,binary_risk,361901212829,0.9999,0.99974,0.99996
"U(0.01,0.1), eps=1e-06",0.01,0.1,1e-06,binary_risk,436544253753,1.0,0.9999,1.0
"U(0.01,0.1), eps=1e-06",0.01,0.1,1e-06,binary_risk,526582610750,0.99997,0.99985,0.99999
"U(0.01,0.1), eps=1e-06",0.01,0.1,1e-06,binary_risk,635191606717,1.0,0.9999,1.0
"U(0.01,0.1), eps=1e-06",0.01,0.1,1e-06,binary_risk,766201482932,1.0,0.9999,1.0
"U(0.01,0.1), eps=1e-06",0.01,0.1,1e-06,binary_risk,924232477633,1.0,0.9999,1.0
"U(0.01,0.1), eps=1e-06",0.01,0.1,1e-06,binary_risk,1114857764883,1.0,0.9999,1.0
"U(0.01,0.1), eps=1e-06",0.01,0.1,1e-06,binary_risk,1344800000000,1.0,0.9999,1.0
"U(0.01,0.1), eps=1e-06",0.01,0.1,1e-06,reverse_eng_risk,896533333,0.27703,0.27267,0.28144
"U(0.01,0.1), eps=1e-06",0.01,0.1,1e-06,reverse_eng_risk,1081445601,0.30278,0.2983,0.3073
"U(0.01,0.1), eps=1e-06",0.01,0.1,1e-06,reverse_eng_risk,1304496493,0.32932,0.32473,0.33394
"U(0.01,0.1), eps=1e-06",0.01,0.1,1e-06,reverse_eng_risk,1573552196,0.36055,0.35586,0.36527
"U(0.01,0.1), eps=1e-06",0.01,0.1,1e-06,reverse_eng_risk,1898101319,0.39148,0.38671,0.39627
"U(0.01,0.1), eps=1e-06",0.01,0.1,1e-06,reverse_eng_risk,2289589519,0.4244,0.41956,0.42925
"U(0.01,0.1), eps=1e-06",0.01,0.1,1e-06,reverse_eng_risk,2761823151,0.45995,0.45507,0.46484
"U(0.01,0.1), eps=1e-06",0.01,0.1,1e-06,reverse_eng_risk,3331456165,0.4979,0.493,0.5028
"U(0.01,0.1), eps=1e-06",0.01,0.1,1e-06,reverse_eng_risk,4018577429,0.53645,0.53156,0.54133
"U(0.01,0.1), eps=1e-06",0.01,0.1,1e-06,reverse_eng_risk,4847419193,0.57557,0.57072,0.58041
"U(0.01,0.1), eps=1e-06",0.01,0.1,1e-06,reverse_eng_risk,5847211667,0.6171,0.61233,0.62185
"U(0.01,0.1), eps=1e-06",0.01,0.1,1e-06,reverse_eng_risk,7053213870,0.65002,0.64533,0.65468
"U(0.01,0.1), eps=1e-06",0.01,0.1,1e-06,reverse_eng_risk,8507957079,0.69955,0.69504,0.70402
"U(0.01,0.1), eps=1e-06",0.01,0.1,1e-06,reverse_eng_risk,10262744755,0.73875,0.73442,0.74303
"U(0.01,0.1), eps=1e-06",0.01,0.1,1e-06,reverse_eng_risk,12379461831,0.7773,0.7732,0.78135
"U(0.01,0.1), eps=1e-06",0.01,0.1,1e-06,reverse_eng_risk,14932757159,0.80868,0.8048,0.8125
"U(0.01,0.1), eps=1e-06",0.01,0.1,1e-06,reverse_eng_risk,18012676110,0.84835,0.8448,0.85183
"U(0.01,0.1), eps=1e-06",0.01,0.1,1e-06,reverse_eng_risk,21727836139,0.87915,0.87592,0.88231
"U(0.01,0.1), eps=1e-06",0.01,0.1,1e-06,reverse_eng_risk,26209257324,0.90353,0.9006,0.90638
"U(0.01,0.1), eps=1e-06",0.01,0.1,1e-06,reverse_eng_risk,31614982969,0.92922,0.92667,0.93169
"U(0.01,0.1), eps=1e-06",0.01,0.1,1e-06,reverse_eng_risk,38135653207,0.94885,0.94665,0.95097
"U(0.01,0.1), eps=1e-06",0.01,0.1,1e-06,reverse_eng_risk,46001228182,0.96525,0.96341,0.967
"U(0.01,0.1), eps=1e-06",0.01,0.1,1e-06,reverse_eng_risk,55489097899,0.9782,0.97672,0.97959
"U(0.01,0.1), eps=1e-06",0.01,0.1,1e-06,reverse_eng_risk,66933864754,0.9871,0.98595,0.98816
"U(0.01,0.1), eps=1e-06",0.01,0.1,1e-06,reverse_eng_risk,80739143733,0.99282,0.99194,0.9936
"U(0.01,0.1), eps=1e-06",0.01,0.1,1e-06,reverse_eng_risk,97391796436,0.99667,0.99606,0.99719
"U(0.01,0.1), eps=1e-06",0.01,0.1,1e-06,reverse_eng_risk,117479100897,0.99825,0.99779,0.99861
"U(0.01,0.1), eps=1e-06",0.01,0.1,1e-06,reverse_eng_risk,141709462734,0.99915,0.99881,0.99939
"U(0.01,0.1), eps=1e-06",0.01,0.1,1e-06,reverse_eng_risk,170937398014,0.99962,0.99938,0.99977
"U(0.01,0.1), eps=1e-06",0.01,0.1,1e-06,reverse_eng_risk,206193668906,0.99982,0.99963,0.99991
"U(0.01,0.1), eps=1e-06",0.01,0.1,1e-06,reverse_eng_risk,248721634884,0.99992,0.99977,0.99997
"U(0.01,0.1), eps=1e-06",0.01,0.1,1e-06,reverse_eng_risk,300021101460,0.99995,0.99982,0.99999
"U(0.01,0.1), eps=1e-06",0.01,0.1,1e-06,reverse_eng_risk,361901212829,0.99997,0.99985,0.99999
"U(0.01,0.1), eps=1e-06",0.01,0.1,1e-06,reverse_eng_risk,436544253753,1.0,0.9999,1.0
"U(0.01,0.1), eps=1e-06",0.01,0.1,1e-06,reverse_eng_risk,526582610750,1.0,0.9999,1.0
"U(0.01,0.1), eps=1e-06",0.01,0.1,1e-06,reverse_eng_risk,635191606717,1.0,0.9999,1.0
"U(0.01,0.1), eps=1e-06",0.01,0.1,1e-06,reverse_eng_risk,766201482932,1.0,0.9999,1.0
"U(0.01,0.1), eps=1e-06",0.01,0.1,1e-06,reverse_eng_risk,924232477633,1.0,0.9999,1.0
"U(0.01,0.1), eps=1e-06",0.01,0.1,1e-06,reverse_eng_risk,1114857764883,1.0,0.9999,1.0
"U(0.01,0.1), eps=1e-06",0.01,0.1,1e-06,reverse_eng_risk,1344800000000,1.0,0.9999,1.0
"U(0.001,0.01), eps=1e-06",0.001,0.01,1e-06,brute,85656050,0.1844,0.18063,0.18823
"U(0.001,0.01), eps=1e-06",0.001,0.01,1e-06,brute,103322828,0.20217,0.19826,0.20613
"U(0.001,0.01), eps=1e-06",0.001,0.01,1e-06,brute,124633422,0.22207,0.21802,0.22617
"U(0.001,0.01), eps=1e-06",0.001,0.01,1e-06,brute,150339381,0.24268,0.2385,0.24691
"U(0.001,0.01), eps=1e-06",0.001,0.01,1e-06,brute,181347259,0.26525,0.26095,0.2696
"U(0.001,0.01), eps=1e-06",0.001,0.01,1e-06,brute,218750591,0.29128,0.28685,0.29575
"U(0.001,0.01), eps=1e-06",0.001,0.01,1e-06,brute,263868453,0.31767,0.31313,0.32225
"U(0.001,0.01), eps=1e-06",0.001,0.01,1e-06,brute,318291990,0.34603,0.34138,0.35071
"U(0.001,0.01), eps=1e-06",0.001,0.01,1e-06,brute,383940518,0.37735,0.37261,0.38211
"U(0.001,0.01), eps=1e-06",0.001,0.01,1e-06,brute,463129222,0.41115,0.40634,0.41598
"U(0.001,0.01), eps=1e-06",0.001,0.01,1e-06,brute,558650796,0.4473,0.44243,0.45218
"U(0.001,0.01), eps=1e-06",0.001,0.01,1e-06,brute,673873936,0.4852,0.4803,0.4901
"U(0.001,0.01), eps=1e-06",0.001,0.01,1e-06,brute,812862141,0.52565,0.52075,0.53054
"U(0.001,0.01), eps=1e-06",0.001,0.01,1e-06,brute,980517014,0.56658,0.56172,0.57143
"U(0.001,0.01), eps=1e-06",0.001,0.01,1e-06,brute,1182751130,0.61135,0.60656,0.61612
"U(0.001,0.01), eps=1e-06",0.001,0.01,1e-06,brute,1426696543,0.65848,0.65382,0.66311
"U(0.001,0.01), eps=1e-06",0.001,0.01,1e-06,brute,1720956316,0.70352,0.69903,0.70798
"U(0.001,0.01), eps=1e-06",0.001,0.01,1e-06,brute,2075907911,0.74775,0.74347,0.75198
"U(0.001,0.01), eps=1e-06",0.001,0.01,1e-06,brute,2504069171,0.79283,0.78883,0.79677
"U(0.001,0.01), eps=1e-06",0.001,0.01,1e-06,brute,3020539774,0.83373,0.83005,0.83735
"U(0.001,0.01), eps=1e-06",0.001,0.01,1e-06,brute,3643533745,0.87123,0.86791,0.87448
"U(0.001,0.01), eps=1e-06",0.001,0.01,1e-06,brute,4395021800,0.90405,0.90112,0.9069
"U(0.001,0.01), eps=1e-06",0.001,0.01,1e-06,brute,5301506168,0.9327,0.9302,0.93511
"U(0.001,0.01), eps=1e-06",0.001,0.01,1e-06,brute,6394955231,0.95425,0.95216,0.95625
"U(0.001,0.01), eps=1e-06",0.001,0.01,1e-06,brute,7713930929,0.97157,0.9699,0.97315
"U(0.001,0.01), eps=1e-06",0.001,0.01,1e-06,brute,9304948704,0.98365,0.98236,0.98485
"U(0.001,0.01), eps=1e-06",0.001,0.01,1e-06,brute,11224117920,0.99228,0.99137,0.99309
"U(0.001,0.01), eps=1e-06",0.001,0.01,1e-06,brute,13539120643,0.99672,0.99611,0.99723
"U(0.001,0.01), eps=1e-06",0.001,0.01,1e-06,brute,16331598536,0.9987,0.9983,0.99901
"U(0.001,0.01), eps=1e-06",0.001,0.01,1e-06,brute,19700032061,0.99967,0.99944,0.99981
"U(0.001,0.01), eps=1e-06",0.001,0.01,1e-06,brute,23763213523,0.9999,0.99974,0.99996
"U(0.001,0.01), eps=1e-06",0.001,0.01,1e-06,brute,28664436445,0.99997,0.99985,0.99999
"U(0.001,0.01), eps=1e-06",0.001,0.01,1e-06,brute,34576548996,1.0,0.9999,1.0
"U(0.001,0.01), eps=1e-06",0.001,0.01,1e-06,brute,41708049721,1.0,0.9999,1.0
"U(0.001,0.01), eps=1e-06",0.001,0.01,1e-06,brute,50310440517,1.0,0.9999,1.0
"U(0.001,0.01), eps=1e-06",0.001,0.01,1e-06,brute,60687096183,1.0,0.9999,1.0
"U(0.001,0.01), eps=1e-06",0.001,0.01,1e-06,brute,73203963337,1.0,0.9999,1.0
"U(0.001,0.01), eps=1e-06",0.001,0.01,1e-06,brute,88302466015,1.0,0.9999,1.0
"U(0.001,0.01), eps=1e-06",0.001,0.01,1e-06,brute,106515073078,1.0,0.9999,1.0
"U(0.001,0.01), eps=1e-06",0.001,0.01,1e-06,brute,128484076433,1.0,0.9999,1.0
"U(0.001,0.01), eps=1e-06",0.001,0.01,1e-06,separable,85656050,0.0147,0.01357,0.01593
"U(0.001,0.01), eps=1e-06",0.001,0.01,1e-06,separable,103322828,0.01655,0.01535,0.01785
"U(0.001,0.01), eps=1e-06",0.001,0.01,1e-06,separable,124633422,0.01845,0.01718,0.01982
"U(0.001,0.01), eps=1e-06",0.001,0.01,1e-06,separable,150339381,0.02028,0.01894,0.02171
"U(0.001,0.01), eps=1e-06",0.001,0.01,1e-06,separable,181347259,0.02252,0.02111,0.02402
"U(0.001,0.01), eps=1e-06",0.001,0.01,1e-06,separable,218750591,0.0251,0.02361,0.02668
"U(0.001,0.01), eps=1e-06",0.001,0.01,1e-06,separable,263868453,0.02662,0.02509,0.02824
"U(0.001,0.01), eps=1e-06",0.001,0.01,1e-06,separable,318291990,0.02948,0.02787,0.03118
"U(0.001,0.01), eps=1e-06",0.001,0.01,1e-06,separable,383940518,0.03245,0.03076,0.03423
"U(0.001,0.01), eps=1e-06",0.001,0.01,1e-06,separable,463129222,0.03478,0.03303,0.03662
"U(0.001,0.01), eps=1e-06",0.001,0.01,1e-06,separable,558650796,0.03823,0.03639,0.04015
"U(0.001,0.01), eps=1e-06",0.001,0.01,1e-06,separable,673873936,0.04238,0.04045,0.0444
"U(0.001,0.01), eps=1e-06",0.001,0.01,1e-06,separable,812862141,0.04668,0.04466,0.04879
"U(0.001,0.01), eps=1e-06",0.001,0.01,1e-06,separable,980517014,0.05097,0.04886,0.05317
"U(0.001,0.01), eps=1e-06",0.001,0.01,1e-06,separable,1182751130,0.05597,0.05376,0.05827
"U(0.001,0.01), eps=1e-06",0.001,0.01,1e-06,separable,1426696543,0.06193,0.05961,0.06433
"U(0.001,0.01), eps=1e-06",0.001,0.01,1e-06,separable,1720956316,0.0676,0.06518,0.0701
"U(0.001,0.01), eps=1e-06",0.001,0.01,1e-06,separable,2075907911,0.07427,0.07174,0.07688
"U(0.001,0.01), eps=1e-06",0.001,0.01,1e-06,separable,2504069171,0.08205,0.0794,0.08478
"U(0.001,0.01), eps=1e-06",0.001,0.01,1e-06,separable,3020539774,0.0899,0.08714,0.09274
"U(0.001,0.01), eps=1e-06",0.001,0.01,1e-06,separable,3643533745,0.0986,0.09572,0.10156
"U(0.001,0.01), eps=1e-06",0.001,0.01,1e-06,separable,4395021800,0.10862,0.10561,0.11171
"U(0.001,0.01), eps=1e-06",0.001,0.01,1e-06,separable,5301506168,0.1187,0.11557,0.12191
"U(0.001,0.01), eps=1e-06",0.001,0.01,1e-06,separable,6394955231,0.13003,0.12677,0.13336
"U(0.001,0.01), eps=1e-06",0.001,0.01,1e-06,separable,7713930929,0.14192,0.13853,0.14537
"U(0.001,0.01), eps=1e-06",0.001,0.01,1e-06,separable,9304948704,0.15502,0.15151,0.1586
"U(0.001,0.01), eps=1e-06",0.001,0.01,1e-06,separable,11224117920,0.16972,0.16607,0.17343
"U(0.001,0.01), eps=1e-06",0.001,0.01,1e-06,separable,13539120643,0.1858,0.18202,0.18964
"U(0.001,0.01), eps=1e-06",0.001,0.01,1e-06,separable,16331598536,0.20335,0.19943,0.20732
"U(0.001,0.01), eps=1e-06",0.001,0.01,1e-06,separable,19700032061,0.22305,0.219,0.22716
"U(0.001,0.01), eps=1e-06",0.001,0.01,1e-06,separable,23763213523,0.2439,0.23972,0.24813
"U(0.001,0.01), eps=1e-06",0.001,0.01,1e-06,separable,28664436445,0.26637,0.26206,0.27072
"U(0.001,0.01), eps=1e-06",0.001,0.01,1e-06,separable,34576548996,0.29307,0.28863,0.29755
"U(0.001,0.01), eps=1e-06",0.001,0.01,1e-06,separable,41708049721,0.31867,0.31412,0.32325
"U(0.001,0.01), eps=1e-06",0.001,0.01,1e-06,separable,50310440517,0.34742,0.34277,0.3521
"U(0.001,0.01), eps=1e-06",0.001,0.01,1e-06,separable,60687096183,0.37867,0.37393,0.38343
"U(0.001,0.01), eps=1e-06",0.001,0.01,1e-06,separable,73203963337,0.41247,0.40765,0.4173
"U(0.001,0.01), eps=1e-06",0.001,0.01,1e-06,separable,88302466015,0.4487,0.44383,0.45358
"U(0.001,0.01), eps=1e-06",0.001,0.01,1e-06,separable,106515073078,0.4876,0.4827,0.4925
"U(0.001,0.01), eps=1e-06",0.001,0.01,1e-06,separable,128484076433,0.527,0.5221,0.53189
"U(0.001,0.01), eps=1e-06",0.001,0.01,1e-06,linear,85656050,0.22462,0.22056,0.22874
"U(0.001,0.01), eps=1e-06",0.001,0.01,1e-06,linear,103322828,0.25295,0.24871,0.25723
"U(0.001,0.01), eps=1e-06",0.001,0.01,1e-06,linear,124633422,0.27103,0.2667,0.27541
"U(0.001,0.01), eps=1e-06",0.001,0.01,1e-06,linear,150339381,0.30202,0.29754,0.30654
"U(0.001,0.01), eps=1e-06",0.001,0.01,1e-06,linear,181347259,0.31977,0.31522,0.32436
"U(0.001,0.01), eps=1e-06",0.001,0.01,1e-06,linear,218750591,0.3524,0.34773,0.3571
"U(0.001,0.01), eps=1e-06",0.001,0.01,1e-06,linear,263868453,0.38603,0.38127,0.39081
"U(0.001,0.01), eps=1e-06",0.001,0.01,1e-06,linear,318291990,0.42967,0.42483,0.43453
"U(0.001,0.01), eps=1e-06",0.001,0.01,1e-06,linear,383940518,0.46542,0.46054,0.47031
"U(0.001,0.01), eps=1e-06",0.001,0.01,1e-06,linear,463129222,0.4986,0.4937,0.5035
"U(0.001,0.01), eps=1e-06",0.001,0.01,1e-06,linear,558650796,0.54535,0.54047,0.55023
"U(0.001,0.01), eps=1e-06",0.001,0.01,1e-06,linear,673873936,0.58093,0.57609,0.58576
"U(0.001,0.01), eps=1e-06",0.001,0.01,1e-06,linear,812862141,0.62675,0.622,0.63148
"U(0.001,0.01), eps=1e-06",0.001,0.01,1e-06,linear,980517014,0.66995,0.66533,0.67454
"U(0.001,0.01), eps=1e-06",0.001,0.01,1e-06,linear,1182751130,0.7075,0.70302,0.71194
"U(0.001,0.01), eps=1e-06",0.001,0.01,1e-06,linear,1426696543,0.75143,0.74717,0.75564
"U(0.001,0.01), eps=1e-06",0.001,0.01,1e-06,linear,1720956316,0.7932,0.7892,0.79714
"U(0.001,0.01), eps=1e-06",0.001,0.01,1e-06,linear,2075907911,0.83295,0.82926,0.83657
"U(0.001,0.01), eps=1e-06",0.001,0.01,1e-06,linear,2504069171,0.87038,0.86705,0.87364
"U(0.001,0.01), eps=1e-06",0.001,0.01,1e-06,linear,3020539774,0.90092,0.89795,0.90381
"U(0.001,0.01), eps=1e-06",0.001,0.01,1e-06,linear,3643533745,0.93105,0.92853,0.93349
"U(0.001,0.01), eps=1e-06",0.001,0.01,1e-06,linear,4395021800,0.95083,0.94867,0.95291
"U(0.001,0.01), eps=1e-06",0.001,0.01,1e-06,linear,5301506168,0.968,0.96623,0.96968
"U(0.001,0.01), eps=1e-06",0.001,0.01,1e-06,linear,6394955231,0.98103,0.97965,0.98232
"U(0.001,0.01), eps=1e-06",0.001,0.01,1e-06,linear,7713930929,0.98845,0.98735,0.98945
"U(0.001,0.01), eps=1e-06",0.001,0.01,1e-06,linear,9304948704,0.99198,0.99106,0.99281
"U(0.001,0.01), eps=1e-06",0.001,0.01,1e-06,linear,11224117920,0.9955,0.99479,0.99611
"U(0.001,0.01), eps=1e-06",0.001,0.01,1e-06,linear,13539120643,0.99813,0.99766,0.99851
"U(0.001,0.01), eps=1e-06",0.001,0.01,1e-06,linear,16331598536,0.9986,0.99818,0.99892
"U(0.001,0.01), eps=1e-06",0.001,0.01,1e-06,linear,19700032061,0.99905,0.9987,0.99931
"U(0.001,0.01), eps=1e-06",0.001,0.01,1e-06,linear,23763213523,0.99933,0.99902,0.99954
"U(0.001,0.01), eps=1e-06",0.001,0.01,1e-06,linear,28664436445,0.99938,0.99908,0.99958
"U(0.001,0.01), eps=1e-06",0.001,0.01,1e-06,linear,34576548996,0.99938,0.99908,0.99958
"U(0.001,0.01), eps=1e-06",0.001,0.01,1e-06,linear,41708049721,0.99938,0.99908,0.99958
"U(0.001,0.01), eps=1e-06",0.001,0.01,1e-06,linear,50310440517,0.99938,0.99908,0.99958
"U(0.001,0.01), eps=1e-06",0.001,0.01,1e-06,linear,60687096183,0.99938,0.99908,0.99958
"U(0.001,0.01), eps=1e-06",0.001,0.01,1e-06,linear,73203963337,0.99938,0.99908,0.99958
"U(0.001,0.01), eps=1e-06",0.001,0.01,1e-06,linear,88302466015,0.99938,0.99908,0.99958
"U(0.001,0.01), eps=1e-06",0.001,0.01,1e-06,linear,106515073078,0.99938,0.99908,0.99958
"U(0.001,0.01), eps=1e-06",0.001,0.01,1e-06,linear,128484076433,0.99938,0.99908,0.99958
"U(0.001,0.01), eps=1e-06",0.001,0.01,1e-06,binary,85656050,0.21952,0.21549,0.2236
"U(0.001,0.01), eps=1e-06",0.001,0.01,1e-06,binary,103322828,0.23963,0.23547,0.24384
"U(0.001,0.01), eps=1e-06",0.001,0.01,1e-06,binary,124633422,0.26527,0.26097,0.26962
"U(0.001,0.01), eps=1e-06",0.001,0.01,1e-06,binary,150339381,0.29152,0.28709,0.29599
"U(0.001,0.01), eps=1e-06",0.001,0.01,1e-06,binary,181347259,0.32027,0.31572,0.32486
"U(0.001,0.01), eps=1e-06",0.001,0.01,1e-06,binary,218750591,0.35195,0.34728,0.35664
"U(0.001,0.01), eps=1e-06",0.001,0.01,1e-06,binary,263868453,0.3868,0.38204,0.39158
"U(0.001,0.01), eps=1e-06",0.001,0.01,1e-06,binary,318291990,0.42165,0.41682,0.4265
"U(0.001,0.01), eps=1e-06",0.001,0.01,1e-06,binary,383940518,0.45968,0.4548,0.46457
"U(0.001,0.01), eps=1e-06",0.001,0.01,1e-06,binary,463129222,0.49838,0.49348,0.50328
"U(0.001,0.01), eps=1e-06",0.001,0.01,1e-06,binary,558650796,0.53807,0.53318,0.54295
"U(0.001,0.01), eps=1e-06",0.001,0.01,1e-06,binary,673873936,0.57937,0.57452,0.5842
"U(0.001,0.01), eps=1e-06",0.001,0.01,1e-06,binary,812862141,0.62095,0.61618,0.62569
"U(0.001,0.01), eps=1e-06",0.001,0.01,1e-06,binary,980517014,0.66363,0.65898,0.66824
"U(0.001,0.01), eps=1e-06",0.001,0.01,1e-06,binary,1182751130,0.7157,0.71126,0.7201
"U(0.001,0.01), eps=1e-06",0.001,0.01,1e-06,binary,1426696543,0.75365,0.7494,0.75785
"U(0.001,0.01), eps=1e-06",0.001,0.01,1e-06,binary,1720956316,0.79568,0.7917,0.7996
"U(0.001,0.01), eps=1e-06",0.001,0.01,1e-06,binary,2075907911,0.83435,0.83067,0.83796
"U(0.001,0.01), eps=1e-06",0.001,0.01,1e-06,binary,2504069171,0.87187,0.86856,0.87511
"U(0.001,0.01), eps=1e-06",0.001,0.01,1e-06,binary,3020539774,0.90285,0.89991,0.90571
"U(0.001,0.01), eps=1e-06",0.001,0.01,1e-06,binary,3643533745,0.92775,0.92517,0.93025
"U(0.001,0.01), eps=1e-06",0.001,0.01,1e-06,binary,4395021800,0.94935,0.94716,0.95146
"U(0.001,0.01), eps=1e-06",0.001,0.01,1e-06,binary,5301506168,0.96642,0.96461,0.96814
"U(0.001,0.01), eps=1e-06",0.001,0.01,1e-06,binary,6394955231,0.97442,0.97283,0.97592
"U(0.001,0.01), eps=1e-06",0.001,0.01,1e-06,binary,7713930929,0.98487,0.98363,0.98602
"U(0.001,0.01), eps=1e-06",0.001,0.01,1e-06,binary,9304948704,0.99128,0.99032,0.99215
"U(0.001,0.01), eps=1e-06",0.001,0.01,1e-06,binary,11224117920,0.99492,0.99417,0.99557
"U(0.001,0.01), eps=1e-06",0.001,0.01,1e-06,binary,13539120643,0.99865,0.99824,0.99897
"U(0.001,0.01), eps=1e-06",0.001,0.01,1e-06,binary,16331598536,0.99965,0.99941,0.99979
"U(0.001,0.01), eps=1e-06",0.001,0.01,1e-06,binary,19700032061,0.9996,0.99935,0.99975
"U(0.001,0.01), eps=1e-06",0.001,0.01,1e-06,binary,23763213523,0.9998,0.99961,0.9999
"U(0.001,0.01), eps=1e-06",0.001,0.01,1e-06,binary,28664436445,0.99987,0.9997,0.99994
"U(0.001,0.01), eps=1e-06",0.001,0.01,1e-06,binary,34576548996,0.99987,0.9997,0.99994
"U(0.001,0.01), eps=1e-06",0.001,0.01,1e-06,binary,41708049721,0.99987,0.9997,0.99994
"U(0.001,0.01), eps=1e-06",0.001,0.01,1e-06,binary,50310440517,0.99987,0.9997,0.99994
"U(0.001,0.01), eps=1e-06",0.001,0.01,1e-06,binary,60687096183,0.99987,0.9997,0.99994
"U(0.001,0.01), eps=1e-06",0.001,0.01,1e-06,binary,73203963337,0.99987,0.9997,0.99994
"U(0.001,0.01), eps=1e-06",0.001,0.01,1e-06,binary,88302466015,0.99987,0.9997,0.99994
"U(0.001,0.01), eps=1e-06",0.001,0.01,1e-06,binary,106515073078,0.99987,0.9997,0.99994
"U(0.001,0.01), eps=1e-06",0.001,0.01,1e-06,binary,128484076433,0.99987,0.9997,0.99994
"U(0.001,0.01), eps=1e-06",0.001,0.01,1e-06,reverse_eng,85656050,0.26508,0.26078,0.26943
"U(0.001,0.01), eps=1e-06",0.001,0.01,1e-06,reverse_eng,103322828,0.28818,0.28376,0.29264
"U(0.001,0.01), eps=1e-06",0.001,0.01,1e-06,reverse_eng,124633422,0.31893,0.31438,0.32351
"U(0.001,0.01), eps=1e-06",0.001,0.01,1e-06,reverse_eng,150339381,0.34597,0.34132,0.35065
"U(0.001,0.01), eps=1e-06",0.001,0.01,1e-06,reverse_eng,181347259,0.3785,0.37376,0.38326
"U(0.001,0.01), eps=1e-06",0.001,0.01,1e-06,reverse_eng,218750591,0.40927,0.40446,0.4141
"U(0.001,0.01), eps=1e-06",0.001,0.01,1e-06,reverse_eng,263868453,0.4447,0.43984,0.44957
"U(0.001,0.01), eps=1e-06",0.001,0.01,1e-06,reverse_eng,318291990,0.4812,0.47631,0.4861
"U(0.001,0.01), eps=1e-06",0.001,0.01,1e-06,reverse_eng,383940518,0.51943,0.51453,0.52432
"U(0.001,0.01), eps=1e-06",0.001,0.01,1e-06,reverse_eng,463129222,0.55912,0.55425,0.56398
"U(0.001,0.01), eps=1e-06",0.001,0.01,1e-06,reverse_eng,558650796,0.5986,0.59379,0.60339
"U(0.001,0.01), eps=1e-06",0.001,0.01,1e-06,reverse_eng,673873936,0.63945,0.63473,0.64414
"U(0.001,0.01), eps=1e-06",0.001,0.01,1e-06,reverse_eng,812862141,0.6866,0.68204,0.69113
"U(0.001,0.01), eps=1e-06",0.001,0.01,1e-06,reverse_eng,980517014,0.72218,0.71777,0.72655
"U(0.001,0.01), eps=1e-06",0.001,0.01,1e-06,reverse_eng,1182751130,0.7599,0.75569,0.76406
"U(0.001,0.01), eps=1e-06",0.001,0.01,1e-06,reverse_eng,1426696543,0.79925,0.7953,0.80315
"U(0.001,0.01), eps=1e-06",0.001,0.01,1e-06,reverse_eng,1720956316,0.8391,0.83547,0.84267
"U(0.001,0.01), eps=1e-06",0.001,0.01,1e-06,reverse_eng,2075907911,0.87113,0.86781,0.87438
"U(0.001,0.01), eps=1e-06",0.001,0.01,1e-06,reverse_eng,2504069171,0.90117,0.89821,0.90406
"U(0.001,0.01), eps=1e-06",0.001,0.01,1e-06,reverse_eng,3020539774,0.92215,0.91948,0.92474
"U(0.001,0.01), eps=1e-06",0.001,0.01,1e-06,reverse_eng,3643533745,0.9433,0.94099,0.94552
"U(0.001,0.01), eps=1e-06",0.001,0.01,1e-06,reverse_eng,4395021800,0.96135,0.95942,0.9632
"U(0.001,0.01), eps=1e-06",0.001,0.01,1e-06,reverse_eng,5301506168,0.97677,0.97525,0.9782
"U(0.001,0.01), eps=1e-06",0.001,0.01,1e-06,reverse_eng,6394955231,0.98493,0.98369,0.98608
"U(0.001,0.01), eps=1e-06",0.001,0.01,1e-06,reverse_eng,7713930929,0.99155,0.9906,0.9924
"U(0.001,0.01), eps=1e-06",0.001,0.01,1e-06,reverse_eng,9304948704,0.99465,0.99389,0.99532
"U(0.001,0.01), eps=1e-06",0.001,0.01,1e-06,reverse_eng,11224117920,0.99803,0.99755,0.99842
"U(0.001,0.01), eps=1e-06",0.001,0.01,1e-06,reverse_eng,13539120643,0.99897,0.9986,0.99924
"U(0.001,0.01), eps=1e-06",0.001,0.01,1e-06,reverse_eng,16331598536,0.99935,0.99905,0.99956
"U(0.001,0.01), eps=1e-06",0.001,0.01,1e-06,reverse_eng,19700032061,0.9995,0.99923,0.99968
"U(0.001,0.01), eps=1e-06",0.001,0.01,1e-06,reverse_eng,23763213523,0.99962,0.99938,0.99977
"U(0.001,0.01), eps=1e-06",0.001,0.01,1e-06,reverse_eng,28664436445,0.99962,0.99938,0.99977
"U(0.001,0.01), eps=1e-06",0.001,0.01,1e-06,reverse_eng,34576548996,0.99962,0.99938,0.99977
"U(0.001,0.01), eps=1e-06",0.001,0.01,1e-06,reverse_eng,41708049721,0.99965,0.99941,0.99979
"U(0.001,0.01), eps=1e-06",0.001,0.01,1e-06,reverse_eng,50310440517,0.99965,0.99941,0.99979
"U(0.001,0.01), eps=1e-06",0.001,0.01,1e-06,reverse_eng,60687096183,0.99965,0.99941,0.99979
"U(0.001,0.01), eps=1e-06",0.001,0.01,1e-06,reverse_eng,73203963337,0.99965,0.99941,0.99979
"U(0.001,0.01), eps=1e-06",0.001,0.01,1e-06,reverse_eng,88302466015,0.99965,0.99941,0.99979
"U(0.001,0.01), eps=1e-06",0.001,0.01,1e-06,reverse_eng,106515073078,0.99965,0.99941,0.99979
"U(0.001,0.01), eps=1e-06",0.001,0.01,1e-06,reverse_eng,128484076433,0.99965,0.99941,0.99979
"U(0.001,0.01), eps=1e-06",0.001,0.01,1e-06,binary_risk,85656050,0.25643,0.25217,0.26073
"U(0.001,0.01), eps=1e-06",0.001,0.01,1e-06,binary_risk,103322828,0.2864,0.28199,0.29085
"U(0.001,0.01), eps=1e-06",0.001,0.01,1e-06,binary_risk,124633422,0.31278,0.30825,0.31734
"U(0.001,0.01), eps=1e-06",0.001,0.01,1e-06,binary_risk,150339381,0.34092,0.33629,0.34558
"U(0.001,0.01), eps=1e-06",0.001,0.01,1e-06,binary_risk,181347259,0.36802,0.36331,0.37276
"U(0.001,0.01), eps=1e-06",0.001,0.01,1e-06,binary_risk,218750591,0.40032,0.39553,0.40513
"U(0.001,0.01), eps=1e-06",0.001,0.01,1e-06,binary_risk,263868453,0.439,0.43414,0.44387
"U(0.001,0.01), eps=1e-06",0.001,0.01,1e-06,binary_risk,318291990,0.47385,0.46896,0.47875
"U(0.001,0.01), eps=1e-06",0.001,0.01,1e-06,binary_risk,383940518,0.51443,0.50953,0.51933
"U(0.001,0.01), eps=1e-06",0.001,0.01,1e-06,binary_risk,463129222,0.55637,0.5515,0.56123
"U(0.001,0.01), eps=1e-06",0.001,0.01,1e-06,binary_risk,558650796,0.59815,0.59334,0.60294
"U(0.001,0.01), eps=1e-06",0.001,0.01,1e-06,binary_risk,673873936,0.64187,0.63716,0.64655
"U(0.001,0.01), eps=1e-06",0.001,0.01,1e-06,binary_risk,812862141,0.68322,0.67864,0.68776
"U(0.001,0.01), eps=1e-06",0.001,0.01,1e-06,binary_risk,980517014,0.72608,0.72169,0.73043
"U(0.001,0.01), eps=1e-06",0.001,0.01,1e-06,binary_risk,1182751130,0.76202,0.75782,0.76617
"U(0.001,0.01), eps=1e-06",0.001,0.01,1e-06,binary_risk,1426696543,0.8059,0.80199,0.80975
"U(0.001,0.01), eps=1e-06",0.001,0.01,1e-06,binary_risk,1720956316,0.83715,0.8335,0.84074
"U(0.001,0.01), eps=1e-06",0.001,0.01,1e-06,binary_risk,2075907911,0.86982,0.86649,0.87308
"U(0.001,0.01), eps=1e-06",0.001,0.01,1e-06,binary_risk,2504069171,0.90068,0.89771,0.90357
"U(0.001,0.01), eps=1e-06",0.001,0.01,1e-06,binary_risk,3020539774,0.92292,0.92027,0.92549
"U(0.001,0.01), eps=1e-06",0.001,0.01,1e-06,binary_risk,3643533745,0.94663,0.94438,0.94879
"U(0.001,0.01), eps=1e-06",0.001,0.01,1e-06,binary_risk,4395021800,0.96055,0.9586,0.96241
"U(0.001,0.01), eps=1e-06",0.001,0.01,1e-06,binary_risk,5301506168,0.97705,0.97554,0.97847
"U(0.001,0.01), eps=1e-06",0.001,0.01,1e-06,binary_risk,6394955231,0.98515,0.98392,0.98629
"U(0.001,0.01), eps=1e-06",0.001,0.01,1e-06,binary_risk,7713930929,0.99185,0.99092,0.99269
"U(0.001,0.01), eps=1e-06",0.001,0.01,1e-06,binary_risk,9304948704,0.99575,0.99506,0.99634
"U(0.001,0.01), eps=1e-06",0.001,0.01,1e-06,binary_risk,11224117920,0.99785,0.99735,0.99826
"U(0.001,0.01), eps=1e-06",0.001,0.01,1e-06,binary_risk,13539120643,0.9989,0.99852,0.99918
"U(0.001,0.01), eps=1e-06",0.001,0.01,1e-06,binary_risk,16331598536,0.99803,0.99755,0.99842
"U(0.001,0.01), eps=1e-06",0.001,0.01,1e-06,binary_risk,19700032061,0.9988,0.99841,0.99909
"U(0.001,0.01), eps=1e-06",0.001,0.01,1e-06,binary_risk,23763213523,0.99938,0.99908,0.99958
"U(0.001,0.01), eps=1e-06",0.001,0.01,1e-06,binary_risk,28664436445,0.99948,0.9992,0.99966
"U(0.001,0.01), eps=1e-06",0.001,0.01,1e-06,binary_risk,34576548996,0.99977,0.99957,0.99988
"U(0.001,0.01), eps=1e-06",0.001,0.01,1e-06,binary_risk,41708049721,0.9999,0.99974,0.99996
"U(0.001,0.01), eps=1e-06",0.001,0.01,1e-06,binary_risk,50310440517,0.99995,0.99982,0.99999
"U(0.001,0.01), eps=1e-06",0.001,0.01,1e-06,binary_risk,60687096183,1.0,0.9999,1.0
"U(0.001,0.01), eps=1e-06",0.001,0.01,1e-06,binary_risk,73203963337,1.0,0.9999,1.0
"U(0.001,0.01), eps=1e-06",0.001,0.01,1e-06,binary_risk,88302466015,1.0,0.9999,1.0
"U(0.001,0.01), eps=1e-06",0.001,0.01,1e-06,binary_risk,106515073078,1.0,0.9999,1.0
"U(0.001,0.01), eps=1e-06",0.001,0.01,1e-06,binary_risk,128484076433,1.0,0.9999,1.0
"U(0.001,0.01), eps=1e-06",0.001,0.01,1e-06,reverse_eng_risk,85656050,0.2652,0.2609,0.26955
"U(0.001,0.01), eps=1e-06",0.001,0.01,1e-06,reverse_eng_risk,103322828,0.29055,0.28612,0.29502
"U(0.001,0.01), eps=1e-06",0.001,0.01,1e-06,reverse_eng_risk,124633422,0.31738,0.31284,0.32196
"U(0.001,0.01), eps=1e-06",0.001,0.01,1e-06,reverse_eng_risk,150339381,0.3503,0.34564,0.35499
"U(0.001,0.01), eps=1e-06",0.001,0.01,1e-06,reverse_eng_risk,181347259,0.3823,0.37755,0.38707
"U(0.001,0.01), eps=1e-06",0.001,0.01,1e-06,reverse_eng_risk,218750591,0.41515,0.41033,0.41999
"U(0.001,0.01), eps=1e-06",0.001,0.01,1e-06,reverse_eng_risk,263868453,0.45195,0.44708,0.45683
"U(0.001,0.01), eps=1e-06",0.001,0.01,1e-06,reverse_eng_risk,318291990,0.48775,0.48285,0.49265
"U(0.001,0.01), eps=1e-06",0.001,0.01,1e-06,reverse_eng_risk,383940518,0.5254,0.5205,0.53029
"U(0.001,0.01), eps=1e-06",0.001,0.01,1e-06,reverse_eng_risk,463129222,0.56532,0.56046,0.57017
"U(0.001,0.01), eps=1e-06",0.001,0.01,1e-06,reverse_eng_risk,558650796,0.6072,0.6024,0.61198
"U(0.001,0.01), eps=1e-06",0.001,0.01,1e-06,reverse_eng_risk,673873936,0.64407,0.63936,0.64875
"U(0.001,0.01), eps=1e-06",0.001,0.01,1e-06,reverse_eng_risk,812862141,0.68532,0.68075,0.68985
"U(0.001,0.01), eps=1e-06",0.001,0.01,1e-06,reverse_eng_risk,980517014,0.72915,0.72477,0.73348
"U(0.001,0.01), eps=1e-06",0.001,0.01,1e-06,reverse_eng_risk,1182751130,0.76985,0.7657,0.77395
"U(0.001,0.01), eps=1e-06",0.001,0.01,1e-06,reverse_eng_risk,1426696543,0.80778,0.80389,0.81161
"U(0.001,0.01), eps=1e-06",0.001,0.01,1e-06,reverse_eng_risk,1720956316,0.8414,0.83779,0.84495
"U(0.001,0.01), eps=1e-06",0.001,0.01,1e-06,reverse_eng_risk,2075907911,0.87308,0.86978,0.87631
"U(0.001,0.01), eps=1e-06",0.001,0.01,1e-06,reverse_eng_risk,2504069171,0.90223,0.89928,0.9051
"U(0.001,0.01), eps=1e-06",0.001,0.01,1e-06,reverse_eng_risk,3020539774,0.92775,0.92517,0.93025
"U(0.001,0.01), eps=1e-06",0.001,0.01,1e-06,reverse_eng_risk,3643533745,0.9483,0.94609,0.95043
"U(0.001,0.01), eps=1e-06",0.001,0.01,1e-06,reverse_eng_risk,4395021800,0.96552,0.96369,0.96726
"U(0.001,0.01), eps=1e-06",0.001,0.01,1e-06,reverse_eng_risk,5301506168,0.97833,0.97686,0.97971
"U(0.001,0.01), eps=1e-06",0.001,0.01,1e-06,reverse_eng_risk,6394955231,0.98705,0.98589,0.98811
"U(0.001,0.01), eps=1e-06",0.001,0.01,1e-06,reverse_eng_risk,7713930929,0.9927,0.99182,0.99349
"U(0.001,0.01), eps=1e-06",0.001,0.01,1e-06,reverse_eng_risk,9304948704,0.9951,0.99437,0.99574
"U(0.001,0.01), eps=1e-06",0.001,0.01,1e-06,reverse_eng_risk,11224117920,0.99818,0.99771,0.99855
"U(0.001,0.01), eps=1e-06",0.001,0.01,1e-06,reverse_eng_risk,13539120643,0.99918,0.99885,0.99942
"U(0.001,0.01), eps=1e-06",0.001,0.01,1e-06,reverse_eng_risk,16331598536,0.99965,0.99941,0.99979
"U(0.001,0.01), eps=1e-06",0.001,0.01,1e-06,reverse_eng_risk,19700032061,0.9998,0.99961,0.9999
"U(0.001,0.01), eps=1e-06",0.001,0.01,1e-06,reverse_eng_risk,23763213523,0.99992,0.99977,0.99997
"U(0.001,0.01), eps=1e-06",0.001,0.01,1e-06,reverse_eng_risk,28664436445,0.99995,0.99982,0.99999
"U(0.001,0.01), eps=1e-06",0.001,0.01,1e-06,reverse_eng_risk,34576548996,0.99997,0.99985,0.99999
"U(0.001,0.01), eps=1e-06",0.001,0.01,1e-06,reverse_eng_risk,41708049721,1.0,0.9999,1.0
"U(0.001,0.01), eps=1e-06",0.001,0.01,1e-06,reverse_eng_risk,50310440517,1.0,0.9999,1.0
"U(0.001,0.01), eps=1e-06",0.001,0.01,1e-06,reverse_eng_risk,60687096183,1.0,0.9999,1.0
"U(0.001,0.01), eps=1e-06",0.001,0.01,1e-06,reverse_eng_risk,73203963337,1.0,0.9999,1.0
"U(0.001,0.01), eps=1e-06",0.001,0.01,1e-06,reverse_eng_risk,88302466015,1.0,0.9999,1.0
"U(0.001,0.01), eps=1e-06",0.001,0.01,1e-06,reverse_eng_risk,106515073078,1.0,0.9999,1.0
"U(0.001,0.01), eps=1e-06",0.001,0.01,1e-06,reverse_eng_risk,128484076433,1.0,0.9999,1.0
"U(0.01,0.1), eps=1e-07",0.01,0.1,1e-07,brute,89653333333,0.18505,0.18127,0.18889
"U(0.01,0.1), eps=1e-07",0.01,0.1,1e-07,brute,108144560197,0.20237,0.19846,0.20634
"U(0.01,0.1), eps=1e-07",0.01,0.1,1e-07,brute,130449649394,0.22177,0.21773,0.22587
"U(0.01,0.1), eps=1e-07",0.01,0.1,1e-07,brute,157355219680,0.24245,0.23828,0.24667
"U(0.01,0.1), eps=1e-07",0.01,0.1,1e-07,brute,189810131921,0.26503,0.26073,0.26938
"U(0.01,0.1), eps=1e-07",0.01,0.1,1e-07,brute,228958951938,0.29178,0.28735,0.29625
"U(0.01,0.1), eps=1e-07",0.01,0.1,1e-07,brute,276182315148,0.31755,0.31301,0.32213
"U(0.01,0.1), eps=1e-07",0.01,0.1,1e-07,brute,333145616517,0.34645,0.3418,0.35113
"U(0.01,0.1), eps=1e-07",0.01,0.1,1e-07,brute,401857742938,0.37722,0.37248,0.38198
"U(0.01,0.1), eps=1e-07",0.01,0.1,1e-07,brute,484741919306,0.41137,0.40656,0.4162
"U(0.01,0.1), eps=1e-07",0.01,0.1,1e-07,brute,584721166785,0.44743,0.44256,0.45231
"U(0.01,0.1), eps=1e-07",0.01,0.1,1e-07,brute,705321387051,0.48575,0.48085,0.49065
"U(0.01,0.1), eps=1e-07",0.01,0.1,1e-07,brute,850795707922,0.52553,0.52063,0.53042
"U(0.01,0.1), eps=1e-07",0.01,0.1,1e-07,brute,1026274475590,0.56707,0.56221,0.57192
"U(0.01,0.1), eps=1e-07",0.01,0.1,1e-07,brute,1237946183132,0.61193,0.60714,0.61669
"U(0.01,0.1), eps=1e-07",0.01,0.1,1e-07,brute,1493275715983,0.65875,0.65409,0.66338
"U(0.01,0.1), eps=1e-07",0.01,0.1,1e-07,brute,1801267611087,0.70362,0.69913,0.70808
"U(0.01,0.1), eps=1e-07",0.01,0.1,1e-07,brute,2172783613919,0.7477,0.74342,0.75193
"U(0.01,0.1), eps=1e-07",0.01,0.1,1e-07,brute,2620925732443,0.79268,0.78868,0.79662
"U(0.01,0.1), eps=1e-07",0.01,0.1,1e-07,brute,3161498296921,0.83403,0.83035,0.83764
"U(0.01,0.1), eps=1e-07",0.01,0.1,1e-07,brute,3813565320723,0.87135,0.86803,0.8746
"U(0.01,0.1), eps=1e-07",0.01,0.1,1e-07,brute,4600122818216,0.90443,0.90151,0.90727
"U(0.01,0.1), eps=1e-07",0.01,0.1,1e-07,brute,5548909789924,0.9331,0.93061,0.93551
"U(0.01,0.1), eps=1e-07",0.01,0.1,1e-07,brute,6693386475420,0.95462,0.95254,0.95662
"U(0.01,0.1), eps=1e-07",0.01,0.1,1e-07,brute,8073914373357,0.9717,0.97003,0.97328
"U(0.01,0.1), eps=1e-07",0.01,0.1,1e-07,brute,9739179643621,0.98377,0.98248,0.98496
"U(0.01,0.1), eps=1e-07",0.01,0.1,1e-07,brute,11747910089773,0.9924,0.9915,0.99321
"U(0.01,0.1), eps=1e-07",0.01,0.1,1e-07,brute,14170946273467,0.99672,0.99611,0.99723
"U(0.01,0.1), eps=1e-07",0.01,0.1,1e-07,brute,17093739801456,0.99875,0.99835,0.99905
"U(0.01,0.1), eps=1e-07",0.01,0.1,1e-07,brute,20619366890621,0.99972,0.9995,0.99984
"U(0.01,0.1), eps=1e-07",0.01,0.1,1e-07,brute,24872163488402,0.99992,0.99977,0.99997
"U(0.01,0.1), eps=1e-07",0.01,0.1,1e-07,brute,30002110146029,1.0,0.9999,1.0
"U(0.01,0.1), eps=1e-07",0.01,0.1,1e-07,brute,36190121282944,1.0,0.9999,1.0
"U(0.01,0.1), eps=1e-07",0.01,0.1,1e-07,brute,43654425375394,1.0,0.9999,1.0
"U(0.01,0.1), eps=1e-07",0.01,0.1,1e-07,brute,52658261075074,1.0,0.9999,1.0
"U(0.01,0.1), eps=1e-07",0.01,0.1,1e-07,brute,63519160671706,1.0,0.9999,1.0
"U(0.01,0.1), eps=1e-07",0.01,0.1,1e-07,brute,76620148293272,1.0,0.9999,1.0
"U(0.01,0.1), eps=1e-07",0.01,0.1,1e-07,brute,92423247763380,1.0,0.9999,1.0
"U(0.01,0.1), eps=1e-07",0.01,0.1,1e-07,brute,111485776488390,1.0,0.9999,1.0
"U(0.01,0.1), eps=1e-07",0.01,0.1,1e-07,brute,134480000000000,1.0,0.9999,1.0
"U(0.01,0.1), eps=1e-07",0.01,0.1,1e-07,separable,89653333333,0.04852,0.04646,0.05067
"U(0.01,0.1), eps=1e-07",0.01,0.1,1e-07,separable,108144560197,0.0538,0.05163,0.05605
"U(0.01,0.1), eps=1e-07",0.01,0.1,1e-07,separable,130449649394,0.05922,0.05695,0.06158
"U(0.01,0.1), eps=1e-07",0.01,0.1,1e-07,separable,157355219680,0.06485,0.06248,0.06731
"U(0.01,0.1), eps=1e-07",0.01,0.1,1e-07,separable,189810131921,0.07132,0.06884,0.07388
"U(0.01,0.1), eps=1e-07",0.01,0.1,1e-07,separable,228958951938,0.07838,0.07579,0.08105
"U(0.01,0.1), eps=1e-07",0.01,0.1,1e-07,separable,276182315148,0.08605,0.08334,0.08884
"U(0.01,0.1), eps=1e-07",0.01,0.1,1e-07,separable,333145616517,0.09508,0.09224,0.09799
"U(0.01,0.1), eps=1e-07",0.01,0.1,1e-07,separable,401857742938,0.10375,0.1008,0.10678
"U(0.01,0.1), eps=1e-07",0.01,0.1,1e-07,separable,484741919306,0.11395,0.11087,0.1171
"U(0.01,0.1), eps=1e-07",0.01,0.1,1e-07,separable,584721166785,0.12462,0.12142,0.12789
"U(0.01,0.1), eps=1e-07",0.01,0.1,1e-07,separable,705321387051,0.13653,0.1332,0.13993
"U(0.01,0.1), eps=1e-07",0.01,0.1,1e-07,separable,850795707922,0.1483,0.14485,0.15182
"U(0.01,0.1), eps=1e-07",0.01,0.1,1e-07,separable,1026274475590,0.16275,0.15916,0.1664
"U(0.01,0.1), eps=1e-07",0.01,0.1,1e-07,separable,1237946183132,0.17818,0.17446,0.18196
"U(0.01,0.1), eps=1e-07",0.01,0.1,1e-07,separable,1493275715983,0.1952,0.19135,0.19911
"U(0.01,0.1), eps=1e-07",0.01,0.1,1e-07,separable,1801267611087,0.21315,0.20916,0.21719
"U(0.01,0.1), eps=1e-07",0.01,0.1,1e-07,separable,2172783613919,0.23333,0.22921,0.2375
"U(0.01,0.1), eps=1e-07",0.01,0.1,1e-07,separable,2620925732443,0.25417,0.24993,0.25846
"U(0.01,0.1), eps=1e-07",0.01,0.1,1e-07,separable,3161498296921,0.27973,0.27535,0.28415
"U(0.01,0.1), eps=1e-07",0.01,0.1,1e-07,separable,3813565320723,0.30602,0.30152,0.31055
"U(0.01,0.1), eps=1e-07",0.01,0.1,1e-07,separable,4600122818216,0.33393,0.32932,0.33857
"U(0.01,0.1), eps=1e-07",0.01,0.1,1e-07,separable,5548909789924,0.36355,0.35885,0.36828
"U(0.01,0.1), eps=1e-07",0.01,0.1,1e-07,separable,6693386475420,0.39653,0.39175,0.40133
"U(0.01,0.1), eps=1e-07",0.01,0.1,1e-07,separable,8073914373357,0.43055,0.4257,0.43541
"U(0.01,0.1), eps=1e-07",0.01,0.1,1e-07,separable,9739179643621,0.46803,0.46314,0.47292
"U(0.01,0.1), eps=1e-07",0.01,0.1,1e-07,separable,11747910089773,0.50813,0.50323,0.51303
"U(0.01,0.1), eps=1e-07",0.01,0.1,1e-07,separable,14170946273467,0.54802,0.54314,0.55289
"U(0.01,0.1), eps=1e-07",0.01,0.1,1e-07,separable,17093739801456,0.59232,0.5875,0.59713
"U(0.01,0.1), eps=1e-07",0.01,0.1,1e-07,separable,20619366890621,0.63815,0.63343,0.64285
"U(0.01,0.1), eps=1e-07",0.01,0.1,1e-07,separable,24872163488402,0.6831,0.67852,0.68764
"U(0.01,0.1), eps=1e-07",0.01,0.1,1e-07,separable,30002110146029,0.72823,0.72385,0.73257
"U(0.01,0.1), eps=1e-07",0.01,0.1,1e-07,separable,36190121282944,0.77335,0.76922,0.77743
"U(0.01,0.1), eps=1e-07",0.01,0.1,1e-07,separable,43654425375394,0.8172,0.81338,0.82096
"U(0.01,0.1), eps=1e-07",0.01,0.1,1e-07,separable,52658261075074,0.85525,0.85177,0.85866
"U(0.01,0.1), eps=1e-07",0.01,0.1,1e-07,separable,63519160671706,0.89115,0.88806,0.89416
"U(0.01,0.1), eps=1e-07",0.01,0.1,1e-07,separable,76620148293272,0.92087,0.91818,0.92348
"U(0.01,0.1), eps=1e-07",0.01,0.1,1e-07,separable,92423247763380,0.94595,0.94369,0.94812
"U(0.01,0.1), eps=1e-07",0.01,0.1,1e-07,separable,111485776488390,0.96485,0.963,0.96661
"U(0.01,0.1), eps=1e-07",0.01,0.1,1e-07,separable,134480000000000,0.9794,0.97796,0.98075
"U(0.01,0.1), eps=1e-07",0.01,0.1,1e-07,linear,89653333333,0.24372,0.23954,0.24795
"U(0.01,0.1), eps=1e-07",0.01,0.1,1e-07,linear,108144560197,0.2677,0.26338,0.27206
"U(0.01,0.1), eps=1e-07",0.01,0.1,1e-07,linear,130449649394,0.2915,0.28707,0.29597
"U(0.01,0.1), eps=1e-07",0.01,0.1,1e-07,linear,157355219680,0.32453,0.31996,0.32913
"U(0.01,0.1), eps=1e-07",0.01,0.1,1e-07,linear,189810131921,0.35223,0.34756,0.35693
"U(0.01,0.1), eps=1e-07",0.01,0.1,1e-07,linear,228958951938,0.38317,0.37842,0.38795
"U(0.01,0.1), eps=1e-07",0.01,0.1,1e-07,linear,276182315148,0.41555,0.41073,0.42039
"U(0.01,0.1), eps=1e-07",0.01,0.1,1e-07,linear,333145616517,0.45035,0.44548,0.45523
"U(0.01,0.1), eps=1e-07",0.01,0.1,1e-07,linear,401857742938,0.4884,0.4835,0.4933
"U(0.01,0.1), eps=1e-07",0.01,0.1,1e-07,linear,484741919306,0.5265,0.5216,0.53139
"U(0.01,0.1), eps=1e-07",0.01,0.1,1e-07,linear,584721166785,0.56512,0.56026,0.56997
"U(0.01,0.1), eps=1e-07",0.01,0.1,1e-07,linear,705321387051,0.61428,0.6095,0.61904
"U(0.01,0.1), eps=1e-07",0.01,0.1,1e-07,linear,850795707922,0.65507,0.6504,0.65971
"U(0.01,0.1), eps=1e-07",0.01,0.1,1e-07,linear,1026274475590,0.6945,0.68997,0.699
"U(0.01,0.1), eps=1e-07",0.01,0.1,1e-07,linear,1237946183132,0.73357,0.72922,0.73788
"U(0.01,0.1), eps=1e-07",0.01,0.1,1e-07,linear,1493275715983,0.7746,0.77048,0.77867
"U(0.01,0.1), eps=1e-07",0.01,0.1,1e-07,linear,1801267611087,0.81435,0.81051,0.81813
"U(0.01,0.1), eps=1e-07",0.01,0.1,1e-07,linear,2172783613919,0.851,0.84748,0.85446
"U(0.01,0.1), eps=1e-07",0.01,0.1,1e-07,linear,2620925732443,0.8825,0.87931,0.88562
"U(0.01,0.1), eps=1e-07",0.01,0.1,1e-07,linear,3161498296921,0.9106,0.90776,0.91336
"U(0.01,0.1), eps=1e-07",0.01,0.1,1e-07,linear,3813565320723,0.9337,0.93122,0.9361
"U(0.01,0.1), eps=1e-07",0.01,0.1,1e-07,linear,4600122818216,0.95242,0.95029,0.95446
"U(0.01,0.1), eps=1e-07",0.01,0.1,1e-07,linear,5548909789924,0.96352,0.96164,0.96531
"U(0.01,0.1), eps=1e-07",0.01,0.1,1e-07,linear,6693386475420,0.98105,0.97967,0.98234
"U(0.01,0.1), eps=1e-07",0.01,0.1,1e-07,linear,8073914373357,0.98415,0.98288,0.98533
"U(0.01,0.1), eps=1e-07",0.01,0.1,1e-07,linear,9739179643621,0.98995,0.98892,0.99088
"U(0.01,0.1), eps=1e-07",0.01,0.1,1e-07,linear,11747910089773,0.99615,0.99549,0.99671
"U(0.01,0.1), eps=1e-07",0.01,0.1,1e-07,linear,14170946273467,0.99805,0.99757,0.99844
"U(0.01,0.1), eps=1e-07",0.01,0.1,1e-07,linear,17093739801456,0.99872,0.99832,0.99903
"U(0.01,0.1), eps=1e-07",0.01,0.1,1e-07,linear,20619366890621,0.99865,0.99824,0.99897
"U(0.01,0.1), eps=1e-07",0.01,0.1,1e-07,linear,24872163488402,0.99965,0.99941,0.99979
"U(0.01,0.1), eps=1e-07",0.01,0.1,1e-07,linear,30002110146029,0.99992,0.99977,0.99997
"U(0.01,0.1), eps=1e-07",0.01,0.1,1e-07,linear,36190121282944,0.99995,0.99982,0.99999
"U(0.01,0.1), eps=1e-07",0.01,0.1,1e-07,linear,43654425375394,0.99995,0.99982,0.99999
"U(0.01,0.1), eps=1e-07",0.01,0.1,1e-07,linear,52658261075074,0.99995,0.99982,0.99999
"U(0.01,0.1), eps=1e-07",0.01,0.1,1e-07,linear,63519160671706,0.99995,0.99982,0.99999
"U(0.01,0.1), eps=1e-07",0.01,0.1,1e-07,linear,76620148293272,0.99995,0.99982,0.99999
"U(0.01,0.1), eps=1e-07",0.01,0.1,1e-07,linear,92423247763380,0.99995,0.99982,0.99999
"U(0.01,0.1), eps=1e-07",0.01,0.1,1e-07,linear,111485776488390,0.99995,0.99982,0.99999
"U(0.01,0.1), eps=1e-07",0.01,0.1,1e-07,linear,134480000000000,0.99995,0.99982,0.99999
"U(0.01,0.1), eps=1e-07",0.01,0.1,1e-07,binary,89653333333,0.26362,0.25933,0.26796
"U(0.01,0.1), eps=1e-07",0.01,0.1,1e-07,binary,108144560197,0.28625,0.28184,0.2907
"U(0.01,0.1), eps=1e-07",0.01,0.1,1e-07,binary,130449649394,0.3122,0.30768,0.31676
"U(0.01,0.1), eps=1e-07",0.01,0.1,1e-07,binary,157355219680,0.3407,0.33607,0.34536
"U(0.01,0.1), eps=1e-07",0.01,0.1,1e-07,binary,189810131921,0.37217,0.36745,0.37692
"U(0.01,0.1), eps=1e-07",0.01,0.1,1e-07,binary,228958951938,0.40618,0.40138,0.411
"U(0.01,0.1), eps=1e-07",0.01,0.1,1e-07,binary,276182315148,0.4417,0.43684,0.44657
"U(0.01,0.1), eps=1e-07",0.01,0.1,1e-07,binary,333145616517,0.47695,0.47206,0.48185
"U(0.01,0.1), eps=1e-07",0.01,0.1,1e-07,binary,401857742938,0.51655,0.51165,0.52145
"U(0.01,0.1), eps=1e-07",0.01,0.1,1e-07,binary,484741919306,0.55617,0.5513,0.56103
"U(0.01,0.1), eps=1e-07",0.01,0.1,1e-07,binary,584721166785,0.595,0.59018,0.5998
"U(0.01,0.1), eps=1e-07",0.01,0.1,1e-07,binary,705321387051,0.63733,0.63261,0.64203
"U(0.01,0.1), eps=1e-07",0.01,0.1,1e-07,binary,850795707922,0.6772,0.6726,0.68176
"U(0.01,0.1), eps=1e-07",0.01,0.1,1e-07,binary,1026274475590,0.71547,0.71103,0.71987
"U(0.01,0.1), eps=1e-07",0.01,0.1,1e-07,binary,1237946183132,0.75375,0.7495,0.75795
"U(0.01,0.1), eps=1e-07",0.01,0.1,1e-07,binary,1493275715983,0.79145,0.78744,0.7954
"U(0.01,0.1), eps=1e-07",0.01,0.1,1e-07,binary,1801267611087,0.82783,0.8241,0.8315
"U(0.01,0.1), eps=1e-07",0.01,0.1,1e-07,binary,2172783613919,0.86157,0.85815,0.86492
"U(0.01,0.1), eps=1e-07",0.01,0.1,1e-07,binary,2620925732443,0.88645,0.8833,0.88952
"U(0.01,0.1), eps=1e-07",0.01,0.1,1e-07,binary,3161498296921,0.91105,0.90822,0.9138
"U(0.01,0.1), eps=1e-07",0.01,0.1,1e-07,binary,3813565320723,0.9391,0.93671,0.9414
"U(0.01,0.1), eps=1e-07",0.01,0.1,1e-07,binary,4600122818216,0.95857,0.95657,0.96048
"U(0.01,0.1), eps=1e-07",0.01,0.1,1e-07,binary,5548909789924,0.97232,0.97067,0.97388
"U(0.01,0.1), eps=1e-07",0.01,0.1,1e-07,binary,6693386475420,0.98262,0.98129,0.98386
"U(0.01,0.1), eps=1e-07",0.01,0.1,1e-07,binary,8073914373357,0.98975,0.98871,0.99069
"U(0.01,0.1), eps=1e-07",0.01,0.1,1e-07,binary,9739179643621,0.9941,0.9933,0.9948
"U(0.01,0.1), eps=1e-07",0.01,0.1,1e-07,binary,11747910089773,0.99613,0.99547,0.99669
"U(0.01,0.1), eps=1e-07",0.01,0.1,1e-07,binary,14170946273467,0.99803,0.99755,0.99842
"U(0.01,0.1), eps=1e-07",0.01,0.1,1e-07,binary,17093739801456,0.99908,0.99873,0.99933
"U(0.01,0.1), eps=1e-07",0.01,0.1,1e-07,binary,20619366890621,0.99955,0.99929,0.99972
"U(0.01,0.1), eps=1e-07",0.01,0.1,1e-07,binary,24872163488402,0.99955,0.99929,0.99972
"U(0.01,0.1), eps=1e-07",0.01,0.1,1e-07,binary,30002110146029,0.9994,0.99911,0.9996
"U(0.01,0.1), eps=1e-07",0.01,0.1,1e-07,binary,36190121282944,0.99833,0.99788,0.99869
"U(0.01,0.1), eps=1e-07",0.01,0.1,1e-07,binary,43654425375394,0.99833,0.99788,0.99869
"U(0.01,0.1), eps=1e-07",0.01,0.1,1e-07,binary,52658261075074,0.99833,0.99788,0.99869
"U(0.01,0.1), eps=1e-07",0.01,0.1,1e-07,binary,63519160671706,0.99833,0.99788,0.99869
"U(0.01,0.1), eps=1e-07",0.01,0.1,1e-07,binary,76620148293272,0.99833,0.99788,0.99869
"U(0.01,0.1), eps=1e-07",0.01,0.1,1e-07,binary,92423247763380,0.99833,0.99788,0.99869
"U(0.01,0.1), eps=1e-07",0.01,0.1,1e-07,binary,111485776488390,0.99833,0.99788,0.99869
"U(0.01,0.1), eps=1e-07",0.01,0.1,1e-07,binary,134480000000000,0.99833,0.99788,0.99869
"U(0.01,0.1), eps=1e-07",0.01,0.1,1e-07,reverse_eng,89653333333,0.27455,0.2702,0.27895
"U(0.01,0.1), eps=1e-07",0.01,0.1,1e-07,reverse_eng,108144560197,0.29947,0.295,0.30398
"U(0.01,0.1), eps=1e-07",0.01,0.1,1e-07,reverse_eng,130449649394,0.32627,0.32169,0.33088
"U(0.01,0.1), eps=1e-07",0.01,0.1,1e-07,reverse_eng,157355219680,0.35535,0.35067,0.36005
"U(0.01,0.1), eps=1e-07",0.01,0.1,1e-07,reverse_eng,189810131921,0.386,0.38124,0.39078
"U(0.01,0.1), eps=1e-07",0.01,0.1,1e-07,reverse_eng,228958951938,0.41825,0.41342,0.42309
"U(0.01,0.1), eps=1e-07",0.01,0.1,1e-07,reverse_eng,276182315148,0.45305,0.44818,0.45793
"U(0.01,0.1), eps=1e-07",0.01,0.1,1e-07,reverse_eng,333145616517,0.49083,0.48593,0.49573
"U(0.01,0.1), eps=1e-07",0.01,0.1,1e-07,reverse_eng,401857742938,0.52935,0.52446,0.53424
"U(0.01,0.1), eps=1e-07",0.01,0.1,1e-07,reverse_eng,484741919306,0.56755,0.56269,0.5724
"U(0.01,0.1), eps=1e-07",0.01,0.1,1e-07,reverse_eng,584721166785,0.60795,0.60316,0.61272
"U(0.01,0.1), eps=1e-07",0.01,0.1,1e-07,reverse_eng,705321387051,0.64965,0.64496,0.65431
"U(0.01,0.1), eps=1e-07",0.01,0.1,1e-07,reverse_eng,850795707922,0.69225,0.68771,0.69675
"U(0.01,0.1), eps=1e-07",0.01,0.1,1e-07,reverse_eng,1026274475590,0.73072,0.72635,0.73504
"U(0.01,0.1), eps=1e-07",0.01,0.1,1e-07,reverse_eng,1237946183132,0.76987,0.76572,0.77397
"U(0.01,0.1), eps=1e-07",0.01,0.1,1e-07,reverse_eng,1493275715983,0.8072,0.8033,0.81104
"U(0.01,0.1), eps=1e-07",0.01,0.1,1e-07,reverse_eng,1801267611087,0.84147,0.83786,0.84502
"U(0.01,0.1), eps=1e-07",0.01,0.1,1e-07,reverse_eng,2172783613919,0.87248,0.86918,0.87571
"U(0.01,0.1), eps=1e-07",0.01,0.1,1e-07,reverse_eng,2620925732443,0.901,0.89803,0.90389
"U(0.01,0.1), eps=1e-07",0.01,0.1,1e-07,reverse_eng,3161498296921,0.92617,0.92357,0.92869
"U(0.01,0.1), eps=1e-07",0.01,0.1,1e-07,reverse_eng,3813565320723,0.94635,0.9441,0.94852
"U(0.01,0.1), eps=1e-07",0.01,0.1,1e-07,reverse_eng,4600122818216,0.96118,0.95924,0.96303
"U(0.01,0.1), eps=1e-07",0.01,0.1,1e-07,reverse_eng,5548909789924,0.97593,0.97438,0.97739
"U(0.01,0.1), eps=1e-07",0.01,0.1,1e-07,reverse_eng,6693386475420,0.98525,0.98402,0.98639
"U(0.01,0.1), eps=1e-07",0.01,0.1,1e-07,reverse_eng,8073914373357,0.9917,0.99076,0.99254
"U(0.01,0.1), eps=1e-07",0.01,0.1,1e-07,reverse_eng,9739179643621,0.99585,0.99517,0.99643
"U(0.01,0.1), eps=1e-07",0.01,0.1,1e-07,reverse_eng,11747910089773,0.99733,0.99677,0.99779
"U(0.01,0.1), eps=1e-07",0.01,0.1,1e-07,reverse_eng,14170946273467,0.99835,0.9979,0.9987
"U(0.01,0.1), eps=1e-07",0.01,0.1,1e-07,reverse_eng,17093739801456,0.99908,0.99873,0.99933
"U(0.01,0.1), eps=1e-07",0.01,0.1,1e-07,reverse_eng,20619366890621,0.99955,0.99929,0.99972
"U(0.01,0.1), eps=1e-07",0.01,0.1,1e-07,reverse_eng,24872163488402,0.99977,0.99957,0.99988
"U(0.01,0.1), eps=1e-07",0.01,0.1,1e-07,reverse_eng,30002110146029,0.99985,0.99967,0.99993
"U(0.01,0.1), eps=1e-07",0.01,0.1,1e-07,reverse_eng,36190121282944,0.99985,0.99967,0.99993
"U(0.01,0.1), eps=1e-07",0.01,0.1,1e-07,reverse_eng,43654425375394,0.99985,0.99967,0.99993
"U(0.01,0.1), eps=1e-07",0.01,0.1,1e-07,reverse_eng,52658261075074,0.99985,0.99967,0.99993
"U(0.01,0.1), eps=1e-07",0.01,0.1,1e-07,reverse_eng,63519160671706,0.99985,0.99967,0.99993
"U(0.01,0.1), eps=1e-07",0.01,0.1,1e-07,reverse_eng,76620148293272,0.99985,0.99967,0.99993
"U(0.01,0.1), eps=1e-07",0.01,0.1,1e-07,reverse_eng,92423247763380,0.99985,0.99967,0.99993
"U(0.01,0.1), eps=1e-07",0.01,0.1,1e-07,reverse_eng,111485776488390,0.99985,0.99967,0.99993
"U(0.01,0.1), eps=1e-07",0.01,0.1,1e-07,reverse_eng,134480000000000,0.99985,0.99967,0.99993
"U(0.01,0.1), eps=1e-07",0.01,0.1,1e-07,binary_risk,89653333333,0.2746,0.27025,0.279
"U(0.01,0.1), eps=1e-07",0.01,0.1,1e-07,binary_risk,108144560197,0.29952,0.29505,0.30403
"U(0.01,0.1), eps=1e-07",0.01,0.1,1e-07,binary_risk,130449649394,0.32665,0.32207,0.33126
"U(0.01,0.1), eps=1e-07",0.01,0.1,1e-07,binary_risk,157355219680,0.35615,0.35147,0.36086
"U(0.01,0.1), eps=1e-07",0.01,0.1,1e-07,binary_risk,189810131921,0.39003,0.38526,0.39482
"U(0.01,0.1), eps=1e-07",0.01,0.1,1e-07,binary_risk,228958951938,0.42318,0.41835,0.42803
"U(0.01,0.1), eps=1e-07",0.01,0.1,1e-07,binary_risk,276182315148,0.4604,0.45552,0.46529
"U(0.01,0.1), eps=1e-07",0.01,0.1,1e-07,binary_risk,333145616517,0.496,0.4911,0.5009
"U(0.01,0.1), eps=1e-07",0.01,0.1,1e-07,binary_risk,401857742938,0.5378,0.53291,0.54268
"U(0.01,0.1), eps=1e-07",0.01,0.1,1e-07,binary_risk,484741919306,0.57637,0.57152,0.5812
"U(0.01,0.1), eps=1e-07",0.01,0.1,1e-07,binary_risk,584721166785,0.61703,0.61226,0.62178
"U(0.01,0.1), eps=1e-07",0.01,0.1,1e-07,binary_risk,705321387051,0.65992,0.65526,0.66455
"U(0.01,0.1), eps=1e-07",0.01,0.1,1e-07,binary_risk,850795707922,0.69865,0.69413,0.70313
"U(0.01,0.1), eps=1e-07",0.01,0.1,1e-07,binary_risk,1026274475590,0.73823,0.7339,0.74251
"U(0.01,0.1), eps=1e-07",0.01,0.1,1e-07,binary_risk,1237946183132,0.77487,0.77075,0.77894
"U(0.01,0.1), eps=1e-07",0.01,0.1,1e-07,binary_risk,1493275715983,0.81283,0.80898,0.81662
"U(0.01,0.1), eps=1e-07",0.01,0.1,1e-07,binary_risk,1801267611087,0.8475,0.84394,0.85099
"U(0.01,0.1), eps=1e-07",0.01,0.1,1e-07,binary_risk,2172783613919,0.87865,0.87541,0.88181
"U(0.01,0.1), eps=1e-07",0.01,0.1,1e-07,binary_risk,2620925732443,0.9078,0.90493,0.9106
"U(0.01,0.1), eps=1e-07",0.01,0.1,1e-07,binary_risk,3161498296921,0.93112,0.9286,0.93356
"U(0.01,0.1), eps=1e-07",0.01,0.1,1e-07,binary_risk,3813565320723,0.95055,0.94838,0.95263
"U(0.01,0.1), eps=1e-07",0.01,0.1,1e-07,binary_risk,4600122818216,0.96705,0.96526,0.96875
"U(0.01,0.1), eps=1e-07",0.01,0.1,1e-07,binary_risk,5548909789924,0.97888,0.97742,0.98024
"U(0.01,0.1), eps=1e-07",0.01,0.1,1e-07,binary_risk,6693386475420,0.98655,0.98537,0.98763
"U(0.01,0.1), eps=1e-07",0.01,0.1,1e-07,binary_risk,8073914373357,0.9929,0.99203,0.99368
"U(0.01,0.1), eps=1e-07",0.01,0.1,1e-07,binary_risk,9739179643621,0.99618,0.99553,0.99674
"U(0.01,0.1), eps=1e-07",0.01,0.1,1e-07,binary_risk,11747910089773,0.99825,0.99779,0.99861
"U(0.01,0.1), eps=1e-07",0.01,0.1,1e-07,binary_risk,14170946273467,0.9992,0.99887,0.99943
"U(0.01,0.1), eps=1e-07",0.01,0.1,1e-07,binary_risk,17093739801456,0.99887,0.99849,0.99915
"U(0.01,0.1), eps=1e-07",0.01,0.1,1e-07,binary_risk,20619366890621,0.9987,0.9983,0.99901
"U(0.01,0.1), eps=1e-07",0.01,0.1,1e-07,binary_risk,24872163488402,0.99975,0.99954,0.99986
"U(0.01,0.1), eps=1e-07",0.01,0.1,1e-07,binary_risk,30002110146029,0.99987,0.9997,0.99994
"U(0.01,0.1), eps=1e-07",0.01,0.1,1e-07,binary_risk,36190121282944,0.9999,0.99974,0.99996
"U(0.01,0.1), eps=1e-07",0.01,0.1,1e-07,binary_risk,43654425375394,1.0,0.9999,1.0
"U(0.01,0.1), eps=1e-07",0.01,0.1,1e-07,binary_risk,52658261075074,0.99997,0.99985,0.99999
"U(0.01,0.1), eps=1e-07",0.01,0.1,1e-07,binary_risk,63519160671706,1.0,0.9999,1.0
"U(0.01,0.1), eps=1e-07",0.01,0.1,1e-07,binary_risk,76620148293272,1.0,0.9999,1.0
"U(0.01,0.1), eps=1e-07",0.01,0.1,1e-07,binary_risk,92423247763380,1.0,0.9999,1.0
"U(0.01,0.1), eps=1e-07",0.01,0.1,1e-07,binary_risk,111485776488390,1.0,0.9999,1.0
"U(0.01,0.1), eps=1e-07",0.01,0.1,1e-07,binary_risk,134480000000000,1.0,0.9999,1.0
"U(0.01,0.1), eps=1e-07",0.01,0.1,1e-07,reverse_eng_risk,89653333333,0.27915,0.27478,0.28357
"U(0.01,0.1), eps=1e-07",0.01,0.1,1e-07,reverse_eng_risk,108144560197,0.30457,0.30008,0.3091
"U(0.01,0.1), eps=1e-07",0.01,0.1,1e-07,reverse_eng_risk,130449649394,0.33127,0.32667,0.3359
"U(0.01,0.1), eps=1e-07",0.01,0.1,1e-07,reverse_eng_risk,157355219680,0.3609,0.35621,0.36562
"U(0.01,0.1), eps=1e-07",0.01,0.1,1e-07,reverse_eng_risk,189810131921,0.3919,0.38713,0.39669
"U(0.01,0.1), eps=1e-07",0.01,0.1,1e-07,reverse_eng_risk,228958951938,0.42468,0.41984,0.42953
"U(0.01,0.1), eps=1e-07",0.01,0.1,1e-07,reverse_eng_risk,276182315148,0.4604,0.45552,0.46529
"U(0.01,0.1), eps=1e-07",0.01,0.1,1e-07,reverse_eng_risk,333145616517,0.49788,0.49298,0.50278
"U(0.01,0.1), eps=1e-07",0.01,0.1,1e-07,reverse_eng_risk,401857742938,0.52902,0.52413,0.53391
"U(0.01,0.1), eps=1e-07",0.01,0.1,1e-07,reverse_eng_risk,484741919306,0.57495,0.5701,0.57979
"U(0.01,0.1), eps=1e-07",0.01,0.1,1e-07,reverse_eng_risk,584721166785,0.61613,0.61135,0.62088
"U(0.01,0.1), eps=1e-07",0.01,0.1,1e-07,reverse_eng_risk,705321387051,0.65,0.64531,0.65466
"U(0.01,0.1), eps=1e-07",0.01,0.1,1e-07,reverse_eng_risk,850795707922,0.69947,0.69496,0.70394
"U(0.01,0.1), eps=1e-07",0.01,0.1,1e-07,reverse_eng_risk,1026274475590,0.73347,0.72911,0.73778
"U(0.01,0.1), eps=1e-07",0.01,0.1,1e-07,reverse_eng_risk,1237946183132,0.77707,0.77296,0.78112
"U(0.01,0.1), eps=1e-07",0.01,0.1,1e-07,reverse_eng_risk,1493275715983,0.80842,0.80453,0.81225
"U(0.01,0.1), eps=1e-07",0.01,0.1,1e-07,reverse_eng_risk,1801267611087,0.84672,0.84316,0.85022
"U(0.01,0.1), eps=1e-07",0.01,0.1,1e-07,reverse_eng_risk,2172783613919,0.8791,0.87587,0.88226
"U(0.01,0.1), eps=1e-07",0.01,0.1,1e-07,reverse_eng_risk,2620925732443,0.90343,0.9005,0.90629
"U(0.01,0.1), eps=1e-07",0.01,0.1,1e-07,reverse_eng_risk,3161498296921,0.92907,0.92651,0.93154
"U(0.01,0.1), eps=1e-07",0.01,0.1,1e-07,reverse_eng_risk,3813565320723,0.94873,0.94653,0.95085
"U(0.01,0.1), eps=1e-07",0.01,0.1,1e-07,reverse_eng_risk,4600122818216,0.96503,0.96318,0.96679
"U(0.01,0.1), eps=1e-07",0.01,0.1,1e-07,reverse_eng_risk,5548909789924,0.97808,0.9766,0.97947
"U(0.01,0.1), eps=1e-07",0.01,0.1,1e-07,reverse_eng_risk,6693386475420,0.98703,0.98587,0.98809
"U(0.01,0.1), eps=1e-07",0.01,0.1,1e-07,reverse_eng_risk,8073914373357,0.99277,0.99189,0.99355
"U(0.01,0.1), eps=1e-07",0.01,0.1,1e-07,reverse_eng_risk,9739179643621,0.99667,0.99606,0.99719
"U(0.01,0.1), eps=1e-07",0.01,0.1,1e-07,reverse_eng_risk,11747910089773,0.99825,0.99779,0.99861
"U(0.01,0.1), eps=1e-07",0.01,0.1,1e-07,reverse_eng_risk,14170946273467,0.99915,0.99881,0.99939
"U(0.01,0.1), eps=1e-07",0.01,0.1,1e-07,reverse_eng_risk,17093739801456,0.99962,0.99938,0.99977
"U(0.01,0.1), eps=1e-07",0.01,0.1,1e-07,reverse_eng_risk,20619366890621,0.99982,0.99963,0.99991
"U(0.01,0.1), eps=1e-07",0.01,0.1,1e-07,reverse_eng_risk,24872163488402,0.99992,0.99977,0.99997
"U(0.01,0.1), eps=1e-07",0.01,0.1,1e-07,reverse_eng_risk,30002110146029,0.99995,0.99982,0.99999
"U(0.01,0.1), eps=1e-07",0.01,0.1,1e-07,reverse_eng_risk,36190121282944,0.99997,0.99985,0.99999
"U(0.01,0.1), eps=1e-07",0.01,0.1,1e-07,reverse_eng_risk,43654425375394,1.0,0.9999,1.0
"U(0.01,0.1), eps=1e-07",0.01,0.1,1e-07,reverse_eng_risk,52658261075074,1.0,0.9999,1.0
"U(0.01,0.1), eps=1e-07",0.01,0.1,1e-07,reverse_eng_risk,63519160671706,1.0,0.9999,1.0
"U(0.01,0.1), eps=1e-07",0.01,0.1,1e-07,reverse_eng_risk,76620148293272,1.0,0.9999,1.0
"U(0.01,0.1), eps=1e-07",0.01,0.1,1e-07,reverse_eng_risk,92423247763380,1.0,0.9999,1.0
"U(0.01,0.1), eps=1e-07",0.01,0.1,1e-07,reverse_eng_risk,111485776488390,1.0,0.9999,1.0
"U(0.01,0.1), eps=1e-07",0.01,0.1,1e-07,reverse_eng_risk,134480000000000,1.0,0.9999,1.0
"U(0.001,0.01), eps=1e-07",0.001,0.01,1e-07,brute,8565605095,0.185,0.18123,0.18884
"U(0.001,0.01), eps=1e-07",0.001,0.01,1e-07,brute,10332282821,0.20225,0.19834,0.20621
"U(0.001,0.01), eps=1e-07",0.001,0.01,1e-07,brute,12463342298,0.22177,0.21773,0.22587
"U(0.001,0.01), eps=1e-07",0.001,0.01,1e-07,brute,15033938186,0.2425,0.23832,0.24672
"U(0.001,0.01), eps=1e-07",0.001,0.01,1e-07,brute,18134725979,0.26505,0.26075,0.2694
"U(0.001,0.01), eps=1e-07",0.001,0.01,1e-07,brute,21875059102,0.2917,0.28727,0.29617
"U(0.001,0.01), eps=1e-07",0.001,0.01,1e-07,brute,26386845396,0.31745,0.31291,0.32203
"U(0.001,0.01), eps=1e-07",0.001,0.01,1e-07,brute,31829199030,0.3463,0.34165,0.35098
"U(0.001,0.01), eps=1e-07",0.001,0.01,1e-07,brute,38394051873,0.37715,0.37241,0.38191
"U(0.001,0.01), eps=1e-07",0.001,0.01,1e-07,brute,46312922226,0.4112,0.40639,0.41603
"U(0.001,0.01), eps=1e-07",0.001,0.01,1e-07,brute,55865079629,0.44738,0.44251,0.45226
"U(0.001,0.01), eps=1e-07",0.001,0.01,1e-07,brute,67387393667,0.48565,0.48075,0.49055
"U(0.001,0.01), eps=1e-07",0.001,0.01,1e-07,brute,81286214132,0.52543,0.52053,0.53032
"U(0.001,0.01), eps=1e-07",0.001,0.01,1e-07,brute,98051701489,0.56695,0.56209,0.5718
"U(0.001,0.01), eps=1e-07",0.001,0.01,1e-07,brute,118275113038,0.61177,0.60698,0.61653
"U(0.001,0.01), eps=1e-07",0.001,0.01,1e-07,brute,142669654393,0.65853,0.65387,0.66316
"U(0.001,0.01), eps=1e-07",0.001,0.01,1e-07,brute,172095631632,0.70337,0.69887,0.70783
"U(0.001,0.01), eps=1e-07",0.001,0.01,1e-07,brute,207590791138,0.74767,0.74339,0.7519
"U(0.001,0.01), eps=1e-07",0.001,0.01,1e-07,brute,250406917112,0.79265,0.78865,0.79659
"U(0.001,0.01), eps=1e-07",0.001,0.01,1e-07,brute,302053977412,0.83405,0.83037,0.83766
"U(0.001,0.01), eps=1e-07",0.001,0.01,1e-07,brute,364353374591,0.87143,0.86811,0.87467
"U(0.001,0.01), eps=1e-07",0.001,0.01,1e-07,brute,439502180084,0.9045,0.90158,0.90734
"U(0.001,0.01), eps=1e-07",0.001,0.01,1e-07,brute,530150616871,0.93315,0.93066,0.93556
"U(0.001,0.01), eps=1e-07",0.001,0.01,1e-07,brute,639495523129,0.95465,0.95257,0.95665
"U(0.001,0.01), eps=1e-07",0.001,0.01,1e-07,brute,771393092995,0.9717,0.97003,0.97328
"U(0.001,0.01), eps=1e-07",0.001,0.01,1e-07,brute,930494870409,0.9838,0.98252,0.98499
"U(0.001,0.01), eps=1e-07",0.001,0.01,1e-07,brute,1122411792016,0.9924,0.9915,0.99321
"U(0.001,0.01), eps=1e-07",0.001,0.01,1e-07,brute,1353912064344,0.99672,0.99611,0.99723
"U(0.001,0.01), eps=1e-07",0.001,0.01,1e-07,brute,1633159853642,0.99875,0.99835,0.99905
"U(0.001,0.01), eps=1e-07",0.001,0.01,1e-07,brute,1970003206110,0.99972,0.9995,0.99984
"U(0.001,0.01), eps=1e-07",0.001,0.01,1e-07,brute,2376321352395,0.99992,0.99977,0.99997
"U(0.001,0.01), eps=1e-07",0.001,0.01,1e-07,brute,2866443644525,1.0,0.9999,1.0
"U(0.001,0.01), eps=1e-07",0.001,0.01,1e-07,brute,3457654899644,1.0,0.9999,1.0
"U(0.001,0.01), eps=1e-07",0.001,0.01,1e-07,brute,4170804972171,1.0,0.9999,1.0
"U(0.001,0.01), eps=1e-07",0.001,0.01,1e-07,brute,5031044051758,1.0,0.9999,1.0
"U(0.001,0.01), eps=1e-07",0.001,0.01,1e-07,brute,6068709618315,1.0,0.9999,1.0
"U(0.001,0.01), eps=1e-07",0.001,0.01,1e-07,brute,7320396333752,1.0,0.9999,1.0
"U(0.001,0.01), eps=1e-07",0.001,0.01,1e-07,brute,8830246601596,1.0,0.9999,1.0
"U(0.001,0.01), eps=1e-07",0.001,0.01,1e-07,brute,10651507307808,1.0,0.9999,1.0
"U(0.001,0.01), eps=1e-07",0.001,0.01,1e-07,brute,12848407643312,1.0,0.9999,1.0
"U(0.001,0.01), eps=1e-07",0.001,0.01,1e-07,separable,8565605095,0.0152,0.01405,0.01645
"U(0.001,0.01), eps=1e-07",0.001,0.01,1e-07,separable,10332282821,0.01663,0.01542,0.01793
"U(0.001,0.01), eps=1e-07",0.001,0.01,1e-07,separable,12463342298,0.0183,0.01703,0.01966
"U(0.001,0.01), eps=1e-07",0.001,0.01,1e-07,separable,15033938186,0.01978,0.01846,0.02119
"U(0.001,0.01), eps=1e-07",0.001,0.01,1e-07,separable,18134725979,0.02155,0.02017,0.02302
"U(0.001,0.01), eps=1e-07",0.001,0.01,1e-07,separable,21875059102,0.02372,0.02227,0.02526
"U(0.001,0.01), eps=1e-07",0.001,0.01,1e-07,separable,26386845396,0.02647,0.02494,0.02809
"U(0.001,0.01), eps=1e-07",0.001,0.01,1e-07,separable,31829199030,0.02935,0.02774,0.03105
"U(0.001,0.01), eps=1e-07",0.001,0.01,1e-07,separable,38394051873,0.03188,0.0302,0.03365
"U(0.001,0.01), eps=1e-07",0.001,0.01,1e-07,separable,46312922226,0.03465,0.0329,0.03649
"U(0.001,0.01), eps=1e-07",0.001,0.01,1e-07,separable,55865079629,0.0381,0.03627,0.04002
"U(0.001,0.01), eps=1e-07",0.001,0.01,1e-07,separable,67387393667,0.04195,0.04003,0.04396
"U(0.001,0.01), eps=1e-07",0.001,0.01,1e-07,separable,81286214132,0.04635,0.04433,0.04845
"U(0.001,0.01), eps=1e-07",0.001,0.01,1e-07,separable,98051701489,0.05095,0.04884,0.05315
"U(0.001,0.01), eps=1e-07",0.001,0.01,1e-07,separable,118275113038,0.0564,0.05418,0.0587
"U(0.001,0.01), eps=1e-07",0.001,0.01,1e-07,separable,142669654393,0.06195,0.05963,0.06435
"U(0.001,0.01), eps=1e-07",0.001,0.01,1e-07,separable,172095631632,0.06765,0.06523,0.07015
"U(0.001,0.01), eps=1e-07",0.001,0.01,1e-07,separable,207590791138,0.0744,0.07187,0.07701
"U(0.001,0.01), eps=1e-07",0.001,0.01,1e-07,separable,250406917112,0.08195,0.0793,0.08468
"U(0.001,0.01), eps=1e-07",0.001,0.01,1e-07,separable,302053977412,0.09015,0.08738,0.093
"U(0.001,0.01), eps=1e-07",0.001,0.01,1e-07,separable,364353374591,0.09922,0.09633,0.10219
"U(0.001,0.01), eps=1e-07",0.001,0.01,1e-07,separable,439502180084,0.1086,0.10559,0.11169
"U(0.001,0.01), eps=1e-07",0.001,0.01,1e-07,separable,530150616871,0.11897,0.11583,0.12218
"U(0.001,0.01), eps=1e-07",0.001,0.01,1e-07,separable,639495523129,0.13025,0.12699,0.13358
"U(0.001,0.01), eps=1e-07",0.001,0.01,1e-07,separable,771393092995,0.14228,0.13889,0.14574
"U(0.001,0.01), eps=1e-07",0.001,0.01,1e-07,separable,930494870409,0.155,0.15149,0.15858
"U(0.001,0.01), eps=1e-07",0.001,0.01,1e-07,separable,1122411792016,0.16962,0.16597,0.17333
"U(0.001,0.01), eps=1e-07",0.001,0.01,1e-07,separable,1353912064344,0.18555,0.18177,0.18939
"U(0.001,0.01), eps=1e-07",0.001,0.01,1e-07,separable,1633159853642,0.20317,0.19926,0.20714
"U(0.001,0.01), eps=1e-07",0.001,0.01,1e-07,separable,1970003206110,0.22253,0.21848,0.22663
"U(0.001,0.01), eps=1e-07",0.001,0.01,1e-07,separable,2376321352395,0.24352,0.23934,0.24775
"U(0.001,0.01), eps=1e-07",0.001,0.01,1e-07,separable,2866443644525,0.2661,0.26179,0.27045
"U(0.001,0.01), eps=1e-07",0.001,0.01,1e-07,separable,3457654899644,0.29283,0.28839,0.29731
"U(0.001,0.01), eps=1e-07",0.001,0.01,1e-07,separable,4170804972171,0.31853,0.31398,0.32311
"U(0.001,0.01), eps=1e-07",0.001,0.01,1e-07,separable,5031044051758,0.3473,0.34265,0.35198
"U(0.001,0.01), eps=1e-07",0.001,0.01,1e-07,separable,6068709618315,0.37855,0.37381,0.38331
"U(0.001,0.01), eps=1e-07",0.001,0.01,1e-07,separable,7320396333752,0.41258,0.40776,0.41741
"U(0.001,0.01), eps=1e-07",0.001,0.01,1e-07,separable,8830246601596,0.44853,0.44366,0.45341
"U(0.001,0.01), eps=1e-07",0.001,0.01,1e-07,separable,10651507307808,0.48752,0.48262,0.49242
"U(0.001,0.01), eps=1e-07",0.001,0.01,1e-07,separable,12848407643312,0.52682,0.52192,0.53171
"U(0.001,0.01), eps=1e-07",0.001,0.01,1e-07,linear,8565605095,0.2304,0.2263,0.23455
"U(0.001,0.01), eps=1e-07",0.001,0.01,1e-07,linear,10332282821,0.2513,0.24707,0.25557
"U(0.001,0.01), eps=1e-07",0.001,0.01,1e-07,linear,12463342298,0.27705,0.27269,0.28146
"U(0.001,0.01), eps=1e-07",0.001,0.01,1e-07,linear,15033938186,0.30357,0.29908,0.30809
"U(0.001,0.01), eps=1e-07",0.001,0.01,1e-07,linear,18134725979,0.33198,0.32738,0.33661
"U(0.001,0.01), eps=1e-07",0.001,0.01,1e-07,linear,21875059102,0.36357,0.35887,0.3683
"U(0.001,0.01), eps=1e-07",0.001,0.01,1e-07,linear,26386845396,0.39082,0.38605,0.39561
"U(0.001,0.01), eps=1e-07",0.001,0.01,1e-07,linear,31829199030,0.42997,0.42513,0.43483
"U(0.001,0.01), eps=1e-07",0.001,0.01,1e-07,linear,38394051873,0.4661,0.46121,0.47099
"U(0.001,0.01), eps=1e-07",0.001,0.01,1e-07,linear,46312922226,0.50487,0.49997,0.50977
"U(0.001,0.01), eps=1e-07",0.001,0.01,1e-07,linear,55865079629,0.54402,0.53914,0.5489
"U(0.001,0.01), eps=1e-07",0.001,0.01,1e-07,linear,67387393667,0.58745,0.58262,0.59227
"U(0.001,0.01), eps=1e-07",0.001,0.01,1e-07,linear,81286214132,0.6307,0.62596,0.63542
"U(0.001,0.01), eps=1e-07",0.001,0.01,1e-07,linear,98051701489,0.6722,0.66758,0.67678
"U(0.001,0.01), eps=1e-07",0.001,0.01,1e-07,linear,118275113038,0.7128,0.70835,0.71721
"U(0.001,0.01), eps=1e-07",0.001,0.01,1e-07,linear,142669654393,0.75592,0.75169,0.7601
"U(0.001,0.01), eps=1e-07",0.001,0.01,1e-07,linear,172095631632,0.79492,0.79093,0.79885
"U(0.001,0.01), eps=1e-07",0.001,0.01,1e-07,linear,207590791138,0.83555,0.83189,0.83915
"U(0.001,0.01), eps=1e-07",0.001,0.01,1e-07,linear,250406917112,0.87138,0.86806,0.87463
"U(0.001,0.01), eps=1e-07",0.001,0.01,1e-07,linear,302053977412,0.90172,0.89876,0.9046
"U(0.001,0.01), eps=1e-07",0.001,0.01,1e-07,linear,364353374591,0.93032,0.92778,0.93277
"U(0.001,0.01), eps=1e-07",0.001,0.01,1e-07,linear,439502180084,0.95215,0.95001,0.9542
"U(0.001,0.01), eps=1e-07",0.001,0.01,1e-07,linear,530150616871,0.96845,0.96669,0.97012
"U(0.001,0.01), eps=1e-07",0.001,0.01,1e-07,linear,639495523129,0.98103,0.97965,0.98232
"U(0.001,0.01), eps=1e-07",0.001,0.01,1e-07,linear,771393092995,0.98852,0.98743,0.98952
"U(0.001,0.01), eps=1e-07",0.001,0.01,1e-07,linear,930494870409,0.99192,0.99099,0.99275
"U(0.001,0.01), eps=1e-07",0.001,0.01,1e-07,linear,1122411792016,0.99543,0.99472,0.99605
"U(0.001,0.01), eps=1e-07",0.001,0.01,1e-07,linear,1353912064344,0.9981,0.99762,0.99848
"U(0.001,0.01), eps=1e-07",0.001,0.01,1e-07,linear,1633159853642,0.99855,0.99813,0.99888
"U(0.001,0.01), eps=1e-07",0.001,0.01,1e-07,linear,1970003206110,0.99905,0.9987,0.99931
"U(0.001,0.01), eps=1e-07",0.001,0.01,1e-07,linear,2376321352395,0.99933,0.99902,0.99954
"U(0.001,0.01), eps=1e-07",0.001,0.01,1e-07,linear,2866443644525,0.99938,0.99908,0.99958
"U(0.001,0.01), eps=1e-07",0.001,0.01,1e-07,linear,3457654899644,0.99938,0.99908,0.99958
"U(0.001,0.01), eps=1e-07",0.001,0.01,1e-07,linear,4170804972171,0.99938,0.99908,0.99958
"U(0.001,0.01), eps=1e-07",0.001,0.01,1e-07,linear,5031044051758,0.99938,0.99908,0.99958
"U(0.001,0.01), eps=1e-07",0.001,0.01,1e-07,linear,6068709618315,0.99938,0.99908,0.99958
"U(0.001,0.01), eps=1e-07",0.001,0.01,1e-07,linear,7320396333752,0.99938,0.99908,0.99958
"U(0.001,0.01), eps=1e-07",0.001,0.01,1e-07,linear,8830246601596,0.99938,0.99908,0.99958
"U(0.001,0.01), eps=1e-07",0.001,0.01,1e-07,linear,10651507307808,0.99938,0.99908,0.99958
"U(0.001,0.01), eps=1e-07",0.001,0.01,1e-07,linear,12848407643312,0.99938,0.99908,0.99958
"U(0.001,0.01), eps=1e-07",0.001,0.01,1e-07,binary,8565605095,0.24843,0.24422,0.25269
"U(0.001,0.01), eps=1e-07",0.001,0.01,1e-07,binary,10332282821,0.27008,0.26575,0.27445
"U(0.001,0.01), eps=1e-07",0.001,0.01,1e-07,binary,12463342298,0.29018,0.28575,0.29465
"U(0.001,0.01), eps=1e-07",0.001,0.01,1e-07,binary,15033938186,0.31683,0.31229,0.32141
"U(0.001,0.01), eps=1e-07",0.001,0.01,1e-07,binary,18134725979,0.34555,0.3409,0.35022
"U(0.001,0.01), eps=1e-07",0.001,0.01,1e-07,binary,21875059102,0.39225,0.38748,0.39704
"U(0.001,0.01), eps=1e-07",0.001,0.01,1e-07,binary,26386845396,0.4277,0.42286,0.43256
"U(0.001,0.01), eps=1e-07",0.001,0.01,1e-07,binary,31829199030,0.46422,0.45934,0.46911
"U(0.001,0.01), eps=1e-07",0.001,0.01,1e-07,binary,38394051873,0.50353,0.49863,0.50843
"U(0.001,0.01), eps=1e-07",0.001,0.01,1e-07,binary,46312922226,0.54502,0.54014,0.5499
"U(0.001,0.01), eps=1e-07",0.001,0.01,1e-07,binary,55865079629,0.58595,0.58111,0.59077
"U(0.001,0.01), eps=1e-07",0.001,0.01,1e-07,binary,67387393667,0.62882,0.62407,0.63354
"U(0.001,0.01), eps=1e-07",0.001,0.01,1e-07,binary,81286214132,0.67138,0.66676,0.67597
"U(0.001,0.01), eps=1e-07",0.001,0.01,1e-07,binary,98051701489,0.7157,0.71126,0.7201
"U(0.001,0.01), eps=1e-07",0.001,0.01,1e-07,binary,118275113038,0.75525,0.75101,0.75944
"U(0.001,0.01), eps=1e-07",0.001,0.01,1e-07,binary,142669654393,0.79338,0.78938,0.79732
"U(0.001,0.01), eps=1e-07",0.001,0.01,1e-07,binary,172095631632,0.83113,0.82743,0.83477
"U(0.001,0.01), eps=1e-07",0.001,0.01,1e-07,binary,207590791138,0.86565,0.86227,0.86896
"U(0.001,0.01), eps=1e-07",0.001,0.01,1e-07,binary,250406917112,0.8964,0.89338,0.89935
"U(0.001,0.01), eps=1e-07",0.001,0.01,1e-07,binary,302053977412,0.92148,0.9188,0.92408
"U(0.001,0.01), eps=1e-07",0.001,0.01,1e-07,binary,364353374591,0.94385,0.94155,0.94606
"U(0.001,0.01), eps=1e-07",0.001,0.01,1e-07,binary,439502180084,0.96045,0.9585,0.96232
"U(0.001,0.01), eps=1e-07",0.001,0.01,1e-07,binary,530150616871,0.97375,0.97214,0.97527
"U(0.001,0.01), eps=1e-07",0.001,0.01,1e-07,binary,639495523129,0.98247,0.98114,0.98371
"U(0.001,0.01), eps=1e-07",0.001,0.01,1e-07,binary,771393092995,0.98525,0.98402,0.98639
"U(0.001,0.01), eps=1e-07",0.001,0.01,1e-07,binary,930494870409,0.99123,0.99027,0.9921
"U(0.001,0.01), eps=1e-07",0.001,0.01,1e-07,binary,1122411792016,0.99623,0.99558,0.99678
"U(0.001,0.01), eps=1e-07",0.001,0.01,1e-07,binary,1353912064344,0.99855,0.99813,0.99888
"U(0.001,0.01), eps=1e-07",0.001,0.01,1e-07,binary,1633159853642,0.99923,0.99891,0.99946
"U(0.001,0.01), eps=1e-07",0.001,0.01,1e-07,binary,1970003206110,0.99945,0.99917,0.99964
"U(0.001,0.01), eps=1e-07",0.001,0.01,1e-07,binary,2376321352395,0.99965,0.99941,0.99979
"U(0.001,0.01), eps=1e-07",0.001,0.01,1e-07,binary,2866443644525,0.9997,0.99948,0.99983
"U(0.001,0.01), eps=1e-07",0.001,0.01,1e-07,binary,3457654899644,0.99972,0.9995,0.99984
"U(0.001,0.01), eps=1e-07",0.001,0.01,1e-07,binary,4170804972171,0.99972,0.9995,0.99984
"U(0.001,0.01), eps=1e-07",0.001,0.01,1e-07,binary,5031044051758,0.99972,0.9995,0.99984
"U(0.001,0.01), eps=1e-07",0.001,0.01,1e-07,binary,6068709618315,0.99972,0.9995,0.99984
"U(0.001,0.01), eps=1e-07",0.001,0.01,1e-07,binary,7320396333752,0.99972,0.9995,0.99984
"U(0.001,0.01), eps=1e-07",0.001,0.01,1e-07,binary,8830246601596,0.99972,0.9995,0.99984
"U(0.001,0.01), eps=1e-07",0.001,0.01,1e-07,binary,10651507307808,0.99972,0.9995,0.99984
"U(0.001,0.01), eps=1e-07",0.001,0.01,1e-07,binary,12848407643312,0.99972,0.9995,0.99984
"U(0.001,0.01), eps=1e-07",0.001,0.01,1e-07,reverse_eng,8565605095,0.27187,0.26753,0.27625
"U(0.001,0.01), eps=1e-07",0.001,0.01,1e-07,reverse_eng,10332282821,0.29673,0.29227,0.30123
"U(0.001,0.01), eps=1e-07",0.001,0.01,1e-07,reverse_eng,12463342298,0.32285,0.31829,0.32745
"U(0.001,0.01), eps=1e-07",0.001,0.01,1e-07,reverse_eng,15033938186,0.35202,0.34735,0.35671
"U(0.001,0.01), eps=1e-07",0.001,0.01,1e-07,reverse_eng,18134725979,0.3824,0.37765,0.38717
"U(0.001,0.01), eps=1e-07",0.001,0.01,1e-07,reverse_eng,21875059102,0.41442,0.4096,0.41926
"U(0.001,0.01), eps=1e-07",0.001,0.01,1e-07,reverse_eng,26386845396,0.44465,0.43979,0.44952
"U(0.001,0.01), eps=1e-07",0.001,0.01,1e-07,reverse_eng,31829199030,0.48145,0.47656,0.48635
"U(0.001,0.01), eps=1e-07",0.001,0.01,1e-07,reverse_eng,38394051873,0.5194,0.5145,0.52429
"U(0.001,0.01), eps=1e-07",0.001,0.01,1e-07,reverse_eng,46312922226,0.56453,0.55967,0.56938
"U(0.001,0.01), eps=1e-07",0.001,0.01,1e-07,reverse_eng,55865079629,0.59862,0.59381,0.60341
"U(0.001,0.01), eps=1e-07",0.001,0.01,1e-07,reverse_eng,67387393667,0.63882,0.6341,0.64351
"U(0.001,0.01), eps=1e-07",0.001,0.01,1e-07,reverse_eng,81286214132,0.68898,0.68443,0.6935
"U(0.001,0.01), eps=1e-07",0.001,0.01,1e-07,reverse_eng,98051701489,0.72085,0.71643,0.72522
"U(0.001,0.01), eps=1e-07",0.001,0.01,1e-07,reverse_eng,118275113038,0.75982,0.75561,0.76398
"U(0.001,0.01), eps=1e-07",0.001,0.01,1e-07,reverse_eng,142669654393,0.7998,0.79585,0.80369
"U(0.001,0.01), eps=1e-07",0.001,0.01,1e-07,reverse_eng,172095631632,0.84032,0.8367,0.84388
"U(0.001,0.01), eps=1e-07",0.001,0.01,1e-07,reverse_eng,207590791138,0.8718,0.86849,0.87504
"U(0.001,0.01), eps=1e-07",0.001,0.01,1e-07,reverse_eng,250406917112,0.9005,0.89753,0.9034
"U(0.001,0.01), eps=1e-07",0.001,0.01,1e-07,reverse_eng,302053977412,0.92188,0.91921,0.92447
"U(0.001,0.01), eps=1e-07",0.001,0.01,1e-07,reverse_eng,364353374591,0.94303,0.94072,0.94526
"U(0.001,0.01), eps=1e-07",0.001,0.01,1e-07,reverse_eng,439502180084,0.96113,0.95919,0.96298
"U(0.001,0.01), eps=1e-07",0.001,0.01,1e-07,reverse_eng,530150616871,0.97667,0.97514,0.9781
"U(0.001,0.01), eps=1e-07",0.001,0.01,1e-07,reverse_eng,639495523129,0.9848,0.98355,0.98595
"U(0.001,0.01), eps=1e-07",0.001,0.01,1e-07,reverse_eng,771393092995,0.99143,0.99048,0.99229
"U(0.001,0.01), eps=1e-07",0.001,0.01,1e-07,reverse_eng,930494870409,0.9959,0.99522,0.99648
"U(0.001,0.01), eps=1e-07",0.001,0.01,1e-07,reverse_eng,1122411792016,0.99808,0.9976,0.99846
"U(0.001,0.01), eps=1e-07",0.001,0.01,1e-07,reverse_eng,1353912064344,0.99895,0.99858,0.99922
"U(0.001,0.01), eps=1e-07",0.001,0.01,1e-07,reverse_eng,1633159853642,0.99935,0.99905,0.99956
"U(0.001,0.01), eps=1e-07",0.001,0.01,1e-07,reverse_eng,1970003206110,0.99948,0.9992,0.99966
"U(0.001,0.01), eps=1e-07",0.001,0.01,1e-07,reverse_eng,2376321352395,0.9996,0.99935,0.99975
"U(0.001,0.01), eps=1e-07",0.001,0.01,1e-07,reverse_eng,2866443644525,0.9996,0.99935,0.99975
"U(0.001,0.01), eps=1e-07",0.001,0.01,1e-07,reverse_eng,3457654899644,0.9996,0.99935,0.99975
"U(0.001,0.01), eps=1e-07",0.001,0.01,1e-07,reverse_eng,4170804972171,0.99962,0.99938,0.99977
"U(0.001,0.01), eps=1e-07",0.001,0.01,1e-07,reverse_eng,5031044051758,0.99962,0.99938,0.99977
"U(0.001,0.01), eps=1e-07",0.001,0.01,1e-07,reverse_eng,6068709618315,0.99962,0.99938,0.99977
"U(0.001,0.01), eps=1e-07",0.001,0.01,1e-07,reverse_eng,7320396333752,0.99962,0.99938,0.99977
"U(0.001,0.01), eps=1e-07",0.001,0.01,1e-07,reverse_eng,8830246601596,0.99962,0.99938,0.99977
"U(0.001,0.01), eps=1e-07",0.001,0.01,1e-07,reverse_eng,10651507307808,0.99962,0.99938,0.99977
"U(0.001,0.01), eps=1e-07",0.001,0.01,1e-07,reverse_eng,12848407643312,0.99962,0.99938,0.99977
"U(0.001,0.01), eps=1e-07",0.001,0.01,1e-07,binary_risk,8565605095,0.26743,0.26311,0.27179
"U(0.001,0.01), eps=1e-07",0.001,0.01,1e-07,binary_risk,10332282821,0.292,0.28756,0.29648
"U(0.001,0.01), eps=1e-07",0.001,0.01,1e-07,binary_risk,12463342298,0.31843,0.31388,0.32301
"U(0.001,0.01), eps=1e-07",0.001,0.01,1e-07,binary_risk,15033938186,0.34715,0.3425,0.35183
"U(0.001,0.01), eps=1e-07",0.001,0.01,1e-07,binary_risk,18134725979,0.37807,0.37333,0.38283
"U(0.001,0.01), eps=1e-07",0.001,0.01,1e-07,binary_risk,21875059102,0.41115,0.40634,0.41598
"U(0.001,0.01), eps=1e-07",0.001,0.01,1e-07,binary_risk,26386845396,0.44603,0.44116,0.45091
"U(0.001,0.01), eps=1e-07",0.001,0.01,1e-07,binary_risk,31829199030,0.48218,0.47729,0.48708
"U(0.001,0.01), eps=1e-07",0.001,0.01,1e-07,binary_risk,38394051873,0.52205,0.51715,0.52694
"U(0.001,0.01), eps=1e-07",0.001,0.01,1e-07,binary_risk,46312922226,0.56175,0.55688,0.56661
"U(0.001,0.01), eps=1e-07",0.001,0.01,1e-07,binary_risk,55865079629,0.6029,0.5981,0.60768
"U(0.001,0.01), eps=1e-07",0.001,0.01,1e-07,binary_risk,67387393667,0.64592,0.64122,0.65059
"U(0.001,0.01), eps=1e-07",0.001,0.01,1e-07,binary_risk,81286214132,0.68732,0.68276,0.69184
"U(0.001,0.01), eps=1e-07",0.001,0.01,1e-07,binary_risk,98051701489,0.7287,0.72432,0.73304
"U(0.001,0.01), eps=1e-07",0.001,0.01,1e-07,binary_risk,118275113038,0.76815,0.76399,0.77226
"U(0.001,0.01), eps=1e-07",0.001,0.01,1e-07,binary_risk,142669654393,0.80678,0.80288,0.81062
"U(0.001,0.01), eps=1e-07",0.001,0.01,1e-07,binary_risk,172095631632,0.83718,0.83353,0.84077
"U(0.001,0.01), eps=1e-07",0.001,0.01,1e-07,binary_risk,207590791138,0.86985,0.86652,0.87311
"U(0.001,0.01), eps=1e-07",0.001,0.01,1e-07,binary_risk,250406917112,0.9024,0.89945,0.90527
"U(0.001,0.01), eps=1e-07",0.001,0.01,1e-07,binary_risk,302053977412,0.92568,0.92307,0.92821
"U(0.001,0.01), eps=1e-07",0.001,0.01,1e-07,binary_risk,364353374591,0.9487,0.94649,0.95082
"U(0.001,0.01), eps=1e-07",0.001,0.01,1e-07,binary_risk,439502180084,0.96408,0.96221,0.96586
"U(0.001,0.01), eps=1e-07",0.001,0.01,1e-07,binary_risk,530150616871,0.9781,0.97662,0.97949
"U(0.001,0.01), eps=1e-07",0.001,0.01,1e-07,binary_risk,639495523129,0.9835,0.9822,0.9847
"U(0.001,0.01), eps=1e-07",0.001,0.01,1e-07,binary_risk,771393092995,0.9921,0.99118,0.99292
"U(0.001,0.01), eps=1e-07",0.001,0.01,1e-07,binary_risk,930494870409,0.99582,0.99514,0.99641
"U(0.001,0.01), eps=1e-07",0.001,0.01,1e-07,binary_risk,1122411792016,0.99808,0.9976,0.99846
"U(0.001,0.01), eps=1e-07",0.001,0.01,1e-07,binary_risk,1353912064344,0.99892,0.99855,0.9992
"U(0.001,0.01), eps=1e-07",0.001,0.01,1e-07,binary_risk,1633159853642,0.998,0.99751,0.99839
"U(0.001,0.01), eps=1e-07",0.001,0.01,1e-07,binary_risk,1970003206110,0.9988,0.99841,0.99909
"U(0.001,0.01), eps=1e-07",0.001,0.01,1e-07,binary_risk,2376321352395,0.99938,0.99908,0.99958
"U(0.001,0.01), eps=1e-07",0.001,0.01,1e-07,binary_risk,2866443644525,0.99948,0.9992,0.99966
"U(0.001,0.01), eps=1e-07",0.001,0.01,1e-07,binary_risk,3457654899644,0.99977,0.99957,0.99988
"U(0.001,0.01), eps=1e-07",0.001,0.01,1e-07,binary_risk,4170804972171,0.9999,0.99974,0.99996
"U(0.001,0.01), eps=1e-07",0.001,0.01,1e-07,binary_risk,5031044051758,0.99995,0.99982,0.99999
"U(0.001,0.01), eps=1e-07",0.001,0.01,1e-07,binary_risk,6068709618315,1.0,0.9999,1.0
"U(0.001,0.01), eps=1e-07",0.001,0.01,1e-07,binary_risk,7320396333752,1.0,0.9999,1.0
"U(0.001,0.01), eps=1e-07",0.001,0.01,1e-07,binary_risk,8830246601596,1.0,0.9999,1.0
"U(0.001,0.01), eps=1e-07",0.001,0.01,1e-07,binary_risk,10651507307808,1.0,0.9999,1.0
"U(0.001,0.01), eps=1e-07",0.001,0.01,1e-07,binary_risk,12848407643312,1.0,0.9999,1.0
"U(0.001,0.01), eps=1e-07",0.001,0.01,1e-07,reverse_eng_risk,8565605095,0.2747,0.27035,0.2791
"U(0.001,0.01), eps=1e-07",0.001,0.01,1e-07,reverse_eng_risk,10332282821,0.2991,0.29463,0.30361
"U(0.001,0.01), eps=1e-07",0.001,0.01,1e-07,reverse_eng_risk,12463342298,0.32595,0.32137,0.33056
"U(0.001,0.01), eps=1e-07",0.001,0.01,1e-07,reverse_eng_risk,15033938186,0.35578,0.3511,0.36049
"U(0.001,0.01), eps=1e-07",0.001,0.01,1e-07,reverse_eng_risk,18134725979,0.38543,0.38067,0.39021
"U(0.001,0.01), eps=1e-07",0.001,0.01,1e-07,reverse_eng_risk,21875059102,0.41913,0.4143,0.42397
"U(0.001,0.01), eps=1e-07",0.001,0.01,1e-07,reverse_eng_risk,26386845396,0.45475,0.44987,0.45963
"U(0.001,0.01), eps=1e-07",0.001,0.01,1e-07,reverse_eng_risk,31829199030,0.48852,0.48362,0.49342
"U(0.001,0.01), eps=1e-07",0.001,0.01,1e-07,reverse_eng_risk,38394051873,0.52745,0.52256,0.53234
"U(0.001,0.01), eps=1e-07",0.001,0.01,1e-07,reverse_eng_risk,46312922226,0.5673,0.56244,0.57215
"U(0.001,0.01), eps=1e-07",0.001,0.01,1e-07,reverse_eng_risk,55865079629,0.60608,0.60128,0.61086
"U(0.001,0.01), eps=1e-07",0.001,0.01,1e-07,reverse_eng_risk,67387393667,0.64877,0.64408,0.65343
"U(0.001,0.01), eps=1e-07",0.001,0.01,1e-07,reverse_eng_risk,81286214132,0.69158,0.68704,0.69609
"U(0.001,0.01), eps=1e-07",0.001,0.01,1e-07,reverse_eng_risk,98051701489,0.7309,0.72653,0.73522
"U(0.001,0.01), eps=1e-07",0.001,0.01,1e-07,reverse_eng_risk,118275113038,0.77058,0.76643,0.77467
"U(0.001,0.01), eps=1e-07",0.001,0.01,1e-07,reverse_eng_risk,142669654393,0.80665,0.80275,0.81049
"U(0.001,0.01), eps=1e-07",0.001,0.01,1e-07,reverse_eng_risk,172095631632,0.8455,0.84192,0.84901
"U(0.001,0.01), eps=1e-07",0.001,0.01,1e-07,reverse_eng_risk,207590791138,0.87357,0.87028,0.87679
"U(0.001,0.01), eps=1e-07",0.001,0.01,1e-07,reverse_eng_risk,250406917112,0.90243,0.89948,0.9053
"U(0.001,0.01), eps=1e-07",0.001,0.01,1e-07,reverse_eng_risk,302053977412,0.9281,0.92553,0.93059
"U(0.001,0.01), eps=1e-07",0.001,0.01,1e-07,reverse_eng_risk,364353374591,0.94652,0.94427,0.94868
"U(0.001,0.01), eps=1e-07",0.001,0.01,1e-07,reverse_eng_risk,439502180084,0.96362,0.96174,0.96541
"U(0.001,0.01), eps=1e-07",0.001,0.01,1e-07,reverse_eng_risk,530150616871,0.97777,0.97628,0.97917
"U(0.001,0.01), eps=1e-07",0.001,0.01,1e-07,reverse_eng_risk,639495523129,0.98675,0.98558,0.98782
"U(0.001,0.01), eps=1e-07",0.001,0.01,1e-07,reverse_eng_risk,771393092995,0.99265,0.99176,0.99344
"U(0.001,0.01), eps=1e-07",0.001,0.01,1e-07,reverse_eng_risk,930494870409,0.99635,0.99571,0.9969
"U(0.001,0.01), eps=1e-07",0.001,0.01,1e-07,reverse_eng_risk,1122411792016,0.99825,0.99779,0.99861
"U(0.001,0.01), eps=1e-07",0.001,0.01,1e-07,reverse_eng_risk,1353912064344,0.9992,0.99887,0.99943
"U(0.001,0.01), eps=1e-07",0.001,0.01,1e-07,reverse_eng_risk,1633159853642,0.99965,0.99941,0.99979
"U(0.001,0.01), eps=1e-07",0.001,0.01,1e-07,reverse_eng_risk,1970003206110,0.9998,0.99961,0.9999
"U(0.001,0.01), eps=1e-07",0.001,0.01,1e-07,reverse_eng_risk,2376321352395,0.99992,0.99977,0.99997
"U(0.001,0.01), eps=1e-07",0.001,0.01,1e-07,reverse_eng_risk,2866443644525,0.99995,0.99982,0.99999
"U(0.001,0.01), eps=1e-07",0.001,0.01,1e-07,reverse_eng_risk,3457654899644,0.99997,0.99985,0.99999
"U(0.001,0.01), eps=1e-07",0.001,0.01,1e-07,reverse_eng_risk,4170804972171,1.0,0.9999,1.0
"U(0.001,0.01), eps=1e-07",0.001,0.01,1e-07,reverse_eng_risk,5031044051758,1.0,0.9999,1.0
"U(0.001,0.01), eps=1e-07",0.001,0.01,1e-07,reverse_eng_risk,6068709618315,1.0,0.9999,1.0
"U(0.001,0.01), eps=1e-07",0.001,0.01,1e-07,reverse_eng_risk,7320396333752,1.0,0.9999,1.0
"U(0.001,0.01), eps=1e-07",0.001,0.01,1e-07,reverse_eng_risk,8830246601596,1.0,0.9999,1.0
"U(0.001,0.01), eps=1e-07",0.001,0.01,1e-07,reverse_eng_risk,10651507307808,1.0,0.9999,1.0
"U(0.001,0.01), eps=1e-07",0.001,0.01,1e-07,reverse_eng_risk,12848407643312,1.0,0.9999,1.0
"U(0.01,0.1), eps=1e-08",0.01,0.1,1e-08,brute,8965333333333,0.1851,0.18132,0.18894
"U(0.01,0.1), eps=1e-08",0.01,0.1,1e-08,brute,10814456019797,0.2024,0.19849,0.20637
"U(0.01,0.1), eps=1e-08",0.01,0.1,1e-08,brute,13044964939485,0.2218,0.21776,0.2259
"U(0.01,0.1), eps=1e-08",0.01,0.1,1e-08,brute,15735521968084,0.2425,0.23832,0.24672
"U(0.01,0.1), eps=1e-08",0.01,0.1,1e-08,brute,18981013192192,0.265,0.2607,0.26935
"U(0.01,0.1), eps=1e-08",0.01,0.1,1e-08,brute,22895895193876,0.29178,0.28735,0.29625
"U(0.01,0.1), eps=1e-08",0.01,0.1,1e-08,brute,27618231514879,0.31755,0.31301,0.32213
"U(0.01,0.1), eps=1e-08",0.01,0.1,1e-08,brute,33314561651797,0.34647,0.34182,0.35115
"U(0.01,0.1), eps=1e-08",0.01,0.1,1e-08,brute,40185774293819,0.37722,0.37248,0.38198
"U(0.01,0.1), eps=1e-08",0.01,0.1,1e-08,brute,48474191930623,0.41137,0.40656,0.4162
"U(0.01,0.1), eps=1e-08",0.01,0.1,1e-08,brute,58472116678571,0.44745,0.44258,0.45233
"U(0.01,0.1), eps=1e-08",0.01,0.1,1e-08,brute,70532138705184,0.48575,0.48085,0.49065
"U(0.01,0.1), eps=1e-08",0.01,0.1,1e-08,brute,85079570792251,0.5255,0.5206,0.53039
"U(0.01,0.1), eps=1e-08",0.01,0.1,1e-08,brute,102627447559047,0.56703,0.56217,0.57188
"U(0.01,0.1), eps=1e-08",0.01,0.1,1e-08,brute,123794618313287,0.61193,0.60714,0.61669
"U(0.01,0.1), eps=1e-08",0.01,0.1,1e-08,brute,149327571598378,0.65875,0.65409,0.66338
"U(0.01,0.1), eps=1e-08",0.01,0.1,1e-08,brute,180126761108769,0.7036,0.69911,0.70806
"U(0.01,0.1), eps=1e-08",0.01,0.1,1e-08,brute,217278361391956,0.74767,0.74339,0.7519
"U(0.01,0.1), eps=1e-08",0.01,0.1,1e-08,brute,262092573244382,0.79265,0.78865,0.79659
"U(0.01,0.1), eps=1e-08",0.01,0.1,1e-08,brute,316149829692175,0.834,0.83032,0.83761
"U(0.01,0.1), eps=1e-08",0.01,0.1,1e-08,brute,381356532072333,0.87135,0.86803,0.8746
"U(0.01,0.1), eps=1e-08",0.01,0.1,1e-08,brute,460012281821689,0.9044,0.90148,0.90724
"U(0.01,0.1), eps=1e-08",0.01,0.1,1e-08,brute,554890978992489,0.93307,0.93058,0.93548
"U(0.01,0.1), eps=1e-08",0.01,0.1,1e-08,brute,669338647542012,0.9546,0.95252,0.9566
"U(0.01,0.1), eps=1e-08",0.01,0.1,1e-08,brute,807391437335714,0.97167,0.97,0.97325
"U(0.01,0.1), eps=1e-08",0.01,0.1,1e-08,brute,973917964362154,0.98377,0.98248,0.98496
"U(0.01,0.1), eps=1e-08",0.01,0.1,1e-08,brute,1174791008977376,0.9924,0.9915,0.99321
"U(0.01,0.1), eps=1e-08",0.01,0.1,1e-08,brute,1417094627346739,0.99672,0.99611,0.99723
"U(0.01,0.1), eps=1e-08",0.01,0.1,1e-08,brute,1709373980145668,0.99875,0.99835,0.99905
"U(0.01,0.1), eps=1e-08",0.01,0.1,1e-08,brute,2061936689062103,0.99972,0.9995,0.99984
"U(0.01,0.1), eps=1e-08",0.01,0.1,1e-08,brute,2487216348840222,0.99992,0.99977,0.99997
"U(0.01,0.1), eps=1e-08",0.01,0.1,1e-08,brute,3000211014602975,1.0,0.9999,1.0
"U(0.01,0.1), eps=1e-08",0.01,0.1,1e-08,brute,3619012128294440,1.0,0.9999,1.0
"U(0.01,0.1), eps=1e-08",0.01,0.1,1e-08,brute,4365442537539460,1.0,0.9999,1.0
"U(0.01,0.1), eps=1e-08",0.01,0.1,1e-08,brute,5265826107507471,1.0,0.9999,1.0
"U(0.01,0.1), eps=1e-08",0.01,0.1,1e-08,brute,6351916067170663,1.0,0.9999,1.0
"U(0.01,0.1), eps=1e-08",0.01,0.1,1e-08,brute,7662014829327249,1.0,0.9999,1.0
"U(0.01,0.1), eps=1e-08",0.01,0.1,1e-08,brute,9242324776338010,1.0,0.9999,1.0
"U(0.01,0.1), eps=1e-08",0.01,0.1,1e-08,brute,11148577648839002,1.0,0.9999,1.0
"U(0.01,0.1), eps=1e-08",0.01,0.1,1e-08,brute,13447999999999998,1.0,0.9999,1.0
"U(0.01,0.1), eps=1e-08",0.01,0.1,1e-08,separable,8965333333333,0.04852,0.04646,0.05067
"U(0.01,0.1), eps=1e-08",0.01,0.1,1e-08,separable,10814456019797,0.0538,0.05163,0.05605
"U(0.01,0.1), eps=1e-08",0.01,0.1,1e-08,separable,13044964939485,0.05917,0.0569,0.06152
"U(0.01,0.1), eps=1e-08",0.01,0.1,1e-08,separable,15735521968084,0.06488,0.06251,0.06734
"U(0.01,0.1), eps=1e-08",0.01,0.1,1e-08,separable,18981013192192,0.07135,0.06887,0.07391
"U(0.01,0.1), eps=1e-08",0.01,0.1,1e-08,separable,22895895193876,0.07838,0.07579,0.08105
"U(0.01,0.1), eps=1e-08",0.01,0.1,1e-08,separable,27618231514879,0.08607,0.08336,0.08886
"U(0.01,0.1), eps=1e-08",0.01,0.1,1e-08,separable,33314561651797,0.0951,0.09226,0.09801
"U(0.01,0.1), eps=1e-08",0.01,0.1,1e-08,separable,40185774293819,0.1038,0.10085,0.10683
"U(0.01,0.1), eps=1e-08",0.01,0.1,1e-08,separable,48474191930623,0.11395,0.11087,0.1171
"U(0.01,0.1), eps=1e-08",0.01,0.1,1e-08,separable,58472116678571,0.12462,0.12142,0.12789
"U(0.01,0.1), eps=1e-08",0.01,0.1,1e-08,separable,70532138705184,0.13655,0.13322,0.13995
"U(0.01,0.1), eps=1e-08",0.01,0.1,1e-08,separable,85079570792251,0.1483,0.14485,0.15182
"U(0.01,0.1), eps=1e-08",0.01,0.1,1e-08,separable,102627447559047,0.16275,0.15916,0.1664
"U(0.01,0.1), eps=1e-08",0.01,0.1,1e-08,separable,123794618313287,0.17815,0.17443,0.18193
"U(0.01,0.1), eps=1e-08",0.01,0.1,1e-08,separable,149327571598378,0.1952,0.19135,0.19911
"U(0.01,0.1), eps=1e-08",0.01,0.1,1e-08,separable,180126761108769,0.2131,0.20911,0.21714
"U(0.01,0.1), eps=1e-08",0.01,0.1,1e-08,separable,217278361391956,0.23333,0.22921,0.2375
"U(0.01,0.1), eps=1e-08",0.01,0.1,1e-08,separable,262092573244382,0.25417,0.24993,0.25846
"U(0.01,0.1), eps=1e-08",0.01,0.1,1e-08,separable,316149829692175,0.27968,0.2753,0.2841
"U(0.01,0.1), eps=1e-08",0.01,0.1,1e-08,separable,381356532072333,0.30602,0.30152,0.31055
"U(0.01,0.1), eps=1e-08",0.01,0.1,1e-08,separable,460012281821689,0.33393,0.32932,0.33857
"U(0.01,0.1), eps=1e-08",0.01,0.1,1e-08,separable,554890978992489,0.36352,0.35882,0.36825
"U(0.01,0.1), eps=1e-08",0.01,0.1,1e-08,separable,669338647542012,0.39653,0.39175,0.40133
"U(0.01,0.1), eps=1e-08",0.01,0.1,1e-08,separable,807391437335714,0.43055,0.4257,0.43541
"U(0.01,0.1), eps=1e-08",0.01,0.1,1e-08,separable,973917964362154,0.46803,0.46314,0.47292
"U(0.01,0.1), eps=1e-08",0.01,0.1,1e-08,separable,1174791008977376,0.5081,0.5032,0.513
"U(0.01,0.1), eps=1e-08",0.01,0.1,1e-08,separable,1417094627346739,0.54802,0.54314,0.55289
"U(0.01,0.1), eps=1e-08",0.01,0.1,1e-08,separable,1709373980145668,0.59232,0.5875,0.59713
"U(0.01,0.1), eps=1e-08",0.01,0.1,1e-08,separable,2061936689062103,0.63815,0.63343,0.64285
"U(0.01,0.1), eps=1e-08",0.01,0.1,1e-08,separable,2487216348840222,0.6831,0.67852,0.68764
"U(0.01,0.1), eps=1e-08",0.01,0.1,1e-08,separable,3000211014602975,0.72823,0.72385,0.73257
"U(0.01,0.1), eps=1e-08",0.01,0.1,1e-08,separable,3619012128294440,0.77333,0.7692,0.77741
"U(0.01,0.1), eps=1e-08",0.01,0.1,1e-08,separable,4365442537539460,0.81717,0.81335,0.82093
"U(0.01,0.1), eps=1e-08",0.01,0.1,1e-08,separable,5265826107507471,0.85525,0.85177,0.85866
"U(0.01,0.1), eps=1e-08",0.01,0.1,1e-08,separable,6351916067170663,0.8911,0.88801,0.89412
"U(0.01,0.1), eps=1e-08",0.01,0.1,1e-08,separable,7662014829327249,0.92087,0.91818,0.92348
"U(0.01,0.1), eps=1e-08",0.01,0.1,1e-08,separable,9242324776338010,0.94593,0.94367,0.9481
"U(0.01,0.1), eps=1e-08",0.01,0.1,1e-08,separable,11148577648839002,0.96485,0.963,0.96661
"U(0.01,0.1), eps=1e-08",0.01,0.1,1e-08,separable,13447999999999998,0.9794,0.97796,0.98075
"U(0.01,0.1), eps=1e-08",0.01,0.1,1e-08,linear,8965333333333,0.24382,0.23964,0.24805
"U(0.01,0.1), eps=1e-08",0.01,0.1,1e-08,linear,10814456019797,0.2681,0.26378,0.27246
"U(0.01,0.1), eps=1e-08",0.01,0.1,1e-08,linear,13044964939485,0.2918,0.28737,0.29627
"U(0.01,0.1), eps=1e-08",0.01,0.1,1e-08,linear,15735521968084,0.32495,0.32038,0.32956
"U(0.01,0.1), eps=1e-08",0.01,0.1,1e-08,linear,18981013192192,0.35387,0.3492,0.35857
"U(0.01,0.1), eps=1e-08",0.01,0.1,1e-08,linear,22895895193876,0.3832,0.37845,0.38798
"U(0.01,0.1), eps=1e-08",0.01,0.1,1e-08,linear,27618231514879,0.4156,0.41078,0.42044
"U(0.01,0.1), eps=1e-08",0.01,0.1,1e-08,linear,33314561651797,0.4541,0.44923,0.45898
"U(0.01,0.1), eps=1e-08",0.01,0.1,1e-08,linear,40185774293819,0.4924,0.4875,0.4973
"U(0.01,0.1), eps=1e-08",0.01,0.1,1e-08,linear,48474191930623,0.52643,0.52153,0.53132
"U(0.01,0.1), eps=1e-08",0.01,0.1,1e-08,linear,58472116678571,0.56507,0.56021,0.56992
"U(0.01,0.1), eps=1e-08",0.01,0.1,1e-08,linear,70532138705184,0.61418,0.6094,0.61894
"U(0.01,0.1), eps=1e-08",0.01,0.1,1e-08,linear,85079570792251,0.65505,0.65038,0.65969
"U(0.01,0.1), eps=1e-08",0.01,0.1,1e-08,linear,102627447559047,0.69445,0.68992,0.69895
"U(0.01,0.1), eps=1e-08",0.01,0.1,1e-08,linear,123794618313287,0.7337,0.72935,0.73801
"U(0.01,0.1), eps=1e-08",0.01,0.1,1e-08,linear,149327571598378,0.77472,0.7706,0.77879
"U(0.01,0.1), eps=1e-08",0.01,0.1,1e-08,linear,180126761108769,0.8143,0.81046,0.81808
"U(0.01,0.1), eps=1e-08",0.01,0.1,1e-08,linear,217278361391956,0.85105,0.84753,0.85451
"U(0.01,0.1), eps=1e-08",0.01,0.1,1e-08,linear,262092573244382,0.88253,0.87934,0.88565
"U(0.01,0.1), eps=1e-08",0.01,0.1,1e-08,linear,316149829692175,0.91068,0.90785,0.91344
"U(0.01,0.1), eps=1e-08",0.01,0.1,1e-08,linear,381356532072333,0.93368,0.9312,0.93608
"U(0.01,0.1), eps=1e-08",0.01,0.1,1e-08,linear,460012281821689,0.95242,0.95029,0.95446
"U(0.01,0.1), eps=1e-08",0.01,0.1,1e-08,linear,554890978992489,0.9635,0.96162,0.96529
"U(0.01,0.1), eps=1e-08",0.01,0.1,1e-08,linear,669338647542012,0.98105,0.97967,0.98234
"U(0.01,0.1), eps=1e-08",0.01,0.1,1e-08,linear,807391437335714,0.98415,0.98288,0.98533
"U(0.01,0.1), eps=1e-08",0.01,0.1,1e-08,linear,973917964362154,0.98995,0.98892,0.99088
"U(0.01,0.1), eps=1e-08",0.01,0.1,1e-08,linear,1174791008977376,0.99615,0.99549,0.99671
"U(0.01,0.1), eps=1e-08",0.01,0.1,1e-08,linear,1417094627346739,0.99805,0.99757,0.99844
"U(0.01,0.1), eps=1e-08",0.01,0.1,1e-08,linear,1709373980145668,0.99872,0.99832,0.99903
"U(0.01,0.1), eps=1e-08",0.01,0.1,1e-08,linear,2061936689062103,0.99865,0.99824,0.99897
"U(0.01,0.1), eps=1e-08",0.01,0.1,1e-08,linear,2487216348840222,0.99965,0.99941,0.99979
"U(0.01,0.1), eps=1e-08",0.01,0.1,1e-08,linear,3000211014602975,0.99992,0.99977,0.99997
"U(0.01,0.1), eps=1e-08",0.01,0.1,1e-08,linear,3619012128294440,0.99995,0.99982,0.99999
"U(0.01,0.1), eps=1e-08",0.01,0.1,1e-08,linear,4365442537539460,0.99995,0.99982,0.99999
"U(0.01,0.1), eps=1e-08",0.01,0.1,1e-08,linear,5265826107507471,0.99995,0.99982,0.99999
"U(0.01,0.1), eps=1e-08",0.01,0.1,1e-08,linear,6351916067170663,0.99995,0.99982,0.99999
"U(0.01,0.1), eps=1e-08",0.01,0.1,1e-08,linear,7662014829327249,0.99995,0.99982,0.99999
"U(0.01,0.1), eps=1e-08",0.01,0.1,1e-08,linear,9242324776338010,0.99995,0.99982,0.99999
"U(0.01,0.1), eps=1e-08",0.01,0.1,1e-08,linear,11148577648839002,0.99995,0.99982,0.99999
"U(0.01,0.1), eps=1e-08",0.01,0.1,1e-08,linear,13447999999999998,0.99995,0.99982,0.99999
"U(0.01,0.1), eps=1e-08",0.01,0.1,1e-08,binary,8965333333333,0.26412,0.25982,0.26846
"U(0.01,0.1), eps=1e-08",0.01,0.1,1e-08,binary,10814456019797,0.2868,0.28239,0.29125
"U(0.01,0.1), eps=1e-08",0.01,0.1,1e-08,binary,13044964939485,0.31257,0.30805,0.31713
"U(0.01,0.1), eps=1e-08",0.01,0.1,1e-08,binary,15735521968084,0.34127,0.33664,0.34593
"U(0.01,0.1), eps=1e-08",0.01,0.1,1e-08,binary,18981013192192,0.37267,0.36794,0.37742
"U(0.01,0.1), eps=1e-08",0.01,0.1,1e-08,binary,22895895193876,0.40623,0.40143,0.41105
"U(0.01,0.1), eps=1e-08",0.01,0.1,1e-08,binary,27618231514879,0.44165,0.43679,0.44652
"U(0.01,0.1), eps=1e-08",0.01,0.1,1e-08,binary,33314561651797,0.47705,0.47216,0.48195
"U(0.01,0.1), eps=1e-08",0.01,0.1,1e-08,binary,40185774293819,0.5163,0.5114,0.5212
"U(0.01,0.1), eps=1e-08",0.01,0.1,1e-08,binary,48474191930623,0.55615,0.55128,0.56101
"U(0.01,0.1), eps=1e-08",0.01,0.1,1e-08,binary,58472116678571,0.59495,0.59013,0.59975
"U(0.01,0.1), eps=1e-08",0.01,0.1,1e-08,binary,70532138705184,0.6374,0.63268,0.6421
"U(0.01,0.1), eps=1e-08",0.01,0.1,1e-08,binary,85079570792251,0.67717,0.67257,0.68173
"U(0.01,0.1), eps=1e-08",0.01,0.1,1e-08,binary,102627447559047,0.71542,0.71098,0.71982
"U(0.01,0.1), eps=1e-08",0.01,0.1,1e-08,binary,123794618313287,0.75362,0.74937,0.75782
"U(0.01,0.1), eps=1e-08",0.01,0.1,1e-08,binary,149327571598378,0.79145,0.78744,0.7954
"U(0.01,0.1), eps=1e-08",0.01,0.1,1e-08,binary,180126761108769,0.82785,0.82412,0.83152
"U(0.01,0.1), eps=1e-08",0.01,0.1,1e-08,binary,217278361391956,0.86155,0.85813,0.8649
"U(0.01,0.1), eps=1e-08",0.01,0.1,1e-08,binary,262092573244382,0.88658,0.88344,0.88965
"U(0.01,0.1), eps=1e-08",0.01,0.1,1e-08,binary,316149829692175,0.91112,0.90829,0.91387
"U(0.01,0.1), eps=1e-08",0.01,0.1,1e-08,binary,381356532072333,0.9391,0.93671,0.9414
"U(0.01,0.1), eps=1e-08",0.01,0.1,1e-08,binary,460012281821689,0.95857,0.95657,0.96048
"U(0.01,0.1), eps=1e-08",0.01,0.1,1e-08,binary,554890978992489,0.97232,0.97067,0.97388
"U(0.01,0.1), eps=1e-08",0.01,0.1,1e-08,binary,669338647542012,0.98262,0.98129,0.98386
"U(0.01,0.1), eps=1e-08",0.01,0.1,1e-08,binary,807391437335714,0.98975,0.98871,0.99069
"U(0.01,0.1), eps=1e-08",0.01,0.1,1e-08,binary,973917964362154,0.9941,0.9933,0.9948
"U(0.01,0.1), eps=1e-08",0.01,0.1,1e-08,binary,1174791008977376,0.99613,0.99547,0.99669
"U(0.01,0.1), eps=1e-08",0.01,0.1,1e-08,binary,1417094627346739,0.99803,0.99755,0.99842
"U(0.01,0.1), eps=1e-08",0.01,0.1,1e-08,binary,1709373980145668,0.99908,0.99873,0.99933
"U(0.01,0.1), eps=1e-08",0.01,0.1,1e-08,binary,2061936689062103,0.99955,0.99929,0.99972
"U(0.01,0.1), eps=1e-08",0.01,0.1,1e-08,binary,2487216348840222,0.99955,0.99929,0.99972
"U(0.01,0.1), eps=1e-08",0.01,0.1,1e-08,binary,3000211014602975,0.9994,0.99911,0.9996
"U(0.01,0.1), eps=1e-08",0.01,0.1,1e-08,binary,3619012128294440,0.99833,0.99788,0.99869
"U(0.01,0.1), eps=1e-08",0.01,0.1,1e-08,binary,4365442537539460,0.99833,0.99788,0.99869
"U(0.01,0.1), eps=1e-08",0.01,0.1,1e-08,binary,5265826107507471,0.99833,0.99788,0.99869
"U(0.01,0.1), eps=1e-08",0.01,0.1,1e-08,binary,6351916067170663,0.99833,0.99788,0.99869
"U(0.01,0.1), eps=1e-08",0.01,0.1,1e-08,binary,7662014829327249,0.99833,0.99788,0.99869
"U(0.01,0.1), eps=1e-08",0.01,0.1,1e-08,binary,9242324776338010,0.99833,0.99788,0.99869
"U(0.01,0.1), eps=1e-08",0.01,0.1,1e-08,binary,11148577648839002,0.99833,0.99788,0.99869
"U(0.01,0.1), eps=1e-08",0.01,0.1,1e-08,binary,13447999999999998,0.99833,0.99788,0.99869
"U(0.01,0.1), eps=1e-08",0.01,0.1,1e-08,reverse_eng,8965333333333,0.27437,0.27002,0.27876
"U(0.01,0.1), eps=1e-08",0.01,0.1,1e-08,reverse_eng,10814456019797,0.29938,0.29491,0.30389
"U(0.01,0.1), eps=1e-08",0.01,0.1,1e-08,reverse_eng,13044964939485,0.32612,0.32154,0.33073
"U(0.01,0.1), eps=1e-08",0.01,0.1,1e-08,reverse_eng,15735521968084,0.35535,0.35067,0.36005
"U(0.01,0.1), eps=1e-08",0.01,0.1,1e-08,reverse_eng,18981013192192,0.38598,0.38122,0.39076
"U(0.01,0.1), eps=1e-08",0.01,0.1,1e-08,reverse_eng,22895895193876,0.4184,0.41357,0.42324
"U(0.01,0.1), eps=1e-08",0.01,0.1,1e-08,reverse_eng,27618231514879,0.45298,0.44811,0.45786
"U(0.01,0.1), eps=1e-08",0.01,0.1,1e-08,reverse_eng,33314561651797,0.4908,0.4859,0.4957
"U(0.01,0.1), eps=1e-08",0.01,0.1,1e-08,reverse_eng,40185774293819,0.52928,0.52439,0.53417
"U(0.01,0.1), eps=1e-08",0.01,0.1,1e-08,reverse_eng,48474191930623,0.56752,0.56266,0.57237
"U(0.01,0.1), eps=1e-08",0.01,0.1,1e-08,reverse_eng,58472116678571,0.60793,0.60314,0.6127
"U(0.01,0.1), eps=1e-08",0.01,0.1,1e-08,reverse_eng,70532138705184,0.6495,0.64481,0.65416
"U(0.01,0.1), eps=1e-08",0.01,0.1,1e-08,reverse_eng,85079570792251,0.69165,0.68711,0.69616
"U(0.01,0.1), eps=1e-08",0.01,0.1,1e-08,reverse_eng,102627447559047,0.73075,0.72638,0.73507
"U(0.01,0.1), eps=1e-08",0.01,0.1,1e-08,reverse_eng,123794618313287,0.7699,0.76575,0.774
"U(0.01,0.1), eps=1e-08",0.01,0.1,1e-08,reverse_eng,149327571598378,0.80715,0.80325,0.81099
"U(0.01,0.1), eps=1e-08",0.01,0.1,1e-08,reverse_eng,180126761108769,0.84145,0.83784,0.845
"U(0.01,0.1), eps=1e-08",0.01,0.1,1e-08,reverse_eng,217278361391956,0.8725,0.8692,0.87573
"U(0.01,0.1), eps=1e-08",0.01,0.1,1e-08,reverse_eng,262092573244382,0.901,0.89803,0.90389
"U(0.01,0.1), eps=1e-08",0.01,0.1,1e-08,reverse_eng,316149829692175,0.9262,0.9236,0.92872
"U(0.01,0.1), eps=1e-08",0.01,0.1,1e-08,reverse_eng,381356532072333,0.94635,0.9441,0.94852
"U(0.01,0.1), eps=1e-08",0.01,0.1,1e-08,reverse_eng,460012281821689,0.96115,0.95921,0.963
"U(0.01,0.1), eps=1e-08",0.01,0.1,1e-08,reverse_eng,554890978992489,0.97593,0.97438,0.97739
"U(0.01,0.1), eps=1e-08",0.01,0.1,1e-08,reverse_eng,669338647542012,0.98525,0.98402,0.98639
"U(0.01,0.1), eps=1e-08",0.01,0.1,1e-08,reverse_eng,807391437335714,0.9917,0.99076,0.99254
"U(0.01,0.1), eps=1e-08",0.01,0.1,1e-08,reverse_eng,973917964362154,0.99585,0.99517,0.99643
"U(0.01,0.1), eps=1e-08",0.01,0.1,1e-08,reverse_eng,1174791008977376,0.99733,0.99677,0.99779
"U(0.01,0.1), eps=1e-08",0.01,0.1,1e-08,reverse_eng,1417094627346739,0.99835,0.9979,0.9987
"U(0.01,0.1), eps=1e-08",0.01,0.1,1e-08,reverse_eng,1709373980145668,0.99908,0.99873,0.99933
"U(0.01,0.1), eps=1e-08",0.01,0.1,1e-08,reverse_eng,2061936689062103,0.99955,0.99929,0.99972
"U(0.01,0.1), eps=1e-08",0.01,0.1,1e-08,reverse_eng,2487216348840222,0.99977,0.99957,0.99988
"U(0.01,0.1), eps=1e-08",0.01,0.1,1e-08,reverse_eng,3000211014602975,0.99985,0.99967,0.99993
"U(0.01,0.1), eps=1e-08",0.01,0.1,1e-08,reverse_eng,3619012128294440,0.99985,0.99967,0.99993
"U(0.01,0.1), eps=1e-08",0.01,0.1,1e-08,reverse_eng,4365442537539460,0.99985,0.99967,0.99993
"U(0.01,0.1), eps=1e-08",0.01,0.1,1e-08,reverse_eng,5265826107507471,0.99985,0.99967,0.99993
"U(0.01,0.1), eps=1e-08",0.01,0.1,1e-08,reverse_eng,6351916067170663,0.99985,0.99967,0.99993
"U(0.01,0.1), eps=1e-08",0.01,0.1,1e-08,reverse_eng,7662014829327249,0.99985,0.99967,0.99993
"U(0.01,0.1), eps=1e-08",0.01,0.1,1e-08,reverse_eng,9242324776338010,0.99985,0.99967,0.99993
"U(0.01,0.1), eps=1e-08",0.01,0.1,1e-08,reverse_eng,11148577648839002,0.99985,0.99967,0.99993
"U(0.01,0.1), eps=1e-08",0.01,0.1,1e-08,reverse_eng,13447999999999998,0.99985,0.99967,0.99993
"U(0.01,0.1), eps=1e-08",0.01,0.1,1e-08,binary_risk,8965333333333,0.27513,0.27078,0.27953
"U(0.01,0.1), eps=1e-08",0.01,0.1,1e-08,binary_risk,10814456019797,0.30007,0.2956,0.30458
"U(0.01,0.1), eps=1e-08",0.01,0.1,1e-08,binary_risk,13044964939485,0.32717,0.32259,0.33178
"U(0.01,0.1), eps=1e-08",0.01,0.1,1e-08,binary_risk,15735521968084,0.35695,0.35227,0.36166
"U(0.01,0.1), eps=1e-08",0.01,0.1,1e-08,binary_risk,18981013192192,0.39027,0.3855,0.39506
"U(0.01,0.1), eps=1e-08",0.01,0.1,1e-08,binary_risk,22895895193876,0.4234,0.41857,0.42825
"U(0.01,0.1), eps=1e-08",0.01,0.1,1e-08,binary_risk,27618231514879,0.46025,0.45537,0.46514
"U(0.01,0.1), eps=1e-08",0.01,0.1,1e-08,binary_risk,33314561651797,0.496,0.4911,0.5009
"U(0.01,0.1), eps=1e-08",0.01,0.1,1e-08,binary_risk,40185774293819,0.53773,0.53284,0.54261
"U(0.01,0.1), eps=1e-08",0.01,0.1,1e-08,binary_risk,48474191930623,0.57568,0.57083,0.58052
"U(0.01,0.1), eps=1e-08",0.01,0.1,1e-08,binary_risk,58472116678571,0.61682,0.61204,0.62157
"U(0.01,0.1), eps=1e-08",0.01,0.1,1e-08,binary_risk,70532138705184,0.6597,0.65504,0.66433
"U(0.01,0.1), eps=1e-08",0.01,0.1,1e-08,binary_risk,85079570792251,0.69863,0.69411,0.70311
"U(0.01,0.1), eps=1e-08",0.01,0.1,1e-08,binary_risk,102627447559047,0.73818,0.73385,0.74247
"U(0.01,0.1), eps=1e-08",0.01,0.1,1e-08,binary_risk,123794618313287,0.77472,0.7706,0.77879
"U(0.01,0.1), eps=1e-08",0.01,0.1,1e-08,binary_risk,149327571598378,0.8128,0.80895,0.81659
"U(0.01,0.1), eps=1e-08",0.01,0.1,1e-08,binary_risk,180126761108769,0.84747,0.84391,0.85096
"U(0.01,0.1), eps=1e-08",0.01,0.1,1e-08,binary_risk,217278361391956,0.8788,0.87557,0.88196
"U(0.01,0.1), eps=1e-08",0.01,0.1,1e-08,binary_risk,262092573244382,0.90785,0.90498,0.91065
"U(0.01,0.1), eps=1e-08",0.01,0.1,1e-08,binary_risk,316149829692175,0.93117,0.92865,0.93361
"U(0.01,0.1), eps=1e-08",0.01,0.1,1e-08,binary_risk,381356532072333,0.95042,0.94825,0.9525
"U(0.01,0.1), eps=1e-08",0.01,0.1,1e-08,binary_risk,460012281821689,0.967,0.9652,0.96871
"U(0.01,0.1), eps=1e-08",0.01,0.1,1e-08,binary_risk,554890978992489,0.9789,0.97744,0.98026
"U(0.01,0.1), eps=1e-08",0.01,0.1,1e-08,binary_risk,669338647542012,0.98655,0.98537,0.98763
"U(0.01,0.1), eps=1e-08",0.01,0.1,1e-08,binary_risk,807391437335714,0.9929,0.99203,0.99368
"U(0.01,0.1), eps=1e-08",0.01,0.1,1e-08,binary_risk,973917964362154,0.99618,0.99553,0.99674
"U(0.01,0.1), eps=1e-08",0.01,0.1,1e-08,binary_risk,1174791008977376,0.99825,0.99779,0.99861
"U(0.01,0.1), eps=1e-08",0.01,0.1,1e-08,binary_risk,1417094627346739,0.9992,0.99887,0.99943
"U(0.01,0.1), eps=1e-08",0.01,0.1,1e-08,binary_risk,1709373980145668,0.99887,0.99849,0.99915
"U(0.01,0.1), eps=1e-08",0.01,0.1,1e-08,binary_risk,2061936689062103,0.9987,0.9983,0.99901
"U(0.01,0.1), eps=1e-08",0.01,0.1,1e-08,binary_risk,2487216348840222,0.99975,0.99954,0.99986
"U(0.01,0.1), eps=1e-08",0.01,0.1,1e-08,binary_risk,3000211014602975,0.99987,0.9997,0.99994
"U(0.01,0.1), eps=1e-08",0.01,0.1,1e-08,binary_risk,3619012128294440,0.9999,0.99974,0.99996
"U(0.01,0.1), eps=1e-08",0.01,0.1,1e-08,binary_risk,4365442537539460,1.0,0.9999,1.0
"U(0.01,0.1), eps=1e-08",0.01,0.1,1e-08,binary_risk,5265826107507471,0.99997,0.99985,0.99999
"U(0.01,0.1), eps=1e-08",0.01,0.1,1e-08,binary_risk,6351916067170663,1.0,0.9999,1.0
"U(0.01,0.1), eps=1e-08",0.01,0.1,1e-08,binary_risk,7662014829327249,1.0,0.9999,1.0
"U(0.01,0.1), eps=1e-08",0.01,0.1,1e-08,binary_risk,9242324776338010,1.0,0.9999,1.0
"U(0.01,0.1), eps=1e-08",0.01,0.1,1e-08,binary_risk,11148577648839002,1.0,0.9999,1.0
"U(0.01,0.1), eps=1e-08",0.01,0.1,1e-08,binary_risk,13447999999999998,1.0,0.9999,1.0
"U(0.01,0.1), eps=1e-08",0.01,0.1,1e-08,reverse_eng_risk,8965333333333,0.27892,0.27455,0.28334
"U(0.01,0.1), eps=1e-08",0.01,0.1,1e-08,reverse_eng_risk,10814456019797,0.3044,0.29991,0.30893
"U(0.01,0.1), eps=1e-08",0.01,0.1,1e-08,reverse_eng_risk,13044964939485,0.33103,0.32643,0.33566
"U(0.01,0.1), eps=1e-08",0.01,0.1,1e-08,reverse_eng_risk,15735521968084,0.36078,0.35609,0.3655
"U(0.01,0.1), eps=1e-08",0.01,0.1,1e-08,reverse_eng_risk,18981013192192,0.39185,0.38708,0.39664
"U(0.01,0.1), eps=1e-08",0.01,0.1,1e-08,reverse_eng_risk,22895895193876,0.42462,0.41978,0.42947
"U(0.01,0.1), eps=1e-08",0.01,0.1,1e-08,reverse_eng_risk,27618231514879,0.46027,0.45539,0.46516
"U(0.01,0.1), eps=1e-08",0.01,0.1,1e-08,reverse_eng_risk,33314561651797,0.49778,0.49288,0.50268
"U(0.01,0.1), eps=1e-08",0.01,0.1,1e-08,reverse_eng_risk,40185774293819,0.5288,0.52391,0.53369
"U(0.01,0.1), eps=1e-08",0.01,0.1,1e-08,reverse_eng_risk,48474191930623,0.5749,0.57005,0.57974
"U(0.01,0.1), eps=1e-08",0.01,0.1,1e-08,reverse_eng_risk,58472116678571,0.6163,0.61152,0.62105
"U(0.01,0.1), eps=1e-08",0.01,0.1,1e-08,reverse_eng_risk,70532138705184,0.64995,0.64526,0.65461
"U(0.01,0.1), eps=1e-08",0.01,0.1,1e-08,reverse_eng_risk,85079570792251,0.69945,0.69494,0.70392
"U(0.01,0.1), eps=1e-08",0.01,0.1,1e-08,reverse_eng_risk,102627447559047,0.73345,0.72909,0.73776
"U(0.01,0.1), eps=1e-08",0.01,0.1,1e-08,reverse_eng_risk,123794618313287,0.77668,0.77257,0.78073
"U(0.01,0.1), eps=1e-08",0.01,0.1,1e-08,reverse_eng_risk,149327571598378,0.80835,0.80446,0.81218
"U(0.01,0.1), eps=1e-08",0.01,0.1,1e-08,reverse_eng_risk,180126761108769,0.84667,0.84311,0.85017
"U(0.01,0.1), eps=1e-08",0.01,0.1,1e-08,reverse_eng_risk,217278361391956,0.87905,0.87582,0.88221
"U(0.01,0.1), eps=1e-08",0.01,0.1,1e-08,reverse_eng_risk,262092573244382,0.90343,0.9005,0.90629
"U(0.01,0.1), eps=1e-08",0.01,0.1,1e-08,reverse_eng_risk,316149829692175,0.92905,0.92649,0.93153
"U(0.01,0.1), eps=1e-08",0.01,0.1,1e-08,reverse_eng_risk,381356532072333,0.9487,0.94649,0.95082
"U(0.01,0.1), eps=1e-08",0.01,0.1,1e-08,reverse_eng_risk,460012281821689,0.96503,0.96318,0.96679
"U(0.01,0.1), eps=1e-08",0.01,0.1,1e-08,reverse_eng_risk,554890978992489,0.97808,0.9766,0.97947
"U(0.01,0.1), eps=1e-08",0.01,0.1,1e-08,reverse_eng_risk,669338647542012,0.98703,0.98587,0.98809
"U(0.01,0.1), eps=1e-08",0.01,0.1,1e-08,reverse_eng_risk,807391437335714,0.99277,0.99189,0.99355
"U(0.01,0.1), eps=1e-08",0.01,0.1,1e-08,reverse_eng_risk,973917964362154,0.99667,0.99606,0.99719
"U(0.01,0.1), eps=1e-08",0.01,0.1,1e-08,reverse_eng_risk,1174791008977376,0.99825,0.99779,0.99861
"U(0.01,0.1), eps=1e-08",0.01,0.1,1e-08,reverse_eng_risk,1417094627346739,0.99915,0.99881,0.99939
"U(0.01,0.1), eps=1e-08",0.01,0.1,1e-08,reverse_eng_risk,1709373980145668,0.99962,0.99938,0.99977
"U(0.01,0.1), eps=1e-08",0.01,0.1,1e-08,reverse_eng_risk,2061936689062103,0.99982,0.99963,0.99991
"U(0.01,0.1), eps=1e-08",0.01,0.1,1e-08,reverse_eng_risk,2487216348840222,0.99992,0.99977,0.99997
"U(0.01,0.1), eps=1e-08",0.01,0.1,1e-08,reverse_eng_risk,3000211014602975,0.99995,0.99982,0.99999
"U(0.01,0.1), eps=1e-08",0.01,0.1,1e-08,reverse_eng_risk,3619012128294440,0.99997,0.99985,0.99999
"U(0.01,0.1), eps=1e-08",0.01,0.1,1e-08,reverse_eng_risk,4365442537539460,1.0,0.9999,1.0
"U(0.01,0.1), eps=1e-08",0.01,0.1,1e-08,reverse_eng_risk,5265826107507471,1.0,0.9999,1.0
"U(0.01,0.1), eps=1e-08",0.01,0.1,1e-08,reverse_eng_risk,6351916067170663,1.0,0.9999,1.0
"U(0.01,0.1), eps=1e-08",0.01,0.1,1e-08,reverse_eng_risk,7662014829327249,1.0,0.9999,1.0
"U(0.01,0.1), eps=1e-08",0.01,0.1,1e-08,reverse_eng_risk,9242324776338010,1.0,0.9999,1.0
"U(0.01,0.1), eps=1e-08",0.01,0.1,1e-08,reverse_eng_risk,11148577648839002,1.0,0.9999,1.0
"U(0.01,0.1), eps=1e-08",0.01,0.1,1e-08,reverse_eng_risk,13447999999999998,1.0,0.9999,1.0
"U(0.001,0.01), eps=1e-08",0.001,0.01,1e-08,brute,856560509554,0.185,0.18123,0.18884
"U(0.001,0.01), eps=1e-08",0.001,0.01,1e-08,brute,1033228282146,0.20228,0.19837,0.20625
"U(0.001,0.01), eps=1e-08",0.001,0.01,1e-08,brute,1246334229887,0.22177,0.21773,0.22587
"U(0.001,0.01), eps=1e-08",0.001,0.01,1e-08,brute,1503393818606,0.24238,0.23821,0.2466
"U(0.001,0.01), eps=1e-08",0.001,0.01,1e-08,brute,1813472597980,0.2649,0.2606,0.26925
"U(0.001,0.01), eps=1e-08",0.001,0.01,1e-08,brute,2187505910242,0.2917,0.28727,0.29617
"U(0.001,0.01), eps=1e-08",0.001,0.01,1e-08,brute,2638684539638,0.31745,0.31291,0.32203
"U(0.001,0.01), eps=1e-08",0.001,0.01,1e-08,brute,3182919903037,0.34632,0.34167,0.351
"U(0.001,0.01), eps=1e-08",0.001,0.01,1e-08,brute,3839405187307,0.37715,0.37241,0.38191
"U(0.001,0.01), eps=1e-08",0.001,0.01,1e-08,brute,4631292222671,0.41128,0.40647,0.41611
"U(0.001,0.01), eps=1e-08",0.001,0.01,1e-08,brute,5586507962920,0.44738,0.44251,0.45226
"U(0.001,0.01), eps=1e-08",0.001,0.01,1e-08,brute,6738739366737,0.48568,0.48078,0.49058
"U(0.001,0.01), eps=1e-08",0.001,0.01,1e-08,brute,8128621413272,0.52548,0.52058,0.53037
"U(0.001,0.01), eps=1e-08",0.001,0.01,1e-08,brute,9805170148953,0.56698,0.56212,0.57183
"U(0.001,0.01), eps=1e-08",0.001,0.01,1e-08,brute,11827511303817,0.61182,0.60703,0.61658
"U(0.001,0.01), eps=1e-08",0.001,0.01,1e-08,brute,14266965439335,0.65865,0.65399,0.66328
"U(0.001,0.01), eps=1e-08",0.001,0.01,1e-08,brute,17209563163258,0.70355,0.69906,0.70801
"U(0.001,0.01), eps=1e-08",0.001,0.01,1e-08,brute,20759079113881,0.74765,0.74337,0.75188
"U(0.001,0.01), eps=1e-08",0.001,0.01,1e-08,brute,25040691711246,0.79265,0.78865,0.79659
"U(0.001,0.01), eps=1e-08",0.001,0.01,1e-08,brute,30205397741290,0.834,0.83032,0.83761
"U(0.001,0.01), eps=1e-08",0.001,0.01,1e-08,brute,36435337459140,0.87135,0.86803,0.8746
"U(0.001,0.01), eps=1e-08",0.001,0.01,1e-08,brute,43950218008441,0.90443,0.90151,0.90727
"U(0.001,0.01), eps=1e-08",0.001,0.01,1e-08,brute,53015061687180,0.9331,0.93061,0.93551
"U(0.001,0.01), eps=1e-08",0.001,0.01,1e-08,brute,63949552312931,0.95462,0.95254,0.95662
"U(0.001,0.01), eps=1e-08",0.001,0.01,1e-08,brute,77139309299590,0.9717,0.97003,0.97328
"U(0.001,0.01), eps=1e-08",0.001,0.01,1e-08,brute,93049487040969,0.98377,0.98248,0.98496
"U(0.001,0.01), eps=1e-08",0.001,0.01,1e-08,brute,112241179201660,0.9924,0.9915,0.99321
"U(0.001,0.01), eps=1e-08",0.001,0.01,1e-08,brute,135391206434402,0.99672,0.99611,0.99723
"U(0.001,0.01), eps=1e-08",0.001,0.01,1e-08,brute,163315985364235,0.99875,0.99835,0.99905
"U(0.001,0.01), eps=1e-08",0.001,0.01,1e-08,brute,197000320611029,0.99972,0.9995,0.99984
"U(0.001,0.01), eps=1e-08",0.001,0.01,1e-08,brute,237632135239512,0.99992,0.99977,0.99997
"U(0.001,0.01), eps=1e-08",0.001,0.01,1e-08,brute,286644364452512,1.0,0.9999,1.0
"U(0.001,0.01), eps=1e-08",0.001,0.01,1e-08,brute,345765489964437,1.0,0.9999,1.0
"U(0.001,0.01), eps=1e-08",0.001,0.01,1e-08,brute,417080497217146,1.0,0.9999,1.0
"U(0.001,0.01), eps=1e-08",0.001,0.01,1e-08,brute,503104405175871,1.0,0.9999,1.0
"U(0.001,0.01), eps=1e-08",0.001,0.01,1e-08,brute,606870961831593,1.0,0.9999,1.0
"U(0.001,0.01), eps=1e-08",0.001,0.01,1e-08,brute,732039633375216,1.0,0.9999,1.0
"U(0.001,0.01), eps=1e-08",0.001,0.01,1e-08,brute,883024660159680,1.0,0.9999,1.0
"U(0.001,0.01), eps=1e-08",0.001,0.01,1e-08,brute,1065150730780802,1.0,0.9999,1.0
"U(0.001,0.01), eps=1e-08",0.001,0.01,1e-08,brute,1284840764331210,1.0,0.9999,1.0
"U(0.001,0.01), eps=1e-08",0.001,0.01,1e-08,separable,856560509554,0.0151,0.01395,0.01634
"U(0.001,0.01), eps=1e-08",0.001,0.01,1e-08,separable,1033228282146,0.01673,0.01552,0.01803
"U(0.001,0.01), eps=1e-08",0.001,0.01,1e-08,separable,1246334229887,0.01818,0.01692,0.01954
"U(0.001,0.01), eps=1e-08",0.001,0.01,1e-08,separable,1503393818606,0.01972,0.0184,0.02113
"U(0.001,0.01), eps=1e-08",0.001,0.01,1e-08,separable,1813472597980,0.02158,0.0202,0.02305
"U(0.001,0.01), eps=1e-08",0.001,0.01,1e-08,separable,2187505910242,0.0239,0.02245,0.02544
"U(0.001,0.01), eps=1e-08",0.001,0.01,1e-08,separable,2638684539638,0.02645,0.02492,0.02807
"U(0.001,0.01), eps=1e-08",0.001,0.01,1e-08,separable,3182919903037,0.02902,0.02742,0.03071
"U(0.001,0.01), eps=1e-08",0.001,0.01,1e-08,separable,3839405187307,0.03188,0.0302,0.03365
"U(0.001,0.01), eps=1e-08",0.001,0.01,1e-08,separable,4631292222671,0.03483,0.03308,0.03667
"U(0.001,0.01), eps=1e-08",0.001,0.01,1e-08,separable,5586507962920,0.03807,0.03624,0.03999
"U(0.001,0.01), eps=1e-08",0.001,0.01,1e-08,separable,6738739366737,0.04217,0.04024,0.04418
"U(0.001,0.01), eps=1e-08",0.001,0.01,1e-08,separable,8128621413272,0.0464,0.04438,0.04851
"U(0.001,0.01), eps=1e-08",0.001,0.01,1e-08,separable,9805170148953,0.05105,0.04894,0.05325
"U(0.001,0.01), eps=1e-08",0.001,0.01,1e-08,separable,11827511303817,0.05643,0.05421,0.05873
"U(0.001,0.01), eps=1e-08",0.001,0.01,1e-08,separable,14266965439335,0.06195,0.05963,0.06435
"U(0.001,0.01), eps=1e-08",0.001,0.01,1e-08,separable,17209563163258,0.0676,0.06518,0.0701
"U(0.001,0.01), eps=1e-08",0.001,0.01,1e-08,separable,20759079113881,0.07427,0.07174,0.07688
"U(0.001,0.01), eps=1e-08",0.001,0.01,1e-08,separable,25040691711246,0.08205,0.0794,0.08478
"U(0.001,0.01), eps=1e-08",0.001,0.01,1e-08,separable,30205397741290,0.0901,0.08733,0.09295
"U(0.001,0.01), eps=1e-08",0.001,0.01,1e-08,separable,36435337459140,0.09917,0.09628,0.10214
"U(0.001,0.01), eps=1e-08",0.001,0.01,1e-08,separable,43950218008441,0.10873,0.10572,0.11182
"U(0.001,0.01), eps=1e-08",0.001,0.01,1e-08,separable,53015061687180,0.11897,0.11583,0.12218
"U(0.001,0.01), eps=1e-08",0.001,0.01,1e-08,separable,63949552312931,0.13037,0.12711,0.13371
"U(0.001,0.01), eps=1e-08",0.001,0.01,1e-08,separable,77139309299590,0.14222,0.13883,0.14568
"U(0.001,0.01), eps=1e-08",0.001,0.01,1e-08,separable,93049487040969,0.15507,0.15156,0.15865
"U(0.001,0.01), eps=1e-08",0.001,0.01,1e-08,separable,112241179201660,0.16958,0.16593,0.17329
"U(0.001,0.01), eps=1e-08",0.001,0.01,1e-08,separable,135391206434402,0.1856,0.18182,0.18944
"U(0.001,0.01), eps=1e-08",0.001,0.01,1e-08,separable,163315985364235,0.20315,0.19924,0.20712
"U(0.001,0.01), eps=1e-08",0.001,0.01,1e-08,separable,197000320611029,0.22255,0.2185,0.22665
"U(0.001,0.01), eps=1e-08",0.001,0.01,1e-08,separable,237632135239512,0.24345,0.23927,0.24768
"U(0.001,0.01), eps=1e-08",0.001,0.01,1e-08,separable,286644364452512,0.2661,0.26179,0.27045
"U(0.001,0.01), eps=1e-08",0.001,0.01,1e-08,separable,345765489964437,0.29273,0.28829,0.29721
"U(0.001,0.01), eps=1e-08",0.001,0.01,1e-08,separable,417080497217146,0.31857,0.31402,0.32315
"U(0.001,0.01), eps=1e-08",0.001,0.01,1e-08,separable,503104405175871,0.34728,0.34263,0.35196
"U(0.001,0.01), eps=1e-08",0.001,0.01,1e-08,separable,606870961831593,0.37848,0.37374,0.38324
"U(0.001,0.01), eps=1e-08",0.001,0.01,1e-08,separable,732039633375216,0.4126,0.40778,0.41743
"U(0.001,0.01), eps=1e-08",0.001,0.01,1e-08,separable,883024660159680,0.44855,0.44368,0.45343
"U(0.001,0.01), eps=1e-08",0.001,0.01,1e-08,separable,1065150730780802,0.48745,0.48255,0.49235
"U(0.001,0.01), eps=1e-08",0.001,0.01,1e-08,separable,1284840764331210,0.52685,0.52195,0.53174
"U(0.001,0.01), eps=1e-08",0.001,0.01,1e-08,linear,856560509554,0.23048,0.22638,0.23463
"U(0.001,0.01), eps=1e-08",0.001,0.01,1e-08,linear,1033228282146,0.25155,0.24732,0.25583
"U(0.001,0.01), eps=1e-08",0.001,0.01,1e-08,linear,1246334229887,0.2773,0.27293,0.28171
"U(0.001,0.01), eps=1e-08",0.001,0.01,1e-08,linear,1503393818606,0.30493,0.30044,0.30946
"U(0.001,0.01), eps=1e-08",0.001,0.01,1e-08,linear,1813472597980,0.33317,0.32857,0.3378
"U(0.001,0.01), eps=1e-08",0.001,0.01,1e-08,linear,2187505910242,0.36373,0.35903,0.36846
"U(0.001,0.01), eps=1e-08",0.001,0.01,1e-08,linear,2638684539638,0.39187,0.3871,0.39666
"U(0.001,0.01), eps=1e-08",0.001,0.01,1e-08,linear,3182919903037,0.42965,0.42481,0.43451
"U(0.001,0.01), eps=1e-08",0.001,0.01,1e-08,linear,3839405187307,0.46663,0.46174,0.47152
"U(0.001,0.01), eps=1e-08",0.001,0.01,1e-08,linear,4631292222671,0.50453,0.49963,0.50943
"U(0.001,0.01), eps=1e-08",0.001,0.01,1e-08,linear,5586507962920,0.54375,0.53886,0.54863
"U(0.001,0.01), eps=1e-08",0.001,0.01,1e-08,linear,6738739366737,0.5872,0.58237,0.59202
"U(0.001,0.01), eps=1e-08",0.001,0.01,1e-08,linear,8128621413272,0.63053,0.62579,0.63525
"U(0.001,0.01), eps=1e-08",0.001,0.01,1e-08,linear,9805170148953,0.6722,0.66758,0.67678
"U(0.001,0.01), eps=1e-08",0.001,0.01,1e-08,linear,11827511303817,0.71227,0.70781,0.71669
"U(0.001,0.01), eps=1e-08",0.001,0.01,1e-08,linear,14266965439335,0.75518,0.75094,0.75937
"U(0.001,0.01), eps=1e-08",0.001,0.01,1e-08,linear,17209563163258,0.79573,0.79175,0.79965
"U(0.001,0.01), eps=1e-08",0.001,0.01,1e-08,linear,20759079113881,0.8356,0.83194,0.8392
"U(0.001,0.01), eps=1e-08",0.001,0.01,1e-08,linear,25040691711246,0.87115,0.86783,0.8744
"U(0.001,0.01), eps=1e-08",0.001,0.01,1e-08,linear,30205397741290,0.90163,0.89867,0.90451
"U(0.001,0.01), eps=1e-08",0.001,0.01,1e-08,linear,36435337459140,0.9306,0.92807,0.93305
"U(0.001,0.01), eps=1e-08",0.001,0.01,1e-08,linear,43950218008441,0.95115,0.94899,0.95322
"U(0.001,0.01), eps=1e-08",0.001,0.01,1e-08,linear,53015061687180,0.96835,0.96659,0.97002
"U(0.001,0.01), eps=1e-08",0.001,0.01,1e-08,linear,63949552312931,0.98103,0.97965,0.98232
"U(0.001,0.01), eps=1e-08",0.001,0.01,1e-08,linear,77139309299590,0.98842,0.98732,0.98942
"U(0.001,0.01), eps=1e-08",0.001,0.01,1e-08,linear,93049487040969,0.9919,0.99097,0.99273
"U(0.001,0.01), eps=1e-08",0.001,0.01,1e-08,linear,112241179201660,0.99545,0.99474,0.99606
"U(0.001,0.01), eps=1e-08",0.001,0.01,1e-08,linear,135391206434402,0.99808,0.9976,0.99846
"U(0.001,0.01), eps=1e-08",0.001,0.01,1e-08,linear,163315985364235,0.99855,0.99813,0.99888
"U(0.001,0.01), eps=1e-08",0.001,0.01,1e-08,linear,197000320611029,0.99905,0.9987,0.99931
"U(0.001,0.01), eps=1e-08",0.001,0.01,1e-08,linear,237632135239512,0.99933,0.99902,0.99954
"U(0.001,0.01), eps=1e-08",0.001,0.01,1e-08,linear,286644364452512,0.99938,0.99908,0.99958
"U(0.001,0.01), eps=1e-08",0.001,0.01,1e-08,linear,345765489964437,0.99938,0.99908,0.99958
"U(0.001,0.01), eps=1e-08",0.001,0.01,1e-08,linear,417080497217146,0.99938,0.99908,0.99958
"U(0.001,0.01), eps=1e-08",0.001,0.01,1e-08,linear,503104405175871,0.99938,0.99908,0.99958
"U(0.001,0.01), eps=1e-08",0.001,0.01,1e-08,linear,606870961831593,0.99938,0.99908,0.99958
"U(0.001,0.01), eps=1e-08",0.001,0.01,1e-08,linear,732039633375216,0.99938,0.99908,0.99958
"U(0.001,0.01), eps=1e-08",0.001,0.01,1e-08,linear,883024660159680,0.99938,0.99908,0.99958
"U(0.001,0.01), eps=1e-08",0.001,0.01,1e-08,linear,1065150730780802,0.99938,0.99908,0.99958
"U(0.001,0.01), eps=1e-08",0.001,0.01,1e-08,linear,1284840764331210,0.99938,0.99908,0.99958
"U(0.001,0.01), eps=1e-08",0.001,0.01,1e-08,binary,856560509554,0.25398,0.24974,0.25827
"U(0.001,0.01), eps=1e-08",0.001,0.01,1e-08,binary,1033228282146,0.28305,0.27866,0.28749
"U(0.001,0.01), eps=1e-08",0.001,0.01,1e-08,binary,1246334229887,0.31,0.30549,0.31455
"U(0.001,0.01), eps=1e-08",0.001,0.01,1e-08,binary,1503393818606,0.3364,0.33179,0.34105
"U(0.001,0.01), eps=1e-08",0.001,0.01,1e-08,binary,1813472597980,0.37033,0.36561,0.37507
"U(0.001,0.01), eps=1e-08",0.001,0.01,1e-08,binary,2187505910242,0.40395,0.39915,0.40877
"U(0.001,0.01), eps=1e-08",0.001,0.01,1e-08,binary,2638684539638,0.4385,0.43364,0.44337
"U(0.001,0.01), eps=1e-08",0.001,0.01,1e-08,binary,3182919903037,0.47987,0.47498,0.48477
"U(0.001,0.01), eps=1e-08",0.001,0.01,1e-08,binary,3839405187307,0.51665,0.51175,0.52155
"U(0.001,0.01), eps=1e-08",0.001,0.01,1e-08,binary,4631292222671,0.55455,0.54967,0.55942
"U(0.001,0.01), eps=1e-08",0.001,0.01,1e-08,binary,5586507962920,0.59452,0.5897,0.59932
"U(0.001,0.01), eps=1e-08",0.001,0.01,1e-08,binary,6738739366737,0.63155,0.62681,0.63626
"U(0.001,0.01), eps=1e-08",0.001,0.01,1e-08,binary,8128621413272,0.67315,0.66854,0.67773
"U(0.001,0.01), eps=1e-08",0.001,0.01,1e-08,binary,9805170148953,0.71737,0.71294,0.72176
"U(0.001,0.01), eps=1e-08",0.001,0.01,1e-08,binary,11827511303817,0.75792,0.7537,0.76209
"U(0.001,0.01), eps=1e-08",0.001,0.01,1e-08,binary,14266965439335,0.7947,0.79071,0.79863
"U(0.001,0.01), eps=1e-08",0.001,0.01,1e-08,binary,17209563163258,0.83213,0.82844,0.83576
"U(0.001,0.01), eps=1e-08",0.001,0.01,1e-08,binary,20759079113881,0.86618,0.86281,0.86948
"U(0.001,0.01), eps=1e-08",0.001,0.01,1e-08,binary,25040691711246,0.89685,0.89383,0.89979
"U(0.001,0.01), eps=1e-08",0.001,0.01,1e-08,binary,30205397741290,0.92173,0.91906,0.92432
"U(0.001,0.01), eps=1e-08",0.001,0.01,1e-08,binary,36435337459140,0.94415,0.94186,0.94636
"U(0.001,0.01), eps=1e-08",0.001,0.01,1e-08,binary,43950218008441,0.96067,0.95872,0.96253
"U(0.001,0.01), eps=1e-08",0.001,0.01,1e-08,binary,53015061687180,0.9736,0.97198,0.97513
"U(0.001,0.01), eps=1e-08",0.001,0.01,1e-08,binary,63949552312931,0.98225,0.98091,0.9835
"U(0.001,0.01), eps=1e-08",0.001,0.01,1e-08,binary,77139309299590,0.98528,0.98405,0.98641
"U(0.001,0.01), eps=1e-08",0.001,0.01,1e-08,binary,93049487040969,0.9912,0.99024,0.99207
"U(0.001,0.01), eps=1e-08",0.001,0.01,1e-08,binary,112241179201660,0.99618,0.99553,0.99674
"U(0.001,0.01), eps=1e-08",0.001,0.01,1e-08,binary,135391206434402,0.99855,0.99813,0.99888
"U(0.001,0.01), eps=1e-08",0.001,0.01,1e-08,binary,163315985364235,0.99923,0.99891,0.99946
"U(0.001,0.01), eps=1e-08",0.001,0.01,1e-08,binary,197000320611029,0.99945,0.99917,0.99964
"U(0.001,0.01), eps=1e-08",0.001,0.01,1e-08,binary,237632135239512,0.99965,0.99941,0.99979
"U(0.001,0.01), eps=1e-08",0.001,0.01,1e-08,binary,286644364452512,0.9997,0.99948,0.99983
"U(0.001,0.01), eps=1e-08",0.001,0.01,1e-08,binary,345765489964437,0.99972,0.9995,0.99984
"U(0.001,0.01), eps=1e-08",0.001,0.01,1e-08,binary,417080497217146,0.99972,0.9995,0.99984
"U(0.001,0.01), eps=1e-08",0.001,0.01,1e-08,binary,503104405175871,0.99972,0.9995,0.99984
"U(0.001,0.01), eps=1e-08",0.001,0.01,1e-08,binary,606870961831593,0.99972,0.9995,0.99984
"U(0.001,0.01), eps=1e-08",0.001,0.01,1e-08,binary,732039633375216,0.99972,0.9995,0.99984
"U(0.001,0.01), eps=1e-08",0.001,0.01,1e-08,binary,883024660159680,0.99972,0.9995,0.99984
"U(0.001,0.01), eps=1e-08",0.001,0.01,1e-08,binary,1065150730780802,0.99972,0.9995,0.99984
"U(0.001,0.01), eps=1e-08",0.001,0.01,1e-08,binary,1284840764331210,0.99972,0.9995,0.99984
"U(0.001,0.01), eps=1e-08",0.001,0.01,1e-08,reverse_eng,856560509554,0.27222,0.26788,0.2766
"U(0.001,0.01), eps=1e-08",0.001,0.01,1e-08,reverse_eng,1033228282146,0.29688,0.29242,0.30138
"U(0.001,0.01), eps=1e-08",0.001,0.01,1e-08,reverse_eng,1246334229887,0.32335,0.31878,0.32795
"U(0.001,0.01), eps=1e-08",0.001,0.01,1e-08,reverse_eng,1503393818606,0.35275,0.34808,0.35745
"U(0.001,0.01), eps=1e-08",0.001,0.01,1e-08,reverse_eng,1813472597980,0.38217,0.37742,0.38694
"U(0.001,0.01), eps=1e-08",0.001,0.01,1e-08,reverse_eng,2187505910242,0.41487,0.41005,0.41971
"U(0.001,0.01), eps=1e-08",0.001,0.01,1e-08,reverse_eng,2638684539638,0.4491,0.44423,0.45398
"U(0.001,0.01), eps=1e-08",0.001,0.01,1e-08,reverse_eng,3182919903037,0.4816,0.47671,0.4865
"U(0.001,0.01), eps=1e-08",0.001,0.01,1e-08,reverse_eng,3839405187307,0.5188,0.5139,0.52369
"U(0.001,0.01), eps=1e-08",0.001,0.01,1e-08,reverse_eng,4631292222671,0.5585,0.55363,0.56336
"U(0.001,0.01), eps=1e-08",0.001,0.01,1e-08,reverse_eng,5586507962920,0.5987,0.59389,0.60349
"U(0.001,0.01), eps=1e-08",0.001,0.01,1e-08,reverse_eng,6738739366737,0.63855,0.63383,0.64324
"U(0.001,0.01), eps=1e-08",0.001,0.01,1e-08,reverse_eng,8128621413272,0.6889,0.68435,0.69342
"U(0.001,0.01), eps=1e-08",0.001,0.01,1e-08,reverse_eng,9805170148953,0.72355,0.71915,0.72791
"U(0.001,0.01), eps=1e-08",0.001,0.01,1e-08,reverse_eng,11827511303817,0.76207,0.75787,0.76622
"U(0.001,0.01), eps=1e-08",0.001,0.01,1e-08,reverse_eng,14266965439335,0.79705,0.79308,0.80096
"U(0.001,0.01), eps=1e-08",0.001,0.01,1e-08,reverse_eng,17209563163258,0.8404,0.83678,0.84396
"U(0.001,0.01), eps=1e-08",0.001,0.01,1e-08,reverse_eng,20759079113881,0.872,0.86869,0.87524
"U(0.001,0.01), eps=1e-08",0.001,0.01,1e-08,reverse_eng,25040691711246,0.90043,0.89746,0.90333
"U(0.001,0.01), eps=1e-08",0.001,0.01,1e-08,reverse_eng,30205397741290,0.92178,0.91911,0.92437
"U(0.001,0.01), eps=1e-08",0.001,0.01,1e-08,reverse_eng,36435337459140,0.943,0.94069,0.94523
"U(0.001,0.01), eps=1e-08",0.001,0.01,1e-08,reverse_eng,43950218008441,0.9611,0.95916,0.96295
"U(0.001,0.01), eps=1e-08",0.001,0.01,1e-08,reverse_eng,53015061687180,0.97662,0.97509,0.97806
"U(0.001,0.01), eps=1e-08",0.001,0.01,1e-08,reverse_eng,63949552312931,0.98477,0.98352,0.98592
"U(0.001,0.01), eps=1e-08",0.001,0.01,1e-08,reverse_eng,77139309299590,0.9914,0.99045,0.99226
"U(0.001,0.01), eps=1e-08",0.001,0.01,1e-08,reverse_eng,93049487040969,0.9959,0.99522,0.99648
"U(0.001,0.01), eps=1e-08",0.001,0.01,1e-08,reverse_eng,112241179201660,0.99805,0.99757,0.99844
"U(0.001,0.01), eps=1e-08",0.001,0.01,1e-08,reverse_eng,135391206434402,0.99895,0.99858,0.99922
"U(0.001,0.01), eps=1e-08",0.001,0.01,1e-08,reverse_eng,163315985364235,0.99935,0.99905,0.99956
"U(0.001,0.01), eps=1e-08",0.001,0.01,1e-08,reverse_eng,197000320611029,0.99948,0.9992,0.99966
"U(0.001,0.01), eps=1e-08",0.001,0.01,1e-08,reverse_eng,237632135239512,0.9996,0.99935,0.99975
"U(0.001,0.01), eps=1e-08",0.001,0.01,1e-08,reverse_eng,286644364452512,0.9996,0.99935,0.99975
"U(0.001,0.01), eps=1e-08",0.001,0.01,1e-08,reverse_eng,345765489964437,0.9996,0.99935,0.99975
"U(0.001,0.01), eps=1e-08",0.001,0.01,1e-08,reverse_eng,417080497217146,0.99962,0.99938,0.99977
"U(0.001,0.01), eps=1e-08",0.001,0.01,1e-08,reverse_eng,503104405175871,0.99962,0.99938,0.99977
"U(0.001,0.01), eps=1e-08",0.001,0.01,1e-08,reverse_eng,606870961831593,0.99962,0.99938,0.99977
"U(0.001,0.01), eps=1e-08",0.001,0.01,1e-08,reverse_eng,732039633375216,0.99962,0.99938,0.99977
"U(0.001,0.01), eps=1e-08",0.001,0.01,1e-08,reverse_eng,883024660159680,0.99962,0.99938,0.99977
"U(0.001,0.01), eps=1e-08",0.001,0.01,1e-08,reverse_eng,1065150730780802,0.99962,0.99938,0.99977
"U(0.001,0.01), eps=1e-08",0.001,0.01,1e-08,reverse_eng,1284840764331210,0.99962,0.99938,0.99977
"U(0.001,0.01), eps=1e-08",0.001,0.01,1e-08,binary_risk,856560509554,0.26675,0.26244,0.27111
"U(0.001,0.01), eps=1e-08",0.001,0.01,1e-08,binary_risk,1033228282146,0.29155,0.28712,0.29602
"U(0.001,0.01), eps=1e-08",0.001,0.01,1e-08,binary_risk,1246334229887,0.31957,0.31502,0.32416
"U(0.001,0.01), eps=1e-08",0.001,0.01,1e-08,binary_risk,1503393818606,0.34718,0.34253,0.35186
"U(0.001,0.01), eps=1e-08",0.001,0.01,1e-08,binary_risk,1813472597980,0.3779,0.37316,0.38266
"U(0.001,0.01), eps=1e-08",0.001,0.01,1e-08,binary_risk,2187505910242,0.41165,0.40684,0.41648
"U(0.001,0.01), eps=1e-08",0.001,0.01,1e-08,binary_risk,2638684539638,0.44627,0.4414,0.45115
"U(0.001,0.01), eps=1e-08",0.001,0.01,1e-08,binary_risk,3182919903037,0.48228,0.47739,0.48718
"U(0.001,0.01), eps=1e-08",0.001,0.01,1e-08,binary_risk,3839405187307,0.52205,0.51715,0.52694
"U(0.001,0.01), eps=1e-08",0.001,0.01,1e-08,binary_risk,4631292222671,0.5617,0.55683,0.56656
"U(0.001,0.01), eps=1e-08",0.001,0.01,1e-08,binary_risk,5586507962920,0.60283,0.59803,0.60762
"U(0.001,0.01), eps=1e-08",0.001,0.01,1e-08,binary_risk,6738739366737,0.64565,0.64095,0.65032
"U(0.001,0.01), eps=1e-08",0.001,0.01,1e-08,binary_risk,8128621413272,0.6874,0.68284,0.69192
"U(0.001,0.01), eps=1e-08",0.001,0.01,1e-08,binary_risk,9805170148953,0.7288,0.72442,0.73313
"U(0.001,0.01), eps=1e-08",0.001,0.01,1e-08,binary_risk,11827511303817,0.76875,0.76459,0.77286
"U(0.001,0.01), eps=1e-08",0.001,0.01,1e-08,binary_risk,14266965439335,0.8072,0.8033,0.81104
"U(0.001,0.01), eps=1e-08",0.001,0.01,1e-08,binary_risk,17209563163258,0.83688,0.83323,0.84047
"U(0.001,0.01), eps=1e-08",0.001,0.01,1e-08,binary_risk,20759079113881,0.86967,0.86634,0.87293
"U(0.001,0.01), eps=1e-08",0.001,0.01,1e-08,binary_risk,25040691711246,0.90233,0.89938,0.9052
"U(0.001,0.01), eps=1e-08",0.001,0.01,1e-08,binary_risk,30205397741290,0.9288,0.92624,0.93128
"U(0.001,0.01), eps=1e-08",0.001,0.01,1e-08,binary_risk,36435337459140,0.94898,0.94678,0.95109
"U(0.001,0.01), eps=1e-08",0.001,0.01,1e-08,binary_risk,43950218008441,0.96395,0.96208,0.96573
"U(0.001,0.01), eps=1e-08",0.001,0.01,1e-08,binary_risk,53015061687180,0.97815,0.97667,0.97954
"U(0.001,0.01), eps=1e-08",0.001,0.01,1e-08,binary_risk,63949552312931,0.98582,0.98461,0.98693
"U(0.001,0.01), eps=1e-08",0.001,0.01,1e-08,binary_risk,77139309299590,0.99215,0.99124,0.99297
"U(0.001,0.01), eps=1e-08",0.001,0.01,1e-08,binary_risk,93049487040969,0.99585,0.99517,0.99643
"U(0.001,0.01), eps=1e-08",0.001,0.01,1e-08,binary_risk,112241179201660,0.99808,0.9976,0.99846
"U(0.001,0.01), eps=1e-08",0.001,0.01,1e-08,binary_risk,135391206434402,0.99892,0.99855,0.9992
"U(0.001,0.01), eps=1e-08",0.001,0.01,1e-08,binary_risk,163315985364235,0.998,0.99751,0.99839
"U(0.001,0.01), eps=1e-08",0.001,0.01,1e-08,binary_risk,197000320611029,0.9988,0.99841,0.99909
"U(0.001,0.01), eps=1e-08",0.001,0.01,1e-08,binary_risk,237632135239512,0.99938,0.99908,0.99958
"U(0.001,0.01), eps=1e-08",0.001,0.01,1e-08,binary_risk,286644364452512,0.99948,0.9992,0.99966
"U(0.001,0.01), eps=1e-08",0.001,0.01,1e-08,binary_risk,345765489964437,0.99977,0.99957,0.99988
"U(0.001,0.01), eps=1e-08",0.001,0.01,1e-08,binary_risk,417080497217146,0.9999,0.99974,0.99996
"U(0.001,0.01), eps=1e-08",0.001,0.01,1e-08,binary_risk,503104405175871,0.99995,0.99982,0.99999
"U(0.001,0.01), eps=1e-08",0.001,0.01,1e-08,binary_risk,606870961831593,1.0,0.9999,1.0
"U(0.001,0.01), eps=1e-08",0.001,0.01,1e-08,binary_risk,732039633375216,1.0,0.9999,1.0
"U(0.001,0.01), eps=1e-08",0.001,0.01,1e-08,binary_risk,883024660159680,1.0,0.9999,1.0
"U(0.001,0.01), eps=1e-08",0.001,0.01,1e-08,binary_risk,1065150730780802,1.0,0.9999,1.0
"U(0.001,0.01), eps=1e-08",0.001,0.01,1e-08,binary_risk,1284840764331210,1.0,0.9999,1.0
"U(0.001,0.01), eps=1e-08",0.001,0.01,1e-08,reverse_eng_risk,856560509554,0.27498,0.27063,0.27938
"U(0.001,0.01), eps=1e-08",0.001,0.01,1e-08,reverse_eng_risk,1033228282146,0.299,0.29453,0.30351
"U(0.001,0.01), eps=1e-08",0.001,0.01,1e-08,reverse_eng_risk,1246334229887,0.3251,0.32053,0.32971
"U(0.001,0.01), eps=1e-08",0.001,0.01,1e-08,reverse_eng_risk,1503393818606,0.35557,0.35089,0.36027
"U(0.001,0.01), eps=1e-08",0.001,0.01,1e-08,reverse_eng_risk,1813472597980,0.3875,0.38274,0.39228
"U(0.001,0.01), eps=1e-08",0.001,0.01,1e-08,reverse_eng_risk,2187505910242,0.41637,0.41155,0.42121
"U(0.001,0.01), eps=1e-08",0.001,0.01,1e-08,reverse_eng_risk,2638684539638,0.45098,0.44611,0.45586
"U(0.001,0.01), eps=1e-08",0.001,0.01,1e-08,reverse_eng_risk,3182919903037,0.4883,0.4834,0.4932
"U(0.001,0.01), eps=1e-08",0.001,0.01,1e-08,reverse_eng_risk,3839405187307,0.52695,0.52205,0.53184
"U(0.001,0.01), eps=1e-08",0.001,0.01,1e-08,reverse_eng_risk,4631292222671,0.5668,0.56194,0.57165
"U(0.001,0.01), eps=1e-08",0.001,0.01,1e-08,reverse_eng_risk,5586507962920,0.60595,0.60115,0.61073
"U(0.001,0.01), eps=1e-08",0.001,0.01,1e-08,reverse_eng_risk,6738739366737,0.64835,0.64366,0.65301
"U(0.001,0.01), eps=1e-08",0.001,0.01,1e-08,reverse_eng_risk,8128621413272,0.69175,0.68721,0.69626
"U(0.001,0.01), eps=1e-08",0.001,0.01,1e-08,reverse_eng_risk,9805170148953,0.73103,0.72666,0.73535
"U(0.001,0.01), eps=1e-08",0.001,0.01,1e-08,reverse_eng_risk,11827511303817,0.77,0.76585,0.7741
"U(0.001,0.01), eps=1e-08",0.001,0.01,1e-08,reverse_eng_risk,14266965439335,0.80705,0.80315,0.81089
"U(0.001,0.01), eps=1e-08",0.001,0.01,1e-08,reverse_eng_risk,17209563163258,0.84215,0.83854,0.84569
"U(0.001,0.01), eps=1e-08",0.001,0.01,1e-08,reverse_eng_risk,20759079113881,0.87352,0.87023,0.87674
"U(0.001,0.01), eps=1e-08",0.001,0.01,1e-08,reverse_eng_risk,25040691711246,0.90212,0.89917,0.90499
"U(0.001,0.01), eps=1e-08",0.001,0.01,1e-08,reverse_eng_risk,30205397741290,0.92765,0.92507,0.93015
"U(0.001,0.01), eps=1e-08",0.001,0.01,1e-08,reverse_eng_risk,36435337459140,0.94632,0.94407,0.94849
"U(0.001,0.01), eps=1e-08",0.001,0.01,1e-08,reverse_eng_risk,43950218008441,0.96352,0.96164,0.96531
"U(0.001,0.01), eps=1e-08",0.001,0.01,1e-08,reverse_eng_risk,53015061687180,0.97772,0.97623,0.97912
"U(0.001,0.01), eps=1e-08",0.001,0.01,1e-08,reverse_eng_risk,63949552312931,0.98665,0.98548,0.98773
"U(0.001,0.01), eps=1e-08",0.001,0.01,1e-08,reverse_eng_risk,77139309299590,0.99262,0.99173,0.99341
"U(0.001,0.01), eps=1e-08",0.001,0.01,1e-08,reverse_eng_risk,93049487040969,0.99645,0.99582,0.99699
"U(0.001,0.01), eps=1e-08",0.001,0.01,1e-08,reverse_eng_risk,112241179201660,0.99823,0.99777,0.9986
"U(0.001,0.01), eps=1e-08",0.001,0.01,1e-08,reverse_eng_risk,135391206434402,0.9992,0.99887,0.99943
"U(0.001,0.01), eps=1e-08",0.001,0.01,1e-08,reverse_eng_risk,163315985364235,0.99965,0.99941,0.99979
"U(0.001,0.01), eps=1e-08",0.001,0.01,1e-08,reverse_eng_risk,197000320611029,0.9998,0.99961,0.9999
"U(0.001,0.01), eps=1e-08",0.001,0.01,1e-08,reverse_eng_risk,237632135239512,0.99992,0.99977,0.99997
"U(0.001,0.01), eps=1e-08",0.001,0.01,1e-08,reverse_eng_risk,286644364452512,0.99995,0.99982,0.99999
"U(0.001,0.01), eps=1e-08",0.001,0.01,1e-08,reverse_eng_risk,345765489964437,0.99997,0.99985,0.99999
"U(0.001,0.01), eps=1e-08",0.001,0.01,1e-08,reverse_eng_risk,417080497217146,1.0,0.9999,1.0
"U(0.001,0.01), eps=1e-08",0.001,0.01,1e-08,reverse_eng_risk,503104405175871,1.0,0.9999,1.0
"U(0.001,0.01), eps=1e-08",0.001,0.01,1e-08,reverse_eng_risk,606870961831593,1.0,0.9999,1.0
"U(0.001,0.01), eps=1e-08",0.001,0.01,1e-08,reverse_eng_risk,732039633375216,1.0,0.9999,1.0
"U(0.001,0.01), eps=1e-08",0.001,0.01,1e-08,reverse_eng_risk,883024660159680,1.0,0.9999,1.0
"U(0.001,0.01), eps=1e-08",0.001,0.01,1e-08,reverse_eng_risk,1065150730780802,1.0,0.9999,1.0
"U(0.001,0.01), eps=1e-08",0.001,0.01,1e-08,reverse_eng_risk,1284840764331210,1.0,0.9999,1.0
"U(0.001,0.1), eps=1e-04",0.001,0.1,0.0001,brute,89653,0.18252,0.17877,0.18634
"U(0.001,0.1), eps=1e-04",0.001,0.1,0.0001,brute,108144,0.20185,0.19795,0.20581
"U(0.001,0.1), eps=1e-04",0.001,0.1,0.0001,brute,130449,0.22065,0.21661,0.22474
"U(0.001,0.1), eps=1e-04",0.001,0.1,0.0001,brute,157355,0.2415,0.23733,0.24572
"U(0.001,0.1), eps=1e-04",0.001,0.1,0.0001,brute,189810,0.26267,0.25838,0.26701
"U(0.001,0.1), eps=1e-04",0.001,0.1,0.0001,brute,228958,0.28923,0.28481,0.29369
"U(0.001,0.1), eps=1e-04",0.001,0.1,0.0001,brute,276182,0.31535,0.31081,0.31992
"U(0.001,0.1), eps=1e-04",0.001,0.1,0.0001,brute,333145,0.34435,0.33971,0.34902
"U(0.001,0.1), eps=1e-04",0.001,0.1,0.0001,brute,401857,0.37575,0.37102,0.38051
"U(0.001,0.1), eps=1e-04",0.001,0.1,0.0001,brute,484741,0.41042,0.40561,0.41525
"U(0.001,0.1), eps=1e-04",0.001,0.1,0.0001,brute,584721,0.44612,0.44125,0.451
"U(0.001,0.1), eps=1e-04",0.001,0.1,0.0001,brute,705321,0.48497,0.48007,0.48987
"U(0.001,0.1), eps=1e-04",0.001,0.1,0.0001,brute,850795,0.52502,0.52012,0.52991
"U(0.001,0.1), eps=1e-04",0.001,0.1,0.0001,brute,1026274,0.56735,0.56249,0.5722
"U(0.001,0.1), eps=1e-04",0.001,0.1,0.0001,brute,1237946,0.6117,0.60691,0.61647
"U(0.001,0.1), eps=1e-04",0.001,0.1,0.0001,brute,1493275,0.6573,0.65263,0.66194
"U(0.001,0.1), eps=1e-04",0.001,0.1,0.0001,brute,1801267,0.70235,0.69785,0.70681
"U(0.001,0.1), eps=1e-04",0.001,0.1,0.0001,brute,2172783,0.74703,0.74275,0.75127
"U(0.001,0.1), eps=1e-04",0.001,0.1,0.0001,brute,2620925,0.79268,0.78868,0.79662
"U(0.001,0.1), eps=1e-04",0.001,0.1,0.0001,brute,3161498,0.83368,0.83,0.8373
"U(0.001,0.1), eps=1e-04",0.001,0.1,0.0001,brute,3813565,0.87055,0.86722,0.8738
"U(0.001,0.1), eps=1e-04",0.001,0.1,0.0001,brute,4600122,0.90317,0.90023,0.90603
"U(0.001,0.1), eps=1e-04",0.001,0.1,0.0001,brute,5548909,0.93242,0.92992,0.93484
"U(0.001,0.1), eps=1e-04",0.001,0.1,0.0001,brute,6693386,0.95452,0.95243,0.95652
"U(0.001,0.1), eps=1e-04",0.001,0.1,0.0001,brute,8073914,0.97155,0.96987,0.97313
"U(0.001,0.1), eps=1e-04",0.001,0.1,0.0001,brute,9739179,0.98385,0.98257,0.98504
"U(0.001,0.1), eps=1e-04",0.001,0.1,0.0001,brute,11747910,0.99247,0.99157,0.99327
"U(0.001,0.1), eps=1e-04",0.001,0.1,0.0001,brute,14170946,0.99672,0.99611,0.99723
"U(0.001,0.1), eps=1e-04",0.001,0.1,0.0001,brute,17093739,0.9988,0.99841,0.99909
"U(0.001,0.1), eps=1e-04",0.001,0.1,0.0001,brute,20619366,0.9997,0.99948,0.99983
"U(0.001,0.1), eps=1e-04",0.001,0.1,0.0001,brute,24872163,0.99992,0.99977,0.99997
"U(0.001,0.1), eps=1e-04",0.001,0.1,0.0001,brute,30002110,1.0,0.9999,1.0
"U(0.001,0.1), eps=1e-04",0.001,0.1,0.0001,brute,36190121,1.0,0.9999,1.0
"U(0.001,0.1), eps=1e-04",0.001,0.1,0.0001,brute,43654425,1.0,0.9999,1.0
"U(0.001,0.1), eps=1e-04",0.001,0.1,0.0001,brute,52658261,1.0,0.9999,1.0
"U(0.001,0.1), eps=1e-04",0.001,0.1,0.0001,brute,63519160,1.0,0.9999,1.0
"U(0.001,0.1), eps=1e-04",0.001,0.1,0.0001,brute,76620148,1.0,0.9999,1.0
"U(0.001,0.1), eps=1e-04",0.001,0.1,0.0001,brute,92423247,1.0,0.9999,1.0
"U(0.001,0.1), eps=1e-04",0.001,0.1,0.0001,brute,111485776,1.0,0.9999,1.0
"U(0.001,0.1), eps=1e-04",0.001,0.1,0.0001,brute,134480000,1.0,0.9999,1.0
"U(0.001,0.1), eps=1e-04",0.001,0.1,0.0001,separable,89653,0.04765,0.04561,0.04978
"U(0.001,0.1), eps=1e-04",0.001,0.1,0.0001,separable,108144,0.05173,0.0496,0.05394
"U(0.001,0.1), eps=1e-04",0.001,0.1,0.0001,separable,130449,0.05677,0.05454,0.05908
"U(0.001,0.1), eps=1e-04",0.001,0.1,0.0001,separable,157355,0.06308,0.06074,0.0655
"U(0.001,0.1), eps=1e-04",0.001,0.1,0.0001,separable,189810,0.06845,0.06602,0.07097
"U(0.001,0.1), eps=1e-04",0.001,0.1,0.0001,separable,228958,0.07637,0.07381,0.07901
"U(0.001,0.1), eps=1e-04",0.001,0.1,0.0001,separable,276182,0.08367,0.081,0.08642
"U(0.001,0.1), eps=1e-04",0.001,0.1,0.0001,separable,333145,0.09202,0.08923,0.09489
"U(0.001,0.1), eps=1e-04",0.001,0.1,0.0001,separable,401857,0.1023,0.09937,0.10531
"U(0.001,0.1), eps=1e-04",0.001,0.1,0.0001,separable,484741,0.11217,0.10911,0.1153
"U(0.001,0.1), eps=1e-04",0.001,0.1,0.0001,separable,584721,0.12187,0.1187,0.12511
"U(0.001,0.1), eps=1e-04",0.001,0.1,0.0001,separable,705321,0.13275,0.12946,0.13611
"U(0.001,0.1), eps=1e-04",0.001,0.1,0.0001,separable,850795,0.1457,0.14228,0.14919
"U(0.001,0.1), eps=1e-04",0.001,0.1,0.0001,separable,1026274,0.1598,0.15624,0.16342
"U(0.001,0.1), eps=1e-04",0.001,0.1,0.0001,separable,1237946,0.17577,0.17207,0.17953
"U(0.001,0.1), eps=1e-04",0.001,0.1,0.0001,separable,1493275,0.19278,0.18894,0.19668
"U(0.001,0.1), eps=1e-04",0.001,0.1,0.0001,separable,1801267,0.21115,0.20718,0.21518
"U(0.001,0.1), eps=1e-04",0.001,0.1,0.0001,separable,2172783,0.22987,0.22577,0.23402
"U(0.001,0.1), eps=1e-04",0.001,0.1,0.0001,separable,2620925,0.25185,0.24762,0.25613
"U(0.001,0.1), eps=1e-04",0.001,0.1,0.0001,separable,3161498,0.2787,0.27433,0.28311
"U(0.001,0.1), eps=1e-04",0.001,0.1,0.0001,separable,3813565,0.30365,0.29916,0.30817
"U(0.001,0.1), eps=1e-04",0.001,0.1,0.0001,separable,4600122,0.3324,0.3278,0.33703
"U(0.001,0.1), eps=1e-04",0.001,0.1,0.0001,separable,5548909,0.36107,0.35638,0.36579
"U(0.001,0.1), eps=1e-04",0.001,0.1,0.0001,separable,6693386,0.39445,0.38967,0.39925
"U(0.001,0.1), eps=1e-04",0.001,0.1,0.0001,separable,8073914,0.42945,0.42461,0.43431
"U(0.001,0.1), eps=1e-04",0.001,0.1,0.0001,separable,9739179,0.46795,0.46306,0.47284
"U(0.001,0.1), eps=1e-04",0.001,0.1,0.0001,separable,11747910,0.50735,0.50245,0.51225
"U(0.001,0.1), eps=1e-04",0.001,0.1,0.0001,separable,14170946,0.54748,0.5426,0.55235
"U(0.001,0.1), eps=1e-04",0.001,0.1,0.0001,separable,17093739,0.59218,0.58736,0.59699
"U(0.001,0.1), eps=1e-04",0.001,0.1,0.0001,separable,20619366,0.63713,0.63241,0.64183
"U(0.001,0.1), eps=1e-04",0.001,0.1,0.0001,separable,24872163,0.68188,0.6773,0.68643
"U(0.001,0.1), eps=1e-04",0.001,0.1,0.0001,separable,30002110,0.72705,0.72266,0.73139
"U(0.001,0.1), eps=1e-04",0.001,0.1,0.0001,separable,36190121,0.77243,0.7683,0.77651
"U(0.001,0.1), eps=1e-04",0.001,0.1,0.0001,separable,43654425,0.81688,0.81306,0.82064
"U(0.001,0.1), eps=1e-04",0.001,0.1,0.0001,separable,52658261,0.85503,0.85155,0.85845
"U(0.001,0.1), eps=1e-04",0.001,0.1,0.0001,separable,63519160,0.89082,0.88773,0.89384
"U(0.001,0.1), eps=1e-04",0.001,0.1,0.0001,separable,76620148,0.92085,0.91816,0.92346
"U(0.001,0.1), eps=1e-04",0.001,0.1,0.0001,separable,92423247,0.9456,0.94333,0.94778
"U(0.001,0.1), eps=1e-04",0.001,0.1,0.0001,separable,111485776,0.9646,0.96274,0.96637
"U(0.001,0.1), eps=1e-04",0.001,0.1,0.0001,separable,134480000,0.97942,0.97798,0.98077
"U(0.001,0.1), eps=1e-04",0.001,0.1,0.0001,linear,89653,0.20122,0.19732,0.20518
"U(0.001,0.1), eps=1e-04",0.001,0.1,0.0001,linear,108144,0.22607,0.222,0.2302
"U(0.001,0.1), eps=1e-04",0.001,0.1,0.0001,linear,130449,0.24283,0.23865,0.24706
"U(0.001,0.1), eps=1e-04",0.001,0.1,0.0001,linear,157355,0.2803,0.27592,0.28472
"U(0.001,0.1), eps=1e-04",0.001,0.1,0.0001,linear,189810,0.30625,0.30175,0.31079
"U(0.001,0.1), eps=1e-04",0.001,0.1,0.0001,linear,228958,0.3376,0.33298,0.34225
"U(0.001,0.1), eps=1e-04",0.001,0.1,0.0001,linear,276182,0.37872,0.37398,0.38349
"U(0.001,0.1), eps=1e-04",0.001,0.1,0.0001,linear,333145,0.412,0.40719,0.41683
"U(0.001,0.1), eps=1e-04",0.001,0.1,0.0001,linear,401857,0.45067,0.4458,0.45555
"U(0.001,0.1), eps=1e-04",0.001,0.1,0.0001,linear,484741,0.48805,0.48315,0.49295
"U(0.001,0.1), eps=1e-04",0.001,0.1,0.0001,linear,584721,0.52628,0.52138,0.53117
"U(0.001,0.1), eps=1e-04",0.001,0.1,0.0001,linear,705321,0.56465,0.55979,0.5695
"U(0.001,0.1), eps=1e-04",0.001,0.1,0.0001,linear,850795,0.6154,0.61062,0.62016
"U(0.001,0.1), eps=1e-04",0.001,0.1,0.0001,linear,1026274,0.65797,0.65331,0.6626
"U(0.001,0.1), eps=1e-04",0.001,0.1,0.0001,linear,1237946,0.704,0.69951,0.70845
"U(0.001,0.1), eps=1e-04",0.001,0.1,0.0001,linear,1493275,0.74447,0.74017,0.74872
"U(0.001,0.1), eps=1e-04",0.001,0.1,0.0001,linear,1801267,0.78365,0.77959,0.78766
"U(0.001,0.1), eps=1e-04",0.001,0.1,0.0001,linear,2172783,0.8244,0.82064,0.8281
"U(0.001,0.1), eps=1e-04",0.001,0.1,0.0001,linear,2620925,0.86033,0.8569,0.86369
"U(0.001,0.1), eps=1e-04",0.001,0.1,0.0001,linear,3161498,0.88323,0.88005,0.88634
"U(0.001,0.1), eps=1e-04",0.001,0.1,0.0001,linear,3813565,0.91602,0.91326,0.9187
"U(0.001,0.1), eps=1e-04",0.001,0.1,0.0001,linear,4600122,0.93898,0.93659,0.94128
"U(0.001,0.1), eps=1e-04",0.001,0.1,0.0001,linear,5548909,0.95775,0.95573,0.95968
"U(0.001,0.1), eps=1e-04",0.001,0.1,0.0001,linear,6693386,0.96888,0.96713,0.97054
"U(0.001,0.1), eps=1e-04",0.001,0.1,0.0001,linear,8073914,0.98282,0.9815,0.98405
"U(0.001,0.1), eps=1e-04",0.001,0.1,0.0001,linear,9739179,0.98998,0.98896,0.99091
"U(0.001,0.1), eps=1e-04",0.001,0.1,0.0001,linear,11747910,0.9947,0.99394,0.99537
"U(0.001,0.1), eps=1e-04",0.001,0.1,0.0001,linear,14170946,0.99713,0.99656,0.99761
"U(0.001,0.1), eps=1e-04",0.001,0.1,0.0001,linear,17093739,0.99785,0.99735,0.99826
"U(0.001,0.1), eps=1e-04",0.001,0.1,0.0001,linear,20619366,0.99903,0.99867,0.99929
"U(0.001,0.1), eps=1e-04",0.001,0.1,0.0001,linear,24872163,0.99962,0.99938,0.99977
"U(0.001,0.1), eps=1e-04",0.001,0.1,0.0001,linear,30002110,0.99982,0.99963,0.99991
"U(0.001,0.1), eps=1e-04",0.001,0.1,0.0001,linear,36190121,0.99985,0.99967,0.99993
"U(0.001,0.1), eps=1e-04",0.001,0.1,0.0001,linear,43654425,0.99985,0.99967,0.99993
"U(0.001,0.1), eps=1e-04",0.001,0.1,0.0001,linear,52658261,0.99985,0.99967,0.99993
"U(0.001,0.1), eps=1e-04",0.001,0.1,0.0001,linear,63519160,0.99985,0.99967,0.99993
"U(0.001,0.1), eps=1e-04",0.001,0.1,0.0001,linear,76620148,0.99985,0.99967,0.99993
"U(0.001,0.1), eps=1e-04",0.001,0.1,0.0001,linear,92423247,0.99985,0.99967,0.99993
"U(0.001,0.1), eps=1e-04",0.001,0.1,0.0001,linear,111485776,0.99985,0.99967,0.99993
"U(0.001,0.1), eps=1e-04",0.001,0.1,0.0001,linear,134480000,0.99985,0.99967,0.99993
"U(0.001,0.1), eps=1e-04",0.001,0.1,0.0001,binary,89653,0.141,0.13762,0.14445
"U(0.001,0.1), eps=1e-04",0.001,0.1,0.0001,binary,108144,0.16068,0.15711,0.16431
"U(0.001,0.1), eps=1e-04",0.001,0.1,0.0001,binary,130449,0.1823,0.17855,0.18611
"U(0.001,0.1), eps=1e-04",0.001,0.1,0.0001,binary,157355,0.20503,0.2011,0.20901
"U(0.001,0.1), eps=1e-04",0.001,0.1,0.0001,binary,189810,0.22282,0.21877,0.22692
"U(0.001,0.1), eps=1e-04",0.001,0.1,0.0001,binary,228958,0.25898,0.25471,0.2633
"U(0.001,0.1), eps=1e-04",0.001,0.1,0.0001,binary,276182,0.2949,0.29045,0.29939
"U(0.001,0.1), eps=1e-04",0.001,0.1,0.0001,binary,333145,0.32593,0.32135,0.33054
"U(0.001,0.1), eps=1e-04",0.001,0.1,0.0001,binary,401857,0.36275,0.35805,0.36747
"U(0.001,0.1), eps=1e-04",0.001,0.1,0.0001,binary,484741,0.39977,0.39498,0.40458
"U(0.001,0.1), eps=1e-04",0.001,0.1,0.0001,binary,584721,0.43985,0.43499,0.44472
"U(0.001,0.1), eps=1e-04",0.001,0.1,0.0001,binary,705321,0.48378,0.47888,0.48868
"U(0.001,0.1), eps=1e-04",0.001,0.1,0.0001,binary,850795,0.52828,0.52339,0.53317
"U(0.001,0.1), eps=1e-04",0.001,0.1,0.0001,binary,1026274,0.57193,0.56707,0.57677
"U(0.001,0.1), eps=1e-04",0.001,0.1,0.0001,binary,1237946,0.61662,0.61184,0.62137
"U(0.001,0.1), eps=1e-04",0.001,0.1,0.0001,binary,1493275,0.66235,0.6577,0.66697
"U(0.001,0.1), eps=1e-04",0.001,0.1,0.0001,binary,1801267,0.71318,0.70873,0.71759
"U(0.001,0.1), eps=1e-04",0.001,0.1,0.0001,binary,2172783,0.75743,0.7532,0.76161
"U(0.001,0.1), eps=1e-04",0.001,0.1,0.0001,binary,2620925,0.7892,0.78518,0.79317
"U(0.001,0.1), eps=1e-04",0.001,0.1,0.0001,binary,3161498,0.83068,0.82697,0.83432
"U(0.001,0.1), eps=1e-04",0.001,0.1,0.0001,binary,3813565,0.86557,0.86219,0.86888
"U(0.001,0.1), eps=1e-04",0.001,0.1,0.0001,binary,4600122,0.88848,0.88536,0.89153
"U(0.001,0.1), eps=1e-04",0.001,0.1,0.0001,binary,5548909,0.9187,0.91598,0.92134
"U(0.001,0.1), eps=1e-04",0.001,0.1,0.0001,binary,6693386,0.93658,0.93415,0.93893
"U(0.001,0.1), eps=1e-04",0.001,0.1,0.0001,binary,8073914,0.95032,0.94815,0.95241
"U(0.001,0.1), eps=1e-04",0.001,0.1,0.0001,binary,9739179,0.9697,0.96797,0.97134
"U(0.001,0.1), eps=1e-04",0.001,0.1,0.0001,binary,11747910,0.98218,0.98084,0.98343
"U(0.001,0.1), eps=1e-04",0.001,0.1,0.0001,binary,14170946,0.98625,0.98506,0.98735
"U(0.001,0.1), eps=1e-04",0.001,0.1,0.0001,binary,17093739,0.9912,0.99024,0.99207
"U(0.001,0.1), eps=1e-04",0.001,0.1,0.0001,binary,20619366,0.99372,0.9929,0.99445
"U(0.001,0.1), eps=1e-04",0.001,0.1,0.0001,binary,24872163,0.99475,0.99399,0.99541
"U(0.001,0.1), eps=1e-04",0.001,0.1,0.0001,binary,30002110,0.99605,0.99539,0.99662
"U(0.001,0.1), eps=1e-04",0.001,0.1,0.0001,binary,36190121,0.9972,0.99663,0.99767
"U(0.001,0.1), eps=1e-04",0.001,0.1,0.0001,binary,43654425,0.99743,0.99688,0.99788
"U(0.001,0.1), eps=1e-04",0.001,0.1,0.0001,binary,52658261,0.99745,0.99691,0.9979
"U(0.001,0.1), eps=1e-04",0.001,0.1,0.0001,binary,63519160,0.99748,0.99694,0.99793
"U(0.001,0.1), eps=1e-04",0.001,0.1,0.0001,binary,76620148,0.99745,0.99691,0.9979
"U(0.001,0.1), eps=1e-04",0.001,0.1,0.0001,binary,92423247,0.99745,0.99691,0.9979
"U(0.001,0.1), eps=1e-04",0.001,0.1,0.0001,binary,111485776,0.99745,0.99691,0.9979
"U(0.001,0.1), eps=1e-04",0.001,0.1,0.0001,binary,134480000,0.99682,0.99622,0.99733
"U(0.001,0.1), eps=1e-04",0.001,0.1,0.0001,reverse_eng,89653,0.26388,0.25958,0.26822
"U(0.001,0.1), eps=1e-04",0.001,0.1,0.0001,reverse_eng,108144,0.28368,0.27928,0.28812
"U(0.001,0.1), eps=1e-04",0.001,0.1,0.0001,reverse_eng,130449,0.31855,0.314,0.32313
"U(0.001,0.1), eps=1e-04",0.001,0.1,0.0001,reverse_eng,157355,0.34932,0.34466,0.35401
"U(0.001,0.1), eps=1e-04",0.001,0.1,0.0001,reverse_eng,189810,0.3829,0.37815,0.38767
"U(0.001,0.1), eps=1e-04",0.001,0.1,0.0001,reverse_eng,228958,0.40642,0.40162,0.41124
"U(0.001,0.1), eps=1e-04",0.001,0.1,0.0001,reverse_eng,276182,0.44605,0.44118,0.45093
"U(0.001,0.1), eps=1e-04",0.001,0.1,0.0001,reverse_eng,333145,0.48128,0.47639,0.48618
"U(0.001,0.1), eps=1e-04",0.001,0.1,0.0001,reverse_eng,401857,0.51562,0.51072,0.52052
"U(0.001,0.1), eps=1e-04",0.001,0.1,0.0001,reverse_eng,484741,0.55435,0.54947,0.55922
"U(0.001,0.1), eps=1e-04",0.001,0.1,0.0001,reverse_eng,584721,0.59542,0.5906,0.60022
"U(0.001,0.1), eps=1e-04",0.001,0.1,0.0001,reverse_eng,705321,0.6355,0.63077,0.6402
"U(0.001,0.1), eps=1e-04",0.001,0.1,0.0001,reverse_eng,850795,0.67515,0.67054,0.67972
"U(0.001,0.1), eps=1e-04",0.001,0.1,0.0001,reverse_eng,1026274,0.7153,0.71086,0.7197
"U(0.001,0.1), eps=1e-04",0.001,0.1,0.0001,reverse_eng,1237946,0.74992,0.74565,0.75414
"U(0.001,0.1), eps=1e-04",0.001,0.1,0.0001,reverse_eng,1493275,0.78622,0.78217,0.79021
"U(0.001,0.1), eps=1e-04",0.001,0.1,0.0001,reverse_eng,1801267,0.81893,0.81513,0.82267
"U(0.001,0.1), eps=1e-04",0.001,0.1,0.0001,reverse_eng,2172783,0.85337,0.84987,0.8568
"U(0.001,0.1), eps=1e-04",0.001,0.1,0.0001,reverse_eng,2620925,0.88548,0.88232,0.88856
"U(0.001,0.1), eps=1e-04",0.001,0.1,0.0001,reverse_eng,3161498,0.9114,0.90858,0.91415
"U(0.001,0.1), eps=1e-04",0.001,0.1,0.0001,reverse_eng,3813565,0.93105,0.92853,0.93349
"U(0.001,0.1), eps=1e-04",0.001,0.1,0.0001,reverse_eng,4600122,0.95035,0.94818,0.95244
"U(0.001,0.1), eps=1e-04",0.001,0.1,0.0001,reverse_eng,5548909,0.96425,0.96239,0.96603
"U(0.001,0.1), eps=1e-04",0.001,0.1,0.0001,reverse_eng,6693386,0.97767,0.97618,0.97907
"U(0.001,0.1), eps=1e-04",0.001,0.1,0.0001,reverse_eng,8073914,0.98367,0.98238,0.98487
"U(0.001,0.1), eps=1e-04",0.001,0.1,0.0001,reverse_eng,9739179,0.99172,0.99078,0.99256
"U(0.001,0.1), eps=1e-04",0.001,0.1,0.0001,reverse_eng,11747910,0.99452,0.99375,0.9952
"U(0.001,0.1), eps=1e-04",0.001,0.1,0.0001,reverse_eng,14170946,0.99615,0.99549,0.99671
"U(0.001,0.1), eps=1e-04",0.001,0.1,0.0001,reverse_eng,17093739,0.99857,0.99815,0.9989
"U(0.001,0.1), eps=1e-04",0.001,0.1,0.0001,reverse_eng,20619366,0.99938,0.99908,0.99958
"U(0.001,0.1), eps=1e-04",0.001,0.1,0.0001,reverse_eng,24872163,0.99965,0.99941,0.99979
"U(0.001,0.1), eps=1e-04",0.001,0.1,0.0001,reverse_eng,30002110,0.99972,0.9995,0.99984
"U(0.001,0.1), eps=1e-04",0.001,0.1,0.0001,reverse_eng,36190121,0.99972,0.9995,0.99984
"U(0.001,0.1), eps=1e-04",0.001,0.1,0.0001,reverse_eng,43654425,0.99972,0.9995,0.99984
"U(0.001,0.1), eps=1e-04",0.001,0.1,0.0001,reverse_eng,52658261,0.99972,0.9995,0.99984
"U(0.001,0.1), eps=1e-04",0.001,0.1,0.0001,reverse_eng,63519160,0.99972,0.9995,0.99984
"U(0.001,0.1), eps=1e-04",0.001,0.1,0.0001,reverse_eng,76620148,0.99972,0.9995,0.99984
"U(0.001,0.1), eps=1e-04",0.001,0.1,0.0001,reverse_eng,92423247,0.99972,0.9995,0.99984
"U(0.001,0.1), eps=1e-04",0.001,0.1,0.0001,reverse_eng,111485776,0.99972,0.9995,0.99984
"U(0.001,0.1), eps=1e-04",0.001,0.1,0.0001,reverse_eng,134480000,0.99972,0.9995,0.99984
"U(0.001,0.1), eps=1e-04",0.001,0.1,0.0001,binary_risk,89653,0.28182,0.27743,0.28625
"U(0.001,0.1), eps=1e-04",0.001,0.1,0.0001,binary_risk,108144,0.30883,0.30432,0.31338
"U(0.001,0.1), eps=1e-04",0.001,0.1,0.0001,binary_risk,130449,0.33475,0.33014,0.33939
"U(0.001,0.1), eps=1e-04",0.001,0.1,0.0001,binary_risk,157355,0.3693,0.36458,0.37404
"U(0.001,0.1), eps=1e-04",0.001,0.1,0.0001,binary_risk,189810,0.40525,0.40045,0.41007
"U(0.001,0.1), eps=1e-04",0.001,0.1,0.0001,binary_risk,228958,0.44198,0.43712,0.44685
"U(0.001,0.1), eps=1e-04",0.001,0.1,0.0001,binary_risk,276182,0.47323,0.46834,0.47813
"U(0.001,0.1), eps=1e-04",0.001,0.1,0.0001,binary_risk,333145,0.5118,0.5069,0.5167
"U(0.001,0.1), eps=1e-04",0.001,0.1,0.0001,binary_risk,401857,0.5499,0.54502,0.55477
"U(0.001,0.1), eps=1e-04",0.001,0.1,0.0001,binary_risk,484741,0.58752,0.58269,0.59234
"U(0.001,0.1), eps=1e-04",0.001,0.1,0.0001,binary_risk,584721,0.6272,0.62245,0.63193
"U(0.001,0.1), eps=1e-04",0.001,0.1,0.0001,binary_risk,705321,0.6676,0.66297,0.6722
"U(0.001,0.1), eps=1e-04",0.001,0.1,0.0001,binary_risk,850795,0.70655,0.70207,0.71099
"U(0.001,0.1), eps=1e-04",0.001,0.1,0.0001,binary_risk,1026274,0.74435,0.74005,0.7486
"U(0.001,0.1), eps=1e-04",0.001,0.1,0.0001,binary_risk,1237946,0.78565,0.7816,0.78964
"U(0.001,0.1), eps=1e-04",0.001,0.1,0.0001,binary_risk,1493275,0.82075,0.81696,0.82448
"U(0.001,0.1), eps=1e-04",0.001,0.1,0.0001,binary_risk,1801267,0.85377,0.85027,0.8572
"U(0.001,0.1), eps=1e-04",0.001,0.1,0.0001,binary_risk,2172783,0.88502,0.88186,0.88811
"U(0.001,0.1), eps=1e-04",0.001,0.1,0.0001,binary_risk,2620925,0.90915,0.90629,0.91193
"U(0.001,0.1), eps=1e-04",0.001,0.1,0.0001,binary_risk,3161498,0.93183,0.92932,0.93426
"U(0.001,0.1), eps=1e-04",0.001,0.1,0.0001,binary_risk,3813565,0.95098,0.94882,0.95305
"U(0.001,0.1), eps=1e-04",0.001,0.1,0.0001,binary_risk,4600122,0.96665,0.96485,0.96837
"U(0.001,0.1), eps=1e-04",0.001,0.1,0.0001,binary_risk,5548909,0.97813,0.97665,0.97952
"U(0.001,0.1), eps=1e-04",0.001,0.1,0.0001,binary_risk,6693386,0.98693,0.98577,0.988
"U(0.001,0.1), eps=1e-04",0.001,0.1,0.0001,binary_risk,8073914,0.99235,0.99145,0.99316
"U(0.001,0.1), eps=1e-04",0.001,0.1,0.0001,binary_risk,9739179,0.99613,0.99547,0.99669
"U(0.001,0.1), eps=1e-04",0.001,0.1,0.0001,binary_risk,11747910,0.99557,0.99487,0.99617
"U(0.001,0.1), eps=1e-04",0.001,0.1,0.0001,binary_risk,14170946,0.99928,0.99896,0.9995
"U(0.001,0.1), eps=1e-04",0.001,0.1,0.0001,binary_risk,17093739,0.9981,0.99762,0.99848
"U(0.001,0.1), eps=1e-04",0.001,0.1,0.0001,binary_risk,20619366,0.99928,0.99896,0.9995
"U(0.001,0.1), eps=1e-04",0.001,0.1,0.0001,binary_risk,24872163,0.99957,0.99931,0.99973
"U(0.001,0.1), eps=1e-04",0.001,0.1,0.0001,binary_risk,30002110,0.9997,0.99948,0.99983
"U(0.001,0.1), eps=1e-04",0.001,0.1,0.0001,binary_risk,36190121,0.99992,0.99977,0.99997
"U(0.001,0.1), eps=1e-04",0.001,0.1,0.0001,binary_risk,43654425,0.99997,0.99985,0.99999
"U(0.001,0.1), eps=1e-04",0.001,0.1,0.0001,binary_risk,52658261,1.0,0.9999,1.0
"U(0.001,0.1), eps=1e-04",0.001,0.1,0.0001,binary_risk,63519160,1.0,0.9999,1.0
"U(0.001,0.1), eps=1e-04",0.001,0.1,0.0001,binary_risk,76620148,1.0,0.9999,1.0
"U(0.001,0.1), eps=1e-04",0.001,0.1,0.0001,binary_risk,92423247,1.0,0.9999,1.0
"U(0.001,0.1), eps=1e-04",0.001,0.1,0.0001,binary_risk,111485776,1.0,0.9999,1.0
"U(0.001,0.1), eps=1e-04",0.001,0.1,0.0001,binary_risk,134480000,1.0,0.9999,1.0
"U(0.001,0.1), eps=1e-04",0.001,0.1,0.0001,reverse_eng_risk,89653,0.2742,0.26985,0.27859
"U(0.001,0.1), eps=1e-04",0.001,0.1,0.0001,reverse_eng_risk,108144,0.3083,0.30379,0.31284
"U(0.001,0.1), eps=1e-04",0.001,0.1,0.0001,reverse_eng_risk,130449,0.33565,0.33104,0.34029
"U(0.001,0.1), eps=1e-04",0.001,0.1,0.0001,reverse_eng_risk,157355,0.3723,0.36758,0.37705
"U(0.001,0.1), eps=1e-04",0.001,0.1,0.0001,reverse_eng_risk,189810,0.4055,0.4007,0.41032
"U(0.001,0.1), eps=1e-04",0.001,0.1,0.0001,reverse_eng_risk,228958,0.4421,0.43724,0.44697
"U(0.001,0.1), eps=1e-04",0.001,0.1,0.0001,reverse_eng_risk,276182,0.4729,0.46801,0.4778
"U(0.001,0.1), eps=1e-04",0.001,0.1,0.0001,reverse_eng_risk,333145,0.51362,0.50872,0.51852
"U(0.001,0.1), eps=1e-04",0.001,0.1,0.0001,reverse_eng_risk,401857,0.55092,0.54604,0.55579
"U(0.001,0.1), eps=1e-04",0.001,0.1,0.0001,reverse_eng_risk,484741,0.58813,0.5833,0.59294
"U(0.001,0.1), eps=1e-04",0.001,0.1,0.0001,reverse_eng_risk,584721,0.6283,0.62355,0.63302
"U(0.001,0.1), eps=1e-04",0.001,0.1,0.0001,reverse_eng_risk,705321,0.66683,0.6622,0.67143
"U(0.001,0.1), eps=1e-04",0.001,0.1,0.0001,reverse_eng_risk,850795,0.70805,0.70357,0.71249
"U(0.001,0.1), eps=1e-04",0.001,0.1,0.0001,reverse_eng_risk,1026274,0.74377,0.73947,0.74802
"U(0.001,0.1), eps=1e-04",0.001,0.1,0.0001,reverse_eng_risk,1237946,0.78612,0.78207,0.79011
"U(0.001,0.1), eps=1e-04",0.001,0.1,0.0001,reverse_eng_risk,1493275,0.82158,0.8178,0.8253
"U(0.001,0.1), eps=1e-04",0.001,0.1,0.0001,reverse_eng_risk,1801267,0.8527,0.84919,0.85614
"U(0.001,0.1), eps=1e-04",0.001,0.1,0.0001,reverse_eng_risk,2172783,0.88328,0.8801,0.88639
"U(0.001,0.1), eps=1e-04",0.001,0.1,0.0001,reverse_eng_risk,2620925,0.9113,0.90847,0.91405
"U(0.001,0.1), eps=1e-04",0.001,0.1,0.0001,reverse_eng_risk,3161498,0.93212,0.92961,0.93454
"U(0.001,0.1), eps=1e-04",0.001,0.1,0.0001,reverse_eng_risk,3813565,0.95115,0.94899,0.95322
"U(0.001,0.1), eps=1e-04",0.001,0.1,0.0001,reverse_eng_risk,4600122,0.96793,0.96616,0.96961
"U(0.001,0.1), eps=1e-04",0.001,0.1,0.0001,reverse_eng_risk,5548909,0.97855,0.97708,0.97992
"U(0.001,0.1), eps=1e-04",0.001,0.1,0.0001,reverse_eng_risk,6693386,0.98777,0.98665,0.9888
"U(0.001,0.1), eps=1e-04",0.001,0.1,0.0001,reverse_eng_risk,8073914,0.99335,0.9925,0.9941
"U(0.001,0.1), eps=1e-04",0.001,0.1,0.0001,reverse_eng_risk,9739179,0.9964,0.99576,0.99694
"U(0.001,0.1), eps=1e-04",0.001,0.1,0.0001,reverse_eng_risk,11747910,0.99815,0.99768,0.99853
"U(0.001,0.1), eps=1e-04",0.001,0.1,0.0001,reverse_eng_risk,14170946,0.99903,0.99867,0.99929
"U(0.001,0.1), eps=1e-04",0.001,0.1,0.0001,reverse_eng_risk,17093739,0.99975,0.99954,0.99986
"U(0.001,0.1), eps=1e-04",0.001,0.1,0.0001,reverse_eng_risk,20619366,0.99987,0.9997,0.99994
"U(0.001,0.1), eps=1e-04",0.001,0.1,0.0001,reverse_eng_risk,24872163,0.99995,0.99982,0.99999
"U(0.001,0.1), eps=1e-04",0.001,0.1,0.0001,reverse_eng_risk,30002110,0.99992,0.99977,0.99997
"U(0.001,0.1), eps=1e-04",0.001,0.1,0.0001,reverse_eng_risk,36190121,0.99997,0.99985,0.99999
"U(0.001,0.1), eps=1e-04",0.001,0.1,0.0001,reverse_eng_risk,43654425,1.0,0.9999,1.0
"U(0.001,0.1), eps=1e-04",0.001,0.1,0.0001,reverse_eng_risk,52658261,1.0,0.9999,1.0
"U(0.001,0.1), eps=1e-04",0.001,0.1,0.0001,reverse_eng_risk,63519160,1.0,0.9999,1.0
"U(0.001,0.1), eps=1e-04",0.001,0.1,0.0001,reverse_eng_risk,76620148,1.0,0.9999,1.0
"U(0.001,0.1), eps=1e-04",0.001,0.1,0.0001,reverse_eng_risk,92423247,1.0,0.9999,1.0
"U(0.001,0.1), eps=1e-04",0.001,0.1,0.0001,reverse_eng_risk,111485776,1.0,0.9999,1.0
"U(0.001,0.1), eps=1e-04",0.001,0.1,0.0001,reverse_eng_risk,134480000,1.0,0.9999,1.0
"U(0.001,0.1), eps=1e-06",0.001,0.1,1e-06,brute,896533333,0.18482,0.18105,0.18865
"U(0.001,0.1), eps=1e-06",0.001,0.1,1e-06,brute,1081445601,0.20233,0.19842,0.2063
"U(0.001,0.1), eps=1e-06",0.001,0.1,1e-06,brute,1304496493,0.22175,0.21771,0.22585
"U(0.001,0.1), eps=1e-06",0.001,0.1,1e-06,brute,1573552196,0.24255,0.23837,0.24678
"U(0.001,0.1), eps=1e-06",0.001,0.1,1e-06,brute,1898101319,0.2651,0.2608,0.26945
"U(0.001,0.1), eps=1e-06",0.001,0.1,1e-06,brute,2289589519,0.29175,0.28732,0.29622
"U(0.001,0.1), eps=1e-06",0.001,0.1,1e-06,brute,2761823151,0.31755,0.31301,0.32213
"U(0.001,0.1), eps=1e-06",0.001,0.1,1e-06,brute,3331456165,0.34635,0.3417,0.35103
"U(0.001,0.1), eps=1e-06",0.001,0.1,1e-06,brute,4018577429,0.37717,0.37243,0.38193
"U(0.001,0.1), eps=1e-06",0.001,0.1,1e-06,brute,4847419193,0.41137,0.40656,0.4162
"U(0.001,0.1), eps=1e-06",0.001,0.1,1e-06,brute,5847211667,0.44722,0.44235,0.4521
"U(0.001,0.1), eps=1e-06",0.001,0.1,1e-06,brute,7053213870,0.48578,0.48088,0.49068
"U(0.001,0.1), eps=1e-06",0.001,0.1,1e-06,brute,8507957079,0.52548,0.52058,0.53037
"U(0.001,0.1), eps=1e-06",0.001,0.1,1e-06,brute,10262744755,0.5669,0.56204,0.57175
"U(0.001,0.1), eps=1e-06",0.001,0.1,1e-06,brute,12379461831,0.61185,0.60706,0.61661
"U(0.001,0.1), eps=1e-06",0.001,0.1,1e-06,brute,14932757159,0.65877,0.65411,0.6634
"U(0.001,0.1), eps=1e-06",0.001,0.1,1e-06,brute,18012676110,0.70357,0.69908,0.70803
"U(0.001,0.1), eps=1e-06",0.001,0.1,1e-06,brute,21727836139,0.7477,0.74342,0.75193
"U(0.001,0.1), eps=1e-06",0.001,0.1,1e-06,brute,26209257324,0.7928,0.7888,0.79674
"U(0.001,0.1), eps=1e-06",0.001,0.1,1e-06,brute,31614982969,0.83413,0.83045,0.83774
"U(0.001,0.1), eps=1e-06",0.001,0.1,1e-06,brute,38135653207,0.87143,0.86811,0.87467
"U(0.001,0.1), eps=1e-06",0.001,0.1,1e-06,brute,46001228182,0.90445,0.90153,0.90729
"U(0.001,0.1), eps=1e-06",0.001,0.1,1e-06,brute,55489097899,0.93315,0.93066,0.93556
"U(0.001,0.1), eps=1e-06",0.001,0.1,1e-06,brute,66933864754,0.95465,0.95257,0.95665
"U(0.001,0.1), eps=1e-06",0.001,0.1,1e-06,brute,80739143733,0.9717,0.97003,0.97328
"U(0.001,0.1), eps=1e-06",0.001,0.1,1e-06,brute,97391796436,0.9838,0.98252,0.98499
"U(0.001,0.1), eps=1e-06",0.001,0.1,1e-06,brute,117479100897,0.9924,0.9915,0.99321
"U(0.001,0.1), eps=1e-06",0.001,0.1,1e-06,brute,141709462734,0.99672,0.99611,0.99723
"U(0.001,0.1), eps=1e-06",0.001,0.1,1e-06,brute,170937398014,0.99875,0.99835,0.99905
"U(0.001,0.1), eps=1e-06",0.001,0.1,1e-06,brute,206193668906,0.99972,0.9995,0.99984
"U(0.001,0.1), eps=1e-06",0.001,0.1,1e-06,brute,248721634884,0.99992,0.99977,0.99997
"U(0.001,0.1), eps=1e-06",0.001,0.1,1e-06,brute,300021101460,1.0,0.9999,1.0
"U(0.001,0.1), eps=1e-06",0.001,0.1,1e-06,brute,361901212829,1.0,0.9999,1.0
"U(0.001,0.1), eps=1e-06",0.001,0.1,1e-06,brute,436544253753,1.0,0.9999,1.0
"U(0.001,0.1), eps=1e-06",0.001,0.1,1e-06,brute,526582610750,1.0,0.9999,1.0
"U(0.001,0.1), eps=1e-06",0.001,0.1,1e-06,brute,635191606717,1.0,0.9999,1.0
"U(0.001,0.1), eps=1e-06",0.001,0.1,1e-06,brute,766201482932,1.0,0.9999,1.0
"U(0.001,0.1), eps=1e-06",0.001,0.1,1e-06,brute,924232477633,1.0,0.9999,1.0
"U(0.001,0.1), eps=1e-06",0.001,0.1,1e-06,brute,1114857764883,1.0,0.9999,1.0
"U(0.001,0.1), eps=1e-06",0.001,0.1,1e-06,brute,1344800000000,1.0,0.9999,1.0
"U(0.001,0.1), eps=1e-06",0.001,0.1,1e-06,separable,896533333,0.04838,0.04632,0.05053
"U(0.001,0.1), eps=1e-06",0.001,0.1,1e-06,separable,1081445601,0.05382,0.05165,0.05607
"U(0.001,0.1), eps=1e-06",0.001,0.1,1e-06,separable,1304496493,0.05897,0.0567,0.06132
"U(0.001,0.1), eps=1e-06",0.001,0.1,1e-06,separable,1573552196,0.0649,0.06253,0.06736
"U(0.001,0.1), eps=1e-06",0.001,0.1,1e-06,separable,1898101319,0.07128,0.0688,0.07384
"U(0.001,0.1), eps=1e-06",0.001,0.1,1e-06,separable,2289589519,0.0786,0.076,0.08128
"U(0.001,0.1), eps=1e-06",0.001,0.1,1e-06,separable,2761823151,0.08603,0.08332,0.08882
"U(0.001,0.1), eps=1e-06",0.001,0.1,1e-06,separable,3331456165,0.0952,0.09236,0.09812
"U(0.001,0.1), eps=1e-06",0.001,0.1,1e-06,separable,4018577429,0.10385,0.1009,0.10688
"U(0.001,0.1), eps=1e-06",0.001,0.1,1e-06,separable,4847419193,0.11388,0.1108,0.11703
"U(0.001,0.1), eps=1e-06",0.001,0.1,1e-06,separable,5847211667,0.12448,0.12128,0.12775
"U(0.001,0.1), eps=1e-06",0.001,0.1,1e-06,separable,7053213870,0.1364,0.13307,0.1398
"U(0.001,0.1), eps=1e-06",0.001,0.1,1e-06,separable,8507957079,0.14825,0.1448,0.15177
"U(0.001,0.1), eps=1e-06",0.001,0.1,1e-06,separable,10262744755,0.16278,0.15919,0.16643
"U(0.001,0.1), eps=1e-06",0.001,0.1,1e-06,separable,12379461831,0.17795,0.17423,0.18173
"U(0.001,0.1), eps=1e-06",0.001,0.1,1e-06,separable,14932757159,0.19505,0.1912,0.19896
"U(0.001,0.1), eps=1e-06",0.001,0.1,1e-06,separable,18012676110,0.21318,0.20919,0.21722
"U(0.001,0.1), eps=1e-06",0.001,0.1,1e-06,separable,21727836139,0.23333,0.22921,0.2375
"U(0.001,0.1), eps=1e-06",0.001,0.1,1e-06,separable,26209257324,0.25435,0.25011,0.25864
"U(0.001,0.1), eps=1e-06",0.001,0.1,1e-06,separable,31614982969,0.27963,0.27525,0.28405
"U(0.001,0.1), eps=1e-06",0.001,0.1,1e-06,separable,38135653207,0.3059,0.3014,0.31043
"U(0.001,0.1), eps=1e-06",0.001,0.1,1e-06,separable,46001228182,0.33398,0.32937,0.33862
"U(0.001,0.1), eps=1e-06",0.001,0.1,1e-06,separable,55489097899,0.36355,0.35885,0.36828
"U(0.001,0.1), eps=1e-06",0.001,0.1,1e-06,separable,66933864754,0.39637,0.39159,0.40117
"U(0.001,0.1), eps=1e-06",0.001,0.1,1e-06,separable,80739143733,0.43047,0.42562,0.43533
"U(0.001,0.1), eps=1e-06",0.001,0.1,1e-06,separable,97391796436,0.46792,0.46303,0.47281
"U(0.001,0.1), eps=1e-06",0.001,0.1,1e-06,separable,117479100897,0.50818,0.50328,0.51308
"U(0.001,0.1), eps=1e-06",0.001,0.1,1e-06,separable,141709462734,0.54807,0.54319,0.55294
"U(0.001,0.1), eps=1e-06",0.001,0.1,1e-06,separable,170937398014,0.59235,0.58753,0.59716
"U(0.001,0.1), eps=1e-06",0.001,0.1,1e-06,separable,206193668906,0.63813,0.63341,0.64283
"U(0.001,0.1), eps=1e-06",0.001,0.1,1e-06,separable,248721634884,0.6831,0.67852,0.68764
"U(0.001,0.1), eps=1e-06",0.001,0.1,1e-06,separable,300021101460,0.72825,0.72387,0.73259
"U(0.001,0.1), eps=1e-06",0.001,0.1,1e-06,separable,361901212829,0.77345,0.76932,0.77753
"U(0.001,0.1), eps=1e-06",0.001,0.1,1e-06,separable,436544253753,0.81737,0.81355,0.82113
"U(0.001,0.1), eps=1e-06",0.001,0.1,1e-06,separable,526582610750,0.85533,0.85185,0.85874
"U(0.001,0.1), eps=1e-06",0.001,0.1,1e-06,separable,635191606717,0.89128,0.88819,0.89429
"U(0.001,0.1), eps=1e-06",0.001,0.1,1e-06,separable,766201482932,0.92097,0.91829,0.92357
"U(0.001,0.1), eps=1e-06",0.001,0.1,1e-06,separable,924232477633,0.946,0.94374,0.94817
"U(0.001,0.1), eps=1e-06",0.001,0.1,1e-06,separable,1114857764883,0.9649,0.96305,0.96666
"U(0.001,0.1), eps=1e-06",0.001,0.1,1e-06,separable,1344800000000,0.97942,0.97798,0.98077
"U(0.001,0.1), eps=1e-06",0.001,0.1,1e-06,linear,896533333,0.26293,0.25864,0.26727
"U(0.001,0.1), eps=1e-06",0.001,0.1,1e-06,linear,1081445601,0.28765,0.28323,0.29211
"U(0.001,0.1), eps=1e-06",0.001,0.1,1e-06,linear,1304496493,0.31322,0.30869,0.31778
"U(0.001,0.1), eps=1e-06",0.001,0.1,1e-06,linear,1573552196,0.33645,0.33184,0.3411
"U(0.001,0.1), eps=1e-06",0.001,0.1,1e-06,linear,1898101319,0.36823,0.36352,0.37297
"U(0.001,0.1), eps=1e-06",0.001,0.1,1e-06,linear,2289589519,0.40135,0.39656,0.40616
"U(0.001,0.1), eps=1e-06",0.001,0.1,1e-06,linear,2761823151,0.43715,0.4323,0.44202
"U(0.001,0.1), eps=1e-06",0.001,0.1,1e-06,linear,3331456165,0.47402,0.46913,0.47892
"U(0.001,0.1), eps=1e-06",0.001,0.1,1e-06,linear,4018577429,0.51023,0.50533,0.51513
"U(0.001,0.1), eps=1e-06",0.001,0.1,1e-06,linear,4847419193,0.5463,0.54142,0.55117
"U(0.001,0.1), eps=1e-06",0.001,0.1,1e-06,linear,5847211667,0.5847,0.57986,0.58952
"U(0.001,0.1), eps=1e-06",0.001,0.1,1e-06,linear,7053213870,0.6277,0.62295,0.63242
"U(0.001,0.1), eps=1e-06",0.001,0.1,1e-06,linear,8507957079,0.6642,0.65956,0.66881
"U(0.001,0.1), eps=1e-06",0.001,0.1,1e-06,linear,10262744755,0.70455,0.70006,0.709
"U(0.001,0.1), eps=1e-06",0.001,0.1,1e-06,linear,12379461831,0.7469,0.74262,0.75114
"U(0.001,0.1), eps=1e-06",0.001,0.1,1e-06,linear,14932757159,0.78543,0.78138,0.78943
"U(0.001,0.1), eps=1e-06",0.001,0.1,1e-06,linear,18012676110,0.82025,0.81646,0.82398
"U(0.001,0.1), eps=1e-06",0.001,0.1,1e-06,linear,21727836139,0.8516,0.84808,0.85505
"U(0.001,0.1), eps=1e-06",0.001,0.1,1e-06,linear,26209257324,0.88265,0.87946,0.88577
"U(0.001,0.1), eps=1e-06",0.001,0.1,1e-06,linear,31614982969,0.91078,0.90795,0.91353
"U(0.001,0.1), eps=1e-06",0.001,0.1,1e-06,linear,38135653207,0.93412,0.93165,0.93651
"U(0.001,0.1), eps=1e-06",0.001,0.1,1e-06,linear,46001228182,0.95057,0.9484,0.95265
"U(0.001,0.1), eps=1e-06",0.001,0.1,1e-06,linear,55489097899,0.97018,0.96847,0.9718
"U(0.001,0.1), eps=1e-06",0.001,0.1,1e-06,linear,66933864754,0.97772,0.97623,0.97912
"U(0.001,0.1), eps=1e-06",0.001,0.1,1e-06,linear,80739143733,0.989,0.98793,0.98998
"U(0.001,0.1), eps=1e-06",0.001,0.1,1e-06,linear,97391796436,0.99438,0.9936,0.99507
"U(0.001,0.1), eps=1e-06",0.001,0.1,1e-06,linear,117479100897,0.99692,0.99633,0.99742
"U(0.001,0.1), eps=1e-06",0.001,0.1,1e-06,linear,141709462734,0.9985,0.99807,0.99883
"U(0.001,0.1), eps=1e-06",0.001,0.1,1e-06,linear,170937398014,0.99903,0.99867,0.99929
"U(0.001,0.1), eps=1e-06",0.001,0.1,1e-06,linear,206193668906,0.999,0.99864,0.99927
"U(0.001,0.1), eps=1e-06",0.001,0.1,1e-06,linear,248721634884,0.99962,0.99938,0.99977
"U(0.001,0.1), eps=1e-06",0.001,0.1,1e-06,linear,300021101460,0.99982,0.99963,0.99991
"U(0.001,0.1), eps=1e-06",0.001,0.1,1e-06,linear,361901212829,0.99985,0.99967,0.99993
"U(0.001,0.1), eps=1e-06",0.001,0.1,1e-06,linear,436544253753,0.99985,0.99967,0.99993
"U(0.001,0.1), eps=1e-06",0.001,0.1,1e-06,linear,526582610750,0.99985,0.99967,0.99993
"U(0.001,0.1), eps=1e-06",0.001,0.1,1e-06,linear,635191606717,0.99985,0.99967,0.99993
"U(0.001,0.1), eps=1e-06",0.001,0.1,1e-06,linear,766201482932,0.99985,0.99967,0.99993
"U(0.001,0.1), eps=1e-06",0.001,0.1,1e-06,linear,924232477633,0.99985,0.99967,0.99993
"U(0.001,0.1), eps=1e-06",0.001,0.1,1e-06,linear,1114857764883,0.99985,0.99967,0.99993
"U(0.001,0.1), eps=1e-06",0.001,0.1,1e-06,linear,1344800000000,0.99985,0.99967,0.99993
"U(0.001,0.1), eps=1e-06",0.001,0.1,1e-06,binary,896533333,0.28485,0.28045,0.28929
"U(0.001,0.1), eps=1e-06",0.001,0.1,1e-06,binary,1081445601,0.3114,0.30688,0.31596
"U(0.001,0.1), eps=1e-06",0.001,0.1,1e-06,binary,1304496493,0.34337,0.33873,0.34804
"U(0.001,0.1), eps=1e-06",0.001,0.1,1e-06,binary,1573552196,0.37325,0.36852,0.378
"U(0.001,0.1), eps=1e-06",0.001,0.1,1e-06,binary,1898101319,0.40365,0.39885,0.40847
"U(0.001,0.1), eps=1e-06",0.001,0.1,1e-06,binary,2289589519,0.43645,0.4316,0.44132
"U(0.001,0.1), eps=1e-06",0.001,0.1,1e-06,binary,2761823151,0.46213,0.45725,0.46702
"U(0.001,0.1), eps=1e-06",0.001,0.1,1e-06,binary,3331456165,0.50795,0.50305,0.51285
"U(0.001,0.1), eps=1e-06",0.001,0.1,1e-06,binary,4018577429,0.54338,0.53849,0.54826
"U(0.001,0.1), eps=1e-06",0.001,0.1,1e-06,binary,4847419193,0.57847,0.57362,0.5833
"U(0.001,0.1), eps=1e-06",0.001,0.1,1e-06,binary,5847211667,0.6144,0.60962,0.61916
"U(0.001,0.1), eps=1e-06",0.001,0.1,1e-06,binary,7053213870,0.65253,0.64785,0.65718
"U(0.001,0.1), eps=1e-06",0.001,0.1,1e-06,binary,8507957079,0.69147,0.68693,0.69598
"U(0.001,0.1), eps=1e-06",0.001,0.1,1e-06,binary,10262744755,0.73118,0.72681,0.7355
"U(0.001,0.1), eps=1e-06",0.001,0.1,1e-06,binary,12379461831,0.76892,0.76476,0.77302
"U(0.001,0.1), eps=1e-06",0.001,0.1,1e-06,binary,14932757159,0.80405,0.80013,0.80791
"U(0.001,0.1), eps=1e-06",0.001,0.1,1e-06,binary,18012676110,0.8375,0.83385,0.84108
"U(0.001,0.1), eps=1e-06",0.001,0.1,1e-06,binary,21727836139,0.87152,0.86821,0.87476
"U(0.001,0.1), eps=1e-06",0.001,0.1,1e-06,binary,26209257324,0.90045,0.89748,0.90335
"U(0.001,0.1), eps=1e-06",0.001,0.1,1e-06,binary,31614982969,0.925,0.92238,0.92754
"U(0.001,0.1), eps=1e-06",0.001,0.1,1e-06,binary,38135653207,0.94555,0.94328,0.94773
"U(0.001,0.1), eps=1e-06",0.001,0.1,1e-06,binary,46001228182,0.95847,0.95647,0.96038
"U(0.001,0.1), eps=1e-06",0.001,0.1,1e-06,binary,55489097899,0.97425,0.97265,0.97576
"U(0.001,0.1), eps=1e-06",0.001,0.1,1e-06,binary,66933864754,0.9839,0.98262,0.98509
"U(0.001,0.1), eps=1e-06",0.001,0.1,1e-06,binary,80739143733,0.9877,0.98657,0.98873
"U(0.001,0.1), eps=1e-06",0.001,0.1,1e-06,binary,97391796436,0.9937,0.99288,0.99443
"U(0.001,0.1), eps=1e-06",0.001,0.1,1e-06,binary,117479100897,0.99652,0.99589,0.99705
"U(0.001,0.1), eps=1e-06",0.001,0.1,1e-06,binary,141709462734,0.998,0.99751,0.99839
"U(0.001,0.1), eps=1e-06",0.001,0.1,1e-06,binary,170937398014,0.99877,0.99838,0.99907
"U(0.001,0.1), eps=1e-06",0.001,0.1,1e-06,binary,206193668906,0.99938,0.99908,0.99958
"U(0.001,0.1), eps=1e-06",0.001,0.1,1e-06,binary,248721634884,0.9988,0.99841,0.99909
"U(0.001,0.1), eps=1e-06",0.001,0.1,1e-06,binary,300021101460,0.99882,0.99843,0.99911
"U(0.001,0.1), eps=1e-06",0.001,0.1,1e-06,binary,361901212829,0.99885,0.99847,0.99914
"U(0.001,0.1), eps=1e-06",0.001,0.1,1e-06,binary,436544253753,0.99885,0.99847,0.99914
"U(0.001,0.1), eps=1e-06",0.001,0.1,1e-06,binary,526582610750,0.99885,0.99847,0.99914
"U(0.001,0.1), eps=1e-06",0.001,0.1,1e-06,binary,635191606717,0.99885,0.99847,0.99914
"U(0.001,0.1), eps=1e-06",0.001,0.1,1e-06,binary,766201482932,0.99885,0.99847,0.99914
"U(0.001,0.1), eps=1e-06",0.001,0.1,1e-06,binary,924232477633,0.99885,0.99847,0.99914
"U(0.001,0.1), eps=1e-06",0.001,0.1,1e-06,binary,1114857764883,0.99885,0.99847,0.99914
"U(0.001,0.1), eps=1e-06",0.001,0.1,1e-06,binary,1344800000000,0.99885,0.99847,0.99914
"U(0.001,0.1), eps=1e-06",0.001,0.1,1e-06,reverse_eng,896533333,0.30967,0.30516,0.31422
"U(0.001,0.1), eps=1e-06",0.001,0.1,1e-06,reverse_eng,1081445601,0.33627,0.33166,0.34092
"U(0.001,0.1), eps=1e-06",0.001,0.1,1e-06,reverse_eng,1304496493,0.3633,0.3586,0.36803
"U(0.001,0.1), eps=1e-06",0.001,0.1,1e-06,reverse_eng,1573552196,0.3911,0.38633,0.39589
"U(0.001,0.1), eps=1e-06",0.001,0.1,1e-06,reverse_eng,1898101319,0.42368,0.41885,0.42853
"U(0.001,0.1), eps=1e-06",0.001,0.1,1e-06,reverse_eng,2289589519,0.45585,0.45097,0.46073
"U(0.001,0.1), eps=1e-06",0.001,0.1,1e-06,reverse_eng,2761823151,0.48807,0.48317,0.49297
"U(0.001,0.1), eps=1e-06",0.001,0.1,1e-06,reverse_eng,3331456165,0.52353,0.51863,0.52842
"U(0.001,0.1), eps=1e-06",0.001,0.1,1e-06,reverse_eng,4018577429,0.55995,0.55508,0.56481
"U(0.001,0.1), eps=1e-06",0.001,0.1,1e-06,reverse_eng,4847419193,0.59647,0.59165,0.60127
"U(0.001,0.1), eps=1e-06",0.001,0.1,1e-06,reverse_eng,5847211667,0.63515,0.63042,0.63985
"U(0.001,0.1), eps=1e-06",0.001,0.1,1e-06,reverse_eng,7053213870,0.67265,0.66804,0.67723
"U(0.001,0.1), eps=1e-06",0.001,0.1,1e-06,reverse_eng,8507957079,0.71425,0.7098,0.71866
"U(0.001,0.1), eps=1e-06",0.001,0.1,1e-06,reverse_eng,10262744755,0.74672,0.74243,0.75096
"U(0.001,0.1), eps=1e-06",0.001,0.1,1e-06,reverse_eng,12379461831,0.7828,0.77873,0.78681
"U(0.001,0.1), eps=1e-06",0.001,0.1,1e-06,reverse_eng,14932757159,0.81907,0.81527,0.82281
"U(0.001,0.1), eps=1e-06",0.001,0.1,1e-06,reverse_eng,18012676110,0.85108,0.84756,0.85454
"U(0.001,0.1), eps=1e-06",0.001,0.1,1e-06,reverse_eng,21727836139,0.87887,0.87564,0.88203
"U(0.001,0.1), eps=1e-06",0.001,0.1,1e-06,reverse_eng,26209257324,0.90112,0.89816,0.90401
"U(0.001,0.1), eps=1e-06",0.001,0.1,1e-06,reverse_eng,31614982969,0.92917,0.92661,0.93164
"U(0.001,0.1), eps=1e-06",0.001,0.1,1e-06,reverse_eng,38135653207,0.94322,0.94091,0.94545
"U(0.001,0.1), eps=1e-06",0.001,0.1,1e-06,reverse_eng,46001228182,0.95952,0.95754,0.96141
"U(0.001,0.1), eps=1e-06",0.001,0.1,1e-06,reverse_eng,55489097899,0.9762,0.97466,0.97765
"U(0.001,0.1), eps=1e-06",0.001,0.1,1e-06,reverse_eng,66933864754,0.9801,0.97868,0.98142
"U(0.001,0.1), eps=1e-06",0.001,0.1,1e-06,reverse_eng,80739143733,0.98728,0.98613,0.98833
"U(0.001,0.1), eps=1e-06",0.001,0.1,1e-06,reverse_eng,97391796436,0.99247,0.99157,0.99327
"U(0.001,0.1), eps=1e-06",0.001,0.1,1e-06,reverse_eng,117479100897,0.99748,0.99694,0.99793
"U(0.001,0.1), eps=1e-06",0.001,0.1,1e-06,reverse_eng,141709462734,0.99852,0.99809,0.99885
"U(0.001,0.1), eps=1e-06",0.001,0.1,1e-06,reverse_eng,170937398014,0.9992,0.99887,0.99943
"U(0.001,0.1), eps=1e-06",0.001,0.1,1e-06,reverse_eng,206193668906,0.99943,0.99914,0.99962
"U(0.001,0.1), eps=1e-06",0.001,0.1,1e-06,reverse_eng,248721634884,0.99962,0.99938,0.99977
"U(0.001,0.1), eps=1e-06",0.001,0.1,1e-06,reverse_eng,300021101460,0.99967,0.99944,0.99981
"U(0.001,0.1), eps=1e-06",0.001,0.1,1e-06,reverse_eng,361901212829,0.99967,0.99944,0.99981
"U(0.001,0.1), eps=1e-06",0.001,0.1,1e-06,reverse_eng,436544253753,0.99967,0.99944,0.99981
"U(0.001,0.1), eps=1e-06",0.001,0.1,1e-06,reverse_eng,526582610750,0.99967,0.99944,0.99981
"U(0.001,0.1), eps=1e-06",0.001,0.1,1e-06,reverse_eng,635191606717,0.99967,0.99944,0.99981
"U(0.001,0.1), eps=1e-06",0.001,0.1,1e-06,reverse_eng,766201482932,0.99967,0.99944,0.99981
"U(0.001,0.1), eps=1e-06",0.001,0.1,1e-06,reverse_eng,924232477633,0.99967,0.99944,0.99981
"U(0.001,0.1), eps=1e-06",0.001,0.1,1e-06,reverse_eng,1114857764883,0.99967,0.99944,0.99981
"U(0.001,0.1), eps=1e-06",0.001,0.1,1e-06,reverse_eng,1344800000000,0.99967,0.99944,0.99981
"U(0.001,0.1), eps=1e-06",0.001,0.1,1e-06,binary_risk,896533333,0.30843,0.30392,0.31297
"U(0.001,0.1), eps=1e-06",0.001,0.1,1e-06,binary_risk,1081445601,0.33345,0.32885,0.33809
"U(0.001,0.1), eps=1e-06",0.001,0.1,1e-06,binary_risk,1304496493,0.36373,0.35903,0.36846
"U(0.001,0.1), eps=1e-06",0.001,0.1,1e-06,binary_risk,1573552196,0.39308,0.3883,0.39788
"U(0.001,0.1), eps=1e-06",0.001,0.1,1e-06,binary_risk,1898101319,0.42573,0.42089,0.43058
"U(0.001,0.1), eps=1e-06",0.001,0.1,1e-06,binary_risk,2289589519,0.45743,0.45255,0.46232
"U(0.001,0.1), eps=1e-06",0.001,0.1,1e-06,binary_risk,2761823151,0.49295,0.48805,0.49785
"U(0.001,0.1), eps=1e-06",0.001,0.1,1e-06,binary_risk,3331456165,0.5289,0.52401,0.53379
"U(0.001,0.1), eps=1e-06",0.001,0.1,1e-06,binary_risk,4018577429,0.56585,0.56099,0.5707
"U(0.001,0.1), eps=1e-06",0.001,0.1,1e-06,binary_risk,4847419193,0.6005,0.59569,0.60529
"U(0.001,0.1), eps=1e-06",0.001,0.1,1e-06,binary_risk,5847211667,0.6377,0.63298,0.6424
"U(0.001,0.1), eps=1e-06",0.001,0.1,1e-06,binary_risk,7053213870,0.67845,0.67386,0.68301
"U(0.001,0.1), eps=1e-06",0.001,0.1,1e-06,binary_risk,8507957079,0.7165,0.71206,0.7209
"U(0.001,0.1), eps=1e-06",0.001,0.1,1e-06,binary_risk,10262744755,0.7546,0.75036,0.75879
"U(0.001,0.1), eps=1e-06",0.001,0.1,1e-06,binary_risk,12379461831,0.79007,0.78605,0.79403
"U(0.001,0.1), eps=1e-06",0.001,0.1,1e-06,binary_risk,14932757159,0.82498,0.82123,0.82867
"U(0.001,0.1), eps=1e-06",0.001,0.1,1e-06,binary_risk,18012676110,0.8609,0.85747,0.86426
"U(0.001,0.1), eps=1e-06",0.001,0.1,1e-06,binary_risk,21727836139,0.88872,0.8856,0.89176
"U(0.001,0.1), eps=1e-06",0.001,0.1,1e-06,binary_risk,26209257324,0.91592,0.91316,0.9186
"U(0.001,0.1), eps=1e-06",0.001,0.1,1e-06,binary_risk,31614982969,0.93812,0.93572,0.94044
"U(0.001,0.1), eps=1e-06",0.001,0.1,1e-06,binary_risk,38135653207,0.95647,0.95443,0.95843
"U(0.001,0.1), eps=1e-06",0.001,0.1,1e-06,binary_risk,46001228182,0.96975,0.96803,0.97138
"U(0.001,0.1), eps=1e-06",0.001,0.1,1e-06,binary_risk,55489097899,0.98133,0.97996,0.98261
"U(0.001,0.1), eps=1e-06",0.001,0.1,1e-06,binary_risk,66933864754,0.98887,0.98779,0.98985
"U(0.001,0.1), eps=1e-06",0.001,0.1,1e-06,binary_risk,80739143733,0.99138,0.99043,0.99224
"U(0.001,0.1), eps=1e-06",0.001,0.1,1e-06,binary_risk,97391796436,0.99423,0.99344,0.99493
"U(0.001,0.1), eps=1e-06",0.001,0.1,1e-06,binary_risk,117479100897,0.998,0.99751,0.99839
"U(0.001,0.1), eps=1e-06",0.001,0.1,1e-06,binary_risk,141709462734,0.99905,0.9987,0.99931
"U(0.001,0.1), eps=1e-06",0.001,0.1,1e-06,binary_risk,170937398014,0.99972,0.9995,0.99984
"U(0.001,0.1), eps=1e-06",0.001,0.1,1e-06,binary_risk,206193668906,0.99923,0.99891,0.99946
"U(0.001,0.1), eps=1e-06",0.001,0.1,1e-06,binary_risk,248721634884,0.99957,0.99931,0.99973
"U(0.001,0.1), eps=1e-06",0.001,0.1,1e-06,binary_risk,300021101460,0.99967,0.99944,0.99981
"U(0.001,0.1), eps=1e-06",0.001,0.1,1e-06,binary_risk,361901212829,0.99992,0.99977,0.99997
"U(0.001,0.1), eps=1e-06",0.001,0.1,1e-06,binary_risk,436544253753,0.99997,0.99985,0.99999
"U(0.001,0.1), eps=1e-06",0.001,0.1,1e-06,binary_risk,526582610750,1.0,0.9999,1.0
"U(0.001,0.1), eps=1e-06",0.001,0.1,1e-06,binary_risk,635191606717,1.0,0.9999,1.0
"U(0.001,0.1), eps=1e-06",0.001,0.1,1e-06,binary_risk,766201482932,1.0,0.9999,1.0
"U(0.001,0.1), eps=1e-06",0.001,0.1,1e-06,binary_risk,924232477633,1.0,0.9999,1.0
"U(0.001,0.1), eps=1e-06",0.001,0.1,1e-06,binary_risk,1114857764883,1.0,0.9999,1.0
"U(0.001,0.1), eps=1e-06",0.001,0.1,1e-06,binary_risk,1344800000000,1.0,0.9999,1.0
"U(0.001,0.1), eps=1e-06",0.001,0.1,1e-06,reverse_eng_risk,896533333,0.31705,0.31251,0.32163
"U(0.001,0.1), eps=1e-06",0.001,0.1,1e-06,reverse_eng_risk,1081445601,0.34423,0.33959,0.3489
"U(0.001,0.1), eps=1e-06",0.001,0.1,1e-06,reverse_eng_risk,1304496493,0.3728,0.36807,0.37755
"U(0.001,0.1), eps=1e-06",0.001,0.1,1e-06,reverse_eng_risk,1573552196,0.402,0.3972,0.40681
"U(0.001,0.1), eps=1e-06",0.001,0.1,1e-06,reverse_eng_risk,1898101319,0.43395,0.4291,0.43881
"U(0.001,0.1), eps=1e-06",0.001,0.1,1e-06,reverse_eng_risk,2289589519,0.4656,0.46072,0.47049
"U(0.001,0.1), eps=1e-06",0.001,0.1,1e-06,reverse_eng_risk,2761823151,0.50092,0.49602,0.50582
"U(0.001,0.1), eps=1e-06",0.001,0.1,1e-06,reverse_eng_risk,3331456165,0.53687,0.53198,0.54175
"U(0.001,0.1), eps=1e-06",0.001,0.1,1e-06,reverse_eng_risk,4018577429,0.57312,0.56827,0.57796
"U(0.001,0.1), eps=1e-06",0.001,0.1,1e-06,reverse_eng_risk,4847419193,0.6102,0.60541,0.61497
"U(0.001,0.1), eps=1e-06",0.001,0.1,1e-06,reverse_eng_risk,5847211667,0.64853,0.64384,0.65319
"U(0.001,0.1), eps=1e-06",0.001,0.1,1e-06,reverse_eng_risk,7053213870,0.68015,0.67556,0.6847
"U(0.001,0.1), eps=1e-06",0.001,0.1,1e-06,reverse_eng_risk,8507957079,0.72293,0.71852,0.72729
"U(0.001,0.1), eps=1e-06",0.001,0.1,1e-06,reverse_eng_risk,10262744755,0.7588,0.75458,0.76297
"U(0.001,0.1), eps=1e-06",0.001,0.1,1e-06,reverse_eng_risk,12379461831,0.7953,0.79132,0.79923
"U(0.001,0.1), eps=1e-06",0.001,0.1,1e-06,reverse_eng_risk,14932757159,0.82837,0.82464,0.83203
"U(0.001,0.1), eps=1e-06",0.001,0.1,1e-06,reverse_eng_risk,18012676110,0.85852,0.85507,0.8619
"U(0.001,0.1), eps=1e-06",0.001,0.1,1e-06,reverse_eng_risk,21727836139,0.88992,0.88682,0.89295
"U(0.001,0.1), eps=1e-06",0.001,0.1,1e-06,reverse_eng_risk,26209257324,0.9128,0.91,0.91553
"U(0.001,0.1), eps=1e-06",0.001,0.1,1e-06,reverse_eng_risk,31614982969,0.93493,0.93247,0.93731
"U(0.001,0.1), eps=1e-06",0.001,0.1,1e-06,reverse_eng_risk,38135653207,0.95308,0.95096,0.95511
"U(0.001,0.1), eps=1e-06",0.001,0.1,1e-06,reverse_eng_risk,46001228182,0.96878,0.96703,0.97044
"U(0.001,0.1), eps=1e-06",0.001,0.1,1e-06,reverse_eng_risk,55489097899,0.9804,0.97899,0.98171
"U(0.001,0.1), eps=1e-06",0.001,0.1,1e-06,reverse_eng_risk,66933864754,0.98828,0.98718,0.98929
"U(0.001,0.1), eps=1e-06",0.001,0.1,1e-06,reverse_eng_risk,80739143733,0.9936,0.99277,0.99434
"U(0.001,0.1), eps=1e-06",0.001,0.1,1e-06,reverse_eng_risk,97391796436,0.99695,0.99636,0.99744
"U(0.001,0.1), eps=1e-06",0.001,0.1,1e-06,reverse_eng_risk,117479100897,0.99833,0.99788,0.99869
"U(0.001,0.1), eps=1e-06",0.001,0.1,1e-06,reverse_eng_risk,141709462734,0.99925,0.99893,0.99947
"U(0.001,0.1), eps=1e-06",0.001,0.1,1e-06,reverse_eng_risk,170937398014,0.99965,0.99941,0.99979
"U(0.001,0.1), eps=1e-06",0.001,0.1,1e-06,reverse_eng_risk,206193668906,0.99982,0.99963,0.99991
"U(0.001,0.1), eps=1e-06",0.001,0.1,1e-06,reverse_eng_risk,248721634884,0.99992,0.99977,0.99997
"U(0.001,0.1), eps=1e-06",0.001,0.1,1e-06,reverse_eng_risk,300021101460,0.99995,0.99982,0.99999
"U(0.001,0.1), eps=1e-06",0.001,0.1,1e-06,reverse_eng_risk,361901212829,0.99997,0.99985,0.99999
"U(0.001,0.1), eps=1e-06",0.001,0.1,1e-06,reverse_eng_risk,436544253753,1.0,0.9999,1.0
"U(0.001,0.1), eps=1e-06",0.001,0.1,1e-06,reverse_eng_risk,526582610750,1.0,0.9999,1.0
"U(0.001,0.1), eps=1e-06",0.001,0.1,1e-06,reverse_eng_risk,635191606717,1.0,0.9999,1.0
"U(0.001,0.1), eps=1e-06",0.001,0.1,1e-06,reverse_eng_risk,766201482932,1.0,0.9999,1.0
"U(0.001,0.1), eps=1e-06",0.001,0.1,1e-06,reverse_eng_risk,924232477633,1.0,0.9999,1.0
"U(0.001,0.1), eps=1e-06",0.001,0.1,1e-06,reverse_eng_risk,1114857764883,1.0,0.9999,1.0
"U(0.001,0.1), eps=1e-06",0.001,0.1,1e-06,reverse_eng_risk,1344800000000,1.0,0.9999,1.0
"U(0.0001,0.1), eps=1e-04",0.0001,0.1,0.0001,brute,89653,0.18285,0.17909,0.18667
"U(0.0001,0.1), eps=1e-04",0.0001,0.1,0.0001,brute,108144,0.20075,0.19685,0.2047
"U(0.0001,0.1), eps=1e-04",0.0001,0.1,0.0001,brute,130449,0.21882,0.2148,0.2229
"U(0.0001,0.1), eps=1e-04",0.0001,0.1,0.0001,brute,157355,0.24033,0.23617,0.24454
"U(0.0001,0.1), eps=1e-04",0.0001,0.1,0.0001,brute,189810,0.2627,0.25841,0.26704
"U(0.0001,0.1), eps=1e-04",0.0001,0.1,0.0001,brute,228958,0.28792,0.2835,0.29238
"U(0.0001,0.1), eps=1e-04",0.0001,0.1,0.0001,brute,276182,0.31467,0.31014,0.31924
"U(0.0001,0.1), eps=1e-04",0.0001,0.1,0.0001,brute,333145,0.34325,0.33861,0.34792
"U(0.0001,0.1), eps=1e-04",0.0001,0.1,0.0001,brute,401857,0.37493,0.3702,0.37969
"U(0.0001,0.1), eps=1e-04",0.0001,0.1,0.0001,brute,484741,0.40897,0.40416,0.4138
"U(0.0001,0.1), eps=1e-04",0.0001,0.1,0.0001,brute,584721,0.4455,0.44063,0.45038
"U(0.0001,0.1), eps=1e-04",0.0001,0.1,0.0001,brute,705321,0.48375,0.47885,0.48865
"U(0.0001,0.1), eps=1e-04",0.0001,0.1,0.0001,brute,850795,0.52328,0.51838,0.52817
"U(0.0001,0.1), eps=1e-04",0.0001,0.1,0.0001,brute,1026274,0.56655,0.56169,0.5714
"U(0.0001,0.1), eps=1e-04",0.0001,0.1,0.0001,brute,1237946,0.61087,0.60608,0.61564
"U(0.0001,0.1), eps=1e-04",0.0001,0.1,0.0001,brute,1493275,0.65773,0.65307,0.66236
"U(0.0001,0.1), eps=1e-04",0.0001,0.1,0.0001,brute,1801267,0.70185,0.69735,0.70631
"U(0.0001,0.1), eps=1e-04",0.0001,0.1,0.0001,brute,2172783,0.747,0.74272,0.75124
"U(0.0001,0.1), eps=1e-04",0.0001,0.1,0.0001,brute,2620925,0.7928,0.7888,0.79674
"U(0.0001,0.1), eps=1e-04",0.0001,0.1,0.0001,brute,3161498,0.8327,0.82901,0.83633
"U(0.0001,0.1), eps=1e-04",0.0001,0.1,0.0001,brute,3813565,0.87008,0.86675,0.87334
"U(0.0001,0.1), eps=1e-04",0.0001,0.1,0.0001,brute,4600122,0.90307,0.90013,0.90593
"U(0.0001,0.1), eps=1e-04",0.0001,0.1,0.0001,brute,5548909,0.932,0.92949,0.93443
"U(0.0001,0.1), eps=1e-04",0.0001,0.1,0.0001,brute,6693386,0.9542,0.95211,0.95621
"U(0.0001,0.1), eps=1e-04",0.0001,0.1,0.0001,brute,8073914,0.97162,0.96995,0.9732
"U(0.0001,0.1), eps=1e-04",0.0001,0.1,0.0001,brute,9739179,0.984,0.98272,0.98518
"U(0.0001,0.1), eps=1e-04",0.0001,0.1,0.0001,brute,11747910,0.99247,0.99157,0.99327
"U(0.0001,0.1), eps=1e-04",0.0001,0.1,0.0001,brute,14170946,0.9968,0.9962,0.99731
"U(0.0001,0.1), eps=1e-04",0.0001,0.1,0.0001,brute,17093739,0.99882,0.99843,0.99911
"U(0.0001,0.1), eps=1e-04",0.0001,0.1,0.0001,brute,20619366,0.9997,0.99948,0.99983
"U(0.0001,0.1), eps=1e-04",0.0001,0.1,0.0001,brute,24872163,0.99992,0.99977,0.99997
"U(0.0001,0.1), eps=1e-04",0.0001,0.1,0.0001,brute,30002110,1.0,0.9999,1.0
"U(0.0001,0.1), eps=1e-04",0.0001,0.1,0.0001,brute,36190121,1.0,0.9999,1.0
"U(0.0001,0.1), eps=1e-04",0.0001,0.1,0.0001,brute,43654425,1.0,0.9999,1.0
"U(0.0001,0.1), eps=1e-04",0.0001,0.1,0.0001,brute,52658261,1.0,0.9999,1.0
"U(0.0001,0.1), eps=1e-04",0.0001,0.1,0.0001,brute,63519160,1.0,0.9999,1.0
"U(0.0001,0.1), eps=1e-04",0.0001,0.1,0.0001,brute,76620148,1.0,0.9999,1.0
"U(0.0001,0.1), eps=1e-04",0.0001,0.1,0.0001,brute,92423247,1.0,0.9999,1.0
"U(0.0001,0.1), eps=1e-04",0.0001,0.1,0.0001,brute,111485776,1.0,0.9999,1.0
"U(0.0001,0.1), eps=1e-04",0.0001,0.1,0.0001,brute,134480000,1.0,0.9999,1.0
"U(0.0001,0.1), eps=1e-04",0.0001,0.1,0.0001,separable,89653,0.04815,0.0461,0.05029
"U(0.0001,0.1), eps=1e-04",0.0001,0.1,0.0001,separable,108144,0.05175,0.04962,0.05396
"U(0.0001,0.1), eps=1e-04",0.0001,0.1,0.0001,separable,130449,0.0557,0.05349,0.05799
"U(0.0001,0.1), eps=1e-04",0.0001,0.1,0.0001,separable,157355,0.06105,0.05875,0.06344
"U(0.0001,0.1), eps=1e-04",0.0001,0.1,0.0001,separable,189810,0.06828,0.06585,0.07079
"U(0.0001,0.1), eps=1e-04",0.0001,0.1,0.0001,separable,228958,0.07552,0.07297,0.07815
"U(0.0001,0.1), eps=1e-04",0.0001,0.1,0.0001,separable,276182,0.0831,0.08043,0.08585
"U(0.0001,0.1), eps=1e-04",0.0001,0.1,0.0001,separable,333145,0.09225,0.08945,0.09513
"U(0.0001,0.1), eps=1e-04",0.0001,0.1,0.0001,separable,401857,0.10212,0.09919,0.10513
"U(0.0001,0.1), eps=1e-04",0.0001,0.1,0.0001,separable,484741,0.11105,0.10801,0.11417
"U(0.0001,0.1), eps=1e-04",0.0001,0.1,0.0001,separable,584721,0.121,0.11784,0.12423
"U(0.0001,0.1), eps=1e-04",0.0001,0.1,0.0001,separable,705321,0.13335,0.13005,0.13672
"U(0.0001,0.1), eps=1e-04",0.0001,0.1,0.0001,separable,850795,0.14552,0.1421,0.14901
"U(0.0001,0.1), eps=1e-04",0.0001,0.1,0.0001,separable,1026274,0.1581,0.15456,0.16171
"U(0.0001,0.1), eps=1e-04",0.0001,0.1,0.0001,separable,1237946,0.17433,0.17064,0.17808
"U(0.0001,0.1), eps=1e-04",0.0001,0.1,0.0001,separable,1493275,0.19203,0.1882,0.19592
"U(0.0001,0.1), eps=1e-04",0.0001,0.1,0.0001,separable,1801267,0.20983,0.20587,0.21385
"U(0.0001,0.1), eps=1e-04",0.0001,0.1,0.0001,separable,2172783,0.22948,0.22539,0.23363
"U(0.0001,0.1), eps=1e-04",0.0001,0.1,0.0001,separable,2620925,0.25125,0.24702,0.25552
"U(0.0001,0.1), eps=1e-04",0.0001,0.1,0.0001,separable,3161498,0.27615,0.27179,0.28055
"U(0.0001,0.1), eps=1e-04",0.0001,0.1,0.0001,separable,3813565,0.30352,0.29903,0.30804
"U(0.0001,0.1), eps=1e-04",0.0001,0.1,0.0001,separable,4600122,0.33055,0.32596,0.33518
"U(0.0001,0.1), eps=1e-04",0.0001,0.1,0.0001,separable,5548909,0.3606,0.35591,0.36532
"U(0.0001,0.1), eps=1e-04",0.0001,0.1,0.0001,separable,6693386,0.39358,0.3888,0.39838
"U(0.0001,0.1), eps=1e-04",0.0001,0.1,0.0001,separable,8073914,0.42835,0.42351,0.43321
"U(0.0001,0.1), eps=1e-04",0.0001,0.1,0.0001,separable,9739179,0.4666,0.46171,0.47149
"U(0.0001,0.1), eps=1e-04",0.0001,0.1,0.0001,separable,11747910,0.50667,0.50177,0.51157
"U(0.0001,0.1), eps=1e-04",0.0001,0.1,0.0001,separable,14170946,0.54715,0.54227,0.55202
"U(0.0001,0.1), eps=1e-04",0.0001,0.1,0.0001,separable,17093739,0.59165,0.58682,0.59646
"U(0.0001,0.1), eps=1e-04",0.0001,0.1,0.0001,separable,20619366,0.63667,0.63194,0.64137
"U(0.0001,0.1), eps=1e-04",0.0001,0.1,0.0001,separable,24872163,0.68232,0.67774,0.68686
"U(0.0001,0.1), eps=1e-04",0.0001,0.1,0.0001,separable,30002110,0.72737,0.72298,0.73171
"U(0.0001,0.1), eps=1e-04",0.0001,0.1,0.0001,separable,36190121,0.77302,0.76889,0.7771
"U(0.0001,0.1), eps=1e-04",0.0001,0.1,0.0001,separable,43654425,0.81678,0.81296,0.82054
"U(0.0001,0.1), eps=1e-04",0.0001,0.1,0.0001,separable,52658261,0.85482,0.85133,0.85824
"U(0.0001,0.1), eps=1e-04",0.0001,0.1,0.0001,separable,63519160,0.8901,0.887,0.89313
"U(0.0001,0.1), eps=1e-04",0.0001,0.1,0.0001,separable,76620148,0.92045,0.91776,0.92306
"U(0.0001,0.1), eps=1e-04",0.0001,0.1,0.0001,separable,92423247,0.94542,0.94315,0.9476
"U(0.0001,0.1), eps=1e-04",0.0001,0.1,0.0001,separable,111485776,0.96435,0.96249,0.96612
"U(0.0001,0.1), eps=1e-04",0.0001,0.1,0.0001,separable,134480000,0.97928,0.97784,0.98063
"U(0.0001,0.1), eps=1e-04",0.0001,0.1,0.0001,linear,89653,0.20345,0.19953,0.20742
"U(0.0001,0.1), eps=1e-04",0.0001,0.1,0.0001,linear,108144,0.23655,0.23241,0.24074
"U(0.0001,0.1), eps=1e-04",0.0001,0.1,0.0001,linear,130449,0.25888,0.25461,0.2632
"U(0.0001,0.1), eps=1e-04",0.0001,0.1,0.0001,linear,157355,0.28808,0.28366,0.29254
"U(0.0001,0.1), eps=1e-04",0.0001,0.1,0.0001,linear,189810,0.31345,0.30892,0.31801
"U(0.0001,0.1), eps=1e-04",0.0001,0.1,0.0001,linear,228958,0.34792,0.34327,0.3526
"U(0.0001,0.1), eps=1e-04",0.0001,0.1,0.0001,linear,276182,0.38212,0.37737,0.38689
"U(0.0001,0.1), eps=1e-04",0.0001,0.1,0.0001,linear,333145,0.4169,0.41208,0.42174
"U(0.0001,0.1), eps=1e-04",0.0001,0.1,0.0001,linear,401857,0.45305,0.44818,0.45793
"U(0.0001,0.1), eps=1e-04",0.0001,0.1,0.0001,linear,484741,0.49165,0.48675,0.49655
"U(0.0001,0.1), eps=1e-04",0.0001,0.1,0.0001,linear,584721,0.5291,0.52421,0.53399
"U(0.0001,0.1), eps=1e-04",0.0001,0.1,0.0001,linear,705321,0.57642,0.57157,0.58125
"U(0.0001,0.1), eps=1e-04",0.0001,0.1,0.0001,linear,850795,0.62,0.61523,0.62474
"U(0.0001,0.1), eps=1e-04",0.0001,0.1,0.0001,linear,1026274,0.6538,0.64912,0.65845
"U(0.0001,0.1), eps=1e-04",0.0001,0.1,0.0001,linear,1237946,0.7061,0.70162,0.71054
"U(0.0001,0.1), eps=1e-04",0.0001,0.1,0.0001,linear,1493275,0.74875,0.74448,0.75298
"U(0.0001,0.1), eps=1e-04",0.0001,0.1,0.0001,linear,1801267,0.78645,0.78241,0.79044
"U(0.0001,0.1), eps=1e-04",0.0001,0.1,0.0001,linear,2172783,0.82573,0.82198,0.82942
"U(0.0001,0.1), eps=1e-04",0.0001,0.1,0.0001,linear,2620925,0.86098,0.85755,0.86434
"U(0.0001,0.1), eps=1e-04",0.0001,0.1,0.0001,linear,3161498,0.89025,0.88715,0.89328
"U(0.0001,0.1), eps=1e-04",0.0001,0.1,0.0001,linear,3813565,0.9152,0.91243,0.91789
"U(0.0001,0.1), eps=1e-04",0.0001,0.1,0.0001,linear,4600122,0.9366,0.93417,0.93895
"U(0.0001,0.1), eps=1e-04",0.0001,0.1,0.0001,linear,5548909,0.95857,0.95657,0.96048
"U(0.0001,0.1), eps=1e-04",0.0001,0.1,0.0001,linear,6693386,0.9659,0.96408,0.96763
"U(0.0001,0.1), eps=1e-04",0.0001,0.1,0.0001,linear,8073914,0.98337,0.98207,0.98458
"U(0.0001,0.1), eps=1e-04",0.0001,0.1,0.0001,linear,9739179,0.99018,0.98917,0.9911
"U(0.0001,0.1), eps=1e-04",0.0001,0.1,0.0001,linear,11747910,0.99498,0.99424,0.99563
"U(0.0001,0.1), eps=1e-04",0.0001,0.1,0.0001,linear,14170946,0.99738,0.99683,0.99784
"U(0.0001,0.1), eps=1e-04",0.0001,0.1,0.0001,linear,17093739,0.998,0.99751,0.99839
"U(0.0001,0.1), eps=1e-04",0.0001,0.1,0.0001,linear,20619366,0.99913,0.99879,0.99937
"U(0.0001,0.1), eps=1e-04",0.0001,0.1,0.0001,linear,24872163,0.99962,0.99938,0.99977
"U(0.0001,0.1), eps=1e-04",0.0001,0.1,0.0001,linear,30002110,0.99982,0.99963,0.99991
"U(0.0001,0.1), eps=1e-04",0.0001,0.1,0.0001,linear,36190121,0.99985,0.99967,0.99993
"U(0.0001,0.1), eps=1e-04",0.0001,0.1,0.0001,linear,43654425,0.99985,0.99967,0.99993
"U(0.0001,0.1), eps=1e-04",0.0001,0.1,0.0001,linear,52658261,0.99985,0.99967,0.99993
"U(0.0001,0.1), eps=1e-04",0.0001,0.1,0.0001,linear,63519160,0.99985,0.99967,0.99993
"U(0.0001,0.1), eps=1e-04",0.0001,0.1,0.0001,linear,76620148,0.99985,0.99967,0.99993
"U(0.0001,0.1), eps=1e-04",0.0001,0.1,0.0001,linear,92423247,0.99985,0.99967,0.99993
"U(0.0001,0.1), eps=1e-04",0.0001,0.1,0.0001,linear,111485776,0.99985,0.99967,0.99993
"U(0.0001,0.1), eps=1e-04",0.0001,0.1,0.0001,linear,134480000,0.99985,0.99967,0.99993
"U(0.0001,0.1), eps=1e-04",0.0001,0.1,0.0001,binary,89653,0.00158,0.00124,0.00202
"U(0.0001,0.1), eps=1e-04",0.0001,0.1,0.0001,binary,108144,0.00153,0.00119,0.00196
"U(0.0001,0.1), eps=1e-04",0.0001,0.1,0.0001,binary,130449,0.00153,0.00119,0.00196
"U(0.0001,0.1), eps=1e-04",0.0001,0.1,0.0001,binary,157355,0.00155,0.00121,0.00199
"U(0.0001,0.1), eps=1e-04",0.0001,0.1,0.0001,binary,189810,0.0015,0.00117,0.00193
"U(0.0001,0.1), eps=1e-04",0.0001,0.1,0.0001,binary,228958,0.00155,0.00121,0.00199
"U(0.0001,0.1), eps=1e-04",0.0001,0.1,0.0001,binary,276182,0.0015,0.00117,0.00193
"U(0.0001,0.1), eps=1e-04",0.0001,0.1,0.0001,binary,333145,0.069,0.06656,0.07153
"U(0.0001,0.1), eps=1e-04",0.0001,0.1,0.0001,binary,401857,0.167,0.16338,0.17069
"U(0.0001,0.1), eps=1e-04",0.0001,0.1,0.0001,binary,484741,0.237,0.23286,0.24119
"U(0.0001,0.1), eps=1e-04",0.0001,0.1,0.0001,binary,584721,0.29523,0.29078,0.29972
"U(0.0001,0.1), eps=1e-04",0.0001,0.1,0.0001,binary,705321,0.3467,0.34205,0.35138
"U(0.0001,0.1), eps=1e-04",0.0001,0.1,0.0001,binary,850795,0.39853,0.39374,0.40334
"U(0.0001,0.1), eps=1e-04",0.0001,0.1,0.0001,binary,1026274,0.44805,0.44318,0.45293
"U(0.0001,0.1), eps=1e-04",0.0001,0.1,0.0001,binary,1237946,0.49575,0.49085,0.50065
"U(0.0001,0.1), eps=1e-04",0.0001,0.1,0.0001,binary,1493275,0.54078,0.53589,0.54566
"U(0.0001,0.1), eps=1e-04",0.0001,0.1,0.0001,binary,1801267,0.57483,0.56998,0.57967
"U(0.0001,0.1), eps=1e-04",0.0001,0.1,0.0001,binary,2172783,0.63335,0.62861,0.63806
"U(0.0001,0.1), eps=1e-04",0.0001,0.1,0.0001,binary,2620925,0.6802,0.67561,0.68475
"U(0.0001,0.1), eps=1e-04",0.0001,0.1,0.0001,binary,3161498,0.7234,0.719,0.72776
"U(0.0001,0.1), eps=1e-04",0.0001,0.1,0.0001,binary,3813565,0.7508,0.74654,0.75501
"U(0.0001,0.1), eps=1e-04",0.0001,0.1,0.0001,binary,4600122,0.79975,0.7958,0.80364
"U(0.0001,0.1), eps=1e-04",0.0001,0.1,0.0001,binary,5548909,0.8368,0.83315,0.84039
"U(0.0001,0.1), eps=1e-04",0.0001,0.1,0.0001,binary,6693386,0.86743,0.86407,0.87072
"U(0.0001,0.1), eps=1e-04",0.0001,0.1,0.0001,binary,8073914,0.89412,0.89107,0.8971
"U(0.0001,0.1), eps=1e-04",0.0001,0.1,0.0001,binary,9739179,0.91025,0.90741,0.91301
"U(0.0001,0.1), eps=1e-04",0.0001,0.1,0.0001,binary,11747910,0.92995,0.92741,0.93241
"U(0.0001,0.1), eps=1e-04",0.0001,0.1,0.0001,binary,14170946,0.9407,0.93834,0.94297
"U(0.0001,0.1), eps=1e-04",0.0001,0.1,0.0001,binary,17093739,0.95525,0.95318,0.95723
"U(0.0001,0.1), eps=1e-04",0.0001,0.1,0.0001,binary,20619366,0.96262,0.96072,0.96443
"U(0.0001,0.1), eps=1e-04",0.0001,0.1,0.0001,binary,24872163,0.96808,0.96631,0.96976
"U(0.0001,0.1), eps=1e-04",0.0001,0.1,0.0001,binary,30002110,0.96945,0.96772,0.97109
"U(0.0001,0.1), eps=1e-04",0.0001,0.1,0.0001,binary,36190121,0.97845,0.97698,0.97983
"U(0.0001,0.1), eps=1e-04",0.0001,0.1,0.0001,binary,43654425,0.9797,0.97827,0.98104
"U(0.0001,0.1), eps=1e-04",0.0001,0.1,0.0001,binary,52658261,0.98482,0.98357,0.98597
"U(0.0001,0.1), eps=1e-04",0.0001,0.1,0.0001,binary,63519160,0.987,0.98584,0.98806
"U(0.0001,0.1), eps=1e-04",0.0001,0.1,0.0001,binary,76620148,0.98803,0.98692,0.98905
"U(0.0001,0.1), eps=1e-04",0.0001,0.1,0.0001,binary,92423247,0.99067,0.98968,0.99157
"U(0.0001,0.1), eps=1e-04",0.0001,0.1,0.0001,binary,111485776,0.99087,0.98989,0.99176
"U(0.0001,0.1), eps=1e-04",0.0001,0.1,0.0001,binary,134480000,0.99272,0.99184,0.99351
"U(0.0001,0.1), eps=1e-04",0.0001,0.1,0.0001,reverse_eng,89653,0.26703,0.26272,0.27139
"U(0.0001,0.1), eps=1e-04",0.0001,0.1,0.0001,reverse_eng,108144,0.29087,0.28644,0.29534
"U(0.0001,0.1), eps=1e-04",0.0001,0.1,0.0001,reverse_eng,130449,0.31378,0.30925,0.31835
"U(0.0001,0.1), eps=1e-04",0.0001,0.1,0.0001,reverse_eng,157355,0.35168,0.34702,0.35637
"U(0.0001,0.1), eps=1e-04",0.0001,0.1,0.0001,reverse_eng,189810,0.38172,0.37697,0.38649
"U(0.0001,0.1), eps=1e-04",0.0001,0.1,0.0001,reverse_eng,228958,0.41352,0.4087,0.41835
"U(0.0001,0.1), eps=1e-04",0.0001,0.1,0.0001,reverse_eng,276182,0.44695,0.44208,0.45183
"U(0.0001,0.1), eps=1e-04",0.0001,0.1,0.0001,reverse_eng,333145,0.4788,0.47391,0.4837
"U(0.0001,0.1), eps=1e-04",0.0001,0.1,0.0001,reverse_eng,401857,0.5202,0.5153,0.52509
"U(0.0001,0.1), eps=1e-04",0.0001,0.1,0.0001,reverse_eng,484741,0.55505,0.55017,0.55991
"U(0.0001,0.1), eps=1e-04",0.0001,0.1,0.0001,reverse_eng,584721,0.59735,0.59253,0.60215
"U(0.0001,0.1), eps=1e-04",0.0001,0.1,0.0001,reverse_eng,705321,0.63602,0.63129,0.64072
"U(0.0001,0.1), eps=1e-04",0.0001,0.1,0.0001,reverse_eng,850795,0.67102,0.6664,0.67561
"U(0.0001,0.1), eps=1e-04",0.0001,0.1,0.0001,reverse_eng,1026274,0.71093,0.70647,0.71535
"U(0.0001,0.1), eps=1e-04",0.0001,0.1,0.0001,reverse_eng,1237946,0.74995,0.74568,0.75417
"U(0.0001,0.1), eps=1e-04",0.0001,0.1,0.0001,reverse_eng,1493275,0.7849,0.78085,0.7889
"U(0.0001,0.1), eps=1e-04",0.0001,0.1,0.0001,reverse_eng,1801267,0.8202,0.81641,0.82393
"U(0.0001,0.1), eps=1e-04",0.0001,0.1,0.0001,reverse_eng,2172783,0.851,0.84748,0.85446
"U(0.0001,0.1), eps=1e-04",0.0001,0.1,0.0001,reverse_eng,2620925,0.88077,0.87756,0.88391
"U(0.0001,0.1), eps=1e-04",0.0001,0.1,0.0001,reverse_eng,3161498,0.91087,0.90804,0.91362
"U(0.0001,0.1), eps=1e-04",0.0001,0.1,0.0001,reverse_eng,3813565,0.92725,0.92466,0.92975
"U(0.0001,0.1), eps=1e-04",0.0001,0.1,0.0001,reverse_eng,4600122,0.94512,0.94285,0.94731
"U(0.0001,0.1), eps=1e-04",0.0001,0.1,0.0001,reverse_eng,5548909,0.96503,0.96318,0.96679
"U(0.0001,0.1), eps=1e-04",0.0001,0.1,0.0001,reverse_eng,6693386,0.97562,0.97406,0.97709
"U(0.0001,0.1), eps=1e-04",0.0001,0.1,0.0001,reverse_eng,8073914,0.98423,0.98296,0.98541
"U(0.0001,0.1), eps=1e-04",0.0001,0.1,0.0001,reverse_eng,9739179,0.98995,0.98892,0.99088
"U(0.0001,0.1), eps=1e-04",0.0001,0.1,0.0001,reverse_eng,11747910,0.99308,0.99222,0.99385
"U(0.0001,0.1), eps=1e-04",0.0001,0.1,0.0001,reverse_eng,14170946,0.99467,0.99391,0.99534
"U(0.0001,0.1), eps=1e-04",0.0001,0.1,0.0001,reverse_eng,17093739,0.99755,0.99702,0.99799
"U(0.0001,0.1), eps=1e-04",0.0001,0.1,0.0001,reverse_eng,20619366,0.99892,0.99855,0.9992
"U(0.0001,0.1), eps=1e-04",0.0001,0.1,0.0001,reverse_eng,24872163,0.99923,0.99891,0.99946
"U(0.0001,0.1), eps=1e-04",0.0001,0.1,0.0001,reverse_eng,30002110,0.9993,0.99899,0.99952
"U(0.0001,0.1), eps=1e-04",0.0001,0.1,0.0001,reverse_eng,36190121,0.9993,0.99899,0.99952
"U(0.0001,0.1), eps=1e-04",0.0001,0.1,0.0001,reverse_eng,43654425,0.9993,0.99899,0.99952
"U(0.0001,0.1), eps=1e-04",0.0001,0.1,0.0001,reverse_eng,52658261,0.9993,0.99899,0.99952
"U(0.0001,0.1), eps=1e-04",0.0001,0.1,0.0001,reverse_eng,63519160,0.9993,0.99899,0.99952
"U(0.0001,0.1), eps=1e-04",0.0001,0.1,0.0001,reverse_eng,76620148,0.9993,0.99899,0.99952
"U(0.0001,0.1), eps=1e-04",0.0001,0.1,0.0001,reverse_eng,92423247,0.9993,0.99899,0.99952
"U(0.0001,0.1), eps=1e-04",0.0001,0.1,0.0001,reverse_eng,111485776,0.9993,0.99899,0.99952
"U(0.0001,0.1), eps=1e-04",0.0001,0.1,0.0001,reverse_eng,134480000,0.9993,0.99899,0.99952
"U(0.0001,0.1), eps=1e-04",0.0001,0.1,0.0001,binary_risk,89653,0.28397,0.27957,0.28841
"U(0.0001,0.1), eps=1e-04",0.0001,0.1,0.0001,binary_risk,108144,0.31535,0.31081,0.31992
"U(0.0001,0.1), eps=1e-04",0.0001,0.1,0.0001,binary_risk,130449,0.34335,0.33871,0.34802
"U(0.0001,0.1), eps=1e-04",0.0001,0.1,0.0001,binary_risk,157355,0.3758,0.37107,0.38056
"U(0.0001,0.1), eps=1e-04",0.0001,0.1,0.0001,binary_risk,189810,0.4097,0.40489,0.41453
"U(0.0001,0.1), eps=1e-04",0.0001,0.1,0.0001,binary_risk,228958,0.4428,0.43794,0.44767
"U(0.0001,0.1), eps=1e-04",0.0001,0.1,0.0001,binary_risk,276182,0.47742,0.47253,0.48232
"U(0.0001,0.1), eps=1e-04",0.0001,0.1,0.0001,binary_risk,333145,0.51682,0.51192,0.52172
"U(0.0001,0.1), eps=1e-04",0.0001,0.1,0.0001,binary_risk,401857,0.5532,0.54832,0.55807
"U(0.0001,0.1), eps=1e-04",0.0001,0.1,0.0001,binary_risk,484741,0.5917,0.58687,0.59651
"U(0.0001,0.1), eps=1e-04",0.0001,0.1,0.0001,binary_risk,584721,0.63213,0.62739,0.63684
"U(0.0001,0.1), eps=1e-04",0.0001,0.1,0.0001,binary_risk,705321,0.67215,0.66753,0.67673
"U(0.0001,0.1), eps=1e-04",0.0001,0.1,0.0001,binary_risk,850795,0.71098,0.70652,0.7154
"U(0.0001,0.1), eps=1e-04",0.0001,0.1,0.0001,binary_risk,1026274,0.74952,0.74525,0.75374
"U(0.0001,0.1), eps=1e-04",0.0001,0.1,0.0001,binary_risk,1237946,0.78727,0.78323,0.79125
"U(0.0001,0.1), eps=1e-04",0.0001,0.1,0.0001,binary_risk,1493275,0.82265,0.81888,0.82636
"U(0.0001,0.1), eps=1e-04",0.0001,0.1,0.0001,binary_risk,1801267,0.85288,0.84937,0.85632
"U(0.0001,0.1), eps=1e-04",0.0001,0.1,0.0001,binary_risk,2172783,0.88245,0.87926,0.88557
"U(0.0001,0.1), eps=1e-04",0.0001,0.1,0.0001,binary_risk,2620925,0.91143,0.90861,0.91417
"U(0.0001,0.1), eps=1e-04",0.0001,0.1,0.0001,binary_risk,3161498,0.93227,0.92977,0.93469
"U(0.0001,0.1), eps=1e-04",0.0001,0.1,0.0001,binary_risk,3813565,0.95108,0.94892,0.95315
"U(0.0001,0.1), eps=1e-04",0.0001,0.1,0.0001,binary_risk,4600122,0.96813,0.96636,0.96981
"U(0.0001,0.1), eps=1e-04",0.0001,0.1,0.0001,binary_risk,5548909,0.97925,0.97781,0.9806
"U(0.0001,0.1), eps=1e-04",0.0001,0.1,0.0001,binary_risk,6693386,0.98828,0.98718,0.98929
"U(0.0001,0.1), eps=1e-04",0.0001,0.1,0.0001,binary_risk,8073914,0.99362,0.99279,0.99435
"U(0.0001,0.1), eps=1e-04",0.0001,0.1,0.0001,binary_risk,9739179,0.9967,0.99609,0.99722
"U(0.0001,0.1), eps=1e-04",0.0001,0.1,0.0001,binary_risk,11747910,0.99813,0.99766,0.99851
"U(0.0001,0.1), eps=1e-04",0.0001,0.1,0.0001,binary_risk,14170946,0.99903,0.99867,0.99929
"U(0.0001,0.1), eps=1e-04",0.0001,0.1,0.0001,binary_risk,17093739,0.99982,0.99963,0.99991
"U(0.0001,0.1), eps=1e-04",0.0001,0.1,0.0001,binary_risk,20619366,0.99995,0.99982,0.99999
"U(0.0001,0.1), eps=1e-04",0.0001,0.1,0.0001,binary_risk,24872163,0.99995,0.99982,0.99999
"U(0.0001,0.1), eps=1e-04",0.0001,0.1,0.0001,binary_risk,30002110,0.99918,0.99885,0.99942
"U(0.0001,0.1), eps=1e-04",0.0001,0.1,0.0001,binary_risk,36190121,0.99972,0.9995,0.99984
"U(0.0001,0.1), eps=1e-04",0.0001,0.1,0.0001,binary_risk,43654425,0.99982,0.99963,0.99991
"U(0.0001,0.1), eps=1e-04",0.0001,0.1,0.0001,binary_risk,52658261,0.99997,0.99985,0.99999
"U(0.0001,0.1), eps=1e-04",0.0001,0.1,0.0001,binary_risk,63519160,1.0,0.9999,1.0
"U(0.0001,0.1), eps=1e-04",0.0001,0.1,0.0001,binary_risk,76620148,1.0,0.9999,1.0
"U(0.0001,0.1), eps=1e-04",0.0001,0.1,0.0001,binary_risk,92423247,1.0,0.9999,1.0
"U(0.0001,0.1), eps=1e-04",0.0001,0.1,0.0001,binary_risk,111485776,1.0,0.9999,1.0
"U(0.0001,0.1), eps=1e-04",0.0001,0.1,0.0001,binary_risk,134480000,1.0,0.9999,1.0
"U(0.0001,0.1), eps=1e-04",0.0001,0.1,0.0001,reverse_eng_risk,89653,0.27677,0.27241,0.28118
"U(0.0001,0.1), eps=1e-04",0.0001,0.1,0.0001,reverse_eng_risk,108144,0.30743,0.30293,0.31197
"U(0.0001,0.1), eps=1e-04",0.0001,0.1,0.0001,reverse_eng_risk,130449,0.33715,0.33253,0.3418
"U(0.0001,0.1), eps=1e-04",0.0001,0.1,0.0001,reverse_eng_risk,157355,0.37357,0.36884,0.37832
"U(0.0001,0.1), eps=1e-04",0.0001,0.1,0.0001,reverse_eng_risk,189810,0.40773,0.40292,0.41255
"U(0.0001,0.1), eps=1e-04",0.0001,0.1,0.0001,reverse_eng_risk,228958,0.438,0.43314,0.44287
"U(0.0001,0.1), eps=1e-04",0.0001,0.1,0.0001,reverse_eng_risk,276182,0.47373,0.46884,0.47863
"U(0.0001,0.1), eps=1e-04",0.0001,0.1,0.0001,reverse_eng_risk,333145,0.51233,0.50743,0.51723
"U(0.0001,0.1), eps=1e-04",0.0001,0.1,0.0001,reverse_eng_risk,401857,0.5489,0.54402,0.55377
"U(0.0001,0.1), eps=1e-04",0.0001,0.1,0.0001,reverse_eng_risk,484741,0.5885,0.58367,0.59331
"U(0.0001,0.1), eps=1e-04",0.0001,0.1,0.0001,reverse_eng_risk,584721,0.6292,0.62445,0.63392
"U(0.0001,0.1), eps=1e-04",0.0001,0.1,0.0001,reverse_eng_risk,705321,0.66725,0.66262,0.67185
"U(0.0001,0.1), eps=1e-04",0.0001,0.1,0.0001,reverse_eng_risk,850795,0.7096,0.70513,0.71403
"U(0.0001,0.1), eps=1e-04",0.0001,0.1,0.0001,reverse_eng_risk,1026274,0.74855,0.74427,0.75278
"U(0.0001,0.1), eps=1e-04",0.0001,0.1,0.0001,reverse_eng_risk,1237946,0.78653,0.78249,0.79052
"U(0.0001,0.1), eps=1e-04",0.0001,0.1,0.0001,reverse_eng_risk,1493275,0.8197,0.8159,0.82344
"U(0.0001,0.1), eps=1e-04",0.0001,0.1,0.0001,reverse_eng_risk,1801267,0.85228,0.84877,0.85572
"U(0.0001,0.1), eps=1e-04",0.0001,0.1,0.0001,reverse_eng_risk,2172783,0.88125,0.87804,0.88438
"U(0.0001,0.1), eps=1e-04",0.0001,0.1,0.0001,reverse_eng_risk,2620925,0.9112,0.90837,0.91395
"U(0.0001,0.1), eps=1e-04",0.0001,0.1,0.0001,reverse_eng_risk,3161498,0.93148,0.92896,0.93391
"U(0.0001,0.1), eps=1e-04",0.0001,0.1,0.0001,reverse_eng_risk,3813565,0.95088,0.94872,0.95295
"U(0.0001,0.1), eps=1e-04",0.0001,0.1,0.0001,reverse_eng_risk,4600122,0.9666,0.96479,0.96832
"U(0.0001,0.1), eps=1e-04",0.0001,0.1,0.0001,reverse_eng_risk,5548909,0.9774,0.9759,0.97881
"U(0.0001,0.1), eps=1e-04",0.0001,0.1,0.0001,reverse_eng_risk,6693386,0.9884,0.9873,0.9894
"U(0.0001,0.1), eps=1e-04",0.0001,0.1,0.0001,reverse_eng_risk,8073914,0.99377,0.99295,0.9945
"U(0.0001,0.1), eps=1e-04",0.0001,0.1,0.0001,reverse_eng_risk,9739179,0.9964,0.99576,0.99694
"U(0.0001,0.1), eps=1e-04",0.0001,0.1,0.0001,reverse_eng_risk,11747910,0.99823,0.99777,0.9986
"U(0.0001,0.1), eps=1e-04",0.0001,0.1,0.0001,reverse_eng_risk,14170946,0.99895,0.99858,0.99922
"U(0.0001,0.1), eps=1e-04",0.0001,0.1,0.0001,reverse_eng_risk,17093739,0.99972,0.9995,0.99984
"U(0.0001,0.1), eps=1e-04",0.0001,0.1,0.0001,reverse_eng_risk,20619366,0.99985,0.99967,0.99993
"U(0.0001,0.1), eps=1e-04",0.0001,0.1,0.0001,reverse_eng_risk,24872163,0.99995,0.99982,0.99999
"U(0.0001,0.1), eps=1e-04",0.0001,0.1,0.0001,reverse_eng_risk,30002110,0.99992,0.99977,0.99997
"U(0.0001,0.1), eps=1e-04",0.0001,0.1,0.0001,reverse_eng_risk,36190121,0.99997,0.99985,0.99999
"U(0.0001,0.1), eps=1e-04",0.0001,0.1,0.0001,reverse_eng_risk,43654425,1.0,0.9999,1.0
"U(0.0001,0.1), eps=1e-04",0.0001,0.1,0.0001,reverse_eng_risk,52658261,1.0,0.9999,1.0
"U(0.0001,0.1), eps=1e-04",0.0001,0.1,0.0001,reverse_eng_risk,63519160,1.0,0.9999,1.0
"U(0.0001,0.1), eps=1e-04",0.0001,0.1,0.0001,reverse_eng_risk,76620148,1.0,0.9999,1.0
"U(0.0001,0.1), eps=1e-04",0.0001,0.1,0.0001,reverse_eng_risk,92423247,1.0,0.9999,1.0
"U(0.0001,0.1), eps=1e-04",0.0001,0.1,0.0001,reverse_eng_risk,111485776,1.0,0.9999,1.0
"U(0.0001,0.1), eps=1e-04",0.0001,0.1,0.0001,reverse_eng_risk,134480000,1.0,0.9999,1.0
"U(0.0001,0.1), eps=1e-06",0.0001,0.1,1e-06,brute,896533333,0.18488,0.18111,0.18871
"U(0.0001,0.1), eps=1e-06",0.0001,0.1,1e-06,brute,1081445601,0.20217,0.19826,0.20613
"U(0.0001,0.1), eps=1e-06",0.0001,0.1,1e-06,brute,1304496493,0.22162,0.21758,0.22572
"U(0.0001,0.1), eps=1e-06",0.0001,0.1,1e-06,brute,1573552196,0.24252,0.23834,0.24674
"U(0.0001,0.1), eps=1e-06",0.0001,0.1,1e-06,brute,1898101319,0.26505,0.26075,0.2694
"U(0.0001,0.1), eps=1e-06",0.0001,0.1,1e-06,brute,2289589519,0.29173,0.2873,0.2962
"U(0.0001,0.1), eps=1e-06",0.0001,0.1,1e-06,brute,2761823151,0.31753,0.31299,0.32211
"U(0.0001,0.1), eps=1e-06",0.0001,0.1,1e-06,brute,3331456165,0.34642,0.34177,0.3511
"U(0.0001,0.1), eps=1e-06",0.0001,0.1,1e-06,brute,4018577429,0.377,0.37226,0.38176
"U(0.0001,0.1), eps=1e-06",0.0001,0.1,1e-06,brute,4847419193,0.41132,0.40651,0.41615
"U(0.0001,0.1), eps=1e-06",0.0001,0.1,1e-06,brute,5847211667,0.44725,0.44238,0.45213
"U(0.0001,0.1), eps=1e-06",0.0001,0.1,1e-06,brute,7053213870,0.48573,0.48083,0.49063
"U(0.0001,0.1), eps=1e-06",0.0001,0.1,1e-06,brute,8507957079,0.52553,0.52063,0.53042
"U(0.0001,0.1), eps=1e-06",0.0001,0.1,1e-06,brute,10262744755,0.567,0.56214,0.57185
"U(0.0001,0.1), eps=1e-06",0.0001,0.1,1e-06,brute,12379461831,0.61182,0.60703,0.61658
"U(0.0001,0.1), eps=1e-06",0.0001,0.1,1e-06,brute,14932757159,0.65868,0.65402,0.66331
"U(0.0001,0.1), eps=1e-06",0.0001,0.1,1e-06,brute,18012676110,0.70375,0.69926,0.7082
"U(0.0001,0.1), eps=1e-06",0.0001,0.1,1e-06,brute,21727836139,0.74777,0.74349,0.752
"U(0.0001,0.1), eps=1e-06",0.0001,0.1,1e-06,brute,26209257324,0.79278,0.78878,0.79672
"U(0.0001,0.1), eps=1e-06",0.0001,0.1,1e-06,brute,31614982969,0.83413,0.83045,0.83774
"U(0.0001,0.1), eps=1e-06",0.0001,0.1,1e-06,brute,38135653207,0.87145,0.86813,0.87469
"U(0.0001,0.1), eps=1e-06",0.0001,0.1,1e-06,brute,46001228182,0.90448,0.90156,0.90732
"U(0.0001,0.1), eps=1e-06",0.0001,0.1,1e-06,brute,55489097899,0.93317,0.93068,0.93558
"U(0.0001,0.1), eps=1e-06",0.0001,0.1,1e-06,brute,66933864754,0.9547,0.95262,0.95669
"U(0.0001,0.1), eps=1e-06",0.0001,0.1,1e-06,brute,80739143733,0.97172,0.97005,0.9733
"U(0.0001,0.1), eps=1e-06",0.0001,0.1,1e-06,brute,97391796436,0.98382,0.98254,0.98501
"U(0.0001,0.1), eps=1e-06",0.0001,0.1,1e-06,brute,117479100897,0.9924,0.9915,0.99321
"U(0.0001,0.1), eps=1e-06",0.0001,0.1,1e-06,brute,141709462734,0.99672,0.99611,0.99723
"U(0.0001,0.1), eps=1e-06",0.0001,0.1,1e-06,brute,170937398014,0.99875,0.99835,0.99905
"U(0.0001,0.1), eps=1e-06",0.0001,0.1,1e-06,brute,206193668906,0.99972,0.9995,0.99984
"U(0.0001,0.1), eps=1e-06",0.0001,0.1,1e-06,brute,248721634884,0.99992,0.99977,0.99997
"U(0.0001,0.1), eps=1e-06",0.0001,0.1,1e-06,brute,300021101460,1.0,0.9999,1.0
"U(0.0001,0.1), eps=1e-06",0.0001,0.1,1e-06,brute,361901212829,1.0,0.9999,1.0
"U(0.0001,0.1), eps=1e-06",0.0001,0.1,1e-06,brute,436544253753,1.0,0.9999,1.0
"U(0.0001,0.1), eps=1e-06",0.0001,0.1,1e-06,brute,526582610750,1.0,0.9999,1.0
"U(0.0001,0.1), eps=1e-06",0.0001,0.1,1e-06,brute,635191606717,1.0,0.9999,1.0
"U(0.0001,0.1), eps=1e-06",0.0001,0.1,1e-06,brute,766201482932,1.0,0.9999,1.0
"U(0.0001,0.1), eps=1e-06",0.0001,0.1,1e-06,brute,924232477633,1.0,0.9999,1.0
"U(0.0001,0.1), eps=1e-06",0.0001,0.1,1e-06,brute,1114857764883,1.0,0.9999,1.0
"U(0.0001,0.1), eps=1e-06",0.0001,0.1,1e-06,brute,1344800000000,1.0,0.9999,1.0
"U(0.0001,0.1), eps=1e-06",0.0001,0.1,1e-06,separable,896533333,0.04835,0.04629,0.0505
"U(0.0001,0.1), eps=1e-06",0.0001,0.1,1e-06,separable,1081445601,0.05393,0.05176,0.05619
"U(0.0001,0.1), eps=1e-06",0.0001,0.1,1e-06,separable,1304496493,0.05887,0.05661,0.06122
"U(0.0001,0.1), eps=1e-06",0.0001,0.1,1e-06,separable,1573552196,0.06477,0.0624,0.06722
"U(0.0001,0.1), eps=1e-06",0.0001,0.1,1e-06,separable,1898101319,0.07115,0.06867,0.07371
"U(0.0001,0.1), eps=1e-06",0.0001,0.1,1e-06,separable,2289589519,0.07842,0.07583,0.0811
"U(0.0001,0.1), eps=1e-06",0.0001,0.1,1e-06,separable,2761823151,0.0862,0.08349,0.08899
"U(0.0001,0.1), eps=1e-06",0.0001,0.1,1e-06,separable,3331456165,0.09523,0.09239,0.09815
"U(0.0001,0.1), eps=1e-06",0.0001,0.1,1e-06,separable,4018577429,0.10393,0.10098,0.10696
"U(0.0001,0.1), eps=1e-06",0.0001,0.1,1e-06,separable,4847419193,0.1138,0.11072,0.11695
"U(0.0001,0.1), eps=1e-06",0.0001,0.1,1e-06,separable,5847211667,0.1245,0.1213,0.12777
"U(0.0001,0.1), eps=1e-06",0.0001,0.1,1e-06,separable,7053213870,0.13655,0.13322,0.13995
"U(0.0001,0.1), eps=1e-06",0.0001,0.1,1e-06,separable,8507957079,0.14818,0.14473,0.1517
"U(0.0001,0.1), eps=1e-06",0.0001,0.1,1e-06,separable,10262744755,0.16282,0.15923,0.16647
"U(0.0001,0.1), eps=1e-06",0.0001,0.1,1e-06,separable,12379461831,0.17788,0.17416,0.18166
"U(0.0001,0.1), eps=1e-06",0.0001,0.1,1e-06,separable,14932757159,0.19485,0.191,0.19876
"U(0.0001,0.1), eps=1e-06",0.0001,0.1,1e-06,separable,18012676110,0.21302,0.20904,0.21706
"U(0.0001,0.1), eps=1e-06",0.0001,0.1,1e-06,separable,21727836139,0.2333,0.22918,0.23747
"U(0.0001,0.1), eps=1e-06",0.0001,0.1,1e-06,separable,26209257324,0.25412,0.24988,0.25841
"U(0.0001,0.1), eps=1e-06",0.0001,0.1,1e-06,separable,31614982969,0.27965,0.27527,0.28407
"U(0.0001,0.1), eps=1e-06",0.0001,0.1,1e-06,separable,38135653207,0.30585,0.30135,0.31038
"U(0.0001,0.1), eps=1e-06",0.0001,0.1,1e-06,separable,46001228182,0.33398,0.32937,0.33862
"U(0.0001,0.1), eps=1e-06",0.0001,0.1,1e-06,separable,55489097899,0.3635,0.3588,0.36823
"U(0.0001,0.1), eps=1e-06",0.0001,0.1,1e-06,separable,66933864754,0.3964,0.39162,0.4012
"U(0.0001,0.1), eps=1e-06",0.0001,0.1,1e-06,separable,80739143733,0.43043,0.42558,0.43529
"U(0.0001,0.1), eps=1e-06",0.0001,0.1,1e-06,separable,97391796436,0.4679,0.46301,0.47279
"U(0.0001,0.1), eps=1e-06",0.0001,0.1,1e-06,separable,117479100897,0.50815,0.50325,0.51305
"U(0.0001,0.1), eps=1e-06",0.0001,0.1,1e-06,separable,141709462734,0.54805,0.54317,0.55292
"U(0.0001,0.1), eps=1e-06",0.0001,0.1,1e-06,separable,170937398014,0.59232,0.5875,0.59713
"U(0.0001,0.1), eps=1e-06",0.0001,0.1,1e-06,separable,206193668906,0.6382,0.63348,0.6429
"U(0.0001,0.1), eps=1e-06",0.0001,0.1,1e-06,separable,248721634884,0.6831,0.67852,0.68764
"U(0.0001,0.1), eps=1e-06",0.0001,0.1,1e-06,separable,300021101460,0.72833,0.72395,0.73267
"U(0.0001,0.1), eps=1e-06",0.0001,0.1,1e-06,separable,361901212829,0.77348,0.76935,0.77756
"U(0.0001,0.1), eps=1e-06",0.0001,0.1,1e-06,separable,436544253753,0.81732,0.8135,0.82108
"U(0.0001,0.1), eps=1e-06",0.0001,0.1,1e-06,separable,526582610750,0.85535,0.85187,0.85876
"U(0.0001,0.1), eps=1e-06",0.0001,0.1,1e-06,separable,635191606717,0.89133,0.88824,0.89434
"U(0.0001,0.1), eps=1e-06",0.0001,0.1,1e-06,separable,766201482932,0.92102,0.91834,0.92362
"U(0.0001,0.1), eps=1e-06",0.0001,0.1,1e-06,separable,924232477633,0.94603,0.94377,0.9482
"U(0.0001,0.1), eps=1e-06",0.0001,0.1,1e-06,separable,1114857764883,0.96493,0.96308,0.96669
"U(0.0001,0.1), eps=1e-06",0.0001,0.1,1e-06,separable,1344800000000,0.97945,0.97801,0.98079
"U(0.0001,0.1), eps=1e-06",0.0001,0.1,1e-06,linear,896533333,0.25175,0.24752,0.25603
"U(0.0001,0.1), eps=1e-06",0.0001,0.1,1e-06,linear,1081445601,0.28015,0.27577,0.28457
"U(0.0001,0.1), eps=1e-06",0.0001,0.1,1e-06,linear,1304496493,0.30635,0.30185,0.31089
"U(0.0001,0.1), eps=1e-06",0.0001,0.1,1e-06,linear,1573552196,0.33375,0.32915,0.33839
"U(0.0001,0.1), eps=1e-06",0.0001,0.1,1e-06,linear,1898101319,0.37067,0.36595,0.37542
"U(0.0001,0.1), eps=1e-06",0.0001,0.1,1e-06,linear,2289589519,0.40268,0.39788,0.4075
"U(0.0001,0.1), eps=1e-06",0.0001,0.1,1e-06,linear,2761823151,0.43705,0.4322,0.44192
"U(0.0001,0.1), eps=1e-06",0.0001,0.1,1e-06,linear,3331456165,0.47325,0.46836,0.47815
"U(0.0001,0.1), eps=1e-06",0.0001,0.1,1e-06,linear,4018577429,0.50823,0.50333,0.51313
"U(0.0001,0.1), eps=1e-06",0.0001,0.1,1e-06,linear,4847419193,0.5489,0.54402,0.55377
"U(0.0001,0.1), eps=1e-06",0.0001,0.1,1e-06,linear,5847211667,0.5859,0.58106,0.59072
"U(0.0001,0.1), eps=1e-06",0.0001,0.1,1e-06,linear,7053213870,0.6269,0.62215,0.63163
"U(0.0001,0.1), eps=1e-06",0.0001,0.1,1e-06,linear,8507957079,0.66838,0.66375,0.67298
"U(0.0001,0.1), eps=1e-06",0.0001,0.1,1e-06,linear,10262744755,0.70365,0.69916,0.70811
"U(0.0001,0.1), eps=1e-06",0.0001,0.1,1e-06,linear,12379461831,0.74695,0.74267,0.75119
"U(0.0001,0.1), eps=1e-06",0.0001,0.1,1e-06,linear,14932757159,0.77677,0.77266,0.78082
"U(0.0001,0.1), eps=1e-06",0.0001,0.1,1e-06,linear,18012676110,0.8182,0.81439,0.82195
"U(0.0001,0.1), eps=1e-06",0.0001,0.1,1e-06,linear,21727836139,0.85433,0.85084,0.85775
"U(0.0001,0.1), eps=1e-06",0.0001,0.1,1e-06,linear,26209257324,0.88687,0.88373,0.88994
"U(0.0001,0.1), eps=1e-06",0.0001,0.1,1e-06,linear,31614982969,0.91217,0.90936,0.9149
"U(0.0001,0.1), eps=1e-06",0.0001,0.1,1e-06,linear,38135653207,0.93355,0.93107,0.93595
"U(0.0001,0.1), eps=1e-06",0.0001,0.1,1e-06,linear,46001228182,0.95415,0.95206,0.95616
"U(0.0001,0.1), eps=1e-06",0.0001,0.1,1e-06,linear,55489097899,0.96895,0.9672,0.97061
"U(0.0001,0.1), eps=1e-06",0.0001,0.1,1e-06,linear,66933864754,0.97945,0.97801,0.98079
"U(0.0001,0.1), eps=1e-06",0.0001,0.1,1e-06,linear,80739143733,0.98785,0.98673,0.98888
"U(0.0001,0.1), eps=1e-06",0.0001,0.1,1e-06,linear,97391796436,0.99298,0.99211,0.99375
"U(0.0001,0.1), eps=1e-06",0.0001,0.1,1e-06,linear,117479100897,0.99665,0.99603,0.99717
"U(0.0001,0.1), eps=1e-06",0.0001,0.1,1e-06,linear,141709462734,0.9978,0.99729,0.99821
"U(0.0001,0.1), eps=1e-06",0.0001,0.1,1e-06,linear,170937398014,0.99803,0.99755,0.99842
"U(0.0001,0.1), eps=1e-06",0.0001,0.1,1e-06,linear,206193668906,0.99905,0.9987,0.99931
"U(0.0001,0.1), eps=1e-06",0.0001,0.1,1e-06,linear,248721634884,0.9996,0.99935,0.99975
"U(0.0001,0.1), eps=1e-06",0.0001,0.1,1e-06,linear,300021101460,0.9998,0.99961,0.9999
"U(0.0001,0.1), eps=1e-06",0.0001,0.1,1e-06,linear,361901212829,0.99982,0.99963,0.99991
"U(0.0001,0.1), eps=1e-06",0.0001,0.1,1e-06,linear,436544253753,0.99982,0.99963,0.99991
"U(0.0001,0.1), eps=1e-06",0.0001,0.1,1e-06,linear,526582610750,0.99982,0.99963,0.99991
"U(0.0001,0.1), eps=1e-06",0.0001,0.1,1e-06,linear,635191606717,0.99982,0.99963,0.99991
"U(0.0001,0.1), eps=1e-06",0.0001,0.1,1e-06,linear,766201482932,0.99982,0.99963,0.99991
"U(0.0001,0.1), eps=1e-06",0.0001,0.1,1e-06,linear,924232477633,0.99982,0.99963,0.99991
"U(0.0001,0.1), eps=1e-06",0.0001,0.1,1e-06,linear,1114857764883,0.99982,0.99963,0.99991
"U(0.0001,0.1), eps=1e-06",0.0001,0.1,1e-06,linear,1344800000000,0.99982,0.99963,0.99991
"U(0.0001,0.1), eps=1e-06",0.0001,0.1,1e-06,binary,896533333,0.26632,0.26201,0.27067
"U(0.0001,0.1), eps=1e-06",0.0001,0.1,1e-06,binary,1081445601,0.29333,0.28889,0.29781
"U(0.0001,0.1), eps=1e-06",0.0001,0.1,1e-06,binary,1304496493,0.3205,0.31594,0.32509
"U(0.0001,0.1), eps=1e-06",0.0001,0.1,1e-06,binary,1573552196,0.34918,0.34452,0.35387
"U(0.0001,0.1), eps=1e-06",0.0001,0.1,1e-06,binary,1898101319,0.3806,0.37585,0.38537
"U(0.0001,0.1), eps=1e-06",0.0001,0.1,1e-06,binary,2289589519,0.41087,0.40606,0.4157
"U(0.0001,0.1), eps=1e-06",0.0001,0.1,1e-06,binary,2761823151,0.44598,0.44111,0.45086
"U(0.0001,0.1), eps=1e-06",0.0001,0.1,1e-06,binary,3331456165,0.4819,0.47701,0.4868
"U(0.0001,0.1), eps=1e-06",0.0001,0.1,1e-06,binary,4018577429,0.5175,0.5126,0.52239
"U(0.0001,0.1), eps=1e-06",0.0001,0.1,1e-06,binary,4847419193,0.5603,0.55543,0.56516
"U(0.0001,0.1), eps=1e-06",0.0001,0.1,1e-06,binary,5847211667,0.59918,0.59437,0.60397
"U(0.0001,0.1), eps=1e-06",0.0001,0.1,1e-06,binary,7053213870,0.6365,0.63177,0.6412
"U(0.0001,0.1), eps=1e-06",0.0001,0.1,1e-06,binary,8507957079,0.67565,0.67105,0.68022
"U(0.0001,0.1), eps=1e-06",0.0001,0.1,1e-06,binary,10262744755,0.71405,0.7096,0.71846
"U(0.0001,0.1), eps=1e-06",0.0001,0.1,1e-06,binary,12379461831,0.75157,0.74731,0.75578
"U(0.0001,0.1), eps=1e-06",0.0001,0.1,1e-06,binary,14932757159,0.78768,0.78364,0.79166
"U(0.0001,0.1), eps=1e-06",0.0001,0.1,1e-06,binary,18012676110,0.823,0.81923,0.82671
"U(0.0001,0.1), eps=1e-06",0.0001,0.1,1e-06,binary,21727836139,0.85977,0.85633,0.86314
"U(0.0001,0.1), eps=1e-06",0.0001,0.1,1e-06,binary,26209257324,0.88987,0.88676,0.8929
"U(0.0001,0.1), eps=1e-06",0.0001,0.1,1e-06,binary,31614982969,0.91463,0.91185,0.91733
"U(0.0001,0.1), eps=1e-06",0.0001,0.1,1e-06,binary,38135653207,0.93285,0.93036,0.93526
"U(0.0001,0.1), eps=1e-06",0.0001,0.1,1e-06,binary,46001228182,0.95442,0.95233,0.95642
"U(0.0001,0.1), eps=1e-06",0.0001,0.1,1e-06,binary,55489097899,0.96698,0.96518,0.96869
"U(0.0001,0.1), eps=1e-06",0.0001,0.1,1e-06,binary,66933864754,0.97762,0.97612,0.97902
"U(0.0001,0.1), eps=1e-06",0.0001,0.1,1e-06,binary,80739143733,0.98433,0.98307,0.9855
"U(0.0001,0.1), eps=1e-06",0.0001,0.1,1e-06,binary,97391796436,0.99085,0.98987,0.99174
"U(0.0001,0.1), eps=1e-06",0.0001,0.1,1e-06,binary,117479100897,0.9943,0.99351,0.99499
"U(0.0001,0.1), eps=1e-06",0.0001,0.1,1e-06,binary,141709462734,0.99675,0.99614,0.99726
"U(0.0001,0.1), eps=1e-06",0.0001,0.1,1e-06,binary,170937398014,0.99775,0.99724,0.99817
"U(0.0001,0.1), eps=1e-06",0.0001,0.1,1e-06,binary,206193668906,0.99803,0.99755,0.99842
"U(0.0001,0.1), eps=1e-06",0.0001,0.1,1e-06,binary,248721634884,0.99813,0.99766,0.99851
"U(0.0001,0.1), eps=1e-06",0.0001,0.1,1e-06,binary,300021101460,0.99815,0.99768,0.99853
"U(0.0001,0.1), eps=1e-06",0.0001,0.1,1e-06,binary,361901212829,0.99815,0.99768,0.99853
"U(0.0001,0.1), eps=1e-06",0.0001,0.1,1e-06,binary,436544253753,0.99815,0.99768,0.99853
"U(0.0001,0.1), eps=1e-06",0.0001,0.1,1e-06,binary,526582610750,0.99815,0.99768,0.99853
"U(0.0001,0.1), eps=1e-06",0.0001,0.1,1e-06,binary,635191606717,0.99815,0.99768,0.99853
"U(0.0001,0.1), eps=1e-06",0.0001,0.1,1e-06,binary,766201482932,0.99815,0.99768,0.99853
"U(0.0001,0.1), eps=1e-06",0.0001,0.1,1e-06,binary,924232477633,0.99815,0.99768,0.99853
"U(0.0001,0.1), eps=1e-06",0.0001,0.1,1e-06,binary,1114857764883,0.99815,0.99768,0.99853
"U(0.0001,0.1), eps=1e-06",0.0001,0.1,1e-06,binary,1344800000000,0.99815,0.99768,0.99853
"U(0.0001,0.1), eps=1e-06",0.0001,0.1,1e-06,reverse_eng,896533333,0.31257,0.30805,0.31713
"U(0.0001,0.1), eps=1e-06",0.0001,0.1,1e-06,reverse_eng,1081445601,0.33742,0.3328,0.34207
"U(0.0001,0.1), eps=1e-06",0.0001,0.1,1e-06,reverse_eng,1304496493,0.36607,0.36136,0.3708
"U(0.0001,0.1), eps=1e-06",0.0001,0.1,1e-06,reverse_eng,1573552196,0.39472,0.38994,0.39952
"U(0.0001,0.1), eps=1e-06",0.0001,0.1,1e-06,reverse_eng,1898101319,0.42628,0.42144,0.43113
"U(0.0001,0.1), eps=1e-06",0.0001,0.1,1e-06,reverse_eng,2289589519,0.45503,0.45015,0.45991
"U(0.0001,0.1), eps=1e-06",0.0001,0.1,1e-06,reverse_eng,2761823151,0.49042,0.48552,0.49532
"U(0.0001,0.1), eps=1e-06",0.0001,0.1,1e-06,reverse_eng,3331456165,0.52328,0.51838,0.52817
"U(0.0001,0.1), eps=1e-06",0.0001,0.1,1e-06,reverse_eng,4018577429,0.56207,0.5572,0.56693
"U(0.0001,0.1), eps=1e-06",0.0001,0.1,1e-06,reverse_eng,4847419193,0.59815,0.59334,0.60294
"U(0.0001,0.1), eps=1e-06",0.0001,0.1,1e-06,reverse_eng,5847211667,0.63675,0.63202,0.64145
"U(0.0001,0.1), eps=1e-06",0.0001,0.1,1e-06,reverse_eng,7053213870,0.67273,0.66812,0.67731
"U(0.0001,0.1), eps=1e-06",0.0001,0.1,1e-06,reverse_eng,8507957079,0.71047,0.70601,0.71489
"U(0.0001,0.1), eps=1e-06",0.0001,0.1,1e-06,reverse_eng,10262744755,0.74828,0.744,0.75251
"U(0.0001,0.1), eps=1e-06",0.0001,0.1,1e-06,reverse_eng,12379461831,0.77995,0.77586,0.78398
"U(0.0001,0.1), eps=1e-06",0.0001,0.1,1e-06,reverse_eng,14932757159,0.81832,0.81451,0.82207
"U(0.0001,0.1), eps=1e-06",0.0001,0.1,1e-06,reverse_eng,18012676110,0.84945,0.84591,0.85292
"U(0.0001,0.1), eps=1e-06",0.0001,0.1,1e-06,reverse_eng,21727836139,0.87813,0.87489,0.8813
"U(0.0001,0.1), eps=1e-06",0.0001,0.1,1e-06,reverse_eng,26209257324,0.8998,0.89682,0.9027
"U(0.0001,0.1), eps=1e-06",0.0001,0.1,1e-06,reverse_eng,31614982969,0.9276,0.92502,0.9301
"U(0.0001,0.1), eps=1e-06",0.0001,0.1,1e-06,reverse_eng,38135653207,0.94298,0.94066,0.94521
"U(0.0001,0.1), eps=1e-06",0.0001,0.1,1e-06,reverse_eng,46001228182,0.95922,0.95724,0.96111
"U(0.0001,0.1), eps=1e-06",0.0001,0.1,1e-06,reverse_eng,55489097899,0.97155,0.96987,0.97313
"U(0.0001,0.1), eps=1e-06",0.0001,0.1,1e-06,reverse_eng,66933864754,0.98165,0.98029,0.98292
"U(0.0001,0.1), eps=1e-06",0.0001,0.1,1e-06,reverse_eng,80739143733,0.98557,0.98435,0.98669
"U(0.0001,0.1), eps=1e-06",0.0001,0.1,1e-06,reverse_eng,97391796436,0.99085,0.98987,0.99174
"U(0.0001,0.1), eps=1e-06",0.0001,0.1,1e-06,reverse_eng,117479100897,0.99538,0.99467,0.996
"U(0.0001,0.1), eps=1e-06",0.0001,0.1,1e-06,reverse_eng,141709462734,0.99725,0.99669,0.99772
"U(0.0001,0.1), eps=1e-06",0.0001,0.1,1e-06,reverse_eng,170937398014,0.99792,0.99742,0.99832
"U(0.0001,0.1), eps=1e-06",0.0001,0.1,1e-06,reverse_eng,206193668906,0.99813,0.99766,0.99851
"U(0.0001,0.1), eps=1e-06",0.0001,0.1,1e-06,reverse_eng,248721634884,0.99833,0.99788,0.99869
"U(0.0001,0.1), eps=1e-06",0.0001,0.1,1e-06,reverse_eng,300021101460,0.99838,0.99794,0.99873
"U(0.0001,0.1), eps=1e-06",0.0001,0.1,1e-06,reverse_eng,361901212829,0.99838,0.99794,0.99873
"U(0.0001,0.1), eps=1e-06",0.0001,0.1,1e-06,reverse_eng,436544253753,0.99838,0.99794,0.99873
"U(0.0001,0.1), eps=1e-06",0.0001,0.1,1e-06,reverse_eng,526582610750,0.99838,0.99794,0.99873
"U(0.0001,0.1), eps=1e-06",0.0001,0.1,1e-06,reverse_eng,635191606717,0.99838,0.99794,0.99873
"U(0.0001,0.1), eps=1e-06",0.0001,0.1,1e-06,reverse_eng,766201482932,0.99838,0.99794,0.99873
"U(0.0001,0.1), eps=1e-06",0.0001,0.1,1e-06,reverse_eng,924232477633,0.99838,0.99794,0.99873
"U(0.0001,0.1), eps=1e-06",0.0001,0.1,1e-06,reverse_eng,1114857764883,0.99838,0.99794,0.99873
"U(0.0001,0.1), eps=1e-06",0.0001,0.1,1e-06,reverse_eng,1344800000000,0.99838,0.99794,0.99873
"U(0.0001,0.1), eps=1e-06",0.0001,0.1,1e-06,binary_risk,896533333,0.32265,0.31809,0.32725
"U(0.0001,0.1), eps=1e-06",0.0001,0.1,1e-06,binary_risk,1081445601,0.35008,0.34542,0.35477
"U(0.0001,0.1), eps=1e-06",0.0001,0.1,1e-06,binary_risk,1304496493,0.3789,0.37416,0.38367
"U(0.0001,0.1), eps=1e-06",0.0001,0.1,1e-06,binary_risk,1573552196,0.40727,0.40246,0.41209
"U(0.0001,0.1), eps=1e-06",0.0001,0.1,1e-06,binary_risk,1898101319,0.43865,0.43379,0.44352
"U(0.0001,0.1), eps=1e-06",0.0001,0.1,1e-06,binary_risk,2289589519,0.47158,0.46669,0.47647
"U(0.0001,0.1), eps=1e-06",0.0001,0.1,1e-06,binary_risk,2761823151,0.48257,0.47767,0.48747
"U(0.0001,0.1), eps=1e-06",0.0001,0.1,1e-06,binary_risk,3331456165,0.52133,0.51643,0.52622
"U(0.0001,0.1), eps=1e-06",0.0001,0.1,1e-06,binary_risk,4018577429,0.56245,0.55758,0.56731
"U(0.0001,0.1), eps=1e-06",0.0001,0.1,1e-06,binary_risk,4847419193,0.60135,0.59654,0.60614
"U(0.0001,0.1), eps=1e-06",0.0001,0.1,1e-06,binary_risk,5847211667,0.63828,0.63356,0.64298
"U(0.0001,0.1), eps=1e-06",0.0001,0.1,1e-06,binary_risk,7053213870,0.67805,0.67345,0.68261
"U(0.0001,0.1), eps=1e-06",0.0001,0.1,1e-06,binary_risk,8507957079,0.7169,0.71246,0.72129
"U(0.0001,0.1), eps=1e-06",0.0001,0.1,1e-06,binary_risk,10262744755,0.75465,0.75041,0.75884
"U(0.0001,0.1), eps=1e-06",0.0001,0.1,1e-06,binary_risk,12379461831,0.79317,0.78917,0.79711
"U(0.0001,0.1), eps=1e-06",0.0001,0.1,1e-06,binary_risk,14932757159,0.82522,0.82147,0.82891
"U(0.0001,0.1), eps=1e-06",0.0001,0.1,1e-06,binary_risk,18012676110,0.8594,0.85596,0.86277
"U(0.0001,0.1), eps=1e-06",0.0001,0.1,1e-06,binary_risk,21727836139,0.88777,0.88464,0.89083
"U(0.0001,0.1), eps=1e-06",0.0001,0.1,1e-06,binary_risk,26209257324,0.91397,0.91118,0.91668
"U(0.0001,0.1), eps=1e-06",0.0001,0.1,1e-06,binary_risk,31614982969,0.9369,0.93448,0.93924
"U(0.0001,0.1), eps=1e-06",0.0001,0.1,1e-06,binary_risk,38135653207,0.95505,0.95298,0.95704
"U(0.0001,0.1), eps=1e-06",0.0001,0.1,1e-06,binary_risk,46001228182,0.96932,0.96758,0.97097
"U(0.0001,0.1), eps=1e-06",0.0001,0.1,1e-06,binary_risk,55489097899,0.97972,0.97829,0.98106
"U(0.0001,0.1), eps=1e-06",0.0001,0.1,1e-06,binary_risk,66933864754,0.98903,0.98796,0.99
"U(0.0001,0.1), eps=1e-06",0.0001,0.1,1e-06,binary_risk,80739143733,0.9938,0.99298,0.99452
"U(0.0001,0.1), eps=1e-06",0.0001,0.1,1e-06,binary_risk,97391796436,0.99577,0.99508,0.99636
"U(0.0001,0.1), eps=1e-06",0.0001,0.1,1e-06,binary_risk,117479100897,0.99813,0.99766,0.99851
"U(0.0001,0.1), eps=1e-06",0.0001,0.1,1e-06,binary_risk,141709462734,0.99885,0.99847,0.99914
"U(0.0001,0.1), eps=1e-06",0.0001,0.1,1e-06,binary_risk,170937398014,0.99867,0.99826,0.99898
"U(0.0001,0.1), eps=1e-06",0.0001,0.1,1e-06,binary_risk,206193668906,0.99915,0.99881,0.99939
"U(0.0001,0.1), eps=1e-06",0.0001,0.1,1e-06,binary_risk,248721634884,0.99955,0.99929,0.99972
"U(0.0001,0.1), eps=1e-06",0.0001,0.1,1e-06,binary_risk,300021101460,0.99913,0.99879,0.99937
"U(0.0001,0.1), eps=1e-06",0.0001,0.1,1e-06,binary_risk,361901212829,0.9998,0.99961,0.9999
"U(0.0001,0.1), eps=1e-06",0.0001,0.1,1e-06,binary_risk,436544253753,0.99985,0.99967,0.99993
"U(0.0001,0.1), eps=1e-06",0.0001,0.1,1e-06,binary_risk,526582610750,0.99997,0.99985,0.99999
"U(0.0001,0.1), eps=1e-06",0.0001,0.1,1e-06,binary_risk,635191606717,1.0,0.9999,1.0
"U(0.0001,0.1), eps=1e-06",0.0001,0.1,1e-06,binary_risk,766201482932,1.0,0.9999,1.0
"U(0.0001,0.1), eps=1e-06",0.0001,0.1,1e-06,binary_risk,924232477633,1.0,0.9999,1.0
"U(0.0001,0.1), eps=1e-06",0.0001,0.1,1e-06,binary_risk,1114857764883,1.0,0.9999,1.0
"U(0.0001,0.1), eps=1e-06",0.0001,0.1,1e-06,binary_risk,1344800000000,1.0,0.9999,1.0
"U(0.0001,0.1), eps=1e-06",0.0001,0.1,1e-06,reverse_eng_risk,896533333,0.32272,0.31816,0.32732
"U(0.0001,0.1), eps=1e-06",0.0001,0.1,1e-06,reverse_eng_risk,1081445601,0.35008,0.34542,0.35477
"U(0.0001,0.1), eps=1e-06",0.0001,0.1,1e-06,reverse_eng_risk,1304496493,0.37833,0.37359,0.38309
"U(0.0001,0.1), eps=1e-06",0.0001,0.1,1e-06,reverse_eng_risk,1573552196,0.4079,0.40309,0.41272
"U(0.0001,0.1), eps=1e-06",0.0001,0.1,1e-06,reverse_eng_risk,1898101319,0.43848,0.43362,0.44335
"U(0.0001,0.1), eps=1e-06",0.0001,0.1,1e-06,reverse_eng_risk,2289589519,0.47147,0.46658,0.47636
"U(0.0001,0.1), eps=1e-06",0.0001,0.1,1e-06,reverse_eng_risk,2761823151,0.5059,0.501,0.5108
"U(0.0001,0.1), eps=1e-06",0.0001,0.1,1e-06,reverse_eng_risk,3331456165,0.54107,0.53618,0.54595
"U(0.0001,0.1), eps=1e-06",0.0001,0.1,1e-06,reverse_eng_risk,4018577429,0.57768,0.57283,0.58251
"U(0.0001,0.1), eps=1e-06",0.0001,0.1,1e-06,reverse_eng_risk,4847419193,0.6143,0.60952,0.61906
"U(0.0001,0.1), eps=1e-06",0.0001,0.1,1e-06,reverse_eng_risk,5847211667,0.65243,0.64775,0.65708
"U(0.0001,0.1), eps=1e-06",0.0001,0.1,1e-06,reverse_eng_risk,7053213870,0.69185,0.68731,0.69636
"U(0.0001,0.1), eps=1e-06",0.0001,0.1,1e-06,reverse_eng_risk,8507957079,0.72967,0.7253,0.734
"U(0.0001,0.1), eps=1e-06",0.0001,0.1,1e-06,reverse_eng_risk,10262744755,0.76113,0.75693,0.76528
"U(0.0001,0.1), eps=1e-06",0.0001,0.1,1e-06,reverse_eng_risk,12379461831,0.79668,0.79271,0.8006
"U(0.0001,0.1), eps=1e-06",0.0001,0.1,1e-06,reverse_eng_risk,14932757159,0.8291,0.82538,0.83276
"U(0.0001,0.1), eps=1e-06",0.0001,0.1,1e-06,reverse_eng_risk,18012676110,0.85875,0.8553,0.86213
"U(0.0001,0.1), eps=1e-06",0.0001,0.1,1e-06,reverse_eng_risk,21727836139,0.89092,0.88783,0.89394
"U(0.0001,0.1), eps=1e-06",0.0001,0.1,1e-06,reverse_eng_risk,26209257324,0.91465,0.91187,0.91735
"U(0.0001,0.1), eps=1e-06",0.0001,0.1,1e-06,reverse_eng_risk,31614982969,0.93553,0.93308,0.9379
"U(0.0001,0.1), eps=1e-06",0.0001,0.1,1e-06,reverse_eng_risk,38135653207,0.95373,0.95163,0.95575
"U(0.0001,0.1), eps=1e-06",0.0001,0.1,1e-06,reverse_eng_risk,46001228182,0.9691,0.96736,0.97075
"U(0.0001,0.1), eps=1e-06",0.0001,0.1,1e-06,reverse_eng_risk,55489097899,0.98025,0.97884,0.98157
"U(0.0001,0.1), eps=1e-06",0.0001,0.1,1e-06,reverse_eng_risk,66933864754,0.98845,0.98735,0.98945
"U(0.0001,0.1), eps=1e-06",0.0001,0.1,1e-06,reverse_eng_risk,80739143733,0.99372,0.9929,0.99445
"U(0.0001,0.1), eps=1e-06",0.0001,0.1,1e-06,reverse_eng_risk,97391796436,0.99697,0.99638,0.99746
"U(0.0001,0.1), eps=1e-06",0.0001,0.1,1e-06,reverse_eng_risk,117479100897,0.99843,0.99799,0.99877
"U(0.0001,0.1), eps=1e-06",0.0001,0.1,1e-06,reverse_eng_risk,141709462734,0.99923,0.99891,0.99946
"U(0.0001,0.1), eps=1e-06",0.0001,0.1,1e-06,reverse_eng_risk,170937398014,0.99965,0.99941,0.99979
"U(0.0001,0.1), eps=1e-06",0.0001,0.1,1e-06,reverse_eng_risk,206193668906,0.99982,0.99963,0.99991
"U(0.0001,0.1), eps=1e-06",0.0001,0.1,1e-06,reverse_eng_risk,248721634884,0.99992,0.99977,0.99997
"U(0.0001,0.1), eps=1e-06",0.0001,0.1,1e-06,reverse_eng_risk,300021101460,0.99995,0.99982,0.99999
"U(0.0001,0.1), eps=1e-06",0.0001,0.1,1e-06,reverse_eng_risk,361901212829,0.99997,0.99985,0.99999
"U(0.0001,0.1), eps=1e-06",0.0001,0.1,1e-06,reverse_eng_risk,436544253753,1.0,0.9999,1.0
"U(0.0001,0.1), eps=1e-06",0.0001,0.1,1e-06,reverse_eng_risk,526582610750,1.0,0.9999,1.0
"U(0.0001,0.1), eps=1e-06",0.0001,0.1,1e-06,reverse_eng_risk,635191606717,1.0,0.9999,1.0
"U(0.0001,0.1), eps=1e-06",0.0001,0.1,1e-06,reverse_eng_risk,766201482932,1.0,0.9999,1.0
"U(0.0001,0.1), eps=1e-06",0.0001,0.1,1e-06,reverse_eng_risk,924232477633,1.0,0.9999,1.0
"U(0.0001,0.1), eps=1e-06",0.0001,0.1,1e-06,reverse_eng_risk,1114857764883,1.0,0.9999,1.0
"U(0.0001,0.1), eps=1e-06",0.0001,0.1,1e-06,reverse_eng_risk,1344800000000,1.0,0.9999,1.0
"U(0.0001,0.01), eps=1e-04",0.0001,0.01,0.0001,brute,8565,0.16848,0.16484,0.17218
"U(0.0001,0.01), eps=1e-04",0.0001,0.01,0.0001,brute,10332,0.18325,0.17949,0.18707
"U(0.0001,0.01), eps=1e-04",0.0001,0.01,0.0001,brute,12463,0.20447,0.20055,0.20845
"U(0.0001,0.01), eps=1e-04",0.0001,0.01,0.0001,brute,15033,0.2233,0.21925,0.22741
"U(0.0001,0.01), eps=1e-04",0.0001,0.01,0.0001,brute,18134,0.2468,0.2426,0.25105
"U(0.0001,0.01), eps=1e-04",0.0001,0.01,0.0001,brute,21875,0.27545,0.27109,0.27985
"U(0.0001,0.01), eps=1e-04",0.0001,0.01,0.0001,brute,26386,0.30335,0.29886,0.30787
"U(0.0001,0.01), eps=1e-04",0.0001,0.01,0.0001,brute,31829,0.33545,0.33084,0.34009
"U(0.0001,0.01), eps=1e-04",0.0001,0.01,0.0001,brute,38394,0.36555,0.36084,0.37028
"U(0.0001,0.01), eps=1e-04",0.0001,0.01,0.0001,brute,46312,0.39922,0.39443,0.40403
"U(0.0001,0.01), eps=1e-04",0.0001,0.01,0.0001,brute,55865,0.43585,0.431,0.44072
"U(0.0001,0.01), eps=1e-04",0.0001,0.01,0.0001,brute,67387,0.47387,0.46898,0.47877
"U(0.0001,0.01), eps=1e-04",0.0001,0.01,0.0001,brute,81286,0.5155,0.5106,0.5204
"U(0.0001,0.01), eps=1e-04",0.0001,0.01,0.0001,brute,98051,0.5588,0.55393,0.56366
"U(0.0001,0.01), eps=1e-04",0.0001,0.01,0.0001,brute,118275,0.60625,0.60145,0.61103
"U(0.0001,0.01), eps=1e-04",0.0001,0.01,0.0001,brute,142669,0.65112,0.64643,0.65578
"U(0.0001,0.01), eps=1e-04",0.0001,0.01,0.0001,brute,172095,0.6973,0.69278,0.70178
"U(0.0001,0.01), eps=1e-04",0.0001,0.01,0.0001,brute,207590,0.74277,0.73846,0.74703
"U(0.0001,0.01), eps=1e-04",0.0001,0.01,0.0001,brute,250406,0.78568,0.78163,0.78967
"U(0.0001,0.01), eps=1e-04",0.0001,0.01,0.0001,brute,302053,0.82798,0.82425,0.83165
"U(0.0001,0.01), eps=1e-04",0.0001,0.01,0.0001,brute,364353,0.86633,0.86296,0.86963
"U(0.0001,0.01), eps=1e-04",0.0001,0.01,0.0001,brute,439502,0.89897,0.89598,0.90189
"U(0.0001,0.01), eps=1e-04",0.0001,0.01,0.0001,brute,530150,0.92755,0.92497,0.93005
"U(0.0001,0.01), eps=1e-04",0.0001,0.01,0.0001,brute,639495,0.9518,0.94966,0.95386
"U(0.0001,0.01), eps=1e-04",0.0001,0.01,0.0001,brute,771393,0.9702,0.96849,0.97182
"U(0.0001,0.01), eps=1e-04",0.0001,0.01,0.0001,brute,930494,0.98362,0.98233,0.98482
"U(0.0001,0.01), eps=1e-04",0.0001,0.01,0.0001,brute,1122411,0.99065,0.98966,0.99155
"U(0.0001,0.01), eps=1e-04",0.0001,0.01,0.0001,brute,1353912,0.99577,0.99508,0.99636
"U(0.0001,0.01), eps=1e-04",0.0001,0.01,0.0001,brute,1633159,0.99823,0.99777,0.9986
"U(0.0001,0.01), eps=1e-04",0.0001,0.01,0.0001,brute,1970003,0.99948,0.9992,0.99966
"U(0.0001,0.01), eps=1e-04",0.0001,0.01,0.0001,brute,2376321,0.99995,0.99982,0.99999
"U(0.0001,0.01), eps=1e-04",0.0001,0.01,0.0001,brute,2866443,1.0,0.9999,1.0
"U(0.0001,0.01), eps=1e-04",0.0001,0.01,0.0001,brute,3457654,1.0,0.9999,1.0
"U(0.0001,0.01), eps=1e-04",0.0001,0.01,0.0001,brute,4170804,1.0,0.9999,1.0
"U(0.0001,0.01), eps=1e-04",0.0001,0.01,0.0001,brute,5031044,1.0,0.9999,1.0
"U(0.0001,0.01), eps=1e-04",0.0001,0.01,0.0001,brute,6068709,1.0,0.9999,1.0
"U(0.0001,0.01), eps=1e-04",0.0001,0.01,0.0001,brute,7320396,1.0,0.9999,1.0
"U(0.0001,0.01), eps=1e-04",0.0001,0.01,0.0001,brute,8830246,1.0,0.9999,1.0
"U(0.0001,0.01), eps=1e-04",0.0001,0.01,0.0001,brute,10651507,1.0,0.9999,1.0
"U(0.0001,0.01), eps=1e-04",0.0001,0.01,0.0001,brute,12848407,1.0,0.9999,1.0
"U(0.0001,0.01), eps=1e-04",0.0001,0.01,0.0001,separable,8565,0.0,0.0,0.0001
"U(0.0001,0.01), eps=1e-04",0.0001,0.01,0.0001,separable,10332,0.00788,0.00706,0.00879
"U(0.0001,0.01), eps=1e-04",0.0001,0.01,0.0001,separable,12463,0.00717,0.00639,0.00805
"U(0.0001,0.01), eps=1e-04",0.0001,0.01,0.0001,separable,15033,0.008,0.00717,0.00892
"U(0.0001,0.01), eps=1e-04",0.0001,0.01,0.0001,separable,18134,0.00732,0.00653,0.0082
"U(0.0001,0.01), eps=1e-04",0.0001,0.01,0.0001,separable,21875,0.01257,0.01152,0.01371
"U(0.0001,0.01), eps=1e-04",0.0001,0.01,0.0001,separable,26386,0.01123,0.01024,0.01231
"U(0.0001,0.01), eps=1e-04",0.0001,0.01,0.0001,separable,31829,0.01773,0.01648,0.01907
"U(0.0001,0.01), eps=1e-04",0.0001,0.01,0.0001,separable,38394,0.01738,0.01614,0.01871
"U(0.0001,0.01), eps=1e-04",0.0001,0.01,0.0001,separable,46312,0.02088,0.01952,0.02233
"U(0.0001,0.01), eps=1e-04",0.0001,0.01,0.0001,separable,55865,0.02413,0.02267,0.02568
"U(0.0001,0.01), eps=1e-04",0.0001,0.01,0.0001,separable,67387,0.02835,0.02677,0.03002
"U(0.0001,0.01), eps=1e-04",0.0001,0.01,0.0001,separable,81286,0.03272,0.03102,0.03451
"U(0.0001,0.01), eps=1e-04",0.0001,0.01,0.0001,separable,98051,0.03655,0.03476,0.03843
"U(0.0001,0.01), eps=1e-04",0.0001,0.01,0.0001,separable,118275,0.04208,0.04016,0.04409
"U(0.0001,0.01), eps=1e-04",0.0001,0.01,0.0001,separable,142669,0.0481,0.04605,0.05024
"U(0.0001,0.01), eps=1e-04",0.0001,0.01,0.0001,separable,172095,0.05212,0.04998,0.05434
"U(0.0001,0.01), eps=1e-04",0.0001,0.01,0.0001,separable,207590,0.05847,0.05621,0.06081
"U(0.0001,0.01), eps=1e-04",0.0001,0.01,0.0001,separable,250406,0.0664,0.064,0.06888
"U(0.0001,0.01), eps=1e-04",0.0001,0.01,0.0001,separable,302053,0.07472,0.07218,0.07734
"U(0.0001,0.01), eps=1e-04",0.0001,0.01,0.0001,separable,364353,0.08347,0.0808,0.08622
"U(0.0001,0.01), eps=1e-04",0.0001,0.01,0.0001,separable,439502,0.09292,0.09011,0.0958
"U(0.0001,0.01), eps=1e-04",0.0001,0.01,0.0001,separable,530150,0.10515,0.10218,0.10819
"U(0.0001,0.01), eps=1e-04",0.0001,0.01,0.0001,separable,639495,0.11622,0.11312,0.1194
"U(0.0001,0.01), eps=1e-04",0.0001,0.01,0.0001,separable,771393,0.12795,0.12471,0.13126
"U(0.0001,0.01), eps=1e-04",0.0001,0.01,0.0001,separable,930494,0.13965,0.13629,0.14308
"U(0.0001,0.01), eps=1e-04",0.0001,0.01,0.0001,separable,1122411,0.15548,0.15196,0.15906
"U(0.0001,0.01), eps=1e-04",0.0001,0.01,0.0001,separable,1353912,0.17078,0.16712,0.1745
"U(0.0001,0.01), eps=1e-04",0.0001,0.01,0.0001,separable,1633159,0.1894,0.18559,0.19327
"U(0.0001,0.01), eps=1e-04",0.0001,0.01,0.0001,separable,1970003,0.20972,0.20576,0.21374
"U(0.0001,0.01), eps=1e-04",0.0001,0.01,0.0001,separable,2376321,0.23215,0.22804,0.23631
"U(0.0001,0.01), eps=1e-04",0.0001,0.01,0.0001,separable,2866443,0.25595,0.2517,0.26025
"U(0.0001,0.01), eps=1e-04",0.0001,0.01,0.0001,separable,3457654,0.2806,0.27622,0.28502
"U(0.0001,0.01), eps=1e-04",0.0001,0.01,0.0001,separable,4170804,0.30885,0.30434,0.3134
"U(0.0001,0.01), eps=1e-04",0.0001,0.01,0.0001,separable,5031044,0.33875,0.33413,0.3434
"U(0.0001,0.01), eps=1e-04",0.0001,0.01,0.0001,separable,6068709,0.37138,0.36666,0.37613
"U(0.0001,0.01), eps=1e-04",0.0001,0.01,0.0001,separable,7320396,0.40518,0.40038,0.41
"U(0.0001,0.01), eps=1e-04",0.0001,0.01,0.0001,separable,8830246,0.44253,0.43767,0.4474
"U(0.0001,0.01), eps=1e-04",0.0001,0.01,0.0001,separable,10651507,0.48292,0.47802,0.48782
"U(0.0001,0.01), eps=1e-04",0.0001,0.01,0.0001,separable,12848407,0.52235,0.51745,0.52724
"U(0.0001,0.01), eps=1e-04",0.0001,0.01,0.0001,linear,8565,0.1445,0.14109,0.14798
"U(0.0001,0.01), eps=1e-04",0.0001,0.01,0.0001,linear,10332,0.16007,0.15651,0.1637
"U(0.0001,0.01), eps=1e-04",0.0001,0.01,0.0001,linear,12463,0.1805,0.17676,0.1843
"U(0.0001,0.01), eps=1e-04",0.0001,0.01,0.0001,linear,15033,0.21055,0.20658,0.21457
"U(0.0001,0.01), eps=1e-04",0.0001,0.01,0.0001,linear,18134,0.22853,0.22444,0.23267
"U(0.0001,0.01), eps=1e-04",0.0001,0.01,0.0001,linear,21875,0.25725,0.25299,0.26156
"U(0.0001,0.01), eps=1e-04",0.0001,0.01,0.0001,linear,26386,0.28513,0.28073,0.28957
"U(0.0001,0.01), eps=1e-04",0.0001,0.01,0.0001,linear,31829,0.31945,0.3149,0.32404
"U(0.0001,0.01), eps=1e-04",0.0001,0.01,0.0001,linear,38394,0.35495,0.35027,0.35965
"U(0.0001,0.01), eps=1e-04",0.0001,0.01,0.0001,linear,46312,0.3871,0.38234,0.39188
"U(0.0001,0.01), eps=1e-04",0.0001,0.01,0.0001,linear,55865,0.42492,0.42008,0.42977
"U(0.0001,0.01), eps=1e-04",0.0001,0.01,0.0001,linear,67387,0.46915,0.46426,0.47404
"U(0.0001,0.01), eps=1e-04",0.0001,0.01,0.0001,linear,81286,0.52838,0.52349,0.53327
"U(0.0001,0.01), eps=1e-04",0.0001,0.01,0.0001,linear,98051,0.57327,0.56842,0.57811
"U(0.0001,0.01), eps=1e-04",0.0001,0.01,0.0001,linear,118275,0.62413,0.61937,0.62886
"U(0.0001,0.01), eps=1e-04",0.0001,0.01,0.0001,linear,142669,0.67295,0.66834,0.67753
"U(0.0001,0.01), eps=1e-04",0.0001,0.01,0.0001,linear,172095,0.7239,0.7195,0.72826
"U(0.0001,0.01), eps=1e-04",0.0001,0.01,0.0001,linear,207590,0.75923,0.75502,0.76339
"U(0.0001,0.01), eps=1e-04",0.0001,0.01,0.0001,linear,250406,0.80555,0.80164,0.8094
"U(0.0001,0.01), eps=1e-04",0.0001,0.01,0.0001,linear,302053,0.84508,0.8415,0.84859
"U(0.0001,0.01), eps=1e-04",0.0001,0.01,0.0001,linear,364353,0.87125,0.86793,0.8745
"U(0.0001,0.01), eps=1e-04",0.0001,0.01,0.0001,linear,439502,0.9148,0.91202,0.9175
"U(0.0001,0.01), eps=1e-04",0.0001,0.01,0.0001,linear,530150,0.94032,0.93796,0.9426
"U(0.0001,0.01), eps=1e-04",0.0001,0.01,0.0001,linear,639495,0.9547,0.95262,0.95669
"U(0.0001,0.01), eps=1e-04",0.0001,0.01,0.0001,linear,771393,0.97035,0.96864,0.97197
"U(0.0001,0.01), eps=1e-04",0.0001,0.01,0.0001,linear,930494,0.98582,0.98461,0.98693
"U(0.0001,0.01), eps=1e-04",0.0001,0.01,0.0001,linear,1122411,0.99157,0.99063,0.99242
"U(0.0001,0.01), eps=1e-04",0.0001,0.01,0.0001,linear,1353912,0.99495,0.99421,0.9956
"U(0.0001,0.01), eps=1e-04",0.0001,0.01,0.0001,linear,1633159,0.99872,0.99832,0.99903
"U(0.0001,0.01), eps=1e-04",0.0001,0.01,0.0001,linear,1970003,0.99897,0.9986,0.99924
"U(0.0001,0.01), eps=1e-04",0.0001,0.01,0.0001,linear,2376321,0.99928,0.99896,0.9995
"U(0.0001,0.01), eps=1e-04",0.0001,0.01,0.0001,linear,2866443,0.99943,0.99914,0.99962
"U(0.0001,0.01), eps=1e-04",0.0001,0.01,0.0001,linear,3457654,0.99943,0.99914,0.99962
"U(0.0001,0.01), eps=1e-04",0.0001,0.01,0.0001,linear,4170804,0.99943,0.99914,0.99962
"U(0.0001,0.01), eps=1e-04",0.0001,0.01,0.0001,linear,5031044,0.99938,0.99908,0.99958
"U(0.0001,0.01), eps=1e-04",0.0001,0.01,0.0001,linear,6068709,0.99943,0.99914,0.99962
"U(0.0001,0.01), eps=1e-04",0.0001,0.01,0.0001,linear,7320396,0.99938,0.99908,0.99958
"U(0.0001,0.01), eps=1e-04",0.0001,0.01,0.0001,linear,8830246,0.9994,0.99911,0.9996
"U(0.0001,0.01), eps=1e-04",0.0001,0.01,0.0001,linear,10651507,0.9994,0.99911,0.9996
"U(0.0001,0.01), eps=1e-04",0.0001,0.01,0.0001,linear,12848407,0.9994,0.99911,0.9996
"U(0.0001,0.01), eps=1e-04",0.0001,0.01,0.0001,binary,8565,0.0,0.0,0.0001
"U(0.0001,0.01), eps=1e-04",0.0001,0.01,0.0001,binary,10332,0.0,0.0,0.0001
"U(0.0001,0.01), eps=1e-04",0.0001,0.01,0.0001,binary,12463,0.0166,0.01539,0.0179
"U(0.0001,0.01), eps=1e-04",0.0001,0.01,0.0001,binary,15033,0.0166,0.01539,0.0179
"U(0.0001,0.01), eps=1e-04",0.0001,0.01,0.0001,binary,18134,0.0166,0.01539,0.0179
"U(0.0001,0.01), eps=1e-04",0.0001,0.01,0.0001,binary,21875,0.0166,0.01539,0.0179
"U(0.0001,0.01), eps=1e-04",0.0001,0.01,0.0001,binary,26386,0.0166,0.01539,0.0179
"U(0.0001,0.01), eps=1e-04",0.0001,0.01,0.0001,binary,31829,0.0166,0.01539,0.0179
"U(0.0001,0.01), eps=1e-04",0.0001,0.01,0.0001,binary,38394,0.01653,0.01533,0.01783
"U(0.0001,0.01), eps=1e-04",0.0001,0.01,0.0001,binary,46312,0.0166,0.01539,0.0179
"U(0.0001,0.01), eps=1e-04",0.0001,0.01,0.0001,binary,55865,0.0166,0.01539,0.0179
"U(0.0001,0.01), eps=1e-04",0.0001,0.01,0.0001,binary,67387,0.01517,0.01402,0.01642
"U(0.0001,0.01), eps=1e-04",0.0001,0.01,0.0001,binary,81286,0.0166,0.01539,0.0179
"U(0.0001,0.01), eps=1e-04",0.0001,0.01,0.0001,binary,98051,0.01517,0.01402,0.01642
"U(0.0001,0.01), eps=1e-04",0.0001,0.01,0.0001,binary,118275,0.01517,0.01402,0.01642
"U(0.0001,0.01), eps=1e-04",0.0001,0.01,0.0001,binary,142669,0.0149,0.01376,0.01613
"U(0.0001,0.01), eps=1e-04",0.0001,0.01,0.0001,binary,172095,0.0149,0.01376,0.01613
"U(0.0001,0.01), eps=1e-04",0.0001,0.01,0.0001,binary,207590,0.015,0.01385,0.01624
"U(0.0001,0.01), eps=1e-04",0.0001,0.01,0.0001,binary,250406,0.0149,0.01376,0.01613
"U(0.0001,0.01), eps=1e-04",0.0001,0.01,0.0001,binary,302053,0.03513,0.03337,0.03698
"U(0.0001,0.01), eps=1e-04",0.0001,0.01,0.0001,binary,364353,0.17355,0.16987,0.17729
"U(0.0001,0.01), eps=1e-04",0.0001,0.01,0.0001,binary,439502,0.4458,0.44093,0.45068
"U(0.0001,0.01), eps=1e-04",0.0001,0.01,0.0001,binary,530150,0.60938,0.60459,0.61415
"U(0.0001,0.01), eps=1e-04",0.0001,0.01,0.0001,binary,639495,0.6992,0.69469,0.70367
"U(0.0001,0.01), eps=1e-04",0.0001,0.01,0.0001,binary,771393,0.7454,0.74111,0.74965
"U(0.0001,0.01), eps=1e-04",0.0001,0.01,0.0001,binary,930494,0.7734,0.76927,0.77748
"U(0.0001,0.01), eps=1e-04",0.0001,0.01,0.0001,binary,1122411,0.7912,0.78719,0.79516
"U(0.0001,0.01), eps=1e-04",0.0001,0.01,0.0001,binary,1353912,0.81825,0.81444,0.822
"U(0.0001,0.01), eps=1e-04",0.0001,0.01,0.0001,binary,1633159,0.84298,0.83938,0.84651
"U(0.0001,0.01), eps=1e-04",0.0001,0.01,0.0001,binary,1970003,0.87787,0.87462,0.88104
"U(0.0001,0.01), eps=1e-04",0.0001,0.01,0.0001,binary,2376321,0.88618,0.88303,0.88926
"U(0.0001,0.01), eps=1e-04",0.0001,0.01,0.0001,binary,2866443,0.90335,0.90042,0.90621
"U(0.0001,0.01), eps=1e-04",0.0001,0.01,0.0001,binary,3457654,0.9133,0.9105,0.91602
"U(0.0001,0.01), eps=1e-04",0.0001,0.01,0.0001,binary,4170804,0.9244,0.92177,0.92695
"U(0.0001,0.01), eps=1e-04",0.0001,0.01,0.0001,binary,5031044,0.94725,0.94502,0.9494
"U(0.0001,0.01), eps=1e-04",0.0001,0.01,0.0001,binary,6068709,0.95047,0.9483,0.95255
"U(0.0001,0.01), eps=1e-04",0.0001,0.01,0.0001,binary,7320396,0.9603,0.95834,0.96217
"U(0.0001,0.01), eps=1e-04",0.0001,0.01,0.0001,binary,8830246,0.96383,0.96196,0.96562
"U(0.0001,0.01), eps=1e-04",0.0001,0.01,0.0001,binary,10651507,0.97115,0.96946,0.97275
"U(0.0001,0.01), eps=1e-04",0.0001,0.01,0.0001,binary,12848407,0.97257,0.97092,0.97413
"U(0.0001,0.01), eps=1e-04",0.0001,0.01,0.0001,reverse_eng,8565,0.15525,0.15173,0.15883
"U(0.0001,0.01), eps=1e-04",0.0001,0.01,0.0001,reverse_eng,10332,0.18075,0.17701,0.18455
"U(0.0001,0.01), eps=1e-04",0.0001,0.01,0.0001,reverse_eng,12463,0.20802,0.20407,0.21203
"U(0.0001,0.01), eps=1e-04",0.0001,0.01,0.0001,reverse_eng,15033,0.23967,0.23551,0.24388
"U(0.0001,0.01), eps=1e-04",0.0001,0.01,0.0001,reverse_eng,18134,0.27032,0.26599,0.27469
"U(0.0001,0.01), eps=1e-04",0.0001,0.01,0.0001,reverse_eng,21875,0.30678,0.30228,0.31132
"U(0.0001,0.01), eps=1e-04",0.0001,0.01,0.0001,reverse_eng,26386,0.3401,0.33547,0.34476
"U(0.0001,0.01), eps=1e-04",0.0001,0.01,0.0001,reverse_eng,31829,0.3781,0.37336,0.38286
"U(0.0001,0.01), eps=1e-04",0.0001,0.01,0.0001,reverse_eng,38394,0.41442,0.4096,0.41926
"U(0.0001,0.01), eps=1e-04",0.0001,0.01,0.0001,reverse_eng,46312,0.4532,0.44833,0.45808
"U(0.0001,0.01), eps=1e-04",0.0001,0.01,0.0001,reverse_eng,55865,0.4967,0.4918,0.5016
"U(0.0001,0.01), eps=1e-04",0.0001,0.01,0.0001,reverse_eng,67387,0.54575,0.54087,0.55062
"U(0.0001,0.01), eps=1e-04",0.0001,0.01,0.0001,reverse_eng,81286,0.59078,0.58595,0.59559
"U(0.0001,0.01), eps=1e-04",0.0001,0.01,0.0001,reverse_eng,98051,0.62875,0.624,0.63347
"U(0.0001,0.01), eps=1e-04",0.0001,0.01,0.0001,reverse_eng,118275,0.68263,0.67805,0.68717
"U(0.0001,0.01), eps=1e-04",0.0001,0.01,0.0001,reverse_eng,142669,0.72365,0.71925,0.72801
"U(0.0001,0.01), eps=1e-04",0.0001,0.01,0.0001,reverse_eng,172095,0.76418,0.75999,0.76831
"U(0.0001,0.01), eps=1e-04",0.0001,0.01,0.0001,reverse_eng,207590,0.80493,0.80102,0.80878
"U(0.0001,0.01), eps=1e-04",0.0001,0.01,0.0001,reverse_eng,250406,0.84057,0.83695,0.84412
"U(0.0001,0.01), eps=1e-04",0.0001,0.01,0.0001,reverse_eng,302053,0.86682,0.86346,0.87011
"U(0.0001,0.01), eps=1e-04",0.0001,0.01,0.0001,reverse_eng,364353,0.90023,0.89725,0.90313
"U(0.0001,0.01), eps=1e-04",0.0001,0.01,0.0001,reverse_eng,439502,0.922,0.91933,0.92459
"U(0.0001,0.01), eps=1e-04",0.0001,0.01,0.0001,reverse_eng,530150,0.94107,0.93872,0.94334
"U(0.0001,0.01), eps=1e-04",0.0001,0.01,0.0001,reverse_eng,639495,0.95847,0.95647,0.96038
"U(0.0001,0.01), eps=1e-04",0.0001,0.01,0.0001,reverse_eng,771393,0.97242,0.97077,0.97398
"U(0.0001,0.01), eps=1e-04",0.0001,0.01,0.0001,reverse_eng,930494,0.97965,0.97822,0.98099
"U(0.0001,0.01), eps=1e-04",0.0001,0.01,0.0001,reverse_eng,1122411,0.98657,0.98539,0.98765
"U(0.0001,0.01), eps=1e-04",0.0001,0.01,0.0001,reverse_eng,1353912,0.99047,0.98947,0.99138
"U(0.0001,0.01), eps=1e-04",0.0001,0.01,0.0001,reverse_eng,1633159,0.9922,0.99129,0.99302
"U(0.0001,0.01), eps=1e-04",0.0001,0.01,0.0001,reverse_eng,1970003,0.99623,0.99558,0.99678
"U(0.0001,0.01), eps=1e-04",0.0001,0.01,0.0001,reverse_eng,2376321,0.99787,0.99737,0.99828
"U(0.0001,0.01), eps=1e-04",0.0001,0.01,0.0001,reverse_eng,2866443,0.99872,0.99832,0.99903
"U(0.0001,0.01), eps=1e-04",0.0001,0.01,0.0001,reverse_eng,3457654,0.9989,0.99852,0.99918
"U(0.0001,0.01), eps=1e-04",0.0001,0.01,0.0001,reverse_eng,4170804,0.9989,0.99852,0.99918
"U(0.0001,0.01), eps=1e-04",0.0001,0.01,0.0001,reverse_eng,5031044,0.99897,0.9986,0.99924
"U(0.0001,0.01), eps=1e-04",0.0001,0.01,0.0001,reverse_eng,6068709,0.99897,0.9986,0.99924
"U(0.0001,0.01), eps=1e-04",0.0001,0.01,0.0001,reverse_eng,7320396,0.999,0.99864,0.99927
"U(0.0001,0.01), eps=1e-04",0.0001,0.01,0.0001,reverse_eng,8830246,0.99903,0.99867,0.99929
"U(0.0001,0.01), eps=1e-04",0.0001,0.01,0.0001,reverse_eng,10651507,0.99903,0.99867,0.99929
"U(0.0001,0.01), eps=1e-04",0.0001,0.01,0.0001,reverse_eng,12848407,0.99903,0.99867,0.99929
"U(0.0001,0.01), eps=1e-04",0.0001,0.01,0.0001,binary_risk,8565,0.1764,0.1727,0.18017
"U(0.0001,0.01), eps=1e-04",0.0001,0.01,0.0001,binary_risk,10332,0.21063,0.20666,0.21465
"U(0.0001,0.01), eps=1e-04",0.0001,0.01,0.0001,binary_risk,12463,0.24527,0.24108,0.24951
"U(0.0001,0.01), eps=1e-04",0.0001,0.01,0.0001,binary_risk,15033,0.27445,0.2701,0.27884
"U(0.0001,0.01), eps=1e-04",0.0001,0.01,0.0001,binary_risk,18134,0.30888,0.30437,0.31343
"U(0.0001,0.01), eps=1e-04",0.0001,0.01,0.0001,binary_risk,21875,0.34442,0.33978,0.34909
"U(0.0001,0.01), eps=1e-04",0.0001,0.01,0.0001,binary_risk,26386,0.3829,0.37815,0.38767
"U(0.0001,0.01), eps=1e-04",0.0001,0.01,0.0001,binary_risk,31829,0.41823,0.4134,0.42307
"U(0.0001,0.01), eps=1e-04",0.0001,0.01,0.0001,binary_risk,38394,0.46058,0.4557,0.46547
"U(0.0001,0.01), eps=1e-04",0.0001,0.01,0.0001,binary_risk,46312,0.49025,0.48535,0.49515
"U(0.0001,0.01), eps=1e-04",0.0001,0.01,0.0001,binary_risk,55865,0.5466,0.54172,0.55147
"U(0.0001,0.01), eps=1e-04",0.0001,0.01,0.0001,binary_risk,67387,0.5911,0.58627,0.59591
"U(0.0001,0.01), eps=1e-04",0.0001,0.01,0.0001,binary_risk,81286,0.63577,0.63104,0.64047
"U(0.0001,0.01), eps=1e-04",0.0001,0.01,0.0001,binary_risk,98051,0.6783,0.67371,0.68286
"U(0.0001,0.01), eps=1e-04",0.0001,0.01,0.0001,binary_risk,118275,0.72562,0.72123,0.72997
"U(0.0001,0.01), eps=1e-04",0.0001,0.01,0.0001,binary_risk,142669,0.7665,0.76233,0.77062
"U(0.0001,0.01), eps=1e-04",0.0001,0.01,0.0001,binary_risk,172095,0.80615,0.80225,0.80999
"U(0.0001,0.01), eps=1e-04",0.0001,0.01,0.0001,binary_risk,207590,0.8467,0.84314,0.8502
"U(0.0001,0.01), eps=1e-04",0.0001,0.01,0.0001,binary_risk,250406,0.8801,0.87688,0.88325
"U(0.0001,0.01), eps=1e-04",0.0001,0.01,0.0001,binary_risk,302053,0.91017,0.90733,0.91293
"U(0.0001,0.01), eps=1e-04",0.0001,0.01,0.0001,binary_risk,364353,0.93145,0.92893,0.93389
"U(0.0001,0.01), eps=1e-04",0.0001,0.01,0.0001,binary_risk,439502,0.94922,0.94703,0.95133
"U(0.0001,0.01), eps=1e-04",0.0001,0.01,0.0001,binary_risk,530150,0.96967,0.96794,0.97131
"U(0.0001,0.01), eps=1e-04",0.0001,0.01,0.0001,binary_risk,639495,0.98047,0.97907,0.98178
"U(0.0001,0.01), eps=1e-04",0.0001,0.01,0.0001,binary_risk,771393,0.98903,0.98796,0.99
"U(0.0001,0.01), eps=1e-04",0.0001,0.01,0.0001,binary_risk,930494,0.99467,0.99391,0.99534
"U(0.0001,0.01), eps=1e-04",0.0001,0.01,0.0001,binary_risk,1122411,0.99743,0.99688,0.99788
"U(0.0001,0.01), eps=1e-04",0.0001,0.01,0.0001,binary_risk,1353912,0.99875,0.99835,0.99905
"U(0.0001,0.01), eps=1e-04",0.0001,0.01,0.0001,binary_risk,1633159,0.99948,0.9992,0.99966
"U(0.0001,0.01), eps=1e-04",0.0001,0.01,0.0001,binary_risk,1970003,0.99975,0.99954,0.99986
"U(0.0001,0.01), eps=1e-04",0.0001,0.01,0.0001,binary_risk,2376321,0.99992,0.99977,0.99997
"U(0.0001,0.01), eps=1e-04",0.0001,0.01,0.0001,binary_risk,2866443,1.0,0.9999,1.0
"U(0.0001,0.01), eps=1e-04",0.0001,0.01,0.0001,binary_risk,3457654,1.0,0.9999,1.0
"U(0.0001,0.01), eps=1e-04",0.0001,0.01,0.0001,binary_risk,4170804,1.0,0.9999,1.0
"U(0.0001,0.01), eps=1e-04",0.0001,0.01,0.0001,binary_risk,5031044,1.0,0.9999,1.0
"U(0.0001,0.01), eps=1e-04",0.0001,0.01,0.0001,binary_risk,6068709,1.0,0.9999,1.0
"U(0.0001,0.01), eps=1e-04",0.0001,0.01,0.0001,binary_risk,7320396,0.99995,0.99982,0.99999
"U(0.0001,0.01), eps=1e-04",0.0001,0.01,0.0001,binary_risk,8830246,1.0,0.9999,1.0
"U(0.0001,0.01), eps=1e-04",0.0001,0.01,0.0001,binary_risk,10651507,1.0,0.9999,1.0
"U(0.0001,0.01), eps=1e-04",0.0001,0.01,0.0001,binary_risk,12848407,1.0,0.9999,1.0
"U(0.0001,0.01), eps=1e-04",0.0001,0.01,0.0001,reverse_eng_risk,8565,0.15575,0.15223,0.15934
"U(0.0001,0.01), eps=1e-04",0.0001,0.01,0.0001,reverse_eng_risk,10332,0.18332,0.17956,0.18714
"U(0.0001,0.01), eps=1e-04",0.0001,0.01,0.0001,reverse_eng_risk,12463,0.21445,0.21046,0.2185
"U(0.0001,0.01), eps=1e-04",0.0001,0.01,0.0001,reverse_eng_risk,15033,0.24518,0.24099,0.24942
"U(0.0001,0.01), eps=1e-04",0.0001,0.01,0.0001,reverse_eng_risk,18134,0.27932,0.27494,0.28374
"U(0.0001,0.01), eps=1e-04",0.0001,0.01,0.0001,reverse_eng_risk,21875,0.31352,0.30899,0.31808
"U(0.0001,0.01), eps=1e-04",0.0001,0.01,0.0001,reverse_eng_risk,26386,0.35018,0.34552,0.35487
"U(0.0001,0.01), eps=1e-04",0.0001,0.01,0.0001,reverse_eng_risk,31829,0.3865,0.38174,0.39128
"U(0.0001,0.01), eps=1e-04",0.0001,0.01,0.0001,reverse_eng_risk,38394,0.428,0.42316,0.43286
"U(0.0001,0.01), eps=1e-04",0.0001,0.01,0.0001,reverse_eng_risk,46312,0.47005,0.46516,0.47494
"U(0.0001,0.01), eps=1e-04",0.0001,0.01,0.0001,reverse_eng_risk,55865,0.5169,0.512,0.5218
"U(0.0001,0.01), eps=1e-04",0.0001,0.01,0.0001,reverse_eng_risk,67387,0.5664,0.56154,0.57125
"U(0.0001,0.01), eps=1e-04",0.0001,0.01,0.0001,reverse_eng_risk,81286,0.61852,0.61375,0.62327
"U(0.0001,0.01), eps=1e-04",0.0001,0.01,0.0001,reverse_eng_risk,98051,0.66705,0.66242,0.67165
"U(0.0001,0.01), eps=1e-04",0.0001,0.01,0.0001,reverse_eng_risk,118275,0.71122,0.70676,0.71564
"U(0.0001,0.01), eps=1e-04",0.0001,0.01,0.0001,reverse_eng_risk,142669,0.7548,0.75056,0.75899
"U(0.0001,0.01), eps=1e-04",0.0001,0.01,0.0001,reverse_eng_risk,172095,0.7974,0.79343,0.80131
"U(0.0001,0.01), eps=1e-04",0.0001,0.01,0.0001,reverse_eng_risk,207590,0.83608,0.83242,0.83968
"U(0.0001,0.01), eps=1e-04",0.0001,0.01,0.0001,reverse_eng_risk,250406,0.87415,0.87086,0.87736
"U(0.0001,0.01), eps=1e-04",0.0001,0.01,0.0001,reverse_eng_risk,302053,0.9016,0.89864,0.90448
"U(0.0001,0.01), eps=1e-04",0.0001,0.01,0.0001,reverse_eng_risk,364353,0.92922,0.92667,0.93169
"U(0.0001,0.01), eps=1e-04",0.0001,0.01,0.0001,reverse_eng_risk,439502,0.9477,0.94547,0.94984
"U(0.0001,0.01), eps=1e-04",0.0001,0.01,0.0001,reverse_eng_risk,530150,0.96765,0.96587,0.96934
"U(0.0001,0.01), eps=1e-04",0.0001,0.01,0.0001,reverse_eng_risk,639495,0.97885,0.97739,0.98021
"U(0.0001,0.01), eps=1e-04",0.0001,0.01,0.0001,reverse_eng_risk,771393,0.98767,0.98654,0.98871
"U(0.0001,0.01), eps=1e-04",0.0001,0.01,0.0001,reverse_eng_risk,930494,0.99362,0.99279,0.99435
"U(0.0001,0.01), eps=1e-04",0.0001,0.01,0.0001,reverse_eng_risk,1122411,0.99715,0.99658,0.99763
"U(0.0001,0.01), eps=1e-04",0.0001,0.01,0.0001,reverse_eng_risk,1353912,0.99905,0.9987,0.99931
"U(0.0001,0.01), eps=1e-04",0.0001,0.01,0.0001,reverse_eng_risk,1633159,0.99933,0.99902,0.99954
"U(0.0001,0.01), eps=1e-04",0.0001,0.01,0.0001,reverse_eng_risk,1970003,0.99965,0.99941,0.99979
"U(0.0001,0.01), eps=1e-04",0.0001,0.01,0.0001,reverse_eng_risk,2376321,0.9998,0.99961,0.9999
"U(0.0001,0.01), eps=1e-04",0.0001,0.01,0.0001,reverse_eng_risk,2866443,0.99997,0.99985,0.99999
"U(0.0001,0.01), eps=1e-04",0.0001,0.01,0.0001,reverse_eng_risk,3457654,1.0,0.9999,1.0
"U(0.0001,0.01), eps=1e-04",0.0001,0.01,0.0001,reverse_eng_risk,4170804,1.0,0.9999,1.0
"U(0.0001,0.01), eps=1e-04",0.0001,0.01,0.0001,reverse_eng_risk,5031044,1.0,0.9999,1.0
"U(0.0001,0.01), eps=1e-04",0.0001,0.01,0.0001,reverse_eng_risk,6068709,1.0,0.9999,1.0
"U(0.0001,0.01), eps=1e-04",0.0001,0.01,0.0001,reverse_eng_risk,7320396,1.0,0.9999,1.0
"U(0.0001,0.01), eps=1e-04",0.0001,0.01,0.0001,reverse_eng_risk,8830246,1.0,0.9999,1.0
"U(0.0001,0.01), eps=1e-04",0.0001,0.01,0.0001,reverse_eng_risk,10651507,1.0,0.9999,1.0
"U(0.0001,0.01), eps=1e-04",0.0001,0.01,0.0001,reverse_eng_risk,12848407,1.0,0.9999,1.0
"U(0.0001,0.01), eps=1e-06",0.0001,0.01,1e-06,brute,85656050,0.1844,0.18063,0.18823
"U(0.0001,0.01), eps=1e-06",0.0001,0.01,1e-06,brute,103322828,0.20253,0.19862,0.2065
"U(0.0001,0.01), eps=1e-06",0.0001,0.01,1e-06,brute,124633422,0.2218,0.21776,0.2259
"U(0.0001,0.01), eps=1e-06",0.0001,0.01,1e-06,brute,150339381,0.24293,0.23875,0.24716
"U(0.0001,0.01), eps=1e-06",0.0001,0.01,1e-06,brute,181347259,0.26515,0.26085,0.2695
"U(0.0001,0.01), eps=1e-06",0.0001,0.01,1e-06,brute,218750591,0.29095,0.28652,0.29542
"U(0.0001,0.01), eps=1e-06",0.0001,0.01,1e-06,brute,263868453,0.31727,0.31273,0.32185
"U(0.0001,0.01), eps=1e-06",0.0001,0.01,1e-06,brute,318291990,0.34642,0.34177,0.3511
"U(0.0001,0.01), eps=1e-06",0.0001,0.01,1e-06,brute,383940518,0.37795,0.37321,0.38271
"U(0.0001,0.01), eps=1e-06",0.0001,0.01,1e-06,brute,463129222,0.41108,0.40627,0.41591
"U(0.0001,0.01), eps=1e-06",0.0001,0.01,1e-06,brute,558650796,0.4471,0.44223,0.45198
"U(0.0001,0.01), eps=1e-06",0.0001,0.01,1e-06,brute,673873936,0.48555,0.48065,0.49045
"U(0.0001,0.01), eps=1e-06",0.0001,0.01,1e-06,brute,812862141,0.5254,0.5205,0.53029
"U(0.0001,0.01), eps=1e-06",0.0001,0.01,1e-06,brute,980517014,0.56635,0.56149,0.5712
"U(0.0001,0.01), eps=1e-06",0.0001,0.01,1e-06,brute,1182751130,0.61142,0.60663,0.61619
"U(0.0001,0.01), eps=1e-06",0.0001,0.01,1e-06,brute,1426696543,0.65792,0.65326,0.66255
"U(0.0001,0.01), eps=1e-06",0.0001,0.01,1e-06,brute,1720956316,0.70335,0.69885,0.70781
"U(0.0001,0.01), eps=1e-06",0.0001,0.01,1e-06,brute,2075907911,0.7477,0.74342,0.75193
"U(0.0001,0.01), eps=1e-06",0.0001,0.01,1e-06,brute,2504069171,0.7926,0.7886,0.79655
"U(0.0001,0.01), eps=1e-06",0.0001,0.01,1e-06,brute,3020539774,0.83373,0.83005,0.83735
"U(0.0001,0.01), eps=1e-06",0.0001,0.01,1e-06,brute,3643533745,0.87105,0.86773,0.8743
"U(0.0001,0.01), eps=1e-06",0.0001,0.01,1e-06,brute,4395021800,0.90402,0.90109,0.90687
"U(0.0001,0.01), eps=1e-06",0.0001,0.01,1e-06,brute,5301506168,0.93263,0.93013,0.93505
"U(0.0001,0.01), eps=1e-06",0.0001,0.01,1e-06,brute,6394955231,0.95435,0.95226,0.95635
"U(0.0001,0.01), eps=1e-06",0.0001,0.01,1e-06,brute,7713930929,0.97157,0.9699,0.97315
"U(0.0001,0.01), eps=1e-06",0.0001,0.01,1e-06,brute,9304948704,0.98365,0.98236,0.98485
"U(0.0001,0.01), eps=1e-06",0.0001,0.01,1e-06,brute,11224117920,0.99223,0.99132,0.99304
"U(0.0001,0.01), eps=1e-06",0.0001,0.01,1e-06,brute,13539120643,0.9967,0.99609,0.99722
"U(0.0001,0.01), eps=1e-06",0.0001,0.01,1e-06,brute,16331598536,0.9987,0.9983,0.99901
"U(0.0001,0.01), eps=1e-06",0.0001,0.01,1e-06,brute,19700032061,0.99967,0.99944,0.99981
"U(0.0001,0.01), eps=1e-06",0.0001,0.01,1e-06,brute,23763213523,0.9999,0.99974,0.99996
"U(0.0001,0.01), eps=1e-06",0.0001,0.01,1e-06,brute,28664436445,0.99997,0.99985,0.99999
"U(0.0001,0.01), eps=1e-06",0.0001,0.01,1e-06,brute,34576548996,1.0,0.9999,1.0
"U(0.0001,0.01), eps=1e-06",0.0001,0.01,1e-06,brute,41708049721,1.0,0.9999,1.0
"U(0.0001,0.01), eps=1e-06",0.0001,0.01,1e-06,brute,50310440517,1.0,0.9999,1.0
"U(0.0001,0.01), eps=1e-06",0.0001,0.01,1e-06,brute,60687096183,1.0,0.9999,1.0
"U(0.0001,0.01), eps=1e-06",0.0001,0.01,1e-06,brute,73203963337,1.0,0.9999,1.0
"U(0.0001,0.01), eps=1e-06",0.0001,0.01,1e-06,brute,88302466015,1.0,0.9999,1.0
"U(0.0001,0.01), eps=1e-06",0.0001,0.01,1e-06,brute,106515073078,1.0,0.9999,1.0
"U(0.0001,0.01), eps=1e-06",0.0001,0.01,1e-06,brute,128484076433,1.0,0.9999,1.0
"U(0.0001,0.01), eps=1e-06",0.0001,0.01,1e-06,separable,85656050,0.01507,0.01392,0.01631
"U(0.0001,0.01), eps=1e-06",0.0001,0.01,1e-06,separable,103322828,0.01678,0.01557,0.01809
"U(0.0001,0.01), eps=1e-06",0.0001,0.01,1e-06,separable,124633422,0.01825,0.01698,0.01961
"U(0.0001,0.01), eps=1e-06",0.0001,0.01,1e-06,separable,150339381,0.0203,0.01896,0.02173
"U(0.0001,0.01), eps=1e-06",0.0001,0.01,1e-06,separable,181347259,0.02243,0.02102,0.02393
"U(0.0001,0.01), eps=1e-06",0.0001,0.01,1e-06,separable,218750591,0.02438,0.02291,0.02594
"U(0.0001,0.01), eps=1e-06",0.0001,0.01,1e-06,separable,263868453,0.0271,0.02555,0.02874
"U(0.0001,0.01), eps=1e-06",0.0001,0.01,1e-06,separable,318291990,0.0298,0.02818,0.03151
"U(0.0001,0.01), eps=1e-06",0.0001,0.01,1e-06,separable,383940518,0.0323,0.03061,0.03408
"U(0.0001,0.01), eps=1e-06",0.0001,0.01,1e-06,separable,463129222,0.03525,0.03349,0.0371
"U(0.0001,0.01), eps=1e-06",0.0001,0.01,1e-06,separable,558650796,0.0379,0.03607,0.03982
"U(0.0001,0.01), eps=1e-06",0.0001,0.01,1e-06,separable,673873936,0.042,0.04008,0.04401
"U(0.0001,0.01), eps=1e-06",0.0001,0.01,1e-06,separable,812862141,0.04632,0.0443,0.04842
"U(0.0001,0.01), eps=1e-06",0.0001,0.01,1e-06,separable,980517014,0.05047,0.04837,0.05266
"U(0.0001,0.01), eps=1e-06",0.0001,0.01,1e-06,separable,1182751130,0.0555,0.0533,0.05779
"U(0.0001,0.01), eps=1e-06",0.0001,0.01,1e-06,separable,1426696543,0.0615,0.05919,0.0639
"U(0.0001,0.01), eps=1e-06",0.0001,0.01,1e-06,separable,1720956316,0.0677,0.06528,0.0702
"U(0.0001,0.01), eps=1e-06",0.0001,0.01,1e-06,separable,2075907911,0.07447,0.07194,0.07708
"U(0.0001,0.01), eps=1e-06",0.0001,0.01,1e-06,separable,2504069171,0.0818,0.07915,0.08453
"U(0.0001,0.01), eps=1e-06",0.0001,0.01,1e-06,separable,3020539774,0.08987,0.08711,0.09271
"U(0.0001,0.01), eps=1e-06",0.0001,0.01,1e-06,separable,3643533745,0.09853,0.09565,0.10149
"U(0.0001,0.01), eps=1e-06",0.0001,0.01,1e-06,separable,4395021800,0.10842,0.10541,0.1115
"U(0.0001,0.01), eps=1e-06",0.0001,0.01,1e-06,separable,5301506168,0.11885,0.11572,0.12206
"U(0.0001,0.01), eps=1e-06",0.0001,0.01,1e-06,separable,6394955231,0.1297,0.12644,0.13303
"U(0.0001,0.01), eps=1e-06",0.0001,0.01,1e-06,separable,7713930929,0.1416,0.13822,0.14505
"U(0.0001,0.01), eps=1e-06",0.0001,0.01,1e-06,separable,9304948704,0.15493,0.15142,0.15851
"U(0.0001,0.01), eps=1e-06",0.0001,0.01,1e-06,separable,11224117920,0.1691,0.16546,0.17281
"U(0.0001,0.01), eps=1e-06",0.0001,0.01,1e-06,separable,13539120643,0.18545,0.18167,0.18929
"U(0.0001,0.01), eps=1e-06",0.0001,0.01,1e-06,separable,16331598536,0.20325,0.19933,0.20722
"U(0.0001,0.01), eps=1e-06",0.0001,0.01,1e-06,separable,19700032061,0.22278,0.21873,0.22688
"U(0.0001,0.01), eps=1e-06",0.0001,0.01,1e-06,separable,23763213523,0.24415,0.23996,0.24838
"U(0.0001,0.01), eps=1e-06",0.0001,0.01,1e-06,separable,28664436445,0.26658,0.26227,0.27094
"U(0.0001,0.01), eps=1e-06",0.0001,0.01,1e-06,separable,34576548996,0.29263,0.28819,0.29711
"U(0.0001,0.01), eps=1e-06",0.0001,0.01,1e-06,separable,41708049721,0.31853,0.31398,0.32311
"U(0.0001,0.01), eps=1e-06",0.0001,0.01,1e-06,separable,50310440517,0.3476,0.34295,0.35228
"U(0.0001,0.01), eps=1e-06",0.0001,0.01,1e-06,separable,60687096183,0.37893,0.37419,0.3837
"U(0.0001,0.01), eps=1e-06",0.0001,0.01,1e-06,separable,73203963337,0.4123,0.40748,0.41713
"U(0.0001,0.01), eps=1e-06",0.0001,0.01,1e-06,separable,88302466015,0.44817,0.4433,0.45305
"U(0.0001,0.01), eps=1e-06",0.0001,0.01,1e-06,separable,106515073078,0.4876,0.4827,0.4925
"U(0.0001,0.01), eps=1e-06",0.0001,0.01,1e-06,separable,128484076433,0.52677,0.52187,0.53166
"U(0.0001,0.01), eps=1e-06",0.0001,0.01,1e-06,linear,85656050,0.23092,0.22682,0.23508
"U(0.0001,0.01), eps=1e-06",0.0001,0.01,1e-06,linear,103322828,0.25307,0.24883,0.25735
"U(0.0001,0.01), eps=1e-06",0.0001,0.01,1e-06,linear,124633422,0.27868,0.27431,0.28309
"U(0.0001,0.01), eps=1e-06",0.0001,0.01,1e-06,linear,150339381,0.30452,0.30003,0.30905
"U(0.0001,0.01), eps=1e-06",0.0001,0.01,1e-06,linear,181347259,0.33322,0.32862,0.33786
"U(0.0001,0.01), eps=1e-06",0.0001,0.01,1e-06,linear,218750591,0.36507,0.36037,0.3698
"U(0.0001,0.01), eps=1e-06",0.0001,0.01,1e-06,linear,263868453,0.396,0.39122,0.4008
"U(0.0001,0.01), eps=1e-06",0.0001,0.01,1e-06,linear,318291990,0.43295,0.4281,0.43781
"U(0.0001,0.01), eps=1e-06",0.0001,0.01,1e-06,linear,383940518,0.46873,0.46384,0.47362
"U(0.0001,0.01), eps=1e-06",0.0001,0.01,1e-06,linear,463129222,0.51097,0.50607,0.51587
"U(0.0001,0.01), eps=1e-06",0.0001,0.01,1e-06,linear,558650796,0.54965,0.54477,0.55452
"U(0.0001,0.01), eps=1e-06",0.0001,0.01,1e-06,linear,673873936,0.594,0.58918,0.5988
"U(0.0001,0.01), eps=1e-06",0.0001,0.01,1e-06,linear,812862141,0.63482,0.63009,0.63953
"U(0.0001,0.01), eps=1e-06",0.0001,0.01,1e-06,linear,980517014,0.67543,0.67082,0.68
"U(0.0001,0.01), eps=1e-06",0.0001,0.01,1e-06,linear,1182751130,0.7203,0.71588,0.72468
"U(0.0001,0.01), eps=1e-06",0.0001,0.01,1e-06,linear,1426696543,0.76428,0.7601,0.76841
"U(0.0001,0.01), eps=1e-06",0.0001,0.01,1e-06,linear,1720956316,0.80435,0.80043,0.80821
"U(0.0001,0.01), eps=1e-06",0.0001,0.01,1e-06,linear,2075907911,0.83337,0.82969,0.83699
"U(0.0001,0.01), eps=1e-06",0.0001,0.01,1e-06,linear,2504069171,0.86772,0.86436,0.871
"U(0.0001,0.01), eps=1e-06",0.0001,0.01,1e-06,linear,3020539774,0.90035,0.89738,0.90325
"U(0.0001,0.01), eps=1e-06",0.0001,0.01,1e-06,linear,3643533745,0.92895,0.92639,0.93143
"U(0.0001,0.01), eps=1e-06",0.0001,0.01,1e-06,linear,4395021800,0.95052,0.94835,0.9526
"U(0.0001,0.01), eps=1e-06",0.0001,0.01,1e-06,linear,5301506168,0.96915,0.96741,0.9708
"U(0.0001,0.01), eps=1e-06",0.0001,0.01,1e-06,linear,6394955231,0.98018,0.97877,0.9815
"U(0.0001,0.01), eps=1e-06",0.0001,0.01,1e-06,linear,7713930929,0.98472,0.98347,0.98588
"U(0.0001,0.01), eps=1e-06",0.0001,0.01,1e-06,linear,9304948704,0.99305,0.99219,0.99382
"U(0.0001,0.01), eps=1e-06",0.0001,0.01,1e-06,linear,11224117920,0.99582,0.99514,0.99641
"U(0.0001,0.01), eps=1e-06",0.0001,0.01,1e-06,linear,13539120643,0.99818,0.99771,0.99855
"U(0.0001,0.01), eps=1e-06",0.0001,0.01,1e-06,linear,16331598536,0.9981,0.99762,0.99848
"U(0.0001,0.01), eps=1e-06",0.0001,0.01,1e-06,linear,19700032061,0.9993,0.99899,0.99952
"U(0.0001,0.01), eps=1e-06",0.0001,0.01,1e-06,linear,23763213523,0.9992,0.99887,0.99943
"U(0.0001,0.01), eps=1e-06",0.0001,0.01,1e-06,linear,28664436445,0.99923,0.99891,0.99946
"U(0.0001,0.01), eps=1e-06",0.0001,0.01,1e-06,linear,34576548996,0.99923,0.99891,0.99946
"U(0.0001,0.01), eps=1e-06",0.0001,0.01,1e-06,linear,41708049721,0.99923,0.99891,0.99946
"U(0.0001,0.01), eps=1e-06",0.0001,0.01,1e-06,linear,50310440517,0.99923,0.99891,0.99946
"U(0.0001,0.01), eps=1e-06",0.0001,0.01,1e-06,linear,60687096183,0.99923,0.99891,0.99946
"U(0.0001,0.01), eps=1e-06",0.0001,0.01,1e-06,linear,73203963337,0.99923,0.99891,0.99946
"U(0.0001,0.01), eps=1e-06",0.0001,0.01,1e-06,linear,88302466015,0.99923,0.99891,0.99946
"U(0.0001,0.01), eps=1e-06",0.0001,0.01,1e-06,linear,106515073078,0.99923,0.99891,0.99946
"U(0.0001,0.01), eps=1e-06",0.0001,0.01,1e-06,linear,128484076433,0.99923,0.99891,0.99946
"U(0.0001,0.01), eps=1e-06",0.0001,0.01,1e-06,binary,85656050,0.21745,0.21343,0.22152
"U(0.0001,0.01), eps=1e-06",0.0001,0.01,1e-06,binary,103322828,0.2396,0.23544,0.24381
"U(0.0001,0.01), eps=1e-06",0.0001,0.01,1e-06,binary,124633422,0.26388,0.25958,0.26822
"U(0.0001,0.01), eps=1e-06",0.0001,0.01,1e-06,binary,150339381,0.27992,0.27554,0.28434
"U(0.0001,0.01), eps=1e-06",0.0001,0.01,1e-06,binary,181347259,0.32203,0.31747,0.32663
"U(0.0001,0.01), eps=1e-06",0.0001,0.01,1e-06,binary,218750591,0.35363,0.34896,0.35833
"U(0.0001,0.01), eps=1e-06",0.0001,0.01,1e-06,binary,263868453,0.38505,0.38029,0.38983
"U(0.0001,0.01), eps=1e-06",0.0001,0.01,1e-06,binary,318291990,0.4168,0.41198,0.42164
"U(0.0001,0.01), eps=1e-06",0.0001,0.01,1e-06,binary,383940518,0.45232,0.44745,0.4572
"U(0.0001,0.01), eps=1e-06",0.0001,0.01,1e-06,binary,463129222,0.49885,0.49395,0.50375
"U(0.0001,0.01), eps=1e-06",0.0001,0.01,1e-06,binary,558650796,0.53897,0.53408,0.54385
"U(0.0001,0.01), eps=1e-06",0.0001,0.01,1e-06,binary,673873936,0.57735,0.5725,0.58218
"U(0.0001,0.01), eps=1e-06",0.0001,0.01,1e-06,binary,812862141,0.61818,0.61341,0.62293
"U(0.0001,0.01), eps=1e-06",0.0001,0.01,1e-06,binary,980517014,0.6598,0.65514,0.66443
"U(0.0001,0.01), eps=1e-06",0.0001,0.01,1e-06,binary,1182751130,0.69468,0.69015,0.69917
"U(0.0001,0.01), eps=1e-06",0.0001,0.01,1e-06,binary,1426696543,0.71562,0.71118,0.72002
"U(0.0001,0.01), eps=1e-06",0.0001,0.01,1e-06,binary,1720956316,0.77217,0.76803,0.77625
"U(0.0001,0.01), eps=1e-06",0.0001,0.01,1e-06,binary,2075907911,0.811,0.80713,0.81481
"U(0.0001,0.01), eps=1e-06",0.0001,0.01,1e-06,binary,2504069171,0.84588,0.84231,0.84939
"U(0.0001,0.01), eps=1e-06",0.0001,0.01,1e-06,binary,3020539774,0.87785,0.8746,0.88102
"U(0.0001,0.01), eps=1e-06",0.0001,0.01,1e-06,binary,3643533745,0.90975,0.9069,0.91252
"U(0.0001,0.01), eps=1e-06",0.0001,0.01,1e-06,binary,4395021800,0.939,0.93661,0.9413
"U(0.0001,0.01), eps=1e-06",0.0001,0.01,1e-06,binary,5301506168,0.95713,0.9551,0.95907
"U(0.0001,0.01), eps=1e-06",0.0001,0.01,1e-06,binary,6394955231,0.97135,0.96967,0.97294
"U(0.0001,0.01), eps=1e-06",0.0001,0.01,1e-06,binary,7713930929,0.98088,0.97949,0.98218
"U(0.0001,0.01), eps=1e-06",0.0001,0.01,1e-06,binary,9304948704,0.98877,0.98769,0.98976
"U(0.0001,0.01), eps=1e-06",0.0001,0.01,1e-06,binary,11224117920,0.99335,0.9925,0.9941
"U(0.0001,0.01), eps=1e-06",0.0001,0.01,1e-06,binary,13539120643,0.99623,0.99558,0.99678
"U(0.0001,0.01), eps=1e-06",0.0001,0.01,1e-06,binary,16331598536,0.99718,0.99661,0.99765
"U(0.0001,0.01), eps=1e-06",0.0001,0.01,1e-06,binary,19700032061,0.99808,0.9976,0.99846
"U(0.0001,0.01), eps=1e-06",0.0001,0.01,1e-06,binary,23763213523,0.99825,0.99779,0.99861
"U(0.0001,0.01), eps=1e-06",0.0001,0.01,1e-06,binary,28664436445,0.9983,0.99785,0.99866
"U(0.0001,0.01), eps=1e-06",0.0001,0.01,1e-06,binary,34576548996,0.99833,0.99788,0.99869
"U(0.0001,0.01), eps=1e-06",0.0001,0.01,1e-06,binary,41708049721,0.99833,0.99788,0.99869
"U(0.0001,0.01), eps=1e-06",0.0001,0.01,1e-06,binary,50310440517,0.99833,0.99788,0.99869
"U(0.0001,0.01), eps=1e-06",0.0001,0.01,1e-06,binary,60687096183,0.99833,0.99788,0.99869
"U(0.0001,0.01), eps=1e-06",0.0001,0.01,1e-06,binary,73203963337,0.99833,0.99788,0.99869
"U(0.0001,0.01), eps=1e-06",0.0001,0.01,1e-06,binary,88302466015,0.99833,0.99788,0.99869
"U(0.0001,0.01), eps=1e-06",0.0001,0.01,1e-06,binary,106515073078,0.99833,0.99788,0.99869
"U(0.0001,0.01), eps=1e-06",0.0001,0.01,1e-06,binary,128484076433,0.99833,0.99788,0.99869
"U(0.0001,0.01), eps=1e-06",0.0001,0.01,1e-06,reverse_eng,85656050,0.29297,0.28853,0.29745
"U(0.0001,0.01), eps=1e-06",0.0001,0.01,1e-06,reverse_eng,103322828,0.31893,0.31438,0.32351
"U(0.0001,0.01), eps=1e-06",0.0001,0.01,1e-06,reverse_eng,124633422,0.34723,0.34258,0.35191
"U(0.0001,0.01), eps=1e-06",0.0001,0.01,1e-06,reverse_eng,150339381,0.37835,0.37361,0.38311
"U(0.0001,0.01), eps=1e-06",0.0001,0.01,1e-06,reverse_eng,181347259,0.40932,0.40451,0.41415
"U(0.0001,0.01), eps=1e-06",0.0001,0.01,1e-06,reverse_eng,218750591,0.44183,0.43697,0.4467
"U(0.0001,0.01), eps=1e-06",0.0001,0.01,1e-06,reverse_eng,263868453,0.47447,0.46958,0.47937
"U(0.0001,0.01), eps=1e-06",0.0001,0.01,1e-06,reverse_eng,318291990,0.50933,0.50443,0.51423
"U(0.0001,0.01), eps=1e-06",0.0001,0.01,1e-06,reverse_eng,383940518,0.5465,0.54162,0.55137
"U(0.0001,0.01), eps=1e-06",0.0001,0.01,1e-06,reverse_eng,463129222,0.58435,0.57951,0.58917
"U(0.0001,0.01), eps=1e-06",0.0001,0.01,1e-06,reverse_eng,558650796,0.62257,0.61781,0.62731
"U(0.0001,0.01), eps=1e-06",0.0001,0.01,1e-06,reverse_eng,673873936,0.66138,0.65673,0.666
"U(0.0001,0.01), eps=1e-06",0.0001,0.01,1e-06,reverse_eng,812862141,0.7032,0.6987,0.70766
"U(0.0001,0.01), eps=1e-06",0.0001,0.01,1e-06,reverse_eng,980517014,0.73913,0.7348,0.74341
"U(0.0001,0.01), eps=1e-06",0.0001,0.01,1e-06,reverse_eng,1182751130,0.77733,0.77323,0.78138
"U(0.0001,0.01), eps=1e-06",0.0001,0.01,1e-06,reverse_eng,1426696543,0.81232,0.80846,0.81612
"U(0.0001,0.01), eps=1e-06",0.0001,0.01,1e-06,reverse_eng,1720956316,0.84625,0.84268,0.84975
"U(0.0001,0.01), eps=1e-06",0.0001,0.01,1e-06,reverse_eng,2075907911,0.87545,0.87218,0.87865
"U(0.0001,0.01), eps=1e-06",0.0001,0.01,1e-06,reverse_eng,2504069171,0.90373,0.9008,0.90658
"U(0.0001,0.01), eps=1e-06",0.0001,0.01,1e-06,reverse_eng,3020539774,0.92535,0.92273,0.92789
"U(0.0001,0.01), eps=1e-06",0.0001,0.01,1e-06,reverse_eng,3643533745,0.947,0.94476,0.94915
"U(0.0001,0.01), eps=1e-06",0.0001,0.01,1e-06,reverse_eng,4395021800,0.9549,0.95282,0.95689
"U(0.0001,0.01), eps=1e-06",0.0001,0.01,1e-06,reverse_eng,5301506168,0.97362,0.972,0.97515
"U(0.0001,0.01), eps=1e-06",0.0001,0.01,1e-06,reverse_eng,6394955231,0.981,0.97962,0.98229
"U(0.0001,0.01), eps=1e-06",0.0001,0.01,1e-06,reverse_eng,7713930929,0.98733,0.98619,0.98838
"U(0.0001,0.01), eps=1e-06",0.0001,0.01,1e-06,reverse_eng,9304948704,0.99465,0.99389,0.99532
"U(0.0001,0.01), eps=1e-06",0.0001,0.01,1e-06,reverse_eng,11224117920,0.99695,0.99636,0.99744
"U(0.0001,0.01), eps=1e-06",0.0001,0.01,1e-06,reverse_eng,13539120643,0.9984,0.99796,0.99875
"U(0.0001,0.01), eps=1e-06",0.0001,0.01,1e-06,reverse_eng,16331598536,0.99887,0.99849,0.99915
"U(0.0001,0.01), eps=1e-06",0.0001,0.01,1e-06,reverse_eng,19700032061,0.9995,0.99923,0.99968
"U(0.0001,0.01), eps=1e-06",0.0001,0.01,1e-06,reverse_eng,23763213523,0.99962,0.99938,0.99977
"U(0.0001,0.01), eps=1e-06",0.0001,0.01,1e-06,reverse_eng,28664436445,0.99967,0.99944,0.99981
"U(0.0001,0.01), eps=1e-06",0.0001,0.01,1e-06,reverse_eng,34576548996,0.9997,0.99948,0.99983
"U(0.0001,0.01), eps=1e-06",0.0001,0.01,1e-06,reverse_eng,41708049721,0.9997,0.99948,0.99983
"U(0.0001,0.01), eps=1e-06",0.0001,0.01,1e-06,reverse_eng,50310440517,0.9997,0.99948,0.99983
"U(0.0001,0.01), eps=1e-06",0.0001,0.01,1e-06,reverse_eng,60687096183,0.9997,0.99948,0.99983
"U(0.0001,0.01), eps=1e-06",0.0001,0.01,1e-06,reverse_eng,73203963337,0.9997,0.99948,0.99983
"U(0.0001,0.01), eps=1e-06",0.0001,0.01,1e-06,reverse_eng,88302466015,0.9997,0.99948,0.99983
"U(0.0001,0.01), eps=1e-06",0.0001,0.01,1e-06,reverse_eng,106515073078,0.9997,0.99948,0.99983
"U(0.0001,0.01), eps=1e-06",0.0001,0.01,1e-06,reverse_eng,128484076433,0.9997,0.99948,0.99983
"U(0.0001,0.01), eps=1e-06",0.0001,0.01,1e-06,binary_risk,85656050,0.3061,0.3016,0.31063
"U(0.0001,0.01), eps=1e-06",0.0001,0.01,1e-06,binary_risk,103322828,0.33327,0.32867,0.33791
"U(0.0001,0.01), eps=1e-06",0.0001,0.01,1e-06,binary_risk,124633422,0.36112,0.35643,0.36584
"U(0.0001,0.01), eps=1e-06",0.0001,0.01,1e-06,binary_risk,150339381,0.3925,0.38773,0.3973
"U(0.0001,0.01), eps=1e-06",0.0001,0.01,1e-06,binary_risk,181347259,0.42438,0.41954,0.42923
"U(0.0001,0.01), eps=1e-06",0.0001,0.01,1e-06,binary_risk,218750591,0.42352,0.41869,0.42837
"U(0.0001,0.01), eps=1e-06",0.0001,0.01,1e-06,binary_risk,263868453,0.45992,0.45504,0.46481
"U(0.0001,0.01), eps=1e-06",0.0001,0.01,1e-06,binary_risk,318291990,0.49722,0.49232,0.50212
"U(0.0001,0.01), eps=1e-06",0.0001,0.01,1e-06,binary_risk,383940518,0.53492,0.53003,0.5398
"U(0.0001,0.01), eps=1e-06",0.0001,0.01,1e-06,binary_risk,463129222,0.57273,0.56788,0.57757
"U(0.0001,0.01), eps=1e-06",0.0001,0.01,1e-06,binary_risk,558650796,0.61157,0.60678,0.61634
"U(0.0001,0.01), eps=1e-06",0.0001,0.01,1e-06,binary_risk,673873936,0.65202,0.64734,0.65667
"U(0.0001,0.01), eps=1e-06",0.0001,0.01,1e-06,binary_risk,812862141,0.68507,0.6805,0.6896
"U(0.0001,0.01), eps=1e-06",0.0001,0.01,1e-06,binary_risk,980517014,0.75265,0.7484,0.75685
"U(0.0001,0.01), eps=1e-06",0.0001,0.01,1e-06,binary_risk,1182751130,0.7705,0.76635,0.77459
"U(0.0001,0.01), eps=1e-06",0.0001,0.01,1e-06,binary_risk,1426696543,0.80678,0.80288,0.81062
"U(0.0001,0.01), eps=1e-06",0.0001,0.01,1e-06,binary_risk,1720956316,0.83867,0.83503,0.84224
"U(0.0001,0.01), eps=1e-06",0.0001,0.01,1e-06,binary_risk,2075907911,0.87597,0.8727,0.87916
"U(0.0001,0.01), eps=1e-06",0.0001,0.01,1e-06,binary_risk,2504069171,0.90058,0.89761,0.90347
"U(0.0001,0.01), eps=1e-06",0.0001,0.01,1e-06,binary_risk,3020539774,0.92875,0.92619,0.93123
"U(0.0001,0.01), eps=1e-06",0.0001,0.01,1e-06,binary_risk,3643533745,0.94665,0.9444,0.94881
"U(0.0001,0.01), eps=1e-06",0.0001,0.01,1e-06,binary_risk,4395021800,0.96293,0.96103,0.96474
"U(0.0001,0.01), eps=1e-06",0.0001,0.01,1e-06,binary_risk,5301506168,0.97698,0.97546,0.9784
"U(0.0001,0.01), eps=1e-06",0.0001,0.01,1e-06,binary_risk,6394955231,0.9838,0.98252,0.98499
"U(0.0001,0.01), eps=1e-06",0.0001,0.01,1e-06,binary_risk,7713930929,0.9909,0.98992,0.99178
"U(0.0001,0.01), eps=1e-06",0.0001,0.01,1e-06,binary_risk,9304948704,0.99457,0.9938,0.99524
"U(0.0001,0.01), eps=1e-06",0.0001,0.01,1e-06,binary_risk,11224117920,0.9983,0.99785,0.99866
"U(0.0001,0.01), eps=1e-06",0.0001,0.01,1e-06,binary_risk,13539120643,0.9992,0.99887,0.99943
"U(0.0001,0.01), eps=1e-06",0.0001,0.01,1e-06,binary_risk,16331598536,0.99962,0.99938,0.99977
"U(0.0001,0.01), eps=1e-06",0.0001,0.01,1e-06,binary_risk,19700032061,0.99897,0.9986,0.99924
"U(0.0001,0.01), eps=1e-06",0.0001,0.01,1e-06,binary_risk,23763213523,0.9996,0.99935,0.99975
"U(0.0001,0.01), eps=1e-06",0.0001,0.01,1e-06,binary_risk,28664436445,0.99975,0.99954,0.99986
"U(0.0001,0.01), eps=1e-06",0.0001,0.01,1e-06,binary_risk,34576548996,0.99992,0.99977,0.99997
"U(0.0001,0.01), eps=1e-06",0.0001,0.01,1e-06,binary_risk,41708049721,0.99995,0.99982,0.99999
"U(0.0001,0.01), eps=1e-06",0.0001,0.01,1e-06,binary_risk,50310440517,1.0,0.9999,1.0
"U(0.0001,0.01), eps=1e-06",0.0001,0.01,1e-06,binary_risk,60687096183,1.0,0.9999,1.0
"U(0.0001,0.01), eps=1e-06",0.0001,0.01,1e-06,binary_risk,73203963337,1.0,0.9999,1.0
"U(0.0001,0.01), eps=1e-06",0.0001,0.01,1e-06,binary_risk,88302466015,1.0,0.9999,1.0
"U(0.0001,0.01), eps=1e-06",0.0001,0.01,1e-06,binary_risk,106515073078,1.0,0.9999,1.0
"U(0.0001,0.01), eps=1e-06",0.0001,0.01,1e-06,binary_risk,128484076433,1.0,0.9999,1.0
"U(0.0001,0.01), eps=1e-06",0.0001,0.01,1e-06,reverse_eng_risk,85656050,0.30333,0.29884,0.30785
"U(0.0001,0.01), eps=1e-06",0.0001,0.01,1e-06,reverse_eng_risk,103322828,0.33225,0.32765,0.33688
"U(0.0001,0.01), eps=1e-06",0.0001,0.01,1e-06,reverse_eng_risk,124633422,0.35837,0.35368,0.36308
"U(0.0001,0.01), eps=1e-06",0.0001,0.01,1e-06,reverse_eng_risk,150339381,0.38972,0.38495,0.39451
"U(0.0001,0.01), eps=1e-06",0.0001,0.01,1e-06,reverse_eng_risk,181347259,0.4208,0.41597,0.42565
"U(0.0001,0.01), eps=1e-06",0.0001,0.01,1e-06,reverse_eng_risk,218750591,0.45125,0.44638,0.45613
"U(0.0001,0.01), eps=1e-06",0.0001,0.01,1e-06,reverse_eng_risk,263868453,0.48688,0.48198,0.49178
"U(0.0001,0.01), eps=1e-06",0.0001,0.01,1e-06,reverse_eng_risk,318291990,0.52645,0.52155,0.53134
"U(0.0001,0.01), eps=1e-06",0.0001,0.01,1e-06,reverse_eng_risk,383940518,0.55873,0.55386,0.56359
"U(0.0001,0.01), eps=1e-06",0.0001,0.01,1e-06,reverse_eng_risk,463129222,0.59745,0.59263,0.60225
"U(0.0001,0.01), eps=1e-06",0.0001,0.01,1e-06,reverse_eng_risk,558650796,0.63807,0.63335,0.64277
"U(0.0001,0.01), eps=1e-06",0.0001,0.01,1e-06,reverse_eng_risk,673873936,0.67773,0.67313,0.68229
"U(0.0001,0.01), eps=1e-06",0.0001,0.01,1e-06,reverse_eng_risk,812862141,0.71723,0.7128,0.72162
"U(0.0001,0.01), eps=1e-06",0.0001,0.01,1e-06,reverse_eng_risk,980517014,0.75165,0.74739,0.75586
"U(0.0001,0.01), eps=1e-06",0.0001,0.01,1e-06,reverse_eng_risk,1182751130,0.79085,0.78684,0.79481
"U(0.0001,0.01), eps=1e-06",0.0001,0.01,1e-06,reverse_eng_risk,1426696543,0.82442,0.82066,0.82812
"U(0.0001,0.01), eps=1e-06",0.0001,0.01,1e-06,reverse_eng_risk,1720956316,0.85435,0.85086,0.85777
"U(0.0001,0.01), eps=1e-06",0.0001,0.01,1e-06,reverse_eng_risk,2075907911,0.88545,0.88229,0.88853
"U(0.0001,0.01), eps=1e-06",0.0001,0.01,1e-06,reverse_eng_risk,2504069171,0.91245,0.90964,0.91518
"U(0.0001,0.01), eps=1e-06",0.0001,0.01,1e-06,reverse_eng_risk,3020539774,0.93368,0.9312,0.93608
"U(0.0001,0.01), eps=1e-06",0.0001,0.01,1e-06,reverse_eng_risk,3643533745,0.95252,0.95039,0.95456
"U(0.0001,0.01), eps=1e-06",0.0001,0.01,1e-06,reverse_eng_risk,4395021800,0.96852,0.96676,0.97019
"U(0.0001,0.01), eps=1e-06",0.0001,0.01,1e-06,reverse_eng_risk,5301506168,0.98018,0.97877,0.9815
"U(0.0001,0.01), eps=1e-06",0.0001,0.01,1e-06,reverse_eng_risk,6394955231,0.98795,0.98683,0.98897
"U(0.0001,0.01), eps=1e-06",0.0001,0.01,1e-06,reverse_eng_risk,7713930929,0.9935,0.99266,0.99424
"U(0.0001,0.01), eps=1e-06",0.0001,0.01,1e-06,reverse_eng_risk,9304948704,0.99547,0.99476,0.99608
"U(0.0001,0.01), eps=1e-06",0.0001,0.01,1e-06,reverse_eng_risk,11224117920,0.99818,0.99771,0.99855
"U(0.0001,0.01), eps=1e-06",0.0001,0.01,1e-06,reverse_eng_risk,13539120643,0.99918,0.99885,0.99942
"U(0.0001,0.01), eps=1e-06",0.0001,0.01,1e-06,reverse_eng_risk,16331598536,0.99965,0.99941,0.99979
"U(0.0001,0.01), eps=1e-06",0.0001,0.01,1e-06,reverse_eng_risk,19700032061,0.9998,0.99961,0.9999
"U(0.0001,0.01), eps=1e-06",0.0001,0.01,1e-06,reverse_eng_risk,23763213523,0.99992,0.99977,0.99997
"U(0.0001,0.01), eps=1e-06",0.0001,0.01,1e-06,reverse_eng_risk,28664436445,0.99995,0.99982,0.99999
"U(0.0001,0.01), eps=1e-06",0.0001,0.01,1e-06,reverse_eng_risk,34576548996,0.99997,0.99985,0.99999
"U(0.0001,0.01), eps=1e-06",0.0001,0.01,1e-06,reverse_eng_risk,41708049721,1.0,0.9999,1.0
"U(0.0001,0.01), eps=1e-06",0.0001,0.01,1e-06,reverse_eng_risk,50310440517,1.0,0.9999,1.0
"U(0.0001,0.01), eps=1e-06",0.0001,0.01,1e-06,reverse_eng_risk,60687096183,1.0,0.9999,1.0
"U(0.0001,0.01), eps=1e-06",0.0001,0.01,1e-06,reverse_eng_risk,73203963337,1.0,0.9999,1.0
"U(0.0001,0.01), eps=1e-06",0.0001,0.01,1e-06,reverse_eng_risk,88302466015,1.0,0.9999,1.0
"U(0.0001,0.01), eps=1e-06",0.0001,0.01,1e-06,reverse_eng_risk,106515073078,1.0,0.9999,1.0
"U(0.0001,0.01), eps=1e-06",0.0001,0.01,1e-06,reverse_eng_risk,128484076433,1.0,0.9999,1.0
"U(0.005,0.05), eps=1e-04",0.005,0.05,0.0001,brute,43380,0.1822,0.17845,0.18601
"U(0.005,0.05), eps=1e-04",0.005,0.05,0.0001,brute,52328,0.20058,0.19668,0.20453
"U(0.005,0.05), eps=1e-04",0.005,0.05,0.0001,brute,63120,0.2193,0.21527,0.22338
"U(0.005,0.05), eps=1e-04",0.005,0.05,0.0001,brute,76139,0.241,0.23683,0.24522
"U(0.005,0.05), eps=1e-04",0.005,0.05,0.0001,brute,91843,0.26475,0.26045,0.2691
"U(0.005,0.05), eps=1e-04",0.005,0.05,0.0001,brute,110786,0.2881,0.28368,0.29256
"U(0.005,0.05), eps=1e-04",0.005,0.05,0.0001,brute,133636,0.31483,0.3103,0.3194
"U(0.005,0.05), eps=1e-04",0.005,0.05,0.0001,brute,161199,0.3445,0.33986,0.34917
"U(0.005,0.05), eps=1e-04",0.005,0.05,0.0001,brute,194447,0.3753,0.37057,0.38006
"U(0.005,0.05), eps=1e-04",0.005,0.05,0.0001,brute,234552,0.4092,0.40439,0.41403
"U(0.005,0.05), eps=1e-04",0.005,0.05,0.0001,brute,282929,0.44367,0.43881,0.44854
"U(0.005,0.05), eps=1e-04",0.005,0.05,0.0001,brute,341284,0.48402,0.47912,0.48892
"U(0.005,0.05), eps=1e-04",0.005,0.05,0.0001,brute,411675,0.5246,0.5197,0.52949
"U(0.005,0.05), eps=1e-04",0.005,0.05,0.0001,brute,496584,0.5655,0.56064,0.57035
"U(0.005,0.05), eps=1e-04",0.005,0.05,0.0001,brute,599006,0.61133,0.60654,0.6161
"U(0.005,0.05), eps=1e-04",0.005,0.05,0.0001,brute,722552,0.65582,0.65115,0.66046
"U(0.005,0.05), eps=1e-04",0.005,0.05,0.0001,brute,871581,0.70103,0.69652,0.7055
"U(0.005,0.05), eps=1e-04",0.005,0.05,0.0001,brute,1051346,0.74675,0.74246,0.75099
"U(0.005,0.05), eps=1e-04",0.005,0.05,0.0001,brute,1268189,0.7929,0.7889,0.79684
"U(0.005,0.05), eps=1e-04",0.005,0.05,0.0001,brute,1529757,0.8335,0.82982,0.83712
"U(0.005,0.05), eps=1e-04",0.005,0.05,0.0001,brute,1845273,0.86992,0.86659,0.87318
"U(0.005,0.05), eps=1e-04",0.005,0.05,0.0001,brute,2225865,0.90335,0.90042,0.90621
"U(0.005,0.05), eps=1e-04",0.005,0.05,0.0001,brute,2684956,0.93265,0.93015,0.93506
"U(0.005,0.05), eps=1e-04",0.005,0.05,0.0001,brute,3238735,0.95493,0.95285,0.95692
"U(0.005,0.05), eps=1e-04",0.005,0.05,0.0001,brute,3906732,0.9723,0.97065,0.97386
"U(0.005,0.05), eps=1e-04",0.005,0.05,0.0001,brute,4712506,0.98423,0.98296,0.98541
"U(0.005,0.05), eps=1e-04",0.005,0.05,0.0001,brute,5684472,0.99257,0.99168,0.99337
"U(0.005,0.05), eps=1e-04",0.005,0.05,0.0001,brute,6856909,0.99685,0.99625,0.99735
"U(0.005,0.05), eps=1e-04",0.005,0.05,0.0001,brute,8271164,0.9988,0.99841,0.99909
"U(0.005,0.05), eps=1e-04",0.005,0.05,0.0001,brute,9977113,0.9996,0.99935,0.99975
"U(0.005,0.05), eps=1e-04",0.005,0.05,0.0001,brute,12034917,0.99987,0.9997,0.99994
"U(0.005,0.05), eps=1e-04",0.005,0.05,0.0001,brute,14517150,0.99997,0.99985,0.99999
"U(0.005,0.05), eps=1e-04",0.005,0.05,0.0001,brute,17511349,1.0,0.9999,1.0
"U(0.005,0.05), eps=1e-04",0.005,0.05,0.0001,brute,21123109,1.0,0.9999,1.0
"U(0.005,0.05), eps=1e-04",0.005,0.05,0.0001,brute,25479803,1.0,0.9999,1.0
"U(0.005,0.05), eps=1e-04",0.005,0.05,0.0001,brute,30735077,1.0,0.9999,1.0
"U(0.005,0.05), eps=1e-04",0.005,0.05,0.0001,brute,37074265,1.0,0.9999,1.0
"U(0.005,0.05), eps=1e-04",0.005,0.05,0.0001,brute,44720926,1.0,0.9999,1.0
"U(0.005,0.05), eps=1e-04",0.005,0.05,0.0001,brute,53944730,1.0,0.9999,1.0
"U(0.005,0.05), eps=1e-04",0.005,0.05,0.0001,brute,65070967,1.0,0.9999,1.0
"U(0.005,0.05), eps=1e-04",0.005,0.05,0.0001,separable,43380,0.03283,0.03113,0.03462
"U(0.005,0.05), eps=1e-04",0.005,0.05,0.0001,separable,52328,0.0353,0.03354,0.03715
"U(0.005,0.05), eps=1e-04",0.005,0.05,0.0001,separable,63120,0.0409,0.039,0.04289
"U(0.005,0.05), eps=1e-04",0.005,0.05,0.0001,separable,76139,0.04375,0.04179,0.0458
"U(0.005,0.05), eps=1e-04",0.005,0.05,0.0001,separable,91843,0.04768,0.04563,0.04981
"U(0.005,0.05), eps=1e-04",0.005,0.05,0.0001,separable,110786,0.0527,0.05055,0.05493
"U(0.005,0.05), eps=1e-04",0.005,0.05,0.0001,separable,133636,0.0569,0.05467,0.05921
"U(0.005,0.05), eps=1e-04",0.005,0.05,0.0001,separable,161199,0.06335,0.061,0.06578
"U(0.005,0.05), eps=1e-04",0.005,0.05,0.0001,separable,194447,0.07135,0.06887,0.07391
"U(0.005,0.05), eps=1e-04",0.005,0.05,0.0001,separable,234552,0.07677,0.0742,0.07942
"U(0.005,0.05), eps=1e-04",0.005,0.05,0.0001,separable,282929,0.0836,0.08093,0.08635
"U(0.005,0.05), eps=1e-04",0.005,0.05,0.0001,separable,341284,0.0929,0.09009,0.09578
"U(0.005,0.05), eps=1e-04",0.005,0.05,0.0001,separable,411675,0.10075,0.09784,0.10374
"U(0.005,0.05), eps=1e-04",0.005,0.05,0.0001,separable,496584,0.1111,0.10806,0.11422
"U(0.005,0.05), eps=1e-04",0.005,0.05,0.0001,separable,599006,0.12118,0.11802,0.12441
"U(0.005,0.05), eps=1e-04",0.005,0.05,0.0001,separable,722552,0.13373,0.13043,0.1371
"U(0.005,0.05), eps=1e-04",0.005,0.05,0.0001,separable,871581,0.14685,0.14342,0.15035
"U(0.005,0.05), eps=1e-04",0.005,0.05,0.0001,separable,1051346,0.162,0.15842,0.16564
"U(0.005,0.05), eps=1e-04",0.005,0.05,0.0001,separable,1268189,0.17777,0.17405,0.18155
"U(0.005,0.05), eps=1e-04",0.005,0.05,0.0001,separable,1529757,0.195,0.19115,0.19891
"U(0.005,0.05), eps=1e-04",0.005,0.05,0.0001,separable,1845273,0.21355,0.20956,0.21759
"U(0.005,0.05), eps=1e-04",0.005,0.05,0.0001,separable,2225865,0.23495,0.23082,0.23913
"U(0.005,0.05), eps=1e-04",0.005,0.05,0.0001,separable,2684956,0.25722,0.25296,0.26153
"U(0.005,0.05), eps=1e-04",0.005,0.05,0.0001,separable,3238735,0.28215,0.27776,0.28658
"U(0.005,0.05), eps=1e-04",0.005,0.05,0.0001,separable,3906732,0.30807,0.30356,0.31261
"U(0.005,0.05), eps=1e-04",0.005,0.05,0.0001,separable,4712506,0.33677,0.33215,0.34142
"U(0.005,0.05), eps=1e-04",0.005,0.05,0.0001,separable,5684472,0.36623,0.36152,0.37096
"U(0.005,0.05), eps=1e-04",0.005,0.05,0.0001,separable,6856909,0.39865,0.39386,0.40346
"U(0.005,0.05), eps=1e-04",0.005,0.05,0.0001,separable,8271164,0.43312,0.42827,0.43798
"U(0.005,0.05), eps=1e-04",0.005,0.05,0.0001,separable,9977113,0.47273,0.46784,0.47763
"U(0.005,0.05), eps=1e-04",0.005,0.05,0.0001,separable,12034917,0.51253,0.50763,0.51743
"U(0.005,0.05), eps=1e-04",0.005,0.05,0.0001,separable,14517150,0.55288,0.548,0.55775
"U(0.005,0.05), eps=1e-04",0.005,0.05,0.0001,separable,17511349,0.59783,0.59302,0.60263
"U(0.005,0.05), eps=1e-04",0.005,0.05,0.0001,separable,21123109,0.64302,0.63831,0.6477
"U(0.005,0.05), eps=1e-04",0.005,0.05,0.0001,separable,25479803,0.6879,0.68334,0.69242
"U(0.005,0.05), eps=1e-04",0.005,0.05,0.0001,separable,30735077,0.7333,0.72894,0.73761
"U(0.005,0.05), eps=1e-04",0.005,0.05,0.0001,separable,37074265,0.77805,0.77395,0.7821
"U(0.005,0.05), eps=1e-04",0.005,0.05,0.0001,separable,44720926,0.82173,0.81795,0.82545
"U(0.005,0.05), eps=1e-04",0.005,0.05,0.0001,separable,53944730,0.85938,0.85594,0.86275
"U(0.005,0.05), eps=1e-04",0.005,0.05,0.0001,separable,65070967,0.89407,0.89102,0.89705
"U(0.005,0.05), eps=1e-04",0.005,0.05,0.0001,linear,43380,0.1949,0.19105,0.19881
"U(0.005,0.05), eps=1e-04",0.005,0.05,0.0001,linear,52328,0.21835,0.21433,0.22243
"U(0.005,0.05), eps=1e-04",0.005,0.05,0.0001,linear,63120,0.24197,0.2378,0.24619
"U(0.005,0.05), eps=1e-04",0.005,0.05,0.0001,linear,76139,0.26458,0.26028,0.26893
"U(0.005,0.05), eps=1e-04",0.005,0.05,0.0001,linear,91843,0.2888,0.28438,0.29326
"U(0.005,0.05), eps=1e-04",0.005,0.05,0.0001,linear,110786,0.32515,0.32058,0.32976
"U(0.005,0.05), eps=1e-04",0.005,0.05,0.0001,linear,133636,0.35633,0.35165,0.36104
"U(0.005,0.05), eps=1e-04",0.005,0.05,0.0001,linear,161199,0.38895,0.38418,0.39374
"U(0.005,0.05), eps=1e-04",0.005,0.05,0.0001,linear,194447,0.44357,0.43871,0.44844
"U(0.005,0.05), eps=1e-04",0.005,0.05,0.0001,linear,234552,0.48178,0.47689,0.48668
"U(0.005,0.05), eps=1e-04",0.005,0.05,0.0001,linear,282929,0.52277,0.51787,0.52766
"U(0.005,0.05), eps=1e-04",0.005,0.05,0.0001,linear,341284,0.56663,0.56177,0.57148
"U(0.005,0.05), eps=1e-04",0.005,0.05,0.0001,linear,411675,0.6072,0.6024,0.61198
"U(0.005,0.05), eps=1e-04",0.005,0.05,0.0001,linear,496584,0.65333,0.64865,0.65798
"U(0.005,0.05), eps=1e-04",0.005,0.05,0.0001,linear,599006,0.6958,0.69127,0.70029
"U(0.005,0.05), eps=1e-04",0.005,0.05,0.0001,linear,722552,0.7424,0.73809,0.74666
"U(0.005,0.05), eps=1e-04",0.005,0.05,0.0001,linear,871581,0.775,0.77088,0.77907
"U(0.005,0.05), eps=1e-04",0.005,0.05,0.0001,linear,1051346,0.82168,0.8179,0.8254
"U(0.005,0.05), eps=1e-04",0.005,0.05,0.0001,linear,1268189,0.8595,0.85606,0.86287
"U(0.005,0.05), eps=1e-04",0.005,0.05,0.0001,linear,1529757,0.88897,0.88585,0.89201
"U(0.005,0.05), eps=1e-04",0.005,0.05,0.0001,linear,1845273,0.91643,0.91368,0.9191
"U(0.005,0.05), eps=1e-04",0.005,0.05,0.0001,linear,2225865,0.9376,0.93519,0.93993
"U(0.005,0.05), eps=1e-04",0.005,0.05,0.0001,linear,2684956,0.96475,0.9629,0.96651
"U(0.005,0.05), eps=1e-04",0.005,0.05,0.0001,linear,3238735,0.97288,0.97124,0.97443
"U(0.005,0.05), eps=1e-04",0.005,0.05,0.0001,linear,3906732,0.98308,0.98177,0.9843
"U(0.005,0.05), eps=1e-04",0.005,0.05,0.0001,linear,4712506,0.9909,0.98992,0.99178
"U(0.005,0.05), eps=1e-04",0.005,0.05,0.0001,linear,5684472,0.99682,0.99622,0.99733
"U(0.005,0.05), eps=1e-04",0.005,0.05,0.0001,linear,6856909,0.99662,0.996,0.99714
"U(0.005,0.05), eps=1e-04",0.005,0.05,0.0001,linear,8271164,0.99875,0.99835,0.99905
"U(0.005,0.05), eps=1e-04",0.005,0.05,0.0001,linear,9977113,0.99957,0.99931,0.99973
"U(0.005,0.05), eps=1e-04",0.005,0.05,0.0001,linear,12034917,0.9997,0.99948,0.99983
"U(0.005,0.05), eps=1e-04",0.005,0.05,0.0001,linear,14517150,0.99997,0.99985,0.99999
"U(0.005,0.05), eps=1e-04",0.005,0.05,0.0001,linear,17511349,1.0,0.9999,1.0
"U(0.005,0.05), eps=1e-04",0.005,0.05,0.0001,linear,21123109,1.0,0.9999,1.0
"U(0.005,0.05), eps=1e-04",0.005,0.05,0.0001,linear,25479803,1.0,0.9999,1.0
"U(0.005,0.05), eps=1e-04",0.005,0.05,0.0001,linear,30735077,1.0,0.9999,1.0
"U(0.005,0.05), eps=1e-04",0.005,0.05,0.0001,linear,37074265,1.0,0.9999,1.0
"U(0.005,0.05), eps=1e-04",0.005,0.05,0.0001,linear,44720926,1.0,0.9999,1.0
"U(0.005,0.05), eps=1e-04",0.005,0.05,0.0001,linear,53944730,1.0,0.9999,1.0
"U(0.005,0.05), eps=1e-04",0.005,0.05,0.0001,linear,65070967,1.0,0.9999,1.0
"U(0.005,0.05), eps=1e-04",0.005,0.05,0.0001,binary,43380,0.166,0.16239,0.16968
"U(0.005,0.05), eps=1e-04",0.005,0.05,0.0001,binary,52328,0.18923,0.18542,0.1931
"U(0.005,0.05), eps=1e-04",0.005,0.05,0.0001,binary,63120,0.21175,0.20777,0.21578
"U(0.005,0.05), eps=1e-04",0.005,0.05,0.0001,binary,76139,0.24038,0.23622,0.24459
"U(0.005,0.05), eps=1e-04",0.005,0.05,0.0001,binary,91843,0.26875,0.26443,0.27312
"U(0.005,0.05), eps=1e-04",0.005,0.05,0.0001,binary,110786,0.2918,0.28737,0.29627
"U(0.005,0.05), eps=1e-04",0.005,0.05,0.0001,binary,133636,0.32388,0.31931,0.32848
"U(0.005,0.05), eps=1e-04",0.005,0.05,0.0001,binary,161199,0.35983,0.35514,0.36455
"U(0.005,0.05), eps=1e-04",0.005,0.05,0.0001,binary,194447,0.39345,0.38867,0.39825
"U(0.005,0.05), eps=1e-04",0.005,0.05,0.0001,binary,234552,0.42623,0.42139,0.43108
"U(0.005,0.05), eps=1e-04",0.005,0.05,0.0001,binary,282929,0.45805,0.45317,0.46294
"U(0.005,0.05), eps=1e-04",0.005,0.05,0.0001,binary,341284,0.50225,0.49735,0.50715
"U(0.005,0.05), eps=1e-04",0.005,0.05,0.0001,binary,411675,0.55032,0.54544,0.55519
"U(0.005,0.05), eps=1e-04",0.005,0.05,0.0001,binary,496584,0.597,0.59218,0.6018
"U(0.005,0.05), eps=1e-04",0.005,0.05,0.0001,binary,599006,0.64005,0.63533,0.64474
"U(0.005,0.05), eps=1e-04",0.005,0.05,0.0001,binary,722552,0.6907,0.68615,0.69521
"U(0.005,0.05), eps=1e-04",0.005,0.05,0.0001,binary,871581,0.73405,0.7297,0.73836
"U(0.005,0.05), eps=1e-04",0.005,0.05,0.0001,binary,1051346,0.77568,0.77157,0.77974
"U(0.005,0.05), eps=1e-04",0.005,0.05,0.0001,binary,1268189,0.81603,0.8122,0.8198
"U(0.005,0.05), eps=1e-04",0.005,0.05,0.0001,binary,1529757,0.85085,0.84733,0.85431
"U(0.005,0.05), eps=1e-04",0.005,0.05,0.0001,binary,1845273,0.88735,0.88421,0.89041
"U(0.005,0.05), eps=1e-04",0.005,0.05,0.0001,binary,2225865,0.91525,0.91248,0.91794
"U(0.005,0.05), eps=1e-04",0.005,0.05,0.0001,binary,2684956,0.93807,0.93567,0.94039
"U(0.005,0.05), eps=1e-04",0.005,0.05,0.0001,binary,3238735,0.95747,0.95545,0.9594
"U(0.005,0.05), eps=1e-04",0.005,0.05,0.0001,binary,3906732,0.97267,0.97103,0.97422
"U(0.005,0.05), eps=1e-04",0.005,0.05,0.0001,binary,4712506,0.98293,0.98161,0.98415
"U(0.005,0.05), eps=1e-04",0.005,0.05,0.0001,binary,5684472,0.98828,0.98718,0.98929
"U(0.005,0.05), eps=1e-04",0.005,0.05,0.0001,binary,6856909,0.99443,0.99365,0.99511
"U(0.005,0.05), eps=1e-04",0.005,0.05,0.0001,binary,8271164,0.9966,0.99598,0.99712
"U(0.005,0.05), eps=1e-04",0.005,0.05,0.0001,binary,9977113,0.99803,0.99755,0.99842
"U(0.005,0.05), eps=1e-04",0.005,0.05,0.0001,binary,12034917,0.99905,0.9987,0.99931
"U(0.005,0.05), eps=1e-04",0.005,0.05,0.0001,binary,14517150,0.9994,0.99911,0.9996
"U(0.005,0.05), eps=1e-04",0.005,0.05,0.0001,binary,17511349,0.99952,0.99925,0.99969
"U(0.005,0.05), eps=1e-04",0.005,0.05,0.0001,binary,21123109,0.99952,0.99925,0.99969
"U(0.005,0.05), eps=1e-04",0.005,0.05,0.0001,binary,25479803,0.99952,0.99925,0.99969
"U(0.005,0.05), eps=1e-04",0.005,0.05,0.0001,binary,30735077,0.99952,0.99925,0.99969
"U(0.005,0.05), eps=1e-04",0.005,0.05,0.0001,binary,37074265,0.99952,0.99925,0.99969
"U(0.005,0.05), eps=1e-04",0.005,0.05,0.0001,binary,44720926,0.99952,0.99925,0.99969
"U(0.005,0.05), eps=1e-04",0.005,0.05,0.0001,binary,53944730,0.99952,0.99925,0.99969
"U(0.005,0.05), eps=1e-04",0.005,0.05,0.0001,binary,65070967,0.99952,0.99925,0.99969
"U(0.005,0.05), eps=1e-04",0.005,0.05,0.0001,reverse_eng,43380,0.21982,0.21579,0.22391
"U(0.005,0.05), eps=1e-04",0.005,0.05,0.0001,reverse_eng,52328,0.24545,0.24126,0.24969
"U(0.005,0.05), eps=1e-04",0.005,0.05,0.0001,reverse_eng,63120,0.27067,0.26634,0.27505
"U(0.005,0.05), eps=1e-04",0.005,0.05,0.0001,reverse_eng,76139,0.30473,0.30024,0.30926
"U(0.005,0.05), eps=1e-04",0.005,0.05,0.0001,reverse_eng,91843,0.32743,0.32285,0.33205
"U(0.005,0.05), eps=1e-04",0.005,0.05,0.0001,reverse_eng,110786,0.366,0.36129,0.37073
"U(0.005,0.05), eps=1e-04",0.005,0.05,0.0001,reverse_eng,133636,0.40413,0.39933,0.40895
"U(0.005,0.05), eps=1e-04",0.005,0.05,0.0001,reverse_eng,161199,0.44335,0.43849,0.44822
"U(0.005,0.05), eps=1e-04",0.005,0.05,0.0001,reverse_eng,194447,0.4789,0.47401,0.4838
"U(0.005,0.05), eps=1e-04",0.005,0.05,0.0001,reverse_eng,234552,0.51233,0.50743,0.51723
"U(0.005,0.05), eps=1e-04",0.005,0.05,0.0001,reverse_eng,282929,0.55868,0.55381,0.56354
"U(0.005,0.05), eps=1e-04",0.005,0.05,0.0001,reverse_eng,341284,0.59718,0.59236,0.60198
"U(0.005,0.05), eps=1e-04",0.005,0.05,0.0001,reverse_eng,411675,0.63872,0.634,0.64341
"U(0.005,0.05), eps=1e-04",0.005,0.05,0.0001,reverse_eng,496584,0.67965,0.67506,0.68421
"U(0.005,0.05), eps=1e-04",0.005,0.05,0.0001,reverse_eng,599006,0.73237,0.72801,0.73669
"U(0.005,0.05), eps=1e-04",0.005,0.05,0.0001,reverse_eng,722552,0.77333,0.7692,0.77741
"U(0.005,0.05), eps=1e-04",0.005,0.05,0.0001,reverse_eng,871581,0.81155,0.80769,0.81535
"U(0.005,0.05), eps=1e-04",0.005,0.05,0.0001,reverse_eng,1051346,0.84503,0.84145,0.84854
"U(0.005,0.05), eps=1e-04",0.005,0.05,0.0001,reverse_eng,1268189,0.8778,0.87455,0.88097
"U(0.005,0.05), eps=1e-04",0.005,0.05,0.0001,reverse_eng,1529757,0.90828,0.90541,0.91107
"U(0.005,0.05), eps=1e-04",0.005,0.05,0.0001,reverse_eng,1845273,0.92805,0.92548,0.93054
"U(0.005,0.05), eps=1e-04",0.005,0.05,0.0001,reverse_eng,2225865,0.95017,0.94799,0.95226
"U(0.005,0.05), eps=1e-04",0.005,0.05,0.0001,reverse_eng,2684956,0.96778,0.966,0.96947
"U(0.005,0.05), eps=1e-04",0.005,0.05,0.0001,reverse_eng,3238735,0.97872,0.97726,0.98009
"U(0.005,0.05), eps=1e-04",0.005,0.05,0.0001,reverse_eng,3906732,0.98785,0.98673,0.98888
"U(0.005,0.05), eps=1e-04",0.005,0.05,0.0001,reverse_eng,4712506,0.9929,0.99203,0.99368
"U(0.005,0.05), eps=1e-04",0.005,0.05,0.0001,reverse_eng,5684472,0.99692,0.99633,0.99742
"U(0.005,0.05), eps=1e-04",0.005,0.05,0.0001,reverse_eng,6856909,0.998,0.99751,0.99839
"U(0.005,0.05), eps=1e-04",0.005,0.05,0.0001,reverse_eng,8271164,0.99913,0.99879,0.99937
"U(0.005,0.05), eps=1e-04",0.005,0.05,0.0001,reverse_eng,9977113,0.99952,0.99925,0.99969
"U(0.005,0.05), eps=1e-04",0.005,0.05,0.0001,reverse_eng,12034917,0.99967,0.99944,0.99981
"U(0.005,0.05), eps=1e-04",0.005,0.05,0.0001,reverse_eng,14517150,0.99967,0.99944,0.99981
"U(0.005,0.05), eps=1e-04",0.005,0.05,0.0001,reverse_eng,17511349,0.99967,0.99944,0.99981
"U(0.005,0.05), eps=1e-04",0.005,0.05,0.0001,reverse_eng,21123109,0.9997,0.99948,0.99983
"U(0.005,0.05), eps=1e-04",0.005,0.05,0.0001,reverse_eng,25479803,0.9997,0.99948,0.99983
"U(0.005,0.05), eps=1e-04",0.005,0.05,0.0001,reverse_eng,30735077,0.9997,0.99948,0.99983
"U(0.005,0.05), eps=1e-04",0.005,0.05,0.0001,reverse_eng,37074265,0.9997,0.99948,0.99983
"U(0.005,0.05), eps=1e-04",0.005,0.05,0.0001,reverse_eng,44720926,0.99972,0.9995,0.99984
"U(0.005,0.05), eps=1e-04",0.005,0.05,0.0001,reverse_eng,53944730,0.99972,0.9995,0.99984
"U(0.005,0.05), eps=1e-04",0.005,0.05,0.0001,reverse_eng,65070967,0.99972,0.9995,0.99984
"U(0.005,0.05), eps=1e-04",0.005,0.05,0.0001,binary_risk,43380,0.22678,0.2227,0.23091
"U(0.005,0.05), eps=1e-04",0.005,0.05,0.0001,binary_risk,52328,0.25262,0.24839,0.2569
"U(0.005,0.05), eps=1e-04",0.005,0.05,0.0001,binary_risk,63120,0.275,0.27065,0.2794
"U(0.005,0.05), eps=1e-04",0.005,0.05,0.0001,binary_risk,76139,0.30573,0.30123,0.31026
"U(0.005,0.05), eps=1e-04",0.005,0.05,0.0001,binary_risk,91843,0.328,0.32342,0.33262
"U(0.005,0.05), eps=1e-04",0.005,0.05,0.0001,binary_risk,110786,0.36643,0.36172,0.37116
"U(0.005,0.05), eps=1e-04",0.005,0.05,0.0001,binary_risk,133636,0.3919,0.38713,0.39669
"U(0.005,0.05), eps=1e-04",0.005,0.05,0.0001,binary_risk,161199,0.43552,0.43067,0.44038
"U(0.005,0.05), eps=1e-04",0.005,0.05,0.0001,binary_risk,194447,0.46595,0.46106,0.47084
"U(0.005,0.05), eps=1e-04",0.005,0.05,0.0001,binary_risk,234552,0.49052,0.48562,0.49542
"U(0.005,0.05), eps=1e-04",0.005,0.05,0.0001,binary_risk,282929,0.54568,0.5408,0.55055
"U(0.005,0.05), eps=1e-04",0.005,0.05,0.0001,binary_risk,341284,0.5963,0.59148,0.6011
"U(0.005,0.05), eps=1e-04",0.005,0.05,0.0001,binary_risk,411675,0.622,0.61724,0.62674
"U(0.005,0.05), eps=1e-04",0.005,0.05,0.0001,binary_risk,496584,0.66912,0.66449,0.67371
"U(0.005,0.05), eps=1e-04",0.005,0.05,0.0001,binary_risk,599006,0.7137,0.70925,0.71811
"U(0.005,0.05), eps=1e-04",0.005,0.05,0.0001,binary_risk,722552,0.75933,0.75512,0.76349
"U(0.005,0.05), eps=1e-04",0.005,0.05,0.0001,binary_risk,871581,0.79963,0.79568,0.80352
"U(0.005,0.05), eps=1e-04",0.005,0.05,0.0001,binary_risk,1051346,0.83865,0.83501,0.84222
"U(0.005,0.05), eps=1e-04",0.005,0.05,0.0001,binary_risk,1268189,0.87287,0.86957,0.8761
"U(0.005,0.05), eps=1e-04",0.005,0.05,0.0001,binary_risk,1529757,0.90345,0.90052,0.90631
"U(0.005,0.05), eps=1e-04",0.005,0.05,0.0001,binary_risk,1845273,0.92917,0.92661,0.93164
"U(0.005,0.05), eps=1e-04",0.005,0.05,0.0001,binary_risk,2225865,0.94965,0.94746,0.95175
"U(0.005,0.05), eps=1e-04",0.005,0.05,0.0001,binary_risk,2684956,0.9639,0.96203,0.96568
"U(0.005,0.05), eps=1e-04",0.005,0.05,0.0001,binary_risk,3238735,0.97657,0.97504,0.97801
"U(0.005,0.05), eps=1e-04",0.005,0.05,0.0001,binary_risk,3906732,0.98545,0.98423,0.98658
"U(0.005,0.05), eps=1e-04",0.005,0.05,0.0001,binary_risk,4712506,0.99233,0.99143,0.99314
"U(0.005,0.05), eps=1e-04",0.005,0.05,0.0001,binary_risk,5684472,0.99615,0.99549,0.99671
"U(0.005,0.05), eps=1e-04",0.005,0.05,0.0001,binary_risk,6856909,0.9984,0.99796,0.99875
"U(0.005,0.05), eps=1e-04",0.005,0.05,0.0001,binary_risk,8271164,0.99935,0.99905,0.99956
"U(0.005,0.05), eps=1e-04",0.005,0.05,0.0001,binary_risk,9977113,0.99948,0.9992,0.99966
"U(0.005,0.05), eps=1e-04",0.005,0.05,0.0001,binary_risk,12034917,0.99967,0.99944,0.99981
"U(0.005,0.05), eps=1e-04",0.005,0.05,0.0001,binary_risk,14517150,0.99948,0.9992,0.99966
"U(0.005,0.05), eps=1e-04",0.005,0.05,0.0001,binary_risk,17511349,0.9998,0.99961,0.9999
"U(0.005,0.05), eps=1e-04",0.005,0.05,0.0001,binary_risk,21123109,0.9998,0.99961,0.9999
"U(0.005,0.05), eps=1e-04",0.005,0.05,0.0001,binary_risk,25479803,0.99997,0.99985,0.99999
"U(0.005,0.05), eps=1e-04",0.005,0.05,0.0001,binary_risk,30735077,1.0,0.9999,1.0
"U(0.005,0.05), eps=1e-04",0.005,0.05,0.0001,binary_risk,37074265,1.0,0.9999,1.0
"U(0.005,0.05), eps=1e-04",0.005,0.05,0.0001,binary_risk,44720926,1.0,0.9999,1.0
"U(0.005,0.05), eps=1e-04",0.005,0.05,0.0001,binary_risk,53944730,1.0,0.9999,1.0
"U(0.005,0.05), eps=1e-04",0.005,0.05,0.0001,binary_risk,65070967,1.0,0.9999,1.0
"U(0.005,0.05), eps=1e-04",0.005,0.05,0.0001,reverse_eng_risk,43380,0.2368,0.23266,0.24099
"U(0.005,0.05), eps=1e-04",0.005,0.05,0.0001,reverse_eng_risk,52328,0.26058,0.2563,0.2649
"U(0.005,0.05), eps=1e-04",0.005,0.05,0.0001,reverse_eng_risk,63120,0.2874,0.28299,0.29186
"U(0.005,0.05), eps=1e-04",0.005,0.05,0.0001,reverse_eng_risk,76139,0.3156,0.31106,0.32017
"U(0.005,0.05), eps=1e-04",0.005,0.05,0.0001,reverse_eng_risk,91843,0.33848,0.33386,0.34313
"U(0.005,0.05), eps=1e-04",0.005,0.05,0.0001,reverse_eng_risk,110786,0.37472,0.36999,0.37948
"U(0.005,0.05), eps=1e-04",0.005,0.05,0.0001,reverse_eng_risk,133636,0.41323,0.40841,0.41806
"U(0.005,0.05), eps=1e-04",0.005,0.05,0.0001,reverse_eng_risk,161199,0.4532,0.44833,0.45808
"U(0.005,0.05), eps=1e-04",0.005,0.05,0.0001,reverse_eng_risk,194447,0.49333,0.48843,0.49823
"U(0.005,0.05), eps=1e-04",0.005,0.05,0.0001,reverse_eng_risk,234552,0.5342,0.52931,0.53908
"U(0.005,0.05), eps=1e-04",0.005,0.05,0.0001,reverse_eng_risk,282929,0.58078,0.57594,0.58561
"U(0.005,0.05), eps=1e-04",0.005,0.05,0.0001,reverse_eng_risk,341284,0.62292,0.61816,0.62766
"U(0.005,0.05), eps=1e-04",0.005,0.05,0.0001,reverse_eng_risk,411675,0.6661,0.66146,0.67071
"U(0.005,0.05), eps=1e-04",0.005,0.05,0.0001,reverse_eng_risk,496584,0.70555,0.70106,0.71
"U(0.005,0.05), eps=1e-04",0.005,0.05,0.0001,reverse_eng_risk,599006,0.7538,0.74955,0.758
"U(0.005,0.05), eps=1e-04",0.005,0.05,0.0001,reverse_eng_risk,722552,0.79445,0.79046,0.79838
"U(0.005,0.05), eps=1e-04",0.005,0.05,0.0001,reverse_eng_risk,871581,0.83195,0.82825,0.83558
"U(0.005,0.05), eps=1e-04",0.005,0.05,0.0001,reverse_eng_risk,1051346,0.86545,0.86207,0.86876
"U(0.005,0.05), eps=1e-04",0.005,0.05,0.0001,reverse_eng_risk,1268189,0.89582,0.89279,0.89878
"U(0.005,0.05), eps=1e-04",0.005,0.05,0.0001,reverse_eng_risk,1529757,0.9216,0.91893,0.92419
"U(0.005,0.05), eps=1e-04",0.005,0.05,0.0001,reverse_eng_risk,1845273,0.94355,0.94125,0.94577
"U(0.005,0.05), eps=1e-04",0.005,0.05,0.0001,reverse_eng_risk,2225865,0.96175,0.95983,0.96359
"U(0.005,0.05), eps=1e-04",0.005,0.05,0.0001,reverse_eng_risk,2684956,0.97472,0.97314,0.97621
"U(0.005,0.05), eps=1e-04",0.005,0.05,0.0001,reverse_eng_risk,3238735,0.98447,0.98321,0.98564
"U(0.005,0.05), eps=1e-04",0.005,0.05,0.0001,reverse_eng_risk,3906732,0.99145,0.9905,0.99231
"U(0.005,0.05), eps=1e-04",0.005,0.05,0.0001,reverse_eng_risk,4712506,0.9954,0.99469,0.99602
"U(0.005,0.05), eps=1e-04",0.005,0.05,0.0001,reverse_eng_risk,5684472,0.998,0.99751,0.99839
"U(0.005,0.05), eps=1e-04",0.005,0.05,0.0001,reverse_eng_risk,6856909,0.99895,0.99858,0.99922
"U(0.005,0.05), eps=1e-04",0.005,0.05,0.0001,reverse_eng_risk,8271164,0.99975,0.99954,0.99986
"U(0.005,0.05), eps=1e-04",0.005,0.05,0.0001,reverse_eng_risk,9977113,0.99992,0.99977,0.99997
"U(0.005,0.05), eps=1e-04",0.005,0.05,0.0001,reverse_eng_risk,12034917,1.0,0.9999,1.0
"U(0.005,0.05), eps=1e-04",0.005,0.05,0.0001,reverse_eng_risk,14517150,0.99997,0.99985,0.99999
"U(0.005,0.05), eps=1e-04",0.005,0.05,0.0001,reverse_eng_risk,17511349,1.0,0.9999,1.0
"U(0.005,0.05), eps=1e-04",0.005,0.05,0.0001,reverse_eng_risk,21123109,1.0,0.9999,1.0
"U(0.005,0.05), eps=1e-04",0.005,0.05,0.0001,reverse_eng_risk,25479803,1.0,0.9999,1.0
"U(0.005,0.05), eps=1e-04",0.005,0.05,0.0001,reverse_eng_risk,30735077,1.0,0.9999,1.0
"U(0.005,0.05), eps=1e-04",0.005,0.05,0.0001,reverse_eng_risk,37074265,1.0,0.9999,1.0
"U(0.005,0.05), eps=1e-04",0.005,0.05,0.0001,reverse_eng_risk,44720926,1.0,0.9999,1.0
"U(0.005,0.05), eps=1e-04",0.005,0.05,0.0001,reverse_eng_risk,53944730,1.0,0.9999,1.0
"U(0.005,0.05), eps=1e-04",0.005,0.05,0.0001,reverse_eng_risk,65070967,1.0,0.9999,1.0
"U(0.005,0.05), eps=1e-06",0.005,0.05,1e-06,brute,433806451,0.18488,0.18111,0.18871
"U(0.005,0.05), eps=1e-06",0.005,0.05,1e-06,brute,523280129,0.20225,0.19834,0.20621
"U(0.005,0.05), eps=1e-06",0.005,0.05,1e-06,brute,631207980,0.2216,0.21756,0.2257
"U(0.005,0.05), eps=1e-06",0.005,0.05,1e-06,brute,761396224,0.2423,0.23813,0.24652
"U(0.005,0.05), eps=1e-06",0.005,0.05,1e-06,brute,918436122,0.26482,0.26052,0.26917
"U(0.005,0.05), eps=1e-06",0.005,0.05,1e-06,brute,1107865896,0.29165,0.28722,0.29612
"U(0.005,0.05), eps=1e-06",0.005,0.05,1e-06,brute,1336366041,0.31745,0.31291,0.32203
"U(0.005,0.05), eps=1e-06",0.005,0.05,1e-06,brute,1611994918,0.3463,0.34165,0.35098
"U(0.005,0.05), eps=1e-06",0.005,0.05,1e-06,brute,1944472949,0.37717,0.37243,0.38193
"U(0.005,0.05), eps=1e-06",0.005,0.05,1e-06,brute,2345525415,0.41132,0.40651,0.41615
"U(0.005,0.05), eps=1e-06",0.005,0.05,1e-06,brute,2829295968,0.44732,0.44245,0.4522
"U(0.005,0.05), eps=1e-06",0.005,0.05,1e-06,brute,3412845421,0.48562,0.48072,0.49052
"U(0.005,0.05), eps=1e-06",0.005,0.05,1e-06,brute,4116753425,0.52553,0.52063,0.53042
"U(0.005,0.05), eps=1e-06",0.005,0.05,1e-06,brute,4965844236,0.56695,0.56209,0.5718
"U(0.005,0.05), eps=1e-06",0.005,0.05,1e-06,brute,5990062176,0.61193,0.60714,0.61669
"U(0.005,0.05), eps=1e-06",0.005,0.05,1e-06,brute,7225527657,0.65865,0.65399,0.66328
"U(0.005,0.05), eps=1e-06",0.005,0.05,1e-06,brute,8715811021,0.70368,0.69919,0.70814
"U(0.005,0.05), eps=1e-06",0.005,0.05,1e-06,brute,10513469099,0.7477,0.74342,0.75193
"U(0.005,0.05), eps=1e-06",0.005,0.05,1e-06,brute,12681898705,0.79265,0.78865,0.79659
"U(0.005,0.05), eps=1e-06",0.005,0.05,1e-06,brute,15297572404,0.8341,0.83042,0.83771
"U(0.005,0.05), eps=1e-06",0.005,0.05,1e-06,brute,18452735422,0.87145,0.86813,0.87469
"U(0.005,0.05), eps=1e-06",0.005,0.05,1e-06,brute,22258658797,0.90455,0.90163,0.90739
"U(0.005,0.05), eps=1e-06",0.005,0.05,1e-06,brute,26849563499,0.93315,0.93066,0.93556
"U(0.005,0.05), eps=1e-06",0.005,0.05,1e-06,brute,32387353913,0.95465,0.95257,0.95665
"U(0.005,0.05), eps=1e-06",0.005,0.05,1e-06,brute,39067327613,0.97172,0.97005,0.9733
"U(0.005,0.05), eps=1e-06",0.005,0.05,1e-06,brute,47125062791,0.9838,0.98252,0.98499
"U(0.005,0.05), eps=1e-06",0.005,0.05,1e-06,brute,56844726240,0.9924,0.9915,0.99321
"U(0.005,0.05), eps=1e-06",0.005,0.05,1e-06,brute,68569094871,0.99672,0.99611,0.99723
"U(0.005,0.05), eps=1e-06",0.005,0.05,1e-06,brute,82711644200,0.99875,0.99835,0.99905
"U(0.005,0.05), eps=1e-06",0.005,0.05,1e-06,brute,99771130115,0.99972,0.9995,0.99984
"U(0.005,0.05), eps=1e-06",0.005,0.05,1e-06,brute,120349178169,0.99992,0.99977,0.99997
"U(0.005,0.05), eps=1e-06",0.005,0.05,1e-06,brute,145171500706,1.0,0.9999,1.0
"U(0.005,0.05), eps=1e-06",0.005,0.05,1e-06,brute,175113490078,1.0,0.9999,1.0
"U(0.005,0.05), eps=1e-06",0.005,0.05,1e-06,brute,211231090526,1.0,0.9999,1.0
"U(0.005,0.05), eps=1e-06",0.005,0.05,1e-06,brute,254798037460,1.0,0.9999,1.0
"U(0.005,0.05), eps=1e-06",0.005,0.05,1e-06,brute,307350777443,1.0,0.9999,1.0
"U(0.005,0.05), eps=1e-06",0.005,0.05,1e-06,brute,370742653031,1.0,0.9999,1.0
"U(0.005,0.05), eps=1e-06",0.005,0.05,1e-06,brute,447209263371,1.0,0.9999,1.0
"U(0.005,0.05), eps=1e-06",0.005,0.05,1e-06,brute,539447305588,1.0,0.9999,1.0
"U(0.005,0.05), eps=1e-06",0.005,0.05,1e-06,brute,650709677419,1.0,0.9999,1.0
"U(0.005,0.05), eps=1e-06",0.005,0.05,1e-06,separable,433806451,0.03367,0.03195,0.03548
"U(0.005,0.05), eps=1e-06",0.005,0.05,1e-06,separable,523280129,0.03682,0.03502,0.03871
"U(0.005,0.05), eps=1e-06",0.005,0.05,1e-06,separable,631207980,0.0405,0.03861,0.04248
"U(0.005,0.05), eps=1e-06",0.005,0.05,1e-06,separable,761396224,0.04492,0.04293,0.04699
"U(0.005,0.05), eps=1e-06",0.005,0.05,1e-06,separable,918436122,0.0491,0.04703,0.05126
"U(0.005,0.05), eps=1e-06",0.005,0.05,1e-06,separable,1107865896,0.05465,0.05247,0.05692
"U(0.005,0.05), eps=1e-06",0.005,0.05,1e-06,separable,1336366041,0.05978,0.0575,0.06215
"U(0.005,0.05), eps=1e-06",0.005,0.05,1e-06,separable,1611994918,0.06582,0.06343,0.06829
"U(0.005,0.05), eps=1e-06",0.005,0.05,1e-06,separable,1944472949,0.0721,0.06961,0.07468
"U(0.005,0.05), eps=1e-06",0.005,0.05,1e-06,separable,2345525415,0.07942,0.07681,0.08211
"U(0.005,0.05), eps=1e-06",0.005,0.05,1e-06,separable,2829295968,0.08703,0.08431,0.08983
"U(0.005,0.05), eps=1e-06",0.005,0.05,1e-06,separable,3412845421,0.09645,0.0936,0.09938
"U(0.005,0.05), eps=1e-06",0.005,0.05,1e-06,separable,4116753425,0.10545,0.10248,0.1085
"U(0.005,0.05), eps=1e-06",0.005,0.05,1e-06,separable,4965844236,0.11522,0.11213,0.11839
"U(0.005,0.05), eps=1e-06",0.005,0.05,1e-06,separable,5990062176,0.12615,0.12293,0.12944
"U(0.005,0.05), eps=1e-06",0.005,0.05,1e-06,separable,7225527657,0.1379,0.13456,0.14131
"U(0.005,0.05), eps=1e-06",0.005,0.05,1e-06,separable,8715811021,0.15032,0.14685,0.15386
"U(0.005,0.05), eps=1e-06",0.005,0.05,1e-06,separable,10513469099,0.16457,0.16097,0.16824
"U(0.005,0.05), eps=1e-06",0.005,0.05,1e-06,separable,12681898705,0.17983,0.1761,0.18362
"U(0.005,0.05), eps=1e-06",0.005,0.05,1e-06,separable,15297572404,0.19703,0.19316,0.20096
"U(0.005,0.05), eps=1e-06",0.005,0.05,1e-06,separable,18452735422,0.21582,0.21182,0.21988
"U(0.005,0.05), eps=1e-06",0.005,0.05,1e-06,separable,22258658797,0.2358,0.23167,0.23999
"U(0.005,0.05), eps=1e-06",0.005,0.05,1e-06,separable,26849563499,0.25748,0.25322,0.26179
"U(0.005,0.05), eps=1e-06",0.005,0.05,1e-06,separable,32387353913,0.28332,0.27893,0.28776
"U(0.005,0.05), eps=1e-06",0.005,0.05,1e-06,separable,39067327613,0.3094,0.30489,0.31395
"U(0.005,0.05), eps=1e-06",0.005,0.05,1e-06,separable,47125062791,0.3374,0.33278,0.34205
"U(0.005,0.05), eps=1e-06",0.005,0.05,1e-06,separable,56844726240,0.3678,0.36309,0.37254
"U(0.005,0.05), eps=1e-06",0.005,0.05,1e-06,separable,68569094871,0.40108,0.39629,0.40589
"U(0.005,0.05), eps=1e-06",0.005,0.05,1e-06,separable,82711644200,0.4356,0.43075,0.44047
"U(0.005,0.05), eps=1e-06",0.005,0.05,1e-06,separable,99771130115,0.47313,0.46824,0.47803
"U(0.005,0.05), eps=1e-06",0.005,0.05,1e-06,separable,120349178169,0.5128,0.5079,0.5177
"U(0.005,0.05), eps=1e-06",0.005,0.05,1e-06,separable,145171500706,0.55388,0.549,0.55875
"U(0.005,0.05), eps=1e-06",0.005,0.05,1e-06,separable,175113490078,0.59857,0.59376,0.60336
"U(0.005,0.05), eps=1e-06",0.005,0.05,1e-06,separable,211231090526,0.64428,0.63957,0.64896
"U(0.005,0.05), eps=1e-06",0.005,0.05,1e-06,separable,254798037460,0.68888,0.68433,0.6934
"U(0.005,0.05), eps=1e-06",0.005,0.05,1e-06,separable,307350777443,0.73405,0.7297,0.73836
"U(0.005,0.05), eps=1e-06",0.005,0.05,1e-06,separable,370742653031,0.77863,0.77453,0.78267
"U(0.005,0.05), eps=1e-06",0.005,0.05,1e-06,separable,447209263371,0.82237,0.81859,0.82608
"U(0.005,0.05), eps=1e-06",0.005,0.05,1e-06,separable,539447305588,0.86045,0.85702,0.86381
"U(0.005,0.05), eps=1e-06",0.005,0.05,1e-06,separable,650709677419,0.89518,0.89214,0.89814
"U(0.005,0.05), eps=1e-06",0.005,0.05,1e-06,linear,433806451,0.24252,0.23834,0.24674
"U(0.005,0.05), eps=1e-06",0.005,0.05,1e-06,linear,523280129,0.26587,0.26156,0.27022
"U(0.005,0.05), eps=1e-06",0.005,0.05,1e-06,linear,631207980,0.28915,0.28473,0.29361
"U(0.005,0.05), eps=1e-06",0.005,0.05,1e-06,linear,761396224,0.31643,0.31189,0.32101
"U(0.005,0.05), eps=1e-06",0.005,0.05,1e-06,linear,918436122,0.34682,0.34217,0.3515
"U(0.005,0.05), eps=1e-06",0.005,0.05,1e-06,linear,1107865896,0.3796,0.37486,0.38437
"U(0.005,0.05), eps=1e-06",0.005,0.05,1e-06,linear,1336366041,0.41315,0.40833,0.41798
"U(0.005,0.05), eps=1e-06",0.005,0.05,1e-06,linear,1611994918,0.44862,0.44375,0.4535
"U(0.005,0.05), eps=1e-06",0.005,0.05,1e-06,linear,1944472949,0.48495,0.48005,0.48985
"U(0.005,0.05), eps=1e-06",0.005,0.05,1e-06,linear,2345525415,0.52065,0.51575,0.52554
"U(0.005,0.05), eps=1e-06",0.005,0.05,1e-06,linear,2829295968,0.5615,0.55663,0.56636
"U(0.005,0.05), eps=1e-06",0.005,0.05,1e-06,linear,3412845421,0.6029,0.5981,0.60768
"U(0.005,0.05), eps=1e-06",0.005,0.05,1e-06,linear,4116753425,0.64467,0.63997,0.64935
"U(0.005,0.05), eps=1e-06",0.005,0.05,1e-06,linear,4965844236,0.68485,0.68028,0.68938
"U(0.005,0.05), eps=1e-06",0.005,0.05,1e-06,linear,5990062176,0.72805,0.72367,0.73239
"U(0.005,0.05), eps=1e-06",0.005,0.05,1e-06,linear,7225527657,0.76487,0.76069,0.769
"U(0.005,0.05), eps=1e-06",0.005,0.05,1e-06,linear,8715811021,0.79812,0.79416,0.80202
"U(0.005,0.05), eps=1e-06",0.005,0.05,1e-06,linear,10513469099,0.8415,0.83789,0.84505
"U(0.005,0.05), eps=1e-06",0.005,0.05,1e-06,linear,12681898705,0.8719,0.86859,0.87514
"U(0.005,0.05), eps=1e-06",0.005,0.05,1e-06,linear,15297572404,0.90225,0.8993,0.90512
"U(0.005,0.05), eps=1e-06",0.005,0.05,1e-06,linear,18452735422,0.931,0.92847,0.93344
"U(0.005,0.05), eps=1e-06",0.005,0.05,1e-06,linear,22258658797,0.94573,0.94347,0.94791
"U(0.005,0.05), eps=1e-06",0.005,0.05,1e-06,linear,26849563499,0.96795,0.96618,0.96963
"U(0.005,0.05), eps=1e-06",0.005,0.05,1e-06,linear,32387353913,0.97625,0.97471,0.9777
"U(0.005,0.05), eps=1e-06",0.005,0.05,1e-06,linear,39067327613,0.98818,0.98707,0.98919
"U(0.005,0.05), eps=1e-06",0.005,0.05,1e-06,linear,47125062791,0.99375,0.99293,0.99448
"U(0.005,0.05), eps=1e-06",0.005,0.05,1e-06,linear,56844726240,0.99605,0.99539,0.99662
"U(0.005,0.05), eps=1e-06",0.005,0.05,1e-06,linear,68569094871,0.99852,0.99809,0.99885
"U(0.005,0.05), eps=1e-06",0.005,0.05,1e-06,linear,82711644200,0.99925,0.99893,0.99947
"U(0.005,0.05), eps=1e-06",0.005,0.05,1e-06,linear,99771130115,0.9993,0.99899,0.99952
"U(0.005,0.05), eps=1e-06",0.005,0.05,1e-06,linear,120349178169,0.9997,0.99948,0.99983
"U(0.005,0.05), eps=1e-06",0.005,0.05,1e-06,linear,145171500706,0.99997,0.99985,0.99999
"U(0.005,0.05), eps=1e-06",0.005,0.05,1e-06,linear,175113490078,1.0,0.9999,1.0
"U(0.005,0.05), eps=1e-06",0.005,0.05,1e-06,linear,211231090526,1.0,0.9999,1.0
"U(0.005,0.05), eps=1e-06",0.005,0.05,1e-06,linear,254798037460,1.0,0.9999,1.0
"U(0.005,0.05), eps=1e-06",0.005,0.05,1e-06,linear,307350777443,1.0,0.9999,1.0
"U(0.005,0.05), eps=1e-06",0.005,0.05,1e-06,linear,370742653031,1.0,0.9999,1.0
"U(0.005,0.05), eps=1e-06",0.005,0.05,1e-06,linear,447209263371,1.0,0.9999,1.0
"U(0.005,0.05), eps=1e-06",0.005,0.05,1e-06,linear,539447305588,1.0,0.9999,1.0
"U(0.005,0.05), eps=1e-06",0.005,0.05,1e-06,linear,650709677419,1.0,0.9999,1.0
"U(0.005,0.05), eps=1e-06",0.005,0.05,1e-06,binary,433806451,0.2606,0.25632,0.26492
"U(0.005,0.05), eps=1e-06",0.005,0.05,1e-06,binary,523280129,0.28697,0.28256,0.29142
"U(0.005,0.05), eps=1e-06",0.005,0.05,1e-06,binary,631207980,0.28423,0.27983,0.28867
"U(0.005,0.05), eps=1e-06",0.005,0.05,1e-06,binary,761396224,0.31095,0.30643,0.3155
"U(0.005,0.05), eps=1e-06",0.005,0.05,1e-06,binary,918436122,0.34752,0.34287,0.3522
"U(0.005,0.05), eps=1e-06",0.005,0.05,1e-06,binary,1107865896,0.38555,0.38079,0.39033
"U(0.005,0.05), eps=1e-06",0.005,0.05,1e-06,binary,1336366041,0.41775,0.41292,0.42259
"U(0.005,0.05), eps=1e-06",0.005,0.05,1e-06,binary,1611994918,0.45343,0.44856,0.45831
"U(0.005,0.05), eps=1e-06",0.005,0.05,1e-06,binary,1944472949,0.51167,0.50677,0.51657
"U(0.005,0.05), eps=1e-06",0.005,0.05,1e-06,binary,2345525415,0.55168,0.5468,0.55655
"U(0.005,0.05), eps=1e-06",0.005,0.05,1e-06,binary,2829295968,0.58832,0.58349,0.59313
"U(0.005,0.05), eps=1e-06",0.005,0.05,1e-06,binary,3412845421,0.6341,0.62937,0.63881
"U(0.005,0.05), eps=1e-06",0.005,0.05,1e-06,binary,4116753425,0.67358,0.66897,0.67816
"U(0.005,0.05), eps=1e-06",0.005,0.05,1e-06,binary,4965844236,0.7158,0.71136,0.7202
"U(0.005,0.05), eps=1e-06",0.005,0.05,1e-06,binary,5990062176,0.75477,0.75053,0.75896
"U(0.005,0.05), eps=1e-06",0.005,0.05,1e-06,binary,7225527657,0.79138,0.78737,0.79533
"U(0.005,0.05), eps=1e-06",0.005,0.05,1e-06,binary,8715811021,0.83083,0.82712,0.83447
"U(0.005,0.05), eps=1e-06",0.005,0.05,1e-06,binary,10513469099,0.86485,0.86146,0.86817
"U(0.005,0.05), eps=1e-06",0.005,0.05,1e-06,binary,12681898705,0.89545,0.89241,0.89841
"U(0.005,0.05), eps=1e-06",0.005,0.05,1e-06,binary,15297572404,0.92095,0.91827,0.92355
"U(0.005,0.05), eps=1e-06",0.005,0.05,1e-06,binary,18452735422,0.94393,0.94163,0.94614
"U(0.005,0.05), eps=1e-06",0.005,0.05,1e-06,binary,22258658797,0.96088,0.95894,0.96274
"U(0.005,0.05), eps=1e-06",0.005,0.05,1e-06,binary,26849563499,0.97552,0.97396,0.97699
"U(0.005,0.05), eps=1e-06",0.005,0.05,1e-06,binary,32387353913,0.98465,0.9834,0.98581
"U(0.005,0.05), eps=1e-06",0.005,0.05,1e-06,binary,39067327613,0.99113,0.99016,0.992
"U(0.005,0.05), eps=1e-06",0.005,0.05,1e-06,binary,47125062791,0.99198,0.99106,0.99281
"U(0.005,0.05), eps=1e-06",0.005,0.05,1e-06,binary,56844726240,0.99765,0.99713,0.99808
"U(0.005,0.05), eps=1e-06",0.005,0.05,1e-06,binary,68569094871,0.99885,0.99847,0.99914
"U(0.005,0.05), eps=1e-06",0.005,0.05,1e-06,binary,82711644200,0.99782,0.99731,0.99823
"U(0.005,0.05), eps=1e-06",0.005,0.05,1e-06,binary,99771130115,0.99838,0.99794,0.99873
"U(0.005,0.05), eps=1e-06",0.005,0.05,1e-06,binary,120349178169,0.99857,0.99815,0.9989
"U(0.005,0.05), eps=1e-06",0.005,0.05,1e-06,binary,145171500706,0.99867,0.99826,0.99898
"U(0.005,0.05), eps=1e-06",0.005,0.05,1e-06,binary,175113490078,0.9987,0.9983,0.99901
"U(0.005,0.05), eps=1e-06",0.005,0.05,1e-06,binary,211231090526,0.9987,0.9983,0.99901
"U(0.005,0.05), eps=1e-06",0.005,0.05,1e-06,binary,254798037460,0.9987,0.9983,0.99901
"U(0.005,0.05), eps=1e-06",0.005,0.05,1e-06,binary,307350777443,0.9987,0.9983,0.99901
"U(0.005,0.05), eps=1e-06",0.005,0.05,1e-06,binary,370742653031,0.9987,0.9983,0.99901
"U(0.005,0.05), eps=1e-06",0.005,0.05,1e-06,binary,447209263371,0.9987,0.9983,0.99901
"U(0.005,0.05), eps=1e-06",0.005,0.05,1e-06,binary,539447305588,0.9987,0.9983,0.99901
"U(0.005,0.05), eps=1e-06",0.005,0.05,1e-06,binary,650709677419,0.9987,0.9983,0.99901
"U(0.005,0.05), eps=1e-06",0.005,0.05,1e-06,reverse_eng,433806451,0.2697,0.26537,0.27407
"U(0.005,0.05), eps=1e-06",0.005,0.05,1e-06,reverse_eng,523280129,0.29518,0.29073,0.29967
"U(0.005,0.05), eps=1e-06",0.005,0.05,1e-06,reverse_eng,631207980,0.32248,0.31792,0.32708
"U(0.005,0.05), eps=1e-06",0.005,0.05,1e-06,reverse_eng,761396224,0.35152,0.34686,0.35621
"U(0.005,0.05), eps=1e-06",0.005,0.05,1e-06,reverse_eng,918436122,0.38267,0.37792,0.38744
"U(0.005,0.05), eps=1e-06",0.005,0.05,1e-06,reverse_eng,1107865896,0.41458,0.40976,0.41942
"U(0.005,0.05), eps=1e-06",0.005,0.05,1e-06,reverse_eng,1336366041,0.44972,0.44485,0.4546
"U(0.005,0.05), eps=1e-06",0.005,0.05,1e-06,reverse_eng,1611994918,0.48642,0.48152,0.49132
"U(0.005,0.05), eps=1e-06",0.005,0.05,1e-06,reverse_eng,1944472949,0.52548,0.52058,0.53037
"U(0.005,0.05), eps=1e-06",0.005,0.05,1e-06,reverse_eng,2345525415,0.5642,0.55933,0.56905
"U(0.005,0.05), eps=1e-06",0.005,0.05,1e-06,reverse_eng,2829295968,0.60475,0.59995,0.60953
"U(0.005,0.05), eps=1e-06",0.005,0.05,1e-06,reverse_eng,3412845421,0.64572,0.64102,0.65039
"U(0.005,0.05), eps=1e-06",0.005,0.05,1e-06,reverse_eng,4116753425,0.6875,0.68294,0.69202
"U(0.005,0.05), eps=1e-06",0.005,0.05,1e-06,reverse_eng,4965844236,0.7254,0.721,0.72975
"U(0.005,0.05), eps=1e-06",0.005,0.05,1e-06,reverse_eng,5990062176,0.76082,0.75661,0.76498
"U(0.005,0.05), eps=1e-06",0.005,0.05,1e-06,reverse_eng,7225527657,0.79878,0.79482,0.80268
"U(0.005,0.05), eps=1e-06",0.005,0.05,1e-06,reverse_eng,8715811021,0.84027,0.83665,0.84383
"U(0.005,0.05), eps=1e-06",0.005,0.05,1e-06,reverse_eng,10513469099,0.87192,0.86861,0.87516
"U(0.005,0.05), eps=1e-06",0.005,0.05,1e-06,reverse_eng,12681898705,0.90015,0.89717,0.90305
"U(0.005,0.05), eps=1e-06",0.005,0.05,1e-06,reverse_eng,15297572404,0.92095,0.91827,0.92355
"U(0.005,0.05), eps=1e-06",0.005,0.05,1e-06,reverse_eng,18452735422,0.9418,0.93946,0.94405
"U(0.005,0.05), eps=1e-06",0.005,0.05,1e-06,reverse_eng,22258658797,0.96027,0.95831,0.96214
"U(0.005,0.05), eps=1e-06",0.005,0.05,1e-06,reverse_eng,26849563499,0.97618,0.97464,0.97763
"U(0.005,0.05), eps=1e-06",0.005,0.05,1e-06,reverse_eng,32387353913,0.98415,0.98288,0.98533
"U(0.005,0.05), eps=1e-06",0.005,0.05,1e-06,reverse_eng,39067327613,0.99218,0.99127,0.993
"U(0.005,0.05), eps=1e-06",0.005,0.05,1e-06,reverse_eng,47125062791,0.9951,0.99437,0.99574
"U(0.005,0.05), eps=1e-06",0.005,0.05,1e-06,reverse_eng,56844726240,0.99657,0.99595,0.9971
"U(0.005,0.05), eps=1e-06",0.005,0.05,1e-06,reverse_eng,68569094871,0.9983,0.99785,0.99866
"U(0.005,0.05), eps=1e-06",0.005,0.05,1e-06,reverse_eng,82711644200,0.99925,0.99893,0.99947
"U(0.005,0.05), eps=1e-06",0.005,0.05,1e-06,reverse_eng,99771130115,0.99975,0.99954,0.99986
"U(0.005,0.05), eps=1e-06",0.005,0.05,1e-06,reverse_eng,120349178169,0.99987,0.9997,0.99994
"U(0.005,0.05), eps=1e-06",0.005,0.05,1e-06,reverse_eng,145171500706,0.9999,0.99974,0.99996
"U(0.005,0.05), eps=1e-06",0.005,0.05,1e-06,reverse_eng,175113490078,0.9999,0.99974,0.99996
"U(0.005,0.05), eps=1e-06",0.005,0.05,1e-06,reverse_eng,211231090526,0.9999,0.99974,0.99996
"U(0.005,0.05), eps=1e-06",0.005,0.05,1e-06,reverse_eng,254798037460,0.9999,0.99974,0.99996
"U(0.005,0.05), eps=1e-06",0.005,0.05,1e-06,reverse_eng,307350777443,0.9999,0.99974,0.99996
"U(0.005,0.05), eps=1e-06",0.005,0.05,1e-06,reverse_eng,370742653031,0.9999,0.99974,0.99996
"U(0.005,0.05), eps=1e-06",0.005,0.05,1e-06,reverse_eng,447209263371,0.9999,0.99974,0.99996
"U(0.005,0.05), eps=1e-06",0.005,0.05,1e-06,reverse_eng,539447305588,0.9999,0.99974,0.99996
"U(0.005,0.05), eps=1e-06",0.005,0.05,1e-06,reverse_eng,650709677419,0.9999,0.99974,0.99996
"U(0.005,0.05), eps=1e-06",0.005,0.05,1e-06,binary_risk,433806451,0.2681,0.26378,0.27246
"U(0.005,0.05), eps=1e-06",0.005,0.05,1e-06,binary_risk,523280129,0.29263,0.28819,0.29711
"U(0.005,0.05), eps=1e-06",0.005,0.05,1e-06,binary_risk,631207980,0.3192,0.31465,0.32379
"U(0.005,0.05), eps=1e-06",0.005,0.05,1e-06,binary_risk,761396224,0.3479,0.34325,0.35258
"U(0.005,0.05), eps=1e-06",0.005,0.05,1e-06,binary_risk,918436122,0.3785,0.37376,0.38326
"U(0.005,0.05), eps=1e-06",0.005,0.05,1e-06,binary_risk,1107865896,0.41075,0.40594,0.41558
"U(0.005,0.05), eps=1e-06",0.005,0.05,1e-06,binary_risk,1336366041,0.44593,0.44106,0.45081
"U(0.005,0.05), eps=1e-06",0.005,0.05,1e-06,binary_risk,1611994918,0.48287,0.47797,0.48777
"U(0.005,0.05), eps=1e-06",0.005,0.05,1e-06,binary_risk,1944472949,0.51933,0.51443,0.52422
"U(0.005,0.05), eps=1e-06",0.005,0.05,1e-06,binary_risk,2345525415,0.55868,0.55381,0.56354
"U(0.005,0.05), eps=1e-06",0.005,0.05,1e-06,binary_risk,2829295968,0.60035,0.59554,0.60514
"U(0.005,0.05), eps=1e-06",0.005,0.05,1e-06,binary_risk,3412845421,0.64087,0.63616,0.64556
"U(0.005,0.05), eps=1e-06",0.005,0.05,1e-06,binary_risk,4116753425,0.68653,0.68197,0.69106
"U(0.005,0.05), eps=1e-06",0.005,0.05,1e-06,binary_risk,4965844236,0.72775,0.72337,0.73209
"U(0.005,0.05), eps=1e-06",0.005,0.05,1e-06,binary_risk,5990062176,0.77272,0.76859,0.7768
"U(0.005,0.05), eps=1e-06",0.005,0.05,1e-06,binary_risk,7225527657,0.80837,0.80448,0.8122
"U(0.005,0.05), eps=1e-06",0.005,0.05,1e-06,binary_risk,8715811021,0.84518,0.8416,0.84869
"U(0.005,0.05), eps=1e-06",0.005,0.05,1e-06,binary_risk,10513469099,0.87692,0.87366,0.8801
"U(0.005,0.05), eps=1e-06",0.005,0.05,1e-06,binary_risk,12681898705,0.90555,0.90264,0.90838
"U(0.005,0.05), eps=1e-06",0.005,0.05,1e-06,binary_risk,15297572404,0.92837,0.9258,0.93086
"U(0.005,0.05), eps=1e-06",0.005,0.05,1e-06,binary_risk,18452735422,0.95098,0.94882,0.95305
"U(0.005,0.05), eps=1e-06",0.005,0.05,1e-06,binary_risk,22258658797,0.9653,0.96346,0.96705
"U(0.005,0.05), eps=1e-06",0.005,0.05,1e-06,binary_risk,26849563499,0.97818,0.9767,0.97957
"U(0.005,0.05), eps=1e-06",0.005,0.05,1e-06,binary_risk,32387353913,0.98542,0.9842,0.98655
"U(0.005,0.05), eps=1e-06",0.005,0.05,1e-06,binary_risk,39067327613,0.99298,0.99211,0.99375
"U(0.005,0.05), eps=1e-06",0.005,0.05,1e-06,binary_risk,47125062791,0.99608,0.99542,0.99665
"U(0.005,0.05), eps=1e-06",0.005,0.05,1e-06,binary_risk,56844726240,0.9982,0.99773,0.99857
"U(0.005,0.05), eps=1e-06",0.005,0.05,1e-06,binary_risk,68569094871,0.9985,0.99807,0.99883
"U(0.005,0.05), eps=1e-06",0.005,0.05,1e-06,binary_risk,82711644200,0.99905,0.9987,0.99931
"U(0.005,0.05), eps=1e-06",0.005,0.05,1e-06,binary_risk,99771130115,0.99948,0.9992,0.99966
"U(0.005,0.05), eps=1e-06",0.005,0.05,1e-06,binary_risk,120349178169,0.99972,0.9995,0.99984
"U(0.005,0.05), eps=1e-06",0.005,0.05,1e-06,binary_risk,145171500706,0.99948,0.9992,0.99966
"U(0.005,0.05), eps=1e-06",0.005,0.05,1e-06,binary_risk,175113490078,0.9998,0.99961,0.9999
"U(0.005,0.05), eps=1e-06",0.005,0.05,1e-06,binary_risk,211231090526,0.99977,0.99957,0.99988
"U(0.005,0.05), eps=1e-06",0.005,0.05,1e-06,binary_risk,254798037460,0.99997,0.99985,0.99999
"U(0.005,0.05), eps=1e-06",0.005,0.05,1e-06,binary_risk,307350777443,1.0,0.9999,1.0
"U(0.005,0.05), eps=1e-06",0.005,0.05,1e-06,binary_risk,370742653031,1.0,0.9999,1.0
"U(0.005,0.05), eps=1e-06",0.005,0.05,1e-06,binary_risk,447209263371,1.0,0.9999,1.0
"U(0.005,0.05), eps=1e-06",0.005,0.05,1e-06,binary_risk,539447305588,1.0,0.9999,1.0
"U(0.005,0.05), eps=1e-06",0.005,0.05,1e-06,binary_risk,650709677419,1.0,0.9999,1.0
"U(0.005,0.05), eps=1e-06",0.005,0.05,1e-06,reverse_eng_risk,433806451,0.27372,0.26937,0.27811
"U(0.005,0.05), eps=1e-06",0.005,0.05,1e-06,reverse_eng_risk,523280129,0.29938,0.29491,0.30389
"U(0.005,0.05), eps=1e-06",0.005,0.05,1e-06,reverse_eng_risk,631207980,0.3248,0.32023,0.32941
"U(0.005,0.05), eps=1e-06",0.005,0.05,1e-06,reverse_eng_risk,761396224,0.35587,0.35119,0.36058
"U(0.005,0.05), eps=1e-06",0.005,0.05,1e-06,reverse_eng_risk,918436122,0.38772,0.38296,0.39251
"U(0.005,0.05), eps=1e-06",0.005,0.05,1e-06,reverse_eng_risk,1107865896,0.42007,0.41524,0.42491
"U(0.005,0.05), eps=1e-06",0.005,0.05,1e-06,reverse_eng_risk,1336366041,0.4557,0.45082,0.46058
"U(0.005,0.05), eps=1e-06",0.005,0.05,1e-06,reverse_eng_risk,1611994918,0.49257,0.48767,0.49747
"U(0.005,0.05), eps=1e-06",0.005,0.05,1e-06,reverse_eng_risk,1944472949,0.5316,0.52671,0.53649
"U(0.005,0.05), eps=1e-06",0.005,0.05,1e-06,reverse_eng_risk,2345525415,0.56832,0.56346,0.57317
"U(0.005,0.05), eps=1e-06",0.005,0.05,1e-06,reverse_eng_risk,2829295968,0.60798,0.60319,0.61275
"U(0.005,0.05), eps=1e-06",0.005,0.05,1e-06,reverse_eng_risk,3412845421,0.65012,0.64543,0.65478
"U(0.005,0.05), eps=1e-06",0.005,0.05,1e-06,reverse_eng_risk,4116753425,0.69298,0.68844,0.69748
"U(0.005,0.05), eps=1e-06",0.005,0.05,1e-06,reverse_eng_risk,4965844236,0.73185,0.72749,0.73617
"U(0.005,0.05), eps=1e-06",0.005,0.05,1e-06,reverse_eng_risk,5990062176,0.7716,0.76746,0.77569
"U(0.005,0.05), eps=1e-06",0.005,0.05,1e-06,reverse_eng_risk,7225527657,0.80855,0.80466,0.81238
"U(0.005,0.05), eps=1e-06",0.005,0.05,1e-06,reverse_eng_risk,8715811021,0.84575,0.84218,0.84926
"U(0.005,0.05), eps=1e-06",0.005,0.05,1e-06,reverse_eng_risk,10513469099,0.8738,0.87051,0.87702
"U(0.005,0.05), eps=1e-06",0.005,0.05,1e-06,reverse_eng_risk,12681898705,0.90277,0.89983,0.90563
"U(0.005,0.05), eps=1e-06",0.005,0.05,1e-06,reverse_eng_risk,15297572404,0.92832,0.92575,0.93081
"U(0.005,0.05), eps=1e-06",0.005,0.05,1e-06,reverse_eng_risk,18452735422,0.94732,0.94509,0.94947
"U(0.005,0.05), eps=1e-06",0.005,0.05,1e-06,reverse_eng_risk,22258658797,0.96405,0.96218,0.96583
"U(0.005,0.05), eps=1e-06",0.005,0.05,1e-06,reverse_eng_risk,26849563499,0.97793,0.97644,0.97932
"U(0.005,0.05), eps=1e-06",0.005,0.05,1e-06,reverse_eng_risk,32387353913,0.98672,0.98555,0.9878
"U(0.005,0.05), eps=1e-06",0.005,0.05,1e-06,reverse_eng_risk,39067327613,0.99215,0.99124,0.99297
"U(0.005,0.05), eps=1e-06",0.005,0.05,1e-06,reverse_eng_risk,47125062791,0.9963,0.99566,0.99685
"U(0.005,0.05), eps=1e-06",0.005,0.05,1e-06,reverse_eng_risk,56844726240,0.99818,0.99771,0.99855
"U(0.005,0.05), eps=1e-06",0.005,0.05,1e-06,reverse_eng_risk,68569094871,0.99915,0.99881,0.99939
"U(0.005,0.05), eps=1e-06",0.005,0.05,1e-06,reverse_eng_risk,82711644200,0.99965,0.99941,0.99979
"U(0.005,0.05), eps=1e-06",0.005,0.05,1e-06,reverse_eng_risk,99771130115,0.99982,0.99963,0.99991
"U(0.005,0.05), eps=1e-06",0.005,0.05,1e-06,reverse_eng_risk,120349178169,0.99992,0.99977,0.99997
"U(0.005,0.05), eps=1e-06",0.005,0.05,1e-06,reverse_eng_risk,145171500706,0.99995,0.99982,0.99999
"U(0.005,0.05), eps=1e-06",0.005,0.05,1e-06,reverse_eng_risk,175113490078,0.99997,0.99985,0.99999
"U(0.005,0.05), eps=1e-06",0.005,0.05,1e-06,reverse_eng_risk,211231090526,1.0,0.9999,1.0
"U(0.005,0.05), eps=1e-06",0.005,0.05,1e-06,reverse_eng_risk,254798037460,1.0,0.9999,1.0
"U(0.005,0.05), eps=1e-06",0.005,0.05,1e-06,reverse_eng_risk,307350777443,1.0,0.9999,1.0
"U(0.005,0.05), eps=1e-06",0.005,0.05,1e-06,reverse_eng_risk,370742653031,1.0,0.9999,1.0
"U(0.005,0.05), eps=1e-06",0.005,0.05,1e-06,reverse_eng_risk,447209263371,1.0,0.9999,1.0
"U(0.005,0.05), eps=1e-06",0.005,0.05,1e-06,reverse_eng_risk,539447305588,1.0,0.9999,1.0
"U(0.005,0.05), eps=1e-06",0.005,0.05,1e-06,reverse_eng_risk,650709677419,1.0,0.9999,1.0
"U(0.0001,0.001), eps=1e-04",0.0001,0.001,0.0001,brute,856,0.0,0.0,0.0001
"U(0.0001,0.001), eps=1e-04",0.0001,0.001,0.0001,brute,1033,0.0,0.0,0.0001
"U(0.0001,0.001), eps=1e-04",0.0001,0.001,0.0001,brute,1246,0.0,0.0,0.0001
"U(0.0001,0.001), eps=1e-04",0.0001,0.001,0.0001,brute,1503,0.0,0.0,0.0001
"U(0.0001,0.001), eps=1e-04",0.0001,0.001,0.0001,brute,1813,0.11123,0.10819,0.11435
"U(0.0001,0.001), eps=1e-04",0.0001,0.001,0.0001,brute,2187,0.11123,0.10819,0.11435
"U(0.0001,0.001), eps=1e-04",0.0001,0.001,0.0001,brute,2638,0.11123,0.10819,0.11435
"U(0.0001,0.001), eps=1e-04",0.0001,0.001,0.0001,brute,3182,0.21952,0.21549,0.2236
"U(0.0001,0.001), eps=1e-04",0.0001,0.001,0.0001,brute,3839,0.21952,0.21549,0.2236
"U(0.0001,0.001), eps=1e-04",0.0001,0.001,0.0001,brute,4631,0.21952,0.21549,0.2236
"U(0.0001,0.001), eps=1e-04",0.0001,0.001,0.0001,brute,5586,0.29507,0.29062,0.29956
"U(0.0001,0.001), eps=1e-04",0.0001,0.001,0.0001,brute,6738,0.3631,0.3584,0.36783
"U(0.0001,0.001), eps=1e-04",0.0001,0.001,0.0001,brute,8128,0.41685,0.41203,0.42169
"U(0.0001,0.001), eps=1e-04",0.0001,0.001,0.0001,brute,9805,0.46475,0.45987,0.46964
"U(0.0001,0.001), eps=1e-04",0.0001,0.001,0.0001,brute,11827,0.5057,0.5008,0.5106
"U(0.0001,0.001), eps=1e-04",0.0001,0.001,0.0001,brute,14266,0.57615,0.5713,0.58099
"U(0.0001,0.001), eps=1e-04",0.0001,0.001,0.0001,brute,17209,0.60928,0.60449,0.61405
"U(0.0001,0.001), eps=1e-04",0.0001,0.001,0.0001,brute,20759,0.68078,0.67619,0.68533
"U(0.0001,0.001), eps=1e-04",0.0001,0.001,0.0001,brute,25040,0.71898,0.71455,0.72336
"U(0.0001,0.001), eps=1e-04",0.0001,0.001,0.0001,brute,30205,0.7798,0.77571,0.78383
"U(0.0001,0.001), eps=1e-04",0.0001,0.001,0.0001,brute,36435,0.82737,0.82363,0.83104
"U(0.0001,0.001), eps=1e-04",0.0001,0.001,0.0001,brute,43950,0.861,0.85758,0.86436
"U(0.0001,0.001), eps=1e-04",0.0001,0.001,0.0001,brute,53015,0.8989,0.89591,0.90182
"U(0.0001,0.001), eps=1e-04",0.0001,0.001,0.0001,brute,63949,0.93015,0.92761,0.93261
"U(0.0001,0.001), eps=1e-04",0.0001,0.001,0.0001,brute,77139,0.95605,0.954,0.95802
"U(0.0001,0.001), eps=1e-04",0.0001,0.001,0.0001,brute,93049,0.97178,0.97011,0.97336
"U(0.0001,0.001), eps=1e-04",0.0001,0.001,0.0001,brute,112241,0.98285,0.98153,0.98408
"U(0.0001,0.001), eps=1e-04",0.0001,0.001,0.0001,brute,135391,0.9908,0.98982,0.99169
"U(0.0001,0.001), eps=1e-04",0.0001,0.001,0.0001,brute,163315,0.99533,0.99461,0.99595
"U(0.0001,0.001), eps=1e-04",0.0001,0.001,0.0001,brute,197000,0.9981,0.99762,0.99848
"U(0.0001,0.001), eps=1e-04",0.0001,0.001,0.0001,brute,237632,0.99938,0.99908,0.99958
"U(0.0001,0.001), eps=1e-04",0.0001,0.001,0.0001,brute,286644,0.99972,0.9995,0.99984
"U(0.0001,0.001), eps=1e-04",0.0001,0.001,0.0001,brute,345765,1.0,0.9999,1.0
"U(0.0001,0.001), eps=1e-04",0.0001,0.001,0.0001,brute,417080,1.0,0.9999,1.0
"U(0.0001,0.001), eps=1e-04",0.0001,0.001,0.0001,brute,503104,1.0,0.9999,1.0
"U(0.0001,0.001), eps=1e-04",0.0001,0.001,0.0001,brute,606870,1.0,0.9999,1.0
"U(0.0001,0.001), eps=1e-04",0.0001,0.001,0.0001,brute,732039,1.0,0.9999,1.0
"U(0.0001,0.001), eps=1e-04",0.0001,0.001,0.0001,brute,883024,1.0,0.9999,1.0
"U(0.0001,0.001), eps=1e-04",0.0001,0.001,0.0001,brute,1065150,1.0,0.9999,1.0
"U(0.0001,0.001), eps=1e-04",0.0001,0.001,0.0001,brute,1284840,1.0,0.9999,1.0
"U(0.0001,0.001), eps=1e-04",0.0001,0.001,0.0001,separable,856,0.0,0.0,0.0001
"U(0.0001,0.001), eps=1e-04",0.0001,0.001,0.0001,separable,1033,0.0,0.0,0.0001
"U(0.0001,0.001), eps=1e-04",0.0001,0.001,0.0001,separable,1246,0.0,0.0,0.0001
"U(0.0001,0.001), eps=1e-04",0.0001,0.001,0.0001,separable,1503,0.0,0.0,0.0001
"U(0.0001,0.001), eps=1e-04",0.0001,0.001,0.0001,separable,1813,0.0,0.0,0.0001
"U(0.0001,0.001), eps=1e-04",0.0001,0.001,0.0001,separable,2187,0.0,0.0,0.0001
"U(0.0001,0.001), eps=1e-04",0.0001,0.001,0.0001,separable,2638,0.0,0.0,0.0001
"U(0.0001,0.001), eps=1e-04",0.0001,0.001,0.0001,separable,3182,0.0,0.0,0.0001
"U(0.0001,0.001), eps=1e-04",0.0001,0.001,0.0001,separable,3839,0.0,0.0,0.0001
"U(0.0001,0.001), eps=1e-04",0.0001,0.001,0.0001,separable,4631,0.0,0.0,0.0001
"U(0.0001,0.001), eps=1e-04",0.0001,0.001,0.0001,separable,5586,0.0,0.0,0.0001
"U(0.0001,0.001), eps=1e-04",0.0001,0.001,0.0001,separable,6738,0.0,0.0,0.0001
"U(0.0001,0.001), eps=1e-04",0.0001,0.001,0.0001,separable,8128,0.0,0.0,0.0001
"U(0.0001,0.001), eps=1e-04",0.0001,0.001,0.0001,separable,9805,0.0,0.0,0.0001
"U(0.0001,0.001), eps=1e-04",0.0001,0.001,0.0001,separable,11827,0.0,0.0,0.0001
"U(0.0001,0.001), eps=1e-04",0.0001,0.001,0.0001,separable,14266,0.0,0.0,0.0001
"U(0.0001,0.001), eps=1e-04",0.0001,0.001,0.0001,separable,17209,0.0,0.0,0.0001
"U(0.0001,0.001), eps=1e-04",0.0001,0.001,0.0001,separable,20759,0.0,0.0,0.0001
"U(0.0001,0.001), eps=1e-04",0.0001,0.001,0.0001,separable,25040,0.0,0.0,0.0001
"U(0.0001,0.001), eps=1e-04",0.0001,0.001,0.0001,separable,30205,0.0,0.0,0.0001
"U(0.0001,0.001), eps=1e-04",0.0001,0.001,0.0001,separable,36435,0.0,0.0,0.0001
"U(0.0001,0.001), eps=1e-04",0.0001,0.001,0.0001,separable,43950,0.0,0.0,0.0001
"U(0.0001,0.001), eps=1e-04",0.0001,0.001,0.0001,separable,53015,0.0,0.0,0.0001
"U(0.0001,0.001), eps=1e-04",0.0001,0.001,0.0001,separable,63949,0.0,0.0,0.0001
"U(0.0001,0.001), eps=1e-04",0.0001,0.001,0.0001,separable,77139,0.0,0.0,0.0001
"U(0.0001,0.001), eps=1e-04",0.0001,0.001,0.0001,separable,93049,0.0,0.0,0.0001
"U(0.0001,0.001), eps=1e-04",0.0001,0.001,0.0001,separable,112241,0.0,0.0,0.0001
"U(0.0001,0.001), eps=1e-04",0.0001,0.001,0.0001,separable,135391,0.0,0.0,0.0001
"U(0.0001,0.001), eps=1e-04",0.0001,0.001,0.0001,separable,163315,0.0,0.0,0.0001
"U(0.0001,0.001), eps=1e-04",0.0001,0.001,0.0001,separable,197000,0.0,0.0,0.0001
"U(0.0001,0.001), eps=1e-04",0.0001,0.001,0.0001,separable,237632,0.0,0.0,0.0001
"U(0.0001,0.001), eps=1e-04",0.0001,0.001,0.0001,separable,286644,0.0,0.0,0.0001
"U(0.0001,0.001), eps=1e-04",0.0001,0.001,0.0001,separable,345765,0.0,0.0,0.0001
"U(0.0001,0.001), eps=1e-04",0.0001,0.001,0.0001,separable,417080,0.0,0.0,0.0001
"U(0.0001,0.001), eps=1e-04",0.0001,0.001,0.0001,separable,503104,0.0,0.0,0.0001
"U(0.0001,0.001), eps=1e-04",0.0001,0.001,0.0001,separable,606870,0.0,0.0,0.0001
"U(0.0001,0.001), eps=1e-04",0.0001,0.001,0.0001,separable,732039,0.0,0.0,0.0001
"U(0.0001,0.001), eps=1e-04",0.0001,0.001,0.0001,separable,883024,0.01435,0.01323,0.01556
"U(0.0001,0.001), eps=1e-04",0.0001,0.001,0.0001,separable,1065150,0.05185,0.04972,0.05407
"U(0.0001,0.001), eps=1e-04",0.0001,0.001,0.0001,separable,1284840,0.0803,0.07768,0.083
"U(0.0001,0.001), eps=1e-04",0.0001,0.001,0.0001,linear,856,0.0,0.0,0.0001
"U(0.0001,0.001), eps=1e-04",0.0001,0.001,0.0001,linear,1033,0.0,0.0,0.0001
"U(0.0001,0.001), eps=1e-04",0.0001,0.001,0.0001,linear,1246,0.0,0.0,0.0001
"U(0.0001,0.001), eps=1e-04",0.0001,0.001,0.0001,linear,1503,0.0,0.0,0.0001
"U(0.0001,0.001), eps=1e-04",0.0001,0.001,0.0001,linear,1813,0.0,0.0,0.0001
"U(0.0001,0.001), eps=1e-04",0.0001,0.001,0.0001,linear,2187,0.0,0.0,0.0001
"U(0.0001,0.001), eps=1e-04",0.0001,0.001,0.0001,linear,2638,0.0,0.0,0.0001
"U(0.0001,0.001), eps=1e-04",0.0001,0.001,0.0001,linear,3182,0.0,0.0,0.0001
"U(0.0001,0.001), eps=1e-04",0.0001,0.001,0.0001,linear,3839,0.0,0.0,0.0001
"U(0.0001,0.001), eps=1e-04",0.0001,0.001,0.0001,linear,4631,0.0,0.0,0.0001
"U(0.0001,0.001), eps=1e-04",0.0001,0.001,0.0001,linear,5586,0.0,0.0,0.0001
"U(0.0001,0.001), eps=1e-04",0.0001,0.001,0.0001,linear,6738,0.11085,0.10781,0.11396
"U(0.0001,0.001), eps=1e-04",0.0001,0.001,0.0001,linear,8128,0.2191,0.21507,0.22318
"U(0.0001,0.001), eps=1e-04",0.0001,0.001,0.0001,linear,9805,0.2191,0.21507,0.22318
"U(0.0001,0.001), eps=1e-04",0.0001,0.001,0.0001,linear,11827,0.29923,0.29476,0.30374
"U(0.0001,0.001), eps=1e-04",0.0001,0.001,0.0001,linear,14266,0.3638,0.3591,0.36853
"U(0.0001,0.001), eps=1e-04",0.0001,0.001,0.0001,linear,17209,0.29923,0.29476,0.30374
"U(0.0001,0.001), eps=1e-04",0.0001,0.001,0.0001,linear,20759,0.47015,0.46526,0.47504
"U(0.0001,0.001), eps=1e-04",0.0001,0.001,0.0001,linear,25040,0.47015,0.46526,0.47504
"U(0.0001,0.001), eps=1e-04",0.0001,0.001,0.0001,linear,30205,0.564,0.55913,0.56885
"U(0.0001,0.001), eps=1e-04",0.0001,0.001,0.0001,linear,36435,0.6544,0.64972,0.65905
"U(0.0001,0.001), eps=1e-04",0.0001,0.001,0.0001,linear,43950,0.72455,0.72015,0.72891
"U(0.0001,0.001), eps=1e-04",0.0001,0.001,0.0001,linear,53015,0.79017,0.78615,0.79413
"U(0.0001,0.001), eps=1e-04",0.0001,0.001,0.0001,linear,63949,0.85147,0.84795,0.85492
"U(0.0001,0.001), eps=1e-04",0.0001,0.001,0.0001,linear,77139,0.8998,0.89682,0.9027
"U(0.0001,0.001), eps=1e-04",0.0001,0.001,0.0001,linear,93049,0.93535,0.9329,0.93772
"U(0.0001,0.001), eps=1e-04",0.0001,0.001,0.0001,linear,112241,0.9615,0.95957,0.96334
"U(0.0001,0.001), eps=1e-04",0.0001,0.001,0.0001,linear,135391,0.97162,0.96995,0.9732
"U(0.0001,0.001), eps=1e-04",0.0001,0.001,0.0001,linear,163315,0.98782,0.9867,0.98885
"U(0.0001,0.001), eps=1e-04",0.0001,0.001,0.0001,linear,197000,0.99425,0.99346,0.99494
"U(0.0001,0.001), eps=1e-04",0.0001,0.001,0.0001,linear,237632,0.99667,0.99606,0.99719
"U(0.0001,0.001), eps=1e-04",0.0001,0.001,0.0001,linear,286644,0.99882,0.99843,0.99911
"U(0.0001,0.001), eps=1e-04",0.0001,0.001,0.0001,linear,345765,0.9996,0.99935,0.99975
"U(0.0001,0.001), eps=1e-04",0.0001,0.001,0.0001,linear,417080,0.99985,0.99967,0.99993
"U(0.0001,0.001), eps=1e-04",0.0001,0.001,0.0001,linear,503104,0.99997,0.99985,0.99999
"U(0.0001,0.001), eps=1e-04",0.0001,0.001,0.0001,linear,606870,1.0,0.9999,1.0
"U(0.0001,0.001), eps=1e-04",0.0001,0.001,0.0001,linear,732039,1.0,0.9999,1.0
"U(0.0001,0.001), eps=1e-04",0.0001,0.001,0.0001,linear,883024,1.0,0.9999,1.0
"U(0.0001,0.001), eps=1e-04",0.0001,0.001,0.0001,linear,1065150,1.0,0.9999,1.0
"U(0.0001,0.001), eps=1e-04",0.0001,0.001,0.0001,linear,1284840,1.0,0.9999,1.0
"U(0.0001,0.001), eps=1e-04",0.0001,0.001,0.0001,binary,856,0.0,0.0,0.0001
"U(0.0001,0.001), eps=1e-04",0.0001,0.001,0.0001,binary,1033,0.0,0.0,0.0001
"U(0.0001,0.001), eps=1e-04",0.0001,0.001,0.0001,binary,1246,0.0,0.0,0.0001
"U(0.0001,0.001), eps=1e-04",0.0001,0.001,0.0001,binary,1503,0.0,0.0,0.0001
"U(0.0001,0.001), eps=1e-04",0.0001,0.001,0.0001,binary,1813,0.0,0.0,0.0001
"U(0.0001,0.001), eps=1e-04",0.0001,0.001,0.0001,binary,2187,0.0,0.0,0.0001
"U(0.0001,0.001), eps=1e-04",0.0001,0.001,0.0001,binary,2638,0.0,0.0,0.0001
"U(0.0001,0.001), eps=1e-04",0.0001,0.001,0.0001,binary,3182,0.0,0.0,0.0001
"U(0.0001,0.001), eps=1e-04",0.0001,0.001,0.0001,binary,3839,0.0,0.0,0.0001
"U(0.0001,0.001), eps=1e-04",0.0001,0.001,0.0001,binary,4631,0.0,0.0,0.0001
"U(0.0001,0.001), eps=1e-04",0.0001,0.001,0.0001,binary,5586,0.0,0.0,0.0001
"U(0.0001,0.001), eps=1e-04",0.0001,0.001,0.0001,binary,6738,0.0,0.0,0.0001
"U(0.0001,0.001), eps=1e-04",0.0001,0.001,0.0001,binary,8128,0.0,0.0,0.0001
"U(0.0001,0.001), eps=1e-04",0.0001,0.001,0.0001,binary,9805,0.0,0.0,0.0001
"U(0.0001,0.001), eps=1e-04",0.0001,0.001,0.0001,binary,11827,0.0,0.0,0.0001
"U(0.0001,0.001), eps=1e-04",0.0001,0.001,0.0001,binary,14266,0.0,0.0,0.0001
"U(0.0001,0.001), eps=1e-04",0.0001,0.001,0.0001,binary,17209,0.0,0.0,0.0001
"U(0.0001,0.001), eps=1e-04",0.0001,0.001,0.0001,binary,20759,0.0,0.0,0.0001
"U(0.0001,0.001), eps=1e-04",0.0001,0.001,0.0001,binary,25040,0.0,0.0,0.0001
"U(0.0001,0.001), eps=1e-04",0.0001,0.001,0.0001,binary,30205,0.0,0.0,0.0001
"U(0.0001,0.001), eps=1e-04",0.0001,0.001,0.0001,binary,36435,0.0,0.0,0.0001
"U(0.0001,0.001), eps=1e-04",0.0001,0.001,0.0001,binary,43950,0.16537,0.16176,0.16904
"U(0.0001,0.001), eps=1e-04",0.0001,0.001,0.0001,binary,53015,0.16537,0.16176,0.16904
"U(0.0001,0.001), eps=1e-04",0.0001,0.001,0.0001,binary,63949,0.16055,0.15698,0.16418
"U(0.0001,0.001), eps=1e-04",0.0001,0.001,0.0001,binary,77139,0.16055,0.15698,0.16418
"U(0.0001,0.001), eps=1e-04",0.0001,0.001,0.0001,binary,93049,0.16537,0.16176,0.16904
"U(0.0001,0.001), eps=1e-04",0.0001,0.001,0.0001,binary,112241,0.1544,0.15089,0.15797
"U(0.0001,0.001), eps=1e-04",0.0001,0.001,0.0001,binary,135391,0.1544,0.15089,0.15797
"U(0.0001,0.001), eps=1e-04",0.0001,0.001,0.0001,binary,163315,0.16055,0.15698,0.16418
"U(0.0001,0.001), eps=1e-04",0.0001,0.001,0.0001,binary,197000,0.14793,0.14448,0.15144
"U(0.0001,0.001), eps=1e-04",0.0001,0.001,0.0001,binary,237632,0.27503,0.27068,0.27943
"U(0.0001,0.001), eps=1e-04",0.0001,0.001,0.0001,binary,286644,0.26603,0.26172,0.27038
"U(0.0001,0.001), eps=1e-04",0.0001,0.001,0.0001,binary,345765,0.41205,0.40724,0.41688
"U(0.0001,0.001), eps=1e-04",0.0001,0.001,0.0001,binary,417080,0.5437,0.53881,0.54858
"U(0.0001,0.001), eps=1e-04",0.0001,0.001,0.0001,binary,503104,0.72023,0.71581,0.72461
"U(0.0001,0.001), eps=1e-04",0.0001,0.001,0.0001,binary,606870,0.75092,0.74666,0.75513
"U(0.0001,0.001), eps=1e-04",0.0001,0.001,0.0001,binary,732039,0.7925,0.7885,0.79645
"U(0.0001,0.001), eps=1e-04",0.0001,0.001,0.0001,binary,883024,0.8927,0.88963,0.8957
"U(0.0001,0.001), eps=1e-04",0.0001,0.001,0.0001,binary,1065150,0.97072,0.96902,0.97233
"U(0.0001,0.001), eps=1e-04",0.0001,0.001,0.0001,binary,1284840,0.97288,0.97124,0.97443
"U(0.0001,0.001), eps=1e-04",0.0001,0.001,0.0001,reverse_eng,856,0.0,0.0,0.0001
"U(0.0001,0.001), eps=1e-04",0.0001,0.001,0.0001,reverse_eng,1033,0.0,0.0,0.0001
"U(0.0001,0.001), eps=1e-04",0.0001,0.001,0.0001,reverse_eng,1246,0.0,0.0,0.0001
"U(0.0001,0.001), eps=1e-04",0.0001,0.001,0.0001,reverse_eng,1503,0.0,0.0,0.0001
"U(0.0001,0.001), eps=1e-04",0.0001,0.001,0.0001,reverse_eng,1813,0.0,0.0,0.0001
"U(0.0001,0.001), eps=1e-04",0.0001,0.001,0.0001,reverse_eng,2187,0.0,0.0,0.0001
"U(0.0001,0.001), eps=1e-04",0.0001,0.001,0.0001,reverse_eng,2638,0.0,0.0,0.0001
"U(0.0001,0.001), eps=1e-04",0.0001,0.001,0.0001,reverse_eng,3182,0.0,0.0,0.0001
"U(0.0001,0.001), eps=1e-04",0.0001,0.001,0.0001,reverse_eng,3839,0.0,0.0,0.0001
"U(0.0001,0.001), eps=1e-04",0.0001,0.001,0.0001,reverse_eng,4631,0.0,0.0,0.0001
"U(0.0001,0.001), eps=1e-04",0.0001,0.001,0.0001,reverse_eng,5586,0.0,0.0,0.0001
"U(0.0001,0.001), eps=1e-04",0.0001,0.001,0.0001,reverse_eng,6738,0.0,0.0,0.0001
"U(0.0001,0.001), eps=1e-04",0.0001,0.001,0.0001,reverse_eng,8128,0.0,0.0,0.0001
"U(0.0001,0.001), eps=1e-04",0.0001,0.001,0.0001,reverse_eng,9805,0.0,0.0,0.0001
"U(0.0001,0.001), eps=1e-04",0.0001,0.001,0.0001,reverse_eng,11827,0.0,0.0,0.0001
"U(0.0001,0.001), eps=1e-04",0.0001,0.001,0.0001,reverse_eng,14266,0.0,0.0,0.0001
"U(0.0001,0.001), eps=1e-04",0.0001,0.001,0.0001,reverse_eng,17209,0.0,0.0,0.0001
"U(0.0001,0.001), eps=1e-04",0.0001,0.001,0.0001,reverse_eng,20759,0.0,0.0,0.0001
"U(0.0001,0.001), eps=1e-04",0.0001,0.001,0.0001,reverse_eng,25040,0.0,0.0,0.0001
"U(0.0001,0.001), eps=1e-04",0.0001,0.001,0.0001,reverse_eng,30205,0.0,0.0,0.0001
"U(0.0001,0.001), eps=1e-04",0.0001,0.001,0.0001,reverse_eng,36435,0.57663,0.57178,0.58146
"U(0.0001,0.001), eps=1e-04",0.0001,0.001,0.0001,reverse_eng,43950,0.74862,0.74435,0.75285
"U(0.0001,0.001), eps=1e-04",0.0001,0.001,0.0001,reverse_eng,53015,0.78643,0.78239,0.79042
"U(0.0001,0.001), eps=1e-04",0.0001,0.001,0.0001,reverse_eng,63949,0.82255,0.81878,0.82626
"U(0.0001,0.001), eps=1e-04",0.0001,0.001,0.0001,reverse_eng,77139,0.87047,0.86714,0.87373
"U(0.0001,0.001), eps=1e-04",0.0001,0.001,0.0001,reverse_eng,93049,0.90748,0.9046,0.91028
"U(0.0001,0.001), eps=1e-04",0.0001,0.001,0.0001,reverse_eng,112241,0.93507,0.93261,0.93744
"U(0.0001,0.001), eps=1e-04",0.0001,0.001,0.0001,reverse_eng,135391,0.95455,0.95246,0.95655
"U(0.0001,0.001), eps=1e-04",0.0001,0.001,0.0001,reverse_eng,163315,0.97018,0.96847,0.9718
"U(0.0001,0.001), eps=1e-04",0.0001,0.001,0.0001,reverse_eng,197000,0.98208,0.98073,0.98333
"U(0.0001,0.001), eps=1e-04",0.0001,0.001,0.0001,reverse_eng,237632,0.98942,0.98837,0.99038
"U(0.0001,0.001), eps=1e-04",0.0001,0.001,0.0001,reverse_eng,286644,0.99275,0.99187,0.99354
"U(0.0001,0.001), eps=1e-04",0.0001,0.001,0.0001,reverse_eng,345765,0.99638,0.99574,0.99692
"U(0.0001,0.001), eps=1e-04",0.0001,0.001,0.0001,reverse_eng,417080,0.99775,0.99724,0.99817
"U(0.0001,0.001), eps=1e-04",0.0001,0.001,0.0001,reverse_eng,503104,0.99865,0.99824,0.99897
"U(0.0001,0.001), eps=1e-04",0.0001,0.001,0.0001,reverse_eng,606870,0.99923,0.99891,0.99946
"U(0.0001,0.001), eps=1e-04",0.0001,0.001,0.0001,reverse_eng,732039,0.99938,0.99908,0.99958
"U(0.0001,0.001), eps=1e-04",0.0001,0.001,0.0001,reverse_eng,883024,0.99938,0.99908,0.99958
"U(0.0001,0.001), eps=1e-04",0.0001,0.001,0.0001,reverse_eng,1065150,0.99938,0.99908,0.99958
"U(0.0001,0.001), eps=1e-04",0.0001,0.001,0.0001,reverse_eng,1284840,0.99935,0.99905,0.99956
"U(0.0001,0.001), eps=1e-04",0.0001,0.001,0.0001,binary_risk,856,0.0,0.0,0.0001
"U(0.0001,0.001), eps=1e-04",0.0001,0.001,0.0001,binary_risk,1033,0.0,0.0,0.0001
"U(0.0001,0.001), eps=1e-04",0.0001,0.001,0.0001,binary_risk,1246,0.0,0.0,0.0001
"U(0.0001,0.001), eps=1e-04",0.0001,0.001,0.0001,binary_risk,1503,0.0,0.0,0.0001
"U(0.0001,0.001), eps=1e-04",0.0001,0.001,0.0001,binary_risk,1813,0.0,0.0,0.0001
"U(0.0001,0.001), eps=1e-04",0.0001,0.001,0.0001,binary_risk,2187,0.0,0.0,0.0001
"U(0.0001,0.001), eps=1e-04",0.0001,0.001,0.0001,binary_risk,2638,0.0,0.0,0.0001
"U(0.0001,0.001), eps=1e-04",0.0001,0.001,0.0001,binary_risk,3182,0.0,0.0,0.0001
"U(0.0001,0.001), eps=1e-04",0.0001,0.001,0.0001,binary_risk,3839,0.0,0.0,0.0001
"U(0.0001,0.001), eps=1e-04",0.0001,0.001,0.0001,binary_risk,4631,0.0,0.0,0.0001
"U(0.0001,0.001), eps=1e-04",0.0001,0.001,0.0001,binary_risk,5586,0.0,0.0,0.0001
"U(0.0001,0.001), eps=1e-04",0.0001,0.001,0.0001,binary_risk,6738,0.0,0.0,0.0001
"U(0.0001,0.001), eps=1e-04",0.0001,0.001,0.0001,binary_risk,8128,0.0,0.0,0.0001
"U(0.0001,0.001), eps=1e-04",0.0001,0.001,0.0001,binary_risk,9805,0.0,0.0,0.0001
"U(0.0001,0.001), eps=1e-04",0.0001,0.001,0.0001,binary_risk,11827,0.0,0.0,0.0001
"U(0.0001,0.001), eps=1e-04",0.0001,0.001,0.0001,binary_risk,14266,0.0,0.0,0.0001
"U(0.0001,0.001), eps=1e-04",0.0001,0.001,0.0001,binary_risk,17209,0.0,0.0,0.0001
"U(0.0001,0.001), eps=1e-04",0.0001,0.001,0.0001,binary_risk,20759,0.0,0.0,0.0001
"U(0.0001,0.001), eps=1e-04",0.0001,0.001,0.0001,binary_risk,25040,0.0,0.0,0.0001
"U(0.0001,0.001), eps=1e-04",0.0001,0.001,0.0001,binary_risk,30205,0.0,0.0,0.0001
"U(0.0001,0.001), eps=1e-04",0.0001,0.001,0.0001,binary_risk,36435,0.28058,0.2762,0.285
"U(0.0001,0.001), eps=1e-04",0.0001,0.001,0.0001,binary_risk,43950,0.56025,0.55538,0.56511
"U(0.0001,0.001), eps=1e-04",0.0001,0.001,0.0001,binary_risk,53015,0.74443,0.74013,0.74868
"U(0.0001,0.001), eps=1e-04",0.0001,0.001,0.0001,binary_risk,63949,0.85132,0.8478,0.85477
"U(0.0001,0.001), eps=1e-04",0.0001,0.001,0.0001,binary_risk,77139,0.91533,0.91256,0.91802
"U(0.0001,0.001), eps=1e-04",0.0001,0.001,0.0001,binary_risk,93049,0.95283,0.95071,0.95486
"U(0.0001,0.001), eps=1e-04",0.0001,0.001,0.0001,binary_risk,112241,0.9762,0.97466,0.97765
"U(0.0001,0.001), eps=1e-04",0.0001,0.001,0.0001,binary_risk,135391,0.9889,0.98783,0.98988
"U(0.0001,0.001), eps=1e-04",0.0001,0.001,0.0001,binary_risk,163315,0.99538,0.99467,0.996
"U(0.0001,0.001), eps=1e-04",0.0001,0.001,0.0001,binary_risk,197000,0.99805,0.99757,0.99844
"U(0.0001,0.001), eps=1e-04",0.0001,0.001,0.0001,binary_risk,237632,0.99925,0.99893,0.99947
"U(0.0001,0.001), eps=1e-04",0.0001,0.001,0.0001,binary_risk,286644,0.9996,0.99935,0.99975
"U(0.0001,0.001), eps=1e-04",0.0001,0.001,0.0001,binary_risk,345765,0.9999,0.99974,0.99996
"U(0.0001,0.001), eps=1e-04",0.0001,0.001,0.0001,binary_risk,417080,0.99992,0.99977,0.99997
"U(0.0001,0.001), eps=1e-04",0.0001,0.001,0.0001,binary_risk,503104,1.0,0.9999,1.0
"U(0.0001,0.001), eps=1e-04",0.0001,0.001,0.0001,binary_risk,606870,1.0,0.9999,1.0
"U(0.0001,0.001), eps=1e-04",0.0001,0.001,0.0001,binary_risk,732039,1.0,0.9999,1.0
"U(0.0001,0.001), eps=1e-04",0.0001,0.001,0.0001,binary_risk,883024,1.0,0.9999,1.0
"U(0.0001,0.001), eps=1e-04",0.0001,0.001,0.0001,binary_risk,1065150,1.0,0.9999,1.0
"U(0.0001,0.001), eps=1e-04",0.0001,0.001,0.0001,binary_risk,1284840,0.99997,0.99985,0.99999
"U(0.0001,0.001), eps=1e-04",0.0001,0.001,0.0001,reverse_eng_risk,856,0.0,0.0,0.0001
"U(0.0001,0.001), eps=1e-04",0.0001,0.001,0.0001,reverse_eng_risk,1033,0.0,0.0,0.0001
"U(0.0001,0.001), eps=1e-04",0.0001,0.001,0.0001,reverse_eng_risk,1246,0.0,0.0,0.0001
"U(0.0001,0.001), eps=1e-04",0.0001,0.001,0.0001,reverse_eng_risk,1503,0.0,0.0,0.0001
"U(0.0001,0.001), eps=1e-04",0.0001,0.001,0.0001,reverse_eng_risk,1813,0.0,0.0,0.0001
"U(0.0001,0.001), eps=1e-04",0.0001,0.001,0.0001,reverse_eng_risk,2187,0.0,0.0,0.0001
"U(0.0001,0.001), eps=1e-04",0.0001,0.001,0.0001,reverse_eng_risk,2638,0.0,0.0,0.0001
"U(0.0001,0.001), eps=1e-04",0.0001,0.001,0.0001,reverse_eng_risk,3182,0.0,0.0,0.0001
"U(0.0001,0.001), eps=1e-04",0.0001,0.001,0.0001,reverse_eng_risk,3839,0.0,0.0,0.0001
"U(0.0001,0.001), eps=1e-04",0.0001,0.001,0.0001,reverse_eng_risk,4631,0.0,0.0,0.0001
"U(0.0001,0.001), eps=1e-04",0.0001,0.001,0.0001,reverse_eng_risk,5586,0.0,0.0,0.0001
"U(0.0001,0.001), eps=1e-04",0.0001,0.001,0.0001,reverse_eng_risk,6738,0.0,0.0,0.0001
"U(0.0001,0.001), eps=1e-04",0.0001,0.001,0.0001,reverse_eng_risk,8128,0.0,0.0,0.0001
"U(0.0001,0.001), eps=1e-04",0.0001,0.001,0.0001,reverse_eng_risk,9805,0.0,0.0,0.0001
"U(0.0001,0.001), eps=1e-04",0.0001,0.001,0.0001,reverse_eng_risk,11827,0.0,0.0,0.0001
"U(0.0001,0.001), eps=1e-04",0.0001,0.001,0.0001,reverse_eng_risk,14266,0.0,0.0,0.0001
"U(0.0001,0.001), eps=1e-04",0.0001,0.001,0.0001,reverse_eng_risk,17209,0.0,0.0,0.0001
"U(0.0001,0.001), eps=1e-04",0.0001,0.001,0.0001,reverse_eng_risk,20759,0.0,0.0,0.0001
"U(0.0001,0.001), eps=1e-04",0.0001,0.001,0.0001,reverse_eng_risk,25040,0.0,0.0,0.0001
"U(0.0001,0.001), eps=1e-04",0.0001,0.001,0.0001,reverse_eng_risk,30205,0.0,0.0,0.0001
"U(0.0001,0.001), eps=1e-04",0.0001,0.001,0.0001,reverse_eng_risk,36435,0.28058,0.2762,0.285
"U(0.0001,0.001), eps=1e-04",0.0001,0.001,0.0001,reverse_eng_risk,43950,0.53485,0.52996,0.53973
"U(0.0001,0.001), eps=1e-04",0.0001,0.001,0.0001,reverse_eng_risk,53015,0.7064,0.70192,0.71084
"U(0.0001,0.001), eps=1e-04",0.0001,0.001,0.0001,reverse_eng_risk,63949,0.81022,0.80635,0.81403
"U(0.0001,0.001), eps=1e-04",0.0001,0.001,0.0001,reverse_eng_risk,77139,0.88858,0.88546,0.89163
"U(0.0001,0.001), eps=1e-04",0.0001,0.001,0.0001,reverse_eng_risk,93049,0.93475,0.93229,0.93713
"U(0.0001,0.001), eps=1e-04",0.0001,0.001,0.0001,reverse_eng_risk,112241,0.96562,0.96379,0.96736
"U(0.0001,0.001), eps=1e-04",0.0001,0.001,0.0001,reverse_eng_risk,135391,0.9817,0.98034,0.98297
"U(0.0001,0.001), eps=1e-04",0.0001,0.001,0.0001,reverse_eng_risk,163315,0.98742,0.98628,0.98847
"U(0.0001,0.001), eps=1e-04",0.0001,0.001,0.0001,reverse_eng_risk,197000,0.99135,0.99039,0.99221
"U(0.0001,0.001), eps=1e-04",0.0001,0.001,0.0001,reverse_eng_risk,237632,0.9985,0.99807,0.99883
"U(0.0001,0.001), eps=1e-04",0.0001,0.001,0.0001,reverse_eng_risk,286644,0.9992,0.99887,0.99943
"U(0.0001,0.001), eps=1e-04",0.0001,0.001,0.0001,reverse_eng_risk,345765,0.9997,0.99948,0.99983
"U(0.0001,0.001), eps=1e-04",0.0001,0.001,0.0001,reverse_eng_risk,417080,0.99992,0.99977,0.99997
"U(0.0001,0.001), eps=1e-04",0.0001,0.001,0.0001,reverse_eng_risk,503104,0.99997,0.99985,0.99999
"U(0.0001,0.001), eps=1e-04",0.0001,0.001,0.0001,reverse_eng_risk,606870,1.0,0.9999,1.0
"U(0.0001,0.001), eps=1e-04",0.0001,0.001,0.0001,reverse_eng_risk,732039,1.0,0.9999,1.0
"U(0.0001,0.001), eps=1e-04",0.0001,0.001,0.0001,reverse_eng_risk,883024,1.0,0.9999,1.0
"U(0.0001,0.001), eps=1e-04",0.0001,0.001,0.0001,reverse_eng_risk,1065150,1.0,0.9999,1.0
"U(0.0001,0.001), eps=1e-04",0.0001,0.001,0.0001,reverse_eng_risk,1284840,1.0,0.9999,1.0
"U(0.0001,0.001), eps=1e-06",0.0001,0.001,1e-06,brute,8565605,0.1828,0.17904,0.18662
"U(0.0001,0.001), eps=1e-06",0.0001,0.001,1e-06,brute,10332282,0.20192,0.19801,0.20588
"U(0.0001,0.001), eps=1e-06",0.0001,0.001,1e-06,brute,12463342,0.22265,0.2186,0.22675
"U(0.0001,0.001), eps=1e-06",0.0001,0.001,1e-06,brute,15033938,0.24213,0.23796,0.24635
"U(0.0001,0.001), eps=1e-06",0.0001,0.001,1e-06,brute,18134725,0.2648,0.2605,0.26915
"U(0.0001,0.001), eps=1e-06",0.0001,0.001,1e-06,brute,21875059,0.28937,0.28495,0.29383
"U(0.0001,0.001), eps=1e-06",0.0001,0.001,1e-06,brute,26386845,0.31662,0.31208,0.3212
"U(0.0001,0.001), eps=1e-06",0.0001,0.001,1e-06,brute,31829199,0.34547,0.34083,0.35014
"U(0.0001,0.001), eps=1e-06",0.0001,0.001,1e-06,brute,38394051,0.3751,0.37037,0.37986
"U(0.0001,0.001), eps=1e-06",0.0001,0.001,1e-06,brute,46312922,0.40892,0.40411,0.41375
"U(0.0001,0.001), eps=1e-06",0.0001,0.001,1e-06,brute,55865079,0.44565,0.44078,0.45053
"U(0.0001,0.001), eps=1e-06",0.0001,0.001,1e-06,brute,67387393,0.4847,0.4798,0.4896
"U(0.0001,0.001), eps=1e-06",0.0001,0.001,1e-06,brute,81286214,0.5244,0.5195,0.52929
"U(0.0001,0.001), eps=1e-06",0.0001,0.001,1e-06,brute,98051701,0.56575,0.56089,0.5706
"U(0.0001,0.001), eps=1e-06",0.0001,0.001,1e-06,brute,118275113,0.60933,0.60454,0.6141
"U(0.0001,0.001), eps=1e-06",0.0001,0.001,1e-06,brute,142669654,0.6552,0.65053,0.65984
"U(0.0001,0.001), eps=1e-06",0.0001,0.001,1e-06,brute,172095631,0.70127,0.69677,0.70574
"U(0.0001,0.001), eps=1e-06",0.0001,0.001,1e-06,brute,207590791,0.74695,0.74267,0.75119
"U(0.0001,0.001), eps=1e-06",0.0001,0.001,1e-06,brute,250406917,0.79248,0.78848,0.79643
"U(0.0001,0.001), eps=1e-06",0.0001,0.001,1e-06,brute,302053977,0.83327,0.82959,0.83689
"U(0.0001,0.001), eps=1e-06",0.0001,0.001,1e-06,brute,364353374,0.86962,0.86628,0.87288
"U(0.0001,0.001), eps=1e-06",0.0001,0.001,1e-06,brute,439502180,0.9035,0.90057,0.90636
"U(0.0001,0.001), eps=1e-06",0.0001,0.001,1e-06,brute,530150616,0.93288,0.93039,0.93529
"U(0.0001,0.001), eps=1e-06",0.0001,0.001,1e-06,brute,639495523,0.9548,0.95272,0.95679
"U(0.0001,0.001), eps=1e-06",0.0001,0.001,1e-06,brute,771393092,0.9719,0.97023,0.97347
"U(0.0001,0.001), eps=1e-06",0.0001,0.001,1e-06,brute,930494870,0.98415,0.98288,0.98533
"U(0.0001,0.001), eps=1e-06",0.0001,0.001,1e-06,brute,1122411792,0.99243,0.99153,0.99323
"U(0.0001,0.001), eps=1e-06",0.0001,0.001,1e-06,brute,1353912064,0.99665,0.99603,0.99717
"U(0.0001,0.001), eps=1e-06",0.0001,0.001,1e-06,brute,1633159853,0.99865,0.99824,0.99897
"U(0.0001,0.001), eps=1e-06",0.0001,0.001,1e-06,brute,1970003206,0.99967,0.99944,0.99981
"U(0.0001,0.001), eps=1e-06",0.0001,0.001,1e-06,brute,2376321352,0.99992,0.99977,0.99997
"U(0.0001,0.001), eps=1e-06",0.0001,0.001,1e-06,brute,2866443644,1.0,0.9999,1.0
"U(0.0001,0.001), eps=1e-06",0.0001,0.001,1e-06,brute,3457654899,1.0,0.9999,1.0
"U(0.0001,0.001), eps=1e-06",0.0001,0.001,1e-06,brute,4170804972,1.0,0.9999,1.0
"U(0.0001,0.001), eps=1e-06",0.0001,0.001,1e-06,brute,5031044051,1.0,0.9999,1.0
"U(0.0001,0.001), eps=1e-06",0.0001,0.001,1e-06,brute,6068709618,1.0,0.9999,1.0
"U(0.0001,0.001), eps=1e-06",0.0001,0.001,1e-06,brute,7320396333,1.0,0.9999,1.0
"U(0.0001,0.001), eps=1e-06",0.0001,0.001,1e-06,brute,8830246601,1.0,0.9999,1.0
"U(0.0001,0.001), eps=1e-06",0.0001,0.001,1e-06,brute,10651507307,1.0,0.9999,1.0
"U(0.0001,0.001), eps=1e-06",0.0001,0.001,1e-06,brute,12848407643,1.0,0.9999,1.0
"U(0.0001,0.001), eps=1e-06",0.0001,0.001,1e-06,separable,8565605,0.0037,0.00315,0.00434
"U(0.0001,0.001), eps=1e-06",0.0001,0.001,1e-06,separable,10332282,0.00405,0.00347,0.00472
"U(0.0001,0.001), eps=1e-06",0.0001,0.001,1e-06,separable,12463342,0.00475,0.00412,0.00547
"U(0.0001,0.001), eps=1e-06",0.0001,0.001,1e-06,separable,15033938,0.00515,0.00449,0.0059
"U(0.0001,0.001), eps=1e-06",0.0001,0.001,1e-06,separable,18134725,0.0056,0.00491,0.00638
"U(0.0001,0.001), eps=1e-06",0.0001,0.001,1e-06,separable,21875059,0.00728,0.00649,0.00816
"U(0.0001,0.001), eps=1e-06",0.0001,0.001,1e-06,separable,26386845,0.0085,0.00765,0.00945
"U(0.0001,0.001), eps=1e-06",0.0001,0.001,1e-06,separable,31829199,0.00833,0.00749,0.00927
"U(0.0001,0.001), eps=1e-06",0.0001,0.001,1e-06,separable,38394051,0.00935,0.00845,0.01034
"U(0.0001,0.001), eps=1e-06",0.0001,0.001,1e-06,separable,46312922,0.01057,0.00961,0.01162
"U(0.0001,0.001), eps=1e-06",0.0001,0.001,1e-06,separable,55865079,0.0116,0.0106,0.0127
"U(0.0001,0.001), eps=1e-06",0.0001,0.001,1e-06,separable,67387393,0.01353,0.01244,0.01471
"U(0.0001,0.001), eps=1e-06",0.0001,0.001,1e-06,separable,81286214,0.0138,0.0127,0.01499
"U(0.0001,0.001), eps=1e-06",0.0001,0.001,1e-06,separable,98051701,0.01555,0.01438,0.01681
"U(0.0001,0.001), eps=1e-06",0.0001,0.001,1e-06,separable,118275113,0.01667,0.01546,0.01797
"U(0.0001,0.001), eps=1e-06",0.0001,0.001,1e-06,separable,142669654,0.0179,0.01665,0.01925
"U(0.0001,0.001), eps=1e-06",0.0001,0.001,1e-06,separable,172095631,0.02025,0.01892,0.02168
"U(0.0001,0.001), eps=1e-06",0.0001,0.001,1e-06,separable,207590791,0.02297,0.02155,0.02448
"U(0.0001,0.001), eps=1e-06",0.0001,0.001,1e-06,separable,250406917,0.02435,0.02288,0.02591
"U(0.0001,0.001), eps=1e-06",0.0001,0.001,1e-06,separable,302053977,0.02842,0.02684,0.03009
"U(0.0001,0.001), eps=1e-06",0.0001,0.001,1e-06,separable,364353374,0.02985,0.02823,0.03156
"U(0.0001,0.001), eps=1e-06",0.0001,0.001,1e-06,separable,439502180,0.035,0.03324,0.03685
"U(0.0001,0.001), eps=1e-06",0.0001,0.001,1e-06,separable,530150616,0.03723,0.03542,0.03913
"U(0.0001,0.001), eps=1e-06",0.0001,0.001,1e-06,separable,639495523,0.03948,0.03762,0.04143
"U(0.0001,0.001), eps=1e-06",0.0001,0.001,1e-06,separable,771393092,0.0444,0.04242,0.04646
"U(0.0001,0.001), eps=1e-06",0.0001,0.001,1e-06,separable,930494870,0.0482,0.04614,0.05034
"U(0.0001,0.001), eps=1e-06",0.0001,0.001,1e-06,separable,1122411792,0.0534,0.05124,0.05565
"U(0.0001,0.001), eps=1e-06",0.0001,0.001,1e-06,separable,1353912064,0.05875,0.05649,0.0611
"U(0.0001,0.001), eps=1e-06",0.0001,0.001,1e-06,separable,1633159853,0.06455,0.06218,0.067
"U(0.0001,0.001), eps=1e-06",0.0001,0.001,1e-06,separable,1970003206,0.07145,0.06897,0.07402
"U(0.0001,0.001), eps=1e-06",0.0001,0.001,1e-06,separable,2376321352,0.07798,0.07539,0.08065
"U(0.0001,0.001), eps=1e-06",0.0001,0.001,1e-06,separable,2866443644,0.08715,0.08443,0.08995
"U(0.0001,0.001), eps=1e-06",0.0001,0.001,1e-06,separable,3457654899,0.09577,0.09292,0.09869
"U(0.0001,0.001), eps=1e-06",0.0001,0.001,1e-06,separable,4170804972,0.10375,0.1008,0.10678
"U(0.0001,0.001), eps=1e-06",0.0001,0.001,1e-06,separable,5031044051,0.1137,0.11063,0.11685
"U(0.0001,0.001), eps=1e-06",0.0001,0.001,1e-06,separable,6068709618,0.1247,0.1215,0.12797
"U(0.0001,0.001), eps=1e-06",0.0001,0.001,1e-06,separable,7320396333,0.1363,0.13297,0.1397
"U(0.0001,0.001), eps=1e-06",0.0001,0.001,1e-06,separable,8830246601,0.1501,0.14663,0.15363
"U(0.0001,0.001), eps=1e-06",0.0001,0.001,1e-06,separable,10651507307,0.164,0.1604,0.16766
"U(0.0001,0.001), eps=1e-06",0.0001,0.001,1e-06,separable,12848407643,0.17968,0.17595,0.18347
"U(0.0001,0.001), eps=1e-06",0.0001,0.001,1e-06,linear,8565605,0.18907,0.18526,0.19294
"U(0.0001,0.001), eps=1e-06",0.0001,0.001,1e-06,linear,10332282,0.20827,0.20432,0.21228
"U(0.0001,0.001), eps=1e-06",0.0001,0.001,1e-06,linear,12463342,0.21975,0.21572,0.22383
"U(0.0001,0.001), eps=1e-06",0.0001,0.001,1e-06,linear,15033938,0.24063,0.23647,0.24484
"U(0.0001,0.001), eps=1e-06",0.0001,0.001,1e-06,linear,18134725,0.2748,0.27045,0.2792
"U(0.0001,0.001), eps=1e-06",0.0001,0.001,1e-06,linear,21875059,0.303,0.29852,0.30752
"U(0.0001,0.001), eps=1e-06",0.0001,0.001,1e-06,linear,26386845,0.3313,0.3267,0.33593
"U(0.0001,0.001), eps=1e-06",0.0001,0.001,1e-06,linear,31829199,0.3615,0.35681,0.36622
"U(0.0001,0.001), eps=1e-06",0.0001,0.001,1e-06,linear,38394051,0.388,0.38324,0.39279
"U(0.0001,0.001), eps=1e-06",0.0001,0.001,1e-06,linear,46312922,0.42592,0.42108,0.43077
"U(0.0001,0.001), eps=1e-06",0.0001,0.001,1e-06,linear,55865079,0.46537,0.46049,0.47026
"U(0.0001,0.001), eps=1e-06",0.0001,0.001,1e-06,linear,67387393,0.50567,0.50077,0.51057
"U(0.0001,0.001), eps=1e-06",0.0001,0.001,1e-06,linear,81286214,0.54868,0.5438,0.55355
"U(0.0001,0.001), eps=1e-06",0.0001,0.001,1e-06,linear,98051701,0.59435,0.58953,0.59915
"U(0.0001,0.001), eps=1e-06",0.0001,0.001,1e-06,linear,118275113,0.6401,0.63538,0.64479
"U(0.0001,0.001), eps=1e-06",0.0001,0.001,1e-06,linear,142669654,0.68647,0.68191,0.691
"U(0.0001,0.001), eps=1e-06",0.0001,0.001,1e-06,linear,172095631,0.73123,0.72686,0.73555
"U(0.0001,0.001), eps=1e-06",0.0001,0.001,1e-06,linear,207590791,0.76607,0.7619,0.77019
"U(0.0001,0.001), eps=1e-06",0.0001,0.001,1e-06,linear,250406917,0.80807,0.80418,0.8119
"U(0.0001,0.001), eps=1e-06",0.0001,0.001,1e-06,linear,302053977,0.84942,0.84588,0.85289
"U(0.0001,0.001), eps=1e-06",0.0001,0.001,1e-06,linear,364353374,0.88935,0.88624,0.89239
"U(0.0001,0.001), eps=1e-06",0.0001,0.001,1e-06,linear,439502180,0.91907,0.91636,0.9217
"U(0.0001,0.001), eps=1e-06",0.0001,0.001,1e-06,linear,530150616,0.94163,0.93929,0.94389
"U(0.0001,0.001), eps=1e-06",0.0001,0.001,1e-06,linear,639495523,0.96567,0.96384,0.96741
"U(0.0001,0.001), eps=1e-06",0.0001,0.001,1e-06,linear,771393092,0.97877,0.97731,0.98014
"U(0.0001,0.001), eps=1e-06",0.0001,0.001,1e-06,linear,930494870,0.98887,0.98779,0.98985
"U(0.0001,0.001), eps=1e-06",0.0001,0.001,1e-06,linear,1122411792,0.99387,0.99306,0.99459
"U(0.0001,0.001), eps=1e-06",0.0001,0.001,1e-06,linear,1353912064,0.99677,0.99616,0.99728
"U(0.0001,0.001), eps=1e-06",0.0001,0.001,1e-06,linear,1633159853,0.99855,0.99813,0.99888
"U(0.0001,0.001), eps=1e-06",0.0001,0.001,1e-06,linear,1970003206,0.9996,0.99935,0.99975
"U(0.0001,0.001), eps=1e-06",0.0001,0.001,1e-06,linear,2376321352,0.9999,0.99974,0.99996
"U(0.0001,0.001), eps=1e-06",0.0001,0.001,1e-06,linear,2866443644,0.99995,0.99982,0.99999
"U(0.0001,0.001), eps=1e-06",0.0001,0.001,1e-06,linear,3457654899,0.99997,0.99985,0.99999
"U(0.0001,0.001), eps=1e-06",0.0001,0.001,1e-06,linear,4170804972,0.99997,0.99985,0.99999
"U(0.0001,0.001), eps=1e-06",0.0001,0.001,1e-06,linear,5031044051,0.99997,0.99985,0.99999
"U(0.0001,0.001), eps=1e-06",0.0001,0.001,1e-06,linear,6068709618,0.99997,0.99985,0.99999
"U(0.0001,0.001), eps=1e-06",0.0001,0.001,1e-06,linear,7320396333,0.99997,0.99985,0.99999
"U(0.0001,0.001), eps=1e-06",0.0001,0.001,1e-06,linear,8830246601,0.99997,0.99985,0.99999
"U(0.0001,0.001), eps=1e-06",0.0001,0.001,1e-06,linear,10651507307,0.99997,0.99985,0.99999
"U(0.0001,0.001), eps=1e-06",0.0001,0.001,1e-06,linear,12848407643,0.99997,0.99985,0.99999
"U(0.0001,0.001), eps=1e-06",0.0001,0.001,1e-06,binary,8565605,0.1818,0.17805,0.18561
"U(0.0001,0.001), eps=1e-06",0.0001,0.001,1e-06,binary,10332282,0.20195,0.19804,0.20591
"U(0.0001,0.001), eps=1e-06",0.0001,0.001,1e-06,binary,12463342,0.22303,0.21898,0.22714
"U(0.0001,0.001), eps=1e-06",0.0001,0.001,1e-06,binary,15033938,0.24682,0.24262,0.25107
"U(0.0001,0.001), eps=1e-06",0.0001,0.001,1e-06,binary,18134725,0.27058,0.26625,0.27496
"U(0.0001,0.001), eps=1e-06",0.0001,0.001,1e-06,binary,21875059,0.29842,0.29396,0.30292
"U(0.0001,0.001), eps=1e-06",0.0001,0.001,1e-06,binary,26386845,0.33,0.32541,0.33462
"U(0.0001,0.001), eps=1e-06",0.0001,0.001,1e-06,binary,31829199,0.354,0.34933,0.3587
"U(0.0001,0.001), eps=1e-06",0.0001,0.001,1e-06,binary,38394051,0.3961,0.39132,0.4009
"U(0.0001,0.001), eps=1e-06",0.0001,0.001,1e-06,binary,46312922,0.43065,0.4258,0.43551
"U(0.0001,0.001), eps=1e-06",0.0001,0.001,1e-06,binary,55865079,0.46865,0.46376,0.47354
"U(0.0001,0.001), eps=1e-06",0.0001,0.001,1e-06,binary,67387393,0.5116,0.5067,0.5165
"U(0.0001,0.001), eps=1e-06",0.0001,0.001,1e-06,binary,81286214,0.55375,0.54887,0.55862
"U(0.0001,0.001), eps=1e-06",0.0001,0.001,1e-06,binary,98051701,0.59452,0.5897,0.59932
"U(0.0001,0.001), eps=1e-06",0.0001,0.001,1e-06,binary,118275113,0.6364,0.63167,0.6411
"U(0.0001,0.001), eps=1e-06",0.0001,0.001,1e-06,binary,142669654,0.67845,0.67386,0.68301
"U(0.0001,0.001), eps=1e-06",0.0001,0.001,1e-06,binary,172095631,0.71872,0.71429,0.72311
"U(0.0001,0.001), eps=1e-06",0.0001,0.001,1e-06,binary,207590791,0.7415,0.73719,0.74577
"U(0.0001,0.001), eps=1e-06",0.0001,0.001,1e-06,binary,250406917,0.79297,0.78897,0.79691
"U(0.0001,0.001), eps=1e-06",0.0001,0.001,1e-06,binary,302053977,0.83242,0.82873,0.83605
"U(0.0001,0.001), eps=1e-06",0.0001,0.001,1e-06,binary,364353374,0.86533,0.86195,0.86864
"U(0.0001,0.001), eps=1e-06",0.0001,0.001,1e-06,binary,439502180,0.8948,0.89176,0.89777
"U(0.0001,0.001), eps=1e-06",0.0001,0.001,1e-06,binary,530150616,0.91443,0.91165,0.91713
"U(0.0001,0.001), eps=1e-06",0.0001,0.001,1e-06,binary,639495523,0.9415,0.93916,0.94376
"U(0.0001,0.001), eps=1e-06",0.0001,0.001,1e-06,binary,771393092,0.95388,0.95178,0.95589
"U(0.0001,0.001), eps=1e-06",0.0001,0.001,1e-06,binary,930494870,0.96805,0.96628,0.96973
"U(0.0001,0.001), eps=1e-06",0.0001,0.001,1e-06,binary,1122411792,0.97608,0.97454,0.97753
"U(0.0001,0.001), eps=1e-06",0.0001,0.001,1e-06,binary,1353912064,0.98003,0.97861,0.98136
"U(0.0001,0.001), eps=1e-06",0.0001,0.001,1e-06,binary,1633159853,0.98495,0.98371,0.9861
"U(0.0001,0.001), eps=1e-06",0.0001,0.001,1e-06,binary,1970003206,0.9888,0.98772,0.98979
"U(0.0001,0.001), eps=1e-06",0.0001,0.001,1e-06,binary,2376321352,0.992,0.99108,0.99283
"U(0.0001,0.001), eps=1e-06",0.0001,0.001,1e-06,binary,2866443644,0.99125,0.99029,0.99212
"U(0.0001,0.001), eps=1e-06",0.0001,0.001,1e-06,binary,3457654899,0.9937,0.99288,0.99443
"U(0.0001,0.001), eps=1e-06",0.0001,0.001,1e-06,binary,4170804972,0.99392,0.99311,0.99464
"U(0.0001,0.001), eps=1e-06",0.0001,0.001,1e-06,binary,5031044051,0.99567,0.99498,0.99627
"U(0.0001,0.001), eps=1e-06",0.0001,0.001,1e-06,binary,6068709618,0.99618,0.99553,0.99674
"U(0.0001,0.001), eps=1e-06",0.0001,0.001,1e-06,binary,7320396333,0.99765,0.99713,0.99808
"U(0.0001,0.001), eps=1e-06",0.0001,0.001,1e-06,binary,8830246601,0.99767,0.99715,0.9981
"U(0.0001,0.001), eps=1e-06",0.0001,0.001,1e-06,binary,10651507307,0.99777,0.99726,0.99819
"U(0.0001,0.001), eps=1e-06",0.0001,0.001,1e-06,binary,12848407643,0.99803,0.99755,0.99842
"U(0.0001,0.001), eps=1e-06",0.0001,0.001,1e-06,reverse_eng,8565605,0.23997,0.23581,0.24418
"U(0.0001,0.001), eps=1e-06",0.0001,0.001,1e-06,reverse_eng,10332282,0.26672,0.26241,0.27108
"U(0.0001,0.001), eps=1e-06",0.0001,0.001,1e-06,reverse_eng,12463342,0.28582,0.28141,0.29027
"U(0.0001,0.001), eps=1e-06",0.0001,0.001,1e-06,reverse_eng,15033938,0.32188,0.31732,0.32648
"U(0.0001,0.001), eps=1e-06",0.0001,0.001,1e-06,reverse_eng,18134725,0.34847,0.34382,0.35315
"U(0.0001,0.001), eps=1e-06",0.0001,0.001,1e-06,reverse_eng,21875059,0.38215,0.3774,0.38692
"U(0.0001,0.001), eps=1e-06",0.0001,0.001,1e-06,reverse_eng,26386845,0.4139,0.40908,0.41873
"U(0.0001,0.001), eps=1e-06",0.0001,0.001,1e-06,reverse_eng,31829199,0.45737,0.45249,0.46226
"U(0.0001,0.001), eps=1e-06",0.0001,0.001,1e-06,reverse_eng,38394051,0.49375,0.48885,0.49865
"U(0.0001,0.001), eps=1e-06",0.0001,0.001,1e-06,reverse_eng,46312922,0.52348,0.51858,0.52837
"U(0.0001,0.001), eps=1e-06",0.0001,0.001,1e-06,reverse_eng,55865079,0.57495,0.5701,0.57979
"U(0.0001,0.001), eps=1e-06",0.0001,0.001,1e-06,reverse_eng,67387393,0.61613,0.61135,0.62088
"U(0.0001,0.001), eps=1e-06",0.0001,0.001,1e-06,reverse_eng,81286214,0.66055,0.65589,0.66517
"U(0.0001,0.001), eps=1e-06",0.0001,0.001,1e-06,reverse_eng,98051701,0.70475,0.70026,0.7092
"U(0.0001,0.001), eps=1e-06",0.0001,0.001,1e-06,reverse_eng,118275113,0.74577,0.74148,0.75001
"U(0.0001,0.001), eps=1e-06",0.0001,0.001,1e-06,reverse_eng,142669654,0.78538,0.78133,0.78938
"U(0.0001,0.001), eps=1e-06",0.0001,0.001,1e-06,reverse_eng,172095631,0.82193,0.81815,0.82565
"U(0.0001,0.001), eps=1e-06",0.0001,0.001,1e-06,reverse_eng,207590791,0.85477,0.85128,0.85819
"U(0.0001,0.001), eps=1e-06",0.0001,0.001,1e-06,reverse_eng,250406917,0.8879,0.88477,0.89095
"U(0.0001,0.001), eps=1e-06",0.0001,0.001,1e-06,reverse_eng,302053977,0.91573,0.91297,0.91841
"U(0.0001,0.001), eps=1e-06",0.0001,0.001,1e-06,reverse_eng,364353374,0.93483,0.93237,0.93721
"U(0.0001,0.001), eps=1e-06",0.0001,0.001,1e-06,reverse_eng,439502180,0.9547,0.95262,0.95669
"U(0.0001,0.001), eps=1e-06",0.0001,0.001,1e-06,reverse_eng,530150616,0.97095,0.96926,0.97255
"U(0.0001,0.001), eps=1e-06",0.0001,0.001,1e-06,reverse_eng,639495523,0.981,0.97962,0.98229
"U(0.0001,0.001), eps=1e-06",0.0001,0.001,1e-06,reverse_eng,771393092,0.98998,0.98896,0.99091
"U(0.0001,0.001), eps=1e-06",0.0001,0.001,1e-06,reverse_eng,930494870,0.99345,0.99261,0.99419
"U(0.0001,0.001), eps=1e-06",0.0001,0.001,1e-06,reverse_eng,1122411792,0.99713,0.99656,0.99761
"U(0.0001,0.001), eps=1e-06",0.0001,0.001,1e-06,reverse_eng,1353912064,0.99852,0.99809,0.99885
"U(0.0001,0.001), eps=1e-06",0.0001,0.001,1e-06,reverse_eng,1633159853,0.999,0.99864,0.99927
"U(0.0001,0.001), eps=1e-06",0.0001,0.001,1e-06,reverse_eng,1970003206,0.99955,0.99929,0.99972
"U(0.0001,0.001), eps=1e-06",0.0001,0.001,1e-06,reverse_eng,2376321352,0.99967,0.99944,0.99981
"U(0.0001,0.001), eps=1e-06",0.0001,0.001,1e-06,reverse_eng,2866443644,0.99967,0.99944,0.99981
"U(0.0001,0.001), eps=1e-06",0.0001,0.001,1e-06,reverse_eng,3457654899,0.99967,0.99944,0.99981
"U(0.0001,0.001), eps=1e-06",0.0001,0.001,1e-06,reverse_eng,4170804972,0.9997,0.99948,0.99983
"U(0.0001,0.001), eps=1e-06",0.0001,0.001,1e-06,reverse_eng,5031044051,0.9997,0.99948,0.99983
"U(0.0001,0.001), eps=1e-06",0.0001,0.001,1e-06,reverse_eng,6068709618,0.9997,0.99948,0.99983
"U(0.0001,0.001), eps=1e-06",0.0001,0.001,1e-06,reverse_eng,7320396333,0.9997,0.99948,0.99983
"U(0.0001,0.001), eps=1e-06",0.0001,0.001,1e-06,reverse_eng,8830246601,0.9997,0.99948,0.99983
"U(0.0001,0.001), eps=1e-06",0.0001,0.001,1e-06,reverse_eng,10651507307,0.9997,0.99948,0.99983
"U(0.0001,0.001), eps=1e-06",0.0001,0.001,1e-06,reverse_eng,12848407643,0.9997,0.99948,0.99983
"U(0.0001,0.001), eps=1e-06",0.0001,0.001,1e-06,binary_risk,8565605,0.23578,0.23165,0.23997
"U(0.0001,0.001), eps=1e-06",0.0001,0.001,1e-06,binary_risk,10332282,0.2566,0.25234,0.2609
"U(0.0001,0.001), eps=1e-06",0.0001,0.001,1e-06,binary_risk,12463342,0.26843,0.26411,0.27279
"U(0.0001,0.001), eps=1e-06",0.0001,0.001,1e-06,binary_risk,15033938,0.30433,0.29984,0.30886
"U(0.0001,0.001), eps=1e-06",0.0001,0.001,1e-06,binary_risk,18134725,0.32608,0.3215,0.33069
"U(0.0001,0.001), eps=1e-06",0.0001,0.001,1e-06,binary_risk,21875059,0.35735,0.35267,0.36206
"U(0.0001,0.001), eps=1e-06",0.0001,0.001,1e-06,binary_risk,26386845,0.39327,0.38849,0.39807
"U(0.0001,0.001), eps=1e-06",0.0001,0.001,1e-06,binary_risk,31829199,0.43102,0.42617,0.43588
"U(0.0001,0.001), eps=1e-06",0.0001,0.001,1e-06,binary_risk,38394051,0.46953,0.46464,0.47442
"U(0.0001,0.001), eps=1e-06",0.0001,0.001,1e-06,binary_risk,46312922,0.51058,0.50568,0.51548
"U(0.0001,0.001), eps=1e-06",0.0001,0.001,1e-06,binary_risk,55865079,0.55322,0.54834,0.55809
"U(0.0001,0.001), eps=1e-06",0.0001,0.001,1e-06,binary_risk,67387393,0.59035,0.58552,0.59516
"U(0.0001,0.001), eps=1e-06",0.0001,0.001,1e-06,binary_risk,81286214,0.63977,0.63505,0.64446
"U(0.0001,0.001), eps=1e-06",0.0001,0.001,1e-06,binary_risk,98051701,0.68305,0.67847,0.68759
"U(0.0001,0.001), eps=1e-06",0.0001,0.001,1e-06,binary_risk,118275113,0.72928,0.7249,0.73361
"U(0.0001,0.001), eps=1e-06",0.0001,0.001,1e-06,binary_risk,142669654,0.77297,0.76884,0.77705
"U(0.0001,0.001), eps=1e-06",0.0001,0.001,1e-06,binary_risk,172095631,0.8111,0.80723,0.81491
"U(0.0001,0.001), eps=1e-06",0.0001,0.001,1e-06,binary_risk,207590791,0.84928,0.84574,0.85275
"U(0.0001,0.001), eps=1e-06",0.0001,0.001,1e-06,binary_risk,250406917,0.88055,0.87734,0.88369
"U(0.0001,0.001), eps=1e-06",0.0001,0.001,1e-06,binary_risk,302053977,0.91097,0.90814,0.91372
"U(0.0001,0.001), eps=1e-06",0.0001,0.001,1e-06,binary_risk,364353374,0.92995,0.92741,0.93241
"U(0.0001,0.001), eps=1e-06",0.0001,0.001,1e-06,binary_risk,439502180,0.95052,0.94835,0.9526
"U(0.0001,0.001), eps=1e-06",0.0001,0.001,1e-06,binary_risk,530150616,0.9677,0.96592,0.96939
"U(0.0001,0.001), eps=1e-06",0.0001,0.001,1e-06,binary_risk,639495523,0.98172,0.98036,0.98299
"U(0.0001,0.001), eps=1e-06",0.0001,0.001,1e-06,binary_risk,771393092,0.98898,0.98791,0.98996
"U(0.0001,0.001), eps=1e-06",0.0001,0.001,1e-06,binary_risk,930494870,0.9934,0.99256,0.99415
"U(0.0001,0.001), eps=1e-06",0.0001,0.001,1e-06,binary_risk,1122411792,0.99635,0.99571,0.9969
"U(0.0001,0.001), eps=1e-06",0.0001,0.001,1e-06,binary_risk,1353912064,0.99885,0.99847,0.99914
"U(0.0001,0.001), eps=1e-06",0.0001,0.001,1e-06,binary_risk,1633159853,0.9981,0.99762,0.99848
"U(0.0001,0.001), eps=1e-06",0.0001,0.001,1e-06,binary_risk,1970003206,0.99887,0.99849,0.99915
"U(0.0001,0.001), eps=1e-06",0.0001,0.001,1e-06,binary_risk,2376321352,0.99945,0.99917,0.99964
"U(0.0001,0.001), eps=1e-06",0.0001,0.001,1e-06,binary_risk,2866443644,0.9995,0.99923,0.99968
"U(0.0001,0.001), eps=1e-06",0.0001,0.001,1e-06,binary_risk,3457654899,0.9998,0.99961,0.9999
"U(0.0001,0.001), eps=1e-06",0.0001,0.001,1e-06,binary_risk,4170804972,0.99992,0.99977,0.99997
"U(0.0001,0.001), eps=1e-06",0.0001,0.001,1e-06,binary_risk,5031044051,0.99997,0.99985,0.99999
"U(0.0001,0.001), eps=1e-06",0.0001,0.001,1e-06,binary_risk,6068709618,1.0,0.9999,1.0
"U(0.0001,0.001), eps=1e-06",0.0001,0.001,1e-06,binary_risk,7320396333,1.0,0.9999,1.0
"U(0.0001,0.001), eps=1e-06",0.0001,0.001,1e-06,binary_risk,8830246601,1.0,0.9999,1.0
"U(0.0001,0.001), eps=1e-06",0.0001,0.001,1e-06,binary_risk,10651507307,1.0,0.9999,1.0
"U(0.0001,0.001), eps=1e-06",0.0001,0.001,1e-06,binary_risk,12848407643,1.0,0.9999,1.0
"U(0.0001,0.001), eps=1e-06",0.0001,0.001,1e-06,reverse_eng_risk,8565605,0.24565,0.24146,0.24989
"U(0.0001,0.001), eps=1e-06",0.0001,0.001,1e-06,reverse_eng_risk,10332282,0.27665,0.27229,0.28106
"U(0.0001,0.001), eps=1e-06",0.0001,0.001,1e-06,reverse_eng_risk,12463342,0.29705,0.29259,0.30155
"U(0.0001,0.001), eps=1e-06",0.0001,0.001,1e-06,reverse_eng_risk,15033938,0.32565,0.32107,0.33026
"U(0.0001,0.001), eps=1e-06",0.0001,0.001,1e-06,reverse_eng_risk,18134725,0.36192,0.35722,0.36664
"U(0.0001,0.001), eps=1e-06",0.0001,0.001,1e-06,reverse_eng_risk,21875059,0.39303,0.38825,0.39783
"U(0.0001,0.001), eps=1e-06",0.0001,0.001,1e-06,reverse_eng_risk,26386845,0.43345,0.4286,0.43831
"U(0.0001,0.001), eps=1e-06",0.0001,0.001,1e-06,reverse_eng_risk,31829199,0.4708,0.46591,0.47569
"U(0.0001,0.001), eps=1e-06",0.0001,0.001,1e-06,reverse_eng_risk,38394051,0.50877,0.50387,0.51367
"U(0.0001,0.001), eps=1e-06",0.0001,0.001,1e-06,reverse_eng_risk,46312922,0.54805,0.54317,0.55292
"U(0.0001,0.001), eps=1e-06",0.0001,0.001,1e-06,reverse_eng_risk,55865079,0.58945,0.58462,0.59426
"U(0.0001,0.001), eps=1e-06",0.0001,0.001,1e-06,reverse_eng_risk,67387393,0.63367,0.62894,0.63838
"U(0.0001,0.001), eps=1e-06",0.0001,0.001,1e-06,reverse_eng_risk,81286214,0.67548,0.67088,0.68005
"U(0.0001,0.001), eps=1e-06",0.0001,0.001,1e-06,reverse_eng_risk,98051701,0.71788,0.71345,0.72227
"U(0.0001,0.001), eps=1e-06",0.0001,0.001,1e-06,reverse_eng_risk,118275113,0.75877,0.75455,0.76294
"U(0.0001,0.001), eps=1e-06",0.0001,0.001,1e-06,reverse_eng_risk,142669654,0.79778,0.79382,0.80169
"U(0.0001,0.001), eps=1e-06",0.0001,0.001,1e-06,reverse_eng_risk,172095631,0.83485,0.83118,0.83846
"U(0.0001,0.001), eps=1e-06",0.0001,0.001,1e-06,reverse_eng_risk,207590791,0.86823,0.86488,0.87151
"U(0.0001,0.001), eps=1e-06",0.0001,0.001,1e-06,reverse_eng_risk,250406917,0.89905,0.89606,0.90196
"U(0.0001,0.001), eps=1e-06",0.0001,0.001,1e-06,reverse_eng_risk,302053977,0.92297,0.92032,0.92554
"U(0.0001,0.001), eps=1e-06",0.0001,0.001,1e-06,reverse_eng_risk,364353374,0.94525,0.94298,0.94744
"U(0.0001,0.001), eps=1e-06",0.0001,0.001,1e-06,reverse_eng_risk,439502180,0.96113,0.95919,0.96298
"U(0.0001,0.001), eps=1e-06",0.0001,0.001,1e-06,reverse_eng_risk,530150616,0.97362,0.972,0.97515
"U(0.0001,0.001), eps=1e-06",0.0001,0.001,1e-06,reverse_eng_risk,639495523,0.98538,0.98416,0.98651
"U(0.0001,0.001), eps=1e-06",0.0001,0.001,1e-06,reverse_eng_risk,771393092,0.99165,0.99071,0.9925
"U(0.0001,0.001), eps=1e-06",0.0001,0.001,1e-06,reverse_eng_risk,930494870,0.99603,0.99536,0.9966
"U(0.0001,0.001), eps=1e-06",0.0001,0.001,1e-06,reverse_eng_risk,1122411792,0.9976,0.99707,0.99803
"U(0.0001,0.001), eps=1e-06",0.0001,0.001,1e-06,reverse_eng_risk,1353912064,0.99925,0.99893,0.99947
"U(0.0001,0.001), eps=1e-06",0.0001,0.001,1e-06,reverse_eng_risk,1633159853,0.99965,0.99941,0.99979
"U(0.0001,0.001), eps=1e-06",0.0001,0.001,1e-06,reverse_eng_risk,1970003206,0.99982,0.99963,0.99991
"U(0.0001,0.001), eps=1e-06",0.0001,0.001,1e-06,reverse_eng_risk,2376321352,0.99997,0.99985,0.99999
"U(0.0001,0.001), eps=1e-06",0.0001,0.001,1e-06,reverse_eng_risk,2866443644,0.99997,0.99985,0.99999
"U(0.0001,0.001), eps=1e-06",0.0001,0.001,1e-06,reverse_eng_risk,3457654899,1.0,0.9999,1.0
"U(0.0001,0.001), eps=1e-06",0.0001,0.001,1e-06,reverse_eng_risk,4170804972,1.0,0.9999,1.0
"U(0.0001,0.001), eps=1e-06",0.0001,0.001,1e-06,reverse_eng_risk,5031044051,1.0,0.9999,1.0
"U(0.0001,0.001), eps=1e-06",0.0001,0.001,1e-06,reverse_eng_risk,6068709618,1.0,0.9999,1.0
"U(0.0001,0.001), eps=1e-06",0.0001,0.001,1e-06,reverse_eng_risk,7320396333,1.0,0.9999,1.0
"U(0.0001,0.001), eps=1e-06",0.0001,0.001,1e-06,reverse_eng_risk,8830246601,1.0,0.9999,1.0
"U(0.0001,0.001), eps=1e-06",0.0001,0.001,1e-06,reverse_eng_risk,10651507307,1.0,0.9999,1.0
"U(0.0001,0.001), eps=1e-06",0.0001,0.001,1e-06,reverse_eng_risk,12848407643,1.0,0.9999,1.0
"U(1e-05,0.01), eps=1e-05",1e-05,0.01,1e-05,brute,856560,0.1818,0.17805,0.18561
"U(1e-05,0.01), eps=1e-05",1e-05,0.01,1e-05,brute,1033228,0.20092,0.19702,0.20488
"U(1e-05,0.01), eps=1e-05",1e-05,0.01,1e-05,brute,1246334,0.22,0.21597,0.22409
"U(1e-05,0.01), eps=1e-05",1e-05,0.01,1e-05,brute,1503393,0.24077,0.23661,0.24498
"U(1e-05,0.01), eps=1e-05",1e-05,0.01,1e-05,brute,1813472,0.26382,0.25952,0.26816
"U(1e-05,0.01), eps=1e-05",1e-05,0.01,1e-05,brute,2187505,0.28887,0.28445,0.29333
"U(1e-05,0.01), eps=1e-05",1e-05,0.01,1e-05,brute,2638684,0.31495,0.31042,0.31952
"U(1e-05,0.01), eps=1e-05",1e-05,0.01,1e-05,brute,3182919,0.34263,0.33799,0.3473
"U(1e-05,0.01), eps=1e-05",1e-05,0.01,1e-05,brute,3839405,0.37352,0.36879,0.37827
"U(1e-05,0.01), eps=1e-05",1e-05,0.01,1e-05,brute,4631292,0.4071,0.40229,0.41192
"U(1e-05,0.01), eps=1e-05",1e-05,0.01,1e-05,brute,5586507,0.44412,0.43926,0.44899
"U(1e-05,0.01), eps=1e-05",1e-05,0.01,1e-05,brute,6738739,0.48483,0.47993,0.48973
"U(1e-05,0.01), eps=1e-05",1e-05,0.01,1e-05,brute,8128621,0.52277,0.51787,0.52766
"U(1e-05,0.01), eps=1e-05",1e-05,0.01,1e-05,brute,9805170,0.56568,0.56082,0.57053
"U(1e-05,0.01), eps=1e-05",1e-05,0.01,1e-05,brute,11827511,0.6098,0.60501,0.61457
"U(1e-05,0.01), eps=1e-05",1e-05,0.01,1e-05,brute,14266965,0.65577,0.6511,0.66041
"U(1e-05,0.01), eps=1e-05",1e-05,0.01,1e-05,brute,17209563,0.70015,0.69564,0.70462
"U(1e-05,0.01), eps=1e-05",1e-05,0.01,1e-05,brute,20759079,0.74703,0.74275,0.75127
"U(1e-05,0.01), eps=1e-05",1e-05,0.01,1e-05,brute,25040691,0.79153,0.78752,0.79548
"U(1e-05,0.01), eps=1e-05",1e-05,0.01,1e-05,brute,30205397,0.8324,0.82871,0.83603
"U(1e-05,0.01), eps=1e-05",1e-05,0.01,1e-05,brute,36435337,0.8689,0.86556,0.87217
"U(1e-05,0.01), eps=1e-05",1e-05,0.01,1e-05,brute,43950218,0.9028,0.89986,0.90566
"U(1e-05,0.01), eps=1e-05",1e-05,0.01,1e-05,brute,53015061,0.93178,0.92927,0.93421
"U(1e-05,0.01), eps=1e-05",1e-05,0.01,1e-05,brute,63949552,0.95447,0.95238,0.95647
"U(1e-05,0.01), eps=1e-05",1e-05,0.01,1e-05,brute,77139309,0.97193,0.97027,0.9735
"U(1e-05,0.01), eps=1e-05",1e-05,0.01,1e-05,brute,93049487,0.9841,0.98283,0.98528
"U(1e-05,0.01), eps=1e-05",1e-05,0.01,1e-05,brute,112241179,0.99235,0.99145,0.99316
"U(1e-05,0.01), eps=1e-05",1e-05,0.01,1e-05,brute,135391206,0.99665,0.99603,0.99717
"U(1e-05,0.01), eps=1e-05",1e-05,0.01,1e-05,brute,163315985,0.9987,0.9983,0.99901
"U(1e-05,0.01), eps=1e-05",1e-05,0.01,1e-05,brute,197000320,0.99965,0.99941,0.99979
"U(1e-05,0.01), eps=1e-05",1e-05,0.01,1e-05,brute,237632135,0.99992,0.99977,0.99997
"U(1e-05,0.01), eps=1e-05",1e-05,0.01,1e-05,brute,286644364,1.0,0.9999,1.0
"U(1e-05,0.01), eps=1e-05",1e-05,0.01,1e-05,brute,345765489,1.0,0.9999,1.0
"U(1e-05,0.01), eps=1e-05",1e-05,0.01,1e-05,brute,417080497,1.0,0.9999,1.0
"U(1e-05,0.01), eps=1e-05",1e-05,0.01,1e-05,brute,503104405,1.0,0.9999,1.0
"U(1e-05,0.01), eps=1e-05",1e-05,0.01,1e-05,brute,606870961,1.0,0.9999,1.0
"U(1e-05,0.01), eps=1e-05",1e-05,0.01,1e-05,brute,732039633,1.0,0.9999,1.0
"U(1e-05,0.01), eps=1e-05",1e-05,0.01,1e-05,brute,883024660,1.0,0.9999,1.0
"U(1e-05,0.01), eps=1e-05",1e-05,0.01,1e-05,brute,1065150730,1.0,0.9999,1.0
"U(1e-05,0.01), eps=1e-05",1e-05,0.01,1e-05,brute,1284840764,1.0,0.9999,1.0
"U(1e-05,0.01), eps=1e-05",1e-05,0.01,1e-05,separable,856560,0.0131,0.01203,0.01426
"U(1e-05,0.01), eps=1e-05",1e-05,0.01,1e-05,separable,1033228,0.01408,0.01297,0.01528
"U(1e-05,0.01), eps=1e-05",1e-05,0.01,1e-05,separable,1246334,0.01698,0.01576,0.01829
"U(1e-05,0.01), eps=1e-05",1e-05,0.01,1e-05,separable,1503393,0.0186,0.01732,0.01997
"U(1e-05,0.01), eps=1e-05",1e-05,0.01,1e-05,separable,1813472,0.02057,0.01922,0.02201
"U(1e-05,0.01), eps=1e-05",1e-05,0.01,1e-05,separable,2187505,0.02212,0.02072,0.02361
"U(1e-05,0.01), eps=1e-05",1e-05,0.01,1e-05,separable,2638684,0.02395,0.0225,0.02549
"U(1e-05,0.01), eps=1e-05",1e-05,0.01,1e-05,separable,3182919,0.02695,0.02541,0.02858
"U(1e-05,0.01), eps=1e-05",1e-05,0.01,1e-05,separable,3839405,0.0305,0.02886,0.03223
"U(1e-05,0.01), eps=1e-05",1e-05,0.01,1e-05,separable,4631292,0.03157,0.0299,0.03333
"U(1e-05,0.01), eps=1e-05",1e-05,0.01,1e-05,separable,5586507,0.03578,0.034,0.03765
"U(1e-05,0.01), eps=1e-05",1e-05,0.01,1e-05,separable,6738739,0.0394,0.03754,0.04135
"U(1e-05,0.01), eps=1e-05",1e-05,0.01,1e-05,separable,8128621,0.04467,0.04269,0.04674
"U(1e-05,0.01), eps=1e-05",1e-05,0.01,1e-05,separable,9805170,0.04822,0.04616,0.05036
"U(1e-05,0.01), eps=1e-05",1e-05,0.01,1e-05,separable,11827511,0.05312,0.05096,0.05536
"U(1e-05,0.01), eps=1e-05",1e-05,0.01,1e-05,separable,14266965,0.05853,0.05627,0.06087
"U(1e-05,0.01), eps=1e-05",1e-05,0.01,1e-05,separable,17209563,0.06603,0.06364,0.06851
"U(1e-05,0.01), eps=1e-05",1e-05,0.01,1e-05,separable,20759079,0.0719,0.06941,0.07447
"U(1e-05,0.01), eps=1e-05",1e-05,0.01,1e-05,separable,25040691,0.07973,0.07712,0.08243
"U(1e-05,0.01), eps=1e-05",1e-05,0.01,1e-05,separable,30205397,0.08707,0.08435,0.08987
"U(1e-05,0.01), eps=1e-05",1e-05,0.01,1e-05,separable,36435337,0.09645,0.0936,0.09938
"U(1e-05,0.01), eps=1e-05",1e-05,0.01,1e-05,separable,43950218,0.10597,0.10299,0.10902
"U(1e-05,0.01), eps=1e-05",1e-05,0.01,1e-05,separable,53015061,0.11578,0.11268,0.11895
"U(1e-05,0.01), eps=1e-05",1e-05,0.01,1e-05,separable,63949552,0.12643,0.12321,0.12972
"U(1e-05,0.01), eps=1e-05",1e-05,0.01,1e-05,separable,77139309,0.13875,0.1354,0.14217
"U(1e-05,0.01), eps=1e-05",1e-05,0.01,1e-05,separable,93049487,0.1511,0.14762,0.15464
"U(1e-05,0.01), eps=1e-05",1e-05,0.01,1e-05,separable,112241179,0.16553,0.16192,0.1692
"U(1e-05,0.01), eps=1e-05",1e-05,0.01,1e-05,separable,135391206,0.18227,0.17852,0.18608
"U(1e-05,0.01), eps=1e-05",1e-05,0.01,1e-05,separable,163315985,0.20028,0.19639,0.20423
"U(1e-05,0.01), eps=1e-05",1e-05,0.01,1e-05,separable,197000320,0.21952,0.21549,0.2236
"U(1e-05,0.01), eps=1e-05",1e-05,0.01,1e-05,separable,237632135,0.24005,0.23589,0.24426
"U(1e-05,0.01), eps=1e-05",1e-05,0.01,1e-05,separable,286644364,0.26353,0.25924,0.26787
"U(1e-05,0.01), eps=1e-05",1e-05,0.01,1e-05,separable,345765489,0.28958,0.28516,0.29404
"U(1e-05,0.01), eps=1e-05",1e-05,0.01,1e-05,separable,417080497,0.3159,0.31136,0.32047
"U(1e-05,0.01), eps=1e-05",1e-05,0.01,1e-05,separable,503104405,0.34492,0.34028,0.34959
"U(1e-05,0.01), eps=1e-05",1e-05,0.01,1e-05,separable,606870961,0.37507,0.37034,0.37983
"U(1e-05,0.01), eps=1e-05",1e-05,0.01,1e-05,separable,732039633,0.4093,0.40449,0.41413
"U(1e-05,0.01), eps=1e-05",1e-05,0.01,1e-05,separable,883024660,0.44675,0.44188,0.45163
"U(1e-05,0.01), eps=1e-05",1e-05,0.01,1e-05,separable,1065150730,0.4862,0.4813,0.4911
"U(1e-05,0.01), eps=1e-05",1e-05,0.01,1e-05,separable,1284840764,0.52553,0.52063,0.53042
"U(1e-05,0.01), eps=1e-05",1e-05,0.01,1e-05,linear,856560,0.2069,0.20296,0.2109
"U(1e-05,0.01), eps=1e-05",1e-05,0.01,1e-05,linear,1033228,0.2253,0.22123,0.22942
"U(1e-05,0.01), eps=1e-05",1e-05,0.01,1e-05,linear,1246334,0.25165,0.24742,0.25593
"U(1e-05,0.01), eps=1e-05",1e-05,0.01,1e-05,linear,1503393,0.27182,0.26748,0.2762
"U(1e-05,0.01), eps=1e-05",1e-05,0.01,1e-05,linear,1813472,0.29605,0.2916,0.30054
"U(1e-05,0.01), eps=1e-05",1e-05,0.01,1e-05,linear,2187505,0.32345,0.31888,0.32805
"U(1e-05,0.01), eps=1e-05",1e-05,0.01,1e-05,linear,2638684,0.3568,0.35212,0.36151
"U(1e-05,0.01), eps=1e-05",1e-05,0.01,1e-05,linear,3182919,0.38975,0.38498,0.39454
"U(1e-05,0.01), eps=1e-05",1e-05,0.01,1e-05,linear,3839405,0.43317,0.42832,0.43803
"U(1e-05,0.01), eps=1e-05",1e-05,0.01,1e-05,linear,4631292,0.46927,0.46438,0.47416
"U(1e-05,0.01), eps=1e-05",1e-05,0.01,1e-05,linear,5586507,0.50813,0.50323,0.51303
"U(1e-05,0.01), eps=1e-05",1e-05,0.01,1e-05,linear,6738739,0.54832,0.54344,0.55319
"U(1e-05,0.01), eps=1e-05",1e-05,0.01,1e-05,linear,8128621,0.5881,0.58327,0.59291
"U(1e-05,0.01), eps=1e-05",1e-05,0.01,1e-05,linear,9805170,0.62685,0.6221,0.63158
"U(1e-05,0.01), eps=1e-05",1e-05,0.01,1e-05,linear,11827511,0.6882,0.68364,0.69272
"U(1e-05,0.01), eps=1e-05",1e-05,0.01,1e-05,linear,14266965,0.73247,0.72811,0.73679
"U(1e-05,0.01), eps=1e-05",1e-05,0.01,1e-05,linear,17209563,0.7705,0.76635,0.77459
"U(1e-05,0.01), eps=1e-05",1e-05,0.01,1e-05,linear,20759079,0.81473,0.81089,0.81851
"U(1e-05,0.01), eps=1e-05",1e-05,0.01,1e-05,linear,25040691,0.8509,0.84738,0.85436
"U(1e-05,0.01), eps=1e-05",1e-05,0.01,1e-05,linear,30205397,0.884,0.88082,0.8871
"U(1e-05,0.01), eps=1e-05",1e-05,0.01,1e-05,linear,36435337,0.9089,0.90604,0.91168
"U(1e-05,0.01), eps=1e-05",1e-05,0.01,1e-05,linear,43950218,0.92945,0.9269,0.93192
"U(1e-05,0.01), eps=1e-05",1e-05,0.01,1e-05,linear,53015061,0.95605,0.954,0.95802
"U(1e-05,0.01), eps=1e-05",1e-05,0.01,1e-05,linear,63949552,0.96947,0.96774,0.97111
"U(1e-05,0.01), eps=1e-05",1e-05,0.01,1e-05,linear,77139309,0.98118,0.9798,0.98247
"U(1e-05,0.01), eps=1e-05",1e-05,0.01,1e-05,linear,93049487,0.99023,0.98922,0.99115
"U(1e-05,0.01), eps=1e-05",1e-05,0.01,1e-05,linear,112241179,0.9954,0.99469,0.99602
"U(1e-05,0.01), eps=1e-05",1e-05,0.01,1e-05,linear,135391206,0.997,0.99641,0.99749
"U(1e-05,0.01), eps=1e-05",1e-05,0.01,1e-05,linear,163315985,0.99795,0.99746,0.99835
"U(1e-05,0.01), eps=1e-05",1e-05,0.01,1e-05,linear,197000320,0.99908,0.99873,0.99933
"U(1e-05,0.01), eps=1e-05",1e-05,0.01,1e-05,linear,237632135,0.99918,0.99885,0.99942
"U(1e-05,0.01), eps=1e-05",1e-05,0.01,1e-05,linear,286644364,0.99923,0.99891,0.99946
"U(1e-05,0.01), eps=1e-05",1e-05,0.01,1e-05,linear,345765489,0.99923,0.99891,0.99946
"U(1e-05,0.01), eps=1e-05",1e-05,0.01,1e-05,linear,417080497,0.99923,0.99891,0.99946
"U(1e-05,0.01), eps=1e-05",1e-05,0.01,1e-05,linear,503104405,0.99923,0.99891,0.99946
"U(1e-05,0.01), eps=1e-05",1e-05,0.01,1e-05,linear,606870961,0.99923,0.99891,0.99946
"U(1e-05,0.01), eps=1e-05",1e-05,0.01,1e-05,linear,732039633,0.99923,0.99891,0.99946
"U(1e-05,0.01), eps=1e-05",1e-05,0.01,1e-05,linear,883024660,0.99923,0.99891,0.99946
"U(1e-05,0.01), eps=1e-05",1e-05,0.01,1e-05,linear,1065150730,0.99923,0.99891,0.99946
"U(1e-05,0.01), eps=1e-05",1e-05,0.01,1e-05,linear,1284840764,0.99923,0.99891,0.99946
"U(1e-05,0.01), eps=1e-05",1e-05,0.01,1e-05,binary,856560,0.00153,0.00119,0.00196
"U(1e-05,0.01), eps=1e-05",1e-05,0.01,1e-05,binary,1033228,0.00153,0.00119,0.00196
"U(1e-05,0.01), eps=1e-05",1e-05,0.01,1e-05,binary,1246334,0.00158,0.00124,0.00202
"U(1e-05,0.01), eps=1e-05",1e-05,0.01,1e-05,binary,1503393,0.0015,0.00117,0.00193
"U(1e-05,0.01), eps=1e-05",1e-05,0.01,1e-05,binary,1813472,0.00153,0.00119,0.00196
"U(1e-05,0.01), eps=1e-05",1e-05,0.01,1e-05,binary,2187505,0.0015,0.00117,0.00193
"U(1e-05,0.01), eps=1e-05",1e-05,0.01,1e-05,binary,2638684,0.0015,0.00117,0.00193
"U(1e-05,0.01), eps=1e-05",1e-05,0.01,1e-05,binary,3182919,0.00992,0.00899,0.01094
"U(1e-05,0.01), eps=1e-05",1e-05,0.01,1e-05,binary,3839405,0.13878,0.13543,0.1422
"U(1e-05,0.01), eps=1e-05",1e-05,0.01,1e-05,binary,4631292,0.20783,0.20388,0.21183
"U(1e-05,0.01), eps=1e-05",1e-05,0.01,1e-05,binary,5586507,0.2602,0.25592,0.26452
"U(1e-05,0.01), eps=1e-05",1e-05,0.01,1e-05,binary,6738739,0.31183,0.30731,0.31639
"U(1e-05,0.01), eps=1e-05",1e-05,0.01,1e-05,binary,8128621,0.36133,0.35664,0.36605
"U(1e-05,0.01), eps=1e-05",1e-05,0.01,1e-05,binary,9805170,0.40875,0.40394,0.41358
"U(1e-05,0.01), eps=1e-05",1e-05,0.01,1e-05,binary,11827511,0.4553,0.45042,0.46018
"U(1e-05,0.01), eps=1e-05",1e-05,0.01,1e-05,binary,14266965,0.50115,0.49625,0.50605
"U(1e-05,0.01), eps=1e-05",1e-05,0.01,1e-05,binary,17209563,0.55497,0.55009,0.55983
"U(1e-05,0.01), eps=1e-05",1e-05,0.01,1e-05,binary,20759079,0.59872,0.59391,0.60351
"U(1e-05,0.01), eps=1e-05",1e-05,0.01,1e-05,binary,25040691,0.64567,0.64097,0.65034
"U(1e-05,0.01), eps=1e-05",1e-05,0.01,1e-05,binary,30205397,0.68668,0.68212,0.69121
"U(1e-05,0.01), eps=1e-05",1e-05,0.01,1e-05,binary,36435337,0.72075,0.71633,0.72513
"U(1e-05,0.01), eps=1e-05",1e-05,0.01,1e-05,binary,43950218,0.76072,0.75651,0.76488
"U(1e-05,0.01), eps=1e-05",1e-05,0.01,1e-05,binary,53015061,0.79385,0.78986,0.79779
"U(1e-05,0.01), eps=1e-05",1e-05,0.01,1e-05,binary,63949552,0.83157,0.82787,0.83521
"U(1e-05,0.01), eps=1e-05",1e-05,0.01,1e-05,binary,77139309,0.85357,0.85007,0.857
"U(1e-05,0.01), eps=1e-05",1e-05,0.01,1e-05,binary,93049487,0.87808,0.87484,0.88125
"U(1e-05,0.01), eps=1e-05",1e-05,0.01,1e-05,binary,112241179,0.9023,0.89935,0.90517
"U(1e-05,0.01), eps=1e-05",1e-05,0.01,1e-05,binary,135391206,0.91475,0.91197,0.91745
"U(1e-05,0.01), eps=1e-05",1e-05,0.01,1e-05,binary,163315985,0.9292,0.92665,0.93167
"U(1e-05,0.01), eps=1e-05",1e-05,0.01,1e-05,binary,197000320,0.9402,0.93783,0.94248
"U(1e-05,0.01), eps=1e-05",1e-05,0.01,1e-05,binary,237632135,0.94925,0.94706,0.95136
"U(1e-05,0.01), eps=1e-05",1e-05,0.01,1e-05,binary,286644364,0.9571,0.95507,0.95904
"U(1e-05,0.01), eps=1e-05",1e-05,0.01,1e-05,binary,345765489,0.96608,0.96426,0.96781
"U(1e-05,0.01), eps=1e-05",1e-05,0.01,1e-05,binary,417080497,0.96823,0.96647,0.9699
"U(1e-05,0.01), eps=1e-05",1e-05,0.01,1e-05,binary,503104405,0.97572,0.97417,0.97718
"U(1e-05,0.01), eps=1e-05",1e-05,0.01,1e-05,binary,606870961,0.98103,0.97965,0.98232
"U(1e-05,0.01), eps=1e-05",1e-05,0.01,1e-05,binary,732039633,0.98298,0.98167,0.9842
"U(1e-05,0.01), eps=1e-05",1e-05,0.01,1e-05,binary,883024660,0.9831,0.98179,0.98432
"U(1e-05,0.01), eps=1e-05",1e-05,0.01,1e-05,binary,1065150730,0.9868,0.98563,0.98787
"U(1e-05,0.01), eps=1e-05",1e-05,0.01,1e-05,binary,1284840764,0.98967,0.98863,0.99061
"U(1e-05,0.01), eps=1e-05",1e-05,0.01,1e-05,reverse_eng,856560,0.25943,0.25516,0.26375
"U(1e-05,0.01), eps=1e-05",1e-05,0.01,1e-05,reverse_eng,1033228,0.28675,0.28234,0.2912
"U(1e-05,0.01), eps=1e-05",1e-05,0.01,1e-05,reverse_eng,1246334,0.3106,0.30608,0.31515
"U(1e-05,0.01), eps=1e-05",1e-05,0.01,1e-05,reverse_eng,1503393,0.34168,0.33705,0.34634
"U(1e-05,0.01), eps=1e-05",1e-05,0.01,1e-05,reverse_eng,1813472,0.37705,0.37231,0.38181
"U(1e-05,0.01), eps=1e-05",1e-05,0.01,1e-05,reverse_eng,2187505,0.41035,0.40554,0.41518
"U(1e-05,0.01), eps=1e-05",1e-05,0.01,1e-05,reverse_eng,2638684,0.4427,0.43784,0.44757
"U(1e-05,0.01), eps=1e-05",1e-05,0.01,1e-05,reverse_eng,3182919,0.4757,0.47081,0.4806
"U(1e-05,0.01), eps=1e-05",1e-05,0.01,1e-05,reverse_eng,3839405,0.5154,0.5105,0.5203
"U(1e-05,0.01), eps=1e-05",1e-05,0.01,1e-05,reverse_eng,4631292,0.55168,0.5468,0.55655
"U(1e-05,0.01), eps=1e-05",1e-05,0.01,1e-05,reverse_eng,5586507,0.59098,0.58615,0.59579
"U(1e-05,0.01), eps=1e-05",1e-05,0.01,1e-05,reverse_eng,6738739,0.6308,0.62606,0.63552
"U(1e-05,0.01), eps=1e-05",1e-05,0.01,1e-05,reverse_eng,8128621,0.66958,0.66495,0.67417
"U(1e-05,0.01), eps=1e-05",1e-05,0.01,1e-05,reverse_eng,9805170,0.7099,0.70543,0.71433
"U(1e-05,0.01), eps=1e-05",1e-05,0.01,1e-05,reverse_eng,11827511,0.75103,0.74677,0.75524
"U(1e-05,0.01), eps=1e-05",1e-05,0.01,1e-05,reverse_eng,14266965,0.7864,0.78236,0.79039
"U(1e-05,0.01), eps=1e-05",1e-05,0.01,1e-05,reverse_eng,17209563,0.82122,0.81743,0.82494
"U(1e-05,0.01), eps=1e-05",1e-05,0.01,1e-05,reverse_eng,20759079,0.85377,0.85027,0.8572
"U(1e-05,0.01), eps=1e-05",1e-05,0.01,1e-05,reverse_eng,25040691,0.8842,0.88103,0.8873
"U(1e-05,0.01), eps=1e-05",1e-05,0.01,1e-05,reverse_eng,30205397,0.9096,0.90675,0.91237
"U(1e-05,0.01), eps=1e-05",1e-05,0.01,1e-05,reverse_eng,36435337,0.9299,0.92736,0.93236
"U(1e-05,0.01), eps=1e-05",1e-05,0.01,1e-05,reverse_eng,43950218,0.94865,0.94644,0.95077
"U(1e-05,0.01), eps=1e-05",1e-05,0.01,1e-05,reverse_eng,53015061,0.9654,0.96356,0.96715
"U(1e-05,0.01), eps=1e-05",1e-05,0.01,1e-05,reverse_eng,63949552,0.97635,0.97481,0.97779
"U(1e-05,0.01), eps=1e-05",1e-05,0.01,1e-05,reverse_eng,77139309,0.98513,0.9839,0.98627
"U(1e-05,0.01), eps=1e-05",1e-05,0.01,1e-05,reverse_eng,93049487,0.99023,0.98922,0.99115
"U(1e-05,0.01), eps=1e-05",1e-05,0.01,1e-05,reverse_eng,112241179,0.99415,0.99335,0.99485
"U(1e-05,0.01), eps=1e-05",1e-05,0.01,1e-05,reverse_eng,135391206,0.99623,0.99558,0.99678
"U(1e-05,0.01), eps=1e-05",1e-05,0.01,1e-05,reverse_eng,163315985,0.99713,0.99656,0.99761
"U(1e-05,0.01), eps=1e-05",1e-05,0.01,1e-05,reverse_eng,197000320,0.99785,0.99735,0.99826
"U(1e-05,0.01), eps=1e-05",1e-05,0.01,1e-05,reverse_eng,237632135,0.99803,0.99755,0.99842
"U(1e-05,0.01), eps=1e-05",1e-05,0.01,1e-05,reverse_eng,286644364,0.9981,0.99762,0.99848
"U(1e-05,0.01), eps=1e-05",1e-05,0.01,1e-05,reverse_eng,345765489,0.99813,0.99766,0.99851
"U(1e-05,0.01), eps=1e-05",1e-05,0.01,1e-05,reverse_eng,417080497,0.99813,0.99766,0.99851
"U(1e-05,0.01), eps=1e-05",1e-05,0.01,1e-05,reverse_eng,503104405,0.99813,0.99766,0.99851
"U(1e-05,0.01), eps=1e-05",1e-05,0.01,1e-05,reverse_eng,606870961,0.99813,0.99766,0.99851
"U(1e-05,0.01), eps=1e-05",1e-05,0.01,1e-05,reverse_eng,732039633,0.99813,0.99766,0.99851
"U(1e-05,0.01), eps=1e-05",1e-05,0.01,1e-05,reverse_eng,883024660,0.99813,0.99766,0.99851
"U(1e-05,0.01), eps=1e-05",1e-05,0.01,1e-05,reverse_eng,1065150730,0.99813,0.99766,0.99851
"U(1e-05,0.01), eps=1e-05",1e-05,0.01,1e-05,reverse_eng,1284840764,0.99813,0.99766,0.99851
"U(1e-05,0.01), eps=1e-05",1e-05,0.01,1e-05,binary_risk,856560,0.2799,0.27552,0.28432
"U(1e-05,0.01), eps=1e-05",1e-05,0.01,1e-05,binary_risk,1033228,0.30812,0.30361,0.31266
"U(1e-05,0.01), eps=1e-05",1e-05,0.01,1e-05,binary_risk,1246334,0.33685,0.33223,0.3415
"U(1e-05,0.01), eps=1e-05",1e-05,0.01,1e-05,binary_risk,1503393,0.36375,0.35905,0.36848
"U(1e-05,0.01), eps=1e-05",1e-05,0.01,1e-05,binary_risk,1813472,0.39658,0.3918,0.40138
"U(1e-05,0.01), eps=1e-05",1e-05,0.01,1e-05,binary_risk,2187505,0.43628,0.43143,0.44115
"U(1e-05,0.01), eps=1e-05",1e-05,0.01,1e-05,binary_risk,2638684,0.47155,0.46666,0.47644
"U(1e-05,0.01), eps=1e-05",1e-05,0.01,1e-05,binary_risk,3182919,0.50805,0.50315,0.51295
"U(1e-05,0.01), eps=1e-05",1e-05,0.01,1e-05,binary_risk,3839405,0.5431,0.53821,0.54798
"U(1e-05,0.01), eps=1e-05",1e-05,0.01,1e-05,binary_risk,4631292,0.58615,0.58132,0.59097
"U(1e-05,0.01), eps=1e-05",1e-05,0.01,1e-05,binary_risk,5586507,0.62355,0.61879,0.62829
"U(1e-05,0.01), eps=1e-05",1e-05,0.01,1e-05,binary_risk,6738739,0.66415,0.65951,0.66876
"U(1e-05,0.01), eps=1e-05",1e-05,0.01,1e-05,binary_risk,8128621,0.69575,0.69122,0.70024
"U(1e-05,0.01), eps=1e-05",1e-05,0.01,1e-05,binary_risk,9805170,0.74582,0.74153,0.75006
"U(1e-05,0.01), eps=1e-05",1e-05,0.01,1e-05,binary_risk,11827511,0.7826,0.77853,0.78661
"U(1e-05,0.01), eps=1e-05",1e-05,0.01,1e-05,binary_risk,14266965,0.81827,0.81446,0.82202
"U(1e-05,0.01), eps=1e-05",1e-05,0.01,1e-05,binary_risk,17209563,0.8476,0.84404,0.85109
"U(1e-05,0.01), eps=1e-05",1e-05,0.01,1e-05,binary_risk,20759079,0.87953,0.8763,0.88268
"U(1e-05,0.01), eps=1e-05",1e-05,0.01,1e-05,binary_risk,25040691,0.90617,0.90327,0.90899
"U(1e-05,0.01), eps=1e-05",1e-05,0.01,1e-05,binary_risk,30205397,0.9309,0.92837,0.93334
"U(1e-05,0.01), eps=1e-05",1e-05,0.01,1e-05,binary_risk,36435337,0.9503,0.94813,0.95239
"U(1e-05,0.01), eps=1e-05",1e-05,0.01,1e-05,binary_risk,43950218,0.9652,0.96336,0.96695
"U(1e-05,0.01), eps=1e-05",1e-05,0.01,1e-05,binary_risk,53015061,0.97745,0.97595,0.97886
"U(1e-05,0.01), eps=1e-05",1e-05,0.01,1e-05,binary_risk,63949552,0.9863,0.98511,0.98739
"U(1e-05,0.01), eps=1e-05",1e-05,0.01,1e-05,binary_risk,77139309,0.9927,0.99182,0.99349
"U(1e-05,0.01), eps=1e-05",1e-05,0.01,1e-05,binary_risk,93049487,0.99598,0.99531,0.99655
"U(1e-05,0.01), eps=1e-05",1e-05,0.01,1e-05,binary_risk,112241179,0.99797,0.99748,0.99837
"U(1e-05,0.01), eps=1e-05",1e-05,0.01,1e-05,binary_risk,135391206,0.99908,0.99873,0.99933
"U(1e-05,0.01), eps=1e-05",1e-05,0.01,1e-05,binary_risk,163315985,0.9998,0.99961,0.9999
"U(1e-05,0.01), eps=1e-05",1e-05,0.01,1e-05,binary_risk,197000320,0.9999,0.99974,0.99996
"U(1e-05,0.01), eps=1e-05",1e-05,0.01,1e-05,binary_risk,237632135,0.99997,0.99985,0.99999
"U(1e-05,0.01), eps=1e-05",1e-05,0.01,1e-05,binary_risk,286644364,0.9988,0.99841,0.99909
"U(1e-05,0.01), eps=1e-05",1e-05,0.01,1e-05,binary_risk,345765489,0.99972,0.9995,0.99984
"U(1e-05,0.01), eps=1e-05",1e-05,0.01,1e-05,binary_risk,417080497,0.99982,0.99963,0.99991
"U(1e-05,0.01), eps=1e-05",1e-05,0.01,1e-05,binary_risk,503104405,0.99997,0.99985,0.99999
"U(1e-05,0.01), eps=1e-05",1e-05,0.01,1e-05,binary_risk,606870961,1.0,0.9999,1.0
"U(1e-05,0.01), eps=1e-05",1e-05,0.01,1e-05,binary_risk,732039633,1.0,0.9999,1.0
"U(1e-05,0.01), eps=1e-05",1e-05,0.01,1e-05,binary_risk,883024660,1.0,0.9999,1.0
"U(1e-05,0.01), eps=1e-05",1e-05,0.01,1e-05,binary_risk,1065150730,1.0,0.9999,1.0
"U(1e-05,0.01), eps=1e-05",1e-05,0.01,1e-05,binary_risk,1284840764,1.0,0.9999,1.0
"U(1e-05,0.01), eps=1e-05",1e-05,0.01,1e-05,reverse_eng_risk,856560,0.27345,0.2691,0.27784
"U(1e-05,0.01), eps=1e-05",1e-05,0.01,1e-05,reverse_eng_risk,1033228,0.29885,0.29438,0.30336
"U(1e-05,0.01), eps=1e-05",1e-05,0.01,1e-05,reverse_eng_risk,1246334,0.32953,0.32494,0.33415
"U(1e-05,0.01), eps=1e-05",1e-05,0.01,1e-05,reverse_eng_risk,1503393,0.3617,0.357,0.36642
"U(1e-05,0.01), eps=1e-05",1e-05,0.01,1e-05,reverse_eng_risk,1813472,0.39415,0.38937,0.39895
"U(1e-05,0.01), eps=1e-05",1e-05,0.01,1e-05,reverse_eng_risk,2187505,0.4307,0.42585,0.43556
"U(1e-05,0.01), eps=1e-05",1e-05,0.01,1e-05,reverse_eng_risk,2638684,0.46535,0.46047,0.47024
"U(1e-05,0.01), eps=1e-05",1e-05,0.01,1e-05,reverse_eng_risk,3182919,0.50313,0.49823,0.50803
"U(1e-05,0.01), eps=1e-05",1e-05,0.01,1e-05,reverse_eng_risk,3839405,0.54345,0.53856,0.54833
"U(1e-05,0.01), eps=1e-05",1e-05,0.01,1e-05,reverse_eng_risk,4631292,0.58022,0.57538,0.58505
"U(1e-05,0.01), eps=1e-05",1e-05,0.01,1e-05,reverse_eng_risk,5586507,0.6222,0.61744,0.62694
"U(1e-05,0.01), eps=1e-05",1e-05,0.01,1e-05,reverse_eng_risk,6738739,0.65402,0.64934,0.65867
"U(1e-05,0.01), eps=1e-05",1e-05,0.01,1e-05,reverse_eng_risk,8128621,0.69495,0.69042,0.69944
"U(1e-05,0.01), eps=1e-05",1e-05,0.01,1e-05,reverse_eng_risk,9805170,0.74447,0.74017,0.74872
"U(1e-05,0.01), eps=1e-05",1e-05,0.01,1e-05,reverse_eng_risk,11827511,0.77653,0.77242,0.78059
"U(1e-05,0.01), eps=1e-05",1e-05,0.01,1e-05,reverse_eng_risk,14266965,0.8154,0.81157,0.81917
"U(1e-05,0.01), eps=1e-05",1e-05,0.01,1e-05,reverse_eng_risk,17209563,0.84708,0.84352,0.85057
"U(1e-05,0.01), eps=1e-05",1e-05,0.01,1e-05,reverse_eng_risk,20759079,0.8793,0.87607,0.88246
"U(1e-05,0.01), eps=1e-05",1e-05,0.01,1e-05,reverse_eng_risk,25040691,0.9055,0.90259,0.90833
"U(1e-05,0.01), eps=1e-05",1e-05,0.01,1e-05,reverse_eng_risk,30205397,0.93058,0.92805,0.93303
"U(1e-05,0.01), eps=1e-05",1e-05,0.01,1e-05,reverse_eng_risk,36435337,0.94952,0.94733,0.95162
"U(1e-05,0.01), eps=1e-05",1e-05,0.01,1e-05,reverse_eng_risk,43950218,0.96522,0.96338,0.96697
"U(1e-05,0.01), eps=1e-05",1e-05,0.01,1e-05,reverse_eng_risk,53015061,0.9772,0.97569,0.97862
"U(1e-05,0.01), eps=1e-05",1e-05,0.01,1e-05,reverse_eng_risk,63949552,0.98655,0.98537,0.98763
"U(1e-05,0.01), eps=1e-05",1e-05,0.01,1e-05,reverse_eng_risk,77139309,0.99272,0.99184,0.99351
"U(1e-05,0.01), eps=1e-05",1e-05,0.01,1e-05,reverse_eng_risk,93049487,0.99603,0.99536,0.9966
"U(1e-05,0.01), eps=1e-05",1e-05,0.01,1e-05,reverse_eng_risk,112241179,0.9978,0.99729,0.99821
"U(1e-05,0.01), eps=1e-05",1e-05,0.01,1e-05,reverse_eng_risk,135391206,0.999,0.99864,0.99927
"U(1e-05,0.01), eps=1e-05",1e-05,0.01,1e-05,reverse_eng_risk,163315985,0.99965,0.99941,0.99979
"U(1e-05,0.01), eps=1e-05",1e-05,0.01,1e-05,reverse_eng_risk,197000320,0.99982,0.99963,0.99991
"U(1e-05,0.01), eps=1e-05",1e-05,0.01,1e-05,reverse_eng_risk,237632135,0.99995,0.99982,0.99999
"U(1e-05,0.01), eps=1e-05",1e-05,0.01,1e-05,reverse_eng_risk,286644364,0.99997,0.99985,0.99999
"U(1e-05,0.01), eps=1e-05",1e-05,0.01,1e-05,reverse_eng_risk,345765489,1.0,0.9999,1.0
"U(1e-05,0.01), eps=1e-05",1e-05,0.01,1e-05,reverse_eng_risk,417080497,1.0,0.9999,1.0
"U(1e-05,0.01), eps=1e-05",1e-05,0.01,1e-05,reverse_eng_risk,503104405,1.0,0.9999,1.0
"U(1e-05,0.01), eps=1e-05",1e-05,0.01,1e-05,reverse_eng_risk,606870961,1.0,0.9999,1.0
"U(1e-05,0.01), eps=1e-05",1e-05,0.01,1e-05,reverse_eng_risk,732039633,1.0,0.9999,1.0
"U(1e-05,0.01), eps=1e-05",1e-05,0.01,1e-05,reverse_eng_risk,883024660,1.0,0.9999,1.0
"U(1e-05,0.01), eps=1e-05",1e-05,0.01,1e-05,reverse_eng_risk,1065150730,1.0,0.9999,1.0
"U(1e-05,0.01), eps=1e-05",1e-05,0.01,1e-05,reverse_eng_risk,1284840764,1.0,0.9999,1.0
"U(0.01,0.1), eps=1e-03",0.01,0.1,0.001,oracle_hl,896,0.27739,0.27302,0.2818
"U(0.01,0.1), eps=1e-03",0.01,0.1,0.001,oracle_hl,1081,0.30294,0.29846,0.30746
"U(0.01,0.1), eps=1e-03",0.01,0.1,0.001,oracle_hl,1304,0.33044,0.32585,0.33507
"U(0.01,0.1), eps=1e-03",0.01,0.1,0.001,oracle_hl,1573,0.35997,0.35528,0.36469
"U(0.01,0.1), eps=1e-03",0.01,0.1,0.001,oracle_hl,1898,0.39158,0.38681,0.39637
"U(0.01,0.1), eps=1e-03",0.01,0.1,0.001,oracle_hl,2289,0.42512,0.42028,0.42997
"U(0.01,0.1), eps=1e-03",0.01,0.1,0.001,oracle_hl,2761,0.4606,0.45572,0.46549
"U(0.01,0.1), eps=1e-03",0.01,0.1,0.001,oracle_hl,3331,0.49789,0.49299,0.50279
"U(0.01,0.1), eps=1e-03",0.01,0.1,0.001,oracle_hl,4018,0.53671,0.53182,0.54159
"U(0.01,0.1), eps=1e-03",0.01,0.1,0.001,oracle_hl,4847,0.57679,0.57194,0.58162
"U(0.01,0.1), eps=1e-03",0.01,0.1,0.001,oracle_hl,5847,0.61772,0.61295,0.62247
"U(0.01,0.1), eps=1e-03",0.01,0.1,0.001,oracle_hl,7053,0.65905,0.65439,0.66368
"U(0.01,0.1), eps=1e-03",0.01,0.1,0.001,oracle_hl,8507,0.7002,0.69569,0.70467
"U(0.01,0.1), eps=1e-03",0.01,0.1,0.001,oracle_hl,10262,0.74065,0.73633,0.74492
"U(0.01,0.1), eps=1e-03",0.01,0.1,0.001,oracle_hl,12379,0.77971,0.77562,0.78374
"U(0.01,0.1), eps=1e-03",0.01,0.1,0.001,oracle_hl,14932,0.81674,0.81292,0.8205
"U(0.01,0.1), eps=1e-03",0.01,0.1,0.001,oracle_hl,18012,0.85115,0.84763,0.8546
"U(0.01,0.1), eps=1e-03",0.01,0.1,0.001,oracle_hl,21727,0.88236,0.87917,0.88548
"U(0.01,0.1), eps=1e-03",0.01,0.1,0.001,oracle_hl,26209,0.90992,0.90707,0.91269
"U(0.01,0.1), eps=1e-03",0.01,0.1,0.001,oracle_hl,31614,0.9335,0.93102,0.9359
"U(0.01,0.1), eps=1e-03",0.01,0.1,0.001,oracle_hl,38135,0.95295,0.95083,0.95498
"U(0.01,0.1), eps=1e-03",0.01,0.1,0.001,oracle_hl,46001,0.96833,0.96657,0.97
"U(0.01,0.1), eps=1e-03",0.01,0.1,0.001,oracle_hl,55489,0.97988,0.97846,0.98121
"U(0.01,0.1), eps=1e-03",0.01,0.1,0.001,oracle_hl,66933,0.98806,0.98695,0.98908
"U(0.01,0.1), eps=1e-03",0.01,0.1,0.001,oracle_hl,80739,0.99346,0.99262,0.9942
"U(0.01,0.1), eps=1e-03",0.01,0.1,0.001,oracle_hl,97391,0.99674,0.99613,0.99725
"U(0.01,0.1), eps=1e-03",0.01,0.1,0.001,oracle_hl,117479,0.99855,0.99813,0.99888
"U(0.01,0.1), eps=1e-03",0.01,0.1,0.001,oracle_hl,141709,0.99944,0.99916,0.99963
"U(0.01,0.1), eps=1e-03",0.01,0.1,0.001,oracle_hl,170937,0.99981,0.99962,0.99991
"U(0.01,0.1), eps=1e-03",0.01,0.1,0.001,oracle_hl,206193,0.99995,0.99982,0.99999
"U(0.01,0.1), eps=1e-03",0.01,0.1,0.001,oracle_hl,248721,0.99999,0.99988,1.0
"U(0.01,0.1), eps=1e-03",0.01,0.1,0.001,oracle_hl,300021,1.0,0.9999,1.0
"U(0.01,0.1), eps=1e-03",0.01,0.1,0.001,oracle_hl,361901,1.0,0.9999,1.0
"U(0.01,0.1), eps=1e-03",0.01,0.1,0.001,oracle_hl,436544,1.0,0.9999,1.0
"U(0.01,0.1), eps=1e-03",0.01,0.1,0.001,oracle_hl,526582,1.0,0.9999,1.0
"U(0.01,0.1), eps=1e-03",0.01,0.1,0.001,oracle_hl,635191,1.0,0.9999,1.0
"U(0.01,0.1), eps=1e-03",0.01,0.1,0.001,oracle_hl,766201,1.0,0.9999,1.0
"U(0.01,0.1), eps=1e-03",0.01,0.1,0.001,oracle_hl,924232,1.0,0.9999,1.0
"U(0.01,0.1), eps=1e-03",0.01,0.1,0.001,oracle_hl,1114857,1.0,0.9999,1.0
"U(0.01,0.1), eps=1e-03",0.01,0.1,0.001,oracle_hl,1344800,1.0,0.9999,1.0
"U(0.01,0.1), eps=1e-04",0.01,0.1,0.0001,oracle_hl,89653,0.27747,0.2731,0.28188
"U(0.01,0.1), eps=1e-04",0.01,0.1,0.0001,oracle_hl,108144,0.30299,0.29851,0.30751
"U(0.01,0.1), eps=1e-04",0.01,0.1,0.0001,oracle_hl,130449,0.3305,0.32591,0.33513
"U(0.01,0.1), eps=1e-04",0.01,0.1,0.0001,oracle_hl,157355,0.36003,0.35534,0.36475
"U(0.01,0.1), eps=1e-04",0.01,0.1,0.0001,oracle_hl,189810,0.39159,0.38682,0.39638
"U(0.01,0.1), eps=1e-04",0.01,0.1,0.0001,oracle_hl,228958,0.42516,0.42032,0.43001
"U(0.01,0.1), eps=1e-04",0.01,0.1,0.0001,oracle_hl,276182,0.46066,0.45578,0.46555
"U(0.01,0.1), eps=1e-04",0.01,0.1,0.0001,oracle_hl,333145,0.49792,0.49302,0.50282
"U(0.01,0.1), eps=1e-04",0.01,0.1,0.0001,oracle_hl,401857,0.53674,0.53185,0.54162
"U(0.01,0.1), eps=1e-04",0.01,0.1,0.0001,oracle_hl,484741,0.5768,0.57195,0.58163
"U(0.01,0.1), eps=1e-04",0.01,0.1,0.0001,oracle_hl,584721,0.61773,0.61296,0.62248
"U(0.01,0.1), eps=1e-04",0.01,0.1,0.0001,oracle_hl,705321,0.65905,0.65439,0.66368
"U(0.01,0.1), eps=1e-04",0.01,0.1,0.0001,oracle_hl,850795,0.70023,0.69572,0.7047
"U(0.01,0.1), eps=1e-04",0.01,0.1,0.0001,oracle_hl,1026274,0.74066,0.73634,0.74493
"U(0.01,0.1), eps=1e-04",0.01,0.1,0.0001,oracle_hl,1237946,0.77971,0.77562,0.78374
"U(0.01,0.1), eps=1e-04",0.01,0.1,0.0001,oracle_hl,1493275,0.81675,0.81293,0.82051
"U(0.01,0.1), eps=1e-04",0.01,0.1,0.0001,oracle_hl,1801267,0.85115,0.84763,0.8546
"U(0.01,0.1), eps=1e-04",0.01,0.1,0.0001,oracle_hl,2172783,0.88236,0.87917,0.88548
"U(0.01,0.1), eps=1e-04",0.01,0.1,0.0001,oracle_hl,2620925,0.90992,0.90707,0.91269
"U(0.01,0.1), eps=1e-04",0.01,0.1,0.0001,oracle_hl,3161498,0.9335,0.93102,0.9359
"U(0.01,0.1), eps=1e-04",0.01,0.1,0.0001,oracle_hl,3813565,0.95295,0.95083,0.95498
"U(0.01,0.1), eps=1e-04",0.01,0.1,0.0001,oracle_hl,4600122,0.96833,0.96657,0.97
"U(0.01,0.1), eps=1e-04",0.01,0.1,0.0001,oracle_hl,5548909,0.97988,0.97846,0.98121
"U(0.01,0.1), eps=1e-04",0.01,0.1,0.0001,oracle_hl,6693386,0.98806,0.98695,0.98908
"U(0.01,0.1), eps=1e-04",0.01,0.1,0.0001,oracle_hl,8073914,0.99346,0.99262,0.9942
"U(0.01,0.1), eps=1e-04",0.01,0.1,0.0001,oracle_hl,9739179,0.99675,0.99614,0.99726
"U(0.01,0.1), eps=1e-04",0.01,0.1,0.0001,oracle_hl,11747910,0.99855,0.99813,0.99888
"U(0.01,0.1), eps=1e-04",0.01,0.1,0.0001,oracle_hl,14170946,0.99944,0.99916,0.99963
"U(0.01,0.1), eps=1e-04",0.01,0.1,0.0001,oracle_hl,17093739,0.99981,0.99962,0.99991
"U(0.01,0.1), eps=1e-04",0.01,0.1,0.0001,oracle_hl,20619366,0.99995,0.99982,0.99999
"U(0.01,0.1), eps=1e-04",0.01,0.1,0.0001,oracle_hl,24872163,0.99999,0.99988,1.0
"U(0.01,0.1), eps=1e-04",0.01,0.1,0.0001,oracle_hl,30002110,1.0,0.9999,1.0
"U(0.01,0.1), eps=1e-04",0.01,0.1,0.0001,oracle_hl,36190121,1.0,0.9999,1.0
"U(0.01,0.1), eps=1e-04",0.01,0.1,0.0001,oracle_hl,43654425,1.0,0.9999,1.0
"U(0.01,0.1), eps=1e-04",0.01,0.1,0.0001,oracle_hl,52658261,1.0,0.9999,1.0
"U(0.01,0.1), eps=1e-04",0.01,0.1,0.0001,oracle_hl,63519160,1.0,0.9999,1.0
"U(0.01,0.1), eps=1e-04",0.01,0.1,0.0001,oracle_hl,76620148,1.0,0.9999,1.0
"U(0.01,0.1), eps=1e-04",0.01,0.1,0.0001,oracle_hl,92423247,1.0,0.9999,1.0
"U(0.01,0.1), eps=1e-04",0.01,0.1,0.0001,oracle_hl,111485776,1.0,0.9999,1.0
"U(0.01,0.1), eps=1e-04",0.01,0.1,0.0001,oracle_hl,134480000,1.0,0.9999,1.0
"U(0.001,0.01), eps=1e-04",0.001,0.01,0.0001,oracle_hl,8565,0.27337,0.26902,0.27776
"U(0.001,0.01), eps=1e-04",0.001,0.01,0.0001,oracle_hl,10332,0.29858,0.29411,0.30308
"U(0.001,0.01), eps=1e-04",0.001,0.01,0.0001,oracle_hl,12463,0.32576,0.32118,0.33037
"U(0.001,0.01), eps=1e-04",0.001,0.01,0.0001,oracle_hl,15033,0.35496,0.35028,0.35966
"U(0.001,0.01), eps=1e-04",0.001,0.01,0.0001,oracle_hl,18134,0.38622,0.38146,0.391
"U(0.001,0.01), eps=1e-04",0.001,0.01,0.0001,oracle_hl,21875,0.4195,0.41467,0.42434
"U(0.001,0.01), eps=1e-04",0.001,0.01,0.0001,oracle_hl,26386,0.45471,0.44983,0.45959
"U(0.001,0.01), eps=1e-04",0.001,0.01,0.0001,oracle_hl,31829,0.49175,0.48685,0.49665
"U(0.001,0.01), eps=1e-04",0.001,0.01,0.0001,oracle_hl,38394,0.53038,0.52549,0.53527
"U(0.001,0.01), eps=1e-04",0.001,0.01,0.0001,oracle_hl,46312,0.57033,0.56547,0.57517
"U(0.001,0.01), eps=1e-04",0.001,0.01,0.0001,oracle_hl,55865,0.61123,0.60644,0.616
"U(0.001,0.01), eps=1e-04",0.001,0.01,0.0001,oracle_hl,67387,0.6526,0.64792,0.65725
"U(0.001,0.01), eps=1e-04",0.001,0.01,0.0001,oracle_hl,81286,0.69393,0.6894,0.69843
"U(0.001,0.01), eps=1e-04",0.001,0.01,0.0001,oracle_hl,98051,0.73462,0.73027,0.73892
"U(0.001,0.01), eps=1e-04",0.001,0.01,0.0001,oracle_hl,118275,0.77403,0.76991,0.7781
"U(0.001,0.01), eps=1e-04",0.001,0.01,0.0001,oracle_hl,142669,0.81151,0.80765,0.81531
"U(0.001,0.01), eps=1e-04",0.001,0.01,0.0001,oracle_hl,172095,0.84644,0.84287,0.84994
"U(0.001,0.01), eps=1e-04",0.001,0.01,0.0001,oracle_hl,207590,0.87823,0.87499,0.8814
"U(0.001,0.01), eps=1e-04",0.001,0.01,0.0001,oracle_hl,250406,0.90641,0.90352,0.90923
"U(0.001,0.01), eps=1e-04",0.001,0.01,0.0001,oracle_hl,302053,0.93062,0.92809,0.93307
"U(0.001,0.01), eps=1e-04",0.001,0.01,0.0001,oracle_hl,364353,0.95068,0.94851,0.95276
"U(0.001,0.01), eps=1e-04",0.001,0.01,0.0001,oracle_hl,439502,0.96662,0.96481,0.96834
"U(0.001,0.01), eps=1e-04",0.001,0.01,0.0001,oracle_hl,530150,0.97867,0.97721,0.98004
"U(0.001,0.01), eps=1e-04",0.001,0.01,0.0001,oracle_hl,639495,0.98726,0.98611,0.98831
"U(0.001,0.01), eps=1e-04",0.001,0.01,0.0001,oracle_hl,771393,0.99297,0.9921,0.99374
"U(0.001,0.01), eps=1e-04",0.001,0.01,0.0001,oracle_hl,930494,0.99647,0.99584,0.99701
"U(0.001,0.01), eps=1e-04",0.001,0.01,0.0001,oracle_hl,1122411,0.99841,0.99797,0.99876
"U(0.001,0.01), eps=1e-04",0.001,0.01,0.0001,oracle_hl,1353912,0.99937,0.99907,0.99957
"U(0.001,0.01), eps=1e-04",0.001,0.01,0.0001,oracle_hl,1633159,0.99979,0.99959,0.99989
"U(0.001,0.01), eps=1e-04",0.001,0.01,0.0001,oracle_hl,1970003,0.99994,0.9998,0.99998
"U(0.001,0.01), eps=1e-04",0.001,0.01,0.0001,oracle_hl,2376321,0.99999,0.99988,1.0
"U(0.001,0.01), eps=1e-04",0.001,0.01,0.0001,oracle_hl,2866443,1.0,0.9999,1.0
"U(0.001,0.01), eps=1e-04",0.001,0.01,0.0001,oracle_hl,3457654,1.0,0.9999,1.0
"U(0.001,0.01), eps=1e-04",0.001,0.01,0.0001,oracle_hl,4170804,1.0,0.9999,1.0
"U(0.001,0.01), eps=1e-04",0.001,0.01,0.0001,oracle_hl,5031044,1.0,0.9999,1.0
"U(0.001,0.01), eps=1e-04",0.001,0.01,0.0001,oracle_hl,6068709,1.0,0.9999,1.0
"U(0.001,0.01), eps=1e-04",0.001,0.01,0.0001,oracle_hl,7320396,1.0,0.9999,1.0
"U(0.001,0.01), eps=1e-04",0.001,0.01,0.0001,oracle_hl,8830246,1.0,0.9999,1.0
"U(0.001,0.01), eps=1e-04",0.001,0.01,0.0001,oracle_hl,10651507,1.0,0.9999,1.0
"U(0.001,0.01), eps=1e-04",0.001,0.01,0.0001,oracle_hl,12848407,1.0,0.9999,1.0
"U(0.001,0.1), eps=1e-04",0.001,0.1,0.0001,oracle_hl,89653,0.31727,0.31273,0.32185
"U(0.001,0.1), eps=1e-04",0.001,0.1,0.0001,oracle_hl,108144,0.34412,0.33948,0.34879
"U(0.001,0.1), eps=1e-04",0.001,0.1,0.0001,oracle_hl,130449,0.37263,0.3679,0.37738
"U(0.001,0.1), eps=1e-04",0.001,0.1,0.0001,oracle_hl,157355,0.40276,0.39796,0.40758
"U(0.001,0.1), eps=1e-04",0.001,0.1,0.0001,oracle_hl,189810,0.43449,0.42964,0.43935
"U(0.001,0.1), eps=1e-04",0.001,0.1,0.0001,oracle_hl,228958,0.46773,0.46284,0.47262
"U(0.001,0.1), eps=1e-04",0.001,0.1,0.0001,oracle_hl,276182,0.50238,0.49748,0.50728
"U(0.001,0.1), eps=1e-04",0.001,0.1,0.0001,oracle_hl,333145,0.53826,0.53337,0.54314
"U(0.001,0.1), eps=1e-04",0.001,0.1,0.0001,oracle_hl,401857,0.57517,0.57032,0.58001
"U(0.001,0.1), eps=1e-04",0.001,0.1,0.0001,oracle_hl,484741,0.61286,0.60808,0.61762
"U(0.001,0.1), eps=1e-04",0.001,0.1,0.0001,oracle_hl,584721,0.65099,0.6463,0.65565
"U(0.001,0.1), eps=1e-04",0.001,0.1,0.0001,oracle_hl,705321,0.68919,0.68464,0.69371
"U(0.001,0.1), eps=1e-04",0.001,0.1,0.0001,oracle_hl,850795,0.72703,0.72264,0.73137
"U(0.001,0.1), eps=1e-04",0.001,0.1,0.0001,oracle_hl,1026274,0.76402,0.75983,0.76816
"U(0.001,0.1), eps=1e-04",0.001,0.1,0.0001,oracle_hl,1237946,0.79965,0.7957,0.80354
"U(0.001,0.1), eps=1e-04",0.001,0.1,0.0001,oracle_hl,1493275,0.83338,0.8297,0.837
"U(0.001,0.1), eps=1e-04",0.001,0.1,0.0001,oracle_hl,1801267,0.86467,0.86128,0.86799
"U(0.001,0.1), eps=1e-04",0.001,0.1,0.0001,oracle_hl,2172783,0.89305,0.88998,0.89604
"U(0.001,0.1), eps=1e-04",0.001,0.1,0.0001,oracle_hl,2620925,0.91811,0.91538,0.92076
"U(0.001,0.1), eps=1e-04",0.001,0.1,0.0001,oracle_hl,3161498,0.93955,0.93717,0.94184
"U(0.001,0.1), eps=1e-04",0.001,0.1,0.0001,oracle_hl,3813565,0.95723,0.9552,0.95917
"U(0.001,0.1), eps=1e-04",0.001,0.1,0.0001,oracle_hl,4600122,0.97121,0.96953,0.9728
"U(0.001,0.1), eps=1e-04",0.001,0.1,0.0001,oracle_hl,5548909,0.98171,0.98035,0.98298
"U(0.001,0.1), eps=1e-04",0.001,0.1,0.0001,oracle_hl,6693386,0.98915,0.98809,0.99012
"U(0.001,0.1), eps=1e-04",0.001,0.1,0.0001,oracle_hl,8073914,0.99406,0.99326,0.99477
"U(0.001,0.1), eps=1e-04",0.001,0.1,0.0001,oracle_hl,9739179,0.99704,0.99646,0.99753
"U(0.001,0.1), eps=1e-04",0.001,0.1,0.0001,oracle_hl,11747910,0.99868,0.99827,0.99899
"U(0.001,0.1), eps=1e-04",0.001,0.1,0.0001,oracle_hl,14170946,0.99949,0.99922,0.99967
"U(0.001,0.1), eps=1e-04",0.001,0.1,0.0001,oracle_hl,17093739,0.99983,0.99965,0.99992
"U(0.001,0.1), eps=1e-04",0.001,0.1,0.0001,oracle_hl,20619366,0.99995,0.99982,0.99999
"U(0.001,0.1), eps=1e-04",0.001,0.1,0.0001,oracle_hl,24872163,0.99999,0.99988,1.0
"U(0.001,0.1), eps=1e-04",0.001,0.1,0.0001,oracle_hl,30002110,1.0,0.9999,1.0
"U(0.001,0.1), eps=1e-04",0.001,0.1,0.0001,oracle_hl,36190121,1.0,0.9999,1.0
"U(0.001,0.1), eps=1e-04",0.001,0.1,0.0001,oracle_hl,43654425,1.0,0.9999,1.0
"U(0.001,0.1), eps=1e-04",0.001,0.1,0.0001,oracle_hl,52658261,1.0,0.9999,1.0
"U(0.001,0.1), eps=1e-04",0.001,0.1,0.0001,oracle_hl,63519160,1.0,0.9999,1.0
"U(0.001,0.1), eps=1e-04",0.001,0.1,0.0001,oracle_hl,76620148,1.0,0.9999,1.0
"U(0.001,0.1), eps=1e-04",0.001,0.1,0.0001,oracle_hl,92423247,1.0,0.9999,1.0
"U(0.001,0.1), eps=1e-04",0.001,0.1,0.0001,oracle_hl,111485776,1.0,0.9999,1.0
"U(0.001,0.1), eps=1e-04",0.001,0.1,0.0001,oracle_hl,134480000,1.0,0.9999,1.0
"U(0.01,0.1), eps=1e-05",0.01,0.1,1e-05,oracle_hl,8965333,0.27747,0.2731,0.28188
"U(0.01,0.1), eps=1e-05",0.01,0.1,1e-05,oracle_hl,10814456,0.30299,0.29851,0.30751
"U(0.01,0.1), eps=1e-05",0.01,0.1,1e-05,oracle_hl,13044964,0.3305,0.32591,0.33513
"U(0.01,0.1), eps=1e-05",0.01,0.1,1e-05,oracle_hl,15735521,0.36003,0.35534,0.36475
"U(0.01,0.1), eps=1e-05",0.01,0.1,1e-05,oracle_hl,18981013,0.39159,0.38682,0.39638
"U(0.01,0.1), eps=1e-05",0.01,0.1,1e-05,oracle_hl,22895895,0.42517,0.42033,0.43002
"U(0.01,0.1), eps=1e-05",0.01,0.1,1e-05,oracle_hl,27618231,0.46066,0.45578,0.46555
"U(0.01,0.1), eps=1e-05",0.01,0.1,1e-05,oracle_hl,33314561,0.49792,0.49302,0.50282
"U(0.01,0.1), eps=1e-05",0.01,0.1,1e-05,oracle_hl,40185774,0.53674,0.53185,0.54162
"U(0.01,0.1), eps=1e-05",0.01,0.1,1e-05,oracle_hl,48474191,0.5768,0.57195,0.58163
"U(0.01,0.1), eps=1e-05",0.01,0.1,1e-05,oracle_hl,58472116,0.61773,0.61296,0.62248
"U(0.01,0.1), eps=1e-05",0.01,0.1,1e-05,oracle_hl,70532138,0.65905,0.65439,0.66368
"U(0.01,0.1), eps=1e-05",0.01,0.1,1e-05,oracle_hl,85079570,0.70023,0.69572,0.7047
"U(0.01,0.1), eps=1e-05",0.01,0.1,1e-05,oracle_hl,102627447,0.74066,0.73634,0.74493
"U(0.01,0.1), eps=1e-05",0.01,0.1,1e-05,oracle_hl,123794618,0.77971,0.77562,0.78374
"U(0.01,0.1), eps=1e-05",0.01,0.1,1e-05,oracle_hl,149327571,0.81675,0.81293,0.82051
"U(0.01,0.1), eps=1e-05",0.01,0.1,1e-05,oracle_hl,180126761,0.85115,0.84763,0.8546
"U(0.01,0.1), eps=1e-05",0.01,0.1,1e-05,oracle_hl,217278361,0.88236,0.87917,0.88548
"U(0.01,0.1), eps=1e-05",0.01,0.1,1e-05,oracle_hl,262092573,0.90992,0.90707,0.91269
"U(0.01,0.1), eps=1e-05",0.01,0.1,1e-05,oracle_hl,316149829,0.9335,0.93102,0.9359
"U(0.01,0.1), eps=1e-05",0.01,0.1,1e-05,oracle_hl,381356532,0.95295,0.95083,0.95498
"U(0.01,0.1), eps=1e-05",0.01,0.1,1e-05,oracle_hl,460012281,0.96833,0.96657,0.97
"U(0.01,0.1), eps=1e-05",0.01,0.1,1e-05,oracle_hl,554890978,0.97988,0.97846,0.98121
"U(0.01,0.1), eps=1e-05",0.01,0.1,1e-05,oracle_hl,669338647,0.98806,0.98695,0.98908
"U(0.01,0.1), eps=1e-05",0.01,0.1,1e-05,oracle_hl,807391437,0.99346,0.99262,0.9942
"U(0.01,0.1), eps=1e-05",0.01,0.1,1e-05,oracle_hl,973917964,0.99675,0.99614,0.99726
"U(0.01,0.1), eps=1e-05",0.01,0.1,1e-05,oracle_hl,1174791008,0.99855,0.99813,0.99888
"U(0.01,0.1), eps=1e-05",0.01,0.1,1e-05,oracle_hl,1417094627,0.99944,0.99916,0.99963
"U(0.01,0.1), eps=1e-05",0.01,0.1,1e-05,oracle_hl,1709373980,0.99981,0.99962,0.99991
"U(0.01,0.1), eps=1e-05",0.01,0.1,1e-05,oracle_hl,2061936689,0.99995,0.99982,0.99999
"U(0.01,0.1), eps=1e-05",0.01,0.1,1e-05,oracle_hl,2487216348,0.99999,0.99988,1.0
"U(0.01,0.1), eps=1e-05",0.01,0.1,1e-05,oracle_hl,3000211014,1.0,0.9999,1.0
"U(0.01,0.1), eps=1e-05",0.01,0.1,1e-05,oracle_hl,3619012128,1.0,0.9999,1.0
"U(0.01,0.1), eps=1e-05",0.01,0.1,1e-05,oracle_hl,4365442537,1.0,0.9999,1.0
"U(0.01,0.1), eps=1e-05",0.01,0.1,1e-05,oracle_hl,5265826107,1.0,0.9999,1.0
"U(0.01,0.1), eps=1e-05",0.01,0.1,1e-05,oracle_hl,6351916067,1.0,0.9999,1.0
"U(0.01,0.1), eps=1e-05",0.01,0.1,1e-05,oracle_hl,7662014829,1.0,0.9999,1.0
"U(0.01,0.1), eps=1e-05",0.01,0.1,1e-05,oracle_hl,9242324776,1.0,0.9999,1.0
"U(0.01,0.1), eps=1e-05",0.01,0.1,1e-05,oracle_hl,11148577648,1.0,0.9999,1.0
"U(0.01,0.1), eps=1e-05",0.01,0.1,1e-05,oracle_hl,13447999999,1.0,0.9999,1.0
"U(0.01,0.1), eps=1e-06",0.01,0.1,1e-06,oracle_hl,896533333,0.27747,0.2731,0.28188
"U(0.01,0.1), eps=1e-06",0.01,0.1,1e-06,oracle_hl,1081445601,0.30299,0.29851,0.30751
"U(0.01,0.1), eps=1e-06",0.01,0.1,1e-06,oracle_hl,1304496493,0.3305,0.32591,0.33513
"U(0.01,0.1), eps=1e-06",0.01,0.1,1e-06,oracle_hl,1573552196,0.36003,0.35534,0.36475
"U(0.01,0.1), eps=1e-06",0.01,0.1,1e-06,oracle_hl,1898101319,0.39159,0.38682,0.39638
"U(0.01,0.1), eps=1e-06",0.01,0.1,1e-06,oracle_hl,2289589519,0.42517,0.42033,0.43002
"U(0.01,0.1), eps=1e-06",0.01,0.1,1e-06,oracle_hl,2761823151,0.46066,0.45578,0.46555
"U(0.01,0.1), eps=1e-06",0.01,0.1,1e-06,oracle_hl,3331456165,0.49792,0.49302,0.50282
"U(0.01,0.1), eps=1e-06",0.01,0.1,1e-06,oracle_hl,4018577429,0.53674,0.53185,0.54162
"U(0.01,0.1), eps=1e-06",0.01,0.1,1e-06,oracle_hl,4847419193,0.5768,0.57195,0.58163
"U(0.01,0.1), eps=1e-06",0.01,0.1,1e-06,oracle_hl,5847211667,0.61773,0.61296,0.62248
"U(0.01,0.1), eps=1e-06",0.01,0.1,1e-06,oracle_hl,7053213870,0.65905,0.65439,0.66368
"U(0.01,0.1), eps=1e-06",0.01,0.1,1e-06,oracle_hl,8507957079,0.70023,0.69572,0.7047
"U(0.01,0.1), eps=1e-06",0.01,0.1,1e-06,oracle_hl,10262744755,0.74066,0.73634,0.74493
"U(0.01,0.1), eps=1e-06",0.01,0.1,1e-06,oracle_hl,12379461831,0.77971,0.77562,0.78374
"U(0.01,0.1), eps=1e-06",0.01,0.1,1e-06,oracle_hl,14932757159,0.81675,0.81293,0.82051
"U(0.01,0.1), eps=1e-06",0.01,0.1,1e-06,oracle_hl,18012676110,0.85115,0.84763,0.8546
"U(0.01,0.1), eps=1e-06",0.01,0.1,1e-06,oracle_hl,21727836139,0.88236,0.87917,0.88548
"U(0.01,0.1), eps=1e-06",0.01,0.1,1e-06,oracle_hl,26209257324,0.90992,0.90707,0.91269
"U(0.01,0.1), eps=1e-06",0.01,0.1,1e-06,oracle_hl,31614982969,0.9335,0.93102,0.9359
"U(0.01,0.1), eps=1e-06",0.01,0.1,1e-06,oracle_hl,38135653207,0.95295,0.95083,0.95498
"U(0.01,0.1), eps=1e-06",0.01,0.1,1e-06,oracle_hl,46001228182,0.96833,0.96657,0.97
"U(0.01,0.1), eps=1e-06",0.01,0.1,1e-06,oracle_hl,55489097899,0.97988,0.97846,0.98121
"U(0.01,0.1), eps=1e-06",0.01,0.1,1e-06,oracle_hl,66933864754,0.98806,0.98695,0.98908
"U(0.01,0.1), eps=1e-06",0.01,0.1,1e-06,oracle_hl,80739143733,0.99346,0.99262,0.9942
"U(0.01,0.1), eps=1e-06",0.01,0.1,1e-06,oracle_hl,97391796436,0.99675,0.99614,0.99726
"U(0.01,0.1), eps=1e-06",0.01,0.1,1e-06,oracle_hl,117479100897,0.99855,0.99813,0.99888
"U(0.01,0.1), eps=1e-06",0.01,0.1,1e-06,oracle_hl,141709462734,0.99944,0.99916,0.99963
"U(0.01,0.1), eps=1e-06",0.01,0.1,1e-06,oracle_hl,170937398014,0.99981,0.99962,0.99991
"U(0.01,0.1), eps=1e-06",0.01,0.1,1e-06,oracle_hl,206193668906,0.99995,0.99982,0.99999
"U(0.01,0.1), eps=1e-06",0.01,0.1,1e-06,oracle_hl,248721634884,0.99999,0.99988,1.0
"U(0.01,0.1), eps=1e-06",0.01,0.1,1e-06,oracle_hl,300021101460,1.0,0.9999,1.0
"U(0.01,0.1), eps=1e-06",0.01,0.1,1e-06,oracle_hl,361901212829,1.0,0.9999,1.0
"U(0.01,0.1), eps=1e-06",0.01,0.1,1e-06,oracle_hl,436544253753,1.0,0.9999,1.0
"U(0.01,0.1), eps=1e-06",0.01,0.1,1e-06,oracle_hl,526582610750,1.0,0.9999,1.0
"U(0.01,0.1), eps=1e-06",0.01,0.1,1e-06,oracle_hl,635191606717,1.0,0.9999,1.0
"U(0.01,0.1), eps=1e-06",0.01,0.1,1e-06,oracle_hl,766201482932,1.0,0.9999,1.0
"U(0.01,0.1), eps=1e-06",0.01,0.1,1e-06,oracle_hl,924232477633,1.0,0.9999,1.0
"U(0.01,0.1), eps=1e-06",0.01,0.1,1e-06,oracle_hl,1114857764883,1.0,0.9999,1.0
"U(0.01,0.1), eps=1e-06",0.01,0.1,1e-06,oracle_hl,1344800000000,1.0,0.9999,1.0
"U(0.01,0.1), eps=1e-07",0.01,0.1,1e-07,oracle_hl,89653333333,0.27747,0.2731,0.28188
"U(0.01,0.1), eps=1e-07",0.01,0.1,1e-07,oracle_hl,108144560197,0.30299,0.29851,0.30751
"U(0.01,0.1), eps=1e-07",0.01,0.1,1e-07,oracle_hl,130449649394,0.3305,0.32591,0.33513
"U(0.01,0.1), eps=1e-07",0.01,0.1,1e-07,oracle_hl,157355219680,0.36003,0.35534,0.36475
"U(0.01,0.1), eps=1e-07",0.01,0.1,1e-07,oracle_hl,189810131921,0.39159,0.38682,0.39638
"U(0.01,0.1), eps=1e-07",0.01,0.1,1e-07,oracle_hl,228958951938,0.42517,0.42033,0.43002
"U(0.01,0.1), eps=1e-07",0.01,0.1,1e-07,oracle_hl,276182315148,0.46066,0.45578,0.46555
"U(0.01,0.1), eps=1e-07",0.01,0.1,1e-07,oracle_hl,333145616517,0.49792,0.49302,0.50282
"U(0.01,0.1), eps=1e-07",0.01,0.1,1e-07,oracle_hl,401857742938,0.53674,0.53185,0.54162
"U(0.01,0.1), eps=1e-07",0.01,0.1,1e-07,oracle_hl,484741919306,0.5768,0.57195,0.58163
"U(0.01,0.1), eps=1e-07",0.01,0.1,1e-07,oracle_hl,584721166785,0.61773,0.61296,0.62248
"U(0.01,0.1), eps=1e-07",0.01,0.1,1e-07,oracle_hl,705321387051,0.65905,0.65439,0.66368
"U(0.01,0.1), eps=1e-07",0.01,0.1,1e-07,oracle_hl,850795707922,0.70023,0.69572,0.7047
"U(0.01,0.1), eps=1e-07",0.01,0.1,1e-07,oracle_hl,1026274475590,0.74066,0.73634,0.74493
"U(0.01,0.1), eps=1e-07",0.01,0.1,1e-07,oracle_hl,1237946183132,0.77971,0.77562,0.78374
"U(0.01,0.1), eps=1e-07",0.01,0.1,1e-07,oracle_hl,1493275715983,0.81675,0.81293,0.82051
"U(0.01,0.1), eps=1e-07",0.01,0.1,1e-07,oracle_hl,1801267611087,0.85115,0.84763,0.8546
"U(0.01,0.1), eps=1e-07",0.01,0.1,1e-07,oracle_hl,2172783613919,0.88236,0.87917,0.88548
"U(0.01,0.1), eps=1e-07",0.01,0.1,1e-07,oracle_hl,2620925732443,0.90992,0.90707,0.91269
"U(0.01,0.1), eps=1e-07",0.01,0.1,1e-07,oracle_hl,3161498296921,0.9335,0.93102,0.9359
"U(0.01,0.1), eps=1e-07",0.01,0.1,1e-07,oracle_hl,3813565320723,0.95295,0.95083,0.95498
"U(0.01,0.1), eps=1e-07",0.01,0.1,1e-07,oracle_hl,4600122818216,0.96833,0.96657,0.97
"U(0.01,0.1), eps=1e-07",0.01,0.1,1e-07,oracle_hl,5548909789924,0.97988,0.97846,0.98121
"U(0.01,0.1), eps=1e-07",0.01,0.1,1e-07,oracle_hl,6693386475420,0.98806,0.98695,0.98908
"U(0.01,0.1), eps=1e-07",0.01,0.1,1e-07,oracle_hl,8073914373357,0.99346,0.99262,0.9942
"U(0.01,0.1), eps=1e-07",0.01,0.1,1e-07,oracle_hl,9739179643621,0.99675,0.99614,0.99726
"U(0.01,0.1), eps=1e-07",0.01,0.1,1e-07,oracle_hl,11747910089773,0.99855,0.99813,0.99888
"U(0.01,0.1), eps=1e-07",0.01,0.1,1e-07,oracle_hl,14170946273467,0.99944,0.99916,0.99963
"U(0.01,0.1), eps=1e-07",0.01,0.1,1e-07,oracle_hl,17093739801456,0.99981,0.99962,0.99991
"U(0.01,0.1), eps=1e-07",0.01,0.1,1e-07,oracle_hl,20619366890621,0.99995,0.99982,0.99999
"U(0.01,0.1), eps=1e-07",0.01,0.1,1e-07,oracle_hl,24872163488402,0.99999,0.99988,1.0
"U(0.01,0.1), eps=1e-07",0.01,0.1,1e-07,oracle_hl,30002110146029,1.0,0.9999,1.0
"U(0.01,0.1), eps=1e-07",0.01,0.1,1e-07,oracle_hl,36190121282944,1.0,0.9999,1.0
"U(0.01,0.1), eps=1e-07",0.01,0.1,1e-07,oracle_hl,43654425375394,1.0,0.9999,1.0
"U(0.01,0.1), eps=1e-07",0.01,0.1,1e-07,oracle_hl,52658261075074,1.0,0.9999,1.0
"U(0.01,0.1), eps=1e-07",0.01,0.1,1e-07,oracle_hl,63519160671706,1.0,0.9999,1.0
"U(0.01,0.1), eps=1e-07",0.01,0.1,1e-07,oracle_hl,76620148293272,1.0,0.9999,1.0
"U(0.01,0.1), eps=1e-07",0.01,0.1,1e-07,oracle_hl,92423247763380,1.0,0.9999,1.0
"U(0.01,0.1), eps=1e-07",0.01,0.1,1e-07,oracle_hl,111485776488390,1.0,0.9999,1.0
"U(0.01,0.1), eps=1e-07",0.01,0.1,1e-07,oracle_hl,134480000000000,1.0,0.9999,1.0
"U(0.01,0.1), eps=1e-08",0.01,0.1,1e-08,oracle_hl,8965333333333,0.27747,0.2731,0.28188
"U(0.01,0.1), eps=1e-08",0.01,0.1,1e-08,oracle_hl,10814456019797,0.30299,0.29851,0.30751
"U(0.01,0.1), eps=1e-08",0.01,0.1,1e-08,oracle_hl,13044964939485,0.3305,0.32591,0.33513
"U(0.01,0.1), eps=1e-08",0.01,0.1,1e-08,oracle_hl,15735521968084,0.36003,0.35534,0.36475
"U(0.01,0.1), eps=1e-08",0.01,0.1,1e-08,oracle_hl,18981013192192,0.39159,0.38682,0.39638
"U(0.01,0.1), eps=1e-08",0.01,0.1,1e-08,oracle_hl,22895895193876,0.42517,0.42033,0.43002
"U(0.01,0.1), eps=1e-08",0.01,0.1,1e-08,oracle_hl,27618231514879,0.46066,0.45578,0.46555
"U(0.01,0.1), eps=1e-08",0.01,0.1,1e-08,oracle_hl,33314561651797,0.49792,0.49302,0.50282
"U(0.01,0.1), eps=1e-08",0.01,0.1,1e-08,oracle_hl,40185774293819,0.53674,0.53185,0.54162
"U(0.01,0.1), eps=1e-08",0.01,0.1,1e-08,oracle_hl,48474191930623,0.5768,0.57195,0.58163
"U(0.01,0.1), eps=1e-08",0.01,0.1,1e-08,oracle_hl,58472116678571,0.61773,0.61296,0.62248
"U(0.01,0.1), eps=1e-08",0.01,0.1,1e-08,oracle_hl,70532138705184,0.65905,0.65439,0.66368
"U(0.01,0.1), eps=1e-08",0.01,0.1,1e-08,oracle_hl,85079570792251,0.70023,0.69572,0.7047
"U(0.01,0.1), eps=1e-08",0.01,0.1,1e-08,oracle_hl,102627447559047,0.74066,0.73634,0.74493
"U(0.01,0.1), eps=1e-08",0.01,0.1,1e-08,oracle_hl,123794618313287,0.77971,0.77562,0.78374
"U(0.01,0.1), eps=1e-08",0.01,0.1,1e-08,oracle_hl,149327571598378,0.81675,0.81293,0.82051
"U(0.01,0.1), eps=1e-08",0.01,0.1,1e-08,oracle_hl,180126761108769,0.85115,0.84763,0.8546
"U(0.01,0.1), eps=1e-08",0.01,0.1,1e-08,oracle_hl,217278361391956,0.88236,0.87917,0.88548
"U(0.01,0.1), eps=1e-08",0.01,0.1,1e-08,oracle_hl,262092573244382,0.90992,0.90707,0.91269
"U(0.01,0.1), eps=1e-08",0.01,0.1,1e-08,oracle_hl,316149829692175,0.9335,0.93102,0.9359
"U(0.01,0.1), eps=1e-08",0.01,0.1,1e-08,oracle_hl,381356532072333,0.95295,0.95083,0.95498
"U(0.01,0.1), eps=1e-08",0.01,0.1,1e-08,oracle_hl,460012281821689,0.96833,0.96657,0.97
"U(0.01,0.1), eps=1e-08",0.01,0.1,1e-08,oracle_hl,554890978992489,0.97988,0.97846,0.98121
"U(0.01,0.1), eps=1e-08",0.01,0.1,1e-08,oracle_hl,669338647542012,0.98806,0.98695,0.98908
"U(0.01,0.1), eps=1e-08",0.01,0.1,1e-08,oracle_hl,807391437335714,0.99346,0.99262,0.9942
"U(0.01,0.1), eps=1e-08",0.01,0.1,1e-08,oracle_hl,973917964362154,0.99675,0.99614,0.99726
"U(0.01,0.1), eps=1e-08",0.01,0.1,1e-08,oracle_hl,1174791008977376,0.99855,0.99813,0.99888
"U(0.01,0.1), eps=1e-08",0.01,0.1,1e-08,oracle_hl,1417094627346739,0.99944,0.99916,0.99963
"U(0.01,0.1), eps=1e-08",0.01,0.1,1e-08,oracle_hl,1709373980145668,0.99981,0.99962,0.99991
"U(0.01,0.1), eps=1e-08",0.01,0.1,1e-08,oracle_hl,2061936689062103,0.99995,0.99982,0.99999
"U(0.01,0.1), eps=1e-08",0.01,0.1,1e-08,oracle_hl,2487216348840222,0.99999,0.99988,1.0
"U(0.01,0.1), eps=1e-08",0.01,0.1,1e-08,oracle_hl,3000211014602975,1.0,0.9999,1.0
"U(0.01,0.1), eps=1e-08",0.01,0.1,1e-08,oracle_hl,3619012128294440,1.0,0.9999,1.0
"U(0.01,0.1), eps=1e-08",0.01,0.1,1e-08,oracle_hl,4365442537539460,1.0,0.9999,1.0
"U(0.01,0.1), eps=1e-08",0.01,0.1,1e-08,oracle_hl,5265826107507471,1.0,0.9999,1.0
"U(0.01,0.1), eps=1e-08",0.01,0.1,1e-08,oracle_hl,6351916067170663,1.0,0.9999,1.0
"U(0.01,0.1), eps=1e-08",0.01,0.1,1e-08,oracle_hl,7662014829327249,1.0,0.9999,1.0
"U(0.01,0.1), eps=1e-08",0.01,0.1,1e-08,oracle_hl,9242324776338010,1.0,0.9999,1.0
"U(0.01,0.1), eps=1e-08",0.01,0.1,1e-08,oracle_hl,11148577648839002,1.0,0.9999,1.0
"U(0.01,0.1), eps=1e-08",0.01,0.1,1e-08,oracle_hl,13447999999999998,1.0,0.9999,1.0
"U(0.001,0.01), eps=1e-03",0.001,0.01,0.001,oracle_hl,85,0.13499,0.13168,0.13837
"U(0.001,0.01), eps=1e-03",0.001,0.01,0.001,oracle_hl,103,0.16321,0.15962,0.16686
"U(0.001,0.01), eps=1e-03",0.001,0.01,0.001,oracle_hl,124,0.19587,0.19201,0.19979
"U(0.001,0.01), eps=1e-03",0.001,0.01,0.001,oracle_hl,150,0.23582,0.23169,0.24001
"U(0.001,0.01), eps=1e-03",0.001,0.01,0.001,oracle_hl,181,0.28118,0.2768,0.28561
"U(0.001,0.01), eps=1e-03",0.001,0.01,0.001,oracle_hl,218,0.32893,0.32434,0.33355
"U(0.001,0.01), eps=1e-03",0.001,0.01,0.001,oracle_hl,263,0.37952,0.37478,0.38429
"U(0.001,0.01), eps=1e-03",0.001,0.01,0.001,oracle_hl,318,0.43263,0.42778,0.43749
"U(0.001,0.01), eps=1e-03",0.001,0.01,0.001,oracle_hl,383,0.48572,0.48082,0.49062
"U(0.001,0.01), eps=1e-03",0.001,0.01,0.001,oracle_hl,463,0.53991,0.53502,0.54479
"U(0.001,0.01), eps=1e-03",0.001,0.01,0.001,oracle_hl,558,0.59211,0.58729,0.59692
"U(0.001,0.01), eps=1e-03",0.001,0.01,0.001,oracle_hl,673,0.64226,0.63755,0.64694
"U(0.001,0.01), eps=1e-03",0.001,0.01,0.001,oracle_hl,812,0.68939,0.68484,0.69391
"U(0.001,0.01), eps=1e-03",0.001,0.01,0.001,oracle_hl,980,0.73319,0.72883,0.7375
"U(0.001,0.01), eps=1e-03",0.001,0.01,0.001,oracle_hl,1182,0.77367,0.76954,0.77774
"U(0.001,0.01), eps=1e-03",0.001,0.01,0.001,oracle_hl,1426,0.81141,0.80755,0.81521
"U(0.001,0.01), eps=1e-03",0.001,0.01,0.001,oracle_hl,1720,0.84634,0.84277,0.84984
"U(0.001,0.01), eps=1e-03",0.001,0.01,0.001,oracle_hl,2075,0.87816,0.87492,0.88133
"U(0.001,0.01), eps=1e-03",0.001,0.01,0.001,oracle_hl,2504,0.9064,0.90351,0.90922
"U(0.001,0.01), eps=1e-03",0.001,0.01,0.001,oracle_hl,3020,0.9306,0.92807,0.93305
"U(0.001,0.01), eps=1e-03",0.001,0.01,0.001,oracle_hl,3643,0.95067,0.9485,0.95275
"U(0.001,0.01), eps=1e-03",0.001,0.01,0.001,oracle_hl,4395,0.96662,0.96481,0.96834
"U(0.001,0.01), eps=1e-03",0.001,0.01,0.001,oracle_hl,5301,0.97866,0.9772,0.98003
"U(0.001,0.01), eps=1e-03",0.001,0.01,0.001,oracle_hl,6394,0.98725,0.9861,0.9883
"U(0.001,0.01), eps=1e-03",0.001,0.01,0.001,oracle_hl,7713,0.99296,0.99209,0.99373
"U(0.001,0.01), eps=1e-03",0.001,0.01,0.001,oracle_hl,9304,0.99647,0.99584,0.99701
"U(0.001,0.01), eps=1e-03",0.001,0.01,0.001,oracle_hl,11224,0.99841,0.99797,0.99876
"U(0.001,0.01), eps=1e-03",0.001,0.01,0.001,oracle_hl,13539,0.99937,0.99907,0.99957
"U(0.001,0.01), eps=1e-03",0.001,0.01,0.001,oracle_hl,16331,0.99979,0.99959,0.99989
"U(0.001,0.01), eps=1e-03",0.001,0.01,0.001,oracle_hl,19700,0.99994,0.9998,0.99998
"U(0.001,0.01), eps=1e-03",0.001,0.01,0.001,oracle_hl,23763,0.99999,0.99988,1.0
"U(0.001,0.01), eps=1e-03",0.001,0.01,0.001,oracle_hl,28664,1.0,0.9999,1.0
"U(0.001,0.01), eps=1e-03",0.001,0.01,0.001,oracle_hl,34576,1.0,0.9999,1.0
"U(0.001,0.01), eps=1e-03",0.001,0.01,0.001,oracle_hl,41708,1.0,0.9999,1.0
"U(0.001,0.01), eps=1e-03",0.001,0.01,0.001,oracle_hl,50310,1.0,0.9999,1.0
"U(0.001,0.01), eps=1e-03",0.001,0.01,0.001,oracle_hl,60687,1.0,0.9999,1.0
"U(0.001,0.01), eps=1e-03",0.001,0.01,0.001,oracle_hl,73203,1.0,0.9999,1.0
"U(0.001,0.01), eps=1e-03",0.001,0.01,0.001,oracle_hl,88302,1.0,0.9999,1.0
"U(0.001,0.01), eps=1e-03",0.001,0.01,0.001,oracle_hl,106515,1.0,0.9999,1.0
"U(0.001,0.01), eps=1e-03",0.001,0.01,0.001,oracle_hl,128484,1.0,0.9999,1.0
"U(0.001,0.01), eps=1e-05",0.001,0.01,1e-05,oracle_hl,856560,0.27337,0.26902,0.27776
"U(0.001,0.01), eps=1e-05",0.001,0.01,1e-05,oracle_hl,1033228,0.29858,0.29411,0.30308
"U(0.001,0.01), eps=1e-05",0.001,0.01,1e-05,oracle_hl,1246334,0.32577,0.32119,0.33038
"U(0.001,0.01), eps=1e-05",0.001,0.01,1e-05,oracle_hl,1503393,0.35497,0.35029,0.35967
"U(0.001,0.01), eps=1e-05",0.001,0.01,1e-05,oracle_hl,1813472,0.38623,0.38147,0.39101
"U(0.001,0.01), eps=1e-05",0.001,0.01,1e-05,oracle_hl,2187505,0.4195,0.41467,0.42434
"U(0.001,0.01), eps=1e-05",0.001,0.01,1e-05,oracle_hl,2638684,0.45472,0.44984,0.4596
"U(0.001,0.01), eps=1e-05",0.001,0.01,1e-05,oracle_hl,3182919,0.49175,0.48685,0.49665
"U(0.001,0.01), eps=1e-05",0.001,0.01,1e-05,oracle_hl,3839405,0.53038,0.52549,0.53527
"U(0.001,0.01), eps=1e-05",0.001,0.01,1e-05,oracle_hl,4631292,0.57033,0.56547,0.57517
"U(0.001,0.01), eps=1e-05",0.001,0.01,1e-05,oracle_hl,5586507,0.61123,0.60644,0.616
"U(0.001,0.01), eps=1e-05",0.001,0.01,1e-05,oracle_hl,6738739,0.6526,0.64792,0.65725
"U(0.001,0.01), eps=1e-05",0.001,0.01,1e-05,oracle_hl,8128621,0.69393,0.6894,0.69843
"U(0.001,0.01), eps=1e-05",0.001,0.01,1e-05,oracle_hl,9805170,0.73462,0.73027,0.73892
"U(0.001,0.01), eps=1e-05",0.001,0.01,1e-05,oracle_hl,11827511,0.77403,0.76991,0.7781
"U(0.001,0.01), eps=1e-05",0.001,0.01,1e-05,oracle_hl,14266965,0.81151,0.80765,0.81531
"U(0.001,0.01), eps=1e-05",0.001,0.01,1e-05,oracle_hl,17209563,0.84644,0.84287,0.84994
"U(0.001,0.01), eps=1e-05",0.001,0.01,1e-05,oracle_hl,20759079,0.87823,0.87499,0.8814
"U(0.001,0.01), eps=1e-05",0.001,0.01,1e-05,oracle_hl,25040691,0.90641,0.90352,0.90923
"U(0.001,0.01), eps=1e-05",0.001,0.01,1e-05,oracle_hl,30205397,0.93062,0.92809,0.93307
"U(0.001,0.01), eps=1e-05",0.001,0.01,1e-05,oracle_hl,36435337,0.95068,0.94851,0.95276
"U(0.001,0.01), eps=1e-05",0.001,0.01,1e-05,oracle_hl,43950218,0.96662,0.96481,0.96834
"U(0.001,0.01), eps=1e-05",0.001,0.01,1e-05,oracle_hl,53015061,0.97867,0.97721,0.98004
"U(0.001,0.01), eps=1e-05",0.001,0.01,1e-05,oracle_hl,63949552,0.98726,0.98611,0.98831
"U(0.001,0.01), eps=1e-05",0.001,0.01,1e-05,oracle_hl,77139309,0.99297,0.9921,0.99374
"U(0.001,0.01), eps=1e-05",0.001,0.01,1e-05,oracle_hl,93049487,0.99647,0.99584,0.99701
"U(0.001,0.01), eps=1e-05",0.001,0.01,1e-05,oracle_hl,112241179,0.99841,0.99797,0.99876
"U(0.001,0.01), eps=1e-05",0.001,0.01,1e-05,oracle_hl,135391206,0.99937,0.99907,0.99957
"U(0.001,0.01), eps=1e-05",0.001,0.01,1e-05,oracle_hl,163315985,0.99979,0.99959,0.99989
"U(0.001,0.01), eps=1e-05",0.001,0.01,1e-05,oracle_hl,197000320,0.99994,0.9998,0.99998
"U(0.001,0.01), eps=1e-05",0.001,0.01,1e-05,oracle_hl,237632135,0.99999,0.99988,1.0
"U(0.001,0.01), eps=1e-05",0.001,0.01,1e-05,oracle_hl,286644364,1.0,0.9999,1.0
"U(0.001,0.01), eps=1e-05",0.001,0.01,1e-05,oracle_hl,345765489,1.0,0.9999,1.0
"U(0.001,0.01), eps=1e-05",0.001,0.01,1e-05,oracle_hl,417080497,1.0,0.9999,1.0
"U(0.001,0.01), eps=1e-05",0.001,0.01,1e-05,oracle_hl,503104405,1.0,0.9999,1.0
"U(0.001,0.01), eps=1e-05",0.001,0.01,1e-05,oracle_hl,606870961,1.0,0.9999,1.0
"U(0.001,0.01), eps=1e-05",0.001,0.01,1e-05,oracle_hl,732039633,1.0,0.9999,1.0
"U(0.001,0.01), eps=1e-05",0.001,0.01,1e-05,oracle_hl,883024660,1.0,0.9999,1.0
"U(0.001,0.01), eps=1e-05",0.001,0.01,1e-05,oracle_hl,1065150730,1.0,0.9999,1.0
"U(0.001,0.01), eps=1e-05",0.001,0.01,1e-05,oracle_hl,1284840764,1.0,0.9999,1.0
"U(0.001,0.01), eps=1e-06",0.001,0.01,1e-06,oracle_hl,85656050,0.27337,0.26902,0.27776
"U(0.001,0.01), eps=1e-06",0.001,0.01,1e-06,oracle_hl,103322828,0.29858,0.29411,0.30308
"U(0.001,0.01), eps=1e-06",0.001,0.01,1e-06,oracle_hl,124633422,0.32577,0.32119,0.33038
"U(0.001,0.01), eps=1e-06",0.001,0.01,1e-06,oracle_hl,150339381,0.35497,0.35029,0.35967
"U(0.001,0.01), eps=1e-06",0.001,0.01,1e-06,oracle_hl,181347259,0.38623,0.38147,0.39101
"U(0.001,0.01), eps=1e-06",0.001,0.01,1e-06,oracle_hl,218750591,0.4195,0.41467,0.42434
"U(0.001,0.01), eps=1e-06",0.001,0.01,1e-06,oracle_hl,263868453,0.45472,0.44984,0.4596
"U(0.001,0.01), eps=1e-06",0.001,0.01,1e-06,oracle_hl,318291990,0.49175,0.48685,0.49665
"U(0.001,0.01), eps=1e-06",0.001,0.01,1e-06,oracle_hl,383940518,0.53038,0.52549,0.53527
"U(0.001,0.01), eps=1e-06",0.001,0.01,1e-06,oracle_hl,463129222,0.57033,0.56547,0.57517
"U(0.001,0.01), eps=1e-06",0.001,0.01,1e-06,oracle_hl,558650796,0.61123,0.60644,0.616
"U(0.001,0.01), eps=1e-06",0.001,0.01,1e-06,oracle_hl,673873936,0.6526,0.64792,0.65725
"U(0.001,0.01), eps=1e-06",0.001,0.01,1e-06,oracle_hl,812862141,0.69393,0.6894,0.69843
"U(0.001,0.01), eps=1e-06",0.001,0.01,1e-06,oracle_hl,980517014,0.73462,0.73027,0.73892
"U(0.001,0.01), eps=1e-06",0.001,0.01,1e-06,oracle_hl,1182751130,0.77403,0.76991,0.7781
"U(0.001,0.01), eps=1e-06",0.001,0.01,1e-06,oracle_hl,1426696543,0.81151,0.80765,0.81531
"U(0.001,0.01), eps=1e-06",0.001,0.01,1e-06,oracle_hl,1720956316,0.84644,0.84287,0.84994
"U(0.001,0.01), eps=1e-06",0.001,0.01,1e-06,oracle_hl,2075907911,0.87823,0.87499,0.8814
"U(0.001,0.01), eps=1e-06",0.001,0.01,1e-06,oracle_hl,2504069171,0.90641,0.90352,0.90923
"U(0.001,0.01), eps=1e-06",0.001,0.01,1e-06,oracle_hl,3020539774,0.93062,0.92809,0.93307
"U(0.001,0.01), eps=1e-06",0.001,0.01,1e-06,oracle_hl,3643533745,0.95068,0.94851,0.95276
"U(0.001,0.01), eps=1e-06",0.001,0.01,1e-06,oracle_hl,4395021800,0.96662,0.96481,0.96834
"U(0.001,0.01), eps=1e-06",0.001,0.01,1e-06,oracle_hl,5301506168,0.97867,0.97721,0.98004
"U(0.001,0.01), eps=1e-06",0.001,0.01,1e-06,oracle_hl,6394955231,0.98726,0.98611,0.98831
"U(0.001,0.01), eps=1e-06",0.001,0.01,1e-06,oracle_hl,7713930929,0.99297,0.9921,0.99374
"U(0.001,0.01), eps=1e-06",0.001,0.01,1e-06,oracle_hl,9304948704,0.99647,0.99584,0.99701
"U(0.001,0.01), eps=1e-06",0.001,0.01,1e-06,oracle_hl,11224117920,0.99841,0.99797,0.99876
"U(0.001,0.01), eps=1e-06",0.001,0.01,1e-06,oracle_hl,13539120643,0.99937,0.99907,0.99957
"U(0.001,0.01), eps=1e-06",0.001,0.01,1e-06,oracle_hl,16331598536,0.99979,0.99959,0.99989
"U(0.001,0.01), eps=1e-06",0.001,0.01,1e-06,oracle_hl,19700032061,0.99994,0.9998,0.99998
"U(0.001,0.01), eps=1e-06",0.001,0.01,1e-06,oracle_hl,23763213523,0.99999,0.99988,1.0
"U(0.001,0.01), eps=1e-06",0.001,0.01,1e-06,oracle_hl,28664436445,1.0,0.9999,1.0
"U(0.001,0.01), eps=1e-06",0.001,0.01,1e-06,oracle_hl,34576548996,1.0,0.9999,1.0
"U(0.001,0.01), eps=1e-06",0.001,0.01,1e-06,oracle_hl,41708049721,1.0,0.9999,1.0
"U(0.001,0.01), eps=1e-06",0.001,0.01,1e-06,oracle_hl,50310440517,1.0,0.9999,1.0
"U(0.001,0.01), eps=1e-06",0.001,0.01,1e-06,oracle_hl,60687096183,1.0,0.9999,1.0
"U(0.001,0.01), eps=1e-06",0.001,0.01,1e-06,oracle_hl,73203963337,1.0,0.9999,1.0
"U(0.001,0.01), eps=1e-06",0.001,0.01,1e-06,oracle_hl,88302466015,1.0,0.9999,1.0
"U(0.001,0.01), eps=1e-06",0.001,0.01,1e-06,oracle_hl,106515073078,1.0,0.9999,1.0
"U(0.001,0.01), eps=1e-06",0.001,0.01,1e-06,oracle_hl,128484076433,1.0,0.9999,1.0
"U(0.001,0.01), eps=1e-07",0.001,0.01,1e-07,oracle_hl,8565605095,0.27337,0.26902,0.27776
"U(0.001,0.01), eps=1e-07",0.001,0.01,1e-07,oracle_hl,10332282821,0.29858,0.29411,0.30308
"U(0.001,0.01), eps=1e-07",0.001,0.01,1e-07,oracle_hl,12463342298,0.32577,0.32119,0.33038
"U(0.001,0.01), eps=1e-07",0.001,0.01,1e-07,oracle_hl,15033938186,0.35497,0.35029,0.35967
"U(0.001,0.01), eps=1e-07",0.001,0.01,1e-07,oracle_hl,18134725979,0.38623,0.38147,0.39101
"U(0.001,0.01), eps=1e-07",0.001,0.01,1e-07,oracle_hl,21875059102,0.4195,0.41467,0.42434
"U(0.001,0.01), eps=1e-07",0.001,0.01,1e-07,oracle_hl,26386845396,0.45472,0.44984,0.4596
"U(0.001,0.01), eps=1e-07",0.001,0.01,1e-07,oracle_hl,31829199030,0.49175,0.48685,0.49665
"U(0.001,0.01), eps=1e-07",0.001,0.01,1e-07,oracle_hl,38394051873,0.53038,0.52549,0.53527
"U(0.001,0.01), eps=1e-07",0.001,0.01,1e-07,oracle_hl,46312922226,0.57033,0.56547,0.57517
"U(0.001,0.01), eps=1e-07",0.001,0.01,1e-07,oracle_hl,55865079629,0.61123,0.60644,0.616
"U(0.001,0.01), eps=1e-07",0.001,0.01,1e-07,oracle_hl,67387393667,0.6526,0.64792,0.65725
"U(0.001,0.01), eps=1e-07",0.001,0.01,1e-07,oracle_hl,81286214132,0.69393,0.6894,0.69843
"U(0.001,0.01), eps=1e-07",0.001,0.01,1e-07,oracle_hl,98051701489,0.73462,0.73027,0.73892
"U(0.001,0.01), eps=1e-07",0.001,0.01,1e-07,oracle_hl,118275113038,0.77403,0.76991,0.7781
"U(0.001,0.01), eps=1e-07",0.001,0.01,1e-07,oracle_hl,142669654393,0.81151,0.80765,0.81531
"U(0.001,0.01), eps=1e-07",0.001,0.01,1e-07,oracle_hl,172095631632,0.84644,0.84287,0.84994
"U(0.001,0.01), eps=1e-07",0.001,0.01,1e-07,oracle_hl,207590791138,0.87823,0.87499,0.8814
"U(0.001,0.01), eps=1e-07",0.001,0.01,1e-07,oracle_hl,250406917112,0.90641,0.90352,0.90923
"U(0.001,0.01), eps=1e-07",0.001,0.01,1e-07,oracle_hl,302053977412,0.93062,0.92809,0.93307
"U(0.001,0.01), eps=1e-07",0.001,0.01,1e-07,oracle_hl,364353374591,0.95068,0.94851,0.95276
"U(0.001,0.01), eps=1e-07",0.001,0.01,1e-07,oracle_hl,439502180084,0.96662,0.96481,0.96834
"U(0.001,0.01), eps=1e-07",0.001,0.01,1e-07,oracle_hl,530150616871,0.97867,0.97721,0.98004
"U(0.001,0.01), eps=1e-07",0.001,0.01,1e-07,oracle_hl,639495523129,0.98726,0.98611,0.98831
"U(0.001,0.01), eps=1e-07",0.001,0.01,1e-07,oracle_hl,771393092995,0.99297,0.9921,0.99374
"U(0.001,0.01), eps=1e-07",0.001,0.01,1e-07,oracle_hl,930494870409,0.99647,0.99584,0.99701
"U(0.001,0.01), eps=1e-07",0.001,0.01,1e-07,oracle_hl,1122411792016,0.99841,0.99797,0.99876
"U(0.001,0.01), eps=1e-07",0.001,0.01,1e-07,oracle_hl,1353912064344,0.99937,0.99907,0.99957
"U(0.001,0.01), eps=1e-07",0.001,0.01,1e-07,oracle_hl,1633159853642,0.99979,0.99959,0.99989
"U(0.001,0.01), eps=1e-07",0.001,0.01,1e-07,oracle_hl,1970003206110,0.99994,0.9998,0.99998
"U(0.001,0.01), eps=1e-07",0.001,0.01,1e-07,oracle_hl,2376321352395,0.99999,0.99988,1.0
"U(0.001,0.01), eps=1e-07",0.001,0.01,1e-07,oracle_hl,2866443644525,1.0,0.9999,1.0
"U(0.001,0.01), eps=1e-07",0.001,0.01,1e-07,oracle_hl,3457654899644,1.0,0.9999,1.0
"U(0.001,0.01), eps=1e-07",0.001,0.01,1e-07,oracle_hl,4170804972171,1.0,0.9999,1.0
"U(0.001,0.01), eps=1e-07",0.001,0.01,1e-07,oracle_hl,5031044051758,1.0,0.9999,1.0
"U(0.001,0.01), eps=1e-07",0.001,0.01,1e-07,oracle_hl,6068709618315,1.0,0.9999,1.0
"U(0.001,0.01), eps=1e-07",0.001,0.01,1e-07,oracle_hl,7320396333752,1.0,0.9999,1.0
"U(0.001,0.01), eps=1e-07",0.001,0.01,1e-07,oracle_hl,8830246601596,1.0,0.9999,1.0
"U(0.001,0.01), eps=1e-07",0.001,0.01,1e-07,oracle_hl,10651507307808,1.0,0.9999,1.0
"U(0.001,0.01), eps=1e-07",0.001,0.01,1e-07,oracle_hl,12848407643312,1.0,0.9999,1.0
"U(0.001,0.01), eps=1e-08",0.001,0.01,1e-08,oracle_hl,856560509554,0.27337,0.26902,0.27776
"U(0.001,0.01), eps=1e-08",0.001,0.01,1e-08,oracle_hl,1033228282146,0.29858,0.29411,0.30308
"U(0.001,0.01), eps=1e-08",0.001,0.01,1e-08,oracle_hl,1246334229887,0.32577,0.32119,0.33038
"U(0.001,0.01), eps=1e-08",0.001,0.01,1e-08,oracle_hl,1503393818606,0.35497,0.35029,0.35967
"U(0.001,0.01), eps=1e-08",0.001,0.01,1e-08,oracle_hl,1813472597980,0.38623,0.38147,0.39101
"U(0.001,0.01), eps=1e-08",0.001,0.01,1e-08,oracle_hl,2187505910242,0.4195,0.41467,0.42434
"U(0.001,0.01), eps=1e-08",0.001,0.01,1e-08,oracle_hl,2638684539638,0.45472,0.44984,0.4596
"U(0.001,0.01), eps=1e-08",0.001,0.01,1e-08,oracle_hl,3182919903037,0.49175,0.48685,0.49665
"U(0.001,0.01), eps=1e-08",0.001,0.01,1e-08,oracle_hl,3839405187307,0.53038,0.52549,0.53527
"U(0.001,0.01), eps=1e-08",0.001,0.01,1e-08,oracle_hl,4631292222671,0.57033,0.56547,0.57517
"U(0.001,0.01), eps=1e-08",0.001,0.01,1e-08,oracle_hl,5586507962920,0.61123,0.60644,0.616
"U(0.001,0.01), eps=1e-08",0.001,0.01,1e-08,oracle_hl,6738739366737,0.6526,0.64792,0.65725
"U(0.001,0.01), eps=1e-08",0.001,0.01,1e-08,oracle_hl,8128621413272,0.69393,0.6894,0.69843
"U(0.001,0.01), eps=1e-08",0.001,0.01,1e-08,oracle_hl,9805170148953,0.73462,0.73027,0.73892
"U(0.001,0.01), eps=1e-08",0.001,0.01,1e-08,oracle_hl,11827511303817,0.77403,0.76991,0.7781
"U(0.001,0.01), eps=1e-08",0.001,0.01,1e-08,oracle_hl,14266965439335,0.81151,0.80765,0.81531
"U(0.001,0.01), eps=1e-08",0.001,0.01,1e-08,oracle_hl,17209563163258,0.84644,0.84287,0.84994
"U(0.001,0.01), eps=1e-08",0.001,0.01,1e-08,oracle_hl,20759079113881,0.87823,0.87499,0.8814
"U(0.001,0.01), eps=1e-08",0.001,0.01,1e-08,oracle_hl,25040691711246,0.90641,0.90352,0.90923
"U(0.001,0.01), eps=1e-08",0.001,0.01,1e-08,oracle_hl,30205397741290,0.93062,0.92809,0.93307
"U(0.001,0.01), eps=1e-08",0.001,0.01,1e-08,oracle_hl,36435337459140,0.95068,0.94851,0.95276
"U(0.001,0.01), eps=1e-08",0.001,0.01,1e-08,oracle_hl,43950218008441,0.96662,0.96481,0.96834
"U(0.001,0.01), eps=1e-08",0.001,0.01,1e-08,oracle_hl,53015061687180,0.97867,0.97721,0.98004
"U(0.001,0.01), eps=1e-08",0.001,0.01,1e-08,oracle_hl,63949552312931,0.98726,0.98611,0.98831
"U(0.001,0.01), eps=1e-08",0.001,0.01,1e-08,oracle_hl,77139309299590,0.99297,0.9921,0.99374
"U(0.001,0.01), eps=1e-08",0.001,0.01,1e-08,oracle_hl,93049487040969,0.99647,0.99584,0.99701
"U(0.001,0.01), eps=1e-08",0.001,0.01,1e-08,oracle_hl,112241179201660,0.99841,0.99797,0.99876
"U(0.001,0.01), eps=1e-08",0.001,0.01,1e-08,oracle_hl,135391206434402,0.99937,0.99907,0.99957
"U(0.001,0.01), eps=1e-08",0.001,0.01,1e-08,oracle_hl,163315985364235,0.99979,0.99959,0.99989
"U(0.001,0.01), eps=1e-08",0.001,0.01,1e-08,oracle_hl,197000320611029,0.99994,0.9998,0.99998
"U(0.001,0.01), eps=1e-08",0.001,0.01,1e-08,oracle_hl,237632135239512,0.99999,0.99988,1.0
"U(0.001,0.01), eps=1e-08",0.001,0.01,1e-08,oracle_hl,286644364452512,1.0,0.9999,1.0
"U(0.001,0.01), eps=1e-08",0.001,0.01,1e-08,oracle_hl,345765489964437,1.0,0.9999,1.0
"U(0.001,0.01), eps=1e-08",0.001,0.01,1e-08,oracle_hl,417080497217146,1.0,0.9999,1.0
"U(0.001,0.01), eps=1e-08",0.001,0.01,1e-08,oracle_hl,503104405175871,1.0,0.9999,1.0
"U(0.001,0.01), eps=1e-08",0.001,0.01,1e-08,oracle_hl,606870961831593,1.0,0.9999,1.0
"U(0.001,0.01), eps=1e-08",0.001,0.01,1e-08,oracle_hl,732039633375216,1.0,0.9999,1.0
"U(0.001,0.01), eps=1e-08",0.001,0.01,1e-08,oracle_hl,883024660159680,1.0,0.9999,1.0
"U(0.001,0.01), eps=1e-08",0.001,0.01,1e-08,oracle_hl,1065150730780802,1.0,0.9999,1.0
"U(0.001,0.01), eps=1e-08",0.001,0.01,1e-08,oracle_hl,1284840764331210,1.0,0.9999,1.0
"U(0.001,0.1), eps=1e-06",0.001,0.1,1e-06,oracle_hl,896533333,0.31727,0.31273,0.32185
"U(0.001,0.1), eps=1e-06",0.001,0.1,1e-06,oracle_hl,1081445601,0.34412,0.33948,0.34879
"U(0.001,0.1), eps=1e-06",0.001,0.1,1e-06,oracle_hl,1304496493,0.37263,0.3679,0.37738
"U(0.001,0.1), eps=1e-06",0.001,0.1,1e-06,oracle_hl,1573552196,0.40276,0.39796,0.40758
"U(0.001,0.1), eps=1e-06",0.001,0.1,1e-06,oracle_hl,1898101319,0.43449,0.42964,0.43935
"U(0.001,0.1), eps=1e-06",0.001,0.1,1e-06,oracle_hl,2289589519,0.46774,0.46285,0.47263
"U(0.001,0.1), eps=1e-06",0.001,0.1,1e-06,oracle_hl,2761823151,0.50238,0.49748,0.50728
"U(0.001,0.1), eps=1e-06",0.001,0.1,1e-06,oracle_hl,3331456165,0.53826,0.53337,0.54314
"U(0.001,0.1), eps=1e-06",0.001,0.1,1e-06,oracle_hl,4018577429,0.57517,0.57032,0.58001
"U(0.001,0.1), eps=1e-06",0.001,0.1,1e-06,oracle_hl,4847419193,0.61286,0.60808,0.61762
"U(0.001,0.1), eps=1e-06",0.001,0.1,1e-06,oracle_hl,5847211667,0.65099,0.6463,0.65565
"U(0.001,0.1), eps=1e-06",0.001,0.1,1e-06,oracle_hl,7053213870,0.68919,0.68464,0.69371
"U(0.001,0.1), eps=1e-06",0.001,0.1,1e-06,oracle_hl,8507957079,0.72703,0.72264,0.73137
"U(0.001,0.1), eps=1e-06",0.001,0.1,1e-06,oracle_hl,10262744755,0.76402,0.75983,0.76816
"U(0.001,0.1), eps=1e-06",0.001,0.1,1e-06,oracle_hl,12379461831,0.79965,0.7957,0.80354
"U(0.001,0.1), eps=1e-06",0.001,0.1,1e-06,oracle_hl,14932757159,0.83338,0.8297,0.837
"U(0.001,0.1), eps=1e-06",0.001,0.1,1e-06,oracle_hl,18012676110,0.86467,0.86128,0.86799
"U(0.001,0.1), eps=1e-06",0.001,0.1,1e-06,oracle_hl,21727836139,0.89305,0.88998,0.89604
"U(0.001,0.1), eps=1e-06",0.001,0.1,1e-06,oracle_hl,26209257324,0.91811,0.91538,0.92076
"U(0.001,0.1), eps=1e-06",0.001,0.1,1e-06,oracle_hl,31614982969,0.93955,0.93717,0.94184
"U(0.001,0.1), eps=1e-06",0.001,0.1,1e-06,oracle_hl,38135653207,0.95723,0.9552,0.95917
"U(0.001,0.1), eps=1e-06",0.001,0.1,1e-06,oracle_hl,46001228182,0.97121,0.96953,0.9728
"U(0.001,0.1), eps=1e-06",0.001,0.1,1e-06,oracle_hl,55489097899,0.98171,0.98035,0.98298
"U(0.001,0.1), eps=1e-06",0.001,0.1,1e-06,oracle_hl,66933864754,0.98915,0.98809,0.99012
"U(0.001,0.1), eps=1e-06",0.001,0.1,1e-06,oracle_hl,80739143733,0.99406,0.99326,0.99477
"U(0.001,0.1), eps=1e-06",0.001,0.1,1e-06,oracle_hl,97391796436,0.99704,0.99646,0.99753
"U(0.001,0.1), eps=1e-06",0.001,0.1,1e-06,oracle_hl,117479100897,0.99868,0.99827,0.99899
"U(0.001,0.1), eps=1e-06",0.001,0.1,1e-06,oracle_hl,141709462734,0.99949,0.99922,0.99967
"U(0.001,0.1), eps=1e-06",0.001,0.1,1e-06,oracle_hl,170937398014,0.99983,0.99965,0.99992
"U(0.001,0.1), eps=1e-06",0.001,0.1,1e-06,oracle_hl,206193668906,0.99995,0.99982,0.99999
"U(0.001,0.1), eps=1e-06",0.001,0.1,1e-06,oracle_hl,248721634884,0.99999,0.99988,1.0
"U(0.001,0.1), eps=1e-06",0.001,0.1,1e-06,oracle_hl,300021101460,1.0,0.9999,1.0
"U(0.001,0.1), eps=1e-06",0.001,0.1,1e-06,oracle_hl,361901212829,1.0,0.9999,1.0
"U(0.001,0.1), eps=1e-06",0.001,0.1,1e-06,oracle_hl,436544253753,1.0,0.9999,1.0
"U(0.001,0.1), eps=1e-06",0.001,0.1,1e-06,oracle_hl,526582610750,1.0,0.9999,1.0
"U(0.001,0.1), eps=1e-06",0.001,0.1,1e-06,oracle_hl,635191606717,1.0,0.9999,1.0
"U(0.001,0.1), eps=1e-06",0.001,0.1,1e-06,oracle_hl,766201482932,1.0,0.9999,1.0
"U(0.001,0.1), eps=1e-06",0.001,0.1,1e-06,oracle_hl,924232477633,1.0,0.9999,1.0
"U(0.001,0.1), eps=1e-06",0.001,0.1,1e-06,oracle_hl,1114857764883,1.0,0.9999,1.0
"U(0.001,0.1), eps=1e-06",0.001,0.1,1e-06,oracle_hl,1344800000000,1.0,0.9999,1.0
"U(0.0001,0.1), eps=1e-04",0.0001,0.1,0.0001,oracle_hl,89653,0.32339,0.31882,0.32799
"U(0.0001,0.1), eps=1e-04",0.0001,0.1,0.0001,oracle_hl,108144,0.35001,0.34535,0.3547
"U(0.0001,0.1), eps=1e-04",0.0001,0.1,0.0001,oracle_hl,130449,0.37827,0.37353,0.38303
"U(0.0001,0.1), eps=1e-04",0.0001,0.1,0.0001,oracle_hl,157355,0.40814,0.40333,0.41297
"U(0.0001,0.1), eps=1e-04",0.0001,0.1,0.0001,oracle_hl,189810,0.43959,0.43473,0.44446
"U(0.0001,0.1), eps=1e-04",0.0001,0.1,0.0001,oracle_hl,228958,0.47253,0.46764,0.47742
"U(0.0001,0.1), eps=1e-04",0.0001,0.1,0.0001,oracle_hl,276182,0.50686,0.50196,0.51176
"U(0.0001,0.1), eps=1e-04",0.0001,0.1,0.0001,oracle_hl,333145,0.54242,0.53753,0.5473
"U(0.0001,0.1), eps=1e-04",0.0001,0.1,0.0001,oracle_hl,401857,0.579,0.57415,0.58383
"U(0.0001,0.1), eps=1e-04",0.0001,0.1,0.0001,oracle_hl,484741,0.61634,0.61156,0.62109
"U(0.0001,0.1), eps=1e-04",0.0001,0.1,0.0001,oracle_hl,584721,0.65413,0.64945,0.65878
"U(0.0001,0.1), eps=1e-04",0.0001,0.1,0.0001,oracle_hl,705321,0.69199,0.68745,0.6965
"U(0.0001,0.1), eps=1e-04",0.0001,0.1,0.0001,oracle_hl,850795,0.72949,0.72511,0.73382
"U(0.0001,0.1), eps=1e-04",0.0001,0.1,0.0001,oracle_hl,1026274,0.76615,0.76198,0.77027
"U(0.0001,0.1), eps=1e-04",0.0001,0.1,0.0001,oracle_hl,1237946,0.80145,0.79751,0.80533
"U(0.0001,0.1), eps=1e-04",0.0001,0.1,0.0001,oracle_hl,1493275,0.83488,0.83121,0.83849
"U(0.0001,0.1), eps=1e-04",0.0001,0.1,0.0001,oracle_hl,1801267,0.86589,0.86252,0.86919
"U(0.0001,0.1), eps=1e-04",0.0001,0.1,0.0001,oracle_hl,2172783,0.89402,0.89097,0.897
"U(0.0001,0.1), eps=1e-04",0.0001,0.1,0.0001,oracle_hl,2620925,0.91885,0.91613,0.92149
"U(0.0001,0.1), eps=1e-04",0.0001,0.1,0.0001,oracle_hl,3161498,0.94009,0.93772,0.94237
"U(0.0001,0.1), eps=1e-04",0.0001,0.1,0.0001,oracle_hl,3813565,0.95761,0.95559,0.95954
"U(0.0001,0.1), eps=1e-04",0.0001,0.1,0.0001,oracle_hl,4600122,0.97146,0.96978,0.97305
"U(0.0001,0.1), eps=1e-04",0.0001,0.1,0.0001,oracle_hl,5548909,0.98187,0.98052,0.98313
"U(0.0001,0.1), eps=1e-04",0.0001,0.1,0.0001,oracle_hl,6693386,0.98924,0.98818,0.99021
"U(0.0001,0.1), eps=1e-04",0.0001,0.1,0.0001,oracle_hl,8073914,0.99411,0.99331,0.99481
"U(0.0001,0.1), eps=1e-04",0.0001,0.1,0.0001,oracle_hl,9739179,0.99707,0.99649,0.99755
"U(0.0001,0.1), eps=1e-04",0.0001,0.1,0.0001,oracle_hl,11747910,0.99869,0.99828,0.999
"U(0.0001,0.1), eps=1e-04",0.0001,0.1,0.0001,oracle_hl,14170946,0.99949,0.99922,0.99967
"U(0.0001,0.1), eps=1e-04",0.0001,0.1,0.0001,oracle_hl,17093739,0.99983,0.99965,0.99992
"U(0.0001,0.1), eps=1e-04",0.0001,0.1,0.0001,oracle_hl,20619366,0.99995,0.99982,0.99999
"U(0.0001,0.1), eps=1e-04",0.0001,0.1,0.0001,oracle_hl,24872163,0.99999,0.99988,1.0
"U(0.0001,0.1), eps=1e-04",0.0001,0.1,0.0001,oracle_hl,30002110,1.0,0.9999,1.0
"U(0.0001,0.1), eps=1e-04",0.0001,0.1,0.0001,oracle_hl,36190121,1.0,0.9999,1.0
"U(0.0001,0.1), eps=1e-04",0.0001,0.1,0.0001,oracle_hl,43654425,1.0,0.9999,1.0
"U(0.0001,0.1), eps=1e-04",0.0001,0.1,0.0001,oracle_hl,52658261,1.0,0.9999,1.0
"U(0.0001,0.1), eps=1e-04",0.0001,0.1,0.0001,oracle_hl,63519160,1.0,0.9999,1.0
"U(0.0001,0.1), eps=1e-04",0.0001,0.1,0.0001,oracle_hl,76620148,1.0,0.9999,1.0
"U(0.0001,0.1), eps=1e-04",0.0001,0.1,0.0001,oracle_hl,92423247,1.0,0.9999,1.0
"U(0.0001,0.1), eps=1e-04",0.0001,0.1,0.0001,oracle_hl,111485776,1.0,0.9999,1.0
"U(0.0001,0.1), eps=1e-04",0.0001,0.1,0.0001,oracle_hl,134480000,1.0,0.9999,1.0
"U(0.0001,0.1), eps=1e-06",0.0001,0.1,1e-06,oracle_hl,896533333,0.32339,0.31882,0.32799
"U(0.0001,0.1), eps=1e-06",0.0001,0.1,1e-06,oracle_hl,1081445601,0.35001,0.34535,0.3547
"U(0.0001,0.1), eps=1e-06",0.0001,0.1,1e-06,oracle_hl,1304496493,0.37827,0.37353,0.38303
"U(0.0001,0.1), eps=1e-06",0.0001,0.1,1e-06,oracle_hl,1573552196,0.40814,0.40333,0.41297
"U(0.0001,0.1), eps=1e-06",0.0001,0.1,1e-06,oracle_hl,1898101319,0.43959,0.43473,0.44446
"U(0.0001,0.1), eps=1e-06",0.0001,0.1,1e-06,oracle_hl,2289589519,0.47253,0.46764,0.47742
"U(0.0001,0.1), eps=1e-06",0.0001,0.1,1e-06,oracle_hl,2761823151,0.50686,0.50196,0.51176
"U(0.0001,0.1), eps=1e-06",0.0001,0.1,1e-06,oracle_hl,3331456165,0.54242,0.53753,0.5473
"U(0.0001,0.1), eps=1e-06",0.0001,0.1,1e-06,oracle_hl,4018577429,0.579,0.57415,0.58383
"U(0.0001,0.1), eps=1e-06",0.0001,0.1,1e-06,oracle_hl,4847419193,0.61634,0.61156,0.62109
"U(0.0001,0.1), eps=1e-06",0.0001,0.1,1e-06,oracle_hl,5847211667,0.65413,0.64945,0.65878
"U(0.0001,0.1), eps=1e-06",0.0001,0.1,1e-06,oracle_hl,7053213870,0.69199,0.68745,0.6965
"U(0.0001,0.1), eps=1e-06",0.0001,0.1,1e-06,oracle_hl,8507957079,0.72949,0.72511,0.73382
"U(0.0001,0.1), eps=1e-06",0.0001,0.1,1e-06,oracle_hl,10262744755,0.76615,0.76198,0.77027
"U(0.0001,0.1), eps=1e-06",0.0001,0.1,1e-06,oracle_hl,12379461831,0.80145,0.79751,0.80533
"U(0.0001,0.1), eps=1e-06",0.0001,0.1,1e-06,oracle_hl,14932757159,0.83488,0.83121,0.83849
"U(0.0001,0.1), eps=1e-06",0.0001,0.1,1e-06,oracle_hl,18012676110,0.86589,0.86252,0.86919
"U(0.0001,0.1), eps=1e-06",0.0001,0.1,1e-06,oracle_hl,21727836139,0.89402,0.89097,0.897
"U(0.0001,0.1), eps=1e-06",0.0001,0.1,1e-06,oracle_hl,26209257324,0.91885,0.91613,0.92149
"U(0.0001,0.1), eps=1e-06",0.0001,0.1,1e-06,oracle_hl,31614982969,0.94009,0.93772,0.94237
"U(0.0001,0.1), eps=1e-06",0.0001,0.1,1e-06,oracle_hl,38135653207,0.95761,0.95559,0.95954
"U(0.0001,0.1), eps=1e-06",0.0001,0.1,1e-06,oracle_hl,46001228182,0.97146,0.96978,0.97305
"U(0.0001,0.1), eps=1e-06",0.0001,0.1,1e-06,oracle_hl,55489097899,0.98187,0.98052,0.98313
"U(0.0001,0.1), eps=1e-06",0.0001,0.1,1e-06,oracle_hl,66933864754,0.98924,0.98818,0.99021
"U(0.0001,0.1), eps=1e-06",0.0001,0.1,1e-06,oracle_hl,80739143733,0.99411,0.99331,0.99481
"U(0.0001,0.1), eps=1e-06",0.0001,0.1,1e-06,oracle_hl,97391796436,0.99707,0.99649,0.99755
"U(0.0001,0.1), eps=1e-06",0.0001,0.1,1e-06,oracle_hl,117479100897,0.99869,0.99828,0.999
"U(0.0001,0.1), eps=1e-06",0.0001,0.1,1e-06,oracle_hl,141709462734,0.99949,0.99922,0.99967
"U(0.0001,0.1), eps=1e-06",0.0001,0.1,1e-06,oracle_hl,170937398014,0.99983,0.99965,0.99992
"U(0.0001,0.1), eps=1e-06",0.0001,0.1,1e-06,oracle_hl,206193668906,0.99995,0.99982,0.99999
"U(0.0001,0.1), eps=1e-06",0.0001,0.1,1e-06,oracle_hl,248721634884,0.99999,0.99988,1.0
"U(0.0001,0.1), eps=1e-06",0.0001,0.1,1e-06,oracle_hl,300021101460,1.0,0.9999,1.0
"U(0.0001,0.1), eps=1e-06",0.0001,0.1,1e-06,oracle_hl,361901212829,1.0,0.9999,1.0
"U(0.0001,0.1), eps=1e-06",0.0001,0.1,1e-06,oracle_hl,436544253753,1.0,0.9999,1.0
"U(0.0001,0.1), eps=1e-06",0.0001,0.1,1e-06,oracle_hl,526582610750,1.0,0.9999,1.0
"U(0.0001,0.1), eps=1e-06",0.0001,0.1,1e-06,oracle_hl,635191606717,1.0,0.9999,1.0
"U(0.0001,0.1), eps=1e-06",0.0001,0.1,1e-06,oracle_hl,766201482932,1.0,0.9999,1.0
"U(0.0001,0.1), eps=1e-06",0.0001,0.1,1e-06,oracle_hl,924232477633,1.0,0.9999,1.0
"U(0.0001,0.1), eps=1e-06",0.0001,0.1,1e-06,oracle_hl,1114857764883,1.0,0.9999,1.0
"U(0.0001,0.1), eps=1e-06",0.0001,0.1,1e-06,oracle_hl,1344800000000,1.0,0.9999,1.0
"U(0.0001,0.01), eps=1e-04",0.0001,0.01,0.0001,oracle_hl,8565,0.31238,0.30786,0.31694
"U(0.0001,0.01), eps=1e-04",0.0001,0.01,0.0001,oracle_hl,10332,0.33919,0.33457,0.34384
"U(0.0001,0.01), eps=1e-04",0.0001,0.01,0.0001,oracle_hl,12463,0.36751,0.3628,0.37225
"U(0.0001,0.01), eps=1e-04",0.0001,0.01,0.0001,oracle_hl,15033,0.39741,0.39262,0.40222
"U(0.0001,0.01), eps=1e-04",0.0001,0.01,0.0001,oracle_hl,18134,0.42892,0.42408,0.43378
"U(0.0001,0.01), eps=1e-04",0.0001,0.01,0.0001,oracle_hl,21875,0.46198,0.4571,0.46687
"U(0.0001,0.01), eps=1e-04",0.0001,0.01,0.0001,oracle_hl,26386,0.49645,0.49155,0.50135
"U(0.0001,0.01), eps=1e-04",0.0001,0.01,0.0001,oracle_hl,31829,0.53221,0.52732,0.5371
"U(0.0001,0.01), eps=1e-04",0.0001,0.01,0.0001,oracle_hl,38394,0.56905,0.56419,0.5739
"U(0.0001,0.01), eps=1e-04",0.0001,0.01,0.0001,oracle_hl,46312,0.60671,0.60191,0.61149
"U(0.0001,0.01), eps=1e-04",0.0001,0.01,0.0001,oracle_hl,55865,0.64489,0.64019,0.64957
"U(0.0001,0.01), eps=1e-04",0.0001,0.01,0.0001,oracle_hl,67387,0.6832,0.67862,0.68774
"U(0.0001,0.01), eps=1e-04",0.0001,0.01,0.0001,oracle_hl,81286,0.72123,0.71681,0.7256
"U(0.0001,0.01), eps=1e-04",0.0001,0.01,0.0001,oracle_hl,98051,0.75849,0.75427,0.76266
"U(0.0001,0.01), eps=1e-04",0.0001,0.01,0.0001,oracle_hl,118275,0.79446,0.79047,0.79839
"U(0.0001,0.01), eps=1e-04",0.0001,0.01,0.0001,oracle_hl,142669,0.82861,0.82489,0.83227
"U(0.0001,0.01), eps=1e-04",0.0001,0.01,0.0001,oracle_hl,172095,0.86039,0.85696,0.86375
"U(0.0001,0.01), eps=1e-04",0.0001,0.01,0.0001,oracle_hl,207590,0.8893,0.88619,0.89234
"U(0.0001,0.01), eps=1e-04",0.0001,0.01,0.0001,oracle_hl,250406,0.91492,0.91215,0.91761
"U(0.0001,0.01), eps=1e-04",0.0001,0.01,0.0001,oracle_hl,302053,0.93693,0.93451,0.93927
"U(0.0001,0.01), eps=1e-04",0.0001,0.01,0.0001,oracle_hl,364353,0.95517,0.9531,0.95715
"U(0.0001,0.01), eps=1e-04",0.0001,0.01,0.0001,oracle_hl,439502,0.96966,0.96793,0.9713
"U(0.0001,0.01), eps=1e-04",0.0001,0.01,0.0001,oracle_hl,530150,0.98061,0.97921,0.98192
"U(0.0001,0.01), eps=1e-04",0.0001,0.01,0.0001,oracle_hl,639495,0.98841,0.98731,0.98941
"U(0.0001,0.01), eps=1e-04",0.0001,0.01,0.0001,oracle_hl,771393,0.99361,0.99278,0.99434
"U(0.0001,0.01), eps=1e-04",0.0001,0.01,0.0001,oracle_hl,930494,0.99679,0.99619,0.9973
"U(0.0001,0.01), eps=1e-04",0.0001,0.01,0.0001,oracle_hl,1122411,0.99856,0.99814,0.99889
"U(0.0001,0.01), eps=1e-04",0.0001,0.01,0.0001,oracle_hl,1353912,0.99943,0.99914,0.99962
"U(0.0001,0.01), eps=1e-04",0.0001,0.01,0.0001,oracle_hl,1633159,0.99981,0.99962,0.99991
"U(0.0001,0.01), eps=1e-04",0.0001,0.01,0.0001,oracle_hl,1970003,0.99995,0.99982,0.99999
"U(0.0001,0.01), eps=1e-04",0.0001,0.01,0.0001,oracle_hl,2376321,0.99999,0.99988,1.0
"U(0.0001,0.01), eps=1e-04",0.0001,0.01,0.0001,oracle_hl,2866443,1.0,0.9999,1.0
"U(0.0001,0.01), eps=1e-04",0.0001,0.01,0.0001,oracle_hl,3457654,1.0,0.9999,1.0
"U(0.0001,0.01), eps=1e-04",0.0001,0.01,0.0001,oracle_hl,4170804,1.0,0.9999,1.0
"U(0.0001,0.01), eps=1e-04",0.0001,0.01,0.0001,oracle_hl,5031044,1.0,0.9999,1.0
"U(0.0001,0.01), eps=1e-04",0.0001,0.01,0.0001,oracle_hl,6068709,1.0,0.9999,1.0
"U(0.0001,0.01), eps=1e-04",0.0001,0.01,0.0001,oracle_hl,7320396,1.0,0.9999,1.0
"U(0.0001,0.01), eps=1e-04",0.0001,0.01,0.0001,oracle_hl,8830246,1.0,0.9999,1.0
"U(0.0001,0.01), eps=1e-04",0.0001,0.01,0.0001,oracle_hl,10651507,1.0,0.9999,1.0
"U(0.0001,0.01), eps=1e-04",0.0001,0.01,0.0001,oracle_hl,12848407,1.0,0.9999,1.0
"U(0.0001,0.01), eps=1e-06",0.0001,0.01,1e-06,oracle_hl,85656050,0.31268,0.30816,0.31724
"U(0.0001,0.01), eps=1e-06",0.0001,0.01,1e-06,oracle_hl,103322828,0.33927,0.33465,0.34393
"U(0.0001,0.01), eps=1e-06",0.0001,0.01,1e-06,oracle_hl,124633422,0.36752,0.36281,0.37226
"U(0.0001,0.01), eps=1e-06",0.0001,0.01,1e-06,oracle_hl,150339381,0.39742,0.39263,0.40223
"U(0.0001,0.01), eps=1e-06",0.0001,0.01,1e-06,oracle_hl,181347259,0.42893,0.42409,0.43379
"U(0.0001,0.01), eps=1e-06",0.0001,0.01,1e-06,oracle_hl,218750591,0.46198,0.4571,0.46687
"U(0.0001,0.01), eps=1e-06",0.0001,0.01,1e-06,oracle_hl,263868453,0.49646,0.49156,0.50136
"U(0.0001,0.01), eps=1e-06",0.0001,0.01,1e-06,oracle_hl,318291990,0.53221,0.52732,0.5371
"U(0.0001,0.01), eps=1e-06",0.0001,0.01,1e-06,oracle_hl,383940518,0.56905,0.56419,0.5739
"U(0.0001,0.01), eps=1e-06",0.0001,0.01,1e-06,oracle_hl,463129222,0.60671,0.60191,0.61149
"U(0.0001,0.01), eps=1e-06",0.0001,0.01,1e-06,oracle_hl,558650796,0.64489,0.64019,0.64957
"U(0.0001,0.01), eps=1e-06",0.0001,0.01,1e-06,oracle_hl,673873936,0.6832,0.67862,0.68774
"U(0.0001,0.01), eps=1e-06",0.0001,0.01,1e-06,oracle_hl,812862141,0.72123,0.71681,0.7256
"U(0.0001,0.01), eps=1e-06",0.0001,0.01,1e-06,oracle_hl,980517014,0.75849,0.75427,0.76266
"U(0.0001,0.01), eps=1e-06",0.0001,0.01,1e-06,oracle_hl,1182751130,0.79446,0.79047,0.79839
"U(0.0001,0.01), eps=1e-06",0.0001,0.01,1e-06,oracle_hl,1426696543,0.82861,0.82489,0.83227
"U(0.0001,0.01), eps=1e-06",0.0001,0.01,1e-06,oracle_hl,1720956316,0.86039,0.85696,0.86375
"U(0.0001,0.01), eps=1e-06",0.0001,0.01,1e-06,oracle_hl,2075907911,0.8893,0.88619,0.89234
"U(0.0001,0.01), eps=1e-06",0.0001,0.01,1e-06,oracle_hl,2504069171,0.91492,0.91215,0.91761
"U(0.0001,0.01), eps=1e-06",0.0001,0.01,1e-06,oracle_hl,3020539774,0.93693,0.93451,0.93927
"U(0.0001,0.01), eps=1e-06",0.0001,0.01,1e-06,oracle_hl,3643533745,0.95517,0.9531,0.95715
"U(0.0001,0.01), eps=1e-06",0.0001,0.01,1e-06,oracle_hl,4395021800,0.96966,0.96793,0.9713
"U(0.0001,0.01), eps=1e-06",0.0001,0.01,1e-06,oracle_hl,5301506168,0.98061,0.97921,0.98192
"U(0.0001,0.01), eps=1e-06",0.0001,0.01,1e-06,oracle_hl,6394955231,0.98841,0.98731,0.98941
"U(0.0001,0.01), eps=1e-06",0.0001,0.01,1e-06,oracle_hl,7713930929,0.99361,0.99278,0.99434
"U(0.0001,0.01), eps=1e-06",0.0001,0.01,1e-06,oracle_hl,9304948704,0.99679,0.99619,0.9973
"U(0.0001,0.01), eps=1e-06",0.0001,0.01,1e-06,oracle_hl,11224117920,0.99856,0.99814,0.99889
"U(0.0001,0.01), eps=1e-06",0.0001,0.01,1e-06,oracle_hl,13539120643,0.99943,0.99914,0.99962
"U(0.0001,0.01), eps=1e-06",0.0001,0.01,1e-06,oracle_hl,16331598536,0.99981,0.99962,0.99991
"U(0.0001,0.01), eps=1e-06",0.0001,0.01,1e-06,oracle_hl,19700032061,0.99995,0.99982,0.99999
"U(0.0001,0.01), eps=1e-06",0.0001,0.01,1e-06,oracle_hl,23763213523,0.99999,0.99988,1.0
"U(0.0001,0.01), eps=1e-06",0.0001,0.01,1e-06,oracle_hl,28664436445,1.0,0.9999,1.0
"U(0.0001,0.01), eps=1e-06",0.0001,0.01,1e-06,oracle_hl,34576548996,1.0,0.9999,1.0
"U(0.0001,0.01), eps=1e-06",0.0001,0.01,1e-06,oracle_hl,41708049721,1.0,0.9999,1.0
"U(0.0001,0.01), eps=1e-06",0.0001,0.01,1e-06,oracle_hl,50310440517,1.0,0.9999,1.0
"U(0.0001,0.01), eps=1e-06",0.0001,0.01,1e-06,oracle_hl,60687096183,1.0,0.9999,1.0
"U(0.0001,0.01), eps=1e-06",0.0001,0.01,1e-06,oracle_hl,73203963337,1.0,0.9999,1.0
"U(0.0001,0.01), eps=1e-06",0.0001,0.01,1e-06,oracle_hl,88302466015,1.0,0.9999,1.0
"U(0.0001,0.01), eps=1e-06",0.0001,0.01,1e-06,oracle_hl,106515073078,1.0,0.9999,1.0
"U(0.0001,0.01), eps=1e-06",0.0001,0.01,1e-06,oracle_hl,128484076433,1.0,0.9999,1.0
"U(0.005,0.05), eps=1e-04",0.005,0.05,0.0001,oracle_hl,43380,0.27422,0.26987,0.27861
"U(0.005,0.05), eps=1e-04",0.005,0.05,0.0001,oracle_hl,52328,0.2995,0.29503,0.30401
"U(0.005,0.05), eps=1e-04",0.005,0.05,0.0001,oracle_hl,63120,0.32674,0.32216,0.33135
"U(0.005,0.05), eps=1e-04",0.005,0.05,0.0001,oracle_hl,76139,0.35601,0.35133,0.36072
"U(0.005,0.05), eps=1e-04",0.005,0.05,0.0001,oracle_hl,91843,0.38732,0.38256,0.3921
"U(0.005,0.05), eps=1e-04",0.005,0.05,0.0001,oracle_hl,110786,0.42065,0.41582,0.4255
"U(0.005,0.05), eps=1e-04",0.005,0.05,0.0001,oracle_hl,133636,0.45592,0.45104,0.4608
"U(0.005,0.05), eps=1e-04",0.005,0.05,0.0001,oracle_hl,161199,0.49299,0.48809,0.49789
"U(0.005,0.05), eps=1e-04",0.005,0.05,0.0001,oracle_hl,194447,0.53165,0.52676,0.53654
"U(0.005,0.05), eps=1e-04",0.005,0.05,0.0001,oracle_hl,234552,0.57161,0.56675,0.57645
"U(0.005,0.05), eps=1e-04",0.005,0.05,0.0001,oracle_hl,282929,0.61249,0.60771,0.61725
"U(0.005,0.05), eps=1e-04",0.005,0.05,0.0001,oracle_hl,341284,0.65384,0.64916,0.65849
"U(0.005,0.05), eps=1e-04",0.005,0.05,0.0001,oracle_hl,411675,0.69512,0.69059,0.69961
"U(0.005,0.05), eps=1e-04",0.005,0.05,0.0001,oracle_hl,496584,0.73573,0.73139,0.74003
"U(0.005,0.05), eps=1e-04",0.005,0.05,0.0001,oracle_hl,599006,0.77505,0.77093,0.77912
"U(0.005,0.05), eps=1e-04",0.005,0.05,0.0001,oracle_hl,722552,0.81243,0.80857,0.81623
"U(0.005,0.05), eps=1e-04",0.005,0.05,0.0001,oracle_hl,871581,0.84724,0.84368,0.85073
"U(0.005,0.05), eps=1e-04",0.005,0.05,0.0001,oracle_hl,1051346,0.87891,0.87568,0.88207
"U(0.005,0.05), eps=1e-04",0.005,0.05,0.0001,oracle_hl,1268189,0.90696,0.90407,0.90977
"U(0.005,0.05), eps=1e-04",0.005,0.05,0.0001,oracle_hl,1529757,0.93105,0.92853,0.93349
"U(0.005,0.05), eps=1e-04",0.005,0.05,0.0001,oracle_hl,1845273,0.951,0.94884,0.95307
"U(0.005,0.05), eps=1e-04",0.005,0.05,0.0001,oracle_hl,2225865,0.96685,0.96505,0.96856
"U(0.005,0.05), eps=1e-04",0.005,0.05,0.0001,oracle_hl,2684956,0.97882,0.97736,0.98019
"U(0.005,0.05), eps=1e-04",0.005,0.05,0.0001,oracle_hl,3238735,0.98735,0.98621,0.9884
"U(0.005,0.05), eps=1e-04",0.005,0.05,0.0001,oracle_hl,3906732,0.99302,0.99216,0.99379
"U(0.005,0.05), eps=1e-04",0.005,0.05,0.0001,oracle_hl,4712506,0.99649,0.99586,0.99702
"U(0.005,0.05), eps=1e-04",0.005,0.05,0.0001,oracle_hl,5684472,0.99842,0.99798,0.99876
"U(0.005,0.05), eps=1e-04",0.005,0.05,0.0001,oracle_hl,6856909,0.99938,0.99908,0.99958
"U(0.005,0.05), eps=1e-04",0.005,0.05,0.0001,oracle_hl,8271164,0.99979,0.99959,0.99989
"U(0.005,0.05), eps=1e-04",0.005,0.05,0.0001,oracle_hl,9977113,0.99994,0.9998,0.99998
"U(0.005,0.05), eps=1e-04",0.005,0.05,0.0001,oracle_hl,12034917,0.99999,0.99988,1.0
"U(0.005,0.05), eps=1e-04",0.005,0.05,0.0001,oracle_hl,14517150,1.0,0.9999,1.0
"U(0.005,0.05), eps=1e-04",0.005,0.05,0.0001,oracle_hl,17511349,1.0,0.9999,1.0
"U(0.005,0.05), eps=1e-04",0.005,0.05,0.0001,oracle_hl,21123109,1.0,0.9999,1.0
"U(0.005,0.05), eps=1e-04",0.005,0.05,0.0001,oracle_hl,25479803,1.0,0.9999,1.0
"U(0.005,0.05), eps=1e-04",0.005,0.05,0.0001,oracle_hl,30735077,1.0,0.9999,1.0
"U(0.005,0.05), eps=1e-04",0.005,0.05,0.0001,oracle_hl,37074265,1.0,0.9999,1.0
"U(0.005,0.05), eps=1e-04",0.005,0.05,0.0001,oracle_hl,44720926,1.0,0.9999,1.0
"U(0.005,0.05), eps=1e-04",0.005,0.05,0.0001,oracle_hl,53944730,1.0,0.9999,1.0
"U(0.005,0.05), eps=1e-04",0.005,0.05,0.0001,oracle_hl,65070967,1.0,0.9999,1.0
"U(0.005,0.05), eps=1e-06",0.005,0.05,1e-06,oracle_hl,433806451,0.27423,0.26988,0.27862
"U(0.005,0.05), eps=1e-06",0.005,0.05,1e-06,oracle_hl,523280129,0.2995,0.29503,0.30401
"U(0.005,0.05), eps=1e-06",0.005,0.05,1e-06,oracle_hl,631207980,0.32675,0.32217,0.33136
"U(0.005,0.05), eps=1e-06",0.005,0.05,1e-06,oracle_hl,761396224,0.35602,0.35134,0.36073
"U(0.005,0.05), eps=1e-06",0.005,0.05,1e-06,oracle_hl,918436122,0.38733,0.38257,0.39211
"U(0.005,0.05), eps=1e-06",0.005,0.05,1e-06,oracle_hl,1107865896,0.42065,0.41582,0.4255
"U(0.005,0.05), eps=1e-06",0.005,0.05,1e-06,oracle_hl,1336366041,0.45592,0.45104,0.4608
"U(0.005,0.05), eps=1e-06",0.005,0.05,1e-06,oracle_hl,1611994918,0.49299,0.48809,0.49789
"U(0.005,0.05), eps=1e-06",0.005,0.05,1e-06,oracle_hl,1944472949,0.53165,0.52676,0.53654
"U(0.005,0.05), eps=1e-06",0.005,0.05,1e-06,oracle_hl,2345525415,0.57161,0.56675,0.57645
"U(0.005,0.05), eps=1e-06",0.005,0.05,1e-06,oracle_hl,2829295968,0.61249,0.60771,0.61725
"U(0.005,0.05), eps=1e-06",0.005,0.05,1e-06,oracle_hl,3412845421,0.65384,0.64916,0.65849
"U(0.005,0.05), eps=1e-06",0.005,0.05,1e-06,oracle_hl,4116753425,0.69512,0.69059,0.69961
"U(0.005,0.05), eps=1e-06",0.005,0.05,1e-06,oracle_hl,4965844236,0.73573,0.73139,0.74003
"U(0.005,0.05), eps=1e-06",0.005,0.05,1e-06,oracle_hl,5990062176,0.77505,0.77093,0.77912
"U(0.005,0.05), eps=1e-06",0.005,0.05,1e-06,oracle_hl,7225527657,0.81243,0.80857,0.81623
"U(0.005,0.05), eps=1e-06",0.005,0.05,1e-06,oracle_hl,8715811021,0.84724,0.84368,0.85073
"U(0.005,0.05), eps=1e-06",0.005,0.05,1e-06,oracle_hl,10513469099,0.87891,0.87568,0.88207
"U(0.005,0.05), eps=1e-06",0.005,0.05,1e-06,oracle_hl,12681898705,0.90696,0.90407,0.90977
"U(0.005,0.05), eps=1e-06",0.005,0.05,1e-06,oracle_hl,15297572404,0.93105,0.92853,0.93349
"U(0.005,0.05), eps=1e-06",0.005,0.05,1e-06,oracle_hl,18452735422,0.951,0.94884,0.95307
"U(0.005,0.05), eps=1e-06",0.005,0.05,1e-06,oracle_hl,22258658797,0.96685,0.96505,0.96856
"U(0.005,0.05), eps=1e-06",0.005,0.05,1e-06,oracle_hl,26849563499,0.97882,0.97736,0.98019
"U(0.005,0.05), eps=1e-06",0.005,0.05,1e-06,oracle_hl,32387353913,0.98735,0.98621,0.9884
"U(0.005,0.05), eps=1e-06",0.005,0.05,1e-06,oracle_hl,39067327613,0.99302,0.99216,0.99379
"U(0.005,0.05), eps=1e-06",0.005,0.05,1e-06,oracle_hl,47125062791,0.99649,0.99586,0.99702
"U(0.005,0.05), eps=1e-06",0.005,0.05,1e-06,oracle_hl,56844726240,0.99842,0.99798,0.99876
"U(0.005,0.05), eps=1e-06",0.005,0.05,1e-06,oracle_hl,68569094871,0.99938,0.99908,0.99958
"U(0.005,0.05), eps=1e-06",0.005,0.05,1e-06,oracle_hl,82711644200,0.99979,0.99959,0.99989
"U(0.005,0.05), eps=1e-06",0.005,0.05,1e-06,oracle_hl,99771130115,0.99994,0.9998,0.99998
"U(0.005,0.05), eps=1e-06",0.005,0.05,1e-06,oracle_hl,120349178169,0.99999,0.99988,1.0
"U(0.005,0.05), eps=1e-06",0.005,0.05,1e-06,oracle_hl,145171500706,1.0,0.9999,1.0
"U(0.005,0.05), eps=1e-06",0.005,0.05,1e-06,oracle_hl,175113490078,1.0,0.9999,1.0
"U(0.005,0.05), eps=1e-06",0.005,0.05,1e-06,oracle_hl,211231090526,1.0,0.9999,1.0
"U(0.005,0.05), eps=1e-06",0.005,0.05,1e-06,oracle_hl,254798037460,1.0,0.9999,1.0
"U(0.005,0.05), eps=1e-06",0.005,0.05,1e-06,oracle_hl,307350777443,1.0,0.9999,1.0
"U(0.005,0.05), eps=1e-06",0.005,0.05,1e-06,oracle_hl,370742653031,1.0,0.9999,1.0
"U(0.005,0.05), eps=1e-06",0.005,0.05,1e-06,oracle_hl,447209263371,1.0,0.9999,1.0
"U(0.005,0.05), eps=1e-06",0.005,0.05,1e-06,oracle_hl,539447305588,1.0,0.9999,1.0
"U(0.005,0.05), eps=1e-06",0.005,0.05,1e-06,oracle_hl,650709677419,1.0,0.9999,1.0
"U(0.0001,0.001), eps=1e-04",0.0001,0.001,0.0001,oracle_hl,856,0.13593,0.13261,0.13932
"U(0.0001,0.001), eps=1e-04",0.0001,0.001,0.0001,oracle_hl,1033,0.16368,0.16009,0.16734
"U(0.0001,0.001), eps=1e-04",0.0001,0.001,0.0001,oracle_hl,1246,0.19679,0.19292,0.20072
"U(0.0001,0.001), eps=1e-04",0.0001,0.001,0.0001,oracle_hl,1503,0.23628,0.23214,0.24047
"U(0.0001,0.001), eps=1e-04",0.0001,0.001,0.0001,oracle_hl,1813,0.28165,0.27726,0.28608
"U(0.0001,0.001), eps=1e-04",0.0001,0.001,0.0001,oracle_hl,2187,0.32989,0.3253,0.33451
"U(0.0001,0.001), eps=1e-04",0.0001,0.001,0.0001,oracle_hl,2638,0.38053,0.37578,0.3853
"U(0.0001,0.001), eps=1e-04",0.0001,0.001,0.0001,oracle_hl,3182,0.43302,0.42817,0.43788
"U(0.0001,0.001), eps=1e-04",0.0001,0.001,0.0001,oracle_hl,3839,0.48665,0.48175,0.49155
"U(0.0001,0.001), eps=1e-04",0.0001,0.001,0.0001,oracle_hl,4631,0.54027,0.53538,0.54515
"U(0.0001,0.001), eps=1e-04",0.0001,0.001,0.0001,oracle_hl,5586,0.59273,0.58791,0.59754
"U(0.0001,0.001), eps=1e-04",0.0001,0.001,0.0001,oracle_hl,6738,0.64291,0.6382,0.64759
"U(0.0001,0.001), eps=1e-04",0.0001,0.001,0.0001,oracle_hl,8128,0.68998,0.68543,0.69449
"U(0.0001,0.001), eps=1e-04",0.0001,0.001,0.0001,oracle_hl,9805,0.73366,0.72931,0.73797
"U(0.0001,0.001), eps=1e-04",0.0001,0.001,0.0001,oracle_hl,11827,0.77415,0.77003,0.77822
"U(0.0001,0.001), eps=1e-04",0.0001,0.001,0.0001,oracle_hl,14266,0.81184,0.80798,0.81564
"U(0.0001,0.001), eps=1e-04",0.0001,0.001,0.0001,oracle_hl,17209,0.84676,0.8432,0.85026
"U(0.0001,0.001), eps=1e-04",0.0001,0.001,0.0001,oracle_hl,20759,0.87854,0.8753,0.8817
"U(0.0001,0.001), eps=1e-04",0.0001,0.001,0.0001,oracle_hl,25040,0.90668,0.90379,0.90949
"U(0.0001,0.001), eps=1e-04",0.0001,0.001,0.0001,oracle_hl,30205,0.93085,0.92832,0.9333
"U(0.0001,0.001), eps=1e-04",0.0001,0.001,0.0001,oracle_hl,36435,0.95088,0.94872,0.95295
"U(0.0001,0.001), eps=1e-04",0.0001,0.001,0.0001,oracle_hl,43950,0.96678,0.96498,0.96849
"U(0.0001,0.001), eps=1e-04",0.0001,0.001,0.0001,oracle_hl,53015,0.97879,0.97733,0.98016
"U(0.0001,0.001), eps=1e-04",0.0001,0.001,0.0001,oracle_hl,63949,0.98734,0.9862,0.98839
"U(0.0001,0.001), eps=1e-04",0.0001,0.001,0.0001,oracle_hl,77139,0.99302,0.99216,0.99379
"U(0.0001,0.001), eps=1e-04",0.0001,0.001,0.0001,oracle_hl,93049,0.9965,0.99587,0.99703
"U(0.0001,0.001), eps=1e-04",0.0001,0.001,0.0001,oracle_hl,112241,0.99843,0.99799,0.99877
"U(0.0001,0.001), eps=1e-04",0.0001,0.001,0.0001,oracle_hl,135391,0.99938,0.99908,0.99958
"U(0.0001,0.001), eps=1e-04",0.0001,0.001,0.0001,oracle_hl,163315,0.99979,0.99959,0.99989
"U(0.0001,0.001), eps=1e-04",0.0001,0.001,0.0001,oracle_hl,197000,0.99994,0.9998,0.99998
"U(0.0001,0.001), eps=1e-04",0.0001,0.001,0.0001,oracle_hl,237632,0.99999,0.99988,1.0
"U(0.0001,0.001), eps=1e-04",0.0001,0.001,0.0001,oracle_hl,286644,1.0,0.9999,1.0
"U(0.0001,0.001), eps=1e-04",0.0001,0.001,0.0001,oracle_hl,345765,1.0,0.9999,1.0
"U(0.0001,0.001), eps=1e-04",0.0001,0.001,0.0001,oracle_hl,417080,1.0,0.9999,1.0
"U(0.0001,0.001), eps=1e-04",0.0001,0.001,0.0001,oracle_hl,503104,1.0,0.9999,1.0
"U(0.0001,0.001), eps=1e-04",0.0001,0.001,0.0001,oracle_hl,606870,1.0,0.9999,1.0
"U(0.0001,0.001), eps=1e-04",0.0001,0.001,0.0001,oracle_hl,732039,1.0,0.9999,1.0
"U(0.0001,0.001), eps=1e-04",0.0001,0.001,0.0001,oracle_hl,883024,1.0,0.9999,1.0
"U(0.0001,0.001), eps=1e-04",0.0001,0.001,0.0001,oracle_hl,1065150,1.0,0.9999,1.0
"U(0.0001,0.001), eps=1e-04",0.0001,0.001,0.0001,oracle_hl,1284840,1.0,0.9999,1.0
"U(0.0001,0.001), eps=1e-06",0.0001,0.001,1e-06,oracle_hl,8565605,0.27355,0.2692,0.27794
"U(0.0001,0.001), eps=1e-06",0.0001,0.001,1e-06,oracle_hl,10332282,0.29878,0.29431,0.30328
"U(0.0001,0.001), eps=1e-06",0.0001,0.001,1e-06,oracle_hl,12463342,0.32598,0.3214,0.33059
"U(0.0001,0.001), eps=1e-06",0.0001,0.001,1e-06,oracle_hl,15033938,0.3552,0.35052,0.3599
"U(0.0001,0.001), eps=1e-06",0.0001,0.001,1e-06,oracle_hl,18134725,0.38647,0.38171,0.39125
"U(0.0001,0.001), eps=1e-06",0.0001,0.001,1e-06,oracle_hl,21875059,0.41976,0.41493,0.4246
"U(0.0001,0.001), eps=1e-06",0.0001,0.001,1e-06,oracle_hl,26386845,0.455,0.45012,0.45988
"U(0.0001,0.001), eps=1e-06",0.0001,0.001,1e-06,oracle_hl,31829199,0.49205,0.48715,0.49695
"U(0.0001,0.001), eps=1e-06",0.0001,0.001,1e-06,oracle_hl,38394051,0.5307,0.52581,0.53559
"U(0.0001,0.001), eps=1e-06",0.0001,0.001,1e-06,oracle_hl,46312922,0.57066,0.5658,0.5755
"U(0.0001,0.001), eps=1e-06",0.0001,0.001,1e-06,oracle_hl,55865079,0.61157,0.60678,0.61634
"U(0.0001,0.001), eps=1e-06",0.0001,0.001,1e-06,oracle_hl,67387393,0.65296,0.64828,0.65761
"U(0.0001,0.001), eps=1e-06",0.0001,0.001,1e-06,oracle_hl,81286214,0.69429,0.68976,0.69879
"U(0.0001,0.001), eps=1e-06",0.0001,0.001,1e-06,oracle_hl,98051701,0.73498,0.73063,0.73928
"U(0.0001,0.001), eps=1e-06",0.0001,0.001,1e-06,oracle_hl,118275113,0.77439,0.77027,0.77846
"U(0.0001,0.001), eps=1e-06",0.0001,0.001,1e-06,oracle_hl,142669654,0.81186,0.808,0.81566
"U(0.0001,0.001), eps=1e-06",0.0001,0.001,1e-06,oracle_hl,172095631,0.84677,0.84321,0.85027
"U(0.0001,0.001), eps=1e-06",0.0001,0.001,1e-06,oracle_hl,207590791,0.87854,0.8753,0.8817
"U(0.0001,0.001), eps=1e-06",0.0001,0.001,1e-06,oracle_hl,250406917,0.90668,0.90379,0.90949
"U(0.0001,0.001), eps=1e-06",0.0001,0.001,1e-06,oracle_hl,302053977,0.93086,0.92833,0.9333
"U(0.0001,0.001), eps=1e-06",0.0001,0.001,1e-06,oracle_hl,364353374,0.95088,0.94872,0.95295
"U(0.0001,0.001), eps=1e-06",0.0001,0.001,1e-06,oracle_hl,439502180,0.96678,0.96498,0.96849
"U(0.0001,0.001), eps=1e-06",0.0001,0.001,1e-06,oracle_hl,530150616,0.97879,0.97733,0.98016
"U(0.0001,0.001), eps=1e-06",0.0001,0.001,1e-06,oracle_hl,639495523,0.98734,0.9862,0.98839
"U(0.0001,0.001), eps=1e-06",0.0001,0.001,1e-06,oracle_hl,771393092,0.99302,0.99216,0.99379
"U(0.0001,0.001), eps=1e-06",0.0001,0.001,1e-06,oracle_hl,930494870,0.9965,0.99587,0.99703
"U(0.0001,0.001), eps=1e-06",0.0001,0.001,1e-06,oracle_hl,1122411792,0.99843,0.99799,0.99877
"U(0.0001,0.001), eps=1e-06",0.0001,0.001,1e-06,oracle_hl,1353912064,0.99938,0.99908,0.99958
"U(0.0001,0.001), eps=1e-06",0.0001,0.001,1e-06,oracle_hl,1633159853,0.99979,0.99959,0.99989
"U(0.0001,0.001), eps=1e-06",0.0001,0.001,1e-06,oracle_hl,1970003206,0.99994,0.9998,0.99998
"U(0.0001,0.001), eps=1e-06",0.0001,0.001,1e-06,oracle_hl,2376321352,0.99999,0.99988,1.0
"U(0.0001,0.001), eps=1e-06",0.0001,0.001,1e-06,oracle_hl,2866443644,1.0,0.9999,1.0
"U(0.0001,0.001), eps=1e-06",0.0001,0.001,1e-06,oracle_hl,3457654899,1.0,0.9999,1.0
"U(0.0001,0.001), eps=1e-06",0.0001,0.001,1e-06,oracle_hl,4170804972,1.0,0.9999,1.0
"U(0.0001,0.001), eps=1e-06",0.0001,0.001,1e-06,oracle_hl,5031044051,1.0,0.9999,1.0
"U(0.0001,0.001), eps=1e-06",0.0001,0.001,1e-06,oracle_hl,6068709618,1.0,0.9999,1.0
"U(0.0001,0.001), eps=1e-06",0.0001,0.001,1e-06,oracle_hl,7320396333,1.0,0.9999,1.0
"U(0.0001,0.001), eps=1e-06",0.0001,0.001,1e-06,oracle_hl,8830246601,1.0,0.9999,1.0
"U(0.0001,0.001), eps=1e-06",0.0001,0.001,1e-06,oracle_hl,10651507307,1.0,0.9999,1.0
"U(0.0001,0.001), eps=1e-06",0.0001,0.001,1e-06,oracle_hl,12848407643,1.0,0.9999,1.0
"U(1e-05,0.01), eps=1e-05",1e-05,0.01,1e-05,oracle_hl,856560,0.31883,0.31428,0.32341
"U(1e-05,0.01), eps=1e-05",1e-05,0.01,1e-05,oracle_hl,1033228,0.3452,0.34056,0.34987
"U(1e-05,0.01), eps=1e-05",1e-05,0.01,1e-05,oracle_hl,1246334,0.37321,0.36848,0.37796
"U(1e-05,0.01), eps=1e-05",1e-05,0.01,1e-05,oracle_hl,1503393,0.40285,0.39805,0.40767
"U(1e-05,0.01), eps=1e-05",1e-05,0.01,1e-05,oracle_hl,1813472,0.43407,0.42922,0.43893
"U(1e-05,0.01), eps=1e-05",1e-05,0.01,1e-05,oracle_hl,2187505,0.46682,0.46193,0.47171
"U(1e-05,0.01), eps=1e-05",1e-05,0.01,1e-05,oracle_hl,2638684,0.50099,0.49609,0.50589
"U(1e-05,0.01), eps=1e-05",1e-05,0.01,1e-05,oracle_hl,3182919,0.53643,0.53154,0.54131
"U(1e-05,0.01), eps=1e-05",1e-05,0.01,1e-05,oracle_hl,3839405,0.57293,0.56808,0.57777
"U(1e-05,0.01), eps=1e-05",1e-05,0.01,1e-05,oracle_hl,4631292,0.61026,0.60547,0.61503
"U(1e-05,0.01), eps=1e-05",1e-05,0.01,1e-05,oracle_hl,5586507,0.64809,0.6434,0.65276
"U(1e-05,0.01), eps=1e-05",1e-05,0.01,1e-05,oracle_hl,6738739,0.68606,0.68149,0.69059
"U(1e-05,0.01), eps=1e-05",1e-05,0.01,1e-05,oracle_hl,8128621,0.72374,0.71934,0.7281
"U(1e-05,0.01), eps=1e-05",1e-05,0.01,1e-05,oracle_hl,9805170,0.76066,0.75645,0.76482
"U(1e-05,0.01), eps=1e-05",1e-05,0.01,1e-05,oracle_hl,11827511,0.79631,0.79233,0.80023
"U(1e-05,0.01), eps=1e-05",1e-05,0.01,1e-05,oracle_hl,14266965,0.83015,0.82644,0.8338
"U(1e-05,0.01), eps=1e-05",1e-05,0.01,1e-05,oracle_hl,17209563,0.86164,0.85822,0.86499
"U(1e-05,0.01), eps=1e-05",1e-05,0.01,1e-05,oracle_hl,20759079,0.8903,0.8872,0.89333
"U(1e-05,0.01), eps=1e-05",1e-05,0.01,1e-05,oracle_hl,25040691,0.91568,0.91292,0.91836
"U(1e-05,0.01), eps=1e-05",1e-05,0.01,1e-05,oracle_hl,30205397,0.93749,0.93508,0.93982
"U(1e-05,0.01), eps=1e-05",1e-05,0.01,1e-05,oracle_hl,36435337,0.95557,0.95351,0.95755
"U(1e-05,0.01), eps=1e-05",1e-05,0.01,1e-05,oracle_hl,43950218,0.96993,0.96821,0.97156
"U(1e-05,0.01), eps=1e-05",1e-05,0.01,1e-05,oracle_hl,53015061,0.98078,0.97939,0.98208
"U(1e-05,0.01), eps=1e-05",1e-05,0.01,1e-05,oracle_hl,63949552,0.98852,0.98743,0.98952
"U(1e-05,0.01), eps=1e-05",1e-05,0.01,1e-05,oracle_hl,77139309,0.99366,0.99283,0.99439
"U(1e-05,0.01), eps=1e-05",1e-05,0.01,1e-05,oracle_hl,93049487,0.99682,0.99622,0.99733
"U(1e-05,0.01), eps=1e-05",1e-05,0.01,1e-05,oracle_hl,112241179,0.99857,0.99815,0.9989
"U(1e-05,0.01), eps=1e-05",1e-05,0.01,1e-05,oracle_hl,135391206,0.99944,0.99916,0.99963
"U(1e-05,0.01), eps=1e-05",1e-05,0.01,1e-05,oracle_hl,163315985,0.99981,0.99962,0.99991
"U(1e-05,0.01), eps=1e-05",1e-05,0.01,1e-05,oracle_hl,197000320,0.99995,0.99982,0.99999
"U(1e-05,0.01), eps=1e-05",1e-05,0.01,1e-05,oracle_hl,237632135,0.99999,0.99988,1.0
"U(1e-05,0.01), eps=1e-05",1e-05,0.01,1e-05,oracle_hl,286644364,1.0,0.9999,1.0
"U(1e-05,0.01), eps=1e-05",1e-05,0.01,1e-05,oracle_hl,345765489,1.0,0.9999,1.0
"U(1e-05,0.01), eps=1e-05",1e-05,0.01,1e-05,oracle_hl,417080497,1.0,0.9999,1.0
"U(1e-05,0.01), eps=1e-05",1e-05,0.01,1e-05,oracle_hl,503104405,1.0,0.9999,1.0
"U(1e-05,0.01), eps=1e-05",1e-05,0.01,1e-05,oracle_hl,606870961,1.0,0.9999,1.0
"U(1e-05,0.01), eps=1e-05",1e-05,0.01,1e-05,oracle_hl,732039633,1.0,0.9999,1.0
"U(1e-05,0.01), eps=1e-05",1e-05,0.01,1e-05,oracle_hl,883024660,1.0,0.9999,1.0
"U(1e-05,0.01), eps=1e-05",1e-05,0.01,1e-05,oracle_hl,1065150730,1.0,0.9999,1.0
"U(1e-05,0.01), eps=1e-05",1e-05,0.01,1e-05,oracle_hl,1284840764,1.0,0.9999,1.0
