setting,phi_min,phi_max,eps,algo,budget,fn,params
"U(0.01,0.1), eps=1e-03",0.01,0.1,0.001,linear,896,find_phi_fixed_budget_linear_search,"{""m_exploration"": 3, ""lookback_window"": 1, ""safeguard"": 3, ""inc"": 5, ""budget"": 896}"
"U(0.01,0.1), eps=1e-03",0.01,0.1,0.001,linear,1081,find_phi_fixed_budget_linear_search,"{""m_exploration"": 3, ""lookback_window"": 1, ""safeguard"": 2, ""inc"": 5, ""budget"": 1081}"
"U(0.01,0.1), eps=1e-03",0.01,0.1,0.001,linear,1304,find_phi_fixed_budget_linear_search,"{""m_exploration"": 3, ""lookback_window"": 1, ""safeguard"": 2, ""inc"": 5, ""budget"": 1304}"
"U(0.01,0.1), eps=1e-03",0.01,0.1,0.001,linear,1573,find_phi_fixed_budget_linear_search,"{""m_exploration"": 3, ""lookback_window"": 1, ""safeguard"": 3, ""inc"": 5, ""budget"": 1573}"
"U(0.01,0.1), eps=1e-03",0.01,0.1,0.001,linear,1898,find_phi_fixed_budget_linear_search,"{""m_exploration"": 3, ""lookback_window"": 1, ""safeguard"": 0, ""inc"": 2, ""budget"": 1898}"
"U(0.01,0.1), eps=1e-03",0.01,0.1,0.001,linear,2289,find_phi_fixed_budget_linear_search,"{""m_exploration"": 4, ""lookback_window"": 1, ""safeguard"": 2, ""inc"": 5, ""budget"": 2289}"
"U(0.01,0.1), eps=1e-03",0.01,0.1,0.001,linear,2761,find_phi_fixed_budget_linear_search,"{""m_exploration"": 5, ""lookback_window"": 1, ""safeguard"": 1, ""inc"": 5, ""budget"": 2761}"
"U(0.01,0.1), eps=1e-03",0.01,0.1,0.001,linear,3331,find_phi_fixed_budget_linear_search,"{""m_exploration"": 3, ""lookback_window"": 1, ""safeguard"": 0, ""inc"": 1, ""budget"": 3331}"
"U(0.01,0.1), eps=1e-03",0.01,0.1,0.001,linear,4018,find_phi_fixed_budget_linear_search,"{""m_exploration"": 3, ""lookback_window"": 1, ""safeguard"": 0, ""inc"": 2, ""budget"": 4018}"
"U(0.01,0.1), eps=1e-03",0.01,0.1,0.001,linear,4847,find_phi_fixed_budget_linear_search,"{""m_exploration"": 4, ""lookback_window"": 1, ""safeguard"": 0, ""inc"": 2, ""budget"": 4847}"
"U(0.01,0.1), eps=1e-03",0.01,0.1,0.001,linear,5847,find_phi_fixed_budget_linear_search,"{""m_exploration"": 9, ""lookback_window"": 1, ""safeguard"": 0, ""inc"": 2, ""budget"": 5847}"
"U(0.01,0.1), eps=1e-03",0.01,0.1,0.001,linear,7053,find_phi_fixed_budget_linear_search,"{""m_exploration"": 5, ""lookback_window"": 1, ""safeguard"": 0, ""inc"": 2, ""budget"": 7053}"
"U(0.01,0.1), eps=1e-03",0.01,0.1,0.001,linear,8507,find_phi_fixed_budget_linear_search,"{""m_exploration"": 7, ""lookback_window"": 1, ""safeguard"": 1, ""inc"": 5, ""budget"": 8507}"
"U(0.01,0.1), eps=1e-03",0.01,0.1,0.001,linear,10262,find_phi_fixed_budget_linear_search,"{""m_exploration"": 7, ""lookback_window"": 1, ""safeguard"": 1, ""inc"": 5, ""budget"": 10262}"
"U(0.01,0.1), eps=1e-03",0.01,0.1,0.001,linear,12379,find_phi_fixed_budget_linear_search,"{""m_exploration"": 5, ""lookback_window"": 2, ""safeguard"": 1, ""inc"": 2, ""budget"": 12379}"
"U(0.01,0.1), eps=1e-03",0.01,0.1,0.001,linear,14932,find_phi_fixed_budget_linear_search,"{""m_exploration"": 3, ""lookback_window"": 1, ""safeguard"": 0, ""inc"": 1, ""budget"": 14932}"
"U(0.01,0.1), eps=1e-03",0.01,0.1,0.001,linear,18012,find_phi_fixed_budget_linear_search,"{""m_exploration"": 3, ""lookback_window"": 1, ""safeguard"": 0, ""inc"": 1, ""budget"": 18012}"
"U(0.01,0.1), eps=1e-03",0.01,0.1,0.001,linear,21727,find_phi_fixed_budget_linear_search,"{""m_exploration"": 5, ""lookback_window"": 2, ""safeguard"": 2, ""inc"": 2, ""budget"": 21727}"
"U(0.01,0.1), eps=1e-03",0.01,0.1,0.001,linear,26209,find_phi_fixed_budget_linear_search,"{""m_exploration"": 11, ""lookback_window"": 2, ""safeguard"": 1, ""inc"": 1, ""budget"": 26209}"
"U(0.01,0.1), eps=1e-03",0.01,0.1,0.001,linear,31614,find_phi_fixed_budget_linear_search,"{""m_exploration"": 22, ""lookback_window"": 2, ""safeguard"": 1, ""inc"": 2, ""budget"": 31614}"
"U(0.01,0.1), eps=1e-03",0.01,0.1,0.001,linear,38135,find_phi_fixed_budget_linear_search,"{""m_exploration"": 11, ""lookback_window"": 2, ""safeguard"": 2, ""inc"": 2, ""budget"": 38135}"
"U(0.01,0.1), eps=1e-03",0.01,0.1,0.001,linear,46001,find_phi_fixed_budget_linear_search,"{""m_exploration"": 14, ""lookback_window"": 2, ""safeguard"": 2, ""inc"": 2, ""budget"": 46001}"
"U(0.01,0.1), eps=1e-03",0.01,0.1,0.001,linear,55489,find_phi_fixed_budget_linear_search,"{""m_exploration"": 85, ""lookback_window"": 1, ""safeguard"": 1, ""inc"": 5, ""budget"": 55489}"
"U(0.01,0.1), eps=1e-03",0.01,0.1,0.001,linear,66933,find_phi_fixed_budget_linear_search,"{""m_exploration"": 54, ""lookback_window"": 2, ""safeguard"": 1, ""inc"": 2, ""budget"": 66933}"
"U(0.01,0.1), eps=1e-03",0.01,0.1,0.001,linear,80739,find_phi_fixed_budget_linear_search,"{""m_exploration"": 28, ""lookback_window"": 2, ""safeguard"": 1, ""inc"": 1, ""budget"": 80739}"
"U(0.01,0.1), eps=1e-03",0.01,0.1,0.001,linear,97391,find_phi_fixed_budget_linear_search,"{""m_exploration"": 28, ""lookback_window"": 2, ""safeguard"": 1, ""inc"": 1, ""budget"": 97391}"
"U(0.01,0.1), eps=1e-03",0.01,0.1,0.001,linear,117479,find_phi_fixed_budget_linear_search,"{""m_exploration"": 85, ""lookback_window"": 1, ""safeguard"": 1, ""inc"": 2, ""budget"": 117479}"
"U(0.01,0.1), eps=1e-03",0.01,0.1,0.001,linear,141709,find_phi_fixed_budget_linear_search,"{""m_exploration"": 28, ""lookback_window"": 2, ""safeguard"": 1, ""inc"": 1, ""budget"": 141709}"
"U(0.01,0.1), eps=1e-03",0.01,0.1,0.001,linear,170937,find_phi_fixed_budget_linear_search,"{""m_exploration"": 43, ""lookback_window"": 3, ""safeguard"": 1, ""inc"": 1, ""budget"": 170937}"
"U(0.01,0.1), eps=1e-03",0.01,0.1,0.001,linear,206193,find_phi_fixed_budget_linear_search,"{""m_exploration"": 17, ""lookback_window"": 2, ""safeguard"": 2, ""inc"": 1, ""budget"": 206193}"
"U(0.01,0.1), eps=1e-03",0.01,0.1,0.001,linear,248721,find_phi_fixed_budget_linear_search,"{""m_exploration"": 3, ""lookback_window"": 1, ""safeguard"": 3, ""inc"": 1, ""budget"": 248721}"
"U(0.01,0.1), eps=1e-03",0.01,0.1,0.001,linear,300021,find_phi_fixed_budget_linear_search,"{""m_exploration"": 3, ""lookback_window"": 1, ""safeguard"": 3, ""inc"": 1, ""budget"": 300021}"
"U(0.01,0.1), eps=1e-03",0.01,0.1,0.001,linear,361901,find_phi_fixed_budget_linear_search,"{""m_exploration"": 3, ""lookback_window"": 1, ""safeguard"": 3, ""inc"": 1, ""budget"": 361901}"
"U(0.01,0.1), eps=1e-03",0.01,0.1,0.001,linear,436544,find_phi_fixed_budget_linear_search,"{""m_exploration"": 3, ""lookback_window"": 1, ""safeguard"": 3, ""inc"": 1, ""budget"": 436544}"
"U(0.01,0.1), eps=1e-03",0.01,0.1,0.001,linear,526582,find_phi_fixed_budget_linear_search,"{""m_exploration"": 3, ""lookback_window"": 1, ""safeguard"": 3, ""inc"": 1, ""budget"": 526582}"
"U(0.01,0.1), eps=1e-03",0.01,0.1,0.001,linear,635191,find_phi_fixed_budget_linear_search,"{""m_exploration"": 3, ""lookback_window"": 1, ""safeguard"": 3, ""inc"": 1, ""budget"": 635191}"
"U(0.01,0.1), eps=1e-03",0.01,0.1,0.001,linear,766201,find_phi_fixed_budget_linear_search,"{""m_exploration"": 3, ""lookback_window"": 1, ""safeguard"": 3, ""inc"": 1, ""budget"": 766201}"
"U(0.01,0.1), eps=1e-03",0.01,0.1,0.001,linear,924232,find_phi_fixed_budget_linear_search,"{""m_exploration"": 3, ""lookback_window"": 1, ""safeguard"": 3, ""inc"": 1, ""budget"": 924232}"
"U(0.01,0.1), eps=1e-03",0.01,0.1,0.001,linear,1114857,find_phi_fixed_budget_linear_search,"{""m_exploration"": 3, ""lookback_window"": 1, ""safeguard"": 3, ""inc"": 1, ""budget"": 1114857}"
"U(0.01,0.1), eps=1e-03",0.01,0.1,0.001,linear,1344800,find_phi_fixed_budget_linear_search,"{""m_exploration"": 3, ""lookback_window"": 1, ""safeguard"": 3, ""inc"": 1, ""budget"": 1344800}"
"U(0.01,0.1), eps=1e-03",0.01,0.1,0.001,reverse_eng,896,find_phi_fixed_budget_reverse_engineering,"{""m_exploration"": 20, ""safeguard"": 0.8, ""budget"": 896}"
"U(0.01,0.1), eps=1e-03",0.01,0.1,0.001,reverse_eng,1081,find_phi_fixed_budget_reverse_engineering,"{""m_exploration"": 20, ""safeguard"": 0.8, ""budget"": 1081}"
"U(0.01,0.1), eps=1e-03",0.01,0.1,0.001,reverse_eng,1304,find_phi_fixed_budget_reverse_engineering,"{""m_exploration"": 20, ""safeguard"": 0.8, ""budget"": 1304}"
"U(0.01,0.1), eps=1e-03",0.01,0.1,0.001,reverse_eng,1573,find_phi_fixed_budget_reverse_engineering,"{""m_exploration"": 23, ""safeguard"": 0.8, ""budget"": 1573}"
"U(0.01,0.1), eps=1e-03",0.01,0.1,0.001,reverse_eng,1898,find_phi_fixed_budget_reverse_engineering,"{""m_exploration"": 20, ""safeguard"": 0.8, ""budget"": 1898}"
"U(0.01,0.1), eps=1e-03",0.01,0.1,0.001,reverse_eng,2289,find_phi_fixed_budget_reverse_engineering,"{""m_exploration"": 20, ""safeguard"": 0.8, ""budget"": 2289}"
"U(0.01,0.1), eps=1e-03",0.01,0.1,0.001,reverse_eng,2761,find_phi_fixed_budget_reverse_engineering,"{""m_exploration"": 23, ""safeguard"": 0.8, ""budget"": 2761}"
"U(0.01,0.1), eps=1e-03",0.01,0.1,0.001,reverse_eng,3331,find_phi_fixed_budget_reverse_engineering,"{""m_exploration"": 20, ""safeguard"": 0.8, ""budget"": 3331}"
"U(0.01,0.1), eps=1e-03",0.01,0.1,0.001,reverse_eng,4018,find_phi_fixed_budget_reverse_engineering,"{""m_exploration"": 27, ""safeguard"": 0.85, ""budget"": 4018}"
"U(0.01,0.1), eps=1e-03",0.01,0.1,0.001,reverse_eng,4847,find_phi_fixed_budget_reverse_engineering,"{""m_exploration"": 36, ""safeguard"": 0.8, ""budget"": 4847}"
"U(0.01,0.1), eps=1e-03",0.01,0.1,0.001,reverse_eng,5847,find_phi_fixed_budget_reverse_engineering,"{""m_exploration"": 36, ""safeguard"": 0.8, ""budget"": 5847}"
"U(0.01,0.1), eps=1e-03",0.01,0.1,0.001,reverse_eng,7053,find_phi_fixed_budget_reverse_engineering,"{""m_exploration"": 105, ""safeguard"": 0.85, ""budget"": 7053}"
"U(0.01,0.1), eps=1e-03",0.01,0.1,0.001,reverse_eng,8507,find_phi_fixed_budget_reverse_engineering,"{""m_exploration"": 67, ""safeguard"": 0.8, ""budget"": 8507}"
"U(0.01,0.1), eps=1e-03",0.01,0.1,0.001,reverse_eng,10262,find_phi_fixed_budget_reverse_engineering,"{""m_exploration"": 142, ""safeguard"": 0.85, ""budget"": 10262}"
"U(0.01,0.1), eps=1e-03",0.01,0.1,0.001,reverse_eng,12379,find_phi_fixed_budget_reverse_engineering,"{""m_exploration"": 105, ""safeguard"": 0.8, ""budget"": 12379}"
"U(0.01,0.1), eps=1e-03",0.01,0.1,0.001,reverse_eng,14932,find_phi_fixed_budget_reverse_engineering,"{""m_exploration"": 105, ""safeguard"": 0.8, ""budget"": 14932}"
"U(0.01,0.1), eps=1e-03",0.01,0.1,0.001,reverse_eng,18012,find_phi_fixed_budget_reverse_engineering,"{""m_exploration"": 224, ""safeguard"": 0.9, ""budget"": 18012}"
"U(0.01,0.1), eps=1e-03",0.01,0.1,0.001,reverse_eng,21727,find_phi_fixed_budget_reverse_engineering,"{""m_exploration"": 142, ""safeguard"": 0.85, ""budget"": 21727}"
"U(0.01,0.1), eps=1e-03",0.01,0.1,0.001,reverse_eng,26209,find_phi_fixed_budget_reverse_engineering,"{""m_exploration"": 304, ""safeguard"": 0.9, ""budget"": 26209}"
"U(0.01,0.1), eps=1e-03",0.01,0.1,0.001,reverse_eng,31614,find_phi_fixed_budget_reverse_engineering,"{""m_exploration"": 304, ""safeguard"": 0.9, ""budget"": 31614}"
"U(0.01,0.1), eps=1e-03",0.01,0.1,0.001,reverse_eng,38135,find_phi_fixed_budget_reverse_engineering,"{""m_exploration"": 354, ""safeguard"": 0.85, ""budget"": 38135}"
"U(0.01,0.1), eps=1e-03",0.01,0.1,0.001,reverse_eng,46001,find_phi_fixed_budget_reverse_engineering,"{""m_exploration"": 412, ""safeguard"": 0.85, ""budget"": 46001}"
"U(0.01,0.1), eps=1e-03",0.01,0.1,0.001,reverse_eng,55489,find_phi_fixed_budget_reverse_engineering,"{""m_exploration"": 166, ""safeguard"": 0.8, ""budget"": 55489}"
"U(0.01,0.1), eps=1e-03",0.01,0.1,0.001,reverse_eng,66933,find_phi_fixed_budget_reverse_engineering,"{""m_exploration"": 877, ""safeguard"": 0.9, ""budget"": 66933}"
"U(0.01,0.1), eps=1e-03",0.01,0.1,0.001,reverse_eng,80739,find_phi_fixed_budget_reverse_engineering,"{""m_exploration"": 1021, ""safeguard"": 0.9, ""budget"": 80739}"
"U(0.01,0.1), eps=1e-03",0.01,0.1,0.001,reverse_eng,97391,find_phi_fixed_budget_reverse_engineering,"{""m_exploration"": 1021, ""safeguard"": 0.9, ""budget"": 97391}"
"U(0.01,0.1), eps=1e-03",0.01,0.1,0.001,reverse_eng,117479,find_phi_fixed_budget_reverse_engineering,"{""m_exploration"": 1188, ""safeguard"": 0.9, ""budget"": 117479}"
"U(0.01,0.1), eps=1e-03",0.01,0.1,0.001,reverse_eng,141709,find_phi_fixed_budget_reverse_engineering,"{""m_exploration"": 2531, ""safeguard"": 0.9, ""budget"": 141709}"
"U(0.01,0.1), eps=1e-03",0.01,0.1,0.001,reverse_eng,170937,find_phi_fixed_budget_reverse_engineering,"{""m_exploration"": 1607, ""safeguard"": 0.85, ""budget"": 170937}"
"U(0.01,0.1), eps=1e-03",0.01,0.1,0.001,reverse_eng,206193,find_phi_fixed_budget_reverse_engineering,"{""m_exploration"": 1382, ""safeguard"": 0.85, ""budget"": 206193}"
"U(0.01,0.1), eps=1e-03",0.01,0.1,0.001,reverse_eng,248721,find_phi_fixed_budget_reverse_engineering,"{""m_exploration"": 877, ""safeguard"": 0.8, ""budget"": 248721}"
"U(0.01,0.1), eps=1e-03",0.01,0.1,0.001,reverse_eng,300021,find_phi_fixed_budget_reverse_engineering,"{""m_exploration"": 877, ""safeguard"": 0.8, ""budget"": 300021}"
"U(0.01,0.1), eps=1e-03",0.01,0.1,0.001,reverse_eng,361901,find_phi_fixed_budget_reverse_engineering,"{""m_exploration"": 877, ""safeguard"": 0.8, ""budget"": 361901}"
"U(0.01,0.1), eps=1e-03",0.01,0.1,0.001,reverse_eng,436544,find_phi_fixed_budget_reverse_engineering,"{""m_exploration"": 877, ""safeguard"": 0.8, ""budget"": 436544}"
"U(0.01,0.1), eps=1e-03",0.01,0.1,0.001,reverse_eng,526582,find_phi_fixed_budget_reverse_engineering,"{""m_exploration"": 877, ""safeguard"": 0.8, ""budget"": 526582}"
"U(0.01,0.1), eps=1e-03",0.01,0.1,0.001,reverse_eng,635191,find_phi_fixed_budget_reverse_engineering,"{""m_exploration"": 877, ""safeguard"": 0.8, ""budget"": 635191}"
"U(0.01,0.1), eps=1e-03",0.01,0.1,0.001,reverse_eng,766201,find_phi_fixed_budget_reverse_engineering,"{""m_exploration"": 877, ""safeguard"": 0.8, ""budget"": 766201}"
"U(0.01,0.1), eps=1e-03",0.01,0.1,0.001,reverse_eng,924232,find_phi_fixed_budget_reverse_engineering,"{""m_exploration"": 877, ""safeguard"": 0.8, ""budget"": 924232}"
"U(0.01,0.1), eps=1e-03",0.01,0.1,0.001,reverse_eng,1114857,find_phi_fixed_budget_reverse_engineering,"{""m_exploration"": 877, ""safeguard"": 0.8, ""budget"": 1114857}"
"U(0.01,0.1), eps=1e-03",0.01,0.1,0.001,reverse_eng,1344800,find_phi_fixed_budget_reverse_engineering,"{""m_exploration"": 877, ""safeguard"": 0.8, ""budget"": 1344800}"
"U(0.01,0.1), eps=1e-03",0.01,0.1,0.001,binary,896,find_phi_fixed_budget_binary_search,"{""m_exploration"": 20, ""safeguard"": 0, ""conf"": 0.5, ""budget"": 896}"
"U(0.01,0.1), eps=1e-03",0.01,0.1,0.001,binary,1081,find_phi_fixed_budget_binary_search,"{""m_exploration"": 20, ""safeguard"": 1, ""conf"": 0.5, ""budget"": 1081}"
"U(0.01,0.1), eps=1e-03",0.01,0.1,0.001,binary,1304,find_phi_fixed_budget_binary_search,"{""m_exploration"": 20, ""safeguard"": 0, ""conf"": 0.5, ""budget"": 1304}"
"U(0.01,0.1), eps=1e-03",0.01,0.1,0.001,binary,1573,find_phi_fixed_budget_binary_search,"{""m_exploration"": 20, ""safeguard"": 0, ""conf"": 0.5, ""budget"": 1573}"
"U(0.01,0.1), eps=1e-03",0.01,0.1,0.001,binary,1898,find_phi_fixed_budget_binary_search,"{""m_exploration"": 20, ""safeguard"": 2, ""conf"": 0.5, ""budget"": 1898}"
"U(0.01,0.1), eps=1e-03",0.01,0.1,0.001,binary,2289,find_phi_fixed_budget_binary_search,"{""m_exploration"": 27, ""safeguard"": 0, ""conf"": 0.5, ""budget"": 2289}"
"U(0.01,0.1), eps=1e-03",0.01,0.1,0.001,binary,2761,find_phi_fixed_budget_binary_search,"{""m_exploration"": 37, ""safeguard"": 2, ""conf"": 0.5, ""budget"": 2761}"
"U(0.01,0.1), eps=1e-03",0.01,0.1,0.001,binary,3331,find_phi_fixed_budget_binary_search,"{""m_exploration"": 20, ""safeguard"": 1, ""conf"": 0.5, ""budget"": 3331}"
"U(0.01,0.1), eps=1e-03",0.01,0.1,0.001,binary,4018,find_phi_fixed_budget_binary_search,"{""m_exploration"": 20, ""safeguard"": 2, ""conf"": 0.5, ""budget"": 4018}"
"U(0.01,0.1), eps=1e-03",0.01,0.1,0.001,binary,4847,find_phi_fixed_budget_binary_search,"{""m_exploration"": 20, ""safeguard"": 2, ""conf"": 0.9, ""budget"": 4847}"
"U(0.01,0.1), eps=1e-03",0.01,0.1,0.001,binary,5847,find_phi_fixed_budget_binary_search_anneal_m,"{""m_exploration"": 20, ""safeguard"": 2, ""conf"": 0.8, ""budget"": 5847}"
"U(0.01,0.1), eps=1e-03",0.01,0.1,0.001,binary,7053,find_phi_fixed_budget_binary_search_anneal_m,"{""m_exploration"": 20, ""safeguard"": 2, ""conf"": 0.8, ""budget"": 7053}"
"U(0.01,0.1), eps=1e-03",0.01,0.1,0.001,binary,8507,find_phi_fixed_budget_binary_search_anneal_m,"{""m_exploration"": 20, ""safeguard"": 2, ""conf"": 0.8, ""budget"": 8507}"
"U(0.01,0.1), eps=1e-03",0.01,0.1,0.001,binary,10262,find_phi_fixed_budget_binary_search,"{""m_exploration"": 20, ""safeguard"": 2, ""conf"": 0.5, ""budget"": 10262}"
"U(0.01,0.1), eps=1e-03",0.01,0.1,0.001,binary,12379,find_phi_fixed_budget_binary_search,"{""m_exploration"": 20, ""safeguard"": 2, ""conf"": 0.5, ""budget"": 12379}"
"U(0.01,0.1), eps=1e-03",0.01,0.1,0.001,binary,14932,find_phi_fixed_budget_binary_search,"{""m_exploration"": 20, ""safeguard"": 2, ""conf"": 0.5, ""budget"": 14932}"
"U(0.01,0.1), eps=1e-03",0.01,0.1,0.001,binary,18012,find_phi_fixed_budget_binary_search,"{""m_exploration"": 20, ""safeguard"": 2, ""conf"": 0.5, ""budget"": 18012}"
"U(0.01,0.1), eps=1e-03",0.01,0.1,0.001,binary,21727,find_phi_fixed_budget_binary_search,"{""m_exploration"": 20, ""safeguard"": 2, ""conf"": 0.5, ""budget"": 21727}"
"U(0.01,0.1), eps=1e-03",0.01,0.1,0.001,binary,26209,find_phi_fixed_budget_binary_search,"{""m_exploration"": 20, ""safeguard"": 2, ""conf"": 0.5, ""budget"": 26209}"
"U(0.01,0.1), eps=1e-03",0.01,0.1,0.001,binary,31614,find_phi_fixed_budget_binary_search,"{""m_exploration"": 20, ""safeguard"": 2, ""conf"": 0.5, ""budget"": 31614}"
"U(0.01,0.1), eps=1e-03",0.01,0.1,0.001,binary,38135,find_phi_fixed_budget_binary_search,"{""m_exploration"": 20, ""safeguard"": 2, ""conf"": 0.5, ""budget"": 38135}"
"U(0.01,0.1), eps=1e-03",0.01,0.1,0.001,binary,46001,find_phi_fixed_budget_binary_search,"{""m_exploration"": 37, ""safeguard"": 2, ""conf"": 0.5, ""budget"": 46001}"
"U(0.01,0.1), eps=1e-03",0.01,0.1,0.001,binary,55489,find_phi_fixed_budget_binary_search,"{""m_exploration"": 37, ""safeguard"": 2, ""conf"": 0.5, ""budget"": 55489}"
"U(0.01,0.1), eps=1e-03",0.01,0.1,0.001,binary,66933,find_phi_fixed_budget_binary_search,"{""m_exploration"": 50, ""safeguard"": 2, ""conf"": 0.5, ""budget"": 66933}"
"U(0.01,0.1), eps=1e-03",0.01,0.1,0.001,binary,80739,find_phi_fixed_budget_binary_search,"{""m_exploration"": 50, ""safeguard"": 2, ""conf"": 0.5, ""budget"": 80739}"
"U(0.01,0.1), eps=1e-03",0.01,0.1,0.001,binary,97391,find_phi_fixed_budget_binary_search,"{""m_exploration"": 68, ""safeguard"": 2, ""conf"": 0.5, ""budget"": 97391}"
"U(0.01,0.1), eps=1e-03",0.01,0.1,0.001,binary,117479,find_phi_fixed_budget_binary_search,"{""m_exploration"": 93, ""safeguard"": 2, ""conf"": 0.5, ""budget"": 117479}"
"U(0.01,0.1), eps=1e-03",0.01,0.1,0.001,binary,141709,find_phi_fixed_budget_binary_search,"{""m_exploration"": 127, ""safeguard"": 2, ""conf"": 0.5, ""budget"": 141709}"
"U(0.01,0.1), eps=1e-03",0.01,0.1,0.001,binary,170937,find_phi_fixed_budget_binary_search,"{""m_exploration"": 127, ""safeguard"": 2, ""conf"": 0.5, ""budget"": 170937}"
"U(0.01,0.1), eps=1e-03",0.01,0.1,0.001,binary,206193,find_phi_fixed_budget_binary_search,"{""m_exploration"": 236, ""safeguard"": 2, ""conf"": 0.5, ""budget"": 206193}"
"U(0.01,0.1), eps=1e-03",0.01,0.1,0.001,binary,248721,find_phi_fixed_budget_binary_search,"{""m_exploration"": 437, ""safeguard"": 2, ""conf"": 0.5, ""budget"": 248721}"
"U(0.01,0.1), eps=1e-03",0.01,0.1,0.001,binary,300021,find_phi_fixed_budget_binary_search,"{""m_exploration"": 437, ""safeguard"": 2, ""conf"": 0.5, ""budget"": 300021}"
"U(0.01,0.1), eps=1e-03",0.01,0.1,0.001,binary,361901,find_phi_fixed_budget_binary_search,"{""m_exploration"": 437, ""safeguard"": 2, ""conf"": 0.5, ""budget"": 361901}"
"U(0.01,0.1), eps=1e-03",0.01,0.1,0.001,binary,436544,find_phi_fixed_budget_binary_search,"{""m_exploration"": 596, ""safeguard"": 2, ""conf"": 0.5, ""budget"": 436544}"
"U(0.01,0.1), eps=1e-03",0.01,0.1,0.001,binary,526582,find_phi_fixed_budget_binary_search,"{""m_exploration"": 596, ""safeguard"": 2, ""conf"": 0.5, ""budget"": 526582}"
"U(0.01,0.1), eps=1e-03",0.01,0.1,0.001,binary,635191,find_phi_fixed_budget_binary_search,"{""m_exploration"": 596, ""safeguard"": 2, ""conf"": 0.5, ""budget"": 635191}"
"U(0.01,0.1), eps=1e-03",0.01,0.1,0.001,binary,766201,find_phi_fixed_budget_binary_search,"{""m_exploration"": 596, ""safeguard"": 2, ""conf"": 0.5, ""budget"": 766201}"
"U(0.01,0.1), eps=1e-03",0.01,0.1,0.001,binary,924232,find_phi_fixed_budget_binary_search,"{""m_exploration"": 1504, ""safeguard"": 2, ""conf"": 0.5, ""budget"": 924232}"
"U(0.01,0.1), eps=1e-03",0.01,0.1,0.001,binary,1114857,find_phi_fixed_budget_binary_search,"{""m_exploration"": 2048, ""safeguard"": 2, ""conf"": 0.5, ""budget"": 1114857}"
"U(0.01,0.1), eps=1e-03",0.01,0.1,0.001,binary,1344800,find_phi_fixed_budget_binary_search,"{""m_exploration"": 1504, ""safeguard"": 2, ""conf"": 0.5, ""budget"": 1344800}"
"U(0.01,0.1), eps=1e-03",0.01,0.1,0.001,reverse_eng_risk,896,find_phi_fixed_budget_reverse_engineering_risk,"{""m_exploration"": 20, ""eps_target"": 0.001, ""budget"": 896}"
"U(0.01,0.1), eps=1e-03",0.01,0.1,0.001,reverse_eng_risk,1081,find_phi_fixed_budget_reverse_engineering_risk,"{""m_exploration"": 20, ""eps_target"": 0.001, ""budget"": 1081}"
"U(0.01,0.1), eps=1e-03",0.01,0.1,0.001,reverse_eng_risk,1304,find_phi_fixed_budget_reverse_engineering_risk,"{""m_exploration"": 20, ""eps_target"": 0.001, ""budget"": 1304}"
"U(0.01,0.1), eps=1e-03",0.01,0.1,0.001,reverse_eng_risk,1573,find_phi_fixed_budget_reverse_engineering_risk,"{""m_exploration"": 23, ""eps_target"": 0.001, ""budget"": 1573}"
"U(0.01,0.1), eps=1e-03",0.01,0.1,0.001,reverse_eng_risk,1898,find_phi_fixed_budget_reverse_engineering_risk,"{""m_exploration"": 27, ""eps_target"": 0.001, ""budget"": 1898}"
"U(0.01,0.1), eps=1e-03",0.01,0.1,0.001,reverse_eng_risk,2289,find_phi_fixed_budget_reverse_engineering_risk,"{""m_exploration"": 31, ""eps_target"": 0.001, ""budget"": 2289}"
"U(0.01,0.1), eps=1e-03",0.01,0.1,0.001,reverse_eng_risk,2761,find_phi_fixed_budget_reverse_engineering_risk,"{""m_exploration"": 36, ""eps_target"": 0.001, ""budget"": 2761}"
"U(0.01,0.1), eps=1e-03",0.01,0.1,0.001,reverse_eng_risk,3331,find_phi_fixed_budget_reverse_engineering_risk,"{""m_exploration"": 49, ""eps_target"": 0.001, ""budget"": 3331}"
"U(0.01,0.1), eps=1e-03",0.01,0.1,0.001,reverse_eng_risk,4018,find_phi_fixed_budget_reverse_engineering_risk,"{""m_exploration"": 42, ""eps_target"": 0.001, ""budget"": 4018}"
"U(0.01,0.1), eps=1e-03",0.01,0.1,0.001,reverse_eng_risk,4847,find_phi_fixed_budget_reverse_engineering_risk,"{""m_exploration"": 49, ""eps_target"": 0.001, ""budget"": 4847}"
"U(0.01,0.1), eps=1e-03",0.01,0.1,0.001,reverse_eng_risk,5847,find_phi_fixed_budget_reverse_engineering_risk,"{""m_exploration"": 42, ""eps_target"": 0.001, ""budget"": 5847}"
"U(0.01,0.1), eps=1e-03",0.01,0.1,0.001,reverse_eng_risk,7053,find_phi_fixed_budget_reverse_engineering_risk,"{""m_exploration"": 31, ""eps_target"": 0.001, ""budget"": 7053}"
"U(0.01,0.1), eps=1e-03",0.01,0.1,0.001,reverse_eng_risk,8507,find_phi_fixed_budget_reverse_engineering_risk,"{""m_exploration"": 49, ""eps_target"": 0.001, ""budget"": 8507}"
"U(0.01,0.1), eps=1e-03",0.01,0.1,0.001,reverse_eng_risk,10262,find_phi_fixed_budget_reverse_engineering_risk,"{""m_exploration"": 67, ""eps_target"": 0.001, ""budget"": 10262}"
"U(0.01,0.1), eps=1e-03",0.01,0.1,0.001,reverse_eng_risk,12379,find_phi_fixed_budget_reverse_engineering_risk,"{""m_exploration"": 67, ""eps_target"": 0.001, ""budget"": 12379}"
"U(0.01,0.1), eps=1e-03",0.01,0.1,0.001,reverse_eng_risk,14932,find_phi_fixed_budget_reverse_engineering_risk,"{""m_exploration"": 67, ""eps_target"": 0.001, ""budget"": 14932}"
"U(0.01,0.1), eps=1e-03",0.01,0.1,0.001,reverse_eng_risk,18012,find_phi_fixed_budget_reverse_engineering_risk,"{""m_exploration"": 105, ""eps_target"": 0.001, ""budget"": 18012}"
"U(0.01,0.1), eps=1e-03",0.01,0.1,0.001,reverse_eng_risk,21727,find_phi_fixed_budget_reverse_engineering_risk,"{""m_exploration"": 49, ""eps_target"": 0.001, ""budget"": 21727}"
"U(0.01,0.1), eps=1e-03",0.01,0.1,0.001,reverse_eng_risk,26209,find_phi_fixed_budget_reverse_engineering_risk,"{""m_exploration"": 67, ""eps_target"": 0.001, ""budget"": 26209}"
"U(0.01,0.1), eps=1e-03",0.01,0.1,0.001,reverse_eng_risk,31614,find_phi_fixed_budget_reverse_engineering_risk,"{""m_exploration"": 67, ""eps_target"": 0.001, ""budget"": 31614}"
"U(0.01,0.1), eps=1e-03",0.01,0.1,0.001,reverse_eng_risk,38135,find_phi_fixed_budget_reverse_engineering_risk,"{""m_exploration"": 67, ""eps_target"": 0.001, ""budget"": 38135}"
"U(0.01,0.1), eps=1e-03",0.01,0.1,0.001,reverse_eng_risk,46001,find_phi_fixed_budget_reverse_engineering_risk,"{""m_exploration"": 193, ""eps_target"": 0.001, ""budget"": 46001}"
"U(0.01,0.1), eps=1e-03",0.01,0.1,0.001,reverse_eng_risk,55489,find_phi_fixed_budget_reverse_engineering_risk,"{""m_exploration"": 193, ""eps_target"": 0.001, ""budget"": 55489}"
"U(0.01,0.1), eps=1e-03",0.01,0.1,0.001,reverse_eng_risk,66933,find_phi_fixed_budget_reverse_engineering_risk,"{""m_exploration"": 193, ""eps_target"": 0.001, ""budget"": 66933}"
"U(0.01,0.1), eps=1e-03",0.01,0.1,0.001,reverse_eng_risk,80739,find_phi_fixed_budget_reverse_engineering_risk,"{""m_exploration"": 261, ""eps_target"": 0.001, ""budget"": 80739}"
"U(0.01,0.1), eps=1e-03",0.01,0.1,0.001,reverse_eng_risk,97391,find_phi_fixed_budget_reverse_engineering_risk,"{""m_exploration"": 193, ""eps_target"": 0.001, ""budget"": 97391}"
"U(0.01,0.1), eps=1e-03",0.01,0.1,0.001,reverse_eng_risk,117479,find_phi_fixed_budget_reverse_engineering_risk,"{""m_exploration"": 67, ""eps_target"": 0.001, ""budget"": 117479}"
"U(0.01,0.1), eps=1e-03",0.01,0.1,0.001,reverse_eng_risk,141709,find_phi_fixed_budget_reverse_engineering_risk,"{""m_exploration"": 67, ""eps_target"": 0.001, ""budget"": 141709}"
"U(0.01,0.1), eps=1e-03",0.01,0.1,0.001,reverse_eng_risk,170937,find_phi_fixed_budget_reverse_engineering_risk,"{""m_exploration"": 67, ""eps_target"": 0.001, ""budget"": 170937}"
"U(0.01,0.1), eps=1e-03",0.01,0.1,0.001,reverse_eng_risk,206193,find_phi_fixed_budget_reverse_engineering_risk,"{""m_exploration"": 20, ""eps_target"": 0.001, ""budget"": 206193}"
"U(0.01,0.1), eps=1e-03",0.01,0.1,0.001,reverse_eng_risk,248721,find_phi_fixed_budget_reverse_engineering_risk,"{""m_exploration"": 20, ""eps_target"": 0.001, ""budget"": 248721}"
"U(0.01,0.1), eps=1e-03",0.01,0.1,0.001,reverse_eng_risk,300021,find_phi_fixed_budget_reverse_engineering_risk,"{""m_exploration"": 20, ""eps_target"": 0.001, ""budget"": 300021}"
"U(0.01,0.1), eps=1e-03",0.01,0.1,0.001,reverse_eng_risk,361901,find_phi_fixed_budget_reverse_engineering_risk,"{""m_exploration"": 20, ""eps_target"": 0.001, ""budget"": 361901}"
"U(0.01,0.1), eps=1e-03",0.01,0.1,0.001,reverse_eng_risk,436544,find_phi_fixed_budget_reverse_engineering_risk,"{""m_exploration"": 20, ""eps_target"": 0.001, ""budget"": 436544}"
"U(0.01,0.1), eps=1e-03",0.01,0.1,0.001,reverse_eng_risk,526582,find_phi_fixed_budget_reverse_engineering_risk,"{""m_exploration"": 20, ""eps_target"": 0.001, ""budget"": 526582}"
"U(0.01,0.1), eps=1e-03",0.01,0.1,0.001,reverse_eng_risk,635191,find_phi_fixed_budget_reverse_engineering_risk,"{""m_exploration"": 20, ""eps_target"": 0.001, ""budget"": 635191}"
"U(0.01,0.1), eps=1e-03",0.01,0.1,0.001,reverse_eng_risk,766201,find_phi_fixed_budget_reverse_engineering_risk,"{""m_exploration"": 20, ""eps_target"": 0.001, ""budget"": 766201}"
"U(0.01,0.1), eps=1e-03",0.01,0.1,0.001,reverse_eng_risk,924232,find_phi_fixed_budget_reverse_engineering_risk,"{""m_exploration"": 20, ""eps_target"": 0.001, ""budget"": 924232}"
"U(0.01,0.1), eps=1e-03",0.01,0.1,0.001,reverse_eng_risk,1114857,find_phi_fixed_budget_reverse_engineering_risk,"{""m_exploration"": 20, ""eps_target"": 0.001, ""budget"": 1114857}"
"U(0.01,0.1), eps=1e-03",0.01,0.1,0.001,reverse_eng_risk,1344800,find_phi_fixed_budget_reverse_engineering_risk,"{""m_exploration"": 20, ""eps_target"": 0.001, ""budget"": 1344800}"
"U(0.01,0.1), eps=1e-03",0.01,0.1,0.001,binary_risk,896,find_phi_fixed_budget_binary_search_risk,"{""m_exploration"": 20, ""conf"": 0.5, ""eps_target"": 0.001, ""budget"": 896}"
"U(0.01,0.1), eps=1e-03",0.01,0.1,0.001,binary_risk,1081,find_phi_fixed_budget_binary_search_risk,"{""m_exploration"": 20, ""conf"": 0.5, ""eps_target"": 0.001, ""budget"": 1081}"
"U(0.01,0.1), eps=1e-03",0.01,0.1,0.001,binary_risk,1304,find_phi_fixed_budget_binary_search_risk,"{""m_exploration"": 20, ""conf"": 0.5, ""eps_target"": 0.001, ""budget"": 1304}"
"U(0.01,0.1), eps=1e-03",0.01,0.1,0.001,binary_risk,1573,find_phi_fixed_budget_binary_search_risk,"{""m_exploration"": 20, ""conf"": 0.5, ""eps_target"": 0.001, ""budget"": 1573}"
"U(0.01,0.1), eps=1e-03",0.01,0.1,0.001,binary_risk,1898,find_phi_fixed_budget_binary_search_risk,"{""m_exploration"": 20, ""conf"": 0.5, ""eps_target"": 0.001, ""budget"": 1898}"
"U(0.01,0.1), eps=1e-03",0.01,0.1,0.001,binary_risk,2289,find_phi_fixed_budget_binary_search_risk,"{""m_exploration"": 37, ""conf"": 0.5, ""eps_target"": 0.001, ""budget"": 2289}"
"U(0.01,0.1), eps=1e-03",0.01,0.1,0.001,binary_risk,2761,find_phi_fixed_budget_binary_search_risk,"{""m_exploration"": 37, ""conf"": 0.5, ""eps_target"": 0.001, ""budget"": 2761}"
"U(0.01,0.1), eps=1e-03",0.01,0.1,0.001,binary_risk,3331,find_phi_fixed_budget_binary_search_risk,"{""m_exploration"": 50, ""conf"": 0.5, ""eps_target"": 0.001, ""budget"": 3331}"
"U(0.01,0.1), eps=1e-03",0.01,0.1,0.001,binary_risk,4018,find_phi_fixed_budget_binary_search_risk,"{""m_exploration"": 50, ""conf"": 0.5, ""eps_target"": 0.001, ""budget"": 4018}"
"U(0.01,0.1), eps=1e-03",0.01,0.1,0.001,binary_risk,4847,find_phi_fixed_budget_binary_search_risk,"{""m_exploration"": 50, ""conf"": 0.5, ""eps_target"": 0.001, ""budget"": 4847}"
"U(0.01,0.1), eps=1e-03",0.01,0.1,0.001,binary_risk,5847,find_phi_fixed_budget_binary_search_risk,"{""m_exploration"": 68, ""conf"": 0.5, ""eps_target"": 0.001, ""budget"": 5847}"
"U(0.01,0.1), eps=1e-03",0.01,0.1,0.001,binary_risk,7053,find_phi_fixed_budget_binary_search_risk,"{""m_exploration"": 93, ""conf"": 0.5, ""eps_target"": 0.001, ""budget"": 7053}"
"U(0.01,0.1), eps=1e-03",0.01,0.1,0.001,binary_risk,8507,find_phi_fixed_budget_binary_search_risk,"{""m_exploration"": 93, ""conf"": 0.5, ""eps_target"": 0.001, ""budget"": 8507}"
"U(0.01,0.1), eps=1e-03",0.01,0.1,0.001,binary_risk,10262,find_phi_fixed_budget_binary_search_risk,"{""m_exploration"": 127, ""conf"": 0.5, ""eps_target"": 0.001, ""budget"": 10262}"
"U(0.01,0.1), eps=1e-03",0.01,0.1,0.001,binary_risk,12379,find_phi_fixed_budget_binary_search_risk,"{""m_exploration"": 127, ""conf"": 0.5, ""eps_target"": 0.001, ""budget"": 12379}"
"U(0.01,0.1), eps=1e-03",0.01,0.1,0.001,binary_risk,14932,find_phi_fixed_budget_binary_search_risk,"{""m_exploration"": 173, ""conf"": 0.5, ""eps_target"": 0.001, ""budget"": 14932}"
"U(0.01,0.1), eps=1e-03",0.01,0.1,0.001,binary_risk,18012,find_phi_fixed_budget_binary_search_risk,"{""m_exploration"": 236, ""conf"": 0.5, ""eps_target"": 0.001, ""budget"": 18012}"
"U(0.01,0.1), eps=1e-03",0.01,0.1,0.001,binary_risk,21727,find_phi_fixed_budget_binary_search_risk,"{""m_exploration"": 236, ""conf"": 0.5, ""eps_target"": 0.001, ""budget"": 21727}"
"U(0.01,0.1), eps=1e-03",0.01,0.1,0.001,binary_risk,26209,find_phi_fixed_budget_binary_search_risk,"{""m_exploration"": 321, ""conf"": 0.5, ""eps_target"": 0.001, ""budget"": 26209}"
"U(0.01,0.1), eps=1e-03",0.01,0.1,0.001,binary_risk,31614,find_phi_fixed_budget_binary_search_risk,"{""m_exploration"": 321, ""conf"": 0.5, ""eps_target"": 0.001, ""budget"": 31614}"
"U(0.01,0.1), eps=1e-03",0.01,0.1,0.001,binary_risk,38135,find_phi_fixed_budget_binary_search_risk,"{""m_exploration"": 437, ""conf"": 0.5, ""eps_target"": 0.001, ""budget"": 38135}"
"U(0.01,0.1), eps=1e-03",0.01,0.1,0.001,binary_risk,46001,find_phi_fixed_budget_binary_search_risk,"{""m_exploration"": 596, ""conf"": 0.5, ""eps_target"": 0.001, ""budget"": 46001}"
"U(0.01,0.1), eps=1e-03",0.01,0.1,0.001,binary_risk,55489,find_phi_fixed_budget_binary_search_risk,"{""m_exploration"": 596, ""conf"": 0.5, ""eps_target"": 0.001, ""budget"": 55489}"
"U(0.01,0.1), eps=1e-03",0.01,0.1,0.001,binary_risk,66933,find_phi_fixed_budget_binary_search_risk,"{""m_exploration"": 811, ""conf"": 0.5, ""eps_target"": 0.001, ""budget"": 66933}"
"U(0.01,0.1), eps=1e-03",0.01,0.1,0.001,binary_risk,80739,find_phi_fixed_budget_binary_search_risk,"{""m_exploration"": 811, ""conf"": 0.5, ""eps_target"": 0.001, ""budget"": 80739}"
"U(0.01,0.1), eps=1e-03",0.01,0.1,0.001,binary_risk,97391,find_phi_fixed_budget_binary_search_risk,"{""m_exploration"": 1104, ""conf"": 0.5, ""eps_target"": 0.001, ""budget"": 97391}"
"U(0.01,0.1), eps=1e-03",0.01,0.1,0.001,binary_risk,117479,find_phi_fixed_budget_binary_search_risk,"{""m_exploration"": 1504, ""conf"": 0.5, ""eps_target"": 0.001, ""budget"": 117479}"
"U(0.01,0.1), eps=1e-03",0.01,0.1,0.001,binary_risk,141709,find_phi_fixed_budget_binary_search_risk,"{""m_exploration"": 68, ""conf"": 0.5, ""eps_target"": 0.001, ""budget"": 141709}"
"U(0.01,0.1), eps=1e-03",0.01,0.1,0.001,binary_risk,170937,find_phi_fixed_budget_binary_search_risk,"{""m_exploration"": 2048, ""conf"": 0.5, ""eps_target"": 0.001, ""budget"": 170937}"
"U(0.01,0.1), eps=1e-03",0.01,0.1,0.001,binary_risk,206193,find_phi_fixed_budget_binary_search_risk,"{""m_exploration"": 93, ""conf"": 0.5, ""eps_target"": 0.001, ""budget"": 206193}"
"U(0.01,0.1), eps=1e-03",0.01,0.1,0.001,binary_risk,248721,find_phi_fixed_budget_binary_search_risk,"{""m_exploration"": 93, ""conf"": 0.5, ""eps_target"": 0.001, ""budget"": 248721}"
"U(0.01,0.1), eps=1e-03",0.01,0.1,0.001,binary_risk,300021,find_phi_fixed_budget_binary_search_risk,"{""m_exploration"": 37, ""conf"": 0.5, ""eps_target"": 0.001, ""budget"": 300021}"
"U(0.01,0.1), eps=1e-03",0.01,0.1,0.001,binary_risk,361901,find_phi_fixed_budget_binary_search_risk,"{""m_exploration"": 27, ""conf"": 0.5, ""eps_target"": 0.001, ""budget"": 361901}"
"U(0.01,0.1), eps=1e-03",0.01,0.1,0.001,binary_risk,436544,find_phi_fixed_budget_binary_search_risk,"{""m_exploration"": 20, ""conf"": 0.5, ""eps_target"": 0.001, ""budget"": 436544}"
"U(0.01,0.1), eps=1e-03",0.01,0.1,0.001,binary_risk,526582,find_phi_fixed_budget_binary_search_risk,"{""m_exploration"": 20, ""conf"": 0.5, ""eps_target"": 0.001, ""budget"": 526582}"
"U(0.01,0.1), eps=1e-03",0.01,0.1,0.001,binary_risk,635191,find_phi_fixed_budget_binary_search_risk,"{""m_exploration"": 20, ""conf"": 0.5, ""eps_target"": 0.001, ""budget"": 635191}"
"U(0.01,0.1), eps=1e-03",0.01,0.1,0.001,binary_risk,766201,find_phi_fixed_budget_binary_search_risk,"{""m_exploration"": 20, ""conf"": 0.5, ""eps_target"": 0.001, ""budget"": 766201}"
"U(0.01,0.1), eps=1e-03",0.01,0.1,0.001,binary_risk,924232,find_phi_fixed_budget_binary_search_risk,"{""m_exploration"": 20, ""conf"": 0.5, ""eps_target"": 0.001, ""budget"": 924232}"
"U(0.01,0.1), eps=1e-03",0.01,0.1,0.001,binary_risk,1114857,find_phi_fixed_budget_binary_search_risk,"{""m_exploration"": 20, ""conf"": 0.5, ""eps_target"": 0.001, ""budget"": 1114857}"
"U(0.01,0.1), eps=1e-03",0.01,0.1,0.001,binary_risk,1344800,find_phi_fixed_budget_binary_search_risk,"{""m_exploration"": 20, ""conf"": 0.5, ""eps_target"": 0.001, ""budget"": 1344800}"
"U(0.001,0.01), eps=1e-03",0.001,0.01,0.001,linear,85,find_phi_fixed_budget_linear_search,"{""m_exploration"": 3, ""lookback_window"": 1, ""safeguard"": 0, ""inc"": 1, ""budget"": 85}"
"U(0.001,0.01), eps=1e-03",0.001,0.01,0.001,linear,103,find_phi_fixed_budget_linear_search,"{""m_exploration"": 3, ""lookback_window"": 1, ""safeguard"": 0, ""inc"": 1, ""budget"": 103}"
"U(0.001,0.01), eps=1e-03",0.001,0.01,0.001,linear,124,find_phi_fixed_budget_linear_search,"{""m_exploration"": 3, ""lookback_window"": 1, ""safeguard"": 0, ""inc"": 1, ""budget"": 124}"
"U(0.001,0.01), eps=1e-03",0.001,0.01,0.001,linear,150,find_phi_fixed_budget_linear_search,"{""m_exploration"": 3, ""lookback_window"": 1, ""safeguard"": 0, ""inc"": 1, ""budget"": 150}"
"U(0.001,0.01), eps=1e-03",0.001,0.01,0.001,linear,181,find_phi_fixed_budget_linear_search,"{""m_exploration"": 3, ""lookback_window"": 1, ""safeguard"": 0, ""inc"": 1, ""budget"": 181}"
"U(0.001,0.01), eps=1e-03",0.001,0.01,0.001,linear,218,find_phi_fixed_budget_linear_search,"{""m_exploration"": 3, ""lookback_window"": 1, ""safeguard"": 0, ""inc"": 1, ""budget"": 218}"
"U(0.001,0.01), eps=1e-03",0.001,0.01,0.001,linear,263,find_phi_fixed_budget_linear_search,"{""m_exploration"": 3, ""lookback_window"": 1, ""safeguard"": 0, ""inc"": 1, ""budget"": 263}"
"U(0.001,0.01), eps=1e-03",0.001,0.01,0.001,linear,318,find_phi_fixed_budget_linear_search,"{""m_exploration"": 3, ""lookback_window"": 1, ""safeguard"": 0, ""inc"": 1, ""budget"": 318}"
"U(0.001,0.01), eps=1e-03",0.001,0.01,0.001,linear,383,find_phi_fixed_budget_linear_search,"{""m_exploration"": 3, ""lookback_window"": 1, ""safeguard"": 0, ""inc"": 1, ""budget"": 383}"
"U(0.001,0.01), eps=1e-03",0.001,0.01,0.001,linear,463,find_phi_fixed_budget_linear_search,"{""m_exploration"": 3, ""lookback_window"": 1, ""safeguard"": 0, ""inc"": 1, ""budget"": 463}"
"U(0.001,0.01), eps=1e-03",0.001,0.01,0.001,linear,558,find_phi_fixed_budget_linear_search,"{""m_exploration"": 3, ""lookback_window"": 1, ""safeguard"": 0, ""inc"": 1, ""budget"": 558}"
"U(0.001,0.01), eps=1e-03",0.001,0.01,0.001,linear,673,find_phi_fixed_budget_linear_search,"{""m_exploration"": 3, ""lookback_window"": 1, ""safeguard"": 0, ""inc"": 1, ""budget"": 673}"
"U(0.001,0.01), eps=1e-03",0.001,0.01,0.001,linear,812,find_phi_fixed_budget_linear_search,"{""m_exploration"": 3, ""lookback_window"": 1, ""safeguard"": 0, ""inc"": 1, ""budget"": 812}"
"U(0.001,0.01), eps=1e-03",0.001,0.01,0.001,linear,980,find_phi_fixed_budget_linear_search,"{""m_exploration"": 4, ""lookback_window"": 1, ""safeguard"": 0, ""inc"": 1, ""budget"": 980}"
"U(0.001,0.01), eps=1e-03",0.001,0.01,0.001,linear,1182,find_phi_fixed_budget_linear_search,"{""m_exploration"": 4, ""lookback_window"": 1, ""safeguard"": 0, ""inc"": 1, ""budget"": 1182}"
"U(0.001,0.01), eps=1e-03",0.001,0.01,0.001,linear,1426,find_phi_fixed_budget_linear_search,"{""m_exploration"": 5, ""lookback_window"": 1, ""safeguard"": 0, ""inc"": 1, ""budget"": 1426}"
"U(0.001,0.01), eps=1e-03",0.001,0.01,0.001,linear,1720,find_phi_fixed_budget_linear_search,"{""m_exploration"": 6, ""lookback_window"": 1, ""safeguard"": 2, ""inc"": 1, ""budget"": 1720}"
"U(0.001,0.01), eps=1e-03",0.001,0.01,0.001,linear,2075,find_phi_fixed_budget_linear_search,"{""m_exploration"": 8, ""lookback_window"": 1, ""safeguard"": 0, ""inc"": 1, ""budget"": 2075}"
"U(0.001,0.01), eps=1e-03",0.001,0.01,0.001,linear,2504,find_phi_fixed_budget_linear_search,"{""m_exploration"": 8, ""lookback_window"": 1, ""safeguard"": 1, ""inc"": 1, ""budget"": 2504}"
"U(0.001,0.01), eps=1e-03",0.001,0.01,0.001,linear,3020,find_phi_fixed_budget_linear_search,"{""m_exploration"": 3, ""lookback_window"": 1, ""safeguard"": 2, ""inc"": 1, ""budget"": 3020}"
"U(0.001,0.01), eps=1e-03",0.001,0.01,0.001,linear,3643,find_phi_fixed_budget_linear_search,"{""m_exploration"": 3, ""lookback_window"": 1, ""safeguard"": 0, ""inc"": 1, ""budget"": 3643}"
"U(0.001,0.01), eps=1e-03",0.001,0.01,0.001,linear,4395,find_phi_fixed_budget_linear_search,"{""m_exploration"": 3, ""lookback_window"": 1, ""safeguard"": 2, ""inc"": 5, ""budget"": 4395}"
"U(0.001,0.01), eps=1e-03",0.001,0.01,0.001,linear,5301,find_phi_fixed_budget_linear_search,"{""m_exploration"": 3, ""lookback_window"": 1, ""safeguard"": 2, ""inc"": 5, ""budget"": 5301}"
"U(0.001,0.01), eps=1e-03",0.001,0.01,0.001,linear,6394,find_phi_fixed_budget_linear_search,"{""m_exploration"": 3, ""lookback_window"": 1, ""safeguard"": 1, ""inc"": 5, ""budget"": 6394}"
"U(0.001,0.01), eps=1e-03",0.001,0.01,0.001,linear,7713,find_phi_fixed_budget_linear_search,"{""m_exploration"": 3, ""lookback_window"": 1, ""safeguard"": 1, ""inc"": 5, ""budget"": 7713}"
"U(0.001,0.01), eps=1e-03",0.001,0.01,0.001,linear,9304,find_phi_fixed_budget_linear_search,"{""m_exploration"": 3, ""lookback_window"": 1, ""safeguard"": 1, ""inc"": 5, ""budget"": 9304}"
"U(0.001,0.01), eps=1e-03",0.001,0.01,0.001,linear,11224,find_phi_fixed_budget_linear_search,"{""m_exploration"": 3, ""lookback_window"": 1, ""safeguard"": 0, ""inc"": 5, ""budget"": 11224}"
"U(0.001,0.01), eps=1e-03",0.001,0.01,0.001,linear,13539,find_phi_fixed_budget_linear_search,"{""m_exploration"": 3, ""lookback_window"": 1, ""safeguard"": 2, ""inc"": 5, ""budget"": 13539}"
"U(0.001,0.01), eps=1e-03",0.001,0.01,0.001,linear,16331,find_phi_fixed_budget_linear_search,"{""m_exploration"": 3, ""lookback_window"": 1, ""safeguard"": 0, ""inc"": 5, ""budget"": 16331}"
"U(0.001,0.01), eps=1e-03",0.001,0.01,0.001,linear,19700,find_phi_fixed_budget_linear_search,"{""m_exploration"": 3, ""lookback_window"": 1, ""safeguard"": 0, ""inc"": 5, ""budget"": 19700}"
"U(0.001,0.01), eps=1e-03",0.001,0.01,0.001,linear,23763,find_phi_fixed_budget_linear_search,"{""m_exploration"": 3, ""lookback_window"": 1, ""safeguard"": 1, ""inc"": 5, ""budget"": 23763}"
"U(0.001,0.01), eps=1e-03",0.001,0.01,0.001,linear,28664,find_phi_fixed_budget_linear_search,"{""m_exploration"": 3, ""lookback_window"": 1, ""safeguard"": 0, ""inc"": 1, ""budget"": 28664}"
"U(0.001,0.01), eps=1e-03",0.001,0.01,0.001,linear,34576,find_phi_fixed_budget_linear_search,"{""m_exploration"": 3, ""lookback_window"": 1, ""safeguard"": 0, ""inc"": 1, ""budget"": 34576}"
"U(0.001,0.01), eps=1e-03",0.001,0.01,0.001,linear,41708,find_phi_fixed_budget_linear_search,"{""m_exploration"": 3, ""lookback_window"": 1, ""safeguard"": 0, ""inc"": 1, ""budget"": 41708}"
"U(0.001,0.01), eps=1e-03",0.001,0.01,0.001,linear,50310,find_phi_fixed_budget_linear_search,"{""m_exploration"": 3, ""lookback_window"": 1, ""safeguard"": 0, ""inc"": 1, ""budget"": 50310}"
"U(0.001,0.01), eps=1e-03",0.001,0.01,0.001,linear,60687,find_phi_fixed_budget_linear_search,"{""m_exploration"": 3, ""lookback_window"": 1, ""safeguard"": 0, ""inc"": 1, ""budget"": 60687}"
"U(0.001,0.01), eps=1e-03",0.001,0.01,0.001,linear,73203,find_phi_fixed_budget_linear_search,"{""m_exploration"": 3, ""lookback_window"": 1, ""safeguard"": 0, ""inc"": 1, ""budget"": 73203}"
"U(0.001,0.01), eps=1e-03",0.001,0.01,0.001,linear,88302,find_phi_fixed_budget_linear_search,"{""m_exploration"": 3, ""lookback_window"": 1, ""safeguard"": 0, ""inc"": 1, ""budget"": 88302}"
"U(0.001,0.01), eps=1e-03",0.001,0.01,0.001,linear,106515,find_phi_fixed_budget_linear_search,"{""m_exploration"": 3, ""lookback_window"": 1, ""safeguard"": 0, ""inc"": 1, ""budget"": 106515}"
"U(0.001,0.01), eps=1e-03",0.001,0.01,0.001,linear,128484,find_phi_fixed_budget_linear_search,"{""m_exploration"": 3, ""lookback_window"": 1, ""safeguard"": 0, ""inc"": 1, ""budget"": 128484}"
"U(0.001,0.01), eps=1e-03",0.001,0.01,0.001,reverse_eng,85,find_phi_fixed_budget_reverse_engineering,"{""m_exploration"": 20, ""safeguard"": 0.8, ""budget"": 85}"
"U(0.001,0.01), eps=1e-03",0.001,0.01,0.001,reverse_eng,103,find_phi_fixed_budget_reverse_engineering,"{""m_exploration"": 20, ""safeguard"": 0.8, ""budget"": 103}"
"U(0.001,0.01), eps=1e-03",0.001,0.01,0.001,reverse_eng,124,find_phi_fixed_budget_reverse_engineering,"{""m_exploration"": 20, ""safeguard"": 0.8, ""budget"": 124}"
"U(0.001,0.01), eps=1e-03",0.001,0.01,0.001,reverse_eng,150,find_phi_fixed_budget_reverse_engineering,"{""m_exploration"": 20, ""safeguard"": 0.8, ""budget"": 150}"
"U(0.001,0.01), eps=1e-03",0.001,0.01,0.001,reverse_eng,181,find_phi_fixed_budget_reverse_engineering,"{""m_exploration"": 20, ""safeguard"": 0.8, ""budget"": 181}"
"U(0.001,0.01), eps=1e-03",0.001,0.01,0.001,reverse_eng,218,find_phi_fixed_budget_reverse_engineering,"{""m_exploration"": 20, ""safeguard"": 0.8, ""budget"": 218}"
"U(0.001,0.01), eps=1e-03",0.001,0.01,0.001,reverse_eng,263,find_phi_fixed_budget_reverse_engineering,"{""m_exploration"": 20, ""safeguard"": 0.8, ""budget"": 263}"
"U(0.001,0.01), eps=1e-03",0.001,0.01,0.001,reverse_eng,318,find_phi_fixed_budget_reverse_engineering,"{""m_exploration"": 20, ""safeguard"": 0.8, ""budget"": 318}"
"U(0.001,0.01), eps=1e-03",0.001,0.01,0.001,reverse_eng,383,find_phi_fixed_budget_reverse_engineering,"{""m_exploration"": 20, ""safeguard"": 0.8, ""budget"": 383}"
"U(0.001,0.01), eps=1e-03",0.001,0.01,0.001,reverse_eng,463,find_phi_fixed_budget_reverse_engineering,"{""m_exploration"": 20, ""safeguard"": 0.8, ""budget"": 463}"
"U(0.001,0.01), eps=1e-03",0.001,0.01,0.001,reverse_eng,558,find_phi_fixed_budget_reverse_engineering,"{""m_exploration"": 20, ""safeguard"": 0.8, ""budget"": 558}"
"U(0.001,0.01), eps=1e-03",0.001,0.01,0.001,reverse_eng,673,find_phi_fixed_budget_reverse_engineering,"{""m_exploration"": 20, ""safeguard"": 0.8, ""budget"": 673}"
"U(0.001,0.01), eps=1e-03",0.001,0.01,0.001,reverse_eng,812,find_phi_fixed_budget_reverse_engineering,"{""m_exploration"": 20, ""safeguard"": 0.8, ""budget"": 812}"
"U(0.001,0.01), eps=1e-03",0.001,0.01,0.001,reverse_eng,980,find_phi_fixed_budget_reverse_engineering,"{""m_exploration"": 20, ""safeguard"": 0.8, ""budget"": 980}"
"U(0.001,0.01), eps=1e-03",0.001,0.01,0.001,reverse_eng,1182,find_phi_fixed_budget_reverse_engineering,"{""m_exploration"": 20, ""safeguard"": 0.8, ""budget"": 1182}"
"U(0.001,0.01), eps=1e-03",0.001,0.01,0.001,reverse_eng,1426,find_phi_fixed_budget_reverse_engineering,"{""m_exploration"": 20, ""safeguard"": 0.8, ""budget"": 1426}"
"U(0.001,0.01), eps=1e-03",0.001,0.01,0.001,reverse_eng,1720,find_phi_fixed_budget_reverse_engineering,"{""m_exploration"": 20, ""safeguard"": 0.8, ""budget"": 1720}"
"U(0.001,0.01), eps=1e-03",0.001,0.01,0.001,reverse_eng,2075,find_phi_fixed_budget_reverse_engineering,"{""m_exploration"": 20, ""safeguard"": 0.8, ""budget"": 2075}"
"U(0.001,0.01), eps=1e-03",0.001,0.01,0.001,reverse_eng,2504,find_phi_fixed_budget_reverse_engineering,"{""m_exploration"": 20, ""safeguard"": 0.8, ""budget"": 2504}"
"U(0.001,0.01), eps=1e-03",0.001,0.01,0.001,reverse_eng,3020,find_phi_fixed_budget_reverse_engineering,"{""m_exploration"": 20, ""safeguard"": 0.8, ""budget"": 3020}"
"U(0.001,0.01), eps=1e-03",0.001,0.01,0.001,reverse_eng,3643,find_phi_fixed_budget_reverse_engineering,"{""m_exploration"": 20, ""safeguard"": 0.975, ""budget"": 3643}"
"U(0.001,0.01), eps=1e-03",0.001,0.01,0.001,reverse_eng,4395,find_phi_fixed_budget_reverse_engineering,"{""m_exploration"": 20, ""safeguard"": 0.975, ""budget"": 4395}"
"U(0.001,0.01), eps=1e-03",0.001,0.01,0.001,reverse_eng,5301,find_phi_fixed_budget_reverse_engineering,"{""m_exploration"": 22, ""safeguard"": 0.975, ""budget"": 5301}"
"U(0.001,0.01), eps=1e-03",0.001,0.01,0.001,reverse_eng,6394,find_phi_fixed_budget_reverse_engineering,"{""m_exploration"": 30, ""safeguard"": 0.975, ""budget"": 6394}"
"U(0.001,0.01), eps=1e-03",0.001,0.01,0.001,reverse_eng,7713,find_phi_fixed_budget_reverse_engineering,"{""m_exploration"": 20, ""safeguard"": 0.8, ""budget"": 7713}"
"U(0.001,0.01), eps=1e-03",0.001,0.01,0.001,reverse_eng,9304,find_phi_fixed_budget_reverse_engineering,"{""m_exploration"": 20, ""safeguard"": 0.8, ""budget"": 9304}"
"U(0.001,0.01), eps=1e-03",0.001,0.01,0.001,reverse_eng,11224,find_phi_fixed_budget_reverse_engineering,"{""m_exploration"": 27, ""safeguard"": 0.8, ""budget"": 11224}"
"U(0.001,0.01), eps=1e-03",0.001,0.01,0.001,reverse_eng,13539,find_phi_fixed_budget_reverse_engineering,"{""m_exploration"": 27, ""safeguard"": 0.8, ""budget"": 13539}"
"U(0.001,0.01), eps=1e-03",0.001,0.01,0.001,reverse_eng,16331,find_phi_fixed_budget_reverse_engineering,"{""m_exploration"": 41, ""safeguard"": 0.8, ""budget"": 16331}"
"U(0.001,0.01), eps=1e-03",0.001,0.01,0.001,reverse_eng,19700,find_phi_fixed_budget_reverse_engineering,"{""m_exploration"": 51, ""safeguard"": 0.8, ""budget"": 19700}"
"U(0.001,0.01), eps=1e-03",0.001,0.01,0.001,reverse_eng,23763,find_phi_fixed_budget_reverse_engineering,"{""m_exploration"": 63, ""safeguard"": 0.8, ""budget"": 23763}"
"U(0.001,0.01), eps=1e-03",0.001,0.01,0.001,reverse_eng,28664,find_phi_fixed_budget_reverse_engineering,"{""m_exploration"": 78, ""safeguard"": 0.8, ""budget"": 28664}"
"U(0.001,0.01), eps=1e-03",0.001,0.01,0.001,reverse_eng,34576,find_phi_fixed_budget_reverse_engineering,"{""m_exploration"": 87, ""safeguard"": 0.8, ""budget"": 34576}"
"U(0.001,0.01), eps=1e-03",0.001,0.01,0.001,reverse_eng,41708,find_phi_fixed_budget_reverse_engineering,"{""m_exploration"": 132, ""safeguard"": 0.8, ""budget"": 41708}"
"U(0.001,0.01), eps=1e-03",0.001,0.01,0.001,reverse_eng,50310,find_phi_fixed_budget_reverse_engineering,"{""m_exploration"": 164, ""safeguard"": 0.8, ""budget"": 50310}"
"U(0.001,0.01), eps=1e-03",0.001,0.01,0.001,reverse_eng,60687,find_phi_fixed_budget_reverse_engineering,"{""m_exploration"": 182, ""safeguard"": 0.8, ""budget"": 60687}"
"U(0.001,0.01), eps=1e-03",0.001,0.01,0.001,reverse_eng,73203,find_phi_fixed_budget_reverse_engineering,"{""m_exploration"": 182, ""safeguard"": 0.8, ""budget"": 73203}"
"U(0.001,0.01), eps=1e-03",0.001,0.01,0.001,reverse_eng,88302,find_phi_fixed_budget_reverse_engineering,"{""m_exploration"": 182, ""safeguard"": 0.8, ""budget"": 88302}"
"U(0.001,0.01), eps=1e-03",0.001,0.01,0.001,reverse_eng,106515,find_phi_fixed_budget_reverse_engineering,"{""m_exploration"": 182, ""safeguard"": 0.8, ""budget"": 106515}"
"U(0.001,0.01), eps=1e-03",0.001,0.01,0.001,reverse_eng,128484,find_phi_fixed_budget_reverse_engineering,"{""m_exploration"": 182, ""safeguard"": 0.8, ""budget"": 128484}"
"U(0.001,0.01), eps=1e-03",0.001,0.01,0.001,binary,85,find_phi_fixed_budget_binary_search,"{""m_exploration"": 20, ""safeguard"": 0, ""conf"": 0.5, ""budget"": 85}"
"U(0.001,0.01), eps=1e-03",0.001,0.01,0.001,binary,103,find_phi_fixed_budget_binary_search,"{""m_exploration"": 20, ""safeguard"": 0, ""conf"": 0.5, ""budget"": 103}"
"U(0.001,0.01), eps=1e-03",0.001,0.01,0.001,binary,124,find_phi_fixed_budget_binary_search,"{""m_exploration"": 20, ""safeguard"": 0, ""conf"": 0.5, ""budget"": 124}"
"U(0.001,0.01), eps=1e-03",0.001,0.01,0.001,binary,150,find_phi_fixed_budget_binary_search,"{""m_exploration"": 20, ""safeguard"": 0, ""conf"": 0.5, ""budget"": 150}"
"U(0.001,0.01), eps=1e-03",0.001,0.01,0.001,binary,181,find_phi_fixed_budget_binary_search,"{""m_exploration"": 20, ""safeguard"": 0, ""conf"": 0.5, ""budget"": 181}"
"U(0.001,0.01), eps=1e-03",0.001,0.01,0.001,binary,218,find_phi_fixed_budget_binary_search,"{""m_exploration"": 20, ""safeguard"": 0, ""conf"": 0.5, ""budget"": 218}"
"U(0.001,0.01), eps=1e-03",0.001,0.01,0.001,binary,263,find_phi_fixed_budget_binary_search,"{""m_exploration"": 20, ""safeguard"": 0, ""conf"": 0.5, ""budget"": 263}"
"U(0.001,0.01), eps=1e-03",0.001,0.01,0.001,binary,318,find_phi_fixed_budget_binary_search,"{""m_exploration"": 20, ""safeguard"": 0, ""conf"": 0.5, ""budget"": 318}"
"U(0.001,0.01), eps=1e-03",0.001,0.01,0.001,binary,383,find_phi_fixed_budget_binary_search,"{""m_exploration"": 20, ""safeguard"": 0, ""conf"": 0.5, ""budget"": 383}"
"U(0.001,0.01), eps=1e-03",0.001,0.01,0.001,binary,463,find_phi_fixed_budget_binary_search,"{""m_exploration"": 20, ""safeguard"": 0, ""conf"": 0.5, ""budget"": 463}"
"U(0.001,0.01), eps=1e-03",0.001,0.01,0.001,binary,558,find_phi_fixed_budget_binary_search,"{""m_exploration"": 20, ""safeguard"": 0, ""conf"": 0.5, ""budget"": 558}"
"U(0.001,0.01), eps=1e-03",0.001,0.01,0.001,binary,673,find_phi_fixed_budget_binary_search,"{""m_exploration"": 20, ""safeguard"": 0, ""conf"": 0.5, ""budget"": 673}"
"U(0.001,0.01), eps=1e-03",0.001,0.01,0.001,binary,812,find_phi_fixed_budget_binary_search,"{""m_exploration"": 20, ""safeguard"": 0, ""conf"": 0.5, ""budget"": 812}"
"U(0.001,0.01), eps=1e-03",0.001,0.01,0.001,binary,980,find_phi_fixed_budget_binary_search,"{""m_exploration"": 20, ""safeguard"": 0, ""conf"": 0.5, ""budget"": 980}"
"U(0.001,0.01), eps=1e-03",0.001,0.01,0.001,binary,1182,find_phi_fixed_budget_binary_search,"{""m_exploration"": 20, ""safeguard"": 0, ""conf"": 0.5, ""budget"": 1182}"
"U(0.001,0.01), eps=1e-03",0.001,0.01,0.001,binary,1426,find_phi_fixed_budget_binary_search,"{""m_exploration"": 20, ""safeguard"": 0, ""conf"": 0.5, ""budget"": 1426}"
"U(0.001,0.01), eps=1e-03",0.001,0.01,0.001,binary,1720,find_phi_fixed_budget_binary_search,"{""m_exploration"": 20, ""safeguard"": 0, ""conf"": 0.5, ""budget"": 1720}"
"U(0.001,0.01), eps=1e-03",0.001,0.01,0.001,binary,2075,find_phi_fixed_budget_binary_search,"{""m_exploration"": 20, ""safeguard"": 0, ""conf"": 0.5, ""budget"": 2075}"
"U(0.001,0.01), eps=1e-03",0.001,0.01,0.001,binary,2504,find_phi_fixed_budget_binary_search,"{""m_exploration"": 20, ""safeguard"": 0, ""conf"": 0.5, ""budget"": 2504}"
"U(0.001,0.01), eps=1e-03",0.001,0.01,0.001,binary,3020,find_phi_fixed_budget_binary_search,"{""m_exploration"": 20, ""safeguard"": 0, ""conf"": 0.5, ""budget"": 3020}"
"U(0.001,0.01), eps=1e-03",0.001,0.01,0.001,binary,3643,find_phi_fixed_budget_binary_search,"{""m_exploration"": 20, ""safeguard"": 0, ""conf"": 0.5, ""budget"": 3643}"
"U(0.001,0.01), eps=1e-03",0.001,0.01,0.001,binary,4395,find_phi_fixed_budget_binary_search,"{""m_exploration"": 20, ""safeguard"": 2, ""conf"": 0.5, ""budget"": 4395}"
"U(0.001,0.01), eps=1e-03",0.001,0.01,0.001,binary,5301,find_phi_fixed_budget_binary_search,"{""m_exploration"": 24, ""safeguard"": 2, ""conf"": 0.5, ""budget"": 5301}"
"U(0.001,0.01), eps=1e-03",0.001,0.01,0.001,binary,6394,find_phi_fixed_budget_binary_search,"{""m_exploration"": 30, ""safeguard"": 2, ""conf"": 0.5, ""budget"": 6394}"
"U(0.001,0.01), eps=1e-03",0.001,0.01,0.001,binary,7713,find_phi_fixed_budget_binary_search,"{""m_exploration"": 38, ""safeguard"": 2, ""conf"": 0.5, ""budget"": 7713}"
"U(0.001,0.01), eps=1e-03",0.001,0.01,0.001,binary,9304,find_phi_fixed_budget_binary_search,"{""m_exploration"": 47, ""safeguard"": 2, ""conf"": 0.5, ""budget"": 9304}"
"U(0.001,0.01), eps=1e-03",0.001,0.01,0.001,binary,11224,find_phi_fixed_budget_binary_search,"{""m_exploration"": 58, ""safeguard"": 2, ""conf"": 0.5, ""budget"": 11224}"
"U(0.001,0.01), eps=1e-03",0.001,0.01,0.001,binary,13539,find_phi_fixed_budget_binary_search,"{""m_exploration"": 72, ""safeguard"": 2, ""conf"": 0.5, ""budget"": 13539}"
"U(0.001,0.01), eps=1e-03",0.001,0.01,0.001,binary,16331,find_phi_fixed_budget_binary_search,"{""m_exploration"": 89, ""safeguard"": 2, ""conf"": 0.5, ""budget"": 16331}"
"U(0.001,0.01), eps=1e-03",0.001,0.01,0.001,binary,19700,find_phi_fixed_budget_binary_search,"{""m_exploration"": 111, ""safeguard"": 2, ""conf"": 0.5, ""budget"": 19700}"
"U(0.001,0.01), eps=1e-03",0.001,0.01,0.001,binary,23763,find_phi_fixed_budget_binary_search,"{""m_exploration"": 20, ""safeguard"": 2, ""conf"": 0.5, ""budget"": 23763}"
"U(0.001,0.01), eps=1e-03",0.001,0.01,0.001,binary,28664,find_phi_fixed_budget_binary_search,"{""m_exploration"": 24, ""safeguard"": 1, ""conf"": 0.5, ""budget"": 28664}"
"U(0.001,0.01), eps=1e-03",0.001,0.01,0.001,binary,34576,find_phi_fixed_budget_binary_search,"{""m_exploration"": 20, ""safeguard"": 2, ""conf"": 0.5, ""budget"": 34576}"
"U(0.001,0.01), eps=1e-03",0.001,0.01,0.001,binary,41708,find_phi_fixed_budget_binary_search,"{""m_exploration"": 20, ""safeguard"": 2, ""conf"": 0.5, ""budget"": 41708}"
"U(0.001,0.01), eps=1e-03",0.001,0.01,0.001,binary,50310,find_phi_fixed_budget_binary_search,"{""m_exploration"": 20, ""safeguard"": 2, ""conf"": 0.8, ""budget"": 50310}"
"U(0.001,0.01), eps=1e-03",0.001,0.01,0.001,binary,60687,find_phi_fixed_budget_binary_search_anneal_m,"{""m_exploration"": 20, ""safeguard"": 2, ""conf"": 0.8, ""budget"": 60687}"
"U(0.001,0.01), eps=1e-03",0.001,0.01,0.001,binary,73203,find_phi_fixed_budget_binary_search,"{""m_exploration"": 20, ""safeguard"": 2, ""conf"": 0.5, ""budget"": 73203}"
"U(0.001,0.01), eps=1e-03",0.001,0.01,0.001,binary,88302,find_phi_fixed_budget_binary_search,"{""m_exploration"": 20, ""safeguard"": 2, ""conf"": 0.5, ""budget"": 88302}"
"U(0.001,0.01), eps=1e-03",0.001,0.01,0.001,binary,106515,find_phi_fixed_budget_binary_search,"{""m_exploration"": 20, ""safeguard"": 2, ""conf"": 0.5, ""budget"": 106515}"
"U(0.001,0.01), eps=1e-03",0.001,0.01,0.001,binary,128484,find_phi_fixed_budget_binary_search,"{""m_exploration"": 30, ""safeguard"": 2, ""conf"": 0.5, ""budget"": 128484}"
"U(0.001,0.01), eps=1e-03",0.001,0.01,0.001,reverse_eng_risk,85,find_phi_fixed_budget_reverse_engineering_risk,"{""m_exploration"": 20, ""eps_target"": 0.001, ""budget"": 85}"
"U(0.001,0.01), eps=1e-03",0.001,0.01,0.001,reverse_eng_risk,103,find_phi_fixed_budget_reverse_engineering_risk,"{""m_exploration"": 20, ""eps_target"": 0.001, ""budget"": 103}"
"U(0.001,0.01), eps=1e-03",0.001,0.01,0.001,reverse_eng_risk,124,find_phi_fixed_budget_reverse_engineering_risk,"{""m_exploration"": 20, ""eps_target"": 0.001, ""budget"": 124}"
"U(0.001,0.01), eps=1e-03",0.001,0.01,0.001,reverse_eng_risk,150,find_phi_fixed_budget_reverse_engineering_risk,"{""m_exploration"": 20, ""eps_target"": 0.001, ""budget"": 150}"
"U(0.001,0.01), eps=1e-03",0.001,0.01,0.001,reverse_eng_risk,181,find_phi_fixed_budget_reverse_engineering_risk,"{""m_exploration"": 20, ""eps_target"": 0.001, ""budget"": 181}"
"U(0.001,0.01), eps=1e-03",0.001,0.01,0.001,reverse_eng_risk,218,find_phi_fixed_budget_reverse_engineering_risk,"{""m_exploration"": 20, ""eps_target"": 0.001, ""budget"": 218}"
"U(0.001,0.01), eps=1e-03",0.001,0.01,0.001,reverse_eng_risk,263,find_phi_fixed_budget_reverse_engineering_risk,"{""m_exploration"": 20, ""eps_target"": 0.001, ""budget"": 263}"
"U(0.001,0.01), eps=1e-03",0.001,0.01,0.001,reverse_eng_risk,318,find_phi_fixed_budget_reverse_engineering_risk,"{""m_exploration"": 20, ""eps_target"": 0.001, ""budget"": 318}"
"U(0.001,0.01), eps=1e-03",0.001,0.01,0.001,reverse_eng_risk,383,find_phi_fixed_budget_reverse_engineering_risk,"{""m_exploration"": 20, ""eps_target"": 0.001, ""budget"": 383}"
"U(0.001,0.01), eps=1e-03",0.001,0.01,0.001,reverse_eng_risk,463,find_phi_fixed_budget_reverse_engineering_risk,"{""m_exploration"": 20, ""eps_target"": 0.001, ""budget"": 463}"
"U(0.001,0.01), eps=1e-03",0.001,0.01,0.001,reverse_eng_risk,558,find_phi_fixed_budget_reverse_engineering_risk,"{""m_exploration"": 20, ""eps_target"": 0.001, ""budget"": 558}"
"U(0.001,0.01), eps=1e-03",0.001,0.01,0.001,reverse_eng_risk,673,find_phi_fixed_budget_reverse_engineering_risk,"{""m_exploration"": 20, ""eps_target"": 0.001, ""budget"": 673}"
"U(0.001,0.01), eps=1e-03",0.001,0.01,0.001,reverse_eng_risk,812,find_phi_fixed_budget_reverse_engineering_risk,"{""m_exploration"": 20, ""eps_target"": 0.001, ""budget"": 812}"
"U(0.001,0.01), eps=1e-03",0.001,0.01,0.001,reverse_eng_risk,980,find_phi_fixed_budget_reverse_engineering_risk,"{""m_exploration"": 20, ""eps_target"": 0.001, ""budget"": 980}"
"U(0.001,0.01), eps=1e-03",0.001,0.01,0.001,reverse_eng_risk,1182,find_phi_fixed_budget_reverse_engineering_risk,"{""m_exploration"": 20, ""eps_target"": 0.001, ""budget"": 1182}"
"U(0.001,0.01), eps=1e-03",0.001,0.01,0.001,reverse_eng_risk,1426,find_phi_fixed_budget_reverse_engineering_risk,"{""m_exploration"": 20, ""eps_target"": 0.001, ""budget"": 1426}"
"U(0.001,0.01), eps=1e-03",0.001,0.01,0.001,reverse_eng_risk,1720,find_phi_fixed_budget_reverse_engineering_risk,"{""m_exploration"": 20, ""eps_target"": 0.001, ""budget"": 1720}"
"U(0.001,0.01), eps=1e-03",0.001,0.01,0.001,reverse_eng_risk,2075,find_phi_fixed_budget_reverse_engineering_risk,"{""m_exploration"": 20, ""eps_target"": 0.001, ""budget"": 2075}"
"U(0.001,0.01), eps=1e-03",0.001,0.01,0.001,reverse_eng_risk,2504,find_phi_fixed_budget_reverse_engineering_risk,"{""m_exploration"": 20, ""eps_target"": 0.001, ""budget"": 2504}"
"U(0.001,0.01), eps=1e-03",0.001,0.01,0.001,reverse_eng_risk,3020,find_phi_fixed_budget_reverse_engineering_risk,"{""m_exploration"": 20, ""eps_target"": 0.001, ""budget"": 3020}"
"U(0.001,0.01), eps=1e-03",0.001,0.01,0.001,reverse_eng_risk,3643,find_phi_fixed_budget_reverse_engineering_risk,"{""m_exploration"": 20, ""eps_target"": 0.001, ""budget"": 3643}"
"U(0.001,0.01), eps=1e-03",0.001,0.01,0.001,reverse_eng_risk,4395,find_phi_fixed_budget_reverse_engineering_risk,"{""m_exploration"": 20, ""eps_target"": 0.001, ""budget"": 4395}"
"U(0.001,0.01), eps=1e-03",0.001,0.01,0.001,reverse_eng_risk,5301,find_phi_fixed_budget_reverse_engineering_risk,"{""m_exploration"": 20, ""eps_target"": 0.001, ""budget"": 5301}"
"U(0.001,0.01), eps=1e-03",0.001,0.01,0.001,reverse_eng_risk,6394,find_phi_fixed_budget_reverse_engineering_risk,"{""m_exploration"": 20, ""eps_target"": 0.001, ""budget"": 6394}"
"U(0.001,0.01), eps=1e-03",0.001,0.01,0.001,reverse_eng_risk,7713,find_phi_fixed_budget_reverse_engineering_risk,"{""m_exploration"": 20, ""eps_target"": 0.001, ""budget"": 7713}"
"U(0.001,0.01), eps=1e-03",0.001,0.01,0.001,reverse_eng_risk,9304,find_phi_fixed_budget_reverse_engineering_risk,"{""m_exploration"": 20, ""eps_target"": 0.001, ""budget"": 9304}"
"U(0.001,0.01), eps=1e-03",0.001,0.01,0.001,reverse_eng_risk,11224,find_phi_fixed_budget_reverse_engineering_risk,"{""m_exploration"": 20, ""eps_target"": 0.001, ""budget"": 11224}"
"U(0.001,0.01), eps=1e-03",0.001,0.01,0.001,reverse_eng_risk,13539,find_phi_fixed_budget_reverse_engineering_risk,"{""m_exploration"": 24, ""eps_target"": 0.001, ""budget"": 13539}"
"U(0.001,0.01), eps=1e-03",0.001,0.01,0.001,reverse_eng_risk,16331,find_phi_fixed_budget_reverse_engineering_risk,"{""m_exploration"": 22, ""eps_target"": 0.001, ""budget"": 16331}"
"U(0.001,0.01), eps=1e-03",0.001,0.01,0.001,reverse_eng_risk,19700,find_phi_fixed_budget_reverse_engineering_risk,"{""m_exploration"": 33, ""eps_target"": 0.001, ""budget"": 19700}"
"U(0.001,0.01), eps=1e-03",0.001,0.01,0.001,reverse_eng_risk,23763,find_phi_fixed_budget_reverse_engineering_risk,"{""m_exploration"": 24, ""eps_target"": 0.001, ""budget"": 23763}"
"U(0.001,0.01), eps=1e-03",0.001,0.01,0.001,reverse_eng_risk,28664,find_phi_fixed_budget_reverse_engineering_risk,"{""m_exploration"": 37, ""eps_target"": 0.001, ""budget"": 28664}"
"U(0.001,0.01), eps=1e-03",0.001,0.01,0.001,reverse_eng_risk,34576,find_phi_fixed_budget_reverse_engineering_risk,"{""m_exploration"": 20, ""eps_target"": 0.001, ""budget"": 34576}"
"U(0.001,0.01), eps=1e-03",0.001,0.01,0.001,reverse_eng_risk,41708,find_phi_fixed_budget_reverse_engineering_risk,"{""m_exploration"": 20, ""eps_target"": 0.001, ""budget"": 41708}"
"U(0.001,0.01), eps=1e-03",0.001,0.01,0.001,reverse_eng_risk,50310,find_phi_fixed_budget_reverse_engineering_risk,"{""m_exploration"": 20, ""eps_target"": 0.001, ""budget"": 50310}"
"U(0.001,0.01), eps=1e-03",0.001,0.01,0.001,reverse_eng_risk,60687,find_phi_fixed_budget_reverse_engineering_risk,"{""m_exploration"": 20, ""eps_target"": 0.001, ""budget"": 60687}"
"U(0.001,0.01), eps=1e-03",0.001,0.01,0.001,reverse_eng_risk,73203,find_phi_fixed_budget_reverse_engineering_risk,"{""m_exploration"": 20, ""eps_target"": 0.001, ""budget"": 73203}"
"U(0.001,0.01), eps=1e-03",0.001,0.01,0.001,reverse_eng_risk,88302,find_phi_fixed_budget_reverse_engineering_risk,"{""m_exploration"": 20, ""eps_target"": 0.001, ""budget"": 88302}"
"U(0.001,0.01), eps=1e-03",0.001,0.01,0.001,reverse_eng_risk,106515,find_phi_fixed_budget_reverse_engineering_risk,"{""m_exploration"": 20, ""eps_target"": 0.001, ""budget"": 106515}"
"U(0.001,0.01), eps=1e-03",0.001,0.01,0.001,reverse_eng_risk,128484,find_phi_fixed_budget_reverse_engineering_risk,"{""m_exploration"": 20, ""eps_target"": 0.001, ""budget"": 128484}"
"U(0.001,0.01), eps=1e-03",0.001,0.01,0.001,binary_risk,85,find_phi_fixed_budget_binary_search_risk,"{""m_exploration"": 20, ""conf"": 0.5, ""eps_target"": 0.001, ""budget"": 85}"
"U(0.001,0.01), eps=1e-03",0.001,0.01,0.001,binary_risk,103,find_phi_fixed_budget_binary_search_risk,"{""m_exploration"": 20, ""conf"": 0.5, ""eps_target"": 0.001, ""budget"": 103}"
"U(0.001,0.01), eps=1e-03",0.001,0.01,0.001,binary_risk,124,find_phi_fixed_budget_binary_search_risk,"{""m_exploration"": 20, ""conf"": 0.5, ""eps_target"": 0.001, ""budget"": 124}"
"U(0.001,0.01), eps=1e-03",0.001,0.01,0.001,binary_risk,150,find_phi_fixed_budget_binary_search_risk,"{""m_exploration"": 20, ""conf"": 0.5, ""eps_target"": 0.001, ""budget"": 150}"
"U(0.001,0.01), eps=1e-03",0.001,0.01,0.001,binary_risk,181,find_phi_fixed_budget_binary_search_risk,"{""m_exploration"": 20, ""conf"": 0.5, ""eps_target"": 0.001, ""budget"": 181}"
"U(0.001,0.01), eps=1e-03",0.001,0.01,0.001,binary_risk,218,find_phi_fixed_budget_binary_search_risk,"{""m_exploration"": 20, ""conf"": 0.5, ""eps_target"": 0.001, ""budget"": 218}"
"U(0.001,0.01), eps=1e-03",0.001,0.01,0.001,binary_risk,263,find_phi_fixed_budget_binary_search_risk,"{""m_exploration"": 20, ""conf"": 0.5, ""eps_target"": 0.001, ""budget"": 263}"
"U(0.001,0.01), eps=1e-03",0.001,0.01,0.001,binary_risk,318,find_phi_fixed_budget_binary_search_risk,"{""m_exploration"": 20, ""conf"": 0.5, ""eps_target"": 0.001, ""budget"": 318}"
"U(0.001,0.01), eps=1e-03",0.001,0.01,0.001,binary_risk,383,find_phi_fixed_budget_binary_search_risk,"{""m_exploration"": 20, ""conf"": 0.5, ""eps_target"": 0.001, ""budget"": 383}"
"U(0.001,0.01), eps=1e-03",0.001,0.01,0.001,binary_risk,463,find_phi_fixed_budget_binary_search_risk,"{""m_exploration"": 20, ""conf"": 0.5, ""eps_target"": 0.001, ""budget"": 463}"
"U(0.001,0.01), eps=1e-03",0.001,0.01,0.001,binary_risk,558,find_phi_fixed_budget_binary_search_risk,"{""m_exploration"": 20, ""conf"": 0.5, ""eps_target"": 0.001, ""budget"": 558}"
"U(0.001,0.01), eps=1e-03",0.001,0.01,0.001,binary_risk,673,find_phi_fixed_budget_binary_search_risk,"{""m_exploration"": 20, ""conf"": 0.5, ""eps_target"": 0.001, ""budget"": 673}"
"U(0.001,0.01), eps=1e-03",0.001,0.01,0.001,binary_risk,812,find_phi_fixed_budget_binary_search_risk,"{""m_exploration"": 20, ""conf"": 0.5, ""eps_target"": 0.001, ""budget"": 812}"
"U(0.001,0.01), eps=1e-03",0.001,0.01,0.001,binary_risk,980,find_phi_fixed_budget_binary_search_risk,"{""m_exploration"": 20, ""conf"": 0.5, ""eps_target"": 0.001, ""budget"": 980}"
"U(0.001,0.01), eps=1e-03",0.001,0.01,0.001,binary_risk,1182,find_phi_fixed_budget_binary_search_risk,"{""m_exploration"": 20, ""conf"": 0.5, ""eps_target"": 0.001, ""budget"": 1182}"
"U(0.001,0.01), eps=1e-03",0.001,0.01,0.001,binary_risk,1426,find_phi_fixed_budget_binary_search_risk,"{""m_exploration"": 20, ""conf"": 0.5, ""eps_target"": 0.001, ""budget"": 1426}"
"U(0.001,0.01), eps=1e-03",0.001,0.01,0.001,binary_risk,1720,find_phi_fixed_budget_binary_search_risk,"{""m_exploration"": 20, ""conf"": 0.5, ""eps_target"": 0.001, ""budget"": 1720}"
"U(0.001,0.01), eps=1e-03",0.001,0.01,0.001,binary_risk,2075,find_phi_fixed_budget_binary_search_risk,"{""m_exploration"": 20, ""conf"": 0.5, ""eps_target"": 0.001, ""budget"": 2075}"
"U(0.001,0.01), eps=1e-03",0.001,0.01,0.001,binary_risk,2504,find_phi_fixed_budget_binary_search_risk,"{""m_exploration"": 20, ""conf"": 0.5, ""eps_target"": 0.001, ""budget"": 2504}"
"U(0.001,0.01), eps=1e-03",0.001,0.01,0.001,binary_risk,3020,find_phi_fixed_budget_binary_search_risk,"{""m_exploration"": 20, ""conf"": 0.5, ""eps_target"": 0.001, ""budget"": 3020}"
"U(0.001,0.01), eps=1e-03",0.001,0.01,0.001,binary_risk,3643,find_phi_fixed_budget_binary_search_risk,"{""m_exploration"": 20, ""conf"": 0.5, ""eps_target"": 0.001, ""budget"": 3643}"
"U(0.001,0.01), eps=1e-03",0.001,0.01,0.001,binary_risk,4395,find_phi_fixed_budget_binary_search_risk,"{""m_exploration"": 20, ""conf"": 0.5, ""eps_target"": 0.001, ""budget"": 4395}"
"U(0.001,0.01), eps=1e-03",0.001,0.01,0.001,binary_risk,5301,find_phi_fixed_budget_binary_search_risk,"{""m_exploration"": 20, ""conf"": 0.5, ""eps_target"": 0.001, ""budget"": 5301}"
"U(0.001,0.01), eps=1e-03",0.001,0.01,0.001,binary_risk,6394,find_phi_fixed_budget_binary_search_risk,"{""m_exploration"": 20, ""conf"": 0.5, ""eps_target"": 0.001, ""budget"": 6394}"
"U(0.001,0.01), eps=1e-03",0.001,0.01,0.001,binary_risk,7713,find_phi_fixed_budget_binary_search_risk,"{""m_exploration"": 20, ""conf"": 0.5, ""eps_target"": 0.001, ""budget"": 7713}"
"U(0.001,0.01), eps=1e-03",0.001,0.01,0.001,binary_risk,9304,find_phi_fixed_budget_binary_search_risk,"{""m_exploration"": 20, ""conf"": 0.5, ""eps_target"": 0.001, ""budget"": 9304}"
"U(0.001,0.01), eps=1e-03",0.001,0.01,0.001,binary_risk,11224,find_phi_fixed_budget_binary_search_risk,"{""m_exploration"": 20, ""conf"": 0.5, ""eps_target"": 0.001, ""budget"": 11224}"
"U(0.001,0.01), eps=1e-03",0.001,0.01,0.001,binary_risk,13539,find_phi_fixed_budget_binary_search_risk,"{""m_exploration"": 20, ""conf"": 0.5, ""eps_target"": 0.001, ""budget"": 13539}"
"U(0.001,0.01), eps=1e-03",0.001,0.01,0.001,binary_risk,16331,find_phi_fixed_budget_binary_search_risk,"{""m_exploration"": 20, ""conf"": 0.5, ""eps_target"": 0.001, ""budget"": 16331}"
"U(0.001,0.01), eps=1e-03",0.001,0.01,0.001,binary_risk,19700,find_phi_fixed_budget_binary_search_risk,"{""m_exploration"": 20, ""conf"": 0.5, ""eps_target"": 0.001, ""budget"": 19700}"
"U(0.001,0.01), eps=1e-03",0.001,0.01,0.001,binary_risk,23763,find_phi_fixed_budget_binary_search_risk,"{""m_exploration"": 24, ""conf"": 0.5, ""eps_target"": 0.001, ""budget"": 23763}"
"U(0.001,0.01), eps=1e-03",0.001,0.01,0.001,binary_risk,28664,find_phi_fixed_budget_binary_search_risk,"{""m_exploration"": 38, ""conf"": 0.5, ""eps_target"": 0.001, ""budget"": 28664}"
"U(0.001,0.01), eps=1e-03",0.001,0.01,0.001,binary_risk,34576,find_phi_fixed_budget_binary_search_risk,"{""m_exploration"": 38, ""conf"": 0.5, ""eps_target"": 0.001, ""budget"": 34576}"
"U(0.001,0.01), eps=1e-03",0.001,0.01,0.001,binary_risk,41708,find_phi_fixed_budget_binary_search_risk,"{""m_exploration"": 47, ""conf"": 0.5, ""eps_target"": 0.001, ""budget"": 41708}"
"U(0.001,0.01), eps=1e-03",0.001,0.01,0.001,binary_risk,50310,find_phi_fixed_budget_binary_search_risk,"{""m_exploration"": 58, ""conf"": 0.5, ""eps_target"": 0.001, ""budget"": 50310}"
"U(0.001,0.01), eps=1e-03",0.001,0.01,0.001,binary_risk,60687,find_phi_fixed_budget_binary_search_risk,"{""m_exploration"": 72, ""conf"": 0.5, ""eps_target"": 0.001, ""budget"": 60687}"
"U(0.001,0.01), eps=1e-03",0.001,0.01,0.001,binary_risk,73203,find_phi_fixed_budget_binary_search_risk,"{""m_exploration"": 72, ""conf"": 0.5, ""eps_target"": 0.001, ""budget"": 73203}"
"U(0.001,0.01), eps=1e-03",0.001,0.01,0.001,binary_risk,88302,find_phi_fixed_budget_binary_search_risk,"{""m_exploration"": 58, ""conf"": 0.5, ""eps_target"": 0.001, ""budget"": 88302}"
"U(0.001,0.01), eps=1e-03",0.001,0.01,0.001,binary_risk,106515,find_phi_fixed_budget_binary_search_risk,"{""m_exploration"": 72, ""conf"": 0.5, ""eps_target"": 0.001, ""budget"": 106515}"
"U(0.001,0.01), eps=1e-03",0.001,0.01,0.001,binary_risk,128484,find_phi_fixed_budget_binary_search_risk,"{""m_exploration"": 89, ""conf"": 0.5, ""eps_target"": 0.001, ""budget"": 128484}"
"U(0.01,0.1), eps=1e-04",0.01,0.1,0.0001,linear,89653,find_phi_fixed_budget_linear_search,"{""m_exploration"": 11, ""lookback_window"": 5, ""safeguard"": 5, ""inc"": 5, ""budget"": 89653}"
"U(0.01,0.1), eps=1e-04",0.01,0.1,0.0001,linear,108144,find_phi_fixed_budget_linear_search,"{""m_exploration"": 6, ""lookback_window"": 5, ""safeguard"": 2, ""inc"": 2, ""budget"": 108144}"
"U(0.01,0.1), eps=1e-04",0.01,0.1,0.0001,linear,130449,find_phi_fixed_budget_linear_search,"{""m_exploration"": 5, ""lookback_window"": 5, ""safeguard"": 2, ""inc"": 2, ""budget"": 130449}"
"U(0.01,0.1), eps=1e-04",0.01,0.1,0.0001,linear,157355,find_phi_fixed_budget_linear_search,"{""m_exploration"": 25, ""lookback_window"": 5, ""safeguard"": 2, ""inc"": 2, ""budget"": 157355}"
"U(0.01,0.1), eps=1e-04",0.01,0.1,0.0001,linear,189810,find_phi_fixed_budget_linear_search,"{""m_exploration"": 25, ""lookback_window"": 5, ""safeguard"": 3, ""inc"": 5, ""budget"": 189810}"
"U(0.01,0.1), eps=1e-04",0.01,0.1,0.0001,linear,228958,find_phi_fixed_budget_linear_search,"{""m_exploration"": 25, ""lookback_window"": 5, ""safeguard"": 2, ""inc"": 5, ""budget"": 228958}"
"U(0.01,0.1), eps=1e-04",0.01,0.1,0.0001,linear,276182,find_phi_fixed_budget_linear_search,"{""m_exploration"": 19, ""lookback_window"": 5, ""safeguard"": 2, ""inc"": 1, ""budget"": 276182}"
"U(0.01,0.1), eps=1e-04",0.01,0.1,0.0001,linear,333145,find_phi_fixed_budget_linear_search,"{""m_exploration"": 19, ""lookback_window"": 5, ""safeguard"": 2, ""inc"": 1, ""budget"": 333145}"
"U(0.01,0.1), eps=1e-04",0.01,0.1,0.0001,linear,401857,find_phi_fixed_budget_linear_search,"{""m_exploration"": 43, ""lookback_window"": 5, ""safeguard"": 1, ""inc"": 1, ""budget"": 401857}"
"U(0.01,0.1), eps=1e-04",0.01,0.1,0.0001,linear,484741,find_phi_fixed_budget_linear_search,"{""m_exploration"": 74, ""lookback_window"": 5, ""safeguard"": 1, ""inc"": 2, ""budget"": 484741}"
"U(0.01,0.1), eps=1e-04",0.01,0.1,0.0001,linear,584721,find_phi_fixed_budget_linear_search,"{""m_exploration"": 43, ""lookback_window"": 5, ""safeguard"": 2, ""inc"": 1, ""budget"": 584721}"
"U(0.01,0.1), eps=1e-04",0.01,0.1,0.0001,linear,705321,find_phi_fixed_budget_linear_search,"{""m_exploration"": 57, ""lookback_window"": 5, ""safeguard"": 1, ""inc"": 1, ""budget"": 705321}"
"U(0.01,0.1), eps=1e-04",0.01,0.1,0.0001,linear,850795,find_phi_fixed_budget_linear_search,"{""m_exploration"": 57, ""lookback_window"": 5, ""safeguard"": 1, ""inc"": 1, ""budget"": 850795}"
"U(0.01,0.1), eps=1e-04",0.01,0.1,0.0001,linear,1026274,find_phi_fixed_budget_linear_search,"{""m_exploration"": 74, ""lookback_window"": 5, ""safeguard"": 1, ""inc"": 1, ""budget"": 1026274}"
"U(0.01,0.1), eps=1e-04",0.01,0.1,0.0001,linear,1237946,find_phi_fixed_budget_linear_search,"{""m_exploration"": 74, ""lookback_window"": 5, ""safeguard"": 1, ""inc"": 1, ""budget"": 1237946}"
"U(0.01,0.1), eps=1e-04",0.01,0.1,0.0001,linear,1493275,find_phi_fixed_budget_linear_search,"{""m_exploration"": 127, ""lookback_window"": 5, ""safeguard"": 1, ""inc"": 2, ""budget"": 1493275}"
"U(0.01,0.1), eps=1e-04",0.01,0.1,0.0001,linear,1801267,find_phi_fixed_budget_linear_search,"{""m_exploration"": 74, ""lookback_window"": 5, ""safeguard"": 1, ""inc"": 1, ""budget"": 1801267}"
"U(0.01,0.1), eps=1e-04",0.01,0.1,0.0001,linear,2172783,find_phi_fixed_budget_linear_search,"{""m_exploration"": 127, ""lookback_window"": 5, ""safeguard"": 1, ""inc"": 2, ""budget"": 2172783}"
"U(0.01,0.1), eps=1e-04",0.01,0.1,0.0001,linear,2620925,find_phi_fixed_budget_linear_search,"{""m_exploration"": 74, ""lookback_window"": 5, ""safeguard"": 1, ""inc"": 1, ""budget"": 2620925}"
"U(0.01,0.1), eps=1e-04",0.01,0.1,0.0001,linear,3161498,find_phi_fixed_budget_linear_search,"{""m_exploration"": 97, ""lookback_window"": 5, ""safeguard"": 1, ""inc"": 1, ""budget"": 3161498}"
"U(0.01,0.1), eps=1e-04",0.01,0.1,0.0001,linear,3813565,find_phi_fixed_budget_linear_search,"{""m_exploration"": 74, ""lookback_window"": 5, ""safeguard"": 2, ""inc"": 1, ""budget"": 3813565}"
"U(0.01,0.1), eps=1e-04",0.01,0.1,0.0001,linear,4600122,find_phi_fixed_budget_linear_search,"{""m_exploration"": 217, ""lookback_window"": 5, ""safeguard"": 1, ""inc"": 2, ""budget"": 4600122}"
"U(0.01,0.1), eps=1e-04",0.01,0.1,0.0001,linear,5548909,find_phi_fixed_budget_linear_search,"{""m_exploration"": 97, ""lookback_window"": 5, ""safeguard"": 2, ""inc"": 1, ""budget"": 5548909}"
"U(0.01,0.1), eps=1e-04",0.01,0.1,0.0001,linear,6693386,find_phi_fixed_budget_linear_search,"{""m_exploration"": 485, ""lookback_window"": 5, ""safeguard"": 1, ""inc"": 1, ""budget"": 6693386}"
"U(0.01,0.1), eps=1e-04",0.01,0.1,0.0001,linear,8073914,find_phi_fixed_budget_linear_search,"{""m_exploration"": 485, ""lookback_window"": 5, ""safeguard"": 1, ""inc"": 1, ""budget"": 8073914}"
"U(0.01,0.1), eps=1e-04",0.01,0.1,0.0001,linear,9739179,find_phi_fixed_budget_linear_search,"{""m_exploration"": 485, ""lookback_window"": 5, ""safeguard"": 1, ""inc"": 1, ""budget"": 9739179}"
"U(0.01,0.1), eps=1e-04",0.01,0.1,0.0001,linear,11747910,find_phi_fixed_budget_linear_search,"{""m_exploration"": 485, ""lookback_window"": 2, ""safeguard"": 1, ""inc"": 2, ""budget"": 11747910}"
"U(0.01,0.1), eps=1e-04",0.01,0.1,0.0001,linear,14170946,find_phi_fixed_budget_linear_search,"{""m_exploration"": 1084, ""lookback_window"": 5, ""safeguard"": 2, ""inc"": 1, ""budget"": 14170946}"
"U(0.01,0.1), eps=1e-04",0.01,0.1,0.0001,linear,17093739,find_phi_fixed_budget_linear_search,"{""m_exploration"": 43, ""lookback_window"": 2, ""safeguard"": 1, ""inc"": 1, ""budget"": 17093739}"
"U(0.01,0.1), eps=1e-04",0.01,0.1,0.0001,linear,20619366,find_phi_fixed_budget_linear_search,"{""m_exploration"": 3, ""lookback_window"": 1, ""safeguard"": 3, ""inc"": 1, ""budget"": 20619366}"
"U(0.01,0.1), eps=1e-04",0.01,0.1,0.0001,linear,24872163,find_phi_fixed_budget_linear_search,"{""m_exploration"": 3, ""lookback_window"": 1, ""safeguard"": 3, ""inc"": 1, ""budget"": 24872163}"
"U(0.01,0.1), eps=1e-04",0.01,0.1,0.0001,linear,30002110,find_phi_fixed_budget_linear_search,"{""m_exploration"": 3, ""lookback_window"": 1, ""safeguard"": 3, ""inc"": 1, ""budget"": 30002110}"
"U(0.01,0.1), eps=1e-04",0.01,0.1,0.0001,linear,36190121,find_phi_fixed_budget_linear_search,"{""m_exploration"": 3, ""lookback_window"": 1, ""safeguard"": 3, ""inc"": 1, ""budget"": 36190121}"
"U(0.01,0.1), eps=1e-04",0.01,0.1,0.0001,linear,43654425,find_phi_fixed_budget_linear_search,"{""m_exploration"": 3, ""lookback_window"": 1, ""safeguard"": 3, ""inc"": 1, ""budget"": 43654425}"
"U(0.01,0.1), eps=1e-04",0.01,0.1,0.0001,linear,52658261,find_phi_fixed_budget_linear_search,"{""m_exploration"": 3, ""lookback_window"": 1, ""safeguard"": 3, ""inc"": 1, ""budget"": 52658261}"
"U(0.01,0.1), eps=1e-04",0.01,0.1,0.0001,linear,63519160,find_phi_fixed_budget_linear_search,"{""m_exploration"": 3, ""lookback_window"": 1, ""safeguard"": 3, ""inc"": 1, ""budget"": 63519160}"
"U(0.01,0.1), eps=1e-04",0.01,0.1,0.0001,linear,76620148,find_phi_fixed_budget_linear_search,"{""m_exploration"": 3, ""lookback_window"": 1, ""safeguard"": 3, ""inc"": 1, ""budget"": 76620148}"
"U(0.01,0.1), eps=1e-04",0.01,0.1,0.0001,linear,92423247,find_phi_fixed_budget_linear_search,"{""m_exploration"": 3, ""lookback_window"": 1, ""safeguard"": 3, ""inc"": 1, ""budget"": 92423247}"
"U(0.01,0.1), eps=1e-04",0.01,0.1,0.0001,linear,111485776,find_phi_fixed_budget_linear_search,"{""m_exploration"": 3, ""lookback_window"": 1, ""safeguard"": 3, ""inc"": 1, ""budget"": 111485776}"
"U(0.01,0.1), eps=1e-04",0.01,0.1,0.0001,linear,134480000,find_phi_fixed_budget_linear_search,"{""m_exploration"": 3, ""lookback_window"": 1, ""safeguard"": 3, ""inc"": 1, ""budget"": 134480000}"
"U(0.01,0.1), eps=1e-04",0.01,0.1,0.0001,reverse_eng,89653,find_phi_fixed_budget_reverse_engineering,"{""m_exploration"": 595, ""safeguard"": 0.9, ""budget"": 89653}"
"U(0.01,0.1), eps=1e-04",0.01,0.1,0.0001,reverse_eng,108144,find_phi_fixed_budget_reverse_engineering,"{""m_exploration"": 595, ""safeguard"": 0.9, ""budget"": 108144}"
"U(0.01,0.1), eps=1e-04",0.01,0.1,0.0001,reverse_eng,130449,find_phi_fixed_budget_reverse_engineering,"{""m_exploration"": 595, ""safeguard"": 0.85, ""budget"": 130449}"
"U(0.01,0.1), eps=1e-04",0.01,0.1,0.0001,reverse_eng,157355,find_phi_fixed_budget_reverse_engineering,"{""m_exploration"": 338, ""safeguard"": 0.85, ""budget"": 157355}"
"U(0.01,0.1), eps=1e-04",0.01,0.1,0.0001,reverse_eng,189810,find_phi_fixed_budget_reverse_engineering,"{""m_exploration"": 719, ""safeguard"": 0.85, ""budget"": 189810}"
"U(0.01,0.1), eps=1e-04",0.01,0.1,0.0001,reverse_eng,228958,find_phi_fixed_budget_reverse_engineering,"{""m_exploration"": 719, ""safeguard"": 0.85, ""budget"": 228958}"
"U(0.01,0.1), eps=1e-04",0.01,0.1,0.0001,reverse_eng,276182,find_phi_fixed_budget_reverse_engineering,"{""m_exploration"": 595, ""safeguard"": 0.8, ""budget"": 276182}"
"U(0.01,0.1), eps=1e-04",0.01,0.1,0.0001,reverse_eng,333145,find_phi_fixed_budget_reverse_engineering,"{""m_exploration"": 719, ""safeguard"": 0.85, ""budget"": 333145}"
"U(0.01,0.1), eps=1e-04",0.01,0.1,0.0001,reverse_eng,401857,find_phi_fixed_budget_reverse_engineering,"{""m_exploration"": 1266, ""safeguard"": 0.9, ""budget"": 401857}"
"U(0.01,0.1), eps=1e-04",0.01,0.1,0.0001,reverse_eng,484741,find_phi_fixed_budget_reverse_engineering,"{""m_exploration"": 2691, ""safeguard"": 0.975, ""budget"": 484741}"
"U(0.01,0.1), eps=1e-04",0.01,0.1,0.0001,reverse_eng,584721,find_phi_fixed_budget_reverse_engineering,"{""m_exploration"": 595, ""safeguard"": 0.9, ""budget"": 584721}"
"U(0.01,0.1), eps=1e-04",0.01,0.1,0.0001,reverse_eng,705321,find_phi_fixed_budget_reverse_engineering,"{""m_exploration"": 2691, ""safeguard"": 0.925, ""budget"": 705321}"
"U(0.01,0.1), eps=1e-04",0.01,0.1,0.0001,reverse_eng,850795,find_phi_fixed_budget_reverse_engineering,"{""m_exploration"": 2229, ""safeguard"": 0.95, ""budget"": 850795}"
"U(0.01,0.1), eps=1e-04",0.01,0.1,0.0001,reverse_eng,1026274,find_phi_fixed_budget_reverse_engineering,"{""m_exploration"": 2691, ""safeguard"": 0.925, ""budget"": 1026274}"
"U(0.01,0.1), eps=1e-04",0.01,0.1,0.0001,reverse_eng,1237946,find_phi_fixed_budget_reverse_engineering,"{""m_exploration"": 2691, ""safeguard"": 0.95, ""budget"": 1237946}"
"U(0.01,0.1), eps=1e-04",0.01,0.1,0.0001,reverse_eng,1493275,find_phi_fixed_budget_reverse_engineering,"{""m_exploration"": 2691, ""safeguard"": 0.95, ""budget"": 1493275}"
"U(0.01,0.1), eps=1e-04",0.01,0.1,0.0001,reverse_eng,1801267,find_phi_fixed_budget_reverse_engineering,"{""m_exploration"": 2691, ""safeguard"": 0.95, ""budget"": 1801267}"
"U(0.01,0.1), eps=1e-04",0.01,0.1,0.0001,reverse_eng,2172783,find_phi_fixed_budget_reverse_engineering,"{""m_exploration"": 6909, ""safeguard"": 0.95, ""budget"": 2172783}"
"U(0.01,0.1), eps=1e-04",0.01,0.1,0.0001,reverse_eng,2620925,find_phi_fixed_budget_reverse_engineering,"{""m_exploration"": 2691, ""safeguard"": 0.95, ""budget"": 2620925}"
"U(0.01,0.1), eps=1e-04",0.01,0.1,0.0001,reverse_eng,3161498,find_phi_fixed_budget_reverse_engineering,"{""m_exploration"": 2691, ""safeguard"": 0.9, ""budget"": 3161498}"
"U(0.01,0.1), eps=1e-04",0.01,0.1,0.0001,reverse_eng,3813565,find_phi_fixed_budget_reverse_engineering,"{""m_exploration"": 2691, ""safeguard"": 0.925, ""budget"": 3813565}"
"U(0.01,0.1), eps=1e-04",0.01,0.1,0.0001,reverse_eng,4600122,find_phi_fixed_budget_reverse_engineering,"{""m_exploration"": 2691, ""safeguard"": 0.9, ""budget"": 4600122}"
"U(0.01,0.1), eps=1e-04",0.01,0.1,0.0001,reverse_eng,5548909,find_phi_fixed_budget_reverse_engineering,"{""m_exploration"": 2691, ""safeguard"": 0.9, ""budget"": 5548909}"
"U(0.01,0.1), eps=1e-04",0.01,0.1,0.0001,reverse_eng,6693386,find_phi_fixed_budget_reverse_engineering,"{""m_exploration"": 17736, ""safeguard"": 0.975, ""budget"": 6693386}"
"U(0.01,0.1), eps=1e-04",0.01,0.1,0.0001,reverse_eng,8073914,find_phi_fixed_budget_reverse_engineering,"{""m_exploration"": 10074, ""safeguard"": 0.95, ""budget"": 8073914}"
"U(0.01,0.1), eps=1e-04",0.01,0.1,0.0001,reverse_eng,9739179,find_phi_fixed_budget_reverse_engineering,"{""m_exploration"": 3250, ""safeguard"": 0.85, ""budget"": 9739179}"
"U(0.01,0.1), eps=1e-04",0.01,0.1,0.0001,reverse_eng,11747910,find_phi_fixed_budget_reverse_engineering,"{""m_exploration"": 8343, ""safeguard"": 0.9, ""budget"": 11747910}"
"U(0.01,0.1), eps=1e-04",0.01,0.1,0.0001,reverse_eng,14170946,find_phi_fixed_budget_reverse_engineering,"{""m_exploration"": 3250, ""safeguard"": 0.85, ""budget"": 14170946}"
"U(0.01,0.1), eps=1e-04",0.01,0.1,0.0001,reverse_eng,17093739,find_phi_fixed_budget_reverse_engineering,"{""m_exploration"": 1528, ""safeguard"": 0.85, ""budget"": 17093739}"
"U(0.01,0.1), eps=1e-04",0.01,0.1,0.0001,reverse_eng,20619366,find_phi_fixed_budget_reverse_engineering,"{""m_exploration"": 1266, ""safeguard"": 0.8, ""budget"": 20619366}"
"U(0.01,0.1), eps=1e-04",0.01,0.1,0.0001,reverse_eng,24872163,find_phi_fixed_budget_reverse_engineering,"{""m_exploration"": 1266, ""safeguard"": 0.8, ""budget"": 24872163}"
"U(0.01,0.1), eps=1e-04",0.01,0.1,0.0001,reverse_eng,30002110,find_phi_fixed_budget_reverse_engineering,"{""m_exploration"": 1266, ""safeguard"": 0.8, ""budget"": 30002110}"
"U(0.01,0.1), eps=1e-04",0.01,0.1,0.0001,reverse_eng,36190121,find_phi_fixed_budget_reverse_engineering,"{""m_exploration"": 1266, ""safeguard"": 0.8, ""budget"": 36190121}"
"U(0.01,0.1), eps=1e-04",0.01,0.1,0.0001,reverse_eng,43654425,find_phi_fixed_budget_reverse_engineering,"{""m_exploration"": 1266, ""safeguard"": 0.8, ""budget"": 43654425}"
"U(0.01,0.1), eps=1e-04",0.01,0.1,0.0001,reverse_eng,52658261,find_phi_fixed_budget_reverse_engineering,"{""m_exploration"": 1266, ""safeguard"": 0.8, ""budget"": 52658261}"
"U(0.01,0.1), eps=1e-04",0.01,0.1,0.0001,reverse_eng,63519160,find_phi_fixed_budget_reverse_engineering,"{""m_exploration"": 1266, ""safeguard"": 0.8, ""budget"": 63519160}"
"U(0.01,0.1), eps=1e-04",0.01,0.1,0.0001,reverse_eng,76620148,find_phi_fixed_budget_reverse_engineering,"{""m_exploration"": 1266, ""safeguard"": 0.8, ""budget"": 76620148}"
"U(0.01,0.1), eps=1e-04",0.01,0.1,0.0001,reverse_eng,92423247,find_phi_fixed_budget_reverse_engineering,"{""m_exploration"": 1266, ""safeguard"": 0.8, ""budget"": 92423247}"
"U(0.01,0.1), eps=1e-04",0.01,0.1,0.0001,reverse_eng,111485776,find_phi_fixed_budget_reverse_engineering,"{""m_exploration"": 1266, ""safeguard"": 0.8, ""budget"": 111485776}"
"U(0.01,0.1), eps=1e-04",0.01,0.1,0.0001,reverse_eng,134480000,find_phi_fixed_budget_reverse_engineering,"{""m_exploration"": 1266, ""safeguard"": 0.8, ""budget"": 134480000}"
"U(0.01,0.1), eps=1e-04",0.01,0.1,0.0001,binary,89653,find_phi_fixed_budget_binary_search,"{""m_exploration"": 20, ""safeguard"": 2, ""conf"": 0.5, ""budget"": 89653}"
"U(0.01,0.1), eps=1e-04",0.01,0.1,0.0001,binary,108144,find_phi_fixed_budget_binary_search,"{""m_exploration"": 29, ""safeguard"": 2, ""conf"": 0.65, ""budget"": 108144}"
"U(0.01,0.1), eps=1e-04",0.01,0.1,0.0001,binary,130449,find_phi_fixed_budget_binary_search,"{""m_exploration"": 43, ""safeguard"": 2, ""conf"": 0.65, ""budget"": 130449}"
"U(0.01,0.1), eps=1e-04",0.01,0.1,0.0001,binary,157355,find_phi_fixed_budget_binary_search,"{""m_exploration"": 43, ""safeguard"": 2, ""conf"": 0.65, ""budget"": 157355}"
"U(0.01,0.1), eps=1e-04",0.01,0.1,0.0001,binary,189810,find_phi_fixed_budget_binary_search,"{""m_exploration"": 29, ""safeguard"": 2, ""conf"": 0.65, ""budget"": 189810}"
"U(0.01,0.1), eps=1e-04",0.01,0.1,0.0001,binary,228958,find_phi_fixed_budget_binary_search,"{""m_exploration"": 63, ""safeguard"": 2, ""conf"": 0.65, ""budget"": 228958}"
"U(0.01,0.1), eps=1e-04",0.01,0.1,0.0001,binary,276182,find_phi_fixed_budget_binary_search,"{""m_exploration"": 43, ""safeguard"": 2, ""conf"": 0.65, ""budget"": 276182}"
"U(0.01,0.1), eps=1e-04",0.01,0.1,0.0001,binary,333145,find_phi_fixed_budget_binary_search,"{""m_exploration"": 136, ""safeguard"": 2, ""conf"": 0.65, ""budget"": 333145}"
"U(0.01,0.1), eps=1e-04",0.01,0.1,0.0001,binary,401857,find_phi_fixed_budget_binary_search,"{""m_exploration"": 201, ""safeguard"": 2, ""conf"": 0.8, ""budget"": 401857}"
"U(0.01,0.1), eps=1e-04",0.01,0.1,0.0001,binary,484741,find_phi_fixed_budget_binary_search,"{""m_exploration"": 201, ""safeguard"": 2, ""conf"": 0.8, ""budget"": 484741}"
"U(0.01,0.1), eps=1e-04",0.01,0.1,0.0001,binary,584721,find_phi_fixed_budget_binary_search,"{""m_exploration"": 201, ""safeguard"": 2, ""conf"": 0.8, ""budget"": 584721}"
"U(0.01,0.1), eps=1e-04",0.01,0.1,0.0001,binary,705321,find_phi_fixed_budget_binary_search,"{""m_exploration"": 201, ""safeguard"": 2, ""conf"": 0.8, ""budget"": 705321}"
"U(0.01,0.1), eps=1e-04",0.01,0.1,0.0001,binary,850795,find_phi_fixed_budget_binary_search,"{""m_exploration"": 201, ""safeguard"": 2, ""conf"": 0.8, ""budget"": 850795}"
"U(0.01,0.1), eps=1e-04",0.01,0.1,0.0001,binary,1026274,find_phi_fixed_budget_binary_search,"{""m_exploration"": 295, ""safeguard"": 2, ""conf"": 0.8, ""budget"": 1026274}"
"U(0.01,0.1), eps=1e-04",0.01,0.1,0.0001,binary,1237946,find_phi_fixed_budget_binary_search,"{""m_exploration"": 433, ""safeguard"": 2, ""conf"": 0.8, ""budget"": 1237946}"
"U(0.01,0.1), eps=1e-04",0.01,0.1,0.0001,binary,1493275,find_phi_fixed_budget_binary_search,"{""m_exploration"": 433, ""safeguard"": 2, ""conf"": 0.8, ""budget"": 1493275}"
"U(0.01,0.1), eps=1e-04",0.01,0.1,0.0001,binary,1801267,find_phi_fixed_budget_binary_search,"{""m_exploration"": 637, ""safeguard"": 2, ""conf"": 0.9, ""budget"": 1801267}"
"U(0.01,0.1), eps=1e-04",0.01,0.1,0.0001,binary,2172783,find_phi_fixed_budget_binary_search,"{""m_exploration"": 637, ""safeguard"": 2, ""conf"": 0.9, ""budget"": 2172783}"
"U(0.01,0.1), eps=1e-04",0.01,0.1,0.0001,binary,2620925,find_phi_fixed_budget_binary_search,"{""m_exploration"": 936, ""safeguard"": 2, ""conf"": 0.95, ""budget"": 2620925}"
"U(0.01,0.1), eps=1e-04",0.01,0.1,0.0001,binary,3161498,find_phi_fixed_budget_binary_search,"{""m_exploration"": 936, ""safeguard"": 2, ""conf"": 0.9, ""budget"": 3161498}"
"U(0.01,0.1), eps=1e-04",0.01,0.1,0.0001,binary,3813565,find_phi_fixed_budget_binary_search,"{""m_exploration"": 2020, ""safeguard"": 2, ""conf"": 0.95, ""budget"": 3813565}"
"U(0.01,0.1), eps=1e-04",0.01,0.1,0.0001,binary,4600122,find_phi_fixed_budget_binary_search,"{""m_exploration"": 1375, ""safeguard"": 2, ""conf"": 0.9, ""budget"": 4600122}"
"U(0.01,0.1), eps=1e-04",0.01,0.1,0.0001,binary,5548909,find_phi_fixed_budget_binary_search,"{""m_exploration"": 1375, ""safeguard"": 2, ""conf"": 0.9, ""budget"": 5548909}"
"U(0.01,0.1), eps=1e-04",0.01,0.1,0.0001,binary,6693386,find_phi_fixed_budget_binary_search,"{""m_exploration"": 1375, ""safeguard"": 2, ""conf"": 0.9, ""budget"": 6693386}"
"U(0.01,0.1), eps=1e-04",0.01,0.1,0.0001,binary,8073914,find_phi_fixed_budget_binary_search,"{""m_exploration"": 1375, ""safeguard"": 2, ""conf"": 0.65, ""budget"": 8073914}"
"U(0.01,0.1), eps=1e-04",0.01,0.1,0.0001,binary,9739179,find_phi_fixed_budget_binary_search,"{""m_exploration"": 1375, ""safeguard"": 2, ""conf"": 0.65, ""budget"": 9739179}"
"U(0.01,0.1), eps=1e-04",0.01,0.1,0.0001,binary,11747910,find_phi_fixed_budget_binary_search,"{""m_exploration"": 6407, ""safeguard"": 2, ""conf"": 0.9, ""budget"": 11747910}"
"U(0.01,0.1), eps=1e-04",0.01,0.1,0.0001,binary,14170946,find_phi_fixed_budget_binary_search,"{""m_exploration"": 6407, ""safeguard"": 2, ""conf"": 0.95, ""budget"": 14170946}"
"U(0.01,0.1), eps=1e-04",0.01,0.1,0.0001,binary,17093739,find_phi_fixed_budget_binary_search,"{""m_exploration"": 6407, ""safeguard"": 2, ""conf"": 0.8, ""budget"": 17093739}"
"U(0.01,0.1), eps=1e-04",0.01,0.1,0.0001,binary,20619366,find_phi_fixed_budget_binary_search,"{""m_exploration"": 1375, ""safeguard"": 2, ""conf"": 0.5, ""budget"": 20619366}"
"U(0.01,0.1), eps=1e-04",0.01,0.1,0.0001,binary,24872163,find_phi_fixed_budget_binary_search,"{""m_exploration"": 1375, ""safeguard"": 2, ""conf"": 0.5, ""budget"": 24872163}"
"U(0.01,0.1), eps=1e-04",0.01,0.1,0.0001,binary,30002110,find_phi_fixed_budget_binary_search,"{""m_exploration"": 1375, ""safeguard"": 2, ""conf"": 0.5, ""budget"": 30002110}"
"U(0.01,0.1), eps=1e-04",0.01,0.1,0.0001,binary,36190121,find_phi_fixed_budget_binary_search,"{""m_exploration"": 1375, ""safeguard"": 2, ""conf"": 0.5, ""budget"": 36190121}"
"U(0.01,0.1), eps=1e-04",0.01,0.1,0.0001,binary,43654425,find_phi_fixed_budget_binary_search,"{""m_exploration"": 1375, ""safeguard"": 2, ""conf"": 0.5, ""budget"": 43654425}"
"U(0.01,0.1), eps=1e-04",0.01,0.1,0.0001,binary,52658261,find_phi_fixed_budget_binary_search,"{""m_exploration"": 1375, ""safeguard"": 2, ""conf"": 0.5, ""budget"": 52658261}"
"U(0.01,0.1), eps=1e-04",0.01,0.1,0.0001,binary,63519160,find_phi_fixed_budget_binary_search,"{""m_exploration"": 1375, ""safeguard"": 2, ""conf"": 0.5, ""budget"": 63519160}"
"U(0.01,0.1), eps=1e-04",0.01,0.1,0.0001,binary,76620148,find_phi_fixed_budget_binary_search,"{""m_exploration"": 1375, ""safeguard"": 2, ""conf"": 0.5, ""budget"": 76620148}"
"U(0.01,0.1), eps=1e-04",0.01,0.1,0.0001,binary,92423247,find_phi_fixed_budget_binary_search,"{""m_exploration"": 1375, ""safeguard"": 2, ""conf"": 0.5, ""budget"": 92423247}"
"U(0.01,0.1), eps=1e-04",0.01,0.1,0.0001,binary,111485776,find_phi_fixed_budget_binary_search,"{""m_exploration"": 1375, ""safeguard"": 2, ""conf"": 0.5, ""budget"": 111485776}"
"U(0.01,0.1), eps=1e-04",0.01,0.1,0.0001,binary,134480000,find_phi_fixed_budget_binary_search,"{""m_exploration"": 1375, ""safeguard"": 2, ""conf"": 0.5, ""budget"": 134480000}"
"U(0.01,0.1), eps=1e-04",0.01,0.1,0.0001,reverse_eng_risk,89653,find_phi_fixed_budget_reverse_engineering_risk,"{""m_exploration"": 338, ""eps_target"": 0.0001, ""budget"": 89653}"
"U(0.01,0.1), eps=1e-04",0.01,0.1,0.0001,reverse_eng_risk,108144,find_phi_fixed_budget_reverse_engineering_risk,"{""m_exploration"": 338, ""eps_target"": 0.0001, ""budget"": 108144}"
"U(0.01,0.1), eps=1e-04",0.01,0.1,0.0001,reverse_eng_risk,130449,find_phi_fixed_budget_reverse_engineering_risk,"{""m_exploration"": 338, ""eps_target"": 0.0001, ""budget"": 130449}"
"U(0.01,0.1), eps=1e-04",0.01,0.1,0.0001,reverse_eng_risk,157355,find_phi_fixed_budget_reverse_engineering_risk,"{""m_exploration"": 493, ""eps_target"": 0.0001, ""budget"": 157355}"
"U(0.01,0.1), eps=1e-04",0.01,0.1,0.0001,reverse_eng_risk,189810,find_phi_fixed_budget_reverse_engineering_risk,"{""m_exploration"": 719, ""eps_target"": 0.0001, ""budget"": 189810}"
"U(0.01,0.1), eps=1e-04",0.01,0.1,0.0001,reverse_eng_risk,228958,find_phi_fixed_budget_reverse_engineering_risk,"{""m_exploration"": 338, ""eps_target"": 0.0001, ""budget"": 228958}"
"U(0.01,0.1), eps=1e-04",0.01,0.1,0.0001,reverse_eng_risk,276182,find_phi_fixed_budget_reverse_engineering_risk,"{""m_exploration"": 493, ""eps_target"": 0.0001, ""budget"": 276182}"
"U(0.01,0.1), eps=1e-04",0.01,0.1,0.0001,reverse_eng_risk,333145,find_phi_fixed_budget_reverse_engineering_risk,"{""m_exploration"": 493, ""eps_target"": 0.0001, ""budget"": 333145}"
"U(0.01,0.1), eps=1e-04",0.01,0.1,0.0001,reverse_eng_risk,401857,find_phi_fixed_budget_reverse_engineering_risk,"{""m_exploration"": 719, ""eps_target"": 0.0001, ""budget"": 401857}"
"U(0.01,0.1), eps=1e-04",0.01,0.1,0.0001,reverse_eng_risk,484741,find_phi_fixed_budget_reverse_engineering_risk,"{""m_exploration"": 719, ""eps_target"": 0.0001, ""budget"": 484741}"
"U(0.01,0.1), eps=1e-04",0.01,0.1,0.0001,reverse_eng_risk,584721,find_phi_fixed_budget_reverse_engineering_risk,"{""m_exploration"": 719, ""eps_target"": 0.0001, ""budget"": 584721}"
"U(0.01,0.1), eps=1e-04",0.01,0.1,0.0001,reverse_eng_risk,705321,find_phi_fixed_budget_reverse_engineering_risk,"{""m_exploration"": 595, ""eps_target"": 0.0001, ""budget"": 705321}"
"U(0.01,0.1), eps=1e-04",0.01,0.1,0.0001,reverse_eng_risk,850795,find_phi_fixed_budget_reverse_engineering_risk,"{""m_exploration"": 1048, ""eps_target"": 0.0001, ""budget"": 850795}"
"U(0.01,0.1), eps=1e-04",0.01,0.1,0.0001,reverse_eng_risk,1026274,find_phi_fixed_budget_reverse_engineering_risk,"{""m_exploration"": 2229, ""eps_target"": 0.0001, ""budget"": 1026274}"
"U(0.01,0.1), eps=1e-04",0.01,0.1,0.0001,reverse_eng_risk,1237946,find_phi_fixed_budget_reverse_engineering_risk,"{""m_exploration"": 2691, ""eps_target"": 0.0001, ""budget"": 1237946}"
"U(0.01,0.1), eps=1e-04",0.01,0.1,0.0001,reverse_eng_risk,1493275,find_phi_fixed_budget_reverse_engineering_risk,"{""m_exploration"": 2229, ""eps_target"": 0.0001, ""budget"": 1493275}"
"U(0.01,0.1), eps=1e-04",0.01,0.1,0.0001,reverse_eng_risk,1801267,find_phi_fixed_budget_reverse_engineering_risk,"{""m_exploration"": 2691, ""eps_target"": 0.0001, ""budget"": 1801267}"
"U(0.01,0.1), eps=1e-04",0.01,0.1,0.0001,reverse_eng_risk,2172783,find_phi_fixed_budget_reverse_engineering_risk,"{""m_exploration"": 2691, ""eps_target"": 0.0001, ""budget"": 2172783}"
"U(0.01,0.1), eps=1e-04",0.01,0.1,0.0001,reverse_eng_risk,2620925,find_phi_fixed_budget_reverse_engineering_risk,"{""m_exploration"": 2691, ""eps_target"": 0.0001, ""budget"": 2620925}"
"U(0.01,0.1), eps=1e-04",0.01,0.1,0.0001,reverse_eng_risk,3161498,find_phi_fixed_budget_reverse_engineering_risk,"{""m_exploration"": 1528, ""eps_target"": 0.0001, ""budget"": 3161498}"
"U(0.01,0.1), eps=1e-04",0.01,0.1,0.0001,reverse_eng_risk,3813565,find_phi_fixed_budget_reverse_engineering_risk,"{""m_exploration"": 1528, ""eps_target"": 0.0001, ""budget"": 3813565}"
"U(0.01,0.1), eps=1e-04",0.01,0.1,0.0001,reverse_eng_risk,4600122,find_phi_fixed_budget_reverse_engineering_risk,"{""m_exploration"": 408, ""eps_target"": 0.0001, ""budget"": 4600122}"
"U(0.01,0.1), eps=1e-04",0.01,0.1,0.0001,reverse_eng_risk,5548909,find_phi_fixed_budget_reverse_engineering_risk,"{""m_exploration"": 1048, ""eps_target"": 0.0001, ""budget"": 5548909}"
"U(0.01,0.1), eps=1e-04",0.01,0.1,0.0001,reverse_eng_risk,6693386,find_phi_fixed_budget_reverse_engineering_risk,"{""m_exploration"": 2691, ""eps_target"": 0.0001, ""budget"": 6693386}"
"U(0.01,0.1), eps=1e-04",0.01,0.1,0.0001,reverse_eng_risk,8073914,find_phi_fixed_budget_reverse_engineering_risk,"{""m_exploration"": 3250, ""eps_target"": 0.0001, ""budget"": 8073914}"
"U(0.01,0.1), eps=1e-04",0.01,0.1,0.0001,reverse_eng_risk,9739179,find_phi_fixed_budget_reverse_engineering_risk,"{""m_exploration"": 3250, ""eps_target"": 0.0001, ""budget"": 9739179}"
"U(0.01,0.1), eps=1e-04",0.01,0.1,0.0001,reverse_eng_risk,11747910,find_phi_fixed_budget_reverse_engineering_risk,"{""m_exploration"": 3250, ""eps_target"": 0.0001, ""budget"": 11747910}"
"U(0.01,0.1), eps=1e-04",0.01,0.1,0.0001,reverse_eng_risk,14170946,find_phi_fixed_budget_reverse_engineering_risk,"{""m_exploration"": 1528, ""eps_target"": 0.0001, ""budget"": 14170946}"
"U(0.01,0.1), eps=1e-04",0.01,0.1,0.0001,reverse_eng_risk,17093739,find_phi_fixed_budget_reverse_engineering_risk,"{""m_exploration"": 90, ""eps_target"": 0.0001, ""budget"": 17093739}"
"U(0.01,0.1), eps=1e-04",0.01,0.1,0.0001,reverse_eng_risk,20619366,find_phi_fixed_budget_reverse_engineering_risk,"{""m_exploration"": 35, ""eps_target"": 0.0001, ""budget"": 20619366}"
"U(0.01,0.1), eps=1e-04",0.01,0.1,0.0001,reverse_eng_risk,24872163,find_phi_fixed_budget_reverse_engineering_risk,"{""m_exploration"": 20, ""eps_target"": 0.0001, ""budget"": 24872163}"
"U(0.01,0.1), eps=1e-04",0.01,0.1,0.0001,reverse_eng_risk,30002110,find_phi_fixed_budget_reverse_engineering_risk,"{""m_exploration"": 20, ""eps_target"": 0.0001, ""budget"": 30002110}"
"U(0.01,0.1), eps=1e-04",0.01,0.1,0.0001,reverse_eng_risk,36190121,find_phi_fixed_budget_reverse_engineering_risk,"{""m_exploration"": 20, ""eps_target"": 0.0001, ""budget"": 36190121}"
"U(0.01,0.1), eps=1e-04",0.01,0.1,0.0001,reverse_eng_risk,43654425,find_phi_fixed_budget_reverse_engineering_risk,"{""m_exploration"": 20, ""eps_target"": 0.0001, ""budget"": 43654425}"
"U(0.01,0.1), eps=1e-04",0.01,0.1,0.0001,reverse_eng_risk,52658261,find_phi_fixed_budget_reverse_engineering_risk,"{""m_exploration"": 20, ""eps_target"": 0.0001, ""budget"": 52658261}"
"U(0.01,0.1), eps=1e-04",0.01,0.1,0.0001,reverse_eng_risk,63519160,find_phi_fixed_budget_reverse_engineering_risk,"{""m_exploration"": 20, ""eps_target"": 0.0001, ""budget"": 63519160}"
"U(0.01,0.1), eps=1e-04",0.01,0.1,0.0001,reverse_eng_risk,76620148,find_phi_fixed_budget_reverse_engineering_risk,"{""m_exploration"": 20, ""eps_target"": 0.0001, ""budget"": 76620148}"
"U(0.01,0.1), eps=1e-04",0.01,0.1,0.0001,reverse_eng_risk,92423247,find_phi_fixed_budget_reverse_engineering_risk,"{""m_exploration"": 20, ""eps_target"": 0.0001, ""budget"": 92423247}"
"U(0.01,0.1), eps=1e-04",0.01,0.1,0.0001,reverse_eng_risk,111485776,find_phi_fixed_budget_reverse_engineering_risk,"{""m_exploration"": 20, ""eps_target"": 0.0001, ""budget"": 111485776}"
"U(0.01,0.1), eps=1e-04",0.01,0.1,0.0001,reverse_eng_risk,134480000,find_phi_fixed_budget_reverse_engineering_risk,"{""m_exploration"": 20, ""eps_target"": 0.0001, ""budget"": 134480000}"
"U(0.01,0.1), eps=1e-04",0.01,0.1,0.0001,binary_risk,89653,find_phi_fixed_budget_binary_search_risk,"{""m_exploration"": 29, ""conf"": 0.8, ""eps_target"": 0.0001, ""budget"": 89653}"
"U(0.01,0.1), eps=1e-04",0.01,0.1,0.0001,binary_risk,108144,find_phi_fixed_budget_binary_search_risk,"{""m_exploration"": 63, ""conf"": 0.8, ""eps_target"": 0.0001, ""budget"": 108144}"
"U(0.01,0.1), eps=1e-04",0.01,0.1,0.0001,binary_risk,130449,find_phi_fixed_budget_binary_search_risk,"{""m_exploration"": 63, ""conf"": 0.95, ""eps_target"": 0.0001, ""budget"": 130449}"
"U(0.01,0.1), eps=1e-04",0.01,0.1,0.0001,binary_risk,157355,find_phi_fixed_budget_binary_search_risk,"{""m_exploration"": 2020, ""conf"": 0.5, ""eps_target"": 0.0001, ""budget"": 157355}"
"U(0.01,0.1), eps=1e-04",0.01,0.1,0.0001,binary_risk,189810,find_phi_fixed_budget_binary_search_risk,"{""m_exploration"": 2020, ""conf"": 0.5, ""eps_target"": 0.0001, ""budget"": 189810}"
"U(0.01,0.1), eps=1e-04",0.01,0.1,0.0001,binary_risk,228958,find_phi_fixed_budget_binary_search_risk,"{""m_exploration"": 43, ""conf"": 0.65, ""eps_target"": 0.0001, ""budget"": 228958}"
"U(0.01,0.1), eps=1e-04",0.01,0.1,0.0001,binary_risk,276182,find_phi_fixed_budget_binary_search_risk,"{""m_exploration"": 43, ""conf"": 0.8, ""eps_target"": 0.0001, ""budget"": 276182}"
"U(0.01,0.1), eps=1e-04",0.01,0.1,0.0001,binary_risk,333145,find_phi_fixed_budget_binary_search_risk,"{""m_exploration"": 63, ""conf"": 0.5, ""eps_target"": 0.0001, ""budget"": 333145}"
"U(0.01,0.1), eps=1e-04",0.01,0.1,0.0001,binary_risk,401857,find_phi_fixed_budget_binary_search_risk,"{""m_exploration"": 63, ""conf"": 0.65, ""eps_target"": 0.0001, ""budget"": 401857}"
"U(0.01,0.1), eps=1e-04",0.01,0.1,0.0001,binary_risk,484741,find_phi_fixed_budget_binary_search_risk,"{""m_exploration"": 93, ""conf"": 0.8, ""eps_target"": 0.0001, ""budget"": 484741}"
"U(0.01,0.1), eps=1e-04",0.01,0.1,0.0001,binary_risk,584721,find_phi_fixed_budget_binary_search_risk,"{""m_exploration"": 201, ""conf"": 0.9, ""eps_target"": 0.0001, ""budget"": 584721}"
"U(0.01,0.1), eps=1e-04",0.01,0.1,0.0001,binary_risk,705321,find_phi_fixed_budget_binary_search_risk,"{""m_exploration"": 63, ""conf"": 0.65, ""eps_target"": 0.0001, ""budget"": 705321}"
"U(0.01,0.1), eps=1e-04",0.01,0.1,0.0001,binary_risk,850795,find_phi_fixed_budget_binary_search_risk,"{""m_exploration"": 63, ""conf"": 0.5, ""eps_target"": 0.0001, ""budget"": 850795}"
"U(0.01,0.1), eps=1e-04",0.01,0.1,0.0001,binary_risk,1026274,find_phi_fixed_budget_binary_search_risk,"{""m_exploration"": 201, ""conf"": 0.9, ""eps_target"": 0.0001, ""budget"": 1026274}"
"U(0.01,0.1), eps=1e-04",0.01,0.1,0.0001,binary_risk,1237946,find_phi_fixed_budget_binary_search_risk,"{""m_exploration"": 201, ""conf"": 0.9, ""eps_target"": 0.0001, ""budget"": 1237946}"
"U(0.01,0.1), eps=1e-04",0.01,0.1,0.0001,binary_risk,1493275,find_phi_fixed_budget_binary_search_risk,"{""m_exploration"": 201, ""conf"": 0.65, ""eps_target"": 0.0001, ""budget"": 1493275}"
"U(0.01,0.1), eps=1e-04",0.01,0.1,0.0001,binary_risk,1801267,find_phi_fixed_budget_binary_search_risk,"{""m_exploration"": 201, ""conf"": 0.65, ""eps_target"": 0.0001, ""budget"": 1801267}"
"U(0.01,0.1), eps=1e-04",0.01,0.1,0.0001,binary_risk,2172783,find_phi_fixed_budget_binary_search_risk,"{""m_exploration"": 201, ""conf"": 0.65, ""eps_target"": 0.0001, ""budget"": 2172783}"
"U(0.01,0.1), eps=1e-04",0.01,0.1,0.0001,binary_risk,2620925,find_phi_fixed_budget_binary_search_risk,"{""m_exploration"": 201, ""conf"": 0.65, ""eps_target"": 0.0001, ""budget"": 2620925}"
"U(0.01,0.1), eps=1e-04",0.01,0.1,0.0001,binary_risk,3161498,find_phi_fixed_budget_binary_search_risk,"{""m_exploration"": 201, ""conf"": 0.65, ""eps_target"": 0.0001, ""budget"": 3161498}"
"U(0.01,0.1), eps=1e-04",0.01,0.1,0.0001,binary_risk,3813565,find_phi_fixed_budget_binary_search_risk,"{""m_exploration"": 201, ""conf"": 0.65, ""eps_target"": 0.0001, ""budget"": 3813565}"
"U(0.01,0.1), eps=1e-04",0.01,0.1,0.0001,binary_risk,4600122,find_phi_fixed_budget_binary_search_risk,"{""m_exploration"": 1375, ""conf"": 0.5, ""eps_target"": 0.0001, ""budget"": 4600122}"
"U(0.01,0.1), eps=1e-04",0.01,0.1,0.0001,binary_risk,5548909,find_phi_fixed_budget_binary_search_risk,"{""m_exploration"": 936, ""conf"": 0.5, ""eps_target"": 0.0001, ""budget"": 5548909}"
"U(0.01,0.1), eps=1e-04",0.01,0.1,0.0001,binary_risk,6693386,find_phi_fixed_budget_binary_search_risk,"{""m_exploration"": 1375, ""conf"": 0.5, ""eps_target"": 0.0001, ""budget"": 6693386}"
"U(0.01,0.1), eps=1e-04",0.01,0.1,0.0001,binary_risk,8073914,find_phi_fixed_budget_binary_search_risk,"{""m_exploration"": 2020, ""conf"": 0.5, ""eps_target"": 0.0001, ""budget"": 8073914}"
"U(0.01,0.1), eps=1e-04",0.01,0.1,0.0001,binary_risk,9739179,find_phi_fixed_budget_binary_search_risk,"{""m_exploration"": 4361, ""conf"": 0.5, ""eps_target"": 0.0001, ""budget"": 9739179}"
"U(0.01,0.1), eps=1e-04",0.01,0.1,0.0001,binary_risk,11747910,find_phi_fixed_budget_binary_search_risk,"{""m_exploration"": 4361, ""conf"": 0.5, ""eps_target"": 0.0001, ""budget"": 11747910}"
"U(0.01,0.1), eps=1e-04",0.01,0.1,0.0001,binary_risk,14170946,find_phi_fixed_budget_binary_search_risk,"{""m_exploration"": 4361, ""conf"": 0.5, ""eps_target"": 0.0001, ""budget"": 14170946}"
"U(0.01,0.1), eps=1e-04",0.01,0.1,0.0001,binary_risk,17093739,find_phi_fixed_budget_binary_search_risk,"{""m_exploration"": 201, ""conf"": 0.5, ""eps_target"": 0.0001, ""budget"": 17093739}"
"U(0.01,0.1), eps=1e-04",0.01,0.1,0.0001,binary_risk,20619366,find_phi_fixed_budget_binary_search_risk,"{""m_exploration"": 93, ""conf"": 0.5, ""eps_target"": 0.0001, ""budget"": 20619366}"
"U(0.01,0.1), eps=1e-04",0.01,0.1,0.0001,binary_risk,24872163,find_phi_fixed_budget_binary_search_risk,"{""m_exploration"": 93, ""conf"": 0.5, ""eps_target"": 0.0001, ""budget"": 24872163}"
"U(0.01,0.1), eps=1e-04",0.01,0.1,0.0001,binary_risk,30002110,find_phi_fixed_budget_binary_search_risk,"{""m_exploration"": 43, ""conf"": 0.5, ""eps_target"": 0.0001, ""budget"": 30002110}"
"U(0.01,0.1), eps=1e-04",0.01,0.1,0.0001,binary_risk,36190121,find_phi_fixed_budget_binary_search_risk,"{""m_exploration"": 43, ""conf"": 0.5, ""eps_target"": 0.0001, ""budget"": 36190121}"
"U(0.01,0.1), eps=1e-04",0.01,0.1,0.0001,binary_risk,43654425,find_phi_fixed_budget_binary_search_risk,"{""m_exploration"": 43, ""conf"": 0.5, ""eps_target"": 0.0001, ""budget"": 43654425}"
"U(0.01,0.1), eps=1e-04",0.01,0.1,0.0001,binary_risk,52658261,find_phi_fixed_budget_binary_search_risk,"{""m_exploration"": 20, ""conf"": 0.5, ""eps_target"": 0.0001, ""budget"": 52658261}"
"U(0.01,0.1), eps=1e-04",0.01,0.1,0.0001,binary_risk,63519160,find_phi_fixed_budget_binary_search_risk,"{""m_exploration"": 20, ""conf"": 0.5, ""eps_target"": 0.0001, ""budget"": 63519160}"
"U(0.01,0.1), eps=1e-04",0.01,0.1,0.0001,binary_risk,76620148,find_phi_fixed_budget_binary_search_risk,"{""m_exploration"": 20, ""conf"": 0.5, ""eps_target"": 0.0001, ""budget"": 76620148}"
"U(0.01,0.1), eps=1e-04",0.01,0.1,0.0001,binary_risk,92423247,find_phi_fixed_budget_binary_search_risk,"{""m_exploration"": 20, ""conf"": 0.5, ""eps_target"": 0.0001, ""budget"": 92423247}"
"U(0.01,0.1), eps=1e-04",0.01,0.1,0.0001,binary_risk,111485776,find_phi_fixed_budget_binary_search_risk,"{""m_exploration"": 20, ""conf"": 0.5, ""eps_target"": 0.0001, ""budget"": 111485776}"
"U(0.01,0.1), eps=1e-04",0.01,0.1,0.0001,binary_risk,134480000,find_phi_fixed_budget_binary_search_risk,"{""m_exploration"": 20, ""conf"": 0.5, ""eps_target"": 0.0001, ""budget"": 134480000}"
"U(0.001,0.01), eps=1e-04",0.001,0.01,0.0001,linear,8565,find_phi_fixed_budget_linear_search,"{""m_exploration"": 3, ""lookback_window"": 1, ""safeguard"": 0, ""inc"": 1, ""budget"": 8565}"
"U(0.001,0.01), eps=1e-04",0.001,0.01,0.0001,linear,10332,find_phi_fixed_budget_linear_search,"{""m_exploration"": 3, ""lookback_window"": 1, ""safeguard"": 0, ""inc"": 2, ""budget"": 10332}"
"U(0.001,0.01), eps=1e-04",0.001,0.01,0.0001,linear,12463,find_phi_fixed_budget_linear_search,"{""m_exploration"": 3, ""lookback_window"": 1, ""safeguard"": 0, ""inc"": 1, ""budget"": 12463}"
"U(0.001,0.01), eps=1e-04",0.001,0.01,0.0001,linear,15033,find_phi_fixed_budget_linear_search,"{""m_exploration"": 3, ""lookback_window"": 1, ""safeguard"": 0, ""inc"": 5, ""budget"": 15033}"
"U(0.001,0.01), eps=1e-04",0.001,0.01,0.0001,linear,18134,find_phi_fixed_budget_linear_search,"{""m_exploration"": 3, ""lookback_window"": 1, ""safeguard"": 0, ""inc"": 2, ""budget"": 18134}"
"U(0.001,0.01), eps=1e-04",0.001,0.01,0.0001,linear,21875,find_phi_fixed_budget_linear_search,"{""m_exploration"": 3, ""lookback_window"": 1, ""safeguard"": 5, ""inc"": 5, ""budget"": 21875}"
"U(0.001,0.01), eps=1e-04",0.001,0.01,0.0001,linear,26386,find_phi_fixed_budget_linear_search,"{""m_exploration"": 3, ""lookback_window"": 1, ""safeguard"": 0, ""inc"": 2, ""budget"": 26386}"
"U(0.001,0.01), eps=1e-04",0.001,0.01,0.0001,linear,31829,find_phi_fixed_budget_linear_search,"{""m_exploration"": 3, ""lookback_window"": 1, ""safeguard"": 0, ""inc"": 2, ""budget"": 31829}"
"U(0.001,0.01), eps=1e-04",0.001,0.01,0.0001,linear,38394,find_phi_fixed_budget_linear_search,"{""m_exploration"": 3, ""lookback_window"": 1, ""safeguard"": 5, ""inc"": 5, ""budget"": 38394}"
"U(0.001,0.01), eps=1e-04",0.001,0.01,0.0001,linear,46312,find_phi_fixed_budget_linear_search,"{""m_exploration"": 3, ""lookback_window"": 1, ""safeguard"": 0, ""inc"": 5, ""budget"": 46312}"
"U(0.001,0.01), eps=1e-04",0.001,0.01,0.0001,linear,55865,find_phi_fixed_budget_linear_search,"{""m_exploration"": 3, ""lookback_window"": 1, ""safeguard"": 0, ""inc"": 5, ""budget"": 55865}"
"U(0.001,0.01), eps=1e-04",0.001,0.01,0.0001,linear,67387,find_phi_fixed_budget_linear_search,"{""m_exploration"": 3, ""lookback_window"": 3, ""safeguard"": 5, ""inc"": 5, ""budget"": 67387}"
"U(0.001,0.01), eps=1e-04",0.001,0.01,0.0001,linear,81286,find_phi_fixed_budget_linear_search,"{""m_exploration"": 3, ""lookback_window"": 3, ""safeguard"": 5, ""inc"": 5, ""budget"": 81286}"
"U(0.001,0.01), eps=1e-04",0.001,0.01,0.0001,linear,98051,find_phi_fixed_budget_linear_search,"{""m_exploration"": 3, ""lookback_window"": 1, ""safeguard"": 0, ""inc"": 5, ""budget"": 98051}"
"U(0.001,0.01), eps=1e-04",0.001,0.01,0.0001,linear,118275,find_phi_fixed_budget_linear_search,"{""m_exploration"": 6, ""lookback_window"": 2, ""safeguard"": 1, ""inc"": 5, ""budget"": 118275}"
"U(0.001,0.01), eps=1e-04",0.001,0.01,0.0001,linear,142669,find_phi_fixed_budget_linear_search,"{""m_exploration"": 6, ""lookback_window"": 2, ""safeguard"": 3, ""inc"": 5, ""budget"": 142669}"
"U(0.001,0.01), eps=1e-04",0.001,0.01,0.0001,linear,172095,find_phi_fixed_budget_linear_search,"{""m_exploration"": 6, ""lookback_window"": 2, ""safeguard"": 3, ""inc"": 5, ""budget"": 172095}"
"U(0.001,0.01), eps=1e-04",0.001,0.01,0.0001,linear,207590,find_phi_fixed_budget_linear_search,"{""m_exploration"": 6, ""lookback_window"": 2, ""safeguard"": 0, ""inc"": 5, ""budget"": 207590}"
"U(0.001,0.01), eps=1e-04",0.001,0.01,0.0001,linear,250406,find_phi_fixed_budget_linear_search,"{""m_exploration"": 3, ""lookback_window"": 5, ""safeguard"": 5, ""inc"": 5, ""budget"": 250406}"
"U(0.001,0.01), eps=1e-04",0.001,0.01,0.0001,linear,302053,find_phi_fixed_budget_linear_search,"{""m_exploration"": 6, ""lookback_window"": 2, ""safeguard"": 3, ""inc"": 5, ""budget"": 302053}"
"U(0.001,0.01), eps=1e-04",0.001,0.01,0.0001,linear,364353,find_phi_fixed_budget_linear_search,"{""m_exploration"": 3, ""lookback_window"": 5, ""safeguard"": 5, ""inc"": 2, ""budget"": 364353}"
"U(0.001,0.01), eps=1e-04",0.001,0.01,0.0001,linear,439502,find_phi_fixed_budget_linear_search,"{""m_exploration"": 3, ""lookback_window"": 5, ""safeguard"": 5, ""inc"": 2, ""budget"": 439502}"
"U(0.001,0.01), eps=1e-04",0.001,0.01,0.0001,linear,530150,find_phi_fixed_budget_linear_search,"{""m_exploration"": 3, ""lookback_window"": 5, ""safeguard"": 2, ""inc"": 2, ""budget"": 530150}"
"U(0.001,0.01), eps=1e-04",0.001,0.01,0.0001,linear,639495,find_phi_fixed_budget_linear_search,"{""m_exploration"": 8, ""lookback_window"": 2, ""safeguard"": 3, ""inc"": 2, ""budget"": 639495}"
"U(0.001,0.01), eps=1e-04",0.001,0.01,0.0001,linear,771393,find_phi_fixed_budget_linear_search,"{""m_exploration"": 3, ""lookback_window"": 5, ""safeguard"": 0, ""inc"": 1, ""budget"": 771393}"
"U(0.001,0.01), eps=1e-04",0.001,0.01,0.0001,linear,930494,find_phi_fixed_budget_linear_search,"{""m_exploration"": 3, ""lookback_window"": 5, ""safeguard"": 5, ""inc"": 1, ""budget"": 930494}"
"U(0.001,0.01), eps=1e-04",0.001,0.01,0.0001,linear,1122411,find_phi_fixed_budget_linear_search,"{""m_exploration"": 8, ""lookback_window"": 2, ""safeguard"": 3, ""inc"": 2, ""budget"": 1122411}"
"U(0.001,0.01), eps=1e-04",0.001,0.01,0.0001,linear,1353912,find_phi_fixed_budget_linear_search,"{""m_exploration"": 8, ""lookback_window"": 2, ""safeguard"": 3, ""inc"": 2, ""budget"": 1353912}"
"U(0.001,0.01), eps=1e-04",0.001,0.01,0.0001,linear,1633159,find_phi_fixed_budget_linear_search,"{""m_exploration"": 74, ""lookback_window"": 2, ""safeguard"": 5, ""inc"": 2, ""budget"": 1633159}"
"U(0.001,0.01), eps=1e-04",0.001,0.01,0.0001,linear,1970003,find_phi_fixed_budget_linear_search,"{""m_exploration"": 3, ""lookback_window"": 1, ""safeguard"": 1, ""inc"": 1, ""budget"": 1970003}"
"U(0.001,0.01), eps=1e-04",0.001,0.01,0.0001,linear,2376321,find_phi_fixed_budget_linear_search,"{""m_exploration"": 3, ""lookback_window"": 1, ""safeguard"": 1, ""inc"": 1, ""budget"": 2376321}"
"U(0.001,0.01), eps=1e-04",0.001,0.01,0.0001,linear,2866443,find_phi_fixed_budget_linear_search,"{""m_exploration"": 3, ""lookback_window"": 1, ""safeguard"": 1, ""inc"": 1, ""budget"": 2866443}"
"U(0.001,0.01), eps=1e-04",0.001,0.01,0.0001,linear,3457654,find_phi_fixed_budget_linear_search,"{""m_exploration"": 3, ""lookback_window"": 1, ""safeguard"": 1, ""inc"": 1, ""budget"": 3457654}"
"U(0.001,0.01), eps=1e-04",0.001,0.01,0.0001,linear,4170804,find_phi_fixed_budget_linear_search,"{""m_exploration"": 3, ""lookback_window"": 1, ""safeguard"": 1, ""inc"": 1, ""budget"": 4170804}"
"U(0.001,0.01), eps=1e-04",0.001,0.01,0.0001,linear,5031044,find_phi_fixed_budget_linear_search,"{""m_exploration"": 3, ""lookback_window"": 1, ""safeguard"": 1, ""inc"": 1, ""budget"": 5031044}"
"U(0.001,0.01), eps=1e-04",0.001,0.01,0.0001,linear,6068709,find_phi_fixed_budget_linear_search,"{""m_exploration"": 3, ""lookback_window"": 1, ""safeguard"": 1, ""inc"": 1, ""budget"": 6068709}"
"U(0.001,0.01), eps=1e-04",0.001,0.01,0.0001,linear,7320396,find_phi_fixed_budget_linear_search,"{""m_exploration"": 3, ""lookback_window"": 1, ""safeguard"": 1, ""inc"": 1, ""budget"": 7320396}"
"U(0.001,0.01), eps=1e-04",0.001,0.01,0.0001,linear,8830246,find_phi_fixed_budget_linear_search,"{""m_exploration"": 3, ""lookback_window"": 1, ""safeguard"": 1, ""inc"": 1, ""budget"": 8830246}"
"U(0.001,0.01), eps=1e-04",0.001,0.01,0.0001,linear,10651507,find_phi_fixed_budget_linear_search,"{""m_exploration"": 3, ""lookback_window"": 1, ""safeguard"": 1, ""inc"": 1, ""budget"": 10651507}"
"U(0.001,0.01), eps=1e-04",0.001,0.01,0.0001,linear,12848407,find_phi_fixed_budget_linear_search,"{""m_exploration"": 3, ""lookback_window"": 1, ""safeguard"": 1, ""inc"": 1, ""budget"": 12848407}"
"U(0.001,0.01), eps=1e-04",0.001,0.01,0.0001,reverse_eng,8565,find_phi_fixed_budget_reverse_engineering,"{""m_exploration"": 20, ""safeguard"": 0.85, ""budget"": 8565}"
"U(0.001,0.01), eps=1e-04",0.001,0.01,0.0001,reverse_eng,10332,find_phi_fixed_budget_reverse_engineering,"{""m_exploration"": 20, ""safeguard"": 0.9, ""budget"": 10332}"
"U(0.001,0.01), eps=1e-04",0.001,0.01,0.0001,reverse_eng,12463,find_phi_fixed_budget_reverse_engineering,"{""m_exploration"": 20, ""safeguard"": 0.8, ""budget"": 12463}"
"U(0.001,0.01), eps=1e-04",0.001,0.01,0.0001,reverse_eng,15033,find_phi_fixed_budget_reverse_engineering,"{""m_exploration"": 20, ""safeguard"": 0.8, ""budget"": 15033}"
"U(0.001,0.01), eps=1e-04",0.001,0.01,0.0001,reverse_eng,18134,find_phi_fixed_budget_reverse_engineering,"{""m_exploration"": 24, ""safeguard"": 0.8, ""budget"": 18134}"
"U(0.001,0.01), eps=1e-04",0.001,0.01,0.0001,reverse_eng,21875,find_phi_fixed_budget_reverse_engineering,"{""m_exploration"": 29, ""safeguard"": 0.85, ""budget"": 21875}"
"U(0.001,0.01), eps=1e-04",0.001,0.01,0.0001,reverse_eng,26386,find_phi_fixed_budget_reverse_engineering,"{""m_exploration"": 20, ""safeguard"": 0.8, ""budget"": 26386}"
"U(0.001,0.01), eps=1e-04",0.001,0.01,0.0001,reverse_eng,31829,find_phi_fixed_budget_reverse_engineering,"{""m_exploration"": 20, ""safeguard"": 0.8, ""budget"": 31829}"
"U(0.001,0.01), eps=1e-04",0.001,0.01,0.0001,reverse_eng,38394,find_phi_fixed_budget_reverse_engineering,"{""m_exploration"": 20, ""safeguard"": 0.8, ""budget"": 38394}"
"U(0.001,0.01), eps=1e-04",0.001,0.01,0.0001,reverse_eng,46312,find_phi_fixed_budget_reverse_engineering,"{""m_exploration"": 20, ""safeguard"": 0.8, ""budget"": 46312}"
"U(0.001,0.01), eps=1e-04",0.001,0.01,0.0001,reverse_eng,55865,find_phi_fixed_budget_reverse_engineering,"{""m_exploration"": 61, ""safeguard"": 0.85, ""budget"": 55865}"
"U(0.001,0.01), eps=1e-04",0.001,0.01,0.0001,reverse_eng,67387,find_phi_fixed_budget_reverse_engineering,"{""m_exploration"": 90, ""safeguard"": 0.85, ""budget"": 67387}"
"U(0.001,0.01), eps=1e-04",0.001,0.01,0.0001,reverse_eng,81286,find_phi_fixed_budget_reverse_engineering,"{""m_exploration"": 90, ""safeguard"": 0.85, ""budget"": 81286}"
"U(0.001,0.01), eps=1e-04",0.001,0.01,0.0001,reverse_eng,98051,find_phi_fixed_budget_reverse_engineering,"{""m_exploration"": 131, ""safeguard"": 0.85, ""budget"": 98051}"
"U(0.001,0.01), eps=1e-04",0.001,0.01,0.0001,reverse_eng,118275,find_phi_fixed_budget_reverse_engineering,"{""m_exploration"": 131, ""safeguard"": 0.85, ""budget"": 118275}"
"U(0.001,0.01), eps=1e-04",0.001,0.01,0.0001,reverse_eng,142669,find_phi_fixed_budget_reverse_engineering,"{""m_exploration"": 192, ""safeguard"": 0.9, ""budget"": 142669}"
"U(0.001,0.01), eps=1e-04",0.001,0.01,0.0001,reverse_eng,172095,find_phi_fixed_budget_reverse_engineering,"{""m_exploration"": 192, ""safeguard"": 0.9, ""budget"": 172095}"
"U(0.001,0.01), eps=1e-04",0.001,0.01,0.0001,reverse_eng,207590,find_phi_fixed_budget_reverse_engineering,"{""m_exploration"": 131, ""safeguard"": 0.85, ""budget"": 207590}"
"U(0.001,0.01), eps=1e-04",0.001,0.01,0.0001,reverse_eng,250406,find_phi_fixed_budget_reverse_engineering,"{""m_exploration"": 131, ""safeguard"": 0.85, ""budget"": 250406}"
"U(0.001,0.01), eps=1e-04",0.001,0.01,0.0001,reverse_eng,302053,find_phi_fixed_budget_reverse_engineering,"{""m_exploration"": 192, ""safeguard"": 0.85, ""budget"": 302053}"
"U(0.001,0.01), eps=1e-04",0.001,0.01,0.0001,reverse_eng,364353,find_phi_fixed_budget_reverse_engineering,"{""m_exploration"": 192, ""safeguard"": 0.85, ""budget"": 364353}"
"U(0.001,0.01), eps=1e-04",0.001,0.01,0.0001,reverse_eng,439502,find_phi_fixed_budget_reverse_engineering,"{""m_exploration"": 280, ""safeguard"": 0.8, ""budget"": 439502}"
"U(0.001,0.01), eps=1e-04",0.001,0.01,0.0001,reverse_eng,530150,find_phi_fixed_budget_reverse_engineering,"{""m_exploration"": 280, ""safeguard"": 0.8, ""budget"": 530150}"
"U(0.001,0.01), eps=1e-04",0.001,0.01,0.0001,reverse_eng,639495,find_phi_fixed_budget_reverse_engineering,"{""m_exploration"": 408, ""safeguard"": 0.8, ""budget"": 639495}"
"U(0.001,0.01), eps=1e-04",0.001,0.01,0.0001,reverse_eng,771393,find_phi_fixed_budget_reverse_engineering,"{""m_exploration"": 595, ""safeguard"": 0.85, ""budget"": 771393}"
"U(0.001,0.01), eps=1e-04",0.001,0.01,0.0001,reverse_eng,930494,find_phi_fixed_budget_reverse_engineering,"{""m_exploration"": 595, ""safeguard"": 0.85, ""budget"": 930494}"
"U(0.001,0.01), eps=1e-04",0.001,0.01,0.0001,reverse_eng,1122411,find_phi_fixed_budget_reverse_engineering,"{""m_exploration"": 1266, ""safeguard"": 0.85, ""budget"": 1122411}"
"U(0.001,0.01), eps=1e-04",0.001,0.01,0.0001,reverse_eng,1353912,find_phi_fixed_budget_reverse_engineering,"{""m_exploration"": 1266, ""safeguard"": 0.85, ""budget"": 1353912}"
"U(0.001,0.01), eps=1e-04",0.001,0.01,0.0001,reverse_eng,1633159,find_phi_fixed_budget_reverse_engineering,"{""m_exploration"": 2691, ""safeguard"": 0.9, ""budget"": 1633159}"
"U(0.001,0.01), eps=1e-04",0.001,0.01,0.0001,reverse_eng,1970003,find_phi_fixed_budget_reverse_engineering,"{""m_exploration"": 595, ""safeguard"": 0.8, ""budget"": 1970003}"
"U(0.001,0.01), eps=1e-04",0.001,0.01,0.0001,reverse_eng,2376321,find_phi_fixed_budget_reverse_engineering,"{""m_exploration"": 595, ""safeguard"": 0.8, ""budget"": 2376321}"
"U(0.001,0.01), eps=1e-04",0.001,0.01,0.0001,reverse_eng,2866443,find_phi_fixed_budget_reverse_engineering,"{""m_exploration"": 595, ""safeguard"": 0.8, ""budget"": 2866443}"
"U(0.001,0.01), eps=1e-04",0.001,0.01,0.0001,reverse_eng,3457654,find_phi_fixed_budget_reverse_engineering,"{""m_exploration"": 595, ""safeguard"": 0.8, ""budget"": 3457654}"
"U(0.001,0.01), eps=1e-04",0.001,0.01,0.0001,reverse_eng,4170804,find_phi_fixed_budget_reverse_engineering,"{""m_exploration"": 595, ""safeguard"": 0.8, ""budget"": 4170804}"
"U(0.001,0.01), eps=1e-04",0.001,0.01,0.0001,reverse_eng,5031044,find_phi_fixed_budget_reverse_engineering,"{""m_exploration"": 595, ""safeguard"": 0.8, ""budget"": 5031044}"
"U(0.001,0.01), eps=1e-04",0.001,0.01,0.0001,reverse_eng,6068709,find_phi_fixed_budget_reverse_engineering,"{""m_exploration"": 595, ""safeguard"": 0.8, ""budget"": 6068709}"
"U(0.001,0.01), eps=1e-04",0.001,0.01,0.0001,reverse_eng,7320396,find_phi_fixed_budget_reverse_engineering,"{""m_exploration"": 595, ""safeguard"": 0.8, ""budget"": 7320396}"
"U(0.001,0.01), eps=1e-04",0.001,0.01,0.0001,reverse_eng,8830246,find_phi_fixed_budget_reverse_engineering,"{""m_exploration"": 595, ""safeguard"": 0.8, ""budget"": 8830246}"
"U(0.001,0.01), eps=1e-04",0.001,0.01,0.0001,reverse_eng,10651507,find_phi_fixed_budget_reverse_engineering,"{""m_exploration"": 595, ""safeguard"": 0.8, ""budget"": 10651507}"
"U(0.001,0.01), eps=1e-04",0.001,0.01,0.0001,reverse_eng,12848407,find_phi_fixed_budget_reverse_engineering,"{""m_exploration"": 595, ""safeguard"": 0.8, ""budget"": 12848407}"
"U(0.001,0.01), eps=1e-04",0.001,0.01,0.0001,binary,8565,find_phi_fixed_budget_binary_search,"{""m_exploration"": 20, ""safeguard"": 2, ""conf"": 0.5, ""budget"": 8565}"
"U(0.001,0.01), eps=1e-04",0.001,0.01,0.0001,binary,10332,find_phi_fixed_budget_binary_search,"{""m_exploration"": 20, ""safeguard"": 2, ""conf"": 0.5, ""budget"": 10332}"
"U(0.001,0.01), eps=1e-04",0.001,0.01,0.0001,binary,12463,find_phi_fixed_budget_binary_search,"{""m_exploration"": 20, ""safeguard"": 2, ""conf"": 0.5, ""budget"": 12463}"
"U(0.001,0.01), eps=1e-04",0.001,0.01,0.0001,binary,15033,find_phi_fixed_budget_binary_search,"{""m_exploration"": 20, ""safeguard"": 0, ""conf"": 0.5, ""budget"": 15033}"
"U(0.001,0.01), eps=1e-04",0.001,0.01,0.0001,binary,18134,find_phi_fixed_budget_binary_search,"{""m_exploration"": 20, ""safeguard"": 0, ""conf"": 0.5, ""budget"": 18134}"
"U(0.001,0.01), eps=1e-04",0.001,0.01,0.0001,binary,21875,find_phi_fixed_budget_binary_search,"{""m_exploration"": 29, ""safeguard"": 2, ""conf"": 0.5, ""budget"": 21875}"
"U(0.001,0.01), eps=1e-04",0.001,0.01,0.0001,binary,26386,find_phi_fixed_budget_binary_search,"{""m_exploration"": 29, ""safeguard"": 2, ""conf"": 0.5, ""budget"": 26386}"
"U(0.001,0.01), eps=1e-04",0.001,0.01,0.0001,binary,31829,find_phi_fixed_budget_binary_search,"{""m_exploration"": 43, ""safeguard"": 2, ""conf"": 0.5, ""budget"": 31829}"
"U(0.001,0.01), eps=1e-04",0.001,0.01,0.0001,binary,38394,find_phi_fixed_budget_binary_search,"{""m_exploration"": 43, ""safeguard"": 2, ""conf"": 0.5, ""budget"": 38394}"
"U(0.001,0.01), eps=1e-04",0.001,0.01,0.0001,binary,46312,find_phi_fixed_budget_binary_search,"{""m_exploration"": 20, ""safeguard"": 2, ""conf"": 0.9, ""budget"": 46312}"
"U(0.001,0.01), eps=1e-04",0.001,0.01,0.0001,binary,55865,find_phi_fixed_budget_binary_search,"{""m_exploration"": 20, ""safeguard"": 2, ""conf"": 0.65, ""budget"": 55865}"
"U(0.001,0.01), eps=1e-04",0.001,0.01,0.0001,binary,67387,find_phi_fixed_budget_binary_search_anneal_m,"{""m_exploration"": 20, ""safeguard"": 2, ""conf"": 0.8, ""budget"": 67387}"
"U(0.001,0.01), eps=1e-04",0.001,0.01,0.0001,binary,81286,find_phi_fixed_budget_binary_search,"{""m_exploration"": 20, ""safeguard"": 1, ""conf"": 0.65, ""budget"": 81286}"
"U(0.001,0.01), eps=1e-04",0.001,0.01,0.0001,binary,98051,find_phi_fixed_budget_binary_search,"{""m_exploration"": 20, ""safeguard"": 2, ""conf"": 0.65, ""budget"": 98051}"
"U(0.001,0.01), eps=1e-04",0.001,0.01,0.0001,binary,118275,find_phi_fixed_budget_binary_search,"{""m_exploration"": 20, ""safeguard"": 2, ""conf"": 0.5, ""budget"": 118275}"
"U(0.001,0.01), eps=1e-04",0.001,0.01,0.0001,binary,142669,find_phi_fixed_budget_binary_search,"{""m_exploration"": 20, ""safeguard"": 0, ""conf"": 0.5, ""budget"": 142669}"
"U(0.001,0.01), eps=1e-04",0.001,0.01,0.0001,binary,172095,find_phi_fixed_budget_binary_search,"{""m_exploration"": 20, ""safeguard"": 2, ""conf"": 0.5, ""budget"": 172095}"
"U(0.001,0.01), eps=1e-04",0.001,0.01,0.0001,binary,207590,find_phi_fixed_budget_binary_search,"{""m_exploration"": 20, ""safeguard"": 2, ""conf"": 0.5, ""budget"": 207590}"
"U(0.001,0.01), eps=1e-04",0.001,0.01,0.0001,binary,250406,find_phi_fixed_budget_binary_search,"{""m_exploration"": 20, ""safeguard"": 2, ""conf"": 0.5, ""budget"": 250406}"
"U(0.001,0.01), eps=1e-04",0.001,0.01,0.0001,binary,302053,find_phi_fixed_budget_binary_search,"{""m_exploration"": 20, ""safeguard"": 2, ""conf"": 0.5, ""budget"": 302053}"
"U(0.001,0.01), eps=1e-04",0.001,0.01,0.0001,binary,364353,find_phi_fixed_budget_binary_search,"{""m_exploration"": 20, ""safeguard"": 2, ""conf"": 0.5, ""budget"": 364353}"
"U(0.001,0.01), eps=1e-04",0.001,0.01,0.0001,binary,439502,find_phi_fixed_budget_binary_search,"{""m_exploration"": 29, ""safeguard"": 2, ""conf"": 0.5, ""budget"": 439502}"
"U(0.001,0.01), eps=1e-04",0.001,0.01,0.0001,binary,530150,find_phi_fixed_budget_binary_search,"{""m_exploration"": 29, ""safeguard"": 2, ""conf"": 0.5, ""budget"": 530150}"
"U(0.001,0.01), eps=1e-04",0.001,0.01,0.0001,binary,639495,find_phi_fixed_budget_binary_search,"{""m_exploration"": 43, ""safeguard"": 2, ""conf"": 0.5, ""budget"": 639495}"
"U(0.001,0.01), eps=1e-04",0.001,0.01,0.0001,binary,771393,find_phi_fixed_budget_binary_search,"{""m_exploration"": 63, ""safeguard"": 2, ""conf"": 0.5, ""budget"": 771393}"
"U(0.001,0.01), eps=1e-04",0.001,0.01,0.0001,binary,930494,find_phi_fixed_budget_binary_search,"{""m_exploration"": 93, ""safeguard"": 2, ""conf"": 0.5, ""budget"": 930494}"
"U(0.001,0.01), eps=1e-04",0.001,0.01,0.0001,binary,1122411,find_phi_fixed_budget_binary_search,"{""m_exploration"": 93, ""safeguard"": 2, ""conf"": 0.5, ""budget"": 1122411}"
"U(0.001,0.01), eps=1e-04",0.001,0.01,0.0001,binary,1353912,find_phi_fixed_budget_binary_search,"{""m_exploration"": 93, ""safeguard"": 2, ""conf"": 0.5, ""budget"": 1353912}"
"U(0.001,0.01), eps=1e-04",0.001,0.01,0.0001,binary,1633159,find_phi_fixed_budget_binary_search,"{""m_exploration"": 201, ""safeguard"": 2, ""conf"": 0.5, ""budget"": 1633159}"
"U(0.001,0.01), eps=1e-04",0.001,0.01,0.0001,binary,1970003,find_phi_fixed_budget_binary_search,"{""m_exploration"": 295, ""safeguard"": 2, ""conf"": 0.5, ""budget"": 1970003}"
"U(0.001,0.01), eps=1e-04",0.001,0.01,0.0001,binary,2376321,find_phi_fixed_budget_binary_search,"{""m_exploration"": 295, ""safeguard"": 2, ""conf"": 0.5, ""budget"": 2376321}"
"U(0.001,0.01), eps=1e-04",0.001,0.01,0.0001,binary,2866443,find_phi_fixed_budget_binary_search,"{""m_exploration"": 295, ""safeguard"": 2, ""conf"": 0.5, ""budget"": 2866443}"
"U(0.001,0.01), eps=1e-04",0.001,0.01,0.0001,binary,3457654,find_phi_fixed_budget_binary_search,"{""m_exploration"": 433, ""safeguard"": 2, ""conf"": 0.5, ""budget"": 3457654}"
"U(0.001,0.01), eps=1e-04",0.001,0.01,0.0001,binary,4170804,find_phi_fixed_budget_binary_search,"{""m_exploration"": 433, ""safeguard"": 2, ""conf"": 0.5, ""budget"": 4170804}"
"U(0.001,0.01), eps=1e-04",0.001,0.01,0.0001,binary,5031044,find_phi_fixed_budget_binary_search,"{""m_exploration"": 637, ""safeguard"": 2, ""conf"": 0.5, ""budget"": 5031044}"
"U(0.001,0.01), eps=1e-04",0.001,0.01,0.0001,binary,6068709,find_phi_fixed_budget_binary_search,"{""m_exploration"": 637, ""safeguard"": 2, ""conf"": 0.5, ""budget"": 6068709}"
"U(0.001,0.01), eps=1e-04",0.001,0.01,0.0001,binary,7320396,find_phi_fixed_budget_binary_search,"{""m_exploration"": 637, ""safeguard"": 2, ""conf"": 0.5, ""budget"": 7320396}"
"U(0.001,0.01), eps=1e-04",0.001,0.01,0.0001,binary,8830246,find_phi_fixed_budget_binary_search,"{""m_exploration"": 1375, ""safeguard"": 2, ""conf"": 0.5, ""budget"": 8830246}"
"U(0.001,0.01), eps=1e-04",0.001,0.01,0.0001,binary,10651507,find_phi_fixed_budget_binary_search,"{""m_exploration"": 1375, ""safeguard"": 2, ""conf"": 0.5, ""budget"": 10651507}"
"U(0.001,0.01), eps=1e-04",0.001,0.01,0.0001,binary,12848407,find_phi_fixed_budget_binary_search,"{""m_exploration"": 2020, ""safeguard"": 2, ""conf"": 0.5, ""budget"": 12848407}"
"U(0.001,0.01), eps=1e-04",0.001,0.01,0.0001,reverse_eng_risk,8565,find_phi_fixed_budget_reverse_engineering_risk,"{""m_exploration"": 20, ""eps_target"": 0.0001, ""budget"": 8565}"
"U(0.001,0.01), eps=1e-04",0.001,0.01,0.0001,reverse_eng_risk,10332,find_phi_fixed_budget_reverse_engineering_risk,"{""m_exploration"": 20, ""eps_target"": 0.0001, ""budget"": 10332}"
"U(0.001,0.01), eps=1e-04",0.001,0.01,0.0001,reverse_eng_risk,12463,find_phi_fixed_budget_reverse_engineering_risk,"{""m_exploration"": 20, ""eps_target"": 0.0001, ""budget"": 12463}"
"U(0.001,0.01), eps=1e-04",0.001,0.01,0.0001,reverse_eng_risk,15033,find_phi_fixed_budget_reverse_engineering_risk,"{""m_exploration"": 20, ""eps_target"": 0.0001, ""budget"": 15033}"
"U(0.001,0.01), eps=1e-04",0.001,0.01,0.0001,reverse_eng_risk,18134,find_phi_fixed_budget_reverse_engineering_risk,"{""m_exploration"": 20, ""eps_target"": 0.0001, ""budget"": 18134}"
"U(0.001,0.01), eps=1e-04",0.001,0.01,0.0001,reverse_eng_risk,21875,find_phi_fixed_budget_reverse_engineering_risk,"{""m_exploration"": 20, ""eps_target"": 0.0001, ""budget"": 21875}"
"U(0.001,0.01), eps=1e-04",0.001,0.01,0.0001,reverse_eng_risk,26386,find_phi_fixed_budget_reverse_engineering_risk,"{""m_exploration"": 29, ""eps_target"": 0.0001, ""budget"": 26386}"
"U(0.001,0.01), eps=1e-04",0.001,0.01,0.0001,reverse_eng_risk,31829,find_phi_fixed_budget_reverse_engineering_risk,"{""m_exploration"": 29, ""eps_target"": 0.0001, ""budget"": 31829}"
"U(0.001,0.01), eps=1e-04",0.001,0.01,0.0001,reverse_eng_risk,38394,find_phi_fixed_budget_reverse_engineering_risk,"{""m_exploration"": 42, ""eps_target"": 0.0001, ""budget"": 38394}"
"U(0.001,0.01), eps=1e-04",0.001,0.01,0.0001,reverse_eng_risk,46312,find_phi_fixed_budget_reverse_engineering_risk,"{""m_exploration"": 51, ""eps_target"": 0.0001, ""budget"": 46312}"
"U(0.001,0.01), eps=1e-04",0.001,0.01,0.0001,reverse_eng_risk,55865,find_phi_fixed_budget_reverse_engineering_risk,"{""m_exploration"": 42, ""eps_target"": 0.0001, ""budget"": 55865}"
"U(0.001,0.01), eps=1e-04",0.001,0.01,0.0001,reverse_eng_risk,67387,find_phi_fixed_budget_reverse_engineering_risk,"{""m_exploration"": 29, ""eps_target"": 0.0001, ""budget"": 67387}"
"U(0.001,0.01), eps=1e-04",0.001,0.01,0.0001,reverse_eng_risk,81286,find_phi_fixed_budget_reverse_engineering_risk,"{""m_exploration"": 42, ""eps_target"": 0.0001, ""budget"": 81286}"
"U(0.001,0.01), eps=1e-04",0.001,0.01,0.0001,reverse_eng_risk,98051,find_phi_fixed_budget_reverse_engineering_risk,"{""m_exploration"": 51, ""eps_target"": 0.0001, ""budget"": 98051}"
"U(0.001,0.01), eps=1e-04",0.001,0.01,0.0001,reverse_eng_risk,118275,find_phi_fixed_budget_reverse_engineering_risk,"{""m_exploration"": 51, ""eps_target"": 0.0001, ""budget"": 118275}"
"U(0.001,0.01), eps=1e-04",0.001,0.01,0.0001,reverse_eng_risk,142669,find_phi_fixed_budget_reverse_engineering_risk,"{""m_exploration"": 74, ""eps_target"": 0.0001, ""budget"": 142669}"
"U(0.001,0.01), eps=1e-04",0.001,0.01,0.0001,reverse_eng_risk,172095,find_phi_fixed_budget_reverse_engineering_risk,"{""m_exploration"": 74, ""eps_target"": 0.0001, ""budget"": 172095}"
"U(0.001,0.01), eps=1e-04",0.001,0.01,0.0001,reverse_eng_risk,207590,find_phi_fixed_budget_reverse_engineering_risk,"{""m_exploration"": 109, ""eps_target"": 0.0001, ""budget"": 207590}"
"U(0.001,0.01), eps=1e-04",0.001,0.01,0.0001,reverse_eng_risk,250406,find_phi_fixed_budget_reverse_engineering_risk,"{""m_exploration"": 42, ""eps_target"": 0.0001, ""budget"": 250406}"
"U(0.001,0.01), eps=1e-04",0.001,0.01,0.0001,reverse_eng_risk,302053,find_phi_fixed_budget_reverse_engineering_risk,"{""m_exploration"": 61, ""eps_target"": 0.0001, ""budget"": 302053}"
"U(0.001,0.01), eps=1e-04",0.001,0.01,0.0001,reverse_eng_risk,364353,find_phi_fixed_budget_reverse_engineering_risk,"{""m_exploration"": 74, ""eps_target"": 0.0001, ""budget"": 364353}"
"U(0.001,0.01), eps=1e-04",0.001,0.01,0.0001,reverse_eng_risk,439502,find_phi_fixed_budget_reverse_engineering_risk,"{""m_exploration"": 109, ""eps_target"": 0.0001, ""budget"": 439502}"
"U(0.001,0.01), eps=1e-04",0.001,0.01,0.0001,reverse_eng_risk,530150,find_phi_fixed_budget_reverse_engineering_risk,"{""m_exploration"": 109, ""eps_target"": 0.0001, ""budget"": 530150}"
"U(0.001,0.01), eps=1e-04",0.001,0.01,0.0001,reverse_eng_risk,639495,find_phi_fixed_budget_reverse_engineering_risk,"{""m_exploration"": 192, ""eps_target"": 0.0001, ""budget"": 639495}"
"U(0.001,0.01), eps=1e-04",0.001,0.01,0.0001,reverse_eng_risk,771393,find_phi_fixed_budget_reverse_engineering_risk,"{""m_exploration"": 74, ""eps_target"": 0.0001, ""budget"": 771393}"
"U(0.001,0.01), eps=1e-04",0.001,0.01,0.0001,reverse_eng_risk,930494,find_phi_fixed_budget_reverse_engineering_risk,"{""m_exploration"": 131, ""eps_target"": 0.0001, ""budget"": 930494}"
"U(0.001,0.01), eps=1e-04",0.001,0.01,0.0001,reverse_eng_risk,1122411,find_phi_fixed_budget_reverse_engineering_risk,"{""m_exploration"": 159, ""eps_target"": 0.0001, ""budget"": 1122411}"
"U(0.001,0.01), eps=1e-04",0.001,0.01,0.0001,reverse_eng_risk,1353912,find_phi_fixed_budget_reverse_engineering_risk,"{""m_exploration"": 61, ""eps_target"": 0.0001, ""budget"": 1353912}"
"U(0.001,0.01), eps=1e-04",0.001,0.01,0.0001,reverse_eng_risk,1633159,find_phi_fixed_budget_reverse_engineering_risk,"{""m_exploration"": 74, ""eps_target"": 0.0001, ""budget"": 1633159}"
"U(0.001,0.01), eps=1e-04",0.001,0.01,0.0001,reverse_eng_risk,1970003,find_phi_fixed_budget_reverse_engineering_risk,"{""m_exploration"": 29, ""eps_target"": 0.0001, ""budget"": 1970003}"
"U(0.001,0.01), eps=1e-04",0.001,0.01,0.0001,reverse_eng_risk,2376321,find_phi_fixed_budget_reverse_engineering_risk,"{""m_exploration"": 20, ""eps_target"": 0.0001, ""budget"": 2376321}"
"U(0.001,0.01), eps=1e-04",0.001,0.01,0.0001,reverse_eng_risk,2866443,find_phi_fixed_budget_reverse_engineering_risk,"{""m_exploration"": 20, ""eps_target"": 0.0001, ""budget"": 2866443}"
"U(0.001,0.01), eps=1e-04",0.001,0.01,0.0001,reverse_eng_risk,3457654,find_phi_fixed_budget_reverse_engineering_risk,"{""m_exploration"": 20, ""eps_target"": 0.0001, ""budget"": 3457654}"
"U(0.001,0.01), eps=1e-04",0.001,0.01,0.0001,reverse_eng_risk,4170804,find_phi_fixed_budget_reverse_engineering_risk,"{""m_exploration"": 20, ""eps_target"": 0.0001, ""budget"": 4170804}"
"U(0.001,0.01), eps=1e-04",0.001,0.01,0.0001,reverse_eng_risk,5031044,find_phi_fixed_budget_reverse_engineering_risk,"{""m_exploration"": 20, ""eps_target"": 0.0001, ""budget"": 5031044}"
"U(0.001,0.01), eps=1e-04",0.001,0.01,0.0001,reverse_eng_risk,6068709,find_phi_fixed_budget_reverse_engineering_risk,"{""m_exploration"": 20, ""eps_target"": 0.0001, ""budget"": 6068709}"
"U(0.001,0.01), eps=1e-04",0.001,0.01,0.0001,reverse_eng_risk,7320396,find_phi_fixed_budget_reverse_engineering_risk,"{""m_exploration"": 20, ""eps_target"": 0.0001, ""budget"": 7320396}"
"U(0.001,0.01), eps=1e-04",0.001,0.01,0.0001,reverse_eng_risk,8830246,find_phi_fixed_budget_reverse_engineering_risk,"{""m_exploration"": 20, ""eps_target"": 0.0001, ""budget"": 8830246}"
"U(0.001,0.01), eps=1e-04",0.001,0.01,0.0001,reverse_eng_risk,10651507,find_phi_fixed_budget_reverse_engineering_risk,"{""m_exploration"": 20, ""eps_target"": 0.0001, ""budget"": 10651507}"
"U(0.001,0.01), eps=1e-04",0.001,0.01,0.0001,reverse_eng_risk,12848407,find_phi_fixed_budget_reverse_engineering_risk,"{""m_exploration"": 20, ""eps_target"": 0.0001, ""budget"": 12848407}"
"U(0.001,0.01), eps=1e-04",0.001,0.01,0.0001,binary_risk,8565,find_phi_fixed_budget_binary_search_risk,"{""m_exploration"": 20, ""conf"": 0.5, ""eps_target"": 0.0001, ""budget"": 8565}"
"U(0.001,0.01), eps=1e-04",0.001,0.01,0.0001,binary_risk,10332,find_phi_fixed_budget_binary_search_risk,"{""m_exploration"": 20, ""conf"": 0.5, ""eps_target"": 0.0001, ""budget"": 10332}"
"U(0.001,0.01), eps=1e-04",0.001,0.01,0.0001,binary_risk,12463,find_phi_fixed_budget_binary_search_risk,"{""m_exploration"": 20, ""conf"": 0.5, ""eps_target"": 0.0001, ""budget"": 12463}"
"U(0.001,0.01), eps=1e-04",0.001,0.01,0.0001,binary_risk,15033,find_phi_fixed_budget_binary_search_risk,"{""m_exploration"": 20, ""conf"": 0.5, ""eps_target"": 0.0001, ""budget"": 15033}"
"U(0.001,0.01), eps=1e-04",0.001,0.01,0.0001,binary_risk,18134,find_phi_fixed_budget_binary_search_risk,"{""m_exploration"": 20, ""conf"": 0.5, ""eps_target"": 0.0001, ""budget"": 18134}"
"U(0.001,0.01), eps=1e-04",0.001,0.01,0.0001,binary_risk,21875,find_phi_fixed_budget_binary_search_risk,"{""m_exploration"": 29, ""conf"": 0.5, ""eps_target"": 0.0001, ""budget"": 21875}"
"U(0.001,0.01), eps=1e-04",0.001,0.01,0.0001,binary_risk,26386,find_phi_fixed_budget_binary_search_risk,"{""m_exploration"": 29, ""conf"": 0.5, ""eps_target"": 0.0001, ""budget"": 26386}"
"U(0.001,0.01), eps=1e-04",0.001,0.01,0.0001,binary_risk,31829,find_phi_fixed_budget_binary_search_risk,"{""m_exploration"": 43, ""conf"": 0.5, ""eps_target"": 0.0001, ""budget"": 31829}"
"U(0.001,0.01), eps=1e-04",0.001,0.01,0.0001,binary_risk,38394,find_phi_fixed_budget_binary_search_risk,"{""m_exploration"": 43, ""conf"": 0.5, ""eps_target"": 0.0001, ""budget"": 38394}"
"U(0.001,0.01), eps=1e-04",0.001,0.01,0.0001,binary_risk,46312,find_phi_fixed_budget_binary_search_risk,"{""m_exploration"": 63, ""conf"": 0.5, ""eps_target"": 0.0001, ""budget"": 46312}"
"U(0.001,0.01), eps=1e-04",0.001,0.01,0.0001,binary_risk,55865,find_phi_fixed_budget_binary_search_risk,"{""m_exploration"": 63, ""conf"": 0.5, ""eps_target"": 0.0001, ""budget"": 55865}"
"U(0.001,0.01), eps=1e-04",0.001,0.01,0.0001,binary_risk,67387,find_phi_fixed_budget_binary_search_risk,"{""m_exploration"": 93, ""conf"": 0.5, ""eps_target"": 0.0001, ""budget"": 67387}"
"U(0.001,0.01), eps=1e-04",0.001,0.01,0.0001,binary_risk,81286,find_phi_fixed_budget_binary_search_risk,"{""m_exploration"": 93, ""conf"": 0.5, ""eps_target"": 0.0001, ""budget"": 81286}"
"U(0.001,0.01), eps=1e-04",0.001,0.01,0.0001,binary_risk,98051,find_phi_fixed_budget_binary_search_risk,"{""m_exploration"": 136, ""conf"": 0.5, ""eps_target"": 0.0001, ""budget"": 98051}"
"U(0.001,0.01), eps=1e-04",0.001,0.01,0.0001,binary_risk,118275,find_phi_fixed_budget_binary_search_risk,"{""m_exploration"": 136, ""conf"": 0.5, ""eps_target"": 0.0001, ""budget"": 118275}"
"U(0.001,0.01), eps=1e-04",0.001,0.01,0.0001,binary_risk,142669,find_phi_fixed_budget_binary_search_risk,"{""m_exploration"": 201, ""conf"": 0.5, ""eps_target"": 0.0001, ""budget"": 142669}"
"U(0.001,0.01), eps=1e-04",0.001,0.01,0.0001,binary_risk,172095,find_phi_fixed_budget_binary_search_risk,"{""m_exploration"": 201, ""conf"": 0.5, ""eps_target"": 0.0001, ""budget"": 172095}"
"U(0.001,0.01), eps=1e-04",0.001,0.01,0.0001,binary_risk,207590,find_phi_fixed_budget_binary_search_risk,"{""m_exploration"": 295, ""conf"": 0.5, ""eps_target"": 0.0001, ""budget"": 207590}"
"U(0.001,0.01), eps=1e-04",0.001,0.01,0.0001,binary_risk,250406,find_phi_fixed_budget_binary_search_risk,"{""m_exploration"": 295, ""conf"": 0.5, ""eps_target"": 0.0001, ""budget"": 250406}"
"U(0.001,0.01), eps=1e-04",0.001,0.01,0.0001,binary_risk,302053,find_phi_fixed_budget_binary_search_risk,"{""m_exploration"": 433, ""conf"": 0.5, ""eps_target"": 0.0001, ""budget"": 302053}"
"U(0.001,0.01), eps=1e-04",0.001,0.01,0.0001,binary_risk,364353,find_phi_fixed_budget_binary_search_risk,"{""m_exploration"": 433, ""conf"": 0.5, ""eps_target"": 0.0001, ""budget"": 364353}"
"U(0.001,0.01), eps=1e-04",0.001,0.01,0.0001,binary_risk,439502,find_phi_fixed_budget_binary_search_risk,"{""m_exploration"": 433, ""conf"": 0.5, ""eps_target"": 0.0001, ""budget"": 439502}"
"U(0.001,0.01), eps=1e-04",0.001,0.01,0.0001,binary_risk,530150,find_phi_fixed_budget_binary_search_risk,"{""m_exploration"": 637, ""conf"": 0.5, ""eps_target"": 0.0001, ""budget"": 530150}"
"U(0.001,0.01), eps=1e-04",0.001,0.01,0.0001,binary_risk,639495,find_phi_fixed_budget_binary_search_risk,"{""m_exploration"": 637, ""conf"": 0.5, ""eps_target"": 0.0001, ""budget"": 639495}"
"U(0.001,0.01), eps=1e-04",0.001,0.01,0.0001,binary_risk,771393,find_phi_fixed_budget_binary_search_risk,"{""m_exploration"": 936, ""conf"": 0.5, ""eps_target"": 0.0001, ""budget"": 771393}"
"U(0.001,0.01), eps=1e-04",0.001,0.01,0.0001,binary_risk,930494,find_phi_fixed_budget_binary_search_risk,"{""m_exploration"": 936, ""conf"": 0.5, ""eps_target"": 0.0001, ""budget"": 930494}"
"U(0.001,0.01), eps=1e-04",0.001,0.01,0.0001,binary_risk,1122411,find_phi_fixed_budget_binary_search_risk,"{""m_exploration"": 43, ""conf"": 0.65, ""eps_target"": 0.0001, ""budget"": 1122411}"
"U(0.001,0.01), eps=1e-04",0.001,0.01,0.0001,binary_risk,1353912,find_phi_fixed_budget_binary_search_risk,"{""m_exploration"": 1375, ""conf"": 0.5, ""eps_target"": 0.0001, ""budget"": 1353912}"
"U(0.001,0.01), eps=1e-04",0.001,0.01,0.0001,binary_risk,1633159,find_phi_fixed_budget_binary_search_risk,"{""m_exploration"": 29, ""conf"": 0.5, ""eps_target"": 0.0001, ""budget"": 1633159}"
"U(0.001,0.01), eps=1e-04",0.001,0.01,0.0001,binary_risk,1970003,find_phi_fixed_budget_binary_search_risk,"{""m_exploration"": 2020, ""conf"": 0.5, ""eps_target"": 0.0001, ""budget"": 1970003}"
"U(0.001,0.01), eps=1e-04",0.001,0.01,0.0001,binary_risk,2376321,find_phi_fixed_budget_binary_search_risk,"{""m_exploration"": 63, ""conf"": 0.5, ""eps_target"": 0.0001, ""budget"": 2376321}"
"U(0.001,0.01), eps=1e-04",0.001,0.01,0.0001,binary_risk,2866443,find_phi_fixed_budget_binary_search_risk,"{""m_exploration"": 29, ""conf"": 0.5, ""eps_target"": 0.0001, ""budget"": 2866443}"
"U(0.001,0.01), eps=1e-04",0.001,0.01,0.0001,binary_risk,3457654,find_phi_fixed_budget_binary_search_risk,"{""m_exploration"": 29, ""conf"": 0.5, ""eps_target"": 0.0001, ""budget"": 3457654}"
"U(0.001,0.01), eps=1e-04",0.001,0.01,0.0001,binary_risk,4170804,find_phi_fixed_budget_binary_search_risk,"{""m_exploration"": 29, ""conf"": 0.5, ""eps_target"": 0.0001, ""budget"": 4170804}"
"U(0.001,0.01), eps=1e-04",0.001,0.01,0.0001,binary_risk,5031044,find_phi_fixed_budget_binary_search_risk,"{""m_exploration"": 20, ""conf"": 0.5, ""eps_target"": 0.0001, ""budget"": 5031044}"
"U(0.001,0.01), eps=1e-04",0.001,0.01,0.0001,binary_risk,6068709,find_phi_fixed_budget_binary_search_risk,"{""m_exploration"": 20, ""conf"": 0.5, ""eps_target"": 0.0001, ""budget"": 6068709}"
"U(0.001,0.01), eps=1e-04",0.001,0.01,0.0001,binary_risk,7320396,find_phi_fixed_budget_binary_search_risk,"{""m_exploration"": 20, ""conf"": 0.5, ""eps_target"": 0.0001, ""budget"": 7320396}"
"U(0.001,0.01), eps=1e-04",0.001,0.01,0.0001,binary_risk,8830246,find_phi_fixed_budget_binary_search_risk,"{""m_exploration"": 20, ""conf"": 0.5, ""eps_target"": 0.0001, ""budget"": 8830246}"
"U(0.001,0.01), eps=1e-04",0.001,0.01,0.0001,binary_risk,10651507,find_phi_fixed_budget_binary_search_risk,"{""m_exploration"": 20, ""conf"": 0.5, ""eps_target"": 0.0001, ""budget"": 10651507}"
"U(0.001,0.01), eps=1e-04",0.001,0.01,0.0001,binary_risk,12848407,find_phi_fixed_budget_binary_search_risk,"{""m_exploration"": 20, ""conf"": 0.5, ""eps_target"": 0.0001, ""budget"": 12848407}"
"U(0.01,0.1), eps=1e-05",0.01,0.1,1e-05,linear,8965333,find_phi_fixed_budget_linear_search,"{""m_exploration"": 166, ""lookback_window"": 5, ""safeguard"": 1, ""inc"": 2, ""budget"": 8965333}"
"U(0.01,0.1), eps=1e-05",0.01,0.1,1e-05,linear,10814456,find_phi_fixed_budget_linear_search,"{""m_exploration"": 284, ""lookback_window"": 5, ""safeguard"": 1, ""inc"": 1, ""budget"": 10814456}"
"U(0.01,0.1), eps=1e-05",0.01,0.1,1e-05,linear,13044964,find_phi_fixed_budget_linear_search,"{""m_exploration"": 284, ""lookback_window"": 5, ""safeguard"": 1, ""inc"": 1, ""budget"": 13044964}"
"U(0.01,0.1), eps=1e-05",0.01,0.1,1e-05,linear,15735521,find_phi_fixed_budget_linear_search,"{""m_exploration"": 284, ""lookback_window"": 5, ""safeguard"": 1, ""inc"": 1, ""budget"": 15735521}"
"U(0.01,0.1), eps=1e-05",0.01,0.1,1e-05,linear,18981013,find_phi_fixed_budget_linear_search,"{""m_exploration"": 284, ""lookback_window"": 5, ""safeguard"": 1, ""inc"": 1, ""budget"": 18981013}"
"U(0.01,0.1), eps=1e-05",0.01,0.1,1e-05,linear,22895895,find_phi_fixed_budget_linear_search,"{""m_exploration"": 284, ""lookback_window"": 5, ""safeguard"": 1, ""inc"": 1, ""budget"": 22895895}"
"U(0.01,0.1), eps=1e-05",0.01,0.1,1e-05,linear,27618231,find_phi_fixed_budget_linear_search,"{""m_exploration"": 284, ""lookback_window"": 5, ""safeguard"": 1, ""inc"": 1, ""budget"": 27618231}"
"U(0.01,0.1), eps=1e-05",0.01,0.1,1e-05,linear,33314561,find_phi_fixed_budget_linear_search,"{""m_exploration"": 284, ""lookback_window"": 5, ""safeguard"": 1, ""inc"": 1, ""budget"": 33314561}"
"U(0.01,0.1), eps=1e-05",0.01,0.1,1e-05,linear,40185774,find_phi_fixed_budget_linear_search,"{""m_exploration"": 284, ""lookback_window"": 5, ""safeguard"": 1, ""inc"": 1, ""budget"": 40185774}"
"U(0.01,0.1), eps=1e-05",0.01,0.1,1e-05,linear,48474191,find_phi_fixed_budget_linear_search,"{""m_exploration"": 284, ""lookback_window"": 5, ""safeguard"": 1, ""inc"": 1, ""budget"": 48474191}"
"U(0.01,0.1), eps=1e-05",0.01,0.1,1e-05,linear,58472116,find_phi_fixed_budget_linear_search,"{""m_exploration"": 284, ""lookback_window"": 5, ""safeguard"": 1, ""inc"": 1, ""budget"": 58472116}"
"U(0.01,0.1), eps=1e-05",0.01,0.1,1e-05,linear,70532138,find_phi_fixed_budget_linear_search,"{""m_exploration"": 284, ""lookback_window"": 5, ""safeguard"": 1, ""inc"": 1, ""budget"": 70532138}"
"U(0.01,0.1), eps=1e-05",0.01,0.1,1e-05,linear,85079570,find_phi_fixed_budget_linear_search,"{""m_exploration"": 284, ""lookback_window"": 5, ""safeguard"": 1, ""inc"": 1, ""budget"": 85079570}"
"U(0.01,0.1), eps=1e-05",0.01,0.1,1e-05,linear,102627447,find_phi_fixed_budget_linear_search,"{""m_exploration"": 217, ""lookback_window"": 5, ""safeguard"": 1, ""inc"": 2, ""budget"": 102627447}"
"U(0.01,0.1), eps=1e-05",0.01,0.1,1e-05,linear,123794618,find_phi_fixed_budget_linear_search,"{""m_exploration"": 217, ""lookback_window"": 5, ""safeguard"": 1, ""inc"": 2, ""budget"": 123794618}"
"U(0.01,0.1), eps=1e-05",0.01,0.1,1e-05,linear,149327571,find_phi_fixed_budget_linear_search,"{""m_exploration"": 97, ""lookback_window"": 5, ""safeguard"": 1, ""inc"": 1, ""budget"": 149327571}"
"U(0.01,0.1), eps=1e-05",0.01,0.1,1e-05,linear,180126761,find_phi_fixed_budget_linear_search,"{""m_exploration"": 7066, ""lookback_window"": 5, ""safeguard"": 0, ""inc"": 1, ""budget"": 180126761}"
"U(0.01,0.1), eps=1e-05",0.01,0.1,1e-05,linear,217278361,find_phi_fixed_budget_linear_search,"{""m_exploration"": 1852, ""lookback_window"": 5, ""safeguard"": 1, ""inc"": 1, ""budget"": 217278361}"
"U(0.01,0.1), eps=1e-05",0.01,0.1,1e-05,linear,262092573,find_phi_fixed_budget_linear_search,"{""m_exploration"": 1852, ""lookback_window"": 5, ""safeguard"": 1, ""inc"": 1, ""budget"": 262092573}"
"U(0.01,0.1), eps=1e-05",0.01,0.1,1e-05,linear,316149829,find_phi_fixed_budget_linear_search,"{""m_exploration"": 1084, ""lookback_window"": 5, ""safeguard"": 1, ""inc"": 2, ""budget"": 316149829}"
"U(0.01,0.1), eps=1e-05",0.01,0.1,1e-05,linear,381356532,find_phi_fixed_budget_linear_search,"{""m_exploration"": 4136, ""lookback_window"": 5, ""safeguard"": 1, ""inc"": 2, ""budget"": 381356532}"
"U(0.01,0.1), eps=1e-05",0.01,0.1,1e-05,linear,460012281,find_phi_fixed_budget_linear_search,"{""m_exploration"": 60179, ""lookback_window"": 5, ""safeguard"": 0, ""inc"": 2, ""budget"": 460012281}"
"U(0.01,0.1), eps=1e-05",0.01,0.1,1e-05,linear,554890978,find_phi_fixed_budget_linear_search,"{""m_exploration"": 2421, ""lookback_window"": 5, ""safeguard"": 1, ""inc"": 1, ""budget"": 554890978}"
"U(0.01,0.1), eps=1e-05",0.01,0.1,1e-05,linear,669338647,find_phi_fixed_budget_linear_search,"{""m_exploration"": 4136, ""lookback_window"": 5, ""safeguard"": 1, ""inc"": 2, ""budget"": 669338647}"
"U(0.01,0.1), eps=1e-05",0.01,0.1,1e-05,linear,807391437,find_phi_fixed_budget_linear_search,"{""m_exploration"": 102802, ""lookback_window"": 5, ""safeguard"": 0, ""inc"": 2, ""budget"": 807391437}"
"U(0.01,0.1), eps=1e-05",0.01,0.1,1e-05,linear,973917964,find_phi_fixed_budget_linear_search,"{""m_exploration"": 60179, ""lookback_window"": 3, ""safeguard"": 0, ""inc"": 1, ""budget"": 973917964}"
"U(0.01,0.1), eps=1e-05",0.01,0.1,1e-05,linear,1174791008,find_phi_fixed_budget_linear_search,"{""m_exploration"": 60179, ""lookback_window"": 3, ""safeguard"": 0, ""inc"": 1, ""budget"": 1174791008}"
"U(0.01,0.1), eps=1e-05",0.01,0.1,1e-05,linear,1417094627,find_phi_fixed_budget_linear_search,"{""m_exploration"": 5406, ""lookback_window"": 5, ""safeguard"": 2, ""inc"": 1, ""budget"": 1417094627}"
"U(0.01,0.1), eps=1e-05",0.01,0.1,1e-05,linear,1709373980,find_phi_fixed_budget_linear_search,"{""m_exploration"": 166, ""lookback_window"": 5, ""safeguard"": 3, ""inc"": 1, ""budget"": 1709373980}"
"U(0.01,0.1), eps=1e-05",0.01,0.1,1e-05,linear,2061936689,find_phi_fixed_budget_linear_search,"{""m_exploration"": 3, ""lookback_window"": 1, ""safeguard"": 3, ""inc"": 1, ""budget"": 2061936689}"
"U(0.01,0.1), eps=1e-05",0.01,0.1,1e-05,linear,2487216348,find_phi_fixed_budget_linear_search,"{""m_exploration"": 3, ""lookback_window"": 1, ""safeguard"": 3, ""inc"": 1, ""budget"": 2487216348}"
"U(0.01,0.1), eps=1e-05",0.01,0.1,1e-05,linear,3000211014,find_phi_fixed_budget_linear_search,"{""m_exploration"": 3, ""lookback_window"": 1, ""safeguard"": 3, ""inc"": 1, ""budget"": 3000211014}"
"U(0.01,0.1), eps=1e-05",0.01,0.1,1e-05,linear,3619012128,find_phi_fixed_budget_linear_search,"{""m_exploration"": 3, ""lookback_window"": 1, ""safeguard"": 3, ""inc"": 1, ""budget"": 3619012128}"
"U(0.01,0.1), eps=1e-05",0.01,0.1,1e-05,linear,4365442537,find_phi_fixed_budget_linear_search,"{""m_exploration"": 3, ""lookback_window"": 1, ""safeguard"": 3, ""inc"": 1, ""budget"": 4365442537}"
"U(0.01,0.1), eps=1e-05",0.01,0.1,1e-05,linear,5265826107,find_phi_fixed_budget_linear_search,"{""m_exploration"": 3, ""lookback_window"": 1, ""safeguard"": 3, ""inc"": 1, ""budget"": 5265826107}"
"U(0.01,0.1), eps=1e-05",0.01,0.1,1e-05,linear,6351916067,find_phi_fixed_budget_linear_search,"{""m_exploration"": 3, ""lookback_window"": 1, ""safeguard"": 3, ""inc"": 1, ""budget"": 6351916067}"
"U(0.01,0.1), eps=1e-05",0.01,0.1,1e-05,linear,7662014829,find_phi_fixed_budget_linear_search,"{""m_exploration"": 3, ""lookback_window"": 1, ""safeguard"": 3, ""inc"": 1, ""budget"": 7662014829}"
"U(0.01,0.1), eps=1e-05",0.01,0.1,1e-05,linear,9242324776,find_phi_fixed_budget_linear_search,"{""m_exploration"": 3, ""lookback_window"": 1, ""safeguard"": 3, ""inc"": 1, ""budget"": 9242324776}"
"U(0.01,0.1), eps=1e-05",0.01,0.1,1e-05,linear,11148577648,find_phi_fixed_budget_linear_search,"{""m_exploration"": 3, ""lookback_window"": 1, ""safeguard"": 3, ""inc"": 1, ""budget"": 11148577648}"
"U(0.01,0.1), eps=1e-05",0.01,0.1,1e-05,linear,13447999999,find_phi_fixed_budget_linear_search,"{""m_exploration"": 3, ""lookback_window"": 1, ""safeguard"": 3, ""inc"": 1, ""budget"": 13447999999}"
"U(0.01,0.1), eps=1e-05",0.01,0.1,1e-05,reverse_eng,8965333,find_phi_fixed_budget_reverse_engineering,"{""m_exploration"": 8343, ""safeguard"": 0.975, ""budget"": 8965333}"
"U(0.01,0.1), eps=1e-05",0.01,0.1,1e-05,reverse_eng,10814456,find_phi_fixed_budget_reverse_engineering,"{""m_exploration"": 10074, ""safeguard"": 0.975, ""budget"": 10814456}"
"U(0.01,0.1), eps=1e-05",0.01,0.1,1e-05,reverse_eng,13044964,find_phi_fixed_budget_reverse_engineering,"{""m_exploration"": 10074, ""safeguard"": 0.975, ""budget"": 13044964}"
"U(0.01,0.1), eps=1e-05",0.01,0.1,1e-05,reverse_eng,15735521,find_phi_fixed_budget_reverse_engineering,"{""m_exploration"": 17736, ""safeguard"": 0.975, ""budget"": 15735521}"
"U(0.01,0.1), eps=1e-05",0.01,0.1,1e-05,reverse_eng,18981013,find_phi_fixed_budget_reverse_engineering,"{""m_exploration"": 17736, ""safeguard"": 0.975, ""budget"": 18981013}"
"U(0.01,0.1), eps=1e-05",0.01,0.1,1e-05,reverse_eng,22895895,find_phi_fixed_budget_reverse_engineering,"{""m_exploration"": 17736, ""safeguard"": 0.975, ""budget"": 22895895}"
"U(0.01,0.1), eps=1e-05",0.01,0.1,1e-05,reverse_eng,27618231,find_phi_fixed_budget_reverse_engineering,"{""m_exploration"": 6909, ""safeguard"": 0.95, ""budget"": 27618231}"
"U(0.01,0.1), eps=1e-05",0.01,0.1,1e-05,reverse_eng,33314561,find_phi_fixed_budget_reverse_engineering,"{""m_exploration"": 17736, ""safeguard"": 0.975, ""budget"": 33314561}"
"U(0.01,0.1), eps=1e-05",0.01,0.1,1e-05,reverse_eng,40185774,find_phi_fixed_budget_reverse_engineering,"{""m_exploration"": 17736, ""safeguard"": 0.975, ""budget"": 40185774}"
"U(0.01,0.1), eps=1e-05",0.01,0.1,1e-05,reverse_eng,48474191,find_phi_fixed_budget_reverse_engineering,"{""m_exploration"": 31225, ""safeguard"": 0.975, ""budget"": 48474191}"
"U(0.01,0.1), eps=1e-05",0.01,0.1,1e-05,reverse_eng,58472116,find_phi_fixed_budget_reverse_engineering,"{""m_exploration"": 14688, ""safeguard"": 0.95, ""budget"": 58472116}"
"U(0.01,0.1), eps=1e-05",0.01,0.1,1e-05,reverse_eng,70532138,find_phi_fixed_budget_reverse_engineering,"{""m_exploration"": 66381, ""safeguard"": 0.975, ""budget"": 70532138}"
"U(0.01,0.1), eps=1e-05",0.01,0.1,1e-05,reverse_eng,85079570,find_phi_fixed_budget_reverse_engineering,"{""m_exploration"": 54974, ""safeguard"": 0.975, ""budget"": 85079570}"
"U(0.01,0.1), eps=1e-05",0.01,0.1,1e-05,reverse_eng,102627447,find_phi_fixed_budget_reverse_engineering,"{""m_exploration"": 10074, ""safeguard"": 0.95, ""budget"": 102627447}"
"U(0.01,0.1), eps=1e-05",0.01,0.1,1e-05,reverse_eng,123794618,find_phi_fixed_budget_reverse_engineering,"{""m_exploration"": 14688, ""safeguard"": 0.975, ""budget"": 123794618}"
"U(0.01,0.1), eps=1e-05",0.01,0.1,1e-05,reverse_eng,149327571,find_phi_fixed_budget_reverse_engineering,"{""m_exploration"": 66381, ""safeguard"": 0.975, ""budget"": 149327571}"
"U(0.01,0.1), eps=1e-05",0.01,0.1,1e-05,reverse_eng,180126761,find_phi_fixed_budget_reverse_engineering,"{""m_exploration"": 66381, ""safeguard"": 0.975, ""budget"": 180126761}"
"U(0.01,0.1), eps=1e-05",0.01,0.1,1e-05,reverse_eng,217278361,find_phi_fixed_budget_reverse_engineering,"{""m_exploration"": 10074, ""safeguard"": 0.95, ""budget"": 217278361}"
"U(0.01,0.1), eps=1e-05",0.01,0.1,1e-05,reverse_eng,262092573,find_phi_fixed_budget_reverse_engineering,"{""m_exploration"": 66381, ""safeguard"": 0.975, ""budget"": 262092573}"
"U(0.01,0.1), eps=1e-05",0.01,0.1,1e-05,reverse_eng,316149829,find_phi_fixed_budget_reverse_engineering,"{""m_exploration"": 45528, ""safeguard"": 0.975, ""budget"": 316149829}"
"U(0.01,0.1), eps=1e-05",0.01,0.1,1e-05,reverse_eng,381356532,find_phi_fixed_budget_reverse_engineering,"{""m_exploration"": 66381, ""safeguard"": 0.975, ""budget"": 381356532}"
"U(0.01,0.1), eps=1e-05",0.01,0.1,1e-05,reverse_eng,460012281,find_phi_fixed_budget_reverse_engineering,"{""m_exploration"": 2691, ""safeguard"": 0.9, ""budget"": 460012281}"
"U(0.01,0.1), eps=1e-05",0.01,0.1,1e-05,reverse_eng,554890978,find_phi_fixed_budget_reverse_engineering,"{""m_exploration"": 66381, ""safeguard"": 0.975, ""budget"": 554890978}"
"U(0.01,0.1), eps=1e-05",0.01,0.1,1e-05,reverse_eng,669338647,find_phi_fixed_budget_reverse_engineering,"{""m_exploration"": 66381, ""safeguard"": 0.975, ""budget"": 669338647}"
"U(0.01,0.1), eps=1e-05",0.01,0.1,1e-05,reverse_eng,807391437,find_phi_fixed_budget_reverse_engineering,"{""m_exploration"": 21416, ""safeguard"": 0.95, ""budget"": 807391437}"
"U(0.01,0.1), eps=1e-05",0.01,0.1,1e-05,reverse_eng,973917964,find_phi_fixed_budget_reverse_engineering,"{""m_exploration"": 21416, ""safeguard"": 0.95, ""budget"": 973917964}"
"U(0.01,0.1), eps=1e-05",0.01,0.1,1e-05,reverse_eng,1174791008,find_phi_fixed_budget_reverse_engineering,"{""m_exploration"": 8343, ""safeguard"": 0.9, ""budget"": 1174791008}"
"U(0.01,0.1), eps=1e-05",0.01,0.1,1e-05,reverse_eng,1417094627,find_phi_fixed_budget_reverse_engineering,"{""m_exploration"": 3250, ""safeguard"": 0.85, ""budget"": 1417094627}"
"U(0.01,0.1), eps=1e-05",0.01,0.1,1e-05,reverse_eng,1709373980,find_phi_fixed_budget_reverse_engineering,"{""m_exploration"": 1528, ""safeguard"": 0.85, ""budget"": 1709373980}"
"U(0.01,0.1), eps=1e-05",0.01,0.1,1e-05,reverse_eng,2061936689,find_phi_fixed_budget_reverse_engineering,"{""m_exploration"": 1528, ""safeguard"": 0.8, ""budget"": 2061936689}"
"U(0.01,0.1), eps=1e-05",0.01,0.1,1e-05,reverse_eng,2487216348,find_phi_fixed_budget_reverse_engineering,"{""m_exploration"": 1528, ""safeguard"": 0.8, ""budget"": 2487216348}"
"U(0.01,0.1), eps=1e-05",0.01,0.1,1e-05,reverse_eng,3000211014,find_phi_fixed_budget_reverse_engineering,"{""m_exploration"": 1528, ""safeguard"": 0.8, ""budget"": 3000211014}"
"U(0.01,0.1), eps=1e-05",0.01,0.1,1e-05,reverse_eng,3619012128,find_phi_fixed_budget_reverse_engineering,"{""m_exploration"": 1528, ""safeguard"": 0.8, ""budget"": 3619012128}"
"U(0.01,0.1), eps=1e-05",0.01,0.1,1e-05,reverse_eng,4365442537,find_phi_fixed_budget_reverse_engineering,"{""m_exploration"": 1528, ""safeguard"": 0.8, ""budget"": 4365442537}"
"U(0.01,0.1), eps=1e-05",0.01,0.1,1e-05,reverse_eng,5265826107,find_phi_fixed_budget_reverse_engineering,"{""m_exploration"": 1528, ""safeguard"": 0.8, ""budget"": 5265826107}"
"U(0.01,0.1), eps=1e-05",0.01,0.1,1e-05,reverse_eng,6351916067,find_phi_fixed_budget_reverse_engineering,"{""m_exploration"": 1528, ""safeguard"": 0.8, ""budget"": 6351916067}"
"U(0.01,0.1), eps=1e-05",0.01,0.1,1e-05,reverse_eng,7662014829,find_phi_fixed_budget_reverse_engineering,"{""m_exploration"": 1528, ""safeguard"": 0.8, ""budget"": 7662014829}"
"U(0.01,0.1), eps=1e-05",0.01,0.1,1e-05,reverse_eng,9242324776,find_phi_fixed_budget_reverse_engineering,"{""m_exploration"": 1528, ""safeguard"": 0.8, ""budget"": 9242324776}"
"U(0.01,0.1), eps=1e-05",0.01,0.1,1e-05,reverse_eng,11148577648,find_phi_fixed_budget_reverse_engineering,"{""m_exploration"": 1528, ""safeguard"": 0.8, ""budget"": 11148577648}"
"U(0.01,0.1), eps=1e-05",0.01,0.1,1e-05,reverse_eng,13447999999,find_phi_fixed_budget_reverse_engineering,"{""m_exploration"": 1528, ""safeguard"": 0.8, ""budget"": 13447999999}"
"U(0.01,0.1), eps=1e-05",0.01,0.1,1e-05,binary,8965333,find_phi_fixed_budget_binary_search,"{""m_exploration"": 2020, ""safeguard"": 2, ""conf"": 0.95, ""budget"": 8965333}"
"U(0.01,0.1), eps=1e-05",0.01,0.1,1e-05,binary,10814456,find_phi_fixed_budget_binary_search,"{""m_exploration"": 2020, ""safeguard"": 2, ""conf"": 0.95, ""budget"": 10814456}"
"U(0.01,0.1), eps=1e-05",0.01,0.1,1e-05,binary,13044964,find_phi_fixed_budget_binary_search,"{""m_exploration"": 2020, ""safeguard"": 2, ""conf"": 0.95, ""budget"": 13044964}"
"U(0.01,0.1), eps=1e-05",0.01,0.1,1e-05,binary,15735521,find_phi_fixed_budget_binary_search,"{""m_exploration"": 2020, ""safeguard"": 2, ""conf"": 0.95, ""budget"": 15735521}"
"U(0.01,0.1), eps=1e-05",0.01,0.1,1e-05,binary,18981013,find_phi_fixed_budget_binary_search,"{""m_exploration"": 2020, ""safeguard"": 2, ""conf"": 0.95, ""budget"": 18981013}"
"U(0.01,0.1), eps=1e-05",0.01,0.1,1e-05,binary,22895895,find_phi_fixed_budget_binary_search,"{""m_exploration"": 2020, ""safeguard"": 2, ""conf"": 0.95, ""budget"": 22895895}"
"U(0.01,0.1), eps=1e-05",0.01,0.1,1e-05,binary,27618231,find_phi_fixed_budget_binary_search,"{""m_exploration"": 2020, ""safeguard"": 2, ""conf"": 0.95, ""budget"": 27618231}"
"U(0.01,0.1), eps=1e-05",0.01,0.1,1e-05,binary,33314561,find_phi_fixed_budget_binary_search,"{""m_exploration"": 2968, ""safeguard"": 2, ""conf"": 0.95, ""budget"": 33314561}"
"U(0.01,0.1), eps=1e-05",0.01,0.1,1e-05,binary,40185774,find_phi_fixed_budget_binary_search,"{""m_exploration"": 2968, ""safeguard"": 2, ""conf"": 0.95, ""budget"": 40185774}"
"U(0.01,0.1), eps=1e-05",0.01,0.1,1e-05,binary,48474191,find_phi_fixed_budget_binary_search,"{""m_exploration"": 2020, ""safeguard"": 2, ""conf"": 0.95, ""budget"": 48474191}"
"U(0.01,0.1), eps=1e-05",0.01,0.1,1e-05,binary,58472116,find_phi_fixed_budget_binary_search,"{""m_exploration"": 2020, ""safeguard"": 2, ""conf"": 0.95, ""budget"": 58472116}"
"U(0.01,0.1), eps=1e-05",0.01,0.1,1e-05,binary,70532138,find_phi_fixed_budget_binary_search,"{""m_exploration"": 13828, ""safeguard"": 2, ""conf"": 0.95, ""budget"": 70532138}"
"U(0.01,0.1), eps=1e-05",0.01,0.1,1e-05,binary,85079570,find_phi_fixed_budget_binary_search,"{""m_exploration"": 13828, ""safeguard"": 2, ""conf"": 0.95, ""budget"": 85079570}"
"U(0.01,0.1), eps=1e-05",0.01,0.1,1e-05,binary,102627447,find_phi_fixed_budget_binary_search,"{""m_exploration"": 4361, ""safeguard"": 2, ""conf"": 0.95, ""budget"": 102627447}"
"U(0.01,0.1), eps=1e-05",0.01,0.1,1e-05,binary,123794618,find_phi_fixed_budget_binary_search,"{""m_exploration"": 2020, ""safeguard"": 2, ""conf"": 0.95, ""budget"": 123794618}"
"U(0.01,0.1), eps=1e-05",0.01,0.1,1e-05,binary,149327571,find_phi_fixed_budget_binary_search,"{""m_exploration"": 13828, ""safeguard"": 2, ""conf"": 0.95, ""budget"": 149327571}"
"U(0.01,0.1), eps=1e-05",0.01,0.1,1e-05,binary,180126761,find_phi_fixed_budget_binary_search,"{""m_exploration"": 13828, ""safeguard"": 2, ""conf"": 0.95, ""budget"": 180126761}"
"U(0.01,0.1), eps=1e-05",0.01,0.1,1e-05,binary,217278361,find_phi_fixed_budget_binary_search,"{""m_exploration"": 13828, ""safeguard"": 2, ""conf"": 0.95, ""budget"": 217278361}"
"U(0.01,0.1), eps=1e-05",0.01,0.1,1e-05,binary,262092573,find_phi_fixed_budget_binary_search,"{""m_exploration"": 13828, ""safeguard"": 2, ""conf"": 0.95, ""budget"": 262092573}"
"U(0.01,0.1), eps=1e-05",0.01,0.1,1e-05,binary,316149829,find_phi_fixed_budget_binary_search,"{""m_exploration"": 13828, ""safeguard"": 2, ""conf"": 0.95, ""budget"": 316149829}"
"U(0.01,0.1), eps=1e-05",0.01,0.1,1e-05,binary,381356532,find_phi_fixed_budget_binary_search,"{""m_exploration"": 20314, ""safeguard"": 2, ""conf"": 0.95, ""budget"": 381356532}"
"U(0.01,0.1), eps=1e-05",0.01,0.1,1e-05,binary,460012281,find_phi_fixed_budget_binary_search,"{""m_exploration"": 29844, ""safeguard"": 2, ""conf"": 0.95, ""budget"": 460012281}"
"U(0.01,0.1), eps=1e-05",0.01,0.1,1e-05,binary,554890978,find_phi_fixed_budget_binary_search,"{""m_exploration"": 29844, ""safeguard"": 2, ""conf"": 0.95, ""budget"": 554890978}"
"U(0.01,0.1), eps=1e-05",0.01,0.1,1e-05,binary,669338647,find_phi_fixed_budget_binary_search,"{""m_exploration"": 20314, ""safeguard"": 2, ""conf"": 0.95, ""budget"": 669338647}"
"U(0.01,0.1), eps=1e-05",0.01,0.1,1e-05,binary,807391437,find_phi_fixed_budget_binary_search,"{""m_exploration"": 20314, ""safeguard"": 2, ""conf"": 0.95, ""budget"": 807391437}"
"U(0.01,0.1), eps=1e-05",0.01,0.1,1e-05,binary,973917964,find_phi_fixed_budget_binary_search,"{""m_exploration"": 20314, ""safeguard"": 2, ""conf"": 0.95, ""budget"": 973917964}"
"U(0.01,0.1), eps=1e-05",0.01,0.1,1e-05,binary,1174791008,find_phi_fixed_budget_binary_search,"{""m_exploration"": 20314, ""safeguard"": 2, ""conf"": 0.9, ""budget"": 1174791008}"
"U(0.01,0.1), eps=1e-05",0.01,0.1,1e-05,binary,1417094627,find_phi_fixed_budget_binary_search,"{""m_exploration"": 20314, ""safeguard"": 2, ""conf"": 0.65, ""budget"": 1417094627}"
"U(0.01,0.1), eps=1e-05",0.01,0.1,1e-05,binary,1709373980,find_phi_fixed_budget_binary_search,"{""m_exploration"": 20314, ""safeguard"": 2, ""conf"": 0.65, ""budget"": 1709373980}"
"U(0.01,0.1), eps=1e-05",0.01,0.1,1e-05,binary,2061936689,find_phi_fixed_budget_binary_search,"{""m_exploration"": 20314, ""safeguard"": 2, ""conf"": 0.5, ""budget"": 2061936689}"
"U(0.01,0.1), eps=1e-05",0.01,0.1,1e-05,binary,2487216348,find_phi_fixed_budget_binary_search,"{""m_exploration"": 6407, ""safeguard"": 2, ""conf"": 0.5, ""budget"": 2487216348}"
"U(0.01,0.1), eps=1e-05",0.01,0.1,1e-05,binary,3000211014,find_phi_fixed_budget_binary_search,"{""m_exploration"": 4361, ""safeguard"": 2, ""conf"": 0.5, ""budget"": 3000211014}"
"U(0.01,0.1), eps=1e-05",0.01,0.1,1e-05,binary,3619012128,find_phi_fixed_budget_binary_search,"{""m_exploration"": 1375, ""safeguard"": 2, ""conf"": 0.5, ""budget"": 3619012128}"
"U(0.01,0.1), eps=1e-05",0.01,0.1,1e-05,binary,4365442537,find_phi_fixed_budget_binary_search,"{""m_exploration"": 1375, ""safeguard"": 2, ""conf"": 0.5, ""budget"": 4365442537}"
"U(0.01,0.1), eps=1e-05",0.01,0.1,1e-05,binary,5265826107,find_phi_fixed_budget_binary_search,"{""m_exploration"": 1375, ""safeguard"": 2, ""conf"": 0.5, ""budget"": 5265826107}"
"U(0.01,0.1), eps=1e-05",0.01,0.1,1e-05,binary,6351916067,find_phi_fixed_budget_binary_search,"{""m_exploration"": 1375, ""safeguard"": 2, ""conf"": 0.5, ""budget"": 6351916067}"
"U(0.01,0.1), eps=1e-05",0.01,0.1,1e-05,binary,7662014829,find_phi_fixed_budget_binary_search,"{""m_exploration"": 1375, ""safeguard"": 2, ""conf"": 0.5, ""budget"": 7662014829}"
"U(0.01,0.1), eps=1e-05",0.01,0.1,1e-05,binary,9242324776,find_phi_fixed_budget_binary_search,"{""m_exploration"": 1375, ""safeguard"": 2, ""conf"": 0.5, ""budget"": 9242324776}"
"U(0.01,0.1), eps=1e-05",0.01,0.1,1e-05,binary,11148577648,find_phi_fixed_budget_binary_search,"{""m_exploration"": 1375, ""safeguard"": 2, ""conf"": 0.5, ""budget"": 11148577648}"
"U(0.01,0.1), eps=1e-05",0.01,0.1,1e-05,binary,13447999999,find_phi_fixed_budget_binary_search,"{""m_exploration"": 1375, ""safeguard"": 2, ""conf"": 0.5, ""budget"": 13447999999}"
"U(0.01,0.1), eps=1e-05",0.01,0.1,1e-05,reverse_eng_risk,8965333,find_phi_fixed_budget_reverse_engineering_risk,"{""m_exploration"": 3924, ""eps_target"": 1e-05, ""budget"": 8965333}"
"U(0.01,0.1), eps=1e-05",0.01,0.1,1e-05,reverse_eng_risk,10814456,find_phi_fixed_budget_reverse_engineering_risk,"{""m_exploration"": 2691, ""eps_target"": 1e-05, ""budget"": 10814456}"
"U(0.01,0.1), eps=1e-05",0.01,0.1,1e-05,reverse_eng_risk,13044964,find_phi_fixed_budget_reverse_engineering_risk,"{""m_exploration"": 25859, ""eps_target"": 1e-05, ""budget"": 13044964}"
"U(0.01,0.1), eps=1e-05",0.01,0.1,1e-05,reverse_eng_risk,15735521,find_phi_fixed_budget_reverse_engineering_risk,"{""m_exploration"": 12164, ""eps_target"": 1e-05, ""budget"": 15735521}"
"U(0.01,0.1), eps=1e-05",0.01,0.1,1e-05,reverse_eng_risk,18981013,find_phi_fixed_budget_reverse_engineering_risk,"{""m_exploration"": 2691, ""eps_target"": 1e-05, ""budget"": 18981013}"
"U(0.01,0.1), eps=1e-05",0.01,0.1,1e-05,reverse_eng_risk,22895895,find_phi_fixed_budget_reverse_engineering_risk,"{""m_exploration"": 31225, ""eps_target"": 1e-05, ""budget"": 22895895}"
"U(0.01,0.1), eps=1e-05",0.01,0.1,1e-05,reverse_eng_risk,27618231,find_phi_fixed_budget_reverse_engineering_risk,"{""m_exploration"": 2691, ""eps_target"": 1e-05, ""budget"": 27618231}"
"U(0.01,0.1), eps=1e-05",0.01,0.1,1e-05,reverse_eng_risk,33314561,find_phi_fixed_budget_reverse_engineering_risk,"{""m_exploration"": 2229, ""eps_target"": 1e-05, ""budget"": 33314561}"
"U(0.01,0.1), eps=1e-05",0.01,0.1,1e-05,reverse_eng_risk,40185774,find_phi_fixed_budget_reverse_engineering_risk,"{""m_exploration"": 2691, ""eps_target"": 1e-05, ""budget"": 40185774}"
"U(0.01,0.1), eps=1e-05",0.01,0.1,1e-05,reverse_eng_risk,48474191,find_phi_fixed_budget_reverse_engineering_risk,"{""m_exploration"": 66381, ""eps_target"": 1e-05, ""budget"": 48474191}"
"U(0.01,0.1), eps=1e-05",0.01,0.1,1e-05,reverse_eng_risk,58472116,find_phi_fixed_budget_reverse_engineering_risk,"{""m_exploration"": 116869, ""eps_target"": 1e-05, ""budget"": 58472116}"
"U(0.01,0.1), eps=1e-05",0.01,0.1,1e-05,reverse_eng_risk,70532138,find_phi_fixed_budget_reverse_engineering_risk,"{""m_exploration"": 2229, ""eps_target"": 1e-05, ""budget"": 70532138}"
"U(0.01,0.1), eps=1e-05",0.01,0.1,1e-05,reverse_eng_risk,85079570,find_phi_fixed_budget_reverse_engineering_risk,"{""m_exploration"": 66381, ""eps_target"": 1e-05, ""budget"": 85079570}"
"U(0.01,0.1), eps=1e-05",0.01,0.1,1e-05,reverse_eng_risk,102627447,find_phi_fixed_budget_reverse_engineering_risk,"{""m_exploration"": 66381, ""eps_target"": 1e-05, ""budget"": 102627447}"
"U(0.01,0.1), eps=1e-05",0.01,0.1,1e-05,reverse_eng_risk,123794618,find_phi_fixed_budget_reverse_engineering_risk,"{""m_exploration"": 31225, ""eps_target"": 1e-05, ""budget"": 123794618}"
"U(0.01,0.1), eps=1e-05",0.01,0.1,1e-05,reverse_eng_risk,149327571,find_phi_fixed_budget_reverse_engineering_risk,"{""m_exploration"": 10074, ""eps_target"": 1e-05, ""budget"": 149327571}"
"U(0.01,0.1), eps=1e-05",0.01,0.1,1e-05,reverse_eng_risk,180126761,find_phi_fixed_budget_reverse_engineering_risk,"{""m_exploration"": 54974, ""eps_target"": 1e-05, ""budget"": 180126761}"
"U(0.01,0.1), eps=1e-05",0.01,0.1,1e-05,reverse_eng_risk,217278361,find_phi_fixed_budget_reverse_engineering_risk,"{""m_exploration"": 2229, ""eps_target"": 1e-05, ""budget"": 217278361}"
"U(0.01,0.1), eps=1e-05",0.01,0.1,1e-05,reverse_eng_risk,262092573,find_phi_fixed_budget_reverse_engineering_risk,"{""m_exploration"": 2691, ""eps_target"": 1e-05, ""budget"": 262092573}"
"U(0.01,0.1), eps=1e-05",0.01,0.1,1e-05,reverse_eng_risk,316149829,find_phi_fixed_budget_reverse_engineering_risk,"{""m_exploration"": 2691, ""eps_target"": 1e-05, ""budget"": 316149829}"
"U(0.01,0.1), eps=1e-05",0.01,0.1,1e-05,reverse_eng_risk,381356532,find_phi_fixed_budget_reverse_engineering_risk,"{""m_exploration"": 2229, ""eps_target"": 1e-05, ""budget"": 381356532}"
"U(0.01,0.1), eps=1e-05",0.01,0.1,1e-05,reverse_eng_risk,460012281,find_phi_fixed_budget_reverse_engineering_risk,"{""m_exploration"": 2229, ""eps_target"": 1e-05, ""budget"": 460012281}"
"U(0.01,0.1), eps=1e-05",0.01,0.1,1e-05,reverse_eng_risk,554890978,find_phi_fixed_budget_reverse_engineering_risk,"{""m_exploration"": 3250, ""eps_target"": 1e-05, ""budget"": 554890978}"
"U(0.01,0.1), eps=1e-05",0.01,0.1,1e-05,reverse_eng_risk,669338647,find_phi_fixed_budget_reverse_engineering_risk,"{""m_exploration"": 3250, ""eps_target"": 1e-05, ""budget"": 669338647}"
"U(0.01,0.1), eps=1e-05",0.01,0.1,1e-05,reverse_eng_risk,807391437,find_phi_fixed_budget_reverse_engineering_risk,"{""m_exploration"": 868, ""eps_target"": 1e-05, ""budget"": 807391437}"
"U(0.01,0.1), eps=1e-05",0.01,0.1,1e-05,reverse_eng_risk,973917964,find_phi_fixed_budget_reverse_engineering_risk,"{""m_exploration"": 232, ""eps_target"": 1e-05, ""budget"": 973917964}"
"U(0.01,0.1), eps=1e-05",0.01,0.1,1e-05,reverse_eng_risk,1174791008,find_phi_fixed_budget_reverse_engineering_risk,"{""m_exploration"": 3250, ""eps_target"": 1e-05, ""budget"": 1174791008}"
"U(0.01,0.1), eps=1e-05",0.01,0.1,1e-05,reverse_eng_risk,1417094627,find_phi_fixed_budget_reverse_engineering_risk,"{""m_exploration"": 1528, ""eps_target"": 1e-05, ""budget"": 1417094627}"
"U(0.01,0.1), eps=1e-05",0.01,0.1,1e-05,reverse_eng_risk,1709373980,find_phi_fixed_budget_reverse_engineering_risk,"{""m_exploration"": 90, ""eps_target"": 1e-05, ""budget"": 1709373980}"
"U(0.01,0.1), eps=1e-05",0.01,0.1,1e-05,reverse_eng_risk,2061936689,find_phi_fixed_budget_reverse_engineering_risk,"{""m_exploration"": 35, ""eps_target"": 1e-05, ""budget"": 2061936689}"
"U(0.01,0.1), eps=1e-05",0.01,0.1,1e-05,reverse_eng_risk,2487216348,find_phi_fixed_budget_reverse_engineering_risk,"{""m_exploration"": 20, ""eps_target"": 1e-05, ""budget"": 2487216348}"
"U(0.01,0.1), eps=1e-05",0.01,0.1,1e-05,reverse_eng_risk,3000211014,find_phi_fixed_budget_reverse_engineering_risk,"{""m_exploration"": 20, ""eps_target"": 1e-05, ""budget"": 3000211014}"
"U(0.01,0.1), eps=1e-05",0.01,0.1,1e-05,reverse_eng_risk,3619012128,find_phi_fixed_budget_reverse_engineering_risk,"{""m_exploration"": 20, ""eps_target"": 1e-05, ""budget"": 3619012128}"
"U(0.01,0.1), eps=1e-05",0.01,0.1,1e-05,reverse_eng_risk,4365442537,find_phi_fixed_budget_reverse_engineering_risk,"{""m_exploration"": 20, ""eps_target"": 1e-05, ""budget"": 4365442537}"
"U(0.01,0.1), eps=1e-05",0.01,0.1,1e-05,reverse_eng_risk,5265826107,find_phi_fixed_budget_reverse_engineering_risk,"{""m_exploration"": 20, ""eps_target"": 1e-05, ""budget"": 5265826107}"
"U(0.01,0.1), eps=1e-05",0.01,0.1,1e-05,reverse_eng_risk,6351916067,find_phi_fixed_budget_reverse_engineering_risk,"{""m_exploration"": 20, ""eps_target"": 1e-05, ""budget"": 6351916067}"
"U(0.01,0.1), eps=1e-05",0.01,0.1,1e-05,reverse_eng_risk,7662014829,find_phi_fixed_budget_reverse_engineering_risk,"{""m_exploration"": 20, ""eps_target"": 1e-05, ""budget"": 7662014829}"
"U(0.01,0.1), eps=1e-05",0.01,0.1,1e-05,reverse_eng_risk,9242324776,find_phi_fixed_budget_reverse_engineering_risk,"{""m_exploration"": 20, ""eps_target"": 1e-05, ""budget"": 9242324776}"
"U(0.01,0.1), eps=1e-05",0.01,0.1,1e-05,reverse_eng_risk,11148577648,find_phi_fixed_budget_reverse_engineering_risk,"{""m_exploration"": 20, ""eps_target"": 1e-05, ""budget"": 11148577648}"
"U(0.01,0.1), eps=1e-05",0.01,0.1,1e-05,reverse_eng_risk,13447999999,find_phi_fixed_budget_reverse_engineering_risk,"{""m_exploration"": 20, ""eps_target"": 1e-05, ""budget"": 13447999999}"
"U(0.01,0.1), eps=1e-05",0.01,0.1,1e-05,binary_risk,8965333,find_phi_fixed_budget_binary_search_risk,"{""m_exploration"": 2020, ""conf"": 0.95, ""eps_target"": 1e-05, ""budget"": 8965333}"
"U(0.01,0.1), eps=1e-05",0.01,0.1,1e-05,binary_risk,10814456,find_phi_fixed_budget_binary_search_risk,"{""m_exploration"": 2020, ""conf"": 0.95, ""eps_target"": 1e-05, ""budget"": 10814456}"
"U(0.01,0.1), eps=1e-05",0.01,0.1,1e-05,binary_risk,13044964,find_phi_fixed_budget_binary_search_risk,"{""m_exploration"": 2020, ""conf"": 0.9, ""eps_target"": 1e-05, ""budget"": 13044964}"
"U(0.01,0.1), eps=1e-05",0.01,0.1,1e-05,binary_risk,15735521,find_phi_fixed_budget_binary_search_risk,"{""m_exploration"": 2020, ""conf"": 0.9, ""eps_target"": 1e-05, ""budget"": 15735521}"
"U(0.01,0.1), eps=1e-05",0.01,0.1,1e-05,binary_risk,18981013,find_phi_fixed_budget_binary_search_risk,"{""m_exploration"": 2020, ""conf"": 0.8, ""eps_target"": 1e-05, ""budget"": 18981013}"
"U(0.01,0.1), eps=1e-05",0.01,0.1,1e-05,binary_risk,22895895,find_phi_fixed_budget_binary_search_risk,"{""m_exploration"": 2020, ""conf"": 0.95, ""eps_target"": 1e-05, ""budget"": 22895895}"
"U(0.01,0.1), eps=1e-05",0.01,0.1,1e-05,binary_risk,27618231,find_phi_fixed_budget_binary_search_risk,"{""m_exploration"": 2020, ""conf"": 0.95, ""eps_target"": 1e-05, ""budget"": 27618231}"
"U(0.01,0.1), eps=1e-05",0.01,0.1,1e-05,binary_risk,33314561,find_phi_fixed_budget_binary_search_risk,"{""m_exploration"": 2968, ""conf"": 0.9, ""eps_target"": 1e-05, ""budget"": 33314561}"
"U(0.01,0.1), eps=1e-05",0.01,0.1,1e-05,binary_risk,40185774,find_phi_fixed_budget_binary_search_risk,"{""m_exploration"": 433, ""conf"": 0.65, ""eps_target"": 1e-05, ""budget"": 40185774}"
"U(0.01,0.1), eps=1e-05",0.01,0.1,1e-05,binary_risk,48474191,find_phi_fixed_budget_binary_search_risk,"{""m_exploration"": 2020, ""conf"": 0.95, ""eps_target"": 1e-05, ""budget"": 48474191}"
"U(0.01,0.1), eps=1e-05",0.01,0.1,1e-05,binary_risk,58472116,find_phi_fixed_budget_binary_search_risk,"{""m_exploration"": 4361, ""conf"": 0.5, ""eps_target"": 1e-05, ""budget"": 58472116}"
"U(0.01,0.1), eps=1e-05",0.01,0.1,1e-05,binary_risk,70532138,find_phi_fixed_budget_binary_search_risk,"{""m_exploration"": 4361, ""conf"": 0.65, ""eps_target"": 1e-05, ""budget"": 70532138}"
"U(0.01,0.1), eps=1e-05",0.01,0.1,1e-05,binary_risk,85079570,find_phi_fixed_budget_binary_search_risk,"{""m_exploration"": 4361, ""conf"": 0.65, ""eps_target"": 1e-05, ""budget"": 85079570}"
"U(0.01,0.1), eps=1e-05",0.01,0.1,1e-05,binary_risk,102627447,find_phi_fixed_budget_binary_search_risk,"{""m_exploration"": 4361, ""conf"": 0.8, ""eps_target"": 1e-05, ""budget"": 102627447}"
"U(0.01,0.1), eps=1e-05",0.01,0.1,1e-05,binary_risk,123794618,find_phi_fixed_budget_binary_search_risk,"{""m_exploration"": 13828, ""conf"": 0.8, ""eps_target"": 1e-05, ""budget"": 123794618}"
"U(0.01,0.1), eps=1e-05",0.01,0.1,1e-05,binary_risk,149327571,find_phi_fixed_budget_binary_search_risk,"{""m_exploration"": 13828, ""conf"": 0.8, ""eps_target"": 1e-05, ""budget"": 149327571}"
"U(0.01,0.1), eps=1e-05",0.01,0.1,1e-05,binary_risk,180126761,find_phi_fixed_budget_binary_search_risk,"{""m_exploration"": 13828, ""conf"": 0.95, ""eps_target"": 1e-05, ""budget"": 180126761}"
"U(0.01,0.1), eps=1e-05",0.01,0.1,1e-05,binary_risk,217278361,find_phi_fixed_budget_binary_search_risk,"{""m_exploration"": 13828, ""conf"": 0.65, ""eps_target"": 1e-05, ""budget"": 217278361}"
"U(0.01,0.1), eps=1e-05",0.01,0.1,1e-05,binary_risk,262092573,find_phi_fixed_budget_binary_search_risk,"{""m_exploration"": 20314, ""conf"": 0.8, ""eps_target"": 1e-05, ""budget"": 262092573}"
"U(0.01,0.1), eps=1e-05",0.01,0.1,1e-05,binary_risk,316149829,find_phi_fixed_budget_binary_search_risk,"{""m_exploration"": 20314, ""conf"": 0.8, ""eps_target"": 1e-05, ""budget"": 316149829}"
"U(0.01,0.1), eps=1e-05",0.01,0.1,1e-05,binary_risk,381356532,find_phi_fixed_budget_binary_search_risk,"{""m_exploration"": 29844, ""conf"": 0.8, ""eps_target"": 1e-05, ""budget"": 381356532}"
"U(0.01,0.1), eps=1e-05",0.01,0.1,1e-05,binary_risk,460012281,find_phi_fixed_budget_binary_search_risk,"{""m_exploration"": 29844, ""conf"": 0.9, ""eps_target"": 1e-05, ""budget"": 460012281}"
"U(0.01,0.1), eps=1e-05",0.01,0.1,1e-05,binary_risk,554890978,find_phi_fixed_budget_binary_search_risk,"{""m_exploration"": 29844, ""conf"": 0.9, ""eps_target"": 1e-05, ""budget"": 554890978}"
"U(0.01,0.1), eps=1e-05",0.01,0.1,1e-05,binary_risk,669338647,find_phi_fixed_budget_binary_search_risk,"{""m_exploration"": 20314, ""conf"": 0.95, ""eps_target"": 1e-05, ""budget"": 669338647}"
"U(0.01,0.1), eps=1e-05",0.01,0.1,1e-05,binary_risk,807391437,find_phi_fixed_budget_binary_search_risk,"{""m_exploration"": 2968, ""conf"": 0.5, ""eps_target"": 1e-05, ""budget"": 807391437}"
"U(0.01,0.1), eps=1e-05",0.01,0.1,1e-05,binary_risk,973917964,find_phi_fixed_budget_binary_search_risk,"{""m_exploration"": 20314, ""conf"": 0.8, ""eps_target"": 1e-05, ""budget"": 973917964}"
"U(0.01,0.1), eps=1e-05",0.01,0.1,1e-05,binary_risk,1174791008,find_phi_fixed_budget_binary_search_risk,"{""m_exploration"": 20314, ""conf"": 0.5, ""eps_target"": 1e-05, ""budget"": 1174791008}"
"U(0.01,0.1), eps=1e-05",0.01,0.1,1e-05,binary_risk,1417094627,find_phi_fixed_budget_binary_search_risk,"{""m_exploration"": 4361, ""conf"": 0.5, ""eps_target"": 1e-05, ""budget"": 1417094627}"
"U(0.01,0.1), eps=1e-05",0.01,0.1,1e-05,binary_risk,1709373980,find_phi_fixed_budget_binary_search_risk,"{""m_exploration"": 201, ""conf"": 0.5, ""eps_target"": 1e-05, ""budget"": 1709373980}"
"U(0.01,0.1), eps=1e-05",0.01,0.1,1e-05,binary_risk,2061936689,find_phi_fixed_budget_binary_search_risk,"{""m_exploration"": 93, ""conf"": 0.5, ""eps_target"": 1e-05, ""budget"": 2061936689}"
"U(0.01,0.1), eps=1e-05",0.01,0.1,1e-05,binary_risk,2487216348,find_phi_fixed_budget_binary_search_risk,"{""m_exploration"": 93, ""conf"": 0.5, ""eps_target"": 1e-05, ""budget"": 2487216348}"
"U(0.01,0.1), eps=1e-05",0.01,0.1,1e-05,binary_risk,3000211014,find_phi_fixed_budget_binary_search_risk,"{""m_exploration"": 43, ""conf"": 0.5, ""eps_target"": 1e-05, ""budget"": 3000211014}"
"U(0.01,0.1), eps=1e-05",0.01,0.1,1e-05,binary_risk,3619012128,find_phi_fixed_budget_binary_search_risk,"{""m_exploration"": 43, ""conf"": 0.5, ""eps_target"": 1e-05, ""budget"": 3619012128}"
"U(0.01,0.1), eps=1e-05",0.01,0.1,1e-05,binary_risk,4365442537,find_phi_fixed_budget_binary_search_risk,"{""m_exploration"": 43, ""conf"": 0.5, ""eps_target"": 1e-05, ""budget"": 4365442537}"
"U(0.01,0.1), eps=1e-05",0.01,0.1,1e-05,binary_risk,5265826107,find_phi_fixed_budget_binary_search_risk,"{""m_exploration"": 20, ""conf"": 0.5, ""eps_target"": 1e-05, ""budget"": 5265826107}"
"U(0.01,0.1), eps=1e-05",0.01,0.1,1e-05,binary_risk,6351916067,find_phi_fixed_budget_binary_search_risk,"{""m_exploration"": 20, ""conf"": 0.5, ""eps_target"": 1e-05, ""budget"": 6351916067}"
"U(0.01,0.1), eps=1e-05",0.01,0.1,1e-05,binary_risk,7662014829,find_phi_fixed_budget_binary_search_risk,"{""m_exploration"": 20, ""conf"": 0.5, ""eps_target"": 1e-05, ""budget"": 7662014829}"
"U(0.01,0.1), eps=1e-05",0.01,0.1,1e-05,binary_risk,9242324776,find_phi_fixed_budget_binary_search_risk,"{""m_exploration"": 20, ""conf"": 0.5, ""eps_target"": 1e-05, ""budget"": 9242324776}"
"U(0.01,0.1), eps=1e-05",0.01,0.1,1e-05,binary_risk,11148577648,find_phi_fixed_budget_binary_search_risk,"{""m_exploration"": 20, ""conf"": 0.5, ""eps_target"": 1e-05, ""budget"": 11148577648}"
"U(0.01,0.1), eps=1e-05",0.01,0.1,1e-05,binary_risk,13447999999,find_phi_fixed_budget_binary_search_risk,"{""m_exploration"": 20, ""conf"": 0.5, ""eps_target"": 1e-05, ""budget"": 13447999999}"
"U(0.001,0.01), eps=1e-05",0.001,0.01,1e-05,linear,856560,find_phi_fixed_budget_linear_search,"{""m_exploration"": 8, ""lookback_window"": 5, ""safeguard"": 0, ""inc"": 5, ""budget"": 856560}"
"U(0.001,0.01), eps=1e-05",0.001,0.01,1e-05,linear,1033228,find_phi_fixed_budget_linear_search,"{""m_exploration"": 8, ""lookback_window"": 5, ""safeguard"": 5, ""inc"": 5, ""budget"": 1033228}"
"U(0.001,0.01), eps=1e-05",0.001,0.01,1e-05,linear,1246334,find_phi_fixed_budget_linear_search,"{""m_exploration"": 6, ""lookback_window"": 5, ""safeguard"": 5, ""inc"": 5, ""budget"": 1246334}"
"U(0.001,0.01), eps=1e-05",0.001,0.01,1e-05,linear,1503393,find_phi_fixed_budget_linear_search,"{""m_exploration"": 6, ""lookback_window"": 5, ""safeguard"": 5, ""inc"": 5, ""budget"": 1503393}"
"U(0.001,0.01), eps=1e-05",0.001,0.01,1e-05,linear,1813472,find_phi_fixed_budget_linear_search,"{""m_exploration"": 6, ""lookback_window"": 5, ""safeguard"": 3, ""inc"": 5, ""budget"": 1813472}"
"U(0.001,0.01), eps=1e-05",0.001,0.01,1e-05,linear,2187505,find_phi_fixed_budget_linear_search,"{""m_exploration"": 8, ""lookback_window"": 5, ""safeguard"": 1, ""inc"": 5, ""budget"": 2187505}"
"U(0.001,0.01), eps=1e-05",0.001,0.01,1e-05,linear,2638684,find_phi_fixed_budget_linear_search,"{""m_exploration"": 6, ""lookback_window"": 5, ""safeguard"": 3, ""inc"": 5, ""budget"": 2638684}"
"U(0.001,0.01), eps=1e-05",0.001,0.01,1e-05,linear,3182919,find_phi_fixed_budget_linear_search,"{""m_exploration"": 8, ""lookback_window"": 5, ""safeguard"": 1, ""inc"": 5, ""budget"": 3182919}"
"U(0.001,0.01), eps=1e-05",0.001,0.01,1e-05,linear,3839405,find_phi_fixed_budget_linear_search,"{""m_exploration"": 14, ""lookback_window"": 5, ""safeguard"": 5, ""inc"": 5, ""budget"": 3839405}"
"U(0.001,0.01), eps=1e-05",0.001,0.01,1e-05,linear,4631292,find_phi_fixed_budget_linear_search,"{""m_exploration"": 14, ""lookback_window"": 5, ""safeguard"": 5, ""inc"": 5, ""budget"": 4631292}"
"U(0.001,0.01), eps=1e-05",0.001,0.01,1e-05,linear,5586507,find_phi_fixed_budget_linear_search,"{""m_exploration"": 43, ""lookback_window"": 5, ""safeguard"": 5, ""inc"": 5, ""budget"": 5586507}"
"U(0.001,0.01), eps=1e-05",0.001,0.01,1e-05,linear,6738739,find_phi_fixed_budget_linear_search,"{""m_exploration"": 43, ""lookback_window"": 5, ""safeguard"": 5, ""inc"": 5, ""budget"": 6738739}"
"U(0.001,0.01), eps=1e-05",0.001,0.01,1e-05,linear,8128621,find_phi_fixed_budget_linear_search,"{""m_exploration"": 43, ""lookback_window"": 5, ""safeguard"": 5, ""inc"": 5, ""budget"": 8128621}"
"U(0.001,0.01), eps=1e-05",0.001,0.01,1e-05,linear,9805170,find_phi_fixed_budget_linear_search,"{""m_exploration"": 43, ""lookback_window"": 5, ""safeguard"": 5, ""inc"": 5, ""budget"": 9805170}"
"U(0.001,0.01), eps=1e-05",0.001,0.01,1e-05,linear,11827511,find_phi_fixed_budget_linear_search,"{""m_exploration"": 43, ""lookback_window"": 5, ""safeguard"": 5, ""inc"": 5, ""budget"": 11827511}"
"U(0.001,0.01), eps=1e-05",0.001,0.01,1e-05,linear,14266965,find_phi_fixed_budget_linear_search,"{""m_exploration"": 43, ""lookback_window"": 5, ""safeguard"": 5, ""inc"": 5, ""budget"": 14266965}"
"U(0.001,0.01), eps=1e-05",0.001,0.01,1e-05,linear,17209563,find_phi_fixed_budget_linear_search,"{""m_exploration"": 97, ""lookback_window"": 5, ""safeguard"": 5, ""inc"": 5, ""budget"": 17209563}"
"U(0.001,0.01), eps=1e-05",0.001,0.01,1e-05,linear,20759079,find_phi_fixed_budget_linear_search,"{""m_exploration"": 97, ""lookback_window"": 5, ""safeguard"": 5, ""inc"": 5, ""budget"": 20759079}"
"U(0.001,0.01), eps=1e-05",0.001,0.01,1e-05,linear,25040691,find_phi_fixed_budget_linear_search,"{""m_exploration"": 97, ""lookback_window"": 5, ""safeguard"": 5, ""inc"": 5, ""budget"": 25040691}"
"U(0.001,0.01), eps=1e-05",0.001,0.01,1e-05,linear,30205397,find_phi_fixed_budget_linear_search,"{""m_exploration"": 97, ""lookback_window"": 5, ""safeguard"": 5, ""inc"": 5, ""budget"": 30205397}"
"U(0.001,0.01), eps=1e-05",0.001,0.01,1e-05,linear,36435337,find_phi_fixed_budget_linear_search,"{""m_exploration"": 97, ""lookback_window"": 5, ""safeguard"": 5, ""inc"": 5, ""budget"": 36435337}"
"U(0.001,0.01), eps=1e-05",0.001,0.01,1e-05,linear,43950218,find_phi_fixed_budget_linear_search,"{""m_exploration"": 97, ""lookback_window"": 5, ""safeguard"": 5, ""inc"": 2, ""budget"": 43950218}"
"U(0.001,0.01), eps=1e-05",0.001,0.01,1e-05,linear,53015061,find_phi_fixed_budget_linear_search,"{""m_exploration"": 97, ""lookback_window"": 5, ""safeguard"": 3, ""inc"": 2, ""budget"": 53015061}"
"U(0.001,0.01), eps=1e-05",0.001,0.01,1e-05,linear,63949552,find_phi_fixed_budget_linear_search,"{""m_exploration"": 166, ""lookback_window"": 5, ""safeguard"": 2, ""inc"": 2, ""budget"": 63949552}"
"U(0.001,0.01), eps=1e-05",0.001,0.01,1e-05,linear,77139309,find_phi_fixed_budget_linear_search,"{""m_exploration"": 166, ""lookback_window"": 5, ""safeguard"": 3, ""inc"": 2, ""budget"": 77139309}"
"U(0.001,0.01), eps=1e-05",0.001,0.01,1e-05,linear,93049487,find_phi_fixed_budget_linear_search,"{""m_exploration"": 166, ""lookback_window"": 5, ""safeguard"": 5, ""inc"": 2, ""budget"": 93049487}"
"U(0.001,0.01), eps=1e-05",0.001,0.01,1e-05,linear,112241179,find_phi_fixed_budget_linear_search,"{""m_exploration"": 485, ""lookback_window"": 5, ""safeguard"": 3, ""inc"": 5, ""budget"": 112241179}"
"U(0.001,0.01), eps=1e-05",0.001,0.01,1e-05,linear,135391206,find_phi_fixed_budget_linear_search,"{""m_exploration"": 127, ""lookback_window"": 5, ""safeguard"": 5, ""inc"": 2, ""budget"": 135391206}"
"U(0.001,0.01), eps=1e-05",0.001,0.01,1e-05,linear,163315985,find_phi_fixed_budget_linear_search,"{""m_exploration"": 97, ""lookback_window"": 2, ""safeguard"": 5, ""inc"": 5, ""budget"": 163315985}"
"U(0.001,0.01), eps=1e-05",0.001,0.01,1e-05,linear,197000320,find_phi_fixed_budget_linear_search,"{""m_exploration"": 3, ""lookback_window"": 1, ""safeguard"": 1, ""inc"": 1, ""budget"": 197000320}"
"U(0.001,0.01), eps=1e-05",0.001,0.01,1e-05,linear,237632135,find_phi_fixed_budget_linear_search,"{""m_exploration"": 3, ""lookback_window"": 1, ""safeguard"": 1, ""inc"": 1, ""budget"": 237632135}"
"U(0.001,0.01), eps=1e-05",0.001,0.01,1e-05,linear,286644364,find_phi_fixed_budget_linear_search,"{""m_exploration"": 3, ""lookback_window"": 1, ""safeguard"": 1, ""inc"": 1, ""budget"": 286644364}"
"U(0.001,0.01), eps=1e-05",0.001,0.01,1e-05,linear,345765489,find_phi_fixed_budget_linear_search,"{""m_exploration"": 3, ""lookback_window"": 1, ""safeguard"": 1, ""inc"": 1, ""budget"": 345765489}"
"U(0.001,0.01), eps=1e-05",0.001,0.01,1e-05,linear,417080497,find_phi_fixed_budget_linear_search,"{""m_exploration"": 3, ""lookback_window"": 1, ""safeguard"": 1, ""inc"": 1, ""budget"": 417080497}"
"U(0.001,0.01), eps=1e-05",0.001,0.01,1e-05,linear,503104405,find_phi_fixed_budget_linear_search,"{""m_exploration"": 3, ""lookback_window"": 1, ""safeguard"": 1, ""inc"": 1, ""budget"": 503104405}"
"U(0.001,0.01), eps=1e-05",0.001,0.01,1e-05,linear,606870961,find_phi_fixed_budget_linear_search,"{""m_exploration"": 3, ""lookback_window"": 1, ""safeguard"": 1, ""inc"": 1, ""budget"": 606870961}"
"U(0.001,0.01), eps=1e-05",0.001,0.01,1e-05,linear,732039633,find_phi_fixed_budget_linear_search,"{""m_exploration"": 3, ""lookback_window"": 1, ""safeguard"": 1, ""inc"": 1, ""budget"": 732039633}"
"U(0.001,0.01), eps=1e-05",0.001,0.01,1e-05,linear,883024660,find_phi_fixed_budget_linear_search,"{""m_exploration"": 3, ""lookback_window"": 1, ""safeguard"": 1, ""inc"": 1, ""budget"": 883024660}"
"U(0.001,0.01), eps=1e-05",0.001,0.01,1e-05,linear,1065150730,find_phi_fixed_budget_linear_search,"{""m_exploration"": 3, ""lookback_window"": 1, ""safeguard"": 1, ""inc"": 1, ""budget"": 1065150730}"
"U(0.001,0.01), eps=1e-05",0.001,0.01,1e-05,linear,1284840764,find_phi_fixed_budget_linear_search,"{""m_exploration"": 3, ""lookback_window"": 1, ""safeguard"": 1, ""inc"": 1, ""budget"": 1284840764}"
"U(0.001,0.01), eps=1e-05",0.001,0.01,1e-05,reverse_eng,856560,find_phi_fixed_budget_reverse_engineering,"{""m_exploration"": 595, ""safeguard"": 0.9, ""budget"": 856560}"
"U(0.001,0.01), eps=1e-05",0.001,0.01,1e-05,reverse_eng,1033228,find_phi_fixed_budget_reverse_engineering,"{""m_exploration"": 595, ""safeguard"": 0.9, ""budget"": 1033228}"
"U(0.001,0.01), eps=1e-05",0.001,0.01,1e-05,reverse_eng,1246334,find_phi_fixed_budget_reverse_engineering,"{""m_exploration"": 595, ""safeguard"": 0.9, ""budget"": 1246334}"
"U(0.001,0.01), eps=1e-05",0.001,0.01,1e-05,reverse_eng,1503393,find_phi_fixed_budget_reverse_engineering,"{""m_exploration"": 595, ""safeguard"": 0.85, ""budget"": 1503393}"
"U(0.001,0.01), eps=1e-05",0.001,0.01,1e-05,reverse_eng,1813472,find_phi_fixed_budget_reverse_engineering,"{""m_exploration"": 595, ""safeguard"": 0.925, ""budget"": 1813472}"
"U(0.001,0.01), eps=1e-05",0.001,0.01,1e-05,reverse_eng,2187505,find_phi_fixed_budget_reverse_engineering,"{""m_exploration"": 595, ""safeguard"": 0.85, ""budget"": 2187505}"
"U(0.001,0.01), eps=1e-05",0.001,0.01,1e-05,reverse_eng,2638684,find_phi_fixed_budget_reverse_engineering,"{""m_exploration"": 493, ""safeguard"": 0.85, ""budget"": 2638684}"
"U(0.001,0.01), eps=1e-05",0.001,0.01,1e-05,reverse_eng,3182919,find_phi_fixed_budget_reverse_engineering,"{""m_exploration"": 719, ""safeguard"": 0.85, ""budget"": 3182919}"
"U(0.001,0.01), eps=1e-05",0.001,0.01,1e-05,reverse_eng,3839405,find_phi_fixed_budget_reverse_engineering,"{""m_exploration"": 1266, ""safeguard"": 0.925, ""budget"": 3839405}"
"U(0.001,0.01), eps=1e-05",0.001,0.01,1e-05,reverse_eng,4631292,find_phi_fixed_budget_reverse_engineering,"{""m_exploration"": 595, ""safeguard"": 0.925, ""budget"": 4631292}"
"U(0.001,0.01), eps=1e-05",0.001,0.01,1e-05,reverse_eng,5586507,find_phi_fixed_budget_reverse_engineering,"{""m_exploration"": 1528, ""safeguard"": 0.9, ""budget"": 5586507}"
"U(0.001,0.01), eps=1e-05",0.001,0.01,1e-05,reverse_eng,6738739,find_phi_fixed_budget_reverse_engineering,"{""m_exploration"": 1528, ""safeguard"": 0.925, ""budget"": 6738739}"
"U(0.001,0.01), eps=1e-05",0.001,0.01,1e-05,reverse_eng,8128621,find_phi_fixed_budget_reverse_engineering,"{""m_exploration"": 1846, ""safeguard"": 0.925, ""budget"": 8128621}"
"U(0.001,0.01), eps=1e-05",0.001,0.01,1e-05,reverse_eng,9805170,find_phi_fixed_budget_reverse_engineering,"{""m_exploration"": 2691, ""safeguard"": 0.925, ""budget"": 9805170}"
"U(0.001,0.01), eps=1e-05",0.001,0.01,1e-05,reverse_eng,11827511,find_phi_fixed_budget_reverse_engineering,"{""m_exploration"": 2691, ""safeguard"": 0.95, ""budget"": 11827511}"
"U(0.001,0.01), eps=1e-05",0.001,0.01,1e-05,reverse_eng,14266965,find_phi_fixed_budget_reverse_engineering,"{""m_exploration"": 3250, ""safeguard"": 0.95, ""budget"": 14266965}"
"U(0.001,0.01), eps=1e-05",0.001,0.01,1e-05,reverse_eng,17209563,find_phi_fixed_budget_reverse_engineering,"{""m_exploration"": 2691, ""safeguard"": 0.925, ""budget"": 17209563}"
"U(0.001,0.01), eps=1e-05",0.001,0.01,1e-05,reverse_eng,20759079,find_phi_fixed_budget_reverse_engineering,"{""m_exploration"": 6909, ""safeguard"": 0.95, ""budget"": 20759079}"
"U(0.001,0.01), eps=1e-05",0.001,0.01,1e-05,reverse_eng,25040691,find_phi_fixed_budget_reverse_engineering,"{""m_exploration"": 8343, ""safeguard"": 0.95, ""budget"": 25040691}"
"U(0.001,0.01), eps=1e-05",0.001,0.01,1e-05,reverse_eng,30205397,find_phi_fixed_budget_reverse_engineering,"{""m_exploration"": 10074, ""safeguard"": 0.95, ""budget"": 30205397}"
"U(0.001,0.01), eps=1e-05",0.001,0.01,1e-05,reverse_eng,36435337,find_phi_fixed_budget_reverse_engineering,"{""m_exploration"": 2691, ""safeguard"": 0.925, ""budget"": 36435337}"
"U(0.001,0.01), eps=1e-05",0.001,0.01,1e-05,reverse_eng,43950218,find_phi_fixed_budget_reverse_engineering,"{""m_exploration"": 2691, ""safeguard"": 0.9, ""budget"": 43950218}"
"U(0.001,0.01), eps=1e-05",0.001,0.01,1e-05,reverse_eng,53015061,find_phi_fixed_budget_reverse_engineering,"{""m_exploration"": 5722, ""safeguard"": 0.925, ""budget"": 53015061}"
"U(0.001,0.01), eps=1e-05",0.001,0.01,1e-05,reverse_eng,63949552,find_phi_fixed_budget_reverse_engineering,"{""m_exploration"": 2691, ""safeguard"": 0.9, ""budget"": 63949552}"
"U(0.001,0.01), eps=1e-05",0.001,0.01,1e-05,reverse_eng,77139309,find_phi_fixed_budget_reverse_engineering,"{""m_exploration"": 17736, ""safeguard"": 0.95, ""budget"": 77139309}"
"U(0.001,0.01), eps=1e-05",0.001,0.01,1e-05,reverse_eng,93049487,find_phi_fixed_budget_reverse_engineering,"{""m_exploration"": 31225, ""safeguard"": 0.95, ""budget"": 93049487}"
"U(0.001,0.01), eps=1e-05",0.001,0.01,1e-05,reverse_eng,112241179,find_phi_fixed_budget_reverse_engineering,"{""m_exploration"": 10074, ""safeguard"": 0.925, ""budget"": 112241179}"
"U(0.001,0.01), eps=1e-05",0.001,0.01,1e-05,reverse_eng,135391206,find_phi_fixed_budget_reverse_engineering,"{""m_exploration"": 25859, ""safeguard"": 0.95, ""budget"": 135391206}"
"U(0.001,0.01), eps=1e-05",0.001,0.01,1e-05,reverse_eng,163315985,find_phi_fixed_budget_reverse_engineering,"{""m_exploration"": 5722, ""safeguard"": 0.85, ""budget"": 163315985}"
"U(0.001,0.01), eps=1e-05",0.001,0.01,1e-05,reverse_eng,197000320,find_phi_fixed_budget_reverse_engineering,"{""m_exploration"": 1266, ""safeguard"": 0.8, ""budget"": 197000320}"
"U(0.001,0.01), eps=1e-05",0.001,0.01,1e-05,reverse_eng,237632135,find_phi_fixed_budget_reverse_engineering,"{""m_exploration"": 1266, ""safeguard"": 0.8, ""budget"": 237632135}"
"U(0.001,0.01), eps=1e-05",0.001,0.01,1e-05,reverse_eng,286644364,find_phi_fixed_budget_reverse_engineering,"{""m_exploration"": 1266, ""safeguard"": 0.8, ""budget"": 286644364}"
"U(0.001,0.01), eps=1e-05",0.001,0.01,1e-05,reverse_eng,345765489,find_phi_fixed_budget_reverse_engineering,"{""m_exploration"": 1266, ""safeguard"": 0.8, ""budget"": 345765489}"
"U(0.001,0.01), eps=1e-05",0.001,0.01,1e-05,reverse_eng,417080497,find_phi_fixed_budget_reverse_engineering,"{""m_exploration"": 1266, ""safeguard"": 0.8, ""budget"": 417080497}"
"U(0.001,0.01), eps=1e-05",0.001,0.01,1e-05,reverse_eng,503104405,find_phi_fixed_budget_reverse_engineering,"{""m_exploration"": 1266, ""safeguard"": 0.8, ""budget"": 503104405}"
"U(0.001,0.01), eps=1e-05",0.001,0.01,1e-05,reverse_eng,606870961,find_phi_fixed_budget_reverse_engineering,"{""m_exploration"": 1266, ""safeguard"": 0.8, ""budget"": 606870961}"
"U(0.001,0.01), eps=1e-05",0.001,0.01,1e-05,reverse_eng,732039633,find_phi_fixed_budget_reverse_engineering,"{""m_exploration"": 1266, ""safeguard"": 0.8, ""budget"": 732039633}"
"U(0.001,0.01), eps=1e-05",0.001,0.01,1e-05,reverse_eng,883024660,find_phi_fixed_budget_reverse_engineering,"{""m_exploration"": 1266, ""safeguard"": 0.8, ""budget"": 883024660}"
"U(0.001,0.01), eps=1e-05",0.001,0.01,1e-05,reverse_eng,1065150730,find_phi_fixed_budget_reverse_engineering,"{""m_exploration"": 1266, ""safeguard"": 0.8, ""budget"": 1065150730}"
"U(0.001,0.01), eps=1e-05",0.001,0.01,1e-05,reverse_eng,1284840764,find_phi_fixed_budget_reverse_engineering,"{""m_exploration"": 1266, ""safeguard"": 0.8, ""budget"": 1284840764}"
"U(0.001,0.01), eps=1e-05",0.001,0.01,1e-05,binary,856560,find_phi_fixed_budget_binary_search,"{""m_exploration"": 29, ""safeguard"": 2, ""conf"": 0.5, ""budget"": 856560}"
"U(0.001,0.01), eps=1e-05",0.001,0.01,1e-05,binary,1033228,find_phi_fixed_budget_binary_search,"{""m_exploration"": 29, ""safeguard"": 2, ""conf"": 0.5, ""budget"": 1033228}"
"U(0.001,0.01), eps=1e-05",0.001,0.01,1e-05,binary,1246334,find_phi_fixed_budget_binary_search,"{""m_exploration"": 29, ""safeguard"": 2, ""conf"": 0.5, ""budget"": 1246334}"
"U(0.001,0.01), eps=1e-05",0.001,0.01,1e-05,binary,1503393,find_phi_fixed_budget_binary_search,"{""m_exploration"": 29, ""safeguard"": 2, ""conf"": 0.5, ""budget"": 1503393}"
"U(0.001,0.01), eps=1e-05",0.001,0.01,1e-05,binary,1813472,find_phi_fixed_budget_binary_search,"{""m_exploration"": 29, ""safeguard"": 1, ""conf"": 0.5, ""budget"": 1813472}"
"U(0.001,0.01), eps=1e-05",0.001,0.01,1e-05,binary,2187505,find_phi_fixed_budget_binary_search,"{""m_exploration"": 29, ""safeguard"": 0, ""conf"": 0.5, ""budget"": 2187505}"
"U(0.001,0.01), eps=1e-05",0.001,0.01,1e-05,binary,2638684,find_phi_fixed_budget_binary_search,"{""m_exploration"": 43, ""safeguard"": 1, ""conf"": 0.5, ""budget"": 2638684}"
"U(0.001,0.01), eps=1e-05",0.001,0.01,1e-05,binary,3182919,find_phi_fixed_budget_binary_search,"{""m_exploration"": 136, ""safeguard"": 1, ""conf"": 0.5, ""budget"": 3182919}"
"U(0.001,0.01), eps=1e-05",0.001,0.01,1e-05,binary,3839405,find_phi_fixed_budget_binary_search,"{""m_exploration"": 93, ""safeguard"": 2, ""conf"": 0.5, ""budget"": 3839405}"
"U(0.001,0.01), eps=1e-05",0.001,0.01,1e-05,binary,4631292,find_phi_fixed_budget_binary_search,"{""m_exploration"": 136, ""safeguard"": 2, ""conf"": 0.5, ""budget"": 4631292}"
"U(0.001,0.01), eps=1e-05",0.001,0.01,1e-05,binary,5586507,find_phi_fixed_budget_binary_search,"{""m_exploration"": 93, ""safeguard"": 2, ""conf"": 0.5, ""budget"": 5586507}"
"U(0.001,0.01), eps=1e-05",0.001,0.01,1e-05,binary,6738739,find_phi_fixed_budget_binary_search,"{""m_exploration"": 93, ""safeguard"": 2, ""conf"": 0.5, ""budget"": 6738739}"
"U(0.001,0.01), eps=1e-05",0.001,0.01,1e-05,binary,8128621,find_phi_fixed_budget_binary_search,"{""m_exploration"": 136, ""safeguard"": 2, ""conf"": 0.5, ""budget"": 8128621}"
"U(0.001,0.01), eps=1e-05",0.001,0.01,1e-05,binary,9805170,find_phi_fixed_budget_binary_search,"{""m_exploration"": 295, ""safeguard"": 2, ""conf"": 0.5, ""budget"": 9805170}"
"U(0.001,0.01), eps=1e-05",0.001,0.01,1e-05,binary,11827511,find_phi_fixed_budget_binary_search,"{""m_exploration"": 136, ""safeguard"": 2, ""conf"": 0.5, ""budget"": 11827511}"
"U(0.001,0.01), eps=1e-05",0.001,0.01,1e-05,binary,14266965,find_phi_fixed_budget_binary_search,"{""m_exploration"": 136, ""safeguard"": 2, ""conf"": 0.5, ""budget"": 14266965}"
"U(0.001,0.01), eps=1e-05",0.001,0.01,1e-05,binary,17209563,find_phi_fixed_budget_binary_search,"{""m_exploration"": 136, ""safeguard"": 2, ""conf"": 0.5, ""budget"": 17209563}"
"U(0.001,0.01), eps=1e-05",0.001,0.01,1e-05,binary,20759079,find_phi_fixed_budget_binary_search,"{""m_exploration"": 433, ""safeguard"": 2, ""conf"": 0.5, ""budget"": 20759079}"
"U(0.001,0.01), eps=1e-05",0.001,0.01,1e-05,binary,25040691,find_phi_fixed_budget_binary_search,"{""m_exploration"": 936, ""safeguard"": 2, ""conf"": 0.5, ""budget"": 25040691}"
"U(0.001,0.01), eps=1e-05",0.001,0.01,1e-05,binary,30205397,find_phi_fixed_budget_binary_search,"{""m_exploration"": 936, ""safeguard"": 2, ""conf"": 0.5, ""budget"": 30205397}"
"U(0.001,0.01), eps=1e-05",0.001,0.01,1e-05,binary,36435337,find_phi_fixed_budget_binary_search,"{""m_exploration"": 936, ""safeguard"": 2, ""conf"": 0.5, ""budget"": 36435337}"
"U(0.001,0.01), eps=1e-05",0.001,0.01,1e-05,binary,43950218,find_phi_fixed_budget_binary_search,"{""m_exploration"": 1375, ""safeguard"": 2, ""conf"": 0.5, ""budget"": 43950218}"
"U(0.001,0.01), eps=1e-05",0.001,0.01,1e-05,binary,53015061,find_phi_fixed_budget_binary_search,"{""m_exploration"": 1375, ""safeguard"": 2, ""conf"": 0.5, ""budget"": 53015061}"
"U(0.001,0.01), eps=1e-05",0.001,0.01,1e-05,binary,63949552,find_phi_fixed_budget_binary_search,"{""m_exploration"": 1375, ""safeguard"": 2, ""conf"": 0.5, ""budget"": 63949552}"
"U(0.001,0.01), eps=1e-05",0.001,0.01,1e-05,binary,77139309,find_phi_fixed_budget_binary_search,"{""m_exploration"": 1375, ""safeguard"": 2, ""conf"": 0.5, ""budget"": 77139309}"
"U(0.001,0.01), eps=1e-05",0.001,0.01,1e-05,binary,93049487,find_phi_fixed_budget_binary_search,"{""m_exploration"": 2968, ""safeguard"": 2, ""conf"": 0.5, ""budget"": 93049487}"
"U(0.001,0.01), eps=1e-05",0.001,0.01,1e-05,binary,112241179,find_phi_fixed_budget_binary_search,"{""m_exploration"": 6407, ""safeguard"": 2, ""conf"": 0.5, ""budget"": 112241179}"
"U(0.001,0.01), eps=1e-05",0.001,0.01,1e-05,binary,135391206,find_phi_fixed_budget_binary_search,"{""m_exploration"": 4361, ""safeguard"": 2, ""conf"": 0.5, ""budget"": 135391206}"
"U(0.001,0.01), eps=1e-05",0.001,0.01,1e-05,binary,163315985,find_phi_fixed_budget_binary_search,"{""m_exploration"": 9413, ""safeguard"": 2, ""conf"": 0.5, ""budget"": 163315985}"
"U(0.001,0.01), eps=1e-05",0.001,0.01,1e-05,binary,197000320,find_phi_fixed_budget_binary_search,"{""m_exploration"": 9413, ""safeguard"": 2, ""conf"": 0.5, ""budget"": 197000320}"
"U(0.001,0.01), eps=1e-05",0.001,0.01,1e-05,binary,237632135,find_phi_fixed_budget_binary_search,"{""m_exploration"": 13828, ""safeguard"": 2, ""conf"": 0.5, ""budget"": 237632135}"
"U(0.001,0.01), eps=1e-05",0.001,0.01,1e-05,binary,286644364,find_phi_fixed_budget_binary_search,"{""m_exploration"": 20314, ""safeguard"": 2, ""conf"": 0.65, ""budget"": 286644364}"
"U(0.001,0.01), eps=1e-05",0.001,0.01,1e-05,binary,345765489,find_phi_fixed_budget_binary_search,"{""m_exploration"": 20314, ""safeguard"": 2, ""conf"": 0.5, ""budget"": 345765489}"
"U(0.001,0.01), eps=1e-05",0.001,0.01,1e-05,binary,417080497,find_phi_fixed_budget_binary_search,"{""m_exploration"": 20314, ""safeguard"": 2, ""conf"": 0.5, ""budget"": 417080497}"
"U(0.001,0.01), eps=1e-05",0.001,0.01,1e-05,binary,503104405,find_phi_fixed_budget_binary_search,"{""m_exploration"": 20314, ""safeguard"": 2, ""conf"": 0.5, ""budget"": 503104405}"
"U(0.001,0.01), eps=1e-05",0.001,0.01,1e-05,binary,606870961,find_phi_fixed_budget_binary_search,"{""m_exploration"": 20314, ""safeguard"": 2, ""conf"": 0.5, ""budget"": 606870961}"
"U(0.001,0.01), eps=1e-05",0.001,0.01,1e-05,binary,732039633,find_phi_fixed_budget_binary_search,"{""m_exploration"": 20314, ""safeguard"": 2, ""conf"": 0.5, ""budget"": 732039633}"
"U(0.001,0.01), eps=1e-05",0.001,0.01,1e-05,binary,883024660,find_phi_fixed_budget_binary_search,"{""m_exploration"": 20314, ""safeguard"": 2, ""conf"": 0.5, ""budget"": 883024660}"
"U(0.001,0.01), eps=1e-05",0.001,0.01,1e-05,binary,1065150730,find_phi_fixed_budget_binary_search,"{""m_exploration"": 20314, ""safeguard"": 2, ""conf"": 0.5, ""budget"": 1065150730}"
"U(0.001,0.01), eps=1e-05",0.001,0.01,1e-05,binary,1284840764,find_phi_fixed_budget_binary_search,"{""m_exploration"": 20314, ""safeguard"": 2, ""conf"": 0.5, ""budget"": 1284840764}"
"U(0.001,0.01), eps=1e-05",0.001,0.01,1e-05,reverse_eng_risk,856560,find_phi_fixed_budget_reverse_engineering_risk,"{""m_exploration"": 280, ""eps_target"": 1e-05, ""budget"": 856560}"
"U(0.001,0.01), eps=1e-05",0.001,0.01,1e-05,reverse_eng_risk,1033228,find_phi_fixed_budget_reverse_engineering_risk,"{""m_exploration"": 338, ""eps_target"": 1e-05, ""budget"": 1033228}"
"U(0.001,0.01), eps=1e-05",0.001,0.01,1e-05,reverse_eng_risk,1246334,find_phi_fixed_budget_reverse_engineering_risk,"{""m_exploration"": 280, ""eps_target"": 1e-05, ""budget"": 1246334}"
"U(0.001,0.01), eps=1e-05",0.001,0.01,1e-05,reverse_eng_risk,1503393,find_phi_fixed_budget_reverse_engineering_risk,"{""m_exploration"": 131, ""eps_target"": 1e-05, ""budget"": 1503393}"
"U(0.001,0.01), eps=1e-05",0.001,0.01,1e-05,reverse_eng_risk,1813472,find_phi_fixed_budget_reverse_engineering_risk,"{""m_exploration"": 280, ""eps_target"": 1e-05, ""budget"": 1813472}"
"U(0.001,0.01), eps=1e-05",0.001,0.01,1e-05,reverse_eng_risk,2187505,find_phi_fixed_budget_reverse_engineering_risk,"{""m_exploration"": 109, ""eps_target"": 1e-05, ""budget"": 2187505}"
"U(0.001,0.01), eps=1e-05",0.001,0.01,1e-05,reverse_eng_risk,2638684,find_phi_fixed_budget_reverse_engineering_risk,"{""m_exploration"": 408, ""eps_target"": 1e-05, ""budget"": 2638684}"
"U(0.001,0.01), eps=1e-05",0.001,0.01,1e-05,reverse_eng_risk,3182919,find_phi_fixed_budget_reverse_engineering_risk,"{""m_exploration"": 493, ""eps_target"": 1e-05, ""budget"": 3182919}"
"U(0.001,0.01), eps=1e-05",0.001,0.01,1e-05,reverse_eng_risk,3839405,find_phi_fixed_budget_reverse_engineering_risk,"{""m_exploration"": 408, ""eps_target"": 1e-05, ""budget"": 3839405}"
"U(0.001,0.01), eps=1e-05",0.001,0.01,1e-05,reverse_eng_risk,4631292,find_phi_fixed_budget_reverse_engineering_risk,"{""m_exploration"": 595, ""eps_target"": 1e-05, ""budget"": 4631292}"
"U(0.001,0.01), eps=1e-05",0.001,0.01,1e-05,reverse_eng_risk,5586507,find_phi_fixed_budget_reverse_engineering_risk,"{""m_exploration"": 595, ""eps_target"": 1e-05, ""budget"": 5586507}"
"U(0.001,0.01), eps=1e-05",0.001,0.01,1e-05,reverse_eng_risk,6738739,find_phi_fixed_budget_reverse_engineering_risk,"{""m_exploration"": 595, ""eps_target"": 1e-05, ""budget"": 6738739}"
"U(0.001,0.01), eps=1e-05",0.001,0.01,1e-05,reverse_eng_risk,8128621,find_phi_fixed_budget_reverse_engineering_risk,"{""m_exploration"": 1048, ""eps_target"": 1e-05, ""budget"": 8128621}"
"U(0.001,0.01), eps=1e-05",0.001,0.01,1e-05,reverse_eng_risk,9805170,find_phi_fixed_budget_reverse_engineering_risk,"{""m_exploration"": 2691, ""eps_target"": 1e-05, ""budget"": 9805170}"
"U(0.001,0.01), eps=1e-05",0.001,0.01,1e-05,reverse_eng_risk,11827511,find_phi_fixed_budget_reverse_engineering_risk,"{""m_exploration"": 2229, ""eps_target"": 1e-05, ""budget"": 11827511}"
"U(0.001,0.01), eps=1e-05",0.001,0.01,1e-05,reverse_eng_risk,14266965,find_phi_fixed_budget_reverse_engineering_risk,"{""m_exploration"": 2691, ""eps_target"": 1e-05, ""budget"": 14266965}"
"U(0.001,0.01), eps=1e-05",0.001,0.01,1e-05,reverse_eng_risk,17209563,find_phi_fixed_budget_reverse_engineering_risk,"{""m_exploration"": 2229, ""eps_target"": 1e-05, ""budget"": 17209563}"
"U(0.001,0.01), eps=1e-05",0.001,0.01,1e-05,reverse_eng_risk,20759079,find_phi_fixed_budget_reverse_engineering_risk,"{""m_exploration"": 4738, ""eps_target"": 1e-05, ""budget"": 20759079}"
"U(0.001,0.01), eps=1e-05",0.001,0.01,1e-05,reverse_eng_risk,25040691,find_phi_fixed_budget_reverse_engineering_risk,"{""m_exploration"": 3250, ""eps_target"": 1e-05, ""budget"": 25040691}"
"U(0.001,0.01), eps=1e-05",0.001,0.01,1e-05,reverse_eng_risk,30205397,find_phi_fixed_budget_reverse_engineering_risk,"{""m_exploration"": 1048, ""eps_target"": 1e-05, ""budget"": 30205397}"
"U(0.001,0.01), eps=1e-05",0.001,0.01,1e-05,reverse_eng_risk,36435337,find_phi_fixed_budget_reverse_engineering_risk,"{""m_exploration"": 1048, ""eps_target"": 1e-05, ""budget"": 36435337}"
"U(0.001,0.01), eps=1e-05",0.001,0.01,1e-05,reverse_eng_risk,43950218,find_phi_fixed_budget_reverse_engineering_risk,"{""m_exploration"": 595, ""eps_target"": 1e-05, ""budget"": 43950218}"
"U(0.001,0.01), eps=1e-05",0.001,0.01,1e-05,reverse_eng_risk,53015061,find_phi_fixed_budget_reverse_engineering_risk,"{""m_exploration"": 21416, ""eps_target"": 1e-05, ""budget"": 53015061}"
"U(0.001,0.01), eps=1e-05",0.001,0.01,1e-05,reverse_eng_risk,63949552,find_phi_fixed_budget_reverse_engineering_risk,"{""m_exploration"": 6909, ""eps_target"": 1e-05, ""budget"": 63949552}"
"U(0.001,0.01), eps=1e-05",0.001,0.01,1e-05,reverse_eng_risk,77139309,find_phi_fixed_budget_reverse_engineering_risk,"{""m_exploration"": 21416, ""eps_target"": 1e-05, ""budget"": 77139309}"
"U(0.001,0.01), eps=1e-05",0.001,0.01,1e-05,reverse_eng_risk,93049487,find_phi_fixed_budget_reverse_engineering_risk,"{""m_exploration"": 17736, ""eps_target"": 1e-05, ""budget"": 93049487}"
"U(0.001,0.01), eps=1e-05",0.001,0.01,1e-05,reverse_eng_risk,112241179,find_phi_fixed_budget_reverse_engineering_risk,"{""m_exploration"": 25859, ""eps_target"": 1e-05, ""budget"": 112241179}"
"U(0.001,0.01), eps=1e-05",0.001,0.01,1e-05,reverse_eng_risk,135391206,find_phi_fixed_budget_reverse_engineering_risk,"{""m_exploration"": 14688, ""eps_target"": 1e-05, ""budget"": 135391206}"
"U(0.001,0.01), eps=1e-05",0.001,0.01,1e-05,reverse_eng_risk,163315985,find_phi_fixed_budget_reverse_engineering_risk,"{""m_exploration"": 109, ""eps_target"": 1e-05, ""budget"": 163315985}"
"U(0.001,0.01), eps=1e-05",0.001,0.01,1e-05,reverse_eng_risk,197000320,find_phi_fixed_budget_reverse_engineering_risk,"{""m_exploration"": 29, ""eps_target"": 1e-05, ""budget"": 197000320}"
"U(0.001,0.01), eps=1e-05",0.001,0.01,1e-05,reverse_eng_risk,237632135,find_phi_fixed_budget_reverse_engineering_risk,"{""m_exploration"": 20, ""eps_target"": 1e-05, ""budget"": 237632135}"
"U(0.001,0.01), eps=1e-05",0.001,0.01,1e-05,reverse_eng_risk,286644364,find_phi_fixed_budget_reverse_engineering_risk,"{""m_exploration"": 20, ""eps_target"": 1e-05, ""budget"": 286644364}"
"U(0.001,0.01), eps=1e-05",0.001,0.01,1e-05,reverse_eng_risk,345765489,find_phi_fixed_budget_reverse_engineering_risk,"{""m_exploration"": 20, ""eps_target"": 1e-05, ""budget"": 345765489}"
"U(0.001,0.01), eps=1e-05",0.001,0.01,1e-05,reverse_eng_risk,417080497,find_phi_fixed_budget_reverse_engineering_risk,"{""m_exploration"": 20, ""eps_target"": 1e-05, ""budget"": 417080497}"
"U(0.001,0.01), eps=1e-05",0.001,0.01,1e-05,reverse_eng_risk,503104405,find_phi_fixed_budget_reverse_engineering_risk,"{""m_exploration"": 20, ""eps_target"": 1e-05, ""budget"": 503104405}"
"U(0.001,0.01), eps=1e-05",0.001,0.01,1e-05,reverse_eng_risk,606870961,find_phi_fixed_budget_reverse_engineering_risk,"{""m_exploration"": 20, ""eps_target"": 1e-05, ""budget"": 606870961}"
"U(0.001,0.01), eps=1e-05",0.001,0.01,1e-05,reverse_eng_risk,732039633,find_phi_fixed_budget_reverse_engineering_risk,"{""m_exploration"": 20, ""eps_target"": 1e-05, ""budget"": 732039633}"
"U(0.001,0.01), eps=1e-05",0.001,0.01,1e-05,reverse_eng_risk,883024660,find_phi_fixed_budget_reverse_engineering_risk,"{""m_exploration"": 20, ""eps_target"": 1e-05, ""budget"": 883024660}"
"U(0.001,0.01), eps=1e-05",0.001,0.01,1e-05,reverse_eng_risk,1065150730,find_phi_fixed_budget_reverse_engineering_risk,"{""m_exploration"": 20, ""eps_target"": 1e-05, ""budget"": 1065150730}"
"U(0.001,0.01), eps=1e-05",0.001,0.01,1e-05,reverse_eng_risk,1284840764,find_phi_fixed_budget_reverse_engineering_risk,"{""m_exploration"": 20, ""eps_target"": 1e-05, ""budget"": 1284840764}"
"U(0.001,0.01), eps=1e-05",0.001,0.01,1e-05,binary_risk,856560,find_phi_fixed_budget_binary_search_risk,"{""m_exploration"": 20, ""conf"": 0.8, ""eps_target"": 1e-05, ""budget"": 856560}"
"U(0.001,0.01), eps=1e-05",0.001,0.01,1e-05,binary_risk,1033228,find_phi_fixed_budget_binary_search_risk,"{""m_exploration"": 20, ""conf"": 0.65, ""eps_target"": 1e-05, ""budget"": 1033228}"
"U(0.001,0.01), eps=1e-05",0.001,0.01,1e-05,binary_risk,1246334,find_phi_fixed_budget_binary_search_risk,"{""m_exploration"": 20, ""conf"": 0.8, ""eps_target"": 1e-05, ""budget"": 1246334}"
"U(0.001,0.01), eps=1e-05",0.001,0.01,1e-05,binary_risk,1503393,find_phi_fixed_budget_binary_search_risk,"{""m_exploration"": 29, ""conf"": 0.5, ""eps_target"": 1e-05, ""budget"": 1503393}"
"U(0.001,0.01), eps=1e-05",0.001,0.01,1e-05,binary_risk,1813472,find_phi_fixed_budget_binary_search_risk,"{""m_exploration"": 20, ""conf"": 0.5, ""eps_target"": 1e-05, ""budget"": 1813472}"
"U(0.001,0.01), eps=1e-05",0.001,0.01,1e-05,binary_risk,2187505,find_phi_fixed_budget_binary_search_risk,"{""m_exploration"": 43, ""conf"": 0.5, ""eps_target"": 1e-05, ""budget"": 2187505}"
"U(0.001,0.01), eps=1e-05",0.001,0.01,1e-05,binary_risk,2638684,find_phi_fixed_budget_binary_search_risk,"{""m_exploration"": 93, ""conf"": 0.65, ""eps_target"": 1e-05, ""budget"": 2638684}"
"U(0.001,0.01), eps=1e-05",0.001,0.01,1e-05,binary_risk,3182919,find_phi_fixed_budget_binary_search_risk,"{""m_exploration"": 63, ""conf"": 0.65, ""eps_target"": 1e-05, ""budget"": 3182919}"
"U(0.001,0.01), eps=1e-05",0.001,0.01,1e-05,binary_risk,3839405,find_phi_fixed_budget_binary_search_risk,"{""m_exploration"": 93, ""conf"": 0.65, ""eps_target"": 1e-05, ""budget"": 3839405}"
"U(0.001,0.01), eps=1e-05",0.001,0.01,1e-05,binary_risk,4631292,find_phi_fixed_budget_binary_search_risk,"{""m_exploration"": 93, ""conf"": 0.5, ""eps_target"": 1e-05, ""budget"": 4631292}"
"U(0.001,0.01), eps=1e-05",0.001,0.01,1e-05,binary_risk,5586507,find_phi_fixed_budget_binary_search_risk,"{""m_exploration"": 93, ""conf"": 0.65, ""eps_target"": 1e-05, ""budget"": 5586507}"
"U(0.001,0.01), eps=1e-05",0.001,0.01,1e-05,binary_risk,6738739,find_phi_fixed_budget_binary_search_risk,"{""m_exploration"": 93, ""conf"": 0.65, ""eps_target"": 1e-05, ""budget"": 6738739}"
"U(0.001,0.01), eps=1e-05",0.001,0.01,1e-05,binary_risk,8128621,find_phi_fixed_budget_binary_search_risk,"{""m_exploration"": 93, ""conf"": 0.5, ""eps_target"": 1e-05, ""budget"": 8128621}"
"U(0.001,0.01), eps=1e-05",0.001,0.01,1e-05,binary_risk,9805170,find_phi_fixed_budget_binary_search_risk,"{""m_exploration"": 93, ""conf"": 0.5, ""eps_target"": 1e-05, ""budget"": 9805170}"
"U(0.001,0.01), eps=1e-05",0.001,0.01,1e-05,binary_risk,11827511,find_phi_fixed_budget_binary_search_risk,"{""m_exploration"": 201, ""conf"": 0.65, ""eps_target"": 1e-05, ""budget"": 11827511}"
"U(0.001,0.01), eps=1e-05",0.001,0.01,1e-05,binary_risk,14266965,find_phi_fixed_budget_binary_search_risk,"{""m_exploration"": 201, ""conf"": 0.65, ""eps_target"": 1e-05, ""budget"": 14266965}"
"U(0.001,0.01), eps=1e-05",0.001,0.01,1e-05,binary_risk,17209563,find_phi_fixed_budget_binary_search_risk,"{""m_exploration"": 136, ""conf"": 0.5, ""eps_target"": 1e-05, ""budget"": 17209563}"
"U(0.001,0.01), eps=1e-05",0.001,0.01,1e-05,binary_risk,20759079,find_phi_fixed_budget_binary_search_risk,"{""m_exploration"": 93, ""conf"": 0.65, ""eps_target"": 1e-05, ""budget"": 20759079}"
"U(0.001,0.01), eps=1e-05",0.001,0.01,1e-05,binary_risk,25040691,find_phi_fixed_budget_binary_search_risk,"{""m_exploration"": 136, ""conf"": 0.5, ""eps_target"": 1e-05, ""budget"": 25040691}"
"U(0.001,0.01), eps=1e-05",0.001,0.01,1e-05,binary_risk,30205397,find_phi_fixed_budget_binary_search_risk,"{""m_exploration"": 136, ""conf"": 0.5, ""eps_target"": 1e-05, ""budget"": 30205397}"
"U(0.001,0.01), eps=1e-05",0.001,0.01,1e-05,binary_risk,36435337,find_phi_fixed_budget_binary_search_risk,"{""m_exploration"": 136, ""conf"": 0.5, ""eps_target"": 1e-05, ""budget"": 36435337}"
"U(0.001,0.01), eps=1e-05",0.001,0.01,1e-05,binary_risk,43950218,find_phi_fixed_budget_binary_search_risk,"{""m_exploration"": 295, ""conf"": 0.5, ""eps_target"": 1e-05, ""budget"": 43950218}"
"U(0.001,0.01), eps=1e-05",0.001,0.01,1e-05,binary_risk,53015061,find_phi_fixed_budget_binary_search_risk,"{""m_exploration"": 295, ""conf"": 0.5, ""eps_target"": 1e-05, ""budget"": 53015061}"
"U(0.001,0.01), eps=1e-05",0.001,0.01,1e-05,binary_risk,63949552,find_phi_fixed_budget_binary_search_risk,"{""m_exploration"": 1375, ""conf"": 0.5, ""eps_target"": 1e-05, ""budget"": 63949552}"
"U(0.001,0.01), eps=1e-05",0.001,0.01,1e-05,binary_risk,77139309,find_phi_fixed_budget_binary_search_risk,"{""m_exploration"": 1375, ""conf"": 0.5, ""eps_target"": 1e-05, ""budget"": 77139309}"
"U(0.001,0.01), eps=1e-05",0.001,0.01,1e-05,binary_risk,93049487,find_phi_fixed_budget_binary_search_risk,"{""m_exploration"": 1375, ""conf"": 0.5, ""eps_target"": 1e-05, ""budget"": 93049487}"
"U(0.001,0.01), eps=1e-05",0.001,0.01,1e-05,binary_risk,112241179,find_phi_fixed_budget_binary_search_risk,"{""m_exploration"": 936, ""conf"": 0.5, ""eps_target"": 1e-05, ""budget"": 112241179}"
"U(0.001,0.01), eps=1e-05",0.001,0.01,1e-05,binary_risk,135391206,find_phi_fixed_budget_binary_search_risk,"{""m_exploration"": 4361, ""conf"": 0.65, ""eps_target"": 1e-05, ""budget"": 135391206}"
"U(0.001,0.01), eps=1e-05",0.001,0.01,1e-05,binary_risk,163315985,find_phi_fixed_budget_binary_search_risk,"{""m_exploration"": 1375, ""conf"": 0.5, ""eps_target"": 1e-05, ""budget"": 163315985}"
"U(0.001,0.01), eps=1e-05",0.001,0.01,1e-05,binary_risk,197000320,find_phi_fixed_budget_binary_search_risk,"{""m_exploration"": 63, ""conf"": 0.5, ""eps_target"": 1e-05, ""budget"": 197000320}"
"U(0.001,0.01), eps=1e-05",0.001,0.01,1e-05,binary_risk,237632135,find_phi_fixed_budget_binary_search_risk,"{""m_exploration"": 63, ""conf"": 0.5, ""eps_target"": 1e-05, ""budget"": 237632135}"
"U(0.001,0.01), eps=1e-05",0.001,0.01,1e-05,binary_risk,286644364,find_phi_fixed_budget_binary_search_risk,"{""m_exploration"": 29, ""conf"": 0.5, ""eps_target"": 1e-05, ""budget"": 286644364}"
"U(0.001,0.01), eps=1e-05",0.001,0.01,1e-05,binary_risk,345765489,find_phi_fixed_budget_binary_search_risk,"{""m_exploration"": 29, ""conf"": 0.5, ""eps_target"": 1e-05, ""budget"": 345765489}"
"U(0.001,0.01), eps=1e-05",0.001,0.01,1e-05,binary_risk,417080497,find_phi_fixed_budget_binary_search_risk,"{""m_exploration"": 29, ""conf"": 0.5, ""eps_target"": 1e-05, ""budget"": 417080497}"
"U(0.001,0.01), eps=1e-05",0.001,0.01,1e-05,binary_risk,503104405,find_phi_fixed_budget_binary_search_risk,"{""m_exploration"": 20, ""conf"": 0.5, ""eps_target"": 1e-05, ""budget"": 503104405}"
"U(0.001,0.01), eps=1e-05",0.001,0.01,1e-05,binary_risk,606870961,find_phi_fixed_budget_binary_search_risk,"{""m_exploration"": 20, ""conf"": 0.5, ""eps_target"": 1e-05, ""budget"": 606870961}"
"U(0.001,0.01), eps=1e-05",0.001,0.01,1e-05,binary_risk,732039633,find_phi_fixed_budget_binary_search_risk,"{""m_exploration"": 20, ""conf"": 0.5, ""eps_target"": 1e-05, ""budget"": 732039633}"
"U(0.001,0.01), eps=1e-05",0.001,0.01,1e-05,binary_risk,883024660,find_phi_fixed_budget_binary_search_risk,"{""m_exploration"": 20, ""conf"": 0.5, ""eps_target"": 1e-05, ""budget"": 883024660}"
"U(0.001,0.01), eps=1e-05",0.001,0.01,1e-05,binary_risk,1065150730,find_phi_fixed_budget_binary_search_risk,"{""m_exploration"": 20, ""conf"": 0.5, ""eps_target"": 1e-05, ""budget"": 1065150730}"
"U(0.001,0.01), eps=1e-05",0.001,0.01,1e-05,binary_risk,1284840764,find_phi_fixed_budget_binary_search_risk,"{""m_exploration"": 20, ""conf"": 0.5, ""eps_target"": 1e-05, ""budget"": 1284840764}"
"U(0.01,0.1), eps=1e-06",0.01,0.1,1e-06,linear,896533333,find_phi_fixed_budget_linear_search,"{""m_exploration"": 4136, ""lookback_window"": 5, ""safeguard"": 0, ""inc"": 2, ""budget"": 896533333}"
"U(0.01,0.1), eps=1e-06",0.01,0.1,1e-06,linear,1081445601,find_phi_fixed_budget_linear_search,"{""m_exploration"": 4136, ""lookback_window"": 5, ""safeguard"": 0, ""inc"": 2, ""budget"": 1081445601}"
"U(0.01,0.1), eps=1e-06",0.01,0.1,1e-06,linear,1304496493,find_phi_fixed_budget_linear_search,"{""m_exploration"": 4136, ""lookback_window"": 5, ""safeguard"": 0, ""inc"": 2, ""budget"": 1304496493}"
"U(0.01,0.1), eps=1e-06",0.01,0.1,1e-06,linear,1573552196,find_phi_fixed_budget_linear_search,"{""m_exploration"": 46043, ""lookback_window"": 5, ""safeguard"": 0, ""inc"": 2, ""budget"": 1573552196}"
"U(0.01,0.1), eps=1e-06",0.01,0.1,1e-06,linear,1898101319,find_phi_fixed_budget_linear_search,"{""m_exploration"": 4136, ""lookback_window"": 5, ""safeguard"": 1, ""inc"": 2, ""budget"": 1898101319}"
"U(0.01,0.1), eps=1e-06",0.01,0.1,1e-06,linear,2289589519,find_phi_fixed_budget_linear_search,"{""m_exploration"": 284, ""lookback_window"": 5, ""safeguard"": 1, ""inc"": 1, ""budget"": 2289589519}"
"U(0.01,0.1), eps=1e-06",0.01,0.1,1e-06,linear,2761823151,find_phi_fixed_budget_linear_search,"{""m_exploration"": 4136, ""lookback_window"": 5, ""safeguard"": 1, ""inc"": 2, ""budget"": 2761823151}"
"U(0.01,0.1), eps=1e-06",0.01,0.1,1e-06,linear,3331456165,find_phi_fixed_budget_linear_search,"{""m_exploration"": 284, ""lookback_window"": 5, ""safeguard"": 1, ""inc"": 1, ""budget"": 3331456165}"
"U(0.01,0.1), eps=1e-06",0.01,0.1,1e-06,linear,4018577429,find_phi_fixed_budget_linear_search,"{""m_exploration"": 284, ""lookback_window"": 5, ""safeguard"": 1, ""inc"": 1, ""budget"": 4018577429}"
"U(0.01,0.1), eps=1e-06",0.01,0.1,1e-06,linear,4847419193,find_phi_fixed_budget_linear_search,"{""m_exploration"": 284, ""lookback_window"": 5, ""safeguard"": 1, ""inc"": 1, ""budget"": 4847419193}"
"U(0.01,0.1), eps=1e-06",0.01,0.1,1e-06,linear,5847211667,find_phi_fixed_budget_linear_search,"{""m_exploration"": 4136, ""lookback_window"": 5, ""safeguard"": 1, ""inc"": 2, ""budget"": 5847211667}"
"U(0.01,0.1), eps=1e-06",0.01,0.1,1e-06,linear,7053213870,find_phi_fixed_budget_linear_search,"{""m_exploration"": 284, ""lookback_window"": 5, ""safeguard"": 1, ""inc"": 1, ""budget"": 7053213870}"
"U(0.01,0.1), eps=1e-06",0.01,0.1,1e-06,linear,8507957079,find_phi_fixed_budget_linear_search,"{""m_exploration"": 46043, ""lookback_window"": 5, ""safeguard"": 0, ""inc"": 2, ""budget"": 8507957079}"
"U(0.01,0.1), eps=1e-06",0.01,0.1,1e-06,linear,10262744755,find_phi_fixed_budget_linear_search,"{""m_exploration"": 78654, ""lookback_window"": 5, ""safeguard"": 0, ""inc"": 2, ""budget"": 10262744755}"
"U(0.01,0.1), eps=1e-06",0.01,0.1,1e-06,linear,12379461831,find_phi_fixed_budget_linear_search,"{""m_exploration"": 46043, ""lookback_window"": 5, ""safeguard"": 0, ""inc"": 2, ""budget"": 12379461831}"
"U(0.01,0.1), eps=1e-06",0.01,0.1,1e-06,linear,14932757159,find_phi_fixed_budget_linear_search,"{""m_exploration"": 78654, ""lookback_window"": 5, ""safeguard"": 0, ""inc"": 2, ""budget"": 14932757159}"
"U(0.01,0.1), eps=1e-06",0.01,0.1,1e-06,linear,18012676110,find_phi_fixed_budget_linear_search,"{""m_exploration"": 300000, ""lookback_window"": 5, ""safeguard"": 0, ""inc"": 2, ""budget"": 18012676110}"
"U(0.01,0.1), eps=1e-06",0.01,0.1,1e-06,linear,21727836139,find_phi_fixed_budget_linear_search,"{""m_exploration"": 300000, ""lookback_window"": 5, ""safeguard"": 0, ""inc"": 2, ""budget"": 21727836139}"
"U(0.01,0.1), eps=1e-06",0.01,0.1,1e-06,linear,26209257324,find_phi_fixed_budget_linear_search,"{""m_exploration"": 175615, ""lookback_window"": 5, ""safeguard"": 0, ""inc"": 2, ""budget"": 26209257324}"
"U(0.01,0.1), eps=1e-06",0.01,0.1,1e-06,linear,31614982969,find_phi_fixed_budget_linear_search,"{""m_exploration"": 175615, ""lookback_window"": 5, ""safeguard"": 0, ""inc"": 2, ""budget"": 31614982969}"
"U(0.01,0.1), eps=1e-06",0.01,0.1,1e-06,linear,38135653207,find_phi_fixed_budget_linear_search,"{""m_exploration"": 300000, ""lookback_window"": 5, ""safeguard"": 0, ""inc"": 2, ""budget"": 38135653207}"
"U(0.01,0.1), eps=1e-06",0.01,0.1,1e-06,linear,46001228182,find_phi_fixed_budget_linear_search,"{""m_exploration"": 300000, ""lookback_window"": 5, ""safeguard"": 0, ""inc"": 2, ""budget"": 46001228182}"
"U(0.01,0.1), eps=1e-06",0.01,0.1,1e-06,linear,55489097899,find_phi_fixed_budget_linear_search,"{""m_exploration"": 60179, ""lookback_window"": 5, ""safeguard"": 0, ""inc"": 2, ""budget"": 55489097899}"
"U(0.01,0.1), eps=1e-06",0.01,0.1,1e-06,linear,66933864754,find_phi_fixed_budget_linear_search,"{""m_exploration"": 2421, ""lookback_window"": 5, ""safeguard"": 1, ""inc"": 1, ""budget"": 66933864754}"
"U(0.01,0.1), eps=1e-06",0.01,0.1,1e-06,linear,80739143733,find_phi_fixed_budget_linear_search,"{""m_exploration"": 102802, ""lookback_window"": 5, ""safeguard"": 0, ""inc"": 2, ""budget"": 80739143733}"
"U(0.01,0.1), eps=1e-06",0.01,0.1,1e-06,linear,97391796436,find_phi_fixed_budget_linear_search,"{""m_exploration"": 60179, ""lookback_window"": 3, ""safeguard"": 0, ""inc"": 1, ""budget"": 97391796436}"
"U(0.01,0.1), eps=1e-06",0.01,0.1,1e-06,linear,117479100897,find_phi_fixed_budget_linear_search,"{""m_exploration"": 60179, ""lookback_window"": 3, ""safeguard"": 1, ""inc"": 1, ""budget"": 117479100897}"
"U(0.01,0.1), eps=1e-06",0.01,0.1,1e-06,linear,141709462734,find_phi_fixed_budget_linear_search,"{""m_exploration"": 5406, ""lookback_window"": 5, ""safeguard"": 2, ""inc"": 1, ""budget"": 141709462734}"
"U(0.01,0.1), eps=1e-06",0.01,0.1,1e-06,linear,170937398014,find_phi_fixed_budget_linear_search,"{""m_exploration"": 166, ""lookback_window"": 5, ""safeguard"": 3, ""inc"": 1, ""budget"": 170937398014}"
"U(0.01,0.1), eps=1e-06",0.01,0.1,1e-06,linear,206193668906,find_phi_fixed_budget_linear_search,"{""m_exploration"": 3, ""lookback_window"": 1, ""safeguard"": 3, ""inc"": 1, ""budget"": 206193668906}"
"U(0.01,0.1), eps=1e-06",0.01,0.1,1e-06,linear,248721634884,find_phi_fixed_budget_linear_search,"{""m_exploration"": 3, ""lookback_window"": 1, ""safeguard"": 3, ""inc"": 1, ""budget"": 248721634884}"
"U(0.01,0.1), eps=1e-06",0.01,0.1,1e-06,linear,300021101460,find_phi_fixed_budget_linear_search,"{""m_exploration"": 3, ""lookback_window"": 1, ""safeguard"": 3, ""inc"": 1, ""budget"": 300021101460}"
"U(0.01,0.1), eps=1e-06",0.01,0.1,1e-06,linear,361901212829,find_phi_fixed_budget_linear_search,"{""m_exploration"": 3, ""lookback_window"": 1, ""safeguard"": 3, ""inc"": 1, ""budget"": 361901212829}"
"U(0.01,0.1), eps=1e-06",0.01,0.1,1e-06,linear,436544253753,find_phi_fixed_budget_linear_search,"{""m_exploration"": 3, ""lookback_window"": 1, ""safeguard"": 3, ""inc"": 1, ""budget"": 436544253753}"
"U(0.01,0.1), eps=1e-06",0.01,0.1,1e-06,linear,526582610750,find_phi_fixed_budget_linear_search,"{""m_exploration"": 3, ""lookback_window"": 1, ""safeguard"": 3, ""inc"": 1, ""budget"": 526582610750}"
"U(0.01,0.1), eps=1e-06",0.01,0.1,1e-06,linear,635191606717,find_phi_fixed_budget_linear_search,"{""m_exploration"": 3, ""lookback_window"": 1, ""safeguard"": 3, ""inc"": 1, ""budget"": 635191606717}"
"U(0.01,0.1), eps=1e-06",0.01,0.1,1e-06,linear,766201482932,find_phi_fixed_budget_linear_search,"{""m_exploration"": 3, ""lookback_window"": 1, ""safeguard"": 3, ""inc"": 1, ""budget"": 766201482932}"
"U(0.01,0.1), eps=1e-06",0.01,0.1,1e-06,linear,924232477633,find_phi_fixed_budget_linear_search,"{""m_exploration"": 3, ""lookback_window"": 1, ""safeguard"": 3, ""inc"": 1, ""budget"": 924232477633}"
"U(0.01,0.1), eps=1e-06",0.01,0.1,1e-06,linear,1114857764883,find_phi_fixed_budget_linear_search,"{""m_exploration"": 3, ""lookback_window"": 1, ""safeguard"": 3, ""inc"": 1, ""budget"": 1114857764883}"
"U(0.01,0.1), eps=1e-06",0.01,0.1,1e-06,linear,1344800000000,find_phi_fixed_budget_linear_search,"{""m_exploration"": 3, ""lookback_window"": 1, ""safeguard"": 3, ""inc"": 1, ""budget"": 1344800000000}"
"U(0.01,0.1), eps=1e-06",0.01,0.1,1e-06,reverse_eng,896533333,find_phi_fixed_budget_reverse_engineering,"{""m_exploration"": 141118, ""safeguard"": 0.975, ""budget"": 896533333}"
"U(0.01,0.1), eps=1e-06",0.01,0.1,1e-06,reverse_eng,1081445601,find_phi_fixed_budget_reverse_engineering,"{""m_exploration"": 170399, ""safeguard"": 0.975, ""budget"": 1081445601}"
"U(0.01,0.1), eps=1e-06",0.01,0.1,1e-06,reverse_eng,1304496493,find_phi_fixed_budget_reverse_engineering,"{""m_exploration"": 170399, ""safeguard"": 0.975, ""budget"": 1304496493}"
"U(0.01,0.1), eps=1e-06",0.01,0.1,1e-06,reverse_eng,1573552196,find_phi_fixed_budget_reverse_engineering,"{""m_exploration"": 170399, ""safeguard"": 0.975, ""budget"": 1573552196}"
"U(0.01,0.1), eps=1e-06",0.01,0.1,1e-06,reverse_eng,1898101319,find_phi_fixed_budget_reverse_engineering,"{""m_exploration"": 170399, ""safeguard"": 0.975, ""budget"": 1898101319}"
"U(0.01,0.1), eps=1e-06",0.01,0.1,1e-06,reverse_eng,2289589519,find_phi_fixed_budget_reverse_engineering,"{""m_exploration"": 170399, ""safeguard"": 0.975, ""budget"": 2289589519}"
"U(0.01,0.1), eps=1e-06",0.01,0.1,1e-06,reverse_eng,2761823151,find_phi_fixed_budget_reverse_engineering,"{""m_exploration"": 170399, ""safeguard"": 0.975, ""budget"": 2761823151}"
"U(0.01,0.1), eps=1e-06",0.01,0.1,1e-06,reverse_eng,3331456165,find_phi_fixed_budget_reverse_engineering,"{""m_exploration"": 170399, ""safeguard"": 0.975, ""budget"": 3331456165}"
"U(0.01,0.1), eps=1e-06",0.01,0.1,1e-06,reverse_eng,4018577429,find_phi_fixed_budget_reverse_engineering,"{""m_exploration"": 141118, ""safeguard"": 0.975, ""budget"": 4018577429}"
"U(0.01,0.1), eps=1e-06",0.01,0.1,1e-06,reverse_eng,4847419193,find_phi_fixed_budget_reverse_engineering,"{""m_exploration"": 141118, ""safeguard"": 0.975, ""budget"": 4847419193}"
"U(0.01,0.1), eps=1e-06",0.01,0.1,1e-06,reverse_eng,5847211667,find_phi_fixed_budget_reverse_engineering,"{""m_exploration"": 170399, ""safeguard"": 0.975, ""budget"": 5847211667}"
"U(0.01,0.1), eps=1e-06",0.01,0.1,1e-06,reverse_eng,7053213870,find_phi_fixed_budget_reverse_engineering,"{""m_exploration"": 66381, ""safeguard"": 0.975, ""budget"": 7053213870}"
"U(0.01,0.1), eps=1e-06",0.01,0.1,1e-06,reverse_eng,8507957079,find_phi_fixed_budget_reverse_engineering,"{""m_exploration"": 66381, ""safeguard"": 0.975, ""budget"": 8507957079}"
"U(0.01,0.1), eps=1e-06",0.01,0.1,1e-06,reverse_eng,10262744755,find_phi_fixed_budget_reverse_engineering,"{""m_exploration"": 66381, ""safeguard"": 0.975, ""budget"": 10262744755}"
"U(0.01,0.1), eps=1e-06",0.01,0.1,1e-06,reverse_eng,12379461831,find_phi_fixed_budget_reverse_engineering,"{""m_exploration"": 66381, ""safeguard"": 0.975, ""budget"": 12379461831}"
"U(0.01,0.1), eps=1e-06",0.01,0.1,1e-06,reverse_eng,14932757159,find_phi_fixed_budget_reverse_engineering,"{""m_exploration"": 66381, ""safeguard"": 0.975, ""budget"": 14932757159}"
"U(0.01,0.1), eps=1e-06",0.01,0.1,1e-06,reverse_eng,18012676110,find_phi_fixed_budget_reverse_engineering,"{""m_exploration"": 66381, ""safeguard"": 0.975, ""budget"": 18012676110}"
"U(0.01,0.1), eps=1e-06",0.01,0.1,1e-06,reverse_eng,21727836139,find_phi_fixed_budget_reverse_engineering,"{""m_exploration"": 66381, ""safeguard"": 0.975, ""budget"": 21727836139}"
"U(0.01,0.1), eps=1e-06",0.01,0.1,1e-06,reverse_eng,26209257324,find_phi_fixed_budget_reverse_engineering,"{""m_exploration"": 66381, ""safeguard"": 0.975, ""budget"": 26209257324}"
"U(0.01,0.1), eps=1e-06",0.01,0.1,1e-06,reverse_eng,31614982969,find_phi_fixed_budget_reverse_engineering,"{""m_exploration"": 54974, ""safeguard"": 0.975, ""budget"": 31614982969}"
"U(0.01,0.1), eps=1e-06",0.01,0.1,1e-06,reverse_eng,38135653207,find_phi_fixed_budget_reverse_engineering,"{""m_exploration"": 66381, ""safeguard"": 0.975, ""budget"": 38135653207}"
"U(0.01,0.1), eps=1e-06",0.01,0.1,1e-06,reverse_eng,46001228182,find_phi_fixed_budget_reverse_engineering,"{""m_exploration"": 14688, ""safeguard"": 0.95, ""budget"": 46001228182}"
"U(0.01,0.1), eps=1e-06",0.01,0.1,1e-06,reverse_eng,55489097899,find_phi_fixed_budget_reverse_engineering,"{""m_exploration"": 66381, ""safeguard"": 0.975, ""budget"": 55489097899}"
"U(0.01,0.1), eps=1e-06",0.01,0.1,1e-06,reverse_eng,66933864754,find_phi_fixed_budget_reverse_engineering,"{""m_exploration"": 66381, ""safeguard"": 0.975, ""budget"": 66933864754}"
"U(0.01,0.1), eps=1e-06",0.01,0.1,1e-06,reverse_eng,80739143733,find_phi_fixed_budget_reverse_engineering,"{""m_exploration"": 66381, ""safeguard"": 0.975, ""budget"": 80739143733}"
"U(0.01,0.1), eps=1e-06",0.01,0.1,1e-06,reverse_eng,97391796436,find_phi_fixed_budget_reverse_engineering,"{""m_exploration"": 66381, ""safeguard"": 0.975, ""budget"": 97391796436}"
"U(0.01,0.1), eps=1e-06",0.01,0.1,1e-06,reverse_eng,117479100897,find_phi_fixed_budget_reverse_engineering,"{""m_exploration"": 8343, ""safeguard"": 0.9, ""budget"": 117479100897}"
"U(0.01,0.1), eps=1e-06",0.01,0.1,1e-06,reverse_eng,141709462734,find_phi_fixed_budget_reverse_engineering,"{""m_exploration"": 3250, ""safeguard"": 0.85, ""budget"": 141709462734}"
"U(0.01,0.1), eps=1e-06",0.01,0.1,1e-06,reverse_eng,170937398014,find_phi_fixed_budget_reverse_engineering,"{""m_exploration"": 2691, ""safeguard"": 0.85, ""budget"": 170937398014}"
"U(0.01,0.1), eps=1e-06",0.01,0.1,1e-06,reverse_eng,206193668906,find_phi_fixed_budget_reverse_engineering,"{""m_exploration"": 1528, ""safeguard"": 0.8, ""budget"": 206193668906}"
"U(0.01,0.1), eps=1e-06",0.01,0.1,1e-06,reverse_eng,248721634884,find_phi_fixed_budget_reverse_engineering,"{""m_exploration"": 1528, ""safeguard"": 0.8, ""budget"": 248721634884}"
"U(0.01,0.1), eps=1e-06",0.01,0.1,1e-06,reverse_eng,300021101460,find_phi_fixed_budget_reverse_engineering,"{""m_exploration"": 1528, ""safeguard"": 0.8, ""budget"": 300021101460}"
"U(0.01,0.1), eps=1e-06",0.01,0.1,1e-06,reverse_eng,361901212829,find_phi_fixed_budget_reverse_engineering,"{""m_exploration"": 1528, ""safeguard"": 0.8, ""budget"": 361901212829}"
"U(0.01,0.1), eps=1e-06",0.01,0.1,1e-06,reverse_eng,436544253753,find_phi_fixed_budget_reverse_engineering,"{""m_exploration"": 1528, ""safeguard"": 0.8, ""budget"": 436544253753}"
"U(0.01,0.1), eps=1e-06",0.01,0.1,1e-06,reverse_eng,526582610750,find_phi_fixed_budget_reverse_engineering,"{""m_exploration"": 1528, ""safeguard"": 0.8, ""budget"": 526582610750}"
"U(0.01,0.1), eps=1e-06",0.01,0.1,1e-06,reverse_eng,635191606717,find_phi_fixed_budget_reverse_engineering,"{""m_exploration"": 1528, ""safeguard"": 0.8, ""budget"": 635191606717}"
"U(0.01,0.1), eps=1e-06",0.01,0.1,1e-06,reverse_eng,766201482932,find_phi_fixed_budget_reverse_engineering,"{""m_exploration"": 1528, ""safeguard"": 0.8, ""budget"": 766201482932}"
"U(0.01,0.1), eps=1e-06",0.01,0.1,1e-06,reverse_eng,924232477633,find_phi_fixed_budget_reverse_engineering,"{""m_exploration"": 1528, ""safeguard"": 0.8, ""budget"": 924232477633}"
"U(0.01,0.1), eps=1e-06",0.01,0.1,1e-06,reverse_eng,1114857764883,find_phi_fixed_budget_reverse_engineering,"{""m_exploration"": 1528, ""safeguard"": 0.8, ""budget"": 1114857764883}"
"U(0.01,0.1), eps=1e-06",0.01,0.1,1e-06,reverse_eng,1344800000000,find_phi_fixed_budget_reverse_engineering,"{""m_exploration"": 1528, ""safeguard"": 0.8, ""budget"": 1344800000000}"
"U(0.01,0.1), eps=1e-06",0.01,0.1,1e-06,binary,896533333,find_phi_fixed_budget_binary_search,"{""m_exploration"": 94621, ""safeguard"": 2, ""conf"": 0.95, ""budget"": 896533333}"
"U(0.01,0.1), eps=1e-06",0.01,0.1,1e-06,binary,1081445601,find_phi_fixed_budget_binary_search,"{""m_exploration"": 29844, ""safeguard"": 2, ""conf"": 0.9, ""budget"": 1081445601}"
"U(0.01,0.1), eps=1e-06",0.01,0.1,1e-06,binary,1304496493,find_phi_fixed_budget_binary_search,"{""m_exploration"": 2020, ""safeguard"": 2, ""conf"": 0.95, ""budget"": 1304496493}"
"U(0.01,0.1), eps=1e-06",0.01,0.1,1e-06,binary,1573552196,find_phi_fixed_budget_binary_search,"{""m_exploration"": 2020, ""safeguard"": 2, ""conf"": 0.95, ""budget"": 1573552196}"
"U(0.01,0.1), eps=1e-06",0.01,0.1,1e-06,binary,1898101319,find_phi_fixed_budget_binary_search,"{""m_exploration"": 300000, ""safeguard"": 1, ""conf"": 0.95, ""budget"": 1898101319}"
"U(0.01,0.1), eps=1e-06",0.01,0.1,1e-06,binary,2289589519,find_phi_fixed_budget_binary_search,"{""m_exploration"": 300000, ""safeguard"": 1, ""conf"": 0.95, ""budget"": 2289589519}"
"U(0.01,0.1), eps=1e-06",0.01,0.1,1e-06,binary,2761823151,find_phi_fixed_budget_binary_search,"{""m_exploration"": 139006, ""safeguard"": 1, ""conf"": 0.95, ""budget"": 2761823151}"
"U(0.01,0.1), eps=1e-06",0.01,0.1,1e-06,binary,3331456165,find_phi_fixed_budget_binary_search,"{""m_exploration"": 94621, ""safeguard"": 2, ""conf"": 0.95, ""budget"": 3331456165}"
"U(0.01,0.1), eps=1e-06",0.01,0.1,1e-06,binary,4018577429,find_phi_fixed_budget_binary_search,"{""m_exploration"": 300000, ""safeguard"": 1, ""conf"": 0.95, ""budget"": 4018577429}"
"U(0.01,0.1), eps=1e-06",0.01,0.1,1e-06,binary,4847419193,find_phi_fixed_budget_binary_search,"{""m_exploration"": 300000, ""safeguard"": 1, ""conf"": 0.95, ""budget"": 4847419193}"
"U(0.01,0.1), eps=1e-06",0.01,0.1,1e-06,binary,5847211667,find_phi_fixed_budget_binary_search,"{""m_exploration"": 300000, ""safeguard"": 1, ""conf"": 0.95, ""budget"": 5847211667}"
"U(0.01,0.1), eps=1e-06",0.01,0.1,1e-06,binary,7053213870,find_phi_fixed_budget_binary_search,"{""m_exploration"": 300000, ""safeguard"": 1, ""conf"": 0.95, ""budget"": 7053213870}"
"U(0.01,0.1), eps=1e-06",0.01,0.1,1e-06,binary,8507957079,find_phi_fixed_budget_binary_search,"{""m_exploration"": 300000, ""safeguard"": 1, ""conf"": 0.95, ""budget"": 8507957079}"
"U(0.01,0.1), eps=1e-06",0.01,0.1,1e-06,binary,10262744755,find_phi_fixed_budget_binary_search,"{""m_exploration"": 139006, ""safeguard"": 2, ""conf"": 0.95, ""budget"": 10262744755}"
"U(0.01,0.1), eps=1e-06",0.01,0.1,1e-06,binary,12379461831,find_phi_fixed_budget_binary_search,"{""m_exploration"": 300000, ""safeguard"": 1, ""conf"": 0.95, ""budget"": 12379461831}"
"U(0.01,0.1), eps=1e-06",0.01,0.1,1e-06,binary,14932757159,find_phi_fixed_budget_binary_search,"{""m_exploration"": 139006, ""safeguard"": 2, ""conf"": 0.95, ""budget"": 14932757159}"
"U(0.01,0.1), eps=1e-06",0.01,0.1,1e-06,binary,18012676110,find_phi_fixed_budget_binary_search,"{""m_exploration"": 139006, ""safeguard"": 2, ""conf"": 0.95, ""budget"": 18012676110}"
"U(0.01,0.1), eps=1e-06",0.01,0.1,1e-06,binary,21727836139,find_phi_fixed_budget_binary_search,"{""m_exploration"": 139006, ""safeguard"": 2, ""conf"": 0.95, ""budget"": 21727836139}"
"U(0.01,0.1), eps=1e-06",0.01,0.1,1e-06,binary,26209257324,find_phi_fixed_budget_binary_search,"{""m_exploration"": 300000, ""safeguard"": 1, ""conf"": 0.9, ""budget"": 26209257324}"
"U(0.01,0.1), eps=1e-06",0.01,0.1,1e-06,binary,31614982969,find_phi_fixed_budget_binary_search,"{""m_exploration"": 300000, ""safeguard"": 1, ""conf"": 0.9, ""budget"": 31614982969}"
"U(0.01,0.1), eps=1e-06",0.01,0.1,1e-06,binary,38135653207,find_phi_fixed_budget_binary_search,"{""m_exploration"": 20314, ""safeguard"": 2, ""conf"": 0.95, ""budget"": 38135653207}"
"U(0.01,0.1), eps=1e-06",0.01,0.1,1e-06,binary,46001228182,find_phi_fixed_budget_binary_search,"{""m_exploration"": 29844, ""safeguard"": 2, ""conf"": 0.95, ""budget"": 46001228182}"
"U(0.01,0.1), eps=1e-06",0.01,0.1,1e-06,binary,55489097899,find_phi_fixed_budget_binary_search,"{""m_exploration"": 29844, ""safeguard"": 2, ""conf"": 0.95, ""budget"": 55489097899}"
"U(0.01,0.1), eps=1e-06",0.01,0.1,1e-06,binary,66933864754,find_phi_fixed_budget_binary_search,"{""m_exploration"": 20314, ""safeguard"": 2, ""conf"": 0.95, ""budget"": 66933864754}"
"U(0.01,0.1), eps=1e-06",0.01,0.1,1e-06,binary,80739143733,find_phi_fixed_budget_binary_search,"{""m_exploration"": 20314, ""safeguard"": 2, ""conf"": 0.95, ""budget"": 80739143733}"
"U(0.01,0.1), eps=1e-06",0.01,0.1,1e-06,binary,97391796436,find_phi_fixed_budget_binary_search,"{""m_exploration"": 20314, ""safeguard"": 2, ""conf"": 0.95, ""budget"": 97391796436}"
"U(0.01,0.1), eps=1e-06",0.01,0.1,1e-06,binary,117479100897,find_phi_fixed_budget_binary_search,"{""m_exploration"": 6407, ""safeguard"": 2, ""conf"": 0.8, ""budget"": 117479100897}"
"U(0.01,0.1), eps=1e-06",0.01,0.1,1e-06,binary,141709462734,find_phi_fixed_budget_binary_search,"{""m_exploration"": 20314, ""safeguard"": 2, ""conf"": 0.65, ""budget"": 141709462734}"
"U(0.01,0.1), eps=1e-06",0.01,0.1,1e-06,binary,170937398014,find_phi_fixed_budget_binary_search,"{""m_exploration"": 20314, ""safeguard"": 2, ""conf"": 0.65, ""budget"": 170937398014}"
"U(0.01,0.1), eps=1e-06",0.01,0.1,1e-06,binary,206193668906,find_phi_fixed_budget_binary_search,"{""m_exploration"": 20314, ""safeguard"": 2, ""conf"": 0.5, ""budget"": 206193668906}"
"U(0.01,0.1), eps=1e-06",0.01,0.1,1e-06,binary,248721634884,find_phi_fixed_budget_binary_search,"{""m_exploration"": 6407, ""safeguard"": 2, ""conf"": 0.5, ""budget"": 248721634884}"
"U(0.01,0.1), eps=1e-06",0.01,0.1,1e-06,binary,300021101460,find_phi_fixed_budget_binary_search,"{""m_exploration"": 4361, ""safeguard"": 2, ""conf"": 0.5, ""budget"": 300021101460}"
"U(0.01,0.1), eps=1e-06",0.01,0.1,1e-06,binary,361901212829,find_phi_fixed_budget_binary_search,"{""m_exploration"": 1375, ""safeguard"": 2, ""conf"": 0.5, ""budget"": 361901212829}"
"U(0.01,0.1), eps=1e-06",0.01,0.1,1e-06,binary,436544253753,find_phi_fixed_budget_binary_search,"{""m_exploration"": 1375, ""safeguard"": 2, ""conf"": 0.5, ""budget"": 436544253753}"
"U(0.01,0.1), eps=1e-06",0.01,0.1,1e-06,binary,526582610750,find_phi_fixed_budget_binary_search,"{""m_exploration"": 1375, ""safeguard"": 2, ""conf"": 0.5, ""budget"": 526582610750}"
"U(0.01,0.1), eps=1e-06",0.01,0.1,1e-06,binary,635191606717,find_phi_fixed_budget_binary_search,"{""m_exploration"": 1375, ""safeguard"": 2, ""conf"": 0.5, ""budget"": 635191606717}"
"U(0.01,0.1), eps=1e-06",0.01,0.1,1e-06,binary,766201482932,find_phi_fixed_budget_binary_search,"{""m_exploration"": 1375, ""safeguard"": 2, ""conf"": 0.5, ""budget"": 766201482932}"
"U(0.01,0.1), eps=1e-06",0.01,0.1,1e-06,binary,924232477633,find_phi_fixed_budget_binary_search,"{""m_exploration"": 1375, ""safeguard"": 2, ""conf"": 0.5, ""budget"": 924232477633}"
"U(0.01,0.1), eps=1e-06",0.01,0.1,1e-06,binary,1114857764883,find_phi_fixed_budget_binary_search,"{""m_exploration"": 1375, ""safeguard"": 2, ""conf"": 0.5, ""budget"": 1114857764883}"
"U(0.01,0.1), eps=1e-06",0.01,0.1,1e-06,binary,1344800000000,find_phi_fixed_budget_binary_search,"{""m_exploration"": 1375, ""safeguard"": 2, ""conf"": 0.5, ""budget"": 1344800000000}"
"U(0.01,0.1), eps=1e-06",0.01,0.1,1e-06,reverse_eng_risk,896533333,find_phi_fixed_budget_reverse_engineering_risk,"{""m_exploration"": 300000, ""eps_target"": 1e-06, ""budget"": 896533333}"
"U(0.01,0.1), eps=1e-06",0.01,0.1,1e-06,reverse_eng_risk,1081445601,find_phi_fixed_budget_reverse_engineering_risk,"{""m_exploration"": 205756, ""eps_target"": 1e-06, ""budget"": 1081445601}"
"U(0.01,0.1), eps=1e-06",0.01,0.1,1e-06,reverse_eng_risk,1304496493,find_phi_fixed_budget_reverse_engineering_risk,"{""m_exploration"": 10074, ""eps_target"": 1e-06, ""budget"": 1304496493}"
"U(0.01,0.1), eps=1e-06",0.01,0.1,1e-06,reverse_eng_risk,1573552196,find_phi_fixed_budget_reverse_engineering_risk,"{""m_exploration"": 170399, ""eps_target"": 1e-06, ""budget"": 1573552196}"
"U(0.01,0.1), eps=1e-06",0.01,0.1,1e-06,reverse_eng_risk,1898101319,find_phi_fixed_budget_reverse_engineering_risk,"{""m_exploration"": 170399, ""eps_target"": 1e-06, ""budget"": 1898101319}"
"U(0.01,0.1), eps=1e-06",0.01,0.1,1e-06,reverse_eng_risk,2289589519,find_phi_fixed_budget_reverse_engineering_risk,"{""m_exploration"": 170399, ""eps_target"": 1e-06, ""budget"": 2289589519}"
"U(0.01,0.1), eps=1e-06",0.01,0.1,1e-06,reverse_eng_risk,2761823151,find_phi_fixed_budget_reverse_engineering_risk,"{""m_exploration"": 170399, ""eps_target"": 1e-06, ""budget"": 2761823151}"
"U(0.01,0.1), eps=1e-06",0.01,0.1,1e-06,reverse_eng_risk,3331456165,find_phi_fixed_budget_reverse_engineering_risk,"{""m_exploration"": 170399, ""eps_target"": 1e-06, ""budget"": 3331456165}"
"U(0.01,0.1), eps=1e-06",0.01,0.1,1e-06,reverse_eng_risk,4018577429,find_phi_fixed_budget_reverse_engineering_risk,"{""m_exploration"": 248448, ""eps_target"": 1e-06, ""budget"": 4018577429}"
"U(0.01,0.1), eps=1e-06",0.01,0.1,1e-06,reverse_eng_risk,4847419193,find_phi_fixed_budget_reverse_engineering_risk,"{""m_exploration"": 205756, ""eps_target"": 1e-06, ""budget"": 4847419193}"
"U(0.01,0.1), eps=1e-06",0.01,0.1,1e-06,reverse_eng_risk,5847211667,find_phi_fixed_budget_reverse_engineering_risk,"{""m_exploration"": 170399, ""eps_target"": 1e-06, ""budget"": 5847211667}"
"U(0.01,0.1), eps=1e-06",0.01,0.1,1e-06,reverse_eng_risk,7053213870,find_phi_fixed_budget_reverse_engineering_risk,"{""m_exploration"": 2229, ""eps_target"": 1e-06, ""budget"": 7053213870}"
"U(0.01,0.1), eps=1e-06",0.01,0.1,1e-06,reverse_eng_risk,8507957079,find_phi_fixed_budget_reverse_engineering_risk,"{""m_exploration"": 66381, ""eps_target"": 1e-06, ""budget"": 8507957079}"
"U(0.01,0.1), eps=1e-06",0.01,0.1,1e-06,reverse_eng_risk,10262744755,find_phi_fixed_budget_reverse_engineering_risk,"{""m_exploration"": 170399, ""eps_target"": 1e-06, ""budget"": 10262744755}"
"U(0.01,0.1), eps=1e-06",0.01,0.1,1e-06,reverse_eng_risk,12379461831,find_phi_fixed_budget_reverse_engineering_risk,"{""m_exploration"": 66381, ""eps_target"": 1e-06, ""budget"": 12379461831}"
"U(0.01,0.1), eps=1e-06",0.01,0.1,1e-06,reverse_eng_risk,14932757159,find_phi_fixed_budget_reverse_engineering_risk,"{""m_exploration"": 2691, ""eps_target"": 1e-06, ""budget"": 14932757159}"
"U(0.01,0.1), eps=1e-06",0.01,0.1,1e-06,reverse_eng_risk,18012676110,find_phi_fixed_budget_reverse_engineering_risk,"{""m_exploration"": 54974, ""eps_target"": 1e-06, ""budget"": 18012676110}"
"U(0.01,0.1), eps=1e-06",0.01,0.1,1e-06,reverse_eng_risk,21727836139,find_phi_fixed_budget_reverse_engineering_risk,"{""m_exploration"": 54974, ""eps_target"": 1e-06, ""budget"": 21727836139}"
"U(0.01,0.1), eps=1e-06",0.01,0.1,1e-06,reverse_eng_risk,26209257324,find_phi_fixed_budget_reverse_engineering_risk,"{""m_exploration"": 2691, ""eps_target"": 1e-06, ""budget"": 26209257324}"
"U(0.01,0.1), eps=1e-06",0.01,0.1,1e-06,reverse_eng_risk,31614982969,find_phi_fixed_budget_reverse_engineering_risk,"{""m_exploration"": 2691, ""eps_target"": 1e-06, ""budget"": 31614982969}"
"U(0.01,0.1), eps=1e-06",0.01,0.1,1e-06,reverse_eng_risk,38135653207,find_phi_fixed_budget_reverse_engineering_risk,"{""m_exploration"": 2691, ""eps_target"": 1e-06, ""budget"": 38135653207}"
"U(0.01,0.1), eps=1e-06",0.01,0.1,1e-06,reverse_eng_risk,46001228182,find_phi_fixed_budget_reverse_engineering_risk,"{""m_exploration"": 2691, ""eps_target"": 1e-06, ""budget"": 46001228182}"
"U(0.01,0.1), eps=1e-06",0.01,0.1,1e-06,reverse_eng_risk,55489097899,find_phi_fixed_budget_reverse_engineering_risk,"{""m_exploration"": 3250, ""eps_target"": 1e-06, ""budget"": 55489097899}"
"U(0.01,0.1), eps=1e-06",0.01,0.1,1e-06,reverse_eng_risk,66933864754,find_phi_fixed_budget_reverse_engineering_risk,"{""m_exploration"": 3250, ""eps_target"": 1e-06, ""budget"": 66933864754}"
"U(0.01,0.1), eps=1e-06",0.01,0.1,1e-06,reverse_eng_risk,80739143733,find_phi_fixed_budget_reverse_engineering_risk,"{""m_exploration"": 868, ""eps_target"": 1e-06, ""budget"": 80739143733}"
"U(0.01,0.1), eps=1e-06",0.01,0.1,1e-06,reverse_eng_risk,97391796436,find_phi_fixed_budget_reverse_engineering_risk,"{""m_exploration"": 3250, ""eps_target"": 1e-06, ""budget"": 97391796436}"
"U(0.01,0.1), eps=1e-06",0.01,0.1,1e-06,reverse_eng_risk,117479100897,find_phi_fixed_budget_reverse_engineering_risk,"{""m_exploration"": 3250, ""eps_target"": 1e-06, ""budget"": 117479100897}"
"U(0.01,0.1), eps=1e-06",0.01,0.1,1e-06,reverse_eng_risk,141709462734,find_phi_fixed_budget_reverse_engineering_risk,"{""m_exploration"": 1528, ""eps_target"": 1e-06, ""budget"": 141709462734}"
"U(0.01,0.1), eps=1e-06",0.01,0.1,1e-06,reverse_eng_risk,170937398014,find_phi_fixed_budget_reverse_engineering_risk,"{""m_exploration"": 90, ""eps_target"": 1e-06, ""budget"": 170937398014}"
"U(0.01,0.1), eps=1e-06",0.01,0.1,1e-06,reverse_eng_risk,206193668906,find_phi_fixed_budget_reverse_engineering_risk,"{""m_exploration"": 35, ""eps_target"": 1e-06, ""budget"": 206193668906}"
"U(0.01,0.1), eps=1e-06",0.01,0.1,1e-06,reverse_eng_risk,248721634884,find_phi_fixed_budget_reverse_engineering_risk,"{""m_exploration"": 20, ""eps_target"": 1e-06, ""budget"": 248721634884}"
"U(0.01,0.1), eps=1e-06",0.01,0.1,1e-06,reverse_eng_risk,300021101460,find_phi_fixed_budget_reverse_engineering_risk,"{""m_exploration"": 20, ""eps_target"": 1e-06, ""budget"": 300021101460}"
"U(0.01,0.1), eps=1e-06",0.01,0.1,1e-06,reverse_eng_risk,361901212829,find_phi_fixed_budget_reverse_engineering_risk,"{""m_exploration"": 20, ""eps_target"": 1e-06, ""budget"": 361901212829}"
"U(0.01,0.1), eps=1e-06",0.01,0.1,1e-06,reverse_eng_risk,436544253753,find_phi_fixed_budget_reverse_engineering_risk,"{""m_exploration"": 20, ""eps_target"": 1e-06, ""budget"": 436544253753}"
"U(0.01,0.1), eps=1e-06",0.01,0.1,1e-06,reverse_eng_risk,526582610750,find_phi_fixed_budget_reverse_engineering_risk,"{""m_exploration"": 20, ""eps_target"": 1e-06, ""budget"": 526582610750}"
"U(0.01,0.1), eps=1e-06",0.01,0.1,1e-06,reverse_eng_risk,635191606717,find_phi_fixed_budget_reverse_engineering_risk,"{""m_exploration"": 20, ""eps_target"": 1e-06, ""budget"": 635191606717}"
"U(0.01,0.1), eps=1e-06",0.01,0.1,1e-06,reverse_eng_risk,766201482932,find_phi_fixed_budget_reverse_engineering_risk,"{""m_exploration"": 20, ""eps_target"": 1e-06, ""budget"": 766201482932}"
"U(0.01,0.1), eps=1e-06",0.01,0.1,1e-06,reverse_eng_risk,924232477633,find_phi_fixed_budget_reverse_engineering_risk,"{""m_exploration"": 20, ""eps_target"": 1e-06, ""budget"": 924232477633}"
"U(0.01,0.1), eps=1e-06",0.01,0.1,1e-06,reverse_eng_risk,1114857764883,find_phi_fixed_budget_reverse_engineering_risk,"{""m_exploration"": 20, ""eps_target"": 1e-06, ""budget"": 1114857764883}"
"U(0.01,0.1), eps=1e-06",0.01,0.1,1e-06,reverse_eng_risk,1344800000000,find_phi_fixed_budget_reverse_engineering_risk,"{""m_exploration"": 20, ""eps_target"": 1e-06, ""budget"": 1344800000000}"
"U(0.01,0.1), eps=1e-06",0.01,0.1,1e-06,binary_risk,896533333,find_phi_fixed_budget_binary_search_risk,"{""m_exploration"": 29844, ""conf"": 0.8, ""eps_target"": 1e-06, ""budget"": 896533333}"
"U(0.01,0.1), eps=1e-06",0.01,0.1,1e-06,binary_risk,1081445601,find_phi_fixed_budget_binary_search_risk,"{""m_exploration"": 29844, ""conf"": 0.8, ""eps_target"": 1e-06, ""budget"": 1081445601}"
"U(0.01,0.1), eps=1e-06",0.01,0.1,1e-06,binary_risk,1304496493,find_phi_fixed_budget_binary_search_risk,"{""m_exploration"": 2020, ""conf"": 0.8, ""eps_target"": 1e-06, ""budget"": 1304496493}"
"U(0.01,0.1), eps=1e-06",0.01,0.1,1e-06,binary_risk,1573552196,find_phi_fixed_budget_binary_search_risk,"{""m_exploration"": 139006, ""conf"": 0.9, ""eps_target"": 1e-06, ""budget"": 1573552196}"
"U(0.01,0.1), eps=1e-06",0.01,0.1,1e-06,binary_risk,1898101319,find_phi_fixed_budget_binary_search_risk,"{""m_exploration"": 139006, ""conf"": 0.9, ""eps_target"": 1e-06, ""budget"": 1898101319}"
"U(0.01,0.1), eps=1e-06",0.01,0.1,1e-06,binary_risk,2289589519,find_phi_fixed_budget_binary_search_risk,"{""m_exploration"": 300000, ""conf"": 0.8, ""eps_target"": 1e-06, ""budget"": 2289589519}"
"U(0.01,0.1), eps=1e-06",0.01,0.1,1e-06,binary_risk,2761823151,find_phi_fixed_budget_binary_search_risk,"{""m_exploration"": 139006, ""conf"": 0.9, ""eps_target"": 1e-06, ""budget"": 2761823151}"
"U(0.01,0.1), eps=1e-06",0.01,0.1,1e-06,binary_risk,3331456165,find_phi_fixed_budget_binary_search_risk,"{""m_exploration"": 94621, ""conf"": 0.95, ""eps_target"": 1e-06, ""budget"": 3331456165}"
"U(0.01,0.1), eps=1e-06",0.01,0.1,1e-06,binary_risk,4018577429,find_phi_fixed_budget_binary_search_risk,"{""m_exploration"": 139006, ""conf"": 0.9, ""eps_target"": 1e-06, ""budget"": 4018577429}"
"U(0.01,0.1), eps=1e-06",0.01,0.1,1e-06,binary_risk,4847419193,find_phi_fixed_budget_binary_search_risk,"{""m_exploration"": 139006, ""conf"": 0.9, ""eps_target"": 1e-06, ""budget"": 4847419193}"
"U(0.01,0.1), eps=1e-06",0.01,0.1,1e-06,binary_risk,5847211667,find_phi_fixed_budget_binary_search_risk,"{""m_exploration"": 139006, ""conf"": 0.9, ""eps_target"": 1e-06, ""budget"": 5847211667}"
"U(0.01,0.1), eps=1e-06",0.01,0.1,1e-06,binary_risk,7053213870,find_phi_fixed_budget_binary_search_risk,"{""m_exploration"": 300000, ""conf"": 0.9, ""eps_target"": 1e-06, ""budget"": 7053213870}"
"U(0.01,0.1), eps=1e-06",0.01,0.1,1e-06,binary_risk,8507957079,find_phi_fixed_budget_binary_search_risk,"{""m_exploration"": 139006, ""conf"": 0.9, ""eps_target"": 1e-06, ""budget"": 8507957079}"
"U(0.01,0.1), eps=1e-06",0.01,0.1,1e-06,binary_risk,10262744755,find_phi_fixed_budget_binary_search_risk,"{""m_exploration"": 139006, ""conf"": 0.9, ""eps_target"": 1e-06, ""budget"": 10262744755}"
"U(0.01,0.1), eps=1e-06",0.01,0.1,1e-06,binary_risk,12379461831,find_phi_fixed_budget_binary_search_risk,"{""m_exploration"": 139006, ""conf"": 0.9, ""eps_target"": 1e-06, ""budget"": 12379461831}"
"U(0.01,0.1), eps=1e-06",0.01,0.1,1e-06,binary_risk,14932757159,find_phi_fixed_budget_binary_search_risk,"{""m_exploration"": 139006, ""conf"": 0.9, ""eps_target"": 1e-06, ""budget"": 14932757159}"
"U(0.01,0.1), eps=1e-06",0.01,0.1,1e-06,binary_risk,18012676110,find_phi_fixed_budget_binary_search_risk,"{""m_exploration"": 139006, ""conf"": 0.9, ""eps_target"": 1e-06, ""budget"": 18012676110}"
"U(0.01,0.1), eps=1e-06",0.01,0.1,1e-06,binary_risk,21727836139,find_phi_fixed_budget_binary_search_risk,"{""m_exploration"": 300000, ""conf"": 0.9, ""eps_target"": 1e-06, ""budget"": 21727836139}"
"U(0.01,0.1), eps=1e-06",0.01,0.1,1e-06,binary_risk,26209257324,find_phi_fixed_budget_binary_search_risk,"{""m_exploration"": 300000, ""conf"": 0.9, ""eps_target"": 1e-06, ""budget"": 26209257324}"
"U(0.01,0.1), eps=1e-06",0.01,0.1,1e-06,binary_risk,31614982969,find_phi_fixed_budget_binary_search_risk,"{""m_exploration"": 300000, ""conf"": 0.9, ""eps_target"": 1e-06, ""budget"": 31614982969}"
"U(0.01,0.1), eps=1e-06",0.01,0.1,1e-06,binary_risk,38135653207,find_phi_fixed_budget_binary_search_risk,"{""m_exploration"": 29844, ""conf"": 0.8, ""eps_target"": 1e-06, ""budget"": 38135653207}"
"U(0.01,0.1), eps=1e-06",0.01,0.1,1e-06,binary_risk,46001228182,find_phi_fixed_budget_binary_search_risk,"{""m_exploration"": 29844, ""conf"": 0.65, ""eps_target"": 1e-06, ""budget"": 46001228182}"
"U(0.01,0.1), eps=1e-06",0.01,0.1,1e-06,binary_risk,55489097899,find_phi_fixed_budget_binary_search_risk,"{""m_exploration"": 29844, ""conf"": 0.9, ""eps_target"": 1e-06, ""budget"": 55489097899}"
"U(0.01,0.1), eps=1e-06",0.01,0.1,1e-06,binary_risk,66933864754,find_phi_fixed_budget_binary_search_risk,"{""m_exploration"": 20314, ""conf"": 0.9, ""eps_target"": 1e-06, ""budget"": 66933864754}"
"U(0.01,0.1), eps=1e-06",0.01,0.1,1e-06,binary_risk,80739143733,find_phi_fixed_budget_binary_search_risk,"{""m_exploration"": 20314, ""conf"": 0.8, ""eps_target"": 1e-06, ""budget"": 80739143733}"
"U(0.01,0.1), eps=1e-06",0.01,0.1,1e-06,binary_risk,97391796436,find_phi_fixed_budget_binary_search_risk,"{""m_exploration"": 20314, ""conf"": 0.8, ""eps_target"": 1e-06, ""budget"": 97391796436}"
"U(0.01,0.1), eps=1e-06",0.01,0.1,1e-06,binary_risk,117479100897,find_phi_fixed_budget_binary_search_risk,"{""m_exploration"": 20314, ""conf"": 0.5, ""eps_target"": 1e-06, ""budget"": 117479100897}"
"U(0.01,0.1), eps=1e-06",0.01,0.1,1e-06,binary_risk,141709462734,find_phi_fixed_budget_binary_search_risk,"{""m_exploration"": 4361, ""conf"": 0.5, ""eps_target"": 1e-06, ""budget"": 141709462734}"
"U(0.01,0.1), eps=1e-06",0.01,0.1,1e-06,binary_risk,170937398014,find_phi_fixed_budget_binary_search_risk,"{""m_exploration"": 201, ""conf"": 0.5, ""eps_target"": 1e-06, ""budget"": 170937398014}"
"U(0.01,0.1), eps=1e-06",0.01,0.1,1e-06,binary_risk,206193668906,find_phi_fixed_budget_binary_search_risk,"{""m_exploration"": 93, ""conf"": 0.5, ""eps_target"": 1e-06, ""budget"": 206193668906}"
"U(0.01,0.1), eps=1e-06",0.01,0.1,1e-06,binary_risk,248721634884,find_phi_fixed_budget_binary_search_risk,"{""m_exploration"": 93, ""conf"": 0.5, ""eps_target"": 1e-06, ""budget"": 248721634884}"
"U(0.01,0.1), eps=1e-06",0.01,0.1,1e-06,binary_risk,300021101460,find_phi_fixed_budget_binary_search_risk,"{""m_exploration"": 43, ""conf"": 0.5, ""eps_target"": 1e-06, ""budget"": 300021101460}"
"U(0.01,0.1), eps=1e-06",0.01,0.1,1e-06,binary_risk,361901212829,find_phi_fixed_budget_binary_search_risk,"{""m_exploration"": 43, ""conf"": 0.5, ""eps_target"": 1e-06, ""budget"": 361901212829}"
"U(0.01,0.1), eps=1e-06",0.01,0.1,1e-06,binary_risk,436544253753,find_phi_fixed_budget_binary_search_risk,"{""m_exploration"": 43, ""conf"": 0.5, ""eps_target"": 1e-06, ""budget"": 436544253753}"
"U(0.01,0.1), eps=1e-06",0.01,0.1,1e-06,binary_risk,526582610750,find_phi_fixed_budget_binary_search_risk,"{""m_exploration"": 20, ""conf"": 0.5, ""eps_target"": 1e-06, ""budget"": 526582610750}"
"U(0.01,0.1), eps=1e-06",0.01,0.1,1e-06,binary_risk,635191606717,find_phi_fixed_budget_binary_search_risk,"{""m_exploration"": 20, ""conf"": 0.5, ""eps_target"": 1e-06, ""budget"": 635191606717}"
"U(0.01,0.1), eps=1e-06",0.01,0.1,1e-06,binary_risk,766201482932,find_phi_fixed_budget_binary_search_risk,"{""m_exploration"": 20, ""conf"": 0.5, ""eps_target"": 1e-06, ""budget"": 766201482932}"
"U(0.01,0.1), eps=1e-06",0.01,0.1,1e-06,binary_risk,924232477633,find_phi_fixed_budget_binary_search_risk,"{""m_exploration"": 20, ""conf"": 0.5, ""eps_target"": 1e-06, ""budget"": 924232477633}"
"U(0.01,0.1), eps=1e-06",0.01,0.1,1e-06,binary_risk,1114857764883,find_phi_fixed_budget_binary_search_risk,"{""m_exploration"": 20, ""conf"": 0.5, ""eps_target"": 1e-06, ""budget"": 1114857764883}"
"U(0.01,0.1), eps=1e-06",0.01,0.1,1e-06,binary_risk,1344800000000,find_phi_fixed_budget_binary_search_risk,"{""m_exploration"": 20, ""conf"": 0.5, ""eps_target"": 1e-06, ""budget"": 1344800000000}"
"U(0.001,0.01), eps=1e-06",0.001,0.01,1e-06,linear,85656050,find_phi_fixed_budget_linear_search,"{""m_exploration"": 217, ""lookback_window"": 5, ""safeguard"": 1, ""inc"": 5, ""budget"": 85656050}"
"U(0.001,0.01), eps=1e-06",0.001,0.01,1e-06,linear,103322828,find_phi_fixed_budget_linear_search,"{""m_exploration"": 166, ""lookback_window"": 5, ""safeguard"": 3, ""inc"": 5, ""budget"": 103322828}"
"U(0.001,0.01), eps=1e-06",0.001,0.01,1e-06,linear,124633422,find_phi_fixed_budget_linear_search,"{""m_exploration"": 217, ""lookback_window"": 5, ""safeguard"": 1, ""inc"": 5, ""budget"": 124633422}"
"U(0.001,0.01), eps=1e-06",0.001,0.01,1e-06,linear,150339381,find_phi_fixed_budget_linear_search,"{""m_exploration"": 217, ""lookback_window"": 5, ""safeguard"": 2, ""inc"": 5, ""budget"": 150339381}"
"U(0.001,0.01), eps=1e-06",0.001,0.01,1e-06,linear,181347259,find_phi_fixed_budget_linear_search,"{""m_exploration"": 1084, ""lookback_window"": 5, ""safeguard"": 3, ""inc"": 5, ""budget"": 181347259}"
"U(0.001,0.01), eps=1e-06",0.001,0.01,1e-06,linear,218750591,find_phi_fixed_budget_linear_search,"{""m_exploration"": 1084, ""lookback_window"": 5, ""safeguard"": 3, ""inc"": 5, ""budget"": 218750591}"
"U(0.001,0.01), eps=1e-06",0.001,0.01,1e-06,linear,263868453,find_phi_fixed_budget_linear_search,"{""m_exploration"": 1084, ""lookback_window"": 5, ""safeguard"": 2, ""inc"": 5, ""budget"": 263868453}"
"U(0.001,0.01), eps=1e-06",0.001,0.01,1e-06,linear,318291990,find_phi_fixed_budget_linear_search,"{""m_exploration"": 217, ""lookback_window"": 5, ""safeguard"": 5, ""inc"": 5, ""budget"": 318291990}"
"U(0.001,0.01), eps=1e-06",0.001,0.01,1e-06,linear,383940518,find_phi_fixed_budget_linear_search,"{""m_exploration"": 217, ""lookback_window"": 5, ""safeguard"": 3, ""inc"": 5, ""budget"": 383940518}"
"U(0.001,0.01), eps=1e-06",0.001,0.01,1e-06,linear,463129222,find_phi_fixed_budget_linear_search,"{""m_exploration"": 1084, ""lookback_window"": 5, ""safeguard"": 3, ""inc"": 5, ""budget"": 463129222}"
"U(0.001,0.01), eps=1e-06",0.001,0.01,1e-06,linear,558650796,find_phi_fixed_budget_linear_search,"{""m_exploration"": 217, ""lookback_window"": 5, ""safeguard"": 3, ""inc"": 5, ""budget"": 558650796}"
"U(0.001,0.01), eps=1e-06",0.001,0.01,1e-06,linear,673873936,find_phi_fixed_budget_linear_search,"{""m_exploration"": 1084, ""lookback_window"": 5, ""safeguard"": 5, ""inc"": 5, ""budget"": 673873936}"
"U(0.001,0.01), eps=1e-06",0.001,0.01,1e-06,linear,812862141,find_phi_fixed_budget_linear_search,"{""m_exploration"": 1084, ""lookback_window"": 5, ""safeguard"": 3, ""inc"": 5, ""budget"": 812862141}"
"U(0.001,0.01), eps=1e-06",0.001,0.01,1e-06,linear,980517014,find_phi_fixed_budget_linear_search,"{""m_exploration"": 1084, ""lookback_window"": 5, ""safeguard"": 5, ""inc"": 5, ""budget"": 980517014}"
"U(0.001,0.01), eps=1e-06",0.001,0.01,1e-06,linear,1182751130,find_phi_fixed_budget_linear_search,"{""m_exploration"": 3165, ""lookback_window"": 5, ""safeguard"": 1, ""inc"": 5, ""budget"": 1182751130}"
"U(0.001,0.01), eps=1e-06",0.001,0.01,1e-06,linear,1426696543,find_phi_fixed_budget_linear_search,"{""m_exploration"": 3165, ""lookback_window"": 5, ""safeguard"": 3, ""inc"": 5, ""budget"": 1426696543}"
"U(0.001,0.01), eps=1e-06",0.001,0.01,1e-06,linear,1720956316,find_phi_fixed_budget_linear_search,"{""m_exploration"": 3165, ""lookback_window"": 5, ""safeguard"": 2, ""inc"": 5, ""budget"": 1720956316}"
"U(0.001,0.01), eps=1e-06",0.001,0.01,1e-06,linear,2075907911,find_phi_fixed_budget_linear_search,"{""m_exploration"": 3165, ""lookback_window"": 5, ""safeguard"": 1, ""inc"": 5, ""budget"": 2075907911}"
"U(0.001,0.01), eps=1e-06",0.001,0.01,1e-06,linear,2504069171,find_phi_fixed_budget_linear_search,"{""m_exploration"": 3165, ""lookback_window"": 5, ""safeguard"": 2, ""inc"": 5, ""budget"": 2504069171}"
"U(0.001,0.01), eps=1e-06",0.001,0.01,1e-06,linear,3020539774,find_phi_fixed_budget_linear_search,"{""m_exploration"": 3165, ""lookback_window"": 5, ""safeguard"": 2, ""inc"": 5, ""budget"": 3020539774}"
"U(0.001,0.01), eps=1e-06",0.001,0.01,1e-06,linear,3643533745,find_phi_fixed_budget_linear_search,"{""m_exploration"": 2421, ""lookback_window"": 5, ""safeguard"": 2, ""inc"": 5, ""budget"": 3643533745}"
"U(0.001,0.01), eps=1e-06",0.001,0.01,1e-06,linear,4395021800,find_phi_fixed_budget_linear_search,"{""m_exploration"": 2421, ""lookback_window"": 5, ""safeguard"": 5, ""inc"": 5, ""budget"": 4395021800}"
"U(0.001,0.01), eps=1e-06",0.001,0.01,1e-06,linear,5301506168,find_phi_fixed_budget_linear_search,"{""m_exploration"": 3165, ""lookback_window"": 5, ""safeguard"": 3, ""inc"": 5, ""budget"": 5301506168}"
"U(0.001,0.01), eps=1e-06",0.001,0.01,1e-06,linear,6394955231,find_phi_fixed_budget_linear_search,"{""m_exploration"": 2421, ""lookback_window"": 5, ""safeguard"": 3, ""inc"": 5, ""budget"": 6394955231}"
"U(0.001,0.01), eps=1e-06",0.001,0.01,1e-06,linear,7713930929,find_phi_fixed_budget_linear_search,"{""m_exploration"": 3165, ""lookback_window"": 5, ""safeguard"": 2, ""inc"": 5, ""budget"": 7713930929}"
"U(0.001,0.01), eps=1e-06",0.001,0.01,1e-06,linear,9304948704,find_phi_fixed_budget_linear_search,"{""m_exploration"": 166, ""lookback_window"": 5, ""safeguard"": 5, ""inc"": 2, ""budget"": 9304948704}"
"U(0.001,0.01), eps=1e-06",0.001,0.01,1e-06,linear,11224117920,find_phi_fixed_budget_linear_search,"{""m_exploration"": 74, ""lookback_window"": 5, ""safeguard"": 5, ""inc"": 1, ""budget"": 11224117920}"
"U(0.001,0.01), eps=1e-06",0.001,0.01,1e-06,linear,13539120643,find_phi_fixed_budget_linear_search,"{""m_exploration"": 829, ""lookback_window"": 3, ""safeguard"": 3, ""inc"": 5, ""budget"": 13539120643}"
"U(0.001,0.01), eps=1e-06",0.001,0.01,1e-06,linear,16331598536,find_phi_fixed_budget_linear_search,"{""m_exploration"": 97, ""lookback_window"": 2, ""safeguard"": 5, ""inc"": 5, ""budget"": 16331598536}"
"U(0.001,0.01), eps=1e-06",0.001,0.01,1e-06,linear,19700032061,find_phi_fixed_budget_linear_search,"{""m_exploration"": 3, ""lookback_window"": 1, ""safeguard"": 1, ""inc"": 1, ""budget"": 19700032061}"
"U(0.001,0.01), eps=1e-06",0.001,0.01,1e-06,linear,23763213523,find_phi_fixed_budget_linear_search,"{""m_exploration"": 3, ""lookback_window"": 1, ""safeguard"": 1, ""inc"": 1, ""budget"": 23763213523}"
"U(0.001,0.01), eps=1e-06",0.001,0.01,1e-06,linear,28664436445,find_phi_fixed_budget_linear_search,"{""m_exploration"": 3, ""lookback_window"": 1, ""safeguard"": 1, ""inc"": 1, ""budget"": 28664436445}"
"U(0.001,0.01), eps=1e-06",0.001,0.01,1e-06,linear,34576548996,find_phi_fixed_budget_linear_search,"{""m_exploration"": 3, ""lookback_window"": 1, ""safeguard"": 1, ""inc"": 1, ""budget"": 34576548996}"
"U(0.001,0.01), eps=1e-06",0.001,0.01,1e-06,linear,41708049721,find_phi_fixed_budget_linear_search,"{""m_exploration"": 3, ""lookback_window"": 1, ""safeguard"": 1, ""inc"": 1, ""budget"": 41708049721}"
"U(0.001,0.01), eps=1e-06",0.001,0.01,1e-06,linear,50310440517,find_phi_fixed_budget_linear_search,"{""m_exploration"": 3, ""lookback_window"": 1, ""safeguard"": 1, ""inc"": 1, ""budget"": 50310440517}"
"U(0.001,0.01), eps=1e-06",0.001,0.01,1e-06,linear,60687096183,find_phi_fixed_budget_linear_search,"{""m_exploration"": 3, ""lookback_window"": 1, ""safeguard"": 1, ""inc"": 1, ""budget"": 60687096183}"
"U(0.001,0.01), eps=1e-06",0.001,0.01,1e-06,linear,73203963337,find_phi_fixed_budget_linear_search,"{""m_exploration"": 3, ""lookback_window"": 1, ""safeguard"": 1, ""inc"": 1, ""budget"": 73203963337}"
"U(0.001,0.01), eps=1e-06",0.001,0.01,1e-06,linear,88302466015,find_phi_fixed_budget_linear_search,"{""m_exploration"": 3, ""lookback_window"": 1, ""safeguard"": 1, ""inc"": 1, ""budget"": 88302466015}"
"U(0.001,0.01), eps=1e-06",0.001,0.01,1e-06,linear,106515073078,find_phi_fixed_budget_linear_search,"{""m_exploration"": 3, ""lookback_window"": 1, ""safeguard"": 1, ""inc"": 1, ""budget"": 106515073078}"
"U(0.001,0.01), eps=1e-06",0.001,0.01,1e-06,linear,128484076433,find_phi_fixed_budget_linear_search,"{""m_exploration"": 3, ""lookback_window"": 1, ""safeguard"": 1, ""inc"": 1, ""budget"": 128484076433}"
"U(0.001,0.01), eps=1e-06",0.001,0.01,1e-06,reverse_eng,85656050,find_phi_fixed_budget_reverse_engineering,"{""m_exploration"": 17736, ""safeguard"": 0.95, ""budget"": 85656050}"
"U(0.001,0.01), eps=1e-06",0.001,0.01,1e-06,reverse_eng,103322828,find_phi_fixed_budget_reverse_engineering,"{""m_exploration"": 21416, ""safeguard"": 0.975, ""budget"": 103322828}"
"U(0.001,0.01), eps=1e-06",0.001,0.01,1e-06,reverse_eng,124633422,find_phi_fixed_budget_reverse_engineering,"{""m_exploration"": 8343, ""safeguard"": 0.95, ""budget"": 124633422}"
"U(0.001,0.01), eps=1e-06",0.001,0.01,1e-06,reverse_eng,150339381,find_phi_fixed_budget_reverse_engineering,"{""m_exploration"": 17736, ""safeguard"": 0.95, ""budget"": 150339381}"
"U(0.001,0.01), eps=1e-06",0.001,0.01,1e-06,reverse_eng,181347259,find_phi_fixed_budget_reverse_engineering,"{""m_exploration"": 21416, ""safeguard"": 0.975, ""budget"": 181347259}"
"U(0.001,0.01), eps=1e-06",0.001,0.01,1e-06,reverse_eng,218750591,find_phi_fixed_budget_reverse_engineering,"{""m_exploration"": 17736, ""safeguard"": 0.975, ""budget"": 218750591}"
"U(0.001,0.01), eps=1e-06",0.001,0.01,1e-06,reverse_eng,263868453,find_phi_fixed_budget_reverse_engineering,"{""m_exploration"": 17736, ""safeguard"": 0.975, ""budget"": 263868453}"
"U(0.001,0.01), eps=1e-06",0.001,0.01,1e-06,reverse_eng,318291990,find_phi_fixed_budget_reverse_engineering,"{""m_exploration"": 17736, ""safeguard"": 0.95, ""budget"": 318291990}"
"U(0.001,0.01), eps=1e-06",0.001,0.01,1e-06,reverse_eng,383940518,find_phi_fixed_budget_reverse_engineering,"{""m_exploration"": 17736, ""safeguard"": 0.975, ""budget"": 383940518}"
"U(0.001,0.01), eps=1e-06",0.001,0.01,1e-06,reverse_eng,463129222,find_phi_fixed_budget_reverse_engineering,"{""m_exploration"": 17736, ""safeguard"": 0.975, ""budget"": 463129222}"
"U(0.001,0.01), eps=1e-06",0.001,0.01,1e-06,reverse_eng,558650796,find_phi_fixed_budget_reverse_engineering,"{""m_exploration"": 17736, ""safeguard"": 0.95, ""budget"": 558650796}"
"U(0.001,0.01), eps=1e-06",0.001,0.01,1e-06,reverse_eng,673873936,find_phi_fixed_budget_reverse_engineering,"{""m_exploration"": 17736, ""safeguard"": 0.95, ""budget"": 673873936}"
"U(0.001,0.01), eps=1e-06",0.001,0.01,1e-06,reverse_eng,812862141,find_phi_fixed_budget_reverse_engineering,"{""m_exploration"": 37704, ""safeguard"": 0.975, ""budget"": 812862141}"
"U(0.001,0.01), eps=1e-06",0.001,0.01,1e-06,reverse_eng,980517014,find_phi_fixed_budget_reverse_engineering,"{""m_exploration"": 17736, ""safeguard"": 0.95, ""budget"": 980517014}"
"U(0.001,0.01), eps=1e-06",0.001,0.01,1e-06,reverse_eng,1182751130,find_phi_fixed_budget_reverse_engineering,"{""m_exploration"": 17736, ""safeguard"": 0.975, ""budget"": 1182751130}"
"U(0.001,0.01), eps=1e-06",0.001,0.01,1e-06,reverse_eng,1426696543,find_phi_fixed_budget_reverse_engineering,"{""m_exploration"": 17736, ""safeguard"": 0.95, ""budget"": 1426696543}"
"U(0.001,0.01), eps=1e-06",0.001,0.01,1e-06,reverse_eng,1720956316,find_phi_fixed_budget_reverse_engineering,"{""m_exploration"": 80155, ""safeguard"": 0.975, ""budget"": 1720956316}"
"U(0.001,0.01), eps=1e-06",0.001,0.01,1e-06,reverse_eng,2075907911,find_phi_fixed_budget_reverse_engineering,"{""m_exploration"": 80155, ""safeguard"": 0.975, ""budget"": 2075907911}"
"U(0.001,0.01), eps=1e-06",0.001,0.01,1e-06,reverse_eng,2504069171,find_phi_fixed_budget_reverse_engineering,"{""m_exploration"": 80155, ""safeguard"": 0.975, ""budget"": 2504069171}"
"U(0.001,0.01), eps=1e-06",0.001,0.01,1e-06,reverse_eng,3020539774,find_phi_fixed_budget_reverse_engineering,"{""m_exploration"": 12164, ""safeguard"": 0.95, ""budget"": 3020539774}"
"U(0.001,0.01), eps=1e-06",0.001,0.01,1e-06,reverse_eng,3643533745,find_phi_fixed_budget_reverse_engineering,"{""m_exploration"": 14688, ""safeguard"": 0.95, ""budget"": 3643533745}"
"U(0.001,0.01), eps=1e-06",0.001,0.01,1e-06,reverse_eng,4395021800,find_phi_fixed_budget_reverse_engineering,"{""m_exploration"": 21416, ""safeguard"": 0.95, ""budget"": 4395021800}"
"U(0.001,0.01), eps=1e-06",0.001,0.01,1e-06,reverse_eng,5301506168,find_phi_fixed_budget_reverse_engineering,"{""m_exploration"": 96786, ""safeguard"": 0.975, ""budget"": 5301506168}"
"U(0.001,0.01), eps=1e-06",0.001,0.01,1e-06,reverse_eng,6394955231,find_phi_fixed_budget_reverse_engineering,"{""m_exploration"": 17736, ""safeguard"": 0.95, ""budget"": 6394955231}"
"U(0.001,0.01), eps=1e-06",0.001,0.01,1e-06,reverse_eng,7713930929,find_phi_fixed_budget_reverse_engineering,"{""m_exploration"": 31225, ""safeguard"": 0.95, ""budget"": 7713930929}"
"U(0.001,0.01), eps=1e-06",0.001,0.01,1e-06,reverse_eng,9304948704,find_phi_fixed_budget_reverse_engineering,"{""m_exploration"": 31225, ""safeguard"": 0.9, ""budget"": 9304948704}"
"U(0.001,0.01), eps=1e-06",0.001,0.01,1e-06,reverse_eng,11224117920,find_phi_fixed_budget_reverse_engineering,"{""m_exploration"": 80155, ""safeguard"": 0.975, ""budget"": 11224117920}"
"U(0.001,0.01), eps=1e-06",0.001,0.01,1e-06,reverse_eng,13539120643,find_phi_fixed_budget_reverse_engineering,"{""m_exploration"": 80155, ""safeguard"": 0.975, ""budget"": 13539120643}"
"U(0.001,0.01), eps=1e-06",0.001,0.01,1e-06,reverse_eng,16331598536,find_phi_fixed_budget_reverse_engineering,"{""m_exploration"": 5722, ""safeguard"": 0.85, ""budget"": 16331598536}"
"U(0.001,0.01), eps=1e-06",0.001,0.01,1e-06,reverse_eng,19700032061,find_phi_fixed_budget_reverse_engineering,"{""m_exploration"": 1266, ""safeguard"": 0.8, ""budget"": 19700032061}"
"U(0.001,0.01), eps=1e-06",0.001,0.01,1e-06,reverse_eng,23763213523,find_phi_fixed_budget_reverse_engineering,"{""m_exploration"": 1266, ""safeguard"": 0.8, ""budget"": 23763213523}"
"U(0.001,0.01), eps=1e-06",0.001,0.01,1e-06,reverse_eng,28664436445,find_phi_fixed_budget_reverse_engineering,"{""m_exploration"": 1266, ""safeguard"": 0.8, ""budget"": 28664436445}"
"U(0.001,0.01), eps=1e-06",0.001,0.01,1e-06,reverse_eng,34576548996,find_phi_fixed_budget_reverse_engineering,"{""m_exploration"": 1266, ""safeguard"": 0.8, ""budget"": 34576548996}"
"U(0.001,0.01), eps=1e-06",0.001,0.01,1e-06,reverse_eng,41708049721,find_phi_fixed_budget_reverse_engineering,"{""m_exploration"": 1266, ""safeguard"": 0.8, ""budget"": 41708049721}"
"U(0.001,0.01), eps=1e-06",0.001,0.01,1e-06,reverse_eng,50310440517,find_phi_fixed_budget_reverse_engineering,"{""m_exploration"": 1266, ""safeguard"": 0.8, ""budget"": 50310440517}"
"U(0.001,0.01), eps=1e-06",0.001,0.01,1e-06,reverse_eng,60687096183,find_phi_fixed_budget_reverse_engineering,"{""m_exploration"": 1266, ""safeguard"": 0.8, ""budget"": 60687096183}"
"U(0.001,0.01), eps=1e-06",0.001,0.01,1e-06,reverse_eng,73203963337,find_phi_fixed_budget_reverse_engineering,"{""m_exploration"": 1266, ""safeguard"": 0.8, ""budget"": 73203963337}"
"U(0.001,0.01), eps=1e-06",0.001,0.01,1e-06,reverse_eng,88302466015,find_phi_fixed_budget_reverse_engineering,"{""m_exploration"": 1266, ""safeguard"": 0.8, ""budget"": 88302466015}"
"U(0.001,0.01), eps=1e-06",0.001,0.01,1e-06,reverse_eng,106515073078,find_phi_fixed_budget_reverse_engineering,"{""m_exploration"": 1266, ""safeguard"": 0.8, ""budget"": 106515073078}"
"U(0.001,0.01), eps=1e-06",0.001,0.01,1e-06,reverse_eng,128484076433,find_phi_fixed_budget_reverse_engineering,"{""m_exploration"": 1266, ""safeguard"": 0.8, ""budget"": 128484076433}"
"U(0.001,0.01), eps=1e-06",0.001,0.01,1e-06,binary,85656050,find_phi_fixed_budget_binary_search,"{""m_exploration"": 2020, ""safeguard"": 2, ""conf"": 0.65, ""budget"": 85656050}"
"U(0.001,0.01), eps=1e-06",0.001,0.01,1e-06,binary,103322828,find_phi_fixed_budget_binary_search,"{""m_exploration"": 2968, ""safeguard"": 2, ""conf"": 0.65, ""budget"": 103322828}"
"U(0.001,0.01), eps=1e-06",0.001,0.01,1e-06,binary,124633422,find_phi_fixed_budget_binary_search,"{""m_exploration"": 2968, ""safeguard"": 2, ""conf"": 0.65, ""budget"": 124633422}"
"U(0.001,0.01), eps=1e-06",0.001,0.01,1e-06,binary,150339381,find_phi_fixed_budget_binary_search,"{""m_exploration"": 2968, ""safeguard"": 2, ""conf"": 0.65, ""budget"": 150339381}"
"U(0.001,0.01), eps=1e-06",0.001,0.01,1e-06,binary,181347259,find_phi_fixed_budget_binary_search,"{""m_exploration"": 2968, ""safeguard"": 2, ""conf"": 0.65, ""budget"": 181347259}"
"U(0.001,0.01), eps=1e-06",0.001,0.01,1e-06,binary,218750591,find_phi_fixed_budget_binary_search,"{""m_exploration"": 2968, ""safeguard"": 2, ""conf"": 0.65, ""budget"": 218750591}"
"U(0.001,0.01), eps=1e-06",0.001,0.01,1e-06,binary,263868453,find_phi_fixed_budget_binary_search,"{""m_exploration"": 2968, ""safeguard"": 2, ""conf"": 0.65, ""budget"": 263868453}"
"U(0.001,0.01), eps=1e-06",0.001,0.01,1e-06,binary,318291990,find_phi_fixed_budget_binary_search,"{""m_exploration"": 2968, ""safeguard"": 2, ""conf"": 0.65, ""budget"": 318291990}"
"U(0.001,0.01), eps=1e-06",0.001,0.01,1e-06,binary,383940518,find_phi_fixed_budget_binary_search,"{""m_exploration"": 2968, ""safeguard"": 2, ""conf"": 0.65, ""budget"": 383940518}"
"U(0.001,0.01), eps=1e-06",0.001,0.01,1e-06,binary,463129222,find_phi_fixed_budget_binary_search,"{""m_exploration"": 2968, ""safeguard"": 2, ""conf"": 0.65, ""budget"": 463129222}"
"U(0.001,0.01), eps=1e-06",0.001,0.01,1e-06,binary,558650796,find_phi_fixed_budget_binary_search,"{""m_exploration"": 2968, ""safeguard"": 2, ""conf"": 0.65, ""budget"": 558650796}"
"U(0.001,0.01), eps=1e-06",0.001,0.01,1e-06,binary,673873936,find_phi_fixed_budget_binary_search,"{""m_exploration"": 2968, ""safeguard"": 2, ""conf"": 0.65, ""budget"": 673873936}"
"U(0.001,0.01), eps=1e-06",0.001,0.01,1e-06,binary,812862141,find_phi_fixed_budget_binary_search,"{""m_exploration"": 2968, ""safeguard"": 2, ""conf"": 0.65, ""budget"": 812862141}"
"U(0.001,0.01), eps=1e-06",0.001,0.01,1e-06,binary,980517014,find_phi_fixed_budget_binary_search,"{""m_exploration"": 2968, ""safeguard"": 2, ""conf"": 0.65, ""budget"": 980517014}"
"U(0.001,0.01), eps=1e-06",0.001,0.01,1e-06,binary,1182751130,find_phi_fixed_budget_binary_search,"{""m_exploration"": 13828, ""safeguard"": 2, ""conf"": 0.8, ""budget"": 1182751130}"
"U(0.001,0.01), eps=1e-06",0.001,0.01,1e-06,binary,1426696543,find_phi_fixed_budget_binary_search,"{""m_exploration"": 29844, ""safeguard"": 2, ""conf"": 0.8, ""budget"": 1426696543}"
"U(0.001,0.01), eps=1e-06",0.001,0.01,1e-06,binary,1720956316,find_phi_fixed_budget_binary_search,"{""m_exploration"": 29844, ""safeguard"": 2, ""conf"": 0.8, ""budget"": 1720956316}"
"U(0.001,0.01), eps=1e-06",0.001,0.01,1e-06,binary,2075907911,find_phi_fixed_budget_binary_search,"{""m_exploration"": 29844, ""safeguard"": 2, ""conf"": 0.8, ""budget"": 2075907911}"
"U(0.001,0.01), eps=1e-06",0.001,0.01,1e-06,binary,2504069171,find_phi_fixed_budget_binary_search,"{""m_exploration"": 29844, ""safeguard"": 2, ""conf"": 0.8, ""budget"": 2504069171}"
"U(0.001,0.01), eps=1e-06",0.001,0.01,1e-06,binary,3020539774,find_phi_fixed_budget_binary_search,"{""m_exploration"": 29844, ""safeguard"": 2, ""conf"": 0.8, ""budget"": 3020539774}"
"U(0.001,0.01), eps=1e-06",0.001,0.01,1e-06,binary,3643533745,find_phi_fixed_budget_binary_search,"{""m_exploration"": 64409, ""safeguard"": 2, ""conf"": 0.9, ""budget"": 3643533745}"
"U(0.001,0.01), eps=1e-06",0.001,0.01,1e-06,binary,4395021800,find_phi_fixed_budget_binary_search,"{""m_exploration"": 43843, ""safeguard"": 2, ""conf"": 0.8, ""budget"": 4395021800}"
"U(0.001,0.01), eps=1e-06",0.001,0.01,1e-06,binary,5301506168,find_phi_fixed_budget_binary_search,"{""m_exploration"": 43843, ""safeguard"": 2, ""conf"": 0.8, ""budget"": 5301506168}"
"U(0.001,0.01), eps=1e-06",0.001,0.01,1e-06,binary,6394955231,find_phi_fixed_budget_binary_search,"{""m_exploration"": 29844, ""safeguard"": 2, ""conf"": 0.8, ""budget"": 6394955231}"
"U(0.001,0.01), eps=1e-06",0.001,0.01,1e-06,binary,7713930929,find_phi_fixed_budget_binary_search,"{""m_exploration"": 29844, ""safeguard"": 2, ""conf"": 0.65, ""budget"": 7713930929}"
"U(0.001,0.01), eps=1e-06",0.001,0.01,1e-06,binary,9304948704,find_phi_fixed_budget_binary_search,"{""m_exploration"": 29844, ""safeguard"": 2, ""conf"": 0.65, ""budget"": 9304948704}"
"U(0.001,0.01), eps=1e-06",0.001,0.01,1e-06,binary,11224117920,find_phi_fixed_budget_binary_search,"{""m_exploration"": 29844, ""safeguard"": 2, ""conf"": 0.5, ""budget"": 11224117920}"
"U(0.001,0.01), eps=1e-06",0.001,0.01,1e-06,binary,13539120643,find_phi_fixed_budget_binary_search,"{""m_exploration"": 300000, ""safeguard"": 2, ""conf"": 0.9, ""budget"": 13539120643}"
"U(0.001,0.01), eps=1e-06",0.001,0.01,1e-06,binary,16331598536,find_phi_fixed_budget_binary_search,"{""m_exploration"": 300000, ""safeguard"": 2, ""conf"": 0.8, ""budget"": 16331598536}"
"U(0.001,0.01), eps=1e-06",0.001,0.01,1e-06,binary,19700032061,find_phi_fixed_budget_binary_search,"{""m_exploration"": 94621, ""safeguard"": 2, ""conf"": 0.5, ""budget"": 19700032061}"
"U(0.001,0.01), eps=1e-06",0.001,0.01,1e-06,binary,23763213523,find_phi_fixed_budget_binary_search,"{""m_exploration"": 94621, ""safeguard"": 2, ""conf"": 0.5, ""budget"": 23763213523}"
"U(0.001,0.01), eps=1e-06",0.001,0.01,1e-06,binary,28664436445,find_phi_fixed_budget_binary_search,"{""m_exploration"": 94621, ""safeguard"": 2, ""conf"": 0.5, ""budget"": 28664436445}"
"U(0.001,0.01), eps=1e-06",0.001,0.01,1e-06,binary,34576548996,find_phi_fixed_budget_binary_search,"{""m_exploration"": 94621, ""safeguard"": 2, ""conf"": 0.5, ""budget"": 34576548996}"
"U(0.001,0.01), eps=1e-06",0.001,0.01,1e-06,binary,41708049721,find_phi_fixed_budget_binary_search,"{""m_exploration"": 94621, ""safeguard"": 2, ""conf"": 0.5, ""budget"": 41708049721}"
"U(0.001,0.01), eps=1e-06",0.001,0.01,1e-06,binary,50310440517,find_phi_fixed_budget_binary_search,"{""m_exploration"": 94621, ""safeguard"": 2, ""conf"": 0.5, ""budget"": 50310440517}"
"U(0.001,0.01), eps=1e-06",0.001,0.01,1e-06,binary,60687096183,find_phi_fixed_budget_binary_search,"{""m_exploration"": 94621, ""safeguard"": 2, ""conf"": 0.5, ""budget"": 60687096183}"
"U(0.001,0.01), eps=1e-06",0.001,0.01,1e-06,binary,73203963337,find_phi_fixed_budget_binary_search,"{""m_exploration"": 94621, ""safeguard"": 2, ""conf"": 0.5, ""budget"": 73203963337}"
"U(0.001,0.01), eps=1e-06",0.001,0.01,1e-06,binary,88302466015,find_phi_fixed_budget_binary_search,"{""m_exploration"": 94621, ""safeguard"": 2, ""conf"": 0.5, ""budget"": 88302466015}"
"U(0.001,0.01), eps=1e-06",0.001,0.01,1e-06,binary,106515073078,find_phi_fixed_budget_binary_search,"{""m_exploration"": 94621, ""safeguard"": 2, ""conf"": 0.5, ""budget"": 106515073078}"
"U(0.001,0.01), eps=1e-06",0.001,0.01,1e-06,binary,128484076433,find_phi_fixed_budget_binary_search,"{""m_exploration"": 94621, ""safeguard"": 2, ""conf"": 0.5, ""budget"": 128484076433}"
"U(0.001,0.01), eps=1e-06",0.001,0.01,1e-06,reverse_eng_risk,85656050,find_phi_fixed_budget_reverse_engineering_risk,"{""m_exploration"": 1048, ""eps_target"": 1e-06, ""budget"": 85656050}"
"U(0.001,0.01), eps=1e-06",0.001,0.01,1e-06,reverse_eng_risk,103322828,find_phi_fixed_budget_reverse_engineering_risk,"{""m_exploration"": 1048, ""eps_target"": 1e-06, ""budget"": 103322828}"
"U(0.001,0.01), eps=1e-06",0.001,0.01,1e-06,reverse_eng_risk,124633422,find_phi_fixed_budget_reverse_engineering_risk,"{""m_exploration"": 1048, ""eps_target"": 1e-06, ""budget"": 124633422}"
"U(0.001,0.01), eps=1e-06",0.001,0.01,1e-06,reverse_eng_risk,150339381,find_phi_fixed_budget_reverse_engineering_risk,"{""m_exploration"": 4738, ""eps_target"": 1e-06, ""budget"": 150339381}"
"U(0.001,0.01), eps=1e-06",0.001,0.01,1e-06,reverse_eng_risk,181347259,find_phi_fixed_budget_reverse_engineering_risk,"{""m_exploration"": 10074, ""eps_target"": 1e-06, ""budget"": 181347259}"
"U(0.001,0.01), eps=1e-06",0.001,0.01,1e-06,reverse_eng_risk,218750591,find_phi_fixed_budget_reverse_engineering_risk,"{""m_exploration"": 10074, ""eps_target"": 1e-06, ""budget"": 218750591}"
"U(0.001,0.01), eps=1e-06",0.001,0.01,1e-06,reverse_eng_risk,263868453,find_phi_fixed_budget_reverse_engineering_risk,"{""m_exploration"": 14688, ""eps_target"": 1e-06, ""budget"": 263868453}"
"U(0.001,0.01), eps=1e-06",0.001,0.01,1e-06,reverse_eng_risk,318291990,find_phi_fixed_budget_reverse_engineering_risk,"{""m_exploration"": 17736, ""eps_target"": 1e-06, ""budget"": 318291990}"
"U(0.001,0.01), eps=1e-06",0.001,0.01,1e-06,reverse_eng_risk,383940518,find_phi_fixed_budget_reverse_engineering_risk,"{""m_exploration"": 17736, ""eps_target"": 1e-06, ""budget"": 383940518}"
"U(0.001,0.01), eps=1e-06",0.001,0.01,1e-06,reverse_eng_risk,463129222,find_phi_fixed_budget_reverse_engineering_risk,"{""m_exploration"": 17736, ""eps_target"": 1e-06, ""budget"": 463129222}"
"U(0.001,0.01), eps=1e-06",0.001,0.01,1e-06,reverse_eng_risk,558650796,find_phi_fixed_budget_reverse_engineering_risk,"{""m_exploration"": 14688, ""eps_target"": 1e-06, ""budget"": 558650796}"
"U(0.001,0.01), eps=1e-06",0.001,0.01,1e-06,reverse_eng_risk,673873936,find_phi_fixed_budget_reverse_engineering_risk,"{""m_exploration"": 116869, ""eps_target"": 1e-06, ""budget"": 673873936}"
"U(0.001,0.01), eps=1e-06",0.001,0.01,1e-06,reverse_eng_risk,812862141,find_phi_fixed_budget_reverse_engineering_risk,"{""m_exploration"": 116869, ""eps_target"": 1e-06, ""budget"": 812862141}"
"U(0.001,0.01), eps=1e-06",0.001,0.01,1e-06,reverse_eng_risk,980517014,find_phi_fixed_budget_reverse_engineering_risk,"{""m_exploration"": 12164, ""eps_target"": 1e-06, ""budget"": 980517014}"
"U(0.001,0.01), eps=1e-06",0.001,0.01,1e-06,reverse_eng_risk,1182751130,find_phi_fixed_budget_reverse_engineering_risk,"{""m_exploration"": 14688, ""eps_target"": 1e-06, ""budget"": 1182751130}"
"U(0.001,0.01), eps=1e-06",0.001,0.01,1e-06,reverse_eng_risk,1426696543,find_phi_fixed_budget_reverse_engineering_risk,"{""m_exploration"": 14688, ""eps_target"": 1e-06, ""budget"": 1426696543}"
"U(0.001,0.01), eps=1e-06",0.001,0.01,1e-06,reverse_eng_risk,1720956316,find_phi_fixed_budget_reverse_engineering_risk,"{""m_exploration"": 12164, ""eps_target"": 1e-06, ""budget"": 1720956316}"
"U(0.001,0.01), eps=1e-06",0.001,0.01,1e-06,reverse_eng_risk,2075907911,find_phi_fixed_budget_reverse_engineering_risk,"{""m_exploration"": 14688, ""eps_target"": 1e-06, ""budget"": 2075907911}"
"U(0.001,0.01), eps=1e-06",0.001,0.01,1e-06,reverse_eng_risk,2504069171,find_phi_fixed_budget_reverse_engineering_risk,"{""m_exploration"": 12164, ""eps_target"": 1e-06, ""budget"": 2504069171}"
"U(0.001,0.01), eps=1e-06",0.001,0.01,1e-06,reverse_eng_risk,3020539774,find_phi_fixed_budget_reverse_engineering_risk,"{""m_exploration"": 14688, ""eps_target"": 1e-06, ""budget"": 3020539774}"
"U(0.001,0.01), eps=1e-06",0.001,0.01,1e-06,reverse_eng_risk,3643533745,find_phi_fixed_budget_reverse_engineering_risk,"{""m_exploration"": 14688, ""eps_target"": 1e-06, ""budget"": 3643533745}"
"U(0.001,0.01), eps=1e-06",0.001,0.01,1e-06,reverse_eng_risk,4395021800,find_phi_fixed_budget_reverse_engineering_risk,"{""m_exploration"": 17736, ""eps_target"": 1e-06, ""budget"": 4395021800}"
"U(0.001,0.01), eps=1e-06",0.001,0.01,1e-06,reverse_eng_risk,5301506168,find_phi_fixed_budget_reverse_engineering_risk,"{""m_exploration"": 17736, ""eps_target"": 1e-06, ""budget"": 5301506168}"
"U(0.001,0.01), eps=1e-06",0.001,0.01,1e-06,reverse_eng_risk,6394955231,find_phi_fixed_budget_reverse_engineering_risk,"{""m_exploration"": 17736, ""eps_target"": 1e-06, ""budget"": 6394955231}"
"U(0.001,0.01), eps=1e-06",0.001,0.01,1e-06,reverse_eng_risk,7713930929,find_phi_fixed_budget_reverse_engineering_risk,"{""m_exploration"": 45528, ""eps_target"": 1e-06, ""budget"": 7713930929}"
"U(0.001,0.01), eps=1e-06",0.001,0.01,1e-06,reverse_eng_risk,9304948704,find_phi_fixed_budget_reverse_engineering_risk,"{""m_exploration"": 338, ""eps_target"": 1e-06, ""budget"": 9304948704}"
"U(0.001,0.01), eps=1e-06",0.001,0.01,1e-06,reverse_eng_risk,11224117920,find_phi_fixed_budget_reverse_engineering_risk,"{""m_exploration"": 5722, ""eps_target"": 1e-06, ""budget"": 11224117920}"
"U(0.001,0.01), eps=1e-06",0.001,0.01,1e-06,reverse_eng_risk,13539120643,find_phi_fixed_budget_reverse_engineering_risk,"{""m_exploration"": 5722, ""eps_target"": 1e-06, ""budget"": 13539120643}"
"U(0.001,0.01), eps=1e-06",0.001,0.01,1e-06,reverse_eng_risk,16331598536,find_phi_fixed_budget_reverse_engineering_risk,"{""m_exploration"": 109, ""eps_target"": 1e-06, ""budget"": 16331598536}"
"U(0.001,0.01), eps=1e-06",0.001,0.01,1e-06,reverse_eng_risk,19700032061,find_phi_fixed_budget_reverse_engineering_risk,"{""m_exploration"": 35, ""eps_target"": 1e-06, ""budget"": 19700032061}"
"U(0.001,0.01), eps=1e-06",0.001,0.01,1e-06,reverse_eng_risk,23763213523,find_phi_fixed_budget_reverse_engineering_risk,"{""m_exploration"": 20, ""eps_target"": 1e-06, ""budget"": 23763213523}"
"U(0.001,0.01), eps=1e-06",0.001,0.01,1e-06,reverse_eng_risk,28664436445,find_phi_fixed_budget_reverse_engineering_risk,"{""m_exploration"": 20, ""eps_target"": 1e-06, ""budget"": 28664436445}"
"U(0.001,0.01), eps=1e-06",0.001,0.01,1e-06,reverse_eng_risk,34576548996,find_phi_fixed_budget_reverse_engineering_risk,"{""m_exploration"": 20, ""eps_target"": 1e-06, ""budget"": 34576548996}"
"U(0.001,0.01), eps=1e-06",0.001,0.01,1e-06,reverse_eng_risk,41708049721,find_phi_fixed_budget_reverse_engineering_risk,"{""m_exploration"": 20, ""eps_target"": 1e-06, ""budget"": 41708049721}"
"U(0.001,0.01), eps=1e-06",0.001,0.01,1e-06,reverse_eng_risk,50310440517,find_phi_fixed_budget_reverse_engineering_risk,"{""m_exploration"": 20, ""eps_target"": 1e-06, ""budget"": 50310440517}"
"U(0.001,0.01), eps=1e-06",0.001,0.01,1e-06,reverse_eng_risk,60687096183,find_phi_fixed_budget_reverse_engineering_risk,"{""m_exploration"": 20, ""eps_target"": 1e-06, ""budget"": 60687096183}"
"U(0.001,0.01), eps=1e-06",0.001,0.01,1e-06,reverse_eng_risk,73203963337,find_phi_fixed_budget_reverse_engineering_risk,"{""m_exploration"": 20, ""eps_target"": 1e-06, ""budget"": 73203963337}"
"U(0.001,0.01), eps=1e-06",0.001,0.01,1e-06,reverse_eng_risk,88302466015,find_phi_fixed_budget_reverse_engineering_risk,"{""m_exploration"": 20, ""eps_target"": 1e-06, ""budget"": 88302466015}"
"U(0.001,0.01), eps=1e-06",0.001,0.01,1e-06,reverse_eng_risk,106515073078,find_phi_fixed_budget_reverse_engineering_risk,"{""m_exploration"": 20, ""eps_target"": 1e-06, ""budget"": 106515073078}"
"U(0.001,0.01), eps=1e-06",0.001,0.01,1e-06,reverse_eng_risk,128484076433,find_phi_fixed_budget_reverse_engineering_risk,"{""m_exploration"": 20, ""eps_target"": 1e-06, ""budget"": 128484076433}"
"U(0.001,0.01), eps=1e-06",0.001,0.01,1e-06,binary_risk,85656050,find_phi_fixed_budget_binary_search_risk,"{""m_exploration"": 295, ""conf"": 0.65, ""eps_target"": 1e-06, ""budget"": 85656050}"
"U(0.001,0.01), eps=1e-06",0.001,0.01,1e-06,binary_risk,103322828,find_phi_fixed_budget_binary_search_risk,"{""m_exploration"": 295, ""conf"": 0.8, ""eps_target"": 1e-06, ""budget"": 103322828}"
"U(0.001,0.01), eps=1e-06",0.001,0.01,1e-06,binary_risk,124633422,find_phi_fixed_budget_binary_search_risk,"{""m_exploration"": 295, ""conf"": 0.8, ""eps_target"": 1e-06, ""budget"": 124633422}"
"U(0.001,0.01), eps=1e-06",0.001,0.01,1e-06,binary_risk,150339381,find_phi_fixed_budget_binary_search_risk,"{""m_exploration"": 295, ""conf"": 0.8, ""eps_target"": 1e-06, ""budget"": 150339381}"
"U(0.001,0.01), eps=1e-06",0.001,0.01,1e-06,binary_risk,181347259,find_phi_fixed_budget_binary_search_risk,"{""m_exploration"": 2020, ""conf"": 0.8, ""eps_target"": 1e-06, ""budget"": 181347259}"
"U(0.001,0.01), eps=1e-06",0.001,0.01,1e-06,binary_risk,218750591,find_phi_fixed_budget_binary_search_risk,"{""m_exploration"": 2968, ""conf"": 0.65, ""eps_target"": 1e-06, ""budget"": 218750591}"
"U(0.001,0.01), eps=1e-06",0.001,0.01,1e-06,binary_risk,263868453,find_phi_fixed_budget_binary_search_risk,"{""m_exploration"": 295, ""conf"": 0.8, ""eps_target"": 1e-06, ""budget"": 263868453}"
"U(0.001,0.01), eps=1e-06",0.001,0.01,1e-06,binary_risk,318291990,find_phi_fixed_budget_binary_search_risk,"{""m_exploration"": 2968, ""conf"": 0.65, ""eps_target"": 1e-06, ""budget"": 318291990}"
"U(0.001,0.01), eps=1e-06",0.001,0.01,1e-06,binary_risk,383940518,find_phi_fixed_budget_binary_search_risk,"{""m_exploration"": 2968, ""conf"": 0.65, ""eps_target"": 1e-06, ""budget"": 383940518}"
"U(0.001,0.01), eps=1e-06",0.001,0.01,1e-06,binary_risk,463129222,find_phi_fixed_budget_binary_search_risk,"{""m_exploration"": 2968, ""conf"": 0.65, ""eps_target"": 1e-06, ""budget"": 463129222}"
"U(0.001,0.01), eps=1e-06",0.001,0.01,1e-06,binary_risk,558650796,find_phi_fixed_budget_binary_search_risk,"{""m_exploration"": 2968, ""conf"": 0.65, ""eps_target"": 1e-06, ""budget"": 558650796}"
"U(0.001,0.01), eps=1e-06",0.001,0.01,1e-06,binary_risk,673873936,find_phi_fixed_budget_binary_search_risk,"{""m_exploration"": 2968, ""conf"": 0.65, ""eps_target"": 1e-06, ""budget"": 673873936}"
"U(0.001,0.01), eps=1e-06",0.001,0.01,1e-06,binary_risk,812862141,find_phi_fixed_budget_binary_search_risk,"{""m_exploration"": 2968, ""conf"": 0.65, ""eps_target"": 1e-06, ""budget"": 812862141}"
"U(0.001,0.01), eps=1e-06",0.001,0.01,1e-06,binary_risk,980517014,find_phi_fixed_budget_binary_search_risk,"{""m_exploration"": 2968, ""conf"": 0.65, ""eps_target"": 1e-06, ""budget"": 980517014}"
"U(0.001,0.01), eps=1e-06",0.001,0.01,1e-06,binary_risk,1182751130,find_phi_fixed_budget_binary_search_risk,"{""m_exploration"": 2020, ""conf"": 0.8, ""eps_target"": 1e-06, ""budget"": 1182751130}"
"U(0.001,0.01), eps=1e-06",0.001,0.01,1e-06,binary_risk,1426696543,find_phi_fixed_budget_binary_search_risk,"{""m_exploration"": 2968, ""conf"": 0.65, ""eps_target"": 1e-06, ""budget"": 1426696543}"
"U(0.001,0.01), eps=1e-06",0.001,0.01,1e-06,binary_risk,1720956316,find_phi_fixed_budget_binary_search_risk,"{""m_exploration"": 2020, ""conf"": 0.8, ""eps_target"": 1e-06, ""budget"": 1720956316}"
"U(0.001,0.01), eps=1e-06",0.001,0.01,1e-06,binary_risk,2075907911,find_phi_fixed_budget_binary_search_risk,"{""m_exploration"": 2020, ""conf"": 0.8, ""eps_target"": 1e-06, ""budget"": 2075907911}"
"U(0.001,0.01), eps=1e-06",0.001,0.01,1e-06,binary_risk,2504069171,find_phi_fixed_budget_binary_search_risk,"{""m_exploration"": 4361, ""conf"": 0.9, ""eps_target"": 1e-06, ""budget"": 2504069171}"
"U(0.001,0.01), eps=1e-06",0.001,0.01,1e-06,binary_risk,3020539774,find_phi_fixed_budget_binary_search_risk,"{""m_exploration"": 2020, ""conf"": 0.8, ""eps_target"": 1e-06, ""budget"": 3020539774}"
"U(0.001,0.01), eps=1e-06",0.001,0.01,1e-06,binary_risk,3643533745,find_phi_fixed_budget_binary_search_risk,"{""m_exploration"": 13828, ""conf"": 0.5, ""eps_target"": 1e-06, ""budget"": 3643533745}"
"U(0.001,0.01), eps=1e-06",0.001,0.01,1e-06,binary_risk,4395021800,find_phi_fixed_budget_binary_search_risk,"{""m_exploration"": 4361, ""conf"": 0.9, ""eps_target"": 1e-06, ""budget"": 4395021800}"
"U(0.001,0.01), eps=1e-06",0.001,0.01,1e-06,binary_risk,5301506168,find_phi_fixed_budget_binary_search_risk,"{""m_exploration"": 13828, ""conf"": 0.65, ""eps_target"": 1e-06, ""budget"": 5301506168}"
"U(0.001,0.01), eps=1e-06",0.001,0.01,1e-06,binary_risk,6394955231,find_phi_fixed_budget_binary_search_risk,"{""m_exploration"": 29844, ""conf"": 0.9, ""eps_target"": 1e-06, ""budget"": 6394955231}"
"U(0.001,0.01), eps=1e-06",0.001,0.01,1e-06,binary_risk,7713930929,find_phi_fixed_budget_binary_search_risk,"{""m_exploration"": 29844, ""conf"": 0.8, ""eps_target"": 1e-06, ""budget"": 7713930929}"
"U(0.001,0.01), eps=1e-06",0.001,0.01,1e-06,binary_risk,9304948704,find_phi_fixed_budget_binary_search_risk,"{""m_exploration"": 4361, ""conf"": 0.5, ""eps_target"": 1e-06, ""budget"": 9304948704}"
"U(0.001,0.01), eps=1e-06",0.001,0.01,1e-06,binary_risk,11224117920,find_phi_fixed_budget_binary_search_risk,"{""m_exploration"": 4361, ""conf"": 0.65, ""eps_target"": 1e-06, ""budget"": 11224117920}"
"U(0.001,0.01), eps=1e-06",0.001,0.01,1e-06,binary_risk,13539120643,find_phi_fixed_budget_binary_search_risk,"{""m_exploration"": 1375, ""conf"": 0.5, ""eps_target"": 1e-06, ""budget"": 13539120643}"
"U(0.001,0.01), eps=1e-06",0.001,0.01,1e-06,binary_risk,16331598536,find_phi_fixed_budget_binary_search_risk,"{""m_exploration"": 63, ""conf"": 0.5, ""eps_target"": 1e-06, ""budget"": 16331598536}"
"U(0.001,0.01), eps=1e-06",0.001,0.01,1e-06,binary_risk,19700032061,find_phi_fixed_budget_binary_search_risk,"{""m_exploration"": 63, ""conf"": 0.5, ""eps_target"": 1e-06, ""budget"": 19700032061}"
"U(0.001,0.01), eps=1e-06",0.001,0.01,1e-06,binary_risk,23763213523,find_phi_fixed_budget_binary_search_risk,"{""m_exploration"": 63, ""conf"": 0.5, ""eps_target"": 1e-06, ""budget"": 23763213523}"
"U(0.001,0.01), eps=1e-06",0.001,0.01,1e-06,binary_risk,28664436445,find_phi_fixed_budget_binary_search_risk,"{""m_exploration"": 29, ""conf"": 0.5, ""eps_target"": 1e-06, ""budget"": 28664436445}"
"U(0.001,0.01), eps=1e-06",0.001,0.01,1e-06,binary_risk,34576548996,find_phi_fixed_budget_binary_search_risk,"{""m_exploration"": 29, ""conf"": 0.5, ""eps_target"": 1e-06, ""budget"": 34576548996}"
"U(0.001,0.01), eps=1e-06",0.001,0.01,1e-06,binary_risk,41708049721,find_phi_fixed_budget_binary_search_risk,"{""m_exploration"": 29, ""conf"": 0.5, ""eps_target"": 1e-06, ""budget"": 41708049721}"
"U(0.001,0.01), eps=1e-06",0.001,0.01,1e-06,binary_risk,50310440517,find_phi_fixed_budget_binary_search_risk,"{""m_exploration"": 20, ""conf"": 0.5, ""eps_target"": 1e-06, ""budget"": 50310440517}"
"U(0.001,0.01), eps=1e-06",0.001,0.01,1e-06,binary_risk,60687096183,find_phi_fixed_budget_binary_search_risk,"{""m_exploration"": 20, ""conf"": 0.5, ""eps_target"": 1e-06, ""budget"": 60687096183}"
"U(0.001,0.01), eps=1e-06",0.001,0.01,1e-06,binary_risk,73203963337,find_phi_fixed_budget_binary_search_risk,"{""m_exploration"": 20, ""conf"": 0.5, ""eps_target"": 1e-06, ""budget"": 73203963337}"
"U(0.001,0.01), eps=1e-06",0.001,0.01,1e-06,binary_risk,88302466015,find_phi_fixed_budget_binary_search_risk,"{""m_exploration"": 20, ""conf"": 0.5, ""eps_target"": 1e-06, ""budget"": 88302466015}"
"U(0.001,0.01), eps=1e-06",0.001,0.01,1e-06,binary_risk,106515073078,find_phi_fixed_budget_binary_search_risk,"{""m_exploration"": 20, ""conf"": 0.5, ""eps_target"": 1e-06, ""budget"": 106515073078}"
"U(0.001,0.01), eps=1e-06",0.001,0.01,1e-06,binary_risk,128484076433,find_phi_fixed_budget_binary_search_risk,"{""m_exploration"": 20, ""conf"": 0.5, ""eps_target"": 1e-06, ""budget"": 128484076433}"
"U(0.01,0.1), eps=1e-07",0.01,0.1,1e-07,linear,89653333333,find_phi_fixed_budget_linear_search,"{""m_exploration"": 15777, ""lookback_window"": 5, ""safeguard"": 0, ""inc"": 1, ""budget"": 89653333333}"
"U(0.01,0.1), eps=1e-07",0.01,0.1,1e-07,linear,108144560197,find_phi_fixed_budget_linear_search,"{""m_exploration"": 15777, ""lookback_window"": 5, ""safeguard"": 0, ""inc"": 1, ""budget"": 108144560197}"
"U(0.01,0.1), eps=1e-07",0.01,0.1,1e-07,linear,130449649394,find_phi_fixed_budget_linear_search,"{""m_exploration"": 15777, ""lookback_window"": 5, ""safeguard"": 0, ""inc"": 1, ""budget"": 130449649394}"
"U(0.01,0.1), eps=1e-07",0.01,0.1,1e-07,linear,157355219680,find_phi_fixed_budget_linear_search,"{""m_exploration"": 46043, ""lookback_window"": 5, ""safeguard"": 0, ""inc"": 2, ""budget"": 157355219680}"
"U(0.01,0.1), eps=1e-07",0.01,0.1,1e-07,linear,189810131921,find_phi_fixed_budget_linear_search,"{""m_exploration"": 284, ""lookback_window"": 5, ""safeguard"": 1, ""inc"": 1, ""budget"": 189810131921}"
"U(0.01,0.1), eps=1e-07",0.01,0.1,1e-07,linear,228958951938,find_phi_fixed_budget_linear_search,"{""m_exploration"": 284, ""lookback_window"": 5, ""safeguard"": 1, ""inc"": 1, ""budget"": 228958951938}"
"U(0.01,0.1), eps=1e-07",0.01,0.1,1e-07,linear,276182315148,find_phi_fixed_budget_linear_search,"{""m_exploration"": 4136, ""lookback_window"": 5, ""safeguard"": 1, ""inc"": 2, ""budget"": 276182315148}"
"U(0.01,0.1), eps=1e-07",0.01,0.1,1e-07,linear,333145616517,find_phi_fixed_budget_linear_search,"{""m_exploration"": 284, ""lookback_window"": 5, ""safeguard"": 1, ""inc"": 1, ""budget"": 333145616517}"
"U(0.01,0.1), eps=1e-07",0.01,0.1,1e-07,linear,401857742938,find_phi_fixed_budget_linear_search,"{""m_exploration"": 284, ""lookback_window"": 5, ""safeguard"": 1, ""inc"": 1, ""budget"": 401857742938}"
"U(0.01,0.1), eps=1e-07",0.01,0.1,1e-07,linear,484741919306,find_phi_fixed_budget_linear_search,"{""m_exploration"": 284, ""lookback_window"": 5, ""safeguard"": 1, ""inc"": 1, ""budget"": 484741919306}"
"U(0.01,0.1), eps=1e-07",0.01,0.1,1e-07,linear,584721166785,find_phi_fixed_budget_linear_search,"{""m_exploration"": 4136, ""lookback_window"": 5, ""safeguard"": 1, ""inc"": 2, ""budget"": 584721166785}"
"U(0.01,0.1), eps=1e-07",0.01,0.1,1e-07,linear,705321387051,find_phi_fixed_budget_linear_search,"{""m_exploration"": 134364, ""lookback_window"": 5, ""safeguard"": 0, ""inc"": 2, ""budget"": 705321387051}"
"U(0.01,0.1), eps=1e-07",0.01,0.1,1e-07,linear,850795707922,find_phi_fixed_budget_linear_search,"{""m_exploration"": 134364, ""lookback_window"": 5, ""safeguard"": 0, ""inc"": 2, ""budget"": 850795707922}"
"U(0.01,0.1), eps=1e-07",0.01,0.1,1e-07,linear,1026274475590,find_phi_fixed_budget_linear_search,"{""m_exploration"": 78654, ""lookback_window"": 5, ""safeguard"": 0, ""inc"": 2, ""budget"": 1026274475590}"
"U(0.01,0.1), eps=1e-07",0.01,0.1,1e-07,linear,1237946183132,find_phi_fixed_budget_linear_search,"{""m_exploration"": 46043, ""lookback_window"": 5, ""safeguard"": 0, ""inc"": 2, ""budget"": 1237946183132}"
"U(0.01,0.1), eps=1e-07",0.01,0.1,1e-07,linear,1493275715983,find_phi_fixed_budget_linear_search,"{""m_exploration"": 78654, ""lookback_window"": 5, ""safeguard"": 0, ""inc"": 2, ""budget"": 1493275715983}"
"U(0.01,0.1), eps=1e-07",0.01,0.1,1e-07,linear,1801267611087,find_phi_fixed_budget_linear_search,"{""m_exploration"": 300000, ""lookback_window"": 5, ""safeguard"": 0, ""inc"": 2, ""budget"": 1801267611087}"
"U(0.01,0.1), eps=1e-07",0.01,0.1,1e-07,linear,2172783613919,find_phi_fixed_budget_linear_search,"{""m_exploration"": 300000, ""lookback_window"": 5, ""safeguard"": 0, ""inc"": 2, ""budget"": 2172783613919}"
"U(0.01,0.1), eps=1e-07",0.01,0.1,1e-07,linear,2620925732443,find_phi_fixed_budget_linear_search,"{""m_exploration"": 175615, ""lookback_window"": 5, ""safeguard"": 0, ""inc"": 2, ""budget"": 2620925732443}"
"U(0.01,0.1), eps=1e-07",0.01,0.1,1e-07,linear,3161498296921,find_phi_fixed_budget_linear_search,"{""m_exploration"": 175615, ""lookback_window"": 5, ""safeguard"": 0, ""inc"": 2, ""budget"": 3161498296921}"
"U(0.01,0.1), eps=1e-07",0.01,0.1,1e-07,linear,3813565320723,find_phi_fixed_budget_linear_search,"{""m_exploration"": 300000, ""lookback_window"": 5, ""safeguard"": 0, ""inc"": 2, ""budget"": 3813565320723}"
"U(0.01,0.1), eps=1e-07",0.01,0.1,1e-07,linear,4600122818216,find_phi_fixed_budget_linear_search,"{""m_exploration"": 300000, ""lookback_window"": 5, ""safeguard"": 0, ""inc"": 2, ""budget"": 4600122818216}"
"U(0.01,0.1), eps=1e-07",0.01,0.1,1e-07,linear,5548909789924,find_phi_fixed_budget_linear_search,"{""m_exploration"": 60179, ""lookback_window"": 5, ""safeguard"": 0, ""inc"": 2, ""budget"": 5548909789924}"
"U(0.01,0.1), eps=1e-07",0.01,0.1,1e-07,linear,6693386475420,find_phi_fixed_budget_linear_search,"{""m_exploration"": 2421, ""lookback_window"": 5, ""safeguard"": 1, ""inc"": 1, ""budget"": 6693386475420}"
"U(0.01,0.1), eps=1e-07",0.01,0.1,1e-07,linear,8073914373357,find_phi_fixed_budget_linear_search,"{""m_exploration"": 102802, ""lookback_window"": 5, ""safeguard"": 0, ""inc"": 2, ""budget"": 8073914373357}"
"U(0.01,0.1), eps=1e-07",0.01,0.1,1e-07,linear,9739179643621,find_phi_fixed_budget_linear_search,"{""m_exploration"": 60179, ""lookback_window"": 3, ""safeguard"": 0, ""inc"": 1, ""budget"": 9739179643621}"
"U(0.01,0.1), eps=1e-07",0.01,0.1,1e-07,linear,11747910089773,find_phi_fixed_budget_linear_search,"{""m_exploration"": 60179, ""lookback_window"": 3, ""safeguard"": 1, ""inc"": 1, ""budget"": 11747910089773}"
"U(0.01,0.1), eps=1e-07",0.01,0.1,1e-07,linear,14170946273467,find_phi_fixed_budget_linear_search,"{""m_exploration"": 5406, ""lookback_window"": 5, ""safeguard"": 2, ""inc"": 1, ""budget"": 14170946273467}"
"U(0.01,0.1), eps=1e-07",0.01,0.1,1e-07,linear,17093739801456,find_phi_fixed_budget_linear_search,"{""m_exploration"": 166, ""lookback_window"": 5, ""safeguard"": 3, ""inc"": 1, ""budget"": 17093739801456}"
"U(0.01,0.1), eps=1e-07",0.01,0.1,1e-07,linear,20619366890621,find_phi_fixed_budget_linear_search,"{""m_exploration"": 3, ""lookback_window"": 1, ""safeguard"": 3, ""inc"": 1, ""budget"": 20619366890621}"
"U(0.01,0.1), eps=1e-07",0.01,0.1,1e-07,linear,24872163488402,find_phi_fixed_budget_linear_search,"{""m_exploration"": 3, ""lookback_window"": 1, ""safeguard"": 3, ""inc"": 1, ""budget"": 24872163488402}"
"U(0.01,0.1), eps=1e-07",0.01,0.1,1e-07,linear,30002110146029,find_phi_fixed_budget_linear_search,"{""m_exploration"": 3, ""lookback_window"": 1, ""safeguard"": 3, ""inc"": 1, ""budget"": 30002110146029}"
"U(0.01,0.1), eps=1e-07",0.01,0.1,1e-07,linear,36190121282944,find_phi_fixed_budget_linear_search,"{""m_exploration"": 3, ""lookback_window"": 1, ""safeguard"": 3, ""inc"": 1, ""budget"": 36190121282944}"
"U(0.01,0.1), eps=1e-07",0.01,0.1,1e-07,linear,43654425375394,find_phi_fixed_budget_linear_search,"{""m_exploration"": 3, ""lookback_window"": 1, ""safeguard"": 3, ""inc"": 1, ""budget"": 43654425375394}"
"U(0.01,0.1), eps=1e-07",0.01,0.1,1e-07,linear,52658261075074,find_phi_fixed_budget_linear_search,"{""m_exploration"": 3, ""lookback_window"": 1, ""safeguard"": 3, ""inc"": 1, ""budget"": 52658261075074}"
"U(0.01,0.1), eps=1e-07",0.01,0.1,1e-07,linear,63519160671706,find_phi_fixed_budget_linear_search,"{""m_exploration"": 3, ""lookback_window"": 1, ""safeguard"": 3, ""inc"": 1, ""budget"": 63519160671706}"
"U(0.01,0.1), eps=1e-07",0.01,0.1,1e-07,linear,76620148293272,find_phi_fixed_budget_linear_search,"{""m_exploration"": 3, ""lookback_window"": 1, ""safeguard"": 3, ""inc"": 1, ""budget"": 76620148293272}"
"U(0.01,0.1), eps=1e-07",0.01,0.1,1e-07,linear,92423247763380,find_phi_fixed_budget_linear_search,"{""m_exploration"": 3, ""lookback_window"": 1, ""safeguard"": 3, ""inc"": 1, ""budget"": 92423247763380}"
"U(0.01,0.1), eps=1e-07",0.01,0.1,1e-07,linear,111485776488390,find_phi_fixed_budget_linear_search,"{""m_exploration"": 3, ""lookback_window"": 1, ""safeguard"": 3, ""inc"": 1, ""budget"": 111485776488390}"
"U(0.01,0.1), eps=1e-07",0.01,0.1,1e-07,linear,134480000000000,find_phi_fixed_budget_linear_search,"{""m_exploration"": 3, ""lookback_window"": 1, ""safeguard"": 3, ""inc"": 1, ""budget"": 134480000000000}"
"U(0.01,0.1), eps=1e-07",0.01,0.1,1e-07,reverse_eng,89653333333,find_phi_fixed_budget_reverse_engineering,"{""m_exploration"": 170399, ""safeguard"": 0.975, ""budget"": 89653333333}"
"U(0.01,0.1), eps=1e-07",0.01,0.1,1e-07,reverse_eng,108144560197,find_phi_fixed_budget_reverse_engineering,"{""m_exploration"": 170399, ""safeguard"": 0.975, ""budget"": 108144560197}"
"U(0.01,0.1), eps=1e-07",0.01,0.1,1e-07,reverse_eng,130449649394,find_phi_fixed_budget_reverse_engineering,"{""m_exploration"": 170399, ""safeguard"": 0.975, ""budget"": 130449649394}"
"U(0.01,0.1), eps=1e-07",0.01,0.1,1e-07,reverse_eng,157355219680,find_phi_fixed_budget_reverse_engineering,"{""m_exploration"": 170399, ""safeguard"": 0.975, ""budget"": 157355219680}"
"U(0.01,0.1), eps=1e-07",0.01,0.1,1e-07,reverse_eng,189810131921,find_phi_fixed_budget_reverse_engineering,"{""m_exploration"": 170399, ""safeguard"": 0.975, ""budget"": 189810131921}"
"U(0.01,0.1), eps=1e-07",0.01,0.1,1e-07,reverse_eng,228958951938,find_phi_fixed_budget_reverse_engineering,"{""m_exploration"": 170399, ""safeguard"": 0.975, ""budget"": 228958951938}"
"U(0.01,0.1), eps=1e-07",0.01,0.1,1e-07,reverse_eng,276182315148,find_phi_fixed_budget_reverse_engineering,"{""m_exploration"": 170399, ""safeguard"": 0.975, ""budget"": 276182315148}"
"U(0.01,0.1), eps=1e-07",0.01,0.1,1e-07,reverse_eng,333145616517,find_phi_fixed_budget_reverse_engineering,"{""m_exploration"": 170399, ""safeguard"": 0.975, ""budget"": 333145616517}"
"U(0.01,0.1), eps=1e-07",0.01,0.1,1e-07,reverse_eng,401857742938,find_phi_fixed_budget_reverse_engineering,"{""m_exploration"": 170399, ""safeguard"": 0.975, ""budget"": 401857742938}"
"U(0.01,0.1), eps=1e-07",0.01,0.1,1e-07,reverse_eng,484741919306,find_phi_fixed_budget_reverse_engineering,"{""m_exploration"": 141118, ""safeguard"": 0.975, ""budget"": 484741919306}"
"U(0.01,0.1), eps=1e-07",0.01,0.1,1e-07,reverse_eng,584721166785,find_phi_fixed_budget_reverse_engineering,"{""m_exploration"": 170399, ""safeguard"": 0.975, ""budget"": 584721166785}"
"U(0.01,0.1), eps=1e-07",0.01,0.1,1e-07,reverse_eng,705321387051,find_phi_fixed_budget_reverse_engineering,"{""m_exploration"": 170399, ""safeguard"": 0.975, ""budget"": 705321387051}"
"U(0.01,0.1), eps=1e-07",0.01,0.1,1e-07,reverse_eng,850795707922,find_phi_fixed_budget_reverse_engineering,"{""m_exploration"": 170399, ""safeguard"": 0.975, ""budget"": 850795707922}"
"U(0.01,0.1), eps=1e-07",0.01,0.1,1e-07,reverse_eng,1026274475590,find_phi_fixed_budget_reverse_engineering,"{""m_exploration"": 66381, ""safeguard"": 0.975, ""budget"": 1026274475590}"
"U(0.01,0.1), eps=1e-07",0.01,0.1,1e-07,reverse_eng,1237946183132,find_phi_fixed_budget_reverse_engineering,"{""m_exploration"": 66381, ""safeguard"": 0.975, ""budget"": 1237946183132}"
"U(0.01,0.1), eps=1e-07",0.01,0.1,1e-07,reverse_eng,1493275715983,find_phi_fixed_budget_reverse_engineering,"{""m_exploration"": 66381, ""safeguard"": 0.975, ""budget"": 1493275715983}"
"U(0.01,0.1), eps=1e-07",0.01,0.1,1e-07,reverse_eng,1801267611087,find_phi_fixed_budget_reverse_engineering,"{""m_exploration"": 66381, ""safeguard"": 0.975, ""budget"": 1801267611087}"
"U(0.01,0.1), eps=1e-07",0.01,0.1,1e-07,reverse_eng,2172783613919,find_phi_fixed_budget_reverse_engineering,"{""m_exploration"": 66381, ""safeguard"": 0.975, ""budget"": 2172783613919}"
"U(0.01,0.1), eps=1e-07",0.01,0.1,1e-07,reverse_eng,2620925732443,find_phi_fixed_budget_reverse_engineering,"{""m_exploration"": 66381, ""safeguard"": 0.975, ""budget"": 2620925732443}"
"U(0.01,0.1), eps=1e-07",0.01,0.1,1e-07,reverse_eng,3161498296921,find_phi_fixed_budget_reverse_engineering,"{""m_exploration"": 54974, ""safeguard"": 0.975, ""budget"": 3161498296921}"
"U(0.01,0.1), eps=1e-07",0.01,0.1,1e-07,reverse_eng,3813565320723,find_phi_fixed_budget_reverse_engineering,"{""m_exploration"": 66381, ""safeguard"": 0.975, ""budget"": 3813565320723}"
"U(0.01,0.1), eps=1e-07",0.01,0.1,1e-07,reverse_eng,4600122818216,find_phi_fixed_budget_reverse_engineering,"{""m_exploration"": 14688, ""safeguard"": 0.95, ""budget"": 4600122818216}"
"U(0.01,0.1), eps=1e-07",0.01,0.1,1e-07,reverse_eng,5548909789924,find_phi_fixed_budget_reverse_engineering,"{""m_exploration"": 66381, ""safeguard"": 0.975, ""budget"": 5548909789924}"
"U(0.01,0.1), eps=1e-07",0.01,0.1,1e-07,reverse_eng,6693386475420,find_phi_fixed_budget_reverse_engineering,"{""m_exploration"": 66381, ""safeguard"": 0.975, ""budget"": 6693386475420}"
"U(0.01,0.1), eps=1e-07",0.01,0.1,1e-07,reverse_eng,8073914373357,find_phi_fixed_budget_reverse_engineering,"{""m_exploration"": 66381, ""safeguard"": 0.975, ""budget"": 8073914373357}"
"U(0.01,0.1), eps=1e-07",0.01,0.1,1e-07,reverse_eng,9739179643621,find_phi_fixed_budget_reverse_engineering,"{""m_exploration"": 66381, ""safeguard"": 0.975, ""budget"": 9739179643621}"
"U(0.01,0.1), eps=1e-07",0.01,0.1,1e-07,reverse_eng,11747910089773,find_phi_fixed_budget_reverse_engineering,"{""m_exploration"": 8343, ""safeguard"": 0.9, ""budget"": 11747910089773}"
"U(0.01,0.1), eps=1e-07",0.01,0.1,1e-07,reverse_eng,14170946273467,find_phi_fixed_budget_reverse_engineering,"{""m_exploration"": 3250, ""safeguard"": 0.85, ""budget"": 14170946273467}"
"U(0.01,0.1), eps=1e-07",0.01,0.1,1e-07,reverse_eng,17093739801456,find_phi_fixed_budget_reverse_engineering,"{""m_exploration"": 2691, ""safeguard"": 0.85, ""budget"": 17093739801456}"
"U(0.01,0.1), eps=1e-07",0.01,0.1,1e-07,reverse_eng,20619366890621,find_phi_fixed_budget_reverse_engineering,"{""m_exploration"": 1528, ""safeguard"": 0.8, ""budget"": 20619366890621}"
"U(0.01,0.1), eps=1e-07",0.01,0.1,1e-07,reverse_eng,24872163488402,find_phi_fixed_budget_reverse_engineering,"{""m_exploration"": 1528, ""safeguard"": 0.8, ""budget"": 24872163488402}"
"U(0.01,0.1), eps=1e-07",0.01,0.1,1e-07,reverse_eng,30002110146029,find_phi_fixed_budget_reverse_engineering,"{""m_exploration"": 1528, ""safeguard"": 0.8, ""budget"": 30002110146029}"
"U(0.01,0.1), eps=1e-07",0.01,0.1,1e-07,reverse_eng,36190121282944,find_phi_fixed_budget_reverse_engineering,"{""m_exploration"": 1528, ""safeguard"": 0.8, ""budget"": 36190121282944}"
"U(0.01,0.1), eps=1e-07",0.01,0.1,1e-07,reverse_eng,43654425375394,find_phi_fixed_budget_reverse_engineering,"{""m_exploration"": 1528, ""safeguard"": 0.8, ""budget"": 43654425375394}"
"U(0.01,0.1), eps=1e-07",0.01,0.1,1e-07,reverse_eng,52658261075074,find_phi_fixed_budget_reverse_engineering,"{""m_exploration"": 1528, ""safeguard"": 0.8, ""budget"": 52658261075074}"
"U(0.01,0.1), eps=1e-07",0.01,0.1,1e-07,reverse_eng,63519160671706,find_phi_fixed_budget_reverse_engineering,"{""m_exploration"": 1528, ""safeguard"": 0.8, ""budget"": 63519160671706}"
"U(0.01,0.1), eps=1e-07",0.01,0.1,1e-07,reverse_eng,76620148293272,find_phi_fixed_budget_reverse_engineering,"{""m_exploration"": 1528, ""safeguard"": 0.8, ""budget"": 76620148293272}"
"U(0.01,0.1), eps=1e-07",0.01,0.1,1e-07,reverse_eng,92423247763380,find_phi_fixed_budget_reverse_engineering,"{""m_exploration"": 1528, ""safeguard"": 0.8, ""budget"": 92423247763380}"
"U(0.01,0.1), eps=1e-07",0.01,0.1,1e-07,reverse_eng,111485776488390,find_phi_fixed_budget_reverse_engineering,"{""m_exploration"": 1528, ""safeguard"": 0.8, ""budget"": 111485776488390}"
"U(0.01,0.1), eps=1e-07",0.01,0.1,1e-07,reverse_eng,134480000000000,find_phi_fixed_budget_reverse_engineering,"{""m_exploration"": 1528, ""safeguard"": 0.8, ""budget"": 134480000000000}"
"U(0.01,0.1), eps=1e-07",0.01,0.1,1e-07,binary,89653333333,find_phi_fixed_budget_binary_search,"{""m_exploration"": 300000, ""safeguard"": 1, ""conf"": 0.95, ""budget"": 89653333333}"
"U(0.01,0.1), eps=1e-07",0.01,0.1,1e-07,binary,108144560197,find_phi_fixed_budget_binary_search,"{""m_exploration"": 300000, ""safeguard"": 1, ""conf"": 0.95, ""budget"": 108144560197}"
"U(0.01,0.1), eps=1e-07",0.01,0.1,1e-07,binary,130449649394,find_phi_fixed_budget_binary_search,"{""m_exploration"": 300000, ""safeguard"": 1, ""conf"": 0.95, ""budget"": 130449649394}"
"U(0.01,0.1), eps=1e-07",0.01,0.1,1e-07,binary,157355219680,find_phi_fixed_budget_binary_search,"{""m_exploration"": 300000, ""safeguard"": 1, ""conf"": 0.95, ""budget"": 157355219680}"
"U(0.01,0.1), eps=1e-07",0.01,0.1,1e-07,binary,189810131921,find_phi_fixed_budget_binary_search,"{""m_exploration"": 300000, ""safeguard"": 1, ""conf"": 0.95, ""budget"": 189810131921}"
"U(0.01,0.1), eps=1e-07",0.01,0.1,1e-07,binary,228958951938,find_phi_fixed_budget_binary_search,"{""m_exploration"": 300000, ""safeguard"": 1, ""conf"": 0.95, ""budget"": 228958951938}"
"U(0.01,0.1), eps=1e-07",0.01,0.1,1e-07,binary,276182315148,find_phi_fixed_budget_binary_search,"{""m_exploration"": 300000, ""safeguard"": 1, ""conf"": 0.95, ""budget"": 276182315148}"
"U(0.01,0.1), eps=1e-07",0.01,0.1,1e-07,binary,333145616517,find_phi_fixed_budget_binary_search,"{""m_exploration"": 94621, ""safeguard"": 2, ""conf"": 0.95, ""budget"": 333145616517}"
"U(0.01,0.1), eps=1e-07",0.01,0.1,1e-07,binary,401857742938,find_phi_fixed_budget_binary_search,"{""m_exploration"": 300000, ""safeguard"": 2, ""conf"": 0.95, ""budget"": 401857742938}"
"U(0.01,0.1), eps=1e-07",0.01,0.1,1e-07,binary,484741919306,find_phi_fixed_budget_binary_search,"{""m_exploration"": 300000, ""safeguard"": 1, ""conf"": 0.95, ""budget"": 484741919306}"
"U(0.01,0.1), eps=1e-07",0.01,0.1,1e-07,binary,584721166785,find_phi_fixed_budget_binary_search,"{""m_exploration"": 139006, ""safeguard"": 2, ""conf"": 0.95, ""budget"": 584721166785}"
"U(0.01,0.1), eps=1e-07",0.01,0.1,1e-07,binary,705321387051,find_phi_fixed_budget_binary_search,"{""m_exploration"": 300000, ""safeguard"": 1, ""conf"": 0.95, ""budget"": 705321387051}"
"U(0.01,0.1), eps=1e-07",0.01,0.1,1e-07,binary,850795707922,find_phi_fixed_budget_binary_search,"{""m_exploration"": 300000, ""safeguard"": 1, ""conf"": 0.95, ""budget"": 850795707922}"
"U(0.01,0.1), eps=1e-07",0.01,0.1,1e-07,binary,1026274475590,find_phi_fixed_budget_binary_search,"{""m_exploration"": 139006, ""safeguard"": 2, ""conf"": 0.95, ""budget"": 1026274475590}"
"U(0.01,0.1), eps=1e-07",0.01,0.1,1e-07,binary,1237946183132,find_phi_fixed_budget_binary_search,"{""m_exploration"": 300000, ""safeguard"": 1, ""conf"": 0.95, ""budget"": 1237946183132}"
"U(0.01,0.1), eps=1e-07",0.01,0.1,1e-07,binary,1493275715983,find_phi_fixed_budget_binary_search,"{""m_exploration"": 139006, ""safeguard"": 2, ""conf"": 0.95, ""budget"": 1493275715983}"
"U(0.01,0.1), eps=1e-07",0.01,0.1,1e-07,binary,1801267611087,find_phi_fixed_budget_binary_search,"{""m_exploration"": 139006, ""safeguard"": 2, ""conf"": 0.95, ""budget"": 1801267611087}"
"U(0.01,0.1), eps=1e-07",0.01,0.1,1e-07,binary,2172783613919,find_phi_fixed_budget_binary_search,"{""m_exploration"": 139006, ""safeguard"": 2, ""conf"": 0.95, ""budget"": 2172783613919}"
"U(0.01,0.1), eps=1e-07",0.01,0.1,1e-07,binary,2620925732443,find_phi_fixed_budget_binary_search,"{""m_exploration"": 300000, ""safeguard"": 1, ""conf"": 0.9, ""budget"": 2620925732443}"
"U(0.01,0.1), eps=1e-07",0.01,0.1,1e-07,binary,3161498296921,find_phi_fixed_budget_binary_search,"{""m_exploration"": 300000, ""safeguard"": 1, ""conf"": 0.9, ""budget"": 3161498296921}"
"U(0.01,0.1), eps=1e-07",0.01,0.1,1e-07,binary,3813565320723,find_phi_fixed_budget_binary_search,"{""m_exploration"": 20314, ""safeguard"": 2, ""conf"": 0.95, ""budget"": 3813565320723}"
"U(0.01,0.1), eps=1e-07",0.01,0.1,1e-07,binary,4600122818216,find_phi_fixed_budget_binary_search,"{""m_exploration"": 29844, ""safeguard"": 2, ""conf"": 0.95, ""budget"": 4600122818216}"
"U(0.01,0.1), eps=1e-07",0.01,0.1,1e-07,binary,5548909789924,find_phi_fixed_budget_binary_search,"{""m_exploration"": 29844, ""safeguard"": 2, ""conf"": 0.95, ""budget"": 5548909789924}"
"U(0.01,0.1), eps=1e-07",0.01,0.1,1e-07,binary,6693386475420,find_phi_fixed_budget_binary_search,"{""m_exploration"": 20314, ""safeguard"": 2, ""conf"": 0.95, ""budget"": 6693386475420}"
"U(0.01,0.1), eps=1e-07",0.01,0.1,1e-07,binary,8073914373357,find_phi_fixed_budget_binary_search,"{""m_exploration"": 20314, ""safeguard"": 2, ""conf"": 0.95, ""budget"": 8073914373357}"
"U(0.01,0.1), eps=1e-07",0.01,0.1,1e-07,binary,9739179643621,find_phi_fixed_budget_binary_search,"{""m_exploration"": 20314, ""safeguard"": 2, ""conf"": 0.95, ""budget"": 9739179643621}"
"U(0.01,0.1), eps=1e-07",0.01,0.1,1e-07,binary,11747910089773,find_phi_fixed_budget_binary_search,"{""m_exploration"": 6407, ""safeguard"": 2, ""conf"": 0.8, ""budget"": 11747910089773}"
"U(0.01,0.1), eps=1e-07",0.01,0.1,1e-07,binary,14170946273467,find_phi_fixed_budget_binary_search,"{""m_exploration"": 20314, ""safeguard"": 2, ""conf"": 0.65, ""budget"": 14170946273467}"
"U(0.01,0.1), eps=1e-07",0.01,0.1,1e-07,binary,17093739801456,find_phi_fixed_budget_binary_search,"{""m_exploration"": 20314, ""safeguard"": 2, ""conf"": 0.65, ""budget"": 17093739801456}"
"U(0.01,0.1), eps=1e-07",0.01,0.1,1e-07,binary,20619366890621,find_phi_fixed_budget_binary_search,"{""m_exploration"": 20314, ""safeguard"": 2, ""conf"": 0.5, ""budget"": 20619366890621}"
"U(0.01,0.1), eps=1e-07",0.01,0.1,1e-07,binary,24872163488402,find_phi_fixed_budget_binary_search,"{""m_exploration"": 6407, ""safeguard"": 2, ""conf"": 0.5, ""budget"": 24872163488402}"
"U(0.01,0.1), eps=1e-07",0.01,0.1,1e-07,binary,30002110146029,find_phi_fixed_budget_binary_search,"{""m_exploration"": 4361, ""safeguard"": 2, ""conf"": 0.5, ""budget"": 30002110146029}"
"U(0.01,0.1), eps=1e-07",0.01,0.1,1e-07,binary,36190121282944,find_phi_fixed_budget_binary_search,"{""m_exploration"": 1375, ""safeguard"": 2, ""conf"": 0.5, ""budget"": 36190121282944}"
"U(0.01,0.1), eps=1e-07",0.01,0.1,1e-07,binary,43654425375394,find_phi_fixed_budget_binary_search,"{""m_exploration"": 1375, ""safeguard"": 2, ""conf"": 0.5, ""budget"": 43654425375394}"
"U(0.01,0.1), eps=1e-07",0.01,0.1,1e-07,binary,52658261075074,find_phi_fixed_budget_binary_search,"{""m_exploration"": 1375, ""safeguard"": 2, ""conf"": 0.5, ""budget"": 52658261075074}"
"U(0.01,0.1), eps=1e-07",0.01,0.1,1e-07,binary,63519160671706,find_phi_fixed_budget_binary_search,"{""m_exploration"": 1375, ""safeguard"": 2, ""conf"": 0.5, ""budget"": 63519160671706}"
"U(0.01,0.1), eps=1e-07",0.01,0.1,1e-07,binary,76620148293272,find_phi_fixed_budget_binary_search,"{""m_exploration"": 1375, ""safeguard"": 2, ""conf"": 0.5, ""budget"": 76620148293272}"
"U(0.01,0.1), eps=1e-07",0.01,0.1,1e-07,binary,92423247763380,find_phi_fixed_budget_binary_search,"{""m_exploration"": 1375, ""safeguard"": 2, ""conf"": 0.5, ""budget"": 92423247763380}"
"U(0.01,0.1), eps=1e-07",0.01,0.1,1e-07,binary,111485776488390,find_phi_fixed_budget_binary_search,"{""m_exploration"": 1375, ""safeguard"": 2, ""conf"": 0.5, ""budget"": 111485776488390}"
"U(0.01,0.1), eps=1e-07",0.01,0.1,1e-07,binary,134480000000000,find_phi_fixed_budget_binary_search,"{""m_exploration"": 1375, ""safeguard"": 2, ""conf"": 0.5, ""budget"": 134480000000000}"
"U(0.01,0.1), eps=1e-07",0.01,0.1,1e-07,reverse_eng_risk,89653333333,find_phi_fixed_budget_reverse_engineering_risk,"{""m_exploration"": 170399, ""eps_target"": 1e-07, ""budget"": 89653333333}"
"U(0.01,0.1), eps=1e-07",0.01,0.1,1e-07,reverse_eng_risk,108144560197,find_phi_fixed_budget_reverse_engineering_risk,"{""m_exploration"": 170399, ""eps_target"": 1e-07, ""budget"": 108144560197}"
"U(0.01,0.1), eps=1e-07",0.01,0.1,1e-07,reverse_eng_risk,130449649394,find_phi_fixed_budget_reverse_engineering_risk,"{""m_exploration"": 170399, ""eps_target"": 1e-07, ""budget"": 130449649394}"
"U(0.01,0.1), eps=1e-07",0.01,0.1,1e-07,reverse_eng_risk,157355219680,find_phi_fixed_budget_reverse_engineering_risk,"{""m_exploration"": 170399, ""eps_target"": 1e-07, ""budget"": 157355219680}"
"U(0.01,0.1), eps=1e-07",0.01,0.1,1e-07,reverse_eng_risk,189810131921,find_phi_fixed_budget_reverse_engineering_risk,"{""m_exploration"": 170399, ""eps_target"": 1e-07, ""budget"": 189810131921}"
"U(0.01,0.1), eps=1e-07",0.01,0.1,1e-07,reverse_eng_risk,228958951938,find_phi_fixed_budget_reverse_engineering_risk,"{""m_exploration"": 170399, ""eps_target"": 1e-07, ""budget"": 228958951938}"
"U(0.01,0.1), eps=1e-07",0.01,0.1,1e-07,reverse_eng_risk,276182315148,find_phi_fixed_budget_reverse_engineering_risk,"{""m_exploration"": 170399, ""eps_target"": 1e-07, ""budget"": 276182315148}"
"U(0.01,0.1), eps=1e-07",0.01,0.1,1e-07,reverse_eng_risk,333145616517,find_phi_fixed_budget_reverse_engineering_risk,"{""m_exploration"": 170399, ""eps_target"": 1e-07, ""budget"": 333145616517}"
"U(0.01,0.1), eps=1e-07",0.01,0.1,1e-07,reverse_eng_risk,401857742938,find_phi_fixed_budget_reverse_engineering_risk,"{""m_exploration"": 2691, ""eps_target"": 1e-07, ""budget"": 401857742938}"
"U(0.01,0.1), eps=1e-07",0.01,0.1,1e-07,reverse_eng_risk,484741919306,find_phi_fixed_budget_reverse_engineering_risk,"{""m_exploration"": 170399, ""eps_target"": 1e-07, ""budget"": 484741919306}"
"U(0.01,0.1), eps=1e-07",0.01,0.1,1e-07,reverse_eng_risk,584721166785,find_phi_fixed_budget_reverse_engineering_risk,"{""m_exploration"": 141118, ""eps_target"": 1e-07, ""budget"": 584721166785}"
"U(0.01,0.1), eps=1e-07",0.01,0.1,1e-07,reverse_eng_risk,705321387051,find_phi_fixed_budget_reverse_engineering_risk,"{""m_exploration"": 2229, ""eps_target"": 1e-07, ""budget"": 705321387051}"
"U(0.01,0.1), eps=1e-07",0.01,0.1,1e-07,reverse_eng_risk,850795707922,find_phi_fixed_budget_reverse_engineering_risk,"{""m_exploration"": 66381, ""eps_target"": 1e-07, ""budget"": 850795707922}"
"U(0.01,0.1), eps=1e-07",0.01,0.1,1e-07,reverse_eng_risk,1026274475590,find_phi_fixed_budget_reverse_engineering_risk,"{""m_exploration"": 3924, ""eps_target"": 1e-07, ""budget"": 1026274475590}"
"U(0.01,0.1), eps=1e-07",0.01,0.1,1e-07,reverse_eng_risk,1237946183132,find_phi_fixed_budget_reverse_engineering_risk,"{""m_exploration"": 54974, ""eps_target"": 1e-07, ""budget"": 1237946183132}"
"U(0.01,0.1), eps=1e-07",0.01,0.1,1e-07,reverse_eng_risk,1493275715983,find_phi_fixed_budget_reverse_engineering_risk,"{""m_exploration"": 2691, ""eps_target"": 1e-07, ""budget"": 1493275715983}"
"U(0.01,0.1), eps=1e-07",0.01,0.1,1e-07,reverse_eng_risk,1801267611087,find_phi_fixed_budget_reverse_engineering_risk,"{""m_exploration"": 10074, ""eps_target"": 1e-07, ""budget"": 1801267611087}"
"U(0.01,0.1), eps=1e-07",0.01,0.1,1e-07,reverse_eng_risk,2172783613919,find_phi_fixed_budget_reverse_engineering_risk,"{""m_exploration"": 66381, ""eps_target"": 1e-07, ""budget"": 2172783613919}"
"U(0.01,0.1), eps=1e-07",0.01,0.1,1e-07,reverse_eng_risk,2620925732443,find_phi_fixed_budget_reverse_engineering_risk,"{""m_exploration"": 2691, ""eps_target"": 1e-07, ""budget"": 2620925732443}"
"U(0.01,0.1), eps=1e-07",0.01,0.1,1e-07,reverse_eng_risk,3161498296921,find_phi_fixed_budget_reverse_engineering_risk,"{""m_exploration"": 2691, ""eps_target"": 1e-07, ""budget"": 3161498296921}"
"U(0.01,0.1), eps=1e-07",0.01,0.1,1e-07,reverse_eng_risk,3813565320723,find_phi_fixed_budget_reverse_engineering_risk,"{""m_exploration"": 2691, ""eps_target"": 1e-07, ""budget"": 3813565320723}"
"U(0.01,0.1), eps=1e-07",0.01,0.1,1e-07,reverse_eng_risk,4600122818216,find_phi_fixed_budget_reverse_engineering_risk,"{""m_exploration"": 2691, ""eps_target"": 1e-07, ""budget"": 4600122818216}"
"U(0.01,0.1), eps=1e-07",0.01,0.1,1e-07,reverse_eng_risk,5548909789924,find_phi_fixed_budget_reverse_engineering_risk,"{""m_exploration"": 3250, ""eps_target"": 1e-07, ""budget"": 5548909789924}"
"U(0.01,0.1), eps=1e-07",0.01,0.1,1e-07,reverse_eng_risk,6693386475420,find_phi_fixed_budget_reverse_engineering_risk,"{""m_exploration"": 3250, ""eps_target"": 1e-07, ""budget"": 6693386475420}"
"U(0.01,0.1), eps=1e-07",0.01,0.1,1e-07,reverse_eng_risk,8073914373357,find_phi_fixed_budget_reverse_engineering_risk,"{""m_exploration"": 868, ""eps_target"": 1e-07, ""budget"": 8073914373357}"
"U(0.01,0.1), eps=1e-07",0.01,0.1,1e-07,reverse_eng_risk,9739179643621,find_phi_fixed_budget_reverse_engineering_risk,"{""m_exploration"": 3250, ""eps_target"": 1e-07, ""budget"": 9739179643621}"
"U(0.01,0.1), eps=1e-07",0.01,0.1,1e-07,reverse_eng_risk,11747910089773,find_phi_fixed_budget_reverse_engineering_risk,"{""m_exploration"": 3250, ""eps_target"": 1e-07, ""budget"": 11747910089773}"
"U(0.01,0.1), eps=1e-07",0.01,0.1,1e-07,reverse_eng_risk,14170946273467,find_phi_fixed_budget_reverse_engineering_risk,"{""m_exploration"": 1528, ""eps_target"": 1e-07, ""budget"": 14170946273467}"
"U(0.01,0.1), eps=1e-07",0.01,0.1,1e-07,reverse_eng_risk,17093739801456,find_phi_fixed_budget_reverse_engineering_risk,"{""m_exploration"": 90, ""eps_target"": 1e-07, ""budget"": 17093739801456}"
"U(0.01,0.1), eps=1e-07",0.01,0.1,1e-07,reverse_eng_risk,20619366890621,find_phi_fixed_budget_reverse_engineering_risk,"{""m_exploration"": 35, ""eps_target"": 1e-07, ""budget"": 20619366890621}"
"U(0.01,0.1), eps=1e-07",0.01,0.1,1e-07,reverse_eng_risk,24872163488402,find_phi_fixed_budget_reverse_engineering_risk,"{""m_exploration"": 20, ""eps_target"": 1e-07, ""budget"": 24872163488402}"
"U(0.01,0.1), eps=1e-07",0.01,0.1,1e-07,reverse_eng_risk,30002110146029,find_phi_fixed_budget_reverse_engineering_risk,"{""m_exploration"": 20, ""eps_target"": 1e-07, ""budget"": 30002110146029}"
"U(0.01,0.1), eps=1e-07",0.01,0.1,1e-07,reverse_eng_risk,36190121282944,find_phi_fixed_budget_reverse_engineering_risk,"{""m_exploration"": 20, ""eps_target"": 1e-07, ""budget"": 36190121282944}"
"U(0.01,0.1), eps=1e-07",0.01,0.1,1e-07,reverse_eng_risk,43654425375394,find_phi_fixed_budget_reverse_engineering_risk,"{""m_exploration"": 20, ""eps_target"": 1e-07, ""budget"": 43654425375394}"
"U(0.01,0.1), eps=1e-07",0.01,0.1,1e-07,reverse_eng_risk,52658261075074,find_phi_fixed_budget_reverse_engineering_risk,"{""m_exploration"": 20, ""eps_target"": 1e-07, ""budget"": 52658261075074}"
"U(0.01,0.1), eps=1e-07",0.01,0.1,1e-07,reverse_eng_risk,63519160671706,find_phi_fixed_budget_reverse_engineering_risk,"{""m_exploration"": 20, ""eps_target"": 1e-07, ""budget"": 63519160671706}"
"U(0.01,0.1), eps=1e-07",0.01,0.1,1e-07,reverse_eng_risk,76620148293272,find_phi_fixed_budget_reverse_engineering_risk,"{""m_exploration"": 20, ""eps_target"": 1e-07, ""budget"": 76620148293272}"
"U(0.01,0.1), eps=1e-07",0.01,0.1,1e-07,reverse_eng_risk,92423247763380,find_phi_fixed_budget_reverse_engineering_risk,"{""m_exploration"": 20, ""eps_target"": 1e-07, ""budget"": 92423247763380}"
"U(0.01,0.1), eps=1e-07",0.01,0.1,1e-07,reverse_eng_risk,111485776488390,find_phi_fixed_budget_reverse_engineering_risk,"{""m_exploration"": 20, ""eps_target"": 1e-07, ""budget"": 111485776488390}"
"U(0.01,0.1), eps=1e-07",0.01,0.1,1e-07,reverse_eng_risk,134480000000000,find_phi_fixed_budget_reverse_engineering_risk,"{""m_exploration"": 20, ""eps_target"": 1e-07, ""budget"": 134480000000000}"
"U(0.01,0.1), eps=1e-07",0.01,0.1,1e-07,binary_risk,89653333333,find_phi_fixed_budget_binary_search_risk,"{""m_exploration"": 300000, ""conf"": 0.95, ""eps_target"": 1e-07, ""budget"": 89653333333}"
"U(0.01,0.1), eps=1e-07",0.01,0.1,1e-07,binary_risk,108144560197,find_phi_fixed_budget_binary_search_risk,"{""m_exploration"": 300000, ""conf"": 0.95, ""eps_target"": 1e-07, ""budget"": 108144560197}"
"U(0.01,0.1), eps=1e-07",0.01,0.1,1e-07,binary_risk,130449649394,find_phi_fixed_budget_binary_search_risk,"{""m_exploration"": 300000, ""conf"": 0.95, ""eps_target"": 1e-07, ""budget"": 130449649394}"
"U(0.01,0.1), eps=1e-07",0.01,0.1,1e-07,binary_risk,157355219680,find_phi_fixed_budget_binary_search_risk,"{""m_exploration"": 300000, ""conf"": 0.95, ""eps_target"": 1e-07, ""budget"": 157355219680}"
"U(0.01,0.1), eps=1e-07",0.01,0.1,1e-07,binary_risk,189810131921,find_phi_fixed_budget_binary_search_risk,"{""m_exploration"": 300000, ""conf"": 0.9, ""eps_target"": 1e-07, ""budget"": 189810131921}"
"U(0.01,0.1), eps=1e-07",0.01,0.1,1e-07,binary_risk,228958951938,find_phi_fixed_budget_binary_search_risk,"{""m_exploration"": 300000, ""conf"": 0.9, ""eps_target"": 1e-07, ""budget"": 228958951938}"
"U(0.01,0.1), eps=1e-07",0.01,0.1,1e-07,binary_risk,276182315148,find_phi_fixed_budget_binary_search_risk,"{""m_exploration"": 139006, ""conf"": 0.9, ""eps_target"": 1e-07, ""budget"": 276182315148}"
"U(0.01,0.1), eps=1e-07",0.01,0.1,1e-07,binary_risk,333145616517,find_phi_fixed_budget_binary_search_risk,"{""m_exploration"": 94621, ""conf"": 0.95, ""eps_target"": 1e-07, ""budget"": 333145616517}"
"U(0.01,0.1), eps=1e-07",0.01,0.1,1e-07,binary_risk,401857742938,find_phi_fixed_budget_binary_search_risk,"{""m_exploration"": 300000, ""conf"": 0.95, ""eps_target"": 1e-07, ""budget"": 401857742938}"
"U(0.01,0.1), eps=1e-07",0.01,0.1,1e-07,binary_risk,484741919306,find_phi_fixed_budget_binary_search_risk,"{""m_exploration"": 139006, ""conf"": 0.9, ""eps_target"": 1e-07, ""budget"": 484741919306}"
"U(0.01,0.1), eps=1e-07",0.01,0.1,1e-07,binary_risk,584721166785,find_phi_fixed_budget_binary_search_risk,"{""m_exploration"": 139006, ""conf"": 0.95, ""eps_target"": 1e-07, ""budget"": 584721166785}"
"U(0.01,0.1), eps=1e-07",0.01,0.1,1e-07,binary_risk,705321387051,find_phi_fixed_budget_binary_search_risk,"{""m_exploration"": 300000, ""conf"": 0.9, ""eps_target"": 1e-07, ""budget"": 705321387051}"
"U(0.01,0.1), eps=1e-07",0.01,0.1,1e-07,binary_risk,850795707922,find_phi_fixed_budget_binary_search_risk,"{""m_exploration"": 300000, ""conf"": 0.9, ""eps_target"": 1e-07, ""budget"": 850795707922}"
"U(0.01,0.1), eps=1e-07",0.01,0.1,1e-07,binary_risk,1026274475590,find_phi_fixed_budget_binary_search_risk,"{""m_exploration"": 300000, ""conf"": 0.9, ""eps_target"": 1e-07, ""budget"": 1026274475590}"
"U(0.01,0.1), eps=1e-07",0.01,0.1,1e-07,binary_risk,1237946183132,find_phi_fixed_budget_binary_search_risk,"{""m_exploration"": 139006, ""conf"": 0.9, ""eps_target"": 1e-07, ""budget"": 1237946183132}"
"U(0.01,0.1), eps=1e-07",0.01,0.1,1e-07,binary_risk,1493275715983,find_phi_fixed_budget_binary_search_risk,"{""m_exploration"": 139006, ""conf"": 0.9, ""eps_target"": 1e-07, ""budget"": 1493275715983}"
"U(0.01,0.1), eps=1e-07",0.01,0.1,1e-07,binary_risk,1801267611087,find_phi_fixed_budget_binary_search_risk,"{""m_exploration"": 139006, ""conf"": 0.9, ""eps_target"": 1e-07, ""budget"": 1801267611087}"
"U(0.01,0.1), eps=1e-07",0.01,0.1,1e-07,binary_risk,2172783613919,find_phi_fixed_budget_binary_search_risk,"{""m_exploration"": 300000, ""conf"": 0.9, ""eps_target"": 1e-07, ""budget"": 2172783613919}"
"U(0.01,0.1), eps=1e-07",0.01,0.1,1e-07,binary_risk,2620925732443,find_phi_fixed_budget_binary_search_risk,"{""m_exploration"": 300000, ""conf"": 0.9, ""eps_target"": 1e-07, ""budget"": 2620925732443}"
"U(0.01,0.1), eps=1e-07",0.01,0.1,1e-07,binary_risk,3161498296921,find_phi_fixed_budget_binary_search_risk,"{""m_exploration"": 300000, ""conf"": 0.9, ""eps_target"": 1e-07, ""budget"": 3161498296921}"
"U(0.01,0.1), eps=1e-07",0.01,0.1,1e-07,binary_risk,3813565320723,find_phi_fixed_budget_binary_search_risk,"{""m_exploration"": 29844, ""conf"": 0.8, ""eps_target"": 1e-07, ""budget"": 3813565320723}"
"U(0.01,0.1), eps=1e-07",0.01,0.1,1e-07,binary_risk,4600122818216,find_phi_fixed_budget_binary_search_risk,"{""m_exploration"": 29844, ""conf"": 0.65, ""eps_target"": 1e-07, ""budget"": 4600122818216}"
"U(0.01,0.1), eps=1e-07",0.01,0.1,1e-07,binary_risk,5548909789924,find_phi_fixed_budget_binary_search_risk,"{""m_exploration"": 29844, ""conf"": 0.9, ""eps_target"": 1e-07, ""budget"": 5548909789924}"
"U(0.01,0.1), eps=1e-07",0.01,0.1,1e-07,binary_risk,6693386475420,find_phi_fixed_budget_binary_search_risk,"{""m_exploration"": 20314, ""conf"": 0.9, ""eps_target"": 1e-07, ""budget"": 6693386475420}"
"U(0.01,0.1), eps=1e-07",0.01,0.1,1e-07,binary_risk,8073914373357,find_phi_fixed_budget_binary_search_risk,"{""m_exploration"": 2968, ""conf"": 0.5, ""eps_target"": 1e-07, ""budget"": 8073914373357}"
"U(0.01,0.1), eps=1e-07",0.01,0.1,1e-07,binary_risk,9739179643621,find_phi_fixed_budget_binary_search_risk,"{""m_exploration"": 20314, ""conf"": 0.5, ""eps_target"": 1e-07, ""budget"": 9739179643621}"
"U(0.01,0.1), eps=1e-07",0.01,0.1,1e-07,binary_risk,11747910089773,find_phi_fixed_budget_binary_search_risk,"{""m_exploration"": 20314, ""conf"": 0.5, ""eps_target"": 1e-07, ""budget"": 11747910089773}"
"U(0.01,0.1), eps=1e-07",0.01,0.1,1e-07,binary_risk,14170946273467,find_phi_fixed_budget_binary_search_risk,"{""m_exploration"": 4361, ""conf"": 0.5, ""eps_target"": 1e-07, ""budget"": 14170946273467}"
"U(0.01,0.1), eps=1e-07",0.01,0.1,1e-07,binary_risk,17093739801456,find_phi_fixed_budget_binary_search_risk,"{""m_exploration"": 201, ""conf"": 0.5, ""eps_target"": 1e-07, ""budget"": 17093739801456}"
"U(0.01,0.1), eps=1e-07",0.01,0.1,1e-07,binary_risk,20619366890621,find_phi_fixed_budget_binary_search_risk,"{""m_exploration"": 93, ""conf"": 0.5, ""eps_target"": 1e-07, ""budget"": 20619366890621}"
"U(0.01,0.1), eps=1e-07",0.01,0.1,1e-07,binary_risk,24872163488402,find_phi_fixed_budget_binary_search_risk,"{""m_exploration"": 93, ""conf"": 0.5, ""eps_target"": 1e-07, ""budget"": 24872163488402}"
"U(0.01,0.1), eps=1e-07",0.01,0.1,1e-07,binary_risk,30002110146029,find_phi_fixed_budget_binary_search_risk,"{""m_exploration"": 43, ""conf"": 0.5, ""eps_target"": 1e-07, ""budget"": 30002110146029}"
"U(0.01,0.1), eps=1e-07",0.01,0.1,1e-07,binary_risk,36190121282944,find_phi_fixed_budget_binary_search_risk,"{""m_exploration"": 43, ""conf"": 0.5, ""eps_target"": 1e-07, ""budget"": 36190121282944}"
"U(0.01,0.1), eps=1e-07",0.01,0.1,1e-07,binary_risk,43654425375394,find_phi_fixed_budget_binary_search_risk,"{""m_exploration"": 43, ""conf"": 0.5, ""eps_target"": 1e-07, ""budget"": 43654425375394}"
"U(0.01,0.1), eps=1e-07",0.01,0.1,1e-07,binary_risk,52658261075074,find_phi_fixed_budget_binary_search_risk,"{""m_exploration"": 20, ""conf"": 0.5, ""eps_target"": 1e-07, ""budget"": 52658261075074}"
"U(0.01,0.1), eps=1e-07",0.01,0.1,1e-07,binary_risk,63519160671706,find_phi_fixed_budget_binary_search_risk,"{""m_exploration"": 20, ""conf"": 0.5, ""eps_target"": 1e-07, ""budget"": 63519160671706}"
"U(0.01,0.1), eps=1e-07",0.01,0.1,1e-07,binary_risk,76620148293272,find_phi_fixed_budget_binary_search_risk,"{""m_exploration"": 20, ""conf"": 0.5, ""eps_target"": 1e-07, ""budget"": 76620148293272}"
"U(0.01,0.1), eps=1e-07",0.01,0.1,1e-07,binary_risk,92423247763380,find_phi_fixed_budget_binary_search_risk,"{""m_exploration"": 20, ""conf"": 0.5, ""eps_target"": 1e-07, ""budget"": 92423247763380}"
"U(0.01,0.1), eps=1e-07",0.01,0.1,1e-07,binary_risk,111485776488390,find_phi_fixed_budget_binary_search_risk,"{""m_exploration"": 20, ""conf"": 0.5, ""eps_target"": 1e-07, ""budget"": 111485776488390}"
"U(0.01,0.1), eps=1e-07",0.01,0.1,1e-07,binary_risk,134480000000000,find_phi_fixed_budget_binary_search_risk,"{""m_exploration"": 20, ""conf"": 0.5, ""eps_target"": 1e-07, ""budget"": 134480000000000}"
"U(0.001,0.01), eps=1e-07",0.001,0.01,1e-07,linear,8565605095,find_phi_fixed_budget_linear_search,"{""m_exploration"": 1084, ""lookback_window"": 5, ""safeguard"": 3, ""inc"": 5, ""budget"": 8565605095}"
"U(0.001,0.01), eps=1e-07",0.001,0.01,1e-07,linear,10332282821,find_phi_fixed_budget_linear_search,"{""m_exploration"": 1084, ""lookback_window"": 5, ""safeguard"": 1, ""inc"": 5, ""budget"": 10332282821}"
"U(0.001,0.01), eps=1e-07",0.001,0.01,1e-07,linear,12463342298,find_phi_fixed_budget_linear_search,"{""m_exploration"": 1084, ""lookback_window"": 5, ""safeguard"": 3, ""inc"": 5, ""budget"": 12463342298}"
"U(0.001,0.01), eps=1e-07",0.001,0.01,1e-07,linear,15033938186,find_phi_fixed_budget_linear_search,"{""m_exploration"": 1084, ""lookback_window"": 5, ""safeguard"": 1, ""inc"": 5, ""budget"": 15033938186}"
"U(0.001,0.01), eps=1e-07",0.001,0.01,1e-07,linear,18134725979,find_phi_fixed_budget_linear_search,"{""m_exploration"": 1084, ""lookback_window"": 5, ""safeguard"": 3, ""inc"": 5, ""budget"": 18134725979}"
"U(0.001,0.01), eps=1e-07",0.001,0.01,1e-07,linear,21875059102,find_phi_fixed_budget_linear_search,"{""m_exploration"": 1084, ""lookback_window"": 5, ""safeguard"": 3, ""inc"": 5, ""budget"": 21875059102}"
"U(0.001,0.01), eps=1e-07",0.001,0.01,1e-07,linear,26386845396,find_phi_fixed_budget_linear_search,"{""m_exploration"": 12071, ""lookback_window"": 5, ""safeguard"": 3, ""inc"": 5, ""budget"": 26386845396}"
"U(0.001,0.01), eps=1e-07",0.001,0.01,1e-07,linear,31829199030,find_phi_fixed_budget_linear_search,"{""m_exploration"": 1084, ""lookback_window"": 5, ""safeguard"": 3, ""inc"": 5, ""budget"": 31829199030}"
"U(0.001,0.01), eps=1e-07",0.001,0.01,1e-07,linear,38394051873,find_phi_fixed_budget_linear_search,"{""m_exploration"": 1084, ""lookback_window"": 5, ""safeguard"": 2, ""inc"": 5, ""budget"": 38394051873}"
"U(0.001,0.01), eps=1e-07",0.001,0.01,1e-07,linear,46312922226,find_phi_fixed_budget_linear_search,"{""m_exploration"": 1084, ""lookback_window"": 5, ""safeguard"": 3, ""inc"": 5, ""budget"": 46312922226}"
"U(0.001,0.01), eps=1e-07",0.001,0.01,1e-07,linear,55865079629,find_phi_fixed_budget_linear_search,"{""m_exploration"": 1084, ""lookback_window"": 5, ""safeguard"": 3, ""inc"": 5, ""budget"": 55865079629}"
"U(0.001,0.01), eps=1e-07",0.001,0.01,1e-07,linear,67387393667,find_phi_fixed_budget_linear_search,"{""m_exploration"": 1084, ""lookback_window"": 5, ""safeguard"": 2, ""inc"": 5, ""budget"": 67387393667}"
"U(0.001,0.01), eps=1e-07",0.001,0.01,1e-07,linear,81286214132,find_phi_fixed_budget_linear_search,"{""m_exploration"": 7066, ""lookback_window"": 5, ""safeguard"": 1, ""inc"": 5, ""budget"": 81286214132}"
"U(0.001,0.01), eps=1e-07",0.001,0.01,1e-07,linear,98051701489,find_phi_fixed_budget_linear_search,"{""m_exploration"": 7066, ""lookback_window"": 5, ""safeguard"": 1, ""inc"": 5, ""budget"": 98051701489}"
"U(0.001,0.01), eps=1e-07",0.001,0.01,1e-07,linear,118275113038,find_phi_fixed_budget_linear_search,"{""m_exploration"": 3165, ""lookback_window"": 5, ""safeguard"": 2, ""inc"": 5, ""budget"": 118275113038}"
"U(0.001,0.01), eps=1e-07",0.001,0.01,1e-07,linear,142669654393,find_phi_fixed_budget_linear_search,"{""m_exploration"": 3165, ""lookback_window"": 5, ""safeguard"": 2, ""inc"": 5, ""budget"": 142669654393}"
"U(0.001,0.01), eps=1e-07",0.001,0.01,1e-07,linear,172095631632,find_phi_fixed_budget_linear_search,"{""m_exploration"": 3165, ""lookback_window"": 5, ""safeguard"": 3, ""inc"": 5, ""budget"": 172095631632}"
"U(0.001,0.01), eps=1e-07",0.001,0.01,1e-07,linear,207590791138,find_phi_fixed_budget_linear_search,"{""m_exploration"": 3165, ""lookback_window"": 5, ""safeguard"": 2, ""inc"": 5, ""budget"": 207590791138}"
"U(0.001,0.01), eps=1e-07",0.001,0.01,1e-07,linear,250406917112,find_phi_fixed_budget_linear_search,"{""m_exploration"": 3165, ""lookback_window"": 5, ""safeguard"": 2, ""inc"": 5, ""budget"": 250406917112}"
"U(0.001,0.01), eps=1e-07",0.001,0.01,1e-07,linear,302053977412,find_phi_fixed_budget_linear_search,"{""m_exploration"": 3165, ""lookback_window"": 5, ""safeguard"": 2, ""inc"": 5, ""budget"": 302053977412}"
"U(0.001,0.01), eps=1e-07",0.001,0.01,1e-07,linear,364353374591,find_phi_fixed_budget_linear_search,"{""m_exploration"": 2421, ""lookback_window"": 5, ""safeguard"": 3, ""inc"": 5, ""budget"": 364353374591}"
"U(0.001,0.01), eps=1e-07",0.001,0.01,1e-07,linear,439502180084,find_phi_fixed_budget_linear_search,"{""m_exploration"": 2421, ""lookback_window"": 5, ""safeguard"": 3, ""inc"": 5, ""budget"": 439502180084}"
"U(0.001,0.01), eps=1e-07",0.001,0.01,1e-07,linear,530150616871,find_phi_fixed_budget_linear_search,"{""m_exploration"": 3165, ""lookback_window"": 5, ""safeguard"": 2, ""inc"": 5, ""budget"": 530150616871}"
"U(0.001,0.01), eps=1e-07",0.001,0.01,1e-07,linear,639495523129,find_phi_fixed_budget_linear_search,"{""m_exploration"": 2421, ""lookback_window"": 5, ""safeguard"": 3, ""inc"": 5, ""budget"": 639495523129}"
"U(0.001,0.01), eps=1e-07",0.001,0.01,1e-07,linear,771393092995,find_phi_fixed_budget_linear_search,"{""m_exploration"": 3165, ""lookback_window"": 5, ""safeguard"": 2, ""inc"": 5, ""budget"": 771393092995}"
"U(0.001,0.01), eps=1e-07",0.001,0.01,1e-07,linear,930494870409,find_phi_fixed_budget_linear_search,"{""m_exploration"": 166, ""lookback_window"": 5, ""safeguard"": 5, ""inc"": 2, ""budget"": 930494870409}"
"U(0.001,0.01), eps=1e-07",0.001,0.01,1e-07,linear,1122411792016,find_phi_fixed_budget_linear_search,"{""m_exploration"": 74, ""lookback_window"": 5, ""safeguard"": 5, ""inc"": 1, ""budget"": 1122411792016}"
"U(0.001,0.01), eps=1e-07",0.001,0.01,1e-07,linear,1353912064344,find_phi_fixed_budget_linear_search,"{""m_exploration"": 829, ""lookback_window"": 3, ""safeguard"": 3, ""inc"": 5, ""budget"": 1353912064344}"
"U(0.001,0.01), eps=1e-07",0.001,0.01,1e-07,linear,1633159853642,find_phi_fixed_budget_linear_search,"{""m_exploration"": 97, ""lookback_window"": 2, ""safeguard"": 5, ""inc"": 5, ""budget"": 1633159853642}"
"U(0.001,0.01), eps=1e-07",0.001,0.01,1e-07,linear,1970003206110,find_phi_fixed_budget_linear_search,"{""m_exploration"": 3, ""lookback_window"": 1, ""safeguard"": 1, ""inc"": 1, ""budget"": 1970003206110}"
"U(0.001,0.01), eps=1e-07",0.001,0.01,1e-07,linear,2376321352395,find_phi_fixed_budget_linear_search,"{""m_exploration"": 3, ""lookback_window"": 1, ""safeguard"": 1, ""inc"": 1, ""budget"": 2376321352395}"
"U(0.001,0.01), eps=1e-07",0.001,0.01,1e-07,linear,2866443644525,find_phi_fixed_budget_linear_search,"{""m_exploration"": 3, ""lookback_window"": 1, ""safeguard"": 1, ""inc"": 1, ""budget"": 2866443644525}"
"U(0.001,0.01), eps=1e-07",0.001,0.01,1e-07,linear,3457654899644,find_phi_fixed_budget_linear_search,"{""m_exploration"": 3, ""lookback_window"": 1, ""safeguard"": 1, ""inc"": 1, ""budget"": 3457654899644}"
"U(0.001,0.01), eps=1e-07",0.001,0.01,1e-07,linear,4170804972171,find_phi_fixed_budget_linear_search,"{""m_exploration"": 3, ""lookback_window"": 1, ""safeguard"": 1, ""inc"": 1, ""budget"": 4170804972171}"
"U(0.001,0.01), eps=1e-07",0.001,0.01,1e-07,linear,5031044051758,find_phi_fixed_budget_linear_search,"{""m_exploration"": 3, ""lookback_window"": 1, ""safeguard"": 1, ""inc"": 1, ""budget"": 5031044051758}"
"U(0.001,0.01), eps=1e-07",0.001,0.01,1e-07,linear,6068709618315,find_phi_fixed_budget_linear_search,"{""m_exploration"": 3, ""lookback_window"": 1, ""safeguard"": 1, ""inc"": 1, ""budget"": 6068709618315}"
"U(0.001,0.01), eps=1e-07",0.001,0.01,1e-07,linear,7320396333752,find_phi_fixed_budget_linear_search,"{""m_exploration"": 3, ""lookback_window"": 1, ""safeguard"": 1, ""inc"": 1, ""budget"": 7320396333752}"
"U(0.001,0.01), eps=1e-07",0.001,0.01,1e-07,linear,8830246601596,find_phi_fixed_budget_linear_search,"{""m_exploration"": 3, ""lookback_window"": 1, ""safeguard"": 1, ""inc"": 1, ""budget"": 8830246601596}"
"U(0.001,0.01), eps=1e-07",0.001,0.01,1e-07,linear,10651507307808,find_phi_fixed_budget_linear_search,"{""m_exploration"": 3, ""lookback_window"": 1, ""safeguard"": 1, ""inc"": 1, ""budget"": 10651507307808}"
"U(0.001,0.01), eps=1e-07",0.001,0.01,1e-07,linear,12848407643312,find_phi_fixed_budget_linear_search,"{""m_exploration"": 3, ""lookback_window"": 1, ""safeguard"": 1, ""inc"": 1, ""budget"": 12848407643312}"
"U(0.001,0.01), eps=1e-07",0.001,0.01,1e-07,reverse_eng,8565605095,find_phi_fixed_budget_reverse_engineering,"{""m_exploration"": 141118, ""safeguard"": 0.975, ""budget"": 8565605095}"
"U(0.001,0.01), eps=1e-07",0.001,0.01,1e-07,reverse_eng,10332282821,find_phi_fixed_budget_reverse_engineering,"{""m_exploration"": 141118, ""safeguard"": 0.975, ""budget"": 10332282821}"
"U(0.001,0.01), eps=1e-07",0.001,0.01,1e-07,reverse_eng,12463342298,find_phi_fixed_budget_reverse_engineering,"{""m_exploration"": 116869, ""safeguard"": 0.975, ""budget"": 12463342298}"
"U(0.001,0.01), eps=1e-07",0.001,0.01,1e-07,reverse_eng,15033938186,find_phi_fixed_budget_reverse_engineering,"{""m_exploration"": 141118, ""safeguard"": 0.975, ""budget"": 15033938186}"
"U(0.001,0.01), eps=1e-07",0.001,0.01,1e-07,reverse_eng,18134725979,find_phi_fixed_budget_reverse_engineering,"{""m_exploration"": 96786, ""safeguard"": 0.975, ""budget"": 18134725979}"
"U(0.001,0.01), eps=1e-07",0.001,0.01,1e-07,reverse_eng,21875059102,find_phi_fixed_budget_reverse_engineering,"{""m_exploration"": 96786, ""safeguard"": 0.975, ""budget"": 21875059102}"
"U(0.001,0.01), eps=1e-07",0.001,0.01,1e-07,reverse_eng,26386845396,find_phi_fixed_budget_reverse_engineering,"{""m_exploration"": 17736, ""safeguard"": 0.95, ""budget"": 26386845396}"
"U(0.001,0.01), eps=1e-07",0.001,0.01,1e-07,reverse_eng,31829199030,find_phi_fixed_budget_reverse_engineering,"{""m_exploration"": 17736, ""safeguard"": 0.95, ""budget"": 31829199030}"
"U(0.001,0.01), eps=1e-07",0.001,0.01,1e-07,reverse_eng,38394051873,find_phi_fixed_budget_reverse_engineering,"{""m_exploration"": 17736, ""safeguard"": 0.95, ""budget"": 38394051873}"
"U(0.001,0.01), eps=1e-07",0.001,0.01,1e-07,reverse_eng,46312922226,find_phi_fixed_budget_reverse_engineering,"{""m_exploration"": 116869, ""safeguard"": 0.975, ""budget"": 46312922226}"
"U(0.001,0.01), eps=1e-07",0.001,0.01,1e-07,reverse_eng,55865079629,find_phi_fixed_budget_reverse_engineering,"{""m_exploration"": 17736, ""safeguard"": 0.95, ""budget"": 55865079629}"
"U(0.001,0.01), eps=1e-07",0.001,0.01,1e-07,reverse_eng,67387393667,find_phi_fixed_budget_reverse_engineering,"{""m_exploration"": 17736, ""safeguard"": 0.975, ""budget"": 67387393667}"
"U(0.001,0.01), eps=1e-07",0.001,0.01,1e-07,reverse_eng,81286214132,find_phi_fixed_budget_reverse_engineering,"{""m_exploration"": 96786, ""safeguard"": 0.975, ""budget"": 81286214132}"
"U(0.001,0.01), eps=1e-07",0.001,0.01,1e-07,reverse_eng,98051701489,find_phi_fixed_budget_reverse_engineering,"{""m_exploration"": 17736, ""safeguard"": 0.975, ""budget"": 98051701489}"
"U(0.001,0.01), eps=1e-07",0.001,0.01,1e-07,reverse_eng,118275113038,find_phi_fixed_budget_reverse_engineering,"{""m_exploration"": 17736, ""safeguard"": 0.975, ""budget"": 118275113038}"
"U(0.001,0.01), eps=1e-07",0.001,0.01,1e-07,reverse_eng,142669654393,find_phi_fixed_budget_reverse_engineering,"{""m_exploration"": 17736, ""safeguard"": 0.95, ""budget"": 142669654393}"
"U(0.001,0.01), eps=1e-07",0.001,0.01,1e-07,reverse_eng,172095631632,find_phi_fixed_budget_reverse_engineering,"{""m_exploration"": 80155, ""safeguard"": 0.975, ""budget"": 172095631632}"
"U(0.001,0.01), eps=1e-07",0.001,0.01,1e-07,reverse_eng,207590791138,find_phi_fixed_budget_reverse_engineering,"{""m_exploration"": 80155, ""safeguard"": 0.975, ""budget"": 207590791138}"
"U(0.001,0.01), eps=1e-07",0.001,0.01,1e-07,reverse_eng,250406917112,find_phi_fixed_budget_reverse_engineering,"{""m_exploration"": 80155, ""safeguard"": 0.975, ""budget"": 250406917112}"
"U(0.001,0.01), eps=1e-07",0.001,0.01,1e-07,reverse_eng,302053977412,find_phi_fixed_budget_reverse_engineering,"{""m_exploration"": 14688, ""safeguard"": 0.95, ""budget"": 302053977412}"
"U(0.001,0.01), eps=1e-07",0.001,0.01,1e-07,reverse_eng,364353374591,find_phi_fixed_budget_reverse_engineering,"{""m_exploration"": 14688, ""safeguard"": 0.95, ""budget"": 364353374591}"
"U(0.001,0.01), eps=1e-07",0.001,0.01,1e-07,reverse_eng,439502180084,find_phi_fixed_budget_reverse_engineering,"{""m_exploration"": 21416, ""safeguard"": 0.95, ""budget"": 439502180084}"
"U(0.001,0.01), eps=1e-07",0.001,0.01,1e-07,reverse_eng,530150616871,find_phi_fixed_budget_reverse_engineering,"{""m_exploration"": 96786, ""safeguard"": 0.975, ""budget"": 530150616871}"
"U(0.001,0.01), eps=1e-07",0.001,0.01,1e-07,reverse_eng,639495523129,find_phi_fixed_budget_reverse_engineering,"{""m_exploration"": 17736, ""safeguard"": 0.95, ""budget"": 639495523129}"
"U(0.001,0.01), eps=1e-07",0.001,0.01,1e-07,reverse_eng,771393092995,find_phi_fixed_budget_reverse_engineering,"{""m_exploration"": 31225, ""safeguard"": 0.95, ""budget"": 771393092995}"
"U(0.001,0.01), eps=1e-07",0.001,0.01,1e-07,reverse_eng,930494870409,find_phi_fixed_budget_reverse_engineering,"{""m_exploration"": 31225, ""safeguard"": 0.95, ""budget"": 930494870409}"
"U(0.001,0.01), eps=1e-07",0.001,0.01,1e-07,reverse_eng,1122411792016,find_phi_fixed_budget_reverse_engineering,"{""m_exploration"": 80155, ""safeguard"": 0.975, ""budget"": 1122411792016}"
"U(0.001,0.01), eps=1e-07",0.001,0.01,1e-07,reverse_eng,1353912064344,find_phi_fixed_budget_reverse_engineering,"{""m_exploration"": 80155, ""safeguard"": 0.975, ""budget"": 1353912064344}"
"U(0.001,0.01), eps=1e-07",0.001,0.01,1e-07,reverse_eng,1633159853642,find_phi_fixed_budget_reverse_engineering,"{""m_exploration"": 5722, ""safeguard"": 0.85, ""budget"": 1633159853642}"
"U(0.001,0.01), eps=1e-07",0.001,0.01,1e-07,reverse_eng,1970003206110,find_phi_fixed_budget_reverse_engineering,"{""m_exploration"": 1266, ""safeguard"": 0.8, ""budget"": 1970003206110}"
"U(0.001,0.01), eps=1e-07",0.001,0.01,1e-07,reverse_eng,2376321352395,find_phi_fixed_budget_reverse_engineering,"{""m_exploration"": 1266, ""safeguard"": 0.8, ""budget"": 2376321352395}"
"U(0.001,0.01), eps=1e-07",0.001,0.01,1e-07,reverse_eng,2866443644525,find_phi_fixed_budget_reverse_engineering,"{""m_exploration"": 1266, ""safeguard"": 0.8, ""budget"": 2866443644525}"
"U(0.001,0.01), eps=1e-07",0.001,0.01,1e-07,reverse_eng,3457654899644,find_phi_fixed_budget_reverse_engineering,"{""m_exploration"": 1266, ""safeguard"": 0.8, ""budget"": 3457654899644}"
"U(0.001,0.01), eps=1e-07",0.001,0.01,1e-07,reverse_eng,4170804972171,find_phi_fixed_budget_reverse_engineering,"{""m_exploration"": 1266, ""safeguard"": 0.8, ""budget"": 4170804972171}"
"U(0.001,0.01), eps=1e-07",0.001,0.01,1e-07,reverse_eng,5031044051758,find_phi_fixed_budget_reverse_engineering,"{""m_exploration"": 1266, ""safeguard"": 0.8, ""budget"": 5031044051758}"
"U(0.001,0.01), eps=1e-07",0.001,0.01,1e-07,reverse_eng,6068709618315,find_phi_fixed_budget_reverse_engineering,"{""m_exploration"": 1266, ""safeguard"": 0.8, ""budget"": 6068709618315}"
"U(0.001,0.01), eps=1e-07",0.001,0.01,1e-07,reverse_eng,7320396333752,find_phi_fixed_budget_reverse_engineering,"{""m_exploration"": 1266, ""safeguard"": 0.8, ""budget"": 7320396333752}"
"U(0.001,0.01), eps=1e-07",0.001,0.01,1e-07,reverse_eng,8830246601596,find_phi_fixed_budget_reverse_engineering,"{""m_exploration"": 1266, ""safeguard"": 0.8, ""budget"": 8830246601596}"
"U(0.001,0.01), eps=1e-07",0.001,0.01,1e-07,reverse_eng,10651507307808,find_phi_fixed_budget_reverse_engineering,"{""m_exploration"": 1266, ""safeguard"": 0.8, ""budget"": 10651507307808}"
"U(0.001,0.01), eps=1e-07",0.001,0.01,1e-07,reverse_eng,12848407643312,find_phi_fixed_budget_reverse_engineering,"{""m_exploration"": 1266, ""safeguard"": 0.8, ""budget"": 12848407643312}"
"U(0.001,0.01), eps=1e-07",0.001,0.01,1e-07,binary,8565605095,find_phi_fixed_budget_binary_search,"{""m_exploration"": 20314, ""safeguard"": 2, ""conf"": 0.8, ""budget"": 8565605095}"
"U(0.001,0.01), eps=1e-07",0.001,0.01,1e-07,binary,10332282821,find_phi_fixed_budget_binary_search,"{""m_exploration"": 20314, ""safeguard"": 2, ""conf"": 0.8, ""budget"": 10332282821}"
"U(0.001,0.01), eps=1e-07",0.001,0.01,1e-07,binary,12463342298,find_phi_fixed_budget_binary_search,"{""m_exploration"": 13828, ""safeguard"": 2, ""conf"": 0.8, ""budget"": 12463342298}"
"U(0.001,0.01), eps=1e-07",0.001,0.01,1e-07,binary,15033938186,find_phi_fixed_budget_binary_search,"{""m_exploration"": 13828, ""safeguard"": 2, ""conf"": 0.8, ""budget"": 15033938186}"
"U(0.001,0.01), eps=1e-07",0.001,0.01,1e-07,binary,18134725979,find_phi_fixed_budget_binary_search,"{""m_exploration"": 13828, ""safeguard"": 2, ""conf"": 0.8, ""budget"": 18134725979}"
"U(0.001,0.01), eps=1e-07",0.001,0.01,1e-07,binary,21875059102,find_phi_fixed_budget_binary_search,"{""m_exploration"": 94621, ""safeguard"": 2, ""conf"": 0.95, ""budget"": 21875059102}"
"U(0.001,0.01), eps=1e-07",0.001,0.01,1e-07,binary,26386845396,find_phi_fixed_budget_binary_search,"{""m_exploration"": 300000, ""safeguard"": 2, ""conf"": 0.9, ""budget"": 26386845396}"
"U(0.001,0.01), eps=1e-07",0.001,0.01,1e-07,binary,31829199030,find_phi_fixed_budget_binary_search,"{""m_exploration"": 94621, ""safeguard"": 2, ""conf"": 0.95, ""budget"": 31829199030}"
"U(0.001,0.01), eps=1e-07",0.001,0.01,1e-07,binary,38394051873,find_phi_fixed_budget_binary_search,"{""m_exploration"": 94621, ""safeguard"": 2, ""conf"": 0.95, ""budget"": 38394051873}"
"U(0.001,0.01), eps=1e-07",0.001,0.01,1e-07,binary,46312922226,find_phi_fixed_budget_binary_search,"{""m_exploration"": 204210, ""safeguard"": 2, ""conf"": 0.95, ""budget"": 46312922226}"
"U(0.001,0.01), eps=1e-07",0.001,0.01,1e-07,binary,55865079629,find_phi_fixed_budget_binary_search,"{""m_exploration"": 204210, ""safeguard"": 2, ""conf"": 0.95, ""budget"": 55865079629}"
"U(0.001,0.01), eps=1e-07",0.001,0.01,1e-07,binary,67387393667,find_phi_fixed_budget_binary_search,"{""m_exploration"": 204210, ""safeguard"": 2, ""conf"": 0.95, ""budget"": 67387393667}"
"U(0.001,0.01), eps=1e-07",0.001,0.01,1e-07,binary,81286214132,find_phi_fixed_budget_binary_search,"{""m_exploration"": 204210, ""safeguard"": 2, ""conf"": 0.95, ""budget"": 81286214132}"
"U(0.001,0.01), eps=1e-07",0.001,0.01,1e-07,binary,98051701489,find_phi_fixed_budget_binary_search,"{""m_exploration"": 300000, ""safeguard"": 2, ""conf"": 0.95, ""budget"": 98051701489}"
"U(0.001,0.01), eps=1e-07",0.001,0.01,1e-07,binary,118275113038,find_phi_fixed_budget_binary_search,"{""m_exploration"": 204210, ""safeguard"": 2, ""conf"": 0.95, ""budget"": 118275113038}"
"U(0.001,0.01), eps=1e-07",0.001,0.01,1e-07,binary,142669654393,find_phi_fixed_budget_binary_search,"{""m_exploration"": 300000, ""safeguard"": 2, ""conf"": 0.95, ""budget"": 142669654393}"
"U(0.001,0.01), eps=1e-07",0.001,0.01,1e-07,binary,172095631632,find_phi_fixed_budget_binary_search,"{""m_exploration"": 300000, ""safeguard"": 2, ""conf"": 0.95, ""budget"": 172095631632}"
"U(0.001,0.01), eps=1e-07",0.001,0.01,1e-07,binary,207590791138,find_phi_fixed_budget_binary_search,"{""m_exploration"": 300000, ""safeguard"": 2, ""conf"": 0.95, ""budget"": 207590791138}"
"U(0.001,0.01), eps=1e-07",0.001,0.01,1e-07,binary,250406917112,find_phi_fixed_budget_binary_search,"{""m_exploration"": 300000, ""safeguard"": 2, ""conf"": 0.95, ""budget"": 250406917112}"
"U(0.001,0.01), eps=1e-07",0.001,0.01,1e-07,binary,302053977412,find_phi_fixed_budget_binary_search,"{""m_exploration"": 300000, ""safeguard"": 2, ""conf"": 0.95, ""budget"": 302053977412}"
"U(0.001,0.01), eps=1e-07",0.001,0.01,1e-07,binary,364353374591,find_phi_fixed_budget_binary_search,"{""m_exploration"": 300000, ""safeguard"": 2, ""conf"": 0.95, ""budget"": 364353374591}"
"U(0.001,0.01), eps=1e-07",0.001,0.01,1e-07,binary,439502180084,find_phi_fixed_budget_binary_search,"{""m_exploration"": 300000, ""safeguard"": 2, ""conf"": 0.95, ""budget"": 439502180084}"
"U(0.001,0.01), eps=1e-07",0.001,0.01,1e-07,binary,530150616871,find_phi_fixed_budget_binary_search,"{""m_exploration"": 300000, ""safeguard"": 2, ""conf"": 0.95, ""budget"": 530150616871}"
"U(0.001,0.01), eps=1e-07",0.001,0.01,1e-07,binary,639495523129,find_phi_fixed_budget_binary_search,"{""m_exploration"": 300000, ""safeguard"": 2, ""conf"": 0.95, ""budget"": 639495523129}"
"U(0.001,0.01), eps=1e-07",0.001,0.01,1e-07,binary,771393092995,find_phi_fixed_budget_binary_search,"{""m_exploration"": 29844, ""safeguard"": 2, ""conf"": 0.65, ""budget"": 771393092995}"
"U(0.001,0.01), eps=1e-07",0.001,0.01,1e-07,binary,930494870409,find_phi_fixed_budget_binary_search,"{""m_exploration"": 29844, ""safeguard"": 2, ""conf"": 0.65, ""budget"": 930494870409}"
"U(0.001,0.01), eps=1e-07",0.001,0.01,1e-07,binary,1122411792016,find_phi_fixed_budget_binary_search,"{""m_exploration"": 139006, ""safeguard"": 2, ""conf"": 0.8, ""budget"": 1122411792016}"
"U(0.001,0.01), eps=1e-07",0.001,0.01,1e-07,binary,1353912064344,find_phi_fixed_budget_binary_search,"{""m_exploration"": 300000, ""safeguard"": 2, ""conf"": 0.65, ""budget"": 1353912064344}"
"U(0.001,0.01), eps=1e-07",0.001,0.01,1e-07,binary,1633159853642,find_phi_fixed_budget_binary_search,"{""m_exploration"": 300000, ""safeguard"": 2, ""conf"": 0.5, ""budget"": 1633159853642}"
"U(0.001,0.01), eps=1e-07",0.001,0.01,1e-07,binary,1970003206110,find_phi_fixed_budget_binary_search,"{""m_exploration"": 94621, ""safeguard"": 2, ""conf"": 0.5, ""budget"": 1970003206110}"
"U(0.001,0.01), eps=1e-07",0.001,0.01,1e-07,binary,2376321352395,find_phi_fixed_budget_binary_search,"{""m_exploration"": 94621, ""safeguard"": 2, ""conf"": 0.5, ""budget"": 2376321352395}"
"U(0.001,0.01), eps=1e-07",0.001,0.01,1e-07,binary,2866443644525,find_phi_fixed_budget_binary_search,"{""m_exploration"": 94621, ""safeguard"": 2, ""conf"": 0.5, ""budget"": 2866443644525}"
"U(0.001,0.01), eps=1e-07",0.001,0.01,1e-07,binary,3457654899644,find_phi_fixed_budget_binary_search,"{""m_exploration"": 94621, ""safeguard"": 2, ""conf"": 0.5, ""budget"": 3457654899644}"
"U(0.001,0.01), eps=1e-07",0.001,0.01,1e-07,binary,4170804972171,find_phi_fixed_budget_binary_search,"{""m_exploration"": 94621, ""safeguard"": 2, ""conf"": 0.5, ""budget"": 4170804972171}"
"U(0.001,0.01), eps=1e-07",0.001,0.01,1e-07,binary,5031044051758,find_phi_fixed_budget_binary_search,"{""m_exploration"": 94621, ""safeguard"": 2, ""conf"": 0.5, ""budget"": 5031044051758}"
"U(0.001,0.01), eps=1e-07",0.001,0.01,1e-07,binary,6068709618315,find_phi_fixed_budget_binary_search,"{""m_exploration"": 94621, ""safeguard"": 2, ""conf"": 0.5, ""budget"": 6068709618315}"
"U(0.001,0.01), eps=1e-07",0.001,0.01,1e-07,binary,7320396333752,find_phi_fixed_budget_binary_search,"{""m_exploration"": 94621, ""safeguard"": 2, ""conf"": 0.5, ""budget"": 7320396333752}"
"U(0.001,0.01), eps=1e-07",0.001,0.01,1e-07,binary,8830246601596,find_phi_fixed_budget_binary_search,"{""m_exploration"": 94621, ""safeguard"": 2, ""conf"": 0.5, ""budget"": 8830246601596}"
"U(0.001,0.01), eps=1e-07",0.001,0.01,1e-07,binary,10651507307808,find_phi_fixed_budget_binary_search,"{""m_exploration"": 94621, ""safeguard"": 2, ""conf"": 0.5, ""budget"": 10651507307808}"
"U(0.001,0.01), eps=1e-07",0.001,0.01,1e-07,binary,12848407643312,find_phi_fixed_budget_binary_search,"{""m_exploration"": 94621, ""safeguard"": 2, ""conf"": 0.5, ""budget"": 12848407643312}"
"U(0.001,0.01), eps=1e-07",0.001,0.01,1e-07,reverse_eng_risk,8565605095,find_phi_fixed_budget_reverse_engineering_risk,"{""m_exploration"": 300000, ""eps_target"": 1e-07, ""budget"": 8565605095}"
"U(0.001,0.01), eps=1e-07",0.001,0.01,1e-07,reverse_eng_risk,10332282821,find_phi_fixed_budget_reverse_engineering_risk,"{""m_exploration"": 300000, ""eps_target"": 1e-07, ""budget"": 10332282821}"
"U(0.001,0.01), eps=1e-07",0.001,0.01,1e-07,reverse_eng_risk,12463342298,find_phi_fixed_budget_reverse_engineering_risk,"{""m_exploration"": 141118, ""eps_target"": 1e-07, ""budget"": 12463342298}"
"U(0.001,0.01), eps=1e-07",0.001,0.01,1e-07,reverse_eng_risk,15033938186,find_phi_fixed_budget_reverse_engineering_risk,"{""m_exploration"": 141118, ""eps_target"": 1e-07, ""budget"": 15033938186}"
"U(0.001,0.01), eps=1e-07",0.001,0.01,1e-07,reverse_eng_risk,18134725979,find_phi_fixed_budget_reverse_engineering_risk,"{""m_exploration"": 141118, ""eps_target"": 1e-07, ""budget"": 18134725979}"
"U(0.001,0.01), eps=1e-07",0.001,0.01,1e-07,reverse_eng_risk,21875059102,find_phi_fixed_budget_reverse_engineering_risk,"{""m_exploration"": 300000, ""eps_target"": 1e-07, ""budget"": 21875059102}"
"U(0.001,0.01), eps=1e-07",0.001,0.01,1e-07,reverse_eng_risk,26386845396,find_phi_fixed_budget_reverse_engineering_risk,"{""m_exploration"": 300000, ""eps_target"": 1e-07, ""budget"": 26386845396}"
"U(0.001,0.01), eps=1e-07",0.001,0.01,1e-07,reverse_eng_risk,31829199030,find_phi_fixed_budget_reverse_engineering_risk,"{""m_exploration"": 17736, ""eps_target"": 1e-07, ""budget"": 31829199030}"
"U(0.001,0.01), eps=1e-07",0.001,0.01,1e-07,reverse_eng_risk,38394051873,find_phi_fixed_budget_reverse_engineering_risk,"{""m_exploration"": 17736, ""eps_target"": 1e-07, ""budget"": 38394051873}"
"U(0.001,0.01), eps=1e-07",0.001,0.01,1e-07,reverse_eng_risk,46312922226,find_phi_fixed_budget_reverse_engineering_risk,"{""m_exploration"": 17736, ""eps_target"": 1e-07, ""budget"": 46312922226}"
"U(0.001,0.01), eps=1e-07",0.001,0.01,1e-07,reverse_eng_risk,55865079629,find_phi_fixed_budget_reverse_engineering_risk,"{""m_exploration"": 17736, ""eps_target"": 1e-07, ""budget"": 55865079629}"
"U(0.001,0.01), eps=1e-07",0.001,0.01,1e-07,reverse_eng_risk,67387393667,find_phi_fixed_budget_reverse_engineering_risk,"{""m_exploration"": 17736, ""eps_target"": 1e-07, ""budget"": 67387393667}"
"U(0.001,0.01), eps=1e-07",0.001,0.01,1e-07,reverse_eng_risk,81286214132,find_phi_fixed_budget_reverse_engineering_risk,"{""m_exploration"": 17736, ""eps_target"": 1e-07, ""budget"": 81286214132}"
"U(0.001,0.01), eps=1e-07",0.001,0.01,1e-07,reverse_eng_risk,98051701489,find_phi_fixed_budget_reverse_engineering_risk,"{""m_exploration"": 17736, ""eps_target"": 1e-07, ""budget"": 98051701489}"
"U(0.001,0.01), eps=1e-07",0.001,0.01,1e-07,reverse_eng_risk,118275113038,find_phi_fixed_budget_reverse_engineering_risk,"{""m_exploration"": 17736, ""eps_target"": 1e-07, ""budget"": 118275113038}"
"U(0.001,0.01), eps=1e-07",0.001,0.01,1e-07,reverse_eng_risk,142669654393,find_phi_fixed_budget_reverse_engineering_risk,"{""m_exploration"": 17736, ""eps_target"": 1e-07, ""budget"": 142669654393}"
"U(0.001,0.01), eps=1e-07",0.001,0.01,1e-07,reverse_eng_risk,172095631632,find_phi_fixed_budget_reverse_engineering_risk,"{""m_exploration"": 300000, ""eps_target"": 1e-07, ""budget"": 172095631632}"
"U(0.001,0.01), eps=1e-07",0.001,0.01,1e-07,reverse_eng_risk,207590791138,find_phi_fixed_budget_reverse_engineering_risk,"{""m_exploration"": 12164, ""eps_target"": 1e-07, ""budget"": 207590791138}"
"U(0.001,0.01), eps=1e-07",0.001,0.01,1e-07,reverse_eng_risk,250406917112,find_phi_fixed_budget_reverse_engineering_risk,"{""m_exploration"": 12164, ""eps_target"": 1e-07, ""budget"": 250406917112}"
"U(0.001,0.01), eps=1e-07",0.001,0.01,1e-07,reverse_eng_risk,302053977412,find_phi_fixed_budget_reverse_engineering_risk,"{""m_exploration"": 12164, ""eps_target"": 1e-07, ""budget"": 302053977412}"
"U(0.001,0.01), eps=1e-07",0.001,0.01,1e-07,reverse_eng_risk,364353374591,find_phi_fixed_budget_reverse_engineering_risk,"{""m_exploration"": 3924, ""eps_target"": 1e-07, ""budget"": 364353374591}"
"U(0.001,0.01), eps=1e-07",0.001,0.01,1e-07,reverse_eng_risk,439502180084,find_phi_fixed_budget_reverse_engineering_risk,"{""m_exploration"": 2691, ""eps_target"": 1e-07, ""budget"": 439502180084}"
"U(0.001,0.01), eps=1e-07",0.001,0.01,1e-07,reverse_eng_risk,530150616871,find_phi_fixed_budget_reverse_engineering_risk,"{""m_exploration"": 17736, ""eps_target"": 1e-07, ""budget"": 530150616871}"
"U(0.001,0.01), eps=1e-07",0.001,0.01,1e-07,reverse_eng_risk,639495523129,find_phi_fixed_budget_reverse_engineering_risk,"{""m_exploration"": 17736, ""eps_target"": 1e-07, ""budget"": 639495523129}"
"U(0.001,0.01), eps=1e-07",0.001,0.01,1e-07,reverse_eng_risk,771393092995,find_phi_fixed_budget_reverse_engineering_risk,"{""m_exploration"": 2691, ""eps_target"": 1e-07, ""budget"": 771393092995}"
"U(0.001,0.01), eps=1e-07",0.001,0.01,1e-07,reverse_eng_risk,930494870409,find_phi_fixed_budget_reverse_engineering_risk,"{""m_exploration"": 17736, ""eps_target"": 1e-07, ""budget"": 930494870409}"
"U(0.001,0.01), eps=1e-07",0.001,0.01,1e-07,reverse_eng_risk,1122411792016,find_phi_fixed_budget_reverse_engineering_risk,"{""m_exploration"": 10074, ""eps_target"": 1e-07, ""budget"": 1122411792016}"
"U(0.001,0.01), eps=1e-07",0.001,0.01,1e-07,reverse_eng_risk,1353912064344,find_phi_fixed_budget_reverse_engineering_risk,"{""m_exploration"": 5722, ""eps_target"": 1e-07, ""budget"": 1353912064344}"
"U(0.001,0.01), eps=1e-07",0.001,0.01,1e-07,reverse_eng_risk,1633159853642,find_phi_fixed_budget_reverse_engineering_risk,"{""m_exploration"": 109, ""eps_target"": 1e-07, ""budget"": 1633159853642}"
"U(0.001,0.01), eps=1e-07",0.001,0.01,1e-07,reverse_eng_risk,1970003206110,find_phi_fixed_budget_reverse_engineering_risk,"{""m_exploration"": 35, ""eps_target"": 1e-07, ""budget"": 1970003206110}"
"U(0.001,0.01), eps=1e-07",0.001,0.01,1e-07,reverse_eng_risk,2376321352395,find_phi_fixed_budget_reverse_engineering_risk,"{""m_exploration"": 20, ""eps_target"": 1e-07, ""budget"": 2376321352395}"
"U(0.001,0.01), eps=1e-07",0.001,0.01,1e-07,reverse_eng_risk,2866443644525,find_phi_fixed_budget_reverse_engineering_risk,"{""m_exploration"": 20, ""eps_target"": 1e-07, ""budget"": 2866443644525}"
"U(0.001,0.01), eps=1e-07",0.001,0.01,1e-07,reverse_eng_risk,3457654899644,find_phi_fixed_budget_reverse_engineering_risk,"{""m_exploration"": 20, ""eps_target"": 1e-07, ""budget"": 3457654899644}"
"U(0.001,0.01), eps=1e-07",0.001,0.01,1e-07,reverse_eng_risk,4170804972171,find_phi_fixed_budget_reverse_engineering_risk,"{""m_exploration"": 20, ""eps_target"": 1e-07, ""budget"": 4170804972171}"
"U(0.001,0.01), eps=1e-07",0.001,0.01,1e-07,reverse_eng_risk,5031044051758,find_phi_fixed_budget_reverse_engineering_risk,"{""m_exploration"": 20, ""eps_target"": 1e-07, ""budget"": 5031044051758}"
"U(0.001,0.01), eps=1e-07",0.001,0.01,1e-07,reverse_eng_risk,6068709618315,find_phi_fixed_budget_reverse_engineering_risk,"{""m_exploration"": 20, ""eps_target"": 1e-07, ""budget"": 6068709618315}"
"U(0.001,0.01), eps=1e-07",0.001,0.01,1e-07,reverse_eng_risk,7320396333752,find_phi_fixed_budget_reverse_engineering_risk,"{""m_exploration"": 20, ""eps_target"": 1e-07, ""budget"": 7320396333752}"
"U(0.001,0.01), eps=1e-07",0.001,0.01,1e-07,reverse_eng_risk,8830246601596,find_phi_fixed_budget_reverse_engineering_risk,"{""m_exploration"": 20, ""eps_target"": 1e-07, ""budget"": 8830246601596}"
"U(0.001,0.01), eps=1e-07",0.001,0.01,1e-07,reverse_eng_risk,10651507307808,find_phi_fixed_budget_reverse_engineering_risk,"{""m_exploration"": 20, ""eps_target"": 1e-07, ""budget"": 10651507307808}"
"U(0.001,0.01), eps=1e-07",0.001,0.01,1e-07,reverse_eng_risk,12848407643312,find_phi_fixed_budget_reverse_engineering_risk,"{""m_exploration"": 20, ""eps_target"": 1e-07, ""budget"": 12848407643312}"
"U(0.001,0.01), eps=1e-07",0.001,0.01,1e-07,binary_risk,8565605095,find_phi_fixed_budget_binary_search_risk,"{""m_exploration"": 2968, ""conf"": 0.65, ""eps_target"": 1e-07, ""budget"": 8565605095}"
"U(0.001,0.01), eps=1e-07",0.001,0.01,1e-07,binary_risk,10332282821,find_phi_fixed_budget_binary_search_risk,"{""m_exploration"": 2968, ""conf"": 0.65, ""eps_target"": 1e-07, ""budget"": 10332282821}"
"U(0.001,0.01), eps=1e-07",0.001,0.01,1e-07,binary_risk,12463342298,find_phi_fixed_budget_binary_search_risk,"{""m_exploration"": 2968, ""conf"": 0.65, ""eps_target"": 1e-07, ""budget"": 12463342298}"
"U(0.001,0.01), eps=1e-07",0.001,0.01,1e-07,binary_risk,15033938186,find_phi_fixed_budget_binary_search_risk,"{""m_exploration"": 2968, ""conf"": 0.65, ""eps_target"": 1e-07, ""budget"": 15033938186}"
"U(0.001,0.01), eps=1e-07",0.001,0.01,1e-07,binary_risk,18134725979,find_phi_fixed_budget_binary_search_risk,"{""m_exploration"": 2968, ""conf"": 0.65, ""eps_target"": 1e-07, ""budget"": 18134725979}"
"U(0.001,0.01), eps=1e-07",0.001,0.01,1e-07,binary_risk,21875059102,find_phi_fixed_budget_binary_search_risk,"{""m_exploration"": 2968, ""conf"": 0.65, ""eps_target"": 1e-07, ""budget"": 21875059102}"
"U(0.001,0.01), eps=1e-07",0.001,0.01,1e-07,binary_risk,26386845396,find_phi_fixed_budget_binary_search_risk,"{""m_exploration"": 2968, ""conf"": 0.65, ""eps_target"": 1e-07, ""budget"": 26386845396}"
"U(0.001,0.01), eps=1e-07",0.001,0.01,1e-07,binary_risk,31829199030,find_phi_fixed_budget_binary_search_risk,"{""m_exploration"": 2968, ""conf"": 0.65, ""eps_target"": 1e-07, ""budget"": 31829199030}"
"U(0.001,0.01), eps=1e-07",0.001,0.01,1e-07,binary_risk,38394051873,find_phi_fixed_budget_binary_search_risk,"{""m_exploration"": 13828, ""conf"": 0.8, ""eps_target"": 1e-07, ""budget"": 38394051873}"
"U(0.001,0.01), eps=1e-07",0.001,0.01,1e-07,binary_risk,46312922226,find_phi_fixed_budget_binary_search_risk,"{""m_exploration"": 2968, ""conf"": 0.65, ""eps_target"": 1e-07, ""budget"": 46312922226}"
"U(0.001,0.01), eps=1e-07",0.001,0.01,1e-07,binary_risk,55865079629,find_phi_fixed_budget_binary_search_risk,"{""m_exploration"": 2968, ""conf"": 0.65, ""eps_target"": 1e-07, ""budget"": 55865079629}"
"U(0.001,0.01), eps=1e-07",0.001,0.01,1e-07,binary_risk,67387393667,find_phi_fixed_budget_binary_search_risk,"{""m_exploration"": 2968, ""conf"": 0.65, ""eps_target"": 1e-07, ""budget"": 67387393667}"
"U(0.001,0.01), eps=1e-07",0.001,0.01,1e-07,binary_risk,81286214132,find_phi_fixed_budget_binary_search_risk,"{""m_exploration"": 2968, ""conf"": 0.65, ""eps_target"": 1e-07, ""budget"": 81286214132}"
"U(0.001,0.01), eps=1e-07",0.001,0.01,1e-07,binary_risk,98051701489,find_phi_fixed_budget_binary_search_risk,"{""m_exploration"": 2968, ""conf"": 0.65, ""eps_target"": 1e-07, ""budget"": 98051701489}"
"U(0.001,0.01), eps=1e-07",0.001,0.01,1e-07,binary_risk,118275113038,find_phi_fixed_budget_binary_search_risk,"{""m_exploration"": 43843, ""conf"": 0.95, ""eps_target"": 1e-07, ""budget"": 118275113038}"
"U(0.001,0.01), eps=1e-07",0.001,0.01,1e-07,binary_risk,142669654393,find_phi_fixed_budget_binary_search_risk,"{""m_exploration"": 43843, ""conf"": 0.95, ""eps_target"": 1e-07, ""budget"": 142669654393}"
"U(0.001,0.01), eps=1e-07",0.001,0.01,1e-07,binary_risk,172095631632,find_phi_fixed_budget_binary_search_risk,"{""m_exploration"": 2020, ""conf"": 0.8, ""eps_target"": 1e-07, ""budget"": 172095631632}"
"U(0.001,0.01), eps=1e-07",0.001,0.01,1e-07,binary_risk,207590791138,find_phi_fixed_budget_binary_search_risk,"{""m_exploration"": 2020, ""conf"": 0.8, ""eps_target"": 1e-07, ""budget"": 207590791138}"
"U(0.001,0.01), eps=1e-07",0.001,0.01,1e-07,binary_risk,250406917112,find_phi_fixed_budget_binary_search_risk,"{""m_exploration"": 4361, ""conf"": 0.8, ""eps_target"": 1e-07, ""budget"": 250406917112}"
"U(0.001,0.01), eps=1e-07",0.001,0.01,1e-07,binary_risk,302053977412,find_phi_fixed_budget_binary_search_risk,"{""m_exploration"": 6407, ""conf"": 0.5, ""eps_target"": 1e-07, ""budget"": 302053977412}"
"U(0.001,0.01), eps=1e-07",0.001,0.01,1e-07,binary_risk,364353374591,find_phi_fixed_budget_binary_search_risk,"{""m_exploration"": 64409, ""conf"": 0.95, ""eps_target"": 1e-07, ""budget"": 364353374591}"
"U(0.001,0.01), eps=1e-07",0.001,0.01,1e-07,binary_risk,439502180084,find_phi_fixed_budget_binary_search_risk,"{""m_exploration"": 64409, ""conf"": 0.9, ""eps_target"": 1e-07, ""budget"": 439502180084}"
"U(0.001,0.01), eps=1e-07",0.001,0.01,1e-07,binary_risk,530150616871,find_phi_fixed_budget_binary_search_risk,"{""m_exploration"": 29844, ""conf"": 0.5, ""eps_target"": 1e-07, ""budget"": 530150616871}"
"U(0.001,0.01), eps=1e-07",0.001,0.01,1e-07,binary_risk,639495523129,find_phi_fixed_budget_binary_search_risk,"{""m_exploration"": 4361, ""conf"": 0.9, ""eps_target"": 1e-07, ""budget"": 639495523129}"
"U(0.001,0.01), eps=1e-07",0.001,0.01,1e-07,binary_risk,771393092995,find_phi_fixed_budget_binary_search_risk,"{""m_exploration"": 29844, ""conf"": 0.8, ""eps_target"": 1e-07, ""budget"": 771393092995}"
"U(0.001,0.01), eps=1e-07",0.001,0.01,1e-07,binary_risk,930494870409,find_phi_fixed_budget_binary_search_risk,"{""m_exploration"": 43843, ""conf"": 0.9, ""eps_target"": 1e-07, ""budget"": 930494870409}"
"U(0.001,0.01), eps=1e-07",0.001,0.01,1e-07,binary_risk,1122411792016,find_phi_fixed_budget_binary_search_risk,"{""m_exploration"": 29844, ""conf"": 0.8, ""eps_target"": 1e-07, ""budget"": 1122411792016}"
"U(0.001,0.01), eps=1e-07",0.001,0.01,1e-07,binary_risk,1353912064344,find_phi_fixed_budget_binary_search_risk,"{""m_exploration"": 1375, ""conf"": 0.5, ""eps_target"": 1e-07, ""budget"": 1353912064344}"
"U(0.001,0.01), eps=1e-07",0.001,0.01,1e-07,binary_risk,1633159853642,find_phi_fixed_budget_binary_search_risk,"{""m_exploration"": 63, ""conf"": 0.5, ""eps_target"": 1e-07, ""budget"": 1633159853642}"
"U(0.001,0.01), eps=1e-07",0.001,0.01,1e-07,binary_risk,1970003206110,find_phi_fixed_budget_binary_search_risk,"{""m_exploration"": 63, ""conf"": 0.5, ""eps_target"": 1e-07, ""budget"": 1970003206110}"
"U(0.001,0.01), eps=1e-07",0.001,0.01,1e-07,binary_risk,2376321352395,find_phi_fixed_budget_binary_search_risk,"{""m_exploration"": 63, ""conf"": 0.5, ""eps_target"": 1e-07, ""budget"": 2376321352395}"
"U(0.001,0.01), eps=1e-07",0.001,0.01,1e-07,binary_risk,2866443644525,find_phi_fixed_budget_binary_search_risk,"{""m_exploration"": 29, ""conf"": 0.5, ""eps_target"": 1e-07, ""budget"": 2866443644525}"
"U(0.001,0.01), eps=1e-07",0.001,0.01,1e-07,binary_risk,3457654899644,find_phi_fixed_budget_binary_search_risk,"{""m_exploration"": 29, ""conf"": 0.5, ""eps_target"": 1e-07, ""budget"": 3457654899644}"
"U(0.001,0.01), eps=1e-07",0.001,0.01,1e-07,binary_risk,4170804972171,find_phi_fixed_budget_binary_search_risk,"{""m_exploration"": 29, ""conf"": 0.5, ""eps_target"": 1e-07, ""budget"": 4170804972171}"
"U(0.001,0.01), eps=1e-07",0.001,0.01,1e-07,binary_risk,5031044051758,find_phi_fixed_budget_binary_search_risk,"{""m_exploration"": 20, ""conf"": 0.5, ""eps_target"": 1e-07, ""budget"": 5031044051758}"
"U(0.001,0.01), eps=1e-07",0.001,0.01,1e-07,binary_risk,6068709618315,find_phi_fixed_budget_binary_search_risk,"{""m_exploration"": 20, ""conf"": 0.5, ""eps_target"": 1e-07, ""budget"": 6068709618315}"
"U(0.001,0.01), eps=1e-07",0.001,0.01,1e-07,binary_risk,7320396333752,find_phi_fixed_budget_binary_search_risk,"{""m_exploration"": 20, ""conf"": 0.5, ""eps_target"": 1e-07, ""budget"": 7320396333752}"
"U(0.001,0.01), eps=1e-07",0.001,0.01,1e-07,binary_risk,8830246601596,find_phi_fixed_budget_binary_search_risk,"{""m_exploration"": 20, ""conf"": 0.5, ""eps_target"": 1e-07, ""budget"": 8830246601596}"
"U(0.001,0.01), eps=1e-07",0.001,0.01,1e-07,binary_risk,10651507307808,find_phi_fixed_budget_binary_search_risk,"{""m_exploration"": 20, ""conf"": 0.5, ""eps_target"": 1e-07, ""budget"": 10651507307808}"
"U(0.001,0.01), eps=1e-07",0.001,0.01,1e-07,binary_risk,12848407643312,find_phi_fixed_budget_binary_search_risk,"{""m_exploration"": 20, ""conf"": 0.5, ""eps_target"": 1e-07, ""budget"": 12848407643312}"
"U(0.01,0.1), eps=1e-08",0.01,0.1,1e-08,linear,8965333333333,find_phi_fixed_budget_linear_search,"{""m_exploration"": 15777, ""lookback_window"": 5, ""safeguard"": 0, ""inc"": 1, ""budget"": 8965333333333}"
"U(0.01,0.1), eps=1e-08",0.01,0.1,1e-08,linear,10814456019797,find_phi_fixed_budget_linear_search,"{""m_exploration"": 15777, ""lookback_window"": 5, ""safeguard"": 0, ""inc"": 1, ""budget"": 10814456019797}"
"U(0.01,0.1), eps=1e-08",0.01,0.1,1e-08,linear,13044964939485,find_phi_fixed_budget_linear_search,"{""m_exploration"": 15777, ""lookback_window"": 5, ""safeguard"": 0, ""inc"": 1, ""budget"": 13044964939485}"
"U(0.01,0.1), eps=1e-08",0.01,0.1,1e-08,linear,15735521968084,find_phi_fixed_budget_linear_search,"{""m_exploration"": 46043, ""lookback_window"": 5, ""safeguard"": 0, ""inc"": 2, ""budget"": 15735521968084}"
"U(0.01,0.1), eps=1e-08",0.01,0.1,1e-08,linear,18981013192192,find_phi_fixed_budget_linear_search,"{""m_exploration"": 46043, ""lookback_window"": 5, ""safeguard"": 0, ""inc"": 2, ""budget"": 18981013192192}"
"U(0.01,0.1), eps=1e-08",0.01,0.1,1e-08,linear,22895895193876,find_phi_fixed_budget_linear_search,"{""m_exploration"": 284, ""lookback_window"": 5, ""safeguard"": 1, ""inc"": 1, ""budget"": 22895895193876}"
"U(0.01,0.1), eps=1e-08",0.01,0.1,1e-08,linear,27618231514879,find_phi_fixed_budget_linear_search,"{""m_exploration"": 4136, ""lookback_window"": 5, ""safeguard"": 1, ""inc"": 2, ""budget"": 27618231514879}"
"U(0.01,0.1), eps=1e-08",0.01,0.1,1e-08,linear,33314561651797,find_phi_fixed_budget_linear_search,"{""m_exploration"": 46043, ""lookback_window"": 5, ""safeguard"": 0, ""inc"": 2, ""budget"": 33314561651797}"
"U(0.01,0.1), eps=1e-08",0.01,0.1,1e-08,linear,40185774293819,find_phi_fixed_budget_linear_search,"{""m_exploration"": 46043, ""lookback_window"": 5, ""safeguard"": 0, ""inc"": 2, ""budget"": 40185774293819}"
"U(0.01,0.1), eps=1e-08",0.01,0.1,1e-08,linear,48474191930623,find_phi_fixed_budget_linear_search,"{""m_exploration"": 284, ""lookback_window"": 5, ""safeguard"": 1, ""inc"": 1, ""budget"": 48474191930623}"
"U(0.01,0.1), eps=1e-08",0.01,0.1,1e-08,linear,58472116678571,find_phi_fixed_budget_linear_search,"{""m_exploration"": 4136, ""lookback_window"": 5, ""safeguard"": 1, ""inc"": 2, ""budget"": 58472116678571}"
"U(0.01,0.1), eps=1e-08",0.01,0.1,1e-08,linear,70532138705184,find_phi_fixed_budget_linear_search,"{""m_exploration"": 134364, ""lookback_window"": 5, ""safeguard"": 0, ""inc"": 2, ""budget"": 70532138705184}"
"U(0.01,0.1), eps=1e-08",0.01,0.1,1e-08,linear,85079570792251,find_phi_fixed_budget_linear_search,"{""m_exploration"": 134364, ""lookback_window"": 5, ""safeguard"": 0, ""inc"": 2, ""budget"": 85079570792251}"
"U(0.01,0.1), eps=1e-08",0.01,0.1,1e-08,linear,102627447559047,find_phi_fixed_budget_linear_search,"{""m_exploration"": 78654, ""lookback_window"": 5, ""safeguard"": 0, ""inc"": 2, ""budget"": 102627447559047}"
"U(0.01,0.1), eps=1e-08",0.01,0.1,1e-08,linear,123794618313287,find_phi_fixed_budget_linear_search,"{""m_exploration"": 46043, ""lookback_window"": 5, ""safeguard"": 0, ""inc"": 2, ""budget"": 123794618313287}"
"U(0.01,0.1), eps=1e-08",0.01,0.1,1e-08,linear,149327571598378,find_phi_fixed_budget_linear_search,"{""m_exploration"": 78654, ""lookback_window"": 5, ""safeguard"": 0, ""inc"": 2, ""budget"": 149327571598378}"
"U(0.01,0.1), eps=1e-08",0.01,0.1,1e-08,linear,180126761108769,find_phi_fixed_budget_linear_search,"{""m_exploration"": 300000, ""lookback_window"": 5, ""safeguard"": 0, ""inc"": 2, ""budget"": 180126761108769}"
"U(0.01,0.1), eps=1e-08",0.01,0.1,1e-08,linear,217278361391956,find_phi_fixed_budget_linear_search,"{""m_exploration"": 300000, ""lookback_window"": 5, ""safeguard"": 0, ""inc"": 2, ""budget"": 217278361391956}"
"U(0.01,0.1), eps=1e-08",0.01,0.1,1e-08,linear,262092573244382,find_phi_fixed_budget_linear_search,"{""m_exploration"": 175615, ""lookback_window"": 5, ""safeguard"": 0, ""inc"": 2, ""budget"": 262092573244382}"
"U(0.01,0.1), eps=1e-08",0.01,0.1,1e-08,linear,316149829692175,find_phi_fixed_budget_linear_search,"{""m_exploration"": 175615, ""lookback_window"": 5, ""safeguard"": 0, ""inc"": 2, ""budget"": 316149829692175}"
"U(0.01,0.1), eps=1e-08",0.01,0.1,1e-08,linear,381356532072333,find_phi_fixed_budget_linear_search,"{""m_exploration"": 300000, ""lookback_window"": 5, ""safeguard"": 0, ""inc"": 2, ""budget"": 381356532072333}"
"U(0.01,0.1), eps=1e-08",0.01,0.1,1e-08,linear,460012281821689,find_phi_fixed_budget_linear_search,"{""m_exploration"": 300000, ""lookback_window"": 5, ""safeguard"": 0, ""inc"": 2, ""budget"": 460012281821689}"
"U(0.01,0.1), eps=1e-08",0.01,0.1,1e-08,linear,554890978992489,find_phi_fixed_budget_linear_search,"{""m_exploration"": 60179, ""lookback_window"": 5, ""safeguard"": 0, ""inc"": 2, ""budget"": 554890978992489}"
"U(0.01,0.1), eps=1e-08",0.01,0.1,1e-08,linear,669338647542012,find_phi_fixed_budget_linear_search,"{""m_exploration"": 2421, ""lookback_window"": 5, ""safeguard"": 1, ""inc"": 1, ""budget"": 669338647542012}"
"U(0.01,0.1), eps=1e-08",0.01,0.1,1e-08,linear,807391437335714,find_phi_fixed_budget_linear_search,"{""m_exploration"": 102802, ""lookback_window"": 5, ""safeguard"": 0, ""inc"": 2, ""budget"": 807391437335714}"
"U(0.01,0.1), eps=1e-08",0.01,0.1,1e-08,linear,973917964362154,find_phi_fixed_budget_linear_search,"{""m_exploration"": 60179, ""lookback_window"": 3, ""safeguard"": 0, ""inc"": 1, ""budget"": 973917964362154}"
"U(0.01,0.1), eps=1e-08",0.01,0.1,1e-08,linear,1174791008977376,find_phi_fixed_budget_linear_search,"{""m_exploration"": 60179, ""lookback_window"": 3, ""safeguard"": 1, ""inc"": 1, ""budget"": 1174791008977376}"
"U(0.01,0.1), eps=1e-08",0.01,0.1,1e-08,linear,1417094627346739,find_phi_fixed_budget_linear_search,"{""m_exploration"": 5406, ""lookback_window"": 5, ""safeguard"": 2, ""inc"": 1, ""budget"": 1417094627346739}"
"U(0.01,0.1), eps=1e-08",0.01,0.1,1e-08,linear,1709373980145668,find_phi_fixed_budget_linear_search,"{""m_exploration"": 166, ""lookback_window"": 5, ""safeguard"": 3, ""inc"": 1, ""budget"": 1709373980145668}"
"U(0.01,0.1), eps=1e-08",0.01,0.1,1e-08,linear,2061936689062103,find_phi_fixed_budget_linear_search,"{""m_exploration"": 3, ""lookback_window"": 1, ""safeguard"": 3, ""inc"": 1, ""budget"": 2061936689062103}"
"U(0.01,0.1), eps=1e-08",0.01,0.1,1e-08,linear,2487216348840222,find_phi_fixed_budget_linear_search,"{""m_exploration"": 3, ""lookback_window"": 1, ""safeguard"": 3, ""inc"": 1, ""budget"": 2487216348840222}"
"U(0.01,0.1), eps=1e-08",0.01,0.1,1e-08,linear,3000211014602975,find_phi_fixed_budget_linear_search,"{""m_exploration"": 3, ""lookback_window"": 1, ""safeguard"": 3, ""inc"": 1, ""budget"": 3000211014602975}"
"U(0.01,0.1), eps=1e-08",0.01,0.1,1e-08,linear,3619012128294440,find_phi_fixed_budget_linear_search,"{""m_exploration"": 3, ""lookback_window"": 1, ""safeguard"": 3, ""inc"": 1, ""budget"": 3619012128294440}"
"U(0.01,0.1), eps=1e-08",0.01,0.1,1e-08,linear,4365442537539460,find_phi_fixed_budget_linear_search,"{""m_exploration"": 3, ""lookback_window"": 1, ""safeguard"": 3, ""inc"": 1, ""budget"": 4365442537539460}"
"U(0.01,0.1), eps=1e-08",0.01,0.1,1e-08,linear,5265826107507471,find_phi_fixed_budget_linear_search,"{""m_exploration"": 3, ""lookback_window"": 1, ""safeguard"": 3, ""inc"": 1, ""budget"": 5265826107507471}"
"U(0.01,0.1), eps=1e-08",0.01,0.1,1e-08,linear,6351916067170663,find_phi_fixed_budget_linear_search,"{""m_exploration"": 3, ""lookback_window"": 1, ""safeguard"": 3, ""inc"": 1, ""budget"": 6351916067170663}"
"U(0.01,0.1), eps=1e-08",0.01,0.1,1e-08,linear,7662014829327249,find_phi_fixed_budget_linear_search,"{""m_exploration"": 3, ""lookback_window"": 1, ""safeguard"": 3, ""inc"": 1, ""budget"": 7662014829327249}"
"U(0.01,0.1), eps=1e-08",0.01,0.1,1e-08,linear,9242324776338010,find_phi_fixed_budget_linear_search,"{""m_exploration"": 3, ""lookback_window"": 1, ""safeguard"": 3, ""inc"": 1, ""budget"": 9242324776338010}"
"U(0.01,0.1), eps=1e-08",0.01,0.1,1e-08,linear,11148577648839002,find_phi_fixed_budget_linear_search,"{""m_exploration"": 3, ""lookback_window"": 1, ""safeguard"": 3, ""inc"": 1, ""budget"": 11148577648839002}"
"U(0.01,0.1), eps=1e-08",0.01,0.1,1e-08,linear,13447999999999998,find_phi_fixed_budget_linear_search,"{""m_exploration"": 3, ""lookback_window"": 1, ""safeguard"": 3, ""inc"": 1, ""budget"": 13447999999999998}"
"U(0.01,0.1), eps=1e-08",0.01,0.1,1e-08,reverse_eng,8965333333333,find_phi_fixed_budget_reverse_engineering,"{""m_exploration"": 170399, ""safeguard"": 0.975, ""budget"": 8965333333333}"
"U(0.01,0.1), eps=1e-08",0.01,0.1,1e-08,reverse_eng,10814456019797,find_phi_fixed_budget_reverse_engineering,"{""m_exploration"": 170399, ""safeguard"": 0.975, ""budget"": 10814456019797}"
"U(0.01,0.1), eps=1e-08",0.01,0.1,1e-08,reverse_eng,13044964939485,find_phi_fixed_budget_reverse_engineering,"{""m_exploration"": 170399, ""safeguard"": 0.975, ""budget"": 13044964939485}"
"U(0.01,0.1), eps=1e-08",0.01,0.1,1e-08,reverse_eng,15735521968084,find_phi_fixed_budget_reverse_engineering,"{""m_exploration"": 170399, ""safeguard"": 0.975, ""budget"": 15735521968084}"
"U(0.01,0.1), eps=1e-08",0.01,0.1,1e-08,reverse_eng,18981013192192,find_phi_fixed_budget_reverse_engineering,"{""m_exploration"": 170399, ""safeguard"": 0.975, ""budget"": 18981013192192}"
"U(0.01,0.1), eps=1e-08",0.01,0.1,1e-08,reverse_eng,22895895193876,find_phi_fixed_budget_reverse_engineering,"{""m_exploration"": 170399, ""safeguard"": 0.975, ""budget"": 22895895193876}"
"U(0.01,0.1), eps=1e-08",0.01,0.1,1e-08,reverse_eng,27618231514879,find_phi_fixed_budget_reverse_engineering,"{""m_exploration"": 170399, ""safeguard"": 0.975, ""budget"": 27618231514879}"
"U(0.01,0.1), eps=1e-08",0.01,0.1,1e-08,reverse_eng,33314561651797,find_phi_fixed_budget_reverse_engineering,"{""m_exploration"": 170399, ""safeguard"": 0.975, ""budget"": 33314561651797}"
"U(0.01,0.1), eps=1e-08",0.01,0.1,1e-08,reverse_eng,40185774293819,find_phi_fixed_budget_reverse_engineering,"{""m_exploration"": 170399, ""safeguard"": 0.975, ""budget"": 40185774293819}"
"U(0.01,0.1), eps=1e-08",0.01,0.1,1e-08,reverse_eng,48474191930623,find_phi_fixed_budget_reverse_engineering,"{""m_exploration"": 141118, ""safeguard"": 0.975, ""budget"": 48474191930623}"
"U(0.01,0.1), eps=1e-08",0.01,0.1,1e-08,reverse_eng,58472116678571,find_phi_fixed_budget_reverse_engineering,"{""m_exploration"": 170399, ""safeguard"": 0.975, ""budget"": 58472116678571}"
"U(0.01,0.1), eps=1e-08",0.01,0.1,1e-08,reverse_eng,70532138705184,find_phi_fixed_budget_reverse_engineering,"{""m_exploration"": 141118, ""safeguard"": 0.975, ""budget"": 70532138705184}"
"U(0.01,0.1), eps=1e-08",0.01,0.1,1e-08,reverse_eng,85079570792251,find_phi_fixed_budget_reverse_engineering,"{""m_exploration"": 66381, ""safeguard"": 0.975, ""budget"": 85079570792251}"
"U(0.01,0.1), eps=1e-08",0.01,0.1,1e-08,reverse_eng,102627447559047,find_phi_fixed_budget_reverse_engineering,"{""m_exploration"": 66381, ""safeguard"": 0.975, ""budget"": 102627447559047}"
"U(0.01,0.1), eps=1e-08",0.01,0.1,1e-08,reverse_eng,123794618313287,find_phi_fixed_budget_reverse_engineering,"{""m_exploration"": 66381, ""safeguard"": 0.975, ""budget"": 123794618313287}"
"U(0.01,0.1), eps=1e-08",0.01,0.1,1e-08,reverse_eng,149327571598378,find_phi_fixed_budget_reverse_engineering,"{""m_exploration"": 66381, ""safeguard"": 0.975, ""budget"": 149327571598378}"
"U(0.01,0.1), eps=1e-08",0.01,0.1,1e-08,reverse_eng,180126761108769,find_phi_fixed_budget_reverse_engineering,"{""m_exploration"": 66381, ""safeguard"": 0.975, ""budget"": 180126761108769}"
"U(0.01,0.1), eps=1e-08",0.01,0.1,1e-08,reverse_eng,217278361391956,find_phi_fixed_budget_reverse_engineering,"{""m_exploration"": 66381, ""safeguard"": 0.975, ""budget"": 217278361391956}"
"U(0.01,0.1), eps=1e-08",0.01,0.1,1e-08,reverse_eng,262092573244382,find_phi_fixed_budget_reverse_engineering,"{""m_exploration"": 66381, ""safeguard"": 0.975, ""budget"": 262092573244382}"
"U(0.01,0.1), eps=1e-08",0.01,0.1,1e-08,reverse_eng,316149829692175,find_phi_fixed_budget_reverse_engineering,"{""m_exploration"": 54974, ""safeguard"": 0.975, ""budget"": 316149829692175}"
"U(0.01,0.1), eps=1e-08",0.01,0.1,1e-08,reverse_eng,381356532072333,find_phi_fixed_budget_reverse_engineering,"{""m_exploration"": 66381, ""safeguard"": 0.975, ""budget"": 381356532072333}"
"U(0.01,0.1), eps=1e-08",0.01,0.1,1e-08,reverse_eng,460012281821689,find_phi_fixed_budget_reverse_engineering,"{""m_exploration"": 14688, ""safeguard"": 0.95, ""budget"": 460012281821689}"
"U(0.01,0.1), eps=1e-08",0.01,0.1,1e-08,reverse_eng,554890978992489,find_phi_fixed_budget_reverse_engineering,"{""m_exploration"": 66381, ""safeguard"": 0.975, ""budget"": 554890978992489}"
"U(0.01,0.1), eps=1e-08",0.01,0.1,1e-08,reverse_eng,669338647542012,find_phi_fixed_budget_reverse_engineering,"{""m_exploration"": 66381, ""safeguard"": 0.975, ""budget"": 669338647542012}"
"U(0.01,0.1), eps=1e-08",0.01,0.1,1e-08,reverse_eng,807391437335714,find_phi_fixed_budget_reverse_engineering,"{""m_exploration"": 66381, ""safeguard"": 0.975, ""budget"": 807391437335714}"
"U(0.01,0.1), eps=1e-08",0.01,0.1,1e-08,reverse_eng,973917964362154,find_phi_fixed_budget_reverse_engineering,"{""m_exploration"": 66381, ""safeguard"": 0.975, ""budget"": 973917964362154}"
"U(0.01,0.1), eps=1e-08",0.01,0.1,1e-08,reverse_eng,1174791008977376,find_phi_fixed_budget_reverse_engineering,"{""m_exploration"": 8343, ""safeguard"": 0.9, ""budget"": 1174791008977376}"
"U(0.01,0.1), eps=1e-08",0.01,0.1,1e-08,reverse_eng,1417094627346739,find_phi_fixed_budget_reverse_engineering,"{""m_exploration"": 3250, ""safeguard"": 0.85, ""budget"": 1417094627346739}"
"U(0.01,0.1), eps=1e-08",0.01,0.1,1e-08,reverse_eng,1709373980145668,find_phi_fixed_budget_reverse_engineering,"{""m_exploration"": 2691, ""safeguard"": 0.85, ""budget"": 1709373980145668}"
"U(0.01,0.1), eps=1e-08",0.01,0.1,1e-08,reverse_eng,2061936689062103,find_phi_fixed_budget_reverse_engineering,"{""m_exploration"": 1528, ""safeguard"": 0.8, ""budget"": 2061936689062103}"
"U(0.01,0.1), eps=1e-08",0.01,0.1,1e-08,reverse_eng,2487216348840222,find_phi_fixed_budget_reverse_engineering,"{""m_exploration"": 1528, ""safeguard"": 0.8, ""budget"": 2487216348840222}"
"U(0.01,0.1), eps=1e-08",0.01,0.1,1e-08,reverse_eng,3000211014602975,find_phi_fixed_budget_reverse_engineering,"{""m_exploration"": 1528, ""safeguard"": 0.8, ""budget"": 3000211014602975}"
"U(0.01,0.1), eps=1e-08",0.01,0.1,1e-08,reverse_eng,3619012128294440,find_phi_fixed_budget_reverse_engineering,"{""m_exploration"": 1528, ""safeguard"": 0.8, ""budget"": 3619012128294440}"
"U(0.01,0.1), eps=1e-08",0.01,0.1,1e-08,reverse_eng,4365442537539460,find_phi_fixed_budget_reverse_engineering,"{""m_exploration"": 1528, ""safeguard"": 0.8, ""budget"": 4365442537539460}"
"U(0.01,0.1), eps=1e-08",0.01,0.1,1e-08,reverse_eng,5265826107507471,find_phi_fixed_budget_reverse_engineering,"{""m_exploration"": 1528, ""safeguard"": 0.8, ""budget"": 5265826107507471}"
"U(0.01,0.1), eps=1e-08",0.01,0.1,1e-08,reverse_eng,6351916067170663,find_phi_fixed_budget_reverse_engineering,"{""m_exploration"": 1528, ""safeguard"": 0.8, ""budget"": 6351916067170663}"
"U(0.01,0.1), eps=1e-08",0.01,0.1,1e-08,reverse_eng,7662014829327249,find_phi_fixed_budget_reverse_engineering,"{""m_exploration"": 1528, ""safeguard"": 0.8, ""budget"": 7662014829327249}"
"U(0.01,0.1), eps=1e-08",0.01,0.1,1e-08,reverse_eng,9242324776338010,find_phi_fixed_budget_reverse_engineering,"{""m_exploration"": 1528, ""safeguard"": 0.8, ""budget"": 9242324776338010}"
"U(0.01,0.1), eps=1e-08",0.01,0.1,1e-08,reverse_eng,11148577648839002,find_phi_fixed_budget_reverse_engineering,"{""m_exploration"": 1528, ""safeguard"": 0.8, ""budget"": 11148577648839002}"
"U(0.01,0.1), eps=1e-08",0.01,0.1,1e-08,reverse_eng,13447999999999998,find_phi_fixed_budget_reverse_engineering,"{""m_exploration"": 1528, ""safeguard"": 0.8, ""budget"": 13447999999999998}"
"U(0.01,0.1), eps=1e-08",0.01,0.1,1e-08,binary,8965333333333,find_phi_fixed_budget_binary_search,"{""m_exploration"": 300000, ""safeguard"": 1, ""conf"": 0.95, ""budget"": 8965333333333}"
"U(0.01,0.1), eps=1e-08",0.01,0.1,1e-08,binary,10814456019797,find_phi_fixed_budget_binary_search,"{""m_exploration"": 300000, ""safeguard"": 1, ""conf"": 0.95, ""budget"": 10814456019797}"
"U(0.01,0.1), eps=1e-08",0.01,0.1,1e-08,binary,13044964939485,find_phi_fixed_budget_binary_search,"{""m_exploration"": 300000, ""safeguard"": 1, ""conf"": 0.95, ""budget"": 13044964939485}"
"U(0.01,0.1), eps=1e-08",0.01,0.1,1e-08,binary,15735521968084,find_phi_fixed_budget_binary_search,"{""m_exploration"": 300000, ""safeguard"": 1, ""conf"": 0.95, ""budget"": 15735521968084}"
"U(0.01,0.1), eps=1e-08",0.01,0.1,1e-08,binary,18981013192192,find_phi_fixed_budget_binary_search,"{""m_exploration"": 300000, ""safeguard"": 1, ""conf"": 0.95, ""budget"": 18981013192192}"
"U(0.01,0.1), eps=1e-08",0.01,0.1,1e-08,binary,22895895193876,find_phi_fixed_budget_binary_search,"{""m_exploration"": 300000, ""safeguard"": 1, ""conf"": 0.95, ""budget"": 22895895193876}"
"U(0.01,0.1), eps=1e-08",0.01,0.1,1e-08,binary,27618231514879,find_phi_fixed_budget_binary_search,"{""m_exploration"": 300000, ""safeguard"": 1, ""conf"": 0.95, ""budget"": 27618231514879}"
"U(0.01,0.1), eps=1e-08",0.01,0.1,1e-08,binary,33314561651797,find_phi_fixed_budget_binary_search,"{""m_exploration"": 94621, ""safeguard"": 2, ""conf"": 0.95, ""budget"": 33314561651797}"
"U(0.01,0.1), eps=1e-08",0.01,0.1,1e-08,binary,40185774293819,find_phi_fixed_budget_binary_search,"{""m_exploration"": 300000, ""safeguard"": 1, ""conf"": 0.95, ""budget"": 40185774293819}"
"U(0.01,0.1), eps=1e-08",0.01,0.1,1e-08,binary,48474191930623,find_phi_fixed_budget_binary_search,"{""m_exploration"": 300000, ""safeguard"": 1, ""conf"": 0.95, ""budget"": 48474191930623}"
"U(0.01,0.1), eps=1e-08",0.01,0.1,1e-08,binary,58472116678571,find_phi_fixed_budget_binary_search,"{""m_exploration"": 139006, ""safeguard"": 2, ""conf"": 0.95, ""budget"": 58472116678571}"
"U(0.01,0.1), eps=1e-08",0.01,0.1,1e-08,binary,70532138705184,find_phi_fixed_budget_binary_search,"{""m_exploration"": 300000, ""safeguard"": 1, ""conf"": 0.95, ""budget"": 70532138705184}"
"U(0.01,0.1), eps=1e-08",0.01,0.1,1e-08,binary,85079570792251,find_phi_fixed_budget_binary_search,"{""m_exploration"": 300000, ""safeguard"": 1, ""conf"": 0.95, ""budget"": 85079570792251}"
"U(0.01,0.1), eps=1e-08",0.01,0.1,1e-08,binary,102627447559047,find_phi_fixed_budget_binary_search,"{""m_exploration"": 139006, ""safeguard"": 2, ""conf"": 0.95, ""budget"": 102627447559047}"
"U(0.01,0.1), eps=1e-08",0.01,0.1,1e-08,binary,123794618313287,find_phi_fixed_budget_binary_search,"{""m_exploration"": 300000, ""safeguard"": 1, ""conf"": 0.95, ""budget"": 123794618313287}"
"U(0.01,0.1), eps=1e-08",0.01,0.1,1e-08,binary,149327571598378,find_phi_fixed_budget_binary_search,"{""m_exploration"": 139006, ""safeguard"": 2, ""conf"": 0.95, ""budget"": 149327571598378}"
"U(0.01,0.1), eps=1e-08",0.01,0.1,1e-08,binary,180126761108769,find_phi_fixed_budget_binary_search,"{""m_exploration"": 139006, ""safeguard"": 2, ""conf"": 0.95, ""budget"": 180126761108769}"
"U(0.01,0.1), eps=1e-08",0.01,0.1,1e-08,binary,217278361391956,find_phi_fixed_budget_binary_search,"{""m_exploration"": 139006, ""safeguard"": 2, ""conf"": 0.95, ""budget"": 217278361391956}"
"U(0.01,0.1), eps=1e-08",0.01,0.1,1e-08,binary,262092573244382,find_phi_fixed_budget_binary_search,"{""m_exploration"": 300000, ""safeguard"": 1, ""conf"": 0.9, ""budget"": 262092573244382}"
"U(0.01,0.1), eps=1e-08",0.01,0.1,1e-08,binary,316149829692175,find_phi_fixed_budget_binary_search,"{""m_exploration"": 300000, ""safeguard"": 1, ""conf"": 0.9, ""budget"": 316149829692175}"
"U(0.01,0.1), eps=1e-08",0.01,0.1,1e-08,binary,381356532072333,find_phi_fixed_budget_binary_search,"{""m_exploration"": 20314, ""safeguard"": 2, ""conf"": 0.95, ""budget"": 381356532072333}"
"U(0.01,0.1), eps=1e-08",0.01,0.1,1e-08,binary,460012281821689,find_phi_fixed_budget_binary_search,"{""m_exploration"": 29844, ""safeguard"": 2, ""conf"": 0.95, ""budget"": 460012281821689}"
"U(0.01,0.1), eps=1e-08",0.01,0.1,1e-08,binary,554890978992489,find_phi_fixed_budget_binary_search,"{""m_exploration"": 29844, ""safeguard"": 2, ""conf"": 0.95, ""budget"": 554890978992489}"
"U(0.01,0.1), eps=1e-08",0.01,0.1,1e-08,binary,669338647542012,find_phi_fixed_budget_binary_search,"{""m_exploration"": 20314, ""safeguard"": 2, ""conf"": 0.95, ""budget"": 669338647542012}"
"U(0.01,0.1), eps=1e-08",0.01,0.1,1e-08,binary,807391437335714,find_phi_fixed_budget_binary_search,"{""m_exploration"": 20314, ""safeguard"": 2, ""conf"": 0.95, ""budget"": 807391437335714}"
"U(0.01,0.1), eps=1e-08",0.01,0.1,1e-08,binary,973917964362154,find_phi_fixed_budget_binary_search,"{""m_exploration"": 20314, ""safeguard"": 2, ""conf"": 0.95, ""budget"": 973917964362154}"
"U(0.01,0.1), eps=1e-08",0.01,0.1,1e-08,binary,1174791008977376,find_phi_fixed_budget_binary_search,"{""m_exploration"": 6407, ""safeguard"": 2, ""conf"": 0.8, ""budget"": 1174791008977376}"
"U(0.01,0.1), eps=1e-08",0.01,0.1,1e-08,binary,1417094627346739,find_phi_fixed_budget_binary_search,"{""m_exploration"": 20314, ""safeguard"": 2, ""conf"": 0.65, ""budget"": 1417094627346739}"
"U(0.01,0.1), eps=1e-08",0.01,0.1,1e-08,binary,1709373980145668,find_phi_fixed_budget_binary_search,"{""m_exploration"": 20314, ""safeguard"": 2, ""conf"": 0.65, ""budget"": 1709373980145668}"
"U(0.01,0.1), eps=1e-08",0.01,0.1,1e-08,binary,2061936689062103,find_phi_fixed_budget_binary_search,"{""m_exploration"": 20314, ""safeguard"": 2, ""conf"": 0.5, ""budget"": 2061936689062103}"
"U(0.01,0.1), eps=1e-08",0.01,0.1,1e-08,binary,2487216348840222,find_phi_fixed_budget_binary_search,"{""m_exploration"": 6407, ""safeguard"": 2, ""conf"": 0.5, ""budget"": 2487216348840222}"
"U(0.01,0.1), eps=1e-08",0.01,0.1,1e-08,binary,3000211014602975,find_phi_fixed_budget_binary_search,"{""m_exploration"": 4361, ""safeguard"": 2, ""conf"": 0.5, ""budget"": 3000211014602975}"
"U(0.01,0.1), eps=1e-08",0.01,0.1,1e-08,binary,3619012128294440,find_phi_fixed_budget_binary_search,"{""m_exploration"": 1375, ""safeguard"": 2, ""conf"": 0.5, ""budget"": 3619012128294440}"
"U(0.01,0.1), eps=1e-08",0.01,0.1,1e-08,binary,4365442537539460,find_phi_fixed_budget_binary_search,"{""m_exploration"": 1375, ""safeguard"": 2, ""conf"": 0.5, ""budget"": 4365442537539460}"
"U(0.01,0.1), eps=1e-08",0.01,0.1,1e-08,binary,5265826107507471,find_phi_fixed_budget_binary_search,"{""m_exploration"": 1375, ""safeguard"": 2, ""conf"": 0.5, ""budget"": 5265826107507471}"
"U(0.01,0.1), eps=1e-08",0.01,0.1,1e-08,binary,6351916067170663,find_phi_fixed_budget_binary_search,"{""m_exploration"": 1375, ""safeguard"": 2, ""conf"": 0.5, ""budget"": 6351916067170663}"
"U(0.01,0.1), eps=1e-08",0.01,0.1,1e-08,binary,7662014829327249,find_phi_fixed_budget_binary_search,"{""m_exploration"": 1375, ""safeguard"": 2, ""conf"": 0.5, ""budget"": 7662014829327249}"
"U(0.01,0.1), eps=1e-08",0.01,0.1,1e-08,binary,9242324776338010,find_phi_fixed_budget_binary_search,"{""m_exploration"": 1375, ""safeguard"": 2, ""conf"": 0.5, ""budget"": 9242324776338010}"
"U(0.01,0.1), eps=1e-08",0.01,0.1,1e-08,binary,11148577648839002,find_phi_fixed_budget_binary_search,"{""m_exploration"": 1375, ""safeguard"": 2, ""conf"": 0.5, ""budget"": 11148577648839002}"
"U(0.01,0.1), eps=1e-08",0.01,0.1,1e-08,binary,13447999999999998,find_phi_fixed_budget_binary_search,"{""m_exploration"": 1375, ""safeguard"": 2, ""conf"": 0.5, ""budget"": 13447999999999998}"
"U(0.01,0.1), eps=1e-08",0.01,0.1,1e-08,reverse_eng_risk,8965333333333,find_phi_fixed_budget_reverse_engineering_risk,"{""m_exploration"": 170399, ""eps_target"": 1e-08, ""budget"": 8965333333333}"
"U(0.01,0.1), eps=1e-08",0.01,0.1,1e-08,reverse_eng_risk,10814456019797,find_phi_fixed_budget_reverse_engineering_risk,"{""m_exploration"": 170399, ""eps_target"": 1e-08, ""budget"": 10814456019797}"
"U(0.01,0.1), eps=1e-08",0.01,0.1,1e-08,reverse_eng_risk,13044964939485,find_phi_fixed_budget_reverse_engineering_risk,"{""m_exploration"": 170399, ""eps_target"": 1e-08, ""budget"": 13044964939485}"
"U(0.01,0.1), eps=1e-08",0.01,0.1,1e-08,reverse_eng_risk,15735521968084,find_phi_fixed_budget_reverse_engineering_risk,"{""m_exploration"": 170399, ""eps_target"": 1e-08, ""budget"": 15735521968084}"
"U(0.01,0.1), eps=1e-08",0.01,0.1,1e-08,reverse_eng_risk,18981013192192,find_phi_fixed_budget_reverse_engineering_risk,"{""m_exploration"": 170399, ""eps_target"": 1e-08, ""budget"": 18981013192192}"
"U(0.01,0.1), eps=1e-08",0.01,0.1,1e-08,reverse_eng_risk,22895895193876,find_phi_fixed_budget_reverse_engineering_risk,"{""m_exploration"": 170399, ""eps_target"": 1e-08, ""budget"": 22895895193876}"
"U(0.01,0.1), eps=1e-08",0.01,0.1,1e-08,reverse_eng_risk,27618231514879,find_phi_fixed_budget_reverse_engineering_risk,"{""m_exploration"": 170399, ""eps_target"": 1e-08, ""budget"": 27618231514879}"
"U(0.01,0.1), eps=1e-08",0.01,0.1,1e-08,reverse_eng_risk,33314561651797,find_phi_fixed_budget_reverse_engineering_risk,"{""m_exploration"": 170399, ""eps_target"": 1e-08, ""budget"": 33314561651797}"
"U(0.01,0.1), eps=1e-08",0.01,0.1,1e-08,reverse_eng_risk,40185774293819,find_phi_fixed_budget_reverse_engineering_risk,"{""m_exploration"": 2691, ""eps_target"": 1e-08, ""budget"": 40185774293819}"
"U(0.01,0.1), eps=1e-08",0.01,0.1,1e-08,reverse_eng_risk,48474191930623,find_phi_fixed_budget_reverse_engineering_risk,"{""m_exploration"": 170399, ""eps_target"": 1e-08, ""budget"": 48474191930623}"
"U(0.01,0.1), eps=1e-08",0.01,0.1,1e-08,reverse_eng_risk,58472116678571,find_phi_fixed_budget_reverse_engineering_risk,"{""m_exploration"": 170399, ""eps_target"": 1e-08, ""budget"": 58472116678571}"
"U(0.01,0.1), eps=1e-08",0.01,0.1,1e-08,reverse_eng_risk,70532138705184,find_phi_fixed_budget_reverse_engineering_risk,"{""m_exploration"": 2229, ""eps_target"": 1e-08, ""budget"": 70532138705184}"
"U(0.01,0.1), eps=1e-08",0.01,0.1,1e-08,reverse_eng_risk,85079570792251,find_phi_fixed_budget_reverse_engineering_risk,"{""m_exploration"": 66381, ""eps_target"": 1e-08, ""budget"": 85079570792251}"
"U(0.01,0.1), eps=1e-08",0.01,0.1,1e-08,reverse_eng_risk,102627447559047,find_phi_fixed_budget_reverse_engineering_risk,"{""m_exploration"": 3924, ""eps_target"": 1e-08, ""budget"": 102627447559047}"
"U(0.01,0.1), eps=1e-08",0.01,0.1,1e-08,reverse_eng_risk,123794618313287,find_phi_fixed_budget_reverse_engineering_risk,"{""m_exploration"": 31225, ""eps_target"": 1e-08, ""budget"": 123794618313287}"
"U(0.01,0.1), eps=1e-08",0.01,0.1,1e-08,reverse_eng_risk,149327571598378,find_phi_fixed_budget_reverse_engineering_risk,"{""m_exploration"": 2691, ""eps_target"": 1e-08, ""budget"": 149327571598378}"
"U(0.01,0.1), eps=1e-08",0.01,0.1,1e-08,reverse_eng_risk,180126761108769,find_phi_fixed_budget_reverse_engineering_risk,"{""m_exploration"": 10074, ""eps_target"": 1e-08, ""budget"": 180126761108769}"
"U(0.01,0.1), eps=1e-08",0.01,0.1,1e-08,reverse_eng_risk,217278361391956,find_phi_fixed_budget_reverse_engineering_risk,"{""m_exploration"": 66381, ""eps_target"": 1e-08, ""budget"": 217278361391956}"
"U(0.01,0.1), eps=1e-08",0.01,0.1,1e-08,reverse_eng_risk,262092573244382,find_phi_fixed_budget_reverse_engineering_risk,"{""m_exploration"": 2691, ""eps_target"": 1e-08, ""budget"": 262092573244382}"
"U(0.01,0.1), eps=1e-08",0.01,0.1,1e-08,reverse_eng_risk,316149829692175,find_phi_fixed_budget_reverse_engineering_risk,"{""m_exploration"": 2691, ""eps_target"": 1e-08, ""budget"": 316149829692175}"
"U(0.01,0.1), eps=1e-08",0.01,0.1,1e-08,reverse_eng_risk,381356532072333,find_phi_fixed_budget_reverse_engineering_risk,"{""m_exploration"": 2691, ""eps_target"": 1e-08, ""budget"": 381356532072333}"
"U(0.01,0.1), eps=1e-08",0.01,0.1,1e-08,reverse_eng_risk,460012281821689,find_phi_fixed_budget_reverse_engineering_risk,"{""m_exploration"": 2691, ""eps_target"": 1e-08, ""budget"": 460012281821689}"
"U(0.01,0.1), eps=1e-08",0.01,0.1,1e-08,reverse_eng_risk,554890978992489,find_phi_fixed_budget_reverse_engineering_risk,"{""m_exploration"": 3250, ""eps_target"": 1e-08, ""budget"": 554890978992489}"
"U(0.01,0.1), eps=1e-08",0.01,0.1,1e-08,reverse_eng_risk,669338647542012,find_phi_fixed_budget_reverse_engineering_risk,"{""m_exploration"": 3250, ""eps_target"": 1e-08, ""budget"": 669338647542012}"
"U(0.01,0.1), eps=1e-08",0.01,0.1,1e-08,reverse_eng_risk,807391437335714,find_phi_fixed_budget_reverse_engineering_risk,"{""m_exploration"": 868, ""eps_target"": 1e-08, ""budget"": 807391437335714}"
"U(0.01,0.1), eps=1e-08",0.01,0.1,1e-08,reverse_eng_risk,973917964362154,find_phi_fixed_budget_reverse_engineering_risk,"{""m_exploration"": 3250, ""eps_target"": 1e-08, ""budget"": 973917964362154}"
"U(0.01,0.1), eps=1e-08",0.01,0.1,1e-08,reverse_eng_risk,1174791008977376,find_phi_fixed_budget_reverse_engineering_risk,"{""m_exploration"": 3250, ""eps_target"": 1e-08, ""budget"": 1174791008977376}"
"U(0.01,0.1), eps=1e-08",0.01,0.1,1e-08,reverse_eng_risk,1417094627346739,find_phi_fixed_budget_reverse_engineering_risk,"{""m_exploration"": 1528, ""eps_target"": 1e-08, ""budget"": 1417094627346739}"
"U(0.01,0.1), eps=1e-08",0.01,0.1,1e-08,reverse_eng_risk,1709373980145668,find_phi_fixed_budget_reverse_engineering_risk,"{""m_exploration"": 90, ""eps_target"": 1e-08, ""budget"": 1709373980145668}"
"U(0.01,0.1), eps=1e-08",0.01,0.1,1e-08,reverse_eng_risk,2061936689062103,find_phi_fixed_budget_reverse_engineering_risk,"{""m_exploration"": 35, ""eps_target"": 1e-08, ""budget"": 2061936689062103}"
"U(0.01,0.1), eps=1e-08",0.01,0.1,1e-08,reverse_eng_risk,2487216348840222,find_phi_fixed_budget_reverse_engineering_risk,"{""m_exploration"": 20, ""eps_target"": 1e-08, ""budget"": 2487216348840222}"
"U(0.01,0.1), eps=1e-08",0.01,0.1,1e-08,reverse_eng_risk,3000211014602975,find_phi_fixed_budget_reverse_engineering_risk,"{""m_exploration"": 20, ""eps_target"": 1e-08, ""budget"": 3000211014602975}"
"U(0.01,0.1), eps=1e-08",0.01,0.1,1e-08,reverse_eng_risk,3619012128294440,find_phi_fixed_budget_reverse_engineering_risk,"{""m_exploration"": 20, ""eps_target"": 1e-08, ""budget"": 3619012128294440}"
"U(0.01,0.1), eps=1e-08",0.01,0.1,1e-08,reverse_eng_risk,4365442537539460,find_phi_fixed_budget_reverse_engineering_risk,"{""m_exploration"": 20, ""eps_target"": 1e-08, ""budget"": 4365442537539460}"
"U(0.01,0.1), eps=1e-08",0.01,0.1,1e-08,reverse_eng_risk,5265826107507471,find_phi_fixed_budget_reverse_engineering_risk,"{""m_exploration"": 20, ""eps_target"": 1e-08, ""budget"": 5265826107507471}"
"U(0.01,0.1), eps=1e-08",0.01,0.1,1e-08,reverse_eng_risk,6351916067170663,find_phi_fixed_budget_reverse_engineering_risk,"{""m_exploration"": 20, ""eps_target"": 1e-08, ""budget"": 6351916067170663}"
"U(0.01,0.1), eps=1e-08",0.01,0.1,1e-08,reverse_eng_risk,7662014829327249,find_phi_fixed_budget_reverse_engineering_risk,"{""m_exploration"": 20, ""eps_target"": 1e-08, ""budget"": 7662014829327249}"
"U(0.01,0.1), eps=1e-08",0.01,0.1,1e-08,reverse_eng_risk,9242324776338010,find_phi_fixed_budget_reverse_engineering_risk,"{""m_exploration"": 20, ""eps_target"": 1e-08, ""budget"": 9242324776338010}"
"U(0.01,0.1), eps=1e-08",0.01,0.1,1e-08,reverse_eng_risk,11148577648839002,find_phi_fixed_budget_reverse_engineering_risk,"{""m_exploration"": 20, ""eps_target"": 1e-08, ""budget"": 11148577648839002}"
"U(0.01,0.1), eps=1e-08",0.01,0.1,1e-08,reverse_eng_risk,13447999999999998,find_phi_fixed_budget_reverse_engineering_risk,"{""m_exploration"": 20, ""eps_target"": 1e-08, ""budget"": 13447999999999998}"
"U(0.01,0.1), eps=1e-08",0.01,0.1,1e-08,binary_risk,8965333333333,find_phi_fixed_budget_binary_search_risk,"{""m_exploration"": 300000, ""conf"": 0.95, ""eps_target"": 1e-08, ""budget"": 8965333333333}"
"U(0.01,0.1), eps=1e-08",0.01,0.1,1e-08,binary_risk,10814456019797,find_phi_fixed_budget_binary_search_risk,"{""m_exploration"": 300000, ""conf"": 0.95, ""eps_target"": 1e-08, ""budget"": 10814456019797}"
"U(0.01,0.1), eps=1e-08",0.01,0.1,1e-08,binary_risk,13044964939485,find_phi_fixed_budget_binary_search_risk,"{""m_exploration"": 300000, ""conf"": 0.95, ""eps_target"": 1e-08, ""budget"": 13044964939485}"
"U(0.01,0.1), eps=1e-08",0.01,0.1,1e-08,binary_risk,15735521968084,find_phi_fixed_budget_binary_search_risk,"{""m_exploration"": 300000, ""conf"": 0.95, ""eps_target"": 1e-08, ""budget"": 15735521968084}"
"U(0.01,0.1), eps=1e-08",0.01,0.1,1e-08,binary_risk,18981013192192,find_phi_fixed_budget_binary_search_risk,"{""m_exploration"": 300000, ""conf"": 0.9, ""eps_target"": 1e-08, ""budget"": 18981013192192}"
"U(0.01,0.1), eps=1e-08",0.01,0.1,1e-08,binary_risk,22895895193876,find_phi_fixed_budget_binary_search_risk,"{""m_exploration"": 300000, ""conf"": 0.9, ""eps_target"": 1e-08, ""budget"": 22895895193876}"
"U(0.01,0.1), eps=1e-08",0.01,0.1,1e-08,binary_risk,27618231514879,find_phi_fixed_budget_binary_search_risk,"{""m_exploration"": 139006, ""conf"": 0.9, ""eps_target"": 1e-08, ""budget"": 27618231514879}"
"U(0.01,0.1), eps=1e-08",0.01,0.1,1e-08,binary_risk,33314561651797,find_phi_fixed_budget_binary_search_risk,"{""m_exploration"": 94621, ""conf"": 0.95, ""eps_target"": 1e-08, ""budget"": 33314561651797}"
"U(0.01,0.1), eps=1e-08",0.01,0.1,1e-08,binary_risk,40185774293819,find_phi_fixed_budget_binary_search_risk,"{""m_exploration"": 300000, ""conf"": 0.95, ""eps_target"": 1e-08, ""budget"": 40185774293819}"
"U(0.01,0.1), eps=1e-08",0.01,0.1,1e-08,binary_risk,48474191930623,find_phi_fixed_budget_binary_search_risk,"{""m_exploration"": 139006, ""conf"": 0.95, ""eps_target"": 1e-08, ""budget"": 48474191930623}"
"U(0.01,0.1), eps=1e-08",0.01,0.1,1e-08,binary_risk,58472116678571,find_phi_fixed_budget_binary_search_risk,"{""m_exploration"": 139006, ""conf"": 0.95, ""eps_target"": 1e-08, ""budget"": 58472116678571}"
"U(0.01,0.1), eps=1e-08",0.01,0.1,1e-08,binary_risk,70532138705184,find_phi_fixed_budget_binary_search_risk,"{""m_exploration"": 300000, ""conf"": 0.9, ""eps_target"": 1e-08, ""budget"": 70532138705184}"
"U(0.01,0.1), eps=1e-08",0.01,0.1,1e-08,binary_risk,85079570792251,find_phi_fixed_budget_binary_search_risk,"{""m_exploration"": 300000, ""conf"": 0.9, ""eps_target"": 1e-08, ""budget"": 85079570792251}"
"U(0.01,0.1), eps=1e-08",0.01,0.1,1e-08,binary_risk,102627447559047,find_phi_fixed_budget_binary_search_risk,"{""m_exploration"": 300000, ""conf"": 0.9, ""eps_target"": 1e-08, ""budget"": 102627447559047}"
"U(0.01,0.1), eps=1e-08",0.01,0.1,1e-08,binary_risk,123794618313287,find_phi_fixed_budget_binary_search_risk,"{""m_exploration"": 139006, ""conf"": 0.9, ""eps_target"": 1e-08, ""budget"": 123794618313287}"
"U(0.01,0.1), eps=1e-08",0.01,0.1,1e-08,binary_risk,149327571598378,find_phi_fixed_budget_binary_search_risk,"{""m_exploration"": 139006, ""conf"": 0.9, ""eps_target"": 1e-08, ""budget"": 149327571598378}"
"U(0.01,0.1), eps=1e-08",0.01,0.1,1e-08,binary_risk,180126761108769,find_phi_fixed_budget_binary_search_risk,"{""m_exploration"": 139006, ""conf"": 0.9, ""eps_target"": 1e-08, ""budget"": 180126761108769}"
"U(0.01,0.1), eps=1e-08",0.01,0.1,1e-08,binary_risk,217278361391956,find_phi_fixed_budget_binary_search_risk,"{""m_exploration"": 139006, ""conf"": 0.9, ""eps_target"": 1e-08, ""budget"": 217278361391956}"
"U(0.01,0.1), eps=1e-08",0.01,0.1,1e-08,binary_risk,262092573244382,find_phi_fixed_budget_binary_search_risk,"{""m_exploration"": 300000, ""conf"": 0.9, ""eps_target"": 1e-08, ""budget"": 262092573244382}"
"U(0.01,0.1), eps=1e-08",0.01,0.1,1e-08,binary_risk,316149829692175,find_phi_fixed_budget_binary_search_risk,"{""m_exploration"": 300000, ""conf"": 0.9, ""eps_target"": 1e-08, ""budget"": 316149829692175}"
"U(0.01,0.1), eps=1e-08",0.01,0.1,1e-08,binary_risk,381356532072333,find_phi_fixed_budget_binary_search_risk,"{""m_exploration"": 29844, ""conf"": 0.8, ""eps_target"": 1e-08, ""budget"": 381356532072333}"
"U(0.01,0.1), eps=1e-08",0.01,0.1,1e-08,binary_risk,460012281821689,find_phi_fixed_budget_binary_search_risk,"{""m_exploration"": 29844, ""conf"": 0.65, ""eps_target"": 1e-08, ""budget"": 460012281821689}"
"U(0.01,0.1), eps=1e-08",0.01,0.1,1e-08,binary_risk,554890978992489,find_phi_fixed_budget_binary_search_risk,"{""m_exploration"": 29844, ""conf"": 0.9, ""eps_target"": 1e-08, ""budget"": 554890978992489}"
"U(0.01,0.1), eps=1e-08",0.01,0.1,1e-08,binary_risk,669338647542012,find_phi_fixed_budget_binary_search_risk,"{""m_exploration"": 20314, ""conf"": 0.9, ""eps_target"": 1e-08, ""budget"": 669338647542012}"
"U(0.01,0.1), eps=1e-08",0.01,0.1,1e-08,binary_risk,807391437335714,find_phi_fixed_budget_binary_search_risk,"{""m_exploration"": 2968, ""conf"": 0.5, ""eps_target"": 1e-08, ""budget"": 807391437335714}"
"U(0.01,0.1), eps=1e-08",0.01,0.1,1e-08,binary_risk,973917964362154,find_phi_fixed_budget_binary_search_risk,"{""m_exploration"": 20314, ""conf"": 0.5, ""eps_target"": 1e-08, ""budget"": 973917964362154}"
"U(0.01,0.1), eps=1e-08",0.01,0.1,1e-08,binary_risk,1174791008977376,find_phi_fixed_budget_binary_search_risk,"{""m_exploration"": 20314, ""conf"": 0.5, ""eps_target"": 1e-08, ""budget"": 1174791008977376}"
"U(0.01,0.1), eps=1e-08",0.01,0.1,1e-08,binary_risk,1417094627346739,find_phi_fixed_budget_binary_search_risk,"{""m_exploration"": 4361, ""conf"": 0.5, ""eps_target"": 1e-08, ""budget"": 1417094627346739}"
"U(0.01,0.1), eps=1e-08",0.01,0.1,1e-08,binary_risk,1709373980145668,find_phi_fixed_budget_binary_search_risk,"{""m_exploration"": 201, ""conf"": 0.5, ""eps_target"": 1e-08, ""budget"": 1709373980145668}"
"U(0.01,0.1), eps=1e-08",0.01,0.1,1e-08,binary_risk,2061936689062103,find_phi_fixed_budget_binary_search_risk,"{""m_exploration"": 93, ""conf"": 0.5, ""eps_target"": 1e-08, ""budget"": 2061936689062103}"
"U(0.01,0.1), eps=1e-08",0.01,0.1,1e-08,binary_risk,2487216348840222,find_phi_fixed_budget_binary_search_risk,"{""m_exploration"": 93, ""conf"": 0.5, ""eps_target"": 1e-08, ""budget"": 2487216348840222}"
"U(0.01,0.1), eps=1e-08",0.01,0.1,1e-08,binary_risk,3000211014602975,find_phi_fixed_budget_binary_search_risk,"{""m_exploration"": 43, ""conf"": 0.5, ""eps_target"": 1e-08, ""budget"": 3000211014602975}"
"U(0.01,0.1), eps=1e-08",0.01,0.1,1e-08,binary_risk,3619012128294440,find_phi_fixed_budget_binary_search_risk,"{""m_exploration"": 43, ""conf"": 0.5, ""eps_target"": 1e-08, ""budget"": 3619012128294440}"
"U(0.01,0.1), eps=1e-08",0.01,0.1,1e-08,binary_risk,4365442537539460,find_phi_fixed_budget_binary_search_risk,"{""m_exploration"": 43, ""conf"": 0.5, ""eps_target"": 1e-08, ""budget"": 4365442537539460}"
"U(0.01,0.1), eps=1e-08",0.01,0.1,1e-08,binary_risk,5265826107507471,find_phi_fixed_budget_binary_search_risk,"{""m_exploration"": 20, ""conf"": 0.5, ""eps_target"": 1e-08, ""budget"": 5265826107507471}"
"U(0.01,0.1), eps=1e-08",0.01,0.1,1e-08,binary_risk,6351916067170663,find_phi_fixed_budget_binary_search_risk,"{""m_exploration"": 20, ""conf"": 0.5, ""eps_target"": 1e-08, ""budget"": 6351916067170663}"
"U(0.01,0.1), eps=1e-08",0.01,0.1,1e-08,binary_risk,7662014829327249,find_phi_fixed_budget_binary_search_risk,"{""m_exploration"": 20, ""conf"": 0.5, ""eps_target"": 1e-08, ""budget"": 7662014829327249}"
"U(0.01,0.1), eps=1e-08",0.01,0.1,1e-08,binary_risk,9242324776338010,find_phi_fixed_budget_binary_search_risk,"{""m_exploration"": 20, ""conf"": 0.5, ""eps_target"": 1e-08, ""budget"": 9242324776338010}"
"U(0.01,0.1), eps=1e-08",0.01,0.1,1e-08,binary_risk,11148577648839002,find_phi_fixed_budget_binary_search_risk,"{""m_exploration"": 20, ""conf"": 0.5, ""eps_target"": 1e-08, ""budget"": 11148577648839002}"
"U(0.01,0.1), eps=1e-08",0.01,0.1,1e-08,binary_risk,13447999999999998,find_phi_fixed_budget_binary_search_risk,"{""m_exploration"": 20, ""conf"": 0.5, ""eps_target"": 1e-08, ""budget"": 13447999999999998}"
"U(0.001,0.01), eps=1e-08",0.001,0.01,1e-08,linear,856560509554,find_phi_fixed_budget_linear_search,"{""m_exploration"": 1084, ""lookback_window"": 5, ""safeguard"": 2, ""inc"": 5, ""budget"": 856560509554}"
"U(0.001,0.01), eps=1e-08",0.001,0.01,1e-08,linear,1033228282146,find_phi_fixed_budget_linear_search,"{""m_exploration"": 1084, ""lookback_window"": 5, ""safeguard"": 1, ""inc"": 5, ""budget"": 1033228282146}"
"U(0.001,0.01), eps=1e-08",0.001,0.01,1e-08,linear,1246334229887,find_phi_fixed_budget_linear_search,"{""m_exploration"": 1084, ""lookback_window"": 5, ""safeguard"": 3, ""inc"": 5, ""budget"": 1246334229887}"
"U(0.001,0.01), eps=1e-08",0.001,0.01,1e-08,linear,1503393818606,find_phi_fixed_budget_linear_search,"{""m_exploration"": 1084, ""lookback_window"": 5, ""safeguard"": 3, ""inc"": 5, ""budget"": 1503393818606}"
"U(0.001,0.01), eps=1e-08",0.001,0.01,1e-08,linear,1813472597980,find_phi_fixed_budget_linear_search,"{""m_exploration"": 1084, ""lookback_window"": 5, ""safeguard"": 3, ""inc"": 5, ""budget"": 1813472597980}"
"U(0.001,0.01), eps=1e-08",0.001,0.01,1e-08,linear,2187505910242,find_phi_fixed_budget_linear_search,"{""m_exploration"": 1084, ""lookback_window"": 5, ""safeguard"": 3, ""inc"": 5, ""budget"": 2187505910242}"
"U(0.001,0.01), eps=1e-08",0.001,0.01,1e-08,linear,2638684539638,find_phi_fixed_budget_linear_search,"{""m_exploration"": 12071, ""lookback_window"": 5, ""safeguard"": 2, ""inc"": 5, ""budget"": 2638684539638}"
"U(0.001,0.01), eps=1e-08",0.001,0.01,1e-08,linear,3182919903037,find_phi_fixed_budget_linear_search,"{""m_exploration"": 1084, ""lookback_window"": 5, ""safeguard"": 3, ""inc"": 5, ""budget"": 3182919903037}"
"U(0.001,0.01), eps=1e-08",0.001,0.01,1e-08,linear,3839405187307,find_phi_fixed_budget_linear_search,"{""m_exploration"": 1084, ""lookback_window"": 5, ""safeguard"": 2, ""inc"": 5, ""budget"": 3839405187307}"
"U(0.001,0.01), eps=1e-08",0.001,0.01,1e-08,linear,4631292222671,find_phi_fixed_budget_linear_search,"{""m_exploration"": 1084, ""lookback_window"": 5, ""safeguard"": 3, ""inc"": 5, ""budget"": 4631292222671}"
"U(0.001,0.01), eps=1e-08",0.001,0.01,1e-08,linear,5586507962920,find_phi_fixed_budget_linear_search,"{""m_exploration"": 1084, ""lookback_window"": 5, ""safeguard"": 3, ""inc"": 5, ""budget"": 5586507962920}"
"U(0.001,0.01), eps=1e-08",0.001,0.01,1e-08,linear,6738739366737,find_phi_fixed_budget_linear_search,"{""m_exploration"": 1084, ""lookback_window"": 5, ""safeguard"": 3, ""inc"": 5, ""budget"": 6738739366737}"
"U(0.001,0.01), eps=1e-08",0.001,0.01,1e-08,linear,8128621413272,find_phi_fixed_budget_linear_search,"{""m_exploration"": 7066, ""lookback_window"": 5, ""safeguard"": 1, ""inc"": 5, ""budget"": 8128621413272}"
"U(0.001,0.01), eps=1e-08",0.001,0.01,1e-08,linear,9805170148953,find_phi_fixed_budget_linear_search,"{""m_exploration"": 7066, ""lookback_window"": 5, ""safeguard"": 1, ""inc"": 5, ""budget"": 9805170148953}"
"U(0.001,0.01), eps=1e-08",0.001,0.01,1e-08,linear,11827511303817,find_phi_fixed_budget_linear_search,"{""m_exploration"": 3165, ""lookback_window"": 5, ""safeguard"": 1, ""inc"": 5, ""budget"": 11827511303817}"
"U(0.001,0.01), eps=1e-08",0.001,0.01,1e-08,linear,14266965439335,find_phi_fixed_budget_linear_search,"{""m_exploration"": 3165, ""lookback_window"": 5, ""safeguard"": 1, ""inc"": 5, ""budget"": 14266965439335}"
"U(0.001,0.01), eps=1e-08",0.001,0.01,1e-08,linear,17209563163258,find_phi_fixed_budget_linear_search,"{""m_exploration"": 3165, ""lookback_window"": 5, ""safeguard"": 2, ""inc"": 5, ""budget"": 17209563163258}"
"U(0.001,0.01), eps=1e-08",0.001,0.01,1e-08,linear,20759079113881,find_phi_fixed_budget_linear_search,"{""m_exploration"": 3165, ""lookback_window"": 5, ""safeguard"": 2, ""inc"": 5, ""budget"": 20759079113881}"
"U(0.001,0.01), eps=1e-08",0.001,0.01,1e-08,linear,25040691711246,find_phi_fixed_budget_linear_search,"{""m_exploration"": 3165, ""lookback_window"": 5, ""safeguard"": 2, ""inc"": 5, ""budget"": 25040691711246}"
"U(0.001,0.01), eps=1e-08",0.001,0.01,1e-08,linear,30205397741290,find_phi_fixed_budget_linear_search,"{""m_exploration"": 3165, ""lookback_window"": 5, ""safeguard"": 2, ""inc"": 5, ""budget"": 30205397741290}"
"U(0.001,0.01), eps=1e-08",0.001,0.01,1e-08,linear,36435337459140,find_phi_fixed_budget_linear_search,"{""m_exploration"": 2421, ""lookback_window"": 5, ""safeguard"": 2, ""inc"": 5, ""budget"": 36435337459140}"
"U(0.001,0.01), eps=1e-08",0.001,0.01,1e-08,linear,43950218008441,find_phi_fixed_budget_linear_search,"{""m_exploration"": 2421, ""lookback_window"": 5, ""safeguard"": 5, ""inc"": 5, ""budget"": 43950218008441}"
"U(0.001,0.01), eps=1e-08",0.001,0.01,1e-08,linear,53015061687180,find_phi_fixed_budget_linear_search,"{""m_exploration"": 3165, ""lookback_window"": 5, ""safeguard"": 2, ""inc"": 5, ""budget"": 53015061687180}"
"U(0.001,0.01), eps=1e-08",0.001,0.01,1e-08,linear,63949552312931,find_phi_fixed_budget_linear_search,"{""m_exploration"": 2421, ""lookback_window"": 5, ""safeguard"": 3, ""inc"": 5, ""budget"": 63949552312931}"
"U(0.001,0.01), eps=1e-08",0.001,0.01,1e-08,linear,77139309299590,find_phi_fixed_budget_linear_search,"{""m_exploration"": 3165, ""lookback_window"": 5, ""safeguard"": 2, ""inc"": 5, ""budget"": 77139309299590}"
"U(0.001,0.01), eps=1e-08",0.001,0.01,1e-08,linear,93049487040969,find_phi_fixed_budget_linear_search,"{""m_exploration"": 166, ""lookback_window"": 5, ""safeguard"": 5, ""inc"": 2, ""budget"": 93049487040969}"
"U(0.001,0.01), eps=1e-08",0.001,0.01,1e-08,linear,112241179201660,find_phi_fixed_budget_linear_search,"{""m_exploration"": 74, ""lookback_window"": 5, ""safeguard"": 5, ""inc"": 1, ""budget"": 112241179201660}"
"U(0.001,0.01), eps=1e-08",0.001,0.01,1e-08,linear,135391206434402,find_phi_fixed_budget_linear_search,"{""m_exploration"": 829, ""lookback_window"": 3, ""safeguard"": 3, ""inc"": 5, ""budget"": 135391206434402}"
"U(0.001,0.01), eps=1e-08",0.001,0.01,1e-08,linear,163315985364235,find_phi_fixed_budget_linear_search,"{""m_exploration"": 97, ""lookback_window"": 2, ""safeguard"": 5, ""inc"": 5, ""budget"": 163315985364235}"
"U(0.001,0.01), eps=1e-08",0.001,0.01,1e-08,linear,197000320611029,find_phi_fixed_budget_linear_search,"{""m_exploration"": 3, ""lookback_window"": 1, ""safeguard"": 1, ""inc"": 1, ""budget"": 197000320611029}"
"U(0.001,0.01), eps=1e-08",0.001,0.01,1e-08,linear,237632135239512,find_phi_fixed_budget_linear_search,"{""m_exploration"": 3, ""lookback_window"": 1, ""safeguard"": 1, ""inc"": 1, ""budget"": 237632135239512}"
"U(0.001,0.01), eps=1e-08",0.001,0.01,1e-08,linear,286644364452512,find_phi_fixed_budget_linear_search,"{""m_exploration"": 3, ""lookback_window"": 1, ""safeguard"": 1, ""inc"": 1, ""budget"": 286644364452512}"
"U(0.001,0.01), eps=1e-08",0.001,0.01,1e-08,linear,345765489964437,find_phi_fixed_budget_linear_search,"{""m_exploration"": 3, ""lookback_window"": 1, ""safeguard"": 1, ""inc"": 1, ""budget"": 345765489964437}"
"U(0.001,0.01), eps=1e-08",0.001,0.01,1e-08,linear,417080497217146,find_phi_fixed_budget_linear_search,"{""m_exploration"": 3, ""lookback_window"": 1, ""safeguard"": 1, ""inc"": 1, ""budget"": 417080497217146}"
"U(0.001,0.01), eps=1e-08",0.001,0.01,1e-08,linear,503104405175871,find_phi_fixed_budget_linear_search,"{""m_exploration"": 3, ""lookback_window"": 1, ""safeguard"": 1, ""inc"": 1, ""budget"": 503104405175871}"
"U(0.001,0.01), eps=1e-08",0.001,0.01,1e-08,linear,606870961831593,find_phi_fixed_budget_linear_search,"{""m_exploration"": 3, ""lookback_window"": 1, ""safeguard"": 1, ""inc"": 1, ""budget"": 606870961831593}"
"U(0.001,0.01), eps=1e-08",0.001,0.01,1e-08,linear,732039633375216,find_phi_fixed_budget_linear_search,"{""m_exploration"": 3, ""lookback_window"": 1, ""safeguard"": 1, ""inc"": 1, ""budget"": 732039633375216}"
"U(0.001,0.01), eps=1e-08",0.001,0.01,1e-08,linear,883024660159680,find_phi_fixed_budget_linear_search,"{""m_exploration"": 3, ""lookback_window"": 1, ""safeguard"": 1, ""inc"": 1, ""budget"": 883024660159680}"
"U(0.001,0.01), eps=1e-08",0.001,0.01,1e-08,linear,1065150730780802,find_phi_fixed_budget_linear_search,"{""m_exploration"": 3, ""lookback_window"": 1, ""safeguard"": 1, ""inc"": 1, ""budget"": 1065150730780802}"
"U(0.001,0.01), eps=1e-08",0.001,0.01,1e-08,linear,1284840764331210,find_phi_fixed_budget_linear_search,"{""m_exploration"": 3, ""lookback_window"": 1, ""safeguard"": 1, ""inc"": 1, ""budget"": 1284840764331210}"
"U(0.001,0.01), eps=1e-08",0.001,0.01,1e-08,reverse_eng,856560509554,find_phi_fixed_budget_reverse_engineering,"{""m_exploration"": 141118, ""safeguard"": 0.975, ""budget"": 856560509554}"
"U(0.001,0.01), eps=1e-08",0.001,0.01,1e-08,reverse_eng,1033228282146,find_phi_fixed_budget_reverse_engineering,"{""m_exploration"": 141118, ""safeguard"": 0.975, ""budget"": 1033228282146}"
"U(0.001,0.01), eps=1e-08",0.001,0.01,1e-08,reverse_eng,1246334229887,find_phi_fixed_budget_reverse_engineering,"{""m_exploration"": 141118, ""safeguard"": 0.975, ""budget"": 1246334229887}"
"U(0.001,0.01), eps=1e-08",0.001,0.01,1e-08,reverse_eng,1503393818606,find_phi_fixed_budget_reverse_engineering,"{""m_exploration"": 141118, ""safeguard"": 0.975, ""budget"": 1503393818606}"
"U(0.001,0.01), eps=1e-08",0.001,0.01,1e-08,reverse_eng,1813472597980,find_phi_fixed_budget_reverse_engineering,"{""m_exploration"": 116869, ""safeguard"": 0.975, ""budget"": 1813472597980}"
"U(0.001,0.01), eps=1e-08",0.001,0.01,1e-08,reverse_eng,2187505910242,find_phi_fixed_budget_reverse_engineering,"{""m_exploration"": 116869, ""safeguard"": 0.975, ""budget"": 2187505910242}"
"U(0.001,0.01), eps=1e-08",0.001,0.01,1e-08,reverse_eng,2638684539638,find_phi_fixed_budget_reverse_engineering,"{""m_exploration"": 116869, ""safeguard"": 0.975, ""budget"": 2638684539638}"
"U(0.001,0.01), eps=1e-08",0.001,0.01,1e-08,reverse_eng,3182919903037,find_phi_fixed_budget_reverse_engineering,"{""m_exploration"": 17736, ""safeguard"": 0.95, ""budget"": 3182919903037}"
"U(0.001,0.01), eps=1e-08",0.001,0.01,1e-08,reverse_eng,3839405187307,find_phi_fixed_budget_reverse_engineering,"{""m_exploration"": 17736, ""safeguard"": 0.975, ""budget"": 3839405187307}"
"U(0.001,0.01), eps=1e-08",0.001,0.01,1e-08,reverse_eng,4631292222671,find_phi_fixed_budget_reverse_engineering,"{""m_exploration"": 17736, ""safeguard"": 0.975, ""budget"": 4631292222671}"
"U(0.001,0.01), eps=1e-08",0.001,0.01,1e-08,reverse_eng,5586507962920,find_phi_fixed_budget_reverse_engineering,"{""m_exploration"": 17736, ""safeguard"": 0.95, ""budget"": 5586507962920}"
"U(0.001,0.01), eps=1e-08",0.001,0.01,1e-08,reverse_eng,6738739366737,find_phi_fixed_budget_reverse_engineering,"{""m_exploration"": 17736, ""safeguard"": 0.975, ""budget"": 6738739366737}"
"U(0.001,0.01), eps=1e-08",0.001,0.01,1e-08,reverse_eng,8128621413272,find_phi_fixed_budget_reverse_engineering,"{""m_exploration"": 96786, ""safeguard"": 0.975, ""budget"": 8128621413272}"
"U(0.001,0.01), eps=1e-08",0.001,0.01,1e-08,reverse_eng,9805170148953,find_phi_fixed_budget_reverse_engineering,"{""m_exploration"": 17736, ""safeguard"": 0.95, ""budget"": 9805170148953}"
"U(0.001,0.01), eps=1e-08",0.001,0.01,1e-08,reverse_eng,11827511303817,find_phi_fixed_budget_reverse_engineering,"{""m_exploration"": 17736, ""safeguard"": 0.95, ""budget"": 11827511303817}"
"U(0.001,0.01), eps=1e-08",0.001,0.01,1e-08,reverse_eng,14266965439335,find_phi_fixed_budget_reverse_engineering,"{""m_exploration"": 17736, ""safeguard"": 0.975, ""budget"": 14266965439335}"
"U(0.001,0.01), eps=1e-08",0.001,0.01,1e-08,reverse_eng,17209563163258,find_phi_fixed_budget_reverse_engineering,"{""m_exploration"": 80155, ""safeguard"": 0.975, ""budget"": 17209563163258}"
"U(0.001,0.01), eps=1e-08",0.001,0.01,1e-08,reverse_eng,20759079113881,find_phi_fixed_budget_reverse_engineering,"{""m_exploration"": 80155, ""safeguard"": 0.975, ""budget"": 20759079113881}"
"U(0.001,0.01), eps=1e-08",0.001,0.01,1e-08,reverse_eng,25040691711246,find_phi_fixed_budget_reverse_engineering,"{""m_exploration"": 80155, ""safeguard"": 0.975, ""budget"": 25040691711246}"
"U(0.001,0.01), eps=1e-08",0.001,0.01,1e-08,reverse_eng,30205397741290,find_phi_fixed_budget_reverse_engineering,"{""m_exploration"": 14688, ""safeguard"": 0.95, ""budget"": 30205397741290}"
"U(0.001,0.01), eps=1e-08",0.001,0.01,1e-08,reverse_eng,36435337459140,find_phi_fixed_budget_reverse_engineering,"{""m_exploration"": 14688, ""safeguard"": 0.95, ""budget"": 36435337459140}"
"U(0.001,0.01), eps=1e-08",0.001,0.01,1e-08,reverse_eng,43950218008441,find_phi_fixed_budget_reverse_engineering,"{""m_exploration"": 21416, ""safeguard"": 0.95, ""budget"": 43950218008441}"
"U(0.001,0.01), eps=1e-08",0.001,0.01,1e-08,reverse_eng,53015061687180,find_phi_fixed_budget_reverse_engineering,"{""m_exploration"": 96786, ""safeguard"": 0.975, ""budget"": 53015061687180}"
"U(0.001,0.01), eps=1e-08",0.001,0.01,1e-08,reverse_eng,63949552312931,find_phi_fixed_budget_reverse_engineering,"{""m_exploration"": 17736, ""safeguard"": 0.95, ""budget"": 63949552312931}"
"U(0.001,0.01), eps=1e-08",0.001,0.01,1e-08,reverse_eng,77139309299590,find_phi_fixed_budget_reverse_engineering,"{""m_exploration"": 31225, ""safeguard"": 0.95, ""budget"": 77139309299590}"
"U(0.001,0.01), eps=1e-08",0.001,0.01,1e-08,reverse_eng,93049487040969,find_phi_fixed_budget_reverse_engineering,"{""m_exploration"": 31225, ""safeguard"": 0.95, ""budget"": 93049487040969}"
"U(0.001,0.01), eps=1e-08",0.001,0.01,1e-08,reverse_eng,112241179201660,find_phi_fixed_budget_reverse_engineering,"{""m_exploration"": 80155, ""safeguard"": 0.975, ""budget"": 112241179201660}"
"U(0.001,0.01), eps=1e-08",0.001,0.01,1e-08,reverse_eng,135391206434402,find_phi_fixed_budget_reverse_engineering,"{""m_exploration"": 80155, ""safeguard"": 0.975, ""budget"": 135391206434402}"
"U(0.001,0.01), eps=1e-08",0.001,0.01,1e-08,reverse_eng,163315985364235,find_phi_fixed_budget_reverse_engineering,"{""m_exploration"": 5722, ""safeguard"": 0.85, ""budget"": 163315985364235}"
"U(0.001,0.01), eps=1e-08",0.001,0.01,1e-08,reverse_eng,197000320611029,find_phi_fixed_budget_reverse_engineering,"{""m_exploration"": 1266, ""safeguard"": 0.8, ""budget"": 197000320611029}"
"U(0.001,0.01), eps=1e-08",0.001,0.01,1e-08,reverse_eng,237632135239512,find_phi_fixed_budget_reverse_engineering,"{""m_exploration"": 1266, ""safeguard"": 0.8, ""budget"": 237632135239512}"
"U(0.001,0.01), eps=1e-08",0.001,0.01,1e-08,reverse_eng,286644364452512,find_phi_fixed_budget_reverse_engineering,"{""m_exploration"": 1266, ""safeguard"": 0.8, ""budget"": 286644364452512}"
"U(0.001,0.01), eps=1e-08",0.001,0.01,1e-08,reverse_eng,345765489964437,find_phi_fixed_budget_reverse_engineering,"{""m_exploration"": 1266, ""safeguard"": 0.8, ""budget"": 345765489964437}"
"U(0.001,0.01), eps=1e-08",0.001,0.01,1e-08,reverse_eng,417080497217146,find_phi_fixed_budget_reverse_engineering,"{""m_exploration"": 1266, ""safeguard"": 0.8, ""budget"": 417080497217146}"
"U(0.001,0.01), eps=1e-08",0.001,0.01,1e-08,reverse_eng,503104405175871,find_phi_fixed_budget_reverse_engineering,"{""m_exploration"": 1266, ""safeguard"": 0.8, ""budget"": 503104405175871}"
"U(0.001,0.01), eps=1e-08",0.001,0.01,1e-08,reverse_eng,606870961831593,find_phi_fixed_budget_reverse_engineering,"{""m_exploration"": 1266, ""safeguard"": 0.8, ""budget"": 606870961831593}"
"U(0.001,0.01), eps=1e-08",0.001,0.01,1e-08,reverse_eng,732039633375216,find_phi_fixed_budget_reverse_engineering,"{""m_exploration"": 1266, ""safeguard"": 0.8, ""budget"": 732039633375216}"
"U(0.001,0.01), eps=1e-08",0.001,0.01,1e-08,reverse_eng,883024660159680,find_phi_fixed_budget_reverse_engineering,"{""m_exploration"": 1266, ""safeguard"": 0.8, ""budget"": 883024660159680}"
"U(0.001,0.01), eps=1e-08",0.001,0.01,1e-08,reverse_eng,1065150730780802,find_phi_fixed_budget_reverse_engineering,"{""m_exploration"": 1266, ""safeguard"": 0.8, ""budget"": 1065150730780802}"
"U(0.001,0.01), eps=1e-08",0.001,0.01,1e-08,reverse_eng,1284840764331210,find_phi_fixed_budget_reverse_engineering,"{""m_exploration"": 1266, ""safeguard"": 0.8, ""budget"": 1284840764331210}"
"U(0.001,0.01), eps=1e-08",0.001,0.01,1e-08,binary,856560509554,find_phi_fixed_budget_binary_search,"{""m_exploration"": 300000, ""safeguard"": 2, ""conf"": 0.8, ""budget"": 856560509554}"
"U(0.001,0.01), eps=1e-08",0.001,0.01,1e-08,binary,1033228282146,find_phi_fixed_budget_binary_search,"{""m_exploration"": 139006, ""safeguard"": 2, ""conf"": 0.95, ""budget"": 1033228282146}"
"U(0.001,0.01), eps=1e-08",0.001,0.01,1e-08,binary,1246334229887,find_phi_fixed_budget_binary_search,"{""m_exploration"": 300000, ""safeguard"": 2, ""conf"": 0.9, ""budget"": 1246334229887}"
"U(0.001,0.01), eps=1e-08",0.001,0.01,1e-08,binary,1503393818606,find_phi_fixed_budget_binary_search,"{""m_exploration"": 139006, ""safeguard"": 2, ""conf"": 0.95, ""budget"": 1503393818606}"
"U(0.001,0.01), eps=1e-08",0.001,0.01,1e-08,binary,1813472597980,find_phi_fixed_budget_binary_search,"{""m_exploration"": 300000, ""safeguard"": 2, ""conf"": 0.9, ""budget"": 1813472597980}"
"U(0.001,0.01), eps=1e-08",0.001,0.01,1e-08,binary,2187505910242,find_phi_fixed_budget_binary_search,"{""m_exploration"": 300000, ""safeguard"": 2, ""conf"": 0.9, ""budget"": 2187505910242}"
"U(0.001,0.01), eps=1e-08",0.001,0.01,1e-08,binary,2638684539638,find_phi_fixed_budget_binary_search,"{""m_exploration"": 300000, ""safeguard"": 2, ""conf"": 0.9, ""budget"": 2638684539638}"
"U(0.001,0.01), eps=1e-08",0.001,0.01,1e-08,binary,3182919903037,find_phi_fixed_budget_binary_search,"{""m_exploration"": 300000, ""safeguard"": 2, ""conf"": 0.95, ""budget"": 3182919903037}"
"U(0.001,0.01), eps=1e-08",0.001,0.01,1e-08,binary,3839405187307,find_phi_fixed_budget_binary_search,"{""m_exploration"": 300000, ""safeguard"": 2, ""conf"": 0.95, ""budget"": 3839405187307}"
"U(0.001,0.01), eps=1e-08",0.001,0.01,1e-08,binary,4631292222671,find_phi_fixed_budget_binary_search,"{""m_exploration"": 300000, ""safeguard"": 2, ""conf"": 0.95, ""budget"": 4631292222671}"
"U(0.001,0.01), eps=1e-08",0.001,0.01,1e-08,binary,5586507962920,find_phi_fixed_budget_binary_search,"{""m_exploration"": 300000, ""safeguard"": 2, ""conf"": 0.95, ""budget"": 5586507962920}"
"U(0.001,0.01), eps=1e-08",0.001,0.01,1e-08,binary,6738739366737,find_phi_fixed_budget_binary_search,"{""m_exploration"": 204210, ""safeguard"": 2, ""conf"": 0.95, ""budget"": 6738739366737}"
"U(0.001,0.01), eps=1e-08",0.001,0.01,1e-08,binary,8128621413272,find_phi_fixed_budget_binary_search,"{""m_exploration"": 204210, ""safeguard"": 2, ""conf"": 0.95, ""budget"": 8128621413272}"
"U(0.001,0.01), eps=1e-08",0.001,0.01,1e-08,binary,9805170148953,find_phi_fixed_budget_binary_search,"{""m_exploration"": 300000, ""safeguard"": 2, ""conf"": 0.95, ""budget"": 9805170148953}"
"U(0.001,0.01), eps=1e-08",0.001,0.01,1e-08,binary,11827511303817,find_phi_fixed_budget_binary_search,"{""m_exploration"": 300000, ""safeguard"": 2, ""conf"": 0.95, ""budget"": 11827511303817}"
"U(0.001,0.01), eps=1e-08",0.001,0.01,1e-08,binary,14266965439335,find_phi_fixed_budget_binary_search,"{""m_exploration"": 300000, ""safeguard"": 2, ""conf"": 0.95, ""budget"": 14266965439335}"
"U(0.001,0.01), eps=1e-08",0.001,0.01,1e-08,binary,17209563163258,find_phi_fixed_budget_binary_search,"{""m_exploration"": 300000, ""safeguard"": 2, ""conf"": 0.95, ""budget"": 17209563163258}"
"U(0.001,0.01), eps=1e-08",0.001,0.01,1e-08,binary,20759079113881,find_phi_fixed_budget_binary_search,"{""m_exploration"": 300000, ""safeguard"": 2, ""conf"": 0.95, ""budget"": 20759079113881}"
"U(0.001,0.01), eps=1e-08",0.001,0.01,1e-08,binary,25040691711246,find_phi_fixed_budget_binary_search,"{""m_exploration"": 300000, ""safeguard"": 2, ""conf"": 0.95, ""budget"": 25040691711246}"
"U(0.001,0.01), eps=1e-08",0.001,0.01,1e-08,binary,30205397741290,find_phi_fixed_budget_binary_search,"{""m_exploration"": 300000, ""safeguard"": 2, ""conf"": 0.95, ""budget"": 30205397741290}"
"U(0.001,0.01), eps=1e-08",0.001,0.01,1e-08,binary,36435337459140,find_phi_fixed_budget_binary_search,"{""m_exploration"": 300000, ""safeguard"": 2, ""conf"": 0.95, ""budget"": 36435337459140}"
"U(0.001,0.01), eps=1e-08",0.001,0.01,1e-08,binary,43950218008441,find_phi_fixed_budget_binary_search,"{""m_exploration"": 300000, ""safeguard"": 2, ""conf"": 0.95, ""budget"": 43950218008441}"
"U(0.001,0.01), eps=1e-08",0.001,0.01,1e-08,binary,53015061687180,find_phi_fixed_budget_binary_search,"{""m_exploration"": 300000, ""safeguard"": 2, ""conf"": 0.95, ""budget"": 53015061687180}"
"U(0.001,0.01), eps=1e-08",0.001,0.01,1e-08,binary,63949552312931,find_phi_fixed_budget_binary_search,"{""m_exploration"": 300000, ""safeguard"": 2, ""conf"": 0.95, ""budget"": 63949552312931}"
"U(0.001,0.01), eps=1e-08",0.001,0.01,1e-08,binary,77139309299590,find_phi_fixed_budget_binary_search,"{""m_exploration"": 29844, ""safeguard"": 2, ""conf"": 0.65, ""budget"": 77139309299590}"
"U(0.001,0.01), eps=1e-08",0.001,0.01,1e-08,binary,93049487040969,find_phi_fixed_budget_binary_search,"{""m_exploration"": 29844, ""safeguard"": 2, ""conf"": 0.65, ""budget"": 93049487040969}"
"U(0.001,0.01), eps=1e-08",0.001,0.01,1e-08,binary,112241179201660,find_phi_fixed_budget_binary_search,"{""m_exploration"": 139006, ""safeguard"": 2, ""conf"": 0.8, ""budget"": 112241179201660}"
"U(0.001,0.01), eps=1e-08",0.001,0.01,1e-08,binary,135391206434402,find_phi_fixed_budget_binary_search,"{""m_exploration"": 300000, ""safeguard"": 2, ""conf"": 0.65, ""budget"": 135391206434402}"
"U(0.001,0.01), eps=1e-08",0.001,0.01,1e-08,binary,163315985364235,find_phi_fixed_budget_binary_search,"{""m_exploration"": 300000, ""safeguard"": 2, ""conf"": 0.5, ""budget"": 163315985364235}"
"U(0.001,0.01), eps=1e-08",0.001,0.01,1e-08,binary,197000320611029,find_phi_fixed_budget_binary_search,"{""m_exploration"": 94621, ""safeguard"": 2, ""conf"": 0.5, ""budget"": 197000320611029}"
"U(0.001,0.01), eps=1e-08",0.001,0.01,1e-08,binary,237632135239512,find_phi_fixed_budget_binary_search,"{""m_exploration"": 94621, ""safeguard"": 2, ""conf"": 0.5, ""budget"": 237632135239512}"
"U(0.001,0.01), eps=1e-08",0.001,0.01,1e-08,binary,286644364452512,find_phi_fixed_budget_binary_search,"{""m_exploration"": 94621, ""safeguard"": 2, ""conf"": 0.5, ""budget"": 286644364452512}"
"U(0.001,0.01), eps=1e-08",0.001,0.01,1e-08,binary,345765489964437,find_phi_fixed_budget_binary_search,"{""m_exploration"": 94621, ""safeguard"": 2, ""conf"": 0.5, ""budget"": 345765489964437}"
"U(0.001,0.01), eps=1e-08",0.001,0.01,1e-08,binary,417080497217146,find_phi_fixed_budget_binary_search,"{""m_exploration"": 94621, ""safeguard"": 2, ""conf"": 0.5, ""budget"": 417080497217146}"
"U(0.001,0.01), eps=1e-08",0.001,0.01,1e-08,binary,503104405175871,find_phi_fixed_budget_binary_search,"{""m_exploration"": 94621, ""safeguard"": 2, ""conf"": 0.5, ""budget"": 503104405175871}"
"U(0.001,0.01), eps=1e-08",0.001,0.01,1e-08,binary,606870961831593,find_phi_fixed_budget_binary_search,"{""m_exploration"": 94621, ""safeguard"": 2, ""conf"": 0.5, ""budget"": 606870961831593}"
"U(0.001,0.01), eps=1e-08",0.001,0.01,1e-08,binary,732039633375216,find_phi_fixed_budget_binary_search,"{""m_exploration"": 94621, ""safeguard"": 2, ""conf"": 0.5, ""budget"": 732039633375216}"
"U(0.001,0.01), eps=1e-08",0.001,0.01,1e-08,binary,883024660159680,find_phi_fixed_budget_binary_search,"{""m_exploration"": 94621, ""safeguard"": 2, ""conf"": 0.5, ""budget"": 883024660159680}"
"U(0.001,0.01), eps=1e-08",0.001,0.01,1e-08,binary,1065150730780802,find_phi_fixed_budget_binary_search,"{""m_exploration"": 94621, ""safeguard"": 2, ""conf"": 0.5, ""budget"": 1065150730780802}"
"U(0.001,0.01), eps=1e-08",0.001,0.01,1e-08,binary,1284840764331210,find_phi_fixed_budget_binary_search,"{""m_exploration"": 94621, ""safeguard"": 2, ""conf"": 0.5, ""budget"": 1284840764331210}"
"U(0.001,0.01), eps=1e-08",0.001,0.01,1e-08,reverse_eng_risk,856560509554,find_phi_fixed_budget_reverse_engineering_risk,"{""m_exploration"": 141118, ""eps_target"": 1e-08, ""budget"": 856560509554}"
"U(0.001,0.01), eps=1e-08",0.001,0.01,1e-08,reverse_eng_risk,1033228282146,find_phi_fixed_budget_reverse_engineering_risk,"{""m_exploration"": 116869, ""eps_target"": 1e-08, ""budget"": 1033228282146}"
"U(0.001,0.01), eps=1e-08",0.001,0.01,1e-08,reverse_eng_risk,1246334229887,find_phi_fixed_budget_reverse_engineering_risk,"{""m_exploration"": 17736, ""eps_target"": 1e-08, ""budget"": 1246334229887}"
"U(0.001,0.01), eps=1e-08",0.001,0.01,1e-08,reverse_eng_risk,1503393818606,find_phi_fixed_budget_reverse_engineering_risk,"{""m_exploration"": 141118, ""eps_target"": 1e-08, ""budget"": 1503393818606}"
"U(0.001,0.01), eps=1e-08",0.001,0.01,1e-08,reverse_eng_risk,1813472597980,find_phi_fixed_budget_reverse_engineering_risk,"{""m_exploration"": 300000, ""eps_target"": 1e-08, ""budget"": 1813472597980}"
"U(0.001,0.01), eps=1e-08",0.001,0.01,1e-08,reverse_eng_risk,2187505910242,find_phi_fixed_budget_reverse_engineering_risk,"{""m_exploration"": 17736, ""eps_target"": 1e-08, ""budget"": 2187505910242}"
"U(0.001,0.01), eps=1e-08",0.001,0.01,1e-08,reverse_eng_risk,2638684539638,find_phi_fixed_budget_reverse_engineering_risk,"{""m_exploration"": 17736, ""eps_target"": 1e-08, ""budget"": 2638684539638}"
"U(0.001,0.01), eps=1e-08",0.001,0.01,1e-08,reverse_eng_risk,3182919903037,find_phi_fixed_budget_reverse_engineering_risk,"{""m_exploration"": 17736, ""eps_target"": 1e-08, ""budget"": 3182919903037}"
"U(0.001,0.01), eps=1e-08",0.001,0.01,1e-08,reverse_eng_risk,3839405187307,find_phi_fixed_budget_reverse_engineering_risk,"{""m_exploration"": 17736, ""eps_target"": 1e-08, ""budget"": 3839405187307}"
"U(0.001,0.01), eps=1e-08",0.001,0.01,1e-08,reverse_eng_risk,4631292222671,find_phi_fixed_budget_reverse_engineering_risk,"{""m_exploration"": 17736, ""eps_target"": 1e-08, ""budget"": 4631292222671}"
"U(0.001,0.01), eps=1e-08",0.001,0.01,1e-08,reverse_eng_risk,5586507962920,find_phi_fixed_budget_reverse_engineering_risk,"{""m_exploration"": 17736, ""eps_target"": 1e-08, ""budget"": 5586507962920}"
"U(0.001,0.01), eps=1e-08",0.001,0.01,1e-08,reverse_eng_risk,6738739366737,find_phi_fixed_budget_reverse_engineering_risk,"{""m_exploration"": 17736, ""eps_target"": 1e-08, ""budget"": 6738739366737}"
"U(0.001,0.01), eps=1e-08",0.001,0.01,1e-08,reverse_eng_risk,8128621413272,find_phi_fixed_budget_reverse_engineering_risk,"{""m_exploration"": 12164, ""eps_target"": 1e-08, ""budget"": 8128621413272}"
"U(0.001,0.01), eps=1e-08",0.001,0.01,1e-08,reverse_eng_risk,9805170148953,find_phi_fixed_budget_reverse_engineering_risk,"{""m_exploration"": 17736, ""eps_target"": 1e-08, ""budget"": 9805170148953}"
"U(0.001,0.01), eps=1e-08",0.001,0.01,1e-08,reverse_eng_risk,11827511303817,find_phi_fixed_budget_reverse_engineering_risk,"{""m_exploration"": 12164, ""eps_target"": 1e-08, ""budget"": 11827511303817}"
"U(0.001,0.01), eps=1e-08",0.001,0.01,1e-08,reverse_eng_risk,14266965439335,find_phi_fixed_budget_reverse_engineering_risk,"{""m_exploration"": 17736, ""eps_target"": 1e-08, ""budget"": 14266965439335}"
"U(0.001,0.01), eps=1e-08",0.001,0.01,1e-08,reverse_eng_risk,17209563163258,find_phi_fixed_budget_reverse_engineering_risk,"{""m_exploration"": 17736, ""eps_target"": 1e-08, ""budget"": 17209563163258}"
"U(0.001,0.01), eps=1e-08",0.001,0.01,1e-08,reverse_eng_risk,20759079113881,find_phi_fixed_budget_reverse_engineering_risk,"{""m_exploration"": 12164, ""eps_target"": 1e-08, ""budget"": 20759079113881}"
"U(0.001,0.01), eps=1e-08",0.001,0.01,1e-08,reverse_eng_risk,25040691711246,find_phi_fixed_budget_reverse_engineering_risk,"{""m_exploration"": 12164, ""eps_target"": 1e-08, ""budget"": 25040691711246}"
"U(0.001,0.01), eps=1e-08",0.001,0.01,1e-08,reverse_eng_risk,30205397741290,find_phi_fixed_budget_reverse_engineering_risk,"{""m_exploration"": 12164, ""eps_target"": 1e-08, ""budget"": 30205397741290}"
"U(0.001,0.01), eps=1e-08",0.001,0.01,1e-08,reverse_eng_risk,36435337459140,find_phi_fixed_budget_reverse_engineering_risk,"{""m_exploration"": 3924, ""eps_target"": 1e-08, ""budget"": 36435337459140}"
"U(0.001,0.01), eps=1e-08",0.001,0.01,1e-08,reverse_eng_risk,43950218008441,find_phi_fixed_budget_reverse_engineering_risk,"{""m_exploration"": 2691, ""eps_target"": 1e-08, ""budget"": 43950218008441}"
"U(0.001,0.01), eps=1e-08",0.001,0.01,1e-08,reverse_eng_risk,53015061687180,find_phi_fixed_budget_reverse_engineering_risk,"{""m_exploration"": 17736, ""eps_target"": 1e-08, ""budget"": 53015061687180}"
"U(0.001,0.01), eps=1e-08",0.001,0.01,1e-08,reverse_eng_risk,63949552312931,find_phi_fixed_budget_reverse_engineering_risk,"{""m_exploration"": 17736, ""eps_target"": 1e-08, ""budget"": 63949552312931}"
"U(0.001,0.01), eps=1e-08",0.001,0.01,1e-08,reverse_eng_risk,77139309299590,find_phi_fixed_budget_reverse_engineering_risk,"{""m_exploration"": 2691, ""eps_target"": 1e-08, ""budget"": 77139309299590}"
"U(0.001,0.01), eps=1e-08",0.001,0.01,1e-08,reverse_eng_risk,93049487040969,find_phi_fixed_budget_reverse_engineering_risk,"{""m_exploration"": 17736, ""eps_target"": 1e-08, ""budget"": 93049487040969}"
"U(0.001,0.01), eps=1e-08",0.001,0.01,1e-08,reverse_eng_risk,112241179201660,find_phi_fixed_budget_reverse_engineering_risk,"{""m_exploration"": 10074, ""eps_target"": 1e-08, ""budget"": 112241179201660}"
"U(0.001,0.01), eps=1e-08",0.001,0.01,1e-08,reverse_eng_risk,135391206434402,find_phi_fixed_budget_reverse_engineering_risk,"{""m_exploration"": 5722, ""eps_target"": 1e-08, ""budget"": 135391206434402}"
"U(0.001,0.01), eps=1e-08",0.001,0.01,1e-08,reverse_eng_risk,163315985364235,find_phi_fixed_budget_reverse_engineering_risk,"{""m_exploration"": 109, ""eps_target"": 1e-08, ""budget"": 163315985364235}"
"U(0.001,0.01), eps=1e-08",0.001,0.01,1e-08,reverse_eng_risk,197000320611029,find_phi_fixed_budget_reverse_engineering_risk,"{""m_exploration"": 35, ""eps_target"": 1e-08, ""budget"": 197000320611029}"
"U(0.001,0.01), eps=1e-08",0.001,0.01,1e-08,reverse_eng_risk,237632135239512,find_phi_fixed_budget_reverse_engineering_risk,"{""m_exploration"": 20, ""eps_target"": 1e-08, ""budget"": 237632135239512}"
"U(0.001,0.01), eps=1e-08",0.001,0.01,1e-08,reverse_eng_risk,286644364452512,find_phi_fixed_budget_reverse_engineering_risk,"{""m_exploration"": 20, ""eps_target"": 1e-08, ""budget"": 286644364452512}"
"U(0.001,0.01), eps=1e-08",0.001,0.01,1e-08,reverse_eng_risk,345765489964437,find_phi_fixed_budget_reverse_engineering_risk,"{""m_exploration"": 20, ""eps_target"": 1e-08, ""budget"": 345765489964437}"
"U(0.001,0.01), eps=1e-08",0.001,0.01,1e-08,reverse_eng_risk,417080497217146,find_phi_fixed_budget_reverse_engineering_risk,"{""m_exploration"": 20, ""eps_target"": 1e-08, ""budget"": 417080497217146}"
"U(0.001,0.01), eps=1e-08",0.001,0.01,1e-08,reverse_eng_risk,503104405175871,find_phi_fixed_budget_reverse_engineering_risk,"{""m_exploration"": 20, ""eps_target"": 1e-08, ""budget"": 503104405175871}"
"U(0.001,0.01), eps=1e-08",0.001,0.01,1e-08,reverse_eng_risk,606870961831593,find_phi_fixed_budget_reverse_engineering_risk,"{""m_exploration"": 20, ""eps_target"": 1e-08, ""budget"": 606870961831593}"
"U(0.001,0.01), eps=1e-08",0.001,0.01,1e-08,reverse_eng_risk,732039633375216,find_phi_fixed_budget_reverse_engineering_risk,"{""m_exploration"": 20, ""eps_target"": 1e-08, ""budget"": 732039633375216}"
"U(0.001,0.01), eps=1e-08",0.001,0.01,1e-08,reverse_eng_risk,883024660159680,find_phi_fixed_budget_reverse_engineering_risk,"{""m_exploration"": 20, ""eps_target"": 1e-08, ""budget"": 883024660159680}"
"U(0.001,0.01), eps=1e-08",0.001,0.01,1e-08,reverse_eng_risk,1065150730780802,find_phi_fixed_budget_reverse_engineering_risk,"{""m_exploration"": 20, ""eps_target"": 1e-08, ""budget"": 1065150730780802}"
"U(0.001,0.01), eps=1e-08",0.001,0.01,1e-08,reverse_eng_risk,1284840764331210,find_phi_fixed_budget_reverse_engineering_risk,"{""m_exploration"": 20, ""eps_target"": 1e-08, ""budget"": 1284840764331210}"
"U(0.001,0.01), eps=1e-08",0.001,0.01,1e-08,binary_risk,856560509554,find_phi_fixed_budget_binary_search_risk,"{""m_exploration"": 2968, ""conf"": 0.65, ""eps_target"": 1e-08, ""budget"": 856560509554}"
"U(0.001,0.01), eps=1e-08",0.001,0.01,1e-08,binary_risk,1033228282146,find_phi_fixed_budget_binary_search_risk,"{""m_exploration"": 2968, ""conf"": 0.65, ""eps_target"": 1e-08, ""budget"": 1033228282146}"
"U(0.001,0.01), eps=1e-08",0.001,0.01,1e-08,binary_risk,1246334229887,find_phi_fixed_budget_binary_search_risk,"{""m_exploration"": 13828, ""conf"": 0.8, ""eps_target"": 1e-08, ""budget"": 1246334229887}"
"U(0.001,0.01), eps=1e-08",0.001,0.01,1e-08,binary_risk,1503393818606,find_phi_fixed_budget_binary_search_risk,"{""m_exploration"": 2968, ""conf"": 0.65, ""eps_target"": 1e-08, ""budget"": 1503393818606}"
"U(0.001,0.01), eps=1e-08",0.001,0.01,1e-08,binary_risk,1813472597980,find_phi_fixed_budget_binary_search_risk,"{""m_exploration"": 2968, ""conf"": 0.65, ""eps_target"": 1e-08, ""budget"": 1813472597980}"
"U(0.001,0.01), eps=1e-08",0.001,0.01,1e-08,binary_risk,2187505910242,find_phi_fixed_budget_binary_search_risk,"{""m_exploration"": 2968, ""conf"": 0.65, ""eps_target"": 1e-08, ""budget"": 2187505910242}"
"U(0.001,0.01), eps=1e-08",0.001,0.01,1e-08,binary_risk,2638684539638,find_phi_fixed_budget_binary_search_risk,"{""m_exploration"": 2968, ""conf"": 0.65, ""eps_target"": 1e-08, ""budget"": 2638684539638}"
"U(0.001,0.01), eps=1e-08",0.001,0.01,1e-08,binary_risk,3182919903037,find_phi_fixed_budget_binary_search_risk,"{""m_exploration"": 2968, ""conf"": 0.65, ""eps_target"": 1e-08, ""budget"": 3182919903037}"
"U(0.001,0.01), eps=1e-08",0.001,0.01,1e-08,binary_risk,3839405187307,find_phi_fixed_budget_binary_search_risk,"{""m_exploration"": 13828, ""conf"": 0.8, ""eps_target"": 1e-08, ""budget"": 3839405187307}"
"U(0.001,0.01), eps=1e-08",0.001,0.01,1e-08,binary_risk,4631292222671,find_phi_fixed_budget_binary_search_risk,"{""m_exploration"": 2968, ""conf"": 0.65, ""eps_target"": 1e-08, ""budget"": 4631292222671}"
"U(0.001,0.01), eps=1e-08",0.001,0.01,1e-08,binary_risk,5586507962920,find_phi_fixed_budget_binary_search_risk,"{""m_exploration"": 2968, ""conf"": 0.65, ""eps_target"": 1e-08, ""budget"": 5586507962920}"
"U(0.001,0.01), eps=1e-08",0.001,0.01,1e-08,binary_risk,6738739366737,find_phi_fixed_budget_binary_search_risk,"{""m_exploration"": 2968, ""conf"": 0.65, ""eps_target"": 1e-08, ""budget"": 6738739366737}"
"U(0.001,0.01), eps=1e-08",0.001,0.01,1e-08,binary_risk,8128621413272,find_phi_fixed_budget_binary_search_risk,"{""m_exploration"": 2968, ""conf"": 0.65, ""eps_target"": 1e-08, ""budget"": 8128621413272}"
"U(0.001,0.01), eps=1e-08",0.001,0.01,1e-08,binary_risk,9805170148953,find_phi_fixed_budget_binary_search_risk,"{""m_exploration"": 2968, ""conf"": 0.65, ""eps_target"": 1e-08, ""budget"": 9805170148953}"
"U(0.001,0.01), eps=1e-08",0.001,0.01,1e-08,binary_risk,11827511303817,find_phi_fixed_budget_binary_search_risk,"{""m_exploration"": 43843, ""conf"": 0.95, ""eps_target"": 1e-08, ""budget"": 11827511303817}"
"U(0.001,0.01), eps=1e-08",0.001,0.01,1e-08,binary_risk,14266965439335,find_phi_fixed_budget_binary_search_risk,"{""m_exploration"": 43843, ""conf"": 0.95, ""eps_target"": 1e-08, ""budget"": 14266965439335}"
"U(0.001,0.01), eps=1e-08",0.001,0.01,1e-08,binary_risk,17209563163258,find_phi_fixed_budget_binary_search_risk,"{""m_exploration"": 2020, ""conf"": 0.8, ""eps_target"": 1e-08, ""budget"": 17209563163258}"
"U(0.001,0.01), eps=1e-08",0.001,0.01,1e-08,binary_risk,20759079113881,find_phi_fixed_budget_binary_search_risk,"{""m_exploration"": 2020, ""conf"": 0.8, ""eps_target"": 1e-08, ""budget"": 20759079113881}"
"U(0.001,0.01), eps=1e-08",0.001,0.01,1e-08,binary_risk,25040691711246,find_phi_fixed_budget_binary_search_risk,"{""m_exploration"": 4361, ""conf"": 0.8, ""eps_target"": 1e-08, ""budget"": 25040691711246}"
"U(0.001,0.01), eps=1e-08",0.001,0.01,1e-08,binary_risk,30205397741290,find_phi_fixed_budget_binary_search_risk,"{""m_exploration"": 64409, ""conf"": 0.9, ""eps_target"": 1e-08, ""budget"": 30205397741290}"
"U(0.001,0.01), eps=1e-08",0.001,0.01,1e-08,binary_risk,36435337459140,find_phi_fixed_budget_binary_search_risk,"{""m_exploration"": 64409, ""conf"": 0.9, ""eps_target"": 1e-08, ""budget"": 36435337459140}"
"U(0.001,0.01), eps=1e-08",0.001,0.01,1e-08,binary_risk,43950218008441,find_phi_fixed_budget_binary_search_risk,"{""m_exploration"": 64409, ""conf"": 0.9, ""eps_target"": 1e-08, ""budget"": 43950218008441}"
"U(0.001,0.01), eps=1e-08",0.001,0.01,1e-08,binary_risk,53015061687180,find_phi_fixed_budget_binary_search_risk,"{""m_exploration"": 29844, ""conf"": 0.5, ""eps_target"": 1e-08, ""budget"": 53015061687180}"
"U(0.001,0.01), eps=1e-08",0.001,0.01,1e-08,binary_risk,63949552312931,find_phi_fixed_budget_binary_search_risk,"{""m_exploration"": 29844, ""conf"": 0.9, ""eps_target"": 1e-08, ""budget"": 63949552312931}"
"U(0.001,0.01), eps=1e-08",0.001,0.01,1e-08,binary_risk,77139309299590,find_phi_fixed_budget_binary_search_risk,"{""m_exploration"": 29844, ""conf"": 0.8, ""eps_target"": 1e-08, ""budget"": 77139309299590}"
"U(0.001,0.01), eps=1e-08",0.001,0.01,1e-08,binary_risk,93049487040969,find_phi_fixed_budget_binary_search_risk,"{""m_exploration"": 43843, ""conf"": 0.9, ""eps_target"": 1e-08, ""budget"": 93049487040969}"
"U(0.001,0.01), eps=1e-08",0.001,0.01,1e-08,binary_risk,112241179201660,find_phi_fixed_budget_binary_search_risk,"{""m_exploration"": 29844, ""conf"": 0.8, ""eps_target"": 1e-08, ""budget"": 112241179201660}"
"U(0.001,0.01), eps=1e-08",0.001,0.01,1e-08,binary_risk,135391206434402,find_phi_fixed_budget_binary_search_risk,"{""m_exploration"": 1375, ""conf"": 0.5, ""eps_target"": 1e-08, ""budget"": 135391206434402}"
"U(0.001,0.01), eps=1e-08",0.001,0.01,1e-08,binary_risk,163315985364235,find_phi_fixed_budget_binary_search_risk,"{""m_exploration"": 63, ""conf"": 0.5, ""eps_target"": 1e-08, ""budget"": 163315985364235}"
"U(0.001,0.01), eps=1e-08",0.001,0.01,1e-08,binary_risk,197000320611029,find_phi_fixed_budget_binary_search_risk,"{""m_exploration"": 63, ""conf"": 0.5, ""eps_target"": 1e-08, ""budget"": 197000320611029}"
"U(0.001,0.01), eps=1e-08",0.001,0.01,1e-08,binary_risk,237632135239512,find_phi_fixed_budget_binary_search_risk,"{""m_exploration"": 63, ""conf"": 0.5, ""eps_target"": 1e-08, ""budget"": 237632135239512}"
"U(0.001,0.01), eps=1e-08",0.001,0.01,1e-08,binary_risk,286644364452512,find_phi_fixed_budget_binary_search_risk,"{""m_exploration"": 29, ""conf"": 0.5, ""eps_target"": 1e-08, ""budget"": 286644364452512}"
"U(0.001,0.01), eps=1e-08",0.001,0.01,1e-08,binary_risk,345765489964437,find_phi_fixed_budget_binary_search_risk,"{""m_exploration"": 29, ""conf"": 0.5, ""eps_target"": 1e-08, ""budget"": 345765489964437}"
"U(0.001,0.01), eps=1e-08",0.001,0.01,1e-08,binary_risk,417080497217146,find_phi_fixed_budget_binary_search_risk,"{""m_exploration"": 29, ""conf"": 0.5, ""eps_target"": 1e-08, ""budget"": 417080497217146}"
"U(0.001,0.01), eps=1e-08",0.001,0.01,1e-08,binary_risk,503104405175871,find_phi_fixed_budget_binary_search_risk,"{""m_exploration"": 20, ""conf"": 0.5, ""eps_target"": 1e-08, ""budget"": 503104405175871}"
"U(0.001,0.01), eps=1e-08",0.001,0.01,1e-08,binary_risk,606870961831593,find_phi_fixed_budget_binary_search_risk,"{""m_exploration"": 20, ""conf"": 0.5, ""eps_target"": 1e-08, ""budget"": 606870961831593}"
"U(0.001,0.01), eps=1e-08",0.001,0.01,1e-08,binary_risk,732039633375216,find_phi_fixed_budget_binary_search_risk,"{""m_exploration"": 20, ""conf"": 0.5, ""eps_target"": 1e-08, ""budget"": 732039633375216}"
"U(0.001,0.01), eps=1e-08",0.001,0.01,1e-08,binary_risk,883024660159680,find_phi_fixed_budget_binary_search_risk,"{""m_exploration"": 20, ""conf"": 0.5, ""eps_target"": 1e-08, ""budget"": 883024660159680}"
"U(0.001,0.01), eps=1e-08",0.001,0.01,1e-08,binary_risk,1065150730780802,find_phi_fixed_budget_binary_search_risk,"{""m_exploration"": 20, ""conf"": 0.5, ""eps_target"": 1e-08, ""budget"": 1065150730780802}"
"U(0.001,0.01), eps=1e-08",0.001,0.01,1e-08,binary_risk,1284840764331210,find_phi_fixed_budget_binary_search_risk,"{""m_exploration"": 20, ""conf"": 0.5, ""eps_target"": 1e-08, ""budget"": 1284840764331210}"
"U(0.001,0.1), eps=1e-04",0.001,0.1,0.0001,linear,89653,find_phi_fixed_budget_linear_search,"{""m_exploration"": 11, ""lookback_window"": 2, ""safeguard"": 5, ""inc"": 5, ""budget"": 89653}"
"U(0.001,0.1), eps=1e-04",0.001,0.1,0.0001,linear,108144,find_phi_fixed_budget_linear_search,"{""m_exploration"": 11, ""lookback_window"": 2, ""safeguard"": 3, ""inc"": 5, ""budget"": 108144}"
"U(0.001,0.1), eps=1e-04",0.001,0.1,0.0001,linear,130449,find_phi_fixed_budget_linear_search,"{""m_exploration"": 19, ""lookback_window"": 1, ""safeguard"": 1, ""inc"": 5, ""budget"": 130449}"
"U(0.001,0.1), eps=1e-04",0.001,0.1,0.0001,linear,157355,find_phi_fixed_budget_linear_search,"{""m_exploration"": 8, ""lookback_window"": 5, ""safeguard"": 5, ""inc"": 1, ""budget"": 157355}"
"U(0.001,0.1), eps=1e-04",0.001,0.1,0.0001,linear,189810,find_phi_fixed_budget_linear_search,"{""m_exploration"": 8, ""lookback_window"": 5, ""safeguard"": 5, ""inc"": 1, ""budget"": 189810}"
"U(0.001,0.1), eps=1e-04",0.001,0.1,0.0001,linear,228958,find_phi_fixed_budget_linear_search,"{""m_exploration"": 8, ""lookback_window"": 5, ""safeguard"": 5, ""inc"": 1, ""budget"": 228958}"
"U(0.001,0.1), eps=1e-04",0.001,0.1,0.0001,linear,276182,find_phi_fixed_budget_linear_search,"{""m_exploration"": 19, ""lookback_window"": 5, ""safeguard"": 2, ""inc"": 1, ""budget"": 276182}"
"U(0.001,0.1), eps=1e-04",0.001,0.1,0.0001,linear,333145,find_phi_fixed_budget_linear_search,"{""m_exploration"": 19, ""lookback_window"": 5, ""safeguard"": 3, ""inc"": 1, ""budget"": 333145}"
"U(0.001,0.1), eps=1e-04",0.001,0.1,0.0001,linear,401857,find_phi_fixed_budget_linear_search,"{""m_exploration"": 19, ""lookback_window"": 5, ""safeguard"": 3, ""inc"": 1, ""budget"": 401857}"
"U(0.001,0.1), eps=1e-04",0.001,0.1,0.0001,linear,484741,find_phi_fixed_budget_linear_search,"{""m_exploration"": 19, ""lookback_window"": 5, ""safeguard"": 3, ""inc"": 1, ""budget"": 484741}"
"U(0.001,0.1), eps=1e-04",0.001,0.1,0.0001,linear,584721,find_phi_fixed_budget_linear_search,"{""m_exploration"": 33, ""lookback_window"": 5, ""safeguard"": 2, ""inc"": 1, ""budget"": 584721}"
"U(0.001,0.1), eps=1e-04",0.001,0.1,0.0001,linear,705321,find_phi_fixed_budget_linear_search,"{""m_exploration"": 43, ""lookback_window"": 5, ""safeguard"": 2, ""inc"": 1, ""budget"": 705321}"
"U(0.001,0.1), eps=1e-04",0.001,0.1,0.0001,linear,850795,find_phi_fixed_budget_linear_search,"{""m_exploration"": 43, ""lookback_window"": 5, ""safeguard"": 2, ""inc"": 1, ""budget"": 850795}"
"U(0.001,0.1), eps=1e-04",0.001,0.1,0.0001,linear,1026274,find_phi_fixed_budget_linear_search,"{""m_exploration"": 43, ""lookback_window"": 5, ""safeguard"": 2, ""inc"": 1, ""budget"": 1026274}"
"U(0.001,0.1), eps=1e-04",0.001,0.1,0.0001,linear,1237946,find_phi_fixed_budget_linear_search,"{""m_exploration"": 127, ""lookback_window"": 5, ""safeguard"": 1, ""inc"": 2, ""budget"": 1237946}"
"U(0.001,0.1), eps=1e-04",0.001,0.1,0.0001,linear,1493275,find_phi_fixed_budget_linear_search,"{""m_exploration"": 127, ""lookback_window"": 5, ""safeguard"": 1, ""inc"": 2, ""budget"": 1493275}"
"U(0.001,0.1), eps=1e-04",0.001,0.1,0.0001,linear,1801267,find_phi_fixed_budget_linear_search,"{""m_exploration"": 166, ""lookback_window"": 5, ""safeguard"": 1, ""inc"": 2, ""budget"": 1801267}"
"U(0.001,0.1), eps=1e-04",0.001,0.1,0.0001,linear,2172783,find_phi_fixed_budget_linear_search,"{""m_exploration"": 166, ""lookback_window"": 5, ""safeguard"": 1, ""inc"": 2, ""budget"": 2172783}"
"U(0.001,0.1), eps=1e-04",0.001,0.1,0.0001,linear,2620925,find_phi_fixed_budget_linear_search,"{""m_exploration"": 166, ""lookback_window"": 5, ""safeguard"": 1, ""inc"": 2, ""budget"": 2620925}"
"U(0.001,0.1), eps=1e-04",0.001,0.1,0.0001,linear,3161498,find_phi_fixed_budget_linear_search,"{""m_exploration"": 166, ""lookback_window"": 5, ""safeguard"": 2, ""inc"": 2, ""budget"": 3161498}"
"U(0.001,0.1), eps=1e-04",0.001,0.1,0.0001,linear,3813565,find_phi_fixed_budget_linear_search,"{""m_exploration"": 166, ""lookback_window"": 5, ""safeguard"": 1, ""inc"": 2, ""budget"": 3813565}"
"U(0.001,0.1), eps=1e-04",0.001,0.1,0.0001,linear,4600122,find_phi_fixed_budget_linear_search,"{""m_exploration"": 217, ""lookback_window"": 5, ""safeguard"": 1, ""inc"": 1, ""budget"": 4600122}"
"U(0.001,0.1), eps=1e-04",0.001,0.1,0.0001,linear,5548909,find_phi_fixed_budget_linear_search,"{""m_exploration"": 284, ""lookback_window"": 5, ""safeguard"": 1, ""inc"": 2, ""budget"": 5548909}"
"U(0.001,0.1), eps=1e-04",0.001,0.1,0.0001,linear,6693386,find_phi_fixed_budget_linear_search,"{""m_exploration"": 166, ""lookback_window"": 5, ""safeguard"": 2, ""inc"": 1, ""budget"": 6693386}"
"U(0.001,0.1), eps=1e-04",0.001,0.1,0.0001,linear,8073914,find_phi_fixed_budget_linear_search,"{""m_exploration"": 217, ""lookback_window"": 3, ""safeguard"": 1, ""inc"": 1, ""budget"": 8073914}"
"U(0.001,0.1), eps=1e-04",0.001,0.1,0.0001,linear,9739179,find_phi_fixed_budget_linear_search,"{""m_exploration"": 217, ""lookback_window"": 3, ""safeguard"": 1, ""inc"": 1, ""budget"": 9739179}"
"U(0.001,0.1), eps=1e-04",0.001,0.1,0.0001,linear,11747910,find_phi_fixed_budget_linear_search,"{""m_exploration"": 1084, ""lookback_window"": 2, ""safeguard"": 1, ""inc"": 2, ""budget"": 11747910}"
"U(0.001,0.1), eps=1e-04",0.001,0.1,0.0001,linear,14170946,find_phi_fixed_budget_linear_search,"{""m_exploration"": 57, ""lookback_window"": 2, ""safeguard"": 1, ""inc"": 1, ""budget"": 14170946}"
"U(0.001,0.1), eps=1e-04",0.001,0.1,0.0001,linear,17093739,find_phi_fixed_budget_linear_search,"{""m_exploration"": 6, ""lookback_window"": 1, ""safeguard"": 2, ""inc"": 1, ""budget"": 17093739}"
"U(0.001,0.1), eps=1e-04",0.001,0.1,0.0001,linear,20619366,find_phi_fixed_budget_linear_search,"{""m_exploration"": 5, ""lookback_window"": 1, ""safeguard"": 2, ""inc"": 1, ""budget"": 20619366}"
"U(0.001,0.1), eps=1e-04",0.001,0.1,0.0001,linear,24872163,find_phi_fixed_budget_linear_search,"{""m_exploration"": 3, ""lookback_window"": 1, ""safeguard"": 3, ""inc"": 1, ""budget"": 24872163}"
"U(0.001,0.1), eps=1e-04",0.001,0.1,0.0001,linear,30002110,find_phi_fixed_budget_linear_search,"{""m_exploration"": 3, ""lookback_window"": 1, ""safeguard"": 3, ""inc"": 1, ""budget"": 30002110}"
"U(0.001,0.1), eps=1e-04",0.001,0.1,0.0001,linear,36190121,find_phi_fixed_budget_linear_search,"{""m_exploration"": 3, ""lookback_window"": 1, ""safeguard"": 3, ""inc"": 1, ""budget"": 36190121}"
"U(0.001,0.1), eps=1e-04",0.001,0.1,0.0001,linear,43654425,find_phi_fixed_budget_linear_search,"{""m_exploration"": 3, ""lookback_window"": 1, ""safeguard"": 3, ""inc"": 1, ""budget"": 43654425}"
"U(0.001,0.1), eps=1e-04",0.001,0.1,0.0001,linear,52658261,find_phi_fixed_budget_linear_search,"{""m_exploration"": 3, ""lookback_window"": 1, ""safeguard"": 3, ""inc"": 1, ""budget"": 52658261}"
"U(0.001,0.1), eps=1e-04",0.001,0.1,0.0001,linear,63519160,find_phi_fixed_budget_linear_search,"{""m_exploration"": 3, ""lookback_window"": 1, ""safeguard"": 3, ""inc"": 1, ""budget"": 63519160}"
"U(0.001,0.1), eps=1e-04",0.001,0.1,0.0001,linear,76620148,find_phi_fixed_budget_linear_search,"{""m_exploration"": 3, ""lookback_window"": 1, ""safeguard"": 3, ""inc"": 1, ""budget"": 76620148}"
"U(0.001,0.1), eps=1e-04",0.001,0.1,0.0001,linear,92423247,find_phi_fixed_budget_linear_search,"{""m_exploration"": 3, ""lookback_window"": 1, ""safeguard"": 3, ""inc"": 1, ""budget"": 92423247}"
"U(0.001,0.1), eps=1e-04",0.001,0.1,0.0001,linear,111485776,find_phi_fixed_budget_linear_search,"{""m_exploration"": 3, ""lookback_window"": 1, ""safeguard"": 3, ""inc"": 1, ""budget"": 111485776}"
"U(0.001,0.1), eps=1e-04",0.001,0.1,0.0001,linear,134480000,find_phi_fixed_budget_linear_search,"{""m_exploration"": 3, ""lookback_window"": 1, ""safeguard"": 3, ""inc"": 1, ""budget"": 134480000}"
"U(0.001,0.1), eps=1e-04",0.001,0.1,0.0001,reverse_eng,89653,find_phi_fixed_budget_reverse_engineering,"{""m_exploration"": 338, ""safeguard"": 0.8, ""budget"": 89653}"
"U(0.001,0.1), eps=1e-04",0.001,0.1,0.0001,reverse_eng,108144,find_phi_fixed_budget_reverse_engineering,"{""m_exploration"": 868, ""safeguard"": 0.8, ""budget"": 108144}"
"U(0.001,0.1), eps=1e-04",0.001,0.1,0.0001,reverse_eng,130449,find_phi_fixed_budget_reverse_engineering,"{""m_exploration"": 493, ""safeguard"": 0.85, ""budget"": 130449}"
"U(0.001,0.1), eps=1e-04",0.001,0.1,0.0001,reverse_eng,157355,find_phi_fixed_budget_reverse_engineering,"{""m_exploration"": 493, ""safeguard"": 0.85, ""budget"": 157355}"
"U(0.001,0.1), eps=1e-04",0.001,0.1,0.0001,reverse_eng,189810,find_phi_fixed_budget_reverse_engineering,"{""m_exploration"": 595, ""safeguard"": 0.85, ""budget"": 189810}"
"U(0.001,0.1), eps=1e-04",0.001,0.1,0.0001,reverse_eng,228958,find_phi_fixed_budget_reverse_engineering,"{""m_exploration"": 595, ""safeguard"": 0.925, ""budget"": 228958}"
"U(0.001,0.1), eps=1e-04",0.001,0.1,0.0001,reverse_eng,276182,find_phi_fixed_budget_reverse_engineering,"{""m_exploration"": 595, ""safeguard"": 0.85, ""budget"": 276182}"
"U(0.001,0.1), eps=1e-04",0.001,0.1,0.0001,reverse_eng,333145,find_phi_fixed_budget_reverse_engineering,"{""m_exploration"": 595, ""safeguard"": 0.85, ""budget"": 333145}"
"U(0.001,0.1), eps=1e-04",0.001,0.1,0.0001,reverse_eng,401857,find_phi_fixed_budget_reverse_engineering,"{""m_exploration"": 595, ""safeguard"": 0.85, ""budget"": 401857}"
"U(0.001,0.1), eps=1e-04",0.001,0.1,0.0001,reverse_eng,484741,find_phi_fixed_budget_reverse_engineering,"{""m_exploration"": 595, ""safeguard"": 0.85, ""budget"": 484741}"
"U(0.001,0.1), eps=1e-04",0.001,0.1,0.0001,reverse_eng,584721,find_phi_fixed_budget_reverse_engineering,"{""m_exploration"": 2229, ""safeguard"": 0.9, ""budget"": 584721}"
"U(0.001,0.1), eps=1e-04",0.001,0.1,0.0001,reverse_eng,705321,find_phi_fixed_budget_reverse_engineering,"{""m_exploration"": 1846, ""safeguard"": 0.9, ""budget"": 705321}"
"U(0.001,0.1), eps=1e-04",0.001,0.1,0.0001,reverse_eng,850795,find_phi_fixed_budget_reverse_engineering,"{""m_exploration"": 3924, ""safeguard"": 0.925, ""budget"": 850795}"
"U(0.001,0.1), eps=1e-04",0.001,0.1,0.0001,reverse_eng,1026274,find_phi_fixed_budget_reverse_engineering,"{""m_exploration"": 2229, ""safeguard"": 0.9, ""budget"": 1026274}"
"U(0.001,0.1), eps=1e-04",0.001,0.1,0.0001,reverse_eng,1237946,find_phi_fixed_budget_reverse_engineering,"{""m_exploration"": 4738, ""safeguard"": 0.95, ""budget"": 1237946}"
"U(0.001,0.1), eps=1e-04",0.001,0.1,0.0001,reverse_eng,1493275,find_phi_fixed_budget_reverse_engineering,"{""m_exploration"": 4738, ""safeguard"": 0.95, ""budget"": 1493275}"
"U(0.001,0.1), eps=1e-04",0.001,0.1,0.0001,reverse_eng,1801267,find_phi_fixed_budget_reverse_engineering,"{""m_exploration"": 4738, ""safeguard"": 0.95, ""budget"": 1801267}"
"U(0.001,0.1), eps=1e-04",0.001,0.1,0.0001,reverse_eng,2172783,find_phi_fixed_budget_reverse_engineering,"{""m_exploration"": 8343, ""safeguard"": 0.95, ""budget"": 2172783}"
"U(0.001,0.1), eps=1e-04",0.001,0.1,0.0001,reverse_eng,2620925,find_phi_fixed_budget_reverse_engineering,"{""m_exploration"": 8343, ""safeguard"": 0.9, ""budget"": 2620925}"
"U(0.001,0.1), eps=1e-04",0.001,0.1,0.0001,reverse_eng,3161498,find_phi_fixed_budget_reverse_engineering,"{""m_exploration"": 8343, ""safeguard"": 0.9, ""budget"": 3161498}"
"U(0.001,0.1), eps=1e-04",0.001,0.1,0.0001,reverse_eng,3813565,find_phi_fixed_budget_reverse_engineering,"{""m_exploration"": 21416, ""safeguard"": 0.925, ""budget"": 3813565}"
"U(0.001,0.1), eps=1e-04",0.001,0.1,0.0001,reverse_eng,4600122,find_phi_fixed_budget_reverse_engineering,"{""m_exploration"": 8343, ""safeguard"": 0.9, ""budget"": 4600122}"
"U(0.001,0.1), eps=1e-04",0.001,0.1,0.0001,reverse_eng,5548909,find_phi_fixed_budget_reverse_engineering,"{""m_exploration"": 21416, ""safeguard"": 0.925, ""budget"": 5548909}"
"U(0.001,0.1), eps=1e-04",0.001,0.1,0.0001,reverse_eng,6693386,find_phi_fixed_budget_reverse_engineering,"{""m_exploration"": 17736, ""safeguard"": 0.9, ""budget"": 6693386}"
"U(0.001,0.1), eps=1e-04",0.001,0.1,0.0001,reverse_eng,8073914,find_phi_fixed_budget_reverse_engineering,"{""m_exploration"": 80155, ""safeguard"": 0.95, ""budget"": 8073914}"
"U(0.001,0.1), eps=1e-04",0.001,0.1,0.0001,reverse_eng,9739179,find_phi_fixed_budget_reverse_engineering,"{""m_exploration"": 37704, ""safeguard"": 0.9, ""budget"": 9739179}"
"U(0.001,0.1), eps=1e-04",0.001,0.1,0.0001,reverse_eng,11747910,find_phi_fixed_budget_reverse_engineering,"{""m_exploration"": 31225, ""safeguard"": 0.9, ""budget"": 11747910}"
"U(0.001,0.1), eps=1e-04",0.001,0.1,0.0001,reverse_eng,14170946,find_phi_fixed_budget_reverse_engineering,"{""m_exploration"": 31225, ""safeguard"": 0.9, ""budget"": 14170946}"
"U(0.001,0.1), eps=1e-04",0.001,0.1,0.0001,reverse_eng,17093739,find_phi_fixed_budget_reverse_engineering,"{""m_exploration"": 54974, ""safeguard"": 0.85, ""budget"": 17093739}"
"U(0.001,0.1), eps=1e-04",0.001,0.1,0.0001,reverse_eng,20619366,find_phi_fixed_budget_reverse_engineering,"{""m_exploration"": 45528, ""safeguard"": 0.8, ""budget"": 20619366}"
"U(0.001,0.1), eps=1e-04",0.001,0.1,0.0001,reverse_eng,24872163,find_phi_fixed_budget_reverse_engineering,"{""m_exploration"": 45528, ""safeguard"": 0.8, ""budget"": 24872163}"
"U(0.001,0.1), eps=1e-04",0.001,0.1,0.0001,reverse_eng,30002110,find_phi_fixed_budget_reverse_engineering,"{""m_exploration"": 45528, ""safeguard"": 0.8, ""budget"": 30002110}"
"U(0.001,0.1), eps=1e-04",0.001,0.1,0.0001,reverse_eng,36190121,find_phi_fixed_budget_reverse_engineering,"{""m_exploration"": 45528, ""safeguard"": 0.8, ""budget"": 36190121}"
"U(0.001,0.1), eps=1e-04",0.001,0.1,0.0001,reverse_eng,43654425,find_phi_fixed_budget_reverse_engineering,"{""m_exploration"": 45528, ""safeguard"": 0.8, ""budget"": 43654425}"
"U(0.001,0.1), eps=1e-04",0.001,0.1,0.0001,reverse_eng,52658261,find_phi_fixed_budget_reverse_engineering,"{""m_exploration"": 45528, ""safeguard"": 0.8, ""budget"": 52658261}"
"U(0.001,0.1), eps=1e-04",0.001,0.1,0.0001,reverse_eng,63519160,find_phi_fixed_budget_reverse_engineering,"{""m_exploration"": 45528, ""safeguard"": 0.8, ""budget"": 63519160}"
"U(0.001,0.1), eps=1e-04",0.001,0.1,0.0001,reverse_eng,76620148,find_phi_fixed_budget_reverse_engineering,"{""m_exploration"": 45528, ""safeguard"": 0.8, ""budget"": 76620148}"
"U(0.001,0.1), eps=1e-04",0.001,0.1,0.0001,reverse_eng,92423247,find_phi_fixed_budget_reverse_engineering,"{""m_exploration"": 45528, ""safeguard"": 0.8, ""budget"": 92423247}"
"U(0.001,0.1), eps=1e-04",0.001,0.1,0.0001,reverse_eng,111485776,find_phi_fixed_budget_reverse_engineering,"{""m_exploration"": 45528, ""safeguard"": 0.8, ""budget"": 111485776}"
"U(0.001,0.1), eps=1e-04",0.001,0.1,0.0001,reverse_eng,134480000,find_phi_fixed_budget_reverse_engineering,"{""m_exploration"": 45528, ""safeguard"": 0.8, ""budget"": 134480000}"
"U(0.001,0.1), eps=1e-04",0.001,0.1,0.0001,binary,89653,find_phi_fixed_budget_binary_search,"{""m_exploration"": 20, ""safeguard"": 2, ""conf"": 0.65, ""budget"": 89653}"
"U(0.001,0.1), eps=1e-04",0.001,0.1,0.0001,binary,108144,find_phi_fixed_budget_binary_search,"{""m_exploration"": 20, ""safeguard"": 2, ""conf"": 0.65, ""budget"": 108144}"
"U(0.001,0.1), eps=1e-04",0.001,0.1,0.0001,binary,130449,find_phi_fixed_budget_binary_search,"{""m_exploration"": 20, ""safeguard"": 2, ""conf"": 0.65, ""budget"": 130449}"
"U(0.001,0.1), eps=1e-04",0.001,0.1,0.0001,binary,157355,find_phi_fixed_budget_binary_search,"{""m_exploration"": 20, ""safeguard"": 2, ""conf"": 0.65, ""budget"": 157355}"
"U(0.001,0.1), eps=1e-04",0.001,0.1,0.0001,binary,189810,find_phi_fixed_budget_binary_search,"{""m_exploration"": 43, ""safeguard"": 2, ""conf"": 0.65, ""budget"": 189810}"
"U(0.001,0.1), eps=1e-04",0.001,0.1,0.0001,binary,228958,find_phi_fixed_budget_binary_search,"{""m_exploration"": 43, ""safeguard"": 2, ""conf"": 0.65, ""budget"": 228958}"
"U(0.001,0.1), eps=1e-04",0.001,0.1,0.0001,binary,276182,find_phi_fixed_budget_binary_search,"{""m_exploration"": 43, ""safeguard"": 2, ""conf"": 0.65, ""budget"": 276182}"
"U(0.001,0.1), eps=1e-04",0.001,0.1,0.0001,binary,333145,find_phi_fixed_budget_binary_search,"{""m_exploration"": 43, ""safeguard"": 2, ""conf"": 0.5, ""budget"": 333145}"
"U(0.001,0.1), eps=1e-04",0.001,0.1,0.0001,binary,401857,find_phi_fixed_budget_binary_search,"{""m_exploration"": 43, ""safeguard"": 2, ""conf"": 0.65, ""budget"": 401857}"
"U(0.001,0.1), eps=1e-04",0.001,0.1,0.0001,binary,484741,find_phi_fixed_budget_binary_search,"{""m_exploration"": 43, ""safeguard"": 2, ""conf"": 0.5, ""budget"": 484741}"
"U(0.001,0.1), eps=1e-04",0.001,0.1,0.0001,binary,584721,find_phi_fixed_budget_binary_search,"{""m_exploration"": 63, ""safeguard"": 2, ""conf"": 0.5, ""budget"": 584721}"
"U(0.001,0.1), eps=1e-04",0.001,0.1,0.0001,binary,705321,find_phi_fixed_budget_binary_search,"{""m_exploration"": 63, ""safeguard"": 2, ""conf"": 0.5, ""budget"": 705321}"
"U(0.001,0.1), eps=1e-04",0.001,0.1,0.0001,binary,850795,find_phi_fixed_budget_binary_search,"{""m_exploration"": 63, ""safeguard"": 2, ""conf"": 0.5, ""budget"": 850795}"
"U(0.001,0.1), eps=1e-04",0.001,0.1,0.0001,binary,1026274,find_phi_fixed_budget_binary_search,"{""m_exploration"": 93, ""safeguard"": 2, ""conf"": 0.5, ""budget"": 1026274}"
"U(0.001,0.1), eps=1e-04",0.001,0.1,0.0001,binary,1237946,find_phi_fixed_budget_binary_search,"{""m_exploration"": 93, ""safeguard"": 2, ""conf"": 0.5, ""budget"": 1237946}"
"U(0.001,0.1), eps=1e-04",0.001,0.1,0.0001,binary,1493275,find_phi_fixed_budget_binary_search,"{""m_exploration"": 93, ""safeguard"": 2, ""conf"": 0.5, ""budget"": 1493275}"
"U(0.001,0.1), eps=1e-04",0.001,0.1,0.0001,binary,1801267,find_phi_fixed_budget_binary_search,"{""m_exploration"": 201, ""safeguard"": 2, ""conf"": 0.65, ""budget"": 1801267}"
"U(0.001,0.1), eps=1e-04",0.001,0.1,0.0001,binary,2172783,find_phi_fixed_budget_binary_search,"{""m_exploration"": 201, ""safeguard"": 2, ""conf"": 0.65, ""budget"": 2172783}"
"U(0.001,0.1), eps=1e-04",0.001,0.1,0.0001,binary,2620925,find_phi_fixed_budget_binary_search,"{""m_exploration"": 295, ""safeguard"": 2, ""conf"": 0.5, ""budget"": 2620925}"
"U(0.001,0.1), eps=1e-04",0.001,0.1,0.0001,binary,3161498,find_phi_fixed_budget_binary_search,"{""m_exploration"": 295, ""safeguard"": 2, ""conf"": 0.5, ""budget"": 3161498}"
"U(0.001,0.1), eps=1e-04",0.001,0.1,0.0001,binary,3813565,find_phi_fixed_budget_binary_search,"{""m_exploration"": 295, ""safeguard"": 2, ""conf"": 0.5, ""budget"": 3813565}"
"U(0.001,0.1), eps=1e-04",0.001,0.1,0.0001,binary,4600122,find_phi_fixed_budget_binary_search,"{""m_exploration"": 201, ""safeguard"": 2, ""conf"": 0.5, ""budget"": 4600122}"
"U(0.001,0.1), eps=1e-04",0.001,0.1,0.0001,binary,5548909,find_phi_fixed_budget_binary_search,"{""m_exploration"": 295, ""safeguard"": 2, ""conf"": 0.5, ""budget"": 5548909}"
"U(0.001,0.1), eps=1e-04",0.001,0.1,0.0001,binary,6693386,find_phi_fixed_budget_binary_search,"{""m_exploration"": 295, ""safeguard"": 2, ""conf"": 0.5, ""budget"": 6693386}"
"U(0.001,0.1), eps=1e-04",0.001,0.1,0.0001,binary,8073914,find_phi_fixed_budget_binary_search,"{""m_exploration"": 295, ""safeguard"": 2, ""conf"": 0.5, ""budget"": 8073914}"
"U(0.001,0.1), eps=1e-04",0.001,0.1,0.0001,binary,9739179,find_phi_fixed_budget_binary_search,"{""m_exploration"": 637, ""safeguard"": 2, ""conf"": 0.5, ""budget"": 9739179}"
"U(0.001,0.1), eps=1e-04",0.001,0.1,0.0001,binary,11747910,find_phi_fixed_budget_binary_search,"{""m_exploration"": 1375, ""safeguard"": 2, ""conf"": 0.5, ""budget"": 11747910}"
"U(0.001,0.1), eps=1e-04",0.001,0.1,0.0001,binary,14170946,find_phi_fixed_budget_binary_search,"{""m_exploration"": 2020, ""safeguard"": 2, ""conf"": 0.5, ""budget"": 14170946}"
"U(0.001,0.1), eps=1e-04",0.001,0.1,0.0001,binary,17093739,find_phi_fixed_budget_binary_search,"{""m_exploration"": 2020, ""safeguard"": 2, ""conf"": 0.5, ""budget"": 17093739}"
"U(0.001,0.1), eps=1e-04",0.001,0.1,0.0001,binary,20619366,find_phi_fixed_budget_binary_search,"{""m_exploration"": 2968, ""safeguard"": 2, ""conf"": 0.5, ""budget"": 20619366}"
"U(0.001,0.1), eps=1e-04",0.001,0.1,0.0001,binary,24872163,find_phi_fixed_budget_binary_search,"{""m_exploration"": 2968, ""safeguard"": 2, ""conf"": 0.5, ""budget"": 24872163}"
"U(0.001,0.1), eps=1e-04",0.001,0.1,0.0001,binary,30002110,find_phi_fixed_budget_binary_search,"{""m_exploration"": 6407, ""safeguard"": 2, ""conf"": 0.5, ""budget"": 30002110}"
"U(0.001,0.1), eps=1e-04",0.001,0.1,0.0001,binary,36190121,find_phi_fixed_budget_binary_search,"{""m_exploration"": 6407, ""safeguard"": 2, ""conf"": 0.5, ""budget"": 36190121}"
"U(0.001,0.1), eps=1e-04",0.001,0.1,0.0001,binary,43654425,find_phi_fixed_budget_binary_search,"{""m_exploration"": 6407, ""safeguard"": 2, ""conf"": 0.5, ""budget"": 43654425}"
"U(0.001,0.1), eps=1e-04",0.001,0.1,0.0001,binary,52658261,find_phi_fixed_budget_binary_search,"{""m_exploration"": 6407, ""safeguard"": 2, ""conf"": 0.5, ""budget"": 52658261}"
"U(0.001,0.1), eps=1e-04",0.001,0.1,0.0001,binary,63519160,find_phi_fixed_budget_binary_search,"{""m_exploration"": 6407, ""safeguard"": 2, ""conf"": 0.5, ""budget"": 63519160}"
"U(0.001,0.1), eps=1e-04",0.001,0.1,0.0001,binary,76620148,find_phi_fixed_budget_binary_search,"{""m_exploration"": 6407, ""safeguard"": 2, ""conf"": 0.5, ""budget"": 76620148}"
"U(0.001,0.1), eps=1e-04",0.001,0.1,0.0001,binary,92423247,find_phi_fixed_budget_binary_search,"{""m_exploration"": 6407, ""safeguard"": 2, ""conf"": 0.5, ""budget"": 92423247}"
"U(0.001,0.1), eps=1e-04",0.001,0.1,0.0001,binary,111485776,find_phi_fixed_budget_binary_search,"{""m_exploration"": 6407, ""safeguard"": 2, ""conf"": 0.5, ""budget"": 111485776}"
"U(0.001,0.1), eps=1e-04",0.001,0.1,0.0001,binary,134480000,find_phi_fixed_budget_binary_search,"{""m_exploration"": 29844, ""safeguard"": 2, ""conf"": 0.8, ""budget"": 134480000}"
"U(0.001,0.1), eps=1e-04",0.001,0.1,0.0001,reverse_eng_risk,89653,find_phi_fixed_budget_reverse_engineering_risk,"{""m_exploration"": 868, ""eps_target"": 0.0001, ""budget"": 89653}"
"U(0.001,0.1), eps=1e-04",0.001,0.1,0.0001,reverse_eng_risk,108144,find_phi_fixed_budget_reverse_engineering_risk,"{""m_exploration"": 408, ""eps_target"": 0.0001, ""budget"": 108144}"
"U(0.001,0.1), eps=1e-04",0.001,0.1,0.0001,reverse_eng_risk,130449,find_phi_fixed_budget_reverse_engineering_risk,"{""m_exploration"": 868, ""eps_target"": 0.0001, ""budget"": 130449}"
"U(0.001,0.1), eps=1e-04",0.001,0.1,0.0001,reverse_eng_risk,157355,find_phi_fixed_budget_reverse_engineering_risk,"{""m_exploration"": 595, ""eps_target"": 0.0001, ""budget"": 157355}"
"U(0.001,0.1), eps=1e-04",0.001,0.1,0.0001,reverse_eng_risk,189810,find_phi_fixed_budget_reverse_engineering_risk,"{""m_exploration"": 868, ""eps_target"": 0.0001, ""budget"": 189810}"
"U(0.001,0.1), eps=1e-04",0.001,0.1,0.0001,reverse_eng_risk,228958,find_phi_fixed_budget_reverse_engineering_risk,"{""m_exploration"": 868, ""eps_target"": 0.0001, ""budget"": 228958}"
"U(0.001,0.1), eps=1e-04",0.001,0.1,0.0001,reverse_eng_risk,276182,find_phi_fixed_budget_reverse_engineering_risk,"{""m_exploration"": 1266, ""eps_target"": 0.0001, ""budget"": 276182}"
"U(0.001,0.1), eps=1e-04",0.001,0.1,0.0001,reverse_eng_risk,333145,find_phi_fixed_budget_reverse_engineering_risk,"{""m_exploration"": 868, ""eps_target"": 0.0001, ""budget"": 333145}"
"U(0.001,0.1), eps=1e-04",0.001,0.1,0.0001,reverse_eng_risk,401857,find_phi_fixed_budget_reverse_engineering_risk,"{""m_exploration"": 868, ""eps_target"": 0.0001, ""budget"": 401857}"
"U(0.001,0.1), eps=1e-04",0.001,0.1,0.0001,reverse_eng_risk,484741,find_phi_fixed_budget_reverse_engineering_risk,"{""m_exploration"": 868, ""eps_target"": 0.0001, ""budget"": 484741}"
"U(0.001,0.1), eps=1e-04",0.001,0.1,0.0001,reverse_eng_risk,584721,find_phi_fixed_budget_reverse_engineering_risk,"{""m_exploration"": 1048, ""eps_target"": 0.0001, ""budget"": 584721}"
"U(0.001,0.1), eps=1e-04",0.001,0.1,0.0001,reverse_eng_risk,705321,find_phi_fixed_budget_reverse_engineering_risk,"{""m_exploration"": 2229, ""eps_target"": 0.0001, ""budget"": 705321}"
"U(0.001,0.1), eps=1e-04",0.001,0.1,0.0001,reverse_eng_risk,850795,find_phi_fixed_budget_reverse_engineering_risk,"{""m_exploration"": 2229, ""eps_target"": 0.0001, ""budget"": 850795}"
"U(0.001,0.1), eps=1e-04",0.001,0.1,0.0001,reverse_eng_risk,1026274,find_phi_fixed_budget_reverse_engineering_risk,"{""m_exploration"": 3924, ""eps_target"": 0.0001, ""budget"": 1026274}"
"U(0.001,0.1), eps=1e-04",0.001,0.1,0.0001,reverse_eng_risk,1237946,find_phi_fixed_budget_reverse_engineering_risk,"{""m_exploration"": 3924, ""eps_target"": 0.0001, ""budget"": 1237946}"
"U(0.001,0.1), eps=1e-04",0.001,0.1,0.0001,reverse_eng_risk,1493275,find_phi_fixed_budget_reverse_engineering_risk,"{""m_exploration"": 2691, ""eps_target"": 0.0001, ""budget"": 1493275}"
"U(0.001,0.1), eps=1e-04",0.001,0.1,0.0001,reverse_eng_risk,1801267,find_phi_fixed_budget_reverse_engineering_risk,"{""m_exploration"": 2691, ""eps_target"": 0.0001, ""budget"": 1801267}"
"U(0.001,0.1), eps=1e-04",0.001,0.1,0.0001,reverse_eng_risk,2172783,find_phi_fixed_budget_reverse_engineering_risk,"{""m_exploration"": 3250, ""eps_target"": 0.0001, ""budget"": 2172783}"
"U(0.001,0.1), eps=1e-04",0.001,0.1,0.0001,reverse_eng_risk,2620925,find_phi_fixed_budget_reverse_engineering_risk,"{""m_exploration"": 1266, ""eps_target"": 0.0001, ""budget"": 2620925}"
"U(0.001,0.1), eps=1e-04",0.001,0.1,0.0001,reverse_eng_risk,3161498,find_phi_fixed_budget_reverse_engineering_risk,"{""m_exploration"": 868, ""eps_target"": 0.0001, ""budget"": 3161498}"
"U(0.001,0.1), eps=1e-04",0.001,0.1,0.0001,reverse_eng_risk,3813565,find_phi_fixed_budget_reverse_engineering_risk,"{""m_exploration"": 868, ""eps_target"": 0.0001, ""budget"": 3813565}"
"U(0.001,0.1), eps=1e-04",0.001,0.1,0.0001,reverse_eng_risk,4600122,find_phi_fixed_budget_reverse_engineering_risk,"{""m_exploration"": 2229, ""eps_target"": 0.0001, ""budget"": 4600122}"
"U(0.001,0.1), eps=1e-04",0.001,0.1,0.0001,reverse_eng_risk,5548909,find_phi_fixed_budget_reverse_engineering_risk,"{""m_exploration"": 868, ""eps_target"": 0.0001, ""budget"": 5548909}"
"U(0.001,0.1), eps=1e-04",0.001,0.1,0.0001,reverse_eng_risk,6693386,find_phi_fixed_budget_reverse_engineering_risk,"{""m_exploration"": 1528, ""eps_target"": 0.0001, ""budget"": 6693386}"
"U(0.001,0.1), eps=1e-04",0.001,0.1,0.0001,reverse_eng_risk,8073914,find_phi_fixed_budget_reverse_engineering_risk,"{""m_exploration"": 3250, ""eps_target"": 0.0001, ""budget"": 8073914}"
"U(0.001,0.1), eps=1e-04",0.001,0.1,0.0001,reverse_eng_risk,9739179,find_phi_fixed_budget_reverse_engineering_risk,"{""m_exploration"": 2691, ""eps_target"": 0.0001, ""budget"": 9739179}"
"U(0.001,0.1), eps=1e-04",0.001,0.1,0.0001,reverse_eng_risk,11747910,find_phi_fixed_budget_reverse_engineering_risk,"{""m_exploration"": 2691, ""eps_target"": 0.0001, ""budget"": 11747910}"
"U(0.001,0.1), eps=1e-04",0.001,0.1,0.0001,reverse_eng_risk,14170946,find_phi_fixed_budget_reverse_engineering_risk,"{""m_exploration"": 1528, ""eps_target"": 0.0001, ""budget"": 14170946}"
"U(0.001,0.1), eps=1e-04",0.001,0.1,0.0001,reverse_eng_risk,17093739,find_phi_fixed_budget_reverse_engineering_risk,"{""m_exploration"": 74, ""eps_target"": 0.0001, ""budget"": 17093739}"
"U(0.001,0.1), eps=1e-04",0.001,0.1,0.0001,reverse_eng_risk,20619366,find_phi_fixed_budget_reverse_engineering_risk,"{""m_exploration"": 24, ""eps_target"": 0.0001, ""budget"": 20619366}"
"U(0.001,0.1), eps=1e-04",0.001,0.1,0.0001,reverse_eng_risk,24872163,find_phi_fixed_budget_reverse_engineering_risk,"{""m_exploration"": 20, ""eps_target"": 0.0001, ""budget"": 24872163}"
"U(0.001,0.1), eps=1e-04",0.001,0.1,0.0001,reverse_eng_risk,30002110,find_phi_fixed_budget_reverse_engineering_risk,"{""m_exploration"": 20, ""eps_target"": 0.0001, ""budget"": 30002110}"
"U(0.001,0.1), eps=1e-04",0.001,0.1,0.0001,reverse_eng_risk,36190121,find_phi_fixed_budget_reverse_engineering_risk,"{""m_exploration"": 20, ""eps_target"": 0.0001, ""budget"": 36190121}"
"U(0.001,0.1), eps=1e-04",0.001,0.1,0.0001,reverse_eng_risk,43654425,find_phi_fixed_budget_reverse_engineering_risk,"{""m_exploration"": 20, ""eps_target"": 0.0001, ""budget"": 43654425}"
"U(0.001,0.1), eps=1e-04",0.001,0.1,0.0001,reverse_eng_risk,52658261,find_phi_fixed_budget_reverse_engineering_risk,"{""m_exploration"": 20, ""eps_target"": 0.0001, ""budget"": 52658261}"
"U(0.001,0.1), eps=1e-04",0.001,0.1,0.0001,reverse_eng_risk,63519160,find_phi_fixed_budget_reverse_engineering_risk,"{""m_exploration"": 20, ""eps_target"": 0.0001, ""budget"": 63519160}"
"U(0.001,0.1), eps=1e-04",0.001,0.1,0.0001,reverse_eng_risk,76620148,find_phi_fixed_budget_reverse_engineering_risk,"{""m_exploration"": 20, ""eps_target"": 0.0001, ""budget"": 76620148}"
"U(0.001,0.1), eps=1e-04",0.001,0.1,0.0001,reverse_eng_risk,92423247,find_phi_fixed_budget_reverse_engineering_risk,"{""m_exploration"": 20, ""eps_target"": 0.0001, ""budget"": 92423247}"
"U(0.001,0.1), eps=1e-04",0.001,0.1,0.0001,reverse_eng_risk,111485776,find_phi_fixed_budget_reverse_engineering_risk,"{""m_exploration"": 20, ""eps_target"": 0.0001, ""budget"": 111485776}"
"U(0.001,0.1), eps=1e-04",0.001,0.1,0.0001,reverse_eng_risk,134480000,find_phi_fixed_budget_reverse_engineering_risk,"{""m_exploration"": 20, ""eps_target"": 0.0001, ""budget"": 134480000}"
"U(0.001,0.1), eps=1e-04",0.001,0.1,0.0001,binary_risk,89653,find_phi_fixed_budget_binary_search_risk,"{""m_exploration"": 295, ""conf"": 0.5, ""eps_target"": 0.0001, ""budget"": 89653}"
"U(0.001,0.1), eps=1e-04",0.001,0.1,0.0001,binary_risk,108144,find_phi_fixed_budget_binary_search_risk,"{""m_exploration"": 637, ""conf"": 0.5, ""eps_target"": 0.0001, ""budget"": 108144}"
"U(0.001,0.1), eps=1e-04",0.001,0.1,0.0001,binary_risk,130449,find_phi_fixed_budget_binary_search_risk,"{""m_exploration"": 936, ""conf"": 0.5, ""eps_target"": 0.0001, ""budget"": 130449}"
"U(0.001,0.1), eps=1e-04",0.001,0.1,0.0001,binary_risk,157355,find_phi_fixed_budget_binary_search_risk,"{""m_exploration"": 936, ""conf"": 0.5, ""eps_target"": 0.0001, ""budget"": 157355}"
"U(0.001,0.1), eps=1e-04",0.001,0.1,0.0001,binary_risk,189810,find_phi_fixed_budget_binary_search_risk,"{""m_exploration"": 637, ""conf"": 0.5, ""eps_target"": 0.0001, ""budget"": 189810}"
"U(0.001,0.1), eps=1e-04",0.001,0.1,0.0001,binary_risk,228958,find_phi_fixed_budget_binary_search_risk,"{""m_exploration"": 637, ""conf"": 0.5, ""eps_target"": 0.0001, ""budget"": 228958}"
"U(0.001,0.1), eps=1e-04",0.001,0.1,0.0001,binary_risk,276182,find_phi_fixed_budget_binary_search_risk,"{""m_exploration"": 1375, ""conf"": 0.5, ""eps_target"": 0.0001, ""budget"": 276182}"
"U(0.001,0.1), eps=1e-04",0.001,0.1,0.0001,binary_risk,333145,find_phi_fixed_budget_binary_search_risk,"{""m_exploration"": 936, ""conf"": 0.5, ""eps_target"": 0.0001, ""budget"": 333145}"
"U(0.001,0.1), eps=1e-04",0.001,0.1,0.0001,binary_risk,401857,find_phi_fixed_budget_binary_search_risk,"{""m_exploration"": 936, ""conf"": 0.5, ""eps_target"": 0.0001, ""budget"": 401857}"
"U(0.001,0.1), eps=1e-04",0.001,0.1,0.0001,binary_risk,484741,find_phi_fixed_budget_binary_search_risk,"{""m_exploration"": 936, ""conf"": 0.5, ""eps_target"": 0.0001, ""budget"": 484741}"
"U(0.001,0.1), eps=1e-04",0.001,0.1,0.0001,binary_risk,584721,find_phi_fixed_budget_binary_search_risk,"{""m_exploration"": 936, ""conf"": 0.5, ""eps_target"": 0.0001, ""budget"": 584721}"
"U(0.001,0.1), eps=1e-04",0.001,0.1,0.0001,binary_risk,705321,find_phi_fixed_budget_binary_search_risk,"{""m_exploration"": 936, ""conf"": 0.5, ""eps_target"": 0.0001, ""budget"": 705321}"
"U(0.001,0.1), eps=1e-04",0.001,0.1,0.0001,binary_risk,850795,find_phi_fixed_budget_binary_search_risk,"{""m_exploration"": 2020, ""conf"": 0.5, ""eps_target"": 0.0001, ""budget"": 850795}"
"U(0.001,0.1), eps=1e-04",0.001,0.1,0.0001,binary_risk,1026274,find_phi_fixed_budget_binary_search_risk,"{""m_exploration"": 4361, ""conf"": 0.5, ""eps_target"": 0.0001, ""budget"": 1026274}"
"U(0.001,0.1), eps=1e-04",0.001,0.1,0.0001,binary_risk,1237946,find_phi_fixed_budget_binary_search_risk,"{""m_exploration"": 4361, ""conf"": 0.5, ""eps_target"": 0.0001, ""budget"": 1237946}"
"U(0.001,0.1), eps=1e-04",0.001,0.1,0.0001,binary_risk,1493275,find_phi_fixed_budget_binary_search_risk,"{""m_exploration"": 2968, ""conf"": 0.5, ""eps_target"": 0.0001, ""budget"": 1493275}"
"U(0.001,0.1), eps=1e-04",0.001,0.1,0.0001,binary_risk,1801267,find_phi_fixed_budget_binary_search_risk,"{""m_exploration"": 2968, ""conf"": 0.5, ""eps_target"": 0.0001, ""budget"": 1801267}"
"U(0.001,0.1), eps=1e-04",0.001,0.1,0.0001,binary_risk,2172783,find_phi_fixed_budget_binary_search_risk,"{""m_exploration"": 2968, ""conf"": 0.5, ""eps_target"": 0.0001, ""budget"": 2172783}"
"U(0.001,0.1), eps=1e-04",0.001,0.1,0.0001,binary_risk,2620925,find_phi_fixed_budget_binary_search_risk,"{""m_exploration"": 6407, ""conf"": 0.5, ""eps_target"": 0.0001, ""budget"": 2620925}"
"U(0.001,0.1), eps=1e-04",0.001,0.1,0.0001,binary_risk,3161498,find_phi_fixed_budget_binary_search_risk,"{""m_exploration"": 9413, ""conf"": 0.5, ""eps_target"": 0.0001, ""budget"": 3161498}"
"U(0.001,0.1), eps=1e-04",0.001,0.1,0.0001,binary_risk,3813565,find_phi_fixed_budget_binary_search_risk,"{""m_exploration"": 9413, ""conf"": 0.5, ""eps_target"": 0.0001, ""budget"": 3813565}"
"U(0.001,0.1), eps=1e-04",0.001,0.1,0.0001,binary_risk,4600122,find_phi_fixed_budget_binary_search_risk,"{""m_exploration"": 9413, ""conf"": 0.5, ""eps_target"": 0.0001, ""budget"": 4600122}"
"U(0.001,0.1), eps=1e-04",0.001,0.1,0.0001,binary_risk,5548909,find_phi_fixed_budget_binary_search_risk,"{""m_exploration"": 13828, ""conf"": 0.5, ""eps_target"": 0.0001, ""budget"": 5548909}"
"U(0.001,0.1), eps=1e-04",0.001,0.1,0.0001,binary_risk,6693386,find_phi_fixed_budget_binary_search_risk,"{""m_exploration"": 13828, ""conf"": 0.5, ""eps_target"": 0.0001, ""budget"": 6693386}"
"U(0.001,0.1), eps=1e-04",0.001,0.1,0.0001,binary_risk,8073914,find_phi_fixed_budget_binary_search_risk,"{""m_exploration"": 13828, ""conf"": 0.5, ""eps_target"": 0.0001, ""budget"": 8073914}"
"U(0.001,0.1), eps=1e-04",0.001,0.1,0.0001,binary_risk,9739179,find_phi_fixed_budget_binary_search_risk,"{""m_exploration"": 13828, ""conf"": 0.5, ""eps_target"": 0.0001, ""budget"": 9739179}"
"U(0.001,0.1), eps=1e-04",0.001,0.1,0.0001,binary_risk,11747910,find_phi_fixed_budget_binary_search_risk,"{""m_exploration"": 201, ""conf"": 0.5, ""eps_target"": 0.0001, ""budget"": 11747910}"
"U(0.001,0.1), eps=1e-04",0.001,0.1,0.0001,binary_risk,14170946,find_phi_fixed_budget_binary_search_risk,"{""m_exploration"": 20314, ""conf"": 0.5, ""eps_target"": 0.0001, ""budget"": 14170946}"
"U(0.001,0.1), eps=1e-04",0.001,0.1,0.0001,binary_risk,17093739,find_phi_fixed_budget_binary_search_risk,"{""m_exploration"": 136, ""conf"": 0.5, ""eps_target"": 0.0001, ""budget"": 17093739}"
"U(0.001,0.1), eps=1e-04",0.001,0.1,0.0001,binary_risk,20619366,find_phi_fixed_budget_binary_search_risk,"{""m_exploration"": 93, ""conf"": 0.5, ""eps_target"": 0.0001, ""budget"": 20619366}"
"U(0.001,0.1), eps=1e-04",0.001,0.1,0.0001,binary_risk,24872163,find_phi_fixed_budget_binary_search_risk,"{""m_exploration"": 93, ""conf"": 0.5, ""eps_target"": 0.0001, ""budget"": 24872163}"
"U(0.001,0.1), eps=1e-04",0.001,0.1,0.0001,binary_risk,30002110,find_phi_fixed_budget_binary_search_risk,"{""m_exploration"": 93, ""conf"": 0.5, ""eps_target"": 0.0001, ""budget"": 30002110}"
"U(0.001,0.1), eps=1e-04",0.001,0.1,0.0001,binary_risk,36190121,find_phi_fixed_budget_binary_search_risk,"{""m_exploration"": 43, ""conf"": 0.5, ""eps_target"": 0.0001, ""budget"": 36190121}"
"U(0.001,0.1), eps=1e-04",0.001,0.1,0.0001,binary_risk,43654425,find_phi_fixed_budget_binary_search_risk,"{""m_exploration"": 20, ""conf"": 0.5, ""eps_target"": 0.0001, ""budget"": 43654425}"
"U(0.001,0.1), eps=1e-04",0.001,0.1,0.0001,binary_risk,52658261,find_phi_fixed_budget_binary_search_risk,"{""m_exploration"": 20, ""conf"": 0.5, ""eps_target"": 0.0001, ""budget"": 52658261}"
"U(0.001,0.1), eps=1e-04",0.001,0.1,0.0001,binary_risk,63519160,find_phi_fixed_budget_binary_search_risk,"{""m_exploration"": 20, ""conf"": 0.5, ""eps_target"": 0.0001, ""budget"": 63519160}"
"U(0.001,0.1), eps=1e-04",0.001,0.1,0.0001,binary_risk,76620148,find_phi_fixed_budget_binary_search_risk,"{""m_exploration"": 20, ""conf"": 0.5, ""eps_target"": 0.0001, ""budget"": 76620148}"
"U(0.001,0.1), eps=1e-04",0.001,0.1,0.0001,binary_risk,92423247,find_phi_fixed_budget_binary_search_risk,"{""m_exploration"": 20, ""conf"": 0.5, ""eps_target"": 0.0001, ""budget"": 92423247}"
"U(0.001,0.1), eps=1e-04",0.001,0.1,0.0001,binary_risk,111485776,find_phi_fixed_budget_binary_search_risk,"{""m_exploration"": 20, ""conf"": 0.5, ""eps_target"": 0.0001, ""budget"": 111485776}"
"U(0.001,0.1), eps=1e-04",0.001,0.1,0.0001,binary_risk,134480000,find_phi_fixed_budget_binary_search_risk,"{""m_exploration"": 20, ""conf"": 0.5, ""eps_target"": 0.0001, ""budget"": 134480000}"
"U(0.001,0.1), eps=1e-06",0.001,0.1,1e-06,linear,896533333,find_phi_fixed_budget_linear_search,"{""m_exploration"": 12071, ""lookback_window"": 5, ""safeguard"": 0, ""inc"": 5, ""budget"": 896533333}"
"U(0.001,0.1), eps=1e-06",0.001,0.1,1e-06,linear,1081445601,find_phi_fixed_budget_linear_search,"{""m_exploration"": 12071, ""lookback_window"": 5, ""safeguard"": 0, ""inc"": 5, ""budget"": 1081445601}"
"U(0.001,0.1), eps=1e-06",0.001,0.1,1e-06,linear,1304496493,find_phi_fixed_budget_linear_search,"{""m_exploration"": 12071, ""lookback_window"": 5, ""safeguard"": 0, ""inc"": 5, ""budget"": 1304496493}"
"U(0.001,0.1), eps=1e-06",0.001,0.1,1e-06,linear,1573552196,find_phi_fixed_budget_linear_search,"{""m_exploration"": 12071, ""lookback_window"": 5, ""safeguard"": 1, ""inc"": 2, ""budget"": 1573552196}"
"U(0.001,0.1), eps=1e-06",0.001,0.1,1e-06,linear,1898101319,find_phi_fixed_budget_linear_search,"{""m_exploration"": 12071, ""lookback_window"": 5, ""safeguard"": 1, ""inc"": 2, ""budget"": 1898101319}"
"U(0.001,0.1), eps=1e-06",0.001,0.1,1e-06,linear,2289589519,find_phi_fixed_budget_linear_search,"{""m_exploration"": 12071, ""lookback_window"": 5, ""safeguard"": 1, ""inc"": 2, ""budget"": 2289589519}"
"U(0.001,0.1), eps=1e-06",0.001,0.1,1e-06,linear,2761823151,find_phi_fixed_budget_linear_search,"{""m_exploration"": 12071, ""lookback_window"": 5, ""safeguard"": 1, ""inc"": 2, ""budget"": 2761823151}"
"U(0.001,0.1), eps=1e-06",0.001,0.1,1e-06,linear,3331456165,find_phi_fixed_budget_linear_search,"{""m_exploration"": 12071, ""lookback_window"": 5, ""safeguard"": 1, ""inc"": 2, ""budget"": 3331456165}"
"U(0.001,0.1), eps=1e-06",0.001,0.1,1e-06,linear,4018577429,find_phi_fixed_budget_linear_search,"{""m_exploration"": 12071, ""lookback_window"": 5, ""safeguard"": 1, ""inc"": 2, ""budget"": 4018577429}"
"U(0.001,0.1), eps=1e-06",0.001,0.1,1e-06,linear,4847419193,find_phi_fixed_budget_linear_search,"{""m_exploration"": 15777, ""lookback_window"": 5, ""safeguard"": 1, ""inc"": 2, ""budget"": 4847419193}"
"U(0.001,0.1), eps=1e-06",0.001,0.1,1e-06,linear,5847211667,find_phi_fixed_budget_linear_search,"{""m_exploration"": 4136, ""lookback_window"": 5, ""safeguard"": 1, ""inc"": 2, ""budget"": 5847211667}"
"U(0.001,0.1), eps=1e-06",0.001,0.1,1e-06,linear,7053213870,find_phi_fixed_budget_linear_search,"{""m_exploration"": 5406, ""lookback_window"": 5, ""safeguard"": 1, ""inc"": 2, ""budget"": 7053213870}"
"U(0.001,0.1), eps=1e-06",0.001,0.1,1e-06,linear,8507957079,find_phi_fixed_budget_linear_search,"{""m_exploration"": 15777, ""lookback_window"": 5, ""safeguard"": 1, ""inc"": 2, ""budget"": 8507957079}"
"U(0.001,0.1), eps=1e-06",0.001,0.1,1e-06,linear,10262744755,find_phi_fixed_budget_linear_search,"{""m_exploration"": 15777, ""lookback_window"": 5, ""safeguard"": 1, ""inc"": 2, ""budget"": 10262744755}"
"U(0.001,0.1), eps=1e-06",0.001,0.1,1e-06,linear,12379461831,find_phi_fixed_budget_linear_search,"{""m_exploration"": 78654, ""lookback_window"": 5, ""safeguard"": 0, ""inc"": 2, ""budget"": 12379461831}"
"U(0.001,0.1), eps=1e-06",0.001,0.1,1e-06,linear,14932757159,find_phi_fixed_budget_linear_search,"{""m_exploration"": 78654, ""lookback_window"": 5, ""safeguard"": 0, ""inc"": 2, ""budget"": 14932757159}"
"U(0.001,0.1), eps=1e-06",0.001,0.1,1e-06,linear,18012676110,find_phi_fixed_budget_linear_search,"{""m_exploration"": 134364, ""lookback_window"": 5, ""safeguard"": 0, ""inc"": 2, ""budget"": 18012676110}"
"U(0.001,0.1), eps=1e-06",0.001,0.1,1e-06,linear,21727836139,find_phi_fixed_budget_linear_search,"{""m_exploration"": 4136, ""lookback_window"": 5, ""safeguard"": 1, ""inc"": 2, ""budget"": 21727836139}"
"U(0.001,0.1), eps=1e-06",0.001,0.1,1e-06,linear,26209257324,find_phi_fixed_budget_linear_search,"{""m_exploration"": 20621, ""lookback_window"": 5, ""safeguard"": 1, ""inc"": 1, ""budget"": 26209257324}"
"U(0.001,0.1), eps=1e-06",0.001,0.1,1e-06,linear,31614982969,find_phi_fixed_budget_linear_search,"{""m_exploration"": 20621, ""lookback_window"": 5, ""safeguard"": 1, ""inc"": 1, ""budget"": 31614982969}"
"U(0.001,0.1), eps=1e-06",0.001,0.1,1e-06,linear,38135653207,find_phi_fixed_budget_linear_search,"{""m_exploration"": 20621, ""lookback_window"": 5, ""safeguard"": 1, ""inc"": 1, ""budget"": 38135653207}"
"U(0.001,0.1), eps=1e-06",0.001,0.1,1e-06,linear,46001228182,find_phi_fixed_budget_linear_search,"{""m_exploration"": 4136, ""lookback_window"": 5, ""safeguard"": 1, ""inc"": 2, ""budget"": 46001228182}"
"U(0.001,0.1), eps=1e-06",0.001,0.1,1e-06,linear,55489097899,find_phi_fixed_budget_linear_search,"{""m_exploration"": 20621, ""lookback_window"": 5, ""safeguard"": 1, ""inc"": 1, ""budget"": 55489097899}"
"U(0.001,0.1), eps=1e-06",0.001,0.1,1e-06,linear,66933864754,find_phi_fixed_budget_linear_search,"{""m_exploration"": 4136, ""lookback_window"": 5, ""safeguard"": 1, ""inc"": 2, ""budget"": 66933864754}"
"U(0.001,0.1), eps=1e-06",0.001,0.1,1e-06,linear,80739143733,find_phi_fixed_budget_linear_search,"{""m_exploration"": 5406, ""lookback_window"": 5, ""safeguard"": 1, ""inc"": 1, ""budget"": 80739143733}"
"U(0.001,0.1), eps=1e-06",0.001,0.1,1e-06,linear,97391796436,find_phi_fixed_budget_linear_search,"{""m_exploration"": 5406, ""lookback_window"": 5, ""safeguard"": 1, ""inc"": 1, ""budget"": 97391796436}"
"U(0.001,0.1), eps=1e-06",0.001,0.1,1e-06,linear,117479100897,find_phi_fixed_budget_linear_search,"{""m_exploration"": 78654, ""lookback_window"": 5, ""safeguard"": 1, ""inc"": 2, ""budget"": 117479100897}"
"U(0.001,0.1), eps=1e-06",0.001,0.1,1e-06,linear,141709462734,find_phi_fixed_budget_linear_search,"{""m_exploration"": 9236, ""lookback_window"": 5, ""safeguard"": 1, ""inc"": 1, ""budget"": 141709462734}"
"U(0.001,0.1), eps=1e-06",0.001,0.1,1e-06,linear,170937398014,find_phi_fixed_budget_linear_search,"{""m_exploration"": 829, ""lookback_window"": 2, ""safeguard"": 1, ""inc"": 2, ""budget"": 170937398014}"
"U(0.001,0.1), eps=1e-06",0.001,0.1,1e-06,linear,206193668906,find_phi_fixed_budget_linear_search,"{""m_exploration"": 5, ""lookback_window"": 1, ""safeguard"": 2, ""inc"": 1, ""budget"": 206193668906}"
"U(0.001,0.1), eps=1e-06",0.001,0.1,1e-06,linear,248721634884,find_phi_fixed_budget_linear_search,"{""m_exploration"": 3, ""lookback_window"": 1, ""safeguard"": 3, ""inc"": 1, ""budget"": 248721634884}"
"U(0.001,0.1), eps=1e-06",0.001,0.1,1e-06,linear,300021101460,find_phi_fixed_budget_linear_search,"{""m_exploration"": 3, ""lookback_window"": 1, ""safeguard"": 3, ""inc"": 1, ""budget"": 300021101460}"
"U(0.001,0.1), eps=1e-06",0.001,0.1,1e-06,linear,361901212829,find_phi_fixed_budget_linear_search,"{""m_exploration"": 3, ""lookback_window"": 1, ""safeguard"": 3, ""inc"": 1, ""budget"": 361901212829}"
"U(0.001,0.1), eps=1e-06",0.001,0.1,1e-06,linear,436544253753,find_phi_fixed_budget_linear_search,"{""m_exploration"": 3, ""lookback_window"": 1, ""safeguard"": 3, ""inc"": 1, ""budget"": 436544253753}"
"U(0.001,0.1), eps=1e-06",0.001,0.1,1e-06,linear,526582610750,find_phi_fixed_budget_linear_search,"{""m_exploration"": 3, ""lookback_window"": 1, ""safeguard"": 3, ""inc"": 1, ""budget"": 526582610750}"
"U(0.001,0.1), eps=1e-06",0.001,0.1,1e-06,linear,635191606717,find_phi_fixed_budget_linear_search,"{""m_exploration"": 3, ""lookback_window"": 1, ""safeguard"": 3, ""inc"": 1, ""budget"": 635191606717}"
"U(0.001,0.1), eps=1e-06",0.001,0.1,1e-06,linear,766201482932,find_phi_fixed_budget_linear_search,"{""m_exploration"": 3, ""lookback_window"": 1, ""safeguard"": 3, ""inc"": 1, ""budget"": 766201482932}"
"U(0.001,0.1), eps=1e-06",0.001,0.1,1e-06,linear,924232477633,find_phi_fixed_budget_linear_search,"{""m_exploration"": 3, ""lookback_window"": 1, ""safeguard"": 3, ""inc"": 1, ""budget"": 924232477633}"
"U(0.001,0.1), eps=1e-06",0.001,0.1,1e-06,linear,1114857764883,find_phi_fixed_budget_linear_search,"{""m_exploration"": 3, ""lookback_window"": 1, ""safeguard"": 3, ""inc"": 1, ""budget"": 1114857764883}"
"U(0.001,0.1), eps=1e-06",0.001,0.1,1e-06,linear,1344800000000,find_phi_fixed_budget_linear_search,"{""m_exploration"": 3, ""lookback_window"": 1, ""safeguard"": 3, ""inc"": 1, ""budget"": 1344800000000}"
"U(0.001,0.1), eps=1e-06",0.001,0.1,1e-06,reverse_eng,896533333,find_phi_fixed_budget_reverse_engineering,"{""m_exploration"": 300000, ""safeguard"": 0.975, ""budget"": 896533333}"
"U(0.001,0.1), eps=1e-06",0.001,0.1,1e-06,reverse_eng,1081445601,find_phi_fixed_budget_reverse_engineering,"{""m_exploration"": 300000, ""safeguard"": 0.95, ""budget"": 1081445601}"
"U(0.001,0.1), eps=1e-06",0.001,0.1,1e-06,reverse_eng,1304496493,find_phi_fixed_budget_reverse_engineering,"{""m_exploration"": 300000, ""safeguard"": 0.975, ""budget"": 1304496493}"
"U(0.001,0.1), eps=1e-06",0.001,0.1,1e-06,reverse_eng,1573552196,find_phi_fixed_budget_reverse_engineering,"{""m_exploration"": 205756, ""safeguard"": 0.975, ""budget"": 1573552196}"
"U(0.001,0.1), eps=1e-06",0.001,0.1,1e-06,reverse_eng,1898101319,find_phi_fixed_budget_reverse_engineering,"{""m_exploration"": 300000, ""safeguard"": 0.975, ""budget"": 1898101319}"
"U(0.001,0.1), eps=1e-06",0.001,0.1,1e-06,reverse_eng,2289589519,find_phi_fixed_budget_reverse_engineering,"{""m_exploration"": 300000, ""safeguard"": 0.975, ""budget"": 2289589519}"
"U(0.001,0.1), eps=1e-06",0.001,0.1,1e-06,reverse_eng,2761823151,find_phi_fixed_budget_reverse_engineering,"{""m_exploration"": 205756, ""safeguard"": 0.95, ""budget"": 2761823151}"
"U(0.001,0.1), eps=1e-06",0.001,0.1,1e-06,reverse_eng,3331456165,find_phi_fixed_budget_reverse_engineering,"{""m_exploration"": 205756, ""safeguard"": 0.975, ""budget"": 3331456165}"
"U(0.001,0.1), eps=1e-06",0.001,0.1,1e-06,reverse_eng,4018577429,find_phi_fixed_budget_reverse_engineering,"{""m_exploration"": 205756, ""safeguard"": 0.95, ""budget"": 4018577429}"
"U(0.001,0.1), eps=1e-06",0.001,0.1,1e-06,reverse_eng,4847419193,find_phi_fixed_budget_reverse_engineering,"{""m_exploration"": 205756, ""safeguard"": 0.975, ""budget"": 4847419193}"
"U(0.001,0.1), eps=1e-06",0.001,0.1,1e-06,reverse_eng,5847211667,find_phi_fixed_budget_reverse_engineering,"{""m_exploration"": 205756, ""safeguard"": 0.975, ""budget"": 5847211667}"
"U(0.001,0.1), eps=1e-06",0.001,0.1,1e-06,reverse_eng,7053213870,find_phi_fixed_budget_reverse_engineering,"{""m_exploration"": 170399, ""safeguard"": 0.975, ""budget"": 7053213870}"
"U(0.001,0.1), eps=1e-06",0.001,0.1,1e-06,reverse_eng,8507957079,find_phi_fixed_budget_reverse_engineering,"{""m_exploration"": 300000, ""safeguard"": 0.975, ""budget"": 8507957079}"
"U(0.001,0.1), eps=1e-06",0.001,0.1,1e-06,reverse_eng,10262744755,find_phi_fixed_budget_reverse_engineering,"{""m_exploration"": 170399, ""safeguard"": 0.975, ""budget"": 10262744755}"
"U(0.001,0.1), eps=1e-06",0.001,0.1,1e-06,reverse_eng,12379461831,find_phi_fixed_budget_reverse_engineering,"{""m_exploration"": 170399, ""safeguard"": 0.975, ""budget"": 12379461831}"
"U(0.001,0.1), eps=1e-06",0.001,0.1,1e-06,reverse_eng,14932757159,find_phi_fixed_budget_reverse_engineering,"{""m_exploration"": 300000, ""safeguard"": 0.975, ""budget"": 14932757159}"
"U(0.001,0.1), eps=1e-06",0.001,0.1,1e-06,reverse_eng,18012676110,find_phi_fixed_budget_reverse_engineering,"{""m_exploration"": 300000, ""safeguard"": 0.975, ""budget"": 18012676110}"
"U(0.001,0.1), eps=1e-06",0.001,0.1,1e-06,reverse_eng,21727836139,find_phi_fixed_budget_reverse_engineering,"{""m_exploration"": 300000, ""safeguard"": 0.975, ""budget"": 21727836139}"
"U(0.001,0.1), eps=1e-06",0.001,0.1,1e-06,reverse_eng,26209257324,find_phi_fixed_budget_reverse_engineering,"{""m_exploration"": 66381, ""safeguard"": 0.95, ""budget"": 26209257324}"
"U(0.001,0.1), eps=1e-06",0.001,0.1,1e-06,reverse_eng,31614982969,find_phi_fixed_budget_reverse_engineering,"{""m_exploration"": 205756, ""safeguard"": 0.95, ""budget"": 31614982969}"
"U(0.001,0.1), eps=1e-06",0.001,0.1,1e-06,reverse_eng,38135653207,find_phi_fixed_budget_reverse_engineering,"{""m_exploration"": 80155, ""safeguard"": 0.925, ""budget"": 38135653207}"
"U(0.001,0.1), eps=1e-06",0.001,0.1,1e-06,reverse_eng,46001228182,find_phi_fixed_budget_reverse_engineering,"{""m_exploration"": 80155, ""safeguard"": 0.925, ""budget"": 46001228182}"
"U(0.001,0.1), eps=1e-06",0.001,0.1,1e-06,reverse_eng,55489097899,find_phi_fixed_budget_reverse_engineering,"{""m_exploration"": 300000, ""safeguard"": 0.95, ""budget"": 55489097899}"
"U(0.001,0.1), eps=1e-06",0.001,0.1,1e-06,reverse_eng,66933864754,find_phi_fixed_budget_reverse_engineering,"{""m_exploration"": 45528, ""safeguard"": 0.925, ""budget"": 66933864754}"
"U(0.001,0.1), eps=1e-06",0.001,0.1,1e-06,reverse_eng,80739143733,find_phi_fixed_budget_reverse_engineering,"{""m_exploration"": 45528, ""safeguard"": 0.85, ""budget"": 80739143733}"
"U(0.001,0.1), eps=1e-06",0.001,0.1,1e-06,reverse_eng,97391796436,find_phi_fixed_budget_reverse_engineering,"{""m_exploration"": 80155, ""safeguard"": 0.925, ""budget"": 97391796436}"
"U(0.001,0.1), eps=1e-06",0.001,0.1,1e-06,reverse_eng,117479100897,find_phi_fixed_budget_reverse_engineering,"{""m_exploration"": 205756, ""safeguard"": 0.9, ""budget"": 117479100897}"
"U(0.001,0.1), eps=1e-06",0.001,0.1,1e-06,reverse_eng,141709462734,find_phi_fixed_budget_reverse_engineering,"{""m_exploration"": 141118, ""safeguard"": 0.85, ""budget"": 141709462734}"
"U(0.001,0.1), eps=1e-06",0.001,0.1,1e-06,reverse_eng,170937398014,find_phi_fixed_budget_reverse_engineering,"{""m_exploration"": 141118, ""safeguard"": 0.85, ""budget"": 170937398014}"
"U(0.001,0.1), eps=1e-06",0.001,0.1,1e-06,reverse_eng,206193668906,find_phi_fixed_budget_reverse_engineering,"{""m_exploration"": 54974, ""safeguard"": 0.8, ""budget"": 206193668906}"
"U(0.001,0.1), eps=1e-06",0.001,0.1,1e-06,reverse_eng,248721634884,find_phi_fixed_budget_reverse_engineering,"{""m_exploration"": 54974, ""safeguard"": 0.8, ""budget"": 248721634884}"
"U(0.001,0.1), eps=1e-06",0.001,0.1,1e-06,reverse_eng,300021101460,find_phi_fixed_budget_reverse_engineering,"{""m_exploration"": 54974, ""safeguard"": 0.8, ""budget"": 300021101460}"
"U(0.001,0.1), eps=1e-06",0.001,0.1,1e-06,reverse_eng,361901212829,find_phi_fixed_budget_reverse_engineering,"{""m_exploration"": 54974, ""safeguard"": 0.8, ""budget"": 361901212829}"
"U(0.001,0.1), eps=1e-06",0.001,0.1,1e-06,reverse_eng,436544253753,find_phi_fixed_budget_reverse_engineering,"{""m_exploration"": 54974, ""safeguard"": 0.8, ""budget"": 436544253753}"
"U(0.001,0.1), eps=1e-06",0.001,0.1,1e-06,reverse_eng,526582610750,find_phi_fixed_budget_reverse_engineering,"{""m_exploration"": 54974, ""safeguard"": 0.8, ""budget"": 526582610750}"
"U(0.001,0.1), eps=1e-06",0.001,0.1,1e-06,reverse_eng,635191606717,find_phi_fixed_budget_reverse_engineering,"{""m_exploration"": 54974, ""safeguard"": 0.8, ""budget"": 635191606717}"
"U(0.001,0.1), eps=1e-06",0.001,0.1,1e-06,reverse_eng,766201482932,find_phi_fixed_budget_reverse_engineering,"{""m_exploration"": 54974, ""safeguard"": 0.8, ""budget"": 766201482932}"
"U(0.001,0.1), eps=1e-06",0.001,0.1,1e-06,reverse_eng,924232477633,find_phi_fixed_budget_reverse_engineering,"{""m_exploration"": 54974, ""safeguard"": 0.8, ""budget"": 924232477633}"
"U(0.001,0.1), eps=1e-06",0.001,0.1,1e-06,reverse_eng,1114857764883,find_phi_fixed_budget_reverse_engineering,"{""m_exploration"": 54974, ""safeguard"": 0.8, ""budget"": 1114857764883}"
"U(0.001,0.1), eps=1e-06",0.001,0.1,1e-06,reverse_eng,1344800000000,find_phi_fixed_budget_reverse_engineering,"{""m_exploration"": 54974, ""safeguard"": 0.8, ""budget"": 1344800000000}"
"U(0.001,0.1), eps=1e-06",0.001,0.1,1e-06,binary,896533333,find_phi_fixed_budget_binary_search,"{""m_exploration"": 13828, ""safeguard"": 2, ""conf"": 0.9, ""budget"": 896533333}"
"U(0.001,0.1), eps=1e-06",0.001,0.1,1e-06,binary,1081445601,find_phi_fixed_budget_binary_search,"{""m_exploration"": 13828, ""safeguard"": 2, ""conf"": 0.9, ""budget"": 1081445601}"
"U(0.001,0.1), eps=1e-06",0.001,0.1,1e-06,binary,1304496493,find_phi_fixed_budget_binary_search,"{""m_exploration"": 29844, ""safeguard"": 2, ""conf"": 0.95, ""budget"": 1304496493}"
"U(0.001,0.1), eps=1e-06",0.001,0.1,1e-06,binary,1573552196,find_phi_fixed_budget_binary_search,"{""m_exploration"": 29844, ""safeguard"": 2, ""conf"": 0.95, ""budget"": 1573552196}"
"U(0.001,0.1), eps=1e-06",0.001,0.1,1e-06,binary,1898101319,find_phi_fixed_budget_binary_search,"{""m_exploration"": 29844, ""safeguard"": 2, ""conf"": 0.95, ""budget"": 1898101319}"
"U(0.001,0.1), eps=1e-06",0.001,0.1,1e-06,binary,2289589519,find_phi_fixed_budget_binary_search,"{""m_exploration"": 29844, ""safeguard"": 2, ""conf"": 0.95, ""budget"": 2289589519}"
"U(0.001,0.1), eps=1e-06",0.001,0.1,1e-06,binary,2761823151,find_phi_fixed_budget_binary_search,"{""m_exploration"": 13828, ""safeguard"": 2, ""conf"": 0.9, ""budget"": 2761823151}"
"U(0.001,0.1), eps=1e-06",0.001,0.1,1e-06,binary,3331456165,find_phi_fixed_budget_binary_search,"{""m_exploration"": 29844, ""safeguard"": 2, ""conf"": 0.95, ""budget"": 3331456165}"
"U(0.001,0.1), eps=1e-06",0.001,0.1,1e-06,binary,4018577429,find_phi_fixed_budget_binary_search,"{""m_exploration"": 29844, ""safeguard"": 2, ""conf"": 0.95, ""budget"": 4018577429}"
"U(0.001,0.1), eps=1e-06",0.001,0.1,1e-06,binary,4847419193,find_phi_fixed_budget_binary_search,"{""m_exploration"": 29844, ""safeguard"": 2, ""conf"": 0.95, ""budget"": 4847419193}"
"U(0.001,0.1), eps=1e-06",0.001,0.1,1e-06,binary,5847211667,find_phi_fixed_budget_binary_search,"{""m_exploration"": 29844, ""safeguard"": 2, ""conf"": 0.95, ""budget"": 5847211667}"
"U(0.001,0.1), eps=1e-06",0.001,0.1,1e-06,binary,7053213870,find_phi_fixed_budget_binary_search,"{""m_exploration"": 29844, ""safeguard"": 2, ""conf"": 0.95, ""budget"": 7053213870}"
"U(0.001,0.1), eps=1e-06",0.001,0.1,1e-06,binary,8507957079,find_phi_fixed_budget_binary_search,"{""m_exploration"": 43843, ""safeguard"": 2, ""conf"": 0.95, ""budget"": 8507957079}"
"U(0.001,0.1), eps=1e-06",0.001,0.1,1e-06,binary,10262744755,find_phi_fixed_budget_binary_search,"{""m_exploration"": 43843, ""safeguard"": 2, ""conf"": 0.95, ""budget"": 10262744755}"
"U(0.001,0.1), eps=1e-06",0.001,0.1,1e-06,binary,12379461831,find_phi_fixed_budget_binary_search,"{""m_exploration"": 43843, ""safeguard"": 2, ""conf"": 0.95, ""budget"": 12379461831}"
"U(0.001,0.1), eps=1e-06",0.001,0.1,1e-06,binary,14932757159,find_phi_fixed_budget_binary_search,"{""m_exploration"": 43843, ""safeguard"": 2, ""conf"": 0.95, ""budget"": 14932757159}"
"U(0.001,0.1), eps=1e-06",0.001,0.1,1e-06,binary,18012676110,find_phi_fixed_budget_binary_search,"{""m_exploration"": 43843, ""safeguard"": 2, ""conf"": 0.95, ""budget"": 18012676110}"
"U(0.001,0.1), eps=1e-06",0.001,0.1,1e-06,binary,21727836139,find_phi_fixed_budget_binary_search,"{""m_exploration"": 204210, ""safeguard"": 2, ""conf"": 0.95, ""budget"": 21727836139}"
"U(0.001,0.1), eps=1e-06",0.001,0.1,1e-06,binary,26209257324,find_phi_fixed_budget_binary_search,"{""m_exploration"": 204210, ""safeguard"": 2, ""conf"": 0.95, ""budget"": 26209257324}"
"U(0.001,0.1), eps=1e-06",0.001,0.1,1e-06,binary,31614982969,find_phi_fixed_budget_binary_search,"{""m_exploration"": 204210, ""safeguard"": 2, ""conf"": 0.95, ""budget"": 31614982969}"
"U(0.001,0.1), eps=1e-06",0.001,0.1,1e-06,binary,38135653207,find_phi_fixed_budget_binary_search,"{""m_exploration"": 204210, ""safeguard"": 2, ""conf"": 0.95, ""budget"": 38135653207}"
"U(0.001,0.1), eps=1e-06",0.001,0.1,1e-06,binary,46001228182,find_phi_fixed_budget_binary_search,"{""m_exploration"": 94621, ""safeguard"": 2, ""conf"": 0.9, ""budget"": 46001228182}"
"U(0.001,0.1), eps=1e-06",0.001,0.1,1e-06,binary,55489097899,find_phi_fixed_budget_binary_search,"{""m_exploration"": 204210, ""safeguard"": 2, ""conf"": 0.95, ""budget"": 55489097899}"
"U(0.001,0.1), eps=1e-06",0.001,0.1,1e-06,binary,66933864754,find_phi_fixed_budget_binary_search,"{""m_exploration"": 204210, ""safeguard"": 2, ""conf"": 0.95, ""budget"": 66933864754}"
"U(0.001,0.1), eps=1e-06",0.001,0.1,1e-06,binary,80739143733,find_phi_fixed_budget_binary_search,"{""m_exploration"": 94621, ""safeguard"": 2, ""conf"": 0.9, ""budget"": 80739143733}"
"U(0.001,0.1), eps=1e-06",0.001,0.1,1e-06,binary,97391796436,find_phi_fixed_budget_binary_search,"{""m_exploration"": 204210, ""safeguard"": 2, ""conf"": 0.95, ""budget"": 97391796436}"
"U(0.001,0.1), eps=1e-06",0.001,0.1,1e-06,binary,117479100897,find_phi_fixed_budget_binary_search,"{""m_exploration"": 204210, ""safeguard"": 2, ""conf"": 0.9, ""budget"": 117479100897}"
"U(0.001,0.1), eps=1e-06",0.001,0.1,1e-06,binary,141709462734,find_phi_fixed_budget_binary_search,"{""m_exploration"": 204210, ""safeguard"": 2, ""conf"": 0.9, ""budget"": 141709462734}"
"U(0.001,0.1), eps=1e-06",0.001,0.1,1e-06,binary,170937398014,find_phi_fixed_budget_binary_search,"{""m_exploration"": 204210, ""safeguard"": 2, ""conf"": 0.9, ""budget"": 170937398014}"
"U(0.001,0.1), eps=1e-06",0.001,0.1,1e-06,binary,206193668906,find_phi_fixed_budget_binary_search,"{""m_exploration"": 204210, ""safeguard"": 2, ""conf"": 0.5, ""budget"": 206193668906}"
"U(0.001,0.1), eps=1e-06",0.001,0.1,1e-06,binary,248721634884,find_phi_fixed_budget_binary_search,"{""m_exploration"": 29844, ""safeguard"": 2, ""conf"": 0.5, ""budget"": 248721634884}"
"U(0.001,0.1), eps=1e-06",0.001,0.1,1e-06,binary,300021101460,find_phi_fixed_budget_binary_search,"{""m_exploration"": 29844, ""safeguard"": 2, ""conf"": 0.5, ""budget"": 300021101460}"
"U(0.001,0.1), eps=1e-06",0.001,0.1,1e-06,binary,361901212829,find_phi_fixed_budget_binary_search,"{""m_exploration"": 29844, ""safeguard"": 2, ""conf"": 0.5, ""budget"": 361901212829}"
"U(0.001,0.1), eps=1e-06",0.001,0.1,1e-06,binary,436544253753,find_phi_fixed_budget_binary_search,"{""m_exploration"": 29844, ""safeguard"": 2, ""conf"": 0.5, ""budget"": 436544253753}"
"U(0.001,0.1), eps=1e-06",0.001,0.1,1e-06,binary,526582610750,find_phi_fixed_budget_binary_search,"{""m_exploration"": 29844, ""safeguard"": 2, ""conf"": 0.5, ""budget"": 526582610750}"
"U(0.001,0.1), eps=1e-06",0.001,0.1,1e-06,binary,635191606717,find_phi_fixed_budget_binary_search,"{""m_exploration"": 29844, ""safeguard"": 2, ""conf"": 0.5, ""budget"": 635191606717}"
"U(0.001,0.1), eps=1e-06",0.001,0.1,1e-06,binary,766201482932,find_phi_fixed_budget_binary_search,"{""m_exploration"": 29844, ""safeguard"": 2, ""conf"": 0.5, ""budget"": 766201482932}"
"U(0.001,0.1), eps=1e-06",0.001,0.1,1e-06,binary,924232477633,find_phi_fixed_budget_binary_search,"{""m_exploration"": 29844, ""safeguard"": 2, ""conf"": 0.5, ""budget"": 924232477633}"
"U(0.001,0.1), eps=1e-06",0.001,0.1,1e-06,binary,1114857764883,find_phi_fixed_budget_binary_search,"{""m_exploration"": 29844, ""safeguard"": 2, ""conf"": 0.5, ""budget"": 1114857764883}"
"U(0.001,0.1), eps=1e-06",0.001,0.1,1e-06,binary,1344800000000,find_phi_fixed_budget_binary_search,"{""m_exploration"": 29844, ""safeguard"": 2, ""conf"": 0.5, ""budget"": 1344800000000}"
"U(0.001,0.1), eps=1e-06",0.001,0.1,1e-06,reverse_eng_risk,896533333,find_phi_fixed_budget_reverse_engineering_risk,"{""m_exploration"": 300000, ""eps_target"": 1e-06, ""budget"": 896533333}"
"U(0.001,0.1), eps=1e-06",0.001,0.1,1e-06,reverse_eng_risk,1081445601,find_phi_fixed_budget_reverse_engineering_risk,"{""m_exploration"": 300000, ""eps_target"": 1e-06, ""budget"": 1081445601}"
"U(0.001,0.1), eps=1e-06",0.001,0.1,1e-06,reverse_eng_risk,1304496493,find_phi_fixed_budget_reverse_engineering_risk,"{""m_exploration"": 300000, ""eps_target"": 1e-06, ""budget"": 1304496493}"
"U(0.001,0.1), eps=1e-06",0.001,0.1,1e-06,reverse_eng_risk,1573552196,find_phi_fixed_budget_reverse_engineering_risk,"{""m_exploration"": 205756, ""eps_target"": 1e-06, ""budget"": 1573552196}"
"U(0.001,0.1), eps=1e-06",0.001,0.1,1e-06,reverse_eng_risk,1898101319,find_phi_fixed_budget_reverse_engineering_risk,"{""m_exploration"": 248448, ""eps_target"": 1e-06, ""budget"": 1898101319}"
"U(0.001,0.1), eps=1e-06",0.001,0.1,1e-06,reverse_eng_risk,2289589519,find_phi_fixed_budget_reverse_engineering_risk,"{""m_exploration"": 205756, ""eps_target"": 1e-06, ""budget"": 2289589519}"
"U(0.001,0.1), eps=1e-06",0.001,0.1,1e-06,reverse_eng_risk,2761823151,find_phi_fixed_budget_reverse_engineering_risk,"{""m_exploration"": 205756, ""eps_target"": 1e-06, ""budget"": 2761823151}"
"U(0.001,0.1), eps=1e-06",0.001,0.1,1e-06,reverse_eng_risk,3331456165,find_phi_fixed_budget_reverse_engineering_risk,"{""m_exploration"": 300000, ""eps_target"": 1e-06, ""budget"": 3331456165}"
"U(0.001,0.1), eps=1e-06",0.001,0.1,1e-06,reverse_eng_risk,4018577429,find_phi_fixed_budget_reverse_engineering_risk,"{""m_exploration"": 248448, ""eps_target"": 1e-06, ""budget"": 4018577429}"
"U(0.001,0.1), eps=1e-06",0.001,0.1,1e-06,reverse_eng_risk,4847419193,find_phi_fixed_budget_reverse_engineering_risk,"{""m_exploration"": 170399, ""eps_target"": 1e-06, ""budget"": 4847419193}"
"U(0.001,0.1), eps=1e-06",0.001,0.1,1e-06,reverse_eng_risk,5847211667,find_phi_fixed_budget_reverse_engineering_risk,"{""m_exploration"": 170399, ""eps_target"": 1e-06, ""budget"": 5847211667}"
"U(0.001,0.1), eps=1e-06",0.001,0.1,1e-06,reverse_eng_risk,7053213870,find_phi_fixed_budget_reverse_engineering_risk,"{""m_exploration"": 2229, ""eps_target"": 1e-06, ""budget"": 7053213870}"
"U(0.001,0.1), eps=1e-06",0.001,0.1,1e-06,reverse_eng_risk,8507957079,find_phi_fixed_budget_reverse_engineering_risk,"{""m_exploration"": 6909, ""eps_target"": 1e-06, ""budget"": 8507957079}"
"U(0.001,0.1), eps=1e-06",0.001,0.1,1e-06,reverse_eng_risk,10262744755,find_phi_fixed_budget_reverse_engineering_risk,"{""m_exploration"": 6909, ""eps_target"": 1e-06, ""budget"": 10262744755}"
"U(0.001,0.1), eps=1e-06",0.001,0.1,1e-06,reverse_eng_risk,12379461831,find_phi_fixed_budget_reverse_engineering_risk,"{""m_exploration"": 8343, ""eps_target"": 1e-06, ""budget"": 12379461831}"
"U(0.001,0.1), eps=1e-06",0.001,0.1,1e-06,reverse_eng_risk,14932757159,find_phi_fixed_budget_reverse_engineering_risk,"{""m_exploration"": 8343, ""eps_target"": 1e-06, ""budget"": 14932757159}"
"U(0.001,0.1), eps=1e-06",0.001,0.1,1e-06,reverse_eng_risk,18012676110,find_phi_fixed_budget_reverse_engineering_risk,"{""m_exploration"": 3250, ""eps_target"": 1e-06, ""budget"": 18012676110}"
"U(0.001,0.1), eps=1e-06",0.001,0.1,1e-06,reverse_eng_risk,21727836139,find_phi_fixed_budget_reverse_engineering_risk,"{""m_exploration"": 66381, ""eps_target"": 1e-06, ""budget"": 21727836139}"
"U(0.001,0.1), eps=1e-06",0.001,0.1,1e-06,reverse_eng_risk,26209257324,find_phi_fixed_budget_reverse_engineering_risk,"{""m_exploration"": 2229, ""eps_target"": 1e-06, ""budget"": 26209257324}"
"U(0.001,0.1), eps=1e-06",0.001,0.1,1e-06,reverse_eng_risk,31614982969,find_phi_fixed_budget_reverse_engineering_risk,"{""m_exploration"": 2229, ""eps_target"": 1e-06, ""budget"": 31614982969}"
"U(0.001,0.1), eps=1e-06",0.001,0.1,1e-06,reverse_eng_risk,38135653207,find_phi_fixed_budget_reverse_engineering_risk,"{""m_exploration"": 2229, ""eps_target"": 1e-06, ""budget"": 38135653207}"
"U(0.001,0.1), eps=1e-06",0.001,0.1,1e-06,reverse_eng_risk,46001228182,find_phi_fixed_budget_reverse_engineering_risk,"{""m_exploration"": 2229, ""eps_target"": 1e-06, ""budget"": 46001228182}"
"U(0.001,0.1), eps=1e-06",0.001,0.1,1e-06,reverse_eng_risk,55489097899,find_phi_fixed_budget_reverse_engineering_risk,"{""m_exploration"": 3250, ""eps_target"": 1e-06, ""budget"": 55489097899}"
"U(0.001,0.1), eps=1e-06",0.001,0.1,1e-06,reverse_eng_risk,66933864754,find_phi_fixed_budget_reverse_engineering_risk,"{""m_exploration"": 2691, ""eps_target"": 1e-06, ""budget"": 66933864754}"
"U(0.001,0.1), eps=1e-06",0.001,0.1,1e-06,reverse_eng_risk,80739143733,find_phi_fixed_budget_reverse_engineering_risk,"{""m_exploration"": 45528, ""eps_target"": 1e-06, ""budget"": 80739143733}"
"U(0.001,0.1), eps=1e-06",0.001,0.1,1e-06,reverse_eng_risk,97391796436,find_phi_fixed_budget_reverse_engineering_risk,"{""m_exploration"": 3250, ""eps_target"": 1e-06, ""budget"": 97391796436}"
"U(0.001,0.1), eps=1e-06",0.001,0.1,1e-06,reverse_eng_risk,117479100897,find_phi_fixed_budget_reverse_engineering_risk,"{""m_exploration"": 2691, ""eps_target"": 1e-06, ""budget"": 117479100897}"
"U(0.001,0.1), eps=1e-06",0.001,0.1,1e-06,reverse_eng_risk,141709462734,find_phi_fixed_budget_reverse_engineering_risk,"{""m_exploration"": 1528, ""eps_target"": 1e-06, ""budget"": 141709462734}"
"U(0.001,0.1), eps=1e-06",0.001,0.1,1e-06,reverse_eng_risk,170937398014,find_phi_fixed_budget_reverse_engineering_risk,"{""m_exploration"": 74, ""eps_target"": 1e-06, ""budget"": 170937398014}"
"U(0.001,0.1), eps=1e-06",0.001,0.1,1e-06,reverse_eng_risk,206193668906,find_phi_fixed_budget_reverse_engineering_risk,"{""m_exploration"": 24, ""eps_target"": 1e-06, ""budget"": 206193668906}"
"U(0.001,0.1), eps=1e-06",0.001,0.1,1e-06,reverse_eng_risk,248721634884,find_phi_fixed_budget_reverse_engineering_risk,"{""m_exploration"": 20, ""eps_target"": 1e-06, ""budget"": 248721634884}"
"U(0.001,0.1), eps=1e-06",0.001,0.1,1e-06,reverse_eng_risk,300021101460,find_phi_fixed_budget_reverse_engineering_risk,"{""m_exploration"": 20, ""eps_target"": 1e-06, ""budget"": 300021101460}"
"U(0.001,0.1), eps=1e-06",0.001,0.1,1e-06,reverse_eng_risk,361901212829,find_phi_fixed_budget_reverse_engineering_risk,"{""m_exploration"": 20, ""eps_target"": 1e-06, ""budget"": 361901212829}"
"U(0.001,0.1), eps=1e-06",0.001,0.1,1e-06,reverse_eng_risk,436544253753,find_phi_fixed_budget_reverse_engineering_risk,"{""m_exploration"": 20, ""eps_target"": 1e-06, ""budget"": 436544253753}"
"U(0.001,0.1), eps=1e-06",0.001,0.1,1e-06,reverse_eng_risk,526582610750,find_phi_fixed_budget_reverse_engineering_risk,"{""m_exploration"": 20, ""eps_target"": 1e-06, ""budget"": 526582610750}"
"U(0.001,0.1), eps=1e-06",0.001,0.1,1e-06,reverse_eng_risk,635191606717,find_phi_fixed_budget_reverse_engineering_risk,"{""m_exploration"": 20, ""eps_target"": 1e-06, ""budget"": 635191606717}"
"U(0.001,0.1), eps=1e-06",0.001,0.1,1e-06,reverse_eng_risk,766201482932,find_phi_fixed_budget_reverse_engineering_risk,"{""m_exploration"": 20, ""eps_target"": 1e-06, ""budget"": 766201482932}"
"U(0.001,0.1), eps=1e-06",0.001,0.1,1e-06,reverse_eng_risk,924232477633,find_phi_fixed_budget_reverse_engineering_risk,"{""m_exploration"": 20, ""eps_target"": 1e-06, ""budget"": 924232477633}"
"U(0.001,0.1), eps=1e-06",0.001,0.1,1e-06,reverse_eng_risk,1114857764883,find_phi_fixed_budget_reverse_engineering_risk,"{""m_exploration"": 20, ""eps_target"": 1e-06, ""budget"": 1114857764883}"
"U(0.001,0.1), eps=1e-06",0.001,0.1,1e-06,reverse_eng_risk,1344800000000,find_phi_fixed_budget_reverse_engineering_risk,"{""m_exploration"": 20, ""eps_target"": 1e-06, ""budget"": 1344800000000}"
"U(0.001,0.1), eps=1e-06",0.001,0.1,1e-06,binary_risk,896533333,find_phi_fixed_budget_binary_search_risk,"{""m_exploration"": 13828, ""conf"": 0.65, ""eps_target"": 1e-06, ""budget"": 896533333}"
"U(0.001,0.1), eps=1e-06",0.001,0.1,1e-06,binary_risk,1081445601,find_phi_fixed_budget_binary_search_risk,"{""m_exploration"": 13828, ""conf"": 0.9, ""eps_target"": 1e-06, ""budget"": 1081445601}"
"U(0.001,0.1), eps=1e-06",0.001,0.1,1e-06,binary_risk,1304496493,find_phi_fixed_budget_binary_search_risk,"{""m_exploration"": 13828, ""conf"": 0.65, ""eps_target"": 1e-06, ""budget"": 1304496493}"
"U(0.001,0.1), eps=1e-06",0.001,0.1,1e-06,binary_risk,1573552196,find_phi_fixed_budget_binary_search_risk,"{""m_exploration"": 20314, ""conf"": 0.9, ""eps_target"": 1e-06, ""budget"": 1573552196}"
"U(0.001,0.1), eps=1e-06",0.001,0.1,1e-06,binary_risk,1898101319,find_phi_fixed_budget_binary_search_risk,"{""m_exploration"": 29844, ""conf"": 0.8, ""eps_target"": 1e-06, ""budget"": 1898101319}"
"U(0.001,0.1), eps=1e-06",0.001,0.1,1e-06,binary_risk,2289589519,find_phi_fixed_budget_binary_search_risk,"{""m_exploration"": 13828, ""conf"": 0.9, ""eps_target"": 1e-06, ""budget"": 2289589519}"
"U(0.001,0.1), eps=1e-06",0.001,0.1,1e-06,binary_risk,2761823151,find_phi_fixed_budget_binary_search_risk,"{""m_exploration"": 13828, ""conf"": 0.9, ""eps_target"": 1e-06, ""budget"": 2761823151}"
"U(0.001,0.1), eps=1e-06",0.001,0.1,1e-06,binary_risk,3331456165,find_phi_fixed_budget_binary_search_risk,"{""m_exploration"": 13828, ""conf"": 0.9, ""eps_target"": 1e-06, ""budget"": 3331456165}"
"U(0.001,0.1), eps=1e-06",0.001,0.1,1e-06,binary_risk,4018577429,find_phi_fixed_budget_binary_search_risk,"{""m_exploration"": 13828, ""conf"": 0.9, ""eps_target"": 1e-06, ""budget"": 4018577429}"
"U(0.001,0.1), eps=1e-06",0.001,0.1,1e-06,binary_risk,4847419193,find_phi_fixed_budget_binary_search_risk,"{""m_exploration"": 29844, ""conf"": 0.95, ""eps_target"": 1e-06, ""budget"": 4847419193}"
"U(0.001,0.1), eps=1e-06",0.001,0.1,1e-06,binary_risk,5847211667,find_phi_fixed_budget_binary_search_risk,"{""m_exploration"": 29844, ""conf"": 0.95, ""eps_target"": 1e-06, ""budget"": 5847211667}"
"U(0.001,0.1), eps=1e-06",0.001,0.1,1e-06,binary_risk,7053213870,find_phi_fixed_budget_binary_search_risk,"{""m_exploration"": 20314, ""conf"": 0.9, ""eps_target"": 1e-06, ""budget"": 7053213870}"
"U(0.001,0.1), eps=1e-06",0.001,0.1,1e-06,binary_risk,8507957079,find_phi_fixed_budget_binary_search_risk,"{""m_exploration"": 20314, ""conf"": 0.9, ""eps_target"": 1e-06, ""budget"": 8507957079}"
"U(0.001,0.1), eps=1e-06",0.001,0.1,1e-06,binary_risk,10262744755,find_phi_fixed_budget_binary_search_risk,"{""m_exploration"": 43843, ""conf"": 0.95, ""eps_target"": 1e-06, ""budget"": 10262744755}"
"U(0.001,0.1), eps=1e-06",0.001,0.1,1e-06,binary_risk,12379461831,find_phi_fixed_budget_binary_search_risk,"{""m_exploration"": 29844, ""conf"": 0.9, ""eps_target"": 1e-06, ""budget"": 12379461831}"
"U(0.001,0.1), eps=1e-06",0.001,0.1,1e-06,binary_risk,14932757159,find_phi_fixed_budget_binary_search_risk,"{""m_exploration"": 29844, ""conf"": 0.9, ""eps_target"": 1e-06, ""budget"": 14932757159}"
"U(0.001,0.1), eps=1e-06",0.001,0.1,1e-06,binary_risk,18012676110,find_phi_fixed_budget_binary_search_risk,"{""m_exploration"": 204210, ""conf"": 0.5, ""eps_target"": 1e-06, ""budget"": 18012676110}"
"U(0.001,0.1), eps=1e-06",0.001,0.1,1e-06,binary_risk,21727836139,find_phi_fixed_budget_binary_search_risk,"{""m_exploration"": 204210, ""conf"": 0.9, ""eps_target"": 1e-06, ""budget"": 21727836139}"
"U(0.001,0.1), eps=1e-06",0.001,0.1,1e-06,binary_risk,26209257324,find_phi_fixed_budget_binary_search_risk,"{""m_exploration"": 204210, ""conf"": 0.9, ""eps_target"": 1e-06, ""budget"": 26209257324}"
"U(0.001,0.1), eps=1e-06",0.001,0.1,1e-06,binary_risk,31614982969,find_phi_fixed_budget_binary_search_risk,"{""m_exploration"": 204210, ""conf"": 0.9, ""eps_target"": 1e-06, ""budget"": 31614982969}"
"U(0.001,0.1), eps=1e-06",0.001,0.1,1e-06,binary_risk,38135653207,find_phi_fixed_budget_binary_search_risk,"{""m_exploration"": 204210, ""conf"": 0.5, ""eps_target"": 1e-06, ""budget"": 38135653207}"
"U(0.001,0.1), eps=1e-06",0.001,0.1,1e-06,binary_risk,46001228182,find_phi_fixed_budget_binary_search_risk,"{""m_exploration"": 204210, ""conf"": 0.9, ""eps_target"": 1e-06, ""budget"": 46001228182}"
"U(0.001,0.1), eps=1e-06",0.001,0.1,1e-06,binary_risk,55489097899,find_phi_fixed_budget_binary_search_risk,"{""m_exploration"": 204210, ""conf"": 0.9, ""eps_target"": 1e-06, ""budget"": 55489097899}"
"U(0.001,0.1), eps=1e-06",0.001,0.1,1e-06,binary_risk,66933864754,find_phi_fixed_budget_binary_search_risk,"{""m_exploration"": 204210, ""conf"": 0.9, ""eps_target"": 1e-06, ""budget"": 66933864754}"
"U(0.001,0.1), eps=1e-06",0.001,0.1,1e-06,binary_risk,80739143733,find_phi_fixed_budget_binary_search_risk,"{""m_exploration"": 2020, ""conf"": 0.5, ""eps_target"": 1e-06, ""budget"": 80739143733}"
"U(0.001,0.1), eps=1e-06",0.001,0.1,1e-06,binary_risk,97391796436,find_phi_fixed_budget_binary_search_risk,"{""m_exploration"": 433, ""conf"": 0.5, ""eps_target"": 1e-06, ""budget"": 97391796436}"
"U(0.001,0.1), eps=1e-06",0.001,0.1,1e-06,binary_risk,117479100897,find_phi_fixed_budget_binary_search_risk,"{""m_exploration"": 2020, ""conf"": 0.5, ""eps_target"": 1e-06, ""budget"": 117479100897}"
"U(0.001,0.1), eps=1e-06",0.001,0.1,1e-06,binary_risk,141709462734,find_phi_fixed_budget_binary_search_risk,"{""m_exploration"": 2020, ""conf"": 0.5, ""eps_target"": 1e-06, ""budget"": 141709462734}"
"U(0.001,0.1), eps=1e-06",0.001,0.1,1e-06,binary_risk,170937398014,find_phi_fixed_budget_binary_search_risk,"{""m_exploration"": 936, ""conf"": 0.5, ""eps_target"": 1e-06, ""budget"": 170937398014}"
"U(0.001,0.1), eps=1e-06",0.001,0.1,1e-06,binary_risk,206193668906,find_phi_fixed_budget_binary_search_risk,"{""m_exploration"": 93, ""conf"": 0.5, ""eps_target"": 1e-06, ""budget"": 206193668906}"
"U(0.001,0.1), eps=1e-06",0.001,0.1,1e-06,binary_risk,248721634884,find_phi_fixed_budget_binary_search_risk,"{""m_exploration"": 93, ""conf"": 0.5, ""eps_target"": 1e-06, ""budget"": 248721634884}"
"U(0.001,0.1), eps=1e-06",0.001,0.1,1e-06,binary_risk,300021101460,find_phi_fixed_budget_binary_search_risk,"{""m_exploration"": 93, ""conf"": 0.5, ""eps_target"": 1e-06, ""budget"": 300021101460}"
"U(0.001,0.1), eps=1e-06",0.001,0.1,1e-06,binary_risk,361901212829,find_phi_fixed_budget_binary_search_risk,"{""m_exploration"": 43, ""conf"": 0.5, ""eps_target"": 1e-06, ""budget"": 361901212829}"
"U(0.001,0.1), eps=1e-06",0.001,0.1,1e-06,binary_risk,436544253753,find_phi_fixed_budget_binary_search_risk,"{""m_exploration"": 20, ""conf"": 0.5, ""eps_target"": 1e-06, ""budget"": 436544253753}"
"U(0.001,0.1), eps=1e-06",0.001,0.1,1e-06,binary_risk,526582610750,find_phi_fixed_budget_binary_search_risk,"{""m_exploration"": 20, ""conf"": 0.5, ""eps_target"": 1e-06, ""budget"": 526582610750}"
"U(0.001,0.1), eps=1e-06",0.001,0.1,1e-06,binary_risk,635191606717,find_phi_fixed_budget_binary_search_risk,"{""m_exploration"": 20, ""conf"": 0.5, ""eps_target"": 1e-06, ""budget"": 635191606717}"
"U(0.001,0.1), eps=1e-06",0.001,0.1,1e-06,binary_risk,766201482932,find_phi_fixed_budget_binary_search_risk,"{""m_exploration"": 20, ""conf"": 0.5, ""eps_target"": 1e-06, ""budget"": 766201482932}"
"U(0.001,0.1), eps=1e-06",0.001,0.1,1e-06,binary_risk,924232477633,find_phi_fixed_budget_binary_search_risk,"{""m_exploration"": 20, ""conf"": 0.5, ""eps_target"": 1e-06, ""budget"": 924232477633}"
"U(0.001,0.1), eps=1e-06",0.001,0.1,1e-06,binary_risk,1114857764883,find_phi_fixed_budget_binary_search_risk,"{""m_exploration"": 20, ""conf"": 0.5, ""eps_target"": 1e-06, ""budget"": 1114857764883}"
"U(0.001,0.1), eps=1e-06",0.001,0.1,1e-06,binary_risk,1344800000000,find_phi_fixed_budget_binary_search_risk,"{""m_exploration"": 20, ""conf"": 0.5, ""eps_target"": 1e-06, ""budget"": 1344800000000}"
"U(0.0001,0.1), eps=1e-04",0.0001,0.1,0.0001,linear,89653,find_phi_fixed_budget_linear_search,"{""m_exploration"": 19, ""lookback_window"": 2, ""safeguard"": 3, ""inc"": 5, ""budget"": 89653}"
"U(0.0001,0.1), eps=1e-04",0.0001,0.1,0.0001,linear,108144,find_phi_fixed_budget_linear_search,"{""m_exploration"": 11, ""lookback_window"": 5, ""safeguard"": 2, ""inc"": 2, ""budget"": 108144}"
"U(0.0001,0.1), eps=1e-04",0.0001,0.1,0.0001,linear,130449,find_phi_fixed_budget_linear_search,"{""m_exploration"": 19, ""lookback_window"": 5, ""safeguard"": 2, ""inc"": 5, ""budget"": 130449}"
"U(0.0001,0.1), eps=1e-04",0.0001,0.1,0.0001,linear,157355,find_phi_fixed_budget_linear_search,"{""m_exploration"": 8, ""lookback_window"": 5, ""safeguard"": 3, ""inc"": 1, ""budget"": 157355}"
"U(0.0001,0.1), eps=1e-04",0.0001,0.1,0.0001,linear,189810,find_phi_fixed_budget_linear_search,"{""m_exploration"": 19, ""lookback_window"": 5, ""safeguard"": 3, ""inc"": 2, ""budget"": 189810}"
"U(0.0001,0.1), eps=1e-04",0.0001,0.1,0.0001,linear,228958,find_phi_fixed_budget_linear_search,"{""m_exploration"": 19, ""lookback_window"": 5, ""safeguard"": 3, ""inc"": 2, ""budget"": 228958}"
"U(0.0001,0.1), eps=1e-04",0.0001,0.1,0.0001,linear,276182,find_phi_fixed_budget_linear_search,"{""m_exploration"": 19, ""lookback_window"": 5, ""safeguard"": 3, ""inc"": 2, ""budget"": 276182}"
"U(0.0001,0.1), eps=1e-04",0.0001,0.1,0.0001,linear,333145,find_phi_fixed_budget_linear_search,"{""m_exploration"": 33, ""lookback_window"": 5, ""safeguard"": 1, ""inc"": 2, ""budget"": 333145}"
"U(0.0001,0.1), eps=1e-04",0.0001,0.1,0.0001,linear,401857,find_phi_fixed_budget_linear_search,"{""m_exploration"": 19, ""lookback_window"": 5, ""safeguard"": 3, ""inc"": 2, ""budget"": 401857}"
"U(0.0001,0.1), eps=1e-04",0.0001,0.1,0.0001,linear,484741,find_phi_fixed_budget_linear_search,"{""m_exploration"": 57, ""lookback_window"": 5, ""safeguard"": 2, ""inc"": 5, ""budget"": 484741}"
"U(0.0001,0.1), eps=1e-04",0.0001,0.1,0.0001,linear,584721,find_phi_fixed_budget_linear_search,"{""m_exploration"": 57, ""lookback_window"": 5, ""safeguard"": 2, ""inc"": 5, ""budget"": 584721}"
"U(0.0001,0.1), eps=1e-04",0.0001,0.1,0.0001,linear,705321,find_phi_fixed_budget_linear_search,"{""m_exploration"": 33, ""lookback_window"": 5, ""safeguard"": 2, ""inc"": 2, ""budget"": 705321}"
"U(0.0001,0.1), eps=1e-04",0.0001,0.1,0.0001,linear,850795,find_phi_fixed_budget_linear_search,"{""m_exploration"": 57, ""lookback_window"": 5, ""safeguard"": 2, ""inc"": 2, ""budget"": 850795}"
"U(0.0001,0.1), eps=1e-04",0.0001,0.1,0.0001,linear,1026274,find_phi_fixed_budget_linear_search,"{""m_exploration"": 25, ""lookback_window"": 5, ""safeguard"": 3, ""inc"": 1, ""budget"": 1026274}"
"U(0.0001,0.1), eps=1e-04",0.0001,0.1,0.0001,linear,1237946,find_phi_fixed_budget_linear_search,"{""m_exploration"": 127, ""lookback_window"": 5, ""safeguard"": 1, ""inc"": 2, ""budget"": 1237946}"
"U(0.0001,0.1), eps=1e-04",0.0001,0.1,0.0001,linear,1493275,find_phi_fixed_budget_linear_search,"{""m_exploration"": 127, ""lookback_window"": 5, ""safeguard"": 1, ""inc"": 2, ""budget"": 1493275}"
"U(0.0001,0.1), eps=1e-04",0.0001,0.1,0.0001,linear,1801267,find_phi_fixed_budget_linear_search,"{""m_exploration"": 127, ""lookback_window"": 5, ""safeguard"": 1, ""inc"": 2, ""budget"": 1801267}"
"U(0.0001,0.1), eps=1e-04",0.0001,0.1,0.0001,linear,2172783,find_phi_fixed_budget_linear_search,"{""m_exploration"": 127, ""lookback_window"": 5, ""safeguard"": 2, ""inc"": 2, ""budget"": 2172783}"
"U(0.0001,0.1), eps=1e-04",0.0001,0.1,0.0001,linear,2620925,find_phi_fixed_budget_linear_search,"{""m_exploration"": 166, ""lookback_window"": 5, ""safeguard"": 1, ""inc"": 2, ""budget"": 2620925}"
"U(0.0001,0.1), eps=1e-04",0.0001,0.1,0.0001,linear,3161498,find_phi_fixed_budget_linear_search,"{""m_exploration"": 217, ""lookback_window"": 5, ""safeguard"": 1, ""inc"": 2, ""budget"": 3161498}"
"U(0.0001,0.1), eps=1e-04",0.0001,0.1,0.0001,linear,3813565,find_phi_fixed_budget_linear_search,"{""m_exploration"": 166, ""lookback_window"": 5, ""safeguard"": 1, ""inc"": 2, ""budget"": 3813565}"
"U(0.0001,0.1), eps=1e-04",0.0001,0.1,0.0001,linear,4600122,find_phi_fixed_budget_linear_search,"{""m_exploration"": 217, ""lookback_window"": 5, ""safeguard"": 1, ""inc"": 2, ""budget"": 4600122}"
"U(0.0001,0.1), eps=1e-04",0.0001,0.1,0.0001,linear,5548909,find_phi_fixed_budget_linear_search,"{""m_exploration"": 284, ""lookback_window"": 5, ""safeguard"": 1, ""inc"": 2, ""budget"": 5548909}"
"U(0.0001,0.1), eps=1e-04",0.0001,0.1,0.0001,linear,6693386,find_phi_fixed_budget_linear_search,"{""m_exploration"": 97, ""lookback_window"": 2, ""safeguard"": 1, ""inc"": 2, ""budget"": 6693386}"
"U(0.0001,0.1), eps=1e-04",0.0001,0.1,0.0001,linear,8073914,find_phi_fixed_budget_linear_search,"{""m_exploration"": 166, ""lookback_window"": 3, ""safeguard"": 1, ""inc"": 1, ""budget"": 8073914}"
"U(0.0001,0.1), eps=1e-04",0.0001,0.1,0.0001,linear,9739179,find_phi_fixed_budget_linear_search,"{""m_exploration"": 217, ""lookback_window"": 3, ""safeguard"": 1, ""inc"": 1, ""budget"": 9739179}"
"U(0.0001,0.1), eps=1e-04",0.0001,0.1,0.0001,linear,11747910,find_phi_fixed_budget_linear_search,"{""m_exploration"": 284, ""lookback_window"": 3, ""safeguard"": 1, ""inc"": 1, ""budget"": 11747910}"
"U(0.0001,0.1), eps=1e-04",0.0001,0.1,0.0001,linear,14170946,find_phi_fixed_budget_linear_search,"{""m_exploration"": 1084, ""lookback_window"": 2, ""safeguard"": 1, ""inc"": 1, ""budget"": 14170946}"
"U(0.0001,0.1), eps=1e-04",0.0001,0.1,0.0001,linear,17093739,find_phi_fixed_budget_linear_search,"{""m_exploration"": 6, ""lookback_window"": 1, ""safeguard"": 2, ""inc"": 1, ""budget"": 17093739}"
"U(0.0001,0.1), eps=1e-04",0.0001,0.1,0.0001,linear,20619366,find_phi_fixed_budget_linear_search,"{""m_exploration"": 5, ""lookback_window"": 1, ""safeguard"": 2, ""inc"": 1, ""budget"": 20619366}"
"U(0.0001,0.1), eps=1e-04",0.0001,0.1,0.0001,linear,24872163,find_phi_fixed_budget_linear_search,"{""m_exploration"": 3, ""lookback_window"": 1, ""safeguard"": 3, ""inc"": 1, ""budget"": 24872163}"
"U(0.0001,0.1), eps=1e-04",0.0001,0.1,0.0001,linear,30002110,find_phi_fixed_budget_linear_search,"{""m_exploration"": 3, ""lookback_window"": 1, ""safeguard"": 3, ""inc"": 1, ""budget"": 30002110}"
"U(0.0001,0.1), eps=1e-04",0.0001,0.1,0.0001,linear,36190121,find_phi_fixed_budget_linear_search,"{""m_exploration"": 3, ""lookback_window"": 1, ""safeguard"": 3, ""inc"": 1, ""budget"": 36190121}"
"U(0.0001,0.1), eps=1e-04",0.0001,0.1,0.0001,linear,43654425,find_phi_fixed_budget_linear_search,"{""m_exploration"": 3, ""lookback_window"": 1, ""safeguard"": 3, ""inc"": 1, ""budget"": 43654425}"
"U(0.0001,0.1), eps=1e-04",0.0001,0.1,0.0001,linear,52658261,find_phi_fixed_budget_linear_search,"{""m_exploration"": 3, ""lookback_window"": 1, ""safeguard"": 3, ""inc"": 1, ""budget"": 52658261}"
"U(0.0001,0.1), eps=1e-04",0.0001,0.1,0.0001,linear,63519160,find_phi_fixed_budget_linear_search,"{""m_exploration"": 3, ""lookback_window"": 1, ""safeguard"": 3, ""inc"": 1, ""budget"": 63519160}"
"U(0.0001,0.1), eps=1e-04",0.0001,0.1,0.0001,linear,76620148,find_phi_fixed_budget_linear_search,"{""m_exploration"": 3, ""lookback_window"": 1, ""safeguard"": 3, ""inc"": 1, ""budget"": 76620148}"
"U(0.0001,0.1), eps=1e-04",0.0001,0.1,0.0001,linear,92423247,find_phi_fixed_budget_linear_search,"{""m_exploration"": 3, ""lookback_window"": 1, ""safeguard"": 3, ""inc"": 1, ""budget"": 92423247}"
"U(0.0001,0.1), eps=1e-04",0.0001,0.1,0.0001,linear,111485776,find_phi_fixed_budget_linear_search,"{""m_exploration"": 3, ""lookback_window"": 1, ""safeguard"": 3, ""inc"": 1, ""budget"": 111485776}"
"U(0.0001,0.1), eps=1e-04",0.0001,0.1,0.0001,linear,134480000,find_phi_fixed_budget_linear_search,"{""m_exploration"": 3, ""lookback_window"": 1, ""safeguard"": 3, ""inc"": 1, ""budget"": 134480000}"
"U(0.0001,0.1), eps=1e-04",0.0001,0.1,0.0001,reverse_eng,89653,find_phi_fixed_budget_reverse_engineering,"{""m_exploration"": 493, ""safeguard"": 0.85, ""budget"": 89653}"
"U(0.0001,0.1), eps=1e-04",0.0001,0.1,0.0001,reverse_eng,108144,find_phi_fixed_budget_reverse_engineering,"{""m_exploration"": 408, ""safeguard"": 0.8, ""budget"": 108144}"
"U(0.0001,0.1), eps=1e-04",0.0001,0.1,0.0001,reverse_eng,130449,find_phi_fixed_budget_reverse_engineering,"{""m_exploration"": 868, ""safeguard"": 0.8, ""budget"": 130449}"
"U(0.0001,0.1), eps=1e-04",0.0001,0.1,0.0001,reverse_eng,157355,find_phi_fixed_budget_reverse_engineering,"{""m_exploration"": 719, ""safeguard"": 0.85, ""budget"": 157355}"
"U(0.0001,0.1), eps=1e-04",0.0001,0.1,0.0001,reverse_eng,189810,find_phi_fixed_budget_reverse_engineering,"{""m_exploration"": 719, ""safeguard"": 0.85, ""budget"": 189810}"
"U(0.0001,0.1), eps=1e-04",0.0001,0.1,0.0001,reverse_eng,228958,find_phi_fixed_budget_reverse_engineering,"{""m_exploration"": 719, ""safeguard"": 0.85, ""budget"": 228958}"
"U(0.0001,0.1), eps=1e-04",0.0001,0.1,0.0001,reverse_eng,276182,find_phi_fixed_budget_reverse_engineering,"{""m_exploration"": 595, ""safeguard"": 0.85, ""budget"": 276182}"
"U(0.0001,0.1), eps=1e-04",0.0001,0.1,0.0001,reverse_eng,333145,find_phi_fixed_budget_reverse_engineering,"{""m_exploration"": 1528, ""safeguard"": 0.85, ""budget"": 333145}"
"U(0.0001,0.1), eps=1e-04",0.0001,0.1,0.0001,reverse_eng,401857,find_phi_fixed_budget_reverse_engineering,"{""m_exploration"": 1266, ""safeguard"": 0.9, ""budget"": 401857}"
"U(0.0001,0.1), eps=1e-04",0.0001,0.1,0.0001,reverse_eng,484741,find_phi_fixed_budget_reverse_engineering,"{""m_exploration"": 719, ""safeguard"": 0.85, ""budget"": 484741}"
"U(0.0001,0.1), eps=1e-04",0.0001,0.1,0.0001,reverse_eng,584721,find_phi_fixed_budget_reverse_engineering,"{""m_exploration"": 1266, ""safeguard"": 0.9, ""budget"": 584721}"
"U(0.0001,0.1), eps=1e-04",0.0001,0.1,0.0001,reverse_eng,705321,find_phi_fixed_budget_reverse_engineering,"{""m_exploration"": 1266, ""safeguard"": 0.9, ""budget"": 705321}"
"U(0.0001,0.1), eps=1e-04",0.0001,0.1,0.0001,reverse_eng,850795,find_phi_fixed_budget_reverse_engineering,"{""m_exploration"": 2229, ""safeguard"": 0.95, ""budget"": 850795}"
"U(0.0001,0.1), eps=1e-04",0.0001,0.1,0.0001,reverse_eng,1026274,find_phi_fixed_budget_reverse_engineering,"{""m_exploration"": 5722, ""safeguard"": 0.95, ""budget"": 1026274}"
"U(0.0001,0.1), eps=1e-04",0.0001,0.1,0.0001,reverse_eng,1237946,find_phi_fixed_budget_reverse_engineering,"{""m_exploration"": 5722, ""safeguard"": 0.95, ""budget"": 1237946}"
"U(0.0001,0.1), eps=1e-04",0.0001,0.1,0.0001,reverse_eng,1493275,find_phi_fixed_budget_reverse_engineering,"{""m_exploration"": 5722, ""safeguard"": 0.95, ""budget"": 1493275}"
"U(0.0001,0.1), eps=1e-04",0.0001,0.1,0.0001,reverse_eng,1801267,find_phi_fixed_budget_reverse_engineering,"{""m_exploration"": 5722, ""safeguard"": 0.95, ""budget"": 1801267}"
"U(0.0001,0.1), eps=1e-04",0.0001,0.1,0.0001,reverse_eng,2172783,find_phi_fixed_budget_reverse_engineering,"{""m_exploration"": 5722, ""safeguard"": 0.95, ""budget"": 2172783}"
"U(0.0001,0.1), eps=1e-04",0.0001,0.1,0.0001,reverse_eng,2620925,find_phi_fixed_budget_reverse_engineering,"{""m_exploration"": 3250, ""safeguard"": 0.85, ""budget"": 2620925}"
"U(0.0001,0.1), eps=1e-04",0.0001,0.1,0.0001,reverse_eng,3161498,find_phi_fixed_budget_reverse_engineering,"{""m_exploration"": 6909, ""safeguard"": 0.9, ""budget"": 3161498}"
"U(0.0001,0.1), eps=1e-04",0.0001,0.1,0.0001,reverse_eng,3813565,find_phi_fixed_budget_reverse_engineering,"{""m_exploration"": 2229, ""safeguard"": 0.85, ""budget"": 3813565}"
"U(0.0001,0.1), eps=1e-04",0.0001,0.1,0.0001,reverse_eng,4600122,find_phi_fixed_budget_reverse_engineering,"{""m_exploration"": 2229, ""safeguard"": 0.85, ""budget"": 4600122}"
"U(0.0001,0.1), eps=1e-04",0.0001,0.1,0.0001,reverse_eng,5548909,find_phi_fixed_budget_reverse_engineering,"{""m_exploration"": 21416, ""safeguard"": 0.9, ""budget"": 5548909}"
"U(0.0001,0.1), eps=1e-04",0.0001,0.1,0.0001,reverse_eng,6693386,find_phi_fixed_budget_reverse_engineering,"{""m_exploration"": 37704, ""safeguard"": 0.925, ""budget"": 6693386}"
"U(0.0001,0.1), eps=1e-04",0.0001,0.1,0.0001,reverse_eng,8073914,find_phi_fixed_budget_reverse_engineering,"{""m_exploration"": 37704, ""safeguard"": 0.9, ""budget"": 8073914}"
"U(0.0001,0.1), eps=1e-04",0.0001,0.1,0.0001,reverse_eng,9739179,find_phi_fixed_budget_reverse_engineering,"{""m_exploration"": 37704, ""safeguard"": 0.9, ""budget"": 9739179}"
"U(0.0001,0.1), eps=1e-04",0.0001,0.1,0.0001,reverse_eng,11747910,find_phi_fixed_budget_reverse_engineering,"{""m_exploration"": 37704, ""safeguard"": 0.9, ""budget"": 11747910}"
"U(0.0001,0.1), eps=1e-04",0.0001,0.1,0.0001,reverse_eng,14170946,find_phi_fixed_budget_reverse_engineering,"{""m_exploration"": 37704, ""safeguard"": 0.9, ""budget"": 14170946}"
"U(0.0001,0.1), eps=1e-04",0.0001,0.1,0.0001,reverse_eng,17093739,find_phi_fixed_budget_reverse_engineering,"{""m_exploration"": 54974, ""safeguard"": 0.85, ""budget"": 17093739}"
"U(0.0001,0.1), eps=1e-04",0.0001,0.1,0.0001,reverse_eng,20619366,find_phi_fixed_budget_reverse_engineering,"{""m_exploration"": 54974, ""safeguard"": 0.8, ""budget"": 20619366}"
"U(0.0001,0.1), eps=1e-04",0.0001,0.1,0.0001,reverse_eng,24872163,find_phi_fixed_budget_reverse_engineering,"{""m_exploration"": 54974, ""safeguard"": 0.8, ""budget"": 24872163}"
"U(0.0001,0.1), eps=1e-04",0.0001,0.1,0.0001,reverse_eng,30002110,find_phi_fixed_budget_reverse_engineering,"{""m_exploration"": 54974, ""safeguard"": 0.8, ""budget"": 30002110}"
"U(0.0001,0.1), eps=1e-04",0.0001,0.1,0.0001,reverse_eng,36190121,find_phi_fixed_budget_reverse_engineering,"{""m_exploration"": 54974, ""safeguard"": 0.8, ""budget"": 36190121}"
"U(0.0001,0.1), eps=1e-04",0.0001,0.1,0.0001,reverse_eng,43654425,find_phi_fixed_budget_reverse_engineering,"{""m_exploration"": 54974, ""safeguard"": 0.8, ""budget"": 43654425}"
"U(0.0001,0.1), eps=1e-04",0.0001,0.1,0.0001,reverse_eng,52658261,find_phi_fixed_budget_reverse_engineering,"{""m_exploration"": 54974, ""safeguard"": 0.8, ""budget"": 52658261}"
"U(0.0001,0.1), eps=1e-04",0.0001,0.1,0.0001,reverse_eng,63519160,find_phi_fixed_budget_reverse_engineering,"{""m_exploration"": 54974, ""safeguard"": 0.8, ""budget"": 63519160}"
"U(0.0001,0.1), eps=1e-04",0.0001,0.1,0.0001,reverse_eng,76620148,find_phi_fixed_budget_reverse_engineering,"{""m_exploration"": 54974, ""safeguard"": 0.8, ""budget"": 76620148}"
"U(0.0001,0.1), eps=1e-04",0.0001,0.1,0.0001,reverse_eng,92423247,find_phi_fixed_budget_reverse_engineering,"{""m_exploration"": 54974, ""safeguard"": 0.8, ""budget"": 92423247}"
"U(0.0001,0.1), eps=1e-04",0.0001,0.1,0.0001,reverse_eng,111485776,find_phi_fixed_budget_reverse_engineering,"{""m_exploration"": 54974, ""safeguard"": 0.8, ""budget"": 111485776}"
"U(0.0001,0.1), eps=1e-04",0.0001,0.1,0.0001,reverse_eng,134480000,find_phi_fixed_budget_reverse_engineering,"{""m_exploration"": 54974, ""safeguard"": 0.8, ""budget"": 134480000}"
"U(0.0001,0.1), eps=1e-04",0.0001,0.1,0.0001,binary,89653,find_phi_fixed_budget_binary_search,"{""m_exploration"": 4361, ""safeguard"": 0, ""conf"": 0.5, ""budget"": 89653}"
"U(0.0001,0.1), eps=1e-04",0.0001,0.1,0.0001,binary,108144,find_phi_fixed_budget_binary_search,"{""m_exploration"": 6407, ""safeguard"": 0, ""conf"": 0.5, ""budget"": 108144}"
"U(0.0001,0.1), eps=1e-04",0.0001,0.1,0.0001,binary,130449,find_phi_fixed_budget_binary_search,"{""m_exploration"": 6407, ""safeguard"": 0, ""conf"": 0.5, ""budget"": 130449}"
"U(0.0001,0.1), eps=1e-04",0.0001,0.1,0.0001,binary,157355,find_phi_fixed_budget_binary_search,"{""m_exploration"": 9413, ""safeguard"": 0, ""conf"": 0.5, ""budget"": 157355}"
"U(0.0001,0.1), eps=1e-04",0.0001,0.1,0.0001,binary,189810,find_phi_fixed_budget_binary_search,"{""m_exploration"": 29, ""safeguard"": 0, ""conf"": 0.5, ""budget"": 189810}"
"U(0.0001,0.1), eps=1e-04",0.0001,0.1,0.0001,binary,228958,find_phi_fixed_budget_binary_search,"{""m_exploration"": 13828, ""safeguard"": 0, ""conf"": 0.5, ""budget"": 228958}"
"U(0.0001,0.1), eps=1e-04",0.0001,0.1,0.0001,binary,276182,find_phi_fixed_budget_binary_search,"{""m_exploration"": 43, ""safeguard"": 0, ""conf"": 0.5, ""budget"": 276182}"
"U(0.0001,0.1), eps=1e-04",0.0001,0.1,0.0001,binary,333145,find_phi_fixed_budget_binary_search,"{""m_exploration"": 20, ""safeguard"": 2, ""conf"": 0.65, ""budget"": 333145}"
"U(0.0001,0.1), eps=1e-04",0.0001,0.1,0.0001,binary,401857,find_phi_fixed_budget_binary_search,"{""m_exploration"": 20, ""safeguard"": 2, ""conf"": 0.5, ""budget"": 401857}"
"U(0.0001,0.1), eps=1e-04",0.0001,0.1,0.0001,binary,484741,find_phi_fixed_budget_binary_search,"{""m_exploration"": 20, ""safeguard"": 2, ""conf"": 0.5, ""budget"": 484741}"
"U(0.0001,0.1), eps=1e-04",0.0001,0.1,0.0001,binary,584721,find_phi_fixed_budget_binary_search,"{""m_exploration"": 20, ""safeguard"": 2, ""conf"": 0.5, ""budget"": 584721}"
"U(0.0001,0.1), eps=1e-04",0.0001,0.1,0.0001,binary,705321,find_phi_fixed_budget_binary_search,"{""m_exploration"": 20, ""safeguard"": 2, ""conf"": 0.5, ""budget"": 705321}"
"U(0.0001,0.1), eps=1e-04",0.0001,0.1,0.0001,binary,850795,find_phi_fixed_budget_binary_search,"{""m_exploration"": 20, ""safeguard"": 2, ""conf"": 0.5, ""budget"": 850795}"
"U(0.0001,0.1), eps=1e-04",0.0001,0.1,0.0001,binary,1026274,find_phi_fixed_budget_binary_search,"{""m_exploration"": 20, ""safeguard"": 2, ""conf"": 0.5, ""budget"": 1026274}"
"U(0.0001,0.1), eps=1e-04",0.0001,0.1,0.0001,binary,1237946,find_phi_fixed_budget_binary_search,"{""m_exploration"": 20, ""safeguard"": 2, ""conf"": 0.5, ""budget"": 1237946}"
"U(0.0001,0.1), eps=1e-04",0.0001,0.1,0.0001,binary,1493275,find_phi_fixed_budget_binary_search,"{""m_exploration"": 29, ""safeguard"": 2, ""conf"": 0.5, ""budget"": 1493275}"
"U(0.0001,0.1), eps=1e-04",0.0001,0.1,0.0001,binary,1801267,find_phi_fixed_budget_binary_search,"{""m_exploration"": 43, ""safeguard"": 2, ""conf"": 0.5, ""budget"": 1801267}"
"U(0.0001,0.1), eps=1e-04",0.0001,0.1,0.0001,binary,2172783,find_phi_fixed_budget_binary_search,"{""m_exploration"": 29, ""safeguard"": 2, ""conf"": 0.5, ""budget"": 2172783}"
"U(0.0001,0.1), eps=1e-04",0.0001,0.1,0.0001,binary,2620925,find_phi_fixed_budget_binary_search,"{""m_exploration"": 43, ""safeguard"": 2, ""conf"": 0.5, ""budget"": 2620925}"
"U(0.0001,0.1), eps=1e-04",0.0001,0.1,0.0001,binary,3161498,find_phi_fixed_budget_binary_search,"{""m_exploration"": 43, ""safeguard"": 2, ""conf"": 0.5, ""budget"": 3161498}"
"U(0.0001,0.1), eps=1e-04",0.0001,0.1,0.0001,binary,3813565,find_phi_fixed_budget_binary_search,"{""m_exploration"": 93, ""safeguard"": 2, ""conf"": 0.65, ""budget"": 3813565}"
"U(0.0001,0.1), eps=1e-04",0.0001,0.1,0.0001,binary,4600122,find_phi_fixed_budget_binary_search,"{""m_exploration"": 93, ""safeguard"": 2, ""conf"": 0.5, ""budget"": 4600122}"
"U(0.0001,0.1), eps=1e-04",0.0001,0.1,0.0001,binary,5548909,find_phi_fixed_budget_binary_search,"{""m_exploration"": 93, ""safeguard"": 2, ""conf"": 0.5, ""budget"": 5548909}"
"U(0.0001,0.1), eps=1e-04",0.0001,0.1,0.0001,binary,6693386,find_phi_fixed_budget_binary_search,"{""m_exploration"": 136, ""safeguard"": 2, ""conf"": 0.5, ""budget"": 6693386}"
"U(0.0001,0.1), eps=1e-04",0.0001,0.1,0.0001,binary,8073914,find_phi_fixed_budget_binary_search,"{""m_exploration"": 136, ""safeguard"": 2, ""conf"": 0.5, ""budget"": 8073914}"
"U(0.0001,0.1), eps=1e-04",0.0001,0.1,0.0001,binary,9739179,find_phi_fixed_budget_binary_search,"{""m_exploration"": 136, ""safeguard"": 2, ""conf"": 0.5, ""budget"": 9739179}"
"U(0.0001,0.1), eps=1e-04",0.0001,0.1,0.0001,binary,11747910,find_phi_fixed_budget_binary_search,"{""m_exploration"": 295, ""safeguard"": 2, ""conf"": 0.5, ""budget"": 11747910}"
"U(0.0001,0.1), eps=1e-04",0.0001,0.1,0.0001,binary,14170946,find_phi_fixed_budget_binary_search,"{""m_exploration"": 433, ""safeguard"": 2, ""conf"": 0.5, ""budget"": 14170946}"
"U(0.0001,0.1), eps=1e-04",0.0001,0.1,0.0001,binary,17093739,find_phi_fixed_budget_binary_search,"{""m_exploration"": 433, ""safeguard"": 2, ""conf"": 0.5, ""budget"": 17093739}"
"U(0.0001,0.1), eps=1e-04",0.0001,0.1,0.0001,binary,20619366,find_phi_fixed_budget_binary_search,"{""m_exploration"": 637, ""safeguard"": 2, ""conf"": 0.5, ""budget"": 20619366}"
"U(0.0001,0.1), eps=1e-04",0.0001,0.1,0.0001,binary,24872163,find_phi_fixed_budget_binary_search,"{""m_exploration"": 637, ""safeguard"": 2, ""conf"": 0.5, ""budget"": 24872163}"
"U(0.0001,0.1), eps=1e-04",0.0001,0.1,0.0001,binary,30002110,find_phi_fixed_budget_binary_search,"{""m_exploration"": 637, ""safeguard"": 2, ""conf"": 0.5, ""budget"": 30002110}"
"U(0.0001,0.1), eps=1e-04",0.0001,0.1,0.0001,binary,36190121,find_phi_fixed_budget_binary_search,"{""m_exploration"": 1375, ""safeguard"": 2, ""conf"": 0.5, ""budget"": 36190121}"
"U(0.0001,0.1), eps=1e-04",0.0001,0.1,0.0001,binary,43654425,find_phi_fixed_budget_binary_search,"{""m_exploration"": 2020, ""safeguard"": 2, ""conf"": 0.5, ""budget"": 43654425}"
"U(0.0001,0.1), eps=1e-04",0.0001,0.1,0.0001,binary,52658261,find_phi_fixed_budget_binary_search,"{""m_exploration"": 2020, ""safeguard"": 2, ""conf"": 0.5, ""budget"": 52658261}"
"U(0.0001,0.1), eps=1e-04",0.0001,0.1,0.0001,binary,63519160,find_phi_fixed_budget_binary_search,"{""m_exploration"": 2968, ""safeguard"": 2, ""conf"": 0.5, ""budget"": 63519160}"
"U(0.0001,0.1), eps=1e-04",0.0001,0.1,0.0001,binary,76620148,find_phi_fixed_budget_binary_search,"{""m_exploration"": 2968, ""safeguard"": 2, ""conf"": 0.5, ""budget"": 76620148}"
"U(0.0001,0.1), eps=1e-04",0.0001,0.1,0.0001,binary,92423247,find_phi_fixed_budget_binary_search,"{""m_exploration"": 4361, ""safeguard"": 2, ""conf"": 0.5, ""budget"": 92423247}"
"U(0.0001,0.1), eps=1e-04",0.0001,0.1,0.0001,binary,111485776,find_phi_fixed_budget_binary_search,"{""m_exploration"": 4361, ""safeguard"": 2, ""conf"": 0.5, ""budget"": 111485776}"
"U(0.0001,0.1), eps=1e-04",0.0001,0.1,0.0001,binary,134480000,find_phi_fixed_budget_binary_search,"{""m_exploration"": 6407, ""safeguard"": 2, ""conf"": 0.5, ""budget"": 134480000}"
"U(0.0001,0.1), eps=1e-04",0.0001,0.1,0.0001,reverse_eng_risk,89653,find_phi_fixed_budget_reverse_engineering_risk,"{""m_exploration"": 408, ""eps_target"": 0.0001, ""budget"": 89653}"
"U(0.0001,0.1), eps=1e-04",0.0001,0.1,0.0001,reverse_eng_risk,108144,find_phi_fixed_budget_reverse_engineering_risk,"{""m_exploration"": 493, ""eps_target"": 0.0001, ""budget"": 108144}"
"U(0.0001,0.1), eps=1e-04",0.0001,0.1,0.0001,reverse_eng_risk,130449,find_phi_fixed_budget_reverse_engineering_risk,"{""m_exploration"": 408, ""eps_target"": 0.0001, ""budget"": 130449}"
"U(0.0001,0.1), eps=1e-04",0.0001,0.1,0.0001,reverse_eng_risk,157355,find_phi_fixed_budget_reverse_engineering_risk,"{""m_exploration"": 595, ""eps_target"": 0.0001, ""budget"": 157355}"
"U(0.0001,0.1), eps=1e-04",0.0001,0.1,0.0001,reverse_eng_risk,189810,find_phi_fixed_budget_reverse_engineering_risk,"{""m_exploration"": 595, ""eps_target"": 0.0001, ""budget"": 189810}"
"U(0.0001,0.1), eps=1e-04",0.0001,0.1,0.0001,reverse_eng_risk,228958,find_phi_fixed_budget_reverse_engineering_risk,"{""m_exploration"": 408, ""eps_target"": 0.0001, ""budget"": 228958}"
"U(0.0001,0.1), eps=1e-04",0.0001,0.1,0.0001,reverse_eng_risk,276182,find_phi_fixed_budget_reverse_engineering_risk,"{""m_exploration"": 493, ""eps_target"": 0.0001, ""budget"": 276182}"
"U(0.0001,0.1), eps=1e-04",0.0001,0.1,0.0001,reverse_eng_risk,333145,find_phi_fixed_budget_reverse_engineering_risk,"{""m_exploration"": 493, ""eps_target"": 0.0001, ""budget"": 333145}"
"U(0.0001,0.1), eps=1e-04",0.0001,0.1,0.0001,reverse_eng_risk,401857,find_phi_fixed_budget_reverse_engineering_risk,"{""m_exploration"": 719, ""eps_target"": 0.0001, ""budget"": 401857}"
"U(0.0001,0.1), eps=1e-04",0.0001,0.1,0.0001,reverse_eng_risk,484741,find_phi_fixed_budget_reverse_engineering_risk,"{""m_exploration"": 719, ""eps_target"": 0.0001, ""budget"": 484741}"
"U(0.0001,0.1), eps=1e-04",0.0001,0.1,0.0001,reverse_eng_risk,584721,find_phi_fixed_budget_reverse_engineering_risk,"{""m_exploration"": 1048, ""eps_target"": 0.0001, ""budget"": 584721}"
"U(0.0001,0.1), eps=1e-04",0.0001,0.1,0.0001,reverse_eng_risk,705321,find_phi_fixed_budget_reverse_engineering_risk,"{""m_exploration"": 2691, ""eps_target"": 0.0001, ""budget"": 705321}"
"U(0.0001,0.1), eps=1e-04",0.0001,0.1,0.0001,reverse_eng_risk,850795,find_phi_fixed_budget_reverse_engineering_risk,"{""m_exploration"": 2691, ""eps_target"": 0.0001, ""budget"": 850795}"
"U(0.0001,0.1), eps=1e-04",0.0001,0.1,0.0001,reverse_eng_risk,1026274,find_phi_fixed_budget_reverse_engineering_risk,"{""m_exploration"": 1846, ""eps_target"": 0.0001, ""budget"": 1026274}"
"U(0.0001,0.1), eps=1e-04",0.0001,0.1,0.0001,reverse_eng_risk,1237946,find_phi_fixed_budget_reverse_engineering_risk,"{""m_exploration"": 3924, ""eps_target"": 0.0001, ""budget"": 1237946}"
"U(0.0001,0.1), eps=1e-04",0.0001,0.1,0.0001,reverse_eng_risk,1493275,find_phi_fixed_budget_reverse_engineering_risk,"{""m_exploration"": 5722, ""eps_target"": 0.0001, ""budget"": 1493275}"
"U(0.0001,0.1), eps=1e-04",0.0001,0.1,0.0001,reverse_eng_risk,1801267,find_phi_fixed_budget_reverse_engineering_risk,"{""m_exploration"": 5722, ""eps_target"": 0.0001, ""budget"": 1801267}"
"U(0.0001,0.1), eps=1e-04",0.0001,0.1,0.0001,reverse_eng_risk,2172783,find_phi_fixed_budget_reverse_engineering_risk,"{""m_exploration"": 868, ""eps_target"": 0.0001, ""budget"": 2172783}"
"U(0.0001,0.1), eps=1e-04",0.0001,0.1,0.0001,reverse_eng_risk,2620925,find_phi_fixed_budget_reverse_engineering_risk,"{""m_exploration"": 2691, ""eps_target"": 0.0001, ""budget"": 2620925}"
"U(0.0001,0.1), eps=1e-04",0.0001,0.1,0.0001,reverse_eng_risk,3161498,find_phi_fixed_budget_reverse_engineering_risk,"{""m_exploration"": 868, ""eps_target"": 0.0001, ""budget"": 3161498}"
"U(0.0001,0.1), eps=1e-04",0.0001,0.1,0.0001,reverse_eng_risk,3813565,find_phi_fixed_budget_reverse_engineering_risk,"{""m_exploration"": 868, ""eps_target"": 0.0001, ""budget"": 3813565}"
"U(0.0001,0.1), eps=1e-04",0.0001,0.1,0.0001,reverse_eng_risk,4600122,find_phi_fixed_budget_reverse_engineering_risk,"{""m_exploration"": 868, ""eps_target"": 0.0001, ""budget"": 4600122}"
"U(0.0001,0.1), eps=1e-04",0.0001,0.1,0.0001,reverse_eng_risk,5548909,find_phi_fixed_budget_reverse_engineering_risk,"{""m_exploration"": 408, ""eps_target"": 0.0001, ""budget"": 5548909}"
"U(0.0001,0.1), eps=1e-04",0.0001,0.1,0.0001,reverse_eng_risk,6693386,find_phi_fixed_budget_reverse_engineering_risk,"{""m_exploration"": 2229, ""eps_target"": 0.0001, ""budget"": 6693386}"
"U(0.0001,0.1), eps=1e-04",0.0001,0.1,0.0001,reverse_eng_risk,8073914,find_phi_fixed_budget_reverse_engineering_risk,"{""m_exploration"": 2691, ""eps_target"": 0.0001, ""budget"": 8073914}"
"U(0.0001,0.1), eps=1e-04",0.0001,0.1,0.0001,reverse_eng_risk,9739179,find_phi_fixed_budget_reverse_engineering_risk,"{""m_exploration"": 12164, ""eps_target"": 0.0001, ""budget"": 9739179}"
"U(0.0001,0.1), eps=1e-04",0.0001,0.1,0.0001,reverse_eng_risk,11747910,find_phi_fixed_budget_reverse_engineering_risk,"{""m_exploration"": 2691, ""eps_target"": 0.0001, ""budget"": 11747910}"
"U(0.0001,0.1), eps=1e-04",0.0001,0.1,0.0001,reverse_eng_risk,14170946,find_phi_fixed_budget_reverse_engineering_risk,"{""m_exploration"": 1528, ""eps_target"": 0.0001, ""budget"": 14170946}"
"U(0.0001,0.1), eps=1e-04",0.0001,0.1,0.0001,reverse_eng_risk,17093739,find_phi_fixed_budget_reverse_engineering_risk,"{""m_exploration"": 74, ""eps_target"": 0.0001, ""budget"": 17093739}"
"U(0.0001,0.1), eps=1e-04",0.0001,0.1,0.0001,reverse_eng_risk,20619366,find_phi_fixed_budget_reverse_engineering_risk,"{""m_exploration"": 24, ""eps_target"": 0.0001, ""budget"": 20619366}"
"U(0.0001,0.1), eps=1e-04",0.0001,0.1,0.0001,reverse_eng_risk,24872163,find_phi_fixed_budget_reverse_engineering_risk,"{""m_exploration"": 20, ""eps_target"": 0.0001, ""budget"": 24872163}"
"U(0.0001,0.1), eps=1e-04",0.0001,0.1,0.0001,reverse_eng_risk,30002110,find_phi_fixed_budget_reverse_engineering_risk,"{""m_exploration"": 20, ""eps_target"": 0.0001, ""budget"": 30002110}"
"U(0.0001,0.1), eps=1e-04",0.0001,0.1,0.0001,reverse_eng_risk,36190121,find_phi_fixed_budget_reverse_engineering_risk,"{""m_exploration"": 20, ""eps_target"": 0.0001, ""budget"": 36190121}"
"U(0.0001,0.1), eps=1e-04",0.0001,0.1,0.0001,reverse_eng_risk,43654425,find_phi_fixed_budget_reverse_engineering_risk,"{""m_exploration"": 20, ""eps_target"": 0.0001, ""budget"": 43654425}"
"U(0.0001,0.1), eps=1e-04",0.0001,0.1,0.0001,reverse_eng_risk,52658261,find_phi_fixed_budget_reverse_engineering_risk,"{""m_exploration"": 20, ""eps_target"": 0.0001, ""budget"": 52658261}"
"U(0.0001,0.1), eps=1e-04",0.0001,0.1,0.0001,reverse_eng_risk,63519160,find_phi_fixed_budget_reverse_engineering_risk,"{""m_exploration"": 20, ""eps_target"": 0.0001, ""budget"": 63519160}"
"U(0.0001,0.1), eps=1e-04",0.0001,0.1,0.0001,reverse_eng_risk,76620148,find_phi_fixed_budget_reverse_engineering_risk,"{""m_exploration"": 20, ""eps_target"": 0.0001, ""budget"": 76620148}"
"U(0.0001,0.1), eps=1e-04",0.0001,0.1,0.0001,reverse_eng_risk,92423247,find_phi_fixed_budget_reverse_engineering_risk,"{""m_exploration"": 20, ""eps_target"": 0.0001, ""budget"": 92423247}"
"U(0.0001,0.1), eps=1e-04",0.0001,0.1,0.0001,reverse_eng_risk,111485776,find_phi_fixed_budget_reverse_engineering_risk,"{""m_exploration"": 20, ""eps_target"": 0.0001, ""budget"": 111485776}"
"U(0.0001,0.1), eps=1e-04",0.0001,0.1,0.0001,reverse_eng_risk,134480000,find_phi_fixed_budget_reverse_engineering_risk,"{""m_exploration"": 20, ""eps_target"": 0.0001, ""budget"": 134480000}"
"U(0.0001,0.1), eps=1e-04",0.0001,0.1,0.0001,binary_risk,89653,find_phi_fixed_budget_binary_search_risk,"{""m_exploration"": 433, ""conf"": 0.5, ""eps_target"": 0.0001, ""budget"": 89653}"
"U(0.0001,0.1), eps=1e-04",0.0001,0.1,0.0001,binary_risk,108144,find_phi_fixed_budget_binary_search_risk,"{""m_exploration"": 433, ""conf"": 0.5, ""eps_target"": 0.0001, ""budget"": 108144}"
"U(0.0001,0.1), eps=1e-04",0.0001,0.1,0.0001,binary_risk,130449,find_phi_fixed_budget_binary_search_risk,"{""m_exploration"": 433, ""conf"": 0.5, ""eps_target"": 0.0001, ""budget"": 130449}"
"U(0.0001,0.1), eps=1e-04",0.0001,0.1,0.0001,binary_risk,157355,find_phi_fixed_budget_binary_search_risk,"{""m_exploration"": 637, ""conf"": 0.5, ""eps_target"": 0.0001, ""budget"": 157355}"
"U(0.0001,0.1), eps=1e-04",0.0001,0.1,0.0001,binary_risk,189810,find_phi_fixed_budget_binary_search_risk,"{""m_exploration"": 936, ""conf"": 0.5, ""eps_target"": 0.0001, ""budget"": 189810}"
"U(0.0001,0.1), eps=1e-04",0.0001,0.1,0.0001,binary_risk,228958,find_phi_fixed_budget_binary_search_risk,"{""m_exploration"": 936, ""conf"": 0.5, ""eps_target"": 0.0001, ""budget"": 228958}"
"U(0.0001,0.1), eps=1e-04",0.0001,0.1,0.0001,binary_risk,276182,find_phi_fixed_budget_binary_search_risk,"{""m_exploration"": 433, ""conf"": 0.5, ""eps_target"": 0.0001, ""budget"": 276182}"
"U(0.0001,0.1), eps=1e-04",0.0001,0.1,0.0001,binary_risk,333145,find_phi_fixed_budget_binary_search_risk,"{""m_exploration"": 637, ""conf"": 0.5, ""eps_target"": 0.0001, ""budget"": 333145}"
"U(0.0001,0.1), eps=1e-04",0.0001,0.1,0.0001,binary_risk,401857,find_phi_fixed_budget_binary_search_risk,"{""m_exploration"": 637, ""conf"": 0.5, ""eps_target"": 0.0001, ""budget"": 401857}"
"U(0.0001,0.1), eps=1e-04",0.0001,0.1,0.0001,binary_risk,484741,find_phi_fixed_budget_binary_search_risk,"{""m_exploration"": 936, ""conf"": 0.5, ""eps_target"": 0.0001, ""budget"": 484741}"
"U(0.0001,0.1), eps=1e-04",0.0001,0.1,0.0001,binary_risk,584721,find_phi_fixed_budget_binary_search_risk,"{""m_exploration"": 936, ""conf"": 0.5, ""eps_target"": 0.0001, ""budget"": 584721}"
"U(0.0001,0.1), eps=1e-04",0.0001,0.1,0.0001,binary_risk,705321,find_phi_fixed_budget_binary_search_risk,"{""m_exploration"": 936, ""conf"": 0.5, ""eps_target"": 0.0001, ""budget"": 705321}"
"U(0.0001,0.1), eps=1e-04",0.0001,0.1,0.0001,binary_risk,850795,find_phi_fixed_budget_binary_search_risk,"{""m_exploration"": 2020, ""conf"": 0.5, ""eps_target"": 0.0001, ""budget"": 850795}"
"U(0.0001,0.1), eps=1e-04",0.0001,0.1,0.0001,binary_risk,1026274,find_phi_fixed_budget_binary_search_risk,"{""m_exploration"": 2968, ""conf"": 0.5, ""eps_target"": 0.0001, ""budget"": 1026274}"
"U(0.0001,0.1), eps=1e-04",0.0001,0.1,0.0001,binary_risk,1237946,find_phi_fixed_budget_binary_search_risk,"{""m_exploration"": 2020, ""conf"": 0.5, ""eps_target"": 0.0001, ""budget"": 1237946}"
"U(0.0001,0.1), eps=1e-04",0.0001,0.1,0.0001,binary_risk,1493275,find_phi_fixed_budget_binary_search_risk,"{""m_exploration"": 4361, ""conf"": 0.5, ""eps_target"": 0.0001, ""budget"": 1493275}"
"U(0.0001,0.1), eps=1e-04",0.0001,0.1,0.0001,binary_risk,1801267,find_phi_fixed_budget_binary_search_risk,"{""m_exploration"": 936, ""conf"": 0.5, ""eps_target"": 0.0001, ""budget"": 1801267}"
"U(0.0001,0.1), eps=1e-04",0.0001,0.1,0.0001,binary_risk,2172783,find_phi_fixed_budget_binary_search_risk,"{""m_exploration"": 936, ""conf"": 0.5, ""eps_target"": 0.0001, ""budget"": 2172783}"
"U(0.0001,0.1), eps=1e-04",0.0001,0.1,0.0001,binary_risk,2620925,find_phi_fixed_budget_binary_search_risk,"{""m_exploration"": 2020, ""conf"": 0.5, ""eps_target"": 0.0001, ""budget"": 2620925}"
"U(0.0001,0.1), eps=1e-04",0.0001,0.1,0.0001,binary_risk,3161498,find_phi_fixed_budget_binary_search_risk,"{""m_exploration"": 936, ""conf"": 0.5, ""eps_target"": 0.0001, ""budget"": 3161498}"
"U(0.0001,0.1), eps=1e-04",0.0001,0.1,0.0001,binary_risk,3813565,find_phi_fixed_budget_binary_search_risk,"{""m_exploration"": 936, ""conf"": 0.5, ""eps_target"": 0.0001, ""budget"": 3813565}"
"U(0.0001,0.1), eps=1e-04",0.0001,0.1,0.0001,binary_risk,4600122,find_phi_fixed_budget_binary_search_risk,"{""m_exploration"": 2968, ""conf"": 0.5, ""eps_target"": 0.0001, ""budget"": 4600122}"
"U(0.0001,0.1), eps=1e-04",0.0001,0.1,0.0001,binary_risk,5548909,find_phi_fixed_budget_binary_search_risk,"{""m_exploration"": 936, ""conf"": 0.5, ""eps_target"": 0.0001, ""budget"": 5548909}"
"U(0.0001,0.1), eps=1e-04",0.0001,0.1,0.0001,binary_risk,6693386,find_phi_fixed_budget_binary_search_risk,"{""m_exploration"": 2020, ""conf"": 0.5, ""eps_target"": 0.0001, ""budget"": 6693386}"
"U(0.0001,0.1), eps=1e-04",0.0001,0.1,0.0001,binary_risk,8073914,find_phi_fixed_budget_binary_search_risk,"{""m_exploration"": 2968, ""conf"": 0.5, ""eps_target"": 0.0001, ""budget"": 8073914}"
"U(0.0001,0.1), eps=1e-04",0.0001,0.1,0.0001,binary_risk,9739179,find_phi_fixed_budget_binary_search_risk,"{""m_exploration"": 2968, ""conf"": 0.5, ""eps_target"": 0.0001, ""budget"": 9739179}"
"U(0.0001,0.1), eps=1e-04",0.0001,0.1,0.0001,binary_risk,11747910,find_phi_fixed_budget_binary_search_risk,"{""m_exploration"": 2020, ""conf"": 0.5, ""eps_target"": 0.0001, ""budget"": 11747910}"
"U(0.0001,0.1), eps=1e-04",0.0001,0.1,0.0001,binary_risk,14170946,find_phi_fixed_budget_binary_search_risk,"{""m_exploration"": 2020, ""conf"": 0.5, ""eps_target"": 0.0001, ""budget"": 14170946}"
"U(0.0001,0.1), eps=1e-04",0.0001,0.1,0.0001,binary_risk,17093739,find_phi_fixed_budget_binary_search_risk,"{""m_exploration"": 2968, ""conf"": 0.5, ""eps_target"": 0.0001, ""budget"": 17093739}"
"U(0.0001,0.1), eps=1e-04",0.0001,0.1,0.0001,binary_risk,20619366,find_phi_fixed_budget_binary_search_risk,"{""m_exploration"": 2968, ""conf"": 0.5, ""eps_target"": 0.0001, ""budget"": 20619366}"
"U(0.0001,0.1), eps=1e-04",0.0001,0.1,0.0001,binary_risk,24872163,find_phi_fixed_budget_binary_search_risk,"{""m_exploration"": 4361, ""conf"": 0.5, ""eps_target"": 0.0001, ""budget"": 24872163}"
"U(0.0001,0.1), eps=1e-04",0.0001,0.1,0.0001,binary_risk,30002110,find_phi_fixed_budget_binary_search_risk,"{""m_exploration"": 43, ""conf"": 0.5, ""eps_target"": 0.0001, ""budget"": 30002110}"
"U(0.0001,0.1), eps=1e-04",0.0001,0.1,0.0001,binary_risk,36190121,find_phi_fixed_budget_binary_search_risk,"{""m_exploration"": 29, ""conf"": 0.5, ""eps_target"": 0.0001, ""budget"": 36190121}"
"U(0.0001,0.1), eps=1e-04",0.0001,0.1,0.0001,binary_risk,43654425,find_phi_fixed_budget_binary_search_risk,"{""m_exploration"": 20, ""conf"": 0.5, ""eps_target"": 0.0001, ""budget"": 43654425}"
"U(0.0001,0.1), eps=1e-04",0.0001,0.1,0.0001,binary_risk,52658261,find_phi_fixed_budget_binary_search_risk,"{""m_exploration"": 20, ""conf"": 0.5, ""eps_target"": 0.0001, ""budget"": 52658261}"
"U(0.0001,0.1), eps=1e-04",0.0001,0.1,0.0001,binary_risk,63519160,find_phi_fixed_budget_binary_search_risk,"{""m_exploration"": 20, ""conf"": 0.5, ""eps_target"": 0.0001, ""budget"": 63519160}"
"U(0.0001,0.1), eps=1e-04",0.0001,0.1,0.0001,binary_risk,76620148,find_phi_fixed_budget_binary_search_risk,"{""m_exploration"": 20, ""conf"": 0.5, ""eps_target"": 0.0001, ""budget"": 76620148}"
"U(0.0001,0.1), eps=1e-04",0.0001,0.1,0.0001,binary_risk,92423247,find_phi_fixed_budget_binary_search_risk,"{""m_exploration"": 20, ""conf"": 0.5, ""eps_target"": 0.0001, ""budget"": 92423247}"
"U(0.0001,0.1), eps=1e-04",0.0001,0.1,0.0001,binary_risk,111485776,find_phi_fixed_budget_binary_search_risk,"{""m_exploration"": 20, ""conf"": 0.5, ""eps_target"": 0.0001, ""budget"": 111485776}"
"U(0.0001,0.1), eps=1e-04",0.0001,0.1,0.0001,binary_risk,134480000,find_phi_fixed_budget_binary_search_risk,"{""m_exploration"": 20, ""conf"": 0.5, ""eps_target"": 0.0001, ""budget"": 134480000}"
"U(0.0001,0.1), eps=1e-06",0.0001,0.1,1e-06,linear,896533333,find_phi_fixed_budget_linear_search,"{""m_exploration"": 166, ""lookback_window"": 5, ""safeguard"": 2, ""inc"": 2, ""budget"": 896533333}"
"U(0.0001,0.1), eps=1e-06",0.0001,0.1,1e-06,linear,1081445601,find_phi_fixed_budget_linear_search,"{""m_exploration"": 284, ""lookback_window"": 5, ""safeguard"": 1, ""inc"": 2, ""budget"": 1081445601}"
"U(0.0001,0.1), eps=1e-06",0.0001,0.1,1e-06,linear,1304496493,find_phi_fixed_budget_linear_search,"{""m_exploration"": 284, ""lookback_window"": 5, ""safeguard"": 1, ""inc"": 2, ""budget"": 1304496493}"
"U(0.0001,0.1), eps=1e-06",0.0001,0.1,1e-06,linear,1573552196,find_phi_fixed_budget_linear_search,"{""m_exploration"": 284, ""lookback_window"": 5, ""safeguard"": 1, ""inc"": 2, ""budget"": 1573552196}"
"U(0.0001,0.1), eps=1e-06",0.0001,0.1,1e-06,linear,1898101319,find_phi_fixed_budget_linear_search,"{""m_exploration"": 12071, ""lookback_window"": 5, ""safeguard"": 0, ""inc"": 2, ""budget"": 1898101319}"
"U(0.0001,0.1), eps=1e-06",0.0001,0.1,1e-06,linear,2289589519,find_phi_fixed_budget_linear_search,"{""m_exploration"": 12071, ""lookback_window"": 5, ""safeguard"": 1, ""inc"": 2, ""budget"": 2289589519}"
"U(0.0001,0.1), eps=1e-06",0.0001,0.1,1e-06,linear,2761823151,find_phi_fixed_budget_linear_search,"{""m_exploration"": 12071, ""lookback_window"": 5, ""safeguard"": 0, ""inc"": 2, ""budget"": 2761823151}"
"U(0.0001,0.1), eps=1e-06",0.0001,0.1,1e-06,linear,3331456165,find_phi_fixed_budget_linear_search,"{""m_exploration"": 12071, ""lookback_window"": 5, ""safeguard"": 0, ""inc"": 2, ""budget"": 3331456165}"
"U(0.0001,0.1), eps=1e-06",0.0001,0.1,1e-06,linear,4018577429,find_phi_fixed_budget_linear_search,"{""m_exploration"": 9236, ""lookback_window"": 5, ""safeguard"": 0, ""inc"": 2, ""budget"": 4018577429}"
"U(0.0001,0.1), eps=1e-06",0.0001,0.1,1e-06,linear,4847419193,find_phi_fixed_budget_linear_search,"{""m_exploration"": 12071, ""lookback_window"": 5, ""safeguard"": 1, ""inc"": 2, ""budget"": 4847419193}"
"U(0.0001,0.1), eps=1e-06",0.0001,0.1,1e-06,linear,5847211667,find_phi_fixed_budget_linear_search,"{""m_exploration"": 7066, ""lookback_window"": 5, ""safeguard"": 1, ""inc"": 2, ""budget"": 5847211667}"
"U(0.0001,0.1), eps=1e-06",0.0001,0.1,1e-06,linear,7053213870,find_phi_fixed_budget_linear_search,"{""m_exploration"": 7066, ""lookback_window"": 5, ""safeguard"": 1, ""inc"": 2, ""budget"": 7053213870}"
"U(0.0001,0.1), eps=1e-06",0.0001,0.1,1e-06,linear,8507957079,find_phi_fixed_budget_linear_search,"{""m_exploration"": 7066, ""lookback_window"": 5, ""safeguard"": 1, ""inc"": 2, ""budget"": 8507957079}"
"U(0.0001,0.1), eps=1e-06",0.0001,0.1,1e-06,linear,10262744755,find_phi_fixed_budget_linear_search,"{""m_exploration"": 7066, ""lookback_window"": 5, ""safeguard"": 0, ""inc"": 2, ""budget"": 10262744755}"
"U(0.0001,0.1), eps=1e-06",0.0001,0.1,1e-06,linear,12379461831,find_phi_fixed_budget_linear_search,"{""m_exploration"": 7066, ""lookback_window"": 5, ""safeguard"": 1, ""inc"": 2, ""budget"": 12379461831}"
"U(0.0001,0.1), eps=1e-06",0.0001,0.1,1e-06,linear,14932757159,find_phi_fixed_budget_linear_search,"{""m_exploration"": 7066, ""lookback_window"": 5, ""safeguard"": 0, ""inc"": 2, ""budget"": 14932757159}"
"U(0.0001,0.1), eps=1e-06",0.0001,0.1,1e-06,linear,18012676110,find_phi_fixed_budget_linear_search,"{""m_exploration"": 7066, ""lookback_window"": 5, ""safeguard"": 1, ""inc"": 2, ""budget"": 18012676110}"
"U(0.0001,0.1), eps=1e-06",0.0001,0.1,1e-06,linear,21727836139,find_phi_fixed_budget_linear_search,"{""m_exploration"": 60179, ""lookback_window"": 5, ""safeguard"": 0, ""inc"": 1, ""budget"": 21727836139}"
"U(0.0001,0.1), eps=1e-06",0.0001,0.1,1e-06,linear,26209257324,find_phi_fixed_budget_linear_search,"{""m_exploration"": 134364, ""lookback_window"": 5, ""safeguard"": 0, ""inc"": 2, ""budget"": 26209257324}"
"U(0.0001,0.1), eps=1e-06",0.0001,0.1,1e-06,linear,31614982969,find_phi_fixed_budget_linear_search,"{""m_exploration"": 35228, ""lookback_window"": 5, ""safeguard"": 1, ""inc"": 1, ""budget"": 31614982969}"
"U(0.0001,0.1), eps=1e-06",0.0001,0.1,1e-06,linear,38135653207,find_phi_fixed_budget_linear_search,"{""m_exploration"": 60179, ""lookback_window"": 5, ""safeguard"": 0, ""inc"": 1, ""budget"": 38135653207}"
"U(0.0001,0.1), eps=1e-06",0.0001,0.1,1e-06,linear,46001228182,find_phi_fixed_budget_linear_search,"{""m_exploration"": 46043, ""lookback_window"": 5, ""safeguard"": 1, ""inc"": 1, ""budget"": 46001228182}"
"U(0.0001,0.1), eps=1e-06",0.0001,0.1,1e-06,linear,55489097899,find_phi_fixed_budget_linear_search,"{""m_exploration"": 60179, ""lookback_window"": 5, ""safeguard"": 1, ""inc"": 1, ""budget"": 55489097899}"
"U(0.0001,0.1), eps=1e-06",0.0001,0.1,1e-06,linear,66933864754,find_phi_fixed_budget_linear_search,"{""m_exploration"": 46043, ""lookback_window"": 5, ""safeguard"": 1, ""inc"": 2, ""budget"": 66933864754}"
"U(0.0001,0.1), eps=1e-06",0.0001,0.1,1e-06,linear,80739143733,find_phi_fixed_budget_linear_search,"{""m_exploration"": 46043, ""lookback_window"": 5, ""safeguard"": 1, ""inc"": 2, ""budget"": 80739143733}"
"U(0.0001,0.1), eps=1e-06",0.0001,0.1,1e-06,linear,97391796436,find_phi_fixed_budget_linear_search,"{""m_exploration"": 102802, ""lookback_window"": 5, ""safeguard"": 1, ""inc"": 2, ""budget"": 97391796436}"
"U(0.0001,0.1), eps=1e-06",0.0001,0.1,1e-06,linear,117479100897,find_phi_fixed_budget_linear_search,"{""m_exploration"": 134364, ""lookback_window"": 5, ""safeguard"": 1, ""inc"": 2, ""budget"": 117479100897}"
"U(0.0001,0.1), eps=1e-06",0.0001,0.1,1e-06,linear,141709462734,find_phi_fixed_budget_linear_search,"{""m_exploration"": 12071, ""lookback_window"": 5, ""safeguard"": 2, ""inc"": 1, ""budget"": 141709462734}"
"U(0.0001,0.1), eps=1e-06",0.0001,0.1,1e-06,linear,170937398014,find_phi_fixed_budget_linear_search,"{""m_exploration"": 1417, ""lookback_window"": 3, ""safeguard"": 1, ""inc"": 2, ""budget"": 170937398014}"
"U(0.0001,0.1), eps=1e-06",0.0001,0.1,1e-06,linear,206193668906,find_phi_fixed_budget_linear_search,"{""m_exploration"": 5, ""lookback_window"": 1, ""safeguard"": 2, ""inc"": 1, ""budget"": 206193668906}"
"U(0.0001,0.1), eps=1e-06",0.0001,0.1,1e-06,linear,248721634884,find_phi_fixed_budget_linear_search,"{""m_exploration"": 3, ""lookback_window"": 1, ""safeguard"": 3, ""inc"": 1, ""budget"": 248721634884}"
"U(0.0001,0.1), eps=1e-06",0.0001,0.1,1e-06,linear,300021101460,find_phi_fixed_budget_linear_search,"{""m_exploration"": 3, ""lookback_window"": 1, ""safeguard"": 3, ""inc"": 1, ""budget"": 300021101460}"
"U(0.0001,0.1), eps=1e-06",0.0001,0.1,1e-06,linear,361901212829,find_phi_fixed_budget_linear_search,"{""m_exploration"": 3, ""lookback_window"": 1, ""safeguard"": 3, ""inc"": 1, ""budget"": 361901212829}"
"U(0.0001,0.1), eps=1e-06",0.0001,0.1,1e-06,linear,436544253753,find_phi_fixed_budget_linear_search,"{""m_exploration"": 3, ""lookback_window"": 1, ""safeguard"": 3, ""inc"": 1, ""budget"": 436544253753}"
"U(0.0001,0.1), eps=1e-06",0.0001,0.1,1e-06,linear,526582610750,find_phi_fixed_budget_linear_search,"{""m_exploration"": 3, ""lookback_window"": 1, ""safeguard"": 3, ""inc"": 1, ""budget"": 526582610750}"
"U(0.0001,0.1), eps=1e-06",0.0001,0.1,1e-06,linear,635191606717,find_phi_fixed_budget_linear_search,"{""m_exploration"": 3, ""lookback_window"": 1, ""safeguard"": 3, ""inc"": 1, ""budget"": 635191606717}"
"U(0.0001,0.1), eps=1e-06",0.0001,0.1,1e-06,linear,766201482932,find_phi_fixed_budget_linear_search,"{""m_exploration"": 3, ""lookback_window"": 1, ""safeguard"": 3, ""inc"": 1, ""budget"": 766201482932}"
"U(0.0001,0.1), eps=1e-06",0.0001,0.1,1e-06,linear,924232477633,find_phi_fixed_budget_linear_search,"{""m_exploration"": 3, ""lookback_window"": 1, ""safeguard"": 3, ""inc"": 1, ""budget"": 924232477633}"
"U(0.0001,0.1), eps=1e-06",0.0001,0.1,1e-06,linear,1114857764883,find_phi_fixed_budget_linear_search,"{""m_exploration"": 3, ""lookback_window"": 1, ""safeguard"": 3, ""inc"": 1, ""budget"": 1114857764883}"
"U(0.0001,0.1), eps=1e-06",0.0001,0.1,1e-06,linear,1344800000000,find_phi_fixed_budget_linear_search,"{""m_exploration"": 3, ""lookback_window"": 1, ""safeguard"": 3, ""inc"": 1, ""budget"": 1344800000000}"
"U(0.0001,0.1), eps=1e-06",0.0001,0.1,1e-06,reverse_eng,896533333,find_phi_fixed_budget_reverse_engineering,"{""m_exploration"": 300000, ""safeguard"": 0.95, ""budget"": 896533333}"
"U(0.0001,0.1), eps=1e-06",0.0001,0.1,1e-06,reverse_eng,1081445601,find_phi_fixed_budget_reverse_engineering,"{""m_exploration"": 248448, ""safeguard"": 0.975, ""budget"": 1081445601}"
"U(0.0001,0.1), eps=1e-06",0.0001,0.1,1e-06,reverse_eng,1304496493,find_phi_fixed_budget_reverse_engineering,"{""m_exploration"": 300000, ""safeguard"": 0.975, ""budget"": 1304496493}"
"U(0.0001,0.1), eps=1e-06",0.0001,0.1,1e-06,reverse_eng,1573552196,find_phi_fixed_budget_reverse_engineering,"{""m_exploration"": 300000, ""safeguard"": 0.975, ""budget"": 1573552196}"
"U(0.0001,0.1), eps=1e-06",0.0001,0.1,1e-06,reverse_eng,1898101319,find_phi_fixed_budget_reverse_engineering,"{""m_exploration"": 300000, ""safeguard"": 0.95, ""budget"": 1898101319}"
"U(0.0001,0.1), eps=1e-06",0.0001,0.1,1e-06,reverse_eng,2289589519,find_phi_fixed_budget_reverse_engineering,"{""m_exploration"": 170399, ""safeguard"": 0.975, ""budget"": 2289589519}"
"U(0.0001,0.1), eps=1e-06",0.0001,0.1,1e-06,reverse_eng,2761823151,find_phi_fixed_budget_reverse_engineering,"{""m_exploration"": 300000, ""safeguard"": 0.95, ""budget"": 2761823151}"
"U(0.0001,0.1), eps=1e-06",0.0001,0.1,1e-06,reverse_eng,3331456165,find_phi_fixed_budget_reverse_engineering,"{""m_exploration"": 170399, ""safeguard"": 0.975, ""budget"": 3331456165}"
"U(0.0001,0.1), eps=1e-06",0.0001,0.1,1e-06,reverse_eng,4018577429,find_phi_fixed_budget_reverse_engineering,"{""m_exploration"": 300000, ""safeguard"": 0.95, ""budget"": 4018577429}"
"U(0.0001,0.1), eps=1e-06",0.0001,0.1,1e-06,reverse_eng,4847419193,find_phi_fixed_budget_reverse_engineering,"{""m_exploration"": 300000, ""safeguard"": 0.95, ""budget"": 4847419193}"
"U(0.0001,0.1), eps=1e-06",0.0001,0.1,1e-06,reverse_eng,5847211667,find_phi_fixed_budget_reverse_engineering,"{""m_exploration"": 300000, ""safeguard"": 0.95, ""budget"": 5847211667}"
"U(0.0001,0.1), eps=1e-06",0.0001,0.1,1e-06,reverse_eng,7053213870,find_phi_fixed_budget_reverse_engineering,"{""m_exploration"": 170399, ""safeguard"": 0.975, ""budget"": 7053213870}"
"U(0.0001,0.1), eps=1e-06",0.0001,0.1,1e-06,reverse_eng,8507957079,find_phi_fixed_budget_reverse_engineering,"{""m_exploration"": 170399, ""safeguard"": 0.975, ""budget"": 8507957079}"
"U(0.0001,0.1), eps=1e-06",0.0001,0.1,1e-06,reverse_eng,10262744755,find_phi_fixed_budget_reverse_engineering,"{""m_exploration"": 300000, ""safeguard"": 0.95, ""budget"": 10262744755}"
"U(0.0001,0.1), eps=1e-06",0.0001,0.1,1e-06,reverse_eng,12379461831,find_phi_fixed_budget_reverse_engineering,"{""m_exploration"": 141118, ""safeguard"": 0.975, ""budget"": 12379461831}"
"U(0.0001,0.1), eps=1e-06",0.0001,0.1,1e-06,reverse_eng,14932757159,find_phi_fixed_budget_reverse_engineering,"{""m_exploration"": 300000, ""safeguard"": 0.95, ""budget"": 14932757159}"
"U(0.0001,0.1), eps=1e-06",0.0001,0.1,1e-06,reverse_eng,18012676110,find_phi_fixed_budget_reverse_engineering,"{""m_exploration"": 300000, ""safeguard"": 0.95, ""budget"": 18012676110}"
"U(0.0001,0.1), eps=1e-06",0.0001,0.1,1e-06,reverse_eng,21727836139,find_phi_fixed_budget_reverse_engineering,"{""m_exploration"": 300000, ""safeguard"": 0.95, ""budget"": 21727836139}"
"U(0.0001,0.1), eps=1e-06",0.0001,0.1,1e-06,reverse_eng,26209257324,find_phi_fixed_budget_reverse_engineering,"{""m_exploration"": 170399, ""safeguard"": 0.925, ""budget"": 26209257324}"
"U(0.0001,0.1), eps=1e-06",0.0001,0.1,1e-06,reverse_eng,31614982969,find_phi_fixed_budget_reverse_engineering,"{""m_exploration"": 300000, ""safeguard"": 0.95, ""budget"": 31614982969}"
"U(0.0001,0.1), eps=1e-06",0.0001,0.1,1e-06,reverse_eng,38135653207,find_phi_fixed_budget_reverse_engineering,"{""m_exploration"": 170399, ""safeguard"": 0.925, ""budget"": 38135653207}"
"U(0.0001,0.1), eps=1e-06",0.0001,0.1,1e-06,reverse_eng,46001228182,find_phi_fixed_budget_reverse_engineering,"{""m_exploration"": 170399, ""safeguard"": 0.925, ""budget"": 46001228182}"
"U(0.0001,0.1), eps=1e-06",0.0001,0.1,1e-06,reverse_eng,55489097899,find_phi_fixed_budget_reverse_engineering,"{""m_exploration"": 205756, ""safeguard"": 0.925, ""budget"": 55489097899}"
"U(0.0001,0.1), eps=1e-06",0.0001,0.1,1e-06,reverse_eng,66933864754,find_phi_fixed_budget_reverse_engineering,"{""m_exploration"": 205756, ""safeguard"": 0.925, ""budget"": 66933864754}"
"U(0.0001,0.1), eps=1e-06",0.0001,0.1,1e-06,reverse_eng,80739143733,find_phi_fixed_budget_reverse_engineering,"{""m_exploration"": 54974, ""safeguard"": 0.85, ""budget"": 80739143733}"
"U(0.0001,0.1), eps=1e-06",0.0001,0.1,1e-06,reverse_eng,97391796436,find_phi_fixed_budget_reverse_engineering,"{""m_exploration"": 54974, ""safeguard"": 0.85, ""budget"": 97391796436}"
"U(0.0001,0.1), eps=1e-06",0.0001,0.1,1e-06,reverse_eng,117479100897,find_phi_fixed_budget_reverse_engineering,"{""m_exploration"": 205756, ""safeguard"": 0.9, ""budget"": 117479100897}"
"U(0.0001,0.1), eps=1e-06",0.0001,0.1,1e-06,reverse_eng,141709462734,find_phi_fixed_budget_reverse_engineering,"{""m_exploration"": 141118, ""safeguard"": 0.85, ""budget"": 141709462734}"
"U(0.0001,0.1), eps=1e-06",0.0001,0.1,1e-06,reverse_eng,170937398014,find_phi_fixed_budget_reverse_engineering,"{""m_exploration"": 141118, ""safeguard"": 0.85, ""budget"": 170937398014}"
"U(0.0001,0.1), eps=1e-06",0.0001,0.1,1e-06,reverse_eng,206193668906,find_phi_fixed_budget_reverse_engineering,"{""m_exploration"": 54974, ""safeguard"": 0.8, ""budget"": 206193668906}"
"U(0.0001,0.1), eps=1e-06",0.0001,0.1,1e-06,reverse_eng,248721634884,find_phi_fixed_budget_reverse_engineering,"{""m_exploration"": 54974, ""safeguard"": 0.8, ""budget"": 248721634884}"
"U(0.0001,0.1), eps=1e-06",0.0001,0.1,1e-06,reverse_eng,300021101460,find_phi_fixed_budget_reverse_engineering,"{""m_exploration"": 54974, ""safeguard"": 0.8, ""budget"": 300021101460}"
"U(0.0001,0.1), eps=1e-06",0.0001,0.1,1e-06,reverse_eng,361901212829,find_phi_fixed_budget_reverse_engineering,"{""m_exploration"": 54974, ""safeguard"": 0.8, ""budget"": 361901212829}"
"U(0.0001,0.1), eps=1e-06",0.0001,0.1,1e-06,reverse_eng,436544253753,find_phi_fixed_budget_reverse_engineering,"{""m_exploration"": 54974, ""safeguard"": 0.8, ""budget"": 436544253753}"
"U(0.0001,0.1), eps=1e-06",0.0001,0.1,1e-06,reverse_eng,526582610750,find_phi_fixed_budget_reverse_engineering,"{""m_exploration"": 54974, ""safeguard"": 0.8, ""budget"": 526582610750}"
"U(0.0001,0.1), eps=1e-06",0.0001,0.1,1e-06,reverse_eng,635191606717,find_phi_fixed_budget_reverse_engineering,"{""m_exploration"": 54974, ""safeguard"": 0.8, ""budget"": 635191606717}"
"U(0.0001,0.1), eps=1e-06",0.0001,0.1,1e-06,reverse_eng,766201482932,find_phi_fixed_budget_reverse_engineering,"{""m_exploration"": 54974, ""safeguard"": 0.8, ""budget"": 766201482932}"
"U(0.0001,0.1), eps=1e-06",0.0001,0.1,1e-06,reverse_eng,924232477633,find_phi_fixed_budget_reverse_engineering,"{""m_exploration"": 54974, ""safeguard"": 0.8, ""budget"": 924232477633}"
"U(0.0001,0.1), eps=1e-06",0.0001,0.1,1e-06,reverse_eng,1114857764883,find_phi_fixed_budget_reverse_engineering,"{""m_exploration"": 54974, ""safeguard"": 0.8, ""budget"": 1114857764883}"
"U(0.0001,0.1), eps=1e-06",0.0001,0.1,1e-06,reverse_eng,1344800000000,find_phi_fixed_budget_reverse_engineering,"{""m_exploration"": 54974, ""safeguard"": 0.8, ""budget"": 1344800000000}"
"U(0.0001,0.1), eps=1e-06",0.0001,0.1,1e-06,binary,896533333,find_phi_fixed_budget_binary_search,"{""m_exploration"": 4361, ""safeguard"": 2, ""conf"": 0.95, ""budget"": 896533333}"
"U(0.0001,0.1), eps=1e-06",0.0001,0.1,1e-06,binary,1081445601,find_phi_fixed_budget_binary_search,"{""m_exploration"": 4361, ""safeguard"": 2, ""conf"": 0.9, ""budget"": 1081445601}"
"U(0.0001,0.1), eps=1e-06",0.0001,0.1,1e-06,binary,1304496493,find_phi_fixed_budget_binary_search,"{""m_exploration"": 4361, ""safeguard"": 2, ""conf"": 0.9, ""budget"": 1304496493}"
"U(0.0001,0.1), eps=1e-06",0.0001,0.1,1e-06,binary,1573552196,find_phi_fixed_budget_binary_search,"{""m_exploration"": 4361, ""safeguard"": 2, ""conf"": 0.9, ""budget"": 1573552196}"
"U(0.0001,0.1), eps=1e-06",0.0001,0.1,1e-06,binary,1898101319,find_phi_fixed_budget_binary_search,"{""m_exploration"": 4361, ""safeguard"": 2, ""conf"": 0.9, ""budget"": 1898101319}"
"U(0.0001,0.1), eps=1e-06",0.0001,0.1,1e-06,binary,2289589519,find_phi_fixed_budget_binary_search,"{""m_exploration"": 4361, ""safeguard"": 2, ""conf"": 0.9, ""budget"": 2289589519}"
"U(0.0001,0.1), eps=1e-06",0.0001,0.1,1e-06,binary,2761823151,find_phi_fixed_budget_binary_search,"{""m_exploration"": 13828, ""safeguard"": 2, ""conf"": 0.9, ""budget"": 2761823151}"
"U(0.0001,0.1), eps=1e-06",0.0001,0.1,1e-06,binary,3331456165,find_phi_fixed_budget_binary_search,"{""m_exploration"": 13828, ""safeguard"": 2, ""conf"": 0.9, ""budget"": 3331456165}"
"U(0.0001,0.1), eps=1e-06",0.0001,0.1,1e-06,binary,4018577429,find_phi_fixed_budget_binary_search,"{""m_exploration"": 20314, ""safeguard"": 2, ""conf"": 0.9, ""budget"": 4018577429}"
"U(0.0001,0.1), eps=1e-06",0.0001,0.1,1e-06,binary,4847419193,find_phi_fixed_budget_binary_search,"{""m_exploration"": 13828, ""safeguard"": 2, ""conf"": 0.9, ""budget"": 4847419193}"
"U(0.0001,0.1), eps=1e-06",0.0001,0.1,1e-06,binary,5847211667,find_phi_fixed_budget_binary_search,"{""m_exploration"": 13828, ""safeguard"": 2, ""conf"": 0.9, ""budget"": 5847211667}"
"U(0.0001,0.1), eps=1e-06",0.0001,0.1,1e-06,binary,7053213870,find_phi_fixed_budget_binary_search,"{""m_exploration"": 13828, ""safeguard"": 2, ""conf"": 0.9, ""budget"": 7053213870}"
"U(0.0001,0.1), eps=1e-06",0.0001,0.1,1e-06,binary,8507957079,find_phi_fixed_budget_binary_search,"{""m_exploration"": 13828, ""safeguard"": 2, ""conf"": 0.95, ""budget"": 8507957079}"
"U(0.0001,0.1), eps=1e-06",0.0001,0.1,1e-06,binary,10262744755,find_phi_fixed_budget_binary_search,"{""m_exploration"": 13828, ""safeguard"": 2, ""conf"": 0.9, ""budget"": 10262744755}"
"U(0.0001,0.1), eps=1e-06",0.0001,0.1,1e-06,binary,12379461831,find_phi_fixed_budget_binary_search,"{""m_exploration"": 13828, ""safeguard"": 2, ""conf"": 0.9, ""budget"": 12379461831}"
"U(0.0001,0.1), eps=1e-06",0.0001,0.1,1e-06,binary,14932757159,find_phi_fixed_budget_binary_search,"{""m_exploration"": 13828, ""safeguard"": 2, ""conf"": 0.9, ""budget"": 14932757159}"
"U(0.0001,0.1), eps=1e-06",0.0001,0.1,1e-06,binary,18012676110,find_phi_fixed_budget_binary_search,"{""m_exploration"": 20314, ""safeguard"": 2, ""conf"": 0.9, ""budget"": 18012676110}"
"U(0.0001,0.1), eps=1e-06",0.0001,0.1,1e-06,binary,21727836139,find_phi_fixed_budget_binary_search,"{""m_exploration"": 94621, ""safeguard"": 2, ""conf"": 0.95, ""budget"": 21727836139}"
"U(0.0001,0.1), eps=1e-06",0.0001,0.1,1e-06,binary,26209257324,find_phi_fixed_budget_binary_search,"{""m_exploration"": 94621, ""safeguard"": 2, ""conf"": 0.95, ""budget"": 26209257324}"
"U(0.0001,0.1), eps=1e-06",0.0001,0.1,1e-06,binary,31614982969,find_phi_fixed_budget_binary_search,"{""m_exploration"": 94621, ""safeguard"": 2, ""conf"": 0.95, ""budget"": 31614982969}"
"U(0.0001,0.1), eps=1e-06",0.0001,0.1,1e-06,binary,38135653207,find_phi_fixed_budget_binary_search,"{""m_exploration"": 43843, ""safeguard"": 2, ""conf"": 0.95, ""budget"": 38135653207}"
"U(0.0001,0.1), eps=1e-06",0.0001,0.1,1e-06,binary,46001228182,find_phi_fixed_budget_binary_search,"{""m_exploration"": 94621, ""safeguard"": 2, ""conf"": 0.95, ""budget"": 46001228182}"
"U(0.0001,0.1), eps=1e-06",0.0001,0.1,1e-06,binary,55489097899,find_phi_fixed_budget_binary_search,"{""m_exploration"": 94621, ""safeguard"": 2, ""conf"": 0.9, ""budget"": 55489097899}"
"U(0.0001,0.1), eps=1e-06",0.0001,0.1,1e-06,binary,66933864754,find_phi_fixed_budget_binary_search,"{""m_exploration"": 94621, ""safeguard"": 2, ""conf"": 0.95, ""budget"": 66933864754}"
"U(0.0001,0.1), eps=1e-06",0.0001,0.1,1e-06,binary,80739143733,find_phi_fixed_budget_binary_search,"{""m_exploration"": 94621, ""safeguard"": 2, ""conf"": 0.95, ""budget"": 80739143733}"
"U(0.0001,0.1), eps=1e-06",0.0001,0.1,1e-06,binary,97391796436,find_phi_fixed_budget_binary_search,"{""m_exploration"": 139006, ""safeguard"": 2, ""conf"": 0.9, ""budget"": 97391796436}"
"U(0.0001,0.1), eps=1e-06",0.0001,0.1,1e-06,binary,117479100897,find_phi_fixed_budget_binary_search,"{""m_exploration"": 139006, ""safeguard"": 2, ""conf"": 0.8, ""budget"": 117479100897}"
"U(0.0001,0.1), eps=1e-06",0.0001,0.1,1e-06,binary,141709462734,find_phi_fixed_budget_binary_search,"{""m_exploration"": 139006, ""safeguard"": 2, ""conf"": 0.65, ""budget"": 141709462734}"
"U(0.0001,0.1), eps=1e-06",0.0001,0.1,1e-06,binary,170937398014,find_phi_fixed_budget_binary_search,"{""m_exploration"": 139006, ""safeguard"": 2, ""conf"": 0.65, ""budget"": 170937398014}"
"U(0.0001,0.1), eps=1e-06",0.0001,0.1,1e-06,binary,206193668906,find_phi_fixed_budget_binary_search,"{""m_exploration"": 64409, ""safeguard"": 2, ""conf"": 0.5, ""budget"": 206193668906}"
"U(0.0001,0.1), eps=1e-06",0.0001,0.1,1e-06,binary,248721634884,find_phi_fixed_budget_binary_search,"{""m_exploration"": 64409, ""safeguard"": 2, ""conf"": 0.5, ""budget"": 248721634884}"
"U(0.0001,0.1), eps=1e-06",0.0001,0.1,1e-06,binary,300021101460,find_phi_fixed_budget_binary_search,"{""m_exploration"": 64409, ""safeguard"": 2, ""conf"": 0.5, ""budget"": 300021101460}"
"U(0.0001,0.1), eps=1e-06",0.0001,0.1,1e-06,binary,361901212829,find_phi_fixed_budget_binary_search,"{""m_exploration"": 64409, ""safeguard"": 2, ""conf"": 0.5, ""budget"": 361901212829}"
"U(0.0001,0.1), eps=1e-06",0.0001,0.1,1e-06,binary,436544253753,find_phi_fixed_budget_binary_search,"{""m_exploration"": 64409, ""safeguard"": 2, ""conf"": 0.5, ""budget"": 436544253753}"
"U(0.0001,0.1), eps=1e-06",0.0001,0.1,1e-06,binary,526582610750,find_phi_fixed_budget_binary_search,"{""m_exploration"": 64409, ""safeguard"": 2, ""conf"": 0.5, ""budget"": 526582610750}"
"U(0.0001,0.1), eps=1e-06",0.0001,0.1,1e-06,binary,635191606717,find_phi_fixed_budget_binary_search,"{""m_exploration"": 64409, ""safeguard"": 2, ""conf"": 0.5, ""budget"": 635191606717}"
"U(0.0001,0.1), eps=1e-06",0.0001,0.1,1e-06,binary,766201482932,find_phi_fixed_budget_binary_search,"{""m_exploration"": 64409, ""safeguard"": 2, ""conf"": 0.5, ""budget"": 766201482932}"
"U(0.0001,0.1), eps=1e-06",0.0001,0.1,1e-06,binary,924232477633,find_phi_fixed_budget_binary_search,"{""m_exploration"": 64409, ""safeguard"": 2, ""conf"": 0.5, ""budget"": 924232477633}"
"U(0.0001,0.1), eps=1e-06",0.0001,0.1,1e-06,binary,1114857764883,find_phi_fixed_budget_binary_search,"{""m_exploration"": 64409, ""safeguard"": 2, ""conf"": 0.5, ""budget"": 1114857764883}"
"U(0.0001,0.1), eps=1e-06",0.0001,0.1,1e-06,binary,1344800000000,find_phi_fixed_budget_binary_search,"{""m_exploration"": 64409, ""safeguard"": 2, ""conf"": 0.5, ""budget"": 1344800000000}"
"U(0.0001,0.1), eps=1e-06",0.0001,0.1,1e-06,reverse_eng_risk,896533333,find_phi_fixed_budget_reverse_engineering_risk,"{""m_exploration"": 300000, ""eps_target"": 1e-06, ""budget"": 896533333}"
"U(0.0001,0.1), eps=1e-06",0.0001,0.1,1e-06,reverse_eng_risk,1081445601,find_phi_fixed_budget_reverse_engineering_risk,"{""m_exploration"": 300000, ""eps_target"": 1e-06, ""budget"": 1081445601}"
"U(0.0001,0.1), eps=1e-06",0.0001,0.1,1e-06,reverse_eng_risk,1304496493,find_phi_fixed_budget_reverse_engineering_risk,"{""m_exploration"": 248448, ""eps_target"": 1e-06, ""budget"": 1304496493}"
"U(0.0001,0.1), eps=1e-06",0.0001,0.1,1e-06,reverse_eng_risk,1573552196,find_phi_fixed_budget_reverse_engineering_risk,"{""m_exploration"": 248448, ""eps_target"": 1e-06, ""budget"": 1573552196}"
"U(0.0001,0.1), eps=1e-06",0.0001,0.1,1e-06,reverse_eng_risk,1898101319,find_phi_fixed_budget_reverse_engineering_risk,"{""m_exploration"": 170399, ""eps_target"": 1e-06, ""budget"": 1898101319}"
"U(0.0001,0.1), eps=1e-06",0.0001,0.1,1e-06,reverse_eng_risk,2289589519,find_phi_fixed_budget_reverse_engineering_risk,"{""m_exploration"": 170399, ""eps_target"": 1e-06, ""budget"": 2289589519}"
"U(0.0001,0.1), eps=1e-06",0.0001,0.1,1e-06,reverse_eng_risk,2761823151,find_phi_fixed_budget_reverse_engineering_risk,"{""m_exploration"": 170399, ""eps_target"": 1e-06, ""budget"": 2761823151}"
"U(0.0001,0.1), eps=1e-06",0.0001,0.1,1e-06,reverse_eng_risk,3331456165,find_phi_fixed_budget_reverse_engineering_risk,"{""m_exploration"": 170399, ""eps_target"": 1e-06, ""budget"": 3331456165}"
"U(0.0001,0.1), eps=1e-06",0.0001,0.1,1e-06,reverse_eng_risk,4018577429,find_phi_fixed_budget_reverse_engineering_risk,"{""m_exploration"": 300000, ""eps_target"": 1e-06, ""budget"": 4018577429}"
"U(0.0001,0.1), eps=1e-06",0.0001,0.1,1e-06,reverse_eng_risk,4847419193,find_phi_fixed_budget_reverse_engineering_risk,"{""m_exploration"": 170399, ""eps_target"": 1e-06, ""budget"": 4847419193}"
"U(0.0001,0.1), eps=1e-06",0.0001,0.1,1e-06,reverse_eng_risk,5847211667,find_phi_fixed_budget_reverse_engineering_risk,"{""m_exploration"": 170399, ""eps_target"": 1e-06, ""budget"": 5847211667}"
"U(0.0001,0.1), eps=1e-06",0.0001,0.1,1e-06,reverse_eng_risk,7053213870,find_phi_fixed_budget_reverse_engineering_risk,"{""m_exploration"": 170399, ""eps_target"": 1e-06, ""budget"": 7053213870}"
"U(0.0001,0.1), eps=1e-06",0.0001,0.1,1e-06,reverse_eng_risk,8507957079,find_phi_fixed_budget_reverse_engineering_risk,"{""m_exploration"": 170399, ""eps_target"": 1e-06, ""budget"": 8507957079}"
"U(0.0001,0.1), eps=1e-06",0.0001,0.1,1e-06,reverse_eng_risk,10262744755,find_phi_fixed_budget_reverse_engineering_risk,"{""m_exploration"": 6909, ""eps_target"": 1e-06, ""budget"": 10262744755}"
"U(0.0001,0.1), eps=1e-06",0.0001,0.1,1e-06,reverse_eng_risk,12379461831,find_phi_fixed_budget_reverse_engineering_risk,"{""m_exploration"": 6909, ""eps_target"": 1e-06, ""budget"": 12379461831}"
"U(0.0001,0.1), eps=1e-06",0.0001,0.1,1e-06,reverse_eng_risk,14932757159,find_phi_fixed_budget_reverse_engineering_risk,"{""m_exploration"": 6909, ""eps_target"": 1e-06, ""budget"": 14932757159}"
"U(0.0001,0.1), eps=1e-06",0.0001,0.1,1e-06,reverse_eng_risk,18012676110,find_phi_fixed_budget_reverse_engineering_risk,"{""m_exploration"": 2229, ""eps_target"": 1e-06, ""budget"": 18012676110}"
"U(0.0001,0.1), eps=1e-06",0.0001,0.1,1e-06,reverse_eng_risk,21727836139,find_phi_fixed_budget_reverse_engineering_risk,"{""m_exploration"": 54974, ""eps_target"": 1e-06, ""budget"": 21727836139}"
"U(0.0001,0.1), eps=1e-06",0.0001,0.1,1e-06,reverse_eng_risk,26209257324,find_phi_fixed_budget_reverse_engineering_risk,"{""m_exploration"": 3250, ""eps_target"": 1e-06, ""budget"": 26209257324}"
"U(0.0001,0.1), eps=1e-06",0.0001,0.1,1e-06,reverse_eng_risk,31614982969,find_phi_fixed_budget_reverse_engineering_risk,"{""m_exploration"": 2229, ""eps_target"": 1e-06, ""budget"": 31614982969}"
"U(0.0001,0.1), eps=1e-06",0.0001,0.1,1e-06,reverse_eng_risk,38135653207,find_phi_fixed_budget_reverse_engineering_risk,"{""m_exploration"": 2229, ""eps_target"": 1e-06, ""budget"": 38135653207}"
"U(0.0001,0.1), eps=1e-06",0.0001,0.1,1e-06,reverse_eng_risk,46001228182,find_phi_fixed_budget_reverse_engineering_risk,"{""m_exploration"": 2229, ""eps_target"": 1e-06, ""budget"": 46001228182}"
"U(0.0001,0.1), eps=1e-06",0.0001,0.1,1e-06,reverse_eng_risk,55489097899,find_phi_fixed_budget_reverse_engineering_risk,"{""m_exploration"": 2229, ""eps_target"": 1e-06, ""budget"": 55489097899}"
"U(0.0001,0.1), eps=1e-06",0.0001,0.1,1e-06,reverse_eng_risk,66933864754,find_phi_fixed_budget_reverse_engineering_risk,"{""m_exploration"": 54974, ""eps_target"": 1e-06, ""budget"": 66933864754}"
"U(0.0001,0.1), eps=1e-06",0.0001,0.1,1e-06,reverse_eng_risk,80739143733,find_phi_fixed_budget_reverse_engineering_risk,"{""m_exploration"": 54974, ""eps_target"": 1e-06, ""budget"": 80739143733}"
"U(0.0001,0.1), eps=1e-06",0.0001,0.1,1e-06,reverse_eng_risk,97391796436,find_phi_fixed_budget_reverse_engineering_risk,"{""m_exploration"": 3250, ""eps_target"": 1e-06, ""budget"": 97391796436}"
"U(0.0001,0.1), eps=1e-06",0.0001,0.1,1e-06,reverse_eng_risk,117479100897,find_phi_fixed_budget_reverse_engineering_risk,"{""m_exploration"": 2691, ""eps_target"": 1e-06, ""budget"": 117479100897}"
"U(0.0001,0.1), eps=1e-06",0.0001,0.1,1e-06,reverse_eng_risk,141709462734,find_phi_fixed_budget_reverse_engineering_risk,"{""m_exploration"": 1528, ""eps_target"": 1e-06, ""budget"": 141709462734}"
"U(0.0001,0.1), eps=1e-06",0.0001,0.1,1e-06,reverse_eng_risk,170937398014,find_phi_fixed_budget_reverse_engineering_risk,"{""m_exploration"": 74, ""eps_target"": 1e-06, ""budget"": 170937398014}"
"U(0.0001,0.1), eps=1e-06",0.0001,0.1,1e-06,reverse_eng_risk,206193668906,find_phi_fixed_budget_reverse_engineering_risk,"{""m_exploration"": 24, ""eps_target"": 1e-06, ""budget"": 206193668906}"
"U(0.0001,0.1), eps=1e-06",0.0001,0.1,1e-06,reverse_eng_risk,248721634884,find_phi_fixed_budget_reverse_engineering_risk,"{""m_exploration"": 20, ""eps_target"": 1e-06, ""budget"": 248721634884}"
"U(0.0001,0.1), eps=1e-06",0.0001,0.1,1e-06,reverse_eng_risk,300021101460,find_phi_fixed_budget_reverse_engineering_risk,"{""m_exploration"": 20, ""eps_target"": 1e-06, ""budget"": 300021101460}"
"U(0.0001,0.1), eps=1e-06",0.0001,0.1,1e-06,reverse_eng_risk,361901212829,find_phi_fixed_budget_reverse_engineering_risk,"{""m_exploration"": 20, ""eps_target"": 1e-06, ""budget"": 361901212829}"
"U(0.0001,0.1), eps=1e-06",0.0001,0.1,1e-06,reverse_eng_risk,436544253753,find_phi_fixed_budget_reverse_engineering_risk,"{""m_exploration"": 20, ""eps_target"": 1e-06, ""budget"": 436544253753}"
"U(0.0001,0.1), eps=1e-06",0.0001,0.1,1e-06,reverse_eng_risk,526582610750,find_phi_fixed_budget_reverse_engineering_risk,"{""m_exploration"": 20, ""eps_target"": 1e-06, ""budget"": 526582610750}"
"U(0.0001,0.1), eps=1e-06",0.0001,0.1,1e-06,reverse_eng_risk,635191606717,find_phi_fixed_budget_reverse_engineering_risk,"{""m_exploration"": 20, ""eps_target"": 1e-06, ""budget"": 635191606717}"
"U(0.0001,0.1), eps=1e-06",0.0001,0.1,1e-06,reverse_eng_risk,766201482932,find_phi_fixed_budget_reverse_engineering_risk,"{""m_exploration"": 20, ""eps_target"": 1e-06, ""budget"": 766201482932}"
"U(0.0001,0.1), eps=1e-06",0.0001,0.1,1e-06,reverse_eng_risk,924232477633,find_phi_fixed_budget_reverse_engineering_risk,"{""m_exploration"": 20, ""eps_target"": 1e-06, ""budget"": 924232477633}"
"U(0.0001,0.1), eps=1e-06",0.0001,0.1,1e-06,reverse_eng_risk,1114857764883,find_phi_fixed_budget_reverse_engineering_risk,"{""m_exploration"": 20, ""eps_target"": 1e-06, ""budget"": 1114857764883}"
"U(0.0001,0.1), eps=1e-06",0.0001,0.1,1e-06,reverse_eng_risk,1344800000000,find_phi_fixed_budget_reverse_engineering_risk,"{""m_exploration"": 20, ""eps_target"": 1e-06, ""budget"": 1344800000000}"
"U(0.0001,0.1), eps=1e-06",0.0001,0.1,1e-06,binary_risk,896533333,find_phi_fixed_budget_binary_search_risk,"{""m_exploration"": 204210, ""conf"": 0.5, ""eps_target"": 1e-06, ""budget"": 896533333}"
"U(0.0001,0.1), eps=1e-06",0.0001,0.1,1e-06,binary_risk,1081445601,find_phi_fixed_budget_binary_search_risk,"{""m_exploration"": 300000, ""conf"": 0.5, ""eps_target"": 1e-06, ""budget"": 1081445601}"
"U(0.0001,0.1), eps=1e-06",0.0001,0.1,1e-06,binary_risk,1304496493,find_phi_fixed_budget_binary_search_risk,"{""m_exploration"": 300000, ""conf"": 0.5, ""eps_target"": 1e-06, ""budget"": 1304496493}"
"U(0.0001,0.1), eps=1e-06",0.0001,0.1,1e-06,binary_risk,1573552196,find_phi_fixed_budget_binary_search_risk,"{""m_exploration"": 300000, ""conf"": 0.5, ""eps_target"": 1e-06, ""budget"": 1573552196}"
"U(0.0001,0.1), eps=1e-06",0.0001,0.1,1e-06,binary_risk,1898101319,find_phi_fixed_budget_binary_search_risk,"{""m_exploration"": 300000, ""conf"": 0.5, ""eps_target"": 1e-06, ""budget"": 1898101319}"
"U(0.0001,0.1), eps=1e-06",0.0001,0.1,1e-06,binary_risk,2289589519,find_phi_fixed_budget_binary_search_risk,"{""m_exploration"": 300000, ""conf"": 0.5, ""eps_target"": 1e-06, ""budget"": 2289589519}"
"U(0.0001,0.1), eps=1e-06",0.0001,0.1,1e-06,binary_risk,2761823151,find_phi_fixed_budget_binary_search_risk,"{""m_exploration"": 13828, ""conf"": 0.65, ""eps_target"": 1e-06, ""budget"": 2761823151}"
"U(0.0001,0.1), eps=1e-06",0.0001,0.1,1e-06,binary_risk,3331456165,find_phi_fixed_budget_binary_search_risk,"{""m_exploration"": 13828, ""conf"": 0.65, ""eps_target"": 1e-06, ""budget"": 3331456165}"
"U(0.0001,0.1), eps=1e-06",0.0001,0.1,1e-06,binary_risk,4018577429,find_phi_fixed_budget_binary_search_risk,"{""m_exploration"": 6407, ""conf"": 0.5, ""eps_target"": 1e-06, ""budget"": 4018577429}"
"U(0.0001,0.1), eps=1e-06",0.0001,0.1,1e-06,binary_risk,4847419193,find_phi_fixed_budget_binary_search_risk,"{""m_exploration"": 13828, ""conf"": 0.65, ""eps_target"": 1e-06, ""budget"": 4847419193}"
"U(0.0001,0.1), eps=1e-06",0.0001,0.1,1e-06,binary_risk,5847211667,find_phi_fixed_budget_binary_search_risk,"{""m_exploration"": 6407, ""conf"": 0.5, ""eps_target"": 1e-06, ""budget"": 5847211667}"
"U(0.0001,0.1), eps=1e-06",0.0001,0.1,1e-06,binary_risk,7053213870,find_phi_fixed_budget_binary_search_risk,"{""m_exploration"": 13828, ""conf"": 0.65, ""eps_target"": 1e-06, ""budget"": 7053213870}"
"U(0.0001,0.1), eps=1e-06",0.0001,0.1,1e-06,binary_risk,8507957079,find_phi_fixed_budget_binary_search_risk,"{""m_exploration"": 6407, ""conf"": 0.5, ""eps_target"": 1e-06, ""budget"": 8507957079}"
"U(0.0001,0.1), eps=1e-06",0.0001,0.1,1e-06,binary_risk,10262744755,find_phi_fixed_budget_binary_search_risk,"{""m_exploration"": 9413, ""conf"": 0.5, ""eps_target"": 1e-06, ""budget"": 10262744755}"
"U(0.0001,0.1), eps=1e-06",0.0001,0.1,1e-06,binary_risk,12379461831,find_phi_fixed_budget_binary_search_risk,"{""m_exploration"": 9413, ""conf"": 0.5, ""eps_target"": 1e-06, ""budget"": 12379461831}"
"U(0.0001,0.1), eps=1e-06",0.0001,0.1,1e-06,binary_risk,14932757159,find_phi_fixed_budget_binary_search_risk,"{""m_exploration"": 9413, ""conf"": 0.5, ""eps_target"": 1e-06, ""budget"": 14932757159}"
"U(0.0001,0.1), eps=1e-06",0.0001,0.1,1e-06,binary_risk,18012676110,find_phi_fixed_budget_binary_search_risk,"{""m_exploration"": 20314, ""conf"": 0.65, ""eps_target"": 1e-06, ""budget"": 18012676110}"
"U(0.0001,0.1), eps=1e-06",0.0001,0.1,1e-06,binary_risk,21727836139,find_phi_fixed_budget_binary_search_risk,"{""m_exploration"": 2968, ""conf"": 0.5, ""eps_target"": 1e-06, ""budget"": 21727836139}"
"U(0.0001,0.1), eps=1e-06",0.0001,0.1,1e-06,binary_risk,26209257324,find_phi_fixed_budget_binary_search_risk,"{""m_exploration"": 2968, ""conf"": 0.5, ""eps_target"": 1e-06, ""budget"": 26209257324}"
"U(0.0001,0.1), eps=1e-06",0.0001,0.1,1e-06,binary_risk,31614982969,find_phi_fixed_budget_binary_search_risk,"{""m_exploration"": 4361, ""conf"": 0.5, ""eps_target"": 1e-06, ""budget"": 31614982969}"
"U(0.0001,0.1), eps=1e-06",0.0001,0.1,1e-06,binary_risk,38135653207,find_phi_fixed_budget_binary_search_risk,"{""m_exploration"": 4361, ""conf"": 0.5, ""eps_target"": 1e-06, ""budget"": 38135653207}"
"U(0.0001,0.1), eps=1e-06",0.0001,0.1,1e-06,binary_risk,46001228182,find_phi_fixed_budget_binary_search_risk,"{""m_exploration"": 2968, ""conf"": 0.5, ""eps_target"": 1e-06, ""budget"": 46001228182}"
"U(0.0001,0.1), eps=1e-06",0.0001,0.1,1e-06,binary_risk,55489097899,find_phi_fixed_budget_binary_search_risk,"{""m_exploration"": 4361, ""conf"": 0.5, ""eps_target"": 1e-06, ""budget"": 55489097899}"
"U(0.0001,0.1), eps=1e-06",0.0001,0.1,1e-06,binary_risk,66933864754,find_phi_fixed_budget_binary_search_risk,"{""m_exploration"": 94621, ""conf"": 0.5, ""eps_target"": 1e-06, ""budget"": 66933864754}"
"U(0.0001,0.1), eps=1e-06",0.0001,0.1,1e-06,binary_risk,80739143733,find_phi_fixed_budget_binary_search_risk,"{""m_exploration"": 94621, ""conf"": 0.5, ""eps_target"": 1e-06, ""budget"": 80739143733}"
"U(0.0001,0.1), eps=1e-06",0.0001,0.1,1e-06,binary_risk,97391796436,find_phi_fixed_budget_binary_search_risk,"{""m_exploration"": 2020, ""conf"": 0.5, ""eps_target"": 1e-06, ""budget"": 97391796436}"
"U(0.0001,0.1), eps=1e-06",0.0001,0.1,1e-06,binary_risk,117479100897,find_phi_fixed_budget_binary_search_risk,"{""m_exploration"": 13828, ""conf"": 0.5, ""eps_target"": 1e-06, ""budget"": 117479100897}"
"U(0.0001,0.1), eps=1e-06",0.0001,0.1,1e-06,binary_risk,141709462734,find_phi_fixed_budget_binary_search_risk,"{""m_exploration"": 433, ""conf"": 0.5, ""eps_target"": 1e-06, ""budget"": 141709462734}"
"U(0.0001,0.1), eps=1e-06",0.0001,0.1,1e-06,binary_risk,170937398014,find_phi_fixed_budget_binary_search_risk,"{""m_exploration"": 136, ""conf"": 0.5, ""eps_target"": 1e-06, ""budget"": 170937398014}"
"U(0.0001,0.1), eps=1e-06",0.0001,0.1,1e-06,binary_risk,206193668906,find_phi_fixed_budget_binary_search_risk,"{""m_exploration"": 136, ""conf"": 0.5, ""eps_target"": 1e-06, ""budget"": 206193668906}"
"U(0.0001,0.1), eps=1e-06",0.0001,0.1,1e-06,binary_risk,248721634884,find_phi_fixed_budget_binary_search_risk,"{""m_exploration"": 136, ""conf"": 0.5, ""eps_target"": 1e-06, ""budget"": 248721634884}"
"U(0.0001,0.1), eps=1e-06",0.0001,0.1,1e-06,binary_risk,300021101460,find_phi_fixed_budget_binary_search_risk,"{""m_exploration"": 29, ""conf"": 0.5, ""eps_target"": 1e-06, ""budget"": 300021101460}"
"U(0.0001,0.1), eps=1e-06",0.0001,0.1,1e-06,binary_risk,361901212829,find_phi_fixed_budget_binary_search_risk,"{""m_exploration"": 29, ""conf"": 0.5, ""eps_target"": 1e-06, ""budget"": 361901212829}"
"U(0.0001,0.1), eps=1e-06",0.0001,0.1,1e-06,binary_risk,436544253753,find_phi_fixed_budget_binary_search_risk,"{""m_exploration"": 20, ""conf"": 0.5, ""eps_target"": 1e-06, ""budget"": 436544253753}"
"U(0.0001,0.1), eps=1e-06",0.0001,0.1,1e-06,binary_risk,526582610750,find_phi_fixed_budget_binary_search_risk,"{""m_exploration"": 20, ""conf"": 0.5, ""eps_target"": 1e-06, ""budget"": 526582610750}"
"U(0.0001,0.1), eps=1e-06",0.0001,0.1,1e-06,binary_risk,635191606717,find_phi_fixed_budget_binary_search_risk,"{""m_exploration"": 20, ""conf"": 0.5, ""eps_target"": 1e-06, ""budget"": 635191606717}"
"U(0.0001,0.1), eps=1e-06",0.0001,0.1,1e-06,binary_risk,766201482932,find_phi_fixed_budget_binary_search_risk,"{""m_exploration"": 20, ""conf"": 0.5, ""eps_target"": 1e-06, ""budget"": 766201482932}"
"U(0.0001,0.1), eps=1e-06",0.0001,0.1,1e-06,binary_risk,924232477633,find_phi_fixed_budget_binary_search_risk,"{""m_exploration"": 20, ""conf"": 0.5, ""eps_target"": 1e-06, ""budget"": 924232477633}"
"U(0.0001,0.1), eps=1e-06",0.0001,0.1,1e-06,binary_risk,1114857764883,find_phi_fixed_budget_binary_search_risk,"{""m_exploration"": 20, ""conf"": 0.5, ""eps_target"": 1e-06, ""budget"": 1114857764883}"
"U(0.0001,0.1), eps=1e-06",0.0001,0.1,1e-06,binary_risk,1344800000000,find_phi_fixed_budget_binary_search_risk,"{""m_exploration"": 20, ""conf"": 0.5, ""eps_target"": 1e-06, ""budget"": 1344800000000}"
"U(0.0001,0.01), eps=1e-04",0.0001,0.01,0.0001,linear,8565,find_phi_fixed_budget_linear_search,"{""m_exploration"": 3, ""lookback_window"": 1, ""safeguard"": 0, ""inc"": 2, ""budget"": 8565}"
"U(0.0001,0.01), eps=1e-04",0.0001,0.01,0.0001,linear,10332,find_phi_fixed_budget_linear_search,"{""m_exploration"": 3, ""lookback_window"": 1, ""safeguard"": 1, ""inc"": 1, ""budget"": 10332}"
"U(0.0001,0.01), eps=1e-04",0.0001,0.01,0.0001,linear,12463,find_phi_fixed_budget_linear_search,"{""m_exploration"": 3, ""lookback_window"": 1, ""safeguard"": 1, ""inc"": 2, ""budget"": 12463}"
"U(0.0001,0.01), eps=1e-04",0.0001,0.01,0.0001,linear,15033,find_phi_fixed_budget_linear_search,"{""m_exploration"": 3, ""lookback_window"": 1, ""safeguard"": 0, ""inc"": 5, ""budget"": 15033}"
"U(0.0001,0.01), eps=1e-04",0.0001,0.01,0.0001,linear,18134,find_phi_fixed_budget_linear_search,"{""m_exploration"": 3, ""lookback_window"": 1, ""safeguard"": 3, ""inc"": 5, ""budget"": 18134}"
"U(0.0001,0.01), eps=1e-04",0.0001,0.01,0.0001,linear,21875,find_phi_fixed_budget_linear_search,"{""m_exploration"": 3, ""lookback_window"": 1, ""safeguard"": 5, ""inc"": 5, ""budget"": 21875}"
"U(0.0001,0.01), eps=1e-04",0.0001,0.01,0.0001,linear,26386,find_phi_fixed_budget_linear_search,"{""m_exploration"": 5, ""lookback_window"": 1, ""safeguard"": 0, ""inc"": 5, ""budget"": 26386}"
"U(0.0001,0.01), eps=1e-04",0.0001,0.01,0.0001,linear,31829,find_phi_fixed_budget_linear_search,"{""m_exploration"": 3, ""lookback_window"": 1, ""safeguard"": 0, ""inc"": 2, ""budget"": 31829}"
"U(0.0001,0.01), eps=1e-04",0.0001,0.01,0.0001,linear,38394,find_phi_fixed_budget_linear_search,"{""m_exploration"": 3, ""lookback_window"": 1, ""safeguard"": 5, ""inc"": 5, ""budget"": 38394}"
"U(0.0001,0.01), eps=1e-04",0.0001,0.01,0.0001,linear,46312,find_phi_fixed_budget_linear_search,"{""m_exploration"": 3, ""lookback_window"": 1, ""safeguard"": 2, ""inc"": 5, ""budget"": 46312}"
"U(0.0001,0.01), eps=1e-04",0.0001,0.01,0.0001,linear,55865,find_phi_fixed_budget_linear_search,"{""m_exploration"": 3, ""lookback_window"": 1, ""safeguard"": 3, ""inc"": 5, ""budget"": 55865}"
"U(0.0001,0.01), eps=1e-04",0.0001,0.01,0.0001,linear,67387,find_phi_fixed_budget_linear_search,"{""m_exploration"": 3, ""lookback_window"": 1, ""safeguard"": 5, ""inc"": 5, ""budget"": 67387}"
"U(0.0001,0.01), eps=1e-04",0.0001,0.01,0.0001,linear,81286,find_phi_fixed_budget_linear_search,"{""m_exploration"": 3, ""lookback_window"": 3, ""safeguard"": 0, ""inc"": 5, ""budget"": 81286}"
"U(0.0001,0.01), eps=1e-04",0.0001,0.01,0.0001,linear,98051,find_phi_fixed_budget_linear_search,"{""m_exploration"": 3, ""lookback_window"": 3, ""safeguard"": 3, ""inc"": 5, ""budget"": 98051}"
"U(0.0001,0.01), eps=1e-04",0.0001,0.01,0.0001,linear,118275,find_phi_fixed_budget_linear_search,"{""m_exploration"": 3, ""lookback_window"": 3, ""safeguard"": 3, ""inc"": 5, ""budget"": 118275}"
"U(0.0001,0.01), eps=1e-04",0.0001,0.01,0.0001,linear,142669,find_phi_fixed_budget_linear_search,"{""m_exploration"": 3, ""lookback_window"": 3, ""safeguard"": 3, ""inc"": 5, ""budget"": 142669}"
"U(0.0001,0.01), eps=1e-04",0.0001,0.01,0.0001,linear,172095,find_phi_fixed_budget_linear_search,"{""m_exploration"": 3, ""lookback_window"": 3, ""safeguard"": 3, ""inc"": 5, ""budget"": 172095}"
"U(0.0001,0.01), eps=1e-04",0.0001,0.01,0.0001,linear,207590,find_phi_fixed_budget_linear_search,"{""m_exploration"": 3, ""lookback_window"": 5, ""safeguard"": 3, ""inc"": 5, ""budget"": 207590}"
"U(0.0001,0.01), eps=1e-04",0.0001,0.01,0.0001,linear,250406,find_phi_fixed_budget_linear_search,"{""m_exploration"": 3, ""lookback_window"": 5, ""safeguard"": 3, ""inc"": 5, ""budget"": 250406}"
"U(0.0001,0.01), eps=1e-04",0.0001,0.01,0.0001,linear,302053,find_phi_fixed_budget_linear_search,"{""m_exploration"": 5, ""lookback_window"": 3, ""safeguard"": 2, ""inc"": 5, ""budget"": 302053}"
"U(0.0001,0.01), eps=1e-04",0.0001,0.01,0.0001,linear,364353,find_phi_fixed_budget_linear_search,"{""m_exploration"": 6, ""lookback_window"": 2, ""safeguard"": 2, ""inc"": 5, ""budget"": 364353}"
"U(0.0001,0.01), eps=1e-04",0.0001,0.01,0.0001,linear,439502,find_phi_fixed_budget_linear_search,"{""m_exploration"": 5, ""lookback_window"": 3, ""safeguard"": 5, ""inc"": 5, ""budget"": 439502}"
"U(0.0001,0.01), eps=1e-04",0.0001,0.01,0.0001,linear,530150,find_phi_fixed_budget_linear_search,"{""m_exploration"": 5, ""lookback_window"": 3, ""safeguard"": 5, ""inc"": 5, ""budget"": 530150}"
"U(0.0001,0.01), eps=1e-04",0.0001,0.01,0.0001,linear,639495,find_phi_fixed_budget_linear_search,"{""m_exploration"": 5, ""lookback_window"": 2, ""safeguard"": 3, ""inc"": 2, ""budget"": 639495}"
"U(0.0001,0.01), eps=1e-04",0.0001,0.01,0.0001,linear,771393,find_phi_fixed_budget_linear_search,"{""m_exploration"": 5, ""lookback_window"": 3, ""safeguard"": 5, ""inc"": 5, ""budget"": 771393}"
"U(0.0001,0.01), eps=1e-04",0.0001,0.01,0.0001,linear,930494,find_phi_fixed_budget_linear_search,"{""m_exploration"": 8, ""lookback_window"": 3, ""safeguard"": 3, ""inc"": 2, ""budget"": 930494}"
"U(0.0001,0.01), eps=1e-04",0.0001,0.01,0.0001,linear,1122411,find_phi_fixed_budget_linear_search,"{""m_exploration"": 5, ""lookback_window"": 2, ""safeguard"": 1, ""inc"": 1, ""budget"": 1122411}"
"U(0.0001,0.01), eps=1e-04",0.0001,0.01,0.0001,linear,1353912,find_phi_fixed_budget_linear_search,"{""m_exploration"": 5, ""lookback_window"": 5, ""safeguard"": 1, ""inc"": 1, ""budget"": 1353912}"
"U(0.0001,0.01), eps=1e-04",0.0001,0.01,0.0001,linear,1633159,find_phi_fixed_budget_linear_search,"{""m_exploration"": 3, ""lookback_window"": 5, ""safeguard"": 5, ""inc"": 1, ""budget"": 1633159}"
"U(0.0001,0.01), eps=1e-04",0.0001,0.01,0.0001,linear,1970003,find_phi_fixed_budget_linear_search,"{""m_exploration"": 3, ""lookback_window"": 1, ""safeguard"": 3, ""inc"": 2, ""budget"": 1970003}"
"U(0.0001,0.01), eps=1e-04",0.0001,0.01,0.0001,linear,2376321,find_phi_fixed_budget_linear_search,"{""m_exploration"": 3, ""lookback_window"": 1, ""safeguard"": 0, ""inc"": 1, ""budget"": 2376321}"
"U(0.0001,0.01), eps=1e-04",0.0001,0.01,0.0001,linear,2866443,find_phi_fixed_budget_linear_search,"{""m_exploration"": 3, ""lookback_window"": 1, ""safeguard"": 0, ""inc"": 1, ""budget"": 2866443}"
"U(0.0001,0.01), eps=1e-04",0.0001,0.01,0.0001,linear,3457654,find_phi_fixed_budget_linear_search,"{""m_exploration"": 3, ""lookback_window"": 1, ""safeguard"": 0, ""inc"": 1, ""budget"": 3457654}"
"U(0.0001,0.01), eps=1e-04",0.0001,0.01,0.0001,linear,4170804,find_phi_fixed_budget_linear_search,"{""m_exploration"": 3, ""lookback_window"": 1, ""safeguard"": 0, ""inc"": 1, ""budget"": 4170804}"
"U(0.0001,0.01), eps=1e-04",0.0001,0.01,0.0001,linear,5031044,find_phi_fixed_budget_linear_search,"{""m_exploration"": 3, ""lookback_window"": 1, ""safeguard"": 0, ""inc"": 1, ""budget"": 5031044}"
"U(0.0001,0.01), eps=1e-04",0.0001,0.01,0.0001,linear,6068709,find_phi_fixed_budget_linear_search,"{""m_exploration"": 3, ""lookback_window"": 1, ""safeguard"": 0, ""inc"": 1, ""budget"": 6068709}"
"U(0.0001,0.01), eps=1e-04",0.0001,0.01,0.0001,linear,7320396,find_phi_fixed_budget_linear_search,"{""m_exploration"": 3, ""lookback_window"": 1, ""safeguard"": 0, ""inc"": 1, ""budget"": 7320396}"
"U(0.0001,0.01), eps=1e-04",0.0001,0.01,0.0001,linear,8830246,find_phi_fixed_budget_linear_search,"{""m_exploration"": 3, ""lookback_window"": 1, ""safeguard"": 0, ""inc"": 1, ""budget"": 8830246}"
"U(0.0001,0.01), eps=1e-04",0.0001,0.01,0.0001,linear,10651507,find_phi_fixed_budget_linear_search,"{""m_exploration"": 3, ""lookback_window"": 1, ""safeguard"": 0, ""inc"": 1, ""budget"": 10651507}"
"U(0.0001,0.01), eps=1e-04",0.0001,0.01,0.0001,linear,12848407,find_phi_fixed_budget_linear_search,"{""m_exploration"": 3, ""lookback_window"": 1, ""safeguard"": 0, ""inc"": 1, ""budget"": 12848407}"
"U(0.0001,0.01), eps=1e-04",0.0001,0.01,0.0001,reverse_eng,8565,find_phi_fixed_budget_reverse_engineering,"{""m_exploration"": 20, ""safeguard"": 0.85, ""budget"": 8565}"
"U(0.0001,0.01), eps=1e-04",0.0001,0.01,0.0001,reverse_eng,10332,find_phi_fixed_budget_reverse_engineering,"{""m_exploration"": 20, ""safeguard"": 0.85, ""budget"": 10332}"
"U(0.0001,0.01), eps=1e-04",0.0001,0.01,0.0001,reverse_eng,12463,find_phi_fixed_budget_reverse_engineering,"{""m_exploration"": 20, ""safeguard"": 0.85, ""budget"": 12463}"
"U(0.0001,0.01), eps=1e-04",0.0001,0.01,0.0001,reverse_eng,15033,find_phi_fixed_budget_reverse_engineering,"{""m_exploration"": 20, ""safeguard"": 0.85, ""budget"": 15033}"
"U(0.0001,0.01), eps=1e-04",0.0001,0.01,0.0001,reverse_eng,18134,find_phi_fixed_budget_reverse_engineering,"{""m_exploration"": 24, ""safeguard"": 0.85, ""budget"": 18134}"
"U(0.0001,0.01), eps=1e-04",0.0001,0.01,0.0001,reverse_eng,21875,find_phi_fixed_budget_reverse_engineering,"{""m_exploration"": 24, ""safeguard"": 0.8, ""budget"": 21875}"
"U(0.0001,0.01), eps=1e-04",0.0001,0.01,0.0001,reverse_eng,26386,find_phi_fixed_budget_reverse_engineering,"{""m_exploration"": 20, ""safeguard"": 0.85, ""budget"": 26386}"
"U(0.0001,0.01), eps=1e-04",0.0001,0.01,0.0001,reverse_eng,31829,find_phi_fixed_budget_reverse_engineering,"{""m_exploration"": 35, ""safeguard"": 0.8, ""budget"": 31829}"
"U(0.0001,0.01), eps=1e-04",0.0001,0.01,0.0001,reverse_eng,38394,find_phi_fixed_budget_reverse_engineering,"{""m_exploration"": 35, ""safeguard"": 0.85, ""budget"": 38394}"
"U(0.0001,0.01), eps=1e-04",0.0001,0.01,0.0001,reverse_eng,46312,find_phi_fixed_budget_reverse_engineering,"{""m_exploration"": 20, ""safeguard"": 0.85, ""budget"": 46312}"
"U(0.0001,0.01), eps=1e-04",0.0001,0.01,0.0001,reverse_eng,55865,find_phi_fixed_budget_reverse_engineering,"{""m_exploration"": 61, ""safeguard"": 0.85, ""budget"": 55865}"
"U(0.0001,0.01), eps=1e-04",0.0001,0.01,0.0001,reverse_eng,67387,find_phi_fixed_budget_reverse_engineering,"{""m_exploration"": 42, ""safeguard"": 0.85, ""budget"": 67387}"
"U(0.0001,0.01), eps=1e-04",0.0001,0.01,0.0001,reverse_eng,81286,find_phi_fixed_budget_reverse_engineering,"{""m_exploration"": 61, ""safeguard"": 0.85, ""budget"": 81286}"
"U(0.0001,0.01), eps=1e-04",0.0001,0.01,0.0001,reverse_eng,98051,find_phi_fixed_budget_reverse_engineering,"{""m_exploration"": 90, ""safeguard"": 0.85, ""budget"": 98051}"
"U(0.0001,0.01), eps=1e-04",0.0001,0.01,0.0001,reverse_eng,118275,find_phi_fixed_budget_reverse_engineering,"{""m_exploration"": 74, ""safeguard"": 0.8, ""budget"": 118275}"
"U(0.0001,0.01), eps=1e-04",0.0001,0.01,0.0001,reverse_eng,142669,find_phi_fixed_budget_reverse_engineering,"{""m_exploration"": 51, ""safeguard"": 0.8, ""budget"": 142669}"
"U(0.0001,0.01), eps=1e-04",0.0001,0.01,0.0001,reverse_eng,172095,find_phi_fixed_budget_reverse_engineering,"{""m_exploration"": 109, ""safeguard"": 0.8, ""budget"": 172095}"
"U(0.0001,0.01), eps=1e-04",0.0001,0.01,0.0001,reverse_eng,207590,find_phi_fixed_budget_reverse_engineering,"{""m_exploration"": 131, ""safeguard"": 0.8, ""budget"": 207590}"
"U(0.0001,0.01), eps=1e-04",0.0001,0.01,0.0001,reverse_eng,250406,find_phi_fixed_budget_reverse_engineering,"{""m_exploration"": 109, ""safeguard"": 0.8, ""budget"": 250406}"
"U(0.0001,0.01), eps=1e-04",0.0001,0.01,0.0001,reverse_eng,302053,find_phi_fixed_budget_reverse_engineering,"{""m_exploration"": 192, ""safeguard"": 0.85, ""budget"": 302053}"
"U(0.0001,0.01), eps=1e-04",0.0001,0.01,0.0001,reverse_eng,364353,find_phi_fixed_budget_reverse_engineering,"{""m_exploration"": 159, ""safeguard"": 0.8, ""budget"": 364353}"
"U(0.0001,0.01), eps=1e-04",0.0001,0.01,0.0001,reverse_eng,439502,find_phi_fixed_budget_reverse_engineering,"{""m_exploration"": 159, ""safeguard"": 0.8, ""budget"": 439502}"
"U(0.0001,0.01), eps=1e-04",0.0001,0.01,0.0001,reverse_eng,530150,find_phi_fixed_budget_reverse_engineering,"{""m_exploration"": 595, ""safeguard"": 0.8, ""budget"": 530150}"
"U(0.0001,0.01), eps=1e-04",0.0001,0.01,0.0001,reverse_eng,639495,find_phi_fixed_budget_reverse_engineering,"{""m_exploration"": 493, ""safeguard"": 0.85, ""budget"": 639495}"
"U(0.0001,0.01), eps=1e-04",0.0001,0.01,0.0001,reverse_eng,771393,find_phi_fixed_budget_reverse_engineering,"{""m_exploration"": 595, ""safeguard"": 0.8, ""budget"": 771393}"
"U(0.0001,0.01), eps=1e-04",0.0001,0.01,0.0001,reverse_eng,930494,find_phi_fixed_budget_reverse_engineering,"{""m_exploration"": 868, ""safeguard"": 0.85, ""budget"": 930494}"
"U(0.0001,0.01), eps=1e-04",0.0001,0.01,0.0001,reverse_eng,1122411,find_phi_fixed_budget_reverse_engineering,"{""m_exploration"": 595, ""safeguard"": 0.8, ""budget"": 1122411}"
"U(0.0001,0.01), eps=1e-04",0.0001,0.01,0.0001,reverse_eng,1353912,find_phi_fixed_budget_reverse_engineering,"{""m_exploration"": 868, ""safeguard"": 0.8, ""budget"": 1353912}"
"U(0.0001,0.01), eps=1e-04",0.0001,0.01,0.0001,reverse_eng,1633159,find_phi_fixed_budget_reverse_engineering,"{""m_exploration"": 719, ""safeguard"": 0.8, ""budget"": 1633159}"
"U(0.0001,0.01), eps=1e-04",0.0001,0.01,0.0001,reverse_eng,1970003,find_phi_fixed_budget_reverse_engineering,"{""m_exploration"": 3924, ""safeguard"": 0.8, ""budget"": 1970003}"
"U(0.0001,0.01), eps=1e-04",0.0001,0.01,0.0001,reverse_eng,2376321,find_phi_fixed_budget_reverse_engineering,"{""m_exploration"": 4738, ""safeguard"": 0.8, ""budget"": 2376321}"
"U(0.0001,0.01), eps=1e-04",0.0001,0.01,0.0001,reverse_eng,2866443,find_phi_fixed_budget_reverse_engineering,"{""m_exploration"": 4738, ""safeguard"": 0.8, ""budget"": 2866443}"
"U(0.0001,0.01), eps=1e-04",0.0001,0.01,0.0001,reverse_eng,3457654,find_phi_fixed_budget_reverse_engineering,"{""m_exploration"": 4738, ""safeguard"": 0.8, ""budget"": 3457654}"
"U(0.0001,0.01), eps=1e-04",0.0001,0.01,0.0001,reverse_eng,4170804,find_phi_fixed_budget_reverse_engineering,"{""m_exploration"": 4738, ""safeguard"": 0.8, ""budget"": 4170804}"
"U(0.0001,0.01), eps=1e-04",0.0001,0.01,0.0001,reverse_eng,5031044,find_phi_fixed_budget_reverse_engineering,"{""m_exploration"": 4738, ""safeguard"": 0.8, ""budget"": 5031044}"
"U(0.0001,0.01), eps=1e-04",0.0001,0.01,0.0001,reverse_eng,6068709,find_phi_fixed_budget_reverse_engineering,"{""m_exploration"": 4738, ""safeguard"": 0.8, ""budget"": 6068709}"
"U(0.0001,0.01), eps=1e-04",0.0001,0.01,0.0001,reverse_eng,7320396,find_phi_fixed_budget_reverse_engineering,"{""m_exploration"": 4738, ""safeguard"": 0.8, ""budget"": 7320396}"
"U(0.0001,0.01), eps=1e-04",0.0001,0.01,0.0001,reverse_eng,8830246,find_phi_fixed_budget_reverse_engineering,"{""m_exploration"": 4738, ""safeguard"": 0.8, ""budget"": 8830246}"
"U(0.0001,0.01), eps=1e-04",0.0001,0.01,0.0001,reverse_eng,10651507,find_phi_fixed_budget_reverse_engineering,"{""m_exploration"": 4738, ""safeguard"": 0.8, ""budget"": 10651507}"
"U(0.0001,0.01), eps=1e-04",0.0001,0.01,0.0001,reverse_eng,12848407,find_phi_fixed_budget_reverse_engineering,"{""m_exploration"": 4738, ""safeguard"": 0.8, ""budget"": 12848407}"
"U(0.0001,0.01), eps=1e-04",0.0001,0.01,0.0001,binary,8565,find_phi_fixed_budget_binary_search,"{""m_exploration"": 20, ""safeguard"": 0, ""conf"": 0.5, ""budget"": 8565}"
"U(0.0001,0.01), eps=1e-04",0.0001,0.01,0.0001,binary,10332,find_phi_fixed_budget_binary_search,"{""m_exploration"": 20, ""safeguard"": 0, ""conf"": 0.5, ""budget"": 10332}"
"U(0.0001,0.01), eps=1e-04",0.0001,0.01,0.0001,binary,12463,find_phi_fixed_budget_binary_search,"{""m_exploration"": 20, ""safeguard"": 0, ""conf"": 0.5, ""budget"": 12463}"
"U(0.0001,0.01), eps=1e-04",0.0001,0.01,0.0001,binary,15033,find_phi_fixed_budget_binary_search,"{""m_exploration"": 20, ""safeguard"": 0, ""conf"": 0.5, ""budget"": 15033}"
"U(0.0001,0.01), eps=1e-04",0.0001,0.01,0.0001,binary,18134,find_phi_fixed_budget_binary_search,"{""m_exploration"": 20, ""safeguard"": 0, ""conf"": 0.5, ""budget"": 18134}"
"U(0.0001,0.01), eps=1e-04",0.0001,0.01,0.0001,binary,21875,find_phi_fixed_budget_binary_search,"{""m_exploration"": 43, ""safeguard"": 0, ""conf"": 0.5, ""budget"": 21875}"
"U(0.0001,0.01), eps=1e-04",0.0001,0.01,0.0001,binary,26386,find_phi_fixed_budget_binary_search,"{""m_exploration"": 93, ""safeguard"": 0, ""conf"": 0.5, ""budget"": 26386}"
"U(0.0001,0.01), eps=1e-04",0.0001,0.01,0.0001,binary,31829,find_phi_fixed_budget_binary_search,"{""m_exploration"": 136, ""safeguard"": 0, ""conf"": 0.5, ""budget"": 31829}"
"U(0.0001,0.01), eps=1e-04",0.0001,0.01,0.0001,binary,38394,find_phi_fixed_budget_binary_search,"{""m_exploration"": 93, ""safeguard"": 0, ""conf"": 0.5, ""budget"": 38394}"
"U(0.0001,0.01), eps=1e-04",0.0001,0.01,0.0001,binary,46312,find_phi_fixed_budget_binary_search,"{""m_exploration"": 201, ""safeguard"": 0, ""conf"": 0.5, ""budget"": 46312}"
"U(0.0001,0.01), eps=1e-04",0.0001,0.01,0.0001,binary,55865,find_phi_fixed_budget_binary_search,"{""m_exploration"": 295, ""safeguard"": 0, ""conf"": 0.5, ""budget"": 55865}"
"U(0.0001,0.01), eps=1e-04",0.0001,0.01,0.0001,binary,67387,find_phi_fixed_budget_binary_search,"{""m_exploration"": 93, ""safeguard"": 0, ""conf"": 0.5, ""budget"": 67387}"
"U(0.0001,0.01), eps=1e-04",0.0001,0.01,0.0001,binary,81286,find_phi_fixed_budget_binary_search,"{""m_exploration"": 433, ""safeguard"": 0, ""conf"": 0.5, ""budget"": 81286}"
"U(0.0001,0.01), eps=1e-04",0.0001,0.01,0.0001,binary,98051,find_phi_fixed_budget_binary_search,"{""m_exploration"": 295, ""safeguard"": 0, ""conf"": 0.5, ""budget"": 98051}"
"U(0.0001,0.01), eps=1e-04",0.0001,0.01,0.0001,binary,118275,find_phi_fixed_budget_binary_search,"{""m_exploration"": 433, ""safeguard"": 0, ""conf"": 0.5, ""budget"": 118275}"
"U(0.0001,0.01), eps=1e-04",0.0001,0.01,0.0001,binary,142669,find_phi_fixed_budget_binary_search,"{""m_exploration"": 20, ""safeguard"": 0, ""conf"": 0.5, ""budget"": 142669}"
"U(0.0001,0.01), eps=1e-04",0.0001,0.01,0.0001,binary,172095,find_phi_fixed_budget_binary_search,"{""m_exploration"": 29, ""safeguard"": 0, ""conf"": 0.5, ""budget"": 172095}"
"U(0.0001,0.01), eps=1e-04",0.0001,0.01,0.0001,binary,207590,find_phi_fixed_budget_binary_search,"{""m_exploration"": 29, ""safeguard"": 0, ""conf"": 0.5, ""budget"": 207590}"
"U(0.0001,0.01), eps=1e-04",0.0001,0.01,0.0001,binary,250406,find_phi_fixed_budget_binary_search,"{""m_exploration"": 43, ""safeguard"": 0, ""conf"": 0.5, ""budget"": 250406}"
"U(0.0001,0.01), eps=1e-04",0.0001,0.01,0.0001,binary,302053,find_phi_fixed_budget_binary_search,"{""m_exploration"": 20, ""safeguard"": 1, ""conf"": 0.5, ""budget"": 302053}"
"U(0.0001,0.01), eps=1e-04",0.0001,0.01,0.0001,binary,364353,find_phi_fixed_budget_binary_search,"{""m_exploration"": 20, ""safeguard"": 2, ""conf"": 0.65, ""budget"": 364353}"
"U(0.0001,0.01), eps=1e-04",0.0001,0.01,0.0001,binary,439502,find_phi_fixed_budget_binary_search,"{""m_exploration"": 20, ""safeguard"": 1, ""conf"": 0.5, ""budget"": 439502}"
"U(0.0001,0.01), eps=1e-04",0.0001,0.01,0.0001,binary,530150,find_phi_fixed_budget_binary_search,"{""m_exploration"": 20, ""safeguard"": 2, ""conf"": 0.5, ""budget"": 530150}"
"U(0.0001,0.01), eps=1e-04",0.0001,0.01,0.0001,binary,639495,find_phi_fixed_budget_binary_search,"{""m_exploration"": 20, ""safeguard"": 2, ""conf"": 0.5, ""budget"": 639495}"
"U(0.0001,0.01), eps=1e-04",0.0001,0.01,0.0001,binary,771393,find_phi_fixed_budget_binary_search,"{""m_exploration"": 20, ""safeguard"": 2, ""conf"": 0.5, ""budget"": 771393}"
"U(0.0001,0.01), eps=1e-04",0.0001,0.01,0.0001,binary,930494,find_phi_fixed_budget_binary_search,"{""m_exploration"": 20, ""safeguard"": 2, ""conf"": 0.5, ""budget"": 930494}"
"U(0.0001,0.01), eps=1e-04",0.0001,0.01,0.0001,binary,1122411,find_phi_fixed_budget_binary_search,"{""m_exploration"": 20, ""safeguard"": 2, ""conf"": 0.5, ""budget"": 1122411}"
"U(0.0001,0.01), eps=1e-04",0.0001,0.01,0.0001,binary,1353912,find_phi_fixed_budget_binary_search,"{""m_exploration"": 43, ""safeguard"": 2, ""conf"": 0.5, ""budget"": 1353912}"
"U(0.0001,0.01), eps=1e-04",0.0001,0.01,0.0001,binary,1633159,find_phi_fixed_budget_binary_search,"{""m_exploration"": 63, ""safeguard"": 2, ""conf"": 0.5, ""budget"": 1633159}"
"U(0.0001,0.01), eps=1e-04",0.0001,0.01,0.0001,binary,1970003,find_phi_fixed_budget_binary_search,"{""m_exploration"": 63, ""safeguard"": 2, ""conf"": 0.5, ""budget"": 1970003}"
"U(0.0001,0.01), eps=1e-04",0.0001,0.01,0.0001,binary,2376321,find_phi_fixed_budget_binary_search,"{""m_exploration"": 63, ""safeguard"": 2, ""conf"": 0.5, ""budget"": 2376321}"
"U(0.0001,0.01), eps=1e-04",0.0001,0.01,0.0001,binary,2866443,find_phi_fixed_budget_binary_search,"{""m_exploration"": 93, ""safeguard"": 2, ""conf"": 0.5, ""budget"": 2866443}"
"U(0.0001,0.01), eps=1e-04",0.0001,0.01,0.0001,binary,3457654,find_phi_fixed_budget_binary_search,"{""m_exploration"": 136, ""safeguard"": 2, ""conf"": 0.5, ""budget"": 3457654}"
"U(0.0001,0.01), eps=1e-04",0.0001,0.01,0.0001,binary,4170804,find_phi_fixed_budget_binary_search,"{""m_exploration"": 136, ""safeguard"": 2, ""conf"": 0.5, ""budget"": 4170804}"
"U(0.0001,0.01), eps=1e-04",0.0001,0.01,0.0001,binary,5031044,find_phi_fixed_budget_binary_search,"{""m_exploration"": 201, ""safeguard"": 2, ""conf"": 0.5, ""budget"": 5031044}"
"U(0.0001,0.01), eps=1e-04",0.0001,0.01,0.0001,binary,6068709,find_phi_fixed_budget_binary_search,"{""m_exploration"": 201, ""safeguard"": 2, ""conf"": 0.5, ""budget"": 6068709}"
"U(0.0001,0.01), eps=1e-04",0.0001,0.01,0.0001,binary,7320396,find_phi_fixed_budget_binary_search,"{""m_exploration"": 295, ""safeguard"": 2, ""conf"": 0.5, ""budget"": 7320396}"
"U(0.0001,0.01), eps=1e-04",0.0001,0.01,0.0001,binary,8830246,find_phi_fixed_budget_binary_search,"{""m_exploration"": 295, ""safeguard"": 2, ""conf"": 0.5, ""budget"": 8830246}"
"U(0.0001,0.01), eps=1e-04",0.0001,0.01,0.0001,binary,10651507,find_phi_fixed_budget_binary_search,"{""m_exploration"": 433, ""safeguard"": 2, ""conf"": 0.5, ""budget"": 10651507}"
"U(0.0001,0.01), eps=1e-04",0.0001,0.01,0.0001,binary,12848407,find_phi_fixed_budget_binary_search,"{""m_exploration"": 433, ""safeguard"": 2, ""conf"": 0.5, ""budget"": 12848407}"
"U(0.0001,0.01), eps=1e-04",0.0001,0.01,0.0001,reverse_eng_risk,8565,find_phi_fixed_budget_reverse_engineering_risk,"{""m_exploration"": 20, ""eps_target"": 0.0001, ""budget"": 8565}"
"U(0.0001,0.01), eps=1e-04",0.0001,0.01,0.0001,reverse_eng_risk,10332,find_phi_fixed_budget_reverse_engineering_risk,"{""m_exploration"": 20, ""eps_target"": 0.0001, ""budget"": 10332}"
"U(0.0001,0.01), eps=1e-04",0.0001,0.01,0.0001,reverse_eng_risk,12463,find_phi_fixed_budget_reverse_engineering_risk,"{""m_exploration"": 20, ""eps_target"": 0.0001, ""budget"": 12463}"
"U(0.0001,0.01), eps=1e-04",0.0001,0.01,0.0001,reverse_eng_risk,15033,find_phi_fixed_budget_reverse_engineering_risk,"{""m_exploration"": 20, ""eps_target"": 0.0001, ""budget"": 15033}"
"U(0.0001,0.01), eps=1e-04",0.0001,0.01,0.0001,reverse_eng_risk,18134,find_phi_fixed_budget_reverse_engineering_risk,"{""m_exploration"": 20, ""eps_target"": 0.0001, ""budget"": 18134}"
"U(0.0001,0.01), eps=1e-04",0.0001,0.01,0.0001,reverse_eng_risk,21875,find_phi_fixed_budget_reverse_engineering_risk,"{""m_exploration"": 20, ""eps_target"": 0.0001, ""budget"": 21875}"
"U(0.0001,0.01), eps=1e-04",0.0001,0.01,0.0001,reverse_eng_risk,26386,find_phi_fixed_budget_reverse_engineering_risk,"{""m_exploration"": 24, ""eps_target"": 0.0001, ""budget"": 26386}"
"U(0.0001,0.01), eps=1e-04",0.0001,0.01,0.0001,reverse_eng_risk,31829,find_phi_fixed_budget_reverse_engineering_risk,"{""m_exploration"": 35, ""eps_target"": 0.0001, ""budget"": 31829}"
"U(0.0001,0.01), eps=1e-04",0.0001,0.01,0.0001,reverse_eng_risk,38394,find_phi_fixed_budget_reverse_engineering_risk,"{""m_exploration"": 35, ""eps_target"": 0.0001, ""budget"": 38394}"
"U(0.0001,0.01), eps=1e-04",0.0001,0.01,0.0001,reverse_eng_risk,46312,find_phi_fixed_budget_reverse_engineering_risk,"{""m_exploration"": 51, ""eps_target"": 0.0001, ""budget"": 46312}"
"U(0.0001,0.01), eps=1e-04",0.0001,0.01,0.0001,reverse_eng_risk,55865,find_phi_fixed_budget_reverse_engineering_risk,"{""m_exploration"": 24, ""eps_target"": 0.0001, ""budget"": 55865}"
"U(0.0001,0.01), eps=1e-04",0.0001,0.01,0.0001,reverse_eng_risk,67387,find_phi_fixed_budget_reverse_engineering_risk,"{""m_exploration"": 61, ""eps_target"": 0.0001, ""budget"": 67387}"
"U(0.0001,0.01), eps=1e-04",0.0001,0.01,0.0001,reverse_eng_risk,81286,find_phi_fixed_budget_reverse_engineering_risk,"{""m_exploration"": 51, ""eps_target"": 0.0001, ""budget"": 81286}"
"U(0.0001,0.01), eps=1e-04",0.0001,0.01,0.0001,reverse_eng_risk,98051,find_phi_fixed_budget_reverse_engineering_risk,"{""m_exploration"": 61, ""eps_target"": 0.0001, ""budget"": 98051}"
"U(0.0001,0.01), eps=1e-04",0.0001,0.01,0.0001,reverse_eng_risk,118275,find_phi_fixed_budget_reverse_engineering_risk,"{""m_exploration"": 74, ""eps_target"": 0.0001, ""budget"": 118275}"
"U(0.0001,0.01), eps=1e-04",0.0001,0.01,0.0001,reverse_eng_risk,142669,find_phi_fixed_budget_reverse_engineering_risk,"{""m_exploration"": 90, ""eps_target"": 0.0001, ""budget"": 142669}"
"U(0.0001,0.01), eps=1e-04",0.0001,0.01,0.0001,reverse_eng_risk,172095,find_phi_fixed_budget_reverse_engineering_risk,"{""m_exploration"": 90, ""eps_target"": 0.0001, ""budget"": 172095}"
"U(0.0001,0.01), eps=1e-04",0.0001,0.01,0.0001,reverse_eng_risk,207590,find_phi_fixed_budget_reverse_engineering_risk,"{""m_exploration"": 109, ""eps_target"": 0.0001, ""budget"": 207590}"
"U(0.0001,0.01), eps=1e-04",0.0001,0.01,0.0001,reverse_eng_risk,250406,find_phi_fixed_budget_reverse_engineering_risk,"{""m_exploration"": 61, ""eps_target"": 0.0001, ""budget"": 250406}"
"U(0.0001,0.01), eps=1e-04",0.0001,0.01,0.0001,reverse_eng_risk,302053,find_phi_fixed_budget_reverse_engineering_risk,"{""m_exploration"": 51, ""eps_target"": 0.0001, ""budget"": 302053}"
"U(0.0001,0.01), eps=1e-04",0.0001,0.01,0.0001,reverse_eng_risk,364353,find_phi_fixed_budget_reverse_engineering_risk,"{""m_exploration"": 74, ""eps_target"": 0.0001, ""budget"": 364353}"
"U(0.0001,0.01), eps=1e-04",0.0001,0.01,0.0001,reverse_eng_risk,439502,find_phi_fixed_budget_reverse_engineering_risk,"{""m_exploration"": 61, ""eps_target"": 0.0001, ""budget"": 439502}"
"U(0.0001,0.01), eps=1e-04",0.0001,0.01,0.0001,reverse_eng_risk,530150,find_phi_fixed_budget_reverse_engineering_risk,"{""m_exploration"": 131, ""eps_target"": 0.0001, ""budget"": 530150}"
"U(0.0001,0.01), eps=1e-04",0.0001,0.01,0.0001,reverse_eng_risk,639495,find_phi_fixed_budget_reverse_engineering_risk,"{""m_exploration"": 232, ""eps_target"": 0.0001, ""budget"": 639495}"
"U(0.0001,0.01), eps=1e-04",0.0001,0.01,0.0001,reverse_eng_risk,771393,find_phi_fixed_budget_reverse_engineering_risk,"{""m_exploration"": 280, ""eps_target"": 0.0001, ""budget"": 771393}"
"U(0.0001,0.01), eps=1e-04",0.0001,0.01,0.0001,reverse_eng_risk,930494,find_phi_fixed_budget_reverse_engineering_risk,"{""m_exploration"": 159, ""eps_target"": 0.0001, ""budget"": 930494}"
"U(0.0001,0.01), eps=1e-04",0.0001,0.01,0.0001,reverse_eng_risk,1122411,find_phi_fixed_budget_reverse_engineering_risk,"{""m_exploration"": 232, ""eps_target"": 0.0001, ""budget"": 1122411}"
"U(0.0001,0.01), eps=1e-04",0.0001,0.01,0.0001,reverse_eng_risk,1353912,find_phi_fixed_budget_reverse_engineering_risk,"{""m_exploration"": 338, ""eps_target"": 0.0001, ""budget"": 1353912}"
"U(0.0001,0.01), eps=1e-04",0.0001,0.01,0.0001,reverse_eng_risk,1633159,find_phi_fixed_budget_reverse_engineering_risk,"{""m_exploration"": 232, ""eps_target"": 0.0001, ""budget"": 1633159}"
"U(0.0001,0.01), eps=1e-04",0.0001,0.01,0.0001,reverse_eng_risk,1970003,find_phi_fixed_budget_reverse_engineering_risk,"{""m_exploration"": 109, ""eps_target"": 0.0001, ""budget"": 1970003}"
"U(0.0001,0.01), eps=1e-04",0.0001,0.01,0.0001,reverse_eng_risk,2376321,find_phi_fixed_budget_reverse_engineering_risk,"{""m_exploration"": 90, ""eps_target"": 0.0001, ""budget"": 2376321}"
"U(0.0001,0.01), eps=1e-04",0.0001,0.01,0.0001,reverse_eng_risk,2866443,find_phi_fixed_budget_reverse_engineering_risk,"{""m_exploration"": 29, ""eps_target"": 0.0001, ""budget"": 2866443}"
"U(0.0001,0.01), eps=1e-04",0.0001,0.01,0.0001,reverse_eng_risk,3457654,find_phi_fixed_budget_reverse_engineering_risk,"{""m_exploration"": 20, ""eps_target"": 0.0001, ""budget"": 3457654}"
"U(0.0001,0.01), eps=1e-04",0.0001,0.01,0.0001,reverse_eng_risk,4170804,find_phi_fixed_budget_reverse_engineering_risk,"{""m_exploration"": 20, ""eps_target"": 0.0001, ""budget"": 4170804}"
"U(0.0001,0.01), eps=1e-04",0.0001,0.01,0.0001,reverse_eng_risk,5031044,find_phi_fixed_budget_reverse_engineering_risk,"{""m_exploration"": 20, ""eps_target"": 0.0001, ""budget"": 5031044}"
"U(0.0001,0.01), eps=1e-04",0.0001,0.01,0.0001,reverse_eng_risk,6068709,find_phi_fixed_budget_reverse_engineering_risk,"{""m_exploration"": 20, ""eps_target"": 0.0001, ""budget"": 6068709}"
"U(0.0001,0.01), eps=1e-04",0.0001,0.01,0.0001,reverse_eng_risk,7320396,find_phi_fixed_budget_reverse_engineering_risk,"{""m_exploration"": 20, ""eps_target"": 0.0001, ""budget"": 7320396}"
"U(0.0001,0.01), eps=1e-04",0.0001,0.01,0.0001,reverse_eng_risk,8830246,find_phi_fixed_budget_reverse_engineering_risk,"{""m_exploration"": 20, ""eps_target"": 0.0001, ""budget"": 8830246}"
"U(0.0001,0.01), eps=1e-04",0.0001,0.01,0.0001,reverse_eng_risk,10651507,find_phi_fixed_budget_reverse_engineering_risk,"{""m_exploration"": 20, ""eps_target"": 0.0001, ""budget"": 10651507}"
"U(0.0001,0.01), eps=1e-04",0.0001,0.01,0.0001,reverse_eng_risk,12848407,find_phi_fixed_budget_reverse_engineering_risk,"{""m_exploration"": 20, ""eps_target"": 0.0001, ""budget"": 12848407}"
"U(0.0001,0.01), eps=1e-04",0.0001,0.01,0.0001,binary_risk,8565,find_phi_fixed_budget_binary_search_risk,"{""m_exploration"": 20, ""conf"": 0.5, ""eps_target"": 0.0001, ""budget"": 8565}"
"U(0.0001,0.01), eps=1e-04",0.0001,0.01,0.0001,binary_risk,10332,find_phi_fixed_budget_binary_search_risk,"{""m_exploration"": 20, ""conf"": 0.5, ""eps_target"": 0.0001, ""budget"": 10332}"
"U(0.0001,0.01), eps=1e-04",0.0001,0.01,0.0001,binary_risk,12463,find_phi_fixed_budget_binary_search_risk,"{""m_exploration"": 20, ""conf"": 0.5, ""eps_target"": 0.0001, ""budget"": 12463}"
"U(0.0001,0.01), eps=1e-04",0.0001,0.01,0.0001,binary_risk,15033,find_phi_fixed_budget_binary_search_risk,"{""m_exploration"": 20, ""conf"": 0.5, ""eps_target"": 0.0001, ""budget"": 15033}"
"U(0.0001,0.01), eps=1e-04",0.0001,0.01,0.0001,binary_risk,18134,find_phi_fixed_budget_binary_search_risk,"{""m_exploration"": 20, ""conf"": 0.5, ""eps_target"": 0.0001, ""budget"": 18134}"
"U(0.0001,0.01), eps=1e-04",0.0001,0.01,0.0001,binary_risk,21875,find_phi_fixed_budget_binary_search_risk,"{""m_exploration"": 20, ""conf"": 0.5, ""eps_target"": 0.0001, ""budget"": 21875}"
"U(0.0001,0.01), eps=1e-04",0.0001,0.01,0.0001,binary_risk,26386,find_phi_fixed_budget_binary_search_risk,"{""m_exploration"": 20, ""conf"": 0.5, ""eps_target"": 0.0001, ""budget"": 26386}"
"U(0.0001,0.01), eps=1e-04",0.0001,0.01,0.0001,binary_risk,31829,find_phi_fixed_budget_binary_search_risk,"{""m_exploration"": 20, ""conf"": 0.5, ""eps_target"": 0.0001, ""budget"": 31829}"
"U(0.0001,0.01), eps=1e-04",0.0001,0.01,0.0001,binary_risk,38394,find_phi_fixed_budget_binary_search_risk,"{""m_exploration"": 29, ""conf"": 0.5, ""eps_target"": 0.0001, ""budget"": 38394}"
"U(0.0001,0.01), eps=1e-04",0.0001,0.01,0.0001,binary_risk,46312,find_phi_fixed_budget_binary_search_risk,"{""m_exploration"": 63, ""conf"": 0.5, ""eps_target"": 0.0001, ""budget"": 46312}"
"U(0.0001,0.01), eps=1e-04",0.0001,0.01,0.0001,binary_risk,55865,find_phi_fixed_budget_binary_search_risk,"{""m_exploration"": 43, ""conf"": 0.5, ""eps_target"": 0.0001, ""budget"": 55865}"
"U(0.0001,0.01), eps=1e-04",0.0001,0.01,0.0001,binary_risk,67387,find_phi_fixed_budget_binary_search_risk,"{""m_exploration"": 43, ""conf"": 0.5, ""eps_target"": 0.0001, ""budget"": 67387}"
"U(0.0001,0.01), eps=1e-04",0.0001,0.01,0.0001,binary_risk,81286,find_phi_fixed_budget_binary_search_risk,"{""m_exploration"": 43, ""conf"": 0.5, ""eps_target"": 0.0001, ""budget"": 81286}"
"U(0.0001,0.01), eps=1e-04",0.0001,0.01,0.0001,binary_risk,98051,find_phi_fixed_budget_binary_search_risk,"{""m_exploration"": 43, ""conf"": 0.5, ""eps_target"": 0.0001, ""budget"": 98051}"
"U(0.0001,0.01), eps=1e-04",0.0001,0.01,0.0001,binary_risk,118275,find_phi_fixed_budget_binary_search_risk,"{""m_exploration"": 63, ""conf"": 0.5, ""eps_target"": 0.0001, ""budget"": 118275}"
"U(0.0001,0.01), eps=1e-04",0.0001,0.01,0.0001,binary_risk,142669,find_phi_fixed_budget_binary_search_risk,"{""m_exploration"": 63, ""conf"": 0.5, ""eps_target"": 0.0001, ""budget"": 142669}"
"U(0.0001,0.01), eps=1e-04",0.0001,0.01,0.0001,binary_risk,172095,find_phi_fixed_budget_binary_search_risk,"{""m_exploration"": 93, ""conf"": 0.5, ""eps_target"": 0.0001, ""budget"": 172095}"
"U(0.0001,0.01), eps=1e-04",0.0001,0.01,0.0001,binary_risk,207590,find_phi_fixed_budget_binary_search_risk,"{""m_exploration"": 43, ""conf"": 0.5, ""eps_target"": 0.0001, ""budget"": 207590}"
"U(0.0001,0.01), eps=1e-04",0.0001,0.01,0.0001,binary_risk,250406,find_phi_fixed_budget_binary_search_risk,"{""m_exploration"": 63, ""conf"": 0.5, ""eps_target"": 0.0001, ""budget"": 250406}"
"U(0.0001,0.01), eps=1e-04",0.0001,0.01,0.0001,binary_risk,302053,find_phi_fixed_budget_binary_search_risk,"{""m_exploration"": 63, ""conf"": 0.5, ""eps_target"": 0.0001, ""budget"": 302053}"
"U(0.0001,0.01), eps=1e-04",0.0001,0.01,0.0001,binary_risk,364353,find_phi_fixed_budget_binary_search_risk,"{""m_exploration"": 63, ""conf"": 0.5, ""eps_target"": 0.0001, ""budget"": 364353}"
"U(0.0001,0.01), eps=1e-04",0.0001,0.01,0.0001,binary_risk,439502,find_phi_fixed_budget_binary_search_risk,"{""m_exploration"": 295, ""conf"": 0.5, ""eps_target"": 0.0001, ""budget"": 439502}"
"U(0.0001,0.01), eps=1e-04",0.0001,0.01,0.0001,binary_risk,530150,find_phi_fixed_budget_binary_search_risk,"{""m_exploration"": 136, ""conf"": 0.5, ""eps_target"": 0.0001, ""budget"": 530150}"
"U(0.0001,0.01), eps=1e-04",0.0001,0.01,0.0001,binary_risk,639495,find_phi_fixed_budget_binary_search_risk,"{""m_exploration"": 136, ""conf"": 0.5, ""eps_target"": 0.0001, ""budget"": 639495}"
"U(0.0001,0.01), eps=1e-04",0.0001,0.01,0.0001,binary_risk,771393,find_phi_fixed_budget_binary_search_risk,"{""m_exploration"": 136, ""conf"": 0.5, ""eps_target"": 0.0001, ""budget"": 771393}"
"U(0.0001,0.01), eps=1e-04",0.0001,0.01,0.0001,binary_risk,930494,find_phi_fixed_budget_binary_search_risk,"{""m_exploration"": 136, ""conf"": 0.5, ""eps_target"": 0.0001, ""budget"": 930494}"
"U(0.0001,0.01), eps=1e-04",0.0001,0.01,0.0001,binary_risk,1122411,find_phi_fixed_budget_binary_search_risk,"{""m_exploration"": 201, ""conf"": 0.5, ""eps_target"": 0.0001, ""budget"": 1122411}"
"U(0.0001,0.01), eps=1e-04",0.0001,0.01,0.0001,binary_risk,1353912,find_phi_fixed_budget_binary_search_risk,"{""m_exploration"": 201, ""conf"": 0.5, ""eps_target"": 0.0001, ""budget"": 1353912}"
"U(0.0001,0.01), eps=1e-04",0.0001,0.01,0.0001,binary_risk,1633159,find_phi_fixed_budget_binary_search_risk,"{""m_exploration"": 295, ""conf"": 0.5, ""eps_target"": 0.0001, ""budget"": 1633159}"
"U(0.0001,0.01), eps=1e-04",0.0001,0.01,0.0001,binary_risk,1970003,find_phi_fixed_budget_binary_search_risk,"{""m_exploration"": 295, ""conf"": 0.5, ""eps_target"": 0.0001, ""budget"": 1970003}"
"U(0.0001,0.01), eps=1e-04",0.0001,0.01,0.0001,binary_risk,2376321,find_phi_fixed_budget_binary_search_risk,"{""m_exploration"": 295, ""conf"": 0.5, ""eps_target"": 0.0001, ""budget"": 2376321}"
"U(0.0001,0.01), eps=1e-04",0.0001,0.01,0.0001,binary_risk,2866443,find_phi_fixed_budget_binary_search_risk,"{""m_exploration"": 433, ""conf"": 0.5, ""eps_target"": 0.0001, ""budget"": 2866443}"
"U(0.0001,0.01), eps=1e-04",0.0001,0.01,0.0001,binary_risk,3457654,find_phi_fixed_budget_binary_search_risk,"{""m_exploration"": 433, ""conf"": 0.5, ""eps_target"": 0.0001, ""budget"": 3457654}"
"U(0.0001,0.01), eps=1e-04",0.0001,0.01,0.0001,binary_risk,4170804,find_phi_fixed_budget_binary_search_risk,"{""m_exploration"": 637, ""conf"": 0.5, ""eps_target"": 0.0001, ""budget"": 4170804}"
"U(0.0001,0.01), eps=1e-04",0.0001,0.01,0.0001,binary_risk,5031044,find_phi_fixed_budget_binary_search_risk,"{""m_exploration"": 637, ""conf"": 0.5, ""eps_target"": 0.0001, ""budget"": 5031044}"
"U(0.0001,0.01), eps=1e-04",0.0001,0.01,0.0001,binary_risk,6068709,find_phi_fixed_budget_binary_search_risk,"{""m_exploration"": 936, ""conf"": 0.5, ""eps_target"": 0.0001, ""budget"": 6068709}"
"U(0.0001,0.01), eps=1e-04",0.0001,0.01,0.0001,binary_risk,7320396,find_phi_fixed_budget_binary_search_risk,"{""m_exploration"": 20, ""conf"": 0.5, ""eps_target"": 0.0001, ""budget"": 7320396}"
"U(0.0001,0.01), eps=1e-04",0.0001,0.01,0.0001,binary_risk,8830246,find_phi_fixed_budget_binary_search_risk,"{""m_exploration"": 20, ""conf"": 0.5, ""eps_target"": 0.0001, ""budget"": 8830246}"
"U(0.0001,0.01), eps=1e-04",0.0001,0.01,0.0001,binary_risk,10651507,find_phi_fixed_budget_binary_search_risk,"{""m_exploration"": 20, ""conf"": 0.5, ""eps_target"": 0.0001, ""budget"": 10651507}"
"U(0.0001,0.01), eps=1e-04",0.0001,0.01,0.0001,binary_risk,12848407,find_phi_fixed_budget_binary_search_risk,"{""m_exploration"": 20, ""conf"": 0.5, ""eps_target"": 0.0001, ""budget"": 12848407}"
"U(0.0001,0.01), eps=1e-06",0.0001,0.01,1e-06,linear,85656050,find_phi_fixed_budget_linear_search,"{""m_exploration"": 74, ""lookback_window"": 5, ""safeguard"": 5, ""inc"": 5, ""budget"": 85656050}"
"U(0.0001,0.01), eps=1e-06",0.0001,0.01,1e-06,linear,103322828,find_phi_fixed_budget_linear_search,"{""m_exploration"": 127, ""lookback_window"": 5, ""safeguard"": 3, ""inc"": 5, ""budget"": 103322828}"
"U(0.0001,0.01), eps=1e-06",0.0001,0.01,1e-06,linear,124633422,find_phi_fixed_budget_linear_search,"{""m_exploration"": 127, ""lookback_window"": 5, ""safeguard"": 3, ""inc"": 5, ""budget"": 124633422}"
"U(0.0001,0.01), eps=1e-06",0.0001,0.01,1e-06,linear,150339381,find_phi_fixed_budget_linear_search,"{""m_exploration"": 127, ""lookback_window"": 5, ""safeguard"": 3, ""inc"": 5, ""budget"": 150339381}"
"U(0.0001,0.01), eps=1e-06",0.0001,0.01,1e-06,linear,181347259,find_phi_fixed_budget_linear_search,"{""m_exploration"": 127, ""lookback_window"": 5, ""safeguard"": 3, ""inc"": 5, ""budget"": 181347259}"
"U(0.0001,0.01), eps=1e-06",0.0001,0.01,1e-06,linear,218750591,find_phi_fixed_budget_linear_search,"{""m_exploration"": 127, ""lookback_window"": 5, ""safeguard"": 5, ""inc"": 5, ""budget"": 218750591}"
"U(0.0001,0.01), eps=1e-06",0.0001,0.01,1e-06,linear,263868453,find_phi_fixed_budget_linear_search,"{""m_exploration"": 127, ""lookback_window"": 5, ""safeguard"": 3, ""inc"": 5, ""budget"": 263868453}"
"U(0.0001,0.01), eps=1e-06",0.0001,0.01,1e-06,linear,318291990,find_phi_fixed_budget_linear_search,"{""m_exploration"": 127, ""lookback_window"": 5, ""safeguard"": 5, ""inc"": 5, ""budget"": 318291990}"
"U(0.0001,0.01), eps=1e-06",0.0001,0.01,1e-06,linear,383940518,find_phi_fixed_budget_linear_search,"{""m_exploration"": 127, ""lookback_window"": 5, ""safeguard"": 5, ""inc"": 5, ""budget"": 383940518}"
"U(0.0001,0.01), eps=1e-06",0.0001,0.01,1e-06,linear,463129222,find_phi_fixed_budget_linear_search,"{""m_exploration"": 371, ""lookback_window"": 5, ""safeguard"": 5, ""inc"": 5, ""budget"": 463129222}"
"U(0.0001,0.01), eps=1e-06",0.0001,0.01,1e-06,linear,558650796,find_phi_fixed_budget_linear_search,"{""m_exploration"": 371, ""lookback_window"": 5, ""safeguard"": 2, ""inc"": 5, ""budget"": 558650796}"
"U(0.0001,0.01), eps=1e-06",0.0001,0.01,1e-06,linear,673873936,find_phi_fixed_budget_linear_search,"{""m_exploration"": 371, ""lookback_window"": 5, ""safeguard"": 5, ""inc"": 5, ""budget"": 673873936}"
"U(0.0001,0.01), eps=1e-06",0.0001,0.01,1e-06,linear,812862141,find_phi_fixed_budget_linear_search,"{""m_exploration"": 1417, ""lookback_window"": 5, ""safeguard"": 2, ""inc"": 5, ""budget"": 812862141}"
"U(0.0001,0.01), eps=1e-06",0.0001,0.01,1e-06,linear,980517014,find_phi_fixed_budget_linear_search,"{""m_exploration"": 1417, ""lookback_window"": 5, ""safeguard"": 1, ""inc"": 5, ""budget"": 980517014}"
"U(0.0001,0.01), eps=1e-06",0.0001,0.01,1e-06,linear,1182751130,find_phi_fixed_budget_linear_search,"{""m_exploration"": 1417, ""lookback_window"": 5, ""safeguard"": 2, ""inc"": 5, ""budget"": 1182751130}"
"U(0.0001,0.01), eps=1e-06",0.0001,0.01,1e-06,linear,1426696543,find_phi_fixed_budget_linear_search,"{""m_exploration"": 2421, ""lookback_window"": 5, ""safeguard"": 1, ""inc"": 5, ""budget"": 1426696543}"
"U(0.0001,0.01), eps=1e-06",0.0001,0.01,1e-06,linear,1720956316,find_phi_fixed_budget_linear_search,"{""m_exploration"": 2421, ""lookback_window"": 5, ""safeguard"": 3, ""inc"": 5, ""budget"": 1720956316}"
"U(0.0001,0.01), eps=1e-06",0.0001,0.01,1e-06,linear,2075907911,find_phi_fixed_budget_linear_search,"{""m_exploration"": 371, ""lookback_window"": 5, ""safeguard"": 3, ""inc"": 5, ""budget"": 2075907911}"
"U(0.0001,0.01), eps=1e-06",0.0001,0.01,1e-06,linear,2504069171,find_phi_fixed_budget_linear_search,"{""m_exploration"": 371, ""lookback_window"": 5, ""safeguard"": 3, ""inc"": 5, ""budget"": 2504069171}"
"U(0.0001,0.01), eps=1e-06",0.0001,0.01,1e-06,linear,3020539774,find_phi_fixed_budget_linear_search,"{""m_exploration"": 485, ""lookback_window"": 5, ""safeguard"": 3, ""inc"": 5, ""budget"": 3020539774}"
"U(0.0001,0.01), eps=1e-06",0.0001,0.01,1e-06,linear,3643533745,find_phi_fixed_budget_linear_search,"{""m_exploration"": 1084, ""lookback_window"": 5, ""safeguard"": 2, ""inc"": 5, ""budget"": 3643533745}"
"U(0.0001,0.01), eps=1e-06",0.0001,0.01,1e-06,linear,4395021800,find_phi_fixed_budget_linear_search,"{""m_exploration"": 1084, ""lookback_window"": 5, ""safeguard"": 3, ""inc"": 5, ""budget"": 4395021800}"
"U(0.0001,0.01), eps=1e-06",0.0001,0.01,1e-06,linear,5301506168,find_phi_fixed_budget_linear_search,"{""m_exploration"": 3165, ""lookback_window"": 5, ""safeguard"": 3, ""inc"": 5, ""budget"": 5301506168}"
"U(0.0001,0.01), eps=1e-06",0.0001,0.01,1e-06,linear,6394955231,find_phi_fixed_budget_linear_search,"{""m_exploration"": 1084, ""lookback_window"": 5, ""safeguard"": 5, ""inc"": 5, ""budget"": 6394955231}"
"U(0.0001,0.01), eps=1e-06",0.0001,0.01,1e-06,linear,7713930929,find_phi_fixed_budget_linear_search,"{""m_exploration"": 35228, ""lookback_window"": 5, ""safeguard"": 1, ""inc"": 2, ""budget"": 7713930929}"
"U(0.0001,0.01), eps=1e-06",0.0001,0.01,1e-06,linear,9304948704,find_phi_fixed_budget_linear_search,"{""m_exploration"": 1417, ""lookback_window"": 5, ""safeguard"": 3, ""inc"": 2, ""budget"": 9304948704}"
"U(0.0001,0.01), eps=1e-06",0.0001,0.01,1e-06,linear,11224117920,find_phi_fixed_budget_linear_search,"{""m_exploration"": 74, ""lookback_window"": 5, ""safeguard"": 5, ""inc"": 1, ""budget"": 11224117920}"
"U(0.0001,0.01), eps=1e-06",0.0001,0.01,1e-06,linear,13539120643,find_phi_fixed_budget_linear_search,"{""m_exploration"": 74, ""lookback_window"": 5, ""safeguard"": 5, ""inc"": 1, ""budget"": 13539120643}"
"U(0.0001,0.01), eps=1e-06",0.0001,0.01,1e-06,linear,16331598536,find_phi_fixed_budget_linear_search,"{""m_exploration"": 5, ""lookback_window"": 1, ""safeguard"": 0, ""inc"": 1, ""budget"": 16331598536}"
"U(0.0001,0.01), eps=1e-06",0.0001,0.01,1e-06,linear,19700032061,find_phi_fixed_budget_linear_search,"{""m_exploration"": 3, ""lookback_window"": 2, ""safeguard"": 5, ""inc"": 1, ""budget"": 19700032061}"
"U(0.0001,0.01), eps=1e-06",0.0001,0.01,1e-06,linear,23763213523,find_phi_fixed_budget_linear_search,"{""m_exploration"": 3, ""lookback_window"": 1, ""safeguard"": 0, ""inc"": 1, ""budget"": 23763213523}"
"U(0.0001,0.01), eps=1e-06",0.0001,0.01,1e-06,linear,28664436445,find_phi_fixed_budget_linear_search,"{""m_exploration"": 3, ""lookback_window"": 1, ""safeguard"": 0, ""inc"": 1, ""budget"": 28664436445}"
"U(0.0001,0.01), eps=1e-06",0.0001,0.01,1e-06,linear,34576548996,find_phi_fixed_budget_linear_search,"{""m_exploration"": 3, ""lookback_window"": 1, ""safeguard"": 0, ""inc"": 1, ""budget"": 34576548996}"
"U(0.0001,0.01), eps=1e-06",0.0001,0.01,1e-06,linear,41708049721,find_phi_fixed_budget_linear_search,"{""m_exploration"": 3, ""lookback_window"": 1, ""safeguard"": 0, ""inc"": 1, ""budget"": 41708049721}"
"U(0.0001,0.01), eps=1e-06",0.0001,0.01,1e-06,linear,50310440517,find_phi_fixed_budget_linear_search,"{""m_exploration"": 3, ""lookback_window"": 1, ""safeguard"": 0, ""inc"": 1, ""budget"": 50310440517}"
"U(0.0001,0.01), eps=1e-06",0.0001,0.01,1e-06,linear,60687096183,find_phi_fixed_budget_linear_search,"{""m_exploration"": 3, ""lookback_window"": 1, ""safeguard"": 0, ""inc"": 1, ""budget"": 60687096183}"
"U(0.0001,0.01), eps=1e-06",0.0001,0.01,1e-06,linear,73203963337,find_phi_fixed_budget_linear_search,"{""m_exploration"": 3, ""lookback_window"": 1, ""safeguard"": 0, ""inc"": 1, ""budget"": 73203963337}"
"U(0.0001,0.01), eps=1e-06",0.0001,0.01,1e-06,linear,88302466015,find_phi_fixed_budget_linear_search,"{""m_exploration"": 3, ""lookback_window"": 1, ""safeguard"": 0, ""inc"": 1, ""budget"": 88302466015}"
"U(0.0001,0.01), eps=1e-06",0.0001,0.01,1e-06,linear,106515073078,find_phi_fixed_budget_linear_search,"{""m_exploration"": 3, ""lookback_window"": 1, ""safeguard"": 0, ""inc"": 1, ""budget"": 106515073078}"
"U(0.0001,0.01), eps=1e-06",0.0001,0.01,1e-06,linear,128484076433,find_phi_fixed_budget_linear_search,"{""m_exploration"": 3, ""lookback_window"": 1, ""safeguard"": 0, ""inc"": 1, ""budget"": 128484076433}"
"U(0.0001,0.01), eps=1e-06",0.0001,0.01,1e-06,reverse_eng,85656050,find_phi_fixed_budget_reverse_engineering,"{""m_exploration"": 14688, ""safeguard"": 0.925, ""budget"": 85656050}"
"U(0.0001,0.01), eps=1e-06",0.0001,0.01,1e-06,reverse_eng,103322828,find_phi_fixed_budget_reverse_engineering,"{""m_exploration"": 21416, ""safeguard"": 0.925, ""budget"": 103322828}"
"U(0.0001,0.01), eps=1e-06",0.0001,0.01,1e-06,reverse_eng,124633422,find_phi_fixed_budget_reverse_engineering,"{""m_exploration"": 25859, ""safeguard"": 0.95, ""budget"": 124633422}"
"U(0.0001,0.01), eps=1e-06",0.0001,0.01,1e-06,reverse_eng,150339381,find_phi_fixed_budget_reverse_engineering,"{""m_exploration"": 31225, ""safeguard"": 0.95, ""budget"": 150339381}"
"U(0.0001,0.01), eps=1e-06",0.0001,0.01,1e-06,reverse_eng,181347259,find_phi_fixed_budget_reverse_engineering,"{""m_exploration"": 31225, ""safeguard"": 0.95, ""budget"": 181347259}"
"U(0.0001,0.01), eps=1e-06",0.0001,0.01,1e-06,reverse_eng,218750591,find_phi_fixed_budget_reverse_engineering,"{""m_exploration"": 31225, ""safeguard"": 0.95, ""budget"": 218750591}"
"U(0.0001,0.01), eps=1e-06",0.0001,0.01,1e-06,reverse_eng,263868453,find_phi_fixed_budget_reverse_engineering,"{""m_exploration"": 31225, ""safeguard"": 0.95, ""budget"": 263868453}"
"U(0.0001,0.01), eps=1e-06",0.0001,0.01,1e-06,reverse_eng,318291990,find_phi_fixed_budget_reverse_engineering,"{""m_exploration"": 96786, ""safeguard"": 0.975, ""budget"": 318291990}"
"U(0.0001,0.01), eps=1e-06",0.0001,0.01,1e-06,reverse_eng,383940518,find_phi_fixed_budget_reverse_engineering,"{""m_exploration"": 96786, ""safeguard"": 0.975, ""budget"": 383940518}"
"U(0.0001,0.01), eps=1e-06",0.0001,0.01,1e-06,reverse_eng,463129222,find_phi_fixed_budget_reverse_engineering,"{""m_exploration"": 96786, ""safeguard"": 0.975, ""budget"": 463129222}"
"U(0.0001,0.01), eps=1e-06",0.0001,0.01,1e-06,reverse_eng,558650796,find_phi_fixed_budget_reverse_engineering,"{""m_exploration"": 31225, ""safeguard"": 0.95, ""budget"": 558650796}"
"U(0.0001,0.01), eps=1e-06",0.0001,0.01,1e-06,reverse_eng,673873936,find_phi_fixed_budget_reverse_engineering,"{""m_exploration"": 31225, ""safeguard"": 0.95, ""budget"": 673873936}"
"U(0.0001,0.01), eps=1e-06",0.0001,0.01,1e-06,reverse_eng,812862141,find_phi_fixed_budget_reverse_engineering,"{""m_exploration"": 116869, ""safeguard"": 0.975, ""budget"": 812862141}"
"U(0.0001,0.01), eps=1e-06",0.0001,0.01,1e-06,reverse_eng,980517014,find_phi_fixed_budget_reverse_engineering,"{""m_exploration"": 116869, ""safeguard"": 0.975, ""budget"": 980517014}"
"U(0.0001,0.01), eps=1e-06",0.0001,0.01,1e-06,reverse_eng,1182751130,find_phi_fixed_budget_reverse_engineering,"{""m_exploration"": 141118, ""safeguard"": 0.975, ""budget"": 1182751130}"
"U(0.0001,0.01), eps=1e-06",0.0001,0.01,1e-06,reverse_eng,1426696543,find_phi_fixed_budget_reverse_engineering,"{""m_exploration"": 141118, ""safeguard"": 0.975, ""budget"": 1426696543}"
"U(0.0001,0.01), eps=1e-06",0.0001,0.01,1e-06,reverse_eng,1720956316,find_phi_fixed_budget_reverse_engineering,"{""m_exploration"": 205756, ""safeguard"": 0.975, ""budget"": 1720956316}"
"U(0.0001,0.01), eps=1e-06",0.0001,0.01,1e-06,reverse_eng,2075907911,find_phi_fixed_budget_reverse_engineering,"{""m_exploration"": 205756, ""safeguard"": 0.975, ""budget"": 2075907911}"
"U(0.0001,0.01), eps=1e-06",0.0001,0.01,1e-06,reverse_eng,2504069171,find_phi_fixed_budget_reverse_engineering,"{""m_exploration"": 205756, ""safeguard"": 0.95, ""budget"": 2504069171}"
"U(0.0001,0.01), eps=1e-06",0.0001,0.01,1e-06,reverse_eng,3020539774,find_phi_fixed_budget_reverse_engineering,"{""m_exploration"": 205756, ""safeguard"": 0.975, ""budget"": 3020539774}"
"U(0.0001,0.01), eps=1e-06",0.0001,0.01,1e-06,reverse_eng,3643533745,find_phi_fixed_budget_reverse_engineering,"{""m_exploration"": 205756, ""safeguard"": 0.95, ""budget"": 3643533745}"
"U(0.0001,0.01), eps=1e-06",0.0001,0.01,1e-06,reverse_eng,4395021800,find_phi_fixed_budget_reverse_engineering,"{""m_exploration"": 17736, ""safeguard"": 0.9, ""budget"": 4395021800}"
"U(0.0001,0.01), eps=1e-06",0.0001,0.01,1e-06,reverse_eng,5301506168,find_phi_fixed_budget_reverse_engineering,"{""m_exploration"": 116869, ""safeguard"": 0.95, ""budget"": 5301506168}"
"U(0.0001,0.01), eps=1e-06",0.0001,0.01,1e-06,reverse_eng,6394955231,find_phi_fixed_budget_reverse_engineering,"{""m_exploration"": 31225, ""safeguard"": 0.9, ""budget"": 6394955231}"
"U(0.0001,0.01), eps=1e-06",0.0001,0.01,1e-06,reverse_eng,7713930929,find_phi_fixed_budget_reverse_engineering,"{""m_exploration"": 25859, ""safeguard"": 0.85, ""budget"": 7713930929}"
"U(0.0001,0.01), eps=1e-06",0.0001,0.01,1e-06,reverse_eng,9304948704,find_phi_fixed_budget_reverse_engineering,"{""m_exploration"": 205756, ""safeguard"": 0.9, ""budget"": 9304948704}"
"U(0.0001,0.01), eps=1e-06",0.0001,0.01,1e-06,reverse_eng,11224117920,find_phi_fixed_budget_reverse_engineering,"{""m_exploration"": 116869, ""safeguard"": 0.85, ""budget"": 11224117920}"
"U(0.0001,0.01), eps=1e-06",0.0001,0.01,1e-06,reverse_eng,13539120643,find_phi_fixed_budget_reverse_engineering,"{""m_exploration"": 80155, ""safeguard"": 0.85, ""budget"": 13539120643}"
"U(0.0001,0.01), eps=1e-06",0.0001,0.01,1e-06,reverse_eng,16331598536,find_phi_fixed_budget_reverse_engineering,"{""m_exploration"": 45528, ""safeguard"": 0.8, ""budget"": 16331598536}"
"U(0.0001,0.01), eps=1e-06",0.0001,0.01,1e-06,reverse_eng,19700032061,find_phi_fixed_budget_reverse_engineering,"{""m_exploration"": 45528, ""safeguard"": 0.8, ""budget"": 19700032061}"
"U(0.0001,0.01), eps=1e-06",0.0001,0.01,1e-06,reverse_eng,23763213523,find_phi_fixed_budget_reverse_engineering,"{""m_exploration"": 45528, ""safeguard"": 0.8, ""budget"": 23763213523}"
"U(0.0001,0.01), eps=1e-06",0.0001,0.01,1e-06,reverse_eng,28664436445,find_phi_fixed_budget_reverse_engineering,"{""m_exploration"": 45528, ""safeguard"": 0.8, ""budget"": 28664436445}"
"U(0.0001,0.01), eps=1e-06",0.0001,0.01,1e-06,reverse_eng,34576548996,find_phi_fixed_budget_reverse_engineering,"{""m_exploration"": 45528, ""safeguard"": 0.8, ""budget"": 34576548996}"
"U(0.0001,0.01), eps=1e-06",0.0001,0.01,1e-06,reverse_eng,41708049721,find_phi_fixed_budget_reverse_engineering,"{""m_exploration"": 45528, ""safeguard"": 0.8, ""budget"": 41708049721}"
"U(0.0001,0.01), eps=1e-06",0.0001,0.01,1e-06,reverse_eng,50310440517,find_phi_fixed_budget_reverse_engineering,"{""m_exploration"": 45528, ""safeguard"": 0.8, ""budget"": 50310440517}"
"U(0.0001,0.01), eps=1e-06",0.0001,0.01,1e-06,reverse_eng,60687096183,find_phi_fixed_budget_reverse_engineering,"{""m_exploration"": 45528, ""safeguard"": 0.8, ""budget"": 60687096183}"
"U(0.0001,0.01), eps=1e-06",0.0001,0.01,1e-06,reverse_eng,73203963337,find_phi_fixed_budget_reverse_engineering,"{""m_exploration"": 45528, ""safeguard"": 0.8, ""budget"": 73203963337}"
"U(0.0001,0.01), eps=1e-06",0.0001,0.01,1e-06,reverse_eng,88302466015,find_phi_fixed_budget_reverse_engineering,"{""m_exploration"": 45528, ""safeguard"": 0.8, ""budget"": 88302466015}"
"U(0.0001,0.01), eps=1e-06",0.0001,0.01,1e-06,reverse_eng,106515073078,find_phi_fixed_budget_reverse_engineering,"{""m_exploration"": 45528, ""safeguard"": 0.8, ""budget"": 106515073078}"
"U(0.0001,0.01), eps=1e-06",0.0001,0.01,1e-06,reverse_eng,128484076433,find_phi_fixed_budget_reverse_engineering,"{""m_exploration"": 45528, ""safeguard"": 0.8, ""budget"": 128484076433}"
"U(0.0001,0.01), eps=1e-06",0.0001,0.01,1e-06,binary,85656050,find_phi_fixed_budget_binary_search,"{""m_exploration"": 433, ""safeguard"": 2, ""conf"": 0.5, ""budget"": 85656050}"
"U(0.0001,0.01), eps=1e-06",0.0001,0.01,1e-06,binary,103322828,find_phi_fixed_budget_binary_search,"{""m_exploration"": 433, ""safeguard"": 2, ""conf"": 0.5, ""budget"": 103322828}"
"U(0.0001,0.01), eps=1e-06",0.0001,0.01,1e-06,binary,124633422,find_phi_fixed_budget_binary_search,"{""m_exploration"": 433, ""safeguard"": 2, ""conf"": 0.5, ""budget"": 124633422}"
"U(0.0001,0.01), eps=1e-06",0.0001,0.01,1e-06,binary,150339381,find_phi_fixed_budget_binary_search,"{""m_exploration"": 201, ""safeguard"": 2, ""conf"": 0.5, ""budget"": 150339381}"
"U(0.0001,0.01), eps=1e-06",0.0001,0.01,1e-06,binary,181347259,find_phi_fixed_budget_binary_search,"{""m_exploration"": 936, ""safeguard"": 2, ""conf"": 0.65, ""budget"": 181347259}"
"U(0.0001,0.01), eps=1e-06",0.0001,0.01,1e-06,binary,218750591,find_phi_fixed_budget_binary_search,"{""m_exploration"": 936, ""safeguard"": 2, ""conf"": 0.65, ""budget"": 218750591}"
"U(0.0001,0.01), eps=1e-06",0.0001,0.01,1e-06,binary,263868453,find_phi_fixed_budget_binary_search,"{""m_exploration"": 936, ""safeguard"": 2, ""conf"": 0.65, ""budget"": 263868453}"
"U(0.0001,0.01), eps=1e-06",0.0001,0.01,1e-06,binary,318291990,find_phi_fixed_budget_binary_search,"{""m_exploration"": 936, ""safeguard"": 2, ""conf"": 0.65, ""budget"": 318291990}"
"U(0.0001,0.01), eps=1e-06",0.0001,0.01,1e-06,binary,383940518,find_phi_fixed_budget_binary_search,"{""m_exploration"": 936, ""safeguard"": 2, ""conf"": 0.65, ""budget"": 383940518}"
"U(0.0001,0.01), eps=1e-06",0.0001,0.01,1e-06,binary,463129222,find_phi_fixed_budget_binary_search,"{""m_exploration"": 2020, ""safeguard"": 2, ""conf"": 0.65, ""budget"": 463129222}"
"U(0.0001,0.01), eps=1e-06",0.0001,0.01,1e-06,binary,558650796,find_phi_fixed_budget_binary_search,"{""m_exploration"": 2020, ""safeguard"": 2, ""conf"": 0.65, ""budget"": 558650796}"
"U(0.0001,0.01), eps=1e-06",0.0001,0.01,1e-06,binary,673873936,find_phi_fixed_budget_binary_search,"{""m_exploration"": 2020, ""safeguard"": 2, ""conf"": 0.65, ""budget"": 673873936}"
"U(0.0001,0.01), eps=1e-06",0.0001,0.01,1e-06,binary,812862141,find_phi_fixed_budget_binary_search,"{""m_exploration"": 2020, ""safeguard"": 2, ""conf"": 0.65, ""budget"": 812862141}"
"U(0.0001,0.01), eps=1e-06",0.0001,0.01,1e-06,binary,980517014,find_phi_fixed_budget_binary_search,"{""m_exploration"": 2968, ""safeguard"": 2, ""conf"": 0.65, ""budget"": 980517014}"
"U(0.0001,0.01), eps=1e-06",0.0001,0.01,1e-06,binary,1182751130,find_phi_fixed_budget_binary_search,"{""m_exploration"": 2020, ""safeguard"": 2, ""conf"": 0.65, ""budget"": 1182751130}"
"U(0.0001,0.01), eps=1e-06",0.0001,0.01,1e-06,binary,1426696543,find_phi_fixed_budget_binary_search,"{""m_exploration"": 936, ""safeguard"": 2, ""conf"": 0.65, ""budget"": 1426696543}"
"U(0.0001,0.01), eps=1e-06",0.0001,0.01,1e-06,binary,1720956316,find_phi_fixed_budget_binary_search,"{""m_exploration"": 2968, ""safeguard"": 2, ""conf"": 0.5, ""budget"": 1720956316}"
"U(0.0001,0.01), eps=1e-06",0.0001,0.01,1e-06,binary,2075907911,find_phi_fixed_budget_binary_search,"{""m_exploration"": 2968, ""safeguard"": 2, ""conf"": 0.5, ""budget"": 2075907911}"
"U(0.0001,0.01), eps=1e-06",0.0001,0.01,1e-06,binary,2504069171,find_phi_fixed_budget_binary_search,"{""m_exploration"": 2968, ""safeguard"": 2, ""conf"": 0.5, ""budget"": 2504069171}"
"U(0.0001,0.01), eps=1e-06",0.0001,0.01,1e-06,binary,3020539774,find_phi_fixed_budget_binary_search,"{""m_exploration"": 2968, ""safeguard"": 2, ""conf"": 0.5, ""budget"": 3020539774}"
"U(0.0001,0.01), eps=1e-06",0.0001,0.01,1e-06,binary,3643533745,find_phi_fixed_budget_binary_search,"{""m_exploration"": 20314, ""safeguard"": 2, ""conf"": 0.8, ""budget"": 3643533745}"
"U(0.0001,0.01), eps=1e-06",0.0001,0.01,1e-06,binary,4395021800,find_phi_fixed_budget_binary_search,"{""m_exploration"": 20314, ""safeguard"": 2, ""conf"": 0.65, ""budget"": 4395021800}"
"U(0.0001,0.01), eps=1e-06",0.0001,0.01,1e-06,binary,5301506168,find_phi_fixed_budget_binary_search,"{""m_exploration"": 20314, ""safeguard"": 2, ""conf"": 0.65, ""budget"": 5301506168}"
"U(0.0001,0.01), eps=1e-06",0.0001,0.01,1e-06,binary,6394955231,find_phi_fixed_budget_binary_search,"{""m_exploration"": 20314, ""safeguard"": 2, ""conf"": 0.65, ""budget"": 6394955231}"
"U(0.0001,0.01), eps=1e-06",0.0001,0.01,1e-06,binary,7713930929,find_phi_fixed_budget_binary_search,"{""m_exploration"": 20314, ""safeguard"": 2, ""conf"": 0.65, ""budget"": 7713930929}"
"U(0.0001,0.01), eps=1e-06",0.0001,0.01,1e-06,binary,9304948704,find_phi_fixed_budget_binary_search,"{""m_exploration"": 29844, ""safeguard"": 2, ""conf"": 0.5, ""budget"": 9304948704}"
"U(0.0001,0.01), eps=1e-06",0.0001,0.01,1e-06,binary,11224117920,find_phi_fixed_budget_binary_search,"{""m_exploration"": 29844, ""safeguard"": 2, ""conf"": 0.5, ""budget"": 11224117920}"
"U(0.0001,0.01), eps=1e-06",0.0001,0.01,1e-06,binary,13539120643,find_phi_fixed_budget_binary_search,"{""m_exploration"": 94621, ""safeguard"": 2, ""conf"": 0.5, ""budget"": 13539120643}"
"U(0.0001,0.01), eps=1e-06",0.0001,0.01,1e-06,binary,16331598536,find_phi_fixed_budget_binary_search,"{""m_exploration"": 204210, ""safeguard"": 2, ""conf"": 0.5, ""budget"": 16331598536}"
"U(0.0001,0.01), eps=1e-06",0.0001,0.01,1e-06,binary,19700032061,find_phi_fixed_budget_binary_search,"{""m_exploration"": 43843, ""safeguard"": 2, ""conf"": 0.5, ""budget"": 19700032061}"
"U(0.0001,0.01), eps=1e-06",0.0001,0.01,1e-06,binary,23763213523,find_phi_fixed_budget_binary_search,"{""m_exploration"": 43843, ""safeguard"": 2, ""conf"": 0.5, ""budget"": 23763213523}"
"U(0.0001,0.01), eps=1e-06",0.0001,0.01,1e-06,binary,28664436445,find_phi_fixed_budget_binary_search,"{""m_exploration"": 43843, ""safeguard"": 2, ""conf"": 0.5, ""budget"": 28664436445}"
"U(0.0001,0.01), eps=1e-06",0.0001,0.01,1e-06,binary,34576548996,find_phi_fixed_budget_binary_search,"{""m_exploration"": 43843, ""safeguard"": 2, ""conf"": 0.5, ""budget"": 34576548996}"
"U(0.0001,0.01), eps=1e-06",0.0001,0.01,1e-06,binary,41708049721,find_phi_fixed_budget_binary_search,"{""m_exploration"": 43843, ""safeguard"": 2, ""conf"": 0.5, ""budget"": 41708049721}"
"U(0.0001,0.01), eps=1e-06",0.0001,0.01,1e-06,binary,50310440517,find_phi_fixed_budget_binary_search,"{""m_exploration"": 43843, ""safeguard"": 2, ""conf"": 0.5, ""budget"": 50310440517}"
"U(0.0001,0.01), eps=1e-06",0.0001,0.01,1e-06,binary,60687096183,find_phi_fixed_budget_binary_search,"{""m_exploration"": 43843, ""safeguard"": 2, ""conf"": 0.5, ""budget"": 60687096183}"
"U(0.0001,0.01), eps=1e-06",0.0001,0.01,1e-06,binary,73203963337,find_phi_fixed_budget_binary_search,"{""m_exploration"": 43843, ""safeguard"": 2, ""conf"": 0.5, ""budget"": 73203963337}"
"U(0.0001,0.01), eps=1e-06",0.0001,0.01,1e-06,binary,88302466015,find_phi_fixed_budget_binary_search,"{""m_exploration"": 43843, ""safeguard"": 2, ""conf"": 0.5, ""budget"": 88302466015}"
"U(0.0001,0.01), eps=1e-06",0.0001,0.01,1e-06,binary,106515073078,find_phi_fixed_budget_binary_search,"{""m_exploration"": 43843, ""safeguard"": 2, ""conf"": 0.5, ""budget"": 106515073078}"
"U(0.0001,0.01), eps=1e-06",0.0001,0.01,1e-06,binary,128484076433,find_phi_fixed_budget_binary_search,"{""m_exploration"": 43843, ""safeguard"": 2, ""conf"": 0.5, ""budget"": 128484076433}"
"U(0.0001,0.01), eps=1e-06",0.0001,0.01,1e-06,reverse_eng_risk,85656050,find_phi_fixed_budget_reverse_engineering_risk,"{""m_exploration"": 3250, ""eps_target"": 1e-06, ""budget"": 85656050}"
"U(0.0001,0.01), eps=1e-06",0.0001,0.01,1e-06,reverse_eng_risk,103322828,find_phi_fixed_budget_reverse_engineering_risk,"{""m_exploration"": 5722, ""eps_target"": 1e-06, ""budget"": 103322828}"
"U(0.0001,0.01), eps=1e-06",0.0001,0.01,1e-06,reverse_eng_risk,124633422,find_phi_fixed_budget_reverse_engineering_risk,"{""m_exploration"": 3250, ""eps_target"": 1e-06, ""budget"": 124633422}"
"U(0.0001,0.01), eps=1e-06",0.0001,0.01,1e-06,reverse_eng_risk,150339381,find_phi_fixed_budget_reverse_engineering_risk,"{""m_exploration"": 5722, ""eps_target"": 1e-06, ""budget"": 150339381}"
"U(0.0001,0.01), eps=1e-06",0.0001,0.01,1e-06,reverse_eng_risk,181347259,find_phi_fixed_budget_reverse_engineering_risk,"{""m_exploration"": 4738, ""eps_target"": 1e-06, ""budget"": 181347259}"
"U(0.0001,0.01), eps=1e-06",0.0001,0.01,1e-06,reverse_eng_risk,218750591,find_phi_fixed_budget_reverse_engineering_risk,"{""m_exploration"": 3924, ""eps_target"": 1e-06, ""budget"": 218750591}"
"U(0.0001,0.01), eps=1e-06",0.0001,0.01,1e-06,reverse_eng_risk,263868453,find_phi_fixed_budget_reverse_engineering_risk,"{""m_exploration"": 3924, ""eps_target"": 1e-06, ""budget"": 263868453}"
"U(0.0001,0.01), eps=1e-06",0.0001,0.01,1e-06,reverse_eng_risk,318291990,find_phi_fixed_budget_reverse_engineering_risk,"{""m_exploration"": 8343, ""eps_target"": 1e-06, ""budget"": 318291990}"
"U(0.0001,0.01), eps=1e-06",0.0001,0.01,1e-06,reverse_eng_risk,383940518,find_phi_fixed_budget_reverse_engineering_risk,"{""m_exploration"": 3924, ""eps_target"": 1e-06, ""budget"": 383940518}"
"U(0.0001,0.01), eps=1e-06",0.0001,0.01,1e-06,reverse_eng_risk,463129222,find_phi_fixed_budget_reverse_engineering_risk,"{""m_exploration"": 5722, ""eps_target"": 1e-06, ""budget"": 463129222}"
"U(0.0001,0.01), eps=1e-06",0.0001,0.01,1e-06,reverse_eng_risk,558650796,find_phi_fixed_budget_reverse_engineering_risk,"{""m_exploration"": 14688, ""eps_target"": 1e-06, ""budget"": 558650796}"
"U(0.0001,0.01), eps=1e-06",0.0001,0.01,1e-06,reverse_eng_risk,673873936,find_phi_fixed_budget_reverse_engineering_risk,"{""m_exploration"": 12164, ""eps_target"": 1e-06, ""budget"": 673873936}"
"U(0.0001,0.01), eps=1e-06",0.0001,0.01,1e-06,reverse_eng_risk,812862141,find_phi_fixed_budget_reverse_engineering_risk,"{""m_exploration"": 12164, ""eps_target"": 1e-06, ""budget"": 812862141}"
"U(0.0001,0.01), eps=1e-06",0.0001,0.01,1e-06,reverse_eng_risk,980517014,find_phi_fixed_budget_reverse_engineering_risk,"{""m_exploration"": 170399, ""eps_target"": 1e-06, ""budget"": 980517014}"
"U(0.0001,0.01), eps=1e-06",0.0001,0.01,1e-06,reverse_eng_risk,1182751130,find_phi_fixed_budget_reverse_engineering_risk,"{""m_exploration"": 12164, ""eps_target"": 1e-06, ""budget"": 1182751130}"
"U(0.0001,0.01), eps=1e-06",0.0001,0.01,1e-06,reverse_eng_risk,1426696543,find_phi_fixed_budget_reverse_engineering_risk,"{""m_exploration"": 12164, ""eps_target"": 1e-06, ""budget"": 1426696543}"
"U(0.0001,0.01), eps=1e-06",0.0001,0.01,1e-06,reverse_eng_risk,1720956316,find_phi_fixed_budget_reverse_engineering_risk,"{""m_exploration"": 8343, ""eps_target"": 1e-06, ""budget"": 1720956316}"
"U(0.0001,0.01), eps=1e-06",0.0001,0.01,1e-06,reverse_eng_risk,2075907911,find_phi_fixed_budget_reverse_engineering_risk,"{""m_exploration"": 14688, ""eps_target"": 1e-06, ""budget"": 2075907911}"
"U(0.0001,0.01), eps=1e-06",0.0001,0.01,1e-06,reverse_eng_risk,2504069171,find_phi_fixed_budget_reverse_engineering_risk,"{""m_exploration"": 14688, ""eps_target"": 1e-06, ""budget"": 2504069171}"
"U(0.0001,0.01), eps=1e-06",0.0001,0.01,1e-06,reverse_eng_risk,3020539774,find_phi_fixed_budget_reverse_engineering_risk,"{""m_exploration"": 14688, ""eps_target"": 1e-06, ""budget"": 3020539774}"
"U(0.0001,0.01), eps=1e-06",0.0001,0.01,1e-06,reverse_eng_risk,3643533745,find_phi_fixed_budget_reverse_engineering_risk,"{""m_exploration"": 12164, ""eps_target"": 1e-06, ""budget"": 3643533745}"
"U(0.0001,0.01), eps=1e-06",0.0001,0.01,1e-06,reverse_eng_risk,4395021800,find_phi_fixed_budget_reverse_engineering_risk,"{""m_exploration"": 10074, ""eps_target"": 1e-06, ""budget"": 4395021800}"
"U(0.0001,0.01), eps=1e-06",0.0001,0.01,1e-06,reverse_eng_risk,5301506168,find_phi_fixed_budget_reverse_engineering_risk,"{""m_exploration"": 14688, ""eps_target"": 1e-06, ""budget"": 5301506168}"
"U(0.0001,0.01), eps=1e-06",0.0001,0.01,1e-06,reverse_eng_risk,6394955231,find_phi_fixed_budget_reverse_engineering_risk,"{""m_exploration"": 14688, ""eps_target"": 1e-06, ""budget"": 6394955231}"
"U(0.0001,0.01), eps=1e-06",0.0001,0.01,1e-06,reverse_eng_risk,7713930929,find_phi_fixed_budget_reverse_engineering_risk,"{""m_exploration"": 25859, ""eps_target"": 1e-06, ""budget"": 7713930929}"
"U(0.0001,0.01), eps=1e-06",0.0001,0.01,1e-06,reverse_eng_risk,9304948704,find_phi_fixed_budget_reverse_engineering_risk,"{""m_exploration"": 280, ""eps_target"": 1e-06, ""budget"": 9304948704}"
"U(0.0001,0.01), eps=1e-06",0.0001,0.01,1e-06,reverse_eng_risk,11224117920,find_phi_fixed_budget_reverse_engineering_risk,"{""m_exploration"": 4738, ""eps_target"": 1e-06, ""budget"": 11224117920}"
"U(0.0001,0.01), eps=1e-06",0.0001,0.01,1e-06,reverse_eng_risk,13539120643,find_phi_fixed_budget_reverse_engineering_risk,"{""m_exploration"": 4738, ""eps_target"": 1e-06, ""budget"": 13539120643}"
"U(0.0001,0.01), eps=1e-06",0.0001,0.01,1e-06,reverse_eng_risk,16331598536,find_phi_fixed_budget_reverse_engineering_risk,"{""m_exploration"": 90, ""eps_target"": 1e-06, ""budget"": 16331598536}"
"U(0.0001,0.01), eps=1e-06",0.0001,0.01,1e-06,reverse_eng_risk,19700032061,find_phi_fixed_budget_reverse_engineering_risk,"{""m_exploration"": 24, ""eps_target"": 1e-06, ""budget"": 19700032061}"
"U(0.0001,0.01), eps=1e-06",0.0001,0.01,1e-06,reverse_eng_risk,23763213523,find_phi_fixed_budget_reverse_engineering_risk,"{""m_exploration"": 20, ""eps_target"": 1e-06, ""budget"": 23763213523}"
"U(0.0001,0.01), eps=1e-06",0.0001,0.01,1e-06,reverse_eng_risk,28664436445,find_phi_fixed_budget_reverse_engineering_risk,"{""m_exploration"": 20, ""eps_target"": 1e-06, ""budget"": 28664436445}"
"U(0.0001,0.01), eps=1e-06",0.0001,0.01,1e-06,reverse_eng_risk,34576548996,find_phi_fixed_budget_reverse_engineering_risk,"{""m_exploration"": 20, ""eps_target"": 1e-06, ""budget"": 34576548996}"
"U(0.0001,0.01), eps=1e-06",0.0001,0.01,1e-06,reverse_eng_risk,41708049721,find_phi_fixed_budget_reverse_engineering_risk,"{""m_exploration"": 20, ""eps_target"": 1e-06, ""budget"": 41708049721}"
"U(0.0001,0.01), eps=1e-06",0.0001,0.01,1e-06,reverse_eng_risk,50310440517,find_phi_fixed_budget_reverse_engineering_risk,"{""m_exploration"": 20, ""eps_target"": 1e-06, ""budget"": 50310440517}"
"U(0.0001,0.01), eps=1e-06",0.0001,0.01,1e-06,reverse_eng_risk,60687096183,find_phi_fixed_budget_reverse_engineering_risk,"{""m_exploration"": 20, ""eps_target"": 1e-06, ""budget"": 60687096183}"
"U(0.0001,0.01), eps=1e-06",0.0001,0.01,1e-06,reverse_eng_risk,73203963337,find_phi_fixed_budget_reverse_engineering_risk,"{""m_exploration"": 20, ""eps_target"": 1e-06, ""budget"": 73203963337}"
"U(0.0001,0.01), eps=1e-06",0.0001,0.01,1e-06,reverse_eng_risk,88302466015,find_phi_fixed_budget_reverse_engineering_risk,"{""m_exploration"": 20, ""eps_target"": 1e-06, ""budget"": 88302466015}"
"U(0.0001,0.01), eps=1e-06",0.0001,0.01,1e-06,reverse_eng_risk,106515073078,find_phi_fixed_budget_reverse_engineering_risk,"{""m_exploration"": 20, ""eps_target"": 1e-06, ""budget"": 106515073078}"
"U(0.0001,0.01), eps=1e-06",0.0001,0.01,1e-06,reverse_eng_risk,128484076433,find_phi_fixed_budget_reverse_engineering_risk,"{""m_exploration"": 20, ""eps_target"": 1e-06, ""budget"": 128484076433}"
"U(0.0001,0.01), eps=1e-06",0.0001,0.01,1e-06,binary_risk,85656050,find_phi_fixed_budget_binary_search_risk,"{""m_exploration"": 13828, ""conf"": 0.5, ""eps_target"": 1e-06, ""budget"": 85656050}"
"U(0.0001,0.01), eps=1e-06",0.0001,0.01,1e-06,binary_risk,103322828,find_phi_fixed_budget_binary_search_risk,"{""m_exploration"": 13828, ""conf"": 0.5, ""eps_target"": 1e-06, ""budget"": 103322828}"
"U(0.0001,0.01), eps=1e-06",0.0001,0.01,1e-06,binary_risk,124633422,find_phi_fixed_budget_binary_search_risk,"{""m_exploration"": 20314, ""conf"": 0.5, ""eps_target"": 1e-06, ""budget"": 124633422}"
"U(0.0001,0.01), eps=1e-06",0.0001,0.01,1e-06,binary_risk,150339381,find_phi_fixed_budget_binary_search_risk,"{""m_exploration"": 29844, ""conf"": 0.5, ""eps_target"": 1e-06, ""budget"": 150339381}"
"U(0.0001,0.01), eps=1e-06",0.0001,0.01,1e-06,binary_risk,181347259,find_phi_fixed_budget_binary_search_risk,"{""m_exploration"": 29844, ""conf"": 0.5, ""eps_target"": 1e-06, ""budget"": 181347259}"
"U(0.0001,0.01), eps=1e-06",0.0001,0.01,1e-06,binary_risk,218750591,find_phi_fixed_budget_binary_search_risk,"{""m_exploration"": 637, ""conf"": 0.65, ""eps_target"": 1e-06, ""budget"": 218750591}"
"U(0.0001,0.01), eps=1e-06",0.0001,0.01,1e-06,binary_risk,263868453,find_phi_fixed_budget_binary_search_risk,"{""m_exploration"": 637, ""conf"": 0.5, ""eps_target"": 1e-06, ""budget"": 263868453}"
"U(0.0001,0.01), eps=1e-06",0.0001,0.01,1e-06,binary_risk,318291990,find_phi_fixed_budget_binary_search_risk,"{""m_exploration"": 637, ""conf"": 0.5, ""eps_target"": 1e-06, ""budget"": 318291990}"
"U(0.0001,0.01), eps=1e-06",0.0001,0.01,1e-06,binary_risk,383940518,find_phi_fixed_budget_binary_search_risk,"{""m_exploration"": 637, ""conf"": 0.5, ""eps_target"": 1e-06, ""budget"": 383940518}"
"U(0.0001,0.01), eps=1e-06",0.0001,0.01,1e-06,binary_risk,463129222,find_phi_fixed_budget_binary_search_risk,"{""m_exploration"": 637, ""conf"": 0.5, ""eps_target"": 1e-06, ""budget"": 463129222}"
"U(0.0001,0.01), eps=1e-06",0.0001,0.01,1e-06,binary_risk,558650796,find_phi_fixed_budget_binary_search_risk,"{""m_exploration"": 2020, ""conf"": 0.65, ""eps_target"": 1e-06, ""budget"": 558650796}"
"U(0.0001,0.01), eps=1e-06",0.0001,0.01,1e-06,binary_risk,673873936,find_phi_fixed_budget_binary_search_risk,"{""m_exploration"": 2020, ""conf"": 0.65, ""eps_target"": 1e-06, ""budget"": 673873936}"
"U(0.0001,0.01), eps=1e-06",0.0001,0.01,1e-06,binary_risk,812862141,find_phi_fixed_budget_binary_search_risk,"{""m_exploration"": 2020, ""conf"": 0.9, ""eps_target"": 1e-06, ""budget"": 812862141}"
"U(0.0001,0.01), eps=1e-06",0.0001,0.01,1e-06,binary_risk,980517014,find_phi_fixed_budget_binary_search_risk,"{""m_exploration"": 139006, ""conf"": 0.5, ""eps_target"": 1e-06, ""budget"": 980517014}"
"U(0.0001,0.01), eps=1e-06",0.0001,0.01,1e-06,binary_risk,1182751130,find_phi_fixed_budget_binary_search_risk,"{""m_exploration"": 2020, ""conf"": 0.5, ""eps_target"": 1e-06, ""budget"": 1182751130}"
"U(0.0001,0.01), eps=1e-06",0.0001,0.01,1e-06,binary_risk,1426696543,find_phi_fixed_budget_binary_search_risk,"{""m_exploration"": 2020, ""conf"": 0.5, ""eps_target"": 1e-06, ""budget"": 1426696543}"
"U(0.0001,0.01), eps=1e-06",0.0001,0.01,1e-06,binary_risk,1720956316,find_phi_fixed_budget_binary_search_risk,"{""m_exploration"": 936, ""conf"": 0.65, ""eps_target"": 1e-06, ""budget"": 1720956316}"
"U(0.0001,0.01), eps=1e-06",0.0001,0.01,1e-06,binary_risk,2075907911,find_phi_fixed_budget_binary_search_risk,"{""m_exploration"": 2968, ""conf"": 0.5, ""eps_target"": 1e-06, ""budget"": 2075907911}"
"U(0.0001,0.01), eps=1e-06",0.0001,0.01,1e-06,binary_risk,2504069171,find_phi_fixed_budget_binary_search_risk,"{""m_exploration"": 2020, ""conf"": 0.5, ""eps_target"": 1e-06, ""budget"": 2504069171}"
"U(0.0001,0.01), eps=1e-06",0.0001,0.01,1e-06,binary_risk,3020539774,find_phi_fixed_budget_binary_search_risk,"{""m_exploration"": 2968, ""conf"": 0.5, ""eps_target"": 1e-06, ""budget"": 3020539774}"
"U(0.0001,0.01), eps=1e-06",0.0001,0.01,1e-06,binary_risk,3643533745,find_phi_fixed_budget_binary_search_risk,"{""m_exploration"": 2020, ""conf"": 0.5, ""eps_target"": 1e-06, ""budget"": 3643533745}"
"U(0.0001,0.01), eps=1e-06",0.0001,0.01,1e-06,binary_risk,4395021800,find_phi_fixed_budget_binary_search_risk,"{""m_exploration"": 2020, ""conf"": 0.5, ""eps_target"": 1e-06, ""budget"": 4395021800}"
"U(0.0001,0.01), eps=1e-06",0.0001,0.01,1e-06,binary_risk,5301506168,find_phi_fixed_budget_binary_search_risk,"{""m_exploration"": 2020, ""conf"": 0.5, ""eps_target"": 1e-06, ""budget"": 5301506168}"
"U(0.0001,0.01), eps=1e-06",0.0001,0.01,1e-06,binary_risk,6394955231,find_phi_fixed_budget_binary_search_risk,"{""m_exploration"": 637, ""conf"": 0.5, ""eps_target"": 1e-06, ""budget"": 6394955231}"
"U(0.0001,0.01), eps=1e-06",0.0001,0.01,1e-06,binary_risk,7713930929,find_phi_fixed_budget_binary_search_risk,"{""m_exploration"": 2020, ""conf"": 0.5, ""eps_target"": 1e-06, ""budget"": 7713930929}"
"U(0.0001,0.01), eps=1e-06",0.0001,0.01,1e-06,binary_risk,9304948704,find_phi_fixed_budget_binary_search_risk,"{""m_exploration"": 637, ""conf"": 0.5, ""eps_target"": 1e-06, ""budget"": 9304948704}"
"U(0.0001,0.01), eps=1e-06",0.0001,0.01,1e-06,binary_risk,11224117920,find_phi_fixed_budget_binary_search_risk,"{""m_exploration"": 13828, ""conf"": 0.5, ""eps_target"": 1e-06, ""budget"": 11224117920}"
"U(0.0001,0.01), eps=1e-06",0.0001,0.01,1e-06,binary_risk,13539120643,find_phi_fixed_budget_binary_search_risk,"{""m_exploration"": 6407, ""conf"": 0.5, ""eps_target"": 1e-06, ""budget"": 13539120643}"
"U(0.0001,0.01), eps=1e-06",0.0001,0.01,1e-06,binary_risk,16331598536,find_phi_fixed_budget_binary_search_risk,"{""m_exploration"": 1375, ""conf"": 0.5, ""eps_target"": 1e-06, ""budget"": 16331598536}"
"U(0.0001,0.01), eps=1e-06",0.0001,0.01,1e-06,binary_risk,19700032061,find_phi_fixed_budget_binary_search_risk,"{""m_exploration"": 63, ""conf"": 0.5, ""eps_target"": 1e-06, ""budget"": 19700032061}"
"U(0.0001,0.01), eps=1e-06",0.0001,0.01,1e-06,binary_risk,23763213523,find_phi_fixed_budget_binary_search_risk,"{""m_exploration"": 63, ""conf"": 0.5, ""eps_target"": 1e-06, ""budget"": 23763213523}"
"U(0.0001,0.01), eps=1e-06",0.0001,0.01,1e-06,binary_risk,28664436445,find_phi_fixed_budget_binary_search_risk,"{""m_exploration"": 63, ""conf"": 0.5, ""eps_target"": 1e-06, ""budget"": 28664436445}"
"U(0.0001,0.01), eps=1e-06",0.0001,0.01,1e-06,binary_risk,34576548996,find_phi_fixed_budget_binary_search_risk,"{""m_exploration"": 43, ""conf"": 0.5, ""eps_target"": 1e-06, ""budget"": 34576548996}"
"U(0.0001,0.01), eps=1e-06",0.0001,0.01,1e-06,binary_risk,41708049721,find_phi_fixed_budget_binary_search_risk,"{""m_exploration"": 20, ""conf"": 0.5, ""eps_target"": 1e-06, ""budget"": 41708049721}"
"U(0.0001,0.01), eps=1e-06",0.0001,0.01,1e-06,binary_risk,50310440517,find_phi_fixed_budget_binary_search_risk,"{""m_exploration"": 20, ""conf"": 0.5, ""eps_target"": 1e-06, ""budget"": 50310440517}"
"U(0.0001,0.01), eps=1e-06",0.0001,0.01,1e-06,binary_risk,60687096183,find_phi_fixed_budget_binary_search_risk,"{""m_exploration"": 20, ""conf"": 0.5, ""eps_target"": 1e-06, ""budget"": 60687096183}"
"U(0.0001,0.01), eps=1e-06",0.0001,0.01,1e-06,binary_risk,73203963337,find_phi_fixed_budget_binary_search_risk,"{""m_exploration"": 20, ""conf"": 0.5, ""eps_target"": 1e-06, ""budget"": 73203963337}"
"U(0.0001,0.01), eps=1e-06",0.0001,0.01,1e-06,binary_risk,88302466015,find_phi_fixed_budget_binary_search_risk,"{""m_exploration"": 20, ""conf"": 0.5, ""eps_target"": 1e-06, ""budget"": 88302466015}"
"U(0.0001,0.01), eps=1e-06",0.0001,0.01,1e-06,binary_risk,106515073078,find_phi_fixed_budget_binary_search_risk,"{""m_exploration"": 20, ""conf"": 0.5, ""eps_target"": 1e-06, ""budget"": 106515073078}"
"U(0.0001,0.01), eps=1e-06",0.0001,0.01,1e-06,binary_risk,128484076433,find_phi_fixed_budget_binary_search_risk,"{""m_exploration"": 20, ""conf"": 0.5, ""eps_target"": 1e-06, ""budget"": 128484076433}"
"U(0.005,0.05), eps=1e-04",0.005,0.05,0.0001,linear,43380,find_phi_fixed_budget_linear_search,"{""m_exploration"": 3, ""lookback_window"": 5, ""safeguard"": 5, ""inc"": 2, ""budget"": 43380}"
"U(0.005,0.05), eps=1e-04",0.005,0.05,0.0001,linear,52328,find_phi_fixed_budget_linear_search,"{""m_exploration"": 3, ""lookback_window"": 5, ""safeguard"": 5, ""inc"": 2, ""budget"": 52328}"
"U(0.005,0.05), eps=1e-04",0.005,0.05,0.0001,linear,63120,find_phi_fixed_budget_linear_search,"{""m_exploration"": 3, ""lookback_window"": 5, ""safeguard"": 3, ""inc"": 1, ""budget"": 63120}"
"U(0.005,0.05), eps=1e-04",0.005,0.05,0.0001,linear,76139,find_phi_fixed_budget_linear_search,"{""m_exploration"": 5, ""lookback_window"": 5, ""safeguard"": 3, ""inc"": 1, ""budget"": 76139}"
"U(0.005,0.05), eps=1e-04",0.005,0.05,0.0001,linear,91843,find_phi_fixed_budget_linear_search,"{""m_exploration"": 5, ""lookback_window"": 5, ""safeguard"": 5, ""inc"": 1, ""budget"": 91843}"
"U(0.005,0.05), eps=1e-04",0.005,0.05,0.0001,linear,110786,find_phi_fixed_budget_linear_search,"{""m_exploration"": 5, ""lookback_window"": 5, ""safeguard"": 3, ""inc"": 1, ""budget"": 110786}"
"U(0.005,0.05), eps=1e-04",0.005,0.05,0.0001,linear,133636,find_phi_fixed_budget_linear_search,"{""m_exploration"": 5, ""lookback_window"": 5, ""safeguard"": 3, ""inc"": 1, ""budget"": 133636}"
"U(0.005,0.05), eps=1e-04",0.005,0.05,0.0001,linear,161199,find_phi_fixed_budget_linear_search,"{""m_exploration"": 5, ""lookback_window"": 5, ""safeguard"": 3, ""inc"": 1, ""budget"": 161199}"
"U(0.005,0.05), eps=1e-04",0.005,0.05,0.0001,linear,194447,find_phi_fixed_budget_linear_search,"{""m_exploration"": 14, ""lookback_window"": 5, ""safeguard"": 5, ""inc"": 5, ""budget"": 194447}"
"U(0.005,0.05), eps=1e-04",0.005,0.05,0.0001,linear,234552,find_phi_fixed_budget_linear_search,"{""m_exploration"": 14, ""lookback_window"": 5, ""safeguard"": 5, ""inc"": 5, ""budget"": 234552}"
"U(0.005,0.05), eps=1e-04",0.005,0.05,0.0001,linear,282929,find_phi_fixed_budget_linear_search,"{""m_exploration"": 19, ""lookback_window"": 5, ""safeguard"": 5, ""inc"": 5, ""budget"": 282929}"
"U(0.005,0.05), eps=1e-04",0.005,0.05,0.0001,linear,341284,find_phi_fixed_budget_linear_search,"{""m_exploration"": 19, ""lookback_window"": 5, ""safeguard"": 5, ""inc"": 5, ""budget"": 341284}"
"U(0.005,0.05), eps=1e-04",0.005,0.05,0.0001,linear,411675,find_phi_fixed_budget_linear_search,"{""m_exploration"": 19, ""lookback_window"": 5, ""safeguard"": 5, ""inc"": 5, ""budget"": 411675}"
"U(0.005,0.05), eps=1e-04",0.005,0.05,0.0001,linear,496584,find_phi_fixed_budget_linear_search,"{""m_exploration"": 19, ""lookback_window"": 5, ""safeguard"": 3, ""inc"": 2, ""budget"": 496584}"
"U(0.005,0.05), eps=1e-04",0.005,0.05,0.0001,linear,599006,find_phi_fixed_budget_linear_search,"{""m_exploration"": 57, ""lookback_window"": 5, ""safeguard"": 2, ""inc"": 5, ""budget"": 599006}"
"U(0.005,0.05), eps=1e-04",0.005,0.05,0.0001,linear,722552,find_phi_fixed_budget_linear_search,"{""m_exploration"": 57, ""lookback_window"": 5, ""safeguard"": 2, ""inc"": 5, ""budget"": 722552}"
"U(0.005,0.05), eps=1e-04",0.005,0.05,0.0001,linear,871581,find_phi_fixed_budget_linear_search,"{""m_exploration"": 97, ""lookback_window"": 5, ""safeguard"": 3, ""inc"": 5, ""budget"": 871581}"
"U(0.005,0.05), eps=1e-04",0.005,0.05,0.0001,linear,1051346,find_phi_fixed_budget_linear_search,"{""m_exploration"": 97, ""lookback_window"": 5, ""safeguard"": 3, ""inc"": 5, ""budget"": 1051346}"
"U(0.005,0.05), eps=1e-04",0.005,0.05,0.0001,linear,1268189,find_phi_fixed_budget_linear_search,"{""m_exploration"": 97, ""lookback_window"": 5, ""safeguard"": 3, ""inc"": 5, ""budget"": 1268189}"
"U(0.005,0.05), eps=1e-04",0.005,0.05,0.0001,linear,1529757,find_phi_fixed_budget_linear_search,"{""m_exploration"": 33, ""lookback_window"": 5, ""safeguard"": 3, ""inc"": 1, ""budget"": 1529757}"
"U(0.005,0.05), eps=1e-04",0.005,0.05,0.0001,linear,1845273,find_phi_fixed_budget_linear_search,"{""m_exploration"": 97, ""lookback_window"": 5, ""safeguard"": 3, ""inc"": 2, ""budget"": 1845273}"
"U(0.005,0.05), eps=1e-04",0.005,0.05,0.0001,linear,2225865,find_phi_fixed_budget_linear_search,"{""m_exploration"": 217, ""lookback_window"": 5, ""safeguard"": 3, ""inc"": 5, ""budget"": 2225865}"
"U(0.005,0.05), eps=1e-04",0.005,0.05,0.0001,linear,2684956,find_phi_fixed_budget_linear_search,"{""m_exploration"": 97, ""lookback_window"": 5, ""safeguard"": 2, ""inc"": 2, ""budget"": 2684956}"
"U(0.005,0.05), eps=1e-04",0.005,0.05,0.0001,linear,3238735,find_phi_fixed_budget_linear_search,"{""m_exploration"": 284, ""lookback_window"": 5, ""safeguard"": 2, ""inc"": 5, ""budget"": 3238735}"
"U(0.005,0.05), eps=1e-04",0.005,0.05,0.0001,linear,3906732,find_phi_fixed_budget_linear_search,"{""m_exploration"": 284, ""lookback_window"": 5, ""safeguard"": 2, ""inc"": 5, ""budget"": 3906732}"
"U(0.005,0.05), eps=1e-04",0.005,0.05,0.0001,linear,4712506,find_phi_fixed_budget_linear_search,"{""m_exploration"": 284, ""lookback_window"": 3, ""safeguard"": 2, ""inc"": 5, ""budget"": 4712506}"
"U(0.005,0.05), eps=1e-04",0.005,0.05,0.0001,linear,5684472,find_phi_fixed_budget_linear_search,"{""m_exploration"": 97, ""lookback_window"": 5, ""safeguard"": 2, ""inc"": 1, ""budget"": 5684472}"
"U(0.005,0.05), eps=1e-04",0.005,0.05,0.0001,linear,6856909,find_phi_fixed_budget_linear_search,"{""m_exploration"": 97, ""lookback_window"": 2, ""safeguard"": 3, ""inc"": 5, ""budget"": 6856909}"
"U(0.005,0.05), eps=1e-04",0.005,0.05,0.0001,linear,8271164,find_phi_fixed_budget_linear_search,"{""m_exploration"": 25, ""lookback_window"": 2, ""safeguard"": 2, ""inc"": 1, ""budget"": 8271164}"
"U(0.005,0.05), eps=1e-04",0.005,0.05,0.0001,linear,9977113,find_phi_fixed_budget_linear_search,"{""m_exploration"": 14, ""lookback_window"": 1, ""safeguard"": 2, ""inc"": 1, ""budget"": 9977113}"
"U(0.005,0.05), eps=1e-04",0.005,0.05,0.0001,linear,12034917,find_phi_fixed_budget_linear_search,"{""m_exploration"": 3, ""lookback_window"": 1, ""safeguard"": 5, ""inc"": 1, ""budget"": 12034917}"
"U(0.005,0.05), eps=1e-04",0.005,0.05,0.0001,linear,14517150,find_phi_fixed_budget_linear_search,"{""m_exploration"": 3, ""lookback_window"": 1, ""safeguard"": 5, ""inc"": 1, ""budget"": 14517150}"
"U(0.005,0.05), eps=1e-04",0.005,0.05,0.0001,linear,17511349,find_phi_fixed_budget_linear_search,"{""m_exploration"": 3, ""lookback_window"": 1, ""safeguard"": 5, ""inc"": 1, ""budget"": 17511349}"
"U(0.005,0.05), eps=1e-04",0.005,0.05,0.0001,linear,21123109,find_phi_fixed_budget_linear_search,"{""m_exploration"": 3, ""lookback_window"": 1, ""safeguard"": 5, ""inc"": 1, ""budget"": 21123109}"
"U(0.005,0.05), eps=1e-04",0.005,0.05,0.0001,linear,25479803,find_phi_fixed_budget_linear_search,"{""m_exploration"": 3, ""lookback_window"": 1, ""safeguard"": 5, ""inc"": 1, ""budget"": 25479803}"
"U(0.005,0.05), eps=1e-04",0.005,0.05,0.0001,linear,30735077,find_phi_fixed_budget_linear_search,"{""m_exploration"": 3, ""lookback_window"": 1, ""safeguard"": 5, ""inc"": 1, ""budget"": 30735077}"
"U(0.005,0.05), eps=1e-04",0.005,0.05,0.0001,linear,37074265,find_phi_fixed_budget_linear_search,"{""m_exploration"": 3, ""lookback_window"": 1, ""safeguard"": 5, ""inc"": 1, ""budget"": 37074265}"
"U(0.005,0.05), eps=1e-04",0.005,0.05,0.0001,linear,44720926,find_phi_fixed_budget_linear_search,"{""m_exploration"": 3, ""lookback_window"": 1, ""safeguard"": 5, ""inc"": 1, ""budget"": 44720926}"
"U(0.005,0.05), eps=1e-04",0.005,0.05,0.0001,linear,53944730,find_phi_fixed_budget_linear_search,"{""m_exploration"": 3, ""lookback_window"": 1, ""safeguard"": 5, ""inc"": 1, ""budget"": 53944730}"
"U(0.005,0.05), eps=1e-04",0.005,0.05,0.0001,linear,65070967,find_phi_fixed_budget_linear_search,"{""m_exploration"": 3, ""lookback_window"": 1, ""safeguard"": 5, ""inc"": 1, ""budget"": 65070967}"
"U(0.005,0.05), eps=1e-04",0.005,0.05,0.0001,reverse_eng,43380,find_phi_fixed_budget_reverse_engineering,"{""m_exploration"": 159, ""safeguard"": 0.925, ""budget"": 43380}"
"U(0.005,0.05), eps=1e-04",0.005,0.05,0.0001,reverse_eng,52328,find_phi_fixed_budget_reverse_engineering,"{""m_exploration"": 280, ""safeguard"": 0.8, ""budget"": 52328}"
"U(0.005,0.05), eps=1e-04",0.005,0.05,0.0001,reverse_eng,63120,find_phi_fixed_budget_reverse_engineering,"{""m_exploration"": 159, ""safeguard"": 0.9, ""budget"": 63120}"
"U(0.005,0.05), eps=1e-04",0.005,0.05,0.0001,reverse_eng,76139,find_phi_fixed_budget_reverse_engineering,"{""m_exploration"": 338, ""safeguard"": 0.85, ""budget"": 76139}"
"U(0.005,0.05), eps=1e-04",0.005,0.05,0.0001,reverse_eng,91843,find_phi_fixed_budget_reverse_engineering,"{""m_exploration"": 159, ""safeguard"": 0.8, ""budget"": 91843}"
"U(0.005,0.05), eps=1e-04",0.005,0.05,0.0001,reverse_eng,110786,find_phi_fixed_budget_reverse_engineering,"{""m_exploration"": 338, ""safeguard"": 0.9, ""budget"": 110786}"
"U(0.005,0.05), eps=1e-04",0.005,0.05,0.0001,reverse_eng,133636,find_phi_fixed_budget_reverse_engineering,"{""m_exploration"": 338, ""safeguard"": 0.9, ""budget"": 133636}"
"U(0.005,0.05), eps=1e-04",0.005,0.05,0.0001,reverse_eng,161199,find_phi_fixed_budget_reverse_engineering,"{""m_exploration"": 493, ""safeguard"": 0.9, ""budget"": 161199}"
"U(0.005,0.05), eps=1e-04",0.005,0.05,0.0001,reverse_eng,194447,find_phi_fixed_budget_reverse_engineering,"{""m_exploration"": 338, ""safeguard"": 0.9, ""budget"": 194447}"
"U(0.005,0.05), eps=1e-04",0.005,0.05,0.0001,reverse_eng,234552,find_phi_fixed_budget_reverse_engineering,"{""m_exploration"": 1048, ""safeguard"": 0.9, ""budget"": 234552}"
"U(0.005,0.05), eps=1e-04",0.005,0.05,0.0001,reverse_eng,282929,find_phi_fixed_budget_reverse_engineering,"{""m_exploration"": 868, ""safeguard"": 0.925, ""budget"": 282929}"
"U(0.005,0.05), eps=1e-04",0.005,0.05,0.0001,reverse_eng,341284,find_phi_fixed_budget_reverse_engineering,"{""m_exploration"": 338, ""safeguard"": 0.85, ""budget"": 341284}"
"U(0.005,0.05), eps=1e-04",0.005,0.05,0.0001,reverse_eng,411675,find_phi_fixed_budget_reverse_engineering,"{""m_exploration"": 868, ""safeguard"": 0.85, ""budget"": 411675}"
"U(0.005,0.05), eps=1e-04",0.005,0.05,0.0001,reverse_eng,496584,find_phi_fixed_budget_reverse_engineering,"{""m_exploration"": 1266, ""safeguard"": 0.95, ""budget"": 496584}"
"U(0.005,0.05), eps=1e-04",0.005,0.05,0.0001,reverse_eng,599006,find_phi_fixed_budget_reverse_engineering,"{""m_exploration"": 1266, ""safeguard"": 0.9, ""budget"": 599006}"
"U(0.005,0.05), eps=1e-04",0.005,0.05,0.0001,reverse_eng,722552,find_phi_fixed_budget_reverse_engineering,"{""m_exploration"": 1048, ""safeguard"": 0.9, ""budget"": 722552}"
"U(0.005,0.05), eps=1e-04",0.005,0.05,0.0001,reverse_eng,871581,find_phi_fixed_budget_reverse_engineering,"{""m_exploration"": 1048, ""safeguard"": 0.9, ""budget"": 871581}"
"U(0.005,0.05), eps=1e-04",0.005,0.05,0.0001,reverse_eng,1051346,find_phi_fixed_budget_reverse_engineering,"{""m_exploration"": 1528, ""safeguard"": 0.925, ""budget"": 1051346}"
"U(0.005,0.05), eps=1e-04",0.005,0.05,0.0001,reverse_eng,1268189,find_phi_fixed_budget_reverse_engineering,"{""m_exploration"": 1846, ""safeguard"": 0.925, ""budget"": 1268189}"
"U(0.005,0.05), eps=1e-04",0.005,0.05,0.0001,reverse_eng,1529757,find_phi_fixed_budget_reverse_engineering,"{""m_exploration"": 2691, ""safeguard"": 0.925, ""budget"": 1529757}"
"U(0.005,0.05), eps=1e-04",0.005,0.05,0.0001,reverse_eng,1845273,find_phi_fixed_budget_reverse_engineering,"{""m_exploration"": 1528, ""safeguard"": 0.925, ""budget"": 1845273}"
"U(0.005,0.05), eps=1e-04",0.005,0.05,0.0001,reverse_eng,2225865,find_phi_fixed_budget_reverse_engineering,"{""m_exploration"": 1846, ""safeguard"": 0.9, ""budget"": 2225865}"
"U(0.005,0.05), eps=1e-04",0.005,0.05,0.0001,reverse_eng,2684956,find_phi_fixed_budget_reverse_engineering,"{""m_exploration"": 3250, ""safeguard"": 0.925, ""budget"": 2684956}"
"U(0.005,0.05), eps=1e-04",0.005,0.05,0.0001,reverse_eng,3238735,find_phi_fixed_budget_reverse_engineering,"{""m_exploration"": 2691, ""safeguard"": 0.9, ""budget"": 3238735}"
"U(0.005,0.05), eps=1e-04",0.005,0.05,0.0001,reverse_eng,3906732,find_phi_fixed_budget_reverse_engineering,"{""m_exploration"": 8343, ""safeguard"": 0.95, ""budget"": 3906732}"
"U(0.005,0.05), eps=1e-04",0.005,0.05,0.0001,reverse_eng,4712506,find_phi_fixed_budget_reverse_engineering,"{""m_exploration"": 10074, ""safeguard"": 0.95, ""budget"": 4712506}"
"U(0.005,0.05), eps=1e-04",0.005,0.05,0.0001,reverse_eng,5684472,find_phi_fixed_budget_reverse_engineering,"{""m_exploration"": 8343, ""safeguard"": 0.925, ""budget"": 5684472}"
"U(0.005,0.05), eps=1e-04",0.005,0.05,0.0001,reverse_eng,6856909,find_phi_fixed_budget_reverse_engineering,"{""m_exploration"": 10074, ""safeguard"": 0.85, ""budget"": 6856909}"
"U(0.005,0.05), eps=1e-04",0.005,0.05,0.0001,reverse_eng,8271164,find_phi_fixed_budget_reverse_engineering,"{""m_exploration"": 3250, ""safeguard"": 0.85, ""budget"": 8271164}"
"U(0.005,0.05), eps=1e-04",0.005,0.05,0.0001,reverse_eng,9977113,find_phi_fixed_budget_reverse_engineering,"{""m_exploration"": 1266, ""safeguard"": 0.8, ""budget"": 9977113}"
"U(0.005,0.05), eps=1e-04",0.005,0.05,0.0001,reverse_eng,12034917,find_phi_fixed_budget_reverse_engineering,"{""m_exploration"": 1266, ""safeguard"": 0.8, ""budget"": 12034917}"
"U(0.005,0.05), eps=1e-04",0.005,0.05,0.0001,reverse_eng,14517150,find_phi_fixed_budget_reverse_engineering,"{""m_exploration"": 1266, ""safeguard"": 0.8, ""budget"": 14517150}"
"U(0.005,0.05), eps=1e-04",0.005,0.05,0.0001,reverse_eng,17511349,find_phi_fixed_budget_reverse_engineering,"{""m_exploration"": 1266, ""safeguard"": 0.8, ""budget"": 17511349}"
"U(0.005,0.05), eps=1e-04",0.005,0.05,0.0001,reverse_eng,21123109,find_phi_fixed_budget_reverse_engineering,"{""m_exploration"": 1266, ""safeguard"": 0.8, ""budget"": 21123109}"
"U(0.005,0.05), eps=1e-04",0.005,0.05,0.0001,reverse_eng,25479803,find_phi_fixed_budget_reverse_engineering,"{""m_exploration"": 1266, ""safeguard"": 0.8, ""budget"": 25479803}"
"U(0.005,0.05), eps=1e-04",0.005,0.05,0.0001,reverse_eng,30735077,find_phi_fixed_budget_reverse_engineering,"{""m_exploration"": 1266, ""safeguard"": 0.8, ""budget"": 30735077}"
"U(0.005,0.05), eps=1e-04",0.005,0.05,0.0001,reverse_eng,37074265,find_phi_fixed_budget_reverse_engineering,"{""m_exploration"": 1266, ""safeguard"": 0.8, ""budget"": 37074265}"
"U(0.005,0.05), eps=1e-04",0.005,0.05,0.0001,reverse_eng,44720926,find_phi_fixed_budget_reverse_engineering,"{""m_exploration"": 1266, ""safeguard"": 0.8, ""budget"": 44720926}"
"U(0.005,0.05), eps=1e-04",0.005,0.05,0.0001,reverse_eng,53944730,find_phi_fixed_budget_reverse_engineering,"{""m_exploration"": 1266, ""safeguard"": 0.8, ""budget"": 53944730}"
"U(0.005,0.05), eps=1e-04",0.005,0.05,0.0001,reverse_eng,65070967,find_phi_fixed_budget_reverse_engineering,"{""m_exploration"": 1266, ""safeguard"": 0.8, ""budget"": 65070967}"
"U(0.005,0.05), eps=1e-04",0.005,0.05,0.0001,binary,43380,find_phi_fixed_budget_binary_search,"{""m_exploration"": 20, ""safeguard"": 2, ""conf"": 0.5, ""budget"": 43380}"
"U(0.005,0.05), eps=1e-04",0.005,0.05,0.0001,binary,52328,find_phi_fixed_budget_binary_search,"{""m_exploration"": 20, ""safeguard"": 2, ""conf"": 0.5, ""budget"": 52328}"
"U(0.005,0.05), eps=1e-04",0.005,0.05,0.0001,binary,63120,find_phi_fixed_budget_binary_search,"{""m_exploration"": 20, ""safeguard"": 2, ""conf"": 0.5, ""budget"": 63120}"
"U(0.005,0.05), eps=1e-04",0.005,0.05,0.0001,binary,76139,find_phi_fixed_budget_binary_search,"{""m_exploration"": 20, ""safeguard"": 2, ""conf"": 0.5, ""budget"": 76139}"
"U(0.005,0.05), eps=1e-04",0.005,0.05,0.0001,binary,91843,find_phi_fixed_budget_binary_search,"{""m_exploration"": 20, ""safeguard"": 2, ""conf"": 0.5, ""budget"": 91843}"
"U(0.005,0.05), eps=1e-04",0.005,0.05,0.0001,binary,110786,find_phi_fixed_budget_binary_search,"{""m_exploration"": 29, ""safeguard"": 2, ""conf"": 0.5, ""budget"": 110786}"
"U(0.005,0.05), eps=1e-04",0.005,0.05,0.0001,binary,133636,find_phi_fixed_budget_binary_search,"{""m_exploration"": 29, ""safeguard"": 2, ""conf"": 0.5, ""budget"": 133636}"
"U(0.005,0.05), eps=1e-04",0.005,0.05,0.0001,binary,161199,find_phi_fixed_budget_binary_search,"{""m_exploration"": 20, ""safeguard"": 2, ""conf"": 0.5, ""budget"": 161199}"
"U(0.005,0.05), eps=1e-04",0.005,0.05,0.0001,binary,194447,find_phi_fixed_budget_binary_search,"{""m_exploration"": 29, ""safeguard"": 2, ""conf"": 0.5, ""budget"": 194447}"
"U(0.005,0.05), eps=1e-04",0.005,0.05,0.0001,binary,234552,find_phi_fixed_budget_binary_search,"{""m_exploration"": 63, ""safeguard"": 2, ""conf"": 0.5, ""budget"": 234552}"
"U(0.005,0.05), eps=1e-04",0.005,0.05,0.0001,binary,282929,find_phi_fixed_budget_binary_search,"{""m_exploration"": 93, ""safeguard"": 2, ""conf"": 0.65, ""budget"": 282929}"
"U(0.005,0.05), eps=1e-04",0.005,0.05,0.0001,binary,341284,find_phi_fixed_budget_binary_search,"{""m_exploration"": 93, ""safeguard"": 2, ""conf"": 0.5, ""budget"": 341284}"
"U(0.005,0.05), eps=1e-04",0.005,0.05,0.0001,binary,411675,find_phi_fixed_budget_binary_search,"{""m_exploration"": 93, ""safeguard"": 2, ""conf"": 0.65, ""budget"": 411675}"
"U(0.005,0.05), eps=1e-04",0.005,0.05,0.0001,binary,496584,find_phi_fixed_budget_binary_search,"{""m_exploration"": 93, ""safeguard"": 2, ""conf"": 0.65, ""budget"": 496584}"
"U(0.005,0.05), eps=1e-04",0.005,0.05,0.0001,binary,599006,find_phi_fixed_budget_binary_search,"{""m_exploration"": 93, ""safeguard"": 2, ""conf"": 0.65, ""budget"": 599006}"
"U(0.005,0.05), eps=1e-04",0.005,0.05,0.0001,binary,722552,find_phi_fixed_budget_binary_search,"{""m_exploration"": 93, ""safeguard"": 2, ""conf"": 0.5, ""budget"": 722552}"
"U(0.005,0.05), eps=1e-04",0.005,0.05,0.0001,binary,871581,find_phi_fixed_budget_binary_search,"{""m_exploration"": 136, ""safeguard"": 2, ""conf"": 0.5, ""budget"": 871581}"
"U(0.005,0.05), eps=1e-04",0.005,0.05,0.0001,binary,1051346,find_phi_fixed_budget_binary_search,"{""m_exploration"": 136, ""safeguard"": 2, ""conf"": 0.5, ""budget"": 1051346}"
"U(0.005,0.05), eps=1e-04",0.005,0.05,0.0001,binary,1268189,find_phi_fixed_budget_binary_search,"{""m_exploration"": 136, ""safeguard"": 2, ""conf"": 0.5, ""budget"": 1268189}"
"U(0.005,0.05), eps=1e-04",0.005,0.05,0.0001,binary,1529757,find_phi_fixed_budget_binary_search,"{""m_exploration"": 433, ""safeguard"": 2, ""conf"": 0.65, ""budget"": 1529757}"
"U(0.005,0.05), eps=1e-04",0.005,0.05,0.0001,binary,1845273,find_phi_fixed_budget_binary_search,"{""m_exploration"": 433, ""safeguard"": 2, ""conf"": 0.65, ""budget"": 1845273}"
"U(0.005,0.05), eps=1e-04",0.005,0.05,0.0001,binary,2225865,find_phi_fixed_budget_binary_search,"{""m_exploration"": 433, ""safeguard"": 2, ""conf"": 0.65, ""budget"": 2225865}"
"U(0.005,0.05), eps=1e-04",0.005,0.05,0.0001,binary,2684956,find_phi_fixed_budget_binary_search,"{""m_exploration"": 637, ""safeguard"": 2, ""conf"": 0.65, ""budget"": 2684956}"
"U(0.005,0.05), eps=1e-04",0.005,0.05,0.0001,binary,3238735,find_phi_fixed_budget_binary_search,"{""m_exploration"": 936, ""safeguard"": 2, ""conf"": 0.65, ""budget"": 3238735}"
"U(0.005,0.05), eps=1e-04",0.005,0.05,0.0001,binary,3906732,find_phi_fixed_budget_binary_search,"{""m_exploration"": 936, ""safeguard"": 2, ""conf"": 0.65, ""budget"": 3906732}"
"U(0.005,0.05), eps=1e-04",0.005,0.05,0.0001,binary,4712506,find_phi_fixed_budget_binary_search,"{""m_exploration"": 1375, ""safeguard"": 2, ""conf"": 0.65, ""budget"": 4712506}"
"U(0.005,0.05), eps=1e-04",0.005,0.05,0.0001,binary,5684472,find_phi_fixed_budget_binary_search,"{""m_exploration"": 2020, ""safeguard"": 2, ""conf"": 0.5, ""budget"": 5684472}"
"U(0.005,0.05), eps=1e-04",0.005,0.05,0.0001,binary,6856909,find_phi_fixed_budget_binary_search,"{""m_exploration"": 2020, ""safeguard"": 2, ""conf"": 0.5, ""budget"": 6856909}"
"U(0.005,0.05), eps=1e-04",0.005,0.05,0.0001,binary,8271164,find_phi_fixed_budget_binary_search,"{""m_exploration"": 1375, ""safeguard"": 2, ""conf"": 0.5, ""budget"": 8271164}"
"U(0.005,0.05), eps=1e-04",0.005,0.05,0.0001,binary,9977113,find_phi_fixed_budget_binary_search,"{""m_exploration"": 4361, ""safeguard"": 2, ""conf"": 0.5, ""budget"": 9977113}"
"U(0.005,0.05), eps=1e-04",0.005,0.05,0.0001,binary,12034917,find_phi_fixed_budget_binary_search,"{""m_exploration"": 4361, ""safeguard"": 2, ""conf"": 0.5, ""budget"": 12034917}"
"U(0.005,0.05), eps=1e-04",0.005,0.05,0.0001,binary,14517150,find_phi_fixed_budget_binary_search,"{""m_exploration"": 4361, ""safeguard"": 2, ""conf"": 0.5, ""budget"": 14517150}"
"U(0.005,0.05), eps=1e-04",0.005,0.05,0.0001,binary,17511349,find_phi_fixed_budget_binary_search,"{""m_exploration"": 4361, ""safeguard"": 2, ""conf"": 0.5, ""budget"": 17511349}"
"U(0.005,0.05), eps=1e-04",0.005,0.05,0.0001,binary,21123109,find_phi_fixed_budget_binary_search,"{""m_exploration"": 4361, ""safeguard"": 2, ""conf"": 0.5, ""budget"": 21123109}"
"U(0.005,0.05), eps=1e-04",0.005,0.05,0.0001,binary,25479803,find_phi_fixed_budget_binary_search,"{""m_exploration"": 4361, ""safeguard"": 2, ""conf"": 0.5, ""budget"": 25479803}"
"U(0.005,0.05), eps=1e-04",0.005,0.05,0.0001,binary,30735077,find_phi_fixed_budget_binary_search,"{""m_exploration"": 4361, ""safeguard"": 2, ""conf"": 0.5, ""budget"": 30735077}"
"U(0.005,0.05), eps=1e-04",0.005,0.05,0.0001,binary,37074265,find_phi_fixed_budget_binary_search,"{""m_exploration"": 4361, ""safeguard"": 2, ""conf"": 0.5, ""budget"": 37074265}"
"U(0.005,0.05), eps=1e-04",0.005,0.05,0.0001,binary,44720926,find_phi_fixed_budget_binary_search,"{""m_exploration"": 4361, ""safeguard"": 2, ""conf"": 0.5, ""budget"": 44720926}"
"U(0.005,0.05), eps=1e-04",0.005,0.05,0.0001,binary,53944730,find_phi_fixed_budget_binary_search,"{""m_exploration"": 4361, ""safeguard"": 2, ""conf"": 0.5, ""budget"": 53944730}"
"U(0.005,0.05), eps=1e-04",0.005,0.05,0.0001,binary,65070967,find_phi_fixed_budget_binary_search,"{""m_exploration"": 4361, ""safeguard"": 2, ""conf"": 0.5, ""budget"": 65070967}"
"U(0.005,0.05), eps=1e-04",0.005,0.05,0.0001,reverse_eng_risk,43380,find_phi_fixed_budget_reverse_engineering_risk,"{""m_exploration"": 131, ""eps_target"": 0.0001, ""budget"": 43380}"
"U(0.005,0.05), eps=1e-04",0.005,0.05,0.0001,reverse_eng_risk,52328,find_phi_fixed_budget_reverse_engineering_risk,"{""m_exploration"": 159, ""eps_target"": 0.0001, ""budget"": 52328}"
"U(0.005,0.05), eps=1e-04",0.005,0.05,0.0001,reverse_eng_risk,63120,find_phi_fixed_budget_reverse_engineering_risk,"{""m_exploration"": 192, ""eps_target"": 0.0001, ""budget"": 63120}"
"U(0.005,0.05), eps=1e-04",0.005,0.05,0.0001,reverse_eng_risk,76139,find_phi_fixed_budget_reverse_engineering_risk,"{""m_exploration"": 280, ""eps_target"": 0.0001, ""budget"": 76139}"
"U(0.005,0.05), eps=1e-04",0.005,0.05,0.0001,reverse_eng_risk,91843,find_phi_fixed_budget_reverse_engineering_risk,"{""m_exploration"": 51, ""eps_target"": 0.0001, ""budget"": 91843}"
"U(0.005,0.05), eps=1e-04",0.005,0.05,0.0001,reverse_eng_risk,110786,find_phi_fixed_budget_reverse_engineering_risk,"{""m_exploration"": 61, ""eps_target"": 0.0001, ""budget"": 110786}"
"U(0.005,0.05), eps=1e-04",0.005,0.05,0.0001,reverse_eng_risk,133636,find_phi_fixed_budget_reverse_engineering_risk,"{""m_exploration"": 109, ""eps_target"": 0.0001, ""budget"": 133636}"
"U(0.005,0.05), eps=1e-04",0.005,0.05,0.0001,reverse_eng_risk,161199,find_phi_fixed_budget_reverse_engineering_risk,"{""m_exploration"": 131, ""eps_target"": 0.0001, ""budget"": 161199}"
"U(0.005,0.05), eps=1e-04",0.005,0.05,0.0001,reverse_eng_risk,194447,find_phi_fixed_budget_reverse_engineering_risk,"{""m_exploration"": 159, ""eps_target"": 0.0001, ""budget"": 194447}"
"U(0.005,0.05), eps=1e-04",0.005,0.05,0.0001,reverse_eng_risk,234552,find_phi_fixed_budget_reverse_engineering_risk,"{""m_exploration"": 159, ""eps_target"": 0.0001, ""budget"": 234552}"
"U(0.005,0.05), eps=1e-04",0.005,0.05,0.0001,reverse_eng_risk,282929,find_phi_fixed_budget_reverse_engineering_risk,"{""m_exploration"": 408, ""eps_target"": 0.0001, ""budget"": 282929}"
"U(0.005,0.05), eps=1e-04",0.005,0.05,0.0001,reverse_eng_risk,341284,find_phi_fixed_budget_reverse_engineering_risk,"{""m_exploration"": 719, ""eps_target"": 0.0001, ""budget"": 341284}"
"U(0.005,0.05), eps=1e-04",0.005,0.05,0.0001,reverse_eng_risk,411675,find_phi_fixed_budget_reverse_engineering_risk,"{""m_exploration"": 338, ""eps_target"": 0.0001, ""budget"": 411675}"
"U(0.005,0.05), eps=1e-04",0.005,0.05,0.0001,reverse_eng_risk,496584,find_phi_fixed_budget_reverse_engineering_risk,"{""m_exploration"": 232, ""eps_target"": 0.0001, ""budget"": 496584}"
"U(0.005,0.05), eps=1e-04",0.005,0.05,0.0001,reverse_eng_risk,599006,find_phi_fixed_budget_reverse_engineering_risk,"{""m_exploration"": 595, ""eps_target"": 0.0001, ""budget"": 599006}"
"U(0.005,0.05), eps=1e-04",0.005,0.05,0.0001,reverse_eng_risk,722552,find_phi_fixed_budget_reverse_engineering_risk,"{""m_exploration"": 595, ""eps_target"": 0.0001, ""budget"": 722552}"
"U(0.005,0.05), eps=1e-04",0.005,0.05,0.0001,reverse_eng_risk,871581,find_phi_fixed_budget_reverse_engineering_risk,"{""m_exploration"": 595, ""eps_target"": 0.0001, ""budget"": 871581}"
"U(0.005,0.05), eps=1e-04",0.005,0.05,0.0001,reverse_eng_risk,1051346,find_phi_fixed_budget_reverse_engineering_risk,"{""m_exploration"": 1048, ""eps_target"": 0.0001, ""budget"": 1051346}"
"U(0.005,0.05), eps=1e-04",0.005,0.05,0.0001,reverse_eng_risk,1268189,find_phi_fixed_budget_reverse_engineering_risk,"{""m_exploration"": 1048, ""eps_target"": 0.0001, ""budget"": 1268189}"
"U(0.005,0.05), eps=1e-04",0.005,0.05,0.0001,reverse_eng_risk,1529757,find_phi_fixed_budget_reverse_engineering_risk,"{""m_exploration"": 1048, ""eps_target"": 0.0001, ""budget"": 1529757}"
"U(0.005,0.05), eps=1e-04",0.005,0.05,0.0001,reverse_eng_risk,1845273,find_phi_fixed_budget_reverse_engineering_risk,"{""m_exploration"": 1528, ""eps_target"": 0.0001, ""budget"": 1845273}"
"U(0.005,0.05), eps=1e-04",0.005,0.05,0.0001,reverse_eng_risk,2225865,find_phi_fixed_budget_reverse_engineering_risk,"{""m_exploration"": 280, ""eps_target"": 0.0001, ""budget"": 2225865}"
"U(0.005,0.05), eps=1e-04",0.005,0.05,0.0001,reverse_eng_risk,2684956,find_phi_fixed_budget_reverse_engineering_risk,"{""m_exploration"": 493, ""eps_target"": 0.0001, ""budget"": 2684956}"
"U(0.005,0.05), eps=1e-04",0.005,0.05,0.0001,reverse_eng_risk,3238735,find_phi_fixed_budget_reverse_engineering_risk,"{""m_exploration"": 595, ""eps_target"": 0.0001, ""budget"": 3238735}"
"U(0.005,0.05), eps=1e-04",0.005,0.05,0.0001,reverse_eng_risk,3906732,find_phi_fixed_budget_reverse_engineering_risk,"{""m_exploration"": 3924, ""eps_target"": 0.0001, ""budget"": 3906732}"
"U(0.005,0.05), eps=1e-04",0.005,0.05,0.0001,reverse_eng_risk,4712506,find_phi_fixed_budget_reverse_engineering_risk,"{""m_exploration"": 868, ""eps_target"": 0.0001, ""budget"": 4712506}"
"U(0.005,0.05), eps=1e-04",0.005,0.05,0.0001,reverse_eng_risk,5684472,find_phi_fixed_budget_reverse_engineering_risk,"{""m_exploration"": 338, ""eps_target"": 0.0001, ""budget"": 5684472}"
"U(0.005,0.05), eps=1e-04",0.005,0.05,0.0001,reverse_eng_risk,6856909,find_phi_fixed_budget_reverse_engineering_risk,"{""m_exploration"": 280, ""eps_target"": 0.0001, ""budget"": 6856909}"
"U(0.005,0.05), eps=1e-04",0.005,0.05,0.0001,reverse_eng_risk,8271164,find_phi_fixed_budget_reverse_engineering_risk,"{""m_exploration"": 109, ""eps_target"": 0.0001, ""budget"": 8271164}"
"U(0.005,0.05), eps=1e-04",0.005,0.05,0.0001,reverse_eng_risk,9977113,find_phi_fixed_budget_reverse_engineering_risk,"{""m_exploration"": 35, ""eps_target"": 0.0001, ""budget"": 9977113}"
"U(0.005,0.05), eps=1e-04",0.005,0.05,0.0001,reverse_eng_risk,12034917,find_phi_fixed_budget_reverse_engineering_risk,"{""m_exploration"": 20, ""eps_target"": 0.0001, ""budget"": 12034917}"
"U(0.005,0.05), eps=1e-04",0.005,0.05,0.0001,reverse_eng_risk,14517150,find_phi_fixed_budget_reverse_engineering_risk,"{""m_exploration"": 20, ""eps_target"": 0.0001, ""budget"": 14517150}"
"U(0.005,0.05), eps=1e-04",0.005,0.05,0.0001,reverse_eng_risk,17511349,find_phi_fixed_budget_reverse_engineering_risk,"{""m_exploration"": 20, ""eps_target"": 0.0001, ""budget"": 17511349}"
"U(0.005,0.05), eps=1e-04",0.005,0.05,0.0001,reverse_eng_risk,21123109,find_phi_fixed_budget_reverse_engineering_risk,"{""m_exploration"": 20, ""eps_target"": 0.0001, ""budget"": 21123109}"
"U(0.005,0.05), eps=1e-04",0.005,0.05,0.0001,reverse_eng_risk,25479803,find_phi_fixed_budget_reverse_engineering_risk,"{""m_exploration"": 20, ""eps_target"": 0.0001, ""budget"": 25479803}"
"U(0.005,0.05), eps=1e-04",0.005,0.05,0.0001,reverse_eng_risk,30735077,find_phi_fixed_budget_reverse_engineering_risk,"{""m_exploration"": 20, ""eps_target"": 0.0001, ""budget"": 30735077}"
"U(0.005,0.05), eps=1e-04",0.005,0.05,0.0001,reverse_eng_risk,37074265,find_phi_fixed_budget_reverse_engineering_risk,"{""m_exploration"": 20, ""eps_target"": 0.0001, ""budget"": 37074265}"
"U(0.005,0.05), eps=1e-04",0.005,0.05,0.0001,reverse_eng_risk,44720926,find_phi_fixed_budget_reverse_engineering_risk,"{""m_exploration"": 20, ""eps_target"": 0.0001, ""budget"": 44720926}"
"U(0.005,0.05), eps=1e-04",0.005,0.05,0.0001,reverse_eng_risk,53944730,find_phi_fixed_budget_reverse_engineering_risk,"{""m_exploration"": 20, ""eps_target"": 0.0001, ""budget"": 53944730}"
"U(0.005,0.05), eps=1e-04",0.005,0.05,0.0001,reverse_eng_risk,65070967,find_phi_fixed_budget_reverse_engineering_risk,"{""m_exploration"": 20, ""eps_target"": 0.0001, ""budget"": 65070967}"
"U(0.005,0.05), eps=1e-04",0.005,0.05,0.0001,binary_risk,43380,find_phi_fixed_budget_binary_search_risk,"{""m_exploration"": 295, ""conf"": 0.5, ""eps_target"": 0.0001, ""budget"": 43380}"
"U(0.005,0.05), eps=1e-04",0.005,0.05,0.0001,binary_risk,52328,find_phi_fixed_budget_binary_search_risk,"{""m_exploration"": 295, ""conf"": 0.5, ""eps_target"": 0.0001, ""budget"": 52328}"
"U(0.005,0.05), eps=1e-04",0.005,0.05,0.0001,binary_risk,63120,find_phi_fixed_budget_binary_search_risk,"{""m_exploration"": 433, ""conf"": 0.5, ""eps_target"": 0.0001, ""budget"": 63120}"
"U(0.005,0.05), eps=1e-04",0.005,0.05,0.0001,binary_risk,76139,find_phi_fixed_budget_binary_search_risk,"{""m_exploration"": 433, ""conf"": 0.5, ""eps_target"": 0.0001, ""budget"": 76139}"
"U(0.005,0.05), eps=1e-04",0.005,0.05,0.0001,binary_risk,91843,find_phi_fixed_budget_binary_search_risk,"{""m_exploration"": 637, ""conf"": 0.5, ""eps_target"": 0.0001, ""budget"": 91843}"
"U(0.005,0.05), eps=1e-04",0.005,0.05,0.0001,binary_risk,110786,find_phi_fixed_budget_binary_search_risk,"{""m_exploration"": 637, ""conf"": 0.5, ""eps_target"": 0.0001, ""budget"": 110786}"
"U(0.005,0.05), eps=1e-04",0.005,0.05,0.0001,binary_risk,133636,find_phi_fixed_budget_binary_search_risk,"{""m_exploration"": 936, ""conf"": 0.5, ""eps_target"": 0.0001, ""budget"": 133636}"
"U(0.005,0.05), eps=1e-04",0.005,0.05,0.0001,binary_risk,161199,find_phi_fixed_budget_binary_search_risk,"{""m_exploration"": 936, ""conf"": 0.5, ""eps_target"": 0.0001, ""budget"": 161199}"
"U(0.005,0.05), eps=1e-04",0.005,0.05,0.0001,binary_risk,194447,find_phi_fixed_budget_binary_search_risk,"{""m_exploration"": 1375, ""conf"": 0.5, ""eps_target"": 0.0001, ""budget"": 194447}"
"U(0.005,0.05), eps=1e-04",0.005,0.05,0.0001,binary_risk,234552,find_phi_fixed_budget_binary_search_risk,"{""m_exploration"": 20, ""conf"": 0.8, ""eps_target"": 0.0001, ""budget"": 234552}"
"U(0.005,0.05), eps=1e-04",0.005,0.05,0.0001,binary_risk,282929,find_phi_fixed_budget_binary_search_risk,"{""m_exploration"": 2020, ""conf"": 0.5, ""eps_target"": 0.0001, ""budget"": 282929}"
"U(0.005,0.05), eps=1e-04",0.005,0.05,0.0001,binary_risk,341284,find_phi_fixed_budget_binary_search_risk,"{""m_exploration"": 2020, ""conf"": 0.5, ""eps_target"": 0.0001, ""budget"": 341284}"
"U(0.005,0.05), eps=1e-04",0.005,0.05,0.0001,binary_risk,411675,find_phi_fixed_budget_binary_search_risk,"{""m_exploration"": 63, ""conf"": 0.8, ""eps_target"": 0.0001, ""budget"": 411675}"
"U(0.005,0.05), eps=1e-04",0.005,0.05,0.0001,binary_risk,496584,find_phi_fixed_budget_binary_search_risk,"{""m_exploration"": 63, ""conf"": 0.8, ""eps_target"": 0.0001, ""budget"": 496584}"
"U(0.005,0.05), eps=1e-04",0.005,0.05,0.0001,binary_risk,599006,find_phi_fixed_budget_binary_search_risk,"{""m_exploration"": 93, ""conf"": 0.5, ""eps_target"": 0.0001, ""budget"": 599006}"
"U(0.005,0.05), eps=1e-04",0.005,0.05,0.0001,binary_risk,722552,find_phi_fixed_budget_binary_search_risk,"{""m_exploration"": 93, ""conf"": 0.5, ""eps_target"": 0.0001, ""budget"": 722552}"
"U(0.005,0.05), eps=1e-04",0.005,0.05,0.0001,binary_risk,871581,find_phi_fixed_budget_binary_search_risk,"{""m_exploration"": 93, ""conf"": 0.5, ""eps_target"": 0.0001, ""budget"": 871581}"
"U(0.005,0.05), eps=1e-04",0.005,0.05,0.0001,binary_risk,1051346,find_phi_fixed_budget_binary_search_risk,"{""m_exploration"": 93, ""conf"": 0.5, ""eps_target"": 0.0001, ""budget"": 1051346}"
"U(0.005,0.05), eps=1e-04",0.005,0.05,0.0001,binary_risk,1268189,find_phi_fixed_budget_binary_search_risk,"{""m_exploration"": 93, ""conf"": 0.5, ""eps_target"": 0.0001, ""budget"": 1268189}"
"U(0.005,0.05), eps=1e-04",0.005,0.05,0.0001,binary_risk,1529757,find_phi_fixed_budget_binary_search_risk,"{""m_exploration"": 93, ""conf"": 0.5, ""eps_target"": 0.0001, ""budget"": 1529757}"
"U(0.005,0.05), eps=1e-04",0.005,0.05,0.0001,binary_risk,1845273,find_phi_fixed_budget_binary_search_risk,"{""m_exploration"": 93, ""conf"": 0.5, ""eps_target"": 0.0001, ""budget"": 1845273}"
"U(0.005,0.05), eps=1e-04",0.005,0.05,0.0001,binary_risk,2225865,find_phi_fixed_budget_binary_search_risk,"{""m_exploration"": 295, ""conf"": 0.65, ""eps_target"": 0.0001, ""budget"": 2225865}"
"U(0.005,0.05), eps=1e-04",0.005,0.05,0.0001,binary_risk,2684956,find_phi_fixed_budget_binary_search_risk,"{""m_exploration"": 93, ""conf"": 0.5, ""eps_target"": 0.0001, ""budget"": 2684956}"
"U(0.005,0.05), eps=1e-04",0.005,0.05,0.0001,binary_risk,3238735,find_phi_fixed_budget_binary_search_risk,"{""m_exploration"": 93, ""conf"": 0.5, ""eps_target"": 0.0001, ""budget"": 3238735}"
"U(0.005,0.05), eps=1e-04",0.005,0.05,0.0001,binary_risk,3906732,find_phi_fixed_budget_binary_search_risk,"{""m_exploration"": 936, ""conf"": 0.5, ""eps_target"": 0.0001, ""budget"": 3906732}"
"U(0.005,0.05), eps=1e-04",0.005,0.05,0.0001,binary_risk,4712506,find_phi_fixed_budget_binary_search_risk,"{""m_exploration"": 136, ""conf"": 0.5, ""eps_target"": 0.0001, ""budget"": 4712506}"
"U(0.005,0.05), eps=1e-04",0.005,0.05,0.0001,binary_risk,5684472,find_phi_fixed_budget_binary_search_risk,"{""m_exploration"": 1375, ""conf"": 0.5, ""eps_target"": 0.0001, ""budget"": 5684472}"
"U(0.005,0.05), eps=1e-04",0.005,0.05,0.0001,binary_risk,6856909,find_phi_fixed_budget_binary_search_risk,"{""m_exploration"": 1375, ""conf"": 0.5, ""eps_target"": 0.0001, ""budget"": 6856909}"
"U(0.005,0.05), eps=1e-04",0.005,0.05,0.0001,binary_risk,8271164,find_phi_fixed_budget_binary_search_risk,"{""m_exploration"": 1375, ""conf"": 0.5, ""eps_target"": 0.0001, ""budget"": 8271164}"
"U(0.005,0.05), eps=1e-04",0.005,0.05,0.0001,binary_risk,9977113,find_phi_fixed_budget_binary_search_risk,"{""m_exploration"": 433, ""conf"": 0.5, ""eps_target"": 0.0001, ""budget"": 9977113}"
"U(0.005,0.05), eps=1e-04",0.005,0.05,0.0001,binary_risk,12034917,find_phi_fixed_budget_binary_search_risk,"{""m_exploration"": 93, ""conf"": 0.5, ""eps_target"": 0.0001, ""budget"": 12034917}"
"U(0.005,0.05), eps=1e-04",0.005,0.05,0.0001,binary_risk,14517150,find_phi_fixed_budget_binary_search_risk,"{""m_exploration"": 29, ""conf"": 0.5, ""eps_target"": 0.0001, ""budget"": 14517150}"
"U(0.005,0.05), eps=1e-04",0.005,0.05,0.0001,binary_risk,17511349,find_phi_fixed_budget_binary_search_risk,"{""m_exploration"": 29, ""conf"": 0.5, ""eps_target"": 0.0001, ""budget"": 17511349}"
"U(0.005,0.05), eps=1e-04",0.005,0.05,0.0001,binary_risk,21123109,find_phi_fixed_budget_binary_search_risk,"{""m_exploration"": 20, ""conf"": 0.5, ""eps_target"": 0.0001, ""budget"": 21123109}"
"U(0.005,0.05), eps=1e-04",0.005,0.05,0.0001,binary_risk,25479803,find_phi_fixed_budget_binary_search_risk,"{""m_exploration"": 20, ""conf"": 0.5, ""eps_target"": 0.0001, ""budget"": 25479803}"
"U(0.005,0.05), eps=1e-04",0.005,0.05,0.0001,binary_risk,30735077,find_phi_fixed_budget_binary_search_risk,"{""m_exploration"": 20, ""conf"": 0.5, ""eps_target"": 0.0001, ""budget"": 30735077}"
"U(0.005,0.05), eps=1e-04",0.005,0.05,0.0001,binary_risk,37074265,find_phi_fixed_budget_binary_search_risk,"{""m_exploration"": 20, ""conf"": 0.5, ""eps_target"": 0.0001, ""budget"": 37074265}"
"U(0.005,0.05), eps=1e-04",0.005,0.05,0.0001,binary_risk,44720926,find_phi_fixed_budget_binary_search_risk,"{""m_exploration"": 20, ""conf"": 0.5, ""eps_target"": 0.0001, ""budget"": 44720926}"
"U(0.005,0.05), eps=1e-04",0.005,0.05,0.0001,binary_risk,53944730,find_phi_fixed_budget_binary_search_risk,"{""m_exploration"": 20, ""conf"": 0.5, ""eps_target"": 0.0001, ""budget"": 53944730}"
"U(0.005,0.05), eps=1e-04",0.005,0.05,0.0001,binary_risk,65070967,find_phi_fixed_budget_binary_search_risk,"{""m_exploration"": 20, ""conf"": 0.5, ""eps_target"": 0.0001, ""budget"": 65070967}"
"U(0.005,0.05), eps=1e-06",0.005,0.05,1e-06,linear,433806451,find_phi_fixed_budget_linear_search,"{""m_exploration"": 2421, ""lookback_window"": 5, ""safeguard"": 1, ""inc"": 5, ""budget"": 433806451}"
"U(0.005,0.05), eps=1e-06",0.005,0.05,1e-06,linear,523280129,find_phi_fixed_budget_linear_search,"{""m_exploration"": 2421, ""lookback_window"": 5, ""safeguard"": 1, ""inc"": 5, ""budget"": 523280129}"
"U(0.005,0.05), eps=1e-06",0.005,0.05,1e-06,linear,631207980,find_phi_fixed_budget_linear_search,"{""m_exploration"": 2421, ""lookback_window"": 5, ""safeguard"": 1, ""inc"": 5, ""budget"": 631207980}"
"U(0.005,0.05), eps=1e-06",0.005,0.05,1e-06,linear,761396224,find_phi_fixed_budget_linear_search,"{""m_exploration"": 2421, ""lookback_window"": 5, ""safeguard"": 1, ""inc"": 5, ""budget"": 761396224}"
"U(0.005,0.05), eps=1e-06",0.005,0.05,1e-06,linear,918436122,find_phi_fixed_budget_linear_search,"{""m_exploration"": 2421, ""lookback_window"": 5, ""safeguard"": 1, ""inc"": 5, ""budget"": 918436122}"
"U(0.005,0.05), eps=1e-06",0.005,0.05,1e-06,linear,1107865896,find_phi_fixed_budget_linear_search,"{""m_exploration"": 3165, ""lookback_window"": 5, ""safeguard"": 1, ""inc"": 5, ""budget"": 1107865896}"
"U(0.005,0.05), eps=1e-06",0.005,0.05,1e-06,linear,1336366041,find_phi_fixed_budget_linear_search,"{""m_exploration"": 3165, ""lookback_window"": 5, ""safeguard"": 1, ""inc"": 5, ""budget"": 1336366041}"
"U(0.005,0.05), eps=1e-06",0.005,0.05,1e-06,linear,1611994918,find_phi_fixed_budget_linear_search,"{""m_exploration"": 3165, ""lookback_window"": 5, ""safeguard"": 1, ""inc"": 5, ""budget"": 1611994918}"
"U(0.005,0.05), eps=1e-06",0.005,0.05,1e-06,linear,1944472949,find_phi_fixed_budget_linear_search,"{""m_exploration"": 3165, ""lookback_window"": 5, ""safeguard"": 1, ""inc"": 5, ""budget"": 1944472949}"
"U(0.005,0.05), eps=1e-06",0.005,0.05,1e-06,linear,2345525415,find_phi_fixed_budget_linear_search,"{""m_exploration"": 5406, ""lookback_window"": 5, ""safeguard"": 1, ""inc"": 5, ""budget"": 2345525415}"
"U(0.005,0.05), eps=1e-06",0.005,0.05,1e-06,linear,2829295968,find_phi_fixed_budget_linear_search,"{""m_exploration"": 5406, ""lookback_window"": 5, ""safeguard"": 1, ""inc"": 5, ""budget"": 2829295968}"
"U(0.005,0.05), eps=1e-06",0.005,0.05,1e-06,linear,3412845421,find_phi_fixed_budget_linear_search,"{""m_exploration"": 5406, ""lookback_window"": 5, ""safeguard"": 1, ""inc"": 5, ""budget"": 3412845421}"
"U(0.005,0.05), eps=1e-06",0.005,0.05,1e-06,linear,4116753425,find_phi_fixed_budget_linear_search,"{""m_exploration"": 5406, ""lookback_window"": 5, ""safeguard"": 1, ""inc"": 5, ""budget"": 4116753425}"
"U(0.005,0.05), eps=1e-06",0.005,0.05,1e-06,linear,4965844236,find_phi_fixed_budget_linear_search,"{""m_exploration"": 5406, ""lookback_window"": 5, ""safeguard"": 1, ""inc"": 5, ""budget"": 4965844236}"
"U(0.005,0.05), eps=1e-06",0.005,0.05,1e-06,linear,5990062176,find_phi_fixed_budget_linear_search,"{""m_exploration"": 2421, ""lookback_window"": 5, ""safeguard"": 1, ""inc"": 2, ""budget"": 5990062176}"
"U(0.005,0.05), eps=1e-06",0.005,0.05,1e-06,linear,7225527657,find_phi_fixed_budget_linear_search,"{""m_exploration"": 485, ""lookback_window"": 5, ""safeguard"": 1, ""inc"": 5, ""budget"": 7225527657}"
"U(0.005,0.05), eps=1e-06",0.005,0.05,1e-06,linear,8715811021,find_phi_fixed_budget_linear_search,"{""m_exploration"": 217, ""lookback_window"": 5, ""safeguard"": 1, ""inc"": 1, ""budget"": 8715811021}"
"U(0.005,0.05), eps=1e-06",0.005,0.05,1e-06,linear,10513469099,find_phi_fixed_budget_linear_search,"{""m_exploration"": 829, ""lookback_window"": 5, ""safeguard"": 1, ""inc"": 5, ""budget"": 10513469099}"
"U(0.005,0.05), eps=1e-06",0.005,0.05,1e-06,linear,12681898705,find_phi_fixed_budget_linear_search,"{""m_exploration"": 829, ""lookback_window"": 5, ""safeguard"": 2, ""inc"": 5, ""budget"": 12681898705}"
"U(0.005,0.05), eps=1e-06",0.005,0.05,1e-06,linear,15297572404,find_phi_fixed_budget_linear_search,"{""m_exploration"": 1084, ""lookback_window"": 5, ""safeguard"": 1, ""inc"": 5, ""budget"": 15297572404}"
"U(0.005,0.05), eps=1e-06",0.005,0.05,1e-06,linear,18452735422,find_phi_fixed_budget_linear_search,"{""m_exploration"": 2421, ""lookback_window"": 5, ""safeguard"": 1, ""inc"": 1, ""budget"": 18452735422}"
"U(0.005,0.05), eps=1e-06",0.005,0.05,1e-06,linear,22258658797,find_phi_fixed_budget_linear_search,"{""m_exploration"": 829, ""lookback_window"": 5, ""safeguard"": 2, ""inc"": 5, ""budget"": 22258658797}"
"U(0.005,0.05), eps=1e-06",0.005,0.05,1e-06,linear,26849563499,find_phi_fixed_budget_linear_search,"{""m_exploration"": 829, ""lookback_window"": 5, ""safeguard"": 1, ""inc"": 1, ""budget"": 26849563499}"
"U(0.005,0.05), eps=1e-06",0.005,0.05,1e-06,linear,32387353913,find_phi_fixed_budget_linear_search,"{""m_exploration"": 78654, ""lookback_window"": 5, ""safeguard"": 1, ""inc"": 5, ""budget"": 32387353913}"
"U(0.005,0.05), eps=1e-06",0.005,0.05,1e-06,linear,39067327613,find_phi_fixed_budget_linear_search,"{""m_exploration"": 4136, ""lookback_window"": 5, ""safeguard"": 1, ""inc"": 2, ""budget"": 39067327613}"
"U(0.005,0.05), eps=1e-06",0.005,0.05,1e-06,linear,47125062791,find_phi_fixed_budget_linear_search,"{""m_exploration"": 4136, ""lookback_window"": 5, ""safeguard"": 1, ""inc"": 2, ""budget"": 47125062791}"
"U(0.005,0.05), eps=1e-06",0.005,0.05,1e-06,linear,56844726240,find_phi_fixed_budget_linear_search,"{""m_exploration"": 5406, ""lookback_window"": 3, ""safeguard"": 1, ""inc"": 1, ""budget"": 56844726240}"
"U(0.005,0.05), eps=1e-06",0.005,0.05,1e-06,linear,68569094871,find_phi_fixed_budget_linear_search,"{""m_exploration"": 5406, ""lookback_window"": 5, ""safeguard"": 1, ""inc"": 1, ""budget"": 68569094871}"
"U(0.005,0.05), eps=1e-06",0.005,0.05,1e-06,linear,82711644200,find_phi_fixed_budget_linear_search,"{""m_exploration"": 166, ""lookback_window"": 5, ""safeguard"": 3, ""inc"": 1, ""budget"": 82711644200}"
"U(0.005,0.05), eps=1e-06",0.005,0.05,1e-06,linear,99771130115,find_phi_fixed_budget_linear_search,"{""m_exploration"": 6, ""lookback_window"": 1, ""safeguard"": 3, ""inc"": 1, ""budget"": 99771130115}"
"U(0.005,0.05), eps=1e-06",0.005,0.05,1e-06,linear,120349178169,find_phi_fixed_budget_linear_search,"{""m_exploration"": 3, ""lookback_window"": 1, ""safeguard"": 5, ""inc"": 1, ""budget"": 120349178169}"
"U(0.005,0.05), eps=1e-06",0.005,0.05,1e-06,linear,145171500706,find_phi_fixed_budget_linear_search,"{""m_exploration"": 3, ""lookback_window"": 1, ""safeguard"": 5, ""inc"": 1, ""budget"": 145171500706}"
"U(0.005,0.05), eps=1e-06",0.005,0.05,1e-06,linear,175113490078,find_phi_fixed_budget_linear_search,"{""m_exploration"": 3, ""lookback_window"": 1, ""safeguard"": 5, ""inc"": 1, ""budget"": 175113490078}"
"U(0.005,0.05), eps=1e-06",0.005,0.05,1e-06,linear,211231090526,find_phi_fixed_budget_linear_search,"{""m_exploration"": 3, ""lookback_window"": 1, ""safeguard"": 5, ""inc"": 1, ""budget"": 211231090526}"
"U(0.005,0.05), eps=1e-06",0.005,0.05,1e-06,linear,254798037460,find_phi_fixed_budget_linear_search,"{""m_exploration"": 3, ""lookback_window"": 1, ""safeguard"": 5, ""inc"": 1, ""budget"": 254798037460}"
"U(0.005,0.05), eps=1e-06",0.005,0.05,1e-06,linear,307350777443,find_phi_fixed_budget_linear_search,"{""m_exploration"": 3, ""lookback_window"": 1, ""safeguard"": 5, ""inc"": 1, ""budget"": 307350777443}"
"U(0.005,0.05), eps=1e-06",0.005,0.05,1e-06,linear,370742653031,find_phi_fixed_budget_linear_search,"{""m_exploration"": 3, ""lookback_window"": 1, ""safeguard"": 5, ""inc"": 1, ""budget"": 370742653031}"
"U(0.005,0.05), eps=1e-06",0.005,0.05,1e-06,linear,447209263371,find_phi_fixed_budget_linear_search,"{""m_exploration"": 3, ""lookback_window"": 1, ""safeguard"": 5, ""inc"": 1, ""budget"": 447209263371}"
"U(0.005,0.05), eps=1e-06",0.005,0.05,1e-06,linear,539447305588,find_phi_fixed_budget_linear_search,"{""m_exploration"": 3, ""lookback_window"": 1, ""safeguard"": 5, ""inc"": 1, ""budget"": 539447305588}"
"U(0.005,0.05), eps=1e-06",0.005,0.05,1e-06,linear,650709677419,find_phi_fixed_budget_linear_search,"{""m_exploration"": 3, ""lookback_window"": 1, ""safeguard"": 5, ""inc"": 1, ""budget"": 650709677419}"
"U(0.005,0.05), eps=1e-06",0.005,0.05,1e-06,reverse_eng,433806451,find_phi_fixed_budget_reverse_engineering,"{""m_exploration"": 248448, ""safeguard"": 0.975, ""budget"": 433806451}"
"U(0.005,0.05), eps=1e-06",0.005,0.05,1e-06,reverse_eng,523280129,find_phi_fixed_budget_reverse_engineering,"{""m_exploration"": 300000, ""safeguard"": 0.975, ""budget"": 523280129}"
"U(0.005,0.05), eps=1e-06",0.005,0.05,1e-06,reverse_eng,631207980,find_phi_fixed_budget_reverse_engineering,"{""m_exploration"": 248448, ""safeguard"": 0.975, ""budget"": 631207980}"
"U(0.005,0.05), eps=1e-06",0.005,0.05,1e-06,reverse_eng,761396224,find_phi_fixed_budget_reverse_engineering,"{""m_exploration"": 248448, ""safeguard"": 0.975, ""budget"": 761396224}"
"U(0.005,0.05), eps=1e-06",0.005,0.05,1e-06,reverse_eng,918436122,find_phi_fixed_budget_reverse_engineering,"{""m_exploration"": 248448, ""safeguard"": 0.975, ""budget"": 918436122}"
"U(0.005,0.05), eps=1e-06",0.005,0.05,1e-06,reverse_eng,1107865896,find_phi_fixed_budget_reverse_engineering,"{""m_exploration"": 248448, ""safeguard"": 0.975, ""budget"": 1107865896}"
"U(0.005,0.05), eps=1e-06",0.005,0.05,1e-06,reverse_eng,1336366041,find_phi_fixed_budget_reverse_engineering,"{""m_exploration"": 116869, ""safeguard"": 0.975, ""budget"": 1336366041}"
"U(0.005,0.05), eps=1e-06",0.005,0.05,1e-06,reverse_eng,1611994918,find_phi_fixed_budget_reverse_engineering,"{""m_exploration"": 37704, ""safeguard"": 0.975, ""budget"": 1611994918}"
"U(0.005,0.05), eps=1e-06",0.005,0.05,1e-06,reverse_eng,1944472949,find_phi_fixed_budget_reverse_engineering,"{""m_exploration"": 248448, ""safeguard"": 0.975, ""budget"": 1944472949}"
"U(0.005,0.05), eps=1e-06",0.005,0.05,1e-06,reverse_eng,2345525415,find_phi_fixed_budget_reverse_engineering,"{""m_exploration"": 116869, ""safeguard"": 0.975, ""budget"": 2345525415}"
"U(0.005,0.05), eps=1e-06",0.005,0.05,1e-06,reverse_eng,2829295968,find_phi_fixed_budget_reverse_engineering,"{""m_exploration"": 248448, ""safeguard"": 0.975, ""budget"": 2829295968}"
"U(0.005,0.05), eps=1e-06",0.005,0.05,1e-06,reverse_eng,3412845421,find_phi_fixed_budget_reverse_engineering,"{""m_exploration"": 300000, ""safeguard"": 0.975, ""budget"": 3412845421}"
"U(0.005,0.05), eps=1e-06",0.005,0.05,1e-06,reverse_eng,4116753425,find_phi_fixed_budget_reverse_engineering,"{""m_exploration"": 31225, ""safeguard"": 0.975, ""budget"": 4116753425}"
"U(0.005,0.05), eps=1e-06",0.005,0.05,1e-06,reverse_eng,4965844236,find_phi_fixed_budget_reverse_engineering,"{""m_exploration"": 25859, ""safeguard"": 0.975, ""budget"": 4965844236}"
"U(0.005,0.05), eps=1e-06",0.005,0.05,1e-06,reverse_eng,5990062176,find_phi_fixed_budget_reverse_engineering,"{""m_exploration"": 8343, ""safeguard"": 0.95, ""budget"": 5990062176}"
"U(0.005,0.05), eps=1e-06",0.005,0.05,1e-06,reverse_eng,7225527657,find_phi_fixed_budget_reverse_engineering,"{""m_exploration"": 8343, ""safeguard"": 0.95, ""budget"": 7225527657}"
"U(0.005,0.05), eps=1e-06",0.005,0.05,1e-06,reverse_eng,8715811021,find_phi_fixed_budget_reverse_engineering,"{""m_exploration"": 116869, ""safeguard"": 0.975, ""budget"": 8715811021}"
"U(0.005,0.05), eps=1e-06",0.005,0.05,1e-06,reverse_eng,10513469099,find_phi_fixed_budget_reverse_engineering,"{""m_exploration"": 116869, ""safeguard"": 0.975, ""budget"": 10513469099}"
"U(0.005,0.05), eps=1e-06",0.005,0.05,1e-06,reverse_eng,12681898705,find_phi_fixed_budget_reverse_engineering,"{""m_exploration"": 116869, ""safeguard"": 0.975, ""budget"": 12681898705}"
"U(0.005,0.05), eps=1e-06",0.005,0.05,1e-06,reverse_eng,15297572404,find_phi_fixed_budget_reverse_engineering,"{""m_exploration"": 10074, ""safeguard"": 0.95, ""budget"": 15297572404}"
"U(0.005,0.05), eps=1e-06",0.005,0.05,1e-06,reverse_eng,18452735422,find_phi_fixed_budget_reverse_engineering,"{""m_exploration"": 10074, ""safeguard"": 0.95, ""budget"": 18452735422}"
"U(0.005,0.05), eps=1e-06",0.005,0.05,1e-06,reverse_eng,22258658797,find_phi_fixed_budget_reverse_engineering,"{""m_exploration"": 12164, ""safeguard"": 0.95, ""budget"": 22258658797}"
"U(0.005,0.05), eps=1e-06",0.005,0.05,1e-06,reverse_eng,26849563499,find_phi_fixed_budget_reverse_engineering,"{""m_exploration"": 116869, ""safeguard"": 0.975, ""budget"": 26849563499}"
"U(0.005,0.05), eps=1e-06",0.005,0.05,1e-06,reverse_eng,32387353913,find_phi_fixed_budget_reverse_engineering,"{""m_exploration"": 14688, ""safeguard"": 0.95, ""budget"": 32387353913}"
"U(0.005,0.05), eps=1e-06",0.005,0.05,1e-06,reverse_eng,39067327613,find_phi_fixed_budget_reverse_engineering,"{""m_exploration"": 300000, ""safeguard"": 0.975, ""budget"": 39067327613}"
"U(0.005,0.05), eps=1e-06",0.005,0.05,1e-06,reverse_eng,47125062791,find_phi_fixed_budget_reverse_engineering,"{""m_exploration"": 14688, ""safeguard"": 0.925, ""budget"": 47125062791}"
"U(0.005,0.05), eps=1e-06",0.005,0.05,1e-06,reverse_eng,56844726240,find_phi_fixed_budget_reverse_engineering,"{""m_exploration"": 12164, ""safeguard"": 0.85, ""budget"": 56844726240}"
"U(0.005,0.05), eps=1e-06",0.005,0.05,1e-06,reverse_eng,68569094871,find_phi_fixed_budget_reverse_engineering,"{""m_exploration"": 10074, ""safeguard"": 0.85, ""budget"": 68569094871}"
"U(0.005,0.05), eps=1e-06",0.005,0.05,1e-06,reverse_eng,82711644200,find_phi_fixed_budget_reverse_engineering,"{""m_exploration"": 3250, ""safeguard"": 0.85, ""budget"": 82711644200}"
"U(0.005,0.05), eps=1e-06",0.005,0.05,1e-06,reverse_eng,99771130115,find_phi_fixed_budget_reverse_engineering,"{""m_exploration"": 1528, ""safeguard"": 0.8, ""budget"": 99771130115}"
"U(0.005,0.05), eps=1e-06",0.005,0.05,1e-06,reverse_eng,120349178169,find_phi_fixed_budget_reverse_engineering,"{""m_exploration"": 1528, ""safeguard"": 0.8, ""budget"": 120349178169}"
"U(0.005,0.05), eps=1e-06",0.005,0.05,1e-06,reverse_eng,145171500706,find_phi_fixed_budget_reverse_engineering,"{""m_exploration"": 1528, ""safeguard"": 0.8, ""budget"": 145171500706}"
"U(0.005,0.05), eps=1e-06",0.005,0.05,1e-06,reverse_eng,175113490078,find_phi_fixed_budget_reverse_engineering,"{""m_exploration"": 1528, ""safeguard"": 0.8, ""budget"": 175113490078}"
"U(0.005,0.05), eps=1e-06",0.005,0.05,1e-06,reverse_eng,211231090526,find_phi_fixed_budget_reverse_engineering,"{""m_exploration"": 1528, ""safeguard"": 0.8, ""budget"": 211231090526}"
"U(0.005,0.05), eps=1e-06",0.005,0.05,1e-06,reverse_eng,254798037460,find_phi_fixed_budget_reverse_engineering,"{""m_exploration"": 1528, ""safeguard"": 0.8, ""budget"": 254798037460}"
"U(0.005,0.05), eps=1e-06",0.005,0.05,1e-06,reverse_eng,307350777443,find_phi_fixed_budget_reverse_engineering,"{""m_exploration"": 1528, ""safeguard"": 0.8, ""budget"": 307350777443}"
"U(0.005,0.05), eps=1e-06",0.005,0.05,1e-06,reverse_eng,370742653031,find_phi_fixed_budget_reverse_engineering,"{""m_exploration"": 1528, ""safeguard"": 0.8, ""budget"": 370742653031}"
"U(0.005,0.05), eps=1e-06",0.005,0.05,1e-06,reverse_eng,447209263371,find_phi_fixed_budget_reverse_engineering,"{""m_exploration"": 1528, ""safeguard"": 0.8, ""budget"": 447209263371}"
"U(0.005,0.05), eps=1e-06",0.005,0.05,1e-06,reverse_eng,539447305588,find_phi_fixed_budget_reverse_engineering,"{""m_exploration"": 1528, ""safeguard"": 0.8, ""budget"": 539447305588}"
"U(0.005,0.05), eps=1e-06",0.005,0.05,1e-06,reverse_eng,650709677419,find_phi_fixed_budget_reverse_engineering,"{""m_exploration"": 1528, ""safeguard"": 0.8, ""budget"": 650709677419}"
"U(0.005,0.05), eps=1e-06",0.005,0.05,1e-06,binary,433806451,find_phi_fixed_budget_binary_search,"{""m_exploration"": 20314, ""safeguard"": 2, ""conf"": 0.95, ""budget"": 433806451}"
"U(0.005,0.05), eps=1e-06",0.005,0.05,1e-06,binary,523280129,find_phi_fixed_budget_binary_search,"{""m_exploration"": 20314, ""safeguard"": 2, ""conf"": 0.95, ""budget"": 523280129}"
"U(0.005,0.05), eps=1e-06",0.005,0.05,1e-06,binary,631207980,find_phi_fixed_budget_binary_search,"{""m_exploration"": 1375, ""safeguard"": 2, ""conf"": 0.95, ""budget"": 631207980}"
"U(0.005,0.05), eps=1e-06",0.005,0.05,1e-06,binary,761396224,find_phi_fixed_budget_binary_search,"{""m_exploration"": 1375, ""safeguard"": 2, ""conf"": 0.95, ""budget"": 761396224}"
"U(0.005,0.05), eps=1e-06",0.005,0.05,1e-06,binary,918436122,find_phi_fixed_budget_binary_search,"{""m_exploration"": 2020, ""safeguard"": 2, ""conf"": 0.95, ""budget"": 918436122}"
"U(0.005,0.05), eps=1e-06",0.005,0.05,1e-06,binary,1107865896,find_phi_fixed_budget_binary_search,"{""m_exploration"": 2020, ""safeguard"": 2, ""conf"": 0.9, ""budget"": 1107865896}"
"U(0.005,0.05), eps=1e-06",0.005,0.05,1e-06,binary,1336366041,find_phi_fixed_budget_binary_search,"{""m_exploration"": 2020, ""safeguard"": 2, ""conf"": 0.9, ""budget"": 1336366041}"
"U(0.005,0.05), eps=1e-06",0.005,0.05,1e-06,binary,1611994918,find_phi_fixed_budget_binary_search,"{""m_exploration"": 2020, ""safeguard"": 2, ""conf"": 0.9, ""budget"": 1611994918}"
"U(0.005,0.05), eps=1e-06",0.005,0.05,1e-06,binary,1944472949,find_phi_fixed_budget_binary_search,"{""m_exploration"": 20314, ""safeguard"": 2, ""conf"": 0.95, ""budget"": 1944472949}"
"U(0.005,0.05), eps=1e-06",0.005,0.05,1e-06,binary,2345525415,find_phi_fixed_budget_binary_search,"{""m_exploration"": 20314, ""safeguard"": 2, ""conf"": 0.95, ""budget"": 2345525415}"
"U(0.005,0.05), eps=1e-06",0.005,0.05,1e-06,binary,2829295968,find_phi_fixed_budget_binary_search,"{""m_exploration"": 94621, ""safeguard"": 2, ""conf"": 0.95, ""budget"": 2829295968}"
"U(0.005,0.05), eps=1e-06",0.005,0.05,1e-06,binary,3412845421,find_phi_fixed_budget_binary_search,"{""m_exploration"": 20314, ""safeguard"": 2, ""conf"": 0.95, ""budget"": 3412845421}"
"U(0.005,0.05), eps=1e-06",0.005,0.05,1e-06,binary,4116753425,find_phi_fixed_budget_binary_search,"{""m_exploration"": 20314, ""safeguard"": 2, ""conf"": 0.95, ""budget"": 4116753425}"
"U(0.005,0.05), eps=1e-06",0.005,0.05,1e-06,binary,4965844236,find_phi_fixed_budget_binary_search,"{""m_exploration"": 20314, ""safeguard"": 2, ""conf"": 0.95, ""budget"": 4965844236}"
"U(0.005,0.05), eps=1e-06",0.005,0.05,1e-06,binary,5990062176,find_phi_fixed_budget_binary_search,"{""m_exploration"": 20314, ""safeguard"": 2, ""conf"": 0.95, ""budget"": 5990062176}"
"U(0.005,0.05), eps=1e-06",0.005,0.05,1e-06,binary,7225527657,find_phi_fixed_budget_binary_search,"{""m_exploration"": 29844, ""safeguard"": 2, ""conf"": 0.95, ""budget"": 7225527657}"
"U(0.005,0.05), eps=1e-06",0.005,0.05,1e-06,binary,8715811021,find_phi_fixed_budget_binary_search,"{""m_exploration"": 94621, ""safeguard"": 2, ""conf"": 0.95, ""budget"": 8715811021}"
"U(0.005,0.05), eps=1e-06",0.005,0.05,1e-06,binary,10513469099,find_phi_fixed_budget_binary_search,"{""m_exploration"": 94621, ""safeguard"": 2, ""conf"": 0.95, ""budget"": 10513469099}"
"U(0.005,0.05), eps=1e-06",0.005,0.05,1e-06,binary,12681898705,find_phi_fixed_budget_binary_search,"{""m_exploration"": 64409, ""safeguard"": 2, ""conf"": 0.95, ""budget"": 12681898705}"
"U(0.005,0.05), eps=1e-06",0.005,0.05,1e-06,binary,15297572404,find_phi_fixed_budget_binary_search,"{""m_exploration"": 94621, ""safeguard"": 2, ""conf"": 0.95, ""budget"": 15297572404}"
"U(0.005,0.05), eps=1e-06",0.005,0.05,1e-06,binary,18452735422,find_phi_fixed_budget_binary_search,"{""m_exploration"": 94621, ""safeguard"": 2, ""conf"": 0.95, ""budget"": 18452735422}"
"U(0.005,0.05), eps=1e-06",0.005,0.05,1e-06,binary,22258658797,find_phi_fixed_budget_binary_search,"{""m_exploration"": 94621, ""safeguard"": 2, ""conf"": 0.95, ""budget"": 22258658797}"
"U(0.005,0.05), eps=1e-06",0.005,0.05,1e-06,binary,26849563499,find_phi_fixed_budget_binary_search,"{""m_exploration"": 94621, ""safeguard"": 2, ""conf"": 0.95, ""budget"": 26849563499}"
"U(0.005,0.05), eps=1e-06",0.005,0.05,1e-06,binary,32387353913,find_phi_fixed_budget_binary_search,"{""m_exploration"": 139006, ""safeguard"": 2, ""conf"": 0.95, ""budget"": 32387353913}"
"U(0.005,0.05), eps=1e-06",0.005,0.05,1e-06,binary,39067327613,find_phi_fixed_budget_binary_search,"{""m_exploration"": 204210, ""safeguard"": 2, ""conf"": 0.95, ""budget"": 39067327613}"
"U(0.005,0.05), eps=1e-06",0.005,0.05,1e-06,binary,47125062791,find_phi_fixed_budget_binary_search,"{""m_exploration"": 20314, ""safeguard"": 2, ""conf"": 0.65, ""budget"": 47125062791}"
"U(0.005,0.05), eps=1e-06",0.005,0.05,1e-06,binary,56844726240,find_phi_fixed_budget_binary_search,"{""m_exploration"": 64409, ""safeguard"": 2, ""conf"": 0.95, ""budget"": 56844726240}"
"U(0.005,0.05), eps=1e-06",0.005,0.05,1e-06,binary,68569094871,find_phi_fixed_budget_binary_search,"{""m_exploration"": 64409, ""safeguard"": 2, ""conf"": 0.9, ""budget"": 68569094871}"
"U(0.005,0.05), eps=1e-06",0.005,0.05,1e-06,binary,82711644200,find_phi_fixed_budget_binary_search,"{""m_exploration"": 4361, ""safeguard"": 2, ""conf"": 0.5, ""budget"": 82711644200}"
"U(0.005,0.05), eps=1e-06",0.005,0.05,1e-06,binary,99771130115,find_phi_fixed_budget_binary_search,"{""m_exploration"": 4361, ""safeguard"": 2, ""conf"": 0.5, ""budget"": 99771130115}"
"U(0.005,0.05), eps=1e-06",0.005,0.05,1e-06,binary,120349178169,find_phi_fixed_budget_binary_search,"{""m_exploration"": 4361, ""safeguard"": 2, ""conf"": 0.5, ""budget"": 120349178169}"
"U(0.005,0.05), eps=1e-06",0.005,0.05,1e-06,binary,145171500706,find_phi_fixed_budget_binary_search,"{""m_exploration"": 4361, ""safeguard"": 2, ""conf"": 0.5, ""budget"": 145171500706}"
"U(0.005,0.05), eps=1e-06",0.005,0.05,1e-06,binary,175113490078,find_phi_fixed_budget_binary_search,"{""m_exploration"": 4361, ""safeguard"": 2, ""conf"": 0.5, ""budget"": 175113490078}"
"U(0.005,0.05), eps=1e-06",0.005,0.05,1e-06,binary,211231090526,find_phi_fixed_budget_binary_search,"{""m_exploration"": 4361, ""safeguard"": 2, ""conf"": 0.5, ""budget"": 211231090526}"
"U(0.005,0.05), eps=1e-06",0.005,0.05,1e-06,binary,254798037460,find_phi_fixed_budget_binary_search,"{""m_exploration"": 4361, ""safeguard"": 2, ""conf"": 0.5, ""budget"": 254798037460}"
"U(0.005,0.05), eps=1e-06",0.005,0.05,1e-06,binary,307350777443,find_phi_fixed_budget_binary_search,"{""m_exploration"": 4361, ""safeguard"": 2, ""conf"": 0.5, ""budget"": 307350777443}"
"U(0.005,0.05), eps=1e-06",0.005,0.05,1e-06,binary,370742653031,find_phi_fixed_budget_binary_search,"{""m_exploration"": 4361, ""safeguard"": 2, ""conf"": 0.5, ""budget"": 370742653031}"
"U(0.005,0.05), eps=1e-06",0.005,0.05,1e-06,binary,447209263371,find_phi_fixed_budget_binary_search,"{""m_exploration"": 4361, ""safeguard"": 2, ""conf"": 0.5, ""budget"": 447209263371}"
"U(0.005,0.05), eps=1e-06",0.005,0.05,1e-06,binary,539447305588,find_phi_fixed_budget_binary_search,"{""m_exploration"": 4361, ""safeguard"": 2, ""conf"": 0.5, ""budget"": 539447305588}"
"U(0.005,0.05), eps=1e-06",0.005,0.05,1e-06,binary,650709677419,find_phi_fixed_budget_binary_search,"{""m_exploration"": 4361, ""safeguard"": 2, ""conf"": 0.5, ""budget"": 650709677419}"
"U(0.005,0.05), eps=1e-06",0.005,0.05,1e-06,reverse_eng_risk,433806451,find_phi_fixed_budget_reverse_engineering_risk,"{""m_exploration"": 170399, ""eps_target"": 1e-06, ""budget"": 433806451}"
"U(0.005,0.05), eps=1e-06",0.005,0.05,1e-06,reverse_eng_risk,523280129,find_phi_fixed_budget_reverse_engineering_risk,"{""m_exploration"": 170399, ""eps_target"": 1e-06, ""budget"": 523280129}"
"U(0.005,0.05), eps=1e-06",0.005,0.05,1e-06,reverse_eng_risk,631207980,find_phi_fixed_budget_reverse_engineering_risk,"{""m_exploration"": 12164, ""eps_target"": 1e-06, ""budget"": 631207980}"
"U(0.005,0.05), eps=1e-06",0.005,0.05,1e-06,reverse_eng_risk,761396224,find_phi_fixed_budget_reverse_engineering_risk,"{""m_exploration"": 248448, ""eps_target"": 1e-06, ""budget"": 761396224}"
"U(0.005,0.05), eps=1e-06",0.005,0.05,1e-06,reverse_eng_risk,918436122,find_phi_fixed_budget_reverse_engineering_risk,"{""m_exploration"": 248448, ""eps_target"": 1e-06, ""budget"": 918436122}"
"U(0.005,0.05), eps=1e-06",0.005,0.05,1e-06,reverse_eng_risk,1107865896,find_phi_fixed_budget_reverse_engineering_risk,"{""m_exploration"": 170399, ""eps_target"": 1e-06, ""budget"": 1107865896}"
"U(0.005,0.05), eps=1e-06",0.005,0.05,1e-06,reverse_eng_risk,1336366041,find_phi_fixed_budget_reverse_engineering_risk,"{""m_exploration"": 170399, ""eps_target"": 1e-06, ""budget"": 1336366041}"
"U(0.005,0.05), eps=1e-06",0.005,0.05,1e-06,reverse_eng_risk,1611994918,find_phi_fixed_budget_reverse_engineering_risk,"{""m_exploration"": 37704, ""eps_target"": 1e-06, ""budget"": 1611994918}"
"U(0.005,0.05), eps=1e-06",0.005,0.05,1e-06,reverse_eng_risk,1944472949,find_phi_fixed_budget_reverse_engineering_risk,"{""m_exploration"": 248448, ""eps_target"": 1e-06, ""budget"": 1944472949}"
"U(0.005,0.05), eps=1e-06",0.005,0.05,1e-06,reverse_eng_risk,2345525415,find_phi_fixed_budget_reverse_engineering_risk,"{""m_exploration"": 12164, ""eps_target"": 1e-06, ""budget"": 2345525415}"
"U(0.005,0.05), eps=1e-06",0.005,0.05,1e-06,reverse_eng_risk,2829295968,find_phi_fixed_budget_reverse_engineering_risk,"{""m_exploration"": 12164, ""eps_target"": 1e-06, ""budget"": 2829295968}"
"U(0.005,0.05), eps=1e-06",0.005,0.05,1e-06,reverse_eng_risk,3412845421,find_phi_fixed_budget_reverse_engineering_risk,"{""m_exploration"": 12164, ""eps_target"": 1e-06, ""budget"": 3412845421}"
"U(0.005,0.05), eps=1e-06",0.005,0.05,1e-06,reverse_eng_risk,4116753425,find_phi_fixed_budget_reverse_engineering_risk,"{""m_exploration"": 8343, ""eps_target"": 1e-06, ""budget"": 4116753425}"
"U(0.005,0.05), eps=1e-06",0.005,0.05,1e-06,reverse_eng_risk,4965844236,find_phi_fixed_budget_reverse_engineering_risk,"{""m_exploration"": 8343, ""eps_target"": 1e-06, ""budget"": 4965844236}"
"U(0.005,0.05), eps=1e-06",0.005,0.05,1e-06,reverse_eng_risk,5990062176,find_phi_fixed_budget_reverse_engineering_risk,"{""m_exploration"": 8343, ""eps_target"": 1e-06, ""budget"": 5990062176}"
"U(0.005,0.05), eps=1e-06",0.005,0.05,1e-06,reverse_eng_risk,7225527657,find_phi_fixed_budget_reverse_engineering_risk,"{""m_exploration"": 8343, ""eps_target"": 1e-06, ""budget"": 7225527657}"
"U(0.005,0.05), eps=1e-06",0.005,0.05,1e-06,reverse_eng_risk,8715811021,find_phi_fixed_budget_reverse_engineering_risk,"{""m_exploration"": 116869, ""eps_target"": 1e-06, ""budget"": 8715811021}"
"U(0.005,0.05), eps=1e-06",0.005,0.05,1e-06,reverse_eng_risk,10513469099,find_phi_fixed_budget_reverse_engineering_risk,"{""m_exploration"": 10074, ""eps_target"": 1e-06, ""budget"": 10513469099}"
"U(0.005,0.05), eps=1e-06",0.005,0.05,1e-06,reverse_eng_risk,12681898705,find_phi_fixed_budget_reverse_engineering_risk,"{""m_exploration"": 10074, ""eps_target"": 1e-06, ""budget"": 12681898705}"
"U(0.005,0.05), eps=1e-06",0.005,0.05,1e-06,reverse_eng_risk,15297572404,find_phi_fixed_budget_reverse_engineering_risk,"{""m_exploration"": 10074, ""eps_target"": 1e-06, ""budget"": 15297572404}"
"U(0.005,0.05), eps=1e-06",0.005,0.05,1e-06,reverse_eng_risk,18452735422,find_phi_fixed_budget_reverse_engineering_risk,"{""m_exploration"": 3924, ""eps_target"": 1e-06, ""budget"": 18452735422}"
"U(0.005,0.05), eps=1e-06",0.005,0.05,1e-06,reverse_eng_risk,22258658797,find_phi_fixed_budget_reverse_engineering_risk,"{""m_exploration"": 3250, ""eps_target"": 1e-06, ""budget"": 22258658797}"
"U(0.005,0.05), eps=1e-06",0.005,0.05,1e-06,reverse_eng_risk,26849563499,find_phi_fixed_budget_reverse_engineering_risk,"{""m_exploration"": 12164, ""eps_target"": 1e-06, ""budget"": 26849563499}"
"U(0.005,0.05), eps=1e-06",0.005,0.05,1e-06,reverse_eng_risk,32387353913,find_phi_fixed_budget_reverse_engineering_risk,"{""m_exploration"": 12164, ""eps_target"": 1e-06, ""budget"": 32387353913}"
"U(0.005,0.05), eps=1e-06",0.005,0.05,1e-06,reverse_eng_risk,39067327613,find_phi_fixed_budget_reverse_engineering_risk,"{""m_exploration"": 868, ""eps_target"": 1e-06, ""budget"": 39067327613}"
"U(0.005,0.05), eps=1e-06",0.005,0.05,1e-06,reverse_eng_risk,47125062791,find_phi_fixed_budget_reverse_engineering_risk,"{""m_exploration"": 12164, ""eps_target"": 1e-06, ""budget"": 47125062791}"
"U(0.005,0.05), eps=1e-06",0.005,0.05,1e-06,reverse_eng_risk,56844726240,find_phi_fixed_budget_reverse_engineering_risk,"{""m_exploration"": 10074, ""eps_target"": 1e-06, ""budget"": 56844726240}"
"U(0.005,0.05), eps=1e-06",0.005,0.05,1e-06,reverse_eng_risk,68569094871,find_phi_fixed_budget_reverse_engineering_risk,"{""m_exploration"": 3250, ""eps_target"": 1e-06, ""budget"": 68569094871}"
"U(0.005,0.05), eps=1e-06",0.005,0.05,1e-06,reverse_eng_risk,82711644200,find_phi_fixed_budget_reverse_engineering_risk,"{""m_exploration"": 109, ""eps_target"": 1e-06, ""budget"": 82711644200}"
"U(0.005,0.05), eps=1e-06",0.005,0.05,1e-06,reverse_eng_risk,99771130115,find_phi_fixed_budget_reverse_engineering_risk,"{""m_exploration"": 35, ""eps_target"": 1e-06, ""budget"": 99771130115}"
"U(0.005,0.05), eps=1e-06",0.005,0.05,1e-06,reverse_eng_risk,120349178169,find_phi_fixed_budget_reverse_engineering_risk,"{""m_exploration"": 20, ""eps_target"": 1e-06, ""budget"": 120349178169}"
"U(0.005,0.05), eps=1e-06",0.005,0.05,1e-06,reverse_eng_risk,145171500706,find_phi_fixed_budget_reverse_engineering_risk,"{""m_exploration"": 20, ""eps_target"": 1e-06, ""budget"": 145171500706}"
"U(0.005,0.05), eps=1e-06",0.005,0.05,1e-06,reverse_eng_risk,175113490078,find_phi_fixed_budget_reverse_engineering_risk,"{""m_exploration"": 20, ""eps_target"": 1e-06, ""budget"": 175113490078}"
"U(0.005,0.05), eps=1e-06",0.005,0.05,1e-06,reverse_eng_risk,211231090526,find_phi_fixed_budget_reverse_engineering_risk,"{""m_exploration"": 20, ""eps_target"": 1e-06, ""budget"": 211231090526}"
"U(0.005,0.05), eps=1e-06",0.005,0.05,1e-06,reverse_eng_risk,254798037460,find_phi_fixed_budget_reverse_engineering_risk,"{""m_exploration"": 20, ""eps_target"": 1e-06, ""budget"": 254798037460}"
"U(0.005,0.05), eps=1e-06",0.005,0.05,1e-06,reverse_eng_risk,307350777443,find_phi_fixed_budget_reverse_engineering_risk,"{""m_exploration"": 20, ""eps_target"": 1e-06, ""budget"": 307350777443}"
"U(0.005,0.05), eps=1e-06",0.005,0.05,1e-06,reverse_eng_risk,370742653031,find_phi_fixed_budget_reverse_engineering_risk,"{""m_exploration"": 20, ""eps_target"": 1e-06, ""budget"": 370742653031}"
"U(0.005,0.05), eps=1e-06",0.005,0.05,1e-06,reverse_eng_risk,447209263371,find_phi_fixed_budget_reverse_engineering_risk,"{""m_exploration"": 20, ""eps_target"": 1e-06, ""budget"": 447209263371}"
"U(0.005,0.05), eps=1e-06",0.005,0.05,1e-06,reverse_eng_risk,539447305588,find_phi_fixed_budget_reverse_engineering_risk,"{""m_exploration"": 20, ""eps_target"": 1e-06, ""budget"": 539447305588}"
"U(0.005,0.05), eps=1e-06",0.005,0.05,1e-06,reverse_eng_risk,650709677419,find_phi_fixed_budget_reverse_engineering_risk,"{""m_exploration"": 20, ""eps_target"": 1e-06, ""budget"": 650709677419}"
"U(0.005,0.05), eps=1e-06",0.005,0.05,1e-06,binary_risk,433806451,find_phi_fixed_budget_binary_search_risk,"{""m_exploration"": 1375, ""conf"": 0.95, ""eps_target"": 1e-06, ""budget"": 433806451}"
"U(0.005,0.05), eps=1e-06",0.005,0.05,1e-06,binary_risk,523280129,find_phi_fixed_budget_binary_search_risk,"{""m_exploration"": 1375, ""conf"": 0.95, ""eps_target"": 1e-06, ""budget"": 523280129}"
"U(0.005,0.05), eps=1e-06",0.005,0.05,1e-06,binary_risk,631207980,find_phi_fixed_budget_binary_search_risk,"{""m_exploration"": 1375, ""conf"": 0.95, ""eps_target"": 1e-06, ""budget"": 631207980}"
"U(0.005,0.05), eps=1e-06",0.005,0.05,1e-06,binary_risk,761396224,find_phi_fixed_budget_binary_search_risk,"{""m_exploration"": 1375, ""conf"": 0.95, ""eps_target"": 1e-06, ""budget"": 761396224}"
"U(0.005,0.05), eps=1e-06",0.005,0.05,1e-06,binary_risk,918436122,find_phi_fixed_budget_binary_search_risk,"{""m_exploration"": 1375, ""conf"": 0.95, ""eps_target"": 1e-06, ""budget"": 918436122}"
"U(0.005,0.05), eps=1e-06",0.005,0.05,1e-06,binary_risk,1107865896,find_phi_fixed_budget_binary_search_risk,"{""m_exploration"": 1375, ""conf"": 0.95, ""eps_target"": 1e-06, ""budget"": 1107865896}"
"U(0.005,0.05), eps=1e-06",0.005,0.05,1e-06,binary_risk,1336366041,find_phi_fixed_budget_binary_search_risk,"{""m_exploration"": 2020, ""conf"": 0.95, ""eps_target"": 1e-06, ""budget"": 1336366041}"
"U(0.005,0.05), eps=1e-06",0.005,0.05,1e-06,binary_risk,1611994918,find_phi_fixed_budget_binary_search_risk,"{""m_exploration"": 2020, ""conf"": 0.95, ""eps_target"": 1e-06, ""budget"": 1611994918}"
"U(0.005,0.05), eps=1e-06",0.005,0.05,1e-06,binary_risk,1944472949,find_phi_fixed_budget_binary_search_risk,"{""m_exploration"": 2020, ""conf"": 0.95, ""eps_target"": 1e-06, ""budget"": 1944472949}"
"U(0.005,0.05), eps=1e-06",0.005,0.05,1e-06,binary_risk,2345525415,find_phi_fixed_budget_binary_search_risk,"{""m_exploration"": 2020, ""conf"": 0.95, ""eps_target"": 1e-06, ""budget"": 2345525415}"
"U(0.005,0.05), eps=1e-06",0.005,0.05,1e-06,binary_risk,2829295968,find_phi_fixed_budget_binary_search_risk,"{""m_exploration"": 1375, ""conf"": 0.95, ""eps_target"": 1e-06, ""budget"": 2829295968}"
"U(0.005,0.05), eps=1e-06",0.005,0.05,1e-06,binary_risk,3412845421,find_phi_fixed_budget_binary_search_risk,"{""m_exploration"": 1375, ""conf"": 0.95, ""eps_target"": 1e-06, ""budget"": 3412845421}"
"U(0.005,0.05), eps=1e-06",0.005,0.05,1e-06,binary_risk,4116753425,find_phi_fixed_budget_binary_search_risk,"{""m_exploration"": 204210, ""conf"": 0.5, ""eps_target"": 1e-06, ""budget"": 4116753425}"
"U(0.005,0.05), eps=1e-06",0.005,0.05,1e-06,binary_risk,4965844236,find_phi_fixed_budget_binary_search_risk,"{""m_exploration"": 204210, ""conf"": 0.5, ""eps_target"": 1e-06, ""budget"": 4965844236}"
"U(0.005,0.05), eps=1e-06",0.005,0.05,1e-06,binary_risk,5990062176,find_phi_fixed_budget_binary_search_risk,"{""m_exploration"": 20314, ""conf"": 0.5, ""eps_target"": 1e-06, ""budget"": 5990062176}"
"U(0.005,0.05), eps=1e-06",0.005,0.05,1e-06,binary_risk,7225527657,find_phi_fixed_budget_binary_search_risk,"{""m_exploration"": 29844, ""conf"": 0.5, ""eps_target"": 1e-06, ""budget"": 7225527657}"
"U(0.005,0.05), eps=1e-06",0.005,0.05,1e-06,binary_risk,8715811021,find_phi_fixed_budget_binary_search_risk,"{""m_exploration"": 20314, ""conf"": 0.5, ""eps_target"": 1e-06, ""budget"": 8715811021}"
"U(0.005,0.05), eps=1e-06",0.005,0.05,1e-06,binary_risk,10513469099,find_phi_fixed_budget_binary_search_risk,"{""m_exploration"": 20314, ""conf"": 0.5, ""eps_target"": 1e-06, ""budget"": 10513469099}"
"U(0.005,0.05), eps=1e-06",0.005,0.05,1e-06,binary_risk,12681898705,find_phi_fixed_budget_binary_search_risk,"{""m_exploration"": 13828, ""conf"": 0.5, ""eps_target"": 1e-06, ""budget"": 12681898705}"
"U(0.005,0.05), eps=1e-06",0.005,0.05,1e-06,binary_risk,15297572404,find_phi_fixed_budget_binary_search_risk,"{""m_exploration"": 20314, ""conf"": 0.5, ""eps_target"": 1e-06, ""budget"": 15297572404}"
"U(0.005,0.05), eps=1e-06",0.005,0.05,1e-06,binary_risk,18452735422,find_phi_fixed_budget_binary_search_risk,"{""m_exploration"": 94621, ""conf"": 0.95, ""eps_target"": 1e-06, ""budget"": 18452735422}"
"U(0.005,0.05), eps=1e-06",0.005,0.05,1e-06,binary_risk,22258658797,find_phi_fixed_budget_binary_search_risk,"{""m_exploration"": 20314, ""conf"": 0.5, ""eps_target"": 1e-06, ""budget"": 22258658797}"
"U(0.005,0.05), eps=1e-06",0.005,0.05,1e-06,binary_risk,26849563499,find_phi_fixed_budget_binary_search_risk,"{""m_exploration"": 29844, ""conf"": 0.5, ""eps_target"": 1e-06, ""budget"": 26849563499}"
"U(0.005,0.05), eps=1e-06",0.005,0.05,1e-06,binary_risk,32387353913,find_phi_fixed_budget_binary_search_risk,"{""m_exploration"": 1375, ""conf"": 0.5, ""eps_target"": 1e-06, ""budget"": 32387353913}"
"U(0.005,0.05), eps=1e-06",0.005,0.05,1e-06,binary_risk,39067327613,find_phi_fixed_budget_binary_search_risk,"{""m_exploration"": 204210, ""conf"": 0.5, ""eps_target"": 1e-06, ""budget"": 39067327613}"
"U(0.005,0.05), eps=1e-06",0.005,0.05,1e-06,binary_risk,47125062791,find_phi_fixed_budget_binary_search_risk,"{""m_exploration"": 20314, ""conf"": 0.5, ""eps_target"": 1e-06, ""budget"": 47125062791}"
"U(0.005,0.05), eps=1e-06",0.005,0.05,1e-06,binary_risk,56844726240,find_phi_fixed_budget_binary_search_risk,"{""m_exploration"": 20314, ""conf"": 0.5, ""eps_target"": 1e-06, ""budget"": 56844726240}"
"U(0.005,0.05), eps=1e-06",0.005,0.05,1e-06,binary_risk,68569094871,find_phi_fixed_budget_binary_search_risk,"{""m_exploration"": 433, ""conf"": 0.5, ""eps_target"": 1e-06, ""budget"": 68569094871}"
"U(0.005,0.05), eps=1e-06",0.005,0.05,1e-06,binary_risk,82711644200,find_phi_fixed_budget_binary_search_risk,"{""m_exploration"": 433, ""conf"": 0.5, ""eps_target"": 1e-06, ""budget"": 82711644200}"
"U(0.005,0.05), eps=1e-06",0.005,0.05,1e-06,binary_risk,99771130115,find_phi_fixed_budget_binary_search_risk,"{""m_exploration"": 433, ""conf"": 0.5, ""eps_target"": 1e-06, ""budget"": 99771130115}"
"U(0.005,0.05), eps=1e-06",0.005,0.05,1e-06,binary_risk,120349178169,find_phi_fixed_budget_binary_search_risk,"{""m_exploration"": 93, ""conf"": 0.5, ""eps_target"": 1e-06, ""budget"": 120349178169}"
"U(0.005,0.05), eps=1e-06",0.005,0.05,1e-06,binary_risk,145171500706,find_phi_fixed_budget_binary_search_risk,"{""m_exploration"": 29, ""conf"": 0.5, ""eps_target"": 1e-06, ""budget"": 145171500706}"
"U(0.005,0.05), eps=1e-06",0.005,0.05,1e-06,binary_risk,175113490078,find_phi_fixed_budget_binary_search_risk,"{""m_exploration"": 29, ""conf"": 0.5, ""eps_target"": 1e-06, ""budget"": 175113490078}"
"U(0.005,0.05), eps=1e-06",0.005,0.05,1e-06,binary_risk,211231090526,find_phi_fixed_budget_binary_search_risk,"{""m_exploration"": 20, ""conf"": 0.5, ""eps_target"": 1e-06, ""budget"": 211231090526}"
"U(0.005,0.05), eps=1e-06",0.005,0.05,1e-06,binary_risk,254798037460,find_phi_fixed_budget_binary_search_risk,"{""m_exploration"": 20, ""conf"": 0.5, ""eps_target"": 1e-06, ""budget"": 254798037460}"
"U(0.005,0.05), eps=1e-06",0.005,0.05,1e-06,binary_risk,307350777443,find_phi_fixed_budget_binary_search_risk,"{""m_exploration"": 20, ""conf"": 0.5, ""eps_target"": 1e-06, ""budget"": 307350777443}"
"U(0.005,0.05), eps=1e-06",0.005,0.05,1e-06,binary_risk,370742653031,find_phi_fixed_budget_binary_search_risk,"{""m_exploration"": 20, ""conf"": 0.5, ""eps_target"": 1e-06, ""budget"": 370742653031}"
"U(0.005,0.05), eps=1e-06",0.005,0.05,1e-06,binary_risk,447209263371,find_phi_fixed_budget_binary_search_risk,"{""m_exploration"": 20, ""conf"": 0.5, ""eps_target"": 1e-06, ""budget"": 447209263371}"
"U(0.005,0.05), eps=1e-06",0.005,0.05,1e-06,binary_risk,539447305588,find_phi_fixed_budget_binary_search_risk,"{""m_exploration"": 20, ""conf"": 0.5, ""eps_target"": 1e-06, ""budget"": 539447305588}"
"U(0.005,0.05), eps=1e-06",0.005,0.05,1e-06,binary_risk,650709677419,find_phi_fixed_budget_binary_search_risk,"{""m_exploration"": 20, ""conf"": 0.5, ""eps_target"": 1e-06, ""budget"": 650709677419}"
"U(0.0001,0.001), eps=1e-04",0.0001,0.001,0.0001,linear,856,find_phi_fixed_budget_linear_search,"{""m_exploration"": 3, ""lookback_window"": 1, ""safeguard"": 0, ""inc"": 1, ""budget"": 856}"
"U(0.0001,0.001), eps=1e-04",0.0001,0.001,0.0001,linear,1033,find_phi_fixed_budget_linear_search,"{""m_exploration"": 3, ""lookback_window"": 1, ""safeguard"": 0, ""inc"": 1, ""budget"": 1033}"
"U(0.0001,0.001), eps=1e-04",0.0001,0.001,0.0001,linear,1246,find_phi_fixed_budget_linear_search,"{""m_exploration"": 3, ""lookback_window"": 1, ""safeguard"": 0, ""inc"": 1, ""budget"": 1246}"
"U(0.0001,0.001), eps=1e-04",0.0001,0.001,0.0001,linear,1503,find_phi_fixed_budget_linear_search,"{""m_exploration"": 3, ""lookback_window"": 1, ""safeguard"": 0, ""inc"": 1, ""budget"": 1503}"
"U(0.0001,0.001), eps=1e-04",0.0001,0.001,0.0001,linear,1813,find_phi_fixed_budget_linear_search,"{""m_exploration"": 3, ""lookback_window"": 1, ""safeguard"": 0, ""inc"": 1, ""budget"": 1813}"
"U(0.0001,0.001), eps=1e-04",0.0001,0.001,0.0001,linear,2187,find_phi_fixed_budget_linear_search,"{""m_exploration"": 3, ""lookback_window"": 1, ""safeguard"": 0, ""inc"": 1, ""budget"": 2187}"
"U(0.0001,0.001), eps=1e-04",0.0001,0.001,0.0001,linear,2638,find_phi_fixed_budget_linear_search,"{""m_exploration"": 3, ""lookback_window"": 1, ""safeguard"": 0, ""inc"": 1, ""budget"": 2638}"
"U(0.0001,0.001), eps=1e-04",0.0001,0.001,0.0001,linear,3182,find_phi_fixed_budget_linear_search,"{""m_exploration"": 3, ""lookback_window"": 1, ""safeguard"": 0, ""inc"": 1, ""budget"": 3182}"
"U(0.0001,0.001), eps=1e-04",0.0001,0.001,0.0001,linear,3839,find_phi_fixed_budget_linear_search,"{""m_exploration"": 3, ""lookback_window"": 1, ""safeguard"": 0, ""inc"": 1, ""budget"": 3839}"
"U(0.0001,0.001), eps=1e-04",0.0001,0.001,0.0001,linear,4631,find_phi_fixed_budget_linear_search,"{""m_exploration"": 3, ""lookback_window"": 1, ""safeguard"": 0, ""inc"": 1, ""budget"": 4631}"
"U(0.0001,0.001), eps=1e-04",0.0001,0.001,0.0001,linear,5586,find_phi_fixed_budget_linear_search,"{""m_exploration"": 3, ""lookback_window"": 1, ""safeguard"": 0, ""inc"": 1, ""budget"": 5586}"
"U(0.0001,0.001), eps=1e-04",0.0001,0.001,0.0001,linear,6738,find_phi_fixed_budget_linear_search,"{""m_exploration"": 3, ""lookback_window"": 1, ""safeguard"": 0, ""inc"": 1, ""budget"": 6738}"
"U(0.0001,0.001), eps=1e-04",0.0001,0.001,0.0001,linear,8128,find_phi_fixed_budget_linear_search,"{""m_exploration"": 3, ""lookback_window"": 1, ""safeguard"": 0, ""inc"": 1, ""budget"": 8128}"
"U(0.0001,0.001), eps=1e-04",0.0001,0.001,0.0001,linear,9805,find_phi_fixed_budget_linear_search,"{""m_exploration"": 4, ""lookback_window"": 1, ""safeguard"": 0, ""inc"": 1, ""budget"": 9805}"
"U(0.0001,0.001), eps=1e-04",0.0001,0.001,0.0001,linear,11827,find_phi_fixed_budget_linear_search,"{""m_exploration"": 4, ""lookback_window"": 1, ""safeguard"": 0, ""inc"": 1, ""budget"": 11827}"
"U(0.0001,0.001), eps=1e-04",0.0001,0.001,0.0001,linear,14266,find_phi_fixed_budget_linear_search,"{""m_exploration"": 5, ""lookback_window"": 1, ""safeguard"": 0, ""inc"": 1, ""budget"": 14266}"
"U(0.0001,0.001), eps=1e-04",0.0001,0.001,0.0001,linear,17209,find_phi_fixed_budget_linear_search,"{""m_exploration"": 7, ""lookback_window"": 1, ""safeguard"": 0, ""inc"": 1, ""budget"": 17209}"
"U(0.0001,0.001), eps=1e-04",0.0001,0.001,0.0001,linear,20759,find_phi_fixed_budget_linear_search,"{""m_exploration"": 7, ""lookback_window"": 1, ""safeguard"": 0, ""inc"": 1, ""budget"": 20759}"
"U(0.0001,0.001), eps=1e-04",0.0001,0.001,0.0001,linear,25040,find_phi_fixed_budget_linear_search,"{""m_exploration"": 9, ""lookback_window"": 1, ""safeguard"": 0, ""inc"": 1, ""budget"": 25040}"
"U(0.0001,0.001), eps=1e-04",0.0001,0.001,0.0001,linear,30205,find_phi_fixed_budget_linear_search,"{""m_exploration"": 3, ""lookback_window"": 1, ""safeguard"": 3, ""inc"": 1, ""budget"": 30205}"
"U(0.0001,0.001), eps=1e-04",0.0001,0.001,0.0001,linear,36435,find_phi_fixed_budget_linear_search,"{""m_exploration"": 3, ""lookback_window"": 1, ""safeguard"": 0, ""inc"": 1, ""budget"": 36435}"
"U(0.0001,0.001), eps=1e-04",0.0001,0.001,0.0001,linear,43950,find_phi_fixed_budget_linear_search,"{""m_exploration"": 3, ""lookback_window"": 1, ""safeguard"": 5, ""inc"": 1, ""budget"": 43950}"
"U(0.0001,0.001), eps=1e-04",0.0001,0.001,0.0001,linear,53015,find_phi_fixed_budget_linear_search,"{""m_exploration"": 3, ""lookback_window"": 1, ""safeguard"": 3, ""inc"": 1, ""budget"": 53015}"
"U(0.0001,0.001), eps=1e-04",0.0001,0.001,0.0001,linear,63949,find_phi_fixed_budget_linear_search,"{""m_exploration"": 3, ""lookback_window"": 1, ""safeguard"": 5, ""inc"": 1, ""budget"": 63949}"
"U(0.0001,0.001), eps=1e-04",0.0001,0.001,0.0001,linear,77139,find_phi_fixed_budget_linear_search,"{""m_exploration"": 3, ""lookback_window"": 1, ""safeguard"": 5, ""inc"": 5, ""budget"": 77139}"
"U(0.0001,0.001), eps=1e-04",0.0001,0.001,0.0001,linear,93049,find_phi_fixed_budget_linear_search,"{""m_exploration"": 3, ""lookback_window"": 1, ""safeguard"": 0, ""inc"": 2, ""budget"": 93049}"
"U(0.0001,0.001), eps=1e-04",0.0001,0.001,0.0001,linear,112241,find_phi_fixed_budget_linear_search,"{""m_exploration"": 3, ""lookback_window"": 1, ""safeguard"": 0, ""inc"": 5, ""budget"": 112241}"
"U(0.0001,0.001), eps=1e-04",0.0001,0.001,0.0001,linear,135391,find_phi_fixed_budget_linear_search,"{""m_exploration"": 5, ""lookback_window"": 1, ""safeguard"": 5, ""inc"": 5, ""budget"": 135391}"
"U(0.0001,0.001), eps=1e-04",0.0001,0.001,0.0001,linear,163315,find_phi_fixed_budget_linear_search,"{""m_exploration"": 3, ""lookback_window"": 1, ""safeguard"": 1, ""inc"": 2, ""budget"": 163315}"
"U(0.0001,0.001), eps=1e-04",0.0001,0.001,0.0001,linear,197000,find_phi_fixed_budget_linear_search,"{""m_exploration"": 3, ""lookback_window"": 1, ""safeguard"": 0, ""inc"": 2, ""budget"": 197000}"
"U(0.0001,0.001), eps=1e-04",0.0001,0.001,0.0001,linear,237632,find_phi_fixed_budget_linear_search,"{""m_exploration"": 4, ""lookback_window"": 1, ""safeguard"": 0, ""inc"": 1, ""budget"": 237632}"
"U(0.0001,0.001), eps=1e-04",0.0001,0.001,0.0001,linear,286644,find_phi_fixed_budget_linear_search,"{""m_exploration"": 3, ""lookback_window"": 1, ""safeguard"": 0, ""inc"": 1, ""budget"": 286644}"
"U(0.0001,0.001), eps=1e-04",0.0001,0.001,0.0001,linear,345765,find_phi_fixed_budget_linear_search,"{""m_exploration"": 3, ""lookback_window"": 1, ""safeguard"": 0, ""inc"": 2, ""budget"": 345765}"
"U(0.0001,0.001), eps=1e-04",0.0001,0.001,0.0001,linear,417080,find_phi_fixed_budget_linear_search,"{""m_exploration"": 3, ""lookback_window"": 1, ""safeguard"": 0, ""inc"": 1, ""budget"": 417080}"
"U(0.0001,0.001), eps=1e-04",0.0001,0.001,0.0001,linear,503104,find_phi_fixed_budget_linear_search,"{""m_exploration"": 3, ""lookback_window"": 1, ""safeguard"": 0, ""inc"": 1, ""budget"": 503104}"
"U(0.0001,0.001), eps=1e-04",0.0001,0.001,0.0001,linear,606870,find_phi_fixed_budget_linear_search,"{""m_exploration"": 3, ""lookback_window"": 1, ""safeguard"": 0, ""inc"": 1, ""budget"": 606870}"
"U(0.0001,0.001), eps=1e-04",0.0001,0.001,0.0001,linear,732039,find_phi_fixed_budget_linear_search,"{""m_exploration"": 3, ""lookback_window"": 1, ""safeguard"": 0, ""inc"": 1, ""budget"": 732039}"
"U(0.0001,0.001), eps=1e-04",0.0001,0.001,0.0001,linear,883024,find_phi_fixed_budget_linear_search,"{""m_exploration"": 3, ""lookback_window"": 1, ""safeguard"": 0, ""inc"": 1, ""budget"": 883024}"
"U(0.0001,0.001), eps=1e-04",0.0001,0.001,0.0001,linear,1065150,find_phi_fixed_budget_linear_search,"{""m_exploration"": 3, ""lookback_window"": 1, ""safeguard"": 0, ""inc"": 1, ""budget"": 1065150}"
"U(0.0001,0.001), eps=1e-04",0.0001,0.001,0.0001,linear,1284840,find_phi_fixed_budget_linear_search,"{""m_exploration"": 3, ""lookback_window"": 1, ""safeguard"": 0, ""inc"": 1, ""budget"": 1284840}"
"U(0.0001,0.001), eps=1e-04",0.0001,0.001,0.0001,reverse_eng,856,find_phi_fixed_budget_reverse_engineering,"{""m_exploration"": 20, ""safeguard"": 0.8, ""budget"": 856}"
"U(0.0001,0.001), eps=1e-04",0.0001,0.001,0.0001,reverse_eng,1033,find_phi_fixed_budget_reverse_engineering,"{""m_exploration"": 20, ""safeguard"": 0.8, ""budget"": 1033}"
"U(0.0001,0.001), eps=1e-04",0.0001,0.001,0.0001,reverse_eng,1246,find_phi_fixed_budget_reverse_engineering,"{""m_exploration"": 20, ""safeguard"": 0.8, ""budget"": 1246}"
"U(0.0001,0.001), eps=1e-04",0.0001,0.001,0.0001,reverse_eng,1503,find_phi_fixed_budget_reverse_engineering,"{""m_exploration"": 20, ""safeguard"": 0.8, ""budget"": 1503}"
"U(0.0001,0.001), eps=1e-04",0.0001,0.001,0.0001,reverse_eng,1813,find_phi_fixed_budget_reverse_engineering,"{""m_exploration"": 20, ""safeguard"": 0.8, ""budget"": 1813}"
"U(0.0001,0.001), eps=1e-04",0.0001,0.001,0.0001,reverse_eng,2187,find_phi_fixed_budget_reverse_engineering,"{""m_exploration"": 20, ""safeguard"": 0.8, ""budget"": 2187}"
"U(0.0001,0.001), eps=1e-04",0.0001,0.001,0.0001,reverse_eng,2638,find_phi_fixed_budget_reverse_engineering,"{""m_exploration"": 20, ""safeguard"": 0.8, ""budget"": 2638}"
"U(0.0001,0.001), eps=1e-04",0.0001,0.001,0.0001,reverse_eng,3182,find_phi_fixed_budget_reverse_engineering,"{""m_exploration"": 20, ""safeguard"": 0.8, ""budget"": 3182}"
"U(0.0001,0.001), eps=1e-04",0.0001,0.001,0.0001,reverse_eng,3839,find_phi_fixed_budget_reverse_engineering,"{""m_exploration"": 20, ""safeguard"": 0.8, ""budget"": 3839}"
"U(0.0001,0.001), eps=1e-04",0.0001,0.001,0.0001,reverse_eng,4631,find_phi_fixed_budget_reverse_engineering,"{""m_exploration"": 20, ""safeguard"": 0.8, ""budget"": 4631}"
"U(0.0001,0.001), eps=1e-04",0.0001,0.001,0.0001,reverse_eng,5586,find_phi_fixed_budget_reverse_engineering,"{""m_exploration"": 20, ""safeguard"": 0.8, ""budget"": 5586}"
"U(0.0001,0.001), eps=1e-04",0.0001,0.001,0.0001,reverse_eng,6738,find_phi_fixed_budget_reverse_engineering,"{""m_exploration"": 20, ""safeguard"": 0.8, ""budget"": 6738}"
"U(0.0001,0.001), eps=1e-04",0.0001,0.001,0.0001,reverse_eng,8128,find_phi_fixed_budget_reverse_engineering,"{""m_exploration"": 20, ""safeguard"": 0.8, ""budget"": 8128}"
"U(0.0001,0.001), eps=1e-04",0.0001,0.001,0.0001,reverse_eng,9805,find_phi_fixed_budget_reverse_engineering,"{""m_exploration"": 20, ""safeguard"": 0.8, ""budget"": 9805}"
"U(0.0001,0.001), eps=1e-04",0.0001,0.001,0.0001,reverse_eng,11827,find_phi_fixed_budget_reverse_engineering,"{""m_exploration"": 20, ""safeguard"": 0.8, ""budget"": 11827}"
"U(0.0001,0.001), eps=1e-04",0.0001,0.001,0.0001,reverse_eng,14266,find_phi_fixed_budget_reverse_engineering,"{""m_exploration"": 20, ""safeguard"": 0.8, ""budget"": 14266}"
"U(0.0001,0.001), eps=1e-04",0.0001,0.001,0.0001,reverse_eng,17209,find_phi_fixed_budget_reverse_engineering,"{""m_exploration"": 20, ""safeguard"": 0.8, ""budget"": 17209}"
"U(0.0001,0.001), eps=1e-04",0.0001,0.001,0.0001,reverse_eng,20759,find_phi_fixed_budget_reverse_engineering,"{""m_exploration"": 20, ""safeguard"": 0.8, ""budget"": 20759}"
"U(0.0001,0.001), eps=1e-04",0.0001,0.001,0.0001,reverse_eng,25040,find_phi_fixed_budget_reverse_engineering,"{""m_exploration"": 20, ""safeguard"": 0.8, ""budget"": 25040}"
"U(0.0001,0.001), eps=1e-04",0.0001,0.001,0.0001,reverse_eng,30205,find_phi_fixed_budget_reverse_engineering,"{""m_exploration"": 20, ""safeguard"": 0.8, ""budget"": 30205}"
"U(0.0001,0.001), eps=1e-04",0.0001,0.001,0.0001,reverse_eng,36435,find_phi_fixed_budget_reverse_engineering,"{""m_exploration"": 20, ""safeguard"": 0.975, ""budget"": 36435}"
"U(0.0001,0.001), eps=1e-04",0.0001,0.001,0.0001,reverse_eng,43950,find_phi_fixed_budget_reverse_engineering,"{""m_exploration"": 20, ""safeguard"": 0.975, ""budget"": 43950}"
"U(0.0001,0.001), eps=1e-04",0.0001,0.001,0.0001,reverse_eng,53015,find_phi_fixed_budget_reverse_engineering,"{""m_exploration"": 23, ""safeguard"": 0.975, ""budget"": 53015}"
"U(0.0001,0.001), eps=1e-04",0.0001,0.001,0.0001,reverse_eng,63949,find_phi_fixed_budget_reverse_engineering,"{""m_exploration"": 27, ""safeguard"": 0.975, ""budget"": 63949}"
"U(0.0001,0.001), eps=1e-04",0.0001,0.001,0.0001,reverse_eng,77139,find_phi_fixed_budget_reverse_engineering,"{""m_exploration"": 20, ""safeguard"": 0.8, ""budget"": 77139}"
"U(0.0001,0.001), eps=1e-04",0.0001,0.001,0.0001,reverse_eng,93049,find_phi_fixed_budget_reverse_engineering,"{""m_exploration"": 23, ""safeguard"": 0.8, ""budget"": 93049}"
"U(0.0001,0.001), eps=1e-04",0.0001,0.001,0.0001,reverse_eng,112241,find_phi_fixed_budget_reverse_engineering,"{""m_exploration"": 23, ""safeguard"": 0.8, ""budget"": 112241}"
"U(0.0001,0.001), eps=1e-04",0.0001,0.001,0.0001,reverse_eng,135391,find_phi_fixed_budget_reverse_engineering,"{""m_exploration"": 31, ""safeguard"": 0.8, ""budget"": 135391}"
"U(0.0001,0.001), eps=1e-04",0.0001,0.001,0.0001,reverse_eng,163315,find_phi_fixed_budget_reverse_engineering,"{""m_exploration"": 42, ""safeguard"": 0.8, ""budget"": 163315}"
"U(0.0001,0.001), eps=1e-04",0.0001,0.001,0.0001,reverse_eng,197000,find_phi_fixed_budget_reverse_engineering,"{""m_exploration"": 49, ""safeguard"": 0.8, ""budget"": 197000}"
"U(0.0001,0.001), eps=1e-04",0.0001,0.001,0.0001,reverse_eng,237632,find_phi_fixed_budget_reverse_engineering,"{""m_exploration"": 66, ""safeguard"": 0.8, ""budget"": 237632}"
"U(0.0001,0.001), eps=1e-04",0.0001,0.001,0.0001,reverse_eng,286644,find_phi_fixed_budget_reverse_engineering,"{""m_exploration"": 66, ""safeguard"": 0.8, ""budget"": 286644}"
"U(0.0001,0.001), eps=1e-04",0.0001,0.001,0.0001,reverse_eng,345765,find_phi_fixed_budget_reverse_engineering,"{""m_exploration"": 104, ""safeguard"": 0.8, ""budget"": 345765}"
"U(0.0001,0.001), eps=1e-04",0.0001,0.001,0.0001,reverse_eng,417080,find_phi_fixed_budget_reverse_engineering,"{""m_exploration"": 104, ""safeguard"": 0.8, ""budget"": 417080}"
"U(0.0001,0.001), eps=1e-04",0.0001,0.001,0.0001,reverse_eng,503104,find_phi_fixed_budget_reverse_engineering,"{""m_exploration"": 190, ""safeguard"": 0.8, ""budget"": 503104}"
"U(0.0001,0.001), eps=1e-04",0.0001,0.001,0.0001,reverse_eng,606870,find_phi_fixed_budget_reverse_engineering,"{""m_exploration"": 190, ""safeguard"": 0.8, ""budget"": 606870}"
"U(0.0001,0.001), eps=1e-04",0.0001,0.001,0.0001,reverse_eng,732039,find_phi_fixed_budget_reverse_engineering,"{""m_exploration"": 190, ""safeguard"": 0.8, ""budget"": 732039}"
"U(0.0001,0.001), eps=1e-04",0.0001,0.001,0.0001,reverse_eng,883024,find_phi_fixed_budget_reverse_engineering,"{""m_exploration"": 190, ""safeguard"": 0.8, ""budget"": 883024}"
"U(0.0001,0.001), eps=1e-04",0.0001,0.001,0.0001,reverse_eng,1065150,find_phi_fixed_budget_reverse_engineering,"{""m_exploration"": 190, ""safeguard"": 0.8, ""budget"": 1065150}"
"U(0.0001,0.001), eps=1e-04",0.0001,0.001,0.0001,reverse_eng,1284840,find_phi_fixed_budget_reverse_engineering,"{""m_exploration"": 190, ""safeguard"": 0.8, ""budget"": 1284840}"
"U(0.0001,0.001), eps=1e-04",0.0001,0.001,0.0001,binary,856,find_phi_fixed_budget_binary_search,"{""m_exploration"": 20, ""safeguard"": 0, ""conf"": 0.5, ""budget"": 856}"
"U(0.0001,0.001), eps=1e-04",0.0001,0.001,0.0001,binary,1033,find_phi_fixed_budget_binary_search,"{""m_exploration"": 20, ""safeguard"": 0, ""conf"": 0.5, ""budget"": 1033}"
"U(0.0001,0.001), eps=1e-04",0.0001,0.001,0.0001,binary,1246,find_phi_fixed_budget_binary_search,"{""m_exploration"": 20, ""safeguard"": 0, ""conf"": 0.5, ""budget"": 1246}"
"U(0.0001,0.001), eps=1e-04",0.0001,0.001,0.0001,binary,1503,find_phi_fixed_budget_binary_search,"{""m_exploration"": 20, ""safeguard"": 0, ""conf"": 0.5, ""budget"": 1503}"
"U(0.0001,0.001), eps=1e-04",0.0001,0.001,0.0001,binary,1813,find_phi_fixed_budget_binary_search,"{""m_exploration"": 20, ""safeguard"": 0, ""conf"": 0.5, ""budget"": 1813}"
"U(0.0001,0.001), eps=1e-04",0.0001,0.001,0.0001,binary,2187,find_phi_fixed_budget_binary_search,"{""m_exploration"": 20, ""safeguard"": 0, ""conf"": 0.5, ""budget"": 2187}"
"U(0.0001,0.001), eps=1e-04",0.0001,0.001,0.0001,binary,2638,find_phi_fixed_budget_binary_search,"{""m_exploration"": 20, ""safeguard"": 0, ""conf"": 0.5, ""budget"": 2638}"
"U(0.0001,0.001), eps=1e-04",0.0001,0.001,0.0001,binary,3182,find_phi_fixed_budget_binary_search,"{""m_exploration"": 20, ""safeguard"": 0, ""conf"": 0.5, ""budget"": 3182}"
"U(0.0001,0.001), eps=1e-04",0.0001,0.001,0.0001,binary,3839,find_phi_fixed_budget_binary_search,"{""m_exploration"": 20, ""safeguard"": 0, ""conf"": 0.5, ""budget"": 3839}"
"U(0.0001,0.001), eps=1e-04",0.0001,0.001,0.0001,binary,4631,find_phi_fixed_budget_binary_search,"{""m_exploration"": 20, ""safeguard"": 0, ""conf"": 0.5, ""budget"": 4631}"
"U(0.0001,0.001), eps=1e-04",0.0001,0.001,0.0001,binary,5586,find_phi_fixed_budget_binary_search,"{""m_exploration"": 20, ""safeguard"": 0, ""conf"": 0.5, ""budget"": 5586}"
"U(0.0001,0.001), eps=1e-04",0.0001,0.001,0.0001,binary,6738,find_phi_fixed_budget_binary_search,"{""m_exploration"": 20, ""safeguard"": 0, ""conf"": 0.5, ""budget"": 6738}"
"U(0.0001,0.001), eps=1e-04",0.0001,0.001,0.0001,binary,8128,find_phi_fixed_budget_binary_search,"{""m_exploration"": 20, ""safeguard"": 0, ""conf"": 0.5, ""budget"": 8128}"
"U(0.0001,0.001), eps=1e-04",0.0001,0.001,0.0001,binary,9805,find_phi_fixed_budget_binary_search,"{""m_exploration"": 20, ""safeguard"": 0, ""conf"": 0.5, ""budget"": 9805}"
"U(0.0001,0.001), eps=1e-04",0.0001,0.001,0.0001,binary,11827,find_phi_fixed_budget_binary_search,"{""m_exploration"": 20, ""safeguard"": 0, ""conf"": 0.5, ""budget"": 11827}"
"U(0.0001,0.001), eps=1e-04",0.0001,0.001,0.0001,binary,14266,find_phi_fixed_budget_binary_search,"{""m_exploration"": 20, ""safeguard"": 0, ""conf"": 0.5, ""budget"": 14266}"
"U(0.0001,0.001), eps=1e-04",0.0001,0.001,0.0001,binary,17209,find_phi_fixed_budget_binary_search,"{""m_exploration"": 20, ""safeguard"": 0, ""conf"": 0.5, ""budget"": 17209}"
"U(0.0001,0.001), eps=1e-04",0.0001,0.001,0.0001,binary,20759,find_phi_fixed_budget_binary_search,"{""m_exploration"": 20, ""safeguard"": 0, ""conf"": 0.5, ""budget"": 20759}"
"U(0.0001,0.001), eps=1e-04",0.0001,0.001,0.0001,binary,25040,find_phi_fixed_budget_binary_search,"{""m_exploration"": 20, ""safeguard"": 0, ""conf"": 0.5, ""budget"": 25040}"
"U(0.0001,0.001), eps=1e-04",0.0001,0.001,0.0001,binary,30205,find_phi_fixed_budget_binary_search,"{""m_exploration"": 20, ""safeguard"": 0, ""conf"": 0.5, ""budget"": 30205}"
"U(0.0001,0.001), eps=1e-04",0.0001,0.001,0.0001,binary,36435,find_phi_fixed_budget_binary_search,"{""m_exploration"": 20, ""safeguard"": 0, ""conf"": 0.5, ""budget"": 36435}"
"U(0.0001,0.001), eps=1e-04",0.0001,0.001,0.0001,binary,43950,find_phi_fixed_budget_binary_search,"{""m_exploration"": 20, ""safeguard"": 0, ""conf"": 0.5, ""budget"": 43950}"
"U(0.0001,0.001), eps=1e-04",0.0001,0.001,0.0001,binary,53015,find_phi_fixed_budget_binary_search,"{""m_exploration"": 27, ""safeguard"": 0, ""conf"": 0.5, ""budget"": 53015}"
"U(0.0001,0.001), eps=1e-04",0.0001,0.001,0.0001,binary,63949,find_phi_fixed_budget_binary_search,"{""m_exploration"": 27, ""safeguard"": 0, ""conf"": 0.5, ""budget"": 63949}"
"U(0.0001,0.001), eps=1e-04",0.0001,0.001,0.0001,binary,77139,find_phi_fixed_budget_binary_search,"{""m_exploration"": 36, ""safeguard"": 0, ""conf"": 0.5, ""budget"": 77139}"
"U(0.0001,0.001), eps=1e-04",0.0001,0.001,0.0001,binary,93049,find_phi_fixed_budget_binary_search,"{""m_exploration"": 50, ""safeguard"": 0, ""conf"": 0.5, ""budget"": 93049}"
"U(0.0001,0.001), eps=1e-04",0.0001,0.001,0.0001,binary,112241,find_phi_fixed_budget_binary_search,"{""m_exploration"": 50, ""safeguard"": 0, ""conf"": 0.5, ""budget"": 112241}"
"U(0.0001,0.001), eps=1e-04",0.0001,0.001,0.0001,binary,135391,find_phi_fixed_budget_binary_search,"{""m_exploration"": 68, ""safeguard"": 0, ""conf"": 0.5, ""budget"": 135391}"
"U(0.0001,0.001), eps=1e-04",0.0001,0.001,0.0001,binary,163315,find_phi_fixed_budget_binary_search,"{""m_exploration"": 92, ""safeguard"": 0, ""conf"": 0.5, ""budget"": 163315}"
"U(0.0001,0.001), eps=1e-04",0.0001,0.001,0.0001,binary,197000,find_phi_fixed_budget_binary_search,"{""m_exploration"": 68, ""safeguard"": 0, ""conf"": 0.5, ""budget"": 197000}"
"U(0.0001,0.001), eps=1e-04",0.0001,0.001,0.0001,binary,237632,find_phi_fixed_budget_binary_search,"{""m_exploration"": 20, ""safeguard"": 0, ""conf"": 0.5, ""budget"": 237632}"
"U(0.0001,0.001), eps=1e-04",0.0001,0.001,0.0001,binary,286644,find_phi_fixed_budget_binary_search,"{""m_exploration"": 20, ""safeguard"": 0, ""conf"": 0.5, ""budget"": 286644}"
"U(0.0001,0.001), eps=1e-04",0.0001,0.001,0.0001,binary,345765,find_phi_fixed_budget_binary_search,"{""m_exploration"": 20, ""safeguard"": 0, ""conf"": 0.5, ""budget"": 345765}"
"U(0.0001,0.001), eps=1e-04",0.0001,0.001,0.0001,binary,417080,find_phi_fixed_budget_binary_search,"{""m_exploration"": 20, ""safeguard"": 0, ""conf"": 0.5, ""budget"": 417080}"
"U(0.0001,0.001), eps=1e-04",0.0001,0.001,0.0001,binary,503104,find_phi_fixed_budget_binary_search,"{""m_exploration"": 20, ""safeguard"": 0, ""conf"": 0.8, ""budget"": 503104}"
"U(0.0001,0.001), eps=1e-04",0.0001,0.001,0.0001,binary,606870,find_phi_fixed_budget_binary_search_anneal_m,"{""m_exploration"": 20, ""safeguard"": 1, ""conf"": 0.8, ""budget"": 606870}"
"U(0.0001,0.001), eps=1e-04",0.0001,0.001,0.0001,binary,732039,find_phi_fixed_budget_binary_search,"{""m_exploration"": 27, ""safeguard"": 2, ""conf"": 0.9, ""budget"": 732039}"
"U(0.0001,0.001), eps=1e-04",0.0001,0.001,0.0001,binary,883024,find_phi_fixed_budget_binary_search,"{""m_exploration"": 20, ""safeguard"": 2, ""conf"": 0.65, ""budget"": 883024}"
"U(0.0001,0.001), eps=1e-04",0.0001,0.001,0.0001,binary,1065150,find_phi_fixed_budget_binary_search,"{""m_exploration"": 20, ""safeguard"": 2, ""conf"": 0.5, ""budget"": 1065150}"
"U(0.0001,0.001), eps=1e-04",0.0001,0.001,0.0001,binary,1284840,find_phi_fixed_budget_binary_search,"{""m_exploration"": 20, ""safeguard"": 1, ""conf"": 0.5, ""budget"": 1284840}"
"U(0.0001,0.001), eps=1e-04",0.0001,0.001,0.0001,reverse_eng_risk,856,find_phi_fixed_budget_reverse_engineering_risk,"{""m_exploration"": 20, ""eps_target"": 0.0001, ""budget"": 856}"
"U(0.0001,0.001), eps=1e-04",0.0001,0.001,0.0001,reverse_eng_risk,1033,find_phi_fixed_budget_reverse_engineering_risk,"{""m_exploration"": 20, ""eps_target"": 0.0001, ""budget"": 1033}"
"U(0.0001,0.001), eps=1e-04",0.0001,0.001,0.0001,reverse_eng_risk,1246,find_phi_fixed_budget_reverse_engineering_risk,"{""m_exploration"": 20, ""eps_target"": 0.0001, ""budget"": 1246}"
"U(0.0001,0.001), eps=1e-04",0.0001,0.001,0.0001,reverse_eng_risk,1503,find_phi_fixed_budget_reverse_engineering_risk,"{""m_exploration"": 20, ""eps_target"": 0.0001, ""budget"": 1503}"
"U(0.0001,0.001), eps=1e-04",0.0001,0.001,0.0001,reverse_eng_risk,1813,find_phi_fixed_budget_reverse_engineering_risk,"{""m_exploration"": 20, ""eps_target"": 0.0001, ""budget"": 1813}"
"U(0.0001,0.001), eps=1e-04",0.0001,0.001,0.0001,reverse_eng_risk,2187,find_phi_fixed_budget_reverse_engineering_risk,"{""m_exploration"": 20, ""eps_target"": 0.0001, ""budget"": 2187}"
"U(0.0001,0.001), eps=1e-04",0.0001,0.001,0.0001,reverse_eng_risk,2638,find_phi_fixed_budget_reverse_engineering_risk,"{""m_exploration"": 20, ""eps_target"": 0.0001, ""budget"": 2638}"
"U(0.0001,0.001), eps=1e-04",0.0001,0.001,0.0001,reverse_eng_risk,3182,find_phi_fixed_budget_reverse_engineering_risk,"{""m_exploration"": 20, ""eps_target"": 0.0001, ""budget"": 3182}"
"U(0.0001,0.001), eps=1e-04",0.0001,0.001,0.0001,reverse_eng_risk,3839,find_phi_fixed_budget_reverse_engineering_risk,"{""m_exploration"": 20, ""eps_target"": 0.0001, ""budget"": 3839}"
"U(0.0001,0.001), eps=1e-04",0.0001,0.001,0.0001,reverse_eng_risk,4631,find_phi_fixed_budget_reverse_engineering_risk,"{""m_exploration"": 20, ""eps_target"": 0.0001, ""budget"": 4631}"
"U(0.0001,0.001), eps=1e-04",0.0001,0.001,0.0001,reverse_eng_risk,5586,find_phi_fixed_budget_reverse_engineering_risk,"{""m_exploration"": 20, ""eps_target"": 0.0001, ""budget"": 5586}"
"U(0.0001,0.001), eps=1e-04",0.0001,0.001,0.0001,reverse_eng_risk,6738,find_phi_fixed_budget_reverse_engineering_risk,"{""m_exploration"": 20, ""eps_target"": 0.0001, ""budget"": 6738}"
"U(0.0001,0.001), eps=1e-04",0.0001,0.001,0.0001,reverse_eng_risk,8128,find_phi_fixed_budget_reverse_engineering_risk,"{""m_exploration"": 20, ""eps_target"": 0.0001, ""budget"": 8128}"
"U(0.0001,0.001), eps=1e-04",0.0001,0.001,0.0001,reverse_eng_risk,9805,find_phi_fixed_budget_reverse_engineering_risk,"{""m_exploration"": 20, ""eps_target"": 0.0001, ""budget"": 9805}"
"U(0.0001,0.001), eps=1e-04",0.0001,0.001,0.0001,reverse_eng_risk,11827,find_phi_fixed_budget_reverse_engineering_risk,"{""m_exploration"": 20, ""eps_target"": 0.0001, ""budget"": 11827}"
"U(0.0001,0.001), eps=1e-04",0.0001,0.001,0.0001,reverse_eng_risk,14266,find_phi_fixed_budget_reverse_engineering_risk,"{""m_exploration"": 20, ""eps_target"": 0.0001, ""budget"": 14266}"
"U(0.0001,0.001), eps=1e-04",0.0001,0.001,0.0001,reverse_eng_risk,17209,find_phi_fixed_budget_reverse_engineering_risk,"{""m_exploration"": 20, ""eps_target"": 0.0001, ""budget"": 17209}"
"U(0.0001,0.001), eps=1e-04",0.0001,0.001,0.0001,reverse_eng_risk,20759,find_phi_fixed_budget_reverse_engineering_risk,"{""m_exploration"": 20, ""eps_target"": 0.0001, ""budget"": 20759}"
"U(0.0001,0.001), eps=1e-04",0.0001,0.001,0.0001,reverse_eng_risk,25040,find_phi_fixed_budget_reverse_engineering_risk,"{""m_exploration"": 20, ""eps_target"": 0.0001, ""budget"": 25040}"
"U(0.0001,0.001), eps=1e-04",0.0001,0.001,0.0001,reverse_eng_risk,30205,find_phi_fixed_budget_reverse_engineering_risk,"{""m_exploration"": 20, ""eps_target"": 0.0001, ""budget"": 30205}"
"U(0.0001,0.001), eps=1e-04",0.0001,0.001,0.0001,reverse_eng_risk,36435,find_phi_fixed_budget_reverse_engineering_risk,"{""m_exploration"": 20, ""eps_target"": 0.0001, ""budget"": 36435}"
"U(0.0001,0.001), eps=1e-04",0.0001,0.001,0.0001,reverse_eng_risk,43950,find_phi_fixed_budget_reverse_engineering_risk,"{""m_exploration"": 20, ""eps_target"": 0.0001, ""budget"": 43950}"
"U(0.0001,0.001), eps=1e-04",0.0001,0.001,0.0001,reverse_eng_risk,53015,find_phi_fixed_budget_reverse_engineering_risk,"{""m_exploration"": 20, ""eps_target"": 0.0001, ""budget"": 53015}"
"U(0.0001,0.001), eps=1e-04",0.0001,0.001,0.0001,reverse_eng_risk,63949,find_phi_fixed_budget_reverse_engineering_risk,"{""m_exploration"": 20, ""eps_target"": 0.0001, ""budget"": 63949}"
"U(0.0001,0.001), eps=1e-04",0.0001,0.001,0.0001,reverse_eng_risk,77139,find_phi_fixed_budget_reverse_engineering_risk,"{""m_exploration"": 20, ""eps_target"": 0.0001, ""budget"": 77139}"
"U(0.0001,0.001), eps=1e-04",0.0001,0.001,0.0001,reverse_eng_risk,93049,find_phi_fixed_budget_reverse_engineering_risk,"{""m_exploration"": 20, ""eps_target"": 0.0001, ""budget"": 93049}"
"U(0.0001,0.001), eps=1e-04",0.0001,0.001,0.0001,reverse_eng_risk,112241,find_phi_fixed_budget_reverse_engineering_risk,"{""m_exploration"": 20, ""eps_target"": 0.0001, ""budget"": 112241}"
"U(0.0001,0.001), eps=1e-04",0.0001,0.001,0.0001,reverse_eng_risk,135391,find_phi_fixed_budget_reverse_engineering_risk,"{""m_exploration"": 20, ""eps_target"": 0.0001, ""budget"": 135391}"
"U(0.0001,0.001), eps=1e-04",0.0001,0.001,0.0001,reverse_eng_risk,163315,find_phi_fixed_budget_reverse_engineering_risk,"{""m_exploration"": 31, ""eps_target"": 0.0001, ""budget"": 163315}"
"U(0.0001,0.001), eps=1e-04",0.0001,0.001,0.0001,reverse_eng_risk,197000,find_phi_fixed_budget_reverse_engineering_risk,"{""m_exploration"": 42, ""eps_target"": 0.0001, ""budget"": 197000}"
"U(0.0001,0.001), eps=1e-04",0.0001,0.001,0.0001,reverse_eng_risk,237632,find_phi_fixed_budget_reverse_engineering_risk,"{""m_exploration"": 23, ""eps_target"": 0.0001, ""budget"": 237632}"
"U(0.0001,0.001), eps=1e-04",0.0001,0.001,0.0001,reverse_eng_risk,286644,find_phi_fixed_budget_reverse_engineering_risk,"{""m_exploration"": 42, ""eps_target"": 0.0001, ""budget"": 286644}"
"U(0.0001,0.001), eps=1e-04",0.0001,0.001,0.0001,reverse_eng_risk,345765,find_phi_fixed_budget_reverse_engineering_risk,"{""m_exploration"": 20, ""eps_target"": 0.0001, ""budget"": 345765}"
"U(0.0001,0.001), eps=1e-04",0.0001,0.001,0.0001,reverse_eng_risk,417080,find_phi_fixed_budget_reverse_engineering_risk,"{""m_exploration"": 20, ""eps_target"": 0.0001, ""budget"": 417080}"
"U(0.0001,0.001), eps=1e-04",0.0001,0.001,0.0001,reverse_eng_risk,503104,find_phi_fixed_budget_reverse_engineering_risk,"{""m_exploration"": 20, ""eps_target"": 0.0001, ""budget"": 503104}"
"U(0.0001,0.001), eps=1e-04",0.0001,0.001,0.0001,reverse_eng_risk,606870,find_phi_fixed_budget_reverse_engineering_risk,"{""m_exploration"": 20, ""eps_target"": 0.0001, ""budget"": 606870}"
"U(0.0001,0.001), eps=1e-04",0.0001,0.001,0.0001,reverse_eng_risk,732039,find_phi_fixed_budget_reverse_engineering_risk,"{""m_exploration"": 20, ""eps_target"": 0.0001, ""budget"": 732039}"
"U(0.0001,0.001), eps=1e-04",0.0001,0.001,0.0001,reverse_eng_risk,883024,find_phi_fixed_budget_reverse_engineering_risk,"{""m_exploration"": 20, ""eps_target"": 0.0001, ""budget"": 883024}"
"U(0.0001,0.001), eps=1e-04",0.0001,0.001,0.0001,reverse_eng_risk,1065150,find_phi_fixed_budget_reverse_engineering_risk,"{""m_exploration"": 20, ""eps_target"": 0.0001, ""budget"": 1065150}"
"U(0.0001,0.001), eps=1e-04",0.0001,0.001,0.0001,reverse_eng_risk,1284840,find_phi_fixed_budget_reverse_engineering_risk,"{""m_exploration"": 20, ""eps_target"": 0.0001, ""budget"": 1284840}"
"U(0.0001,0.001), eps=1e-04",0.0001,0.001,0.0001,binary_risk,856,find_phi_fixed_budget_binary_search_risk,"{""m_exploration"": 20, ""conf"": 0.5, ""eps_target"": 0.0001, ""budget"": 856}"
"U(0.0001,0.001), eps=1e-04",0.0001,0.001,0.0001,binary_risk,1033,find_phi_fixed_budget_binary_search_risk,"{""m_exploration"": 20, ""conf"": 0.5, ""eps_target"": 0.0001, ""budget"": 1033}"
"U(0.0001,0.001), eps=1e-04",0.0001,0.001,0.0001,binary_risk,1246,find_phi_fixed_budget_binary_search_risk,"{""m_exploration"": 20, ""conf"": 0.5, ""eps_target"": 0.0001, ""budget"": 1246}"
"U(0.0001,0.001), eps=1e-04",0.0001,0.001,0.0001,binary_risk,1503,find_phi_fixed_budget_binary_search_risk,"{""m_exploration"": 20, ""conf"": 0.5, ""eps_target"": 0.0001, ""budget"": 1503}"
"U(0.0001,0.001), eps=1e-04",0.0001,0.001,0.0001,binary_risk,1813,find_phi_fixed_budget_binary_search_risk,"{""m_exploration"": 20, ""conf"": 0.5, ""eps_target"": 0.0001, ""budget"": 1813}"
"U(0.0001,0.001), eps=1e-04",0.0001,0.001,0.0001,binary_risk,2187,find_phi_fixed_budget_binary_search_risk,"{""m_exploration"": 20, ""conf"": 0.5, ""eps_target"": 0.0001, ""budget"": 2187}"
"U(0.0001,0.001), eps=1e-04",0.0001,0.001,0.0001,binary_risk,2638,find_phi_fixed_budget_binary_search_risk,"{""m_exploration"": 20, ""conf"": 0.5, ""eps_target"": 0.0001, ""budget"": 2638}"
"U(0.0001,0.001), eps=1e-04",0.0001,0.001,0.0001,binary_risk,3182,find_phi_fixed_budget_binary_search_risk,"{""m_exploration"": 20, ""conf"": 0.5, ""eps_target"": 0.0001, ""budget"": 3182}"
"U(0.0001,0.001), eps=1e-04",0.0001,0.001,0.0001,binary_risk,3839,find_phi_fixed_budget_binary_search_risk,"{""m_exploration"": 20, ""conf"": 0.5, ""eps_target"": 0.0001, ""budget"": 3839}"
"U(0.0001,0.001), eps=1e-04",0.0001,0.001,0.0001,binary_risk,4631,find_phi_fixed_budget_binary_search_risk,"{""m_exploration"": 20, ""conf"": 0.5, ""eps_target"": 0.0001, ""budget"": 4631}"
"U(0.0001,0.001), eps=1e-04",0.0001,0.001,0.0001,binary_risk,5586,find_phi_fixed_budget_binary_search_risk,"{""m_exploration"": 20, ""conf"": 0.5, ""eps_target"": 0.0001, ""budget"": 5586}"
"U(0.0001,0.001), eps=1e-04",0.0001,0.001,0.0001,binary_risk,6738,find_phi_fixed_budget_binary_search_risk,"{""m_exploration"": 20, ""conf"": 0.5, ""eps_target"": 0.0001, ""budget"": 6738}"
"U(0.0001,0.001), eps=1e-04",0.0001,0.001,0.0001,binary_risk,8128,find_phi_fixed_budget_binary_search_risk,"{""m_exploration"": 20, ""conf"": 0.5, ""eps_target"": 0.0001, ""budget"": 8128}"
"U(0.0001,0.001), eps=1e-04",0.0001,0.001,0.0001,binary_risk,9805,find_phi_fixed_budget_binary_search_risk,"{""m_exploration"": 20, ""conf"": 0.5, ""eps_target"": 0.0001, ""budget"": 9805}"
"U(0.0001,0.001), eps=1e-04",0.0001,0.001,0.0001,binary_risk,11827,find_phi_fixed_budget_binary_search_risk,"{""m_exploration"": 20, ""conf"": 0.5, ""eps_target"": 0.0001, ""budget"": 11827}"
"U(0.0001,0.001), eps=1e-04",0.0001,0.001,0.0001,binary_risk,14266,find_phi_fixed_budget_binary_search_risk,"{""m_exploration"": 20, ""conf"": 0.5, ""eps_target"": 0.0001, ""budget"": 14266}"
"U(0.0001,0.001), eps=1e-04",0.0001,0.001,0.0001,binary_risk,17209,find_phi_fixed_budget_binary_search_risk,"{""m_exploration"": 20, ""conf"": 0.5, ""eps_target"": 0.0001, ""budget"": 17209}"
"U(0.0001,0.001), eps=1e-04",0.0001,0.001,0.0001,binary_risk,20759,find_phi_fixed_budget_binary_search_risk,"{""m_exploration"": 20, ""conf"": 0.5, ""eps_target"": 0.0001, ""budget"": 20759}"
"U(0.0001,0.001), eps=1e-04",0.0001,0.001,0.0001,binary_risk,25040,find_phi_fixed_budget_binary_search_risk,"{""m_exploration"": 20, ""conf"": 0.5, ""eps_target"": 0.0001, ""budget"": 25040}"
"U(0.0001,0.001), eps=1e-04",0.0001,0.001,0.0001,binary_risk,30205,find_phi_fixed_budget_binary_search_risk,"{""m_exploration"": 20, ""conf"": 0.5, ""eps_target"": 0.0001, ""budget"": 30205}"
"U(0.0001,0.001), eps=1e-04",0.0001,0.001,0.0001,binary_risk,36435,find_phi_fixed_budget_binary_search_risk,"{""m_exploration"": 20, ""conf"": 0.5, ""eps_target"": 0.0001, ""budget"": 36435}"
"U(0.0001,0.001), eps=1e-04",0.0001,0.001,0.0001,binary_risk,43950,find_phi_fixed_budget_binary_search_risk,"{""m_exploration"": 20, ""conf"": 0.5, ""eps_target"": 0.0001, ""budget"": 43950}"
"U(0.0001,0.001), eps=1e-04",0.0001,0.001,0.0001,binary_risk,53015,find_phi_fixed_budget_binary_search_risk,"{""m_exploration"": 20, ""conf"": 0.5, ""eps_target"": 0.0001, ""budget"": 53015}"
"U(0.0001,0.001), eps=1e-04",0.0001,0.001,0.0001,binary_risk,63949,find_phi_fixed_budget_binary_search_risk,"{""m_exploration"": 20, ""conf"": 0.5, ""eps_target"": 0.0001, ""budget"": 63949}"
"U(0.0001,0.001), eps=1e-04",0.0001,0.001,0.0001,binary_risk,77139,find_phi_fixed_budget_binary_search_risk,"{""m_exploration"": 20, ""conf"": 0.5, ""eps_target"": 0.0001, ""budget"": 77139}"
"U(0.0001,0.001), eps=1e-04",0.0001,0.001,0.0001,binary_risk,93049,find_phi_fixed_budget_binary_search_risk,"{""m_exploration"": 20, ""conf"": 0.5, ""eps_target"": 0.0001, ""budget"": 93049}"
"U(0.0001,0.001), eps=1e-04",0.0001,0.001,0.0001,binary_risk,112241,find_phi_fixed_budget_binary_search_risk,"{""m_exploration"": 20, ""conf"": 0.5, ""eps_target"": 0.0001, ""budget"": 112241}"
"U(0.0001,0.001), eps=1e-04",0.0001,0.001,0.0001,binary_risk,135391,find_phi_fixed_budget_binary_search_risk,"{""m_exploration"": 20, ""conf"": 0.5, ""eps_target"": 0.0001, ""budget"": 135391}"
"U(0.0001,0.001), eps=1e-04",0.0001,0.001,0.0001,binary_risk,163315,find_phi_fixed_budget_binary_search_risk,"{""m_exploration"": 20, ""conf"": 0.5, ""eps_target"": 0.0001, ""budget"": 163315}"
"U(0.0001,0.001), eps=1e-04",0.0001,0.001,0.0001,binary_risk,197000,find_phi_fixed_budget_binary_search_risk,"{""m_exploration"": 20, ""conf"": 0.5, ""eps_target"": 0.0001, ""budget"": 197000}"
"U(0.0001,0.001), eps=1e-04",0.0001,0.001,0.0001,binary_risk,237632,find_phi_fixed_budget_binary_search_risk,"{""m_exploration"": 27, ""conf"": 0.5, ""eps_target"": 0.0001, ""budget"": 237632}"
"U(0.0001,0.001), eps=1e-04",0.0001,0.001,0.0001,binary_risk,286644,find_phi_fixed_budget_binary_search_risk,"{""m_exploration"": 36, ""conf"": 0.5, ""eps_target"": 0.0001, ""budget"": 286644}"
"U(0.0001,0.001), eps=1e-04",0.0001,0.001,0.0001,binary_risk,345765,find_phi_fixed_budget_binary_search_risk,"{""m_exploration"": 36, ""conf"": 0.5, ""eps_target"": 0.0001, ""budget"": 345765}"
"U(0.0001,0.001), eps=1e-04",0.0001,0.001,0.0001,binary_risk,417080,find_phi_fixed_budget_binary_search_risk,"{""m_exploration"": 50, ""conf"": 0.5, ""eps_target"": 0.0001, ""budget"": 417080}"
"U(0.0001,0.001), eps=1e-04",0.0001,0.001,0.0001,binary_risk,503104,find_phi_fixed_budget_binary_search_risk,"{""m_exploration"": 50, ""conf"": 0.5, ""eps_target"": 0.0001, ""budget"": 503104}"
"U(0.0001,0.001), eps=1e-04",0.0001,0.001,0.0001,binary_risk,606870,find_phi_fixed_budget_binary_search_risk,"{""m_exploration"": 68, ""conf"": 0.5, ""eps_target"": 0.0001, ""budget"": 606870}"
"U(0.0001,0.001), eps=1e-04",0.0001,0.001,0.0001,binary_risk,732039,find_phi_fixed_budget_binary_search_risk,"{""m_exploration"": 92, ""conf"": 0.5, ""eps_target"": 0.0001, ""budget"": 732039}"
"U(0.0001,0.001), eps=1e-04",0.0001,0.001,0.0001,binary_risk,883024,find_phi_fixed_budget_binary_search_risk,"{""m_exploration"": 92, ""conf"": 0.5, ""eps_target"": 0.0001, ""budget"": 883024}"
"U(0.0001,0.001), eps=1e-04",0.0001,0.001,0.0001,binary_risk,1065150,find_phi_fixed_budget_binary_search_risk,"{""m_exploration"": 126, ""conf"": 0.5, ""eps_target"": 0.0001, ""budget"": 1065150}"
"U(0.0001,0.001), eps=1e-04",0.0001,0.001,0.0001,binary_risk,1284840,find_phi_fixed_budget_binary_search_risk,"{""m_exploration"": 92, ""conf"": 0.5, ""eps_target"": 0.0001, ""budget"": 1284840}"
"U(0.0001,0.001), eps=1e-06",0.0001,0.001,1e-06,linear,8565605,find_phi_fixed_budget_linear_search,"{""m_exploration"": 3, ""lookback_window"": 5, ""safeguard"": 5, ""inc"": 5, ""budget"": 8565605}"
"U(0.0001,0.001), eps=1e-06",0.0001,0.001,1e-06,linear,10332282,find_phi_fixed_budget_linear_search,"{""m_exploration"": 3, ""lookback_window"": 5, ""safeguard"": 0, ""inc"": 5, ""budget"": 10332282}"
"U(0.0001,0.001), eps=1e-06",0.0001,0.001,1e-06,linear,12463342,find_phi_fixed_budget_linear_search,"{""m_exploration"": 19, ""lookback_window"": 2, ""safeguard"": 0, ""inc"": 5, ""budget"": 12463342}"
"U(0.0001,0.001), eps=1e-06",0.0001,0.001,1e-06,linear,15033938,find_phi_fixed_budget_linear_search,"{""m_exploration"": 19, ""lookback_window"": 2, ""safeguard"": 2, ""inc"": 5, ""budget"": 15033938}"
"U(0.0001,0.001), eps=1e-06",0.0001,0.001,1e-06,linear,18134725,find_phi_fixed_budget_linear_search,"{""m_exploration"": 5, ""lookback_window"": 5, ""safeguard"": 3, ""inc"": 5, ""budget"": 18134725}"
"U(0.0001,0.001), eps=1e-06",0.0001,0.001,1e-06,linear,21875059,find_phi_fixed_budget_linear_search,"{""m_exploration"": 5, ""lookback_window"": 5, ""safeguard"": 2, ""inc"": 5, ""budget"": 21875059}"
"U(0.0001,0.001), eps=1e-06",0.0001,0.001,1e-06,linear,26386845,find_phi_fixed_budget_linear_search,"{""m_exploration"": 5, ""lookback_window"": 5, ""safeguard"": 2, ""inc"": 5, ""budget"": 26386845}"
"U(0.0001,0.001), eps=1e-06",0.0001,0.001,1e-06,linear,31829199,find_phi_fixed_budget_linear_search,"{""m_exploration"": 5, ""lookback_window"": 5, ""safeguard"": 5, ""inc"": 5, ""budget"": 31829199}"
"U(0.0001,0.001), eps=1e-06",0.0001,0.001,1e-06,linear,38394051,find_phi_fixed_budget_linear_search,"{""m_exploration"": 14, ""lookback_window"": 5, ""safeguard"": 0, ""inc"": 5, ""budget"": 38394051}"
"U(0.0001,0.001), eps=1e-06",0.0001,0.001,1e-06,linear,46312922,find_phi_fixed_budget_linear_search,"{""m_exploration"": 14, ""lookback_window"": 5, ""safeguard"": 5, ""inc"": 5, ""budget"": 46312922}"
"U(0.0001,0.001), eps=1e-06",0.0001,0.001,1e-06,linear,55865079,find_phi_fixed_budget_linear_search,"{""m_exploration"": 14, ""lookback_window"": 5, ""safeguard"": 0, ""inc"": 5, ""budget"": 55865079}"
"U(0.0001,0.001), eps=1e-06",0.0001,0.001,1e-06,linear,67387393,find_phi_fixed_budget_linear_search,"{""m_exploration"": 14, ""lookback_window"": 5, ""safeguard"": 0, ""inc"": 5, ""budget"": 67387393}"
"U(0.0001,0.001), eps=1e-06",0.0001,0.001,1e-06,linear,81286214,find_phi_fixed_budget_linear_search,"{""m_exploration"": 14, ""lookback_window"": 5, ""safeguard"": 3, ""inc"": 5, ""budget"": 81286214}"
"U(0.0001,0.001), eps=1e-06",0.0001,0.001,1e-06,linear,98051701,find_phi_fixed_budget_linear_search,"{""m_exploration"": 5, ""lookback_window"": 5, ""safeguard"": 3, ""inc"": 5, ""budget"": 98051701}"
"U(0.0001,0.001), eps=1e-06",0.0001,0.001,1e-06,linear,118275113,find_phi_fixed_budget_linear_search,"{""m_exploration"": 25, ""lookback_window"": 5, ""safeguard"": 5, ""inc"": 5, ""budget"": 118275113}"
"U(0.0001,0.001), eps=1e-06",0.0001,0.001,1e-06,linear,142669654,find_phi_fixed_budget_linear_search,"{""m_exploration"": 25, ""lookback_window"": 5, ""safeguard"": 3, ""inc"": 5, ""budget"": 142669654}"
"U(0.0001,0.001), eps=1e-06",0.0001,0.001,1e-06,linear,172095631,find_phi_fixed_budget_linear_search,"{""m_exploration"": 25, ""lookback_window"": 5, ""safeguard"": 3, ""inc"": 5, ""budget"": 172095631}"
"U(0.0001,0.001), eps=1e-06",0.0001,0.001,1e-06,linear,207590791,find_phi_fixed_budget_linear_search,"{""m_exploration"": 74, ""lookback_window"": 5, ""safeguard"": 1, ""inc"": 5, ""budget"": 207590791}"
"U(0.0001,0.001), eps=1e-06",0.0001,0.001,1e-06,linear,250406917,find_phi_fixed_budget_linear_search,"{""m_exploration"": 97, ""lookback_window"": 5, ""safeguard"": 5, ""inc"": 5, ""budget"": 250406917}"
"U(0.0001,0.001), eps=1e-06",0.0001,0.001,1e-06,linear,302053977,find_phi_fixed_budget_linear_search,"{""m_exploration"": 97, ""lookback_window"": 5, ""safeguard"": 3, ""inc"": 5, ""budget"": 302053977}"
"U(0.0001,0.001), eps=1e-06",0.0001,0.001,1e-06,linear,364353374,find_phi_fixed_budget_linear_search,"{""m_exploration"": 74, ""lookback_window"": 5, ""safeguard"": 3, ""inc"": 5, ""budget"": 364353374}"
"U(0.0001,0.001), eps=1e-06",0.0001,0.001,1e-06,linear,439502180,find_phi_fixed_budget_linear_search,"{""m_exploration"": 74, ""lookback_window"": 5, ""safeguard"": 2, ""inc"": 5, ""budget"": 439502180}"
"U(0.0001,0.001), eps=1e-06",0.0001,0.001,1e-06,linear,530150616,find_phi_fixed_budget_linear_search,"{""m_exploration"": 166, ""lookback_window"": 5, ""safeguard"": 3, ""inc"": 5, ""budget"": 530150616}"
"U(0.0001,0.001), eps=1e-06",0.0001,0.001,1e-06,linear,639495523,find_phi_fixed_budget_linear_search,"{""m_exploration"": 97, ""lookback_window"": 5, ""safeguard"": 5, ""inc"": 5, ""budget"": 639495523}"
"U(0.0001,0.001), eps=1e-06",0.0001,0.001,1e-06,linear,771393092,find_phi_fixed_budget_linear_search,"{""m_exploration"": 74, ""lookback_window"": 5, ""safeguard"": 5, ""inc"": 5, ""budget"": 771393092}"
"U(0.0001,0.001), eps=1e-06",0.0001,0.001,1e-06,linear,930494870,find_phi_fixed_budget_linear_search,"{""m_exploration"": 97, ""lookback_window"": 5, ""safeguard"": 5, ""inc"": 5, ""budget"": 930494870}"
"U(0.0001,0.001), eps=1e-06",0.0001,0.001,1e-06,linear,1122411792,find_phi_fixed_budget_linear_search,"{""m_exploration"": 97, ""lookback_window"": 5, ""safeguard"": 5, ""inc"": 5, ""budget"": 1122411792}"
"U(0.0001,0.001), eps=1e-06",0.0001,0.001,1e-06,linear,1353912064,find_phi_fixed_budget_linear_search,"{""m_exploration"": 74, ""lookback_window"": 5, ""safeguard"": 2, ""inc"": 2, ""budget"": 1353912064}"
"U(0.0001,0.001), eps=1e-06",0.0001,0.001,1e-06,linear,1633159853,find_phi_fixed_budget_linear_search,"{""m_exploration"": 3, ""lookback_window"": 1, ""safeguard"": 0, ""inc"": 1, ""budget"": 1633159853}"
"U(0.0001,0.001), eps=1e-06",0.0001,0.001,1e-06,linear,1970003206,find_phi_fixed_budget_linear_search,"{""m_exploration"": 3, ""lookback_window"": 1, ""safeguard"": 0, ""inc"": 1, ""budget"": 1970003206}"
"U(0.0001,0.001), eps=1e-06",0.0001,0.001,1e-06,linear,2376321352,find_phi_fixed_budget_linear_search,"{""m_exploration"": 3, ""lookback_window"": 1, ""safeguard"": 0, ""inc"": 1, ""budget"": 2376321352}"
"U(0.0001,0.001), eps=1e-06",0.0001,0.001,1e-06,linear,2866443644,find_phi_fixed_budget_linear_search,"{""m_exploration"": 3, ""lookback_window"": 1, ""safeguard"": 0, ""inc"": 1, ""budget"": 2866443644}"
"U(0.0001,0.001), eps=1e-06",0.0001,0.001,1e-06,linear,3457654899,find_phi_fixed_budget_linear_search,"{""m_exploration"": 3, ""lookback_window"": 1, ""safeguard"": 0, ""inc"": 1, ""budget"": 3457654899}"
"U(0.0001,0.001), eps=1e-06",0.0001,0.001,1e-06,linear,4170804972,find_phi_fixed_budget_linear_search,"{""m_exploration"": 3, ""lookback_window"": 1, ""safeguard"": 0, ""inc"": 1, ""budget"": 4170804972}"
"U(0.0001,0.001), eps=1e-06",0.0001,0.001,1e-06,linear,5031044051,find_phi_fixed_budget_linear_search,"{""m_exploration"": 3, ""lookback_window"": 1, ""safeguard"": 0, ""inc"": 1, ""budget"": 5031044051}"
"U(0.0001,0.001), eps=1e-06",0.0001,0.001,1e-06,linear,6068709618,find_phi_fixed_budget_linear_search,"{""m_exploration"": 3, ""lookback_window"": 1, ""safeguard"": 0, ""inc"": 1, ""budget"": 6068709618}"
"U(0.0001,0.001), eps=1e-06",0.0001,0.001,1e-06,linear,7320396333,find_phi_fixed_budget_linear_search,"{""m_exploration"": 3, ""lookback_window"": 1, ""safeguard"": 0, ""inc"": 1, ""budget"": 7320396333}"
"U(0.0001,0.001), eps=1e-06",0.0001,0.001,1e-06,linear,8830246601,find_phi_fixed_budget_linear_search,"{""m_exploration"": 3, ""lookback_window"": 1, ""safeguard"": 0, ""inc"": 1, ""budget"": 8830246601}"
"U(0.0001,0.001), eps=1e-06",0.0001,0.001,1e-06,linear,10651507307,find_phi_fixed_budget_linear_search,"{""m_exploration"": 3, ""lookback_window"": 1, ""safeguard"": 0, ""inc"": 1, ""budget"": 10651507307}"
"U(0.0001,0.001), eps=1e-06",0.0001,0.001,1e-06,linear,12848407643,find_phi_fixed_budget_linear_search,"{""m_exploration"": 3, ""lookback_window"": 1, ""safeguard"": 0, ""inc"": 1, ""budget"": 12848407643}"
"U(0.0001,0.001), eps=1e-06",0.0001,0.001,1e-06,reverse_eng,8565605,find_phi_fixed_budget_reverse_engineering,"{""m_exploration"": 595, ""safeguard"": 0.9, ""budget"": 8565605}"
"U(0.0001,0.001), eps=1e-06",0.0001,0.001,1e-06,reverse_eng,10332282,find_phi_fixed_budget_reverse_engineering,"{""m_exploration"": 595, ""safeguard"": 0.9, ""budget"": 10332282}"
"U(0.0001,0.001), eps=1e-06",0.0001,0.001,1e-06,reverse_eng,12463342,find_phi_fixed_budget_reverse_engineering,"{""m_exploration"": 595, ""safeguard"": 0.8, ""budget"": 12463342}"
"U(0.0001,0.001), eps=1e-06",0.0001,0.001,1e-06,reverse_eng,15033938,find_phi_fixed_budget_reverse_engineering,"{""m_exploration"": 595, ""safeguard"": 0.9, ""budget"": 15033938}"
"U(0.0001,0.001), eps=1e-06",0.0001,0.001,1e-06,reverse_eng,18134725,find_phi_fixed_budget_reverse_engineering,"{""m_exploration"": 595, ""safeguard"": 0.85, ""budget"": 18134725}"
"U(0.0001,0.001), eps=1e-06",0.0001,0.001,1e-06,reverse_eng,21875059,find_phi_fixed_budget_reverse_engineering,"{""m_exploration"": 595, ""safeguard"": 0.85, ""budget"": 21875059}"
"U(0.0001,0.001), eps=1e-06",0.0001,0.001,1e-06,reverse_eng,26386845,find_phi_fixed_budget_reverse_engineering,"{""m_exploration"": 595, ""safeguard"": 0.85, ""budget"": 26386845}"
"U(0.0001,0.001), eps=1e-06",0.0001,0.001,1e-06,reverse_eng,31829199,find_phi_fixed_budget_reverse_engineering,"{""m_exploration"": 1048, ""safeguard"": 0.9, ""budget"": 31829199}"
"U(0.0001,0.001), eps=1e-06",0.0001,0.001,1e-06,reverse_eng,38394051,find_phi_fixed_budget_reverse_engineering,"{""m_exploration"": 1048, ""safeguard"": 0.9, ""budget"": 38394051}"
"U(0.0001,0.001), eps=1e-06",0.0001,0.001,1e-06,reverse_eng,46312922,find_phi_fixed_budget_reverse_engineering,"{""m_exploration"": 493, ""safeguard"": 0.925, ""budget"": 46312922}"
"U(0.0001,0.001), eps=1e-06",0.0001,0.001,1e-06,reverse_eng,55865079,find_phi_fixed_budget_reverse_engineering,"{""m_exploration"": 1266, ""safeguard"": 0.9, ""budget"": 55865079}"
"U(0.0001,0.001), eps=1e-06",0.0001,0.001,1e-06,reverse_eng,67387393,find_phi_fixed_budget_reverse_engineering,"{""m_exploration"": 1266, ""safeguard"": 0.925, ""budget"": 67387393}"
"U(0.0001,0.001), eps=1e-06",0.0001,0.001,1e-06,reverse_eng,81286214,find_phi_fixed_budget_reverse_engineering,"{""m_exploration"": 1528, ""safeguard"": 0.925, ""budget"": 81286214}"
"U(0.0001,0.001), eps=1e-06",0.0001,0.001,1e-06,reverse_eng,98051701,find_phi_fixed_budget_reverse_engineering,"{""m_exploration"": 2691, ""safeguard"": 0.925, ""budget"": 98051701}"
"U(0.0001,0.001), eps=1e-06",0.0001,0.001,1e-06,reverse_eng,118275113,find_phi_fixed_budget_reverse_engineering,"{""m_exploration"": 2691, ""safeguard"": 0.925, ""budget"": 118275113}"
"U(0.0001,0.001), eps=1e-06",0.0001,0.001,1e-06,reverse_eng,142669654,find_phi_fixed_budget_reverse_engineering,"{""m_exploration"": 4738, ""safeguard"": 0.925, ""budget"": 142669654}"
"U(0.0001,0.001), eps=1e-06",0.0001,0.001,1e-06,reverse_eng,172095631,find_phi_fixed_budget_reverse_engineering,"{""m_exploration"": 3250, ""safeguard"": 0.925, ""budget"": 172095631}"
"U(0.0001,0.001), eps=1e-06",0.0001,0.001,1e-06,reverse_eng,207590791,find_phi_fixed_budget_reverse_engineering,"{""m_exploration"": 10074, ""safeguard"": 0.95, ""budget"": 207590791}"
"U(0.0001,0.001), eps=1e-06",0.0001,0.001,1e-06,reverse_eng,250406917,find_phi_fixed_budget_reverse_engineering,"{""m_exploration"": 8343, ""safeguard"": 0.95, ""budget"": 250406917}"
"U(0.0001,0.001), eps=1e-06",0.0001,0.001,1e-06,reverse_eng,302053977,find_phi_fixed_budget_reverse_engineering,"{""m_exploration"": 12164, ""safeguard"": 0.95, ""budget"": 302053977}"
"U(0.0001,0.001), eps=1e-06",0.0001,0.001,1e-06,reverse_eng,364353374,find_phi_fixed_budget_reverse_engineering,"{""m_exploration"": 2691, ""safeguard"": 0.925, ""budget"": 364353374}"
"U(0.0001,0.001), eps=1e-06",0.0001,0.001,1e-06,reverse_eng,439502180,find_phi_fixed_budget_reverse_engineering,"{""m_exploration"": 2691, ""safeguard"": 0.9, ""budget"": 439502180}"
"U(0.0001,0.001), eps=1e-06",0.0001,0.001,1e-06,reverse_eng,530150616,find_phi_fixed_budget_reverse_engineering,"{""m_exploration"": 4738, ""safeguard"": 0.925, ""budget"": 530150616}"
"U(0.0001,0.001), eps=1e-06",0.0001,0.001,1e-06,reverse_eng,639495523,find_phi_fixed_budget_reverse_engineering,"{""m_exploration"": 2691, ""safeguard"": 0.9, ""budget"": 639495523}"
"U(0.0001,0.001), eps=1e-06",0.0001,0.001,1e-06,reverse_eng,771393092,find_phi_fixed_budget_reverse_engineering,"{""m_exploration"": 17736, ""safeguard"": 0.95, ""budget"": 771393092}"
"U(0.0001,0.001), eps=1e-06",0.0001,0.001,1e-06,reverse_eng,930494870,find_phi_fixed_budget_reverse_engineering,"{""m_exploration"": 45528, ""safeguard"": 0.975, ""budget"": 930494870}"
"U(0.0001,0.001), eps=1e-06",0.0001,0.001,1e-06,reverse_eng,1122411792,find_phi_fixed_budget_reverse_engineering,"{""m_exploration"": 14688, ""safeguard"": 0.95, ""budget"": 1122411792}"
"U(0.0001,0.001), eps=1e-06",0.0001,0.001,1e-06,reverse_eng,1353912064,find_phi_fixed_budget_reverse_engineering,"{""m_exploration"": 17736, ""safeguard"": 0.95, ""budget"": 1353912064}"
"U(0.0001,0.001), eps=1e-06",0.0001,0.001,1e-06,reverse_eng,1633159853,find_phi_fixed_budget_reverse_engineering,"{""m_exploration"": 5722, ""safeguard"": 0.8, ""budget"": 1633159853}"
"U(0.0001,0.001), eps=1e-06",0.0001,0.001,1e-06,reverse_eng,1970003206,find_phi_fixed_budget_reverse_engineering,"{""m_exploration"": 1266, ""safeguard"": 0.8, ""budget"": 1970003206}"
"U(0.0001,0.001), eps=1e-06",0.0001,0.001,1e-06,reverse_eng,2376321352,find_phi_fixed_budget_reverse_engineering,"{""m_exploration"": 1266, ""safeguard"": 0.8, ""budget"": 2376321352}"
"U(0.0001,0.001), eps=1e-06",0.0001,0.001,1e-06,reverse_eng,2866443644,find_phi_fixed_budget_reverse_engineering,"{""m_exploration"": 1266, ""safeguard"": 0.8, ""budget"": 2866443644}"
"U(0.0001,0.001), eps=1e-06",0.0001,0.001,1e-06,reverse_eng,3457654899,find_phi_fixed_budget_reverse_engineering,"{""m_exploration"": 1266, ""safeguard"": 0.8, ""budget"": 3457654899}"
"U(0.0001,0.001), eps=1e-06",0.0001,0.001,1e-06,reverse_eng,4170804972,find_phi_fixed_budget_reverse_engineering,"{""m_exploration"": 1266, ""safeguard"": 0.8, ""budget"": 4170804972}"
"U(0.0001,0.001), eps=1e-06",0.0001,0.001,1e-06,reverse_eng,5031044051,find_phi_fixed_budget_reverse_engineering,"{""m_exploration"": 1266, ""safeguard"": 0.8, ""budget"": 5031044051}"
"U(0.0001,0.001), eps=1e-06",0.0001,0.001,1e-06,reverse_eng,6068709618,find_phi_fixed_budget_reverse_engineering,"{""m_exploration"": 1266, ""safeguard"": 0.8, ""budget"": 6068709618}"
"U(0.0001,0.001), eps=1e-06",0.0001,0.001,1e-06,reverse_eng,7320396333,find_phi_fixed_budget_reverse_engineering,"{""m_exploration"": 1266, ""safeguard"": 0.8, ""budget"": 7320396333}"
"U(0.0001,0.001), eps=1e-06",0.0001,0.001,1e-06,reverse_eng,8830246601,find_phi_fixed_budget_reverse_engineering,"{""m_exploration"": 1266, ""safeguard"": 0.8, ""budget"": 8830246601}"
"U(0.0001,0.001), eps=1e-06",0.0001,0.001,1e-06,reverse_eng,10651507307,find_phi_fixed_budget_reverse_engineering,"{""m_exploration"": 1266, ""safeguard"": 0.8, ""budget"": 10651507307}"
"U(0.0001,0.001), eps=1e-06",0.0001,0.001,1e-06,reverse_eng,12848407643,find_phi_fixed_budget_reverse_engineering,"{""m_exploration"": 1266, ""safeguard"": 0.8, ""budget"": 12848407643}"
"U(0.0001,0.001), eps=1e-06",0.0001,0.001,1e-06,binary,8565605,find_phi_fixed_budget_binary_search,"{""m_exploration"": 20, ""safeguard"": 0, ""conf"": 0.5, ""budget"": 8565605}"
"U(0.0001,0.001), eps=1e-06",0.0001,0.001,1e-06,binary,10332282,find_phi_fixed_budget_binary_search,"{""m_exploration"": 20, ""safeguard"": 1, ""conf"": 0.5, ""budget"": 10332282}"
"U(0.0001,0.001), eps=1e-06",0.0001,0.001,1e-06,binary,12463342,find_phi_fixed_budget_binary_search,"{""m_exploration"": 20, ""safeguard"": 0, ""conf"": 0.5, ""budget"": 12463342}"
"U(0.0001,0.001), eps=1e-06",0.0001,0.001,1e-06,binary,15033938,find_phi_fixed_budget_binary_search,"{""m_exploration"": 20, ""safeguard"": 0, ""conf"": 0.5, ""budget"": 15033938}"
"U(0.0001,0.001), eps=1e-06",0.0001,0.001,1e-06,binary,18134725,find_phi_fixed_budget_binary_search,"{""m_exploration"": 20, ""safeguard"": 2, ""conf"": 0.5, ""budget"": 18134725}"
"U(0.0001,0.001), eps=1e-06",0.0001,0.001,1e-06,binary,21875059,find_phi_fixed_budget_binary_search,"{""m_exploration"": 43, ""safeguard"": 1, ""conf"": 0.5, ""budget"": 21875059}"
"U(0.0001,0.001), eps=1e-06",0.0001,0.001,1e-06,binary,26386845,find_phi_fixed_budget_binary_search,"{""m_exploration"": 63, ""safeguard"": 1, ""conf"": 0.5, ""budget"": 26386845}"
"U(0.0001,0.001), eps=1e-06",0.0001,0.001,1e-06,binary,31829199,find_phi_fixed_budget_binary_search,"{""m_exploration"": 20, ""safeguard"": 0, ""conf"": 0.5, ""budget"": 31829199}"
"U(0.0001,0.001), eps=1e-06",0.0001,0.001,1e-06,binary,38394051,find_phi_fixed_budget_binary_search,"{""m_exploration"": 63, ""safeguard"": 0, ""conf"": 0.5, ""budget"": 38394051}"
"U(0.0001,0.001), eps=1e-06",0.0001,0.001,1e-06,binary,46312922,find_phi_fixed_budget_binary_search,"{""m_exploration"": 63, ""safeguard"": 1, ""conf"": 0.5, ""budget"": 46312922}"
"U(0.0001,0.001), eps=1e-06",0.0001,0.001,1e-06,binary,55865079,find_phi_fixed_budget_binary_search,"{""m_exploration"": 136, ""safeguard"": 1, ""conf"": 0.5, ""budget"": 55865079}"
"U(0.0001,0.001), eps=1e-06",0.0001,0.001,1e-06,binary,67387393,find_phi_fixed_budget_binary_search,"{""m_exploration"": 136, ""safeguard"": 2, ""conf"": 0.5, ""budget"": 67387393}"
"U(0.0001,0.001), eps=1e-06",0.0001,0.001,1e-06,binary,81286214,find_phi_fixed_budget_binary_search,"{""m_exploration"": 136, ""safeguard"": 1, ""conf"": 0.5, ""budget"": 81286214}"
"U(0.0001,0.001), eps=1e-06",0.0001,0.001,1e-06,binary,98051701,find_phi_fixed_budget_binary_search,"{""m_exploration"": 136, ""safeguard"": 2, ""conf"": 0.5, ""budget"": 98051701}"
"U(0.0001,0.001), eps=1e-06",0.0001,0.001,1e-06,binary,118275113,find_phi_fixed_budget_binary_search,"{""m_exploration"": 136, ""safeguard"": 1, ""conf"": 0.5, ""budget"": 118275113}"
"U(0.0001,0.001), eps=1e-06",0.0001,0.001,1e-06,binary,142669654,find_phi_fixed_budget_binary_search,"{""m_exploration"": 136, ""safeguard"": 2, ""conf"": 0.5, ""budget"": 142669654}"
"U(0.0001,0.001), eps=1e-06",0.0001,0.001,1e-06,binary,172095631,find_phi_fixed_budget_binary_search,"{""m_exploration"": 136, ""safeguard"": 2, ""conf"": 0.5, ""budget"": 172095631}"
"U(0.0001,0.001), eps=1e-06",0.0001,0.001,1e-06,binary,207590791,find_phi_fixed_budget_binary_search,"{""m_exploration"": 936, ""safeguard"": 1, ""conf"": 0.5, ""budget"": 207590791}"
"U(0.0001,0.001), eps=1e-06",0.0001,0.001,1e-06,binary,250406917,find_phi_fixed_budget_binary_search,"{""m_exploration"": 936, ""safeguard"": 2, ""conf"": 0.5, ""budget"": 250406917}"
"U(0.0001,0.001), eps=1e-06",0.0001,0.001,1e-06,binary,302053977,find_phi_fixed_budget_binary_search,"{""m_exploration"": 936, ""safeguard"": 2, ""conf"": 0.5, ""budget"": 302053977}"
"U(0.0001,0.001), eps=1e-06",0.0001,0.001,1e-06,binary,364353374,find_phi_fixed_budget_binary_search,"{""m_exploration"": 936, ""safeguard"": 2, ""conf"": 0.5, ""budget"": 364353374}"
"U(0.0001,0.001), eps=1e-06",0.0001,0.001,1e-06,binary,439502180,find_phi_fixed_budget_binary_search,"{""m_exploration"": 936, ""safeguard"": 2, ""conf"": 0.5, ""budget"": 439502180}"
"U(0.0001,0.001), eps=1e-06",0.0001,0.001,1e-06,binary,530150616,find_phi_fixed_budget_binary_search,"{""m_exploration"": 936, ""safeguard"": 1, ""conf"": 0.5, ""budget"": 530150616}"
"U(0.0001,0.001), eps=1e-06",0.0001,0.001,1e-06,binary,639495523,find_phi_fixed_budget_binary_search,"{""m_exploration"": 1375, ""safeguard"": 2, ""conf"": 0.5, ""budget"": 639495523}"
"U(0.0001,0.001), eps=1e-06",0.0001,0.001,1e-06,binary,771393092,find_phi_fixed_budget_binary_search,"{""m_exploration"": 1375, ""safeguard"": 2, ""conf"": 0.5, ""budget"": 771393092}"
"U(0.0001,0.001), eps=1e-06",0.0001,0.001,1e-06,binary,930494870,find_phi_fixed_budget_binary_search,"{""m_exploration"": 4361, ""safeguard"": 2, ""conf"": 0.5, ""budget"": 930494870}"
"U(0.0001,0.001), eps=1e-06",0.0001,0.001,1e-06,binary,1122411792,find_phi_fixed_budget_binary_search,"{""m_exploration"": 4361, ""safeguard"": 2, ""conf"": 0.5, ""budget"": 1122411792}"
"U(0.0001,0.001), eps=1e-06",0.0001,0.001,1e-06,binary,1353912064,find_phi_fixed_budget_binary_search,"{""m_exploration"": 4361, ""safeguard"": 2, ""conf"": 0.5, ""budget"": 1353912064}"
"U(0.0001,0.001), eps=1e-06",0.0001,0.001,1e-06,binary,1633159853,find_phi_fixed_budget_binary_search,"{""m_exploration"": 6407, ""safeguard"": 2, ""conf"": 0.5, ""budget"": 1633159853}"
"U(0.0001,0.001), eps=1e-06",0.0001,0.001,1e-06,binary,1970003206,find_phi_fixed_budget_binary_search,"{""m_exploration"": 9413, ""safeguard"": 2, ""conf"": 0.5, ""budget"": 1970003206}"
"U(0.0001,0.001), eps=1e-06",0.0001,0.001,1e-06,binary,2376321352,find_phi_fixed_budget_binary_search,"{""m_exploration"": 13828, ""safeguard"": 2, ""conf"": 0.5, ""budget"": 2376321352}"
"U(0.0001,0.001), eps=1e-06",0.0001,0.001,1e-06,binary,2866443644,find_phi_fixed_budget_binary_search,"{""m_exploration"": 20314, ""safeguard"": 2, ""conf"": 0.5, ""budget"": 2866443644}"
"U(0.0001,0.001), eps=1e-06",0.0001,0.001,1e-06,binary,3457654899,find_phi_fixed_budget_binary_search,"{""m_exploration"": 20314, ""safeguard"": 2, ""conf"": 0.5, ""budget"": 3457654899}"
"U(0.0001,0.001), eps=1e-06",0.0001,0.001,1e-06,binary,4170804972,find_phi_fixed_budget_binary_search,"{""m_exploration"": 20314, ""safeguard"": 2, ""conf"": 0.5, ""budget"": 4170804972}"
"U(0.0001,0.001), eps=1e-06",0.0001,0.001,1e-06,binary,5031044051,find_phi_fixed_budget_binary_search,"{""m_exploration"": 29844, ""safeguard"": 2, ""conf"": 0.5, ""budget"": 5031044051}"
"U(0.0001,0.001), eps=1e-06",0.0001,0.001,1e-06,binary,6068709618,find_phi_fixed_budget_binary_search,"{""m_exploration"": 29844, ""safeguard"": 2, ""conf"": 0.5, ""budget"": 6068709618}"
"U(0.0001,0.001), eps=1e-06",0.0001,0.001,1e-06,binary,7320396333,find_phi_fixed_budget_binary_search,"{""m_exploration"": 43843, ""safeguard"": 2, ""conf"": 0.5, ""budget"": 7320396333}"
"U(0.0001,0.001), eps=1e-06",0.0001,0.001,1e-06,binary,8830246601,find_phi_fixed_budget_binary_search,"{""m_exploration"": 43843, ""safeguard"": 2, ""conf"": 0.5, ""budget"": 8830246601}"
"U(0.0001,0.001), eps=1e-06",0.0001,0.001,1e-06,binary,10651507307,find_phi_fixed_budget_binary_search,"{""m_exploration"": 43843, ""safeguard"": 2, ""conf"": 0.5, ""budget"": 10651507307}"
"U(0.0001,0.001), eps=1e-06",0.0001,0.001,1e-06,binary,12848407643,find_phi_fixed_budget_binary_search,"{""m_exploration"": 94621, ""safeguard"": 2, ""conf"": 0.5, ""budget"": 12848407643}"
"U(0.0001,0.001), eps=1e-06",0.0001,0.001,1e-06,reverse_eng_risk,8565605,find_phi_fixed_budget_reverse_engineering_risk,"{""m_exploration"": 74, ""eps_target"": 1e-06, ""budget"": 8565605}"
"U(0.0001,0.001), eps=1e-06",0.0001,0.001,1e-06,reverse_eng_risk,10332282,find_phi_fixed_budget_reverse_engineering_risk,"{""m_exploration"": 338, ""eps_target"": 1e-06, ""budget"": 10332282}"
"U(0.0001,0.001), eps=1e-06",0.0001,0.001,1e-06,reverse_eng_risk,12463342,find_phi_fixed_budget_reverse_engineering_risk,"{""m_exploration"": 109, ""eps_target"": 1e-06, ""budget"": 12463342}"
"U(0.0001,0.001), eps=1e-06",0.0001,0.001,1e-06,reverse_eng_risk,15033938,find_phi_fixed_budget_reverse_engineering_risk,"{""m_exploration"": 109, ""eps_target"": 1e-06, ""budget"": 15033938}"
"U(0.0001,0.001), eps=1e-06",0.0001,0.001,1e-06,reverse_eng_risk,18134725,find_phi_fixed_budget_reverse_engineering_risk,"{""m_exploration"": 192, ""eps_target"": 1e-06, ""budget"": 18134725}"
"U(0.0001,0.001), eps=1e-06",0.0001,0.001,1e-06,reverse_eng_risk,21875059,find_phi_fixed_budget_reverse_engineering_risk,"{""m_exploration"": 1048, ""eps_target"": 1e-06, ""budget"": 21875059}"
"U(0.0001,0.001), eps=1e-06",0.0001,0.001,1e-06,reverse_eng_risk,26386845,find_phi_fixed_budget_reverse_engineering_risk,"{""m_exploration"": 408, ""eps_target"": 1e-06, ""budget"": 26386845}"
"U(0.0001,0.001), eps=1e-06",0.0001,0.001,1e-06,reverse_eng_risk,31829199,find_phi_fixed_budget_reverse_engineering_risk,"{""m_exploration"": 595, ""eps_target"": 1e-06, ""budget"": 31829199}"
"U(0.0001,0.001), eps=1e-06",0.0001,0.001,1e-06,reverse_eng_risk,38394051,find_phi_fixed_budget_reverse_engineering_risk,"{""m_exploration"": 595, ""eps_target"": 1e-06, ""budget"": 38394051}"
"U(0.0001,0.001), eps=1e-06",0.0001,0.001,1e-06,reverse_eng_risk,46312922,find_phi_fixed_budget_reverse_engineering_risk,"{""m_exploration"": 595, ""eps_target"": 1e-06, ""budget"": 46312922}"
"U(0.0001,0.001), eps=1e-06",0.0001,0.001,1e-06,reverse_eng_risk,55865079,find_phi_fixed_budget_reverse_engineering_risk,"{""m_exploration"": 595, ""eps_target"": 1e-06, ""budget"": 55865079}"
"U(0.0001,0.001), eps=1e-06",0.0001,0.001,1e-06,reverse_eng_risk,67387393,find_phi_fixed_budget_reverse_engineering_risk,"{""m_exploration"": 595, ""eps_target"": 1e-06, ""budget"": 67387393}"
"U(0.0001,0.001), eps=1e-06",0.0001,0.001,1e-06,reverse_eng_risk,81286214,find_phi_fixed_budget_reverse_engineering_risk,"{""m_exploration"": 1048, ""eps_target"": 1e-06, ""budget"": 81286214}"
"U(0.0001,0.001), eps=1e-06",0.0001,0.001,1e-06,reverse_eng_risk,98051701,find_phi_fixed_budget_reverse_engineering_risk,"{""m_exploration"": 1266, ""eps_target"": 1e-06, ""budget"": 98051701}"
"U(0.0001,0.001), eps=1e-06",0.0001,0.001,1e-06,reverse_eng_risk,118275113,find_phi_fixed_budget_reverse_engineering_risk,"{""m_exploration"": 2691, ""eps_target"": 1e-06, ""budget"": 118275113}"
"U(0.0001,0.001), eps=1e-06",0.0001,0.001,1e-06,reverse_eng_risk,142669654,find_phi_fixed_budget_reverse_engineering_risk,"{""m_exploration"": 3250, ""eps_target"": 1e-06, ""budget"": 142669654}"
"U(0.0001,0.001), eps=1e-06",0.0001,0.001,1e-06,reverse_eng_risk,172095631,find_phi_fixed_budget_reverse_engineering_risk,"{""m_exploration"": 2229, ""eps_target"": 1e-06, ""budget"": 172095631}"
"U(0.0001,0.001), eps=1e-06",0.0001,0.001,1e-06,reverse_eng_risk,207590791,find_phi_fixed_budget_reverse_engineering_risk,"{""m_exploration"": 2691, ""eps_target"": 1e-06, ""budget"": 207590791}"
"U(0.0001,0.001), eps=1e-06",0.0001,0.001,1e-06,reverse_eng_risk,250406917,find_phi_fixed_budget_reverse_engineering_risk,"{""m_exploration"": 3250, ""eps_target"": 1e-06, ""budget"": 250406917}"
"U(0.0001,0.001), eps=1e-06",0.0001,0.001,1e-06,reverse_eng_risk,302053977,find_phi_fixed_budget_reverse_engineering_risk,"{""m_exploration"": 2691, ""eps_target"": 1e-06, ""budget"": 302053977}"
"U(0.0001,0.001), eps=1e-06",0.0001,0.001,1e-06,reverse_eng_risk,364353374,find_phi_fixed_budget_reverse_engineering_risk,"{""m_exploration"": 1048, ""eps_target"": 1e-06, ""budget"": 364353374}"
"U(0.0001,0.001), eps=1e-06",0.0001,0.001,1e-06,reverse_eng_risk,439502180,find_phi_fixed_budget_reverse_engineering_risk,"{""m_exploration"": 595, ""eps_target"": 1e-06, ""budget"": 439502180}"
"U(0.0001,0.001), eps=1e-06",0.0001,0.001,1e-06,reverse_eng_risk,530150616,find_phi_fixed_budget_reverse_engineering_risk,"{""m_exploration"": 21416, ""eps_target"": 1e-06, ""budget"": 530150616}"
"U(0.0001,0.001), eps=1e-06",0.0001,0.001,1e-06,reverse_eng_risk,639495523,find_phi_fixed_budget_reverse_engineering_risk,"{""m_exploration"": 2229, ""eps_target"": 1e-06, ""budget"": 639495523}"
"U(0.0001,0.001), eps=1e-06",0.0001,0.001,1e-06,reverse_eng_risk,771393092,find_phi_fixed_budget_reverse_engineering_risk,"{""m_exploration"": 12164, ""eps_target"": 1e-06, ""budget"": 771393092}"
"U(0.0001,0.001), eps=1e-06",0.0001,0.001,1e-06,reverse_eng_risk,930494870,find_phi_fixed_budget_reverse_engineering_risk,"{""m_exploration"": 12164, ""eps_target"": 1e-06, ""budget"": 930494870}"
"U(0.0001,0.001), eps=1e-06",0.0001,0.001,1e-06,reverse_eng_risk,1122411792,find_phi_fixed_budget_reverse_engineering_risk,"{""m_exploration"": 21416, ""eps_target"": 1e-06, ""budget"": 1122411792}"
"U(0.0001,0.001), eps=1e-06",0.0001,0.001,1e-06,reverse_eng_risk,1353912064,find_phi_fixed_budget_reverse_engineering_risk,"{""m_exploration"": 12164, ""eps_target"": 1e-06, ""budget"": 1353912064}"
"U(0.0001,0.001), eps=1e-06",0.0001,0.001,1e-06,reverse_eng_risk,1633159853,find_phi_fixed_budget_reverse_engineering_risk,"{""m_exploration"": 109, ""eps_target"": 1e-06, ""budget"": 1633159853}"
"U(0.0001,0.001), eps=1e-06",0.0001,0.001,1e-06,reverse_eng_risk,1970003206,find_phi_fixed_budget_reverse_engineering_risk,"{""m_exploration"": 35, ""eps_target"": 1e-06, ""budget"": 1970003206}"
"U(0.0001,0.001), eps=1e-06",0.0001,0.001,1e-06,reverse_eng_risk,2376321352,find_phi_fixed_budget_reverse_engineering_risk,"{""m_exploration"": 20, ""eps_target"": 1e-06, ""budget"": 2376321352}"
"U(0.0001,0.001), eps=1e-06",0.0001,0.001,1e-06,reverse_eng_risk,2866443644,find_phi_fixed_budget_reverse_engineering_risk,"{""m_exploration"": 20, ""eps_target"": 1e-06, ""budget"": 2866443644}"
"U(0.0001,0.001), eps=1e-06",0.0001,0.001,1e-06,reverse_eng_risk,3457654899,find_phi_fixed_budget_reverse_engineering_risk,"{""m_exploration"": 20, ""eps_target"": 1e-06, ""budget"": 3457654899}"
"U(0.0001,0.001), eps=1e-06",0.0001,0.001,1e-06,reverse_eng_risk,4170804972,find_phi_fixed_budget_reverse_engineering_risk,"{""m_exploration"": 20, ""eps_target"": 1e-06, ""budget"": 4170804972}"
"U(0.0001,0.001), eps=1e-06",0.0001,0.001,1e-06,reverse_eng_risk,5031044051,find_phi_fixed_budget_reverse_engineering_risk,"{""m_exploration"": 20, ""eps_target"": 1e-06, ""budget"": 5031044051}"
"U(0.0001,0.001), eps=1e-06",0.0001,0.001,1e-06,reverse_eng_risk,6068709618,find_phi_fixed_budget_reverse_engineering_risk,"{""m_exploration"": 20, ""eps_target"": 1e-06, ""budget"": 6068709618}"
"U(0.0001,0.001), eps=1e-06",0.0001,0.001,1e-06,reverse_eng_risk,7320396333,find_phi_fixed_budget_reverse_engineering_risk,"{""m_exploration"": 20, ""eps_target"": 1e-06, ""budget"": 7320396333}"
"U(0.0001,0.001), eps=1e-06",0.0001,0.001,1e-06,reverse_eng_risk,8830246601,find_phi_fixed_budget_reverse_engineering_risk,"{""m_exploration"": 20, ""eps_target"": 1e-06, ""budget"": 8830246601}"
"U(0.0001,0.001), eps=1e-06",0.0001,0.001,1e-06,reverse_eng_risk,10651507307,find_phi_fixed_budget_reverse_engineering_risk,"{""m_exploration"": 20, ""eps_target"": 1e-06, ""budget"": 10651507307}"
"U(0.0001,0.001), eps=1e-06",0.0001,0.001,1e-06,reverse_eng_risk,12848407643,find_phi_fixed_budget_reverse_engineering_risk,"{""m_exploration"": 20, ""eps_target"": 1e-06, ""budget"": 12848407643}"
"U(0.0001,0.001), eps=1e-06",0.0001,0.001,1e-06,binary_risk,8565605,find_phi_fixed_budget_binary_search_risk,"{""m_exploration"": 936, ""conf"": 0.5, ""eps_target"": 1e-06, ""budget"": 8565605}"
"U(0.0001,0.001), eps=1e-06",0.0001,0.001,1e-06,binary_risk,10332282,find_phi_fixed_budget_binary_search_risk,"{""m_exploration"": 1375, ""conf"": 0.5, ""eps_target"": 1e-06, ""budget"": 10332282}"
"U(0.0001,0.001), eps=1e-06",0.0001,0.001,1e-06,binary_risk,12463342,find_phi_fixed_budget_binary_search_risk,"{""m_exploration"": 29, ""conf"": 0.65, ""eps_target"": 1e-06, ""budget"": 12463342}"
"U(0.0001,0.001), eps=1e-06",0.0001,0.001,1e-06,binary_risk,15033938,find_phi_fixed_budget_binary_search_risk,"{""m_exploration"": 2020, ""conf"": 0.5, ""eps_target"": 1e-06, ""budget"": 15033938}"
"U(0.0001,0.001), eps=1e-06",0.0001,0.001,1e-06,binary_risk,18134725,find_phi_fixed_budget_binary_search_risk,"{""m_exploration"": 29, ""conf"": 0.65, ""eps_target"": 1e-06, ""budget"": 18134725}"
"U(0.0001,0.001), eps=1e-06",0.0001,0.001,1e-06,binary_risk,21875059,find_phi_fixed_budget_binary_search_risk,"{""m_exploration"": 43, ""conf"": 0.8, ""eps_target"": 1e-06, ""budget"": 21875059}"
"U(0.0001,0.001), eps=1e-06",0.0001,0.001,1e-06,binary_risk,26386845,find_phi_fixed_budget_binary_search_risk,"{""m_exploration"": 29, ""conf"": 0.65, ""eps_target"": 1e-06, ""budget"": 26386845}"
"U(0.0001,0.001), eps=1e-06",0.0001,0.001,1e-06,binary_risk,31829199,find_phi_fixed_budget_binary_search_risk,"{""m_exploration"": 29, ""conf"": 0.65, ""eps_target"": 1e-06, ""budget"": 31829199}"
"U(0.0001,0.001), eps=1e-06",0.0001,0.001,1e-06,binary_risk,38394051,find_phi_fixed_budget_binary_search_risk,"{""m_exploration"": 63, ""conf"": 0.8, ""eps_target"": 1e-06, ""budget"": 38394051}"
"U(0.0001,0.001), eps=1e-06",0.0001,0.001,1e-06,binary_risk,46312922,find_phi_fixed_budget_binary_search_risk,"{""m_exploration"": 63, ""conf"": 0.8, ""eps_target"": 1e-06, ""budget"": 46312922}"
"U(0.0001,0.001), eps=1e-06",0.0001,0.001,1e-06,binary_risk,55865079,find_phi_fixed_budget_binary_search_risk,"{""m_exploration"": 63, ""conf"": 0.65, ""eps_target"": 1e-06, ""budget"": 55865079}"
"U(0.0001,0.001), eps=1e-06",0.0001,0.001,1e-06,binary_risk,67387393,find_phi_fixed_budget_binary_search_risk,"{""m_exploration"": 136, ""conf"": 0.8, ""eps_target"": 1e-06, ""budget"": 67387393}"
"U(0.0001,0.001), eps=1e-06",0.0001,0.001,1e-06,binary_risk,81286214,find_phi_fixed_budget_binary_search_risk,"{""m_exploration"": 136, ""conf"": 0.8, ""eps_target"": 1e-06, ""budget"": 81286214}"
"U(0.0001,0.001), eps=1e-06",0.0001,0.001,1e-06,binary_risk,98051701,find_phi_fixed_budget_binary_search_risk,"{""m_exploration"": 136, ""conf"": 0.8, ""eps_target"": 1e-06, ""budget"": 98051701}"
"U(0.0001,0.001), eps=1e-06",0.0001,0.001,1e-06,binary_risk,118275113,find_phi_fixed_budget_binary_search_risk,"{""m_exploration"": 136, ""conf"": 0.8, ""eps_target"": 1e-06, ""budget"": 118275113}"
"U(0.0001,0.001), eps=1e-06",0.0001,0.001,1e-06,binary_risk,142669654,find_phi_fixed_budget_binary_search_risk,"{""m_exploration"": 136, ""conf"": 0.8, ""eps_target"": 1e-06, ""budget"": 142669654}"
"U(0.0001,0.001), eps=1e-06",0.0001,0.001,1e-06,binary_risk,172095631,find_phi_fixed_budget_binary_search_risk,"{""m_exploration"": 201, ""conf"": 0.5, ""eps_target"": 1e-06, ""budget"": 172095631}"
"U(0.0001,0.001), eps=1e-06",0.0001,0.001,1e-06,binary_risk,207590791,find_phi_fixed_budget_binary_search_risk,"{""m_exploration"": 201, ""conf"": 0.5, ""eps_target"": 1e-06, ""budget"": 207590791}"
"U(0.0001,0.001), eps=1e-06",0.0001,0.001,1e-06,binary_risk,250406917,find_phi_fixed_budget_binary_search_risk,"{""m_exploration"": 201, ""conf"": 0.5, ""eps_target"": 1e-06, ""budget"": 250406917}"
"U(0.0001,0.001), eps=1e-06",0.0001,0.001,1e-06,binary_risk,302053977,find_phi_fixed_budget_binary_search_risk,"{""m_exploration"": 295, ""conf"": 0.5, ""eps_target"": 1e-06, ""budget"": 302053977}"
"U(0.0001,0.001), eps=1e-06",0.0001,0.001,1e-06,binary_risk,364353374,find_phi_fixed_budget_binary_search_risk,"{""m_exploration"": 93, ""conf"": 0.5, ""eps_target"": 1e-06, ""budget"": 364353374}"
"U(0.0001,0.001), eps=1e-06",0.0001,0.001,1e-06,binary_risk,439502180,find_phi_fixed_budget_binary_search_risk,"{""m_exploration"": 93, ""conf"": 0.5, ""eps_target"": 1e-06, ""budget"": 439502180}"
"U(0.0001,0.001), eps=1e-06",0.0001,0.001,1e-06,binary_risk,530150616,find_phi_fixed_budget_binary_search_risk,"{""m_exploration"": 136, ""conf"": 0.5, ""eps_target"": 1e-06, ""budget"": 530150616}"
"U(0.0001,0.001), eps=1e-06",0.0001,0.001,1e-06,binary_risk,639495523,find_phi_fixed_budget_binary_search_risk,"{""m_exploration"": 936, ""conf"": 0.5, ""eps_target"": 1e-06, ""budget"": 639495523}"
"U(0.0001,0.001), eps=1e-06",0.0001,0.001,1e-06,binary_risk,771393092,find_phi_fixed_budget_binary_search_risk,"{""m_exploration"": 201, ""conf"": 0.5, ""eps_target"": 1e-06, ""budget"": 771393092}"
"U(0.0001,0.001), eps=1e-06",0.0001,0.001,1e-06,binary_risk,930494870,find_phi_fixed_budget_binary_search_risk,"{""m_exploration"": 136, ""conf"": 0.5, ""eps_target"": 1e-06, ""budget"": 930494870}"
"U(0.0001,0.001), eps=1e-06",0.0001,0.001,1e-06,binary_risk,1122411792,find_phi_fixed_budget_binary_search_risk,"{""m_exploration"": 136, ""conf"": 0.5, ""eps_target"": 1e-06, ""budget"": 1122411792}"
"U(0.0001,0.001), eps=1e-06",0.0001,0.001,1e-06,binary_risk,1353912064,find_phi_fixed_budget_binary_search_risk,"{""m_exploration"": 1375, ""conf"": 0.5, ""eps_target"": 1e-06, ""budget"": 1353912064}"
"U(0.0001,0.001), eps=1e-06",0.0001,0.001,1e-06,binary_risk,1633159853,find_phi_fixed_budget_binary_search_risk,"{""m_exploration"": 63, ""conf"": 0.5, ""eps_target"": 1e-06, ""budget"": 1633159853}"
"U(0.0001,0.001), eps=1e-06",0.0001,0.001,1e-06,binary_risk,1970003206,find_phi_fixed_budget_binary_search_risk,"{""m_exploration"": 63, ""conf"": 0.5, ""eps_target"": 1e-06, ""budget"": 1970003206}"
"U(0.0001,0.001), eps=1e-06",0.0001,0.001,1e-06,binary_risk,2376321352,find_phi_fixed_budget_binary_search_risk,"{""m_exploration"": 63, ""conf"": 0.5, ""eps_target"": 1e-06, ""budget"": 2376321352}"
"U(0.0001,0.001), eps=1e-06",0.0001,0.001,1e-06,binary_risk,2866443644,find_phi_fixed_budget_binary_search_risk,"{""m_exploration"": 29, ""conf"": 0.5, ""eps_target"": 1e-06, ""budget"": 2866443644}"
"U(0.0001,0.001), eps=1e-06",0.0001,0.001,1e-06,binary_risk,3457654899,find_phi_fixed_budget_binary_search_risk,"{""m_exploration"": 29, ""conf"": 0.5, ""eps_target"": 1e-06, ""budget"": 3457654899}"
"U(0.0001,0.001), eps=1e-06",0.0001,0.001,1e-06,binary_risk,4170804972,find_phi_fixed_budget_binary_search_risk,"{""m_exploration"": 29, ""conf"": 0.5, ""eps_target"": 1e-06, ""budget"": 4170804972}"
"U(0.0001,0.001), eps=1e-06",0.0001,0.001,1e-06,binary_risk,5031044051,find_phi_fixed_budget_binary_search_risk,"{""m_exploration"": 20, ""conf"": 0.5, ""eps_target"": 1e-06, ""budget"": 5031044051}"
"U(0.0001,0.001), eps=1e-06",0.0001,0.001,1e-06,binary_risk,6068709618,find_phi_fixed_budget_binary_search_risk,"{""m_exploration"": 20, ""conf"": 0.5, ""eps_target"": 1e-06, ""budget"": 6068709618}"
"U(0.0001,0.001), eps=1e-06",0.0001,0.001,1e-06,binary_risk,7320396333,find_phi_fixed_budget_binary_search_risk,"{""m_exploration"": 20, ""conf"": 0.5, ""eps_target"": 1e-06, ""budget"": 7320396333}"
"U(0.0001,0.001), eps=1e-06",0.0001,0.001,1e-06,binary_risk,8830246601,find_phi_fixed_budget_binary_search_risk,"{""m_exploration"": 20, ""conf"": 0.5, ""eps_target"": 1e-06, ""budget"": 8830246601}"
"U(0.0001,0.001), eps=1e-06",0.0001,0.001,1e-06,binary_risk,10651507307,find_phi_fixed_budget_binary_search_risk,"{""m_exploration"": 20, ""conf"": 0.5, ""eps_target"": 1e-06, ""budget"": 10651507307}"
"U(0.0001,0.001), eps=1e-06",0.0001,0.001,1e-06,binary_risk,12848407643,find_phi_fixed_budget_binary_search_risk,"{""m_exploration"": 20, ""conf"": 0.5, ""eps_target"": 1e-06, ""budget"": 12848407643}"
"U(1e-05,0.01), eps=1e-05",1e-05,0.01,1e-05,linear,856560,find_phi_fixed_budget_linear_search,"{""m_exploration"": 5, ""lookback_window"": 5, ""safeguard"": 5, ""inc"": 5, ""budget"": 856560}"
"U(1e-05,0.01), eps=1e-05",1e-05,0.01,1e-05,linear,1033228,find_phi_fixed_budget_linear_search,"{""m_exploration"": 5, ""lookback_window"": 5, ""safeguard"": 1, ""inc"": 5, ""budget"": 1033228}"
"U(1e-05,0.01), eps=1e-05",1e-05,0.01,1e-05,linear,1246334,find_phi_fixed_budget_linear_search,"{""m_exploration"": 5, ""lookback_window"": 5, ""safeguard"": 5, ""inc"": 5, ""budget"": 1246334}"
"U(1e-05,0.01), eps=1e-05",1e-05,0.01,1e-05,linear,1503393,find_phi_fixed_budget_linear_search,"{""m_exploration"": 5, ""lookback_window"": 5, ""safeguard"": 3, ""inc"": 5, ""budget"": 1503393}"
"U(1e-05,0.01), eps=1e-05",1e-05,0.01,1e-05,linear,1813472,find_phi_fixed_budget_linear_search,"{""m_exploration"": 5, ""lookback_window"": 5, ""safeguard"": 1, ""inc"": 5, ""budget"": 1813472}"
"U(1e-05,0.01), eps=1e-05",1e-05,0.01,1e-05,linear,2187505,find_phi_fixed_budget_linear_search,"{""m_exploration"": 3, ""lookback_window"": 5, ""safeguard"": 3, ""inc"": 5, ""budget"": 2187505}"
"U(1e-05,0.01), eps=1e-05",1e-05,0.01,1e-05,linear,2638684,find_phi_fixed_budget_linear_search,"{""m_exploration"": 5, ""lookback_window"": 5, ""safeguard"": 5, ""inc"": 5, ""budget"": 2638684}"
"U(1e-05,0.01), eps=1e-05",1e-05,0.01,1e-05,linear,3182919,find_phi_fixed_budget_linear_search,"{""m_exploration"": 5, ""lookback_window"": 5, ""safeguard"": 5, ""inc"": 5, ""budget"": 3182919}"
"U(1e-05,0.01), eps=1e-05",1e-05,0.01,1e-05,linear,3839405,find_phi_fixed_budget_linear_search,"{""m_exploration"": 14, ""lookback_window"": 5, ""safeguard"": 5, ""inc"": 5, ""budget"": 3839405}"
"U(1e-05,0.01), eps=1e-05",1e-05,0.01,1e-05,linear,4631292,find_phi_fixed_budget_linear_search,"{""m_exploration"": 14, ""lookback_window"": 5, ""safeguard"": 5, ""inc"": 5, ""budget"": 4631292}"
"U(1e-05,0.01), eps=1e-05",1e-05,0.01,1e-05,linear,5586507,find_phi_fixed_budget_linear_search,"{""m_exploration"": 14, ""lookback_window"": 5, ""safeguard"": 5, ""inc"": 5, ""budget"": 5586507}"
"U(1e-05,0.01), eps=1e-05",1e-05,0.01,1e-05,linear,6738739,find_phi_fixed_budget_linear_search,"{""m_exploration"": 14, ""lookback_window"": 5, ""safeguard"": 5, ""inc"": 5, ""budget"": 6738739}"
"U(1e-05,0.01), eps=1e-05",1e-05,0.01,1e-05,linear,8128621,find_phi_fixed_budget_linear_search,"{""m_exploration"": 14, ""lookback_window"": 5, ""safeguard"": 5, ""inc"": 5, ""budget"": 8128621}"
"U(1e-05,0.01), eps=1e-05",1e-05,0.01,1e-05,linear,9805170,find_phi_fixed_budget_linear_search,"{""m_exploration"": 11, ""lookback_window"": 5, ""safeguard"": 5, ""inc"": 5, ""budget"": 9805170}"
"U(1e-05,0.01), eps=1e-05",1e-05,0.01,1e-05,linear,11827511,find_phi_fixed_budget_linear_search,"{""m_exploration"": 43, ""lookback_window"": 5, ""safeguard"": 5, ""inc"": 5, ""budget"": 11827511}"
"U(1e-05,0.01), eps=1e-05",1e-05,0.01,1e-05,linear,14266965,find_phi_fixed_budget_linear_search,"{""m_exploration"": 43, ""lookback_window"": 5, ""safeguard"": 5, ""inc"": 5, ""budget"": 14266965}"
"U(1e-05,0.01), eps=1e-05",1e-05,0.01,1e-05,linear,17209563,find_phi_fixed_budget_linear_search,"{""m_exploration"": 33, ""lookback_window"": 5, ""safeguard"": 5, ""inc"": 5, ""budget"": 17209563}"
"U(1e-05,0.01), eps=1e-05",1e-05,0.01,1e-05,linear,20759079,find_phi_fixed_budget_linear_search,"{""m_exploration"": 74, ""lookback_window"": 5, ""safeguard"": 5, ""inc"": 5, ""budget"": 20759079}"
"U(1e-05,0.01), eps=1e-05",1e-05,0.01,1e-05,linear,25040691,find_phi_fixed_budget_linear_search,"{""m_exploration"": 74, ""lookback_window"": 5, ""safeguard"": 5, ""inc"": 5, ""budget"": 25040691}"
"U(1e-05,0.01), eps=1e-05",1e-05,0.01,1e-05,linear,30205397,find_phi_fixed_budget_linear_search,"{""m_exploration"": 74, ""lookback_window"": 5, ""safeguard"": 5, ""inc"": 5, ""budget"": 30205397}"
"U(1e-05,0.01), eps=1e-05",1e-05,0.01,1e-05,linear,36435337,find_phi_fixed_budget_linear_search,"{""m_exploration"": 57, ""lookback_window"": 5, ""safeguard"": 5, ""inc"": 5, ""budget"": 36435337}"
"U(1e-05,0.01), eps=1e-05",1e-05,0.01,1e-05,linear,43950218,find_phi_fixed_budget_linear_search,"{""m_exploration"": 217, ""lookback_window"": 5, ""safeguard"": 5, ""inc"": 2, ""budget"": 43950218}"
"U(1e-05,0.01), eps=1e-05",1e-05,0.01,1e-05,linear,53015061,find_phi_fixed_budget_linear_search,"{""m_exploration"": 97, ""lookback_window"": 5, ""safeguard"": 3, ""inc"": 2, ""budget"": 53015061}"
"U(1e-05,0.01), eps=1e-05",1e-05,0.01,1e-05,linear,63949552,find_phi_fixed_budget_linear_search,"{""m_exploration"": 74, ""lookback_window"": 5, ""safeguard"": 1, ""inc"": 1, ""budget"": 63949552}"
"U(1e-05,0.01), eps=1e-05",1e-05,0.01,1e-05,linear,77139309,find_phi_fixed_budget_linear_search,"{""m_exploration"": 127, ""lookback_window"": 5, ""safeguard"": 2, ""inc"": 2, ""budget"": 77139309}"
"U(1e-05,0.01), eps=1e-05",1e-05,0.01,1e-05,linear,93049487,find_phi_fixed_budget_linear_search,"{""m_exploration"": 97, ""lookback_window"": 5, ""safeguard"": 3, ""inc"": 1, ""budget"": 93049487}"
"U(1e-05,0.01), eps=1e-05",1e-05,0.01,1e-05,linear,112241179,find_phi_fixed_budget_linear_search,"{""m_exploration"": 74, ""lookback_window"": 5, ""safeguard"": 5, ""inc"": 1, ""budget"": 112241179}"
"U(1e-05,0.01), eps=1e-05",1e-05,0.01,1e-05,linear,135391206,find_phi_fixed_budget_linear_search,"{""m_exploration"": 33, ""lookback_window"": 2, ""safeguard"": 5, ""inc"": 2, ""budget"": 135391206}"
"U(1e-05,0.01), eps=1e-05",1e-05,0.01,1e-05,linear,163315985,find_phi_fixed_budget_linear_search,"{""m_exploration"": 5, ""lookback_window"": 1, ""safeguard"": 0, ""inc"": 1, ""budget"": 163315985}"
"U(1e-05,0.01), eps=1e-05",1e-05,0.01,1e-05,linear,197000320,find_phi_fixed_budget_linear_search,"{""m_exploration"": 3, ""lookback_window"": 2, ""safeguard"": 3, ""inc"": 1, ""budget"": 197000320}"
"U(1e-05,0.01), eps=1e-05",1e-05,0.01,1e-05,linear,237632135,find_phi_fixed_budget_linear_search,"{""m_exploration"": 3, ""lookback_window"": 1, ""safeguard"": 0, ""inc"": 1, ""budget"": 237632135}"
"U(1e-05,0.01), eps=1e-05",1e-05,0.01,1e-05,linear,286644364,find_phi_fixed_budget_linear_search,"{""m_exploration"": 3, ""lookback_window"": 1, ""safeguard"": 0, ""inc"": 1, ""budget"": 286644364}"
"U(1e-05,0.01), eps=1e-05",1e-05,0.01,1e-05,linear,345765489,find_phi_fixed_budget_linear_search,"{""m_exploration"": 3, ""lookback_window"": 1, ""safeguard"": 0, ""inc"": 1, ""budget"": 345765489}"
"U(1e-05,0.01), eps=1e-05",1e-05,0.01,1e-05,linear,417080497,find_phi_fixed_budget_linear_search,"{""m_exploration"": 3, ""lookback_window"": 1, ""safeguard"": 0, ""inc"": 1, ""budget"": 417080497}"
"U(1e-05,0.01), eps=1e-05",1e-05,0.01,1e-05,linear,503104405,find_phi_fixed_budget_linear_search,"{""m_exploration"": 3, ""lookback_window"": 1, ""safeguard"": 0, ""inc"": 1, ""budget"": 503104405}"
"U(1e-05,0.01), eps=1e-05",1e-05,0.01,1e-05,linear,606870961,find_phi_fixed_budget_linear_search,"{""m_exploration"": 3, ""lookback_window"": 1, ""safeguard"": 0, ""inc"": 1, ""budget"": 606870961}"
"U(1e-05,0.01), eps=1e-05",1e-05,0.01,1e-05,linear,732039633,find_phi_fixed_budget_linear_search,"{""m_exploration"": 3, ""lookback_window"": 1, ""safeguard"": 0, ""inc"": 1, ""budget"": 732039633}"
"U(1e-05,0.01), eps=1e-05",1e-05,0.01,1e-05,linear,883024660,find_phi_fixed_budget_linear_search,"{""m_exploration"": 3, ""lookback_window"": 1, ""safeguard"": 0, ""inc"": 1, ""budget"": 883024660}"
"U(1e-05,0.01), eps=1e-05",1e-05,0.01,1e-05,linear,1065150730,find_phi_fixed_budget_linear_search,"{""m_exploration"": 3, ""lookback_window"": 1, ""safeguard"": 0, ""inc"": 1, ""budget"": 1065150730}"
"U(1e-05,0.01), eps=1e-05",1e-05,0.01,1e-05,linear,1284840764,find_phi_fixed_budget_linear_search,"{""m_exploration"": 3, ""lookback_window"": 1, ""safeguard"": 0, ""inc"": 1, ""budget"": 1284840764}"
"U(1e-05,0.01), eps=1e-05",1e-05,0.01,1e-05,reverse_eng,856560,find_phi_fixed_budget_reverse_engineering,"{""m_exploration"": 338, ""safeguard"": 0.9, ""budget"": 856560}"
"U(1e-05,0.01), eps=1e-05",1e-05,0.01,1e-05,reverse_eng,1033228,find_phi_fixed_budget_reverse_engineering,"{""m_exploration"": 408, ""safeguard"": 0.8, ""budget"": 1033228}"
"U(1e-05,0.01), eps=1e-05",1e-05,0.01,1e-05,reverse_eng,1246334,find_phi_fixed_budget_reverse_engineering,"{""m_exploration"": 868, ""safeguard"": 0.8, ""budget"": 1246334}"
"U(1e-05,0.01), eps=1e-05",1e-05,0.01,1e-05,reverse_eng,1503393,find_phi_fixed_budget_reverse_engineering,"{""m_exploration"": 868, ""safeguard"": 0.8, ""budget"": 1503393}"
"U(1e-05,0.01), eps=1e-05",1e-05,0.01,1e-05,reverse_eng,1813472,find_phi_fixed_budget_reverse_engineering,"{""m_exploration"": 1048, ""safeguard"": 0.85, ""budget"": 1813472}"
"U(1e-05,0.01), eps=1e-05",1e-05,0.01,1e-05,reverse_eng,2187505,find_phi_fixed_budget_reverse_engineering,"{""m_exploration"": 1048, ""safeguard"": 0.85, ""budget"": 2187505}"
"U(1e-05,0.01), eps=1e-05",1e-05,0.01,1e-05,reverse_eng,2638684,find_phi_fixed_budget_reverse_engineering,"{""m_exploration"": 1048, ""safeguard"": 0.85, ""budget"": 2638684}"
"U(1e-05,0.01), eps=1e-05",1e-05,0.01,1e-05,reverse_eng,3182919,find_phi_fixed_budget_reverse_engineering,"{""m_exploration"": 1266, ""safeguard"": 0.85, ""budget"": 3182919}"
"U(1e-05,0.01), eps=1e-05",1e-05,0.01,1e-05,reverse_eng,3839405,find_phi_fixed_budget_reverse_engineering,"{""m_exploration"": 719, ""safeguard"": 0.85, ""budget"": 3839405}"
"U(1e-05,0.01), eps=1e-05",1e-05,0.01,1e-05,reverse_eng,4631292,find_phi_fixed_budget_reverse_engineering,"{""m_exploration"": 1266, ""safeguard"": 0.85, ""budget"": 4631292}"
"U(1e-05,0.01), eps=1e-05",1e-05,0.01,1e-05,reverse_eng,5586507,find_phi_fixed_budget_reverse_engineering,"{""m_exploration"": 1266, ""safeguard"": 0.85, ""budget"": 5586507}"
"U(1e-05,0.01), eps=1e-05",1e-05,0.01,1e-05,reverse_eng,6738739,find_phi_fixed_budget_reverse_engineering,"{""m_exploration"": 1266, ""safeguard"": 0.9, ""budget"": 6738739}"
"U(1e-05,0.01), eps=1e-05",1e-05,0.01,1e-05,reverse_eng,8128621,find_phi_fixed_budget_reverse_engineering,"{""m_exploration"": 4738, ""safeguard"": 0.9, ""budget"": 8128621}"
"U(1e-05,0.01), eps=1e-05",1e-05,0.01,1e-05,reverse_eng,9805170,find_phi_fixed_budget_reverse_engineering,"{""m_exploration"": 4738, ""safeguard"": 0.925, ""budget"": 9805170}"
"U(1e-05,0.01), eps=1e-05",1e-05,0.01,1e-05,reverse_eng,11827511,find_phi_fixed_budget_reverse_engineering,"{""m_exploration"": 4738, ""safeguard"": 0.925, ""budget"": 11827511}"
"U(1e-05,0.01), eps=1e-05",1e-05,0.01,1e-05,reverse_eng,14266965,find_phi_fixed_budget_reverse_engineering,"{""m_exploration"": 4738, ""safeguard"": 0.925, ""budget"": 14266965}"
"U(1e-05,0.01), eps=1e-05",1e-05,0.01,1e-05,reverse_eng,17209563,find_phi_fixed_budget_reverse_engineering,"{""m_exploration"": 8343, ""safeguard"": 0.925, ""budget"": 17209563}"
"U(1e-05,0.01), eps=1e-05",1e-05,0.01,1e-05,reverse_eng,20759079,find_phi_fixed_budget_reverse_engineering,"{""m_exploration"": 8343, ""safeguard"": 0.925, ""budget"": 20759079}"
"U(1e-05,0.01), eps=1e-05",1e-05,0.01,1e-05,reverse_eng,25040691,find_phi_fixed_budget_reverse_engineering,"{""m_exploration"": 10074, ""safeguard"": 0.925, ""budget"": 25040691}"
"U(1e-05,0.01), eps=1e-05",1e-05,0.01,1e-05,reverse_eng,30205397,find_phi_fixed_budget_reverse_engineering,"{""m_exploration"": 12164, ""safeguard"": 0.925, ""budget"": 30205397}"
"U(1e-05,0.01), eps=1e-05",1e-05,0.01,1e-05,reverse_eng,36435337,find_phi_fixed_budget_reverse_engineering,"{""m_exploration"": 10074, ""safeguard"": 0.925, ""budget"": 36435337}"
"U(1e-05,0.01), eps=1e-05",1e-05,0.01,1e-05,reverse_eng,43950218,find_phi_fixed_budget_reverse_engineering,"{""m_exploration"": 10074, ""safeguard"": 0.85, ""budget"": 43950218}"
"U(1e-05,0.01), eps=1e-05",1e-05,0.01,1e-05,reverse_eng,53015061,find_phi_fixed_budget_reverse_engineering,"{""m_exploration"": 17736, ""safeguard"": 0.9, ""budget"": 53015061}"
"U(1e-05,0.01), eps=1e-05",1e-05,0.01,1e-05,reverse_eng,63949552,find_phi_fixed_budget_reverse_engineering,"{""m_exploration"": 31225, ""safeguard"": 0.925, ""budget"": 63949552}"
"U(1e-05,0.01), eps=1e-05",1e-05,0.01,1e-05,reverse_eng,77139309,find_phi_fixed_budget_reverse_engineering,"{""m_exploration"": 31225, ""safeguard"": 0.9, ""budget"": 77139309}"
"U(1e-05,0.01), eps=1e-05",1e-05,0.01,1e-05,reverse_eng,93049487,find_phi_fixed_budget_reverse_engineering,"{""m_exploration"": 31225, ""safeguard"": 0.9, ""budget"": 93049487}"
"U(1e-05,0.01), eps=1e-05",1e-05,0.01,1e-05,reverse_eng,112241179,find_phi_fixed_budget_reverse_engineering,"{""m_exploration"": 21416, ""safeguard"": 0.8, ""budget"": 112241179}"
"U(1e-05,0.01), eps=1e-05",1e-05,0.01,1e-05,reverse_eng,135391206,find_phi_fixed_budget_reverse_engineering,"{""m_exploration"": 66381, ""safeguard"": 0.9, ""budget"": 135391206}"
"U(1e-05,0.01), eps=1e-05",1e-05,0.01,1e-05,reverse_eng,163315985,find_phi_fixed_budget_reverse_engineering,"{""m_exploration"": 21416, ""safeguard"": 0.8, ""budget"": 163315985}"
"U(1e-05,0.01), eps=1e-05",1e-05,0.01,1e-05,reverse_eng,197000320,find_phi_fixed_budget_reverse_engineering,"{""m_exploration"": 21416, ""safeguard"": 0.8, ""budget"": 197000320}"
"U(1e-05,0.01), eps=1e-05",1e-05,0.01,1e-05,reverse_eng,237632135,find_phi_fixed_budget_reverse_engineering,"{""m_exploration"": 21416, ""safeguard"": 0.8, ""budget"": 237632135}"
"U(1e-05,0.01), eps=1e-05",1e-05,0.01,1e-05,reverse_eng,286644364,find_phi_fixed_budget_reverse_engineering,"{""m_exploration"": 21416, ""safeguard"": 0.8, ""budget"": 286644364}"
"U(1e-05,0.01), eps=1e-05",1e-05,0.01,1e-05,reverse_eng,345765489,find_phi_fixed_budget_reverse_engineering,"{""m_exploration"": 21416, ""safeguard"": 0.8, ""budget"": 345765489}"
"U(1e-05,0.01), eps=1e-05",1e-05,0.01,1e-05,reverse_eng,417080497,find_phi_fixed_budget_reverse_engineering,"{""m_exploration"": 21416, ""safeguard"": 0.8, ""budget"": 417080497}"
"U(1e-05,0.01), eps=1e-05",1e-05,0.01,1e-05,reverse_eng,503104405,find_phi_fixed_budget_reverse_engineering,"{""m_exploration"": 21416, ""safeguard"": 0.8, ""budget"": 503104405}"
"U(1e-05,0.01), eps=1e-05",1e-05,0.01,1e-05,reverse_eng,606870961,find_phi_fixed_budget_reverse_engineering,"{""m_exploration"": 21416, ""safeguard"": 0.8, ""budget"": 606870961}"
"U(1e-05,0.01), eps=1e-05",1e-05,0.01,1e-05,reverse_eng,732039633,find_phi_fixed_budget_reverse_engineering,"{""m_exploration"": 21416, ""safeguard"": 0.8, ""budget"": 732039633}"
"U(1e-05,0.01), eps=1e-05",1e-05,0.01,1e-05,reverse_eng,883024660,find_phi_fixed_budget_reverse_engineering,"{""m_exploration"": 21416, ""safeguard"": 0.8, ""budget"": 883024660}"
"U(1e-05,0.01), eps=1e-05",1e-05,0.01,1e-05,reverse_eng,1065150730,find_phi_fixed_budget_reverse_engineering,"{""m_exploration"": 21416, ""safeguard"": 0.8, ""budget"": 1065150730}"
"U(1e-05,0.01), eps=1e-05",1e-05,0.01,1e-05,reverse_eng,1284840764,find_phi_fixed_budget_reverse_engineering,"{""m_exploration"": 21416, ""safeguard"": 0.8, ""budget"": 1284840764}"
"U(1e-05,0.01), eps=1e-05",1e-05,0.01,1e-05,binary,856560,find_phi_fixed_budget_binary_search,"{""m_exploration"": 2968, ""safeguard"": 0, ""conf"": 0.5, ""budget"": 856560}"
"U(1e-05,0.01), eps=1e-05",1e-05,0.01,1e-05,binary,1033228,find_phi_fixed_budget_binary_search,"{""m_exploration"": 4361, ""safeguard"": 0, ""conf"": 0.5, ""budget"": 1033228}"
"U(1e-05,0.01), eps=1e-05",1e-05,0.01,1e-05,binary,1246334,find_phi_fixed_budget_binary_search,"{""m_exploration"": 6407, ""safeguard"": 0, ""conf"": 0.5, ""budget"": 1246334}"
"U(1e-05,0.01), eps=1e-05",1e-05,0.01,1e-05,binary,1503393,find_phi_fixed_budget_binary_search,"{""m_exploration"": 20, ""safeguard"": 0, ""conf"": 0.5, ""budget"": 1503393}"
"U(1e-05,0.01), eps=1e-05",1e-05,0.01,1e-05,binary,1813472,find_phi_fixed_budget_binary_search,"{""m_exploration"": 9413, ""safeguard"": 0, ""conf"": 0.5, ""budget"": 1813472}"
"U(1e-05,0.01), eps=1e-05",1e-05,0.01,1e-05,binary,2187505,find_phi_fixed_budget_binary_search,"{""m_exploration"": 29, ""safeguard"": 0, ""conf"": 0.5, ""budget"": 2187505}"
"U(1e-05,0.01), eps=1e-05",1e-05,0.01,1e-05,binary,2638684,find_phi_fixed_budget_binary_search,"{""m_exploration"": 43, ""safeguard"": 0, ""conf"": 0.5, ""budget"": 2638684}"
"U(1e-05,0.01), eps=1e-05",1e-05,0.01,1e-05,binary,3182919,find_phi_fixed_budget_binary_search,"{""m_exploration"": 20, ""safeguard"": 0, ""conf"": 0.8, ""budget"": 3182919}"
"U(1e-05,0.01), eps=1e-05",1e-05,0.01,1e-05,binary,3839405,find_phi_fixed_budget_binary_search,"{""m_exploration"": 20, ""safeguard"": 1, ""conf"": 0.5, ""budget"": 3839405}"
"U(1e-05,0.01), eps=1e-05",1e-05,0.01,1e-05,binary,4631292,find_phi_fixed_budget_binary_search,"{""m_exploration"": 20, ""safeguard"": 2, ""conf"": 0.5, ""budget"": 4631292}"
"U(1e-05,0.01), eps=1e-05",1e-05,0.01,1e-05,binary,5586507,find_phi_fixed_budget_binary_search,"{""m_exploration"": 20, ""safeguard"": 1, ""conf"": 0.5, ""budget"": 5586507}"
"U(1e-05,0.01), eps=1e-05",1e-05,0.01,1e-05,binary,6738739,find_phi_fixed_budget_binary_search,"{""m_exploration"": 20, ""safeguard"": 1, ""conf"": 0.5, ""budget"": 6738739}"
"U(1e-05,0.01), eps=1e-05",1e-05,0.01,1e-05,binary,8128621,find_phi_fixed_budget_binary_search,"{""m_exploration"": 20, ""safeguard"": 2, ""conf"": 0.5, ""budget"": 8128621}"
"U(1e-05,0.01), eps=1e-05",1e-05,0.01,1e-05,binary,9805170,find_phi_fixed_budget_binary_search,"{""m_exploration"": 20, ""safeguard"": 2, ""conf"": 0.5, ""budget"": 9805170}"
"U(1e-05,0.01), eps=1e-05",1e-05,0.01,1e-05,binary,11827511,find_phi_fixed_budget_binary_search,"{""m_exploration"": 29, ""safeguard"": 2, ""conf"": 0.5, ""budget"": 11827511}"
"U(1e-05,0.01), eps=1e-05",1e-05,0.01,1e-05,binary,14266965,find_phi_fixed_budget_binary_search,"{""m_exploration"": 29, ""safeguard"": 1, ""conf"": 0.5, ""budget"": 14266965}"
"U(1e-05,0.01), eps=1e-05",1e-05,0.01,1e-05,binary,17209563,find_phi_fixed_budget_binary_search,"{""m_exploration"": 29, ""safeguard"": 2, ""conf"": 0.5, ""budget"": 17209563}"
"U(1e-05,0.01), eps=1e-05",1e-05,0.01,1e-05,binary,20759079,find_phi_fixed_budget_binary_search,"{""m_exploration"": 43, ""safeguard"": 2, ""conf"": 0.5, ""budget"": 20759079}"
"U(1e-05,0.01), eps=1e-05",1e-05,0.01,1e-05,binary,25040691,find_phi_fixed_budget_binary_search,"{""m_exploration"": 43, ""safeguard"": 2, ""conf"": 0.5, ""budget"": 25040691}"
"U(1e-05,0.01), eps=1e-05",1e-05,0.01,1e-05,binary,30205397,find_phi_fixed_budget_binary_search,"{""m_exploration"": 43, ""safeguard"": 2, ""conf"": 0.5, ""budget"": 30205397}"
"U(1e-05,0.01), eps=1e-05",1e-05,0.01,1e-05,binary,36435337,find_phi_fixed_budget_binary_search,"{""m_exploration"": 63, ""safeguard"": 2, ""conf"": 0.5, ""budget"": 36435337}"
"U(1e-05,0.01), eps=1e-05",1e-05,0.01,1e-05,binary,43950218,find_phi_fixed_budget_binary_search,"{""m_exploration"": 93, ""safeguard"": 2, ""conf"": 0.5, ""budget"": 43950218}"
"U(1e-05,0.01), eps=1e-05",1e-05,0.01,1e-05,binary,53015061,find_phi_fixed_budget_binary_search,"{""m_exploration"": 93, ""safeguard"": 2, ""conf"": 0.5, ""budget"": 53015061}"
"U(1e-05,0.01), eps=1e-05",1e-05,0.01,1e-05,binary,63949552,find_phi_fixed_budget_binary_search,"{""m_exploration"": 136, ""safeguard"": 2, ""conf"": 0.5, ""budget"": 63949552}"
"U(1e-05,0.01), eps=1e-05",1e-05,0.01,1e-05,binary,77139309,find_phi_fixed_budget_binary_search,"{""m_exploration"": 201, ""safeguard"": 2, ""conf"": 0.5, ""budget"": 77139309}"
"U(1e-05,0.01), eps=1e-05",1e-05,0.01,1e-05,binary,93049487,find_phi_fixed_budget_binary_search,"{""m_exploration"": 201, ""safeguard"": 2, ""conf"": 0.5, ""budget"": 93049487}"
"U(1e-05,0.01), eps=1e-05",1e-05,0.01,1e-05,binary,112241179,find_phi_fixed_budget_binary_search,"{""m_exploration"": 295, ""safeguard"": 2, ""conf"": 0.5, ""budget"": 112241179}"
"U(1e-05,0.01), eps=1e-05",1e-05,0.01,1e-05,binary,135391206,find_phi_fixed_budget_binary_search,"{""m_exploration"": 295, ""safeguard"": 2, ""conf"": 0.5, ""budget"": 135391206}"
"U(1e-05,0.01), eps=1e-05",1e-05,0.01,1e-05,binary,163315985,find_phi_fixed_budget_binary_search,"{""m_exploration"": 433, ""safeguard"": 2, ""conf"": 0.5, ""budget"": 163315985}"
"U(1e-05,0.01), eps=1e-05",1e-05,0.01,1e-05,binary,197000320,find_phi_fixed_budget_binary_search,"{""m_exploration"": 637, ""safeguard"": 2, ""conf"": 0.5, ""budget"": 197000320}"
"U(1e-05,0.01), eps=1e-05",1e-05,0.01,1e-05,binary,237632135,find_phi_fixed_budget_binary_search,"{""m_exploration"": 936, ""safeguard"": 2, ""conf"": 0.5, ""budget"": 237632135}"
"U(1e-05,0.01), eps=1e-05",1e-05,0.01,1e-05,binary,286644364,find_phi_fixed_budget_binary_search,"{""m_exploration"": 936, ""safeguard"": 2, ""conf"": 0.5, ""budget"": 286644364}"
"U(1e-05,0.01), eps=1e-05",1e-05,0.01,1e-05,binary,345765489,find_phi_fixed_budget_binary_search,"{""m_exploration"": 1375, ""safeguard"": 2, ""conf"": 0.5, ""budget"": 345765489}"
"U(1e-05,0.01), eps=1e-05",1e-05,0.01,1e-05,binary,417080497,find_phi_fixed_budget_binary_search,"{""m_exploration"": 1375, ""safeguard"": 2, ""conf"": 0.5, ""budget"": 417080497}"
"U(1e-05,0.01), eps=1e-05",1e-05,0.01,1e-05,binary,503104405,find_phi_fixed_budget_binary_search,"{""m_exploration"": 2020, ""safeguard"": 2, ""conf"": 0.5, ""budget"": 503104405}"
"U(1e-05,0.01), eps=1e-05",1e-05,0.01,1e-05,binary,606870961,find_phi_fixed_budget_binary_search,"{""m_exploration"": 2968, ""safeguard"": 2, ""conf"": 0.5, ""budget"": 606870961}"
"U(1e-05,0.01), eps=1e-05",1e-05,0.01,1e-05,binary,732039633,find_phi_fixed_budget_binary_search,"{""m_exploration"": 2968, ""safeguard"": 2, ""conf"": 0.5, ""budget"": 732039633}"
"U(1e-05,0.01), eps=1e-05",1e-05,0.01,1e-05,binary,883024660,find_phi_fixed_budget_binary_search,"{""m_exploration"": 2968, ""safeguard"": 2, ""conf"": 0.5, ""budget"": 883024660}"
"U(1e-05,0.01), eps=1e-05",1e-05,0.01,1e-05,binary,1065150730,find_phi_fixed_budget_binary_search,"{""m_exploration"": 4361, ""safeguard"": 2, ""conf"": 0.5, ""budget"": 1065150730}"
"U(1e-05,0.01), eps=1e-05",1e-05,0.01,1e-05,binary,1284840764,find_phi_fixed_budget_binary_search,"{""m_exploration"": 6407, ""safeguard"": 2, ""conf"": 0.5, ""budget"": 1284840764}"
"U(1e-05,0.01), eps=1e-05",1e-05,0.01,1e-05,reverse_eng_risk,856560,find_phi_fixed_budget_reverse_engineering_risk,"{""m_exploration"": 338, ""eps_target"": 1e-05, ""budget"": 856560}"
"U(1e-05,0.01), eps=1e-05",1e-05,0.01,1e-05,reverse_eng_risk,1033228,find_phi_fixed_budget_reverse_engineering_risk,"{""m_exploration"": 338, ""eps_target"": 1e-05, ""budget"": 1033228}"
"U(1e-05,0.01), eps=1e-05",1e-05,0.01,1e-05,reverse_eng_risk,1246334,find_phi_fixed_budget_reverse_engineering_risk,"{""m_exploration"": 408, ""eps_target"": 1e-05, ""budget"": 1246334}"
"U(1e-05,0.01), eps=1e-05",1e-05,0.01,1e-05,reverse_eng_risk,1503393,find_phi_fixed_budget_reverse_engineering_risk,"{""m_exploration"": 868, ""eps_target"": 1e-05, ""budget"": 1503393}"
"U(1e-05,0.01), eps=1e-05",1e-05,0.01,1e-05,reverse_eng_risk,1813472,find_phi_fixed_budget_reverse_engineering_risk,"{""m_exploration"": 1048, ""eps_target"": 1e-05, ""budget"": 1813472}"
"U(1e-05,0.01), eps=1e-05",1e-05,0.01,1e-05,reverse_eng_risk,2187505,find_phi_fixed_budget_reverse_engineering_risk,"{""m_exploration"": 1048, ""eps_target"": 1e-05, ""budget"": 2187505}"
"U(1e-05,0.01), eps=1e-05",1e-05,0.01,1e-05,reverse_eng_risk,2638684,find_phi_fixed_budget_reverse_engineering_risk,"{""m_exploration"": 1266, ""eps_target"": 1e-05, ""budget"": 2638684}"
"U(1e-05,0.01), eps=1e-05",1e-05,0.01,1e-05,reverse_eng_risk,3182919,find_phi_fixed_budget_reverse_engineering_risk,"{""m_exploration"": 1528, ""eps_target"": 1e-05, ""budget"": 3182919}"
"U(1e-05,0.01), eps=1e-05",1e-05,0.01,1e-05,reverse_eng_risk,3839405,find_phi_fixed_budget_reverse_engineering_risk,"{""m_exploration"": 1048, ""eps_target"": 1e-05, ""budget"": 3839405}"
"U(1e-05,0.01), eps=1e-05",1e-05,0.01,1e-05,reverse_eng_risk,4631292,find_phi_fixed_budget_reverse_engineering_risk,"{""m_exploration"": 1846, ""eps_target"": 1e-05, ""budget"": 4631292}"
"U(1e-05,0.01), eps=1e-05",1e-05,0.01,1e-05,reverse_eng_risk,5586507,find_phi_fixed_budget_reverse_engineering_risk,"{""m_exploration"": 1846, ""eps_target"": 1e-05, ""budget"": 5586507}"
"U(1e-05,0.01), eps=1e-05",1e-05,0.01,1e-05,reverse_eng_risk,6738739,find_phi_fixed_budget_reverse_engineering_risk,"{""m_exploration"": 3924, ""eps_target"": 1e-05, ""budget"": 6738739}"
"U(1e-05,0.01), eps=1e-05",1e-05,0.01,1e-05,reverse_eng_risk,8128621,find_phi_fixed_budget_reverse_engineering_risk,"{""m_exploration"": 4738, ""eps_target"": 1e-05, ""budget"": 8128621}"
"U(1e-05,0.01), eps=1e-05",1e-05,0.01,1e-05,reverse_eng_risk,9805170,find_phi_fixed_budget_reverse_engineering_risk,"{""m_exploration"": 1266, ""eps_target"": 1e-05, ""budget"": 9805170}"
"U(1e-05,0.01), eps=1e-05",1e-05,0.01,1e-05,reverse_eng_risk,11827511,find_phi_fixed_budget_reverse_engineering_risk,"{""m_exploration"": 3924, ""eps_target"": 1e-05, ""budget"": 11827511}"
"U(1e-05,0.01), eps=1e-05",1e-05,0.01,1e-05,reverse_eng_risk,14266965,find_phi_fixed_budget_reverse_engineering_risk,"{""m_exploration"": 3924, ""eps_target"": 1e-05, ""budget"": 14266965}"
"U(1e-05,0.01), eps=1e-05",1e-05,0.01,1e-05,reverse_eng_risk,17209563,find_phi_fixed_budget_reverse_engineering_risk,"{""m_exploration"": 4738, ""eps_target"": 1e-05, ""budget"": 17209563}"
"U(1e-05,0.01), eps=1e-05",1e-05,0.01,1e-05,reverse_eng_risk,20759079,find_phi_fixed_budget_reverse_engineering_risk,"{""m_exploration"": 5722, ""eps_target"": 1e-05, ""budget"": 20759079}"
"U(1e-05,0.01), eps=1e-05",1e-05,0.01,1e-05,reverse_eng_risk,25040691,find_phi_fixed_budget_reverse_engineering_risk,"{""m_exploration"": 2229, ""eps_target"": 1e-05, ""budget"": 25040691}"
"U(1e-05,0.01), eps=1e-05",1e-05,0.01,1e-05,reverse_eng_risk,30205397,find_phi_fixed_budget_reverse_engineering_risk,"{""m_exploration"": 2691, ""eps_target"": 1e-05, ""budget"": 30205397}"
"U(1e-05,0.01), eps=1e-05",1e-05,0.01,1e-05,reverse_eng_risk,36435337,find_phi_fixed_budget_reverse_engineering_risk,"{""m_exploration"": 2691, ""eps_target"": 1e-05, ""budget"": 36435337}"
"U(1e-05,0.01), eps=1e-05",1e-05,0.01,1e-05,reverse_eng_risk,43950218,find_phi_fixed_budget_reverse_engineering_risk,"{""m_exploration"": 719, ""eps_target"": 1e-05, ""budget"": 43950218}"
"U(1e-05,0.01), eps=1e-05",1e-05,0.01,1e-05,reverse_eng_risk,53015061,find_phi_fixed_budget_reverse_engineering_risk,"{""m_exploration"": 868, ""eps_target"": 1e-05, ""budget"": 53015061}"
"U(1e-05,0.01), eps=1e-05",1e-05,0.01,1e-05,reverse_eng_risk,63949552,find_phi_fixed_budget_reverse_engineering_risk,"{""m_exploration"": 2229, ""eps_target"": 1e-05, ""budget"": 63949552}"
"U(1e-05,0.01), eps=1e-05",1e-05,0.01,1e-05,reverse_eng_risk,77139309,find_phi_fixed_budget_reverse_engineering_risk,"{""m_exploration"": 5722, ""eps_target"": 1e-05, ""budget"": 77139309}"
"U(1e-05,0.01), eps=1e-05",1e-05,0.01,1e-05,reverse_eng_risk,93049487,find_phi_fixed_budget_reverse_engineering_risk,"{""m_exploration"": 12164, ""eps_target"": 1e-05, ""budget"": 93049487}"
"U(1e-05,0.01), eps=1e-05",1e-05,0.01,1e-05,reverse_eng_risk,112241179,find_phi_fixed_budget_reverse_engineering_risk,"{""m_exploration"": 31225, ""eps_target"": 1e-05, ""budget"": 112241179}"
"U(1e-05,0.01), eps=1e-05",1e-05,0.01,1e-05,reverse_eng_risk,135391206,find_phi_fixed_budget_reverse_engineering_risk,"{""m_exploration"": 4738, ""eps_target"": 1e-05, ""budget"": 135391206}"
"U(1e-05,0.01), eps=1e-05",1e-05,0.01,1e-05,reverse_eng_risk,163315985,find_phi_fixed_budget_reverse_engineering_risk,"{""m_exploration"": 74, ""eps_target"": 1e-05, ""budget"": 163315985}"
"U(1e-05,0.01), eps=1e-05",1e-05,0.01,1e-05,reverse_eng_risk,197000320,find_phi_fixed_budget_reverse_engineering_risk,"{""m_exploration"": 24, ""eps_target"": 1e-05, ""budget"": 197000320}"
"U(1e-05,0.01), eps=1e-05",1e-05,0.01,1e-05,reverse_eng_risk,237632135,find_phi_fixed_budget_reverse_engineering_risk,"{""m_exploration"": 20, ""eps_target"": 1e-05, ""budget"": 237632135}"
"U(1e-05,0.01), eps=1e-05",1e-05,0.01,1e-05,reverse_eng_risk,286644364,find_phi_fixed_budget_reverse_engineering_risk,"{""m_exploration"": 20, ""eps_target"": 1e-05, ""budget"": 286644364}"
"U(1e-05,0.01), eps=1e-05",1e-05,0.01,1e-05,reverse_eng_risk,345765489,find_phi_fixed_budget_reverse_engineering_risk,"{""m_exploration"": 20, ""eps_target"": 1e-05, ""budget"": 345765489}"
"U(1e-05,0.01), eps=1e-05",1e-05,0.01,1e-05,reverse_eng_risk,417080497,find_phi_fixed_budget_reverse_engineering_risk,"{""m_exploration"": 20, ""eps_target"": 1e-05, ""budget"": 417080497}"
"U(1e-05,0.01), eps=1e-05",1e-05,0.01,1e-05,reverse_eng_risk,503104405,find_phi_fixed_budget_reverse_engineering_risk,"{""m_exploration"": 20, ""eps_target"": 1e-05, ""budget"": 503104405}"
"U(1e-05,0.01), eps=1e-05",1e-05,0.01,1e-05,reverse_eng_risk,606870961,find_phi_fixed_budget_reverse_engineering_risk,"{""m_exploration"": 20, ""eps_target"": 1e-05, ""budget"": 606870961}"
"U(1e-05,0.01), eps=1e-05",1e-05,0.01,1e-05,reverse_eng_risk,732039633,find_phi_fixed_budget_reverse_engineering_risk,"{""m_exploration"": 20, ""eps_target"": 1e-05, ""budget"": 732039633}"
"U(1e-05,0.01), eps=1e-05",1e-05,0.01,1e-05,reverse_eng_risk,883024660,find_phi_fixed_budget_reverse_engineering_risk,"{""m_exploration"": 20, ""eps_target"": 1e-05, ""budget"": 883024660}"
"U(1e-05,0.01), eps=1e-05",1e-05,0.01,1e-05,reverse_eng_risk,1065150730,find_phi_fixed_budget_reverse_engineering_risk,"{""m_exploration"": 20, ""eps_target"": 1e-05, ""budget"": 1065150730}"
"U(1e-05,0.01), eps=1e-05",1e-05,0.01,1e-05,reverse_eng_risk,1284840764,find_phi_fixed_budget_reverse_engineering_risk,"{""m_exploration"": 20, ""eps_target"": 1e-05, ""budget"": 1284840764}"
"U(1e-05,0.01), eps=1e-05",1e-05,0.01,1e-05,binary_risk,856560,find_phi_fixed_budget_binary_search_risk,"{""m_exploration"": 295, ""conf"": 0.5, ""eps_target"": 1e-05, ""budget"": 856560}"
"U(1e-05,0.01), eps=1e-05",1e-05,0.01,1e-05,binary_risk,1033228,find_phi_fixed_budget_binary_search_risk,"{""m_exploration"": 433, ""conf"": 0.5, ""eps_target"": 1e-05, ""budget"": 1033228}"
"U(1e-05,0.01), eps=1e-05",1e-05,0.01,1e-05,binary_risk,1246334,find_phi_fixed_budget_binary_search_risk,"{""m_exploration"": 433, ""conf"": 0.5, ""eps_target"": 1e-05, ""budget"": 1246334}"
"U(1e-05,0.01), eps=1e-05",1e-05,0.01,1e-05,binary_risk,1503393,find_phi_fixed_budget_binary_search_risk,"{""m_exploration"": 936, ""conf"": 0.5, ""eps_target"": 1e-05, ""budget"": 1503393}"
"U(1e-05,0.01), eps=1e-05",1e-05,0.01,1e-05,binary_risk,1813472,find_phi_fixed_budget_binary_search_risk,"{""m_exploration"": 295, ""conf"": 0.5, ""eps_target"": 1e-05, ""budget"": 1813472}"
"U(1e-05,0.01), eps=1e-05",1e-05,0.01,1e-05,binary_risk,2187505,find_phi_fixed_budget_binary_search_risk,"{""m_exploration"": 936, ""conf"": 0.5, ""eps_target"": 1e-05, ""budget"": 2187505}"
"U(1e-05,0.01), eps=1e-05",1e-05,0.01,1e-05,binary_risk,2638684,find_phi_fixed_budget_binary_search_risk,"{""m_exploration"": 433, ""conf"": 0.5, ""eps_target"": 1e-05, ""budget"": 2638684}"
"U(1e-05,0.01), eps=1e-05",1e-05,0.01,1e-05,binary_risk,3182919,find_phi_fixed_budget_binary_search_risk,"{""m_exploration"": 637, ""conf"": 0.5, ""eps_target"": 1e-05, ""budget"": 3182919}"
"U(1e-05,0.01), eps=1e-05",1e-05,0.01,1e-05,binary_risk,3839405,find_phi_fixed_budget_binary_search_risk,"{""m_exploration"": 433, ""conf"": 0.5, ""eps_target"": 1e-05, ""budget"": 3839405}"
"U(1e-05,0.01), eps=1e-05",1e-05,0.01,1e-05,binary_risk,4631292,find_phi_fixed_budget_binary_search_risk,"{""m_exploration"": 936, ""conf"": 0.5, ""eps_target"": 1e-05, ""budget"": 4631292}"
"U(1e-05,0.01), eps=1e-05",1e-05,0.01,1e-05,binary_risk,5586507,find_phi_fixed_budget_binary_search_risk,"{""m_exploration"": 2020, ""conf"": 0.5, ""eps_target"": 1e-05, ""budget"": 5586507}"
"U(1e-05,0.01), eps=1e-05",1e-05,0.01,1e-05,binary_risk,6738739,find_phi_fixed_budget_binary_search_risk,"{""m_exploration"": 936, ""conf"": 0.5, ""eps_target"": 1e-05, ""budget"": 6738739}"
"U(1e-05,0.01), eps=1e-05",1e-05,0.01,1e-05,binary_risk,8128621,find_phi_fixed_budget_binary_search_risk,"{""m_exploration"": 4361, ""conf"": 0.5, ""eps_target"": 1e-05, ""budget"": 8128621}"
"U(1e-05,0.01), eps=1e-05",1e-05,0.01,1e-05,binary_risk,9805170,find_phi_fixed_budget_binary_search_risk,"{""m_exploration"": 1375, ""conf"": 0.5, ""eps_target"": 1e-05, ""budget"": 9805170}"
"U(1e-05,0.01), eps=1e-05",1e-05,0.01,1e-05,binary_risk,11827511,find_phi_fixed_budget_binary_search_risk,"{""m_exploration"": 2020, ""conf"": 0.5, ""eps_target"": 1e-05, ""budget"": 11827511}"
"U(1e-05,0.01), eps=1e-05",1e-05,0.01,1e-05,binary_risk,14266965,find_phi_fixed_budget_binary_search_risk,"{""m_exploration"": 2020, ""conf"": 0.5, ""eps_target"": 1e-05, ""budget"": 14266965}"
"U(1e-05,0.01), eps=1e-05",1e-05,0.01,1e-05,binary_risk,17209563,find_phi_fixed_budget_binary_search_risk,"{""m_exploration"": 6407, ""conf"": 0.5, ""eps_target"": 1e-05, ""budget"": 17209563}"
"U(1e-05,0.01), eps=1e-05",1e-05,0.01,1e-05,binary_risk,20759079,find_phi_fixed_budget_binary_search_risk,"{""m_exploration"": 6407, ""conf"": 0.5, ""eps_target"": 1e-05, ""budget"": 20759079}"
"U(1e-05,0.01), eps=1e-05",1e-05,0.01,1e-05,binary_risk,25040691,find_phi_fixed_budget_binary_search_risk,"{""m_exploration"": 2020, ""conf"": 0.5, ""eps_target"": 1e-05, ""budget"": 25040691}"
"U(1e-05,0.01), eps=1e-05",1e-05,0.01,1e-05,binary_risk,30205397,find_phi_fixed_budget_binary_search_risk,"{""m_exploration"": 2020, ""conf"": 0.5, ""eps_target"": 1e-05, ""budget"": 30205397}"
"U(1e-05,0.01), eps=1e-05",1e-05,0.01,1e-05,binary_risk,36435337,find_phi_fixed_budget_binary_search_risk,"{""m_exploration"": 1375, ""conf"": 0.5, ""eps_target"": 1e-05, ""budget"": 36435337}"
"U(1e-05,0.01), eps=1e-05",1e-05,0.01,1e-05,binary_risk,43950218,find_phi_fixed_budget_binary_search_risk,"{""m_exploration"": 637, ""conf"": 0.5, ""eps_target"": 1e-05, ""budget"": 43950218}"
"U(1e-05,0.01), eps=1e-05",1e-05,0.01,1e-05,binary_risk,53015061,find_phi_fixed_budget_binary_search_risk,"{""m_exploration"": 936, ""conf"": 0.5, ""eps_target"": 1e-05, ""budget"": 53015061}"
"U(1e-05,0.01), eps=1e-05",1e-05,0.01,1e-05,binary_risk,63949552,find_phi_fixed_budget_binary_search_risk,"{""m_exploration"": 2020, ""conf"": 0.5, ""eps_target"": 1e-05, ""budget"": 63949552}"
"U(1e-05,0.01), eps=1e-05",1e-05,0.01,1e-05,binary_risk,77139309,find_phi_fixed_budget_binary_search_risk,"{""m_exploration"": 9413, ""conf"": 0.5, ""eps_target"": 1e-05, ""budget"": 77139309}"
"U(1e-05,0.01), eps=1e-05",1e-05,0.01,1e-05,binary_risk,93049487,find_phi_fixed_budget_binary_search_risk,"{""m_exploration"": 4361, ""conf"": 0.5, ""eps_target"": 1e-05, ""budget"": 93049487}"
"U(1e-05,0.01), eps=1e-05",1e-05,0.01,1e-05,binary_risk,112241179,find_phi_fixed_budget_binary_search_risk,"{""m_exploration"": 6407, ""conf"": 0.5, ""eps_target"": 1e-05, ""budget"": 112241179}"
"U(1e-05,0.01), eps=1e-05",1e-05,0.01,1e-05,binary_risk,135391206,find_phi_fixed_budget_binary_search_risk,"{""m_exploration"": 4361, ""conf"": 0.5, ""eps_target"": 1e-05, ""budget"": 135391206}"
"U(1e-05,0.01), eps=1e-05",1e-05,0.01,1e-05,binary_risk,163315985,find_phi_fixed_budget_binary_search_risk,"{""m_exploration"": 2968, ""conf"": 0.5, ""eps_target"": 1e-05, ""budget"": 163315985}"
"U(1e-05,0.01), eps=1e-05",1e-05,0.01,1e-05,binary_risk,197000320,find_phi_fixed_budget_binary_search_risk,"{""m_exploration"": 2968, ""conf"": 0.5, ""eps_target"": 1e-05, ""budget"": 197000320}"
"U(1e-05,0.01), eps=1e-05",1e-05,0.01,1e-05,binary_risk,237632135,find_phi_fixed_budget_binary_search_risk,"{""m_exploration"": 4361, ""conf"": 0.5, ""eps_target"": 1e-05, ""budget"": 237632135}"
"U(1e-05,0.01), eps=1e-05",1e-05,0.01,1e-05,binary_risk,286644364,find_phi_fixed_budget_binary_search_risk,"{""m_exploration"": 43, ""conf"": 0.5, ""eps_target"": 1e-05, ""budget"": 286644364}"
"U(1e-05,0.01), eps=1e-05",1e-05,0.01,1e-05,binary_risk,345765489,find_phi_fixed_budget_binary_search_risk,"{""m_exploration"": 29, ""conf"": 0.5, ""eps_target"": 1e-05, ""budget"": 345765489}"
"U(1e-05,0.01), eps=1e-05",1e-05,0.01,1e-05,binary_risk,417080497,find_phi_fixed_budget_binary_search_risk,"{""m_exploration"": 20, ""conf"": 0.5, ""eps_target"": 1e-05, ""budget"": 417080497}"
"U(1e-05,0.01), eps=1e-05",1e-05,0.01,1e-05,binary_risk,503104405,find_phi_fixed_budget_binary_search_risk,"{""m_exploration"": 20, ""conf"": 0.5, ""eps_target"": 1e-05, ""budget"": 503104405}"
"U(1e-05,0.01), eps=1e-05",1e-05,0.01,1e-05,binary_risk,606870961,find_phi_fixed_budget_binary_search_risk,"{""m_exploration"": 20, ""conf"": 0.5, ""eps_target"": 1e-05, ""budget"": 606870961}"
"U(1e-05,0.01), eps=1e-05",1e-05,0.01,1e-05,binary_risk,732039633,find_phi_fixed_budget_binary_search_risk,"{""m_exploration"": 20, ""conf"": 0.5, ""eps_target"": 1e-05, ""budget"": 732039633}"
"U(1e-05,0.01), eps=1e-05",1e-05,0.01,1e-05,binary_risk,883024660,find_phi_fixed_budget_binary_search_risk,"{""m_exploration"": 20, ""conf"": 0.5, ""eps_target"": 1e-05, ""budget"": 883024660}"
"U(1e-05,0.01), eps=1e-05",1e-05,0.01,1e-05,binary_risk,1065150730,find_phi_fixed_budget_binary_search_risk,"{""m_exploration"": 20, ""conf"": 0.5, ""eps_target"": 1e-05, ""budget"": 1065150730}"
"U(1e-05,0.01), eps=1e-05",1e-05,0.01,1e-05,binary_risk,1284840764,find_phi_fixed_budget_binary_search_risk,"{""m_exploration"": 20, ""conf"": 0.5, ""eps_target"": 1e-05, ""budget"": 1284840764}"
