setting,scenario_id,phi_min,phi_max,phi_distribution,eps,algorithm,implementation_variant,budget,params,tuned,seed_tune_blocks,R_tune_stage1,R_tune_stage2,stage1_configs,stage2_configs,stage3_configs,block_rates,block_mean,runner_up,margin_pp,m_lo,m_hi,at_m_min,at_m_max,at_axis_bound,axis_grids,seed_test,R,heldout_rate
"U(0.01,0.1), eps=1e-03",narrow_e3,0.01,0.1,uniform,0.001,brute,qmetrology.algorithms.find_phi_fixed_budget_brute_force,896,{},False,"42,43",,,0,0,0,{},,,,,,0,0,{},{},2024,50000,0.17522
"U(0.01,0.1), eps=1e-03",narrow_e3,0.01,0.1,uniform,0.001,linear,qmetrology.algorithms.find_phi_fixed_budget_linear_search,896,"{""inc"": 5, ""lookback_window"": 1, ""m_exploration"": 1, ""mean_window"": 2, ""safeguard"": 3}",True,"42,43",700,6000,1458,25200,108,"{""42"": 0.18966666666666668, ""43"": 0.19316666666666665}",0.19141666666666668,"{""m_exploration"": 1, ""lookback_window"": 1, ""safeguard"": 3, ""inc"": 8, ""mean_window"": 1}",0.04166666666666763,1,59,1,0,"{""lookback_window"": ""min"", ""m_exploration"": ""min""}","{""inc"": [1, 2, 3, 5, 8], ""lookback_window"": [1, 2, 3, 4, 5, 6, 8, 12, 20], ""mean_window"": [0, 1, 2, 3, 4, 6, 8, 12], ""safeguard"": [0, 1, 2, 3, 4, 6, 8, 12, 16, 24]}",2024,50000,0.1794
"U(0.01,0.1), eps=1e-03",narrow_e3,0.01,0.1,uniform,0.001,binary_deep,qmetrology.algorithms.find_phi_fixed_budget_binary_search_deep,896,"{""conf"": 0.5, ""m_exploration"": 10}",True,"42,43",700,6000,54,130,24,"{""42"": 0.2035, ""43"": 0.19633333333333333}",0.19991666666666666,"{""m_exploration"": 10, ""conf"": 0.52}",0.0,1,59,0,0,"{""conf"": ""min""}","{""conf"": [0.5, 0.52, 0.55, 0.58, 0.62, 0.66, 0.7, 0.75, 0.8, 0.85, 0.9, 0.95, 0.99]}",2024,50000,0.197
"U(0.01,0.1), eps=1e-03",narrow_e3,0.01,0.1,uniform,0.001,reverse_eng_risk,qmetrology.algorithms.find_phi_fixed_budget_reverse_engineering_risk,896,"{""m_exploration"": 10}",True,"42,43",700,6000,18,10,12,"{""42"": 0.188, ""43"": 0.19}",0.189,"{""m_exploration"": 6}",0.3250000000000003,1,59,0,0,{},{},2024,50000,0.18748
"U(0.01,0.1), eps=1e-03",narrow_e3,0.01,0.1,uniform,0.001,brute,qmetrology.algorithms.find_phi_fixed_budget_brute_force,1270,{},False,"42,43",,,0,0,0,{},,,,,,0,0,{},{},2024,50000,0.21122
"U(0.01,0.1), eps=1e-03",narrow_e3,0.01,0.1,uniform,0.001,linear,qmetrology.algorithms.find_phi_fixed_budget_linear_search,1270,"{""inc"": 8, ""lookback_window"": 1, ""m_exploration"": 1, ""mean_window"": 1, ""safeguard"": 0}",True,"42,43",700,6000,1539,14400,108,"{""42"": 0.23733333333333334, ""43"": 0.2365}",0.23691666666666666,"{""m_exploration"": 1, ""lookback_window"": 1, ""safeguard"": 1, ""inc"": 8, ""mean_window"": 1}",0.10000000000000009,1,84,1,0,"{""inc"": ""max"", ""lookback_window"": ""min"", ""m_exploration"": ""min"", ""safeguard"": ""min""}","{""inc"": [1, 2, 3, 5, 8], ""lookback_window"": [1, 2, 3, 4, 5, 6, 8, 12, 20], ""mean_window"": [0, 1, 2, 3, 4, 6, 8, 12], ""safeguard"": [0, 1, 2, 3, 4, 6, 8, 12, 16, 24]}",2024,50000,0.23728
"U(0.01,0.1), eps=1e-03",narrow_e3,0.01,0.1,uniform,0.001,binary_deep,qmetrology.algorithms.find_phi_fixed_budget_binary_search_deep,1270,"{""conf"": 0.5, ""m_exploration"": 16}",True,"42,43",700,6000,57,130,28,"{""42"": 0.24183333333333334, ""43"": 0.23433333333333334}",0.23808333333333334,"{""m_exploration"": 16, ""conf"": 0.52}",0.0,1,84,0,0,"{""conf"": ""min""}","{""conf"": [0.5, 0.52, 0.55, 0.58, 0.62, 0.66, 0.7, 0.75, 0.8, 0.85, 0.9, 0.95, 0.99]}",2024,50000,0.24004
"U(0.01,0.1), eps=1e-03",narrow_e3,0.01,0.1,uniform,0.001,reverse_eng_risk,qmetrology.algorithms.find_phi_fixed_budget_reverse_engineering_risk,1270,"{""m_exploration"": 10}",True,"42,43",700,6000,19,10,9,"{""42"": 0.23266666666666666, ""43"": 0.23416666666666666}",0.23341666666666666,"{""m_exploration"": 7}",0.1250000000000001,1,84,0,0,{},{},2024,50000,0.23564
"U(0.01,0.1), eps=1e-03",narrow_e3,0.01,0.1,uniform,0.001,brute,qmetrology.algorithms.find_phi_fixed_budget_brute_force,1799,{},False,"42,43",,,0,0,0,{},,,,,,0,0,{},{},2024,50000,0.25354
"U(0.01,0.1), eps=1e-03",narrow_e3,0.01,0.1,uniform,0.001,linear,qmetrology.algorithms.find_phi_fixed_budget_linear_search,1799,"{""inc"": 5, ""lookback_window"": 2, ""m_exploration"": 1, ""mean_window"": 1, ""safeguard"": 0}",True,"42,43",700,6000,1620,14400,108,"{""42"": 0.29, ""43"": 0.2843333333333333}",0.2871666666666667,"{""m_exploration"": 1, ""lookback_window"": 2, ""safeguard"": 1, ""inc"": 5, ""mean_window"": 1}",0.2416666666666678,1,119,1,0,"{""m_exploration"": ""min"", ""safeguard"": ""min""}","{""inc"": [1, 2, 3, 5, 8], ""lookback_window"": [1, 2, 3, 4, 5, 6, 8, 12, 20], ""mean_window"": [0, 1, 2, 3, 4, 6, 8, 12], ""safeguard"": [0, 1, 2, 3, 4, 6, 8, 12, 16, 24]}",2024,50000,0.28722
"U(0.01,0.1), eps=1e-03",narrow_e3,0.01,0.1,uniform,0.001,binary_deep,qmetrology.algorithms.find_phi_fixed_budget_binary_search_deep,1799,"{""conf"": 0.5, ""m_exploration"": 22}",True,"42,43",700,6000,60,130,30,"{""42"": 0.3006666666666667, ""43"": 0.2851666666666667}",0.2929166666666667,"{""m_exploration"": 22, ""conf"": 0.5}",0.0,1,119,0,0,"{""conf"": ""min""}","{""conf"": [0.5, 0.52, 0.55, 0.58, 0.62, 0.66, 0.7, 0.75, 0.8, 0.85, 0.9, 0.95, 0.99]}",2024,50000,0.29104
"U(0.01,0.1), eps=1e-03",narrow_e3,0.01,0.1,uniform,0.001,reverse_eng_risk,qmetrology.algorithms.find_phi_fixed_budget_reverse_engineering_risk,1799,"{""m_exploration"": 10}",True,"42,43",700,6000,20,10,15,"{""42"": 0.29, ""43"": 0.28983333333333333}",0.28991666666666666,"{""m_exploration"": 12}",0.1333333333333353,1,119,0,0,{},{},2024,50000,0.29082
"U(0.01,0.1), eps=1e-03",narrow_e3,0.01,0.1,uniform,0.001,brute,qmetrology.algorithms.find_phi_fixed_budget_brute_force,2548,{},False,"42,43",,,0,0,0,{},,,,,,0,0,{},{},2024,50000,0.30406
"U(0.01,0.1), eps=1e-03",narrow_e3,0.01,0.1,uniform,0.001,linear,qmetrology.algorithms.find_phi_fixed_budget_linear_search,2548,"{""inc"": 3, ""lookback_window"": 2, ""m_exploration"": 1, ""mean_window"": 1, ""safeguard"": 0}",True,"42,43",700,6000,1620,14400,162,"{""42"": 0.3485, ""43"": 0.344}",0.34624999999999995,"{""m_exploration"": 1, ""lookback_window"": 2, ""safeguard"": 0, ""inc"": 3, ""mean_window"": 2}",0.01666666666666483,1,169,1,0,"{""m_exploration"": ""min"", ""safeguard"": ""min""}","{""inc"": [1, 2, 3, 5, 8], ""lookback_window"": [1, 2, 3, 4, 5, 6, 8, 12, 20], ""mean_window"": [0, 1, 2, 3, 4, 6, 8, 12], ""safeguard"": [0, 1, 2, 3, 4, 6, 8, 12, 16, 24]}",2024,50000,0.34466
"U(0.01,0.1), eps=1e-03",narrow_e3,0.01,0.1,uniform,0.001,binary_deep,qmetrology.algorithms.find_phi_fixed_budget_binary_search_deep,2548,"{""conf"": 0.5, ""m_exploration"": 26}",True,"42,43",700,6000,60,130,30,"{""42"": 0.36, ""43"": 0.345}",0.3525,"{""m_exploration"": 26, ""conf"": 0.52}",0.0,1,169,0,0,"{""conf"": ""min""}","{""conf"": [0.5, 0.52, 0.55, 0.58, 0.62, 0.66, 0.7, 0.75, 0.8, 0.85, 0.9, 0.95, 0.99]}",2024,50000,0.3532
"U(0.01,0.1), eps=1e-03",narrow_e3,0.01,0.1,uniform,0.001,reverse_eng_risk,qmetrology.algorithms.find_phi_fixed_budget_reverse_engineering_risk,2548,"{""m_exploration"": 21}",True,"42,43",700,6000,20,10,15,"{""42"": 0.35433333333333333, ""43"": 0.3501666666666667}",0.35225,"{""m_exploration"": 23}",0.09166666666666767,1,169,0,0,{},{},2024,50000,0.35488
"U(0.01,0.1), eps=1e-03",narrow_e3,0.01,0.1,uniform,0.001,brute,qmetrology.algorithms.find_phi_fixed_budget_brute_force,3610,{},False,"42,43",,,0,0,0,{},,,,,,0,0,{},{},2024,50000,0.35682
"U(0.01,0.1), eps=1e-03",narrow_e3,0.01,0.1,uniform,0.001,linear,qmetrology.algorithms.find_phi_fixed_budget_linear_search,3610,"{""inc"": 3, ""lookback_window"": 2, ""m_exploration"": 1, ""mean_window"": 1, ""safeguard"": 0}",True,"42,43",700,6000,1701,14400,108,"{""42"": 0.4156666666666667, ""43"": 0.405}",0.4103333333333333,"{""m_exploration"": 1, ""lookback_window"": 2, ""safeguard"": 0, ""inc"": 5, ""mean_window"": 1}",0.03333333333332966,1,240,1,0,"{""m_exploration"": ""min"", ""safeguard"": ""min""}","{""inc"": [1, 2, 3, 5, 8], ""lookback_window"": [1, 2, 3, 4, 5, 6, 8, 12, 20], ""mean_window"": [0, 1, 2, 3, 4, 6, 8, 12], ""safeguard"": [0, 1, 2, 3, 4, 6, 8, 12, 16, 24]}",2024,50000,0.40626
"U(0.01,0.1), eps=1e-03",narrow_e3,0.01,0.1,uniform,0.001,binary_deep,qmetrology.algorithms.find_phi_fixed_budget_binary_search_deep,3610,"{""conf"": 0.5, ""m_exploration"": 37}",True,"42,43",700,6000,63,130,30,"{""42"": 0.4191666666666667, ""43"": 0.42083333333333334}",0.42000000000000004,"{""m_exploration"": 37, ""conf"": 0.5}",0.0,1,240,0,0,"{""conf"": ""min""}","{""conf"": [0.5, 0.52, 0.55, 0.58, 0.62, 0.66, 0.7, 0.75, 0.8, 0.85, 0.9, 0.95, 0.99]}",2024,50000,0.41858
"U(0.01,0.1), eps=1e-03",narrow_e3,0.01,0.1,uniform,0.001,reverse_eng_risk,qmetrology.algorithms.find_phi_fixed_budget_reverse_engineering_risk,3610,"{""m_exploration"": 24}",True,"42,43",700,6000,21,10,15,"{""42"": 0.42333333333333334, ""43"": 0.4201666666666667}",0.42175,"{""m_exploration"": 29}",0.050000000000000044,1,240,0,0,{},{},2024,50000,0.42278
"U(0.01,0.1), eps=1e-03",narrow_e3,0.01,0.1,uniform,0.001,brute,qmetrology.algorithms.find_phi_fixed_budget_brute_force,5114,{},False,"42,43",,,0,0,0,{},,,,,,0,0,{},{},2024,50000,0.41838
"U(0.01,0.1), eps=1e-03",narrow_e3,0.01,0.1,uniform,0.001,linear,qmetrology.algorithms.find_phi_fixed_budget_linear_search,5114,"{""inc"": 2, ""lookback_window"": 4, ""m_exploration"": 1, ""mean_window"": 2, ""safeguard"": 0}",True,"42,43",700,6000,1701,14400,162,"{""42"": 0.4851666666666667, ""43"": 0.491}",0.4880833333333333,"{""m_exploration"": 1, ""lookback_window"": 3, ""safeguard"": 0, ""inc"": 2, ""mean_window"": 1}",0.14999999999999458,1,340,1,0,"{""m_exploration"": ""min"", ""safeguard"": ""min""}","{""inc"": [1, 2, 3, 5, 8], ""lookback_window"": [1, 2, 3, 4, 5, 6, 8, 12, 20], ""mean_window"": [0, 1, 2, 3, 4, 6, 8, 12], ""safeguard"": [0, 1, 2, 3, 4, 6, 8, 12, 16, 24]}",2024,50000,0.48902
"U(0.01,0.1), eps=1e-03",narrow_e3,0.01,0.1,uniform,0.001,binary_deep,qmetrology.algorithms.find_phi_fixed_budget_binary_search_deep,5114,"{""conf"": 0.5, ""m_exploration"": 51}",True,"42,43",700,6000,63,130,30,"{""42"": 0.5023333333333333, ""43"": 0.49116666666666664}",0.49674999999999997,"{""m_exploration"": 51, ""conf"": 0.52}",0.0,1,340,0,0,"{""conf"": ""min""}","{""conf"": [0.5, 0.52, 0.55, 0.58, 0.62, 0.66, 0.7, 0.75, 0.8, 0.85, 0.9, 0.95, 0.99]}",2024,50000,0.49682
"U(0.01,0.1), eps=1e-03",narrow_e3,0.01,0.1,uniform,0.001,reverse_eng_risk,qmetrology.algorithms.find_phi_fixed_budget_reverse_engineering_risk,5114,"{""m_exploration"": 28}",True,"42,43",700,6000,21,10,15,"{""42"": 0.5083333333333333, ""43"": 0.5023333333333333}",0.5053333333333333,"{""m_exploration"": 30}",0.06666666666667043,1,340,0,0,{},{},2024,50000,0.50078
"U(0.01,0.1), eps=1e-03",narrow_e3,0.01,0.1,uniform,0.001,brute,qmetrology.algorithms.find_phi_fixed_budget_brute_force,7244,{},False,"42,43",,,0,0,0,{},,,,,,0,0,{},{},2024,50000,0.48894
"U(0.01,0.1), eps=1e-03",narrow_e3,0.01,0.1,uniform,0.001,linear,qmetrology.algorithms.find_phi_fixed_budget_linear_search,7244,"{""inc"": 2, ""lookback_window"": 4, ""m_exploration"": 1, ""mean_window"": 2, ""safeguard"": 1}",True,"42,43",700,6000,1701,14400,108,"{""42"": 0.5713333333333334, ""43"": 0.5593333333333333}",0.5653333333333334,"{""m_exploration"": 1, ""lookback_window"": 4, ""safeguard"": 0, ""inc"": 2, ""mean_window"": 2}",0.033333333333340764,1,482,1,0,"{""m_exploration"": ""min""}","{""inc"": [1, 2, 3, 5, 8], ""lookback_window"": [1, 2, 3, 4, 5, 6, 8, 12, 20], ""mean_window"": [0, 1, 2, 3, 4, 6, 8, 12], ""safeguard"": [0, 1, 2, 3, 4, 6, 8, 12, 16, 24]}",2024,50000,0.56408
"U(0.01,0.1), eps=1e-03",narrow_e3,0.01,0.1,uniform,0.001,binary_deep,qmetrology.algorithms.find_phi_fixed_budget_binary_search_deep,7244,"{""conf"": 0.5, ""m_exploration"": 76}",True,"42,43",700,6000,63,130,30,"{""42"": 0.5791666666666667, ""43"": 0.5733333333333334}",0.57625,"{""m_exploration"": 76, ""conf"": 0.52}",0.0,1,482,0,0,"{""conf"": ""min""}","{""conf"": [0.5, 0.52, 0.55, 0.58, 0.62, 0.66, 0.7, 0.75, 0.8, 0.85, 0.9, 0.95, 0.99]}",2024,50000,0.57568
"U(0.01,0.1), eps=1e-03",narrow_e3,0.01,0.1,uniform,0.001,reverse_eng_risk,qmetrology.algorithms.find_phi_fixed_budget_reverse_engineering_risk,7244,"{""m_exploration"": 30}",True,"42,43",700,6000,21,10,15,"{""42"": 0.59, ""43"": 0.5836666666666667}",0.5868333333333333,"{""m_exploration"": 37}",0.01666666666666483,1,482,0,0,{},{},2024,50000,0.58122
"U(0.01,0.1), eps=1e-03",narrow_e3,0.01,0.1,uniform,0.001,brute,qmetrology.algorithms.find_phi_fixed_budget_brute_force,10000,{},False,"42,43",,,0,0,0,{},,,,,,0,0,{},{},2024,50000,0.56092
"U(0.01,0.1), eps=1e-03",narrow_e3,0.01,0.1,uniform,0.001,linear,qmetrology.algorithms.find_phi_fixed_budget_linear_search,10000,"{""inc"": 1, ""lookback_window"": 6, ""m_exploration"": 1, ""mean_window"": 4, ""safeguard"": 0}",True,"42,43",700,6000,1782,14400,108,"{""42"": 0.653, ""43"": 0.6443333333333333}",0.6486666666666667,"{""m_exploration"": 1, ""lookback_window"": 5, ""safeguard"": 0, ""inc"": 1, ""mean_window"": 3}",0.1083333333333325,1,666,1,0,"{""inc"": ""min"", ""m_exploration"": ""min"", ""safeguard"": ""min""}","{""inc"": [1, 2, 3, 5, 8], ""lookback_window"": [1, 2, 3, 4, 5, 6, 8, 12, 20], ""mean_window"": [0, 1, 2, 3, 4, 6, 8, 12], ""safeguard"": [0, 1, 2, 3, 4, 6, 8, 12, 16, 24]}",2024,50000,0.641
"U(0.01,0.1), eps=1e-03",narrow_e3,0.01,0.1,uniform,0.001,binary_deep,qmetrology.algorithms.find_phi_fixed_budget_binary_search_deep,10000,"{""conf"": 0.5, ""m_exploration"": 114}",True,"42,43",700,6000,66,130,30,"{""42"": 0.656, ""43"": 0.6491666666666667}",0.6525833333333333,"{""m_exploration"": 114, ""conf"": 0.5}",0.0,1,666,0,0,"{""conf"": ""min""}","{""conf"": [0.5, 0.52, 0.55, 0.58, 0.62, 0.66, 0.7, 0.75, 0.8, 0.85, 0.9, 0.95, 0.99]}",2024,50000,0.6507
"U(0.01,0.1), eps=1e-03",narrow_e3,0.01,0.1,uniform,0.001,reverse_eng_risk,qmetrology.algorithms.find_phi_fixed_budget_reverse_engineering_risk,10000,"{""m_exploration"": 44}",True,"42,43",700,6000,22,10,15,"{""42"": 0.6608333333333334, ""43"": 0.668}",0.6644166666666667,"{""m_exploration"": 54}",0.04166666666667318,1,666,0,0,{},{},2024,50000,0.6621
"U(0.01,0.1), eps=1e-03",narrow_e3,0.01,0.1,uniform,0.001,brute,qmetrology.algorithms.find_phi_fixed_budget_brute_force,10262,{},False,"42,43",,,0,0,0,{},,,,,,0,0,{},{},2024,50000,0.56786
"U(0.01,0.1), eps=1e-03",narrow_e3,0.01,0.1,uniform,0.001,linear,qmetrology.algorithms.find_phi_fixed_budget_linear_search,10262,"{""inc"": 1, ""lookback_window"": 6, ""m_exploration"": 1, ""mean_window"": 4, ""safeguard"": 0}",True,"42,43",700,6000,1782,14400,72,"{""42"": 0.6603333333333333, ""43"": 0.6533333333333333}",0.6568333333333334,"{""m_exploration"": 1, ""lookback_window"": 6, ""safeguard"": 0, ""inc"": 1, ""mean_window"": 2}",0.24166666666667336,1,684,1,0,"{""inc"": ""min"", ""m_exploration"": ""min"", ""safeguard"": ""min""}","{""inc"": [1, 2, 3, 5, 8], ""lookback_window"": [1, 2, 3, 4, 5, 6, 8, 12, 20], ""mean_window"": [0, 1, 2, 3, 4, 6, 8, 12], ""safeguard"": [0, 1, 2, 3, 4, 6, 8, 12, 16, 24]}",2024,50000,0.6484
"U(0.01,0.1), eps=1e-03",narrow_e3,0.01,0.1,uniform,0.001,binary_deep,qmetrology.algorithms.find_phi_fixed_budget_binary_search_deep,10262,"{""conf"": 0.5, ""m_exploration"": 105}",True,"42,43",700,6000,66,130,30,"{""42"": 0.6648333333333334, ""43"": 0.6563333333333333}",0.6605833333333333,"{""m_exploration"": 105, ""conf"": 0.5}",0.0,1,684,0,0,"{""conf"": ""min""}","{""conf"": [0.5, 0.52, 0.55, 0.58, 0.62, 0.66, 0.7, 0.75, 0.8, 0.85, 0.9, 0.95, 0.99]}",2024,50000,0.66042
"U(0.01,0.1), eps=1e-03",narrow_e3,0.01,0.1,uniform,0.001,reverse_eng_risk,qmetrology.algorithms.find_phi_fixed_budget_reverse_engineering_risk,10262,"{""m_exploration"": 37}",True,"42,43",700,6000,22,10,15,"{""42"": 0.6665, ""43"": 0.6733333333333333}",0.6699166666666667,"{""m_exploration"": 41}",0.008333333333343518,1,684,0,0,{},{},2024,50000,0.66582
"U(0.01,0.1), eps=1e-03",narrow_e3,0.01,0.1,uniform,0.001,brute,qmetrology.algorithms.find_phi_fixed_budget_brute_force,14538,{},False,"42,43",,,0,0,0,{},,,,,,0,0,{},{},2024,50000,0.65112
"U(0.01,0.1), eps=1e-03",narrow_e3,0.01,0.1,uniform,0.001,linear,qmetrology.algorithms.find_phi_fixed_budget_linear_search,14538,"{""inc"": 1, ""lookback_window"": 5, ""m_exploration"": 1, ""mean_window"": 3, ""safeguard"": 0}",True,"42,43",700,6000,1782,14400,72,"{""42"": 0.7408333333333333, ""43"": 0.734}",0.7374166666666666,"{""m_exploration"": 1, ""lookback_window"": 6, ""safeguard"": 0, ""inc"": 1, ""mean_window"": 2}",0.008333333333321313,1,969,1,0,"{""inc"": ""min"", ""m_exploration"": ""min"", ""safeguard"": ""min""}","{""inc"": [1, 2, 3, 5, 8], ""lookback_window"": [1, 2, 3, 4, 5, 6, 8, 12, 20], ""mean_window"": [0, 1, 2, 3, 4, 6, 8, 12], ""safeguard"": [0, 1, 2, 3, 4, 6, 8, 12, 16, 24]}",2024,50000,0.73548
"U(0.01,0.1), eps=1e-03",narrow_e3,0.01,0.1,uniform,0.001,binary_deep,qmetrology.algorithms.find_phi_fixed_budget_binary_search_deep,14538,"{""conf"": 0.5, ""m_exploration"": 169}",True,"42,43",700,6000,66,130,30,"{""42"": 0.7458333333333333, ""43"": 0.7445}",0.7451666666666668,"{""m_exploration"": 169, ""conf"": 0.52}",0.0,1,969,0,0,"{""conf"": ""min""}","{""conf"": [0.5, 0.52, 0.55, 0.58, 0.62, 0.66, 0.7, 0.75, 0.8, 0.85, 0.9, 0.95, 0.99]}",2024,50000,0.73962
"U(0.01,0.1), eps=1e-03",narrow_e3,0.01,0.1,uniform,0.001,reverse_eng_risk,qmetrology.algorithms.find_phi_fixed_budget_reverse_engineering_risk,14538,"{""m_exploration"": 55}",True,"42,43",700,6000,22,10,15,"{""42"": 0.7561666666666667, ""43"": 0.76}",0.7580833333333333,"{""m_exploration"": 50}",0.07499999999999174,1,969,0,0,{},{},2024,50000,0.7533
"U(0.01,0.1), eps=1e-03",narrow_e3,0.01,0.1,uniform,0.001,brute,qmetrology.algorithms.find_phi_fixed_budget_brute_force,20594,{},False,"42,43",,,0,0,0,{},,,,,,0,0,{},{},2024,50000,0.73406
"U(0.01,0.1), eps=1e-03",narrow_e3,0.01,0.1,uniform,0.001,linear,qmetrology.algorithms.find_phi_fixed_budget_linear_search,20594,"{""inc"": 1, ""lookback_window"": 6, ""m_exploration"": 1, ""mean_window"": 4, ""safeguard"": 1}",True,"42,43",700,6000,1782,14400,72,"{""42"": 0.8145, ""43"": 0.8135}",0.8140000000000001,"{""m_exploration"": 1, ""lookback_window"": 5, ""safeguard"": 0, ""inc"": 1, ""mean_window"": 2}",0.44166666666667354,1,1372,1,0,"{""inc"": ""min"", ""m_exploration"": ""min""}","{""inc"": [1, 2, 3, 5, 8], ""lookback_window"": [1, 2, 3, 4, 5, 6, 8, 12, 20], ""mean_window"": [0, 1, 2, 3, 4, 6, 8, 12], ""safeguard"": [0, 1, 2, 3, 4, 6, 8, 12, 16, 24]}",2024,50000,0.8063
"U(0.01,0.1), eps=1e-03",narrow_e3,0.01,0.1,uniform,0.001,binary_deep,qmetrology.algorithms.find_phi_fixed_budget_binary_search_deep,20594,"{""conf"": 0.5, ""m_exploration"": 219}",True,"42,43",700,6000,66,130,30,"{""42"": 0.823, ""43"": 0.8201666666666667}",0.8215833333333333,"{""m_exploration"": 219, ""conf"": 0.52}",0.0,1,1372,0,0,"{""conf"": ""min""}","{""conf"": [0.5, 0.52, 0.55, 0.58, 0.62, 0.66, 0.7, 0.75, 0.8, 0.85, 0.9, 0.95, 0.99]}",2024,50000,0.81926
"U(0.01,0.1), eps=1e-03",narrow_e3,0.01,0.1,uniform,0.001,reverse_eng_risk,qmetrology.algorithms.find_phi_fixed_budget_reverse_engineering_risk,20594,"{""m_exploration"": 67}",True,"42,43",700,6000,22,10,15,"{""42"": 0.8341666666666666, ""43"": 0.8381666666666666}",0.8361666666666666,"{""m_exploration"": 60}",0.04999999999999449,1,1372,0,0,{},{},2024,50000,0.83264
"U(0.01,0.1), eps=1e-03",narrow_e3,0.01,0.1,uniform,0.001,brute,qmetrology.algorithms.find_phi_fixed_budget_brute_force,29173,{},False,"42,43",,,0,0,0,{},,,,,,0,0,{},{},2024,50000,0.81476
"U(0.01,0.1), eps=1e-03",narrow_e3,0.01,0.1,uniform,0.001,linear,qmetrology.algorithms.find_phi_fixed_budget_linear_search,29173,"{""inc"": 1, ""lookback_window"": 4, ""m_exploration"": 1, ""mean_window"": 2, ""safeguard"": 0}",True,"42,43",700,6000,1782,14400,72,"{""42"": 0.8786666666666667, ""43"": 0.8723333333333333}",0.8755,"{""m_exploration"": 1, ""lookback_window"": 5, ""safeguard"": 0, ""inc"": 1, ""mean_window"": 2}",0.06666666666665932,1,1944,1,0,"{""inc"": ""min"", ""m_exploration"": ""min"", ""safeguard"": ""min""}","{""inc"": [1, 2, 3, 5, 8], ""lookback_window"": [1, 2, 3, 4, 5, 6, 8, 12, 20], ""mean_window"": [0, 1, 2, 3, 4, 6, 8, 12], ""safeguard"": [0, 1, 2, 3, 4, 6, 8, 12, 16, 24]}",2024,50000,0.87568
"U(0.01,0.1), eps=1e-03",narrow_e3,0.01,0.1,uniform,0.001,binary_deep,qmetrology.algorithms.find_phi_fixed_budget_binary_search_deep,29173,"{""conf"": 0.5, ""m_exploration"": 289}",True,"42,43",700,6000,66,130,30,"{""42"": 0.8895, ""43"": 0.8816666666666667}",0.8855833333333334,"{""m_exploration"": 289, ""conf"": 0.52}",0.0,1,1944,0,0,"{""conf"": ""min""}","{""conf"": [0.5, 0.52, 0.55, 0.58, 0.62, 0.66, 0.7, 0.75, 0.8, 0.85, 0.9, 0.95, 0.99]}",2024,50000,0.8849
"U(0.01,0.1), eps=1e-03",narrow_e3,0.01,0.1,uniform,0.001,reverse_eng_risk,qmetrology.algorithms.find_phi_fixed_budget_reverse_engineering_risk,29173,"{""m_exploration"": 91}",True,"42,43",700,6000,22,10,15,"{""42"": 0.8926666666666667, ""43"": 0.904}",0.8983333333333334,"{""m_exploration"": 136}",0.13333333333334085,1,1944,0,0,{},{},2024,50000,0.8971
"U(0.01,0.1), eps=1e-03",narrow_e3,0.01,0.1,uniform,0.001,brute,qmetrology.algorithms.find_phi_fixed_budget_brute_force,41326,{},False,"42,43",,,0,0,0,{},,,,,,0,0,{},{},2024,50000,0.88306
"U(0.01,0.1), eps=1e-03",narrow_e3,0.01,0.1,uniform,0.001,linear,qmetrology.algorithms.find_phi_fixed_budget_linear_search,41326,"{""inc"": 1, ""lookback_window"": 4, ""m_exploration"": 1, ""mean_window"": 3, ""safeguard"": 1}",True,"42,43",700,6000,1782,14400,108,"{""42"": 0.9271666666666667, ""43"": 0.9166666666666666}",0.9219166666666667,"{""m_exploration"": 1, ""lookback_window"": 5, ""safeguard"": 0, ""inc"": 1, ""mean_window"": 3}",0.02500000000000835,1,2755,1,0,"{""inc"": ""min"", ""m_exploration"": ""min""}","{""inc"": [1, 2, 3, 5, 8], ""lookback_window"": [1, 2, 3, 4, 5, 6, 8, 12, 20], ""mean_window"": [0, 1, 2, 3, 4, 6, 8, 12], ""safeguard"": [0, 1, 2, 3, 4, 6, 8, 12, 16, 24]}",2024,50000,0.91878
"U(0.01,0.1), eps=1e-03",narrow_e3,0.01,0.1,uniform,0.001,binary_deep,qmetrology.algorithms.find_phi_fixed_budget_binary_search_deep,41326,"{""conf"": 0.5, ""m_exploration"": 421}",True,"42,43",700,6000,66,130,30,"{""42"": 0.939, ""43"": 0.9326666666666666}",0.9358333333333333,"{""m_exploration"": 421, ""conf"": 0.5}",0.0,1,2755,0,0,"{""conf"": ""min""}","{""conf"": [0.5, 0.52, 0.55, 0.58, 0.62, 0.66, 0.7, 0.75, 0.8, 0.85, 0.9, 0.95, 0.99]}",2024,50000,0.9343
"U(0.01,0.1), eps=1e-03",narrow_e3,0.01,0.1,uniform,0.001,reverse_eng_risk,qmetrology.algorithms.find_phi_fixed_budget_reverse_engineering_risk,41326,"{""m_exploration"": 160}",True,"42,43",700,6000,22,10,15,"{""42"": 0.9465, ""43"": 0.9433333333333334}",0.9449166666666666,"{""m_exploration"": 108}",0.15000000000000568,1,2755,0,0,{},{},2024,50000,0.94442
"U(0.01,0.1), eps=1e-03",narrow_e3,0.01,0.1,uniform,0.001,brute,qmetrology.algorithms.find_phi_fixed_budget_brute_force,58543,{},False,"42,43",,,0,0,0,{},,,,,,0,0,{},{},2024,50000,0.93874
"U(0.01,0.1), eps=1e-03",narrow_e3,0.01,0.1,uniform,0.001,linear,qmetrology.algorithms.find_phi_fixed_budget_linear_search,58543,"{""inc"": 1, ""lookback_window"": 3, ""m_exploration"": 1, ""mean_window"": 2, ""safeguard"": 0}",True,"42,43",700,6000,1782,14400,108,"{""42"": 0.9586666666666667, ""43"": 0.9603333333333334}",0.9595,"{""m_exploration"": 1, ""lookback_window"": 2, ""safeguard"": 0, ""inc"": 2, ""mean_window"": 1}",0.03333333333332966,1,3902,1,0,"{""inc"": ""min"", ""m_exploration"": ""min"", ""safeguard"": ""min""}","{""inc"": [1, 2, 3, 5, 8], ""lookback_window"": [1, 2, 3, 4, 5, 6, 8, 12, 20], ""mean_window"": [0, 1, 2, 3, 4, 6, 8, 12], ""safeguard"": [0, 1, 2, 3, 4, 6, 8, 12, 16, 24]}",2024,50000,0.96094
"U(0.01,0.1), eps=1e-03",narrow_e3,0.01,0.1,uniform,0.001,binary_deep,qmetrology.algorithms.find_phi_fixed_budget_binary_search_deep,58543,"{""conf"": 0.5, ""m_exploration"": 21}",True,"42,43",700,6000,66,130,30,"{""42"": 0.9565, ""43"": 0.9535}",0.9550000000000001,"{""m_exploration"": 19, ""conf"": 0.5}",0.050000000000005596,1,3902,0,0,"{""conf"": ""min""}","{""conf"": [0.5, 0.52, 0.55, 0.58, 0.62, 0.66, 0.7, 0.75, 0.8, 0.85, 0.9, 0.95, 0.99]}",2024,50000,0.94964
"U(0.01,0.1), eps=1e-03",narrow_e3,0.01,0.1,uniform,0.001,reverse_eng_risk,qmetrology.algorithms.find_phi_fixed_budget_reverse_engineering_risk,58543,"{""m_exploration"": 136}",True,"42,43",700,6000,22,10,15,"{""42"": 0.9761666666666666, ""43"": 0.9736666666666667}",0.9749166666666667,"{""m_exploration"": 167}",0.008333333333332416,1,3902,0,0,{},{},2024,50000,0.97396
"U(0.01,0.1), eps=1e-03",narrow_e3,0.01,0.1,uniform,0.001,brute,qmetrology.algorithms.find_phi_fixed_budget_brute_force,82931,{},False,"42,43",,,0,0,0,{},,,,,,0,0,{},{},2024,50000,0.97478
"U(0.01,0.1), eps=1e-03",narrow_e3,0.01,0.1,uniform,0.001,linear,qmetrology.algorithms.find_phi_fixed_budget_linear_search,82931,"{""inc"": 1, ""lookback_window"": 4, ""m_exploration"": 1, ""mean_window"": 1, ""safeguard"": 0}",True,"42,43",700,6000,1863,14400,72,"{""42"": 0.983, ""43"": 0.9846666666666667}",0.9838333333333333,"{""m_exploration"": 1, ""lookback_window"": 4, ""safeguard"": 0, ""inc"": 1, ""mean_window"": 2}",0.03333333333332966,1,5528,1,0,"{""inc"": ""min"", ""m_exploration"": ""min"", ""safeguard"": ""min""}","{""inc"": [1, 2, 3, 5, 8], ""lookback_window"": [1, 2, 3, 4, 5, 6, 8, 12, 20], ""mean_window"": [0, 1, 2, 3, 4, 6, 8, 12], ""safeguard"": [0, 1, 2, 3, 4, 6, 8, 12, 16, 24]}",2024,50000,0.98262
"U(0.01,0.1), eps=1e-03",narrow_e3,0.01,0.1,uniform,0.001,binary_deep,qmetrology.algorithms.find_phi_fixed_budget_binary_search_deep,82931,"{""conf"": 0.5, ""m_exploration"": 896}",True,"42,43",700,6000,69,130,30,"{""42"": 0.986, ""43"": 0.9865}",0.9862500000000001,"{""m_exploration"": 896, ""conf"": 0.52}",0.0,1,5528,0,0,"{""conf"": ""min""}","{""conf"": [0.5, 0.52, 0.55, 0.58, 0.62, 0.66, 0.7, 0.75, 0.8, 0.85, 0.9, 0.95, 0.99]}",2024,50000,0.98616
"U(0.01,0.1), eps=1e-03",narrow_e3,0.01,0.1,uniform,0.001,reverse_eng_risk,qmetrology.algorithms.find_phi_fixed_budget_reverse_engineering_risk,82931,"{""m_exploration"": 273}",True,"42,43",700,6000,23,10,15,"{""42"": 0.9923333333333333, ""43"": 0.9913333333333333}",0.9918333333333333,"{""m_exploration"": 136}",0.01666666666666483,1,5528,0,0,{},{},2024,50000,0.9908
"U(0.01,0.1), eps=1e-03",narrow_e3,0.01,0.1,uniform,0.001,brute,qmetrology.algorithms.find_phi_fixed_budget_brute_force,117479,{},False,"42,43",,,0,0,0,{},,,,,,0,0,{},{},2024,50000,0.99182
"U(0.01,0.1), eps=1e-03",narrow_e3,0.01,0.1,uniform,0.001,linear,qmetrology.algorithms.find_phi_fixed_budget_linear_search,117479,"{""inc"": 1, ""lookback_window"": 2, ""m_exploration"": 1, ""mean_window"": 1, ""safeguard"": 0}",True,"42,43",700,6000,1863,14400,72,"{""42"": 0.9948333333333333, ""43"": 0.9948333333333333}",0.9948333333333333,"{""m_exploration"": 1, ""lookback_window"": 3, ""safeguard"": 0, ""inc"": 1, ""mean_window"": 1}",0.024999999999997247,1,7831,1,0,"{""inc"": ""min"", ""m_exploration"": ""min"", ""safeguard"": ""min""}","{""inc"": [1, 2, 3, 5, 8], ""lookback_window"": [1, 2, 3, 4, 5, 6, 8, 12, 20], ""mean_window"": [0, 1, 2, 3, 4, 6, 8, 12], ""safeguard"": [0, 1, 2, 3, 4, 6, 8, 12, 16, 24]}",2024,50000,0.99422
"U(0.01,0.1), eps=1e-03",narrow_e3,0.01,0.1,uniform,0.001,binary_deep,qmetrology.algorithms.find_phi_fixed_budget_binary_search_deep,117479,"{""conf"": 0.5, ""m_exploration"": 1557}",True,"42,43",700,6000,69,130,30,"{""42"": 0.9956666666666667, ""43"": 0.9955}",0.9955833333333334,"{""m_exploration"": 1557, ""conf"": 0.5}",0.0,1,7831,0,0,"{""conf"": ""min""}","{""conf"": [0.5, 0.52, 0.55, 0.58, 0.62, 0.66, 0.7, 0.75, 0.8, 0.85, 0.9, 0.95, 0.99]}",2024,50000,0.99508
"U(0.01,0.1), eps=1e-03",narrow_e3,0.01,0.1,uniform,0.001,reverse_eng_risk,qmetrology.algorithms.find_phi_fixed_budget_reverse_engineering_risk,117479,"{""m_exploration"": 244}",True,"42,43",700,6000,23,10,15,"{""42"": 0.9988333333333334, ""43"": 0.9976666666666667}",0.9982500000000001,"{""m_exploration"": 82}",0.008333333333343518,1,7831,0,0,{},{},2024,50000,0.9975
"U(0.01,0.1), eps=1e-03",narrow_e3,0.01,0.1,uniform,0.001,brute,qmetrology.algorithms.find_phi_fixed_budget_brute_force,166419,{},False,"42,43",,,0,0,0,{},,,,,,0,0,{},{},2024,50000,0.99828
"U(0.01,0.1), eps=1e-03",narrow_e3,0.01,0.1,uniform,0.001,linear,qmetrology.algorithms.find_phi_fixed_budget_linear_search,166419,"{""inc"": 1, ""lookback_window"": 1, ""m_exploration"": 7, ""mean_window"": 1, ""safeguard"": 1}",True,"42,43",700,6000,1863,36000,1053,"{""42"": 0.9991666666666666, ""43"": 0.9988333333333334}",0.999,"{""m_exploration"": 10, ""lookback_window"": 1, ""safeguard"": 1, ""inc"": 1, ""mean_window"": 1}",0.008333333333332416,1,11094,0,0,"{""inc"": ""min"", ""lookback_window"": ""min""}","{""inc"": [1, 2, 3, 5, 8], ""lookback_window"": [1, 2, 3, 4, 5, 6, 8, 12, 20], ""mean_window"": [0, 1, 2, 3, 4, 6, 8, 12], ""safeguard"": [0, 1, 2, 3, 4, 6, 8, 12, 16, 24]}",2024,50000,0.99802
"U(0.01,0.1), eps=1e-03",narrow_e3,0.01,0.1,uniform,0.001,binary_deep,qmetrology.algorithms.find_phi_fixed_budget_binary_search_deep,166419,"{""conf"": 0.5, ""m_exploration"": 1703}",True,"42,43",700,6000,69,130,30,"{""42"": 0.9993333333333333, ""43"": 0.9991666666666666}",0.99925,"{""m_exploration"": 1703, ""conf"": 0.52}",0.0,1,11094,0,0,"{""conf"": ""min""}","{""conf"": [0.5, 0.52, 0.55, 0.58, 0.62, 0.66, 0.7, 0.75, 0.8, 0.85, 0.9, 0.95, 0.99]}",2024,50000,0.99934
"U(0.01,0.1), eps=1e-03",narrow_e3,0.01,0.1,uniform,0.001,reverse_eng_risk,qmetrology.algorithms.find_phi_fixed_budget_reverse_engineering_risk,166419,"{""m_exploration"": 25}",True,"42,43",700,6000,23,10,15,"{""42"": 0.9995, ""43"": 0.9993333333333333}",0.9994166666666666,"{""m_exploration"": 14}",0.008333333333321313,1,11094,0,0,{},{},2024,50000,0.99926
"U(0.01,0.1), eps=1e-03",narrow_e3,0.01,0.1,uniform,0.001,brute,qmetrology.algorithms.find_phi_fixed_budget_brute_force,235746,{},False,"42,43",,,0,0,0,{},,,,,,0,0,{},{},2024,50000,0.99998
"U(0.01,0.1), eps=1e-03",narrow_e3,0.01,0.1,uniform,0.001,linear,qmetrology.algorithms.find_phi_fixed_budget_linear_search,235746,"{""inc"": 1, ""lookback_window"": 1, ""m_exploration"": 1, ""mean_window"": 1, ""safeguard"": 1}",True,"42,43",700,6000,1863,36000,144,"{""42"": 1.0, ""43"": 1.0}",1.0,"{""m_exploration"": 1, ""lookback_window"": 2, ""safeguard"": 1, ""inc"": 1, ""mean_window"": 1}",0.0,1,15716,1,0,"{""inc"": ""min"", ""lookback_window"": ""min"", ""m_exploration"": ""min""}","{""inc"": [1, 2, 3, 5, 8], ""lookback_window"": [1, 2, 3, 4, 5, 6, 8, 12, 20], ""mean_window"": [0, 1, 2, 3, 4, 6, 8, 12], ""safeguard"": [0, 1, 2, 3, 4, 6, 8, 12, 16, 24]}",2024,50000,0.99986
"U(0.01,0.1), eps=1e-03",narrow_e3,0.01,0.1,uniform,0.001,binary_deep,qmetrology.algorithms.find_phi_fixed_budget_binary_search_deep,235746,"{""conf"": 0.5, ""m_exploration"": 2508}",True,"42,43",700,6000,69,130,30,"{""42"": 1.0, ""43"": 1.0}",1.0,"{""m_exploration"": 2508, ""conf"": 0.5}",0.0,1,15716,0,0,"{""conf"": ""min""}","{""conf"": [0.5, 0.52, 0.55, 0.58, 0.62, 0.66, 0.7, 0.75, 0.8, 0.85, 0.9, 0.95, 0.99]}",2024,50000,0.99998
"U(0.01,0.1), eps=1e-03",narrow_e3,0.01,0.1,uniform,0.001,reverse_eng_risk,qmetrology.algorithms.find_phi_fixed_budget_reverse_engineering_risk,235746,"{""m_exploration"": 1}",True,"42,43",700,6000,23,4,2,"{""42"": 1.0, ""43"": 1.0}",1.0,"{""m_exploration"": 2}",0.0,1,15716,1,0,"{""m_exploration"": ""min""}",{},2024,50000,0.9999
"U(0.01,0.1), eps=1e-03",narrow_e3,0.01,0.1,uniform,0.001,brute,qmetrology.algorithms.find_phi_fixed_budget_brute_force,333954,{},False,"42,43",,,0,0,0,{},,,,,,0,0,{},{},2024,50000,0.99998
"U(0.01,0.1), eps=1e-03",narrow_e3,0.01,0.1,uniform,0.001,linear,qmetrology.algorithms.find_phi_fixed_budget_linear_search,333954,"{""inc"": 1, ""lookback_window"": 1, ""m_exploration"": 1, ""mean_window"": 1, ""safeguard"": 1}",True,"42,43",700,6000,1863,14400,48,"{""42"": 1.0, ""43"": 1.0}",1.0,"{""m_exploration"": 1, ""lookback_window"": 2, ""safeguard"": 1, ""inc"": 1, ""mean_window"": 1}",0.0,1,22263,1,0,"{""inc"": ""min"", ""lookback_window"": ""min"", ""m_exploration"": ""min""}","{""inc"": [1, 2, 3, 5, 8], ""lookback_window"": [1, 2, 3, 4, 5, 6, 8, 12, 20], ""mean_window"": [0, 1, 2, 3, 4, 6, 8, 12], ""safeguard"": [0, 1, 2, 3, 4, 6, 8, 12, 16, 24]}",2024,50000,1.0
"U(0.01,0.1), eps=1e-03",narrow_e3,0.01,0.1,uniform,0.001,binary_deep,qmetrology.algorithms.find_phi_fixed_budget_binary_search_deep,333954,"{""conf"": 0.5, ""m_exploration"": 32}",True,"42,43",700,6000,69,130,30,"{""42"": 0.9998333333333334, ""43"": 0.9996666666666667}",0.99975,"{""m_exploration"": 44, ""conf"": 0.52}",0.0,1,22263,0,0,"{""conf"": ""min""}","{""conf"": [0.5, 0.52, 0.55, 0.58, 0.62, 0.66, 0.7, 0.75, 0.8, 0.85, 0.9, 0.95, 0.99]}",2024,50000,0.99968
"U(0.01,0.1), eps=1e-03",narrow_e3,0.01,0.1,uniform,0.001,reverse_eng_risk,qmetrology.algorithms.find_phi_fixed_budget_reverse_engineering_risk,333954,"{""m_exploration"": 1}",True,"42,43",700,6000,23,4,2,"{""42"": 1.0, ""43"": 1.0}",1.0,"{""m_exploration"": 2}",0.0,1,22263,1,0,"{""m_exploration"": ""min""}",{},2024,50000,1.0
"U(0.01,0.1), eps=1e-03",narrow_e3,0.01,0.1,uniform,0.001,brute,qmetrology.algorithms.find_phi_fixed_budget_brute_force,473075,{},False,"42,43",,,0,0,0,{},,,,,,0,0,{},{},2024,50000,1.0
"U(0.01,0.1), eps=1e-03",narrow_e3,0.01,0.1,uniform,0.001,linear,qmetrology.algorithms.find_phi_fixed_budget_linear_search,473075,"{""inc"": 1, ""lookback_window"": 1, ""m_exploration"": 1, ""mean_window"": 1, ""safeguard"": 1}",True,"42,43",700,6000,1863,14400,48,"{""42"": 1.0, ""43"": 1.0}",1.0,"{""m_exploration"": 1, ""lookback_window"": 2, ""safeguard"": 1, ""inc"": 1, ""mean_window"": 1}",0.0,1,31538,1,0,"{""inc"": ""min"", ""lookback_window"": ""min"", ""m_exploration"": ""min""}","{""inc"": [1, 2, 3, 5, 8], ""lookback_window"": [1, 2, 3, 4, 5, 6, 8, 12, 20], ""mean_window"": [0, 1, 2, 3, 4, 6, 8, 12], ""safeguard"": [0, 1, 2, 3, 4, 6, 8, 12, 16, 24]}",2024,50000,1.0
"U(0.01,0.1), eps=1e-03",narrow_e3,0.01,0.1,uniform,0.001,binary_deep,qmetrology.algorithms.find_phi_fixed_budget_binary_search_deep,473075,"{""conf"": 0.5, ""m_exploration"": 17}",True,"42,43",700,6000,69,130,26,"{""42"": 1.0, ""43"": 1.0}",1.0,"{""m_exploration"": 17, ""conf"": 0.52}",0.0,1,31538,0,0,"{""conf"": ""min""}","{""conf"": [0.5, 0.52, 0.55, 0.58, 0.62, 0.66, 0.7, 0.75, 0.8, 0.85, 0.9, 0.95, 0.99]}",2024,50000,0.99982
"U(0.01,0.1), eps=1e-03",narrow_e3,0.01,0.1,uniform,0.001,reverse_eng_risk,qmetrology.algorithms.find_phi_fixed_budget_reverse_engineering_risk,473075,"{""m_exploration"": 1}",True,"42,43",700,6000,23,4,2,"{""42"": 1.0, ""43"": 1.0}",1.0,"{""m_exploration"": 2}",0.0,1,31538,1,0,"{""m_exploration"": ""min""}",{},2024,50000,1.0
"U(0.01,0.1), eps=1e-03",narrow_e3,0.01,0.1,uniform,0.001,brute,qmetrology.algorithms.find_phi_fixed_budget_brute_force,670151,{},False,"42,43",,,0,0,0,{},,,,,,0,0,{},{},2024,50000,1.0
"U(0.01,0.1), eps=1e-03",narrow_e3,0.01,0.1,uniform,0.001,linear,qmetrology.algorithms.find_phi_fixed_budget_linear_search,670151,"{""inc"": 1, ""lookback_window"": 1, ""m_exploration"": 1, ""mean_window"": 1, ""safeguard"": 1}",True,"42,43",700,6000,1863,14400,48,"{""42"": 1.0, ""43"": 1.0}",1.0,"{""m_exploration"": 1, ""lookback_window"": 2, ""safeguard"": 1, ""inc"": 1, ""mean_window"": 1}",0.0,1,44676,1,0,"{""inc"": ""min"", ""lookback_window"": ""min"", ""m_exploration"": ""min""}","{""inc"": [1, 2, 3, 5, 8], ""lookback_window"": [1, 2, 3, 4, 5, 6, 8, 12, 20], ""mean_window"": [0, 1, 2, 3, 4, 6, 8, 12], ""safeguard"": [0, 1, 2, 3, 4, 6, 8, 12, 16, 24]}",2024,50000,1.0
"U(0.01,0.1), eps=1e-03",narrow_e3,0.01,0.1,uniform,0.001,binary_deep,qmetrology.algorithms.find_phi_fixed_budget_binary_search_deep,670151,"{""conf"": 0.5, ""m_exploration"": 7}",True,"42,43",700,6000,69,104,14,"{""42"": 1.0, ""43"": 1.0}",1.0,"{""m_exploration"": 8, ""conf"": 0.52}",0.0,1,44676,0,0,"{""conf"": ""min""}","{""conf"": [0.5, 0.52, 0.55, 0.58, 0.62, 0.66, 0.7, 0.75, 0.8, 0.85, 0.9, 0.95, 0.99]}",2024,50000,0.99996
"U(0.01,0.1), eps=1e-03",narrow_e3,0.01,0.1,uniform,0.001,reverse_eng_risk,qmetrology.algorithms.find_phi_fixed_budget_reverse_engineering_risk,670151,"{""m_exploration"": 1}",True,"42,43",700,6000,23,4,2,"{""42"": 1.0, ""43"": 1.0}",1.0,"{""m_exploration"": 2}",0.0,1,44676,1,0,"{""m_exploration"": ""min""}",{},2024,50000,1.0
"U(0.01,0.1), eps=1e-03",narrow_e3,0.01,0.1,uniform,0.001,brute,qmetrology.algorithms.find_phi_fixed_budget_brute_force,949325,{},False,"42,43",,,0,0,0,{},,,,,,0,0,{},{},2024,50000,1.0
"U(0.01,0.1), eps=1e-03",narrow_e3,0.01,0.1,uniform,0.001,linear,qmetrology.algorithms.find_phi_fixed_budget_linear_search,949325,"{""inc"": 1, ""lookback_window"": 1, ""m_exploration"": 1, ""mean_window"": 1, ""safeguard"": 1}",True,"42,43",700,6000,1863,14400,48,"{""42"": 1.0, ""43"": 1.0}",1.0,"{""m_exploration"": 1, ""lookback_window"": 2, ""safeguard"": 1, ""inc"": 1, ""mean_window"": 1}",0.0,1,63288,1,0,"{""inc"": ""min"", ""lookback_window"": ""min"", ""m_exploration"": ""min""}","{""inc"": [1, 2, 3, 5, 8], ""lookback_window"": [1, 2, 3, 4, 5, 6, 8, 12, 20], ""mean_window"": [0, 1, 2, 3, 4, 6, 8, 12], ""safeguard"": [0, 1, 2, 3, 4, 6, 8, 12, 16, 24]}",2024,50000,1.0
"U(0.01,0.1), eps=1e-03",narrow_e3,0.01,0.1,uniform,0.001,binary_deep,qmetrology.algorithms.find_phi_fixed_budget_binary_search_deep,949325,"{""conf"": 0.5, ""m_exploration"": 3}",True,"42,43",700,6000,69,104,12,"{""42"": 1.0, ""43"": 1.0}",1.0,"{""m_exploration"": 4, ""conf"": 0.5}",0.0,1,63288,0,0,"{""conf"": ""min""}","{""conf"": [0.5, 0.52, 0.55, 0.58, 0.62, 0.66, 0.7, 0.75, 0.8, 0.85, 0.9, 0.95, 0.99]}",2024,50000,0.99996
"U(0.01,0.1), eps=1e-03",narrow_e3,0.01,0.1,uniform,0.001,reverse_eng_risk,qmetrology.algorithms.find_phi_fixed_budget_reverse_engineering_risk,949325,"{""m_exploration"": 1}",True,"42,43",700,6000,23,4,2,"{""42"": 1.0, ""43"": 1.0}",1.0,"{""m_exploration"": 2}",0.0,1,63288,1,0,"{""m_exploration"": ""min""}",{},2024,50000,1.0
"U(0.01,0.1), eps=1e-03",narrow_e3,0.01,0.1,uniform,0.001,brute,qmetrology.algorithms.find_phi_fixed_budget_brute_force,1344800,{},False,"42,43",,,0,0,0,{},,,,,,0,0,{},{},2024,50000,1.0
"U(0.01,0.1), eps=1e-03",narrow_e3,0.01,0.1,uniform,0.001,linear,qmetrology.algorithms.find_phi_fixed_budget_linear_search,1344800,"{""inc"": 1, ""lookback_window"": 1, ""m_exploration"": 1, ""mean_window"": 1, ""safeguard"": 1}",True,"42,43",700,6000,1863,14400,48,"{""42"": 1.0, ""43"": 1.0}",1.0,"{""m_exploration"": 1, ""lookback_window"": 2, ""safeguard"": 1, ""inc"": 1, ""mean_window"": 1}",0.0,1,89653,1,0,"{""inc"": ""min"", ""lookback_window"": ""min"", ""m_exploration"": ""min""}","{""inc"": [1, 2, 3, 5, 8], ""lookback_window"": [1, 2, 3, 4, 5, 6, 8, 12, 20], ""mean_window"": [0, 1, 2, 3, 4, 6, 8, 12], ""safeguard"": [0, 1, 2, 3, 4, 6, 8, 12, 16, 24]}",2024,50000,1.0
"U(0.01,0.1), eps=1e-03",narrow_e3,0.01,0.1,uniform,0.001,binary_deep,qmetrology.algorithms.find_phi_fixed_budget_binary_search_deep,1344800,"{""conf"": 0.5, ""m_exploration"": 1}",True,"42,43",700,6000,69,52,4,"{""42"": 1.0, ""43"": 1.0}",1.0,"{""m_exploration"": 1, ""conf"": 0.52}",0.0,1,89653,1,0,"{""conf"": ""min"", ""m_exploration"": ""min""}","{""conf"": [0.5, 0.52, 0.55, 0.58, 0.62, 0.66, 0.7, 0.75, 0.8, 0.85, 0.9, 0.95, 0.99]}",2024,50000,1.0
"U(0.01,0.1), eps=1e-03",narrow_e3,0.01,0.1,uniform,0.001,reverse_eng_risk,qmetrology.algorithms.find_phi_fixed_budget_reverse_engineering_risk,1344800,"{""m_exploration"": 1}",True,"42,43",700,6000,23,4,2,"{""42"": 1.0, ""43"": 1.0}",1.0,"{""m_exploration"": 2}",0.0,1,89653,1,0,"{""m_exploration"": ""min""}",{},2024,50000,1.0
"U(0.01,0.1), eps=1e-04",narrow_e4,0.01,0.1,uniform,0.0001,brute,qmetrology.algorithms.find_phi_fixed_budget_brute_force,89653,{},False,"42,43",,,0,0,0,{},,,,,,0,0,{},{},2024,50000,0.18586
"U(0.01,0.1), eps=1e-04",narrow_e4,0.01,0.1,uniform,0.0001,linear,qmetrology.algorithms.find_phi_fixed_budget_linear_search,89653,"{""inc"": 1, ""lookback_window"": 12, ""m_exploration"": 7, ""mean_window"": 0, ""safeguard"": 4}",True,"42,43",700,6000,1863,25200,396,"{""42"": 0.22666666666666666, ""43"": 0.2255}",0.22608333333333333,"{""m_exploration"": 5, ""lookback_window"": 12, ""safeguard"": 4, ""inc"": 1, ""mean_window"": 0}",0.09999999999999731,1,5976,0,0,"{""inc"": ""min"", ""mean_window"": ""min""}","{""inc"": [1, 2, 3, 5, 8], ""lookback_window"": [1, 2, 3, 4, 5, 6, 8, 12, 20], ""mean_window"": [0, 1, 2, 3, 4, 6, 8, 12], ""safeguard"": [0, 1, 2, 3, 4, 6, 8, 12, 16, 24]}",2024,50000,0.21762
"U(0.01,0.1), eps=1e-04",narrow_e4,0.01,0.1,uniform,0.0001,binary_deep,qmetrology.algorithms.find_phi_fixed_budget_binary_search_deep,89653,"{""conf"": 0.75, ""m_exploration"": 21}",True,"42,43",700,6000,69,130,39,"{""42"": 0.24283333333333335, ""43"": 0.22983333333333333}",0.23633333333333334,"{""m_exploration"": 24, ""conf"": 0.75}",0.008333333333332416,1,5976,0,0,{},"{""conf"": [0.5, 0.52, 0.55, 0.58, 0.62, 0.66, 0.7, 0.75, 0.8, 0.85, 0.9, 0.95, 0.99]}",2024,50000,0.22642
"U(0.01,0.1), eps=1e-04",narrow_e4,0.01,0.1,uniform,0.0001,reverse_eng_risk,qmetrology.algorithms.find_phi_fixed_budget_reverse_engineering_risk,89653,"{""m_exploration"": 268}",True,"42,43",700,6000,23,10,15,"{""42"": 0.2575, ""43"": 0.2638333333333333}",0.26066666666666666,"{""m_exploration"": 219}",0.3916666666666624,1,5976,0,0,{},{},2024,50000,0.25482
"U(0.01,0.1), eps=1e-04",narrow_e4,0.01,0.1,uniform,0.0001,brute,qmetrology.algorithms.find_phi_fixed_budget_brute_force,127001,{},False,"42,43",,,0,0,0,{},,,,,,0,0,{},{},2024,50000,0.22064
"U(0.01,0.1), eps=1e-04",narrow_e4,0.01,0.1,uniform,0.0001,linear,qmetrology.algorithms.find_phi_fixed_budget_linear_search,127001,"{""inc"": 1, ""lookback_window"": 5, ""m_exploration"": 6, ""mean_window"": 3, ""safeguard"": 2}",True,"42,43",700,6000,1863,28800,1053,"{""42"": 0.284, ""43"": 0.2781666666666667}",0.28108333333333335,"{""m_exploration"": 7, ""lookback_window"": 5, ""safeguard"": 2, ""inc"": 1, ""mean_window"": 3}",0.09166666666666767,1,8466,0,0,"{""inc"": ""min""}","{""inc"": [1, 2, 3, 5, 8], ""lookback_window"": [1, 2, 3, 4, 5, 6, 8, 12, 20], ""mean_window"": [0, 1, 2, 3, 4, 6, 8, 12], ""safeguard"": [0, 1, 2, 3, 4, 6, 8, 12, 16, 24]}",2024,50000,0.27228
"U(0.01,0.1), eps=1e-04",narrow_e4,0.01,0.1,uniform,0.0001,binary_deep,qmetrology.algorithms.find_phi_fixed_budget_binary_search_deep,127001,"{""conf"": 0.7, ""m_exploration"": 30}",True,"42,43",700,6000,69,130,45,"{""42"": 0.2821666666666667, ""43"": 0.2816666666666667}",0.2819166666666667,"{""m_exploration"": 30, ""conf"": 0.66}",0.5000000000000004,1,8466,0,0,{},"{""conf"": [0.5, 0.52, 0.55, 0.58, 0.62, 0.66, 0.7, 0.75, 0.8, 0.85, 0.9, 0.95, 0.99]}",2024,50000,0.27616
"U(0.01,0.1), eps=1e-04",narrow_e4,0.01,0.1,uniform,0.0001,reverse_eng_risk,qmetrology.algorithms.find_phi_fixed_budget_reverse_engineering_risk,127001,"{""m_exploration"": 344}",True,"42,43",700,6000,23,10,15,"{""42"": 0.30533333333333335, ""43"": 0.31166666666666665}",0.3085,"{""m_exploration"": 565}",0.01666666666666483,1,8466,0,0,{},{},2024,50000,0.30524
"U(0.01,0.1), eps=1e-04",narrow_e4,0.01,0.1,uniform,0.0001,brute,qmetrology.algorithms.find_phi_fixed_budget_brute_force,179908,{},False,"42,43",,,0,0,0,{},,,,,,0,0,{},{},2024,50000,0.2587
"U(0.01,0.1), eps=1e-04",narrow_e4,0.01,0.1,uniform,0.0001,linear,qmetrology.algorithms.find_phi_fixed_budget_linear_search,179908,"{""inc"": 1, ""lookback_window"": 8, ""m_exploration"": 2, ""mean_window"": 4, ""safeguard"": 2}",True,"42,43",700,6000,1863,36000,216,"{""42"": 0.32666666666666666, ""43"": 0.3406666666666667}",0.33366666666666667,"{""m_exploration"": 1, ""lookback_window"": 8, ""safeguard"": 1, ""inc"": 1, ""mean_window"": 4}",0.15833333333333255,1,11993,0,0,"{""inc"": ""min""}","{""inc"": [1, 2, 3, 5, 8], ""lookback_window"": [1, 2, 3, 4, 5, 6, 8, 12, 20], ""mean_window"": [0, 1, 2, 3, 4, 6, 8, 12], ""safeguard"": [0, 1, 2, 3, 4, 6, 8, 12, 16, 24]}",2024,50000,0.33018
"U(0.01,0.1), eps=1e-04",narrow_e4,0.01,0.1,uniform,0.0001,binary_deep,qmetrology.algorithms.find_phi_fixed_budget_binary_search_deep,179908,"{""conf"": 0.75, ""m_exploration"": 34}",True,"42,43",700,6000,69,130,45,"{""42"": 0.33766666666666667, ""43"": 0.3348333333333333}",0.33625,"{""m_exploration"": 37, ""conf"": 0.75}",0.008333333333332416,1,11993,0,0,{},"{""conf"": [0.5, 0.52, 0.55, 0.58, 0.62, 0.66, 0.7, 0.75, 0.8, 0.85, 0.9, 0.95, 0.99]}",2024,50000,0.32496
"U(0.01,0.1), eps=1e-04",narrow_e4,0.01,0.1,uniform,0.0001,reverse_eng_risk,qmetrology.algorithms.find_phi_fixed_budget_reverse_engineering_risk,179908,"{""m_exploration"": 469}",True,"42,43",700,6000,23,10,15,"{""42"": 0.3645, ""43"": 0.36516666666666664}",0.36483333333333334,"{""m_exploration"": 518}",0.08333333333333526,1,11993,0,0,{},{},2024,50000,0.36024
"U(0.01,0.1), eps=1e-04",narrow_e4,0.01,0.1,uniform,0.0001,brute,qmetrology.algorithms.find_phi_fixed_budget_brute_force,254855,{},False,"42,43",,,0,0,0,{},,,,,,0,0,{},{},2024,50000,0.3059
"U(0.01,0.1), eps=1e-04",narrow_e4,0.01,0.1,uniform,0.0001,linear,qmetrology.algorithms.find_phi_fixed_budget_linear_search,254855,"{""inc"": 1, ""lookback_window"": 8, ""m_exploration"": 6, ""mean_window"": 6, ""safeguard"": 4}",True,"42,43",700,6000,1863,32400,648,"{""42"": 0.4048333333333333, ""43"": 0.3825}",0.39366666666666666,"{""m_exploration"": 5, ""lookback_window"": 8, ""safeguard"": 4, ""inc"": 1, ""mean_window"": 6}",0.05833333333333246,1,16990,0,0,"{""inc"": ""min""}","{""inc"": [1, 2, 3, 5, 8], ""lookback_window"": [1, 2, 3, 4, 5, 6, 8, 12, 20], ""mean_window"": [0, 1, 2, 3, 4, 6, 8, 12], ""safeguard"": [0, 1, 2, 3, 4, 6, 8, 12, 16, 24]}",2024,50000,0.38728
"U(0.01,0.1), eps=1e-04",narrow_e4,0.01,0.1,uniform,0.0001,binary_deep,qmetrology.algorithms.find_phi_fixed_budget_binary_search_deep,254855,"{""conf"": 0.8, ""m_exploration"": 39}",True,"42,43",700,6000,69,130,45,"{""42"": 0.39966666666666667, ""43"": 0.3933333333333333}",0.39649999999999996,"{""m_exploration"": 35, ""conf"": 0.8}",0.1083333333333325,1,16990,0,0,{},"{""conf"": [0.5, 0.52, 0.55, 0.58, 0.62, 0.66, 0.7, 0.75, 0.8, 0.85, 0.9, 0.95, 0.99]}",2024,50000,0.38704
"U(0.01,0.1), eps=1e-04",narrow_e4,0.01,0.1,uniform,0.0001,reverse_eng_risk,qmetrology.algorithms.find_phi_fixed_budget_reverse_engineering_risk,254855,"{""m_exploration"": 467}",True,"42,43",700,6000,23,10,15,"{""42"": 0.4246666666666667, ""43"": 0.42933333333333334}",0.42700000000000005,"{""m_exploration"": 569}",0.05833333333333801,1,16990,0,0,{},{},2024,50000,0.425
"U(0.01,0.1), eps=1e-04",narrow_e4,0.01,0.1,uniform,0.0001,brute,qmetrology.algorithms.find_phi_fixed_budget_brute_force,361024,{},False,"42,43",,,0,0,0,{},,,,,,0,0,{},{},2024,50000,0.35926
"U(0.01,0.1), eps=1e-04",narrow_e4,0.01,0.1,uniform,0.0001,linear,qmetrology.algorithms.find_phi_fixed_budget_linear_search,361024,"{""inc"": 1, ""lookback_window"": 6, ""m_exploration"": 1, ""mean_window"": 3, ""safeguard"": 0}",True,"42,43",700,6000,1863,14400,144,"{""42"": 0.4533333333333333, ""43"": 0.4495}",0.4514166666666667,"{""m_exploration"": 1, ""lookback_window"": 8, ""safeguard"": 0, ""inc"": 1, ""mean_window"": 4}",0.2083333333333326,1,24068,1,0,"{""inc"": ""min"", ""m_exploration"": ""min"", ""safeguard"": ""min""}","{""inc"": [1, 2, 3, 5, 8], ""lookback_window"": [1, 2, 3, 4, 5, 6, 8, 12, 20], ""mean_window"": [0, 1, 2, 3, 4, 6, 8, 12], ""safeguard"": [0, 1, 2, 3, 4, 6, 8, 12, 16, 24]}",2024,50000,0.44538
"U(0.01,0.1), eps=1e-04",narrow_e4,0.01,0.1,uniform,0.0001,binary_deep,qmetrology.algorithms.find_phi_fixed_budget_binary_search_deep,361024,"{""conf"": 0.7, ""m_exploration"": 70}",True,"42,43",700,6000,69,130,45,"{""42"": 0.4706666666666667, ""43"": 0.46216666666666667}",0.4664166666666667,"{""m_exploration"": 47, ""conf"": 0.7}",0.12500000000000844,1,24068,0,0,{},"{""conf"": [0.5, 0.52, 0.55, 0.58, 0.62, 0.66, 0.7, 0.75, 0.8, 0.85, 0.9, 0.95, 0.99]}",2024,50000,0.4622
"U(0.01,0.1), eps=1e-04",narrow_e4,0.01,0.1,uniform,0.0001,reverse_eng_risk,qmetrology.algorithms.find_phi_fixed_budget_reverse_engineering_risk,361024,"{""m_exploration"": 517}",True,"42,43",700,6000,23,10,15,"{""42"": 0.49716666666666665, ""43"": 0.496}",0.4965833333333333,"{""m_exploration"": 696}",0.025000000000002798,1,24068,0,0,{},{},2024,50000,0.49114
"U(0.01,0.1), eps=1e-04",narrow_e4,0.01,0.1,uniform,0.0001,brute,qmetrology.algorithms.find_phi_fixed_budget_brute_force,511421,{},False,"42,43",,,0,0,0,{},,,,,,0,0,{},{},2024,50000,0.42152
"U(0.01,0.1), eps=1e-04",narrow_e4,0.01,0.1,uniform,0.0001,linear,qmetrology.algorithms.find_phi_fixed_budget_linear_search,511421,"{""inc"": 1, ""lookback_window"": 6, ""m_exploration"": 5, ""mean_window"": 4, ""safeguard"": 3}",True,"42,43",700,6000,1863,14400,378,"{""42"": 0.53, ""43"": 0.519}",0.5245,"{""m_exploration"": 4, ""lookback_window"": 6, ""safeguard"": 3, ""inc"": 1, ""mean_window"": 4}",0.17499999999999183,1,34094,0,0,"{""inc"": ""min""}","{""inc"": [1, 2, 3, 5, 8], ""lookback_window"": [1, 2, 3, 4, 5, 6, 8, 12, 20], ""mean_window"": [0, 1, 2, 3, 4, 6, 8, 12], ""safeguard"": [0, 1, 2, 3, 4, 6, 8, 12, 16, 24]}",2024,50000,0.52256
"U(0.01,0.1), eps=1e-04",narrow_e4,0.01,0.1,uniform,0.0001,binary_deep,qmetrology.algorithms.find_phi_fixed_budget_binary_search_deep,511421,"{""conf"": 0.7, ""m_exploration"": 71}",True,"42,43",700,6000,69,130,45,"{""42"": 0.5436666666666666, ""43"": 0.5423333333333333}",0.5429999999999999,"{""m_exploration"": 71, ""conf"": 0.75}",0.08333333333332416,1,34094,0,0,{},"{""conf"": [0.5, 0.52, 0.55, 0.58, 0.62, 0.66, 0.7, 0.75, 0.8, 0.85, 0.9, 0.95, 0.99]}",2024,50000,0.5374
"U(0.01,0.1), eps=1e-04",narrow_e4,0.01,0.1,uniform,0.0001,reverse_eng_risk,qmetrology.algorithms.find_phi_fixed_budget_reverse_engineering_risk,511421,"{""m_exploration"": 574}",True,"42,43",700,6000,23,10,15,"{""42"": 0.5723333333333334, ""43"": 0.5626666666666666}",0.5675,"{""m_exploration"": 634}",0.033333333333340764,1,34094,0,0,{},{},2024,50000,0.56596
"U(0.01,0.1), eps=1e-04",narrow_e4,0.01,0.1,uniform,0.0001,brute,qmetrology.algorithms.find_phi_fixed_budget_brute_force,724471,{},False,"42,43",,,0,0,0,{},,,,,,0,0,{},{},2024,50000,0.4918
"U(0.01,0.1), eps=1e-04",narrow_e4,0.01,0.1,uniform,0.0001,linear,qmetrology.algorithms.find_phi_fixed_budget_linear_search,724471,"{""inc"": 1, ""lookback_window"": 12, ""m_exploration"": 34, ""mean_window"": 0, ""safeguard"": 2}",True,"42,43",700,6000,1863,36000,540,"{""42"": 0.6166666666666667, ""43"": 0.6181666666666666}",0.6174166666666667,"{""m_exploration"": 31, ""lookback_window"": 12, ""safeguard"": 2, ""inc"": 1, ""mean_window"": 0}",0.24166666666667336,1,48298,0,0,"{""inc"": ""min"", ""mean_window"": ""min""}","{""inc"": [1, 2, 3, 5, 8], ""lookback_window"": [1, 2, 3, 4, 5, 6, 8, 12, 20], ""mean_window"": [0, 1, 2, 3, 4, 6, 8, 12], ""safeguard"": [0, 1, 2, 3, 4, 6, 8, 12, 16, 24]}",2024,50000,0.60912
"U(0.01,0.1), eps=1e-04",narrow_e4,0.01,0.1,uniform,0.0001,binary_deep,qmetrology.algorithms.find_phi_fixed_budget_binary_search_deep,724471,"{""conf"": 0.62, ""m_exploration"": 183}",True,"42,43",700,6000,69,130,45,"{""42"": 0.6138333333333333, ""43"": 0.6153333333333333}",0.6145833333333333,"{""m_exploration"": 223, ""conf"": 0.7}",0.024999999999986144,1,48298,0,0,{},"{""conf"": [0.5, 0.52, 0.55, 0.58, 0.62, 0.66, 0.7, 0.75, 0.8, 0.85, 0.9, 0.95, 0.99]}",2024,50000,0.6165
"U(0.01,0.1), eps=1e-04",narrow_e4,0.01,0.1,uniform,0.0001,reverse_eng_risk,qmetrology.algorithms.find_phi_fixed_budget_reverse_engineering_risk,724471,"{""m_exploration"": 388}",True,"42,43",700,6000,23,10,15,"{""42"": 0.6395, ""43"": 0.6471666666666667}",0.6433333333333333,"{""m_exploration"": 429}",0.01666666666666483,1,48298,0,0,{},{},2024,50000,0.64046
"U(0.01,0.1), eps=1e-04",narrow_e4,0.01,0.1,uniform,0.0001,brute,qmetrology.algorithms.find_phi_fixed_budget_brute_force,1026274,{},False,"42,43",,,0,0,0,{},,,,,,0,0,{},{},2024,50000,0.56806
"U(0.01,0.1), eps=1e-04",narrow_e4,0.01,0.1,uniform,0.0001,linear,qmetrology.algorithms.find_phi_fixed_budget_linear_search,1026274,"{""inc"": 1, ""lookback_window"": 8, ""m_exploration"": 68, ""mean_window"": 0, ""safeguard"": 1}",True,"42,43",700,6000,1863,36000,810,"{""42"": 0.7051666666666667, ""43"": 0.6953333333333334}",0.70025,"{""m_exploration"": 38, ""lookback_window"": 12, ""safeguard"": 2, ""inc"": 1, ""mean_window"": 0}",0.3666666666666707,1,68418,0,0,"{""inc"": ""min"", ""mean_window"": ""min""}","{""inc"": [1, 2, 3, 5, 8], ""lookback_window"": [1, 2, 3, 4, 5, 6, 8, 12, 20], ""mean_window"": [0, 1, 2, 3, 4, 6, 8, 12], ""safeguard"": [0, 1, 2, 3, 4, 6, 8, 12, 16, 24]}",2024,50000,0.69114
"U(0.01,0.1), eps=1e-04",narrow_e4,0.01,0.1,uniform,0.0001,binary_deep,qmetrology.algorithms.find_phi_fixed_budget_binary_search_deep,1026274,"{""conf"": 0.7, ""m_exploration"": 238}",True,"42,43",700,6000,69,130,45,"{""42"": 0.7008333333333333, ""43"": 0.7068333333333333}",0.7038333333333333,"{""m_exploration"": 216, ""conf"": 0.7}",0.008333333333332416,1,68418,0,0,{},"{""conf"": [0.5, 0.52, 0.55, 0.58, 0.62, 0.66, 0.7, 0.75, 0.8, 0.85, 0.9, 0.95, 0.99]}",2024,50000,0.69746
"U(0.01,0.1), eps=1e-04",narrow_e4,0.01,0.1,uniform,0.0001,reverse_eng_risk,qmetrology.algorithms.find_phi_fixed_budget_reverse_engineering_risk,1026274,"{""m_exploration"": 2308}",True,"42,43",700,6000,23,10,15,"{""42"": 0.7271666666666666, ""43"": 0.7205}",0.7238333333333333,"{""m_exploration"": 2091}",0.07500000000000284,1,68418,0,0,{},{},2024,50000,0.72498
"U(0.01,0.1), eps=1e-04",narrow_e4,0.01,0.1,uniform,0.0001,brute,qmetrology.algorithms.find_phi_fixed_budget_brute_force,1453804,{},False,"42,43",,,0,0,0,{},,,,,,0,0,{},{},2024,50000,0.65152
"U(0.01,0.1), eps=1e-04",narrow_e4,0.01,0.1,uniform,0.0001,linear,qmetrology.algorithms.find_phi_fixed_budget_linear_search,1453804,"{""inc"": 1, ""lookback_window"": 12, ""m_exploration"": 67, ""mean_window"": 0, ""safeguard"": 2}",True,"42,43",700,6000,1863,36000,540,"{""42"": 0.7798333333333334, ""43"": 0.7796666666666666}",0.7797499999999999,"{""m_exploration"": 67, ""lookback_window"": 12, ""safeguard"": 1, ""inc"": 1, ""mean_window"": 0}",0.04999999999999449,1,96920,0,0,"{""inc"": ""min"", ""mean_window"": ""min""}","{""inc"": [1, 2, 3, 5, 8], ""lookback_window"": [1, 2, 3, 4, 5, 6, 8, 12, 20], ""mean_window"": [0, 1, 2, 3, 4, 6, 8, 12], ""safeguard"": [0, 1, 2, 3, 4, 6, 8, 12, 16, 24]}",2024,50000,0.772
"U(0.01,0.1), eps=1e-04",narrow_e4,0.01,0.1,uniform,0.0001,binary_deep,qmetrology.algorithms.find_phi_fixed_budget_binary_search_deep,1453804,"{""conf"": 0.8, ""m_exploration"": 228}",True,"42,43",700,6000,69,130,45,"{""42"": 0.7845, ""43"": 0.7818333333333334}",0.7831666666666667,"{""m_exploration"": 187, ""conf"": 0.8}",0.04166666666666208,1,96920,0,0,{},"{""conf"": [0.5, 0.52, 0.55, 0.58, 0.62, 0.66, 0.7, 0.75, 0.8, 0.85, 0.9, 0.95, 0.99]}",2024,50000,0.77406
"U(0.01,0.1), eps=1e-04",narrow_e4,0.01,0.1,uniform,0.0001,reverse_eng_risk,qmetrology.algorithms.find_phi_fixed_budget_reverse_engineering_risk,1453804,"{""m_exploration"": 4658}",True,"42,43",700,6000,23,10,15,"{""42"": 0.7955, ""43"": 0.7955}",0.7955,"{""m_exploration"": 5143}",0.18333333333333535,1,96920,0,0,{},{},2024,50000,0.7968
"U(0.01,0.1), eps=1e-04",narrow_e4,0.01,0.1,uniform,0.0001,brute,qmetrology.algorithms.find_phi_fixed_budget_brute_force,2059436,{},False,"42,43",,,0,0,0,{},,,,,,0,0,{},{},2024,50000,0.73414
"U(0.01,0.1), eps=1e-04",narrow_e4,0.01,0.1,uniform,0.0001,linear,qmetrology.algorithms.find_phi_fixed_budget_linear_search,2059436,"{""inc"": 1, ""lookback_window"": 8, ""m_exploration"": 113, ""mean_window"": 0, ""safeguard"": 1}",True,"42,43",700,6000,1863,36000,540,"{""42"": 0.8461666666666666, ""43"": 0.8526666666666667}",0.8494166666666667,"{""m_exploration"": 68, ""lookback_window"": 8, ""safeguard"": 1, ""inc"": 1, ""mean_window"": 0}",0.06666666666667043,1,137295,0,0,"{""inc"": ""min"", ""mean_window"": ""min""}","{""inc"": [1, 2, 3, 5, 8], ""lookback_window"": [1, 2, 3, 4, 5, 6, 8, 12, 20], ""mean_window"": [0, 1, 2, 3, 4, 6, 8, 12], ""safeguard"": [0, 1, 2, 3, 4, 6, 8, 12, 16, 24]}",2024,50000,0.84472
"U(0.01,0.1), eps=1e-04",narrow_e4,0.01,0.1,uniform,0.0001,binary_deep,qmetrology.algorithms.find_phi_fixed_budget_binary_search_deep,2059436,"{""conf"": 0.7, ""m_exploration"": 180}",True,"42,43",700,6000,69,130,45,"{""42"": 0.8535, ""43"": 0.8525}",0.853,"{""m_exploration"": 242, ""conf"": 0.66}",0.024999999999997247,1,137295,0,0,{},"{""conf"": [0.5, 0.52, 0.55, 0.58, 0.62, 0.66, 0.7, 0.75, 0.8, 0.85, 0.9, 0.95, 0.99]}",2024,50000,0.84442
"U(0.01,0.1), eps=1e-04",narrow_e4,0.01,0.1,uniform,0.0001,reverse_eng_risk,qmetrology.algorithms.find_phi_fixed_budget_reverse_engineering_risk,2059436,"{""m_exploration"": 4495}",True,"42,43",700,6000,23,10,15,"{""42"": 0.8653333333333333, ""43"": 0.8643333333333333}",0.8648333333333333,"{""m_exploration"": 5480}",0.17499999999999183,1,137295,0,0,{},{},2024,50000,0.86396
"U(0.01,0.1), eps=1e-04",narrow_e4,0.01,0.1,uniform,0.0001,brute,qmetrology.algorithms.find_phi_fixed_budget_brute_force,2917365,{},False,"42,43",,,0,0,0,{},,,,,,0,0,{},{},2024,50000,0.81682
"U(0.01,0.1), eps=1e-04",narrow_e4,0.01,0.1,uniform,0.0001,linear,qmetrology.algorithms.find_phi_fixed_budget_linear_search,2917365,"{""inc"": 1, ""lookback_window"": 8, ""m_exploration"": 176, ""mean_window"": 0, ""safeguard"": 1}",True,"42,43",700,6000,1863,36000,540,"{""42"": 0.9058333333333334, ""43"": 0.9116666666666666}",0.90875,"{""m_exploration"": 159, ""lookback_window"": 8, ""safeguard"": 1, ""inc"": 1, ""mean_window"": 0}",0.3249999999999975,1,194491,0,0,"{""inc"": ""min"", ""mean_window"": ""min""}","{""inc"": [1, 2, 3, 5, 8], ""lookback_window"": [1, 2, 3, 4, 5, 6, 8, 12, 20], ""mean_window"": [0, 1, 2, 3, 4, 6, 8, 12], ""safeguard"": [0, 1, 2, 3, 4, 6, 8, 12, 16, 24]}",2024,50000,0.90056
"U(0.01,0.1), eps=1e-04",narrow_e4,0.01,0.1,uniform,0.0001,binary_deep,qmetrology.algorithms.find_phi_fixed_budget_binary_search_deep,2917365,"{""conf"": 0.66, ""m_exploration"": 334}",True,"42,43",700,6000,69,130,45,"{""42"": 0.91, ""43"": 0.9103333333333333}",0.9101666666666667,"{""m_exploration"": 334, ""conf"": 0.7}",0.05833333333332691,1,194491,0,0,{},"{""conf"": [0.5, 0.52, 0.55, 0.58, 0.62, 0.66, 0.7, 0.75, 0.8, 0.85, 0.9, 0.95, 0.99]}",2024,50000,0.90508
"U(0.01,0.1), eps=1e-04",narrow_e4,0.01,0.1,uniform,0.0001,reverse_eng_risk,qmetrology.algorithms.find_phi_fixed_budget_reverse_engineering_risk,2917365,"{""m_exploration"": 1286}",True,"42,43",700,6000,23,10,15,"{""42"": 0.9198333333333333, ""43"": 0.9223333333333333}",0.9210833333333333,"{""m_exploration"": 1420}",0.01666666666666483,1,194491,0,0,{},{},2024,50000,0.91802
"U(0.01,0.1), eps=1e-04",narrow_e4,0.01,0.1,uniform,0.0001,brute,qmetrology.algorithms.find_phi_fixed_budget_brute_force,4132694,{},False,"42,43",,,0,0,0,{},,,,,,0,0,{},{},2024,50000,0.8857
"U(0.01,0.1), eps=1e-04",narrow_e4,0.01,0.1,uniform,0.0001,linear,qmetrology.algorithms.find_phi_fixed_budget_linear_search,4132694,"{""inc"": 1, ""lookback_window"": 8, ""m_exploration"": 231, ""mean_window"": 0, ""safeguard"": 1}",True,"42,43",700,6000,1863,36000,540,"{""42"": 0.951, ""43"": 0.9483333333333334}",0.9496666666666667,"{""m_exploration"": 311, ""lookback_window"": 8, ""safeguard"": 1, ""inc"": 1, ""mean_window"": 0}",0.04166666666667318,1,275512,0,0,"{""inc"": ""min"", ""mean_window"": ""min""}","{""inc"": [1, 2, 3, 5, 8], ""lookback_window"": [1, 2, 3, 4, 5, 6, 8, 12, 20], ""mean_window"": [0, 1, 2, 3, 4, 6, 8, 12], ""safeguard"": [0, 1, 2, 3, 4, 6, 8, 12, 16, 24]}",2024,50000,0.9458
"U(0.01,0.1), eps=1e-04",narrow_e4,0.01,0.1,uniform,0.0001,binary_deep,qmetrology.algorithms.find_phi_fixed_budget_binary_search_deep,4132694,"{""conf"": 0.5, ""m_exploration"": 430}",True,"42,43",700,6000,69,130,30,"{""42"": 0.9526666666666667, ""43"": 0.9541666666666667}",0.9534166666666667,"{""m_exploration"": 430, ""conf"": 0.52}",0.024999999999997247,1,275512,0,0,"{""conf"": ""min""}","{""conf"": [0.5, 0.52, 0.55, 0.58, 0.62, 0.66, 0.7, 0.75, 0.8, 0.85, 0.9, 0.95, 0.99]}",2024,50000,0.94744
"U(0.01,0.1), eps=1e-04",narrow_e4,0.01,0.1,uniform,0.0001,reverse_eng_risk,qmetrology.algorithms.find_phi_fixed_budget_reverse_engineering_risk,4132694,"{""m_exploration"": 341}",True,"42,43",700,6000,23,10,15,"{""42"": 0.9545, ""43"": 0.959}",0.95675,"{""m_exploration"": 377}",0.01666666666666483,1,275512,0,0,{},{},2024,50000,0.95248
"U(0.01,0.1), eps=1e-04",narrow_e4,0.01,0.1,uniform,0.0001,brute,qmetrology.algorithms.find_phi_fixed_budget_brute_force,5854310,{},False,"42,43",,,0,0,0,{},,,,,,0,0,{},{},2024,50000,0.94006
"U(0.01,0.1), eps=1e-04",narrow_e4,0.01,0.1,uniform,0.0001,linear,qmetrology.algorithms.find_phi_fixed_budget_linear_search,5854310,"{""inc"": 1, ""lookback_window"": 6, ""m_exploration"": 196, ""mean_window"": 0, ""safeguard"": 1}",True,"42,43",700,6000,1863,36000,540,"{""42"": 0.9766666666666667, ""43"": 0.9766666666666667}",0.9766666666666667,"{""m_exploration"": 196, ""lookback_window"": 8, ""safeguard"": 1, ""inc"": 1, ""mean_window"": 0}",0.09166666666666767,1,390287,0,0,"{""inc"": ""min"", ""mean_window"": ""min""}","{""inc"": [1, 2, 3, 5, 8], ""lookback_window"": [1, 2, 3, 4, 5, 6, 8, 12, 20], ""mean_window"": [0, 1, 2, 3, 4, 6, 8, 12], ""safeguard"": [0, 1, 2, 3, 4, 6, 8, 12, 16, 24]}",2024,50000,0.97388
"U(0.01,0.1), eps=1e-04",narrow_e4,0.01,0.1,uniform,0.0001,binary_deep,qmetrology.algorithms.find_phi_fixed_budget_binary_search_deep,5854310,"{""conf"": 0.5, ""m_exploration"": 1383}",True,"42,43",700,6000,69,130,30,"{""42"": 0.9781666666666666, ""43"": 0.9803333333333333}",0.97925,"{""m_exploration"": 1383, ""conf"": 0.52}",0.008333333333321313,1,390287,0,0,"{""conf"": ""min""}","{""conf"": [0.5, 0.52, 0.55, 0.58, 0.62, 0.66, 0.7, 0.75, 0.8, 0.85, 0.9, 0.95, 0.99]}",2024,50000,0.97678
"U(0.01,0.1), eps=1e-04",narrow_e4,0.01,0.1,uniform,0.0001,reverse_eng_risk,qmetrology.algorithms.find_phi_fixed_budget_reverse_engineering_risk,5854310,"{""m_exploration"": 365}",True,"42,43",700,6000,23,10,15,"{""42"": 0.9813333333333333, ""43"": 0.982}",0.9816666666666667,"{""m_exploration"": 403}",0.01666666666666483,1,390287,0,0,{},{},2024,50000,0.97922
"U(0.01,0.1), eps=1e-04",narrow_e4,0.01,0.1,uniform,0.0001,brute,qmetrology.algorithms.find_phi_fixed_budget_brute_force,8293124,{},False,"42,43",,,0,0,0,{},,,,,,0,0,{},{},2024,50000,0.97442
"U(0.01,0.1), eps=1e-04",narrow_e4,0.01,0.1,uniform,0.0001,linear,qmetrology.algorithms.find_phi_fixed_budget_linear_search,8293124,"{""inc"": 1, ""lookback_window"": 5, ""m_exploration"": 542, ""mean_window"": 3, ""safeguard"": 2}",True,"42,43",700,6000,1863,36000,1215,"{""42"": 0.9881666666666666, ""43"": 0.9891666666666666}",0.9886666666666666,"{""m_exploration"": 661, ""lookback_window"": 5, ""safeguard"": 2, ""inc"": 1, ""mean_window"": 3}",0.01666666666665373,1,552874,0,0,"{""inc"": ""min""}","{""inc"": [1, 2, 3, 5, 8], ""lookback_window"": [1, 2, 3, 4, 5, 6, 8, 12, 20], ""mean_window"": [0, 1, 2, 3, 4, 6, 8, 12], ""safeguard"": [0, 1, 2, 3, 4, 6, 8, 12, 16, 24]}",2024,50000,0.98718
"U(0.01,0.1), eps=1e-04",narrow_e4,0.01,0.1,uniform,0.0001,binary_deep,qmetrology.algorithms.find_phi_fixed_budget_binary_search_deep,8293124,"{""conf"": 0.52, ""m_exploration"": 1601}",True,"42,43",700,6000,69,130,30,"{""42"": 0.9923333333333333, ""43"": 0.9933333333333333}",0.9928333333333332,"{""m_exploration"": 594, ""conf"": 0.5}",0.008333333333321313,1,552874,0,0,{},"{""conf"": [0.5, 0.52, 0.55, 0.58, 0.62, 0.66, 0.7, 0.75, 0.8, 0.85, 0.9, 0.95, 0.99]}",2024,50000,0.99166
"U(0.01,0.1), eps=1e-04",narrow_e4,0.01,0.1,uniform,0.0001,reverse_eng_risk,qmetrology.algorithms.find_phi_fixed_budget_reverse_engineering_risk,8293124,"{""m_exploration"": 23767}",True,"42,43",700,6000,23,10,15,"{""42"": 0.9953333333333333, ""43"": 0.9931666666666666}",0.99425,"{""m_exploration"": 28972}",0.04166666666666208,1,552874,0,0,{},{},2024,50000,0.99238
"U(0.01,0.1), eps=1e-04",narrow_e4,0.01,0.1,uniform,0.0001,brute,qmetrology.algorithms.find_phi_fixed_budget_brute_force,11747910,{},False,"42,43",,,0,0,0,{},,,,,,0,0,{},{},2024,50000,0.9926
"U(0.01,0.1), eps=1e-04",narrow_e4,0.01,0.1,uniform,0.0001,linear,qmetrology.algorithms.find_phi_fixed_budget_linear_search,11747910,"{""inc"": 2, ""lookback_window"": 3, ""m_exploration"": 1743, ""mean_window"": 1, ""safeguard"": 1}",True,"42,43",700,6000,1863,36000,1215,"{""42"": 0.997, ""43"": 0.997}",0.997,"{""m_exploration"": 1430, ""lookback_window"": 4, ""safeguard"": 1, ""inc"": 2, ""mean_window"": 2}",0.016666666666675933,1,783194,0,0,{},"{""inc"": [1, 2, 3, 5, 8], ""lookback_window"": [1, 2, 3, 4, 5, 6, 8, 12, 20], ""mean_window"": [0, 1, 2, 3, 4, 6, 8, 12], ""safeguard"": [0, 1, 2, 3, 4, 6, 8, 12, 16, 24]}",2024,50000,0.99654
"U(0.01,0.1), eps=1e-04",narrow_e4,0.01,0.1,uniform,0.0001,binary_deep,qmetrology.algorithms.find_phi_fixed_budget_binary_search_deep,11747910,"{""conf"": 0.5, ""m_exploration"": 3701}",True,"42,43",700,6000,69,130,30,"{""42"": 0.9983333333333333, ""43"": 0.9981666666666666}",0.99825,"{""m_exploration"": 3701, ""conf"": 0.52}",0.01666666666666483,1,783194,0,0,"{""conf"": ""min""}","{""conf"": [0.5, 0.52, 0.55, 0.58, 0.62, 0.66, 0.7, 0.75, 0.8, 0.85, 0.9, 0.95, 0.99]}",2024,50000,0.99742
"U(0.01,0.1), eps=1e-04",narrow_e4,0.01,0.1,uniform,0.0001,reverse_eng_risk,qmetrology.algorithms.find_phi_fixed_budget_reverse_engineering_risk,11747910,"{""m_exploration"": 230}",True,"42,43",700,6000,23,10,15,"{""42"": 0.9988333333333334, ""43"": 0.9986666666666667}",0.99875,"{""m_exploration"": 208}",0.01666666666666483,1,783194,0,0,{},{},2024,50000,0.99786
"U(0.01,0.1), eps=1e-04",narrow_e4,0.01,0.1,uniform,0.0001,brute,qmetrology.algorithms.find_phi_fixed_budget_brute_force,16641905,{},False,"42,43",,,0,0,0,{},,,,,,0,0,{},{},2024,50000,0.9985
"U(0.01,0.1), eps=1e-04",narrow_e4,0.01,0.1,uniform,0.0001,linear,qmetrology.algorithms.find_phi_fixed_budget_linear_search,16641905,"{""inc"": 1, ""lookback_window"": 1, ""m_exploration"": 53, ""mean_window"": 0, ""safeguard"": 1}",True,"42,43",700,6000,1863,36000,540,"{""42"": 0.9993333333333333, ""43"": 0.9993333333333333}",0.9993333333333333,"{""m_exploration"": 53, ""lookback_window"": 1, ""safeguard"": 1, ""inc"": 1, ""mean_window"": 0}",0.0,1,1109460,0,0,"{""inc"": ""min"", ""lookback_window"": ""min"", ""mean_window"": ""min""}","{""inc"": [1, 2, 3, 5, 8], ""lookback_window"": [1, 2, 3, 4, 5, 6, 8, 12, 20], ""mean_window"": [0, 1, 2, 3, 4, 6, 8, 12], ""safeguard"": [0, 1, 2, 3, 4, 6, 8, 12, 16, 24]}",2024,50000,0.99838
"U(0.01,0.1), eps=1e-04",narrow_e4,0.01,0.1,uniform,0.0001,binary_deep,qmetrology.algorithms.find_phi_fixed_budget_binary_search_deep,16641905,"{""conf"": 0.5, ""m_exploration"": 298}",True,"42,43",700,6000,69,130,30,"{""42"": 0.9983333333333333, ""43"": 0.9998333333333334}",0.9990833333333333,"{""m_exploration"": 298, ""conf"": 0.52}",0.008333333333332416,1,1109460,0,0,"{""conf"": ""min""}","{""conf"": [0.5, 0.52, 0.55, 0.58, 0.62, 0.66, 0.7, 0.75, 0.8, 0.85, 0.9, 0.95, 0.99]}",2024,50000,0.99908
"U(0.01,0.1), eps=1e-04",narrow_e4,0.01,0.1,uniform,0.0001,reverse_eng_risk,qmetrology.algorithms.find_phi_fixed_budget_reverse_engineering_risk,16641905,"{""m_exploration"": 57}",True,"42,43",700,6000,23,10,15,"{""42"": 0.9998333333333334, ""43"": 0.9996666666666667}",0.99975,"{""m_exploration"": 77}",0.0,1,1109460,0,0,{},{},2024,50000,0.99958
"U(0.01,0.1), eps=1e-04",narrow_e4,0.01,0.1,uniform,0.0001,brute,qmetrology.algorithms.find_phi_fixed_budget_brute_force,23574663,{},False,"42,43",,,0,0,0,{},,,,,,0,0,{},{},2024,50000,0.99992
"U(0.01,0.1), eps=1e-04",narrow_e4,0.01,0.1,uniform,0.0001,linear,qmetrology.algorithms.find_phi_fixed_budget_linear_search,23574663,"{""inc"": 1, ""lookback_window"": 1, ""m_exploration"": 5, ""mean_window"": 1, ""safeguard"": 1}",True,"42,43",700,6000,1863,36000,468,"{""42"": 1.0, ""43"": 1.0}",1.0,"{""m_exploration"": 6, ""lookback_window"": 1, ""safeguard"": 2, ""inc"": 2, ""mean_window"": 1}",0.0,1,1571644,0,0,"{""inc"": ""min"", ""lookback_window"": ""min""}","{""inc"": [1, 2, 3, 5, 8], ""lookback_window"": [1, 2, 3, 4, 5, 6, 8, 12, 20], ""mean_window"": [0, 1, 2, 3, 4, 6, 8, 12], ""safeguard"": [0, 1, 2, 3, 4, 6, 8, 12, 16, 24]}",2024,50000,0.9998
"U(0.01,0.1), eps=1e-04",narrow_e4,0.01,0.1,uniform,0.0001,binary_deep,qmetrology.algorithms.find_phi_fixed_budget_binary_search_deep,23574663,"{""conf"": 0.5, ""m_exploration"": 118}",True,"42,43",700,6000,69,130,30,"{""42"": 0.9998333333333334, ""43"": 0.9995}",0.9996666666666667,"{""m_exploration"": 144, ""conf"": 0.5}",0.0,1,1571644,0,0,"{""conf"": ""min""}","{""conf"": [0.5, 0.52, 0.55, 0.58, 0.62, 0.66, 0.7, 0.75, 0.8, 0.85, 0.9, 0.95, 0.99]}",2024,50000,0.9996
"U(0.01,0.1), eps=1e-04",narrow_e4,0.01,0.1,uniform,0.0001,reverse_eng_risk,qmetrology.algorithms.find_phi_fixed_budget_reverse_engineering_risk,23574663,"{""m_exploration"": 12}",True,"42,43",700,6000,23,10,14,"{""42"": 1.0, ""43"": 1.0}",1.0,"{""m_exploration"": 14}",0.0,1,1571644,0,0,{},{},2024,50000,0.99992
"U(0.01,0.1), eps=1e-04",narrow_e4,0.01,0.1,uniform,0.0001,brute,qmetrology.algorithms.find_phi_fixed_budget_brute_force,33395498,{},False,"42,43",,,0,0,0,{},,,,,,0,0,{},{},2024,50000,1.0
"U(0.01,0.1), eps=1e-04",narrow_e4,0.01,0.1,uniform,0.0001,linear,qmetrology.algorithms.find_phi_fixed_budget_linear_search,33395498,"{""inc"": 1, ""lookback_window"": 1, ""m_exploration"": 1, ""mean_window"": 1, ""safeguard"": 1}",True,"42,43",700,6000,1863,14400,48,"{""42"": 1.0, ""43"": 1.0}",1.0,"{""m_exploration"": 1, ""lookback_window"": 2, ""safeguard"": 1, ""inc"": 1, ""mean_window"": 1}",0.0,1,2226366,1,0,"{""inc"": ""min"", ""lookback_window"": ""min"", ""m_exploration"": ""min""}","{""inc"": [1, 2, 3, 5, 8], ""lookback_window"": [1, 2, 3, 4, 5, 6, 8, 12, 20], ""mean_window"": [0, 1, 2, 3, 4, 6, 8, 12], ""safeguard"": [0, 1, 2, 3, 4, 6, 8, 12, 16, 24]}",2024,50000,1.0
"U(0.01,0.1), eps=1e-04",narrow_e4,0.01,0.1,uniform,0.0001,binary_deep,qmetrology.algorithms.find_phi_fixed_budget_binary_search_deep,33395498,"{""conf"": 0.5, ""m_exploration"": 26}",True,"42,43",700,6000,69,130,30,"{""42"": 1.0, ""43"": 0.9996666666666667}",0.9998333333333334,"{""m_exploration"": 52, ""conf"": 0.5}",0.008333333333332416,1,2226366,0,0,"{""conf"": ""min""}","{""conf"": [0.5, 0.52, 0.55, 0.58, 0.62, 0.66, 0.7, 0.75, 0.8, 0.85, 0.9, 0.95, 0.99]}",2024,50000,0.99948
"U(0.01,0.1), eps=1e-04",narrow_e4,0.01,0.1,uniform,0.0001,reverse_eng_risk,qmetrology.algorithms.find_phi_fixed_budget_reverse_engineering_risk,33395498,"{""m_exploration"": 1}",True,"42,43",700,6000,23,4,2,"{""42"": 1.0, ""43"": 1.0}",1.0,"{""m_exploration"": 2}",0.0,1,2226366,1,0,"{""m_exploration"": ""min""}",{},2024,50000,0.99998
"U(0.01,0.1), eps=1e-04",narrow_e4,0.01,0.1,uniform,0.0001,brute,qmetrology.algorithms.find_phi_fixed_budget_brute_force,47307541,{},False,"42,43",,,0,0,0,{},,,,,,0,0,{},{},2024,50000,1.0
"U(0.01,0.1), eps=1e-04",narrow_e4,0.01,0.1,uniform,0.0001,linear,qmetrology.algorithms.find_phi_fixed_budget_linear_search,47307541,"{""inc"": 1, ""lookback_window"": 1, ""m_exploration"": 1, ""mean_window"": 1, ""safeguard"": 1}",True,"42,43",700,6000,1863,14400,48,"{""42"": 1.0, ""43"": 1.0}",1.0,"{""m_exploration"": 1, ""lookback_window"": 2, ""safeguard"": 1, ""inc"": 1, ""mean_window"": 1}",0.0,1,3153836,1,0,"{""inc"": ""min"", ""lookback_window"": ""min"", ""m_exploration"": ""min""}","{""inc"": [1, 2, 3, 5, 8], ""lookback_window"": [1, 2, 3, 4, 5, 6, 8, 12, 20], ""mean_window"": [0, 1, 2, 3, 4, 6, 8, 12], ""safeguard"": [0, 1, 2, 3, 4, 6, 8, 12, 16, 24]}",2024,50000,1.0
"U(0.01,0.1), eps=1e-04",narrow_e4,0.01,0.1,uniform,0.0001,binary_deep,qmetrology.algorithms.find_phi_fixed_budget_binary_search_deep,47307541,"{""conf"": 0.5, ""m_exploration"": 12}",True,"42,43",700,6000,69,130,26,"{""42"": 1.0, ""43"": 1.0}",1.0,"{""m_exploration"": 12, ""conf"": 0.52}",0.0,1,3153836,0,0,"{""conf"": ""min""}","{""conf"": [0.5, 0.52, 0.55, 0.58, 0.62, 0.66, 0.7, 0.75, 0.8, 0.85, 0.9, 0.95, 0.99]}",2024,50000,0.99954
"U(0.01,0.1), eps=1e-04",narrow_e4,0.01,0.1,uniform,0.0001,reverse_eng_risk,qmetrology.algorithms.find_phi_fixed_budget_reverse_engineering_risk,47307541,"{""m_exploration"": 1}",True,"42,43",700,6000,23,4,2,"{""42"": 1.0, ""43"": 1.0}",1.0,"{""m_exploration"": 2}",0.0,1,3153836,1,0,"{""m_exploration"": ""min""}",{},2024,50000,1.0
"U(0.01,0.1), eps=1e-04",narrow_e4,0.01,0.1,uniform,0.0001,brute,qmetrology.algorithms.find_phi_fixed_budget_brute_force,67015122,{},False,"42,43",,,0,0,0,{},,,,,,0,0,{},{},2024,50000,1.0
"U(0.01,0.1), eps=1e-04",narrow_e4,0.01,0.1,uniform,0.0001,linear,qmetrology.algorithms.find_phi_fixed_budget_linear_search,67015122,"{""inc"": 1, ""lookback_window"": 1, ""m_exploration"": 1, ""mean_window"": 1, ""safeguard"": 1}",True,"42,43",700,6000,1863,14400,48,"{""42"": 1.0, ""43"": 1.0}",1.0,"{""m_exploration"": 1, ""lookback_window"": 2, ""safeguard"": 1, ""inc"": 1, ""mean_window"": 1}",0.0,1,4467674,1,0,"{""inc"": ""min"", ""lookback_window"": ""min"", ""m_exploration"": ""min""}","{""inc"": [1, 2, 3, 5, 8], ""lookback_window"": [1, 2, 3, 4, 5, 6, 8, 12, 20], ""mean_window"": [0, 1, 2, 3, 4, 6, 8, 12], ""safeguard"": [0, 1, 2, 3, 4, 6, 8, 12, 16, 24]}",2024,50000,1.0
"U(0.01,0.1), eps=1e-04",narrow_e4,0.01,0.1,uniform,0.0001,binary_deep,qmetrology.algorithms.find_phi_fixed_budget_binary_search_deep,67015122,"{""conf"": 0.5, ""m_exploration"": 7}",True,"42,43",700,6000,69,130,14,"{""42"": 1.0, ""43"": 1.0}",1.0,"{""m_exploration"": 8, ""conf"": 0.52}",0.0,1,4467674,0,0,"{""conf"": ""min""}","{""conf"": [0.5, 0.52, 0.55, 0.58, 0.62, 0.66, 0.7, 0.75, 0.8, 0.85, 0.9, 0.95, 0.99]}",2024,50000,0.99996
"U(0.01,0.1), eps=1e-04",narrow_e4,0.01,0.1,uniform,0.0001,reverse_eng_risk,qmetrology.algorithms.find_phi_fixed_budget_reverse_engineering_risk,67015122,"{""m_exploration"": 1}",True,"42,43",700,6000,23,4,2,"{""42"": 1.0, ""43"": 1.0}",1.0,"{""m_exploration"": 2}",0.0,1,4467674,1,0,"{""m_exploration"": ""min""}",{},2024,50000,1.0
"U(0.01,0.1), eps=1e-04",narrow_e4,0.01,0.1,uniform,0.0001,brute,qmetrology.algorithms.find_phi_fixed_budget_brute_force,94932574,{},False,"42,43",,,0,0,0,{},,,,,,0,0,{},{},2024,50000,1.0
"U(0.01,0.1), eps=1e-04",narrow_e4,0.01,0.1,uniform,0.0001,linear,qmetrology.algorithms.find_phi_fixed_budget_linear_search,94932574,"{""inc"": 1, ""lookback_window"": 1, ""m_exploration"": 1, ""mean_window"": 1, ""safeguard"": 1}",True,"42,43",700,6000,1863,14400,48,"{""42"": 1.0, ""43"": 1.0}",1.0,"{""m_exploration"": 1, ""lookback_window"": 2, ""safeguard"": 1, ""inc"": 1, ""mean_window"": 1}",0.0,1,6328838,1,0,"{""inc"": ""min"", ""lookback_window"": ""min"", ""m_exploration"": ""min""}","{""inc"": [1, 2, 3, 5, 8], ""lookback_window"": [1, 2, 3, 4, 5, 6, 8, 12, 20], ""mean_window"": [0, 1, 2, 3, 4, 6, 8, 12], ""safeguard"": [0, 1, 2, 3, 4, 6, 8, 12, 16, 24]}",2024,50000,1.0
"U(0.01,0.1), eps=1e-04",narrow_e4,0.01,0.1,uniform,0.0001,binary_deep,qmetrology.algorithms.find_phi_fixed_budget_binary_search_deep,94932574,"{""conf"": 0.5, ""m_exploration"": 3}",True,"42,43",700,6000,69,91,12,"{""42"": 1.0, ""43"": 1.0}",1.0,"{""m_exploration"": 4, ""conf"": 0.5}",0.0,1,6328838,0,0,"{""conf"": ""min""}","{""conf"": [0.5, 0.52, 0.55, 0.58, 0.62, 0.66, 0.7, 0.75, 0.8, 0.85, 0.9, 0.95, 0.99]}",2024,50000,0.99996
"U(0.01,0.1), eps=1e-04",narrow_e4,0.01,0.1,uniform,0.0001,reverse_eng_risk,qmetrology.algorithms.find_phi_fixed_budget_reverse_engineering_risk,94932574,"{""m_exploration"": 1}",True,"42,43",700,6000,23,4,2,"{""42"": 1.0, ""43"": 1.0}",1.0,"{""m_exploration"": 2}",0.0,1,6328838,1,0,"{""m_exploration"": ""min""}",{},2024,50000,1.0
"U(0.01,0.1), eps=1e-04",narrow_e4,0.01,0.1,uniform,0.0001,brute,qmetrology.algorithms.find_phi_fixed_budget_brute_force,134480000,{},False,"42,43",,,0,0,0,{},,,,,,0,0,{},{},2024,50000,1.0
"U(0.01,0.1), eps=1e-04",narrow_e4,0.01,0.1,uniform,0.0001,linear,qmetrology.algorithms.find_phi_fixed_budget_linear_search,134480000,"{""inc"": 1, ""lookback_window"": 1, ""m_exploration"": 1, ""mean_window"": 1, ""safeguard"": 1}",True,"42,43",700,6000,1944,14400,48,"{""42"": 1.0, ""43"": 1.0}",1.0,"{""m_exploration"": 1, ""lookback_window"": 2, ""safeguard"": 1, ""inc"": 1, ""mean_window"": 1}",0.0,1,8965333,1,0,"{""inc"": ""min"", ""lookback_window"": ""min"", ""m_exploration"": ""min""}","{""inc"": [1, 2, 3, 5, 8], ""lookback_window"": [1, 2, 3, 4, 5, 6, 8, 12, 20], ""mean_window"": [0, 1, 2, 3, 4, 6, 8, 12], ""safeguard"": [0, 1, 2, 3, 4, 6, 8, 12, 16, 24]}",2024,50000,1.0
"U(0.01,0.1), eps=1e-04",narrow_e4,0.01,0.1,uniform,0.0001,binary_deep,qmetrology.algorithms.find_phi_fixed_budget_binary_search_deep,134480000,"{""conf"": 0.5, ""m_exploration"": 1}",True,"42,43",700,6000,72,52,4,"{""42"": 1.0, ""43"": 1.0}",1.0,"{""m_exploration"": 1, ""conf"": 0.52}",0.0,1,8965333,1,0,"{""conf"": ""min"", ""m_exploration"": ""min""}","{""conf"": [0.5, 0.52, 0.55, 0.58, 0.62, 0.66, 0.7, 0.75, 0.8, 0.85, 0.9, 0.95, 0.99]}",2024,50000,1.0
"U(0.01,0.1), eps=1e-04",narrow_e4,0.01,0.1,uniform,0.0001,reverse_eng_risk,qmetrology.algorithms.find_phi_fixed_budget_reverse_engineering_risk,134480000,"{""m_exploration"": 1}",True,"42,43",700,6000,24,4,2,"{""42"": 1.0, ""43"": 1.0}",1.0,"{""m_exploration"": 2}",0.0,1,8965333,1,0,"{""m_exploration"": ""min""}",{},2024,50000,1.0
"U(0.01,0.1), eps=1e-05",narrow_e5,0.01,0.1,uniform,1e-05,brute,qmetrology.algorithms.find_phi_fixed_budget_brute_force,8965333,{},False,"42,43",,,0,0,0,{},,,,,,0,0,{},{},2024,50000,0.1869
"U(0.01,0.1), eps=1e-05",narrow_e5,0.01,0.1,uniform,1e-05,linear,qmetrology.algorithms.find_phi_fixed_budget_linear_search,8965333,"{""inc"": 1, ""lookback_window"": 8, ""m_exploration"": 270, ""mean_window"": 4, ""safeguard"": 2}",True,"42,43",700,6000,1863,36000,810,"{""42"": 0.2618333333333333, ""43"": 0.2595}",0.26066666666666666,"{""m_exploration"": 298, ""lookback_window"": 8, ""safeguard"": 2, ""inc"": 1, ""mean_window"": 4}",0.05833333333333246,1,597688,0,0,"{""inc"": ""min""}","{""inc"": [1, 2, 3, 5, 8], ""lookback_window"": [1, 2, 3, 4, 5, 6, 8, 12, 20], ""mean_window"": [0, 1, 2, 3, 4, 6, 8, 12], ""safeguard"": [0, 1, 2, 3, 4, 6, 8, 12, 16, 24]}",2024,50000,0.25188
"U(0.01,0.1), eps=1e-05",narrow_e5,0.01,0.1,uniform,1e-05,binary_deep,qmetrology.algorithms.find_phi_fixed_budget_binary_search_deep,8965333,"{""conf"": 0.95, ""m_exploration"": 1875}",True,"42,43",700,6000,69,130,45,"{""42"": 0.273, ""43"": 0.2645}",0.26875000000000004,"{""m_exploration"": 1035, ""conf"": 0.95}",0.13333333333334085,1,597688,0,0,{},"{""conf"": [0.5, 0.52, 0.55, 0.58, 0.62, 0.66, 0.7, 0.75, 0.8, 0.85, 0.9, 0.95, 0.99]}",2024,50000,0.25846
"U(0.01,0.1), eps=1e-05",narrow_e5,0.01,0.1,uniform,1e-05,reverse_eng_risk,qmetrology.algorithms.find_phi_fixed_budget_reverse_engineering_risk,8965333,"{""m_exploration"": 7165}",True,"42,43",700,6000,23,10,15,"{""42"": 0.283, ""43"": 0.27266666666666667}",0.2778333333333333,"{""m_exploration"": 6489}",0.008333333333332416,1,597688,0,0,{},{},2024,50000,0.27272
"U(0.01,0.1), eps=1e-05",narrow_e5,0.01,0.1,uniform,1e-05,brute,qmetrology.algorithms.find_phi_fixed_budget_brute_force,12700150,{},False,"42,43",,,0,0,0,{},,,,,,0,0,{},{},2024,50000,0.22098
"U(0.01,0.1), eps=1e-05",narrow_e5,0.01,0.1,uniform,1e-05,linear,qmetrology.algorithms.find_phi_fixed_budget_linear_search,12700150,"{""inc"": 2, ""lookback_window"": 5, ""m_exploration"": 737, ""mean_window"": 2, ""safeguard"": 1}",True,"42,43",700,6000,1863,36000,1215,"{""42"": 0.29783333333333334, ""43"": 0.30783333333333335}",0.30283333333333334,"{""m_exploration"": 737, ""lookback_window"": 5, ""safeguard"": 1, ""inc"": 2, ""mean_window"": 1}",0.10833333333333806,1,846676,0,0,{},"{""inc"": [1, 2, 3, 5, 8], ""lookback_window"": [1, 2, 3, 4, 5, 6, 8, 12, 20], ""mean_window"": [0, 1, 2, 3, 4, 6, 8, 12], ""safeguard"": [0, 1, 2, 3, 4, 6, 8, 12, 16, 24]}",2024,50000,0.29606
"U(0.01,0.1), eps=1e-05",narrow_e5,0.01,0.1,uniform,1e-05,binary_deep,qmetrology.algorithms.find_phi_fixed_budget_binary_search_deep,12700150,"{""conf"": 0.8, ""m_exploration"": 940}",True,"42,43",700,6000,69,130,45,"{""42"": 0.3225, ""43"": 0.31966666666666665}",0.32108333333333333,"{""m_exploration"": 940, ""conf"": 0.85}",0.0833333333333297,1,846676,0,0,{},"{""conf"": [0.5, 0.52, 0.55, 0.58, 0.62, 0.66, 0.7, 0.75, 0.8, 0.85, 0.9, 0.95, 0.99]}",2024,50000,0.31482
"U(0.01,0.1), eps=1e-05",narrow_e5,0.01,0.1,uniform,1e-05,reverse_eng_risk,qmetrology.algorithms.find_phi_fixed_budget_reverse_engineering_risk,12700150,"{""m_exploration"": 12306}",True,"42,43",700,6000,23,10,15,"{""42"": 0.32566666666666666, ""43"": 0.31966666666666665}",0.32266666666666666,"{""m_exploration"": 9143}",0.050000000000000044,1,846676,0,0,{},{},2024,50000,0.32048
"U(0.01,0.1), eps=1e-05",narrow_e5,0.01,0.1,uniform,1e-05,brute,qmetrology.algorithms.find_phi_fixed_budget_brute_force,17990835,{},False,"42,43",,,0,0,0,{},,,,,,0,0,{},{},2024,50000,0.25982
"U(0.01,0.1), eps=1e-05",narrow_e5,0.01,0.1,uniform,1e-05,linear,qmetrology.algorithms.find_phi_fixed_budget_linear_search,17990835,"{""inc"": 2, ""lookback_window"": 12, ""m_exploration"": 204, ""mean_window"": 0, ""safeguard"": 1}",True,"42,43",700,6000,1863,36000,810,"{""42"": 0.35283333333333333, ""43"": 0.36516666666666664}",0.359,"{""m_exploration"": 304, ""lookback_window"": 6, ""safeguard"": 1, ""inc"": 2, ""mean_window"": 0}",0.04166666666666208,1,1199389,0,0,"{""mean_window"": ""min""}","{""inc"": [1, 2, 3, 5, 8], ""lookback_window"": [1, 2, 3, 4, 5, 6, 8, 12, 20], ""mean_window"": [0, 1, 2, 3, 4, 6, 8, 12], ""safeguard"": [0, 1, 2, 3, 4, 6, 8, 12, 16, 24]}",2024,50000,0.35178
"U(0.01,0.1), eps=1e-05",narrow_e5,0.01,0.1,uniform,1e-05,binary_deep,qmetrology.algorithms.find_phi_fixed_budget_binary_search_deep,17990835,"{""conf"": 0.9, ""m_exploration"": 1429}",True,"42,43",700,6000,69,130,45,"{""42"": 0.3775, ""43"": 0.38233333333333336}",0.3799166666666667,"{""m_exploration"": 1429, ""conf"": 0.95}",0.07500000000000284,1,1199389,0,0,{},"{""conf"": [0.5, 0.52, 0.55, 0.58, 0.62, 0.66, 0.7, 0.75, 0.8, 0.85, 0.9, 0.95, 0.99]}",2024,50000,0.36486
"U(0.01,0.1), eps=1e-05",narrow_e5,0.01,0.1,uniform,1e-05,reverse_eng_risk,qmetrology.algorithms.find_phi_fixed_budget_reverse_engineering_risk,17990835,"{""m_exploration"": 12952}",True,"42,43",700,6000,23,10,15,"{""42"": 0.38, ""43"": 0.37583333333333335}",0.3779166666666667,"{""m_exploration"": 11731}",0.04166666666666763,1,1199389,0,0,{},{},2024,50000,0.37918
"U(0.01,0.1), eps=1e-05",narrow_e5,0.01,0.1,uniform,1e-05,brute,qmetrology.algorithms.find_phi_fixed_budget_brute_force,25485535,{},False,"42,43",,,0,0,0,{},,,,,,0,0,{},{},2024,50000,0.30742
"U(0.01,0.1), eps=1e-05",narrow_e5,0.01,0.1,uniform,1e-05,linear,qmetrology.algorithms.find_phi_fixed_budget_linear_search,25485535,"{""inc"": 1, ""lookback_window"": 12, ""m_exploration"": 415, ""mean_window"": 4, ""safeguard"": 2}",True,"42,43",700,6000,1863,36000,810,"{""42"": 0.43, ""43"": 0.42433333333333334}",0.4271666666666667,"{""m_exploration"": 415, ""lookback_window"": 12, ""safeguard"": 1, ""inc"": 1, ""mean_window"": 4}",0.44166666666667354,1,1699035,0,0,"{""inc"": ""min""}","{""inc"": [1, 2, 3, 5, 8], ""lookback_window"": [1, 2, 3, 4, 5, 6, 8, 12, 20], ""mean_window"": [0, 1, 2, 3, 4, 6, 8, 12], ""safeguard"": [0, 1, 2, 3, 4, 6, 8, 12, 16, 24]}",2024,50000,0.41382
"U(0.01,0.1), eps=1e-05",narrow_e5,0.01,0.1,uniform,1e-05,binary_deep,qmetrology.algorithms.find_phi_fixed_budget_binary_search_deep,25485535,"{""conf"": 0.52, ""m_exploration"": 2888}",True,"42,43",700,6000,69,130,30,"{""42"": 0.42983333333333335, ""43"": 0.43933333333333335}",0.4345833333333333,"{""m_exploration"": 2888, ""conf"": 0.5}",0.13333333333332975,1,1699035,0,0,{},"{""conf"": [0.5, 0.52, 0.55, 0.58, 0.62, 0.66, 0.7, 0.75, 0.8, 0.85, 0.9, 0.95, 0.99]}",2024,50000,0.43042
"U(0.01,0.1), eps=1e-05",narrow_e5,0.01,0.1,uniform,1e-05,reverse_eng_risk,qmetrology.algorithms.find_phi_fixed_budget_reverse_engineering_risk,25485535,"{""m_exploration"": 22132}",True,"42,43",700,6000,23,10,15,"{""42"": 0.4508333333333333, ""43"": 0.43783333333333335}",0.44433333333333336,"{""m_exploration"": 12218}",0.09166666666666767,1,1699035,0,0,{},{},2024,50000,0.44158
"U(0.01,0.1), eps=1e-05",narrow_e5,0.01,0.1,uniform,1e-05,brute,qmetrology.algorithms.find_phi_fixed_budget_brute_force,36102410,{},False,"42,43",,,0,0,0,{},,,,,,0,0,{},{},2024,50000,0.36022
"U(0.01,0.1), eps=1e-05",narrow_e5,0.01,0.1,uniform,1e-05,linear,qmetrology.algorithms.find_phi_fixed_budget_linear_search,36102410,"{""inc"": 1, ""lookback_window"": 12, ""m_exploration"": 153, ""mean_window"": 0, ""safeguard"": 1}",True,"42,43",700,6000,1863,36000,360,"{""42"": 0.5108333333333334, ""43"": 0.49616666666666664}",0.5035000000000001,"{""m_exploration"": 153, ""lookback_window"": 12, ""safeguard"": 2, ""inc"": 1, ""mean_window"": 0}",0.3083333333333327,1,2406827,0,0,"{""inc"": ""min"", ""mean_window"": ""min""}","{""inc"": [1, 2, 3, 5, 8], ""lookback_window"": [1, 2, 3, 4, 5, 6, 8, 12, 20], ""mean_window"": [0, 1, 2, 3, 4, 6, 8, 12], ""safeguard"": [0, 1, 2, 3, 4, 6, 8, 12, 16, 24]}",2024,50000,0.4922
"U(0.01,0.1), eps=1e-05",narrow_e5,0.01,0.1,uniform,1e-05,binary_deep,qmetrology.algorithms.find_phi_fixed_budget_binary_search_deep,36102410,"{""conf"": 0.52, ""m_exploration"": 1127}",True,"42,43",700,6000,69,130,30,"{""42"": 0.507, ""43"": 0.5098333333333334}",0.5084166666666667,"{""m_exploration"": 1127, ""conf"": 0.5}",0.02500000000000835,1,2406827,0,0,{},"{""conf"": [0.5, 0.52, 0.55, 0.58, 0.62, 0.66, 0.7, 0.75, 0.8, 0.85, 0.9, 0.95, 0.99]}",2024,50000,0.50006
"U(0.01,0.1), eps=1e-05",narrow_e5,0.01,0.1,uniform,1e-05,reverse_eng_risk,qmetrology.algorithms.find_phi_fixed_budget_reverse_engineering_risk,36102410,"{""m_exploration"": 13269}",True,"42,43",700,6000,23,10,15,"{""42"": 0.5143333333333333, ""43"": 0.5116666666666667}",0.513,"{""m_exploration"": 14650}",0.08333333333333526,1,2406827,0,0,{},{},2024,50000,0.51096
"U(0.01,0.1), eps=1e-05",narrow_e5,0.01,0.1,uniform,1e-05,brute,qmetrology.algorithms.find_phi_fixed_budget_brute_force,51142110,{},False,"42,43",,,0,0,0,{},,,,,,0,0,{},{},2024,50000,0.42194
"U(0.01,0.1), eps=1e-05",narrow_e5,0.01,0.1,uniform,1e-05,linear,qmetrology.algorithms.find_phi_fixed_budget_linear_search,51142110,"{""inc"": 2, ""lookback_window"": 5, ""m_exploration"": 2041, ""mean_window"": 1, ""safeguard"": 1}",True,"42,43",700,6000,1863,36000,1215,"{""42"": 0.5616666666666666, ""43"": 0.5635}",0.5625833333333333,"{""m_exploration"": 2254, ""lookback_window"": 5, ""safeguard"": 1, ""inc"": 2, ""mean_window"": 1}",0.13333333333332975,1,3409474,0,0,{},"{""inc"": [1, 2, 3, 5, 8], ""lookback_window"": [1, 2, 3, 4, 5, 6, 8, 12, 20], ""mean_window"": [0, 1, 2, 3, 4, 6, 8, 12], ""safeguard"": [0, 1, 2, 3, 4, 6, 8, 12, 16, 24]}",2024,50000,0.55526
"U(0.01,0.1), eps=1e-05",narrow_e5,0.01,0.1,uniform,1e-05,binary_deep,qmetrology.algorithms.find_phi_fixed_budget_binary_search_deep,51142110,"{""conf"": 0.75, ""m_exploration"": 1819}",True,"42,43",700,6000,69,130,45,"{""42"": 0.5835, ""43"": 0.5891666666666666}",0.5863333333333334,"{""m_exploration"": 2218, ""conf"": 0.75}",0.15000000000000568,1,3409474,0,0,{},"{""conf"": [0.5, 0.52, 0.55, 0.58, 0.62, 0.66, 0.7, 0.75, 0.8, 0.85, 0.9, 0.95, 0.99]}",2024,50000,0.57594
"U(0.01,0.1), eps=1e-05",narrow_e5,0.01,0.1,uniform,1e-05,reverse_eng_risk,qmetrology.algorithms.find_phi_fixed_budget_reverse_engineering_risk,51142110,"{""m_exploration"": 9788}",True,"42,43",700,6000,23,10,15,"{""42"": 0.5798333333333333, ""43"": 0.5901666666666666}",0.585,"{""m_exploration"": 8865}",0.008333333333321313,1,3409474,0,0,{},{},2024,50000,0.58464
"U(0.01,0.1), eps=1e-05",narrow_e5,0.01,0.1,uniform,1e-05,brute,qmetrology.algorithms.find_phi_fixed_budget_brute_force,72447113,{},False,"42,43",,,0,0,0,{},,,,,,0,0,{},{},2024,50000,0.49206
"U(0.01,0.1), eps=1e-05",narrow_e5,0.01,0.1,uniform,1e-05,linear,qmetrology.algorithms.find_phi_fixed_budget_linear_search,72447113,"{""inc"": 1, ""lookback_window"": 8, ""m_exploration"": 1624, ""mean_window"": 2, ""safeguard"": 1}",True,"42,43",700,6000,1863,36000,810,"{""42"": 0.6615, ""43"": 0.6478333333333334}",0.6546666666666667,"{""m_exploration"": 1624, ""lookback_window"": 8, ""safeguard"": 1, ""inc"": 1, ""mean_window"": 3}",0.35000000000000586,1,4829807,0,0,"{""inc"": ""min""}","{""inc"": [1, 2, 3, 5, 8], ""lookback_window"": [1, 2, 3, 4, 5, 6, 8, 12, 20], ""mean_window"": [0, 1, 2, 3, 4, 6, 8, 12], ""safeguard"": [0, 1, 2, 3, 4, 6, 8, 12, 16, 24]}",2024,50000,0.63902
"U(0.01,0.1), eps=1e-05",narrow_e5,0.01,0.1,uniform,1e-05,binary_deep,qmetrology.algorithms.find_phi_fixed_budget_binary_search_deep,72447113,"{""conf"": 0.85, ""m_exploration"": 11860}",True,"42,43",700,6000,69,130,45,"{""42"": 0.6508333333333334, ""43"": 0.6456666666666667}",0.64825,"{""m_exploration"": 8812, ""conf"": 0.8}",0.008333333333332416,1,4829807,0,0,{},"{""conf"": [0.5, 0.52, 0.55, 0.58, 0.62, 0.66, 0.7, 0.75, 0.8, 0.85, 0.9, 0.95, 0.99]}",2024,50000,0.64658
"U(0.01,0.1), eps=1e-05",narrow_e5,0.01,0.1,uniform,1e-05,reverse_eng_risk,qmetrology.algorithms.find_phi_fixed_budget_reverse_engineering_risk,72447113,"{""m_exploration"": 5262}",True,"42,43",700,6000,23,10,15,"{""42"": 0.6498333333333334, ""43"": 0.6648333333333334}",0.6573333333333333,"{""m_exploration"": 3909}",0.008333333333332416,1,4829807,0,0,{},{},2024,50000,0.65946
"U(0.01,0.1), eps=1e-05",narrow_e5,0.01,0.1,uniform,1e-05,brute,qmetrology.algorithms.find_phi_fixed_budget_brute_force,102627447,{},False,"42,43",,,0,0,0,{},,,,,,0,0,{},{},2024,50000,0.56782
"U(0.01,0.1), eps=1e-05",narrow_e5,0.01,0.1,uniform,1e-05,linear,qmetrology.algorithms.find_phi_fixed_budget_linear_search,102627447,"{""inc"": 1, ""lookback_window"": 8, ""m_exploration"": 1578, ""mean_window"": 2, ""safeguard"": 1}",True,"42,43",700,6000,1863,36000,810,"{""42"": 0.7276666666666667, ""43"": 0.7225}",0.7250833333333333,"{""m_exploration"": 1578, ""lookback_window"": 8, ""safeguard"": 1, ""inc"": 1, ""mean_window"": 3}",0.04999999999999449,1,6841829,0,0,"{""inc"": ""min""}","{""inc"": [1, 2, 3, 5, 8], ""lookback_window"": [1, 2, 3, 4, 5, 6, 8, 12, 20], ""mean_window"": [0, 1, 2, 3, 4, 6, 8, 12], ""safeguard"": [0, 1, 2, 3, 4, 6, 8, 12, 16, 24]}",2024,50000,0.71476
"U(0.01,0.1), eps=1e-05",narrow_e5,0.01,0.1,uniform,1e-05,binary_deep,qmetrology.algorithms.find_phi_fixed_budget_binary_search_deep,102627447,"{""conf"": 0.52, ""m_exploration"": 1441}",True,"42,43",700,6000,69,130,30,"{""42"": 0.7358333333333333, ""43"": 0.7371666666666666}",0.7364999999999999,"{""m_exploration"": 1305, ""conf"": 0.5}",0.09999999999998899,1,6841829,0,0,{},"{""conf"": [0.5, 0.52, 0.55, 0.58, 0.62, 0.66, 0.7, 0.75, 0.8, 0.85, 0.9, 0.95, 0.99]}",2024,50000,0.72652
"U(0.01,0.1), eps=1e-05",narrow_e5,0.01,0.1,uniform,1e-05,reverse_eng_risk,qmetrology.algorithms.find_phi_fixed_budget_reverse_engineering_risk,102627447,"{""m_exploration"": 12269}",True,"42,43",700,6000,23,10,15,"{""42"": 0.7358333333333333, ""43"": 0.7416666666666667}",0.73875,"{""m_exploration"": 14956}",0.02500000000000835,1,6841829,0,0,{},{},2024,50000,0.7364
"U(0.01,0.1), eps=1e-05",narrow_e5,0.01,0.1,uniform,1e-05,brute,qmetrology.algorithms.find_phi_fixed_budget_brute_force,145380436,{},False,"42,43",,,0,0,0,{},,,,,,0,0,{},{},2024,50000,0.6522
"U(0.01,0.1), eps=1e-05",narrow_e5,0.01,0.1,uniform,1e-05,linear,qmetrology.algorithms.find_phi_fixed_budget_linear_search,145380436,"{""inc"": 1, ""lookback_window"": 8, ""m_exploration"": 1495, ""mean_window"": 2, ""safeguard"": 1}",True,"42,43",700,6000,1944,36000,810,"{""42"": 0.8045, ""43"": 0.7965}",0.8005,"{""m_exploration"": 3645, ""lookback_window"": 6, ""safeguard"": 1, ""inc"": 1, ""mean_window"": 2}",0.22499999999999742,1,9692029,0,0,"{""inc"": ""min""}","{""inc"": [1, 2, 3, 5, 8], ""lookback_window"": [1, 2, 3, 4, 5, 6, 8, 12, 20], ""mean_window"": [0, 1, 2, 3, 4, 6, 8, 12], ""safeguard"": [0, 1, 2, 3, 4, 6, 8, 12, 16, 24]}",2024,50000,0.78628
"U(0.01,0.1), eps=1e-05",narrow_e5,0.01,0.1,uniform,1e-05,binary_deep,qmetrology.algorithms.find_phi_fixed_budget_binary_search_deep,145380436,"{""conf"": 0.52, ""m_exploration"": 4225}",True,"42,43",700,6000,72,130,30,"{""42"": 0.8063333333333333, ""43"": 0.8066666666666666}",0.8065,"{""m_exploration"": 4225, ""conf"": 0.5}",0.05833333333333801,1,9692029,0,0,{},"{""conf"": [0.5, 0.52, 0.55, 0.58, 0.62, 0.66, 0.7, 0.75, 0.8, 0.85, 0.9, 0.95, 0.99]}",2024,50000,0.8033
"U(0.01,0.1), eps=1e-05",narrow_e5,0.01,0.1,uniform,1e-05,reverse_eng_risk,qmetrology.algorithms.find_phi_fixed_budget_reverse_engineering_risk,145380436,"{""m_exploration"": 6932}",True,"42,43",700,6000,24,10,15,"{""42"": 0.8041666666666667, ""43"": 0.8103333333333333}",0.80725,"{""m_exploration"": 6279}",0.01666666666666483,1,9692029,0,0,{},{},2024,50000,0.80696
"U(0.01,0.1), eps=1e-05",narrow_e5,0.01,0.1,uniform,1e-05,brute,qmetrology.algorithms.find_phi_fixed_budget_brute_force,205943651,{},False,"42,43",,,0,0,0,{},,,,,,0,0,{},{},2024,50000,0.7351
"U(0.01,0.1), eps=1e-05",narrow_e5,0.01,0.1,uniform,1e-05,linear,qmetrology.algorithms.find_phi_fixed_budget_linear_search,205943651,"{""inc"": 1, ""lookback_window"": 5, ""m_exploration"": 10242, ""mean_window"": 1, ""safeguard"": 1}",True,"42,43",700,6000,1944,36000,810,"{""42"": 0.8578333333333333, ""43"": 0.8658333333333333}",0.8618333333333333,"{""m_exploration"": 11308, ""lookback_window"": 5, ""safeguard"": 1, ""inc"": 1, ""mean_window"": 1}",0.07500000000000284,1,13729576,0,0,"{""inc"": ""min""}","{""inc"": [1, 2, 3, 5, 8], ""lookback_window"": [1, 2, 3, 4, 5, 6, 8, 12, 20], ""mean_window"": [0, 1, 2, 3, 4, 6, 8, 12], ""safeguard"": [0, 1, 2, 3, 4, 6, 8, 12, 16, 24]}",2024,50000,0.85482
"U(0.01,0.1), eps=1e-05",narrow_e5,0.01,0.1,uniform,1e-05,binary_deep,qmetrology.algorithms.find_phi_fixed_budget_binary_search_deep,205943651,"{""conf"": 0.75, ""m_exploration"": 11559}",True,"42,43",700,6000,72,130,45,"{""42"": 0.8756666666666667, ""43"": 0.8691666666666666}",0.8724166666666666,"{""m_exploration"": 11559, ""conf"": 0.8}",0.024999999999997247,1,13729576,0,0,{},"{""conf"": [0.5, 0.52, 0.55, 0.58, 0.62, 0.66, 0.7, 0.75, 0.8, 0.85, 0.9, 0.95, 0.99]}",2024,50000,0.86698
"U(0.01,0.1), eps=1e-05",narrow_e5,0.01,0.1,uniform,1e-05,reverse_eng_risk,qmetrology.algorithms.find_phi_fixed_budget_reverse_engineering_risk,205943651,"{""m_exploration"": 8304}",True,"42,43",700,6000,24,10,15,"{""42"": 0.8726666666666667, ""43"": 0.8768333333333334}",0.87475,"{""m_exploration"": 8304}",0.0,1,13729576,0,0,{},{},2024,50000,0.87042
"U(0.01,0.1), eps=1e-05",narrow_e5,0.01,0.1,uniform,1e-05,brute,qmetrology.algorithms.find_phi_fixed_budget_brute_force,291736555,{},False,"42,43",,,0,0,0,{},,,,,,0,0,{},{},2024,50000,0.81692
"U(0.01,0.1), eps=1e-05",narrow_e5,0.01,0.1,uniform,1e-05,linear,qmetrology.algorithms.find_phi_fixed_budget_linear_search,291736555,"{""inc"": 1, ""lookback_window"": 5, ""m_exploration"": 12424, ""mean_window"": 1, ""safeguard"": 1}",True,"42,43",700,6000,1944,36000,810,"{""42"": 0.9126666666666666, ""43"": 0.9141666666666667}",0.9134166666666667,"{""m_exploration"": 11253, ""lookback_window"": 5, ""safeguard"": 1, ""inc"": 1, ""mean_window"": 1}",0.13333333333332975,1,19449103,0,0,"{""inc"": ""min""}","{""inc"": [1, 2, 3, 5, 8], ""lookback_window"": [1, 2, 3, 4, 5, 6, 8, 12, 20], ""mean_window"": [0, 1, 2, 3, 4, 6, 8, 12], ""safeguard"": [0, 1, 2, 3, 4, 6, 8, 12, 16, 24]}",2024,50000,0.90878
"U(0.01,0.1), eps=1e-05",narrow_e5,0.01,0.1,uniform,1e-05,binary_deep,qmetrology.algorithms.find_phi_fixed_budget_binary_search_deep,291736555,"{""conf"": 0.8, ""m_exploration"": 23515}",True,"42,43",700,6000,72,130,45,"{""42"": 0.927, ""43"": 0.9225}",0.92475,"{""m_exploration"": 21298, ""conf"": 0.85}",0.01666666666666483,1,19449103,0,0,{},"{""conf"": [0.5, 0.52, 0.55, 0.58, 0.62, 0.66, 0.7, 0.75, 0.8, 0.85, 0.9, 0.95, 0.99]}",2024,50000,0.91858
"U(0.01,0.1), eps=1e-05",narrow_e5,0.01,0.1,uniform,1e-05,reverse_eng_risk,qmetrology.algorithms.find_phi_fixed_budget_reverse_engineering_risk,291736555,"{""m_exploration"": 11716}",True,"42,43",700,6000,24,10,15,"{""42"": 0.9246666666666666, ""43"": 0.9251666666666667}",0.9249166666666666,"{""m_exploration"": 12935}",0.024999999999986144,1,19449103,0,0,{},{},2024,50000,0.92294
"U(0.01,0.1), eps=1e-05",narrow_e5,0.01,0.1,uniform,1e-05,brute,qmetrology.algorithms.find_phi_fixed_budget_brute_force,413269439,{},False,"42,43",,,0,0,0,{},,,,,,0,0,{},{},2024,50000,0.88656
"U(0.01,0.1), eps=1e-05",narrow_e5,0.01,0.1,uniform,1e-05,linear,qmetrology.algorithms.find_phi_fixed_budget_linear_search,413269439,"{""inc"": 1, ""lookback_window"": 6, ""m_exploration"": 20503, ""mean_window"": 1, ""safeguard"": 1}",True,"42,43",700,6000,1944,36000,810,"{""42"": 0.953, ""43"": 0.9521666666666667}",0.9525833333333333,"{""m_exploration"": 15234, ""lookback_window"": 5, ""safeguard"": 1, ""inc"": 1, ""mean_window"": 1}",0.03333333333332966,1,27551295,0,0,"{""inc"": ""min""}","{""inc"": [1, 2, 3, 5, 8], ""lookback_window"": [1, 2, 3, 4, 5, 6, 8, 12, 20], ""mean_window"": [0, 1, 2, 3, 4, 6, 8, 12], ""safeguard"": [0, 1, 2, 3, 4, 6, 8, 12, 16, 24]}",2024,50000,0.94844
"U(0.01,0.1), eps=1e-05",narrow_e5,0.01,0.1,uniform,1e-05,binary_deep,qmetrology.algorithms.find_phi_fixed_budget_binary_search_deep,413269439,"{""conf"": 0.52, ""m_exploration"": 3520}",True,"42,43",700,6000,72,130,30,"{""42"": 0.9606666666666667, ""43"": 0.9595}",0.9600833333333334,"{""m_exploration"": 3520, ""conf"": 0.5}",0.033333333333340764,1,27551295,0,0,{},"{""conf"": [0.5, 0.52, 0.55, 0.58, 0.62, 0.66, 0.7, 0.75, 0.8, 0.85, 0.9, 0.95, 0.99]}",2024,50000,0.95766
"U(0.01,0.1), eps=1e-05",narrow_e5,0.01,0.1,uniform,1e-05,reverse_eng_risk,qmetrology.algorithms.find_phi_fixed_budget_reverse_engineering_risk,413269439,"{""m_exploration"": 44831}",True,"42,43",700,6000,24,10,15,"{""42"": 0.9608333333333333, ""43"": 0.9608333333333333}",0.9608333333333333,"{""m_exploration"": 89662}",0.0,1,27551295,0,0,{},{},2024,50000,0.95904
"U(0.01,0.1), eps=1e-05",narrow_e5,0.01,0.1,uniform,1e-05,brute,qmetrology.algorithms.find_phi_fixed_budget_brute_force,585431022,{},False,"42,43",,,0,0,0,{},,,,,,0,0,{},{},2024,50000,0.94044
"U(0.01,0.1), eps=1e-05",narrow_e5,0.01,0.1,uniform,1e-05,linear,qmetrology.algorithms.find_phi_fixed_budget_linear_search,585431022,"{""inc"": 1, ""lookback_window"": 6, ""m_exploration"": 8660, ""mean_window"": 8, ""safeguard"": 1}",True,"42,43",700,6000,1944,36000,810,"{""42"": 0.9761666666666666, ""43"": 0.9755}",0.9758333333333333,"{""m_exploration"": 8660, ""lookback_window"": 6, ""safeguard"": 1, ""inc"": 1, ""mean_window"": 4}",0.1083333333333325,1,39028734,0,0,"{""inc"": ""min""}","{""inc"": [1, 2, 3, 5, 8], ""lookback_window"": [1, 2, 3, 4, 5, 6, 8, 12, 20], ""mean_window"": [0, 1, 2, 3, 4, 6, 8, 12], ""safeguard"": [0, 1, 2, 3, 4, 6, 8, 12, 16, 24]}",2024,50000,0.97376
"U(0.01,0.1), eps=1e-05",narrow_e5,0.01,0.1,uniform,1e-05,binary_deep,qmetrology.algorithms.find_phi_fixed_budget_binary_search_deep,585431022,"{""conf"": 0.95, ""m_exploration"": 27775}",True,"42,43",700,6000,72,130,45,"{""42"": 0.9865, ""43"": 0.9826666666666667}",0.9845833333333334,"{""m_exploration"": 30666, ""conf"": 0.95}",0.008333333333343518,1,39028734,0,0,{},"{""conf"": [0.5, 0.52, 0.55, 0.58, 0.62, 0.66, 0.7, 0.75, 0.8, 0.85, 0.9, 0.95, 0.99]}",2024,50000,0.98026
"U(0.01,0.1), eps=1e-05",narrow_e5,0.01,0.1,uniform,1e-05,reverse_eng_risk,qmetrology.algorithms.find_phi_fixed_budget_reverse_engineering_risk,585431022,"{""m_exploration"": 503}",True,"42,43",700,6000,24,10,15,"{""42"": 0.9805, ""43"": 0.9808333333333333}",0.9806666666666667,"{""m_exploration"": 555}",0.008333333333332416,1,39028734,0,0,{},{},2024,50000,0.9794
"U(0.01,0.1), eps=1e-05",narrow_e5,0.01,0.1,uniform,1e-05,brute,qmetrology.algorithms.find_phi_fixed_budget_brute_force,829312426,{},False,"42,43",,,0,0,0,{},,,,,,0,0,{},{},2024,50000,0.97448
"U(0.01,0.1), eps=1e-05",narrow_e5,0.01,0.1,uniform,1e-05,linear,qmetrology.algorithms.find_phi_fixed_budget_linear_search,829312426,"{""inc"": 1, ""lookback_window"": 6, ""m_exploration"": 17078, ""mean_window"": 6, ""safeguard"": 1}",True,"42,43",700,6000,1944,36000,810,"{""42"": 0.9898333333333333, ""43"": 0.9918333333333333}",0.9908333333333333,"{""m_exploration"": 17078, ""lookback_window"": 6, ""safeguard"": 1, ""inc"": 1, ""mean_window"": 8}",0.01666666666666483,1,55287495,0,0,"{""inc"": ""min""}","{""inc"": [1, 2, 3, 5, 8], ""lookback_window"": [1, 2, 3, 4, 5, 6, 8, 12, 20], ""mean_window"": [0, 1, 2, 3, 4, 6, 8, 12], ""safeguard"": [0, 1, 2, 3, 4, 6, 8, 12, 16, 24]}",2024,50000,0.9888
"U(0.01,0.1), eps=1e-05",narrow_e5,0.01,0.1,uniform,1e-05,binary_deep,qmetrology.algorithms.find_phi_fixed_budget_binary_search_deep,829312426,"{""conf"": 0.85, ""m_exploration"": 22129}",True,"42,43",700,6000,72,130,45,"{""42"": 0.996, ""43"": 0.9945}",0.99525,"{""m_exploration"": 22129, ""conf"": 0.8}",0.008333333333321313,1,55287495,0,0,{},"{""conf"": [0.5, 0.52, 0.55, 0.58, 0.62, 0.66, 0.7, 0.75, 0.8, 0.85, 0.9, 0.95, 0.99]}",2024,50000,0.99358
"U(0.01,0.1), eps=1e-05",narrow_e5,0.01,0.1,uniform,1e-05,reverse_eng_risk,qmetrology.algorithms.find_phi_fixed_budget_reverse_engineering_risk,829312426,"{""m_exploration"": 219}",True,"42,43",700,6000,24,10,15,"{""42"": 0.9938333333333333, ""43"": 0.9933333333333333}",0.9935833333333333,"{""m_exploration"": 219}",0.0,1,55287495,0,0,{},{},2024,50000,0.99186
"U(0.01,0.1), eps=1e-05",narrow_e5,0.01,0.1,uniform,1e-05,brute,qmetrology.algorithms.find_phi_fixed_budget_brute_force,1174791008,{},False,"42,43",,,0,0,0,{},,,,,,0,0,{},{},2024,50000,0.99266
"U(0.01,0.1), eps=1e-05",narrow_e5,0.01,0.1,uniform,1e-05,linear,qmetrology.algorithms.find_phi_fixed_budget_linear_search,1174791008,"{""inc"": 1, ""lookback_window"": 4, ""m_exploration"": 12411, ""mean_window"": 2, ""safeguard"": 1}",True,"42,43",700,6000,1944,36000,1215,"{""42"": 0.9976666666666667, ""43"": 0.9978333333333333}",0.99775,"{""m_exploration"": 12411, ""lookback_window"": 4, ""safeguard"": 1, ""inc"": 1, ""mean_window"": 3}",0.016666666666675933,1,78319400,0,0,"{""inc"": ""min""}","{""inc"": [1, 2, 3, 5, 8], ""lookback_window"": [1, 2, 3, 4, 5, 6, 8, 12, 20], ""mean_window"": [0, 1, 2, 3, 4, 6, 8, 12], ""safeguard"": [0, 1, 2, 3, 4, 6, 8, 12, 16, 24]}",2024,50000,0.99716
"U(0.01,0.1), eps=1e-05",narrow_e5,0.01,0.1,uniform,1e-05,binary_deep,qmetrology.algorithms.find_phi_fixed_budget_binary_search_deep,1174791008,"{""conf"": 0.5, ""m_exploration"": 3844}",True,"42,43",700,6000,72,130,30,"{""42"": 0.9988333333333334, ""43"": 0.9991666666666666}",0.999,"{""m_exploration"": 4244, ""conf"": 0.52}",0.0,1,78319400,0,0,"{""conf"": ""min""}","{""conf"": [0.5, 0.52, 0.55, 0.58, 0.62, 0.66, 0.7, 0.75, 0.8, 0.85, 0.9, 0.95, 0.99]}",2024,50000,0.99822
"U(0.01,0.1), eps=1e-05",narrow_e5,0.01,0.1,uniform,1e-05,reverse_eng_risk,qmetrology.algorithms.find_phi_fixed_budget_reverse_engineering_risk,1174791008,"{""m_exploration"": 238}",True,"42,43",700,6000,24,10,15,"{""42"": 0.9991666666666666, ""43"": 0.9985}",0.9988333333333334,"{""m_exploration"": 195}",0.008333333333332416,1,78319400,0,0,{},{},2024,50000,0.99788
"U(0.01,0.1), eps=1e-05",narrow_e5,0.01,0.1,uniform,1e-05,brute,qmetrology.algorithms.find_phi_fixed_budget_brute_force,1664190563,{},False,"42,43",,,0,0,0,{},,,,,,0,0,{},{},2024,50000,0.9985
"U(0.01,0.1), eps=1e-05",narrow_e5,0.01,0.1,uniform,1e-05,linear,qmetrology.algorithms.find_phi_fixed_budget_linear_search,1664190563,"{""inc"": 1, ""lookback_window"": 3, ""m_exploration"": 134680, ""mean_window"": 1, ""safeguard"": 1}",True,"42,43",700,6000,1944,36000,540,"{""42"": 0.9995, ""43"": 0.9995}",0.9995,"{""m_exploration"": 164177, ""lookback_window"": 3, ""safeguard"": 1, ""inc"": 1, ""mean_window"": 1}",0.0,1,110946037,0,0,"{""inc"": ""min""}","{""inc"": [1, 2, 3, 5, 8], ""lookback_window"": [1, 2, 3, 4, 5, 6, 8, 12, 20], ""mean_window"": [0, 1, 2, 3, 4, 6, 8, 12], ""safeguard"": [0, 1, 2, 3, 4, 6, 8, 12, 16, 24]}",2024,50000,0.99958
"U(0.01,0.1), eps=1e-05",narrow_e5,0.01,0.1,uniform,1e-05,binary_deep,qmetrology.algorithms.find_phi_fixed_budget_binary_search_deep,1664190563,"{""conf"": 0.5, ""m_exploration"": 882}",True,"42,43",700,6000,72,130,30,"{""42"": 0.9998333333333334, ""43"": 0.9995}",0.9996666666666667,"{""m_exploration"": 362, ""conf"": 0.5}",0.008333333333343518,1,110946037,0,0,"{""conf"": ""min""}","{""conf"": [0.5, 0.52, 0.55, 0.58, 0.62, 0.66, 0.7, 0.75, 0.8, 0.85, 0.9, 0.95, 0.99]}",2024,50000,0.99934
"U(0.01,0.1), eps=1e-05",narrow_e5,0.01,0.1,uniform,1e-05,reverse_eng_risk,qmetrology.algorithms.find_phi_fixed_budget_reverse_engineering_risk,1664190563,"{""m_exploration"": 57}",True,"42,43",700,6000,24,10,15,"{""42"": 0.9998333333333334, ""43"": 0.9998333333333334}",0.9998333333333334,"{""m_exploration"": 57}",0.0,1,110946037,0,0,{},{},2024,50000,0.99954
"U(0.01,0.1), eps=1e-05",narrow_e5,0.01,0.1,uniform,1e-05,brute,qmetrology.algorithms.find_phi_fixed_budget_brute_force,2357466314,{},False,"42,43",,,0,0,0,{},,,,,,0,0,{},{},2024,50000,0.99992
"U(0.01,0.1), eps=1e-05",narrow_e5,0.01,0.1,uniform,1e-05,linear,qmetrology.algorithms.find_phi_fixed_budget_linear_search,2357466314,"{""inc"": 1, ""lookback_window"": 1, ""m_exploration"": 7, ""mean_window"": 1, ""safeguard"": 1}",True,"42,43",700,6000,1944,36000,360,"{""42"": 1.0, ""43"": 1.0}",1.0,"{""m_exploration"": 9, ""lookback_window"": 1, ""safeguard"": 2, ""inc"": 1, ""mean_window"": 1}",0.0,1,157164420,0,0,"{""inc"": ""min"", ""lookback_window"": ""min""}","{""inc"": [1, 2, 3, 5, 8], ""lookback_window"": [1, 2, 3, 4, 5, 6, 8, 12, 20], ""mean_window"": [0, 1, 2, 3, 4, 6, 8, 12], ""safeguard"": [0, 1, 2, 3, 4, 6, 8, 12, 16, 24]}",2024,50000,0.99976
"U(0.01,0.1), eps=1e-05",narrow_e5,0.01,0.1,uniform,1e-05,binary_deep,qmetrology.algorithms.find_phi_fixed_budget_binary_search_deep,2357466314,"{""conf"": 0.5, ""m_exploration"": 155}",True,"42,43",700,6000,72,130,30,"{""42"": 1.0, ""43"": 1.0}",1.0,"{""m_exploration"": 155, ""conf"": 0.52}",0.008333333333332416,1,157164420,0,0,"{""conf"": ""min""}","{""conf"": [0.5, 0.52, 0.55, 0.58, 0.62, 0.66, 0.7, 0.75, 0.8, 0.85, 0.9, 0.95, 0.99]}",2024,50000,0.99966
"U(0.01,0.1), eps=1e-05",narrow_e5,0.01,0.1,uniform,1e-05,reverse_eng_risk,qmetrology.algorithms.find_phi_fixed_budget_reverse_engineering_risk,2357466314,"{""m_exploration"": 13}",True,"42,43",700,6000,24,10,13,"{""42"": 1.0, ""43"": 1.0}",1.0,"{""m_exploration"": 14}",0.0,1,157164420,0,0,{},{},2024,50000,0.99988
"U(0.01,0.1), eps=1e-05",narrow_e5,0.01,0.1,uniform,1e-05,brute,qmetrology.algorithms.find_phi_fixed_budget_brute_force,3339549897,{},False,"42,43",,,0,0,0,{},,,,,,0,0,{},{},2024,50000,1.0
"U(0.01,0.1), eps=1e-05",narrow_e5,0.01,0.1,uniform,1e-05,linear,qmetrology.algorithms.find_phi_fixed_budget_linear_search,3339549897,"{""inc"": 1, ""lookback_window"": 1, ""m_exploration"": 1, ""mean_window"": 1, ""safeguard"": 1}",True,"42,43",700,6000,1944,14400,48,"{""42"": 1.0, ""43"": 1.0}",1.0,"{""m_exploration"": 1, ""lookback_window"": 2, ""safeguard"": 1, ""inc"": 1, ""mean_window"": 1}",0.0,1,222636659,1,0,"{""inc"": ""min"", ""lookback_window"": ""min"", ""m_exploration"": ""min""}","{""inc"": [1, 2, 3, 5, 8], ""lookback_window"": [1, 2, 3, 4, 5, 6, 8, 12, 20], ""mean_window"": [0, 1, 2, 3, 4, 6, 8, 12], ""safeguard"": [0, 1, 2, 3, 4, 6, 8, 12, 16, 24]}",2024,50000,1.0
"U(0.01,0.1), eps=1e-05",narrow_e5,0.01,0.1,uniform,1e-05,binary_deep,qmetrology.algorithms.find_phi_fixed_budget_binary_search_deep,3339549897,"{""conf"": 0.5, ""m_exploration"": 26}",True,"42,43",700,6000,72,130,30,"{""42"": 1.0, ""43"": 0.9998333333333334}",0.9999166666666667,"{""m_exploration"": 39, ""conf"": 0.5}",0.008333333333332416,1,222636659,0,0,"{""conf"": ""min""}","{""conf"": [0.5, 0.52, 0.55, 0.58, 0.62, 0.66, 0.7, 0.75, 0.8, 0.85, 0.9, 0.95, 0.99]}",2024,50000,0.9995
"U(0.01,0.1), eps=1e-05",narrow_e5,0.01,0.1,uniform,1e-05,reverse_eng_risk,qmetrology.algorithms.find_phi_fixed_budget_reverse_engineering_risk,3339549897,"{""m_exploration"": 1}",True,"42,43",700,6000,24,4,2,"{""42"": 1.0, ""43"": 1.0}",1.0,"{""m_exploration"": 2}",0.0,1,222636659,1,0,"{""m_exploration"": ""min""}",{},2024,50000,0.99998
"U(0.01,0.1), eps=1e-05",narrow_e5,0.01,0.1,uniform,1e-05,brute,qmetrology.algorithms.find_phi_fixed_budget_brute_force,4730754135,{},False,"42,43",,,0,0,0,{},,,,,,0,0,{},{},2024,50000,1.0
"U(0.01,0.1), eps=1e-05",narrow_e5,0.01,0.1,uniform,1e-05,linear,qmetrology.algorithms.find_phi_fixed_budget_linear_search,4730754135,"{""inc"": 1, ""lookback_window"": 1, ""m_exploration"": 1, ""mean_window"": 1, ""safeguard"": 1}",True,"42,43",700,6000,1944,14400,48,"{""42"": 1.0, ""43"": 1.0}",1.0,"{""m_exploration"": 1, ""lookback_window"": 2, ""safeguard"": 1, ""inc"": 1, ""mean_window"": 1}",0.0,1,315383609,1,0,"{""inc"": ""min"", ""lookback_window"": ""min"", ""m_exploration"": ""min""}","{""inc"": [1, 2, 3, 5, 8], ""lookback_window"": [1, 2, 3, 4, 5, 6, 8, 12, 20], ""mean_window"": [0, 1, 2, 3, 4, 6, 8, 12], ""safeguard"": [0, 1, 2, 3, 4, 6, 8, 12, 16, 24]}",2024,50000,1.0
"U(0.01,0.1), eps=1e-05",narrow_e5,0.01,0.1,uniform,1e-05,binary_deep,qmetrology.algorithms.find_phi_fixed_budget_binary_search_deep,4730754135,"{""conf"": 0.5, ""m_exploration"": 12}",True,"42,43",700,6000,72,130,28,"{""42"": 1.0, ""43"": 1.0}",1.0,"{""m_exploration"": 12, ""conf"": 0.52}",0.0,1,315383609,0,0,"{""conf"": ""min""}","{""conf"": [0.5, 0.52, 0.55, 0.58, 0.62, 0.66, 0.7, 0.75, 0.8, 0.85, 0.9, 0.95, 0.99]}",2024,50000,0.99954
"U(0.01,0.1), eps=1e-05",narrow_e5,0.01,0.1,uniform,1e-05,reverse_eng_risk,qmetrology.algorithms.find_phi_fixed_budget_reverse_engineering_risk,4730754135,"{""m_exploration"": 1}",True,"42,43",700,6000,24,4,2,"{""42"": 1.0, ""43"": 1.0}",1.0,"{""m_exploration"": 2}",0.0,1,315383609,1,0,"{""m_exploration"": ""min""}",{},2024,50000,1.0
"U(0.01,0.1), eps=1e-05",narrow_e5,0.01,0.1,uniform,1e-05,brute,qmetrology.algorithms.find_phi_fixed_budget_brute_force,6701512293,{},False,"42,43",,,0,0,0,{},,,,,,0,0,{},{},2024,50000,1.0
"U(0.01,0.1), eps=1e-05",narrow_e5,0.01,0.1,uniform,1e-05,linear,qmetrology.algorithms.find_phi_fixed_budget_linear_search,6701512293,"{""inc"": 1, ""lookback_window"": 1, ""m_exploration"": 1, ""mean_window"": 1, ""safeguard"": 1}",True,"42,43",700,6000,1944,14400,48,"{""42"": 1.0, ""43"": 1.0}",1.0,"{""m_exploration"": 1, ""lookback_window"": 2, ""safeguard"": 1, ""inc"": 1, ""mean_window"": 1}",0.0,1,446767486,1,0,"{""inc"": ""min"", ""lookback_window"": ""min"", ""m_exploration"": ""min""}","{""inc"": [1, 2, 3, 5, 8], ""lookback_window"": [1, 2, 3, 4, 5, 6, 8, 12, 20], ""mean_window"": [0, 1, 2, 3, 4, 6, 8, 12], ""safeguard"": [0, 1, 2, 3, 4, 6, 8, 12, 16, 24]}",2024,50000,1.0
"U(0.01,0.1), eps=1e-05",narrow_e5,0.01,0.1,uniform,1e-05,binary_deep,qmetrology.algorithms.find_phi_fixed_budget_binary_search_deep,6701512293,"{""conf"": 0.5, ""m_exploration"": 7}",True,"42,43",700,6000,72,117,14,"{""42"": 1.0, ""43"": 1.0}",1.0,"{""m_exploration"": 8, ""conf"": 0.52}",0.0,1,446767486,0,0,"{""conf"": ""min""}","{""conf"": [0.5, 0.52, 0.55, 0.58, 0.62, 0.66, 0.7, 0.75, 0.8, 0.85, 0.9, 0.95, 0.99]}",2024,50000,0.99996
"U(0.01,0.1), eps=1e-05",narrow_e5,0.01,0.1,uniform,1e-05,reverse_eng_risk,qmetrology.algorithms.find_phi_fixed_budget_reverse_engineering_risk,6701512293,"{""m_exploration"": 1}",True,"42,43",700,6000,24,4,2,"{""42"": 1.0, ""43"": 1.0}",1.0,"{""m_exploration"": 2}",0.0,1,446767486,1,0,"{""m_exploration"": ""min""}",{},2024,50000,1.0
"U(0.01,0.1), eps=1e-05",narrow_e5,0.01,0.1,uniform,1e-05,brute,qmetrology.algorithms.find_phi_fixed_budget_brute_force,9493257466,{},False,"42,43",,,0,0,0,{},,,,,,0,0,{},{},2024,50000,1.0
"U(0.01,0.1), eps=1e-05",narrow_e5,0.01,0.1,uniform,1e-05,linear,qmetrology.algorithms.find_phi_fixed_budget_linear_search,9493257466,"{""inc"": 1, ""lookback_window"": 1, ""m_exploration"": 1, ""mean_window"": 1, ""safeguard"": 1}",True,"42,43",700,6000,1944,14400,48,"{""42"": 1.0, ""43"": 1.0}",1.0,"{""m_exploration"": 1, ""lookback_window"": 2, ""safeguard"": 1, ""inc"": 1, ""mean_window"": 1}",0.0,1,632883831,1,0,"{""inc"": ""min"", ""lookback_window"": ""min"", ""m_exploration"": ""min""}","{""inc"": [1, 2, 3, 5, 8], ""lookback_window"": [1, 2, 3, 4, 5, 6, 8, 12, 20], ""mean_window"": [0, 1, 2, 3, 4, 6, 8, 12], ""safeguard"": [0, 1, 2, 3, 4, 6, 8, 12, 16, 24]}",2024,50000,1.0
"U(0.01,0.1), eps=1e-05",narrow_e5,0.01,0.1,uniform,1e-05,binary_deep,qmetrology.algorithms.find_phi_fixed_budget_binary_search_deep,9493257466,"{""conf"": 0.5, ""m_exploration"": 3}",True,"42,43",700,6000,72,117,12,"{""42"": 1.0, ""43"": 1.0}",1.0,"{""m_exploration"": 4, ""conf"": 0.5}",0.0,1,632883831,0,0,"{""conf"": ""min""}","{""conf"": [0.5, 0.52, 0.55, 0.58, 0.62, 0.66, 0.7, 0.75, 0.8, 0.85, 0.9, 0.95, 0.99]}",2024,50000,0.99996
"U(0.01,0.1), eps=1e-05",narrow_e5,0.01,0.1,uniform,1e-05,reverse_eng_risk,qmetrology.algorithms.find_phi_fixed_budget_reverse_engineering_risk,9493257466,"{""m_exploration"": 1}",True,"42,43",700,6000,24,4,2,"{""42"": 1.0, ""43"": 1.0}",1.0,"{""m_exploration"": 2}",0.0,1,632883831,1,0,"{""m_exploration"": ""min""}",{},2024,50000,1.0
"U(0.01,0.1), eps=1e-05",narrow_e5,0.01,0.1,uniform,1e-05,brute,qmetrology.algorithms.find_phi_fixed_budget_brute_force,13447999999,{},False,"42,43",,,0,0,0,{},,,,,,0,0,{},{},2024,50000,1.0
"U(0.01,0.1), eps=1e-05",narrow_e5,0.01,0.1,uniform,1e-05,linear,qmetrology.algorithms.find_phi_fixed_budget_linear_search,13447999999,"{""inc"": 1, ""lookback_window"": 1, ""m_exploration"": 1, ""mean_window"": 1, ""safeguard"": 1}",True,"42,43",700,6000,1944,14400,48,"{""42"": 1.0, ""43"": 1.0}",1.0,"{""m_exploration"": 1, ""lookback_window"": 2, ""safeguard"": 1, ""inc"": 1, ""mean_window"": 1}",0.0,1,896533333,1,0,"{""inc"": ""min"", ""lookback_window"": ""min"", ""m_exploration"": ""min""}","{""inc"": [1, 2, 3, 5, 8], ""lookback_window"": [1, 2, 3, 4, 5, 6, 8, 12, 20], ""mean_window"": [0, 1, 2, 3, 4, 6, 8, 12], ""safeguard"": [0, 1, 2, 3, 4, 6, 8, 12, 16, 24]}",2024,50000,1.0
"U(0.01,0.1), eps=1e-05",narrow_e5,0.01,0.1,uniform,1e-05,binary_deep,qmetrology.algorithms.find_phi_fixed_budget_binary_search_deep,13447999999,"{""conf"": 0.5, ""m_exploration"": 1}",True,"42,43",700,6000,72,52,4,"{""42"": 1.0, ""43"": 1.0}",1.0,"{""m_exploration"": 1, ""conf"": 0.52}",0.0,1,896533333,1,0,"{""conf"": ""min"", ""m_exploration"": ""min""}","{""conf"": [0.5, 0.52, 0.55, 0.58, 0.62, 0.66, 0.7, 0.75, 0.8, 0.85, 0.9, 0.95, 0.99]}",2024,50000,1.0
"U(0.01,0.1), eps=1e-05",narrow_e5,0.01,0.1,uniform,1e-05,reverse_eng_risk,qmetrology.algorithms.find_phi_fixed_budget_reverse_engineering_risk,13447999999,"{""m_exploration"": 1}",True,"42,43",700,6000,24,4,2,"{""42"": 1.0, ""43"": 1.0}",1.0,"{""m_exploration"": 2}",0.0,1,896533333,1,0,"{""m_exploration"": ""min""}",{},2024,50000,1.0
"U(0.01,0.1), eps=1e-06",narrow_e6,0.01,0.1,uniform,1e-06,brute,qmetrology.algorithms.find_phi_fixed_budget_brute_force,896533333,{},False,"42,43",,,0,0,0,{},,,,,,0,0,{},{},2024,50000,0.18698
"U(0.01,0.1), eps=1e-06",narrow_e6,0.01,0.1,uniform,1e-06,linear,qmetrology.algorithms.find_phi_fixed_budget_linear_search,896533333,"{""inc"": 1, ""lookback_window"": 5, ""m_exploration"": 9889, ""mean_window"": 1, ""safeguard"": 1}",True,"42,43",700,6000,1944,36000,810,"{""42"": 0.2801666666666667, ""43"": 0.2728333333333333}",0.27649999999999997,"{""m_exploration"": 8956, ""lookback_window"": 5, ""safeguard"": 1, ""inc"": 1, ""mean_window"": 1}",0.024999999999997247,1,59768888,0,0,"{""inc"": ""min""}","{""inc"": [1, 2, 3, 5, 8], ""lookback_window"": [1, 2, 3, 4, 5, 6, 8, 12, 20], ""mean_window"": [0, 1, 2, 3, 4, 6, 8, 12], ""safeguard"": [0, 1, 2, 3, 4, 6, 8, 12, 16, 24]}",2024,50000,0.26624
"U(0.01,0.1), eps=1e-06",narrow_e6,0.01,0.1,uniform,1e-06,binary_deep,qmetrology.algorithms.find_phi_fixed_budget_binary_search_deep,896533333,"{""conf"": 0.95, ""m_exploration"": 1781}",True,"42,43",700,6000,72,130,45,"{""42"": 0.2808333333333333, ""43"": 0.2831666666666667}",0.28200000000000003,"{""m_exploration"": 1966, ""conf"": 0.95}",0.2333333333333354,1,59768888,0,0,{},"{""conf"": [0.5, 0.52, 0.55, 0.58, 0.62, 0.66, 0.7, 0.75, 0.8, 0.85, 0.9, 0.95, 0.99]}",2024,50000,0.272
"U(0.01,0.1), eps=1e-06",narrow_e6,0.01,0.1,uniform,1e-06,reverse_eng_risk,qmetrology.algorithms.find_phi_fixed_budget_reverse_engineering_risk,896533333,"{""m_exploration"": 97251}",True,"42,43",700,6000,24,10,15,"{""42"": 0.2808333333333333, ""43"": 0.27366666666666667}",0.27725,"{""m_exploration"": 88082}",0.008333333333332416,1,59768888,0,0,{},{},2024,50000,0.27634
"U(0.01,0.1), eps=1e-06",narrow_e6,0.01,0.1,uniform,1e-06,brute,qmetrology.algorithms.find_phi_fixed_budget_brute_force,1270015093,{},False,"42,43",,,0,0,0,{},,,,,,0,0,{},{},2024,50000,0.221
"U(0.01,0.1), eps=1e-06",narrow_e6,0.01,0.1,uniform,1e-06,linear,qmetrology.algorithms.find_phi_fixed_budget_linear_search,1270015093,"{""inc"": 1, ""lookback_window"": 6, ""m_exploration"": 9426, ""mean_window"": 2, ""safeguard"": 1}",True,"42,43",700,6000,1944,36000,810,"{""42"": 0.3238333333333333, ""43"": 0.32}",0.32191666666666663,"{""m_exploration"": 18853, ""lookback_window"": 6, ""safeguard"": 1, ""inc"": 1, ""mean_window"": 2}",0.1916666666666622,1,84667672,0,0,"{""inc"": ""min""}","{""inc"": [1, 2, 3, 5, 8], ""lookback_window"": [1, 2, 3, 4, 5, 6, 8, 12, 20], ""mean_window"": [0, 1, 2, 3, 4, 6, 8, 12], ""safeguard"": [0, 1, 2, 3, 4, 6, 8, 12, 16, 24]}",2024,50000,0.31014
"U(0.01,0.1), eps=1e-06",narrow_e6,0.01,0.1,uniform,1e-06,binary_deep,qmetrology.algorithms.find_phi_fixed_budget_binary_search_deep,1270015093,"{""conf"": 0.75, ""m_exploration"": 21280}",True,"42,43",700,6000,72,130,45,"{""42"": 0.32466666666666666, ""43"": 0.3313333333333333}",0.32799999999999996,"{""m_exploration"": 31622, ""conf"": 0.85}",0.05833333333332691,1,84667672,0,0,{},"{""conf"": [0.5, 0.52, 0.55, 0.58, 0.62, 0.66, 0.7, 0.75, 0.8, 0.85, 0.9, 0.95, 0.99]}",2024,50000,0.32578
"U(0.01,0.1), eps=1e-06",narrow_e6,0.01,0.1,uniform,1e-06,reverse_eng_risk,qmetrology.algorithms.find_phi_fixed_budget_reverse_engineering_risk,1270015093,"{""m_exploration"": 232357}",True,"42,43",700,6000,24,10,15,"{""42"": 0.32616666666666666, ""43"": 0.32066666666666666}",0.3234166666666667,"{""m_exploration"": 210451}",0.050000000000005596,1,84667672,0,0,{},{},2024,50000,0.32518
"U(0.01,0.1), eps=1e-06",narrow_e6,0.01,0.1,uniform,1e-06,brute,qmetrology.algorithms.find_phi_fixed_budget_brute_force,1799083511,{},False,"42,43",,,0,0,0,{},,,,,,0,0,{},{},2024,50000,0.25916
"U(0.01,0.1), eps=1e-06",narrow_e6,0.01,0.1,uniform,1e-06,linear,qmetrology.algorithms.find_phi_fixed_budget_linear_search,1799083511,"{""inc"": 1, ""lookback_window"": 8, ""m_exploration"": 1498, ""mean_window"": 2, ""safeguard"": 1}",True,"42,43",700,6000,1944,36000,810,"{""42"": 0.38183333333333336, ""43"": 0.37633333333333335}",0.3790833333333333,"{""m_exploration"": 2458, ""lookback_window"": 6, ""safeguard"": 1, ""inc"": 1, ""mean_window"": 2}",0.34166666666666234,1,119938900,0,0,"{""inc"": ""min""}","{""inc"": [1, 2, 3, 5, 8], ""lookback_window"": [1, 2, 3, 4, 5, 6, 8, 12, 20], ""mean_window"": [0, 1, 2, 3, 4, 6, 8, 12], ""safeguard"": [0, 1, 2, 3, 4, 6, 8, 12, 16, 24]}",2024,50000,0.36886
"U(0.01,0.1), eps=1e-06",narrow_e6,0.01,0.1,uniform,1e-06,binary_deep,qmetrology.algorithms.find_phi_fixed_budget_binary_search_deep,1799083511,"{""conf"": 0.66, ""m_exploration"": 2288}",True,"42,43",700,6000,72,130,45,"{""42"": 0.3835, ""43"": 0.381}",0.38225,"{""m_exploration"": 2072, ""conf"": 0.66}",0.024999999999997247,1,119938900,0,0,{},"{""conf"": [0.5, 0.52, 0.55, 0.58, 0.62, 0.66, 0.7, 0.75, 0.8, 0.85, 0.9, 0.95, 0.99]}",2024,50000,0.37572
"U(0.01,0.1), eps=1e-06",narrow_e6,0.01,0.1,uniform,1e-06,reverse_eng_risk,qmetrology.algorithms.find_phi_fixed_budget_reverse_engineering_risk,1799083511,"{""m_exploration"": 162716}",True,"42,43",700,6000,24,10,15,"{""42"": 0.3795, ""43"": 0.37716666666666665}",0.3783333333333333,"{""m_exploration"": 179653}",0.07499999999999729,1,119938900,0,0,{},{},2024,50000,0.38228
"U(0.01,0.1), eps=1e-06",narrow_e6,0.01,0.1,uniform,1e-06,brute,qmetrology.algorithms.find_phi_fixed_budget_brute_force,2548553554,{},False,"42,43",,,0,0,0,{},,,,,,0,0,{},{},2024,50000,0.30736
"U(0.01,0.1), eps=1e-06",narrow_e6,0.01,0.1,uniform,1e-06,linear,qmetrology.algorithms.find_phi_fixed_budget_linear_search,2548553554,"{""inc"": 1, ""lookback_window"": 8, ""m_exploration"": 1318, ""mean_window"": 3, ""safeguard"": 1}",True,"42,43",700,6000,1944,36000,810,"{""42"": 0.44233333333333336, ""43"": 0.43983333333333335}",0.4410833333333334,"{""m_exploration"": 2387, ""lookback_window"": 12, ""safeguard"": 1, ""inc"": 1, ""mean_window"": 3}",0.3000000000000058,1,169903570,0,0,"{""inc"": ""min""}","{""inc"": [1, 2, 3, 5, 8], ""lookback_window"": [1, 2, 3, 4, 5, 6, 8, 12, 20], ""mean_window"": [0, 1, 2, 3, 4, 6, 8, 12], ""safeguard"": [0, 1, 2, 3, 4, 6, 8, 12, 16, 24]}",2024,50000,0.4278
"U(0.01,0.1), eps=1e-06",narrow_e6,0.01,0.1,uniform,1e-06,binary_deep,qmetrology.algorithms.find_phi_fixed_budget_binary_search_deep,2548553554,"{""conf"": 0.9, ""m_exploration"": 95955}",True,"42,43",700,6000,72,130,45,"{""42"": 0.45616666666666666, ""43"": 0.45066666666666666}",0.4534166666666667,"{""m_exploration"": 95955, ""conf"": 0.95}",0.025000000000002798,1,169903570,0,0,{},"{""conf"": [0.5, 0.52, 0.55, 0.58, 0.62, 0.66, 0.7, 0.75, 0.8, 0.85, 0.9, 0.95, 0.99]}",2024,50000,0.4414
"U(0.01,0.1), eps=1e-06",narrow_e6,0.01,0.1,uniform,1e-06,reverse_eng_risk,qmetrology.algorithms.find_phi_fixed_budget_reverse_engineering_risk,2548553554,"{""m_exploration"": 8910}",True,"42,43",700,6000,24,10,15,"{""42"": 0.44266666666666665, ""43"": 0.43916666666666665}",0.4409166666666666,"{""m_exploration"": 8910}",0.0,1,169903570,0,0,{},{},2024,50000,0.44162
"U(0.01,0.1), eps=1e-06",narrow_e6,0.01,0.1,uniform,1e-06,brute,qmetrology.algorithms.find_phi_fixed_budget_brute_force,3610241091,{},False,"42,43",,,0,0,0,{},,,,,,0,0,{},{},2024,50000,0.3602
"U(0.01,0.1), eps=1e-06",narrow_e6,0.01,0.1,uniform,1e-06,linear,qmetrology.algorithms.find_phi_fixed_budget_linear_search,3610241091,"{""inc"": 1, ""lookback_window"": 12, ""m_exploration"": 5212, ""mean_window"": 2, ""safeguard"": 1}",True,"42,43",700,6000,1944,36000,810,"{""42"": 0.508, ""43"": 0.5055}",0.50675,"{""m_exploration"": 6353, ""lookback_window"": 8, ""safeguard"": 1, ""inc"": 1, ""mean_window"": 2}",0.13333333333334085,1,240682739,0,0,"{""inc"": ""min""}","{""inc"": [1, 2, 3, 5, 8], ""lookback_window"": [1, 2, 3, 4, 5, 6, 8, 12, 20], ""mean_window"": [0, 1, 2, 3, 4, 6, 8, 12], ""safeguard"": [0, 1, 2, 3, 4, 6, 8, 12, 16, 24]}",2024,50000,0.4945
"U(0.01,0.1), eps=1e-06",narrow_e6,0.01,0.1,uniform,1e-06,binary_deep,qmetrology.algorithms.find_phi_fixed_budget_binary_search_deep,3610241091,"{""conf"": 0.8, ""m_exploration"": 2950}",True,"42,43",700,6000,72,130,45,"{""42"": 0.5158333333333334, ""43"": 0.5183333333333333}",0.5170833333333333,"{""m_exploration"": 2950, ""conf"": 0.85}",0.17499999999999183,1,240682739,0,0,{},"{""conf"": [0.5, 0.52, 0.55, 0.58, 0.62, 0.66, 0.7, 0.75, 0.8, 0.85, 0.9, 0.95, 0.99]}",2024,50000,0.50656
"U(0.01,0.1), eps=1e-06",narrow_e6,0.01,0.1,uniform,1e-06,reverse_eng_risk,qmetrology.algorithms.find_phi_fixed_budget_reverse_engineering_risk,3610241091,"{""m_exploration"": 153286}",True,"42,43",700,6000,24,10,15,"{""42"": 0.5135, ""43"": 0.514}",0.5137499999999999,"{""m_exploration"": 125746}",0.024999999999986144,1,240682739,0,0,{},{},2024,50000,0.5138
"U(0.01,0.1), eps=1e-06",narrow_e6,0.01,0.1,uniform,1e-06,brute,qmetrology.algorithms.find_phi_fixed_budget_brute_force,5114211046,{},False,"42,43",,,0,0,0,{},,,,,,0,0,{},{},2024,50000,0.4222
"U(0.01,0.1), eps=1e-06",narrow_e6,0.01,0.1,uniform,1e-06,linear,qmetrology.algorithms.find_phi_fixed_budget_linear_search,5114211046,"{""inc"": 1, ""lookback_window"": 8, ""m_exploration"": 62939, ""mean_window"": 1, ""safeguard"": 1}",True,"42,43",700,6000,1944,36000,810,"{""42"": 0.5858333333333333, ""43"": 0.5675}",0.5766666666666667,"{""m_exploration"": 57005, ""lookback_window"": 8, ""safeguard"": 1, ""inc"": 1, ""mean_window"": 1}",0.18333333333333535,1,340947403,0,0,"{""inc"": ""min""}","{""inc"": [1, 2, 3, 5, 8], ""lookback_window"": [1, 2, 3, 4, 5, 6, 8, 12, 20], ""mean_window"": [0, 1, 2, 3, 4, 6, 8, 12], ""safeguard"": [0, 1, 2, 3, 4, 6, 8, 12, 16, 24]}",2024,50000,0.56878
"U(0.01,0.1), eps=1e-06",narrow_e6,0.01,0.1,uniform,1e-06,binary_deep,qmetrology.algorithms.find_phi_fixed_budget_binary_search_deep,5114211046,"{""conf"": 0.9, ""m_exploration"": 12093}",True,"42,43",700,6000,72,130,45,"{""42"": 0.5938333333333333, ""43"": 0.5921666666666666}",0.593,"{""m_exploration"": 10952, ""conf"": 0.9}",0.2083333333333326,1,340947403,0,0,{},"{""conf"": [0.5, 0.52, 0.55, 0.58, 0.62, 0.66, 0.7, 0.75, 0.8, 0.85, 0.9, 0.95, 0.99]}",2024,50000,0.5849
"U(0.01,0.1), eps=1e-06",narrow_e6,0.01,0.1,uniform,1e-06,reverse_eng_risk,qmetrology.algorithms.find_phi_fixed_budget_reverse_engineering_risk,5114211046,"{""m_exploration"": 9249}",True,"42,43",700,6000,24,10,15,"{""42"": 0.5773333333333334, ""43"": 0.5913333333333334}",0.5843333333333334,"{""m_exploration"": 13745}",0.05833333333333801,1,340947403,0,0,{},{},2024,50000,0.5847
"U(0.01,0.1), eps=1e-06",narrow_e6,0.01,0.1,uniform,1e-06,brute,qmetrology.algorithms.find_phi_fixed_budget_brute_force,7244711353,{},False,"42,43",,,0,0,0,{},,,,,,0,0,{},{},2024,50000,0.49238
"U(0.01,0.1), eps=1e-06",narrow_e6,0.01,0.1,uniform,1e-06,linear,qmetrology.algorithms.find_phi_fixed_budget_linear_search,7244711353,"{""inc"": 1, ""lookback_window"": 6, ""m_exploration"": 277684, ""mean_window"": 2, ""safeguard"": 0}",True,"42,43",700,6000,1944,36000,540,"{""42"": 0.654, ""43"": 0.647}",0.6505000000000001,"{""m_exploration"": 186868, ""lookback_window"": 6, ""safeguard"": 0, ""inc"": 1, ""mean_window"": 1}",0.07500000000000284,1,482980756,0,0,"{""inc"": ""min"", ""safeguard"": ""min""}","{""inc"": [1, 2, 3, 5, 8], ""lookback_window"": [1, 2, 3, 4, 5, 6, 8, 12, 20], ""mean_window"": [0, 1, 2, 3, 4, 6, 8, 12], ""safeguard"": [0, 1, 2, 3, 4, 6, 8, 12, 16, 24]}",2024,50000,0.63398
"U(0.01,0.1), eps=1e-06",narrow_e6,0.01,0.1,uniform,1e-06,binary_deep,qmetrology.algorithms.find_phi_fixed_budget_binary_search_deep,7244711353,"{""conf"": 0.7, ""m_exploration"": 4478}",True,"42,43",700,6000,72,130,45,"{""42"": 0.6678333333333333, ""43"": 0.6663333333333333}",0.6670833333333333,"{""m_exploration"": 14696, ""conf"": 0.75}",0.22499999999998632,1,482980756,0,0,{},"{""conf"": [0.5, 0.52, 0.55, 0.58, 0.62, 0.66, 0.7, 0.75, 0.8, 0.85, 0.9, 0.95, 0.99]}",2024,50000,0.65798
"U(0.01,0.1), eps=1e-06",narrow_e6,0.01,0.1,uniform,1e-06,reverse_eng_risk,qmetrology.algorithms.find_phi_fixed_budget_reverse_engineering_risk,7244711353,"{""m_exploration"": 8865}",True,"42,43",700,6000,24,10,15,"{""42"": 0.655, ""43"": 0.6688333333333333}",0.6619166666666667,"{""m_exploration"": 13174}",0.08333333333334636,1,482980756,0,0,{},{},2024,50000,0.66184
"U(0.01,0.1), eps=1e-06",narrow_e6,0.01,0.1,uniform,1e-06,brute,qmetrology.algorithms.find_phi_fixed_budget_brute_force,10262744755,{},False,"42,43",,,0,0,0,{},,,,,,0,0,{},{},2024,50000,0.56812
"U(0.01,0.1), eps=1e-06",narrow_e6,0.01,0.1,uniform,1e-06,linear,qmetrology.algorithms.find_phi_fixed_budget_linear_search,10262744755,"{""inc"": 1, ""lookback_window"": 8, ""m_exploration"": 6424, ""mean_window"": 1, ""safeguard"": 1}",True,"42,43",700,6000,1944,36000,540,"{""42"": 0.7331666666666666, ""43"": 0.7288333333333333}",0.731,"{""m_exploration"": 1606, ""lookback_window"": 12, ""safeguard"": 1, ""inc"": 1, ""mean_window"": 0}",0.04166666666666208,1,684182983,0,0,"{""inc"": ""min""}","{""inc"": [1, 2, 3, 5, 8], ""lookback_window"": [1, 2, 3, 4, 5, 6, 8, 12, 20], ""mean_window"": [0, 1, 2, 3, 4, 6, 8, 12], ""safeguard"": [0, 1, 2, 3, 4, 6, 8, 12, 16, 24]}",2024,50000,0.72072
"U(0.01,0.1), eps=1e-06",narrow_e6,0.01,0.1,uniform,1e-06,binary_deep,qmetrology.algorithms.find_phi_fixed_budget_binary_search_deep,10262744755,"{""conf"": 0.95, ""m_exploration"": 42070}",True,"42,43",700,6000,72,130,30,"{""42"": 0.7383333333333333, ""43"": 0.7505}",0.7444166666666666,"{""m_exploration"": 38103, ""conf"": 0.95}",0.19166666666666776,1,684182983,0,0,{},"{""conf"": [0.5, 0.52, 0.55, 0.58, 0.62, 0.66, 0.7, 0.75, 0.8, 0.85, 0.9, 0.95, 0.99]}",2024,50000,0.73684
"U(0.01,0.1), eps=1e-06",narrow_e6,0.01,0.1,uniform,1e-06,reverse_eng_risk,qmetrology.algorithms.find_phi_fixed_budget_reverse_engineering_risk,10262744755,"{""m_exploration"": 13577}",True,"42,43",700,6000,24,10,15,"{""42"": 0.733, ""43"": 0.7428333333333333}",0.7379166666666667,"{""m_exploration"": 11138}",0.01666666666666483,1,684182983,0,0,{},{},2024,50000,0.73652
"U(0.01,0.1), eps=1e-06",narrow_e6,0.01,0.1,uniform,1e-06,brute,qmetrology.algorithms.find_phi_fixed_budget_brute_force,14538043655,{},False,"42,43",,,0,0,0,{},,,,,,0,0,{},{},2024,50000,0.65232
"U(0.01,0.1), eps=1e-06",narrow_e6,0.01,0.1,uniform,1e-06,linear,qmetrology.algorithms.find_phi_fixed_budget_linear_search,14538043655,"{""inc"": 1, ""lookback_window"": 6, ""m_exploration"": 160181, ""mean_window"": 1, ""safeguard"": 1}",True,"42,43",700,6000,1944,36000,540,"{""42"": 0.8051666666666667, ""43"": 0.7948333333333333}",0.8,"{""m_exploration"": 238029, ""lookback_window"": 6, ""safeguard"": 1, ""inc"": 1, ""mean_window"": 1}",0.03333333333332966,1,969202910,0,0,"{""inc"": ""min""}","{""inc"": [1, 2, 3, 5, 8], ""lookback_window"": [1, 2, 3, 4, 5, 6, 8, 12, 20], ""mean_window"": [0, 1, 2, 3, 4, 6, 8, 12], ""safeguard"": [0, 1, 2, 3, 4, 6, 8, 12, 16, 24]}",2024,50000,0.79546
"U(0.01,0.1), eps=1e-06",narrow_e6,0.01,0.1,uniform,1e-06,binary_deep,qmetrology.algorithms.find_phi_fixed_budget_binary_search_deep,14538043655,"{""conf"": 0.52, ""m_exploration"": 1898}",True,"42,43",700,6000,72,130,30,"{""42"": 0.81, ""43"": 0.8098333333333333}",0.8099166666666666,"{""m_exploration"": 1898, ""conf"": 0.5}",0.07499999999999174,1,969202910,0,0,{},"{""conf"": [0.5, 0.52, 0.55, 0.58, 0.62, 0.66, 0.7, 0.75, 0.8, 0.85, 0.9, 0.95, 0.99]}",2024,50000,0.80256
"U(0.01,0.1), eps=1e-06",narrow_e6,0.01,0.1,uniform,1e-06,reverse_eng_risk,qmetrology.algorithms.find_phi_fixed_budget_reverse_engineering_risk,14538043655,"{""m_exploration"": 12338}",True,"42,43",700,6000,24,10,15,"{""42"": 0.8051666666666667, ""43"": 0.811}",0.8080833333333334,"{""m_exploration"": 24677}",0.033333333333340764,1,969202910,0,0,{},{},2024,50000,0.808
"U(0.01,0.1), eps=1e-06",narrow_e6,0.01,0.1,uniform,1e-06,brute,qmetrology.algorithms.find_phi_fixed_budget_brute_force,20594365186,{},False,"42,43",,,0,0,0,{},,,,,,0,0,{},{},2024,50000,0.73514
"U(0.01,0.1), eps=1e-06",narrow_e6,0.01,0.1,uniform,1e-06,linear,qmetrology.algorithms.find_phi_fixed_budget_linear_search,20594365186,"{""inc"": 1, ""lookback_window"": 6, ""m_exploration"": 289075, ""mean_window"": 1, ""safeguard"": 1}",True,"42,43",700,6000,1944,36000,540,"{""42"": 0.8693333333333333, ""43"": 0.862}",0.8656666666666666,"{""m_exploration"": 429565, ""lookback_window"": 6, ""safeguard"": 1, ""inc"": 1, ""mean_window"": 1}",0.008333333333321313,1,1372957679,0,0,"{""inc"": ""min""}","{""inc"": [1, 2, 3, 5, 8], ""lookback_window"": [1, 2, 3, 4, 5, 6, 8, 12, 20], ""mean_window"": [0, 1, 2, 3, 4, 6, 8, 12], ""safeguard"": [0, 1, 2, 3, 4, 6, 8, 12, 16, 24]}",2024,50000,0.858
"U(0.01,0.1), eps=1e-06",narrow_e6,0.01,0.1,uniform,1e-06,binary_deep,qmetrology.algorithms.find_phi_fixed_budget_binary_search_deep,20594365186,"{""conf"": 0.52, ""m_exploration"": 40208}",True,"42,43",700,6000,72,130,45,"{""42"": 0.8686666666666667, ""43"": 0.8765}",0.8725833333333333,"{""m_exploration"": 40208, ""conf"": 0.55}",0.05833333333332691,1,1372957679,0,0,{},"{""conf"": [0.5, 0.52, 0.55, 0.58, 0.62, 0.66, 0.7, 0.75, 0.8, 0.85, 0.9, 0.95, 0.99]}",2024,50000,0.86984
"U(0.01,0.1), eps=1e-06",narrow_e6,0.01,0.1,uniform,1e-06,reverse_eng_risk,qmetrology.algorithms.find_phi_fixed_budget_reverse_engineering_risk,20594365186,"{""m_exploration"": 11834}",True,"42,43",700,6000,24,10,15,"{""42"": 0.873, ""43"": 0.8771666666666667}",0.8750833333333333,"{""m_exploration"": 8792}",0.024999999999997247,1,1372957679,0,0,{},{},2024,50000,0.87122
"U(0.01,0.1), eps=1e-06",narrow_e6,0.01,0.1,uniform,1e-06,brute,qmetrology.algorithms.find_phi_fixed_budget_brute_force,29173655514,{},False,"42,43",,,0,0,0,{},,,,,,0,0,{},{},2024,50000,0.81704
"U(0.01,0.1), eps=1e-06",narrow_e6,0.01,0.1,uniform,1e-06,linear,qmetrology.algorithms.find_phi_fixed_budget_linear_search,29173655514,"{""inc"": 1, ""lookback_window"": 6, ""m_exploration"": 388599, ""mean_window"": 1, ""safeguard"": 1}",True,"42,43",700,6000,1944,36000,540,"{""42"": 0.9191666666666667, ""43"": 0.9155}",0.9173333333333333,"{""m_exploration"": 429048, ""lookback_window"": 6, ""safeguard"": 1, ""inc"": 1, ""mean_window"": 1}",0.03333333333332966,1,1944910367,0,0,"{""inc"": ""min""}","{""inc"": [1, 2, 3, 5, 8], ""lookback_window"": [1, 2, 3, 4, 5, 6, 8, 12, 20], ""mean_window"": [0, 1, 2, 3, 4, 6, 8, 12], ""safeguard"": [0, 1, 2, 3, 4, 6, 8, 12, 16, 24]}",2024,50000,0.90988
"U(0.01,0.1), eps=1e-06",narrow_e6,0.01,0.1,uniform,1e-06,binary_deep,qmetrology.algorithms.find_phi_fixed_budget_binary_search_deep,29173655514,"{""conf"": 0.52, ""m_exploration"": 4890}",True,"42,43",700,6000,72,130,45,"{""42"": 0.926, ""43"": 0.9231666666666667}",0.9245833333333333,"{""m_exploration"": 4890, ""conf"": 0.58}",0.008333333333332416,1,1944910367,0,0,{},"{""conf"": [0.5, 0.52, 0.55, 0.58, 0.62, 0.66, 0.7, 0.75, 0.8, 0.85, 0.9, 0.95, 0.99]}",2024,50000,0.92026
"U(0.01,0.1), eps=1e-06",narrow_e6,0.01,0.1,uniform,1e-06,reverse_eng_risk,qmetrology.algorithms.find_phi_fixed_budget_reverse_engineering_risk,29173655514,"{""m_exploration"": 13109}",True,"42,43",700,6000,24,10,15,"{""42"": 0.9216666666666666, ""43"": 0.9238333333333333}",0.92275,"{""m_exploration"": 11873}",0.01666666666666483,1,1944910367,0,0,{},{},2024,50000,0.92234
"U(0.01,0.1), eps=1e-06",narrow_e6,0.01,0.1,uniform,1e-06,brute,qmetrology.algorithms.find_phi_fixed_budget_brute_force,41326943964,{},False,"42,43",,,0,0,0,{},,,,,,0,0,{},{},2024,50000,0.88634
"U(0.01,0.1), eps=1e-06",narrow_e6,0.01,0.1,uniform,1e-06,linear,qmetrology.algorithms.find_phi_fixed_budget_linear_search,41326943964,"{""inc"": 1, ""lookback_window"": 6, ""m_exploration"": 294133, ""mean_window"": 1, ""safeguard"": 1}",True,"42,43",700,6000,1944,36000,810,"{""42"": 0.9546666666666667, ""43"": 0.9495}",0.9520833333333334,"{""m_exploration"": 358553, ""lookback_window"": 6, ""safeguard"": 1, ""inc"": 1, ""mean_window"": 1}",0.02500000000000835,1,2755129597,0,0,"{""inc"": ""min""}","{""inc"": [1, 2, 3, 5, 8], ""lookback_window"": [1, 2, 3, 4, 5, 6, 8, 12, 20], ""mean_window"": [0, 1, 2, 3, 4, 6, 8, 12], ""safeguard"": [0, 1, 2, 3, 4, 6, 8, 12, 16, 24]}",2024,50000,0.94872
"U(0.01,0.1), eps=1e-06",narrow_e6,0.01,0.1,uniform,1e-06,binary_deep,qmetrology.algorithms.find_phi_fixed_budget_binary_search_deep,41326943964,"{""conf"": 0.95, ""m_exploration"": 36446}",True,"42,43",700,6000,72,130,30,"{""42"": 0.9636666666666667, ""43"": 0.9618333333333333}",0.96275,"{""m_exploration"": 33010, ""conf"": 0.95}",0.01666666666666483,1,2755129597,0,0,{},"{""conf"": [0.5, 0.52, 0.55, 0.58, 0.62, 0.66, 0.7, 0.75, 0.8, 0.85, 0.9, 0.95, 0.99]}",2024,50000,0.95892
"U(0.01,0.1), eps=1e-06",narrow_e6,0.01,0.1,uniform,1e-06,reverse_eng_risk,qmetrology.algorithms.find_phi_fixed_budget_reverse_engineering_risk,41326943964,"{""m_exploration"": 63948}",True,"42,43",700,6000,24,10,15,"{""42"": 0.9605, ""43"": 0.9605}",0.9605,"{""m_exploration"": 57919}",0.016666666666675933,1,2755129597,0,0,{},{},2024,50000,0.95938
"U(0.01,0.1), eps=1e-06",narrow_e6,0.01,0.1,uniform,1e-06,brute,qmetrology.algorithms.find_phi_fixed_budget_brute_force,58543102238,{},False,"42,43",,,0,0,0,{},,,,,,0,0,{},{},2024,50000,0.94042
"U(0.01,0.1), eps=1e-06",narrow_e6,0.01,0.1,uniform,1e-06,linear,qmetrology.algorithms.find_phi_fixed_budget_linear_search,58543102238,"{""inc"": 1, ""lookback_window"": 6, ""m_exploration"": 127984, ""mean_window"": 1, ""safeguard"": 1}",True,"42,43",700,6000,1944,36000,810,"{""42"": 0.9793333333333333, ""43"": 0.9745}",0.9769166666666667,"{""m_exploration"": 141306, ""lookback_window"": 6, ""safeguard"": 1, ""inc"": 1, ""mean_window"": 1}",0.008333333333332416,1,3902873482,0,0,"{""inc"": ""min""}","{""inc"": [1, 2, 3, 5, 8], ""lookback_window"": [1, 2, 3, 4, 5, 6, 8, 12, 20], ""mean_window"": [0, 1, 2, 3, 4, 6, 8, 12], ""safeguard"": [0, 1, 2, 3, 4, 6, 8, 12, 16, 24]}",2024,50000,0.97574
"U(0.01,0.1), eps=1e-06",narrow_e6,0.01,0.1,uniform,1e-06,binary_deep,qmetrology.algorithms.find_phi_fixed_budget_binary_search_deep,58543102238,"{""conf"": 0.9, ""m_exploration"": 36073}",True,"42,43",700,6000,72,130,45,"{""42"": 0.9863333333333333, ""43"": 0.9848333333333333}",0.9855833333333333,"{""m_exploration"": 32672, ""conf"": 0.9}",0.008333333333321313,1,3902873482,0,0,{},"{""conf"": [0.5, 0.52, 0.55, 0.58, 0.62, 0.66, 0.7, 0.75, 0.8, 0.85, 0.9, 0.95, 0.99]}",2024,50000,0.98166
"U(0.01,0.1), eps=1e-06",narrow_e6,0.01,0.1,uniform,1e-06,reverse_eng_risk,qmetrology.algorithms.find_phi_fixed_budget_reverse_engineering_risk,58543102238,"{""m_exploration"": 668}",True,"42,43",700,6000,24,10,15,"{""42"": 0.9808333333333333, ""43"": 0.9816666666666667}",0.98125,"{""m_exploration"": 548}",0.05833333333333801,1,3902873482,0,0,{},{},2024,50000,0.97968
"U(0.01,0.1), eps=1e-06",narrow_e6,0.01,0.1,uniform,1e-06,brute,qmetrology.algorithms.find_phi_fixed_budget_brute_force,82931242693,{},False,"42,43",,,0,0,0,{},,,,,,0,0,{},{},2024,50000,0.97452
"U(0.01,0.1), eps=1e-06",narrow_e6,0.01,0.1,uniform,1e-06,linear,qmetrology.algorithms.find_phi_fixed_budget_linear_search,82931242693,"{""inc"": 1, ""lookback_window"": 5, ""m_exploration"": 1141918, ""mean_window"": 0, ""safeguard"": 0}",True,"42,43",700,6000,1944,36000,360,"{""42"": 0.989, ""43"": 0.9915}",0.9902500000000001,"{""m_exploration"": 1141918, ""lookback_window"": 5, ""safeguard"": 1, ""inc"": 1, ""mean_window"": 1}",0.016666666666675933,1,5528749512,0,0,"{""inc"": ""min"", ""mean_window"": ""min"", ""safeguard"": ""min""}","{""inc"": [1, 2, 3, 5, 8], ""lookback_window"": [1, 2, 3, 4, 5, 6, 8, 12, 20], ""mean_window"": [0, 1, 2, 3, 4, 6, 8, 12], ""safeguard"": [0, 1, 2, 3, 4, 6, 8, 12, 16, 24]}",2024,50000,0.98998
"U(0.01,0.1), eps=1e-06",narrow_e6,0.01,0.1,uniform,1e-06,binary_deep,qmetrology.algorithms.find_phi_fixed_budget_binary_search_deep,82931242693,"{""conf"": 0.85, ""m_exploration"": 141254}",True,"42,43",700,6000,72,130,45,"{""42"": 0.9968333333333333, ""43"": 0.9953333333333333}",0.9960833333333333,"{""m_exploration"": 141254, ""conf"": 0.8}",0.008333333333332416,1,5528749512,0,0,{},"{""conf"": [0.5, 0.52, 0.55, 0.58, 0.62, 0.66, 0.7, 0.75, 0.8, 0.85, 0.9, 0.95, 0.99]}",2024,50000,0.99412
"U(0.01,0.1), eps=1e-06",narrow_e6,0.01,0.1,uniform,1e-06,reverse_eng_risk,qmetrology.algorithms.find_phi_fixed_budget_reverse_engineering_risk,82931242693,"{""m_exploration"": 331}",True,"42,43",700,6000,24,10,15,"{""42"": 0.9941666666666666, ""43"": 0.9935}",0.9938333333333333,"{""m_exploration"": 246}",0.008333333333332416,1,5528749512,0,0,{},{},2024,50000,0.9922
"U(0.01,0.1), eps=1e-06",narrow_e6,0.01,0.1,uniform,1e-06,brute,qmetrology.algorithms.find_phi_fixed_budget_brute_force,117479100897,{},False,"42,43",,,0,0,0,{},,,,,,0,0,{},{},2024,50000,0.9927
"U(0.01,0.1), eps=1e-06",narrow_e6,0.01,0.1,uniform,1e-06,linear,qmetrology.algorithms.find_phi_fixed_budget_linear_search,117479100897,"{""inc"": 2, ""lookback_window"": 4, ""m_exploration"": 1417402, ""mean_window"": 8, ""safeguard"": 1}",True,"42,43",700,6000,1944,36000,1215,"{""42"": 0.9976666666666667, ""43"": 0.9975}",0.9975833333333334,"{""m_exploration"": 1417402, ""lookback_window"": 5, ""safeguard"": 1, ""inc"": 1, ""mean_window"": 8}",0.008333333333332416,1,7831940059,0,0,{},"{""inc"": [1, 2, 3, 5, 8], ""lookback_window"": [1, 2, 3, 4, 5, 6, 8, 12, 20], ""mean_window"": [0, 1, 2, 3, 4, 6, 8, 12], ""safeguard"": [0, 1, 2, 3, 4, 6, 8, 12, 16, 24]}",2024,50000,0.99584
"U(0.01,0.1), eps=1e-06",narrow_e6,0.01,0.1,uniform,1e-06,binary_deep,qmetrology.algorithms.find_phi_fixed_budget_binary_search_deep,117479100897,"{""conf"": 0.75, ""m_exploration"": 22127}",True,"42,43",700,6000,72,130,45,"{""42"": 0.9993333333333333, ""43"": 0.9991666666666666}",0.99925,"{""m_exploration"": 22127, ""conf"": 0.66}",0.01666666666666483,1,7831940059,0,0,{},"{""conf"": [0.5, 0.52, 0.55, 0.58, 0.62, 0.66, 0.7, 0.75, 0.8, 0.85, 0.9, 0.95, 0.99]}",2024,50000,0.99834
"U(0.01,0.1), eps=1e-06",narrow_e6,0.01,0.1,uniform,1e-06,reverse_eng_risk,qmetrology.algorithms.find_phi_fixed_budget_reverse_engineering_risk,117479100897,"{""m_exploration"": 233}",True,"42,43",700,6000,24,10,15,"{""42"": 0.9991666666666666, ""43"": 0.9983333333333333}",0.99875,"{""m_exploration"": 258}",0.0,1,7831940059,0,0,{},{},2024,50000,0.99788
"U(0.01,0.1), eps=1e-06",narrow_e6,0.01,0.1,uniform,1e-06,brute,qmetrology.algorithms.find_phi_fixed_budget_brute_force,166419056310,{},False,"42,43",,,0,0,0,{},,,,,,0,0,{},{},2024,50000,0.99852
"U(0.01,0.1), eps=1e-06",narrow_e6,0.01,0.1,uniform,1e-06,linear,qmetrology.algorithms.find_phi_fixed_budget_linear_search,166419056310,"{""inc"": 5, ""lookback_window"": 2, ""m_exploration"": 1778810, ""mean_window"": 1, ""safeguard"": 0}",True,"42,43",700,6000,1944,36000,540,"{""42"": 0.9993333333333333, ""43"": 0.9995}",0.9994166666666666,"{""m_exploration"": 490991, ""lookback_window"": 2, ""safeguard"": 0, ""inc"": 5, ""mean_window"": 1}",0.008333333333321313,1,11094603754,0,0,"{""safeguard"": ""min""}","{""inc"": [1, 2, 3, 5, 8], ""lookback_window"": [1, 2, 3, 4, 5, 6, 8, 12, 20], ""mean_window"": [0, 1, 2, 3, 4, 6, 8, 12], ""safeguard"": [0, 1, 2, 3, 4, 6, 8, 12, 16, 24]}",2024,50000,0.99896
"U(0.01,0.1), eps=1e-06",narrow_e6,0.01,0.1,uniform,1e-06,binary_deep,qmetrology.algorithms.find_phi_fixed_budget_binary_search_deep,166419056310,"{""conf"": 0.5, ""m_exploration"": 85}",True,"42,43",700,6000,72,130,30,"{""42"": 0.999, ""43"": 0.9983333333333333}",0.9986666666666666,"{""m_exploration"": 77, ""conf"": 0.5}",0.01666666666666483,1,11094603754,0,0,"{""conf"": ""min""}","{""conf"": [0.5, 0.52, 0.55, 0.58, 0.62, 0.66, 0.7, 0.75, 0.8, 0.85, 0.9, 0.95, 0.99]}",2024,50000,0.99794
"U(0.01,0.1), eps=1e-06",narrow_e6,0.01,0.1,uniform,1e-06,reverse_eng_risk,qmetrology.algorithms.find_phi_fixed_budget_reverse_engineering_risk,166419056310,"{""m_exploration"": 61}",True,"42,43",700,6000,24,10,15,"{""42"": 0.9998333333333334, ""43"": 0.9998333333333334}",0.9998333333333334,"{""m_exploration"": 68}",0.0,1,11094603754,0,0,{},{},2024,50000,0.99956
"U(0.01,0.1), eps=1e-06",narrow_e6,0.01,0.1,uniform,1e-06,brute,qmetrology.algorithms.find_phi_fixed_budget_brute_force,235746631456,{},False,"42,43",,,0,0,0,{},,,,,,0,0,{},{},2024,50000,0.99992
"U(0.01,0.1), eps=1e-06",narrow_e6,0.01,0.1,uniform,1e-06,linear,qmetrology.algorithms.find_phi_fixed_budget_linear_search,235746631456,"{""inc"": 1, ""lookback_window"": 1, ""m_exploration"": 7, ""mean_window"": 1, ""safeguard"": 1}",True,"42,43",700,6000,1944,36000,336,"{""42"": 1.0, ""43"": 1.0}",1.0,"{""m_exploration"": 9, ""lookback_window"": 1, ""safeguard"": 2, ""inc"": 1, ""mean_window"": 0}",0.0,1,15716442097,0,0,"{""inc"": ""min"", ""lookback_window"": ""min""}","{""inc"": [1, 2, 3, 5, 8], ""lookback_window"": [1, 2, 3, 4, 5, 6, 8, 12, 20], ""mean_window"": [0, 1, 2, 3, 4, 6, 8, 12], ""safeguard"": [0, 1, 2, 3, 4, 6, 8, 12, 16, 24]}",2024,50000,0.99976
"U(0.01,0.1), eps=1e-06",narrow_e6,0.01,0.1,uniform,1e-06,binary_deep,qmetrology.algorithms.find_phi_fixed_budget_binary_search_deep,235746631456,"{""conf"": 0.5, ""m_exploration"": 153}",True,"42,43",700,6000,72,130,30,"{""42"": 1.0, ""43"": 1.0}",1.0,"{""m_exploration"": 187, ""conf"": 0.5}",0.008333333333332416,1,15716442097,0,0,"{""conf"": ""min""}","{""conf"": [0.5, 0.52, 0.55, 0.58, 0.62, 0.66, 0.7, 0.75, 0.8, 0.85, 0.9, 0.95, 0.99]}",2024,50000,0.99966
"U(0.01,0.1), eps=1e-06",narrow_e6,0.01,0.1,uniform,1e-06,reverse_eng_risk,qmetrology.algorithms.find_phi_fixed_budget_reverse_engineering_risk,235746631456,"{""m_exploration"": 12}",True,"42,43",700,6000,24,10,14,"{""42"": 1.0, ""43"": 1.0}",1.0,"{""m_exploration"": 14}",0.0,1,15716442097,0,0,{},{},2024,50000,0.99988
"U(0.01,0.1), eps=1e-06",narrow_e6,0.01,0.1,uniform,1e-06,brute,qmetrology.algorithms.find_phi_fixed_budget_brute_force,333954989743,{},False,"42,43",,,0,0,0,{},,,,,,0,0,{},{},2024,50000,1.0
"U(0.01,0.1), eps=1e-06",narrow_e6,0.01,0.1,uniform,1e-06,linear,qmetrology.algorithms.find_phi_fixed_budget_linear_search,333954989743,"{""inc"": 1, ""lookback_window"": 1, ""m_exploration"": 1, ""mean_window"": 1, ""safeguard"": 1}",True,"42,43",700,6000,1944,14400,48,"{""42"": 1.0, ""43"": 1.0}",1.0,"{""m_exploration"": 1, ""lookback_window"": 2, ""safeguard"": 1, ""inc"": 1, ""mean_window"": 1}",0.0,1,22263665982,1,0,"{""inc"": ""min"", ""lookback_window"": ""min"", ""m_exploration"": ""min""}","{""inc"": [1, 2, 3, 5, 8], ""lookback_window"": [1, 2, 3, 4, 5, 6, 8, 12, 20], ""mean_window"": [0, 1, 2, 3, 4, 6, 8, 12], ""safeguard"": [0, 1, 2, 3, 4, 6, 8, 12, 16, 24]}",2024,50000,1.0
"U(0.01,0.1), eps=1e-06",narrow_e6,0.01,0.1,uniform,1e-06,binary_deep,qmetrology.algorithms.find_phi_fixed_budget_binary_search_deep,333954989743,"{""conf"": 0.5, ""m_exploration"": 45}",True,"42,43",700,6000,72,130,30,"{""42"": 1.0, ""43"": 0.9998333333333334}",0.9999166666666667,"{""m_exploration"": 45, ""conf"": 0.5}",0.0,1,22263665982,0,0,"{""conf"": ""min""}","{""conf"": [0.5, 0.52, 0.55, 0.58, 0.62, 0.66, 0.7, 0.75, 0.8, 0.85, 0.9, 0.95, 0.99]}",2024,50000,0.99984
"U(0.01,0.1), eps=1e-06",narrow_e6,0.01,0.1,uniform,1e-06,reverse_eng_risk,qmetrology.algorithms.find_phi_fixed_budget_reverse_engineering_risk,333954989743,"{""m_exploration"": 1}",True,"42,43",700,6000,24,4,2,"{""42"": 1.0, ""43"": 1.0}",1.0,"{""m_exploration"": 2}",0.0,1,22263665982,1,0,"{""m_exploration"": ""min""}",{},2024,50000,0.99998
"U(0.01,0.1), eps=1e-06",narrow_e6,0.01,0.1,uniform,1e-06,brute,qmetrology.algorithms.find_phi_fixed_budget_brute_force,473075413571,{},False,"42,43",,,0,0,0,{},,,,,,0,0,{},{},2024,50000,1.0
"U(0.01,0.1), eps=1e-06",narrow_e6,0.01,0.1,uniform,1e-06,linear,qmetrology.algorithms.find_phi_fixed_budget_linear_search,473075413571,"{""inc"": 1, ""lookback_window"": 1, ""m_exploration"": 1, ""mean_window"": 1, ""safeguard"": 1}",True,"42,43",700,6000,1944,14400,48,"{""42"": 1.0, ""43"": 1.0}",1.0,"{""m_exploration"": 1, ""lookback_window"": 2, ""safeguard"": 1, ""inc"": 1, ""mean_window"": 1}",0.0,1,31538360904,1,0,"{""inc"": ""min"", ""lookback_window"": ""min"", ""m_exploration"": ""min""}","{""inc"": [1, 2, 3, 5, 8], ""lookback_window"": [1, 2, 3, 4, 5, 6, 8, 12, 20], ""mean_window"": [0, 1, 2, 3, 4, 6, 8, 12], ""safeguard"": [0, 1, 2, 3, 4, 6, 8, 12, 16, 24]}",2024,50000,1.0
"U(0.01,0.1), eps=1e-06",narrow_e6,0.01,0.1,uniform,1e-06,binary_deep,qmetrology.algorithms.find_phi_fixed_budget_binary_search_deep,473075413571,"{""conf"": 0.5, ""m_exploration"": 12}",True,"42,43",700,6000,72,130,28,"{""42"": 1.0, ""43"": 1.0}",1.0,"{""m_exploration"": 12, ""conf"": 0.52}",0.0,1,31538360904,0,0,"{""conf"": ""min""}","{""conf"": [0.5, 0.52, 0.55, 0.58, 0.62, 0.66, 0.7, 0.75, 0.8, 0.85, 0.9, 0.95, 0.99]}",2024,50000,0.99954
"U(0.01,0.1), eps=1e-06",narrow_e6,0.01,0.1,uniform,1e-06,reverse_eng_risk,qmetrology.algorithms.find_phi_fixed_budget_reverse_engineering_risk,473075413571,"{""m_exploration"": 1}",True,"42,43",700,6000,24,4,2,"{""42"": 1.0, ""43"": 1.0}",1.0,"{""m_exploration"": 2}",0.0,1,31538360904,1,0,"{""m_exploration"": ""min""}",{},2024,50000,1.0
"U(0.01,0.1), eps=1e-06",narrow_e6,0.01,0.1,uniform,1e-06,brute,qmetrology.algorithms.find_phi_fixed_budget_brute_force,670151229355,{},False,"42,43",,,0,0,0,{},,,,,,0,0,{},{},2024,50000,1.0
"U(0.01,0.1), eps=1e-06",narrow_e6,0.01,0.1,uniform,1e-06,linear,qmetrology.algorithms.find_phi_fixed_budget_linear_search,670151229355,"{""inc"": 1, ""lookback_window"": 1, ""m_exploration"": 1, ""mean_window"": 1, ""safeguard"": 1}",True,"42,43",700,6000,1944,14400,48,"{""42"": 1.0, ""43"": 1.0}",1.0,"{""m_exploration"": 1, ""lookback_window"": 2, ""safeguard"": 1, ""inc"": 1, ""mean_window"": 1}",0.0,1,44676748623,1,0,"{""inc"": ""min"", ""lookback_window"": ""min"", ""m_exploration"": ""min""}","{""inc"": [1, 2, 3, 5, 8], ""lookback_window"": [1, 2, 3, 4, 5, 6, 8, 12, 20], ""mean_window"": [0, 1, 2, 3, 4, 6, 8, 12], ""safeguard"": [0, 1, 2, 3, 4, 6, 8, 12, 16, 24]}",2024,50000,1.0
"U(0.01,0.1), eps=1e-06",narrow_e6,0.01,0.1,uniform,1e-06,binary_deep,qmetrology.algorithms.find_phi_fixed_budget_binary_search_deep,670151229355,"{""conf"": 0.5, ""m_exploration"": 7}",True,"42,43",700,6000,72,117,18,"{""42"": 1.0, ""43"": 1.0}",1.0,"{""m_exploration"": 8, ""conf"": 0.52}",0.0,1,44676748623,0,0,"{""conf"": ""min""}","{""conf"": [0.5, 0.52, 0.55, 0.58, 0.62, 0.66, 0.7, 0.75, 0.8, 0.85, 0.9, 0.95, 0.99]}",2024,50000,0.99996
"U(0.01,0.1), eps=1e-06",narrow_e6,0.01,0.1,uniform,1e-06,reverse_eng_risk,qmetrology.algorithms.find_phi_fixed_budget_reverse_engineering_risk,670151229355,"{""m_exploration"": 1}",True,"42,43",700,6000,24,4,2,"{""42"": 1.0, ""43"": 1.0}",1.0,"{""m_exploration"": 2}",0.0,1,44676748623,1,0,"{""m_exploration"": ""min""}",{},2024,50000,1.0
"U(0.01,0.1), eps=1e-06",narrow_e6,0.01,0.1,uniform,1e-06,brute,qmetrology.algorithms.find_phi_fixed_budget_brute_force,949325746642,{},False,"42,43",,,0,0,0,{},,,,,,0,0,{},{},2024,50000,1.0
"U(0.01,0.1), eps=1e-06",narrow_e6,0.01,0.1,uniform,1e-06,linear,qmetrology.algorithms.find_phi_fixed_budget_linear_search,949325746642,"{""inc"": 1, ""lookback_window"": 1, ""m_exploration"": 1, ""mean_window"": 1, ""safeguard"": 1}",True,"42,43",700,6000,1944,14400,48,"{""42"": 1.0, ""43"": 1.0}",1.0,"{""m_exploration"": 1, ""lookback_window"": 2, ""safeguard"": 1, ""inc"": 1, ""mean_window"": 1}",0.0,1,63288383109,1,0,"{""inc"": ""min"", ""lookback_window"": ""min"", ""m_exploration"": ""min""}","{""inc"": [1, 2, 3, 5, 8], ""lookback_window"": [1, 2, 3, 4, 5, 6, 8, 12, 20], ""mean_window"": [0, 1, 2, 3, 4, 6, 8, 12], ""safeguard"": [0, 1, 2, 3, 4, 6, 8, 12, 16, 24]}",2024,50000,1.0
"U(0.01,0.1), eps=1e-06",narrow_e6,0.01,0.1,uniform,1e-06,binary_deep,qmetrology.algorithms.find_phi_fixed_budget_binary_search_deep,949325746642,"{""conf"": 0.5, ""m_exploration"": 3}",True,"42,43",700,6000,72,117,12,"{""42"": 1.0, ""43"": 1.0}",1.0,"{""m_exploration"": 4, ""conf"": 0.5}",0.0,1,63288383109,0,0,"{""conf"": ""min""}","{""conf"": [0.5, 0.52, 0.55, 0.58, 0.62, 0.66, 0.7, 0.75, 0.8, 0.85, 0.9, 0.95, 0.99]}",2024,50000,0.99996
"U(0.01,0.1), eps=1e-06",narrow_e6,0.01,0.1,uniform,1e-06,reverse_eng_risk,qmetrology.algorithms.find_phi_fixed_budget_reverse_engineering_risk,949325746642,"{""m_exploration"": 1}",True,"42,43",700,6000,24,4,2,"{""42"": 1.0, ""43"": 1.0}",1.0,"{""m_exploration"": 2}",0.0,1,63288383109,1,0,"{""m_exploration"": ""min""}",{},2024,50000,1.0
"U(0.01,0.1), eps=1e-06",narrow_e6,0.01,0.1,uniform,1e-06,brute,qmetrology.algorithms.find_phi_fixed_budget_brute_force,1344800000000,{},False,"42,43",,,0,0,0,{},,,,,,0,0,{},{},2024,50000,1.0
"U(0.01,0.1), eps=1e-06",narrow_e6,0.01,0.1,uniform,1e-06,linear,qmetrology.algorithms.find_phi_fixed_budget_linear_search,1344800000000,"{""inc"": 1, ""lookback_window"": 1, ""m_exploration"": 1, ""mean_window"": 1, ""safeguard"": 1}",True,"42,43",700,6000,1944,14400,48,"{""42"": 1.0, ""43"": 1.0}",1.0,"{""m_exploration"": 1, ""lookback_window"": 2, ""safeguard"": 1, ""inc"": 1, ""mean_window"": 1}",0.0,1,89653333333,1,0,"{""inc"": ""min"", ""lookback_window"": ""min"", ""m_exploration"": ""min""}","{""inc"": [1, 2, 3, 5, 8], ""lookback_window"": [1, 2, 3, 4, 5, 6, 8, 12, 20], ""mean_window"": [0, 1, 2, 3, 4, 6, 8, 12], ""safeguard"": [0, 1, 2, 3, 4, 6, 8, 12, 16, 24]}",2024,50000,1.0
"U(0.01,0.1), eps=1e-06",narrow_e6,0.01,0.1,uniform,1e-06,binary_deep,qmetrology.algorithms.find_phi_fixed_budget_binary_search_deep,1344800000000,"{""conf"": 0.5, ""m_exploration"": 1}",True,"42,43",700,6000,72,52,4,"{""42"": 1.0, ""43"": 1.0}",1.0,"{""m_exploration"": 1, ""conf"": 0.52}",0.0,1,89653333333,1,0,"{""conf"": ""min"", ""m_exploration"": ""min""}","{""conf"": [0.5, 0.52, 0.55, 0.58, 0.62, 0.66, 0.7, 0.75, 0.8, 0.85, 0.9, 0.95, 0.99]}",2024,50000,1.0
"U(0.01,0.1), eps=1e-06",narrow_e6,0.01,0.1,uniform,1e-06,reverse_eng_risk,qmetrology.algorithms.find_phi_fixed_budget_reverse_engineering_risk,1344800000000,"{""m_exploration"": 1}",True,"42,43",700,6000,24,4,2,"{""42"": 1.0, ""43"": 1.0}",1.0,"{""m_exploration"": 2}",0.0,1,89653333333,1,0,"{""m_exploration"": ""min""}",{},2024,50000,1.0
"U(0.01,0.1), eps=1e-07",narrow_e7,0.01,0.1,uniform,1e-07,brute,qmetrology.algorithms.find_phi_fixed_budget_brute_force,89653333333,{},False,"42,43",,,0,0,0,{},,,,,,0,0,{},{},2024,50000,0.18692
"U(0.01,0.1), eps=1e-07",narrow_e7,0.01,0.1,uniform,1e-07,linear,qmetrology.algorithms.find_phi_fixed_budget_linear_search,89653333333,"{""inc"": 1, ""lookback_window"": 6, ""m_exploration"": 2299466, ""mean_window"": 2, ""safeguard"": 0}",True,"42,43",700,6000,1944,36000,540,"{""42"": 0.2776666666666667, ""43"": 0.2628333333333333}",0.27025,"{""m_exploration"": 1886334, ""lookback_window"": 6, ""safeguard"": 0, ""inc"": 1, ""mean_window"": 2}",0.03333333333332966,1,5976888888,0,0,"{""inc"": ""min"", ""safeguard"": ""min""}","{""inc"": [1, 2, 3, 5, 8], ""lookback_window"": [1, 2, 3, 4, 5, 6, 8, 12, 20], ""mean_window"": [0, 1, 2, 3, 4, 6, 8, 12], ""safeguard"": [0, 1, 2, 3, 4, 6, 8, 12, 16, 24]}",2024,50000,0.26
"U(0.01,0.1), eps=1e-07",narrow_e7,0.01,0.1,uniform,1e-07,binary_deep,qmetrology.algorithms.find_phi_fixed_budget_binary_search_deep,89653333333,"{""conf"": 0.85, ""m_exploration"": 25863}",True,"42,43",700,6000,72,130,45,"{""42"": 0.2808333333333333, ""43"": 0.2865}",0.2836666666666666,"{""m_exploration"": 25863, ""conf"": 0.9}",0.0833333333333297,1,5976888888,0,0,{},"{""conf"": [0.5, 0.52, 0.55, 0.58, 0.62, 0.66, 0.7, 0.75, 0.8, 0.85, 0.9, 0.95, 0.99]}",2024,50000,0.2761
"U(0.01,0.1), eps=1e-07",narrow_e7,0.01,0.1,uniform,1e-07,reverse_eng_risk,qmetrology.algorithms.find_phi_fixed_budget_reverse_engineering_risk,89653333333,"{""m_exploration"": 266492}",True,"42,43",700,6000,24,10,15,"{""42"": 0.2826666666666667, ""43"": 0.2776666666666667}",0.2801666666666667,"{""m_exploration"": 241368}",0.04166666666666763,1,5976888888,0,0,{},{},2024,50000,0.27748
"U(0.01,0.1), eps=1e-07",narrow_e7,0.01,0.1,uniform,1e-07,brute,qmetrology.algorithms.find_phi_fixed_budget_brute_force,127001509327,{},False,"42,43",,,0,0,0,{},,,,,,0,0,{},{},2024,50000,0.22116
"U(0.01,0.1), eps=1e-07",narrow_e7,0.01,0.1,uniform,1e-07,linear,qmetrology.algorithms.find_phi_fixed_budget_linear_search,127001509327,"{""inc"": 1, ""lookback_window"": 6, ""m_exploration"": 15003, ""mean_window"": 2, ""safeguard"": 1}",True,"42,43",700,6000,1944,36000,810,"{""42"": 0.326, ""43"": 0.316}",0.321,"{""m_exploration"": 27177, ""lookback_window"": 8, ""safeguard"": 1, ""inc"": 1, ""mean_window"": 3}",0.04166666666666763,1,8466767288,0,0,"{""inc"": ""min""}","{""inc"": [1, 2, 3, 5, 8], ""lookback_window"": [1, 2, 3, 4, 5, 6, 8, 12, 20], ""mean_window"": [0, 1, 2, 3, 4, 6, 8, 12], ""safeguard"": [0, 1, 2, 3, 4, 6, 8, 12, 16, 24]}",2024,50000,0.31094
"U(0.01,0.1), eps=1e-07",narrow_e7,0.01,0.1,uniform,1e-07,binary_deep,qmetrology.algorithms.find_phi_fixed_budget_binary_search_deep,127001509327,"{""conf"": 0.9, ""m_exploration"": 31590}",True,"42,43",700,6000,72,130,45,"{""42"": 0.3278333333333333, ""43"": 0.33316666666666667}",0.3305,"{""m_exploration"": 31590, ""conf"": 0.85}",0.04166666666667318,1,8466767288,0,0,{},"{""conf"": [0.5, 0.52, 0.55, 0.58, 0.62, 0.66, 0.7, 0.75, 0.8, 0.85, 0.9, 0.95, 0.99]}",2024,50000,0.32764
"U(0.01,0.1), eps=1e-07",narrow_e7,0.01,0.1,uniform,1e-07,reverse_eng_risk,qmetrology.algorithms.find_phi_fixed_budget_reverse_engineering_risk,127001509327,"{""m_exploration"": 259306}",True,"42,43",700,6000,24,10,15,"{""42"": 0.32416666666666666, ""43"": 0.32083333333333336}",0.3225,"{""m_exploration"": 212717}",0.008333333333332416,1,8466767288,0,0,{},{},2024,50000,0.32604
"U(0.01,0.1), eps=1e-07",narrow_e7,0.01,0.1,uniform,1e-07,brute,qmetrology.algorithms.find_phi_fixed_budget_brute_force,179908351108,{},False,"42,43",,,0,0,0,{},,,,,,0,0,{},{},2024,50000,0.25926
"U(0.01,0.1), eps=1e-07",narrow_e7,0.01,0.1,uniform,1e-07,linear,qmetrology.algorithms.find_phi_fixed_budget_linear_search,179908351108,"{""inc"": 1, ""lookback_window"": 5, ""m_exploration"": 341160, ""mean_window"": 1, ""safeguard"": 0}",True,"42,43",700,6000,1944,36000,540,"{""42"": 0.38083333333333336, ""43"": 0.387}",0.3839166666666667,"{""m_exploration"": 559731, ""lookback_window"": 5, ""safeguard"": 0, ""inc"": 1, ""mean_window"": 1}",0.050000000000005596,1,11993890073,0,0,"{""inc"": ""min"", ""safeguard"": ""min""}","{""inc"": [1, 2, 3, 5, 8], ""lookback_window"": [1, 2, 3, 4, 5, 6, 8, 12, 20], ""mean_window"": [0, 1, 2, 3, 4, 6, 8, 12], ""safeguard"": [0, 1, 2, 3, 4, 6, 8, 12, 16, 24]}",2024,50000,0.37128
"U(0.01,0.1), eps=1e-07",narrow_e7,0.01,0.1,uniform,1e-07,binary_deep,qmetrology.algorithms.find_phi_fixed_budget_binary_search_deep,179908351108,"{""conf"": 0.75, ""m_exploration"": 8436}",True,"42,43",700,6000,72,130,45,"{""42"": 0.3845, ""43"": 0.37983333333333336}",0.38216666666666665,"{""m_exploration"": 5142, ""conf"": 0.75}",0.008333333333332416,1,11993890073,0,0,{},"{""conf"": [0.5, 0.52, 0.55, 0.58, 0.62, 0.66, 0.7, 0.75, 0.8, 0.85, 0.9, 0.95, 0.99]}",2024,50000,0.37532
"U(0.01,0.1), eps=1e-07",narrow_e7,0.01,0.1,uniform,1e-07,reverse_eng_risk,qmetrology.algorithms.find_phi_fixed_budget_reverse_engineering_risk,179908351108,"{""m_exploration"": 255101}",True,"42,43",700,6000,24,10,15,"{""42"": 0.3785, ""43"": 0.3785}",0.3785,"{""m_exploration"": 155486}",0.01666666666666483,1,11993890073,0,0,{},{},2024,50000,0.38274
"U(0.01,0.1), eps=1e-07",narrow_e7,0.01,0.1,uniform,1e-07,brute,qmetrology.algorithms.find_phi_fixed_budget_brute_force,254855355420,{},False,"42,43",,,0,0,0,{},,,,,,0,0,{},{},2024,50000,0.30748
"U(0.01,0.1), eps=1e-07",narrow_e7,0.01,0.1,uniform,1e-07,linear,qmetrology.algorithms.find_phi_fixed_budget_linear_search,254855355420,"{""inc"": 1, ""lookback_window"": 6, ""m_exploration"": 312735, ""mean_window"": 2, ""safeguard"": 0}",True,"42,43",700,6000,1944,36000,810,"{""42"": 0.451, ""43"": 0.43916666666666665}",0.44508333333333333,"{""m_exploration"": 283251, ""lookback_window"": 6, ""safeguard"": 0, ""inc"": 1, ""mean_window"": 2}",0.19166666666666776,1,16990357028,0,0,"{""inc"": ""min"", ""safeguard"": ""min""}","{""inc"": [1, 2, 3, 5, 8], ""lookback_window"": [1, 2, 3, 4, 5, 6, 8, 12, 20], ""mean_window"": [0, 1, 2, 3, 4, 6, 8, 12], ""safeguard"": [0, 1, 2, 3, 4, 6, 8, 12, 16, 24]}",2024,50000,0.42886
"U(0.01,0.1), eps=1e-07",narrow_e7,0.01,0.1,uniform,1e-07,binary_deep,qmetrology.algorithms.find_phi_fixed_budget_binary_search_deep,254855355420,"{""conf"": 0.9, ""m_exploration"": 101810}",True,"42,43",700,6000,72,130,45,"{""42"": 0.4573333333333333, ""43"": 0.4553333333333333}",0.4563333333333333,"{""m_exploration"": 101810, ""conf"": 0.85}",0.216666666666665,1,16990357028,0,0,{},"{""conf"": [0.5, 0.52, 0.55, 0.58, 0.62, 0.66, 0.7, 0.75, 0.8, 0.85, 0.9, 0.95, 0.99]}",2024,50000,0.44462
"U(0.01,0.1), eps=1e-07",narrow_e7,0.01,0.1,uniform,1e-07,reverse_eng_risk,qmetrology.algorithms.find_phi_fixed_budget_reverse_engineering_risk,254855355420,"{""m_exploration"": 19082}",True,"42,43",700,6000,24,10,15,"{""42"": 0.44316666666666665, ""43"": 0.44266666666666665}",0.4429166666666666,"{""m_exploration"": 14177}",0.07499999999999174,1,16990357028,0,0,{},{},2024,50000,0.44232
"U(0.01,0.1), eps=1e-07",narrow_e7,0.01,0.1,uniform,1e-07,brute,qmetrology.algorithms.find_phi_fixed_budget_brute_force,361024109144,{},False,"42,43",,,0,0,0,{},,,,,,0,0,{},{},2024,50000,0.3603
"U(0.01,0.1), eps=1e-07",narrow_e7,0.01,0.1,uniform,1e-07,linear,qmetrology.algorithms.find_phi_fixed_budget_linear_search,361024109144,"{""inc"": 1, ""lookback_window"": 5, ""m_exploration"": 1032017, ""mean_window"": 1, ""safeguard"": 0}",True,"42,43",700,6000,1944,36000,540,"{""42"": 0.5105, ""43"": 0.5073333333333333}",0.5089166666666667,"{""m_exploration"": 1139439, ""lookback_window"": 5, ""safeguard"": 0, ""inc"": 1, ""mean_window"": 1}",0.08333333333333526,1,24068273942,0,0,"{""inc"": ""min"", ""safeguard"": ""min""}","{""inc"": [1, 2, 3, 5, 8], ""lookback_window"": [1, 2, 3, 4, 5, 6, 8, 12, 20], ""mean_window"": [0, 1, 2, 3, 4, 6, 8, 12], ""safeguard"": [0, 1, 2, 3, 4, 6, 8, 12, 16, 24]}",2024,50000,0.49906
"U(0.01,0.1), eps=1e-07",narrow_e7,0.01,0.1,uniform,1e-07,binary_deep,qmetrology.algorithms.find_phi_fixed_budget_binary_search_deep,361024109144,"{""conf"": 0.9, ""m_exploration"": 10748}",True,"42,43",700,6000,72,130,45,"{""42"": 0.5185, ""43"": 0.5168333333333334}",0.5176666666666667,"{""m_exploration"": 7985, ""conf"": 0.9}",0.033333333333340764,1,24068273942,0,0,{},"{""conf"": [0.5, 0.52, 0.55, 0.58, 0.62, 0.66, 0.7, 0.75, 0.8, 0.85, 0.9, 0.95, 0.99]}",2024,50000,0.50962
"U(0.01,0.1), eps=1e-07",narrow_e7,0.01,0.1,uniform,1e-07,reverse_eng_risk,qmetrology.algorithms.find_phi_fixed_budget_reverse_engineering_risk,361024109144,"{""m_exploration"": 20678}",True,"42,43",700,6000,24,10,15,"{""42"": 0.5091666666666667, ""43"": 0.5133333333333333}",0.51125,"{""m_exploration"": 67854}",0.008333333333332416,1,24068273942,0,0,{},{},2024,50000,0.51204
"U(0.01,0.1), eps=1e-07",narrow_e7,0.01,0.1,uniform,1e-07,brute,qmetrology.algorithms.find_phi_fixed_budget_brute_force,511421104605,{},False,"42,43",,,0,0,0,{},,,,,,0,0,{},{},2024,50000,0.42224
"U(0.01,0.1), eps=1e-07",narrow_e7,0.01,0.1,uniform,1e-07,linear,qmetrology.algorithms.find_phi_fixed_budget_linear_search,511421104605,"{""inc"": 1, ""lookback_window"": 6, ""m_exploration"": 3040006, ""mean_window"": 1, ""safeguard"": 0}",True,"42,43",700,6000,1944,36000,540,"{""42"": 0.5915, ""43"": 0.5801666666666667}",0.5858333333333334,"{""m_exploration"": 2493825, ""lookback_window"": 6, ""safeguard"": 0, ""inc"": 1, ""mean_window"": 1}",0.1083333333333436,1,34094740307,0,0,"{""inc"": ""min"", ""safeguard"": ""min""}","{""inc"": [1, 2, 3, 5, 8], ""lookback_window"": [1, 2, 3, 4, 5, 6, 8, 12, 20], ""mean_window"": [0, 1, 2, 3, 4, 6, 8, 12], ""safeguard"": [0, 1, 2, 3, 4, 6, 8, 12, 16, 24]}",2024,50000,0.5818
"U(0.01,0.1), eps=1e-07",narrow_e7,0.01,0.1,uniform,1e-07,binary_deep,qmetrology.algorithms.find_phi_fixed_budget_binary_search_deep,511421104605,"{""conf"": 0.66, ""m_exploration"": 12246}",True,"42,43",700,6000,72,130,45,"{""42"": 0.5903333333333334, ""43"": 0.595}",0.5926666666666667,"{""m_exploration"": 12246, ""conf"": 0.62}",0.06666666666667043,1,34094740307,0,0,{},"{""conf"": [0.5, 0.52, 0.55, 0.58, 0.62, 0.66, 0.7, 0.75, 0.8, 0.85, 0.9, 0.95, 0.99]}",2024,50000,0.58384
"U(0.01,0.1), eps=1e-07",narrow_e7,0.01,0.1,uniform,1e-07,reverse_eng_risk,qmetrology.algorithms.find_phi_fixed_budget_reverse_engineering_risk,511421104605,"{""m_exploration"": 11091}",True,"42,43",700,6000,24,10,15,"{""42"": 0.5775, ""43"": 0.5878333333333333}",0.5826666666666667,"{""m_exploration"": 9098}",0.008333333333332416,1,34094740307,0,0,{},{},2024,50000,0.58552
"U(0.01,0.1), eps=1e-07",narrow_e7,0.01,0.1,uniform,1e-07,brute,qmetrology.algorithms.find_phi_fixed_budget_brute_force,724471135335,{},False,"42,43",,,0,0,0,{},,,,,,0,0,{},{},2024,50000,0.49246
"U(0.01,0.1), eps=1e-07",narrow_e7,0.01,0.1,uniform,1e-07,linear,qmetrology.algorithms.find_phi_fixed_budget_linear_search,724471135335,"{""inc"": 1, ""lookback_window"": 6, ""m_exploration"": 1664732, ""mean_window"": 1, ""safeguard"": 0}",True,"42,43",700,6000,1944,36000,540,"{""42"": 0.661, ""43"": 0.659}",0.66,"{""m_exploration"": 2473783, ""lookback_window"": 6, ""safeguard"": 0, ""inc"": 1, ""mean_window"": 1}",0.0,1,48298075689,0,0,"{""inc"": ""min"", ""safeguard"": ""min""}","{""inc"": [1, 2, 3, 5, 8], ""lookback_window"": [1, 2, 3, 4, 5, 6, 8, 12, 20], ""mean_window"": [0, 1, 2, 3, 4, 6, 8, 12], ""safeguard"": [0, 1, 2, 3, 4, 6, 8, 12, 16, 24]}",2024,50000,0.6587
"U(0.01,0.1), eps=1e-07",narrow_e7,0.01,0.1,uniform,1e-07,binary_deep,qmetrology.algorithms.find_phi_fixed_budget_binary_search_deep,724471135335,"{""conf"": 0.75, ""m_exploration"": 25360}",True,"42,43",700,6000,72,130,45,"{""42"": 0.6645, ""43"": 0.6736666666666666}",0.6690833333333333,"{""m_exploration"": 25360, ""conf"": 0.7}",0.258333333333316,1,48298075689,0,0,{},"{""conf"": [0.5, 0.52, 0.55, 0.58, 0.62, 0.66, 0.7, 0.75, 0.8, 0.85, 0.9, 0.95, 0.99]}",2024,50000,0.66192
"U(0.01,0.1), eps=1e-07",narrow_e7,0.01,0.1,uniform,1e-07,reverse_eng_risk,qmetrology.algorithms.find_phi_fixed_budget_reverse_engineering_risk,724471135335,"{""m_exploration"": 10427}",True,"42,43",700,6000,24,10,15,"{""42"": 0.6541666666666667, ""43"": 0.6671666666666667}",0.6606666666666667,"{""m_exploration"": 14034}",0.008333333333343518,1,48298075689,0,0,{},{},2024,50000,0.66186
"U(0.01,0.1), eps=1e-07",narrow_e7,0.01,0.1,uniform,1e-07,brute,qmetrology.algorithms.find_phi_fixed_budget_brute_force,1026274475590,{},False,"42,43",,,0,0,0,{},,,,,,0,0,{},{},2024,50000,0.56822
"U(0.01,0.1), eps=1e-07",narrow_e7,0.01,0.1,uniform,1e-07,linear,qmetrology.algorithms.find_phi_fixed_budget_linear_search,1026274475590,"{""inc"": 1, ""lookback_window"": 6, ""m_exploration"": 2991339, ""mean_window"": 1, ""safeguard"": 0}",True,"42,43",700,6000,1944,36000,540,"{""42"": 0.7416666666666667, ""43"": 0.7351666666666666}",0.7384166666666667,"{""m_exploration"": 1651353, ""lookback_window"": 6, ""safeguard"": 0, ""inc"": 1, ""mean_window"": 1}",0.24166666666667336,1,68418298372,0,0,"{""inc"": ""min"", ""safeguard"": ""min""}","{""inc"": [1, 2, 3, 5, 8], ""lookback_window"": [1, 2, 3, 4, 5, 6, 8, 12, 20], ""mean_window"": [0, 1, 2, 3, 4, 6, 8, 12], ""safeguard"": [0, 1, 2, 3, 4, 6, 8, 12, 16, 24]}",2024,50000,0.73452
"U(0.01,0.1), eps=1e-07",narrow_e7,0.01,0.1,uniform,1e-07,binary_deep,qmetrology.algorithms.find_phi_fixed_budget_binary_search_deep,1026274475590,"{""conf"": 0.9, ""m_exploration"": 241392}",True,"42,43",700,6000,72,130,45,"{""42"": 0.7558333333333334, ""43"": 0.736}",0.7459166666666667,"{""m_exploration"": 241392, ""conf"": 0.85}",0.07500000000000284,1,68418298372,0,0,{},"{""conf"": [0.5, 0.52, 0.55, 0.58, 0.62, 0.66, 0.7, 0.75, 0.8, 0.85, 0.9, 0.95, 0.99]}",2024,50000,0.73988
"U(0.01,0.1), eps=1e-07",narrow_e7,0.01,0.1,uniform,1e-07,reverse_eng_risk,qmetrology.algorithms.find_phi_fixed_budget_reverse_engineering_risk,1026274475590,"{""m_exploration"": 14002}",True,"42,43",700,6000,24,10,15,"{""42"": 0.7325, ""43"": 0.7426666666666667}",0.7375833333333334,"{""m_exploration"": 12681}",0.024999999999997247,1,68418298372,0,0,{},{},2024,50000,0.73688
"U(0.01,0.1), eps=1e-07",narrow_e7,0.01,0.1,uniform,1e-07,brute,qmetrology.algorithms.find_phi_fixed_budget_brute_force,1453804365525,{},False,"42,43",,,0,0,0,{},,,,,,0,0,{},{},2024,50000,0.65228
"U(0.01,0.1), eps=1e-07",narrow_e7,0.01,0.1,uniform,1e-07,linear,qmetrology.algorithms.find_phi_fixed_budget_linear_search,1453804365525,"{""inc"": 1, ""lookback_window"": 6, ""m_exploration"": 1437016, ""mean_window"": 1, ""safeguard"": 0}",True,"42,43",700,6000,1944,36000,540,"{""42"": 0.8135, ""43"": 0.7995}",0.8065,"{""m_exploration"": 1301539, ""lookback_window"": 6, ""safeguard"": 0, ""inc"": 1, ""mean_window"": 1}",0.06666666666665932,1,96920291035,0,0,"{""inc"": ""min"", ""safeguard"": ""min""}","{""inc"": [1, 2, 3, 5, 8], ""lookback_window"": [1, 2, 3, 4, 5, 6, 8, 12, 20], ""mean_window"": [0, 1, 2, 3, 4, 6, 8, 12], ""safeguard"": [0, 1, 2, 3, 4, 6, 8, 12, 16, 24]}",2024,50000,0.80122
"U(0.01,0.1), eps=1e-07",narrow_e7,0.01,0.1,uniform,1e-07,binary_deep,qmetrology.algorithms.find_phi_fixed_budget_binary_search_deep,1453804365525,"{""conf"": 0.9, ""m_exploration"": 124891}",True,"42,43",700,6000,72,130,45,"{""42"": 0.816, ""43"": 0.8113333333333334}",0.8136666666666666,"{""m_exploration"": 137891, ""conf"": 0.9}",0.04166666666666208,1,96920291035,0,0,{},"{""conf"": [0.5, 0.52, 0.55, 0.58, 0.62, 0.66, 0.7, 0.75, 0.8, 0.85, 0.9, 0.95, 0.99]}",2024,50000,0.80676
"U(0.01,0.1), eps=1e-07",narrow_e7,0.01,0.1,uniform,1e-07,reverse_eng_risk,qmetrology.algorithms.find_phi_fixed_budget_reverse_engineering_risk,1453804365525,"{""m_exploration"": 14315}",True,"42,43",700,6000,24,10,15,"{""42"": 0.8056666666666666, ""43"": 0.8108333333333333}",0.8082499999999999,"{""m_exploration"": 11743}",0.06666666666665932,1,96920291035,0,0,{},{},2024,50000,0.8087
"U(0.01,0.1), eps=1e-07",narrow_e7,0.01,0.1,uniform,1e-07,brute,qmetrology.algorithms.find_phi_fixed_budget_brute_force,2059436518680,{},False,"42,43",,,0,0,0,{},,,,,,0,0,{},{},2024,50000,0.73518
"U(0.01,0.1), eps=1e-07",narrow_e7,0.01,0.1,uniform,1e-07,linear,qmetrology.algorithms.find_phi_fixed_budget_linear_search,2059436518680,"{""inc"": 1, ""lookback_window"": 6, ""m_exploration"": 181203, ""mean_window"": 1, ""safeguard"": 1}",True,"42,43",700,6000,1944,36000,810,"{""42"": 0.8725, ""43"": 0.866}",0.8692500000000001,"{""m_exploration"": 220890, ""lookback_window"": 6, ""safeguard"": 1, ""inc"": 1, ""mean_window"": 1}",0.18333333333333535,1,137295767912,0,0,"{""inc"": ""min""}","{""inc"": [1, 2, 3, 5, 8], ""lookback_window"": [1, 2, 3, 4, 5, 6, 8, 12, 20], ""mean_window"": [0, 1, 2, 3, 4, 6, 8, 12], ""safeguard"": [0, 1, 2, 3, 4, 6, 8, 12, 16, 24]}",2024,50000,0.86064
"U(0.01,0.1), eps=1e-07",narrow_e7,0.01,0.1,uniform,1e-07,binary_deep,qmetrology.algorithms.find_phi_fixed_budget_binary_search_deep,2059436518680,"{""conf"": 0.95, ""m_exploration"": 32086}",True,"42,43",700,6000,72,130,45,"{""42"": 0.8713333333333333, ""43"": 0.881}",0.8761666666666666,"{""m_exploration"": 32086, ""conf"": 0.9}",0.01666666666666483,1,137295767912,0,0,{},"{""conf"": [0.5, 0.52, 0.55, 0.58, 0.62, 0.66, 0.7, 0.75, 0.8, 0.85, 0.9, 0.95, 0.99]}",2024,50000,0.87098
"U(0.01,0.1), eps=1e-07",narrow_e7,0.01,0.1,uniform,1e-07,reverse_eng_risk,qmetrology.algorithms.find_phi_fixed_budget_reverse_engineering_risk,2059436518680,"{""m_exploration"": 11744}",True,"42,43",700,6000,24,10,15,"{""42"": 0.8736666666666667, ""43"": 0.8771666666666667}",0.8754166666666667,"{""m_exploration"": 9634}",0.033333333333340764,1,137295767912,0,0,{},{},2024,50000,0.87118
"U(0.01,0.1), eps=1e-07",narrow_e7,0.01,0.1,uniform,1e-07,brute,qmetrology.algorithms.find_phi_fixed_budget_brute_force,2917365551411,{},False,"42,43",,,0,0,0,{},,,,,,0,0,{},{},2024,50000,0.81702
"U(0.01,0.1), eps=1e-07",narrow_e7,0.01,0.1,uniform,1e-07,linear,qmetrology.algorithms.find_phi_fixed_budget_linear_search,2917365551411,"{""inc"": 1, ""lookback_window"": 6, ""m_exploration"": 360346, ""mean_window"": 1, ""safeguard"": 1}",True,"42,43",700,6000,1944,36000,540,"{""42"": 0.9198333333333333, ""43"": 0.915}",0.9174166666666667,"{""m_exploration"": 326374, ""lookback_window"": 6, ""safeguard"": 1, ""inc"": 1, ""mean_window"": 1}",0.03333333333332966,1,194491036760,0,0,"{""inc"": ""min""}","{""inc"": [1, 2, 3, 5, 8], ""lookback_window"": [1, 2, 3, 4, 5, 6, 8, 12, 20], ""mean_window"": [0, 1, 2, 3, 4, 6, 8, 12], ""safeguard"": [0, 1, 2, 3, 4, 6, 8, 12, 16, 24]}",2024,50000,0.91118
"U(0.01,0.1), eps=1e-07",narrow_e7,0.01,0.1,uniform,1e-07,binary_deep,qmetrology.algorithms.find_phi_fixed_budget_binary_search_deep,2917365551411,"{""conf"": 0.8, ""m_exploration"": 22166}",True,"42,43",700,6000,72,130,45,"{""42"": 0.9296666666666666, ""43"": 0.9285}",0.9290833333333333,"{""m_exploration"": 22166, ""conf"": 0.85}",0.07499999999999174,1,194491036760,0,0,{},"{""conf"": [0.5, 0.52, 0.55, 0.58, 0.62, 0.66, 0.7, 0.75, 0.8, 0.85, 0.9, 0.95, 0.99]}",2024,50000,0.92152
"U(0.01,0.1), eps=1e-07",narrow_e7,0.01,0.1,uniform,1e-07,reverse_eng_risk,qmetrology.algorithms.find_phi_fixed_budget_reverse_engineering_risk,2917365551411,"{""m_exploration"": 4686161}",True,"42,43",700,6000,24,10,15,"{""42"": 0.9226666666666666, ""43"": 0.9231666666666667}",0.9229166666666666,"{""m_exploration"": 8488735}",0.008333333333321313,1,194491036760,0,0,{},{},2024,50000,0.92386
"U(0.01,0.1), eps=1e-07",narrow_e7,0.01,0.1,uniform,1e-07,brute,qmetrology.algorithms.find_phi_fixed_budget_brute_force,4132694396433,{},False,"42,43",,,0,0,0,{},,,,,,0,0,{},{},2024,50000,0.88632
"U(0.01,0.1), eps=1e-07",narrow_e7,0.01,0.1,uniform,1e-07,linear,qmetrology.algorithms.find_phi_fixed_budget_linear_search,4132694396433,"{""inc"": 1, ""lookback_window"": 5, ""m_exploration"": 1198586, ""mean_window"": 8, ""safeguard"": 0}",True,"42,43",700,6000,1944,36000,540,"{""42"": 0.947, ""43"": 0.9506666666666667}",0.9488333333333333,"{""m_exploration"": 1613177, ""lookback_window"": 5, ""safeguard"": 0, ""inc"": 1, ""mean_window"": 8}",0.008333333333332416,1,275512959762,0,0,"{""inc"": ""min"", ""safeguard"": ""min""}","{""inc"": [1, 2, 3, 5, 8], ""lookback_window"": [1, 2, 3, 4, 5, 6, 8, 12, 20], ""mean_window"": [0, 1, 2, 3, 4, 6, 8, 12], ""safeguard"": [0, 1, 2, 3, 4, 6, 8, 12, 16, 24]}",2024,50000,0.94426
"U(0.01,0.1), eps=1e-07",narrow_e7,0.01,0.1,uniform,1e-07,binary_deep,qmetrology.algorithms.find_phi_fixed_budget_binary_search_deep,4132694396433,"{""conf"": 0.52, ""m_exploration"": 30966}",True,"42,43",700,6000,72,130,30,"{""42"": 0.9636666666666667, ""43"": 0.96}",0.9618333333333333,"{""m_exploration"": 30966, ""conf"": 0.5}",0.01666666666666483,1,275512959762,0,0,{},"{""conf"": [0.5, 0.52, 0.55, 0.58, 0.62, 0.66, 0.7, 0.75, 0.8, 0.85, 0.9, 0.95, 0.99]}",2024,50000,0.95894
"U(0.01,0.1), eps=1e-07",narrow_e7,0.01,0.1,uniform,1e-07,reverse_eng_risk,qmetrology.algorithms.find_phi_fixed_budget_reverse_engineering_risk,4132694396433,"{""m_exploration"": 9020}",True,"42,43",700,6000,24,10,15,"{""42"": 0.9588333333333333, ""43"": 0.9608333333333333}",0.9598333333333333,"{""m_exploration"": 7399}",0.03333333333332966,1,275512959762,0,0,{},{},2024,50000,0.95854
"U(0.01,0.1), eps=1e-07",narrow_e7,0.01,0.1,uniform,1e-07,brute,qmetrology.algorithms.find_phi_fixed_budget_brute_force,5854310223842,{},False,"42,43",,,0,0,0,{},,,,,,0,0,{},{},2024,50000,0.94042
"U(0.01,0.1), eps=1e-07",narrow_e7,0.01,0.1,uniform,1e-07,linear,qmetrology.algorithms.find_phi_fixed_budget_linear_search,5854310223842,"{""inc"": 1, ""lookback_window"": 5, ""m_exploration"": 53287, ""mean_window"": 1, ""safeguard"": 1}",True,"42,43",700,6000,1944,36000,810,"{""42"": 0.9786666666666667, ""43"": 0.977}",0.9778333333333333,"{""m_exploration"": 143438, ""lookback_window"": 6, ""safeguard"": 1, ""inc"": 1, ""mean_window"": 1}",0.04999999999999449,1,390287348256,0,0,"{""inc"": ""min""}","{""inc"": [1, 2, 3, 5, 8], ""lookback_window"": [1, 2, 3, 4, 5, 6, 8, 12, 20], ""mean_window"": [0, 1, 2, 3, 4, 6, 8, 12], ""safeguard"": [0, 1, 2, 3, 4, 6, 8, 12, 16, 24]}",2024,50000,0.97768
"U(0.01,0.1), eps=1e-07",narrow_e7,0.01,0.1,uniform,1e-07,binary_deep,qmetrology.algorithms.find_phi_fixed_budget_binary_search_deep,5854310223842,"{""conf"": 0.5, ""m_exploration"": 127827}",True,"42,43",700,6000,72,130,30,"{""42"": 0.9846666666666667, ""43"": 0.984}",0.9843333333333333,"{""m_exploration"": 127827, ""conf"": 0.52}",0.024999999999997247,1,390287348256,0,0,"{""conf"": ""min""}","{""conf"": [0.5, 0.52, 0.55, 0.58, 0.62, 0.66, 0.7, 0.75, 0.8, 0.85, 0.9, 0.95, 0.99]}",2024,50000,0.98158
"U(0.01,0.1), eps=1e-07",narrow_e7,0.01,0.1,uniform,1e-07,reverse_eng_risk,qmetrology.algorithms.find_phi_fixed_budget_reverse_engineering_risk,5854310223842,"{""m_exploration"": 316}",True,"42,43",700,6000,24,10,15,"{""42"": 0.981, ""43"": 0.9803333333333333}",0.9806666666666666,"{""m_exploration"": 633}",0.0,1,390287348256,0,0,{},{},2024,50000,0.97826
"U(0.01,0.1), eps=1e-07",narrow_e7,0.01,0.1,uniform,1e-07,brute,qmetrology.algorithms.find_phi_fixed_budget_brute_force,8293124269377,{},False,"42,43",,,0,0,0,{},,,,,,0,0,{},{},2024,50000,0.97452
"U(0.01,0.1), eps=1e-07",narrow_e7,0.01,0.1,uniform,1e-07,linear,qmetrology.algorithms.find_phi_fixed_budget_linear_search,8293124269377,"{""inc"": 2, ""lookback_window"": 4, ""m_exploration"": 28053803, ""mean_window"": 2, ""safeguard"": 0}",True,"42,43",700,6000,1944,36000,540,"{""42"": 0.991, ""43"": 0.9921666666666666}",0.9915833333333333,"{""m_exploration"": 20843895, ""lookback_window"": 4, ""safeguard"": 0, ""inc"": 2, ""mean_window"": 2}",0.008333333333321313,1,552874951291,0,0,"{""safeguard"": ""min""}","{""inc"": [1, 2, 3, 5, 8], ""lookback_window"": [1, 2, 3, 4, 5, 6, 8, 12, 20], ""mean_window"": [0, 1, 2, 3, 4, 6, 8, 12], ""safeguard"": [0, 1, 2, 3, 4, 6, 8, 12, 16, 24]}",2024,50000,0.9888
"U(0.01,0.1), eps=1e-07",narrow_e7,0.01,0.1,uniform,1e-07,binary_deep,qmetrology.algorithms.find_phi_fixed_budget_binary_search_deep,8293124269377,"{""conf"": 0.5, ""m_exploration"": 3212}",True,"42,43",700,6000,72,130,30,"{""42"": 0.9953333333333333, ""43"": 0.995}",0.9951666666666666,"{""m_exploration"": 3212, ""conf"": 0.52}",0.01666666666666483,1,552874951291,0,0,"{""conf"": ""min""}","{""conf"": [0.5, 0.52, 0.55, 0.58, 0.62, 0.66, 0.7, 0.75, 0.8, 0.85, 0.9, 0.95, 0.99]}",2024,50000,0.99322
"U(0.01,0.1), eps=1e-07",narrow_e7,0.01,0.1,uniform,1e-07,reverse_eng_risk,qmetrology.algorithms.find_phi_fixed_budget_reverse_engineering_risk,8293124269377,"{""m_exploration"": 301}",True,"42,43",700,6000,24,10,15,"{""42"": 0.9943333333333333, ""43"": 0.993}",0.9936666666666667,"{""m_exploration"": 223}",0.008333333333332416,1,552874951291,0,0,{},{},2024,50000,0.99214
"U(0.01,0.1), eps=1e-07",narrow_e7,0.01,0.1,uniform,1e-07,brute,qmetrology.algorithms.find_phi_fixed_budget_brute_force,11747910089773,{},False,"42,43",,,0,0,0,{},,,,,,0,0,{},{},2024,50000,0.9927
"U(0.01,0.1), eps=1e-07",narrow_e7,0.01,0.1,uniform,1e-07,linear,qmetrology.algorithms.find_phi_fixed_budget_linear_search,11747910089773,"{""inc"": 2, ""lookback_window"": 4, ""m_exploration"": 2170983, ""mean_window"": 2, ""safeguard"": 1}",True,"42,43",700,6000,1944,36000,540,"{""42"": 0.9981666666666666, ""43"": 0.9978333333333333}",0.998,"{""m_exploration"": 4341967, ""lookback_window"": 4, ""safeguard"": 1, ""inc"": 2, ""mean_window"": 2}",0.0,1,783194005984,0,0,{},"{""inc"": [1, 2, 3, 5, 8], ""lookback_window"": [1, 2, 3, 4, 5, 6, 8, 12, 20], ""mean_window"": [0, 1, 2, 3, 4, 6, 8, 12], ""safeguard"": [0, 1, 2, 3, 4, 6, 8, 12, 16, 24]}",2024,50000,0.99592
"U(0.01,0.1), eps=1e-07",narrow_e7,0.01,0.1,uniform,1e-07,binary_deep,qmetrology.algorithms.find_phi_fixed_budget_binary_search_deep,11747910089773,"{""conf"": 0.75, ""m_exploration"": 22602}",True,"42,43",700,6000,72,130,45,"{""42"": 0.9991666666666666, ""43"": 0.999}",0.9990833333333333,"{""m_exploration"": 37083, ""conf"": 0.75}",0.008333333333321313,1,783194005984,0,0,{},"{""conf"": [0.5, 0.52, 0.55, 0.58, 0.62, 0.66, 0.7, 0.75, 0.8, 0.85, 0.9, 0.95, 0.99]}",2024,50000,0.9983
"U(0.01,0.1), eps=1e-07",narrow_e7,0.01,0.1,uniform,1e-07,reverse_eng_risk,qmetrology.algorithms.find_phi_fixed_budget_reverse_engineering_risk,11747910089773,"{""m_exploration"": 235}",True,"42,43",700,6000,24,10,15,"{""42"": 0.9991666666666666, ""43"": 0.9983333333333333}",0.99875,"{""m_exploration"": 193}",0.008333333333343518,1,783194005984,0,0,{},{},2024,50000,0.99792
"U(0.01,0.1), eps=1e-07",narrow_e7,0.01,0.1,uniform,1e-07,brute,qmetrology.algorithms.find_phi_fixed_budget_brute_force,16641905631032,{},False,"42,43",,,0,0,0,{},,,,,,0,0,{},{},2024,50000,0.99852
"U(0.01,0.1), eps=1e-07",narrow_e7,0.01,0.1,uniform,1e-07,linear,qmetrology.algorithms.find_phi_fixed_budget_linear_search,16641905631032,"{""inc"": 5, ""lookback_window"": 2, ""m_exploration"": 1607113, ""mean_window"": 1, ""safeguard"": 0}",True,"42,43",700,6000,1944,36000,540,"{""42"": 0.9993333333333333, ""43"": 0.9995}",0.9994166666666666,"{""m_exploration"": 1607113, ""lookback_window"": 2, ""safeguard"": 0, ""inc"": 5, ""mean_window"": 1}",0.0,1,1109460375402,0,0,"{""safeguard"": ""min""}","{""inc"": [1, 2, 3, 5, 8], ""lookback_window"": [1, 2, 3, 4, 5, 6, 8, 12, 20], ""mean_window"": [0, 1, 2, 3, 4, 6, 8, 12], ""safeguard"": [0, 1, 2, 3, 4, 6, 8, 12, 16, 24]}",2024,50000,0.99894
"U(0.01,0.1), eps=1e-07",narrow_e7,0.01,0.1,uniform,1e-07,binary_deep,qmetrology.algorithms.find_phi_fixed_budget_binary_search_deep,16641905631032,"{""conf"": 0.5, ""m_exploration"": 349}",True,"42,43",700,6000,72,130,30,"{""42"": 0.9993333333333333, ""43"": 0.9998333333333334}",0.9995833333333333,"{""m_exploration"": 349, ""conf"": 0.5}",0.0,1,1109460375402,0,0,"{""conf"": ""min""}","{""conf"": [0.5, 0.52, 0.55, 0.58, 0.62, 0.66, 0.7, 0.75, 0.8, 0.85, 0.9, 0.95, 0.99]}",2024,50000,0.99876
"U(0.01,0.1), eps=1e-07",narrow_e7,0.01,0.1,uniform,1e-07,reverse_eng_risk,qmetrology.algorithms.find_phi_fixed_budget_reverse_engineering_risk,16641905631032,"{""m_exploration"": 57}",True,"42,43",700,6000,24,10,15,"{""42"": 0.9998333333333334, ""43"": 0.9998333333333334}",0.9998333333333334,"{""m_exploration"": 77}",0.0,1,1109460375402,0,0,{},{},2024,50000,0.99954
"U(0.01,0.1), eps=1e-07",narrow_e7,0.01,0.1,uniform,1e-07,brute,qmetrology.algorithms.find_phi_fixed_budget_brute_force,23574663145682,{},False,"42,43",,,0,0,0,{},,,,,,0,0,{},{},2024,50000,0.99992
"U(0.01,0.1), eps=1e-07",narrow_e7,0.01,0.1,uniform,1e-07,linear,qmetrology.algorithms.find_phi_fixed_budget_linear_search,23574663145682,"{""inc"": 1, ""lookback_window"": 1, ""m_exploration"": 56, ""mean_window"": 1, ""safeguard"": 1}",True,"42,43",700,6000,1944,36000,360,"{""42"": 1.0, ""43"": 1.0}",1.0,"{""m_exploration"": 68, ""lookback_window"": 1, ""safeguard"": 2, ""inc"": 1, ""mean_window"": 0}",0.0,1,1571644209712,0,0,"{""inc"": ""min"", ""lookback_window"": ""min""}","{""inc"": [1, 2, 3, 5, 8], ""lookback_window"": [1, 2, 3, 4, 5, 6, 8, 12, 20], ""mean_window"": [0, 1, 2, 3, 4, 6, 8, 12], ""safeguard"": [0, 1, 2, 3, 4, 6, 8, 12, 16, 24]}",2024,50000,0.99978
"U(0.01,0.1), eps=1e-07",narrow_e7,0.01,0.1,uniform,1e-07,binary_deep,qmetrology.algorithms.find_phi_fixed_budget_binary_search_deep,23574663145682,"{""conf"": 0.5, ""m_exploration"": 183}",True,"42,43",700,6000,72,130,30,"{""42"": 1.0, ""43"": 1.0}",1.0,"{""m_exploration"": 183, ""conf"": 0.5}",0.0,1,1571644209712,0,0,"{""conf"": ""min""}","{""conf"": [0.5, 0.52, 0.55, 0.58, 0.62, 0.66, 0.7, 0.75, 0.8, 0.85, 0.9, 0.95, 0.99]}",2024,50000,0.99964
"U(0.01,0.1), eps=1e-07",narrow_e7,0.01,0.1,uniform,1e-07,reverse_eng_risk,qmetrology.algorithms.find_phi_fixed_budget_reverse_engineering_risk,23574663145682,"{""m_exploration"": 13}",True,"42,43",700,6000,24,10,13,"{""42"": 1.0, ""43"": 1.0}",1.0,"{""m_exploration"": 14}",0.0,1,1571644209712,0,0,{},{},2024,50000,0.99988
"U(0.01,0.1), eps=1e-07",narrow_e7,0.01,0.1,uniform,1e-07,brute,qmetrology.algorithms.find_phi_fixed_budget_brute_force,33395498974351,{},False,"42,43",,,0,0,0,{},,,,,,0,0,{},{},2024,50000,1.0
"U(0.01,0.1), eps=1e-07",narrow_e7,0.01,0.1,uniform,1e-07,linear,qmetrology.algorithms.find_phi_fixed_budget_linear_search,33395498974351,"{""inc"": 1, ""lookback_window"": 1, ""m_exploration"": 1, ""mean_window"": 1, ""safeguard"": 1}",True,"42,43",700,6000,1944,14400,48,"{""42"": 1.0, ""43"": 1.0}",1.0,"{""m_exploration"": 1, ""lookback_window"": 2, ""safeguard"": 1, ""inc"": 1, ""mean_window"": 1}",0.0,1,2226366598290,1,0,"{""inc"": ""min"", ""lookback_window"": ""min"", ""m_exploration"": ""min""}","{""inc"": [1, 2, 3, 5, 8], ""lookback_window"": [1, 2, 3, 4, 5, 6, 8, 12, 20], ""mean_window"": [0, 1, 2, 3, 4, 6, 8, 12], ""safeguard"": [0, 1, 2, 3, 4, 6, 8, 12, 16, 24]}",2024,50000,1.0
"U(0.01,0.1), eps=1e-07",narrow_e7,0.01,0.1,uniform,1e-07,binary_deep,qmetrology.algorithms.find_phi_fixed_budget_binary_search_deep,33395498974351,"{""conf"": 0.5, ""m_exploration"": 45}",True,"42,43",700,6000,72,130,30,"{""42"": 1.0, ""43"": 0.9998333333333334}",0.9999166666666667,"{""m_exploration"": 45, ""conf"": 0.5}",0.0,1,2226366598290,0,0,"{""conf"": ""min""}","{""conf"": [0.5, 0.52, 0.55, 0.58, 0.62, 0.66, 0.7, 0.75, 0.8, 0.85, 0.9, 0.95, 0.99]}",2024,50000,0.99984
"U(0.01,0.1), eps=1e-07",narrow_e7,0.01,0.1,uniform,1e-07,reverse_eng_risk,qmetrology.algorithms.find_phi_fixed_budget_reverse_engineering_risk,33395498974351,"{""m_exploration"": 1}",True,"42,43",700,6000,24,4,2,"{""42"": 1.0, ""43"": 1.0}",1.0,"{""m_exploration"": 2}",0.0,1,2226366598290,1,0,"{""m_exploration"": ""min""}",{},2024,50000,0.99998
"U(0.01,0.1), eps=1e-07",narrow_e7,0.01,0.1,uniform,1e-07,brute,qmetrology.algorithms.find_phi_fixed_budget_brute_force,47307541357178,{},False,"42,43",,,0,0,0,{},,,,,,0,0,{},{},2024,50000,1.0
"U(0.01,0.1), eps=1e-07",narrow_e7,0.01,0.1,uniform,1e-07,linear,qmetrology.algorithms.find_phi_fixed_budget_linear_search,47307541357178,"{""inc"": 1, ""lookback_window"": 1, ""m_exploration"": 1, ""mean_window"": 1, ""safeguard"": 1}",True,"42,43",700,6000,1944,14400,48,"{""42"": 1.0, ""43"": 1.0}",1.0,"{""m_exploration"": 1, ""lookback_window"": 2, ""safeguard"": 1, ""inc"": 1, ""mean_window"": 1}",0.0,1,3153836090478,1,0,"{""inc"": ""min"", ""lookback_window"": ""min"", ""m_exploration"": ""min""}","{""inc"": [1, 2, 3, 5, 8], ""lookback_window"": [1, 2, 3, 4, 5, 6, 8, 12, 20], ""mean_window"": [0, 1, 2, 3, 4, 6, 8, 12], ""safeguard"": [0, 1, 2, 3, 4, 6, 8, 12, 16, 24]}",2024,50000,1.0
"U(0.01,0.1), eps=1e-07",narrow_e7,0.01,0.1,uniform,1e-07,binary_deep,qmetrology.algorithms.find_phi_fixed_budget_binary_search_deep,47307541357178,"{""conf"": 0.5, ""m_exploration"": 12}",True,"42,43",700,6000,72,130,28,"{""42"": 1.0, ""43"": 1.0}",1.0,"{""m_exploration"": 12, ""conf"": 0.52}",0.0,1,3153836090478,0,0,"{""conf"": ""min""}","{""conf"": [0.5, 0.52, 0.55, 0.58, 0.62, 0.66, 0.7, 0.75, 0.8, 0.85, 0.9, 0.95, 0.99]}",2024,50000,0.99954
"U(0.01,0.1), eps=1e-07",narrow_e7,0.01,0.1,uniform,1e-07,reverse_eng_risk,qmetrology.algorithms.find_phi_fixed_budget_reverse_engineering_risk,47307541357178,"{""m_exploration"": 1}",True,"42,43",700,6000,24,4,2,"{""42"": 1.0, ""43"": 1.0}",1.0,"{""m_exploration"": 2}",0.0,1,3153836090478,1,0,"{""m_exploration"": ""min""}",{},2024,50000,1.0
"U(0.01,0.1), eps=1e-07",narrow_e7,0.01,0.1,uniform,1e-07,brute,qmetrology.algorithms.find_phi_fixed_budget_brute_force,67015122935579,{},False,"42,43",,,0,0,0,{},,,,,,0,0,{},{},2024,50000,1.0
"U(0.01,0.1), eps=1e-07",narrow_e7,0.01,0.1,uniform,1e-07,linear,qmetrology.algorithms.find_phi_fixed_budget_linear_search,67015122935579,"{""inc"": 1, ""lookback_window"": 1, ""m_exploration"": 1, ""mean_window"": 1, ""safeguard"": 1}",True,"42,43",700,6000,1944,14400,48,"{""42"": 1.0, ""43"": 1.0}",1.0,"{""m_exploration"": 1, ""lookback_window"": 2, ""safeguard"": 1, ""inc"": 1, ""mean_window"": 1}",0.0,1,4467674862371,1,0,"{""inc"": ""min"", ""lookback_window"": ""min"", ""m_exploration"": ""min""}","{""inc"": [1, 2, 3, 5, 8], ""lookback_window"": [1, 2, 3, 4, 5, 6, 8, 12, 20], ""mean_window"": [0, 1, 2, 3, 4, 6, 8, 12], ""safeguard"": [0, 1, 2, 3, 4, 6, 8, 12, 16, 24]}",2024,50000,1.0
"U(0.01,0.1), eps=1e-07",narrow_e7,0.01,0.1,uniform,1e-07,binary_deep,qmetrology.algorithms.find_phi_fixed_budget_binary_search_deep,67015122935579,"{""conf"": 0.5, ""m_exploration"": 7}",True,"42,43",700,6000,72,130,14,"{""42"": 1.0, ""43"": 1.0}",1.0,"{""m_exploration"": 8, ""conf"": 0.52}",0.0,1,4467674862371,0,0,"{""conf"": ""min""}","{""conf"": [0.5, 0.52, 0.55, 0.58, 0.62, 0.66, 0.7, 0.75, 0.8, 0.85, 0.9, 0.95, 0.99]}",2024,50000,0.99996
"U(0.01,0.1), eps=1e-07",narrow_e7,0.01,0.1,uniform,1e-07,reverse_eng_risk,qmetrology.algorithms.find_phi_fixed_budget_reverse_engineering_risk,67015122935579,"{""m_exploration"": 1}",True,"42,43",700,6000,24,4,2,"{""42"": 1.0, ""43"": 1.0}",1.0,"{""m_exploration"": 2}",0.0,1,4467674862371,1,0,"{""m_exploration"": ""min""}",{},2024,50000,1.0
"U(0.01,0.1), eps=1e-07",narrow_e7,0.01,0.1,uniform,1e-07,brute,qmetrology.algorithms.find_phi_fixed_budget_brute_force,94932574664214,{},False,"42,43",,,0,0,0,{},,,,,,0,0,{},{},2024,50000,1.0
"U(0.01,0.1), eps=1e-07",narrow_e7,0.01,0.1,uniform,1e-07,linear,qmetrology.algorithms.find_phi_fixed_budget_linear_search,94932574664214,"{""inc"": 1, ""lookback_window"": 1, ""m_exploration"": 1, ""mean_window"": 1, ""safeguard"": 1}",True,"42,43",700,6000,1944,14400,48,"{""42"": 1.0, ""43"": 1.0}",1.0,"{""m_exploration"": 1, ""lookback_window"": 2, ""safeguard"": 1, ""inc"": 1, ""mean_window"": 1}",0.0,1,6328838310947,1,0,"{""inc"": ""min"", ""lookback_window"": ""min"", ""m_exploration"": ""min""}","{""inc"": [1, 2, 3, 5, 8], ""lookback_window"": [1, 2, 3, 4, 5, 6, 8, 12, 20], ""mean_window"": [0, 1, 2, 3, 4, 6, 8, 12], ""safeguard"": [0, 1, 2, 3, 4, 6, 8, 12, 16, 24]}",2024,50000,1.0
"U(0.01,0.1), eps=1e-07",narrow_e7,0.01,0.1,uniform,1e-07,binary_deep,qmetrology.algorithms.find_phi_fixed_budget_binary_search_deep,94932574664214,"{""conf"": 0.5, ""m_exploration"": 3}",True,"42,43",700,6000,72,91,12,"{""42"": 1.0, ""43"": 1.0}",1.0,"{""m_exploration"": 4, ""conf"": 0.5}",0.0,1,6328838310947,0,0,"{""conf"": ""min""}","{""conf"": [0.5, 0.52, 0.55, 0.58, 0.62, 0.66, 0.7, 0.75, 0.8, 0.85, 0.9, 0.95, 0.99]}",2024,50000,0.99996
"U(0.01,0.1), eps=1e-07",narrow_e7,0.01,0.1,uniform,1e-07,reverse_eng_risk,qmetrology.algorithms.find_phi_fixed_budget_reverse_engineering_risk,94932574664214,"{""m_exploration"": 1}",True,"42,43",700,6000,24,4,2,"{""42"": 1.0, ""43"": 1.0}",1.0,"{""m_exploration"": 2}",0.0,1,6328838310947,1,0,"{""m_exploration"": ""min""}",{},2024,50000,1.0
"U(0.01,0.1), eps=1e-07",narrow_e7,0.01,0.1,uniform,1e-07,brute,qmetrology.algorithms.find_phi_fixed_budget_brute_force,134480000000000,{},False,"42,43",,,0,0,0,{},,,,,,0,0,{},{},2024,50000,1.0
"U(0.01,0.1), eps=1e-07",narrow_e7,0.01,0.1,uniform,1e-07,linear,qmetrology.algorithms.find_phi_fixed_budget_linear_search,134480000000000,"{""inc"": 1, ""lookback_window"": 1, ""m_exploration"": 1, ""mean_window"": 1, ""safeguard"": 1}",True,"42,43",700,6000,1944,14400,48,"{""42"": 1.0, ""43"": 1.0}",1.0,"{""m_exploration"": 1, ""lookback_window"": 2, ""safeguard"": 1, ""inc"": 1, ""mean_window"": 1}",0.0,1,8965333333333,1,0,"{""inc"": ""min"", ""lookback_window"": ""min"", ""m_exploration"": ""min""}","{""inc"": [1, 2, 3, 5, 8], ""lookback_window"": [1, 2, 3, 4, 5, 6, 8, 12, 20], ""mean_window"": [0, 1, 2, 3, 4, 6, 8, 12], ""safeguard"": [0, 1, 2, 3, 4, 6, 8, 12, 16, 24]}",2024,50000,1.0
"U(0.01,0.1), eps=1e-07",narrow_e7,0.01,0.1,uniform,1e-07,binary_deep,qmetrology.algorithms.find_phi_fixed_budget_binary_search_deep,134480000000000,"{""conf"": 0.5, ""m_exploration"": 1}",True,"42,43",700,6000,72,52,4,"{""42"": 1.0, ""43"": 1.0}",1.0,"{""m_exploration"": 1, ""conf"": 0.52}",0.0,1,8965333333333,1,0,"{""conf"": ""min"", ""m_exploration"": ""min""}","{""conf"": [0.5, 0.52, 0.55, 0.58, 0.62, 0.66, 0.7, 0.75, 0.8, 0.85, 0.9, 0.95, 0.99]}",2024,50000,1.0
"U(0.01,0.1), eps=1e-07",narrow_e7,0.01,0.1,uniform,1e-07,reverse_eng_risk,qmetrology.algorithms.find_phi_fixed_budget_reverse_engineering_risk,134480000000000,"{""m_exploration"": 1}",True,"42,43",700,6000,24,4,2,"{""42"": 1.0, ""43"": 1.0}",1.0,"{""m_exploration"": 2}",0.0,1,8965333333333,1,0,"{""m_exploration"": ""min""}",{},2024,50000,1.0
"U(0.01,0.1), eps=1e-08",narrow_e8,0.01,0.1,uniform,1e-08,brute,qmetrology.algorithms.find_phi_fixed_budget_brute_force,8965333333333,{},False,"42,43",,,0,0,0,{},,,,,,0,0,{},{},2024,50000,0.18698
"U(0.01,0.1), eps=1e-08",narrow_e8,0.01,0.1,uniform,1e-08,linear,qmetrology.algorithms.find_phi_fixed_budget_linear_search,8965333333333,"{""inc"": 1, ""lookback_window"": 8, ""m_exploration"": 4008298, ""mean_window"": 12, ""safeguard"": 0}",True,"42,43",700,6000,1944,36000,360,"{""42"": 0.2733333333333333, ""43"": 0.2738333333333333}",0.2735833333333333,"{""m_exploration"": 4008298, ""lookback_window"": 8, ""safeguard"": 0, ""inc"": 1, ""mean_window"": 12}",0.0,1,597688888888,0,0,"{""inc"": ""min"", ""mean_window"": ""max"", ""safeguard"": ""min""}","{""inc"": [1, 2, 3, 5, 8], ""lookback_window"": [1, 2, 3, 4, 5, 6, 8, 12, 20], ""mean_window"": [0, 1, 2, 3, 4, 6, 8, 12], ""safeguard"": [0, 1, 2, 3, 4, 6, 8, 12, 16, 24]}",2024,50000,0.26486
"U(0.01,0.1), eps=1e-08",narrow_e8,0.01,0.1,uniform,1e-08,binary_deep,qmetrology.algorithms.find_phi_fixed_budget_binary_search_deep,8965333333333,"{""conf"": 0.99, ""m_exploration"": 150502}",True,"42,43",700,6000,72,130,45,"{""42"": 0.2911666666666667, ""43"": 0.2795}",0.2853333333333333,"{""m_exploration"": 101280, ""conf"": 0.9}",0.14166666666666217,1,597688888888,0,0,"{""conf"": ""max""}","{""conf"": [0.5, 0.52, 0.55, 0.58, 0.62, 0.66, 0.7, 0.75, 0.8, 0.85, 0.9, 0.95, 0.99]}",2024,50000,0.27434
"U(0.01,0.1), eps=1e-08",narrow_e8,0.01,0.1,uniform,1e-08,reverse_eng_risk,qmetrology.algorithms.find_phi_fixed_budget_reverse_engineering_risk,8965333333333,"{""m_exploration"": 204802}",True,"42,43",700,6000,24,10,15,"{""42"": 0.2825, ""43"": 0.276}",0.27925,"{""m_exploration"": 168006}",0.01666666666666483,1,597688888888,0,0,{},{},2024,50000,0.27736
"U(0.01,0.1), eps=1e-08",narrow_e8,0.01,0.1,uniform,1e-08,brute,qmetrology.algorithms.find_phi_fixed_budget_brute_force,12700150932713,{},False,"42,43",,,0,0,0,{},,,,,,0,0,{},{},2024,50000,0.2212
"U(0.01,0.1), eps=1e-08",narrow_e8,0.01,0.1,uniform,1e-08,linear,qmetrology.algorithms.find_phi_fixed_budget_linear_search,12700150932713,"{""inc"": 1, ""lookback_window"": 6, ""m_exploration"": 3475894, ""mean_window"": 2, ""safeguard"": 0}",True,"42,43",700,6000,1944,36000,540,"{""42"": 0.3328333333333333, ""43"": 0.32066666666666666}",0.32675,"{""m_exploration"": 2851399, ""lookback_window"": 6, ""safeguard"": 0, ""inc"": 1, ""mean_window"": 2}",0.024999999999997247,1,846676728847,0,0,"{""inc"": ""min"", ""safeguard"": ""min""}","{""inc"": [1, 2, 3, 5, 8], ""lookback_window"": [1, 2, 3, 4, 5, 6, 8, 12, 20], ""mean_window"": [0, 1, 2, 3, 4, 6, 8, 12], ""safeguard"": [0, 1, 2, 3, 4, 6, 8, 12, 16, 24]}",2024,50000,0.3129
"U(0.01,0.1), eps=1e-08",narrow_e8,0.01,0.1,uniform,1e-08,binary_deep,qmetrology.algorithms.find_phi_fixed_budget_binary_search_deep,12700150932713,"{""conf"": 0.75, ""m_exploration"": 4128}",True,"42,43",700,6000,72,130,45,"{""42"": 0.32866666666666666, ""43"": 0.33016666666666666}",0.3294166666666667,"{""m_exploration"": 4128, ""conf"": 0.7}",0.1250000000000029,1,846676728847,0,0,{},"{""conf"": [0.5, 0.52, 0.55, 0.58, 0.62, 0.66, 0.7, 0.75, 0.8, 0.85, 0.9, 0.95, 0.99]}",2024,50000,0.32004
"U(0.01,0.1), eps=1e-08",narrow_e8,0.01,0.1,uniform,1e-08,reverse_eng_risk,qmetrology.algorithms.find_phi_fixed_budget_reverse_engineering_risk,12700150932713,"{""m_exploration"": 203068}",True,"42,43",700,6000,24,10,15,"{""42"": 0.3245, ""43"": 0.31983333333333336}",0.3221666666666667,"{""m_exploration"": 166584}",0.008333333333337967,1,846676728847,0,0,{},{},2024,50000,0.32572
"U(0.01,0.1), eps=1e-08",narrow_e8,0.01,0.1,uniform,1e-08,brute,qmetrology.algorithms.find_phi_fixed_budget_brute_force,17990835110839,{},False,"42,43",,,0,0,0,{},,,,,,0,0,{},{},2024,50000,0.25928
"U(0.01,0.1), eps=1e-08",narrow_e8,0.01,0.1,uniform,1e-08,linear,qmetrology.algorithms.find_phi_fixed_budget_linear_search,17990835110839,"{""inc"": 1, ""lookback_window"": 8, ""m_exploration"": 6592, ""mean_window"": 1, ""safeguard"": 1}",True,"42,43",700,6000,1944,36000,540,"{""42"": 0.38083333333333336, ""43"": 0.37566666666666665}",0.37825,"{""m_exploration"": 10816, ""lookback_window"": 8, ""safeguard"": 1, ""inc"": 1, ""mean_window"": 1}",0.024999999999997247,1,1199389007389,0,0,"{""inc"": ""min""}","{""inc"": [1, 2, 3, 5, 8], ""lookback_window"": [1, 2, 3, 4, 5, 6, 8, 12, 20], ""mean_window"": [0, 1, 2, 3, 4, 6, 8, 12], ""safeguard"": [0, 1, 2, 3, 4, 6, 8, 12, 16, 24]}",2024,50000,0.3745
"U(0.01,0.1), eps=1e-08",narrow_e8,0.01,0.1,uniform,1e-08,binary_deep,qmetrology.algorithms.find_phi_fixed_budget_binary_search_deep,17990835110839,"{""conf"": 0.8, ""m_exploration"": 6177}",True,"42,43",700,6000,72,130,45,"{""42"": 0.39066666666666666, ""43"": 0.37416666666666665}",0.3824166666666666,"{""m_exploration"": 15060, ""conf"": 0.7}",0.024999999999997247,1,1199389007389,0,0,{},"{""conf"": [0.5, 0.52, 0.55, 0.58, 0.62, 0.66, 0.7, 0.75, 0.8, 0.85, 0.9, 0.95, 0.99]}",2024,50000,0.37384
"U(0.01,0.1), eps=1e-08",narrow_e8,0.01,0.1,uniform,1e-08,reverse_eng_risk,qmetrology.algorithms.find_phi_fixed_budget_reverse_engineering_risk,17990835110839,"{""m_exploration"": 151372}",True,"42,43",700,6000,24,10,15,"{""42"": 0.3785, ""43"": 0.37733333333333335}",0.3779166666666667,"{""m_exploration"": 167128}",0.0,1,1199389007389,0,0,{},{},2024,50000,0.38272
"U(0.01,0.1), eps=1e-08",narrow_e8,0.01,0.1,uniform,1e-08,brute,qmetrology.algorithms.find_phi_fixed_budget_brute_force,25485535542077,{},False,"42,43",,,0,0,0,{},,,,,,0,0,{},{},2024,50000,0.30748
"U(0.01,0.1), eps=1e-08",narrow_e8,0.01,0.1,uniform,1e-08,linear,qmetrology.algorithms.find_phi_fixed_budget_linear_search,25485535542077,"{""inc"": 1, ""lookback_window"": 5, ""m_exploration"": 5609196, ""mean_window"": 1, ""safeguard"": 0}",True,"42,43",700,6000,1944,36000,540,"{""42"": 0.44666666666666666, ""43"": 0.4498333333333333}",0.44825,"{""m_exploration"": 5080381, ""lookback_window"": 5, ""safeguard"": 0, ""inc"": 1, ""mean_window"": 1}",0.050000000000000044,1,1699035702805,0,0,"{""inc"": ""min"", ""safeguard"": ""min""}","{""inc"": [1, 2, 3, 5, 8], ""lookback_window"": [1, 2, 3, 4, 5, 6, 8, 12, 20], ""mean_window"": [0, 1, 2, 3, 4, 6, 8, 12], ""safeguard"": [0, 1, 2, 3, 4, 6, 8, 12, 16, 24]}",2024,50000,0.434
"U(0.01,0.1), eps=1e-08",narrow_e8,0.01,0.1,uniform,1e-08,binary_deep,qmetrology.algorithms.find_phi_fixed_budget_binary_search_deep,25485535542077,"{""conf"": 0.95, ""m_exploration"": 128005}",True,"42,43",700,6000,72,130,45,"{""42"": 0.45816666666666667, ""43"": 0.45216666666666666}",0.45516666666666666,"{""m_exploration"": 105007, ""conf"": 0.9}",0.06666666666666488,1,1699035702805,0,0,{},"{""conf"": [0.5, 0.52, 0.55, 0.58, 0.62, 0.66, 0.7, 0.75, 0.8, 0.85, 0.9, 0.95, 0.99]}",2024,50000,0.444
"U(0.01,0.1), eps=1e-08",narrow_e8,0.01,0.1,uniform,1e-08,reverse_eng_risk,qmetrology.algorithms.find_phi_fixed_budget_reverse_engineering_risk,25485535542077,"{""m_exploration"": 15383}",True,"42,43",700,6000,24,10,15,"{""42"": 0.44316666666666665, ""43"": 0.44316666666666665}",0.44316666666666665,"{""m_exploration"": 13933}",0.01666666666666483,1,1699035702805,0,0,{},{},2024,50000,0.44274
"U(0.01,0.1), eps=1e-08",narrow_e8,0.01,0.1,uniform,1e-08,brute,qmetrology.algorithms.find_phi_fixed_budget_brute_force,36102410914495,{},False,"42,43",,,0,0,0,{},,,,,,0,0,{},{},2024,50000,0.3603
"U(0.01,0.1), eps=1e-08",narrow_e8,0.01,0.1,uniform,1e-08,linear,qmetrology.algorithms.find_phi_fixed_budget_linear_search,36102410914495,"{""inc"": 1, ""lookback_window"": 8, ""m_exploration"": 89782, ""mean_window"": 3, ""safeguard"": 1}",True,"42,43",700,6000,1944,36000,810,"{""42"": 0.5168333333333334, ""43"": 0.49583333333333335}",0.5063333333333333,"{""m_exploration"": 60418, ""lookback_window"": 8, ""safeguard"": 1, ""inc"": 1, ""mean_window"": 3}",0.01666666666666483,1,2406827394299,0,0,"{""inc"": ""min""}","{""inc"": [1, 2, 3, 5, 8], ""lookback_window"": [1, 2, 3, 4, 5, 6, 8, 12, 20], ""mean_window"": [0, 1, 2, 3, 4, 6, 8, 12], ""safeguard"": [0, 1, 2, 3, 4, 6, 8, 12, 16, 24]}",2024,50000,0.4977
"U(0.01,0.1), eps=1e-08",narrow_e8,0.01,0.1,uniform,1e-08,binary_deep,qmetrology.algorithms.find_phi_fixed_budget_binary_search_deep,36102410914495,"{""conf"": 0.7, ""m_exploration"": 8338}",True,"42,43",700,6000,72,130,45,"{""42"": 0.516, ""43"": 0.5116666666666667}",0.5138333333333334,"{""m_exploration"": 8338, ""conf"": 0.75}",0.05833333333333801,1,2406827394299,0,0,{},"{""conf"": [0.5, 0.52, 0.55, 0.58, 0.62, 0.66, 0.7, 0.75, 0.8, 0.85, 0.9, 0.95, 0.99]}",2024,50000,0.50946
"U(0.01,0.1), eps=1e-08",narrow_e8,0.01,0.1,uniform,1e-08,reverse_eng_risk,qmetrology.algorithms.find_phi_fixed_budget_reverse_engineering_risk,36102410914495,"{""m_exploration"": 12807}",True,"42,43",700,6000,24,10,15,"{""42"": 0.5098333333333334, ""43"": 0.5135}",0.5116666666666667,"{""m_exploration"": 19031}",0.0,1,2406827394299,0,0,{},{},2024,50000,0.51192
"U(0.01,0.1), eps=1e-08",narrow_e8,0.01,0.1,uniform,1e-08,brute,qmetrology.algorithms.find_phi_fixed_budget_brute_force,51142110460546,{},False,"42,43",,,0,0,0,{},,,,,,0,0,{},{},2024,50000,0.42224
"U(0.01,0.1), eps=1e-08",narrow_e8,0.01,0.1,uniform,1e-08,linear,qmetrology.algorithms.find_phi_fixed_budget_linear_search,51142110460546,"{""inc"": 1, ""lookback_window"": 5, ""m_exploration"": 477207, ""mean_window"": 1, ""safeguard"": 0}",True,"42,43",700,6000,1944,36000,540,"{""42"": 0.5911666666666666, ""43"": 0.5806666666666667}",0.5859166666666666,"{""m_exploration"": 1728874, ""lookback_window"": 6, ""safeguard"": 0, ""inc"": 1, ""mean_window"": 1}",0.14166666666666217,1,3409474030703,0,0,"{""inc"": ""min"", ""safeguard"": ""min""}","{""inc"": [1, 2, 3, 5, 8], ""lookback_window"": [1, 2, 3, 4, 5, 6, 8, 12, 20], ""mean_window"": [0, 1, 2, 3, 4, 6, 8, 12], ""safeguard"": [0, 1, 2, 3, 4, 6, 8, 12, 16, 24]}",2024,50000,0.57086
"U(0.01,0.1), eps=1e-08",narrow_e8,0.01,0.1,uniform,1e-08,binary_deep,qmetrology.algorithms.find_phi_fixed_budget_binary_search_deep,51142110460546,"{""conf"": 0.9, ""m_exploration"": 48316}",True,"42,43",700,6000,72,130,45,"{""42"": 0.5841666666666666, ""43"": 0.6026666666666667}",0.5934166666666667,"{""m_exploration"": 48316, ""conf"": 0.95}",0.033333333333340764,1,3409474030703,0,0,{},"{""conf"": [0.5, 0.52, 0.55, 0.58, 0.62, 0.66, 0.7, 0.75, 0.8, 0.85, 0.9, 0.95, 0.99]}",2024,50000,0.58744
"U(0.01,0.1), eps=1e-08",narrow_e8,0.01,0.1,uniform,1e-08,reverse_eng_risk,qmetrology.algorithms.find_phi_fixed_budget_reverse_engineering_risk,51142110460546,"{""m_exploration"": 15378}",True,"42,43",700,6000,24,10,15,"{""42"": 0.5791666666666667, ""43"": 0.5878333333333333}",0.5835,"{""m_exploration"": 12615}",0.033333333333340764,1,3409474030703,0,0,{},{},2024,50000,0.5858
"U(0.01,0.1), eps=1e-08",narrow_e8,0.01,0.1,uniform,1e-08,brute,qmetrology.algorithms.find_phi_fixed_budget_brute_force,72447113533589,{},False,"42,43",,,0,0,0,{},,,,,,0,0,{},{},2024,50000,0.49244
"U(0.01,0.1), eps=1e-08",narrow_e8,0.01,0.1,uniform,1e-08,linear,qmetrology.algorithms.find_phi_fixed_budget_linear_search,72447113533589,"{""inc"": 1, ""lookback_window"": 6, ""m_exploration"": 2772573, ""mean_window"": 1, ""safeguard"": 0}",True,"42,43",700,6000,1944,36000,540,"{""42"": 0.6653333333333333, ""43"": 0.656}",0.6606666666666667,"{""m_exploration"": 3379805, ""lookback_window"": 6, ""safeguard"": 0, ""inc"": 1, ""mean_window"": 1}",0.04166666666667318,1,4829807568905,0,0,"{""inc"": ""min"", ""safeguard"": ""min""}","{""inc"": [1, 2, 3, 5, 8], ""lookback_window"": [1, 2, 3, 4, 5, 6, 8, 12, 20], ""mean_window"": [0, 1, 2, 3, 4, 6, 8, 12], ""safeguard"": [0, 1, 2, 3, 4, 6, 8, 12, 16, 24]}",2024,50000,0.6587
"U(0.01,0.1), eps=1e-08",narrow_e8,0.01,0.1,uniform,1e-08,binary_deep,qmetrology.algorithms.find_phi_fixed_budget_binary_search_deep,72447113533589,"{""conf"": 0.75, ""m_exploration"": 26970}",True,"42,43",700,6000,72,130,45,"{""42"": 0.6666666666666666, ""43"": 0.6696666666666666}",0.6681666666666666,"{""m_exploration"": 22125, ""conf"": 0.75}",0.17499999999999183,1,4829807568905,0,0,{},"{""conf"": [0.5, 0.52, 0.55, 0.58, 0.62, 0.66, 0.7, 0.75, 0.8, 0.85, 0.9, 0.95, 0.99]}",2024,50000,0.66268
"U(0.01,0.1), eps=1e-08",narrow_e8,0.01,0.1,uniform,1e-08,reverse_eng_risk,qmetrology.algorithms.find_phi_fixed_budget_reverse_engineering_risk,72447113533589,"{""m_exploration"": 19819}",True,"42,43",700,6000,24,10,15,"{""42"": 0.6553333333333333, ""43"": 0.668}",0.6616666666666666,"{""m_exploration"": 17951}",0.04166666666666208,1,4829807568905,0,0,{},{},2024,50000,0.66256
"U(0.01,0.1), eps=1e-08",narrow_e8,0.01,0.1,uniform,1e-08,brute,qmetrology.algorithms.find_phi_fixed_budget_brute_force,102627447559047,{},False,"42,43",,,0,0,0,{},,,,,,0,0,{},{},2024,50000,0.56818
"U(0.01,0.1), eps=1e-08",narrow_e8,0.01,0.1,uniform,1e-08,linear,qmetrology.algorithms.find_phi_fixed_budget_linear_search,102627447559047,"{""inc"": 1, ""lookback_window"": 6, ""m_exploration"": 2039731, ""mean_window"": 1, ""safeguard"": 0}",True,"42,43",700,6000,1944,36000,540,"{""42"": 0.7408333333333333, ""43"": 0.7346666666666667}",0.73775,"{""m_exploration"": 2252045, ""lookback_window"": 6, ""safeguard"": 0, ""inc"": 1, ""mean_window"": 1}",0.10000000000000009,1,6841829837269,0,0,"{""inc"": ""min"", ""safeguard"": ""min""}","{""inc"": [1, 2, 3, 5, 8], ""lookback_window"": [1, 2, 3, 4, 5, 6, 8, 12, 20], ""mean_window"": [0, 1, 2, 3, 4, 6, 8, 12], ""safeguard"": [0, 1, 2, 3, 4, 6, 8, 12, 16, 24]}",2024,50000,0.73318
"U(0.01,0.1), eps=1e-08",narrow_e8,0.01,0.1,uniform,1e-08,binary_deep,qmetrology.algorithms.find_phi_fixed_budget_binary_search_deep,102627447559047,"{""conf"": 0.9, ""m_exploration"": 33245}",True,"42,43",700,6000,72,130,45,"{""42"": 0.7426666666666667, ""43"": 0.7423333333333333}",0.7424999999999999,"{""m_exploration"": 33245, ""conf"": 0.9}",0.0,1,6841829837269,0,0,{},"{""conf"": [0.5, 0.52, 0.55, 0.58, 0.62, 0.66, 0.7, 0.75, 0.8, 0.85, 0.9, 0.95, 0.99]}",2024,50000,0.73682
"U(0.01,0.1), eps=1e-08",narrow_e8,0.01,0.1,uniform,1e-08,reverse_eng_risk,qmetrology.algorithms.find_phi_fixed_budget_reverse_engineering_risk,102627447559047,"{""m_exploration"": 13110}",True,"42,43",700,6000,24,10,15,"{""42"": 0.7341666666666666, ""43"": 0.7425}",0.7383333333333333,"{""m_exploration"": 11874}",0.03333333333332966,1,6841829837269,0,0,{},{},2024,50000,0.73688
"U(0.01,0.1), eps=1e-08",narrow_e8,0.01,0.1,uniform,1e-08,brute,qmetrology.algorithms.find_phi_fixed_budget_brute_force,145380436552546,{},False,"42,43",,,0,0,0,{},,,,,,0,0,{},{},2024,50000,0.65228
"U(0.01,0.1), eps=1e-08",narrow_e8,0.01,0.1,uniform,1e-08,linear,qmetrology.algorithms.find_phi_fixed_budget_linear_search,145380436552546,"{""inc"": 1, ""lookback_window"": 6, ""m_exploration"": 43212199, ""mean_window"": 2, ""safeguard"": 0}",True,"42,43",700,6000,1944,36000,540,"{""42"": 0.8135, ""43"": 0.8031666666666667}",0.8083333333333333,"{""m_exploration"": 43212199, ""lookback_window"": 6, ""safeguard"": 0, ""inc"": 1, ""mean_window"": 1}",0.02500000000000835,1,9692029103503,0,0,"{""inc"": ""min"", ""safeguard"": ""min""}","{""inc"": [1, 2, 3, 5, 8], ""lookback_window"": [1, 2, 3, 4, 5, 6, 8, 12, 20], ""mean_window"": [0, 1, 2, 3, 4, 6, 8, 12], ""safeguard"": [0, 1, 2, 3, 4, 6, 8, 12, 16, 24]}",2024,50000,0.80062
"U(0.01,0.1), eps=1e-08",narrow_e8,0.01,0.1,uniform,1e-08,binary_deep,qmetrology.algorithms.find_phi_fixed_budget_binary_search_deep,145380436552546,"{""conf"": 0.9, ""m_exploration"": 139492}",True,"42,43",700,6000,72,130,45,"{""42"": 0.8165, ""43"": 0.8091666666666667}",0.8128333333333333,"{""m_exploration"": 228860, ""conf"": 0.9}",0.03333333333332966,1,9692029103503,0,0,{},"{""conf"": [0.5, 0.52, 0.55, 0.58, 0.62, 0.66, 0.7, 0.75, 0.8, 0.85, 0.9, 0.95, 0.99]}",2024,50000,0.80796
"U(0.01,0.1), eps=1e-08",narrow_e8,0.01,0.1,uniform,1e-08,reverse_eng_risk,qmetrology.algorithms.find_phi_fixed_budget_reverse_engineering_risk,145380436552546,"{""m_exploration"": 14068}",True,"42,43",700,6000,24,10,15,"{""42"": 0.8053333333333333, ""43"": 0.811}",0.8081666666666667,"{""m_exploration"": 12742}",0.01666666666666483,1,9692029103503,0,0,{},{},2024,50000,0.80778
"U(0.01,0.1), eps=1e-08",narrow_e8,0.01,0.1,uniform,1e-08,brute,qmetrology.algorithms.find_phi_fixed_budget_brute_force,205943651868068,{},False,"42,43",,,0,0,0,{},,,,,,0,0,{},{},2024,50000,0.73518
"U(0.01,0.1), eps=1e-08",narrow_e8,0.01,0.1,uniform,1e-08,linear,qmetrology.algorithms.find_phi_fixed_budget_linear_search,205943651868068,"{""inc"": 1, ""lookback_window"": 8, ""m_exploration"": 44265, ""mean_window"": 1, ""safeguard"": 1}",True,"42,43",700,6000,1944,36000,810,"{""42"": 0.8666666666666667, ""43"": 0.8638333333333333}",0.8652500000000001,"{""m_exploration"": 160370, ""lookback_window"": 6, ""safeguard"": 1, ""inc"": 1, ""mean_window"": 1}",1.1102230246251565e-14,1,13729576791204,0,0,"{""inc"": ""min""}","{""inc"": [1, 2, 3, 5, 8], ""lookback_window"": [1, 2, 3, 4, 5, 6, 8, 12, 20], ""mean_window"": [0, 1, 2, 3, 4, 6, 8, 12], ""safeguard"": [0, 1, 2, 3, 4, 6, 8, 12, 16, 24]}",2024,50000,0.8557
"U(0.01,0.1), eps=1e-08",narrow_e8,0.01,0.1,uniform,1e-08,binary_deep,qmetrology.algorithms.find_phi_fixed_budget_binary_search_deep,205943651868068,"{""conf"": 0.9, ""m_exploration"": 2474}",True,"42,43",700,6000,72,130,45,"{""42"": 0.876, ""43"": 0.8681666666666666}",0.8720833333333333,"{""m_exploration"": 2474, ""conf"": 0.85}",0.008333333333332416,1,13729576791204,0,0,{},"{""conf"": [0.5, 0.52, 0.55, 0.58, 0.62, 0.66, 0.7, 0.75, 0.8, 0.85, 0.9, 0.95, 0.99]}",2024,50000,0.86508
"U(0.01,0.1), eps=1e-08",narrow_e8,0.01,0.1,uniform,1e-08,reverse_eng_risk,qmetrology.algorithms.find_phi_fixed_budget_reverse_engineering_risk,205943651868068,"{""m_exploration"": 52785}",True,"42,43",700,6000,24,10,15,"{""42"": 0.8736666666666667, ""43"": 0.877}",0.8753333333333333,"{""m_exploration"": 43301}",0.01666666666666483,1,13729576791204,0,0,{},{},2024,50000,0.8723
"U(0.01,0.1), eps=1e-08",narrow_e8,0.01,0.1,uniform,1e-08,brute,qmetrology.algorithms.find_phi_fixed_budget_brute_force,291736555141147,{},False,"42,43",,,0,0,0,{},,,,,,0,0,{},{},2024,50000,0.817
"U(0.01,0.1), eps=1e-08",narrow_e8,0.01,0.1,uniform,1e-08,linear,qmetrology.algorithms.find_phi_fixed_budget_linear_search,291736555141147,"{""inc"": 1, ""lookback_window"": 6, ""m_exploration"": 386402, ""mean_window"": 1, ""safeguard"": 1}",True,"42,43",700,6000,1944,36000,810,"{""42"": 0.9195, ""43"": 0.9163333333333333}",0.9179166666666667,"{""m_exploration"": 1267920, ""lookback_window"": 6, ""safeguard"": 0, ""inc"": 1, ""mean_window"": 1}",0.07500000000000284,1,19449103676076,0,0,"{""inc"": ""min""}","{""inc"": [1, 2, 3, 5, 8], ""lookback_window"": [1, 2, 3, 4, 5, 6, 8, 12, 20], ""mean_window"": [0, 1, 2, 3, 4, 6, 8, 12], ""safeguard"": [0, 1, 2, 3, 4, 6, 8, 12, 16, 24]}",2024,50000,0.91096
"U(0.01,0.1), eps=1e-08",narrow_e8,0.01,0.1,uniform,1e-08,binary_deep,qmetrology.algorithms.find_phi_fixed_budget_binary_search_deep,291736555141147,"{""conf"": 0.85, ""m_exploration"": 35136}",True,"42,43",700,6000,72,130,45,"{""42"": 0.9305, ""43"": 0.9286666666666666}",0.9295833333333333,"{""m_exploration"": 35136, ""conf"": 0.9}",0.050000000000005596,1,19449103676076,0,0,{},"{""conf"": [0.5, 0.52, 0.55, 0.58, 0.62, 0.66, 0.7, 0.75, 0.8, 0.85, 0.9, 0.95, 0.99]}",2024,50000,0.92158
"U(0.01,0.1), eps=1e-08",narrow_e8,0.01,0.1,uniform,1e-08,reverse_eng_risk,qmetrology.algorithms.find_phi_fixed_budget_reverse_engineering_risk,291736555141147,"{""m_exploration"": 6586591}",True,"42,43",700,6000,24,10,15,"{""42"": 0.9225, ""43"": 0.9233333333333333}",0.9229166666666666,"{""m_exploration"": 8029145}",0.008333333333321313,1,19449103676076,0,0,{},{},2024,50000,0.92394
"U(0.01,0.1), eps=1e-08",narrow_e8,0.01,0.1,uniform,1e-08,brute,qmetrology.algorithms.find_phi_fixed_budget_brute_force,413269439643361,{},False,"42,43",,,0,0,0,{},,,,,,0,0,{},{},2024,50000,0.88632
"U(0.01,0.1), eps=1e-08",narrow_e8,0.01,0.1,uniform,1e-08,linear,qmetrology.algorithms.find_phi_fixed_budget_linear_search,413269439643361,"{""inc"": 1, ""lookback_window"": 5, ""m_exploration"": 1645294, ""mean_window"": 8, ""safeguard"": 0}",True,"42,43",700,6000,1944,36000,540,"{""42"": 0.9461666666666667, ""43"": 0.9516666666666667}",0.9489166666666666,"{""m_exploration"": 2214402, ""lookback_window"": 6, ""safeguard"": 0, ""inc"": 1, ""mean_window"": 12}",0.008333333333321313,1,27551295976224,0,0,"{""inc"": ""min"", ""safeguard"": ""min""}","{""inc"": [1, 2, 3, 5, 8], ""lookback_window"": [1, 2, 3, 4, 5, 6, 8, 12, 20], ""mean_window"": [0, 1, 2, 3, 4, 6, 8, 12], ""safeguard"": [0, 1, 2, 3, 4, 6, 8, 12, 16, 24]}",2024,50000,0.94494
"U(0.01,0.1), eps=1e-08",narrow_e8,0.01,0.1,uniform,1e-08,binary_deep,qmetrology.algorithms.find_phi_fixed_budget_binary_search_deep,413269439643361,"{""conf"": 0.85, ""m_exploration"": 32535}",True,"42,43",700,6000,72,130,45,"{""42"": 0.9645, ""43"": 0.9641666666666666}",0.9643333333333333,"{""m_exploration"": 26690, ""conf"": 0.8}",0.01666666666666483,1,27551295976224,0,0,{},"{""conf"": [0.5, 0.52, 0.55, 0.58, 0.62, 0.66, 0.7, 0.75, 0.8, 0.85, 0.9, 0.95, 0.99]}",2024,50000,0.95924
"U(0.01,0.1), eps=1e-08",narrow_e8,0.01,0.1,uniform,1e-08,reverse_eng_risk,qmetrology.algorithms.find_phi_fixed_budget_reverse_engineering_risk,413269439643361,"{""m_exploration"": 54568}",True,"42,43",700,6000,24,10,15,"{""42"": 0.9603333333333334, ""43"": 0.9601666666666666}",0.96025,"{""m_exploration"": 66519}",0.008333333333343518,1,27551295976224,0,0,{},{},2024,50000,0.95906
"U(0.01,0.1), eps=1e-08",narrow_e8,0.01,0.1,uniform,1e-08,brute,qmetrology.algorithms.find_phi_fixed_budget_brute_force,585431022384237,{},False,"42,43",,,0,0,0,{},,,,,,0,0,{},{},2024,50000,0.9404
"U(0.01,0.1), eps=1e-08",narrow_e8,0.01,0.1,uniform,1e-08,linear,qmetrology.algorithms.find_phi_fixed_budget_linear_search,585431022384237,"{""inc"": 1, ""lookback_window"": 6, ""m_exploration"": 751362, ""mean_window"": 3, ""safeguard"": 1}",True,"42,43",700,6000,1944,36000,540,"{""42"": 0.9751666666666666, ""43"": 0.973}",0.9740833333333333,"{""m_exploration"": 680526, ""lookback_window"": 6, ""safeguard"": 1, ""inc"": 1, ""mean_window"": 3}",0.03333333333332966,1,39028734825615,0,0,"{""inc"": ""min""}","{""inc"": [1, 2, 3, 5, 8], ""lookback_window"": [1, 2, 3, 4, 5, 6, 8, 12, 20], ""mean_window"": [0, 1, 2, 3, 4, 6, 8, 12], ""safeguard"": [0, 1, 2, 3, 4, 6, 8, 12, 16, 24]}",2024,50000,0.97452
"U(0.01,0.1), eps=1e-08",narrow_e8,0.01,0.1,uniform,1e-08,binary_deep,qmetrology.algorithms.find_phi_fixed_budget_binary_search_deep,585431022384237,"{""conf"": 0.52, ""m_exploration"": 35017}",True,"42,43",700,6000,72,130,30,"{""42"": 0.9843333333333333, ""43"": 0.9848333333333333}",0.9845833333333334,"{""m_exploration"": 35017, ""conf"": 0.5}",0.008333333333343518,1,39028734825615,0,0,{},"{""conf"": [0.5, 0.52, 0.55, 0.58, 0.62, 0.66, 0.7, 0.75, 0.8, 0.85, 0.9, 0.95, 0.99]}",2024,50000,0.98206
"U(0.01,0.1), eps=1e-08",narrow_e8,0.01,0.1,uniform,1e-08,reverse_eng_risk,qmetrology.algorithms.find_phi_fixed_budget_reverse_engineering_risk,585431022384237,"{""m_exploration"": 600}",True,"42,43",700,6000,24,10,15,"{""42"": 0.9801666666666666, ""43"": 0.981}",0.9805833333333334,"{""m_exploration"": 662}",0.008333333333343518,1,39028734825615,0,0,{},{},2024,50000,0.97926
"U(0.01,0.1), eps=1e-08",narrow_e8,0.01,0.1,uniform,1e-08,brute,qmetrology.algorithms.find_phi_fixed_budget_brute_force,829312426937782,{},False,"42,43",,,0,0,0,{},,,,,,0,0,{},{},2024,50000,0.9745
"U(0.01,0.1), eps=1e-08",narrow_e8,0.01,0.1,uniform,1e-08,linear,qmetrology.algorithms.find_phi_fixed_budget_linear_search,829312426937782,"{""inc"": 2, ""lookback_window"": 4, ""m_exploration"": 39841238, ""mean_window"": 2, ""safeguard"": 0}",True,"42,43",700,6000,1944,36000,540,"{""42"": 0.9911666666666666, ""43"": 0.9923333333333333}",0.9917499999999999,"{""m_exploration"": 32683176, ""lookback_window"": 4, ""safeguard"": 0, ""inc"": 2, ""mean_window"": 2}",0.008333333333321313,1,55287495129185,0,0,"{""safeguard"": ""min""}","{""inc"": [1, 2, 3, 5, 8], ""lookback_window"": [1, 2, 3, 4, 5, 6, 8, 12, 20], ""mean_window"": [0, 1, 2, 3, 4, 6, 8, 12], ""safeguard"": [0, 1, 2, 3, 4, 6, 8, 12, 16, 24]}",2024,50000,0.98888
"U(0.01,0.1), eps=1e-08",narrow_e8,0.01,0.1,uniform,1e-08,binary_deep,qmetrology.algorithms.find_phi_fixed_budget_binary_search_deep,829312426937782,"{""conf"": 0.5, ""m_exploration"": 3296}",True,"42,43",700,6000,72,130,30,"{""42"": 0.9945, ""43"": 0.9955}",0.9950000000000001,"{""m_exploration"": 3296, ""conf"": 0.52}",0.008333333333343518,1,55287495129185,0,0,"{""conf"": ""min""}","{""conf"": [0.5, 0.52, 0.55, 0.58, 0.62, 0.66, 0.7, 0.75, 0.8, 0.85, 0.9, 0.95, 0.99]}",2024,50000,0.9936
"U(0.01,0.1), eps=1e-08",narrow_e8,0.01,0.1,uniform,1e-08,reverse_eng_risk,qmetrology.algorithms.find_phi_fixed_budget_reverse_engineering_risk,829312426937782,"{""m_exploration"": 318}",True,"42,43",700,6000,24,10,15,"{""42"": 0.9943333333333333, ""43"": 0.993}",0.9936666666666667,"{""m_exploration"": 236}",0.008333333333332416,1,55287495129185,0,0,{},{},2024,50000,0.99216
"U(0.01,0.1), eps=1e-08",narrow_e8,0.01,0.1,uniform,1e-08,brute,qmetrology.algorithms.find_phi_fixed_budget_brute_force,1174791008977376,{},False,"42,43",,,0,0,0,{},,,,,,0,0,{},{},2024,50000,0.9927
"U(0.01,0.1), eps=1e-08",narrow_e8,0.01,0.1,uniform,1e-08,linear,qmetrology.algorithms.find_phi_fixed_budget_linear_search,1174791008977376,"{""inc"": 2, ""lookback_window"": 4, ""m_exploration"": 2703297, ""mean_window"": 2, ""safeguard"": 1}",True,"42,43",700,6000,1944,36000,540,"{""42"": 0.9983333333333333, ""43"": 0.9978333333333333}",0.9980833333333333,"{""m_exploration"": 2448440, ""lookback_window"": 4, ""safeguard"": 1, ""inc"": 2, ""mean_window"": 2}",0.008333333333332416,1,78319400598491,0,0,{},"{""inc"": [1, 2, 3, 5, 8], ""lookback_window"": [1, 2, 3, 4, 5, 6, 8, 12, 20], ""mean_window"": [0, 1, 2, 3, 4, 6, 8, 12], ""safeguard"": [0, 1, 2, 3, 4, 6, 8, 12, 16, 24]}",2024,50000,0.9959
"U(0.01,0.1), eps=1e-08",narrow_e8,0.01,0.1,uniform,1e-08,binary_deep,qmetrology.algorithms.find_phi_fixed_budget_binary_search_deep,1174791008977376,"{""conf"": 0.5, ""m_exploration"": 37726}",True,"42,43",700,6000,72,130,30,"{""42"": 0.9988333333333334, ""43"": 0.9993333333333333}",0.9990833333333333,"{""m_exploration"": 37726, ""conf"": 0.5}",0.0,1,78319400598491,0,0,"{""conf"": ""min""}","{""conf"": [0.5, 0.52, 0.55, 0.58, 0.62, 0.66, 0.7, 0.75, 0.8, 0.85, 0.9, 0.95, 0.99]}",2024,50000,0.99824
"U(0.01,0.1), eps=1e-08",narrow_e8,0.01,0.1,uniform,1e-08,reverse_eng_risk,qmetrology.algorithms.find_phi_fixed_budget_reverse_engineering_risk,1174791008977376,"{""m_exploration"": 217}",True,"42,43",700,6000,24,10,15,"{""42"": 0.9991666666666666, ""43"": 0.9983333333333333}",0.99875,"{""m_exploration"": 240}",0.0,1,78319400598491,0,0,{},{},2024,50000,0.99784
"U(0.01,0.1), eps=1e-08",narrow_e8,0.01,0.1,uniform,1e-08,brute,qmetrology.algorithms.find_phi_fixed_budget_brute_force,1664190563103208,{},False,"42,43",,,0,0,0,{},,,,,,0,0,{},{},2024,50000,0.99852
"U(0.01,0.1), eps=1e-08",narrow_e8,0.01,0.1,uniform,1e-08,linear,qmetrology.algorithms.find_phi_fixed_budget_linear_search,1664190563103208,"{""inc"": 5, ""lookback_window"": 2, ""m_exploration"": 794595, ""mean_window"": 1, ""safeguard"": 0}",True,"42,43",700,6000,1944,36000,540,"{""42"": 0.9991666666666666, ""43"": 0.9995}",0.9993333333333334,"{""m_exploration"": 2607338, ""lookback_window"": 2, ""safeguard"": 0, ""inc"": 3, ""mean_window"": 2}",0.0,1,110946037540213,0,0,"{""safeguard"": ""min""}","{""inc"": [1, 2, 3, 5, 8], ""lookback_window"": [1, 2, 3, 4, 5, 6, 8, 12, 20], ""mean_window"": [0, 1, 2, 3, 4, 6, 8, 12], ""safeguard"": [0, 1, 2, 3, 4, 6, 8, 12, 16, 24]}",2024,50000,0.99884
"U(0.01,0.1), eps=1e-08",narrow_e8,0.01,0.1,uniform,1e-08,binary_deep,qmetrology.algorithms.find_phi_fixed_budget_binary_search_deep,1664190563103208,"{""conf"": 0.5, ""m_exploration"": 522}",True,"42,43",700,6000,72,130,30,"{""42"": 0.9996666666666667, ""43"": 0.9995}",0.9995833333333334,"{""m_exploration"": 522, ""conf"": 0.5}",0.0,1,110946037540213,0,0,"{""conf"": ""min""}","{""conf"": [0.5, 0.52, 0.55, 0.58, 0.62, 0.66, 0.7, 0.75, 0.8, 0.85, 0.9, 0.95, 0.99]}",2024,50000,0.99914
"U(0.01,0.1), eps=1e-08",narrow_e8,0.01,0.1,uniform,1e-08,reverse_eng_risk,qmetrology.algorithms.find_phi_fixed_budget_reverse_engineering_risk,1664190563103208,"{""m_exploration"": 46}",True,"42,43",700,6000,24,10,15,"{""42"": 0.9998333333333334, ""43"": 0.9998333333333334}",0.9998333333333334,"{""m_exploration"": 62}",0.0,1,110946037540213,0,0,{},{},2024,50000,0.9995
"U(0.01,0.1), eps=1e-08",narrow_e8,0.01,0.1,uniform,1e-08,brute,qmetrology.algorithms.find_phi_fixed_budget_brute_force,2357466314568226,{},False,"42,43",,,0,0,0,{},,,,,,0,0,{},{},2024,50000,0.99992
"U(0.01,0.1), eps=1e-08",narrow_e8,0.01,0.1,uniform,1e-08,linear,qmetrology.algorithms.find_phi_fixed_budget_linear_search,2357466314568226,"{""inc"": 1, ""lookback_window"": 1, ""m_exploration"": 8, ""mean_window"": 1, ""safeguard"": 1}",True,"42,43",700,6000,1944,36000,360,"{""42"": 1.0, ""43"": 1.0}",1.0,"{""m_exploration"": 10, ""lookback_window"": 1, ""safeguard"": 1, ""inc"": 1, ""mean_window"": 1}",0.0,1,157164420971215,0,0,"{""inc"": ""min"", ""lookback_window"": ""min""}","{""inc"": [1, 2, 3, 5, 8], ""lookback_window"": [1, 2, 3, 4, 5, 6, 8, 12, 20], ""mean_window"": [0, 1, 2, 3, 4, 6, 8, 12], ""safeguard"": [0, 1, 2, 3, 4, 6, 8, 12, 16, 24]}",2024,50000,0.99978
"U(0.01,0.1), eps=1e-08",narrow_e8,0.01,0.1,uniform,1e-08,binary_deep,qmetrology.algorithms.find_phi_fixed_budget_binary_search_deep,2357466314568226,"{""conf"": 0.5, ""m_exploration"": 148}",True,"42,43",700,6000,72,130,30,"{""42"": 0.9998333333333334, ""43"": 1.0}",0.9999166666666667,"{""m_exploration"": 148, ""conf"": 0.5}",0.0,1,157164420971215,0,0,"{""conf"": ""min""}","{""conf"": [0.5, 0.52, 0.55, 0.58, 0.62, 0.66, 0.7, 0.75, 0.8, 0.85, 0.9, 0.95, 0.99]}",2024,50000,0.99958
"U(0.01,0.1), eps=1e-08",narrow_e8,0.01,0.1,uniform,1e-08,reverse_eng_risk,qmetrology.algorithms.find_phi_fixed_budget_reverse_engineering_risk,2357466314568226,"{""m_exploration"": 12}",True,"42,43",700,6000,24,10,14,"{""42"": 1.0, ""43"": 1.0}",1.0,"{""m_exploration"": 15}",0.0,1,157164420971215,0,0,{},{},2024,50000,0.99988
"U(0.01,0.1), eps=1e-08",narrow_e8,0.01,0.1,uniform,1e-08,brute,qmetrology.algorithms.find_phi_fixed_budget_brute_force,3339549897435170,{},False,"42,43",,,0,0,0,{},,,,,,0,0,{},{},2024,50000,1.0
"U(0.01,0.1), eps=1e-08",narrow_e8,0.01,0.1,uniform,1e-08,linear,qmetrology.algorithms.find_phi_fixed_budget_linear_search,3339549897435170,"{""inc"": 1, ""lookback_window"": 1, ""m_exploration"": 1, ""mean_window"": 1, ""safeguard"": 1}",True,"42,43",700,6000,1944,14400,48,"{""42"": 1.0, ""43"": 1.0}",1.0,"{""m_exploration"": 1, ""lookback_window"": 2, ""safeguard"": 1, ""inc"": 1, ""mean_window"": 1}",0.0,1,222636659829011,1,0,"{""inc"": ""min"", ""lookback_window"": ""min"", ""m_exploration"": ""min""}","{""inc"": [1, 2, 3, 5, 8], ""lookback_window"": [1, 2, 3, 4, 5, 6, 8, 12, 20], ""mean_window"": [0, 1, 2, 3, 4, 6, 8, 12], ""safeguard"": [0, 1, 2, 3, 4, 6, 8, 12, 16, 24]}",2024,50000,1.0
"U(0.01,0.1), eps=1e-08",narrow_e8,0.01,0.1,uniform,1e-08,binary_deep,qmetrology.algorithms.find_phi_fixed_budget_binary_search_deep,3339549897435170,"{""conf"": 0.5, ""m_exploration"": 45}",True,"42,43",700,6000,72,130,30,"{""42"": 1.0, ""43"": 0.9998333333333334}",0.9999166666666667,"{""m_exploration"": 45, ""conf"": 0.5}",0.0,1,222636659829011,0,0,"{""conf"": ""min""}","{""conf"": [0.5, 0.52, 0.55, 0.58, 0.62, 0.66, 0.7, 0.75, 0.8, 0.85, 0.9, 0.95, 0.99]}",2024,50000,0.99984
"U(0.01,0.1), eps=1e-08",narrow_e8,0.01,0.1,uniform,1e-08,reverse_eng_risk,qmetrology.algorithms.find_phi_fixed_budget_reverse_engineering_risk,3339549897435170,"{""m_exploration"": 1}",True,"42,43",700,6000,24,4,2,"{""42"": 1.0, ""43"": 1.0}",1.0,"{""m_exploration"": 2}",0.0,1,222636659829011,1,0,"{""m_exploration"": ""min""}",{},2024,50000,0.99998
"U(0.01,0.1), eps=1e-08",narrow_e8,0.01,0.1,uniform,1e-08,brute,qmetrology.algorithms.find_phi_fixed_budget_brute_force,4730754135717893,{},False,"42,43",,,0,0,0,{},,,,,,0,0,{},{},2024,50000,1.0
"U(0.01,0.1), eps=1e-08",narrow_e8,0.01,0.1,uniform,1e-08,linear,qmetrology.algorithms.find_phi_fixed_budget_linear_search,4730754135717893,"{""inc"": 1, ""lookback_window"": 1, ""m_exploration"": 1, ""mean_window"": 1, ""safeguard"": 1}",True,"42,43",700,6000,1944,14400,48,"{""42"": 1.0, ""43"": 1.0}",1.0,"{""m_exploration"": 1, ""lookback_window"": 2, ""safeguard"": 1, ""inc"": 1, ""mean_window"": 1}",0.0,1,315383609047859,1,0,"{""inc"": ""min"", ""lookback_window"": ""min"", ""m_exploration"": ""min""}","{""inc"": [1, 2, 3, 5, 8], ""lookback_window"": [1, 2, 3, 4, 5, 6, 8, 12, 20], ""mean_window"": [0, 1, 2, 3, 4, 6, 8, 12], ""safeguard"": [0, 1, 2, 3, 4, 6, 8, 12, 16, 24]}",2024,50000,1.0
"U(0.01,0.1), eps=1e-08",narrow_e8,0.01,0.1,uniform,1e-08,binary_deep,qmetrology.algorithms.find_phi_fixed_budget_binary_search_deep,4730754135717893,"{""conf"": 0.5, ""m_exploration"": 12}",True,"42,43",700,6000,72,130,26,"{""42"": 1.0, ""43"": 1.0}",1.0,"{""m_exploration"": 12, ""conf"": 0.52}",0.0,1,315383609047859,0,0,"{""conf"": ""min""}","{""conf"": [0.5, 0.52, 0.55, 0.58, 0.62, 0.66, 0.7, 0.75, 0.8, 0.85, 0.9, 0.95, 0.99]}",2024,50000,0.99954
"U(0.01,0.1), eps=1e-08",narrow_e8,0.01,0.1,uniform,1e-08,reverse_eng_risk,qmetrology.algorithms.find_phi_fixed_budget_reverse_engineering_risk,4730754135717893,"{""m_exploration"": 1}",True,"42,43",700,6000,24,4,2,"{""42"": 1.0, ""43"": 1.0}",1.0,"{""m_exploration"": 2}",0.0,1,315383609047859,1,0,"{""m_exploration"": ""min""}",{},2024,50000,1.0
"U(0.01,0.1), eps=1e-08",narrow_e8,0.01,0.1,uniform,1e-08,brute,qmetrology.algorithms.find_phi_fixed_budget_brute_force,6701512293557939,{},False,"42,43",,,0,0,0,{},,,,,,0,0,{},{},2024,50000,1.0
"U(0.01,0.1), eps=1e-08",narrow_e8,0.01,0.1,uniform,1e-08,linear,qmetrology.algorithms.find_phi_fixed_budget_linear_search,6701512293557939,"{""inc"": 1, ""lookback_window"": 1, ""m_exploration"": 1, ""mean_window"": 1, ""safeguard"": 1}",True,"42,43",700,6000,1944,14400,48,"{""42"": 1.0, ""43"": 1.0}",1.0,"{""m_exploration"": 1, ""lookback_window"": 2, ""safeguard"": 1, ""inc"": 1, ""mean_window"": 1}",0.0,1,446767486237195,1,0,"{""inc"": ""min"", ""lookback_window"": ""min"", ""m_exploration"": ""min""}","{""inc"": [1, 2, 3, 5, 8], ""lookback_window"": [1, 2, 3, 4, 5, 6, 8, 12, 20], ""mean_window"": [0, 1, 2, 3, 4, 6, 8, 12], ""safeguard"": [0, 1, 2, 3, 4, 6, 8, 12, 16, 24]}",2024,50000,1.0
"U(0.01,0.1), eps=1e-08",narrow_e8,0.01,0.1,uniform,1e-08,binary_deep,qmetrology.algorithms.find_phi_fixed_budget_binary_search_deep,6701512293557939,"{""conf"": 0.5, ""m_exploration"": 7}",True,"42,43",700,6000,72,104,14,"{""42"": 1.0, ""43"": 1.0}",1.0,"{""m_exploration"": 8, ""conf"": 0.52}",0.0,1,446767486237195,0,0,"{""conf"": ""min""}","{""conf"": [0.5, 0.52, 0.55, 0.58, 0.62, 0.66, 0.7, 0.75, 0.8, 0.85, 0.9, 0.95, 0.99]}",2024,50000,0.99996
"U(0.01,0.1), eps=1e-08",narrow_e8,0.01,0.1,uniform,1e-08,reverse_eng_risk,qmetrology.algorithms.find_phi_fixed_budget_reverse_engineering_risk,6701512293557939,"{""m_exploration"": 1}",True,"42,43",700,6000,24,4,2,"{""42"": 1.0, ""43"": 1.0}",1.0,"{""m_exploration"": 2}",0.0,1,446767486237195,1,0,"{""m_exploration"": ""min""}",{},2024,50000,1.0
"U(0.01,0.1), eps=1e-08",narrow_e8,0.01,0.1,uniform,1e-08,brute,qmetrology.algorithms.find_phi_fixed_budget_brute_force,9493257466421480,{},False,"42,43",,,0,0,0,{},,,,,,0,0,{},{},2024,50000,1.0
"U(0.01,0.1), eps=1e-08",narrow_e8,0.01,0.1,uniform,1e-08,linear,qmetrology.algorithms.find_phi_fixed_budget_linear_search,9493257466421480,"{""inc"": 1, ""lookback_window"": 1, ""m_exploration"": 1, ""mean_window"": 1, ""safeguard"": 1}",True,"42,43",700,6000,1944,14400,48,"{""42"": 1.0, ""43"": 1.0}",1.0,"{""m_exploration"": 1, ""lookback_window"": 2, ""safeguard"": 1, ""inc"": 1, ""mean_window"": 1}",0.0,1,632883831094765,1,0,"{""inc"": ""min"", ""lookback_window"": ""min"", ""m_exploration"": ""min""}","{""inc"": [1, 2, 3, 5, 8], ""lookback_window"": [1, 2, 3, 4, 5, 6, 8, 12, 20], ""mean_window"": [0, 1, 2, 3, 4, 6, 8, 12], ""safeguard"": [0, 1, 2, 3, 4, 6, 8, 12, 16, 24]}",2024,50000,1.0
"U(0.01,0.1), eps=1e-08",narrow_e8,0.01,0.1,uniform,1e-08,binary_deep,qmetrology.algorithms.find_phi_fixed_budget_binary_search_deep,9493257466421480,"{""conf"": 0.5, ""m_exploration"": 3}",True,"42,43",700,6000,72,104,12,"{""42"": 1.0, ""43"": 1.0}",1.0,"{""m_exploration"": 4, ""conf"": 0.5}",0.0,1,632883831094765,0,0,"{""conf"": ""min""}","{""conf"": [0.5, 0.52, 0.55, 0.58, 0.62, 0.66, 0.7, 0.75, 0.8, 0.85, 0.9, 0.95, 0.99]}",2024,50000,0.99996
"U(0.01,0.1), eps=1e-08",narrow_e8,0.01,0.1,uniform,1e-08,reverse_eng_risk,qmetrology.algorithms.find_phi_fixed_budget_reverse_engineering_risk,9493257466421480,"{""m_exploration"": 1}",True,"42,43",700,6000,24,4,2,"{""42"": 1.0, ""43"": 1.0}",1.0,"{""m_exploration"": 2}",0.0,1,632883831094765,1,0,"{""m_exploration"": ""min""}",{},2024,50000,1.0
"U(0.01,0.1), eps=1e-08",narrow_e8,0.01,0.1,uniform,1e-08,brute,qmetrology.algorithms.find_phi_fixed_budget_brute_force,13447999999999998,{},False,"42,43",,,0,0,0,{},,,,,,0,0,{},{},2024,50000,1.0
"U(0.01,0.1), eps=1e-08",narrow_e8,0.01,0.1,uniform,1e-08,linear,qmetrology.algorithms.find_phi_fixed_budget_linear_search,13447999999999998,"{""inc"": 1, ""lookback_window"": 1, ""m_exploration"": 1, ""mean_window"": 1, ""safeguard"": 1}",True,"42,43",700,6000,1944,14400,48,"{""42"": 1.0, ""43"": 1.0}",1.0,"{""m_exploration"": 1, ""lookback_window"": 2, ""safeguard"": 1, ""inc"": 1, ""mean_window"": 1}",0.0,1,896533333333333,1,0,"{""inc"": ""min"", ""lookback_window"": ""min"", ""m_exploration"": ""min""}","{""inc"": [1, 2, 3, 5, 8], ""lookback_window"": [1, 2, 3, 4, 5, 6, 8, 12, 20], ""mean_window"": [0, 1, 2, 3, 4, 6, 8, 12], ""safeguard"": [0, 1, 2, 3, 4, 6, 8, 12, 16, 24]}",2024,50000,1.0
"U(0.01,0.1), eps=1e-08",narrow_e8,0.01,0.1,uniform,1e-08,binary_deep,qmetrology.algorithms.find_phi_fixed_budget_binary_search_deep,13447999999999998,"{""conf"": 0.5, ""m_exploration"": 1}",True,"42,43",700,6000,72,52,4,"{""42"": 1.0, ""43"": 1.0}",1.0,"{""m_exploration"": 1, ""conf"": 0.52}",0.0,1,896533333333333,1,0,"{""conf"": ""min"", ""m_exploration"": ""min""}","{""conf"": [0.5, 0.52, 0.55, 0.58, 0.62, 0.66, 0.7, 0.75, 0.8, 0.85, 0.9, 0.95, 0.99]}",2024,50000,1.0
"U(0.01,0.1), eps=1e-08",narrow_e8,0.01,0.1,uniform,1e-08,reverse_eng_risk,qmetrology.algorithms.find_phi_fixed_budget_reverse_engineering_risk,13447999999999998,"{""m_exploration"": 1}",True,"42,43",700,6000,24,4,2,"{""42"": 1.0, ""43"": 1.0}",1.0,"{""m_exploration"": 2}",0.0,1,896533333333333,1,0,"{""m_exploration"": ""min""}",{},2024,50000,1.0
"U(0.001,0.01), eps=1e-04",small_e4,0.001,0.01,uniform,0.0001,brute,qmetrology.algorithms.find_phi_fixed_budget_brute_force,8565,{},False,"42,43",,,0,0,0,{},,,,,,0,0,{},{},2024,50000,0.1749
"U(0.001,0.01), eps=1e-04",small_e4,0.001,0.01,uniform,0.0001,linear,qmetrology.algorithms.find_phi_fixed_budget_linear_search,8565,"{""inc"": 2, ""lookback_window"": 1, ""m_exploration"": 1, ""mean_window"": 0, ""safeguard"": 0}",True,"42,43",700,6000,1458,25200,96,"{""42"": 0.15983333333333333, ""43"": 0.176}",0.16791666666666666,"{""m_exploration"": 1, ""lookback_window"": 1, ""safeguard"": 0, ""inc"": 2, ""mean_window"": 2}",0.03333333333333244,1,54,1,0,"{""lookback_window"": ""min"", ""m_exploration"": ""min"", ""mean_window"": ""min"", ""safeguard"": ""min""}","{""inc"": [1, 2, 3, 5, 8], ""lookback_window"": [1, 2, 3, 4, 5, 6, 8, 12, 20], ""mean_window"": [0, 1, 2, 3, 4, 6, 8, 12], ""safeguard"": [0, 1, 2, 3, 4, 6, 8, 12, 16, 24]}",2024,50000,0.17174
"U(0.001,0.01), eps=1e-04",small_e4,0.001,0.01,uniform,0.0001,binary_deep,qmetrology.algorithms.find_phi_fixed_budget_binary_search_deep,8565,"{""conf"": 0.5, ""m_exploration"": 9}",True,"42,43",700,6000,54,130,26,"{""42"": 0.19033333333333333, ""43"": 0.18633333333333332}",0.18833333333333332,"{""m_exploration"": 9, ""conf"": 0.52}",0.0,1,54,0,0,"{""conf"": ""min""}","{""conf"": [0.5, 0.52, 0.55, 0.58, 0.62, 0.66, 0.7, 0.75, 0.8, 0.85, 0.9, 0.95, 0.99]}",2024,50000,0.19454
"U(0.001,0.01), eps=1e-04",small_e4,0.001,0.01,uniform,0.0001,reverse_eng_risk,qmetrology.algorithms.find_phi_fixed_budget_reverse_engineering_risk,8565,"{""m_exploration"": 4}",True,"42,43",700,6000,18,7,4,"{""42"": 0.18366666666666667, ""43"": 0.17666666666666667}",0.18016666666666667,"{""m_exploration"": 3}",0.13333333333333253,1,54,0,0,{},{},2024,50000,0.18414
"U(0.001,0.01), eps=1e-04",small_e4,0.001,0.01,uniform,0.0001,brute,qmetrology.algorithms.find_phi_fixed_budget_brute_force,12133,{},False,"42,43",,,0,0,0,{},,,,,,0,0,{},{},2024,50000,0.2109
"U(0.001,0.01), eps=1e-04",small_e4,0.001,0.01,uniform,0.0001,linear,qmetrology.algorithms.find_phi_fixed_budget_linear_search,12133,"{""inc"": 5, ""lookback_window"": 1, ""m_exploration"": 1, ""mean_window"": 4, ""safeguard"": 0}",True,"42,43",700,6000,1539,14400,72,"{""42"": 0.2095, ""43"": 0.22266666666666668}",0.21608333333333335,"{""m_exploration"": 1, ""lookback_window"": 1, ""safeguard"": 0, ""inc"": 8, ""mean_window"": 2}",0.06666666666666765,1,77,1,0,"{""lookback_window"": ""min"", ""m_exploration"": ""min"", ""safeguard"": ""min""}","{""inc"": [1, 2, 3, 5, 8], ""lookback_window"": [1, 2, 3, 4, 5, 6, 8, 12, 20], ""mean_window"": [0, 1, 2, 3, 4, 6, 8, 12], ""safeguard"": [0, 1, 2, 3, 4, 6, 8, 12, 16, 24]}",2024,50000,0.21272
"U(0.001,0.01), eps=1e-04",small_e4,0.001,0.01,uniform,0.0001,binary_deep,qmetrology.algorithms.find_phi_fixed_budget_binary_search_deep,12133,"{""conf"": 0.5, ""m_exploration"": 13}",True,"42,43",700,6000,57,130,30,"{""42"": 0.24216666666666667, ""43"": 0.23466666666666666}",0.23841666666666667,"{""m_exploration"": 13, ""conf"": 0.5}",0.0,1,77,0,0,"{""conf"": ""min""}","{""conf"": [0.5, 0.52, 0.55, 0.58, 0.62, 0.66, 0.7, 0.75, 0.8, 0.85, 0.9, 0.95, 0.99]}",2024,50000,0.23816
"U(0.001,0.01), eps=1e-04",small_e4,0.001,0.01,uniform,0.0001,reverse_eng_risk,qmetrology.algorithms.find_phi_fixed_budget_reverse_engineering_risk,12133,"{""m_exploration"": 4}",True,"42,43",700,6000,19,7,4,"{""42"": 0.2245, ""43"": 0.219}",0.22175,"{""m_exploration"": 3}",0.3583333333333327,1,77,0,0,{},{},2024,50000,0.22596
"U(0.001,0.01), eps=1e-04",small_e4,0.001,0.01,uniform,0.0001,brute,qmetrology.algorithms.find_phi_fixed_budget_brute_force,17188,{},False,"42,43",,,0,0,0,{},,,,,,0,0,{},{},2024,50000,0.25298
"U(0.001,0.01), eps=1e-04",small_e4,0.001,0.01,uniform,0.0001,linear,qmetrology.algorithms.find_phi_fixed_budget_linear_search,17188,"{""inc"": 8, ""lookback_window"": 1, ""m_exploration"": 1, ""mean_window"": 4, ""safeguard"": 3}",True,"42,43",700,6000,1620,14400,108,"{""42"": 0.25333333333333335, ""43"": 0.25583333333333336}",0.2545833333333334,"{""m_exploration"": 1, ""lookback_window"": 1, ""safeguard"": 3, ""inc"": 8, ""mean_window"": 2}",0.050000000000005596,1,109,1,0,"{""inc"": ""max"", ""lookback_window"": ""min"", ""m_exploration"": ""min""}","{""inc"": [1, 2, 3, 5, 8], ""lookback_window"": [1, 2, 3, 4, 5, 6, 8, 12, 20], ""mean_window"": [0, 1, 2, 3, 4, 6, 8, 12], ""safeguard"": [0, 1, 2, 3, 4, 6, 8, 12, 16, 24]}",2024,50000,0.25232
"U(0.001,0.01), eps=1e-04",small_e4,0.001,0.01,uniform,0.0001,binary_deep,qmetrology.algorithms.find_phi_fixed_budget_binary_search_deep,17188,"{""conf"": 0.5, ""m_exploration"": 17}",True,"42,43",700,6000,60,130,30,"{""42"": 0.2915, ""43"": 0.2808333333333333}",0.2861666666666667,"{""m_exploration"": 17, ""conf"": 0.5}",0.0,1,109,0,0,"{""conf"": ""min""}","{""conf"": [0.5, 0.52, 0.55, 0.58, 0.62, 0.66, 0.7, 0.75, 0.8, 0.85, 0.9, 0.95, 0.99]}",2024,50000,0.28962
"U(0.001,0.01), eps=1e-04",small_e4,0.001,0.01,uniform,0.0001,reverse_eng_risk,qmetrology.algorithms.find_phi_fixed_budget_reverse_engineering_risk,17188,"{""m_exploration"": 13}",True,"42,43",700,6000,20,10,15,"{""42"": 0.2866666666666667, ""43"": 0.2768333333333333}",0.28175,"{""m_exploration"": 14}",0.15833333333333255,1,109,0,0,{},{},2024,50000,0.28468
"U(0.001,0.01), eps=1e-04",small_e4,0.001,0.01,uniform,0.0001,brute,qmetrology.algorithms.find_phi_fixed_budget_brute_force,24349,{},False,"42,43",,,0,0,0,{},,,,,,0,0,{},{},2024,50000,0.30046
"U(0.001,0.01), eps=1e-04",small_e4,0.001,0.01,uniform,0.0001,linear,qmetrology.algorithms.find_phi_fixed_budget_linear_search,24349,"{""inc"": 8, ""lookback_window"": 2, ""m_exploration"": 1, ""mean_window"": 1, ""safeguard"": 6}",True,"42,43",700,6000,1620,14400,108,"{""42"": 0.31616666666666665, ""43"": 0.31766666666666665}",0.3169166666666666,"{""m_exploration"": 1, ""lookback_window"": 2, ""safeguard"": 8, ""inc"": 8, ""mean_window"": 2}",0.13333333333332975,1,155,1,0,"{""inc"": ""max"", ""m_exploration"": ""min""}","{""inc"": [1, 2, 3, 5, 8], ""lookback_window"": [1, 2, 3, 4, 5, 6, 8, 12, 20], ""mean_window"": [0, 1, 2, 3, 4, 6, 8, 12], ""safeguard"": [0, 1, 2, 3, 4, 6, 8, 12, 16, 24]}",2024,50000,0.31478
"U(0.001,0.01), eps=1e-04",small_e4,0.001,0.01,uniform,0.0001,binary_deep,qmetrology.algorithms.find_phi_fixed_budget_binary_search_deep,24349,"{""conf"": 0.5, ""m_exploration"": 25}",True,"42,43",700,6000,60,130,30,"{""42"": 0.3416666666666667, ""43"": 0.3416666666666667}",0.3416666666666667,"{""m_exploration"": 25, ""conf"": 0.52}",0.0,1,155,0,0,"{""conf"": ""min""}","{""conf"": [0.5, 0.52, 0.55, 0.58, 0.62, 0.66, 0.7, 0.75, 0.8, 0.85, 0.9, 0.95, 0.99]}",2024,50000,0.34434
"U(0.001,0.01), eps=1e-04",small_e4,0.001,0.01,uniform,0.0001,reverse_eng_risk,qmetrology.algorithms.find_phi_fixed_budget_reverse_engineering_risk,24349,"{""m_exploration"": 14}",True,"42,43",700,6000,20,10,15,"{""42"": 0.34833333333333333, ""43"": 0.3345}",0.3414166666666667,"{""m_exploration"": 12}",0.025000000000002798,1,155,0,0,{},{},2024,50000,0.34446
"U(0.001,0.01), eps=1e-04",small_e4,0.001,0.01,uniform,0.0001,brute,qmetrology.algorithms.find_phi_fixed_budget_brute_force,34492,{},False,"42,43",,,0,0,0,{},,,,,,0,0,{},{},2024,50000,0.35536
"U(0.001,0.01), eps=1e-04",small_e4,0.001,0.01,uniform,0.0001,linear,qmetrology.algorithms.find_phi_fixed_budget_linear_search,34492,"{""inc"": 8, ""lookback_window"": 2, ""m_exploration"": 1, ""mean_window"": 3, ""safeguard"": 6}",True,"42,43",700,6000,1701,14400,108,"{""42"": 0.37916666666666665, ""43"": 0.38366666666666666}",0.3814166666666666,"{""m_exploration"": 1, ""lookback_window"": 2, ""safeguard"": 4, ""inc"": 8, ""mean_window"": 3}",0.0833333333333297,1,219,1,0,"{""inc"": ""max"", ""m_exploration"": ""min""}","{""inc"": [1, 2, 3, 5, 8], ""lookback_window"": [1, 2, 3, 4, 5, 6, 8, 12, 20], ""mean_window"": [0, 1, 2, 3, 4, 6, 8, 12], ""safeguard"": [0, 1, 2, 3, 4, 6, 8, 12, 16, 24]}",2024,50000,0.3763
"U(0.001,0.01), eps=1e-04",small_e4,0.001,0.01,uniform,0.0001,binary_deep,qmetrology.algorithms.find_phi_fixed_budget_binary_search_deep,34492,"{""conf"": 0.5, ""m_exploration"": 36}",True,"42,43",700,6000,63,130,30,"{""42"": 0.4088333333333333, ""43"": 0.4018333333333333}",0.4053333333333333,"{""m_exploration"": 36, ""conf"": 0.5}",0.0,1,219,0,0,"{""conf"": ""min""}","{""conf"": [0.5, 0.52, 0.55, 0.58, 0.62, 0.66, 0.7, 0.75, 0.8, 0.85, 0.9, 0.95, 0.99]}",2024,50000,0.41054
"U(0.001,0.01), eps=1e-04",small_e4,0.001,0.01,uniform,0.0001,reverse_eng_risk,qmetrology.algorithms.find_phi_fixed_budget_reverse_engineering_risk,34492,"{""m_exploration"": 19}",True,"42,43",700,6000,21,10,15,"{""42"": 0.42183333333333334, ""43"": 0.4055}",0.4136666666666667,"{""m_exploration"": 21}",0.2333333333333354,1,219,0,0,{},{},2024,50000,0.41316
"U(0.001,0.01), eps=1e-04",small_e4,0.001,0.01,uniform,0.0001,brute,qmetrology.algorithms.find_phi_fixed_budget_brute_force,48861,{},False,"42,43",,,0,0,0,{},,,,,,0,0,{},{},2024,50000,0.41752
"U(0.001,0.01), eps=1e-04",small_e4,0.001,0.01,uniform,0.0001,linear,qmetrology.algorithms.find_phi_fixed_budget_linear_search,48861,"{""inc"": 8, ""lookback_window"": 3, ""m_exploration"": 1, ""mean_window"": 4, ""safeguard"": 6}",True,"42,43",700,6000,1701,14400,108,"{""42"": 0.457, ""43"": 0.4615}",0.45925000000000005,"{""m_exploration"": 1, ""lookback_window"": 4, ""safeguard"": 8, ""inc"": 8, ""mean_window"": 3}",0.11666666666667047,1,311,1,0,"{""inc"": ""max"", ""m_exploration"": ""min""}","{""inc"": [1, 2, 3, 5, 8], ""lookback_window"": [1, 2, 3, 4, 5, 6, 8, 12, 20], ""mean_window"": [0, 1, 2, 3, 4, 6, 8, 12], ""safeguard"": [0, 1, 2, 3, 4, 6, 8, 12, 16, 24]}",2024,50000,0.45518
"U(0.001,0.01), eps=1e-04",small_e4,0.001,0.01,uniform,0.0001,binary_deep,qmetrology.algorithms.find_phi_fixed_budget_binary_search_deep,48861,"{""conf"": 0.5, ""m_exploration"": 48}",True,"42,43",700,6000,63,130,30,"{""42"": 0.4855, ""43"": 0.48033333333333333}",0.48291666666666666,"{""m_exploration"": 48, ""conf"": 0.52}",0.0,1,311,0,0,"{""conf"": ""min""}","{""conf"": [0.5, 0.52, 0.55, 0.58, 0.62, 0.66, 0.7, 0.75, 0.8, 0.85, 0.9, 0.95, 0.99]}",2024,50000,0.48506
"U(0.001,0.01), eps=1e-04",small_e4,0.001,0.01,uniform,0.0001,reverse_eng_risk,qmetrology.algorithms.find_phi_fixed_budget_reverse_engineering_risk,48861,"{""m_exploration"": 20}",True,"42,43",700,6000,21,10,14,"{""42"": 0.49566666666666664, ""43"": 0.49016666666666664}",0.49291666666666667,"{""m_exploration"": 22}",0.40833333333333277,1,311,0,0,{},{},2024,50000,0.48546
"U(0.001,0.01), eps=1e-04",small_e4,0.001,0.01,uniform,0.0001,brute,qmetrology.algorithms.find_phi_fixed_budget_brute_force,69216,{},False,"42,43",,,0,0,0,{},,,,,,0,0,{},{},2024,50000,0.48678
"U(0.001,0.01), eps=1e-04",small_e4,0.001,0.01,uniform,0.0001,linear,qmetrology.algorithms.find_phi_fixed_budget_linear_search,69216,"{""inc"": 8, ""lookback_window"": 6, ""m_exploration"": 1, ""mean_window"": 2, ""safeguard"": 8}",True,"42,43",700,6000,1701,14400,108,"{""42"": 0.5493333333333333, ""43"": 0.5465}",0.5479166666666666,"{""m_exploration"": 1, ""lookback_window"": 5, ""safeguard"": 8, ""inc"": 8, ""mean_window"": 2}",0.05833333333332691,1,440,1,0,"{""inc"": ""max"", ""m_exploration"": ""min""}","{""inc"": [1, 2, 3, 5, 8], ""lookback_window"": [1, 2, 3, 4, 5, 6, 8, 12, 20], ""mean_window"": [0, 1, 2, 3, 4, 6, 8, 12], ""safeguard"": [0, 1, 2, 3, 4, 6, 8, 12, 16, 24]}",2024,50000,0.54264
"U(0.001,0.01), eps=1e-04",small_e4,0.001,0.01,uniform,0.0001,binary_deep,qmetrology.algorithms.find_phi_fixed_budget_binary_search_deep,69216,"{""conf"": 0.5, ""m_exploration"": 68}",True,"42,43",700,6000,63,130,30,"{""42"": 0.5673333333333334, ""43"": 0.5631666666666667}",0.56525,"{""m_exploration"": 68, ""conf"": 0.52}",0.0,1,440,0,0,"{""conf"": ""min""}","{""conf"": [0.5, 0.52, 0.55, 0.58, 0.62, 0.66, 0.7, 0.75, 0.8, 0.85, 0.9, 0.95, 0.99]}",2024,50000,0.56482
"U(0.001,0.01), eps=1e-04",small_e4,0.001,0.01,uniform,0.0001,reverse_eng_risk,qmetrology.algorithms.find_phi_fixed_budget_reverse_engineering_risk,69216,"{""m_exploration"": 30}",True,"42,43",700,6000,21,10,15,"{""42"": 0.574, ""43"": 0.5781666666666667}",0.5760833333333333,"{""m_exploration"": 34}",0.216666666666665,1,440,0,0,{},{},2024,50000,0.57062
"U(0.001,0.01), eps=1e-04",small_e4,0.001,0.01,uniform,0.0001,brute,qmetrology.algorithms.find_phi_fixed_budget_brute_force,98051,{},False,"42,43",,,0,0,0,{},,,,,,0,0,{},{},2024,50000,0.56432
"U(0.001,0.01), eps=1e-04",small_e4,0.001,0.01,uniform,0.0001,linear,qmetrology.algorithms.find_phi_fixed_budget_linear_search,98051,"{""inc"": 8, ""lookback_window"": 6, ""m_exploration"": 1, ""mean_window"": 2, ""safeguard"": 3}",True,"42,43",700,6000,1782,14400,108,"{""42"": 0.654, ""43"": 0.6385}",0.64625,"{""m_exploration"": 1, ""lookback_window"": 6, ""safeguard"": 4, ""inc"": 8, ""mean_window"": 2}",0.158333333333327,1,624,1,0,"{""inc"": ""max"", ""m_exploration"": ""min""}","{""inc"": [1, 2, 3, 5, 8], ""lookback_window"": [1, 2, 3, 4, 5, 6, 8, 12, 20], ""mean_window"": [0, 1, 2, 3, 4, 6, 8, 12], ""safeguard"": [0, 1, 2, 3, 4, 6, 8, 12, 16, 24]}",2024,50000,0.63958
"U(0.001,0.01), eps=1e-04",small_e4,0.001,0.01,uniform,0.0001,binary_deep,qmetrology.algorithms.find_phi_fixed_budget_binary_search_deep,98051,"{""conf"": 0.5, ""m_exploration"": 98}",True,"42,43",700,6000,66,130,30,"{""42"": 0.6521666666666667, ""43"": 0.6476666666666666}",0.6499166666666667,"{""m_exploration"": 98, ""conf"": 0.5}",0.0,1,624,0,0,"{""conf"": ""min""}","{""conf"": [0.5, 0.52, 0.55, 0.58, 0.62, 0.66, 0.7, 0.75, 0.8, 0.85, 0.9, 0.95, 0.99]}",2024,50000,0.64676
"U(0.001,0.01), eps=1e-04",small_e4,0.001,0.01,uniform,0.0001,reverse_eng_risk,qmetrology.algorithms.find_phi_fixed_budget_reverse_engineering_risk,98051,"{""m_exploration"": 35}",True,"42,43",700,6000,22,10,15,"{""42"": 0.6636666666666666, ""43"": 0.6635}",0.6635833333333333,"{""m_exploration"": 43}",0.24166666666666226,1,624,0,0,{},{},2024,50000,0.65508
"U(0.001,0.01), eps=1e-04",small_e4,0.001,0.01,uniform,0.0001,brute,qmetrology.algorithms.find_phi_fixed_budget_brute_force,138898,{},False,"42,43",,,0,0,0,{},,,,,,0,0,{},{},2024,50000,0.6481
"U(0.001,0.01), eps=1e-04",small_e4,0.001,0.01,uniform,0.0001,linear,qmetrology.algorithms.find_phi_fixed_budget_linear_search,138898,"{""inc"": 8, ""lookback_window"": 6, ""m_exploration"": 1, ""mean_window"": 3, ""safeguard"": 4}",True,"42,43",700,6000,1782,14400,162,"{""42"": 0.7356666666666667, ""43"": 0.7241666666666666}",0.7299166666666667,"{""m_exploration"": 1, ""lookback_window"": 6, ""safeguard"": 8, ""inc"": 8, ""mean_window"": 3}",0.1666666666666594,1,884,1,0,"{""inc"": ""max"", ""m_exploration"": ""min""}","{""inc"": [1, 2, 3, 5, 8], ""lookback_window"": [1, 2, 3, 4, 5, 6, 8, 12, 20], ""mean_window"": [0, 1, 2, 3, 4, 6, 8, 12], ""safeguard"": [0, 1, 2, 3, 4, 6, 8, 12, 16, 24]}",2024,50000,0.72838
"U(0.001,0.01), eps=1e-04",small_e4,0.001,0.01,uniform,0.0001,binary_deep,qmetrology.algorithms.find_phi_fixed_budget_binary_search_deep,138898,"{""conf"": 0.5, ""m_exploration"": 141}",True,"42,43",700,6000,66,130,30,"{""42"": 0.7396666666666667, ""43"": 0.7303333333333333}",0.735,"{""m_exploration"": 141, ""conf"": 0.52}",0.0,1,884,0,0,"{""conf"": ""min""}","{""conf"": [0.5, 0.52, 0.55, 0.58, 0.62, 0.66, 0.7, 0.75, 0.8, 0.85, 0.9, 0.95, 0.99]}",2024,50000,0.7314
"U(0.001,0.01), eps=1e-04",small_e4,0.001,0.01,uniform,0.0001,reverse_eng_risk,qmetrology.algorithms.find_phi_fixed_budget_reverse_engineering_risk,138898,"{""m_exploration"": 48}",True,"42,43",700,6000,22,10,15,"{""42"": 0.7471666666666666, ""43"": 0.7535}",0.7503333333333333,"{""m_exploration"": 79}",0.04999999999999449,1,884,0,0,{},{},2024,50000,0.74198
"U(0.001,0.01), eps=1e-04",small_e4,0.001,0.01,uniform,0.0001,brute,qmetrology.algorithms.find_phi_fixed_budget_brute_force,196761,{},False,"42,43",,,0,0,0,{},,,,,,0,0,{},{},2024,50000,0.73212
"U(0.001,0.01), eps=1e-04",small_e4,0.001,0.01,uniform,0.0001,linear,qmetrology.algorithms.find_phi_fixed_budget_linear_search,196761,"{""inc"": 5, ""lookback_window"": 6, ""m_exploration"": 1, ""mean_window"": 3, ""safeguard"": 0}",True,"42,43",700,6000,1782,25200,108,"{""42"": 0.8098333333333333, ""43"": 0.8105}",0.8101666666666667,"{""m_exploration"": 1, ""lookback_window"": 8, ""safeguard"": 0, ""inc"": 5, ""mean_window"": 4}",0.12499999999999734,1,1253,1,0,"{""m_exploration"": ""min"", ""safeguard"": ""min""}","{""inc"": [1, 2, 3, 5, 8], ""lookback_window"": [1, 2, 3, 4, 5, 6, 8, 12, 20], ""mean_window"": [0, 1, 2, 3, 4, 6, 8, 12], ""safeguard"": [0, 1, 2, 3, 4, 6, 8, 12, 16, 24]}",2024,50000,0.80584
"U(0.001,0.01), eps=1e-04",small_e4,0.001,0.01,uniform,0.0001,binary_deep,qmetrology.algorithms.find_phi_fixed_budget_binary_search_deep,196761,"{""conf"": 0.5, ""m_exploration"": 204}",True,"42,43",700,6000,66,130,30,"{""42"": 0.8148333333333333, ""43"": 0.8115}",0.8131666666666666,"{""m_exploration"": 204, ""conf"": 0.52}",0.0,1,1253,0,0,"{""conf"": ""min""}","{""conf"": [0.5, 0.52, 0.55, 0.58, 0.62, 0.66, 0.7, 0.75, 0.8, 0.85, 0.9, 0.95, 0.99]}",2024,50000,0.80722
"U(0.001,0.01), eps=1e-04",small_e4,0.001,0.01,uniform,0.0001,reverse_eng_risk,qmetrology.algorithms.find_phi_fixed_budget_reverse_engineering_risk,196761,"{""m_exploration"": 52}",True,"42,43",700,6000,22,10,15,"{""42"": 0.8245, ""43"": 0.825}",0.82475,"{""m_exploration"": 70}",0.033333333333340764,1,1253,0,0,{},{},2024,50000,0.81978
"U(0.001,0.01), eps=1e-04",small_e4,0.001,0.01,uniform,0.0001,brute,qmetrology.algorithms.find_phi_fixed_budget_brute_force,278729,{},False,"42,43",,,0,0,0,{},,,,,,0,0,{},{},2024,50000,0.81228
"U(0.001,0.01), eps=1e-04",small_e4,0.001,0.01,uniform,0.0001,linear,qmetrology.algorithms.find_phi_fixed_budget_linear_search,278729,"{""inc"": 3, ""lookback_window"": 12, ""m_exploration"": 1, ""mean_window"": 6, ""safeguard"": 3}",True,"42,43",700,6000,1782,14400,162,"{""42"": 0.8778333333333334, ""43"": 0.8836666666666667}",0.88075,"{""m_exploration"": 1, ""lookback_window"": 8, ""safeguard"": 3, ""inc"": 5, ""mean_window"": 4}",0.09166666666667878,1,1775,1,0,"{""m_exploration"": ""min""}","{""inc"": [1, 2, 3, 5, 8], ""lookback_window"": [1, 2, 3, 4, 5, 6, 8, 12, 20], ""mean_window"": [0, 1, 2, 3, 4, 6, 8, 12], ""safeguard"": [0, 1, 2, 3, 4, 6, 8, 12, 16, 24]}",2024,50000,0.87662
"U(0.001,0.01), eps=1e-04",small_e4,0.001,0.01,uniform,0.0001,binary_deep,qmetrology.algorithms.find_phi_fixed_budget_binary_search_deep,278729,"{""conf"": 0.5, ""m_exploration"": 298}",True,"42,43",700,6000,66,130,30,"{""42"": 0.8771666666666667, ""43"": 0.8736666666666667}",0.8754166666666667,"{""m_exploration"": 298, ""conf"": 0.5}",0.0,1,1775,0,0,"{""conf"": ""min""}","{""conf"": [0.5, 0.52, 0.55, 0.58, 0.62, 0.66, 0.7, 0.75, 0.8, 0.85, 0.9, 0.95, 0.99]}",2024,50000,0.87224
"U(0.001,0.01), eps=1e-04",small_e4,0.001,0.01,uniform,0.0001,reverse_eng_risk,qmetrology.algorithms.find_phi_fixed_budget_reverse_engineering_risk,278729,"{""m_exploration"": 116}",True,"42,43",700,6000,22,10,15,"{""42"": 0.8905, ""43"": 0.893}",0.89175,"{""m_exploration"": 58}",0.01666666666666483,1,1775,0,0,{},{},2024,50000,0.88836
"U(0.001,0.01), eps=1e-04",small_e4,0.001,0.01,uniform,0.0001,brute,qmetrology.algorithms.find_phi_fixed_budget_brute_force,394843,{},False,"42,43",,,0,0,0,{},,,,,,0,0,{},{},2024,50000,0.88216
"U(0.001,0.01), eps=1e-04",small_e4,0.001,0.01,uniform,0.0001,linear,qmetrology.algorithms.find_phi_fixed_budget_linear_search,394843,"{""inc"": 2, ""lookback_window"": 12, ""m_exploration"": 1, ""mean_window"": 8, ""safeguard"": 8}",True,"42,43",700,6000,1782,25200,162,"{""42"": 0.932, ""43"": 0.9368333333333333}",0.9344166666666667,"{""m_exploration"": 1, ""lookback_window"": 12, ""safeguard"": 12, ""inc"": 2, ""mean_window"": 8}",0.03333333333332966,1,2514,1,0,"{""m_exploration"": ""min""}","{""inc"": [1, 2, 3, 5, 8], ""lookback_window"": [1, 2, 3, 4, 5, 6, 8, 12, 20], ""mean_window"": [0, 1, 2, 3, 4, 6, 8, 12], ""safeguard"": [0, 1, 2, 3, 4, 6, 8, 12, 16, 24]}",2024,50000,0.9296
"U(0.001,0.01), eps=1e-04",small_e4,0.001,0.01,uniform,0.0001,binary_deep,qmetrology.algorithms.find_phi_fixed_budget_binary_search_deep,394843,"{""conf"": 0.5, ""m_exploration"": 391}",True,"42,43",700,6000,66,130,30,"{""42"": 0.9316666666666666, ""43"": 0.925}",0.9283333333333333,"{""m_exploration"": 391, ""conf"": 0.5}",0.0,1,2514,0,0,"{""conf"": ""min""}","{""conf"": [0.5, 0.52, 0.55, 0.58, 0.62, 0.66, 0.7, 0.75, 0.8, 0.85, 0.9, 0.95, 0.99]}",2024,50000,0.92544
"U(0.001,0.01), eps=1e-04",small_e4,0.001,0.01,uniform,0.0001,reverse_eng_risk,qmetrology.algorithms.find_phi_fixed_budget_reverse_engineering_risk,394843,"{""m_exploration"": 96}",True,"42,43",700,6000,22,10,15,"{""42"": 0.9398333333333333, ""43"": 0.937}",0.9384166666666667,"{""m_exploration"": 86}",0.08333333333332416,1,2514,0,0,{},{},2024,50000,0.938
"U(0.001,0.01), eps=1e-04",small_e4,0.001,0.01,uniform,0.0001,brute,qmetrology.algorithms.find_phi_fixed_budget_brute_force,559329,{},False,"42,43",,,0,0,0,{},,,,,,0,0,{},{},2024,50000,0.93792
"U(0.001,0.01), eps=1e-04",small_e4,0.001,0.01,uniform,0.0001,linear,qmetrology.algorithms.find_phi_fixed_budget_linear_search,559329,"{""inc"": 2, ""lookback_window"": 12, ""m_exploration"": 1, ""mean_window"": 8, ""safeguard"": 6}",True,"42,43",700,6000,1782,14400,162,"{""42"": 0.9668333333333333, ""43"": 0.9683333333333334}",0.9675833333333334,"{""m_exploration"": 1, ""lookback_window"": 12, ""safeguard"": 4, ""inc"": 2, ""mean_window"": 8}",0.033333333333340764,1,3562,1,0,"{""m_exploration"": ""min""}","{""inc"": [1, 2, 3, 5, 8], ""lookback_window"": [1, 2, 3, 4, 5, 6, 8, 12, 20], ""mean_window"": [0, 1, 2, 3, 4, 6, 8, 12], ""safeguard"": [0, 1, 2, 3, 4, 6, 8, 12, 16, 24]}",2024,50000,0.96554
"U(0.001,0.01), eps=1e-04",small_e4,0.001,0.01,uniform,0.0001,binary_deep,qmetrology.algorithms.find_phi_fixed_budget_binary_search_deep,559329,"{""conf"": 0.5, ""m_exploration"": 575}",True,"42,43",700,6000,66,130,30,"{""42"": 0.9648333333333333, ""43"": 0.9586666666666667}",0.96175,"{""m_exploration"": 575, ""conf"": 0.52}",0.0,1,3562,0,0,"{""conf"": ""min""}","{""conf"": [0.5, 0.52, 0.55, 0.58, 0.62, 0.66, 0.7, 0.75, 0.8, 0.85, 0.9, 0.95, 0.99]}",2024,50000,0.9615
"U(0.001,0.01), eps=1e-04",small_e4,0.001,0.01,uniform,0.0001,reverse_eng_risk,qmetrology.algorithms.find_phi_fixed_budget_reverse_engineering_risk,559329,"{""m_exploration"": 131}",True,"42,43",700,6000,22,10,15,"{""42"": 0.9738333333333333, ""43"": 0.969}",0.9714166666666666,"{""m_exploration"": 131}",0.0,1,3562,0,0,{},{},2024,50000,0.97116
"U(0.001,0.01), eps=1e-04",small_e4,0.001,0.01,uniform,0.0001,brute,qmetrology.algorithms.find_phi_fixed_budget_brute_force,792336,{},False,"42,43",,,0,0,0,{},,,,,,0,0,{},{},2024,50000,0.97376
"U(0.001,0.01), eps=1e-04",small_e4,0.001,0.01,uniform,0.0001,linear,qmetrology.algorithms.find_phi_fixed_budget_linear_search,792336,"{""inc"": 2, ""lookback_window"": 8, ""m_exploration"": 2, ""mean_window"": 2, ""safeguard"": 4}",True,"42,43",700,6000,1863,25200,324,"{""42"": 0.9876666666666667, ""43"": 0.9893333333333333}",0.9884999999999999,"{""m_exploration"": 4, ""lookback_window"": 6, ""safeguard"": 4, ""inc"": 3, ""mean_window"": 3}",0.04999999999999449,1,5046,0,0,{},"{""inc"": [1, 2, 3, 5, 8], ""lookback_window"": [1, 2, 3, 4, 5, 6, 8, 12, 20], ""mean_window"": [0, 1, 2, 3, 4, 6, 8, 12], ""safeguard"": [0, 1, 2, 3, 4, 6, 8, 12, 16, 24]}",2024,50000,0.98506
"U(0.001,0.01), eps=1e-04",small_e4,0.001,0.01,uniform,0.0001,binary_deep,qmetrology.algorithms.find_phi_fixed_budget_binary_search_deep,792336,"{""conf"": 0.5, ""m_exploration"": 834}",True,"42,43",700,6000,69,130,30,"{""42"": 0.9858333333333333, ""43"": 0.9836666666666667}",0.98475,"{""m_exploration"": 834, ""conf"": 0.52}",0.0,1,5046,0,0,"{""conf"": ""min""}","{""conf"": [0.5, 0.52, 0.55, 0.58, 0.62, 0.66, 0.7, 0.75, 0.8, 0.85, 0.9, 0.95, 0.99]}",2024,50000,0.9831
"U(0.001,0.01), eps=1e-04",small_e4,0.001,0.01,uniform,0.0001,reverse_eng_risk,qmetrology.algorithms.find_phi_fixed_budget_reverse_engineering_risk,792336,"{""m_exploration"": 273}",True,"42,43",700,6000,23,10,15,"{""42"": 0.9908333333333333, ""43"": 0.9891666666666666}",0.99,"{""m_exploration"": 301}",0.04166666666667318,1,5046,0,0,{},{},2024,50000,0.9885
"U(0.001,0.01), eps=1e-04",small_e4,0.001,0.01,uniform,0.0001,brute,qmetrology.algorithms.find_phi_fixed_budget_brute_force,1122411,{},False,"42,43",,,0,0,0,{},,,,,,0,0,{},{},2024,50000,0.9916
"U(0.001,0.01), eps=1e-04",small_e4,0.001,0.01,uniform,0.0001,linear,qmetrology.algorithms.find_phi_fixed_budget_linear_search,1122411,"{""inc"": 5, ""lookback_window"": 3, ""m_exploration"": 1, ""mean_window"": 2, ""safeguard"": 3}",True,"42,43",700,6000,1863,32400,162,"{""42"": 0.994, ""43"": 0.9961666666666666}",0.9950833333333333,"{""m_exploration"": 2, ""lookback_window"": 3, ""safeguard"": 2, ""inc"": 5, ""mean_window"": 2}",0.0,1,7149,1,0,"{""m_exploration"": ""min""}","{""inc"": [1, 2, 3, 5, 8], ""lookback_window"": [1, 2, 3, 4, 5, 6, 8, 12, 20], ""mean_window"": [0, 1, 2, 3, 4, 6, 8, 12], ""safeguard"": [0, 1, 2, 3, 4, 6, 8, 12, 16, 24]}",2024,50000,0.99468
"U(0.001,0.01), eps=1e-04",small_e4,0.001,0.01,uniform,0.0001,binary_deep,qmetrology.algorithms.find_phi_fixed_budget_binary_search_deep,1122411,"{""conf"": 0.5, ""m_exploration"": 7149}",True,"42,43",700,6000,69,130,30,"{""42"": 0.9911666666666666, ""43"": 0.9921666666666666}",0.9916666666666667,"{""m_exploration"": 7149, ""conf"": 0.5}",0.0,1,7149,0,1,"{""conf"": ""min"", ""m_exploration"": ""max""}","{""conf"": [0.5, 0.52, 0.55, 0.58, 0.62, 0.66, 0.7, 0.75, 0.8, 0.85, 0.9, 0.95, 0.99]}",2024,50000,0.9916
"U(0.001,0.01), eps=1e-04",small_e4,0.001,0.01,uniform,0.0001,reverse_eng_risk,qmetrology.algorithms.find_phi_fixed_budget_reverse_engineering_risk,1122411,"{""m_exploration"": 176}",True,"42,43",700,6000,23,10,15,"{""42"": 0.999, ""43"": 0.9975}",0.9982500000000001,"{""m_exploration"": 159}",0.016666666666675933,1,7149,0,0,{},{},2024,50000,0.99662
"U(0.001,0.01), eps=1e-04",small_e4,0.001,0.01,uniform,0.0001,brute,qmetrology.algorithms.find_phi_fixed_budget_brute_force,1589990,{},False,"42,43",,,0,0,0,{},,,,,,0,0,{},{},2024,50000,0.998
"U(0.001,0.01), eps=1e-04",small_e4,0.001,0.01,uniform,0.0001,linear,qmetrology.algorithms.find_phi_fixed_budget_linear_search,1589990,"{""inc"": 1, ""lookback_window"": 2, ""m_exploration"": 1, ""mean_window"": 2, ""safeguard"": 2}",True,"42,43",700,6000,1863,14400,72,"{""42"": 0.9993333333333333, ""43"": 0.9993333333333333}",0.9993333333333333,"{""m_exploration"": 1, ""lookback_window"": 2, ""safeguard"": 0, ""inc"": 2, ""mean_window"": 3}",0.008333333333332416,1,10127,1,0,"{""inc"": ""min"", ""m_exploration"": ""min""}","{""inc"": [1, 2, 3, 5, 8], ""lookback_window"": [1, 2, 3, 4, 5, 6, 8, 12, 20], ""mean_window"": [0, 1, 2, 3, 4, 6, 8, 12], ""safeguard"": [0, 1, 2, 3, 4, 6, 8, 12, 16, 24]}",2024,50000,0.99824
"U(0.001,0.01), eps=1e-04",small_e4,0.001,0.01,uniform,0.0001,binary_deep,qmetrology.algorithms.find_phi_fixed_budget_binary_search_deep,1589990,"{""conf"": 0.5, ""m_exploration"": 36}",True,"42,43",700,6000,69,130,30,"{""42"": 0.9983333333333333, ""43"": 0.997}",0.9976666666666667,"{""m_exploration"": 39, ""conf"": 0.5}",0.01666666666666483,1,10127,0,0,"{""conf"": ""min""}","{""conf"": [0.5, 0.52, 0.55, 0.58, 0.62, 0.66, 0.7, 0.75, 0.8, 0.85, 0.9, 0.95, 0.99]}",2024,50000,0.99648
"U(0.001,0.01), eps=1e-04",small_e4,0.001,0.01,uniform,0.0001,reverse_eng_risk,qmetrology.algorithms.find_phi_fixed_budget_reverse_engineering_risk,1589990,"{""m_exploration"": 231}",True,"42,43",700,6000,23,10,15,"{""42"": 1.0, ""43"": 0.9998333333333334}",0.9999166666666667,"{""m_exploration"": 282}",0.0,1,10127,0,0,{},{},2024,50000,0.99928
"U(0.001,0.01), eps=1e-04",small_e4,0.001,0.01,uniform,0.0001,brute,qmetrology.algorithms.find_phi_fixed_budget_brute_force,2252356,{},False,"42,43",,,0,0,0,{},,,,,,0,0,{},{},2024,50000,0.99978
"U(0.001,0.01), eps=1e-04",small_e4,0.001,0.01,uniform,0.0001,linear,qmetrology.algorithms.find_phi_fixed_budget_linear_search,2252356,"{""inc"": 2, ""lookback_window"": 2, ""m_exploration"": 1, ""mean_window"": 1, ""safeguard"": 0}",True,"42,43",700,6000,1863,14400,48,"{""42"": 1.0, ""43"": 1.0}",1.0,"{""m_exploration"": 1, ""lookback_window"": 2, ""safeguard"": 1, ""inc"": 2, ""mean_window"": 1}",0.0,1,14346,1,0,"{""m_exploration"": ""min"", ""safeguard"": ""min""}","{""inc"": [1, 2, 3, 5, 8], ""lookback_window"": [1, 2, 3, 4, 5, 6, 8, 12, 20], ""mean_window"": [0, 1, 2, 3, 4, 6, 8, 12], ""safeguard"": [0, 1, 2, 3, 4, 6, 8, 12, 16, 24]}",2024,50000,0.99976
"U(0.001,0.01), eps=1e-04",small_e4,0.001,0.01,uniform,0.0001,binary_deep,qmetrology.algorithms.find_phi_fixed_budget_binary_search_deep,2252356,"{""conf"": 0.5, ""m_exploration"": 72}",True,"42,43",700,6000,69,130,30,"{""42"": 0.9993333333333333, ""43"": 0.9991666666666666}",0.99925,"{""m_exploration"": 65, ""conf"": 0.5}",0.008333333333332416,1,14346,0,0,"{""conf"": ""min""}","{""conf"": [0.5, 0.52, 0.55, 0.58, 0.62, 0.66, 0.7, 0.75, 0.8, 0.85, 0.9, 0.95, 0.99]}",2024,50000,0.9988
"U(0.001,0.01), eps=1e-04",small_e4,0.001,0.01,uniform,0.0001,reverse_eng_risk,qmetrology.algorithms.find_phi_fixed_budget_reverse_engineering_risk,2252356,"{""m_exploration"": 1}",True,"42,43",700,6000,23,4,2,"{""42"": 0.9998333333333334, ""43"": 0.9998333333333334}",0.9998333333333334,"{""m_exploration"": 2}",0.0,1,14346,1,0,"{""m_exploration"": ""min""}",{},2024,50000,0.99982
"U(0.001,0.01), eps=1e-04",small_e4,0.001,0.01,uniform,0.0001,brute,qmetrology.algorithms.find_phi_fixed_budget_brute_force,3190652,{},False,"42,43",,,0,0,0,{},,,,,,0,0,{},{},2024,50000,0.99996
"U(0.001,0.01), eps=1e-04",small_e4,0.001,0.01,uniform,0.0001,linear,qmetrology.algorithms.find_phi_fixed_budget_linear_search,3190652,"{""inc"": 1, ""lookback_window"": 1, ""m_exploration"": 1, ""mean_window"": 1, ""safeguard"": 1}",True,"42,43",700,6000,1863,14400,32,"{""42"": 1.0, ""43"": 1.0}",1.0,"{""m_exploration"": 1, ""lookback_window"": 1, ""safeguard"": 1, ""inc"": 1, ""mean_window"": 1}",0.0,1,20322,1,0,"{""inc"": ""min"", ""lookback_window"": ""min"", ""m_exploration"": ""min""}","{""inc"": [1, 2, 3, 5, 8], ""lookback_window"": [1, 2, 3, 4, 5, 6, 8, 12, 20], ""mean_window"": [0, 1, 2, 3, 4, 6, 8, 12], ""safeguard"": [0, 1, 2, 3, 4, 6, 8, 12, 16, 24]}",2024,50000,1.0
"U(0.001,0.01), eps=1e-04",small_e4,0.001,0.01,uniform,0.0001,binary_deep,qmetrology.algorithms.find_phi_fixed_budget_binary_search_deep,3190652,"{""conf"": 0.5, ""m_exploration"": 30}",True,"42,43",700,6000,69,130,30,"{""42"": 1.0, ""43"": 1.0}",1.0,"{""m_exploration"": 30, ""conf"": 0.5}",0.0,1,20322,0,0,"{""conf"": ""min""}","{""conf"": [0.5, 0.52, 0.55, 0.58, 0.62, 0.66, 0.7, 0.75, 0.8, 0.85, 0.9, 0.95, 0.99]}",2024,50000,0.99972
"U(0.001,0.01), eps=1e-04",small_e4,0.001,0.01,uniform,0.0001,reverse_eng_risk,qmetrology.algorithms.find_phi_fixed_budget_reverse_engineering_risk,3190652,"{""m_exploration"": 1}",True,"42,43",700,6000,23,4,2,"{""42"": 1.0, ""43"": 1.0}",1.0,"{""m_exploration"": 2}",0.0,1,20322,1,0,"{""m_exploration"": ""min""}",{},2024,50000,1.0
"U(0.001,0.01), eps=1e-04",small_e4,0.001,0.01,uniform,0.0001,brute,qmetrology.algorithms.find_phi_fixed_budget_brute_force,4519828,{},False,"42,43",,,0,0,0,{},,,,,,0,0,{},{},2024,50000,1.0
"U(0.001,0.01), eps=1e-04",small_e4,0.001,0.01,uniform,0.0001,linear,qmetrology.algorithms.find_phi_fixed_budget_linear_search,4519828,"{""inc"": 1, ""lookback_window"": 1, ""m_exploration"": 1, ""mean_window"": 1, ""safeguard"": 0}",True,"42,43",700,6000,1863,14400,32,"{""42"": 1.0, ""43"": 1.0}",1.0,"{""m_exploration"": 1, ""lookback_window"": 1, ""safeguard"": 0, ""inc"": 2, ""mean_window"": 1}",0.0,1,28788,1,0,"{""inc"": ""min"", ""lookback_window"": ""min"", ""m_exploration"": ""min"", ""safeguard"": ""min""}","{""inc"": [1, 2, 3, 5, 8], ""lookback_window"": [1, 2, 3, 4, 5, 6, 8, 12, 20], ""mean_window"": [0, 1, 2, 3, 4, 6, 8, 12], ""safeguard"": [0, 1, 2, 3, 4, 6, 8, 12, 16, 24]}",2024,50000,1.0
"U(0.001,0.01), eps=1e-04",small_e4,0.001,0.01,uniform,0.0001,binary_deep,qmetrology.algorithms.find_phi_fixed_budget_binary_search_deep,4519828,"{""conf"": 0.5, ""m_exploration"": 14}",True,"42,43",700,6000,69,130,26,"{""42"": 1.0, ""43"": 0.9998333333333334}",0.9999166666666667,"{""m_exploration"": 14, ""conf"": 0.5}",0.0,1,28788,0,0,"{""conf"": ""min""}","{""conf"": [0.5, 0.52, 0.55, 0.58, 0.62, 0.66, 0.7, 0.75, 0.8, 0.85, 0.9, 0.95, 0.99]}",2024,50000,0.9997
"U(0.001,0.01), eps=1e-04",small_e4,0.001,0.01,uniform,0.0001,reverse_eng_risk,qmetrology.algorithms.find_phi_fixed_budget_reverse_engineering_risk,4519828,"{""m_exploration"": 1}",True,"42,43",700,6000,23,4,2,"{""42"": 1.0, ""43"": 1.0}",1.0,"{""m_exploration"": 2}",0.0,1,28788,1,0,"{""m_exploration"": ""min""}",{},2024,50000,1.0
"U(0.001,0.01), eps=1e-04",small_e4,0.001,0.01,uniform,0.0001,brute,qmetrology.algorithms.find_phi_fixed_budget_brute_force,6402718,{},False,"42,43",,,0,0,0,{},,,,,,0,0,{},{},2024,50000,1.0
"U(0.001,0.01), eps=1e-04",small_e4,0.001,0.01,uniform,0.0001,linear,qmetrology.algorithms.find_phi_fixed_budget_linear_search,6402718,"{""inc"": 1, ""lookback_window"": 1, ""m_exploration"": 1, ""mean_window"": 1, ""safeguard"": 0}",True,"42,43",700,6000,1863,14400,32,"{""42"": 1.0, ""43"": 1.0}",1.0,"{""m_exploration"": 1, ""lookback_window"": 1, ""safeguard"": 0, ""inc"": 2, ""mean_window"": 1}",0.0,1,40781,1,0,"{""inc"": ""min"", ""lookback_window"": ""min"", ""m_exploration"": ""min"", ""safeguard"": ""min""}","{""inc"": [1, 2, 3, 5, 8], ""lookback_window"": [1, 2, 3, 4, 5, 6, 8, 12, 20], ""mean_window"": [0, 1, 2, 3, 4, 6, 8, 12], ""safeguard"": [0, 1, 2, 3, 4, 6, 8, 12, 16, 24]}",2024,50000,1.0
"U(0.001,0.01), eps=1e-04",small_e4,0.001,0.01,uniform,0.0001,binary_deep,qmetrology.algorithms.find_phi_fixed_budget_binary_search_deep,6402718,"{""conf"": 0.5, ""m_exploration"": 6}",True,"42,43",700,6000,69,117,18,"{""42"": 1.0, ""43"": 1.0}",1.0,"{""m_exploration"": 9, ""conf"": 0.5}",0.0,1,40781,0,0,"{""conf"": ""min""}","{""conf"": [0.5, 0.52, 0.55, 0.58, 0.62, 0.66, 0.7, 0.75, 0.8, 0.85, 0.9, 0.95, 0.99]}",2024,50000,0.99994
"U(0.001,0.01), eps=1e-04",small_e4,0.001,0.01,uniform,0.0001,reverse_eng_risk,qmetrology.algorithms.find_phi_fixed_budget_reverse_engineering_risk,6402718,"{""m_exploration"": 1}",True,"42,43",700,6000,23,4,2,"{""42"": 1.0, ""43"": 1.0}",1.0,"{""m_exploration"": 2}",0.0,1,40781,1,0,"{""m_exploration"": ""min""}",{},2024,50000,1.0
"U(0.001,0.01), eps=1e-04",small_e4,0.001,0.01,uniform,0.0001,brute,qmetrology.algorithms.find_phi_fixed_budget_brute_force,9069991,{},False,"42,43",,,0,0,0,{},,,,,,0,0,{},{},2024,50000,1.0
"U(0.001,0.01), eps=1e-04",small_e4,0.001,0.01,uniform,0.0001,linear,qmetrology.algorithms.find_phi_fixed_budget_linear_search,9069991,"{""inc"": 1, ""lookback_window"": 1, ""m_exploration"": 1, ""mean_window"": 1, ""safeguard"": 0}",True,"42,43",700,6000,1863,14400,32,"{""42"": 1.0, ""43"": 1.0}",1.0,"{""m_exploration"": 1, ""lookback_window"": 1, ""safeguard"": 0, ""inc"": 2, ""mean_window"": 1}",0.0,1,57770,1,0,"{""inc"": ""min"", ""lookback_window"": ""min"", ""m_exploration"": ""min"", ""safeguard"": ""min""}","{""inc"": [1, 2, 3, 5, 8], ""lookback_window"": [1, 2, 3, 4, 5, 6, 8, 12, 20], ""mean_window"": [0, 1, 2, 3, 4, 6, 8, 12], ""safeguard"": [0, 1, 2, 3, 4, 6, 8, 12, 16, 24]}",2024,50000,1.0
"U(0.001,0.01), eps=1e-04",small_e4,0.001,0.01,uniform,0.0001,binary_deep,qmetrology.algorithms.find_phi_fixed_budget_binary_search_deep,9069991,"{""conf"": 0.5, ""m_exploration"": 3}",True,"42,43",700,6000,69,104,12,"{""42"": 1.0, ""43"": 1.0}",1.0,"{""m_exploration"": 4, ""conf"": 0.5}",0.0,1,57770,0,0,"{""conf"": ""min""}","{""conf"": [0.5, 0.52, 0.55, 0.58, 0.62, 0.66, 0.7, 0.75, 0.8, 0.85, 0.9, 0.95, 0.99]}",2024,50000,1.0
"U(0.001,0.01), eps=1e-04",small_e4,0.001,0.01,uniform,0.0001,reverse_eng_risk,qmetrology.algorithms.find_phi_fixed_budget_reverse_engineering_risk,9069991,"{""m_exploration"": 1}",True,"42,43",700,6000,23,4,2,"{""42"": 1.0, ""43"": 1.0}",1.0,"{""m_exploration"": 2}",0.0,1,57770,1,0,"{""m_exploration"": ""min""}",{},2024,50000,1.0
"U(0.001,0.01), eps=1e-04",small_e4,0.001,0.01,uniform,0.0001,brute,qmetrology.algorithms.find_phi_fixed_budget_brute_force,12848407,{},False,"42,43",,,0,0,0,{},,,,,,0,0,{},{},2024,50000,1.0
"U(0.001,0.01), eps=1e-04",small_e4,0.001,0.01,uniform,0.0001,linear,qmetrology.algorithms.find_phi_fixed_budget_linear_search,12848407,"{""inc"": 1, ""lookback_window"": 1, ""m_exploration"": 1, ""mean_window"": 1, ""safeguard"": 0}",True,"42,43",700,6000,1863,14400,32,"{""42"": 1.0, ""43"": 1.0}",1.0,"{""m_exploration"": 1, ""lookback_window"": 1, ""safeguard"": 0, ""inc"": 2, ""mean_window"": 1}",0.0,1,81836,1,0,"{""inc"": ""min"", ""lookback_window"": ""min"", ""m_exploration"": ""min"", ""safeguard"": ""min""}","{""inc"": [1, 2, 3, 5, 8], ""lookback_window"": [1, 2, 3, 4, 5, 6, 8, 12, 20], ""mean_window"": [0, 1, 2, 3, 4, 6, 8, 12], ""safeguard"": [0, 1, 2, 3, 4, 6, 8, 12, 16, 24]}",2024,50000,1.0
"U(0.001,0.01), eps=1e-04",small_e4,0.001,0.01,uniform,0.0001,binary_deep,qmetrology.algorithms.find_phi_fixed_budget_binary_search_deep,12848407,"{""conf"": 0.5, ""m_exploration"": 1}",True,"42,43",700,6000,69,52,4,"{""42"": 1.0, ""43"": 1.0}",1.0,"{""m_exploration"": 1, ""conf"": 0.52}",0.0,1,81836,1,0,"{""conf"": ""min"", ""m_exploration"": ""min""}","{""conf"": [0.5, 0.52, 0.55, 0.58, 0.62, 0.66, 0.7, 0.75, 0.8, 0.85, 0.9, 0.95, 0.99]}",2024,50000,1.0
"U(0.001,0.01), eps=1e-04",small_e4,0.001,0.01,uniform,0.0001,reverse_eng_risk,qmetrology.algorithms.find_phi_fixed_budget_reverse_engineering_risk,12848407,"{""m_exploration"": 1}",True,"42,43",700,6000,23,4,2,"{""42"": 1.0, ""43"": 1.0}",1.0,"{""m_exploration"": 2}",0.0,1,81836,1,0,"{""m_exploration"": ""min""}",{},2024,50000,1.0
"U(0.001,0.1), eps=1e-04",wide_e4,0.001,0.1,uniform,0.0001,brute,qmetrology.algorithms.find_phi_fixed_budget_brute_force,89653,{},False,"42,43",,,0,0,0,{},,,,,,0,0,{},{},2024,50000,0.18524
"U(0.001,0.1), eps=1e-04",wide_e4,0.001,0.1,uniform,0.0001,linear,qmetrology.algorithms.find_phi_fixed_budget_linear_search,89653,"{""inc"": 2, ""lookback_window"": 4, ""m_exploration"": 1, ""mean_window"": 3, ""safeguard"": 0}",True,"42,43",700,6000,1863,25200,108,"{""42"": 0.2655, ""43"": 0.24966666666666668}",0.25758333333333333,"{""m_exploration"": 1, ""lookback_window"": 4, ""safeguard"": 1, ""inc"": 2, ""mean_window"": 3}",0.07499999999999729,1,5976,1,0,"{""m_exploration"": ""min"", ""safeguard"": ""min""}","{""inc"": [1, 2, 3, 5, 8], ""lookback_window"": [1, 2, 3, 4, 5, 6, 8, 12, 20], ""mean_window"": [0, 1, 2, 3, 4, 6, 8, 12], ""safeguard"": [0, 1, 2, 3, 4, 6, 8, 12, 16, 24]}",2024,50000,0.2562
"U(0.001,0.1), eps=1e-04",wide_e4,0.001,0.1,uniform,0.0001,binary_deep,qmetrology.algorithms.find_phi_fixed_budget_binary_search_deep,89653,"{""conf"": 0.5, ""m_exploration"": 484}",True,"42,43",700,6000,69,130,30,"{""42"": 0.2876666666666667, ""43"": 0.2931666666666667}",0.29041666666666666,"{""m_exploration"": 484, ""conf"": 0.52}",0.0,1,5976,0,0,"{""conf"": ""min""}","{""conf"": [0.5, 0.52, 0.55, 0.58, 0.62, 0.66, 0.7, 0.75, 0.8, 0.85, 0.9, 0.95, 0.99]}",2024,50000,0.27948
"U(0.001,0.1), eps=1e-04",wide_e4,0.001,0.1,uniform,0.0001,reverse_eng_risk,qmetrology.algorithms.find_phi_fixed_budget_reverse_engineering_risk,89653,"{""m_exploration"": 484}",True,"42,43",700,6000,23,10,15,"{""42"": 0.2851666666666667, ""43"": 0.292}",0.2885833333333333,"{""m_exploration"": 720}",0.6416666666666626,1,5976,0,0,{},{},2024,50000,0.27726
"U(0.001,0.1), eps=1e-04",wide_e4,0.001,0.1,uniform,0.0001,brute,qmetrology.algorithms.find_phi_fixed_budget_brute_force,127001,{},False,"42,43",,,0,0,0,{},,,,,,0,0,{},{},2024,50000,0.21972
"U(0.001,0.1), eps=1e-04",wide_e4,0.001,0.1,uniform,0.0001,linear,qmetrology.algorithms.find_phi_fixed_budget_linear_search,127001,"{""inc"": 1, ""lookback_window"": 6, ""m_exploration"": 1, ""mean_window"": 3, ""safeguard"": 0}",True,"42,43",700,6000,1863,28800,72,"{""42"": 0.30216666666666664, ""43"": 0.3085}",0.30533333333333335,"{""m_exploration"": 1, ""lookback_window"": 6, ""safeguard"": 1, ""inc"": 1, ""mean_window"": 4}",0.03333333333333521,1,8466,1,0,"{""inc"": ""min"", ""m_exploration"": ""min"", ""safeguard"": ""min""}","{""inc"": [1, 2, 3, 5, 8], ""lookback_window"": [1, 2, 3, 4, 5, 6, 8, 12, 20], ""mean_window"": [0, 1, 2, 3, 4, 6, 8, 12], ""safeguard"": [0, 1, 2, 3, 4, 6, 8, 12, 16, 24]}",2024,50000,0.30296
"U(0.001,0.1), eps=1e-04",wide_e4,0.001,0.1,uniform,0.0001,binary_deep,qmetrology.algorithms.find_phi_fixed_budget_binary_search_deep,127001,"{""conf"": 0.5, ""m_exploration"": 624}",True,"42,43",700,6000,69,130,30,"{""42"": 0.3406666666666667, ""43"": 0.3393333333333333}",0.33999999999999997,"{""m_exploration"": 624, ""conf"": 0.5}",0.0,1,8466,0,0,"{""conf"": ""min""}","{""conf"": [0.5, 0.52, 0.55, 0.58, 0.62, 0.66, 0.7, 0.75, 0.8, 0.85, 0.9, 0.95, 0.99]}",2024,50000,0.33418
"U(0.001,0.1), eps=1e-04",wide_e4,0.001,0.1,uniform,0.0001,reverse_eng_risk,qmetrology.algorithms.find_phi_fixed_budget_reverse_engineering_risk,127001,"{""m_exploration"": 624}",True,"42,43",700,6000,23,10,15,"{""42"": 0.3406666666666667, ""43"": 0.3375}",0.33908333333333335,"{""m_exploration"": 511}",0.20833333333333814,1,8466,0,0,{},{},2024,50000,0.33296
"U(0.001,0.1), eps=1e-04",wide_e4,0.001,0.1,uniform,0.0001,brute,qmetrology.algorithms.find_phi_fixed_budget_brute_force,179908,{},False,"42,43",,,0,0,0,{},,,,,,0,0,{},{},2024,50000,0.25826
"U(0.001,0.1), eps=1e-04",wide_e4,0.001,0.1,uniform,0.0001,linear,qmetrology.algorithms.find_phi_fixed_budget_linear_search,179908,"{""inc"": 1, ""lookback_window"": 8, ""m_exploration"": 1, ""mean_window"": 3, ""safeguard"": 0}",True,"42,43",700,6000,1863,25200,72,"{""42"": 0.3596666666666667, ""43"": 0.36383333333333334}",0.36175,"{""m_exploration"": 1, ""lookback_window"": 8, ""safeguard"": 1, ""inc"": 1, ""mean_window"": 3}",0.17500000000000293,1,11993,1,0,"{""inc"": ""min"", ""m_exploration"": ""min"", ""safeguard"": ""min""}","{""inc"": [1, 2, 3, 5, 8], ""lookback_window"": [1, 2, 3, 4, 5, 6, 8, 12, 20], ""mean_window"": [0, 1, 2, 3, 4, 6, 8, 12], ""safeguard"": [0, 1, 2, 3, 4, 6, 8, 12, 16, 24]}",2024,50000,0.36044
"U(0.001,0.1), eps=1e-04",wide_e4,0.001,0.1,uniform,0.0001,binary_deep,qmetrology.algorithms.find_phi_fixed_budget_binary_search_deep,179908,"{""conf"": 0.5, ""m_exploration"": 386}",True,"42,43",700,6000,69,130,30,"{""42"": 0.3978333333333333, ""43"": 0.3935}",0.39566666666666667,"{""m_exploration"": 386, ""conf"": 0.52}",0.0,1,11993,0,0,"{""conf"": ""min""}","{""conf"": [0.5, 0.52, 0.55, 0.58, 0.62, 0.66, 0.7, 0.75, 0.8, 0.85, 0.9, 0.95, 0.99]}",2024,50000,0.3942
"U(0.001,0.1), eps=1e-04",wide_e4,0.001,0.1,uniform,0.0001,reverse_eng_risk,qmetrology.algorithms.find_phi_fixed_budget_reverse_engineering_risk,179908,"{""m_exploration"": 574}",True,"42,43",700,6000,23,10,15,"{""42"": 0.3883333333333333, ""43"": 0.4005}",0.39441666666666664,"{""m_exploration"": 386}",0.024999999999997247,1,11993,0,0,{},{},2024,50000,0.39336
"U(0.001,0.1), eps=1e-04",wide_e4,0.001,0.1,uniform,0.0001,brute,qmetrology.algorithms.find_phi_fixed_budget_brute_force,254855,{},False,"42,43",,,0,0,0,{},,,,,,0,0,{},{},2024,50000,0.3052
"U(0.001,0.1), eps=1e-04",wide_e4,0.001,0.1,uniform,0.0001,linear,qmetrology.algorithms.find_phi_fixed_budget_linear_search,254855,"{""inc"": 1, ""lookback_window"": 8, ""m_exploration"": 1, ""mean_window"": 4, ""safeguard"": 0}",True,"42,43",700,6000,1863,32400,216,"{""42"": 0.4256666666666667, ""43"": 0.43}",0.42783333333333334,"{""m_exploration"": 1, ""lookback_window"": 8, ""safeguard"": 1, ""inc"": 1, ""mean_window"": 4}",0.30000000000000027,1,16990,1,0,"{""inc"": ""min"", ""m_exploration"": ""min"", ""safeguard"": ""min""}","{""inc"": [1, 2, 3, 5, 8], ""lookback_window"": [1, 2, 3, 4, 5, 6, 8, 12, 20], ""mean_window"": [0, 1, 2, 3, 4, 6, 8, 12], ""safeguard"": [0, 1, 2, 3, 4, 6, 8, 12, 16, 24]}",2024,50000,0.42438
"U(0.001,0.1), eps=1e-04",wide_e4,0.001,0.1,uniform,0.0001,binary_deep,qmetrology.algorithms.find_phi_fixed_budget_binary_search_deep,254855,"{""conf"": 0.5, ""m_exploration"": 482}",True,"42,43",700,6000,69,130,30,"{""42"": 0.4651666666666667, ""43"": 0.4608333333333333}",0.46299999999999997,"{""m_exploration"": 482, ""conf"": 0.5}",0.0,1,16990,0,0,"{""conf"": ""min""}","{""conf"": [0.5, 0.52, 0.55, 0.58, 0.62, 0.66, 0.7, 0.75, 0.8, 0.85, 0.9, 0.95, 0.99]}",2024,50000,0.4585
"U(0.001,0.1), eps=1e-04",wide_e4,0.001,0.1,uniform,0.0001,reverse_eng_risk,qmetrology.algorithms.find_phi_fixed_budget_reverse_engineering_risk,254855,"{""m_exploration"": 532}",True,"42,43",700,6000,23,10,15,"{""42"": 0.46, ""43"": 0.4643333333333333}",0.46216666666666667,"{""m_exploration"": 716}",0.016666666666670382,1,16990,0,0,{},{},2024,50000,0.45756
"U(0.001,0.1), eps=1e-04",wide_e4,0.001,0.1,uniform,0.0001,brute,qmetrology.algorithms.find_phi_fixed_budget_brute_force,361024,{},False,"42,43",,,0,0,0,{},,,,,,0,0,{},{},2024,50000,0.35846
"U(0.001,0.1), eps=1e-04",wide_e4,0.001,0.1,uniform,0.0001,linear,qmetrology.algorithms.find_phi_fixed_budget_linear_search,361024,"{""inc"": 1, ""lookback_window"": 6, ""m_exploration"": 1, ""mean_window"": 4, ""safeguard"": 1}",True,"42,43",700,6000,1863,14400,72,"{""42"": 0.48233333333333334, ""43"": 0.48583333333333334}",0.4840833333333333,"{""m_exploration"": 1, ""lookback_window"": 6, ""safeguard"": 0, ""inc"": 1, ""mean_window"": 4}",0.14999999999999458,1,24068,1,0,"{""inc"": ""min"", ""m_exploration"": ""min""}","{""inc"": [1, 2, 3, 5, 8], ""lookback_window"": [1, 2, 3, 4, 5, 6, 8, 12, 20], ""mean_window"": [0, 1, 2, 3, 4, 6, 8, 12], ""safeguard"": [0, 1, 2, 3, 4, 6, 8, 12, 16, 24]}",2024,50000,0.48068
"U(0.001,0.1), eps=1e-04",wide_e4,0.001,0.1,uniform,0.0001,binary_deep,qmetrology.algorithms.find_phi_fixed_budget_binary_search_deep,361024,"{""conf"": 0.5, ""m_exploration"": 736}",True,"42,43",700,6000,69,130,30,"{""42"": 0.5306666666666666, ""43"": 0.5231666666666667}",0.5269166666666667,"{""m_exploration"": 736, ""conf"": 0.5}",0.0,1,24068,0,0,"{""conf"": ""min""}","{""conf"": [0.5, 0.52, 0.55, 0.58, 0.62, 0.66, 0.7, 0.75, 0.8, 0.85, 0.9, 0.95, 0.99]}",2024,50000,0.52654
"U(0.001,0.1), eps=1e-04",wide_e4,0.001,0.1,uniform,0.0001,reverse_eng_risk,qmetrology.algorithms.find_phi_fixed_budget_reverse_engineering_risk,361024,"{""m_exploration"": 318}",True,"42,43",700,6000,23,10,15,"{""42"": 0.5158333333333334, ""43"": 0.5253333333333333}",0.5205833333333334,"{""m_exploration"": 428}",0.10000000000001119,1,24068,0,0,{},{},2024,50000,0.52294
"U(0.001,0.1), eps=1e-04",wide_e4,0.001,0.1,uniform,0.0001,brute,qmetrology.algorithms.find_phi_fixed_budget_brute_force,511421,{},False,"42,43",,,0,0,0,{},,,,,,0,0,{},{},2024,50000,0.42126
"U(0.001,0.1), eps=1e-04",wide_e4,0.001,0.1,uniform,0.0001,linear,qmetrology.algorithms.find_phi_fixed_budget_linear_search,511421,"{""inc"": 1, ""lookback_window"": 8, ""m_exploration"": 3, ""mean_window"": 8, ""safeguard"": 6}",True,"42,43",700,6000,1863,36000,324,"{""42"": 0.5621666666666667, ""43"": 0.5583333333333333}",0.56025,"{""m_exploration"": 6, ""lookback_window"": 8, ""safeguard"": 4, ""inc"": 1, ""mean_window"": 6}",0.23333333333334094,1,34094,0,0,"{""inc"": ""min""}","{""inc"": [1, 2, 3, 5, 8], ""lookback_window"": [1, 2, 3, 4, 5, 6, 8, 12, 20], ""mean_window"": [0, 1, 2, 3, 4, 6, 8, 12], ""safeguard"": [0, 1, 2, 3, 4, 6, 8, 12, 16, 24]}",2024,50000,0.55156
"U(0.001,0.1), eps=1e-04",wide_e4,0.001,0.1,uniform,0.0001,binary_deep,qmetrology.algorithms.find_phi_fixed_budget_binary_search_deep,511421,"{""conf"": 0.5, ""m_exploration"": 701}",True,"42,43",700,6000,69,130,30,"{""42"": 0.6068333333333333, ""43"": 0.6028333333333333}",0.6048333333333333,"{""m_exploration"": 701, ""conf"": 0.52}",0.0,1,34094,0,0,"{""conf"": ""min""}","{""conf"": [0.5, 0.52, 0.55, 0.58, 0.62, 0.66, 0.7, 0.75, 0.8, 0.85, 0.9, 0.95, 0.99]}",2024,50000,0.5977
"U(0.001,0.1), eps=1e-04",wide_e4,0.001,0.1,uniform,0.0001,reverse_eng_risk,qmetrology.algorithms.find_phi_fixed_budget_reverse_engineering_risk,511421,"{""m_exploration"": 487}",True,"42,43",700,6000,23,10,15,"{""42"": 0.6013333333333334, ""43"": 0.6008333333333333}",0.6010833333333334,"{""m_exploration"": 441}",0.05833333333333801,1,34094,0,0,{},{},2024,50000,0.59718
"U(0.001,0.1), eps=1e-04",wide_e4,0.001,0.1,uniform,0.0001,brute,qmetrology.algorithms.find_phi_fixed_budget_brute_force,724471,{},False,"42,43",,,0,0,0,{},,,,,,0,0,{},{},2024,50000,0.49232
"U(0.001,0.1), eps=1e-04",wide_e4,0.001,0.1,uniform,0.0001,linear,qmetrology.algorithms.find_phi_fixed_budget_linear_search,724471,"{""inc"": 1, ""lookback_window"": 6, ""m_exploration"": 1, ""mean_window"": 4, ""safeguard"": 0}",True,"42,43",700,6000,1863,14400,72,"{""42"": 0.6281666666666667, ""43"": 0.623}",0.6255833333333334,"{""m_exploration"": 1, ""lookback_window"": 6, ""safeguard"": 1, ""inc"": 1, ""mean_window"": 4}",0.22500000000000853,1,48298,1,0,"{""inc"": ""min"", ""m_exploration"": ""min"", ""safeguard"": ""min""}","{""inc"": [1, 2, 3, 5, 8], ""lookback_window"": [1, 2, 3, 4, 5, 6, 8, 12, 20], ""mean_window"": [0, 1, 2, 3, 4, 6, 8, 12], ""safeguard"": [0, 1, 2, 3, 4, 6, 8, 12, 16, 24]}",2024,50000,0.6233
"U(0.001,0.1), eps=1e-04",wide_e4,0.001,0.1,uniform,0.0001,binary_deep,qmetrology.algorithms.find_phi_fixed_budget_binary_search_deep,724471,"{""conf"": 0.5, ""m_exploration"": 1569}",True,"42,43",700,6000,69,130,30,"{""42"": 0.6786666666666666, ""43"": 0.6668333333333333}",0.67275,"{""m_exploration"": 1569, ""conf"": 0.5}",0.0,1,48298,0,0,"{""conf"": ""min""}","{""conf"": [0.5, 0.52, 0.55, 0.58, 0.62, 0.66, 0.7, 0.75, 0.8, 0.85, 0.9, 0.95, 0.99]}",2024,50000,0.67448
"U(0.001,0.1), eps=1e-04",wide_e4,0.001,0.1,uniform,0.0001,reverse_eng_risk,qmetrology.algorithms.find_phi_fixed_budget_reverse_engineering_risk,724471,"{""m_exploration"": 529}",True,"42,43",700,6000,23,10,15,"{""42"": 0.6726666666666666, ""43"": 0.6766666666666666}",0.6746666666666666,"{""m_exploration"": 434}",0.1666666666666594,1,48298,0,0,{},{},2024,50000,0.67134
"U(0.001,0.1), eps=1e-04",wide_e4,0.001,0.1,uniform,0.0001,brute,qmetrology.algorithms.find_phi_fixed_budget_brute_force,1026274,{},False,"42,43",,,0,0,0,{},,,,,,0,0,{},{},2024,50000,0.56852
"U(0.001,0.1), eps=1e-04",wide_e4,0.001,0.1,uniform,0.0001,linear,qmetrology.algorithms.find_phi_fixed_budget_linear_search,1026274,"{""inc"": 1, ""lookback_window"": 8, ""m_exploration"": 6, ""mean_window"": 6, ""safeguard"": 4}",True,"42,43",700,6000,1863,14400,324,"{""42"": 0.704, ""43"": 0.7006666666666667}",0.7023333333333333,"{""m_exploration"": 5, ""lookback_window"": 8, ""safeguard"": 4, ""inc"": 1, ""mean_window"": 6}",0.3083333333333216,1,68418,0,0,"{""inc"": ""min""}","{""inc"": [1, 2, 3, 5, 8], ""lookback_window"": [1, 2, 3, 4, 5, 6, 8, 12, 20], ""mean_window"": [0, 1, 2, 3, 4, 6, 8, 12], ""safeguard"": [0, 1, 2, 3, 4, 6, 8, 12, 16, 24]}",2024,50000,0.69396
"U(0.001,0.1), eps=1e-04",wide_e4,0.001,0.1,uniform,0.0001,binary_deep,qmetrology.algorithms.find_phi_fixed_budget_binary_search_deep,1026274,"{""conf"": 0.5, ""m_exploration"": 2138}",True,"42,43",700,6000,69,130,30,"{""42"": 0.7521666666666667, ""43"": 0.7488333333333334}",0.7505,"{""m_exploration"": 2138, ""conf"": 0.52}",0.0,1,68418,0,0,"{""conf"": ""min""}","{""conf"": [0.5, 0.52, 0.55, 0.58, 0.62, 0.66, 0.7, 0.75, 0.8, 0.85, 0.9, 0.95, 0.99]}",2024,50000,0.74798
"U(0.001,0.1), eps=1e-04",wide_e4,0.001,0.1,uniform,0.0001,reverse_eng_risk,qmetrology.algorithms.find_phi_fixed_budget_reverse_engineering_risk,1026274,"{""m_exploration"": 2138}",True,"42,43",700,6000,23,10,15,"{""42"": 0.7521666666666667, ""43"": 0.7488333333333334}",0.7505,"{""m_exploration"": 2606}",0.024999999999997247,1,68418,0,0,{},{},2024,50000,0.74798
"U(0.001,0.1), eps=1e-04",wide_e4,0.001,0.1,uniform,0.0001,brute,qmetrology.algorithms.find_phi_fixed_budget_brute_force,1453804,{},False,"42,43",,,0,0,0,{},,,,,,0,0,{},{},2024,50000,0.65228
"U(0.001,0.1), eps=1e-04",wide_e4,0.001,0.1,uniform,0.0001,linear,qmetrology.algorithms.find_phi_fixed_budget_linear_search,1453804,"{""inc"": 1, ""lookback_window"": 6, ""m_exploration"": 2, ""mean_window"": 3, ""safeguard"": 1}",True,"42,43",700,6000,1863,14400,72,"{""42"": 0.7736666666666666, ""43"": 0.7631666666666667}",0.7684166666666666,"{""m_exploration"": 1, ""lookback_window"": 5, ""safeguard"": 0, ""inc"": 1, ""mean_window"": 2}",0.10000000000000009,1,96920,0,0,"{""inc"": ""min""}","{""inc"": [1, 2, 3, 5, 8], ""lookback_window"": [1, 2, 3, 4, 5, 6, 8, 12, 20], ""mean_window"": [0, 1, 2, 3, 4, 6, 8, 12], ""safeguard"": [0, 1, 2, 3, 4, 6, 8, 12, 16, 24]}",2024,50000,0.76798
"U(0.001,0.1), eps=1e-04",wide_e4,0.001,0.1,uniform,0.0001,binary_deep,qmetrology.algorithms.find_phi_fixed_budget_binary_search_deep,1453804,"{""conf"": 0.5, ""m_exploration"": 2310}",True,"42,43",700,6000,69,130,30,"{""42"": 0.8268333333333333, ""43"": 0.8156666666666667}",0.82125,"{""m_exploration"": 2310, ""conf"": 0.52}",0.0,1,96920,0,0,"{""conf"": ""min""}","{""conf"": [0.5, 0.52, 0.55, 0.58, 0.62, 0.66, 0.7, 0.75, 0.8, 0.85, 0.9, 0.95, 0.99]}",2024,50000,0.81738
"U(0.001,0.1), eps=1e-04",wide_e4,0.001,0.1,uniform,0.0001,reverse_eng_risk,qmetrology.algorithms.find_phi_fixed_budget_reverse_engineering_risk,1453804,"{""m_exploration"": 2310}",True,"42,43",700,6000,23,10,15,"{""42"": 0.8268333333333333, ""43"": 0.8156666666666667}",0.82125,"{""m_exploration"": 1895}",0.08333333333334636,1,96920,0,0,{},{},2024,50000,0.81738
"U(0.001,0.1), eps=1e-04",wide_e4,0.001,0.1,uniform,0.0001,brute,qmetrology.algorithms.find_phi_fixed_budget_brute_force,2059436,{},False,"42,43",,,0,0,0,{},,,,,,0,0,{},{},2024,50000,0.73406
"U(0.001,0.1), eps=1e-04",wide_e4,0.001,0.1,uniform,0.0001,linear,qmetrology.algorithms.find_phi_fixed_budget_linear_search,2059436,"{""inc"": 1, ""lookback_window"": 6, ""m_exploration"": 2, ""mean_window"": 3, ""safeguard"": 1}",True,"42,43",700,6000,1863,14400,72,"{""42"": 0.838, ""43"": 0.8306666666666667}",0.8343333333333334,"{""m_exploration"": 1, ""lookback_window"": 5, ""safeguard"": 0, ""inc"": 1, ""mean_window"": 2}",0.12499999999999734,1,137295,0,0,"{""inc"": ""min""}","{""inc"": [1, 2, 3, 5, 8], ""lookback_window"": [1, 2, 3, 4, 5, 6, 8, 12, 20], ""mean_window"": [0, 1, 2, 3, 4, 6, 8, 12], ""safeguard"": [0, 1, 2, 3, 4, 6, 8, 12, 16, 24]}",2024,50000,0.8288
"U(0.001,0.1), eps=1e-04",wide_e4,0.001,0.1,uniform,0.0001,binary_deep,qmetrology.algorithms.find_phi_fixed_budget_binary_search_deep,2059436,"{""conf"": 0.5, ""m_exploration"": 2635}",True,"42,43",700,6000,69,130,30,"{""42"": 0.8828333333333334, ""43"": 0.8796666666666667}",0.8812500000000001,"{""m_exploration"": 2635, ""conf"": 0.52}",0.0,1,137295,0,0,"{""conf"": ""min""}","{""conf"": [0.5, 0.52, 0.55, 0.58, 0.62, 0.66, 0.7, 0.75, 0.8, 0.85, 0.9, 0.95, 0.99]}",2024,50000,0.87542
"U(0.001,0.1), eps=1e-04",wide_e4,0.001,0.1,uniform,0.0001,reverse_eng_risk,qmetrology.algorithms.find_phi_fixed_budget_reverse_engineering_risk,2059436,"{""m_exploration"": 2288}",True,"42,43",700,6000,23,10,15,"{""42"": 0.882, ""43"": 0.8761666666666666}",0.8790833333333333,"{""m_exploration"": 2072}",0.008333333333332416,1,137295,0,0,{},{},2024,50000,0.87442
"U(0.001,0.1), eps=1e-04",wide_e4,0.001,0.1,uniform,0.0001,brute,qmetrology.algorithms.find_phi_fixed_budget_brute_force,2917365,{},False,"42,43",,,0,0,0,{},,,,,,0,0,{},{},2024,50000,0.81706
"U(0.001,0.1), eps=1e-04",wide_e4,0.001,0.1,uniform,0.0001,linear,qmetrology.algorithms.find_phi_fixed_budget_linear_search,2917365,"{""inc"": 1, ""lookback_window"": 4, ""m_exploration"": 1, ""mean_window"": 2, ""safeguard"": 0}",True,"42,43",700,6000,1863,14400,72,"{""42"": 0.8893333333333333, ""43"": 0.8875}",0.8884166666666666,"{""m_exploration"": 1, ""lookback_window"": 5, ""safeguard"": 0, ""inc"": 1, ""mean_window"": 2}",0.06666666666665932,1,194491,1,0,"{""inc"": ""min"", ""m_exploration"": ""min"", ""safeguard"": ""min""}","{""inc"": [1, 2, 3, 5, 8], ""lookback_window"": [1, 2, 3, 4, 5, 6, 8, 12, 20], ""mean_window"": [0, 1, 2, 3, 4, 6, 8, 12], ""safeguard"": [0, 1, 2, 3, 4, 6, 8, 12, 16, 24]}",2024,50000,0.88722
"U(0.001,0.1), eps=1e-04",wide_e4,0.001,0.1,uniform,0.0001,binary_deep,qmetrology.algorithms.find_phi_fixed_budget_binary_search_deep,2917365,"{""conf"": 0.5, ""m_exploration"": 4732}",True,"42,43",700,6000,69,130,30,"{""42"": 0.9301666666666667, ""43"": 0.9285}",0.9293333333333333,"{""m_exploration"": 4732, ""conf"": 0.52}",0.0,1,194491,0,0,"{""conf"": ""min""}","{""conf"": [0.5, 0.52, 0.55, 0.58, 0.62, 0.66, 0.7, 0.75, 0.8, 0.85, 0.9, 0.95, 0.99]}",2024,50000,0.92452
"U(0.001,0.1), eps=1e-04",wide_e4,0.001,0.1,uniform,0.0001,reverse_eng_risk,qmetrology.algorithms.find_phi_fixed_budget_reverse_engineering_risk,2917365,"{""m_exploration"": 2659}",True,"42,43",700,6000,23,10,15,"{""42"": 0.9318333333333333, ""43"": 0.9301666666666667}",0.931,"{""m_exploration"": 3578}",0.008333333333343518,1,194491,0,0,{},{},2024,50000,0.92562
"U(0.001,0.1), eps=1e-04",wide_e4,0.001,0.1,uniform,0.0001,brute,qmetrology.algorithms.find_phi_fixed_budget_brute_force,4132694,{},False,"42,43",,,0,0,0,{},,,,,,0,0,{},{},2024,50000,0.88602
"U(0.001,0.1), eps=1e-04",wide_e4,0.001,0.1,uniform,0.0001,linear,qmetrology.algorithms.find_phi_fixed_budget_linear_search,4132694,"{""inc"": 3, ""lookback_window"": 3, ""m_exploration"": 239, ""mean_window"": 1, ""safeguard"": 1}",True,"42,43",700,6000,1863,36000,1215,"{""42"": 0.9406666666666667, ""43"": 0.9383333333333334}",0.9395,"{""m_exploration"": 356, ""lookback_window"": 4, ""safeguard"": 1, ""inc"": 2, ""mean_window"": 2}",0.01666666666666483,1,275512,0,0,{},"{""inc"": [1, 2, 3, 5, 8], ""lookback_window"": [1, 2, 3, 4, 5, 6, 8, 12, 20], ""mean_window"": [0, 1, 2, 3, 4, 6, 8, 12], ""safeguard"": [0, 1, 2, 3, 4, 6, 8, 12, 16, 24]}",2024,50000,0.93636
"U(0.001,0.1), eps=1e-04",wide_e4,0.001,0.1,uniform,0.0001,binary_deep,qmetrology.algorithms.find_phi_fixed_budget_binary_search_deep,4132694,"{""conf"": 0.5, ""m_exploration"": 6120}",True,"42,43",700,6000,69,130,30,"{""42"": 0.9636666666666667, ""43"": 0.9618333333333333}",0.96275,"{""m_exploration"": 6120, ""conf"": 0.52}",0.0,1,275512,0,0,"{""conf"": ""min""}","{""conf"": [0.5, 0.52, 0.55, 0.58, 0.62, 0.66, 0.7, 0.75, 0.8, 0.85, 0.9, 0.95, 0.99]}",2024,50000,0.95848
"U(0.001,0.1), eps=1e-04",wide_e4,0.001,0.1,uniform,0.0001,reverse_eng_risk,qmetrology.algorithms.find_phi_fixed_budget_reverse_engineering_risk,4132694,"{""m_exploration"": 424}",True,"42,43",700,6000,23,10,15,"{""42"": 0.9596666666666667, ""43"": 0.9605}",0.9600833333333334,"{""m_exploration"": 347}",0.04166666666667318,1,275512,0,0,{},{},2024,50000,0.95728
"U(0.001,0.1), eps=1e-04",wide_e4,0.001,0.1,uniform,0.0001,brute,qmetrology.algorithms.find_phi_fixed_budget_brute_force,5854310,{},False,"42,43",,,0,0,0,{},,,,,,0,0,{},{},2024,50000,0.94006
"U(0.001,0.1), eps=1e-04",wide_e4,0.001,0.1,uniform,0.0001,linear,qmetrology.algorithms.find_phi_fixed_budget_linear_search,5854310,"{""inc"": 1, ""lookback_window"": 5, ""m_exploration"": 218, ""mean_window"": 4, ""safeguard"": 2}",True,"42,43",700,6000,1863,36000,810,"{""42"": 0.9696666666666667, ""43"": 0.9738333333333333}",0.97175,"{""m_exploration"": 218, ""lookback_window"": 5, ""safeguard"": 2, ""inc"": 1, ""mean_window"": 6}",0.17500000000000293,1,390287,0,0,"{""inc"": ""min""}","{""inc"": [1, 2, 3, 5, 8], ""lookback_window"": [1, 2, 3, 4, 5, 6, 8, 12, 20], ""mean_window"": [0, 1, 2, 3, 4, 6, 8, 12], ""safeguard"": [0, 1, 2, 3, 4, 6, 8, 12, 16, 24]}",2024,50000,0.96776
"U(0.001,0.1), eps=1e-04",wide_e4,0.001,0.1,uniform,0.0001,binary_deep,qmetrology.algorithms.find_phi_fixed_budget_binary_search_deep,5854310,"{""conf"": 0.5, ""m_exploration"": 10184}",True,"42,43",700,6000,69,130,30,"{""42"": 0.9831666666666666, ""43"": 0.9838333333333333}",0.9835,"{""m_exploration"": 10184, ""conf"": 0.52}",0.0,1,390287,0,0,"{""conf"": ""min""}","{""conf"": [0.5, 0.52, 0.55, 0.58, 0.62, 0.66, 0.7, 0.75, 0.8, 0.85, 0.9, 0.95, 0.99]}",2024,50000,0.98118
"U(0.001,0.1), eps=1e-04",wide_e4,0.001,0.1,uniform,0.0001,reverse_eng_risk,qmetrology.algorithms.find_phi_fixed_budget_reverse_engineering_risk,5854310,"{""m_exploration"": 283}",True,"42,43",700,6000,23,10,15,"{""42"": 0.9828333333333333, ""43"": 0.9836666666666667}",0.98325,"{""m_exploration"": 312}",0.024999999999997247,1,390287,0,0,{},{},2024,50000,0.98042
"U(0.001,0.1), eps=1e-04",wide_e4,0.001,0.1,uniform,0.0001,brute,qmetrology.algorithms.find_phi_fixed_budget_brute_force,8293124,{},False,"42,43",,,0,0,0,{},,,,,,0,0,{},{},2024,50000,0.97434
"U(0.001,0.1), eps=1e-04",wide_e4,0.001,0.1,uniform,0.0001,linear,qmetrology.algorithms.find_phi_fixed_budget_linear_search,8293124,"{""inc"": 1, ""lookback_window"": 3, ""m_exploration"": 945, ""mean_window"": 1, ""safeguard"": 1}",True,"42,43",700,6000,1863,36000,1215,"{""42"": 0.9903333333333333, ""43"": 0.987}",0.9886666666666666,"{""m_exploration"": 1152, ""lookback_window"": 3, ""safeguard"": 1, ""inc"": 1, ""mean_window"": 2}",0.12499999999999734,1,552874,0,0,"{""inc"": ""min""}","{""inc"": [1, 2, 3, 5, 8], ""lookback_window"": [1, 2, 3, 4, 5, 6, 8, 12, 20], ""mean_window"": [0, 1, 2, 3, 4, 6, 8, 12], ""safeguard"": [0, 1, 2, 3, 4, 6, 8, 12, 16, 24]}",2024,50000,0.9861
"U(0.001,0.1), eps=1e-04",wide_e4,0.001,0.1,uniform,0.0001,binary_deep,qmetrology.algorithms.find_phi_fixed_budget_binary_search_deep,8293124,"{""conf"": 0.5, ""m_exploration"": 11062}",True,"42,43",700,6000,69,130,30,"{""42"": 0.9955, ""43"": 0.9938333333333333}",0.9946666666666667,"{""m_exploration"": 11062, ""conf"": 0.5}",0.0,1,552874,0,0,"{""conf"": ""min""}","{""conf"": [0.5, 0.52, 0.55, 0.58, 0.62, 0.66, 0.7, 0.75, 0.8, 0.85, 0.9, 0.95, 0.99]}",2024,50000,0.9933
"U(0.001,0.1), eps=1e-04",wide_e4,0.001,0.1,uniform,0.0001,reverse_eng_risk,qmetrology.algorithms.find_phi_fixed_budget_reverse_engineering_risk,8293124,"{""m_exploration"": 271}",True,"42,43",700,6000,23,10,15,"{""42"": 0.9945, ""43"": 0.9948333333333333}",0.9946666666666667,"{""m_exploration"": 300}",0.033333333333340764,1,552874,0,0,{},{},2024,50000,0.99278
"U(0.001,0.1), eps=1e-04",wide_e4,0.001,0.1,uniform,0.0001,brute,qmetrology.algorithms.find_phi_fixed_budget_brute_force,11747910,{},False,"42,43",,,0,0,0,{},,,,,,0,0,{},{},2024,50000,0.9926
"U(0.001,0.1), eps=1e-04",wide_e4,0.001,0.1,uniform,0.0001,linear,qmetrology.algorithms.find_phi_fixed_budget_linear_search,11747910,"{""inc"": 2, ""lookback_window"": 2, ""m_exploration"": 1737, ""mean_window"": 1, ""safeguard"": 1}",True,"42,43",700,6000,1863,36000,540,"{""42"": 0.9958333333333333, ""43"": 0.996}",0.9959166666666667,"{""m_exploration"": 1573, ""lookback_window"": 2, ""safeguard"": 1, ""inc"": 2, ""mean_window"": 1}",0.016666666666675933,1,783194,0,0,{},"{""inc"": [1, 2, 3, 5, 8], ""lookback_window"": [1, 2, 3, 4, 5, 6, 8, 12, 20], ""mean_window"": [0, 1, 2, 3, 4, 6, 8, 12], ""safeguard"": [0, 1, 2, 3, 4, 6, 8, 12, 16, 24]}",2024,50000,0.99516
"U(0.001,0.1), eps=1e-04",wide_e4,0.001,0.1,uniform,0.0001,binary_deep,qmetrology.algorithms.find_phi_fixed_budget_binary_search_deep,11747910,"{""conf"": 0.5, ""m_exploration"": 15974}",True,"42,43",700,6000,69,130,30,"{""42"": 0.999, ""43"": 0.9986666666666667}",0.9988333333333334,"{""m_exploration"": 17637, ""conf"": 0.52}",0.0,1,783194,0,0,"{""conf"": ""min""}","{""conf"": [0.5, 0.52, 0.55, 0.58, 0.62, 0.66, 0.7, 0.75, 0.8, 0.85, 0.9, 0.95, 0.99]}",2024,50000,0.99812
"U(0.001,0.1), eps=1e-04",wide_e4,0.001,0.1,uniform,0.0001,reverse_eng_risk,qmetrology.algorithms.find_phi_fixed_budget_reverse_engineering_risk,11747910,"{""m_exploration"": 6922}",True,"42,43",700,6000,23,10,15,"{""42"": 0.9988333333333334, ""43"": 0.9986666666666667}",0.99875,"{""m_exploration"": 10287}",0.0,1,783194,0,0,{},{},2024,50000,0.99826
"U(0.001,0.1), eps=1e-04",wide_e4,0.001,0.1,uniform,0.0001,brute,qmetrology.algorithms.find_phi_fixed_budget_brute_force,16641905,{},False,"42,43",,,0,0,0,{},,,,,,0,0,{},{},2024,50000,0.9985
"U(0.001,0.1), eps=1e-04",wide_e4,0.001,0.1,uniform,0.0001,linear,qmetrology.algorithms.find_phi_fixed_budget_linear_search,16641905,"{""inc"": 1, ""lookback_window"": 2, ""m_exploration"": 86, ""mean_window"": 0, ""safeguard"": 1}",True,"42,43",700,6000,1863,36000,540,"{""42"": 0.9995, ""43"": 0.999}",0.99925,"{""m_exploration"": 212, ""lookback_window"": 3, ""safeguard"": 2, ""inc"": 1, ""mean_window"": 0}",0.024999999999997247,1,1109460,0,0,"{""inc"": ""min"", ""mean_window"": ""min""}","{""inc"": [1, 2, 3, 5, 8], ""lookback_window"": [1, 2, 3, 4, 5, 6, 8, 12, 20], ""mean_window"": [0, 1, 2, 3, 4, 6, 8, 12], ""safeguard"": [0, 1, 2, 3, 4, 6, 8, 12, 16, 24]}",2024,50000,0.9989
"U(0.001,0.1), eps=1e-04",wide_e4,0.001,0.1,uniform,0.0001,binary_deep,qmetrology.algorithms.find_phi_fixed_budget_binary_search_deep,16641905,"{""conf"": 0.5, ""m_exploration"": 1362}",True,"42,43",700,6000,69,130,30,"{""42"": 0.9991666666666666, ""43"": 0.9996666666666667}",0.9994166666666666,"{""m_exploration"": 1362, ""conf"": 0.52}",0.008333333333321313,1,1109460,0,0,"{""conf"": ""min""}","{""conf"": [0.5, 0.52, 0.55, 0.58, 0.62, 0.66, 0.7, 0.75, 0.8, 0.85, 0.9, 0.95, 0.99]}",2024,50000,0.9988
"U(0.001,0.1), eps=1e-04",wide_e4,0.001,0.1,uniform,0.0001,reverse_eng_risk,qmetrology.algorithms.find_phi_fixed_budget_reverse_engineering_risk,16641905,"{""m_exploration"": 41}",True,"42,43",700,6000,23,10,15,"{""42"": 0.9998333333333334, ""43"": 0.9996666666666667}",0.99975,"{""m_exploration"": 46}",0.0,1,1109460,0,0,{},{},2024,50000,0.99956
"U(0.001,0.1), eps=1e-04",wide_e4,0.001,0.1,uniform,0.0001,brute,qmetrology.algorithms.find_phi_fixed_budget_brute_force,23574663,{},False,"42,43",,,0,0,0,{},,,,,,0,0,{},{},2024,50000,0.9999
"U(0.001,0.1), eps=1e-04",wide_e4,0.001,0.1,uniform,0.0001,linear,qmetrology.algorithms.find_phi_fixed_budget_linear_search,23574663,"{""inc"": 1, ""lookback_window"": 1, ""m_exploration"": 1, ""mean_window"": 1, ""safeguard"": 1}",True,"42,43",700,6000,1863,14400,48,"{""42"": 1.0, ""43"": 1.0}",1.0,"{""m_exploration"": 2, ""lookback_window"": 1, ""safeguard"": 1, ""inc"": 1, ""mean_window"": 1}",0.0,1,1571644,1,0,"{""inc"": ""min"", ""lookback_window"": ""min"", ""m_exploration"": ""min""}","{""inc"": [1, 2, 3, 5, 8], ""lookback_window"": [1, 2, 3, 4, 5, 6, 8, 12, 20], ""mean_window"": [0, 1, 2, 3, 4, 6, 8, 12], ""safeguard"": [0, 1, 2, 3, 4, 6, 8, 12, 16, 24]}",2024,50000,0.99986
"U(0.001,0.1), eps=1e-04",wide_e4,0.001,0.1,uniform,0.0001,binary_deep,qmetrology.algorithms.find_phi_fixed_budget_binary_search_deep,23574663,"{""conf"": 0.5, ""m_exploration"": 63}",True,"42,43",700,6000,69,130,30,"{""42"": 0.9998333333333334, ""43"": 0.9995}",0.9996666666666667,"{""m_exploration"": 63, ""conf"": 0.5}",0.0,1,1571644,0,0,"{""conf"": ""min""}","{""conf"": [0.5, 0.52, 0.55, 0.58, 0.62, 0.66, 0.7, 0.75, 0.8, 0.85, 0.9, 0.95, 0.99]}",2024,50000,0.99946
"U(0.001,0.1), eps=1e-04",wide_e4,0.001,0.1,uniform,0.0001,reverse_eng_risk,qmetrology.algorithms.find_phi_fixed_budget_reverse_engineering_risk,23574663,"{""m_exploration"": 8}",True,"42,43",700,6000,23,10,13,"{""42"": 1.0, ""43"": 1.0}",1.0,"{""m_exploration"": 13}",0.0,1,1571644,0,0,{},{},2024,50000,0.9999
"U(0.001,0.1), eps=1e-04",wide_e4,0.001,0.1,uniform,0.0001,brute,qmetrology.algorithms.find_phi_fixed_budget_brute_force,33395498,{},False,"42,43",,,0,0,0,{},,,,,,0,0,{},{},2024,50000,1.0
"U(0.001,0.1), eps=1e-04",wide_e4,0.001,0.1,uniform,0.0001,linear,qmetrology.algorithms.find_phi_fixed_budget_linear_search,33395498,"{""inc"": 1, ""lookback_window"": 1, ""m_exploration"": 1, ""mean_window"": 1, ""safeguard"": 1}",True,"42,43",700,6000,1863,14400,48,"{""42"": 1.0, ""43"": 1.0}",1.0,"{""m_exploration"": 1, ""lookback_window"": 2, ""safeguard"": 1, ""inc"": 1, ""mean_window"": 1}",0.0,1,2226366,1,0,"{""inc"": ""min"", ""lookback_window"": ""min"", ""m_exploration"": ""min""}","{""inc"": [1, 2, 3, 5, 8], ""lookback_window"": [1, 2, 3, 4, 5, 6, 8, 12, 20], ""mean_window"": [0, 1, 2, 3, 4, 6, 8, 12], ""safeguard"": [0, 1, 2, 3, 4, 6, 8, 12, 16, 24]}",2024,50000,1.0
"U(0.001,0.1), eps=1e-04",wide_e4,0.001,0.1,uniform,0.0001,binary_deep,qmetrology.algorithms.find_phi_fixed_budget_binary_search_deep,33395498,"{""conf"": 0.5, ""m_exploration"": 45}",True,"42,43",700,6000,69,130,30,"{""42"": 1.0, ""43"": 0.9996666666666667}",0.9998333333333334,"{""m_exploration"": 50, ""conf"": 0.5}",0.0,1,2226366,0,0,"{""conf"": ""min""}","{""conf"": [0.5, 0.52, 0.55, 0.58, 0.62, 0.66, 0.7, 0.75, 0.8, 0.85, 0.9, 0.95, 0.99]}",2024,50000,0.99982
"U(0.001,0.1), eps=1e-04",wide_e4,0.001,0.1,uniform,0.0001,reverse_eng_risk,qmetrology.algorithms.find_phi_fixed_budget_reverse_engineering_risk,33395498,"{""m_exploration"": 1}",True,"42,43",700,6000,23,4,2,"{""42"": 1.0, ""43"": 1.0}",1.0,"{""m_exploration"": 2}",0.0,1,2226366,1,0,"{""m_exploration"": ""min""}",{},2024,50000,0.99998
"U(0.001,0.1), eps=1e-04",wide_e4,0.001,0.1,uniform,0.0001,brute,qmetrology.algorithms.find_phi_fixed_budget_brute_force,47307541,{},False,"42,43",,,0,0,0,{},,,,,,0,0,{},{},2024,50000,1.0
"U(0.001,0.1), eps=1e-04",wide_e4,0.001,0.1,uniform,0.0001,linear,qmetrology.algorithms.find_phi_fixed_budget_linear_search,47307541,"{""inc"": 1, ""lookback_window"": 1, ""m_exploration"": 1, ""mean_window"": 1, ""safeguard"": 1}",True,"42,43",700,6000,1863,14400,48,"{""42"": 1.0, ""43"": 1.0}",1.0,"{""m_exploration"": 1, ""lookback_window"": 2, ""safeguard"": 1, ""inc"": 1, ""mean_window"": 1}",0.0,1,3153836,1,0,"{""inc"": ""min"", ""lookback_window"": ""min"", ""m_exploration"": ""min""}","{""inc"": [1, 2, 3, 5, 8], ""lookback_window"": [1, 2, 3, 4, 5, 6, 8, 12, 20], ""mean_window"": [0, 1, 2, 3, 4, 6, 8, 12], ""safeguard"": [0, 1, 2, 3, 4, 6, 8, 12, 16, 24]}",2024,50000,1.0
"U(0.001,0.1), eps=1e-04",wide_e4,0.001,0.1,uniform,0.0001,binary_deep,qmetrology.algorithms.find_phi_fixed_budget_binary_search_deep,47307541,"{""conf"": 0.5, ""m_exploration"": 13}",True,"42,43",700,6000,69,130,22,"{""42"": 1.0, ""43"": 1.0}",1.0,"{""m_exploration"": 14, ""conf"": 0.5}",0.0,1,3153836,0,0,"{""conf"": ""min""}","{""conf"": [0.5, 0.52, 0.55, 0.58, 0.62, 0.66, 0.7, 0.75, 0.8, 0.85, 0.9, 0.95, 0.99]}",2024,50000,0.9998
"U(0.001,0.1), eps=1e-04",wide_e4,0.001,0.1,uniform,0.0001,reverse_eng_risk,qmetrology.algorithms.find_phi_fixed_budget_reverse_engineering_risk,47307541,"{""m_exploration"": 1}",True,"42,43",700,6000,23,4,2,"{""42"": 1.0, ""43"": 1.0}",1.0,"{""m_exploration"": 2}",0.0,1,3153836,1,0,"{""m_exploration"": ""min""}",{},2024,50000,1.0
"U(0.001,0.1), eps=1e-04",wide_e4,0.001,0.1,uniform,0.0001,brute,qmetrology.algorithms.find_phi_fixed_budget_brute_force,67015122,{},False,"42,43",,,0,0,0,{},,,,,,0,0,{},{},2024,50000,1.0
"U(0.001,0.1), eps=1e-04",wide_e4,0.001,0.1,uniform,0.0001,linear,qmetrology.algorithms.find_phi_fixed_budget_linear_search,67015122,"{""inc"": 1, ""lookback_window"": 1, ""m_exploration"": 1, ""mean_window"": 1, ""safeguard"": 1}",True,"42,43",700,6000,1863,14400,48,"{""42"": 1.0, ""43"": 1.0}",1.0,"{""m_exploration"": 1, ""lookback_window"": 2, ""safeguard"": 1, ""inc"": 1, ""mean_window"": 1}",0.0,1,4467674,1,0,"{""inc"": ""min"", ""lookback_window"": ""min"", ""m_exploration"": ""min""}","{""inc"": [1, 2, 3, 5, 8], ""lookback_window"": [1, 2, 3, 4, 5, 6, 8, 12, 20], ""mean_window"": [0, 1, 2, 3, 4, 6, 8, 12], ""safeguard"": [0, 1, 2, 3, 4, 6, 8, 12, 16, 24]}",2024,50000,1.0
"U(0.001,0.1), eps=1e-04",wide_e4,0.001,0.1,uniform,0.0001,binary_deep,qmetrology.algorithms.find_phi_fixed_budget_binary_search_deep,67015122,"{""conf"": 0.5, ""m_exploration"": 7}",True,"42,43",700,6000,69,130,14,"{""42"": 0.9998333333333334, ""43"": 1.0}",0.9999166666666667,"{""m_exploration"": 7, ""conf"": 0.52}",0.0,1,4467674,0,0,"{""conf"": ""min""}","{""conf"": [0.5, 0.52, 0.55, 0.58, 0.62, 0.66, 0.7, 0.75, 0.8, 0.85, 0.9, 0.95, 0.99]}",2024,50000,0.99998
"U(0.001,0.1), eps=1e-04",wide_e4,0.001,0.1,uniform,0.0001,reverse_eng_risk,qmetrology.algorithms.find_phi_fixed_budget_reverse_engineering_risk,67015122,"{""m_exploration"": 1}",True,"42,43",700,6000,23,4,2,"{""42"": 1.0, ""43"": 1.0}",1.0,"{""m_exploration"": 2}",0.0,1,4467674,1,0,"{""m_exploration"": ""min""}",{},2024,50000,1.0
"U(0.001,0.1), eps=1e-04",wide_e4,0.001,0.1,uniform,0.0001,brute,qmetrology.algorithms.find_phi_fixed_budget_brute_force,94932574,{},False,"42,43",,,0,0,0,{},,,,,,0,0,{},{},2024,50000,1.0
"U(0.001,0.1), eps=1e-04",wide_e4,0.001,0.1,uniform,0.0001,linear,qmetrology.algorithms.find_phi_fixed_budget_linear_search,94932574,"{""inc"": 1, ""lookback_window"": 1, ""m_exploration"": 1, ""mean_window"": 1, ""safeguard"": 1}",True,"42,43",700,6000,1863,14400,48,"{""42"": 1.0, ""43"": 1.0}",1.0,"{""m_exploration"": 1, ""lookback_window"": 2, ""safeguard"": 1, ""inc"": 1, ""mean_window"": 1}",0.0,1,6328838,1,0,"{""inc"": ""min"", ""lookback_window"": ""min"", ""m_exploration"": ""min""}","{""inc"": [1, 2, 3, 5, 8], ""lookback_window"": [1, 2, 3, 4, 5, 6, 8, 12, 20], ""mean_window"": [0, 1, 2, 3, 4, 6, 8, 12], ""safeguard"": [0, 1, 2, 3, 4, 6, 8, 12, 16, 24]}",2024,50000,1.0
"U(0.001,0.1), eps=1e-04",wide_e4,0.001,0.1,uniform,0.0001,binary_deep,qmetrology.algorithms.find_phi_fixed_budget_binary_search_deep,94932574,"{""conf"": 0.5, ""m_exploration"": 3}",True,"42,43",700,6000,69,91,12,"{""42"": 1.0, ""43"": 1.0}",1.0,"{""m_exploration"": 4, ""conf"": 0.5}",0.0,1,6328838,0,0,"{""conf"": ""min""}","{""conf"": [0.5, 0.52, 0.55, 0.58, 0.62, 0.66, 0.7, 0.75, 0.8, 0.85, 0.9, 0.95, 0.99]}",2024,50000,0.99998
"U(0.001,0.1), eps=1e-04",wide_e4,0.001,0.1,uniform,0.0001,reverse_eng_risk,qmetrology.algorithms.find_phi_fixed_budget_reverse_engineering_risk,94932574,"{""m_exploration"": 1}",True,"42,43",700,6000,23,4,2,"{""42"": 1.0, ""43"": 1.0}",1.0,"{""m_exploration"": 2}",0.0,1,6328838,1,0,"{""m_exploration"": ""min""}",{},2024,50000,1.0
"U(0.001,0.1), eps=1e-04",wide_e4,0.001,0.1,uniform,0.0001,brute,qmetrology.algorithms.find_phi_fixed_budget_brute_force,134480000,{},False,"42,43",,,0,0,0,{},,,,,,0,0,{},{},2024,50000,1.0
"U(0.001,0.1), eps=1e-04",wide_e4,0.001,0.1,uniform,0.0001,linear,qmetrology.algorithms.find_phi_fixed_budget_linear_search,134480000,"{""inc"": 1, ""lookback_window"": 1, ""m_exploration"": 1, ""mean_window"": 1, ""safeguard"": 1}",True,"42,43",700,6000,1944,14400,48,"{""42"": 1.0, ""43"": 1.0}",1.0,"{""m_exploration"": 1, ""lookback_window"": 2, ""safeguard"": 1, ""inc"": 1, ""mean_window"": 1}",0.0,1,8965333,1,0,"{""inc"": ""min"", ""lookback_window"": ""min"", ""m_exploration"": ""min""}","{""inc"": [1, 2, 3, 5, 8], ""lookback_window"": [1, 2, 3, 4, 5, 6, 8, 12, 20], ""mean_window"": [0, 1, 2, 3, 4, 6, 8, 12], ""safeguard"": [0, 1, 2, 3, 4, 6, 8, 12, 16, 24]}",2024,50000,1.0
"U(0.001,0.1), eps=1e-04",wide_e4,0.001,0.1,uniform,0.0001,binary_deep,qmetrology.algorithms.find_phi_fixed_budget_binary_search_deep,134480000,"{""conf"": 0.5, ""m_exploration"": 1}",True,"42,43",700,6000,72,52,4,"{""42"": 1.0, ""43"": 1.0}",1.0,"{""m_exploration"": 1, ""conf"": 0.52}",0.0,1,8965333,1,0,"{""conf"": ""min"", ""m_exploration"": ""min""}","{""conf"": [0.5, 0.52, 0.55, 0.58, 0.62, 0.66, 0.7, 0.75, 0.8, 0.85, 0.9, 0.95, 0.99]}",2024,50000,1.0
"U(0.001,0.1), eps=1e-04",wide_e4,0.001,0.1,uniform,0.0001,reverse_eng_risk,qmetrology.algorithms.find_phi_fixed_budget_reverse_engineering_risk,134480000,"{""m_exploration"": 1}",True,"42,43",700,6000,24,4,2,"{""42"": 1.0, ""43"": 1.0}",1.0,"{""m_exploration"": 2}",0.0,1,8965333,1,0,"{""m_exploration"": ""min""}",{},2024,50000,1.0
"U(0.01,pi/4), eps=1e-03",broad_pi4_e3,0.01,0.7853981633974483,uniform,0.001,brute,qmetrology.algorithms.find_phi_fixed_budget_brute_force,3000,{},False,"42,43",,,0,0,0,{},,,,,,0,0,{},{},2024,50000,0.12422
"U(0.01,pi/4), eps=1e-03",broad_pi4_e3,0.01,0.7853981633974483,uniform,0.001,linear,qmetrology.algorithms.find_phi_fixed_budget_linear_search,3000,"{""inc"": 1, ""lookback_window"": 2, ""m_exploration"": 2, ""mean_window"": 1, ""safeguard"": 0}",True,"42,43",700,6000,1782,25200,48,"{""42"": 0.15366666666666667, ""43"": 0.15516666666666667}",0.15441666666666667,"{""m_exploration"": 1, ""lookback_window"": 1, ""safeguard"": 0, ""inc"": 1, ""mean_window"": 1}",0.15833333333333532,1,1500,0,0,"{""inc"": ""min"", ""safeguard"": ""min""}","{""inc"": [1, 2, 3, 5, 8], ""lookback_window"": [1, 2, 3, 4, 5, 6, 8, 12, 20], ""mean_window"": [0, 1, 2, 3, 4, 6, 8, 12], ""safeguard"": [0, 1, 2, 3, 4, 6, 8, 12, 16, 24]}",2024,50000,0.15332
"U(0.01,pi/4), eps=1e-03",broad_pi4_e3,0.01,0.7853981633974483,uniform,0.001,binary_deep,qmetrology.algorithms.find_phi_fixed_budget_binary_search_deep,3000,"{""conf"": 0.5, ""m_exploration"": 169}",True,"42,43",700,6000,66,130,30,"{""42"": 0.17866666666666667, ""43"": 0.17416666666666666}",0.17641666666666667,"{""m_exploration"": 169, ""conf"": 0.52}",0.0,1,1500,0,0,"{""conf"": ""min""}","{""conf"": [0.5, 0.52, 0.55, 0.58, 0.62, 0.66, 0.7, 0.75, 0.8, 0.85, 0.9, 0.95, 0.99]}",2024,50000,0.171
"U(0.01,pi/4), eps=1e-03",broad_pi4_e3,0.01,0.7853981633974483,uniform,0.001,reverse_eng_risk,qmetrology.algorithms.find_phi_fixed_budget_reverse_engineering_risk,3000,"{""m_exploration"": 169}",True,"42,43",700,6000,22,10,15,"{""42"": 0.17316666666666666, ""43"": 0.169}",0.17108333333333334,"{""m_exploration"": 187}",0.18333333333333257,1,1500,0,0,{},{},2024,50000,0.16706
"U(0.01,pi/4), eps=1e-03",broad_pi4_e3,0.01,0.7853981633974483,uniform,0.001,brute,qmetrology.algorithms.find_phi_fixed_budget_brute_force,4088,{},False,"42,43",,,0,0,0,{},,,,,,0,0,{},{},2024,50000,0.14324
"U(0.01,pi/4), eps=1e-03",broad_pi4_e3,0.01,0.7853981633974483,uniform,0.001,linear,qmetrology.algorithms.find_phi_fixed_budget_linear_search,4088,"{""inc"": 1, ""lookback_window"": 3, ""m_exploration"": 2, ""mean_window"": 3, ""safeguard"": 2}",True,"42,43",700,6000,1782,36000,324,"{""42"": 0.16916666666666666, ""43"": 0.16666666666666666}",0.16791666666666666,"{""m_exploration"": 1, ""lookback_window"": 2, ""safeguard"": 2, ""inc"": 1, ""mean_window"": 3}",0.2083333333333326,1,2044,0,0,"{""inc"": ""min""}","{""inc"": [1, 2, 3, 5, 8], ""lookback_window"": [1, 2, 3, 4, 5, 6, 8, 12, 20], ""mean_window"": [0, 1, 2, 3, 4, 6, 8, 12], ""safeguard"": [0, 1, 2, 3, 4, 6, 8, 12, 16, 24]}",2024,50000,0.16632
"U(0.01,pi/4), eps=1e-03",broad_pi4_e3,0.01,0.7853981633974483,uniform,0.001,binary_deep,qmetrology.algorithms.find_phi_fixed_budget_binary_search_deep,4088,"{""conf"": 0.5, ""m_exploration"": 170}",True,"42,43",700,6000,66,130,30,"{""42"": 0.21766666666666667, ""43"": 0.2045}",0.21108333333333335,"{""m_exploration"": 170, ""conf"": 0.5}",0.0,1,2044,0,0,"{""conf"": ""min""}","{""conf"": [0.5, 0.52, 0.55, 0.58, 0.62, 0.66, 0.7, 0.75, 0.8, 0.85, 0.9, 0.95, 0.99]}",2024,50000,0.20324
"U(0.01,pi/4), eps=1e-03",broad_pi4_e3,0.01,0.7853981633974483,uniform,0.001,reverse_eng_risk,qmetrology.algorithms.find_phi_fixed_budget_reverse_engineering_risk,4088,"{""m_exploration"": 173}",True,"42,43",700,6000,22,10,15,"{""42"": 0.21, ""43"": 0.1995}",0.20475,"{""m_exploration"": 232}",0.15833333333333255,1,2044,0,0,{},{},2024,50000,0.1992
"U(0.01,pi/4), eps=1e-03",broad_pi4_e3,0.01,0.7853981633974483,uniform,0.001,brute,qmetrology.algorithms.find_phi_fixed_budget_brute_force,5572,{},False,"42,43",,,0,0,0,{},,,,,,0,0,{},{},2024,50000,0.16722
"U(0.01,pi/4), eps=1e-03",broad_pi4_e3,0.01,0.7853981633974483,uniform,0.001,linear,qmetrology.algorithms.find_phi_fixed_budget_linear_search,5572,"{""inc"": 1, ""lookback_window"": 2, ""m_exploration"": 5, ""mean_window"": 1, ""safeguard"": 0}",True,"42,43",700,6000,1782,36000,216,"{""42"": 0.21016666666666667, ""43"": 0.20583333333333334}",0.20800000000000002,"{""m_exploration"": 1, ""lookback_window"": 2, ""safeguard"": 0, ""inc"": 1, ""mean_window"": 2}",0.17500000000000293,1,2786,0,0,"{""inc"": ""min"", ""safeguard"": ""min""}","{""inc"": [1, 2, 3, 5, 8], ""lookback_window"": [1, 2, 3, 4, 5, 6, 8, 12, 20], ""mean_window"": [0, 1, 2, 3, 4, 6, 8, 12], ""safeguard"": [0, 1, 2, 3, 4, 6, 8, 12, 16, 24]}",2024,50000,0.20612
"U(0.01,pi/4), eps=1e-03",broad_pi4_e3,0.01,0.7853981633974483,uniform,0.001,binary_deep,qmetrology.algorithms.find_phi_fixed_budget_binary_search_deep,5572,"{""conf"": 0.5, ""m_exploration"": 335}",True,"42,43",700,6000,66,130,30,"{""42"": 0.24233333333333335, ""43"": 0.24183333333333334}",0.24208333333333334,"{""m_exploration"": 335, ""conf"": 0.52}",0.0,1,2786,0,0,"{""conf"": ""min""}","{""conf"": [0.5, 0.52, 0.55, 0.58, 0.62, 0.66, 0.7, 0.75, 0.8, 0.85, 0.9, 0.95, 0.99]}",2024,50000,0.23468
"U(0.01,pi/4), eps=1e-03",broad_pi4_e3,0.01,0.7853981633974483,uniform,0.001,reverse_eng_risk,qmetrology.algorithms.find_phi_fixed_budget_reverse_engineering_risk,5572,"{""m_exploration"": 335}",True,"42,43",700,6000,22,10,15,"{""42"": 0.236, ""43"": 0.23916666666666667}",0.2375833333333333,"{""m_exploration"": 550}",0.07499999999999729,1,2786,0,0,{},{},2024,50000,0.23242
"U(0.01,pi/4), eps=1e-03",broad_pi4_e3,0.01,0.7853981633974483,uniform,0.001,brute,qmetrology.algorithms.find_phi_fixed_budget_brute_force,7595,{},False,"42,43",,,0,0,0,{},,,,,,0,0,{},{},2024,50000,0.19272
"U(0.01,pi/4), eps=1e-03",broad_pi4_e3,0.01,0.7853981633974483,uniform,0.001,linear,qmetrology.algorithms.find_phi_fixed_budget_linear_search,7595,"{""inc"": 1, ""lookback_window"": 2, ""m_exploration"": 1, ""mean_window"": 1, ""safeguard"": 0}",True,"42,43",700,6000,1782,28800,72,"{""42"": 0.23233333333333334, ""43"": 0.24816666666666667}",0.24025000000000002,"{""m_exploration"": 2, ""lookback_window"": 2, ""safeguard"": 0, ""inc"": 1, ""mean_window"": 1}",0.09166666666666767,1,3797,1,0,"{""inc"": ""min"", ""m_exploration"": ""min"", ""safeguard"": ""min""}","{""inc"": [1, 2, 3, 5, 8], ""lookback_window"": [1, 2, 3, 4, 5, 6, 8, 12, 20], ""mean_window"": [0, 1, 2, 3, 4, 6, 8, 12], ""safeguard"": [0, 1, 2, 3, 4, 6, 8, 12, 16, 24]}",2024,50000,0.24414
"U(0.01,pi/4), eps=1e-03",broad_pi4_e3,0.01,0.7853981633974483,uniform,0.001,binary_deep,qmetrology.algorithms.find_phi_fixed_budget_binary_search_deep,7595,"{""conf"": 0.5, ""m_exploration"": 253}",True,"42,43",700,6000,66,130,30,"{""42"": 0.282, ""43"": 0.2818333333333333}",0.28191666666666665,"{""m_exploration"": 253, ""conf"": 0.5}",0.0,1,3797,0,0,"{""conf"": ""min""}","{""conf"": [0.5, 0.52, 0.55, 0.58, 0.62, 0.66, 0.7, 0.75, 0.8, 0.85, 0.9, 0.95, 0.99]}",2024,50000,0.27862
"U(0.01,pi/4), eps=1e-03",broad_pi4_e3,0.01,0.7853981633974483,uniform,0.001,reverse_eng_risk,qmetrology.algorithms.find_phi_fixed_budget_reverse_engineering_risk,7595,"{""m_exploration"": 254}",True,"42,43",700,6000,22,10,15,"{""42"": 0.2836666666666667, ""43"": 0.2821666666666667}",0.2829166666666667,"{""m_exploration"": 377}",0.21666666666667056,1,3797,0,0,{},{},2024,50000,0.2757
"U(0.01,pi/4), eps=1e-03",broad_pi4_e3,0.01,0.7853981633974483,uniform,0.001,brute,qmetrology.algorithms.find_phi_fixed_budget_brute_force,10351,{},False,"42,43",,,0,0,0,{},,,,,,0,0,{},{},2024,50000,0.22776
"U(0.01,pi/4), eps=1e-03",broad_pi4_e3,0.01,0.7853981633974483,uniform,0.001,linear,qmetrology.algorithms.find_phi_fixed_budget_linear_search,10351,"{""inc"": 1, ""lookback_window"": 2, ""m_exploration"": 11, ""mean_window"": 1, ""safeguard"": 0}",True,"42,43",700,6000,1863,36000,540,"{""42"": 0.2743333333333333, ""43"": 0.276}",0.27516666666666667,"{""m_exploration"": 15, ""lookback_window"": 2, ""safeguard"": 0, ""inc"": 1, ""mean_window"": 1}",0.09166666666666767,1,5175,0,0,"{""inc"": ""min"", ""safeguard"": ""min""}","{""inc"": [1, 2, 3, 5, 8], ""lookback_window"": [1, 2, 3, 4, 5, 6, 8, 12, 20], ""mean_window"": [0, 1, 2, 3, 4, 6, 8, 12], ""safeguard"": [0, 1, 2, 3, 4, 6, 8, 12, 16, 24]}",2024,50000,0.27582
"U(0.01,pi/4), eps=1e-03",broad_pi4_e3,0.01,0.7853981633974483,uniform,0.001,binary_deep,qmetrology.algorithms.find_phi_fixed_budget_binary_search_deep,10351,"{""conf"": 0.5, ""m_exploration"": 290}",True,"42,43",700,6000,69,130,30,"{""42"": 0.32516666666666666, ""43"": 0.3258333333333333}",0.3255,"{""m_exploration"": 290, ""conf"": 0.52}",0.0,1,5175,0,0,"{""conf"": ""min""}","{""conf"": [0.5, 0.52, 0.55, 0.58, 0.62, 0.66, 0.7, 0.75, 0.8, 0.85, 0.9, 0.95, 0.99]}",2024,50000,0.3254
"U(0.01,pi/4), eps=1e-03",broad_pi4_e3,0.01,0.7853981633974483,uniform,0.001,reverse_eng_risk,qmetrology.algorithms.find_phi_fixed_budget_reverse_engineering_risk,10351,"{""m_exploration"": 300}",True,"42,43",700,6000,23,10,15,"{""42"": 0.3288333333333333, ""43"": 0.32166666666666666}",0.32525,"{""m_exploration"": 331}",0.1916666666666622,1,5175,0,0,{},{},2024,50000,0.32324
"U(0.01,pi/4), eps=1e-03",broad_pi4_e3,0.01,0.7853981633974483,uniform,0.001,brute,qmetrology.algorithms.find_phi_fixed_budget_brute_force,14108,{},False,"42,43",,,0,0,0,{},,,,,,0,0,{},{},2024,50000,0.26434
"U(0.01,pi/4), eps=1e-03",broad_pi4_e3,0.01,0.7853981633974483,uniform,0.001,linear,qmetrology.algorithms.find_phi_fixed_budget_linear_search,14108,"{""inc"": 1, ""lookback_window"": 2, ""m_exploration"": 9, ""mean_window"": 1, ""safeguard"": 0}",True,"42,43",700,6000,1863,36000,540,"{""42"": 0.314, ""43"": 0.33016666666666666}",0.32208333333333333,"{""m_exploration"": 15, ""lookback_window"": 2, ""safeguard"": 0, ""inc"": 1, ""mean_window"": 1}",0.09166666666666767,1,7054,0,0,"{""inc"": ""min"", ""safeguard"": ""min""}","{""inc"": [1, 2, 3, 5, 8], ""lookback_window"": [1, 2, 3, 4, 5, 6, 8, 12, 20], ""mean_window"": [0, 1, 2, 3, 4, 6, 8, 12], ""safeguard"": [0, 1, 2, 3, 4, 6, 8, 12, 16, 24]}",2024,50000,0.3196
"U(0.01,pi/4), eps=1e-03",broad_pi4_e3,0.01,0.7853981633974483,uniform,0.001,binary_deep,qmetrology.algorithms.find_phi_fixed_budget_binary_search_deep,14108,"{""conf"": 0.5, ""m_exploration"": 308}",True,"42,43",700,6000,69,130,30,"{""42"": 0.3775, ""43"": 0.3765}",0.377,"{""m_exploration"": 308, ""conf"": 0.52}",0.0,1,7054,0,0,"{""conf"": ""min""}","{""conf"": [0.5, 0.52, 0.55, 0.58, 0.62, 0.66, 0.7, 0.75, 0.8, 0.85, 0.9, 0.95, 0.99]}",2024,50000,0.37888
"U(0.01,pi/4), eps=1e-03",broad_pi4_e3,0.01,0.7853981633974483,uniform,0.001,reverse_eng_risk,qmetrology.algorithms.find_phi_fixed_budget_reverse_engineering_risk,14108,"{""m_exploration"": 415}",True,"42,43",700,6000,23,10,15,"{""42"": 0.37166666666666665, ""43"": 0.37883333333333336}",0.37525,"{""m_exploration"": 308}",0.01666666666666483,1,7054,0,0,{},{},2024,50000,0.37812
"U(0.01,pi/4), eps=1e-03",broad_pi4_e3,0.01,0.7853981633974483,uniform,0.001,brute,qmetrology.algorithms.find_phi_fixed_budget_brute_force,19228,{},False,"42,43",,,0,0,0,{},,,,,,0,0,{},{},2024,50000,0.3075
"U(0.01,pi/4), eps=1e-03",broad_pi4_e3,0.01,0.7853981633974483,uniform,0.001,linear,qmetrology.algorithms.find_phi_fixed_budget_linear_search,19228,"{""inc"": 2, ""lookback_window"": 3, ""m_exploration"": 37, ""mean_window"": 3, ""safeguard"": 0}",True,"42,43",700,6000,1863,36000,810,"{""42"": 0.3478333333333333, ""43"": 0.3586666666666667}",0.35325,"{""m_exploration"": 40, ""lookback_window"": 3, ""safeguard"": 0, ""inc"": 2, ""mean_window"": 3}",0.1250000000000029,1,9614,0,0,"{""safeguard"": ""min""}","{""inc"": [1, 2, 3, 5, 8], ""lookback_window"": [1, 2, 3, 4, 5, 6, 8, 12, 20], ""mean_window"": [0, 1, 2, 3, 4, 6, 8, 12], ""safeguard"": [0, 1, 2, 3, 4, 6, 8, 12, 16, 24]}",2024,50000,0.34932
"U(0.01,pi/4), eps=1e-03",broad_pi4_e3,0.01,0.7853981633974483,uniform,0.001,binary_deep,qmetrology.algorithms.find_phi_fixed_budget_binary_search_deep,19228,"{""conf"": 0.5, ""m_exploration"": 676}",True,"42,43",700,6000,69,130,30,"{""42"": 0.433, ""43"": 0.42933333333333334}",0.4311666666666667,"{""m_exploration"": 676, ""conf"": 0.5}",0.0,1,9614,0,0,"{""conf"": ""min""}","{""conf"": [0.5, 0.52, 0.55, 0.58, 0.62, 0.66, 0.7, 0.75, 0.8, 0.85, 0.9, 0.95, 0.99]}",2024,50000,0.43362
"U(0.01,pi/4), eps=1e-03",broad_pi4_e3,0.01,0.7853981633974483,uniform,0.001,reverse_eng_risk,qmetrology.algorithms.find_phi_fixed_budget_reverse_engineering_risk,19228,"{""m_exploration"": 676}",True,"42,43",700,6000,23,10,15,"{""42"": 0.4315, ""43"": 0.42983333333333335}",0.43066666666666664,"{""m_exploration"": 502}",0.17499999999999738,1,9614,0,0,{},{},2024,50000,0.4336
"U(0.01,pi/4), eps=1e-03",broad_pi4_e3,0.01,0.7853981633974483,uniform,0.001,brute,qmetrology.algorithms.find_phi_fixed_budget_brute_force,26207,{},False,"42,43",,,0,0,0,{},,,,,,0,0,{},{},2024,50000,0.35456
"U(0.01,pi/4), eps=1e-03",broad_pi4_e3,0.01,0.7853981633974483,uniform,0.001,linear,qmetrology.algorithms.find_phi_fixed_budget_linear_search,26207,"{""inc"": 1, ""lookback_window"": 2, ""m_exploration"": 14, ""mean_window"": 1, ""safeguard"": 0}",True,"42,43",700,6000,1863,36000,540,"{""42"": 0.4261666666666667, ""43"": 0.4266666666666667}",0.42641666666666667,"{""m_exploration"": 22, ""lookback_window"": 2, ""safeguard"": 0, ""inc"": 1, ""mean_window"": 1}",0.01666666666666483,1,13103,0,0,"{""inc"": ""min"", ""safeguard"": ""min""}","{""inc"": [1, 2, 3, 5, 8], ""lookback_window"": [1, 2, 3, 4, 5, 6, 8, 12, 20], ""mean_window"": [0, 1, 2, 3, 4, 6, 8, 12], ""safeguard"": [0, 1, 2, 3, 4, 6, 8, 12, 16, 24]}",2024,50000,0.42106
"U(0.01,pi/4), eps=1e-03",broad_pi4_e3,0.01,0.7853981633974483,uniform,0.001,binary_deep,qmetrology.algorithms.find_phi_fixed_budget_binary_search_deep,26207,"{""conf"": 0.5, ""m_exploration"": 749}",True,"42,43",700,6000,69,130,30,"{""42"": 0.49916666666666665, ""43"": 0.4836666666666667}",0.49141666666666667,"{""m_exploration"": 749, ""conf"": 0.5}",0.0,1,13103,0,0,"{""conf"": ""min""}","{""conf"": [0.5, 0.52, 0.55, 0.58, 0.62, 0.66, 0.7, 0.75, 0.8, 0.85, 0.9, 0.95, 0.99]}",2024,50000,0.49178
"U(0.01,pi/4), eps=1e-03",broad_pi4_e3,0.01,0.7853981633974483,uniform,0.001,reverse_eng_risk,qmetrology.algorithms.find_phi_fixed_budget_reverse_engineering_risk,26207,"{""m_exploration"": 454}",True,"42,43",700,6000,23,10,15,"{""42"": 0.4925, ""43"": 0.49}",0.49124999999999996,"{""m_exploration"": 611}",0.008333333333332416,1,13103,0,0,{},{},2024,50000,0.49276
"U(0.01,pi/4), eps=1e-03",broad_pi4_e3,0.01,0.7853981633974483,uniform,0.001,brute,qmetrology.algorithms.find_phi_fixed_budget_brute_force,35718,{},False,"42,43",,,0,0,0,{},,,,,,0,0,{},{},2024,50000,0.40712
"U(0.01,pi/4), eps=1e-03",broad_pi4_e3,0.01,0.7853981633974483,uniform,0.001,linear,qmetrology.algorithms.find_phi_fixed_budget_linear_search,35718,"{""inc"": 1, ""lookback_window"": 3, ""m_exploration"": 50, ""mean_window"": 2, ""safeguard"": 0}",True,"42,43",700,6000,1863,36000,540,"{""42"": 0.4846666666666667, ""43"": 0.4826666666666667}",0.4836666666666667,"{""m_exploration"": 56, ""lookback_window"": 3, ""safeguard"": 0, ""inc"": 1, ""mean_window"": 2}",0.025000000000002798,1,17859,0,0,"{""inc"": ""min"", ""safeguard"": ""min""}","{""inc"": [1, 2, 3, 5, 8], ""lookback_window"": [1, 2, 3, 4, 5, 6, 8, 12, 20], ""mean_window"": [0, 1, 2, 3, 4, 6, 8, 12], ""safeguard"": [0, 1, 2, 3, 4, 6, 8, 12, 16, 24]}",2024,50000,0.47354
"U(0.01,pi/4), eps=1e-03",broad_pi4_e3,0.01,0.7853981633974483,uniform,0.001,binary_deep,qmetrology.algorithms.find_phi_fixed_budget_binary_search_deep,35718,"{""conf"": 0.5, ""m_exploration"": 618}",True,"42,43",700,6000,69,130,30,"{""42"": 0.5643333333333334, ""43"": 0.557}",0.5606666666666666,"{""m_exploration"": 618, ""conf"": 0.52}",0.0,1,17859,0,0,"{""conf"": ""min""}","{""conf"": [0.5, 0.52, 0.55, 0.58, 0.62, 0.66, 0.7, 0.75, 0.8, 0.85, 0.9, 0.95, 0.99]}",2024,50000,0.557
"U(0.01,pi/4), eps=1e-03",broad_pi4_e3,0.01,0.7853981633974483,uniform,0.001,reverse_eng_risk,qmetrology.algorithms.find_phi_fixed_budget_reverse_engineering_risk,35718,"{""m_exploration"": 440}",True,"42,43",700,6000,23,10,15,"{""42"": 0.5578333333333333, ""43"": 0.5565}",0.5571666666666666,"{""m_exploration"": 486}",0.07499999999999174,1,17859,0,0,{},{},2024,50000,0.55542
"U(0.01,pi/4), eps=1e-03",broad_pi4_e3,0.01,0.7853981633974483,uniform,0.001,brute,qmetrology.algorithms.find_phi_fixed_budget_brute_force,48681,{},False,"42,43",,,0,0,0,{},,,,,,0,0,{},{},2024,50000,0.46872
"U(0.01,pi/4), eps=1e-03",broad_pi4_e3,0.01,0.7853981633974483,uniform,0.001,linear,qmetrology.algorithms.find_phi_fixed_budget_linear_search,48681,"{""inc"": 1, ""lookback_window"": 3, ""m_exploration"": 53, ""mean_window"": 6, ""safeguard"": 0}",True,"42,43",700,6000,1863,36000,540,"{""42"": 0.5358333333333334, ""43"": 0.539}",0.5374166666666667,"{""m_exploration"": 59, ""lookback_window"": 3, ""safeguard"": 0, ""inc"": 1, ""mean_window"": 6}",0.12499999999999734,1,24340,0,0,"{""inc"": ""min"", ""safeguard"": ""min""}","{""inc"": [1, 2, 3, 5, 8], ""lookback_window"": [1, 2, 3, 4, 5, 6, 8, 12, 20], ""mean_window"": [0, 1, 2, 3, 4, 6, 8, 12], ""safeguard"": [0, 1, 2, 3, 4, 6, 8, 12, 16, 24]}",2024,50000,0.53002
"U(0.01,pi/4), eps=1e-03",broad_pi4_e3,0.01,0.7853981633974483,uniform,0.001,binary_deep,qmetrology.algorithms.find_phi_fixed_budget_binary_search_deep,48681,"{""conf"": 0.5, ""m_exploration"": 627}",True,"42,43",700,6000,69,130,30,"{""42"": 0.6231666666666666, ""43"": 0.6176666666666667}",0.6204166666666666,"{""m_exploration"": 627, ""conf"": 0.5}",0.0,1,24340,0,0,"{""conf"": ""min""}","{""conf"": [0.5, 0.52, 0.55, 0.58, 0.62, 0.66, 0.7, 0.75, 0.8, 0.85, 0.9, 0.95, 0.99]}",2024,50000,0.61986
"U(0.01,pi/4), eps=1e-03",broad_pi4_e3,0.01,0.7853981633974483,uniform,0.001,reverse_eng_risk,qmetrology.algorithms.find_phi_fixed_budget_reverse_engineering_risk,48681,"{""m_exploration"": 622}",True,"42,43",700,6000,23,10,15,"{""42"": 0.6211666666666666, ""43"": 0.6198333333333333}",0.6205,"{""m_exploration"": 838}",0.01666666666666483,1,24340,0,0,{},{},2024,50000,0.62084
"U(0.01,pi/4), eps=1e-03",broad_pi4_e3,0.01,0.7853981633974483,uniform,0.001,brute,qmetrology.algorithms.find_phi_fixed_budget_brute_force,66349,{},False,"42,43",,,0,0,0,{},,,,,,0,0,{},{},2024,50000,0.53424
"U(0.01,pi/4), eps=1e-03",broad_pi4_e3,0.01,0.7853981633974483,uniform,0.001,linear,qmetrology.algorithms.find_phi_fixed_budget_linear_search,66349,"{""inc"": 1, ""lookback_window"": 3, ""m_exploration"": 85, ""mean_window"": 2, ""safeguard"": 0}",True,"42,43",700,6000,1863,36000,540,"{""42"": 0.6108333333333333, ""43"": 0.6118333333333333}",0.6113333333333333,"{""m_exploration"": 93, ""lookback_window"": 3, ""safeguard"": 0, ""inc"": 1, ""mean_window"": 2}",0.5583333333333274,1,33174,0,0,"{""inc"": ""min"", ""safeguard"": ""min""}","{""inc"": [1, 2, 3, 5, 8], ""lookback_window"": [1, 2, 3, 4, 5, 6, 8, 12, 20], ""mean_window"": [0, 1, 2, 3, 4, 6, 8, 12], ""safeguard"": [0, 1, 2, 3, 4, 6, 8, 12, 16, 24]}",2024,50000,0.61034
"U(0.01,pi/4), eps=1e-03",broad_pi4_e3,0.01,0.7853981633974483,uniform,0.001,binary_deep,qmetrology.algorithms.find_phi_fixed_budget_binary_search_deep,66349,"{""conf"": 0.5, ""m_exploration"": 1034}",True,"42,43",700,6000,69,130,30,"{""42"": 0.6856666666666666, ""43"": 0.6893333333333334}",0.6875,"{""m_exploration"": 1034, ""conf"": 0.5}",0.0,1,33174,0,0,"{""conf"": ""min""}","{""conf"": [0.5, 0.52, 0.55, 0.58, 0.62, 0.66, 0.7, 0.75, 0.8, 0.85, 0.9, 0.95, 0.99]}",2024,50000,0.68448
"U(0.01,pi/4), eps=1e-03",broad_pi4_e3,0.01,0.7853981633974483,uniform,0.001,reverse_eng_risk,qmetrology.algorithms.find_phi_fixed_budget_reverse_engineering_risk,66349,"{""m_exploration"": 836}",True,"42,43",700,6000,23,10,15,"{""42"": 0.6901666666666667, ""43"": 0.6833333333333333}",0.68675,"{""m_exploration"": 757}",0.07500000000000284,1,33174,0,0,{},{},2024,50000,0.684
"U(0.01,pi/4), eps=1e-03",broad_pi4_e3,0.01,0.7853981633974483,uniform,0.001,brute,qmetrology.algorithms.find_phi_fixed_budget_brute_force,90429,{},False,"42,43",,,0,0,0,{},,,,,,0,0,{},{},2024,50000,0.60546
"U(0.01,pi/4), eps=1e-03",broad_pi4_e3,0.01,0.7853981633974483,uniform,0.001,linear,qmetrology.algorithms.find_phi_fixed_budget_linear_search,90429,"{""inc"": 1, ""lookback_window"": 3, ""m_exploration"": 64, ""mean_window"": 2, ""safeguard"": 0}",True,"42,43",700,6000,1863,36000,540,"{""42"": 0.6815, ""43"": 0.6883333333333334}",0.6849166666666666,"{""m_exploration"": 53, ""lookback_window"": 3, ""safeguard"": 0, ""inc"": 1, ""mean_window"": 2}",0.14166666666666217,1,45214,0,0,"{""inc"": ""min"", ""safeguard"": ""min""}","{""inc"": [1, 2, 3, 5, 8], ""lookback_window"": [1, 2, 3, 4, 5, 6, 8, 12, 20], ""mean_window"": [0, 1, 2, 3, 4, 6, 8, 12], ""safeguard"": [0, 1, 2, 3, 4, 6, 8, 12, 16, 24]}",2024,50000,0.67496
"U(0.01,pi/4), eps=1e-03",broad_pi4_e3,0.01,0.7853981633974483,uniform,0.001,binary_deep,qmetrology.algorithms.find_phi_fixed_budget_binary_search_deep,90429,"{""conf"": 0.5, ""m_exploration"": 1483}",True,"42,43",700,6000,69,130,30,"{""42"": 0.7488333333333334, ""43"": 0.7476666666666667}",0.7482500000000001,"{""m_exploration"": 1483, ""conf"": 0.5}",0.0,1,45214,0,0,"{""conf"": ""min""}","{""conf"": [0.5, 0.52, 0.55, 0.58, 0.62, 0.66, 0.7, 0.75, 0.8, 0.85, 0.9, 0.95, 0.99]}",2024,50000,0.74924
"U(0.01,pi/4), eps=1e-03",broad_pi4_e3,0.01,0.7853981633974483,uniform,0.001,reverse_eng_risk,qmetrology.algorithms.find_phi_fixed_budget_reverse_engineering_risk,90429,"{""m_exploration"": 607}",True,"42,43",700,6000,23,10,15,"{""42"": 0.7528333333333334, ""43"": 0.7466666666666667}",0.74975,"{""m_exploration"": 902}",0.016666666666675933,1,45214,0,0,{},{},2024,50000,0.75076
"U(0.01,pi/4), eps=1e-03",broad_pi4_e3,0.01,0.7853981633974483,uniform,0.001,brute,qmetrology.algorithms.find_phi_fixed_budget_brute_force,123248,{},False,"42,43",,,0,0,0,{},,,,,,0,0,{},{},2024,50000,0.6795
"U(0.01,pi/4), eps=1e-03",broad_pi4_e3,0.01,0.7853981633974483,uniform,0.001,linear,qmetrology.algorithms.find_phi_fixed_budget_linear_search,123248,"{""inc"": 1, ""lookback_window"": 2, ""m_exploration"": 273, ""mean_window"": 1, ""safeguard"": 0}",True,"42,43",700,6000,1863,36000,540,"{""42"": 0.7501666666666666, ""43"": 0.7541666666666667}",0.7521666666666667,"{""m_exploration"": 302, ""lookback_window"": 2, ""safeguard"": 0, ""inc"": 1, ""mean_window"": 1}",0.08333333333332416,1,61624,0,0,"{""inc"": ""min"", ""safeguard"": ""min""}","{""inc"": [1, 2, 3, 5, 8], ""lookback_window"": [1, 2, 3, 4, 5, 6, 8, 12, 20], ""mean_window"": [0, 1, 2, 3, 4, 6, 8, 12], ""safeguard"": [0, 1, 2, 3, 4, 6, 8, 12, 16, 24]}",2024,50000,0.74908
"U(0.01,pi/4), eps=1e-03",broad_pi4_e3,0.01,0.7853981633974483,uniform,0.001,binary_deep,qmetrology.algorithms.find_phi_fixed_budget_binary_search_deep,123248,"{""conf"": 0.5, ""m_exploration"": 1666}",True,"42,43",700,6000,69,130,30,"{""42"": 0.8105, ""43"": 0.8096666666666666}",0.8100833333333333,"{""m_exploration"": 1666, ""conf"": 0.52}",0.0,1,61624,0,0,"{""conf"": ""min""}","{""conf"": [0.5, 0.52, 0.55, 0.58, 0.62, 0.66, 0.7, 0.75, 0.8, 0.85, 0.9, 0.95, 0.99]}",2024,50000,0.81034
"U(0.01,pi/4), eps=1e-03",broad_pi4_e3,0.01,0.7853981633974483,uniform,0.001,reverse_eng_risk,qmetrology.algorithms.find_phi_fixed_budget_reverse_engineering_risk,123248,"{""m_exploration"": 1186}",True,"42,43",700,6000,23,10,15,"{""42"": 0.8103333333333333, ""43"": 0.813}",0.8116666666666666,"{""m_exploration"": 881}",0.07499999999999174,1,61624,0,0,{},{},2024,50000,0.81022
"U(0.01,pi/4), eps=1e-03",broad_pi4_e3,0.01,0.7853981633974483,uniform,0.001,brute,qmetrology.algorithms.find_phi_fixed_budget_brute_force,167979,{},False,"42,43",,,0,0,0,{},,,,,,0,0,{},{},2024,50000,0.7543
"U(0.01,pi/4), eps=1e-03",broad_pi4_e3,0.01,0.7853981633974483,uniform,0.001,linear,qmetrology.algorithms.find_phi_fixed_budget_linear_search,167979,"{""inc"": 1, ""lookback_window"": 2, ""m_exploration"": 293, ""mean_window"": 1, ""safeguard"": 0}",True,"42,43",700,6000,1863,36000,540,"{""42"": 0.8186666666666667, ""43"": 0.8165}",0.8175833333333333,"{""m_exploration"": 324, ""lookback_window"": 2, ""safeguard"": 0, ""inc"": 1, ""mean_window"": 1}",0.09166666666666767,1,83989,0,0,"{""inc"": ""min"", ""safeguard"": ""min""}","{""inc"": [1, 2, 3, 5, 8], ""lookback_window"": [1, 2, 3, 4, 5, 6, 8, 12, 20], ""mean_window"": [0, 1, 2, 3, 4, 6, 8, 12], ""safeguard"": [0, 1, 2, 3, 4, 6, 8, 12, 16, 24]}",2024,50000,0.81266
"U(0.01,pi/4), eps=1e-03",broad_pi4_e3,0.01,0.7853981633974483,uniform,0.001,binary_deep,qmetrology.algorithms.find_phi_fixed_budget_binary_search_deep,167979,"{""conf"": 0.5, ""m_exploration"": 2283}",True,"42,43",700,6000,69,130,30,"{""42"": 0.8636666666666667, ""43"": 0.8611666666666666}",0.8624166666666666,"{""m_exploration"": 2283, ""conf"": 0.5}",0.0,1,83989,0,0,"{""conf"": ""min""}","{""conf"": [0.5, 0.52, 0.55, 0.58, 0.62, 0.66, 0.7, 0.75, 0.8, 0.85, 0.9, 0.95, 0.99]}",2024,50000,0.86232
"U(0.01,pi/4), eps=1e-03",broad_pi4_e3,0.01,0.7853981633974483,uniform,0.001,reverse_eng_risk,qmetrology.algorithms.find_phi_fixed_budget_reverse_engineering_risk,167979,"{""m_exploration"": 1696}",True,"42,43",700,6000,23,10,15,"{""42"": 0.8638333333333333, ""43"": 0.8645}",0.8641666666666667,"{""m_exploration"": 1141}",0.1083333333333436,1,83989,0,0,{},{},2024,50000,0.86318
"U(0.01,pi/4), eps=1e-03",broad_pi4_e3,0.01,0.7853981633974483,uniform,0.001,brute,qmetrology.algorithms.find_phi_fixed_budget_brute_force,228942,{},False,"42,43",,,0,0,0,{},,,,,,0,0,{},{},2024,50000,0.82652
"U(0.01,pi/4), eps=1e-03",broad_pi4_e3,0.01,0.7853981633974483,uniform,0.001,linear,qmetrology.algorithms.find_phi_fixed_budget_linear_search,228942,"{""inc"": 1, ""lookback_window"": 2, ""m_exploration"": 566, ""mean_window"": 1, ""safeguard"": 0}",True,"42,43",700,6000,1863,36000,540,"{""42"": 0.8728333333333333, ""43"": 0.8735}",0.8731666666666666,"{""m_exploration"": 345, ""lookback_window"": 2, ""safeguard"": 0, ""inc"": 1, ""mean_window"": 1}",0.12499999999999734,1,114471,0,0,"{""inc"": ""min"", ""safeguard"": ""min""}","{""inc"": [1, 2, 3, 5, 8], ""lookback_window"": [1, 2, 3, 4, 5, 6, 8, 12, 20], ""mean_window"": [0, 1, 2, 3, 4, 6, 8, 12], ""safeguard"": [0, 1, 2, 3, 4, 6, 8, 12, 16, 24]}",2024,50000,0.87146
"U(0.01,pi/4), eps=1e-03",broad_pi4_e3,0.01,0.7853981633974483,uniform,0.001,binary_deep,qmetrology.algorithms.find_phi_fixed_budget_binary_search_deep,228942,"{""conf"": 0.5, ""m_exploration"": 3899}",True,"42,43",700,6000,69,130,30,"{""42"": 0.9093333333333333, ""43"": 0.9096666666666666}",0.9095,"{""m_exploration"": 3899, ""conf"": 0.52}",0.0,1,114471,0,0,"{""conf"": ""min""}","{""conf"": [0.5, 0.52, 0.55, 0.58, 0.62, 0.66, 0.7, 0.75, 0.8, 0.85, 0.9, 0.95, 0.99]}",2024,50000,0.9083
"U(0.01,pi/4), eps=1e-03",broad_pi4_e3,0.01,0.7853981633974483,uniform,0.001,reverse_eng_risk,qmetrology.algorithms.find_phi_fixed_budget_reverse_engineering_risk,228942,"{""m_exploration"": 368}",True,"42,43",700,6000,23,10,15,"{""42"": 0.9043333333333333, ""43"": 0.9121666666666667}",0.90825,"{""m_exploration"": 247}",0.14166666666666217,1,114471,0,0,{},{},2024,50000,0.90604
"U(0.01,pi/4), eps=1e-03",broad_pi4_e3,0.01,0.7853981633974483,uniform,0.001,brute,qmetrology.algorithms.find_phi_fixed_budget_brute_force,312031,{},False,"42,43",,,0,0,0,{},,,,,,0,0,{},{},2024,50000,0.88686
"U(0.01,pi/4), eps=1e-03",broad_pi4_e3,0.01,0.7853981633974483,uniform,0.001,linear,qmetrology.algorithms.find_phi_fixed_budget_linear_search,312031,"{""inc"": 1, ""lookback_window"": 2, ""m_exploration"": 752, ""mean_window"": 1, ""safeguard"": 0}",True,"42,43",700,6000,1863,36000,540,"{""42"": 0.9156666666666666, ""43"": 0.917}",0.9163333333333333,"{""m_exploration"": 1363, ""lookback_window"": 2, ""safeguard"": 0, ""inc"": 1, ""mean_window"": 1}",0.08333333333333526,1,156015,0,0,"{""inc"": ""min"", ""safeguard"": ""min""}","{""inc"": [1, 2, 3, 5, 8], ""lookback_window"": [1, 2, 3, 4, 5, 6, 8, 12, 20], ""mean_window"": [0, 1, 2, 3, 4, 6, 8, 12], ""safeguard"": [0, 1, 2, 3, 4, 6, 8, 12, 16, 24]}",2024,50000,0.91632
"U(0.01,pi/4), eps=1e-03",broad_pi4_e3,0.01,0.7853981633974483,uniform,0.001,binary_deep,qmetrology.algorithms.find_phi_fixed_budget_binary_search_deep,312031,"{""conf"": 0.5, ""m_exploration"": 3964}",True,"42,43",700,6000,69,130,30,"{""42"": 0.9473333333333334, ""43"": 0.9448333333333333}",0.9460833333333334,"{""m_exploration"": 3964, ""conf"": 0.5}",0.0,1,156015,0,0,"{""conf"": ""min""}","{""conf"": [0.5, 0.52, 0.55, 0.58, 0.62, 0.66, 0.7, 0.75, 0.8, 0.85, 0.9, 0.95, 0.99]}",2024,50000,0.94484
"U(0.01,pi/4), eps=1e-03",broad_pi4_e3,0.01,0.7853981633974483,uniform,0.001,reverse_eng_risk,qmetrology.algorithms.find_phi_fixed_budget_reverse_engineering_risk,312031,"{""m_exploration"": 3136}",True,"42,43",700,6000,23,10,15,"{""42"": 0.9473333333333334, ""43"": 0.9471666666666667}",0.94725,"{""m_exploration"": 2330}",0.024999999999997247,1,156015,0,0,{},{},2024,50000,0.94496
"U(0.01,pi/4), eps=1e-03",broad_pi4_e3,0.01,0.7853981633974483,uniform,0.001,brute,qmetrology.algorithms.find_phi_fixed_budget_brute_force,425275,{},False,"42,43",,,0,0,0,{},,,,,,0,0,{},{},2024,50000,0.93612
"U(0.01,pi/4), eps=1e-03",broad_pi4_e3,0.01,0.7853981633974483,uniform,0.001,linear,qmetrology.algorithms.find_phi_fixed_budget_linear_search,425275,"{""inc"": 1, ""lookback_window"": 2, ""m_exploration"": 1709, ""mean_window"": 1, ""safeguard"": 0}",True,"42,43",700,6000,1863,36000,540,"{""42"": 0.9513333333333334, ""43"": 0.9548333333333333}",0.9530833333333333,"{""m_exploration"": 1150, ""lookback_window"": 2, ""safeguard"": 0, ""inc"": 1, ""mean_window"": 1}",0.008333333333321313,1,212637,0,0,"{""inc"": ""min"", ""safeguard"": ""min""}","{""inc"": [1, 2, 3, 5, 8], ""lookback_window"": [1, 2, 3, 4, 5, 6, 8, 12, 20], ""mean_window"": [0, 1, 2, 3, 4, 6, 8, 12], ""safeguard"": [0, 1, 2, 3, 4, 6, 8, 12, 16, 24]}",2024,50000,0.95064
"U(0.01,pi/4), eps=1e-03",broad_pi4_e3,0.01,0.7853981633974483,uniform,0.001,binary_deep,qmetrology.algorithms.find_phi_fixed_budget_binary_search_deep,425275,"{""conf"": 0.5, ""m_exploration"": 5580}",True,"42,43",700,6000,69,130,30,"{""42"": 0.9695, ""43"": 0.9736666666666667}",0.9715833333333334,"{""m_exploration"": 5580, ""conf"": 0.5}",0.0,1,212637,0,0,"{""conf"": ""min""}","{""conf"": [0.5, 0.52, 0.55, 0.58, 0.62, 0.66, 0.7, 0.75, 0.8, 0.85, 0.9, 0.95, 0.99]}",2024,50000,0.96958
"U(0.01,pi/4), eps=1e-03",broad_pi4_e3,0.01,0.7853981633974483,uniform,0.001,reverse_eng_risk,qmetrology.algorithms.find_phi_fixed_budget_reverse_engineering_risk,425275,"{""m_exploration"": 258}",True,"42,43",700,6000,23,10,15,"{""42"": 0.9706666666666667, ""43"": 0.974}",0.9723333333333333,"{""m_exploration"": 285}",0.0,1,212637,0,0,{},{},2024,50000,0.96968
"U(0.01,pi/4), eps=1e-03",broad_pi4_e3,0.01,0.7853981633974483,uniform,0.001,brute,qmetrology.algorithms.find_phi_fixed_budget_brute_force,579619,{},False,"42,43",,,0,0,0,{},,,,,,0,0,{},{},2024,50000,0.96838
"U(0.01,pi/4), eps=1e-03",broad_pi4_e3,0.01,0.7853981633974483,uniform,0.001,linear,qmetrology.algorithms.find_phi_fixed_budget_linear_search,579619,"{""inc"": 1, ""lookback_window"": 2, ""m_exploration"": 1726, ""mean_window"": 1, ""safeguard"": 0}",True,"42,43",700,6000,1863,36000,360,"{""42"": 0.979, ""43"": 0.9781666666666666}",0.9785833333333334,"{""m_exploration"": 1564, ""lookback_window"": 2, ""safeguard"": 0, ""inc"": 1, ""mean_window"": 1}",0.09166666666666767,1,289809,0,0,"{""inc"": ""min"", ""safeguard"": ""min""}","{""inc"": [1, 2, 3, 5, 8], ""lookback_window"": [1, 2, 3, 4, 5, 6, 8, 12, 20], ""mean_window"": [0, 1, 2, 3, 4, 6, 8, 12], ""safeguard"": [0, 1, 2, 3, 4, 6, 8, 12, 16, 24]}",2024,50000,0.97534
"U(0.01,pi/4), eps=1e-03",broad_pi4_e3,0.01,0.7853981633974483,uniform,0.001,binary_deep,qmetrology.algorithms.find_phi_fixed_budget_binary_search_deep,579619,"{""conf"": 0.5, ""m_exploration"": 7745}",True,"42,43",700,6000,69,130,30,"{""42"": 0.9853333333333333, ""43"": 0.9866666666666667}",0.986,"{""m_exploration"": 7745, ""conf"": 0.5}",0.0,1,289809,0,0,"{""conf"": ""min""}","{""conf"": [0.5, 0.52, 0.55, 0.58, 0.62, 0.66, 0.7, 0.75, 0.8, 0.85, 0.9, 0.95, 0.99]}",2024,50000,0.98684
"U(0.01,pi/4), eps=1e-03",broad_pi4_e3,0.01,0.7853981633974483,uniform,0.001,reverse_eng_risk,qmetrology.algorithms.find_phi_fixed_budget_reverse_engineering_risk,579619,"{""m_exploration"": 410}",True,"42,43",700,6000,23,10,15,"{""42"": 0.9866666666666667, ""43"": 0.9885}",0.9875833333333334,"{""m_exploration"": 499}",0.024999999999997247,1,289809,0,0,{},{},2024,50000,0.98694
"U(0.01,pi/4), eps=1e-03",broad_pi4_e3,0.01,0.7853981633974483,uniform,0.001,brute,qmetrology.algorithms.find_phi_fixed_budget_brute_force,789977,{},False,"42,43",,,0,0,0,{},,,,,,0,0,{},{},2024,50000,0.98826
"U(0.01,pi/4), eps=1e-03",broad_pi4_e3,0.01,0.7853981633974483,uniform,0.001,linear,qmetrology.algorithms.find_phi_fixed_budget_linear_search,789977,"{""inc"": 2, ""lookback_window"": 1, ""m_exploration"": 957, ""mean_window"": 1, ""safeguard"": 0}",True,"42,43",700,6000,1863,36000,810,"{""42"": 0.9891666666666666, ""43"": 0.9886666666666667}",0.9889166666666667,"{""m_exploration"": 1288, ""lookback_window"": 1, ""safeguard"": 0, ""inc"": 3, ""mean_window"": 1}",0.03333333333332966,1,394988,0,0,"{""lookback_window"": ""min"", ""safeguard"": ""min""}","{""inc"": [1, 2, 3, 5, 8], ""lookback_window"": [1, 2, 3, 4, 5, 6, 8, 12, 20], ""mean_window"": [0, 1, 2, 3, 4, 6, 8, 12], ""safeguard"": [0, 1, 2, 3, 4, 6, 8, 12, 16, 24]}",2024,50000,0.98788
"U(0.01,pi/4), eps=1e-03",broad_pi4_e3,0.01,0.7853981633974483,uniform,0.001,binary_deep,qmetrology.algorithms.find_phi_fixed_budget_binary_search_deep,789977,"{""conf"": 0.5, ""m_exploration"": 10751}",True,"42,43",700,6000,69,130,30,"{""42"": 0.9945, ""43"": 0.9943333333333333}",0.9944166666666667,"{""m_exploration"": 10751, ""conf"": 0.52}",0.0,1,394988,0,0,"{""conf"": ""min""}","{""conf"": [0.5, 0.52, 0.55, 0.58, 0.62, 0.66, 0.7, 0.75, 0.8, 0.85, 0.9, 0.95, 0.99]}",2024,50000,0.99512
"U(0.01,pi/4), eps=1e-03",broad_pi4_e3,0.01,0.7853981633974483,uniform,0.001,reverse_eng_risk,qmetrology.algorithms.find_phi_fixed_budget_reverse_engineering_risk,789977,"{""m_exploration"": 385}",True,"42,43",700,6000,23,10,15,"{""42"": 0.9963333333333333, ""43"": 0.997}",0.9966666666666666,"{""m_exploration"": 425}",0.008333333333321313,1,394988,0,0,{},{},2024,50000,0.99488
"U(0.01,pi/4), eps=1e-03",broad_pi4_e3,0.01,0.7853981633974483,uniform,0.001,brute,qmetrology.algorithms.find_phi_fixed_budget_brute_force,1076679,{},False,"42,43",,,0,0,0,{},,,,,,0,0,{},{},2024,50000,0.99688
"U(0.01,pi/4), eps=1e-03",broad_pi4_e3,0.01,0.7853981633974483,uniform,0.001,linear,qmetrology.algorithms.find_phi_fixed_budget_linear_search,1076679,"{""inc"": 1, ""lookback_window"": 1, ""m_exploration"": 7380, ""mean_window"": 1, ""safeguard"": 0}",True,"42,43",700,6000,1863,36000,240,"{""42"": 0.9973333333333333, ""43"": 0.9961666666666666}",0.99675,"{""m_exploration"": 8148, ""lookback_window"": 1, ""safeguard"": 0, ""inc"": 1, ""mean_window"": 1}",0.0,1,538339,0,0,"{""inc"": ""min"", ""lookback_window"": ""min"", ""safeguard"": ""min""}","{""inc"": [1, 2, 3, 5, 8], ""lookback_window"": [1, 2, 3, 4, 5, 6, 8, 12, 20], ""mean_window"": [0, 1, 2, 3, 4, 6, 8, 12], ""safeguard"": [0, 1, 2, 3, 4, 6, 8, 12, 16, 24]}",2024,50000,0.99636
"U(0.01,pi/4), eps=1e-03",broad_pi4_e3,0.01,0.7853981633974483,uniform,0.001,binary_deep,qmetrology.algorithms.find_phi_fixed_budget_binary_search_deep,1076679,"{""conf"": 0.5, ""m_exploration"": 13368}",True,"42,43",700,6000,69,130,30,"{""42"": 0.9988333333333334, ""43"": 0.9983333333333333}",0.9985833333333334,"{""m_exploration"": 13368, ""conf"": 0.52}",0.0,1,538339,0,0,"{""conf"": ""min""}","{""conf"": [0.5, 0.52, 0.55, 0.58, 0.62, 0.66, 0.7, 0.75, 0.8, 0.85, 0.9, 0.95, 0.99]}",2024,50000,0.99852
"U(0.01,pi/4), eps=1e-03",broad_pi4_e3,0.01,0.7853981633974483,uniform,0.001,reverse_eng_risk,qmetrology.algorithms.find_phi_fixed_budget_reverse_engineering_risk,1076679,"{""m_exploration"": 246}",True,"42,43",700,6000,23,10,15,"{""42"": 0.9995, ""43"": 0.999}",0.99925,"{""m_exploration"": 246}",0.0,1,538339,0,0,{},{},2024,50000,0.99862
"U(0.01,pi/4), eps=1e-03",broad_pi4_e3,0.01,0.7853981633974483,uniform,0.001,brute,qmetrology.algorithms.find_phi_fixed_budget_brute_force,1467432,{},False,"42,43",,,0,0,0,{},,,,,,0,0,{},{},2024,50000,0.9994
"U(0.01,pi/4), eps=1e-03",broad_pi4_e3,0.01,0.7853981633974483,uniform,0.001,linear,qmetrology.algorithms.find_phi_fixed_budget_linear_search,1467432,"{""inc"": 1, ""lookback_window"": 1, ""m_exploration"": 733716, ""mean_window"": 0, ""safeguard"": 0}",True,"42,43",700,6000,1863,36000,240,"{""42"": 1.0, ""43"": 0.9998333333333334}",0.9999166666666667,"{""m_exploration"": 733716, ""lookback_window"": 2, ""safeguard"": 1, ""inc"": 2, ""mean_window"": 0}",0.0,1,733716,0,1,"{""inc"": ""min"", ""lookback_window"": ""min"", ""m_exploration"": ""max"", ""mean_window"": ""min"", ""safeguard"": ""min""}","{""inc"": [1, 2, 3, 5, 8], ""lookback_window"": [1, 2, 3, 4, 5, 6, 8, 12, 20], ""mean_window"": [0, 1, 2, 3, 4, 6, 8, 12], ""safeguard"": [0, 1, 2, 3, 4, 6, 8, 12, 16, 24]}",2024,50000,0.9994
"U(0.01,pi/4), eps=1e-03",broad_pi4_e3,0.01,0.7853981633974483,uniform,0.001,binary_deep,qmetrology.algorithms.find_phi_fixed_budget_binary_search_deep,1467432,"{""conf"": 0.5, ""m_exploration"": 130}",True,"42,43",700,6000,69,130,30,"{""42"": 0.9998333333333334, ""43"": 0.9998333333333334}",0.9998333333333334,"{""m_exploration"": 144, ""conf"": 0.5}",0.008333333333332416,1,733716,0,0,"{""conf"": ""min""}","{""conf"": [0.5, 0.52, 0.55, 0.58, 0.62, 0.66, 0.7, 0.75, 0.8, 0.85, 0.9, 0.95, 0.99]}",2024,50000,0.99896
"U(0.01,pi/4), eps=1e-03",broad_pi4_e3,0.01,0.7853981633974483,uniform,0.001,reverse_eng_risk,qmetrology.algorithms.find_phi_fixed_budget_reverse_engineering_risk,1467432,"{""m_exploration"": 34}",True,"42,43",700,6000,23,10,15,"{""42"": 0.9998333333333334, ""43"": 0.9998333333333334}",0.9998333333333334,"{""m_exploration"": 41}",0.0,1,733716,0,0,{},{},2024,50000,0.99958
"U(0.01,pi/4), eps=1e-03",broad_pi4_e3,0.01,0.7853981633974483,uniform,0.001,brute,qmetrology.algorithms.find_phi_fixed_budget_brute_force,2000000,{},False,"42,43",,,0,0,0,{},,,,,,0,0,{},{},2024,50000,0.99998
"U(0.01,pi/4), eps=1e-03",broad_pi4_e3,0.01,0.7853981633974483,uniform,0.001,linear,qmetrology.algorithms.find_phi_fixed_budget_linear_search,2000000,"{""inc"": 3, ""lookback_window"": 1, ""m_exploration"": 2244, ""mean_window"": 1, ""safeguard"": 0}",True,"42,43",700,6000,1863,36000,540,"{""42"": 0.9993333333333333, ""43"": 0.9986666666666667}",0.999,"{""m_exploration"": 1840, ""lookback_window"": 1, ""safeguard"": 0, ""inc"": 3, ""mean_window"": 1}",0.01666666666666483,1,1000000,0,0,"{""lookback_window"": ""min"", ""safeguard"": ""min""}","{""inc"": [1, 2, 3, 5, 8], ""lookback_window"": [1, 2, 3, 4, 5, 6, 8, 12, 20], ""mean_window"": [0, 1, 2, 3, 4, 6, 8, 12], ""safeguard"": [0, 1, 2, 3, 4, 6, 8, 12, 16, 24]}",2024,50000,0.99802
"U(0.01,pi/4), eps=1e-03",broad_pi4_e3,0.01,0.7853981633974483,uniform,0.001,binary_deep,qmetrology.algorithms.find_phi_fixed_budget_binary_search_deep,2000000,"{""conf"": 0.5, ""m_exploration"": 93}",True,"42,43",700,6000,69,130,30,"{""42"": 1.0, ""43"": 0.9998333333333334}",0.9999166666666667,"{""m_exploration"": 114, ""conf"": 0.52}",0.0,1,1000000,0,0,"{""conf"": ""min""}","{""conf"": [0.5, 0.52, 0.55, 0.58, 0.62, 0.66, 0.7, 0.75, 0.8, 0.85, 0.9, 0.95, 0.99]}",2024,50000,0.99992
"U(0.01,pi/4), eps=1e-03",broad_pi4_e3,0.01,0.7853981633974483,uniform,0.001,reverse_eng_risk,qmetrology.algorithms.find_phi_fixed_budget_reverse_engineering_risk,2000000,"{""m_exploration"": 11}",True,"42,43",700,6000,23,10,13,"{""42"": 1.0, ""43"": 1.0}",1.0,"{""m_exploration"": 14}",0.0,1,1000000,0,0,{},{},2024,50000,0.99994
"U(0.01,pi/2), eps=1e-03",broad_pi2_e3,0.01,1.5707963267948966,uniform,0.001,brute,qmetrology.algorithms.find_phi_fixed_budget_brute_force,3000,{},False,"42,43",,,0,0,0,{},,,,,,0,0,{},{},2024,50000,0.08792
"U(0.01,pi/2), eps=1e-03",broad_pi2_e3,0.01,1.5707963267948966,uniform,0.001,linear,qmetrology.algorithms.find_phi_fixed_budget_linear_search,3000,"{""inc"": 1, ""lookback_window"": 2, ""m_exploration"": 3, ""mean_window"": 3, ""safeguard"": 2}",True,"42,43",700,6000,1782,32400,216,"{""42"": 0.112, ""43"": 0.1205}",0.11624999999999999,"{""m_exploration"": 3, ""lookback_window"": 2, ""safeguard"": 1, ""inc"": 1, ""mean_window"": 2}",0.008333333333332416,1,3000,0,0,"{""inc"": ""min""}","{""inc"": [1, 2, 3, 5, 8], ""lookback_window"": [1, 2, 3, 4, 5, 6, 8, 12, 20], ""mean_window"": [0, 1, 2, 3, 4, 6, 8, 12], ""safeguard"": [0, 1, 2, 3, 4, 6, 8, 12, 16, 24]}",2024,50000,0.11258
"U(0.01,pi/2), eps=1e-03",broad_pi2_e3,0.01,1.5707963267948966,uniform,0.001,binary_deep,qmetrology.algorithms.find_phi_fixed_budget_binary_search_deep,3000,"{""conf"": 0.5, ""m_exploration"": 242}",True,"42,43",700,6000,66,130,30,"{""42"": 0.12966666666666668, ""43"": 0.12833333333333333}",0.129,"{""m_exploration"": 242, ""conf"": 0.5}",0.0,1,3000,0,0,"{""conf"": ""min""}","{""conf"": [0.5, 0.52, 0.55, 0.58, 0.62, 0.66, 0.7, 0.75, 0.8, 0.85, 0.9, 0.95, 0.99]}",2024,50000,0.12138
"U(0.01,pi/2), eps=1e-03",broad_pi2_e3,0.01,1.5707963267948966,uniform,0.001,reverse_eng_risk,qmetrology.algorithms.find_phi_fixed_budget_reverse_engineering_risk,3000,"{""m_exploration"": 242}",True,"42,43",700,6000,22,10,15,"{""42"": 0.12433333333333334, ""43"": 0.12483333333333334}",0.12458333333333334,"{""m_exploration"": 296}",0.016666666666667607,1,3000,0,0,{},{},2024,50000,0.1191
"U(0.01,pi/2), eps=1e-03",broad_pi2_e3,0.01,1.5707963267948966,uniform,0.001,brute,qmetrology.algorithms.find_phi_fixed_budget_brute_force,4088,{},False,"42,43",,,0,0,0,{},,,,,,0,0,{},{},2024,50000,0.10216
"U(0.01,pi/2), eps=1e-03",broad_pi2_e3,0.01,1.5707963267948966,uniform,0.001,linear,qmetrology.algorithms.find_phi_fixed_budget_linear_search,4088,"{""inc"": 1, ""lookback_window"": 2, ""m_exploration"": 2, ""mean_window"": 4, ""safeguard"": 3}",True,"42,43",700,6000,1782,32400,216,"{""42"": 0.13983333333333334, ""43"": 0.13433333333333333}",0.13708333333333333,"{""m_exploration"": 3, ""lookback_window"": 3, ""safeguard"": 2, ""inc"": 1, ""mean_window"": 3}",0.15000000000000013,1,4088,0,0,"{""inc"": ""min""}","{""inc"": [1, 2, 3, 5, 8], ""lookback_window"": [1, 2, 3, 4, 5, 6, 8, 12, 20], ""mean_window"": [0, 1, 2, 3, 4, 6, 8, 12], ""safeguard"": [0, 1, 2, 3, 4, 6, 8, 12, 16, 24]}",2024,50000,0.1337
"U(0.01,pi/2), eps=1e-03",broad_pi2_e3,0.01,1.5707963267948966,uniform,0.001,binary_deep,qmetrology.algorithms.find_phi_fixed_budget_binary_search_deep,4088,"{""conf"": 0.5, ""m_exploration"": 351}",True,"42,43",700,6000,66,130,30,"{""42"": 0.151, ""43"": 0.15166666666666667}",0.15133333333333332,"{""m_exploration"": 351, ""conf"": 0.52}",0.0,1,4088,0,0,"{""conf"": ""min""}","{""conf"": [0.5, 0.52, 0.55, 0.58, 0.62, 0.66, 0.7, 0.75, 0.8, 0.85, 0.9, 0.95, 0.99]}",2024,50000,0.1453
"U(0.01,pi/2), eps=1e-03",broad_pi2_e3,0.01,1.5707963267948966,uniform,0.001,reverse_eng_risk,qmetrology.algorithms.find_phi_fixed_budget_reverse_engineering_risk,4088,"{""m_exploration"": 351}",True,"42,43",700,6000,22,10,15,"{""42"": 0.14566666666666667, ""43"": 0.15033333333333335}",0.14800000000000002,"{""m_exploration"": 387}",0.16666666666667052,1,4088,0,0,{},{},2024,50000,0.14254
"U(0.01,pi/2), eps=1e-03",broad_pi2_e3,0.01,1.5707963267948966,uniform,0.001,brute,qmetrology.algorithms.find_phi_fixed_budget_brute_force,5572,{},False,"42,43",,,0,0,0,{},,,,,,0,0,{},{},2024,50000,0.11962
"U(0.01,pi/2), eps=1e-03",broad_pi2_e3,0.01,1.5707963267948966,uniform,0.001,linear,qmetrology.algorithms.find_phi_fixed_budget_linear_search,5572,"{""inc"": 1, ""lookback_window"": 2, ""m_exploration"": 2, ""mean_window"": 4, ""safeguard"": 3}",True,"42,43",700,6000,1863,36000,216,"{""42"": 0.159, ""43"": 0.15966666666666668}",0.15933333333333333,"{""m_exploration"": 2, ""lookback_window"": 2, ""safeguard"": 2, ""inc"": 1, ""mean_window"": 3}",0.10000000000000009,1,5572,0,0,"{""inc"": ""min""}","{""inc"": [1, 2, 3, 5, 8], ""lookback_window"": [1, 2, 3, 4, 5, 6, 8, 12, 20], ""mean_window"": [0, 1, 2, 3, 4, 6, 8, 12], ""safeguard"": [0, 1, 2, 3, 4, 6, 8, 12, 16, 24]}",2024,50000,0.15704
"U(0.01,pi/2), eps=1e-03",broad_pi2_e3,0.01,1.5707963267948966,uniform,0.001,binary_deep,qmetrology.algorithms.find_phi_fixed_budget_binary_search_deep,5572,"{""conf"": 0.5, ""m_exploration"": 464}",True,"42,43",700,6000,69,130,30,"{""42"": 0.17783333333333334, ""43"": 0.173}",0.17541666666666667,"{""m_exploration"": 464, ""conf"": 0.52}",0.0,1,5572,0,0,"{""conf"": ""min""}","{""conf"": [0.5, 0.52, 0.55, 0.58, 0.62, 0.66, 0.7, 0.75, 0.8, 0.85, 0.9, 0.95, 0.99]}",2024,50000,0.17124
"U(0.01,pi/2), eps=1e-03",broad_pi2_e3,0.01,1.5707963267948966,uniform,0.001,reverse_eng_risk,qmetrology.algorithms.find_phi_fixed_budget_reverse_engineering_risk,5572,"{""m_exploration"": 420}",True,"42,43",700,6000,23,10,15,"{""42"": 0.17033333333333334, ""43"": 0.17366666666666666}",0.172,"{""m_exploration"": 380}",0.04166666666666763,1,5572,0,0,{},{},2024,50000,0.16834
"U(0.01,pi/2), eps=1e-03",broad_pi2_e3,0.01,1.5707963267948966,uniform,0.001,brute,qmetrology.algorithms.find_phi_fixed_budget_brute_force,7595,{},False,"42,43",,,0,0,0,{},,,,,,0,0,{},{},2024,50000,0.14094
"U(0.01,pi/2), eps=1e-03",broad_pi2_e3,0.01,1.5707963267948966,uniform,0.001,linear,qmetrology.algorithms.find_phi_fixed_budget_linear_search,7595,"{""inc"": 1, ""lookback_window"": 3, ""m_exploration"": 7, ""mean_window"": 3, ""safeguard"": 1}",True,"42,43",700,6000,1863,36000,594,"{""42"": 0.18133333333333335, ""43"": 0.19116666666666668}",0.18625000000000003,"{""m_exploration"": 6, ""lookback_window"": 3, ""safeguard"": 1, ""inc"": 1, ""mean_window"": 3}",0.28333333333333544,1,7595,0,0,"{""inc"": ""min""}","{""inc"": [1, 2, 3, 5, 8], ""lookback_window"": [1, 2, 3, 4, 5, 6, 8, 12, 20], ""mean_window"": [0, 1, 2, 3, 4, 6, 8, 12], ""safeguard"": [0, 1, 2, 3, 4, 6, 8, 12, 16, 24]}",2024,50000,0.17856
"U(0.01,pi/2), eps=1e-03",broad_pi2_e3,0.01,1.5707963267948966,uniform,0.001,binary_deep,qmetrology.algorithms.find_phi_fixed_budget_binary_search_deep,7595,"{""conf"": 0.5, ""m_exploration"": 558}",True,"42,43",700,6000,69,130,30,"{""42"": 0.20216666666666666, ""43"": 0.2025}",0.20233333333333334,"{""m_exploration"": 558, ""conf"": 0.5}",0.0,1,7595,0,0,"{""conf"": ""min""}","{""conf"": [0.5, 0.52, 0.55, 0.58, 0.62, 0.66, 0.7, 0.75, 0.8, 0.85, 0.9, 0.95, 0.99]}",2024,50000,0.20216
"U(0.01,pi/2), eps=1e-03",broad_pi2_e3,0.01,1.5707963267948966,uniform,0.001,reverse_eng_risk,qmetrology.algorithms.find_phi_fixed_budget_reverse_engineering_risk,7595,"{""m_exploration"": 915}",True,"42,43",700,6000,23,10,15,"{""42"": 0.204, ""43"": 0.197}",0.2005,"{""m_exploration"": 680}",0.06666666666666765,1,7595,0,0,{},{},2024,50000,0.1962
"U(0.01,pi/2), eps=1e-03",broad_pi2_e3,0.01,1.5707963267948966,uniform,0.001,brute,qmetrology.algorithms.find_phi_fixed_budget_brute_force,10351,{},False,"42,43",,,0,0,0,{},,,,,,0,0,{},{},2024,50000,0.16444
"U(0.01,pi/2), eps=1e-03",broad_pi2_e3,0.01,1.5707963267948966,uniform,0.001,linear,qmetrology.algorithms.find_phi_fixed_budget_linear_search,10351,"{""inc"": 1, ""lookback_window"": 3, ""m_exploration"": 7, ""mean_window"": 3, ""safeguard"": 1}",True,"42,43",700,6000,1863,36000,594,"{""42"": 0.21383333333333332, ""43"": 0.21933333333333332}",0.21658333333333332,"{""m_exploration"": 5, ""lookback_window"": 3, ""safeguard"": 1, ""inc"": 1, ""mean_window"": 3}",0.28333333333333266,1,10351,0,0,"{""inc"": ""min""}","{""inc"": [1, 2, 3, 5, 8], ""lookback_window"": [1, 2, 3, 4, 5, 6, 8, 12, 20], ""mean_window"": [0, 1, 2, 3, 4, 6, 8, 12], ""safeguard"": [0, 1, 2, 3, 4, 6, 8, 12, 16, 24]}",2024,50000,0.20972
"U(0.01,pi/2), eps=1e-03",broad_pi2_e3,0.01,1.5707963267948966,uniform,0.001,binary_deep,qmetrology.algorithms.find_phi_fixed_budget_binary_search_deep,10351,"{""conf"": 0.5, ""m_exploration"": 891}",True,"42,43",700,6000,69,130,30,"{""42"": 0.23933333333333334, ""43"": 0.23483333333333334}",0.23708333333333334,"{""m_exploration"": 891, ""conf"": 0.52}",0.0,1,10351,0,0,"{""conf"": ""min""}","{""conf"": [0.5, 0.52, 0.55, 0.58, 0.62, 0.66, 0.7, 0.75, 0.8, 0.85, 0.9, 0.95, 0.99]}",2024,50000,0.23406
"U(0.01,pi/2), eps=1e-03",broad_pi2_e3,0.01,1.5707963267948966,uniform,0.001,reverse_eng_risk,qmetrology.algorithms.find_phi_fixed_budget_reverse_engineering_risk,10351,"{""m_exploration"": 816}",True,"42,43",700,6000,23,10,15,"{""42"": 0.23683333333333334, ""43"": 0.234}",0.23541666666666666,"{""m_exploration"": 901}",0.025000000000000022,1,10351,0,0,{},{},2024,50000,0.23208
"U(0.01,pi/2), eps=1e-03",broad_pi2_e3,0.01,1.5707963267948966,uniform,0.001,brute,qmetrology.algorithms.find_phi_fixed_budget_brute_force,14108,{},False,"42,43",,,0,0,0,{},,,,,,0,0,{},{},2024,50000,0.19176
"U(0.01,pi/2), eps=1e-03",broad_pi2_e3,0.01,1.5707963267948966,uniform,0.001,linear,qmetrology.algorithms.find_phi_fixed_budget_linear_search,14108,"{""inc"": 1, ""lookback_window"": 2, ""m_exploration"": 2, ""mean_window"": 4, ""safeguard"": 3}",True,"42,43",700,6000,1863,32400,216,"{""42"": 0.24683333333333332, ""43"": 0.24916666666666668}",0.248,"{""m_exploration"": 2, ""lookback_window"": 3, ""safeguard"": 4, ""inc"": 1, ""mean_window"": 6}",0.09166666666666767,1,14108,0,0,"{""inc"": ""min""}","{""inc"": [1, 2, 3, 5, 8], ""lookback_window"": [1, 2, 3, 4, 5, 6, 8, 12, 20], ""mean_window"": [0, 1, 2, 3, 4, 6, 8, 12], ""safeguard"": [0, 1, 2, 3, 4, 6, 8, 12, 16, 24]}",2024,50000,0.24488
"U(0.01,pi/2), eps=1e-03",broad_pi2_e3,0.01,1.5707963267948966,uniform,0.001,binary_deep,qmetrology.algorithms.find_phi_fixed_budget_binary_search_deep,14108,"{""conf"": 0.5, ""m_exploration"": 800}",True,"42,43",700,6000,69,130,30,"{""42"": 0.281, ""43"": 0.2781666666666667}",0.27958333333333335,"{""m_exploration"": 800, ""conf"": 0.52}",0.0,1,14108,0,0,"{""conf"": ""min""}","{""conf"": [0.5, 0.52, 0.55, 0.58, 0.62, 0.66, 0.7, 0.75, 0.8, 0.85, 0.9, 0.95, 0.99]}",2024,50000,0.27336
"U(0.01,pi/2), eps=1e-03",broad_pi2_e3,0.01,1.5707963267948966,uniform,0.001,reverse_eng_risk,qmetrology.algorithms.find_phi_fixed_budget_reverse_engineering_risk,14108,"{""m_exploration"": 800}",True,"42,43",700,6000,23,10,15,"{""42"": 0.2795, ""43"": 0.2775}",0.2785,"{""m_exploration"": 976}",0.050000000000000044,1,14108,0,0,{},{},2024,50000,0.27234
"U(0.01,pi/2), eps=1e-03",broad_pi2_e3,0.01,1.5707963267948966,uniform,0.001,brute,qmetrology.algorithms.find_phi_fixed_budget_brute_force,19228,{},False,"42,43",,,0,0,0,{},,,,,,0,0,{},{},2024,50000,0.22154
"U(0.01,pi/2), eps=1e-03",broad_pi2_e3,0.01,1.5707963267948966,uniform,0.001,linear,qmetrology.algorithms.find_phi_fixed_budget_linear_search,19228,"{""inc"": 1, ""lookback_window"": 2, ""m_exploration"": 2, ""mean_window"": 4, ""safeguard"": 3}",True,"42,43",700,6000,1863,32400,216,"{""42"": 0.284, ""43"": 0.287}",0.2855,"{""m_exploration"": 3, ""lookback_window"": 3, ""safeguard"": 2, ""inc"": 1, ""mean_window"": 3}",0.1833333333333298,1,19228,0,0,"{""inc"": ""min""}","{""inc"": [1, 2, 3, 5, 8], ""lookback_window"": [1, 2, 3, 4, 5, 6, 8, 12, 20], ""mean_window"": [0, 1, 2, 3, 4, 6, 8, 12], ""safeguard"": [0, 1, 2, 3, 4, 6, 8, 12, 16, 24]}",2024,50000,0.28448
"U(0.01,pi/2), eps=1e-03",broad_pi2_e3,0.01,1.5707963267948966,uniform,0.001,binary_deep,qmetrology.algorithms.find_phi_fixed_budget_binary_search_deep,19228,"{""conf"": 0.5, ""m_exploration"": 437}",True,"42,43",700,6000,69,130,30,"{""42"": 0.3253333333333333, ""43"": 0.31816666666666665}",0.32175,"{""m_exploration"": 437, ""conf"": 0.52}",0.0,1,19228,0,0,"{""conf"": ""min""}","{""conf"": [0.5, 0.52, 0.55, 0.58, 0.62, 0.66, 0.7, 0.75, 0.8, 0.85, 0.9, 0.95, 0.99]}",2024,50000,0.31884
"U(0.01,pi/2), eps=1e-03",broad_pi2_e3,0.01,1.5707963267948966,uniform,0.001,reverse_eng_risk,qmetrology.algorithms.find_phi_fixed_budget_reverse_engineering_risk,19228,"{""m_exploration"": 874}",True,"42,43",700,6000,23,10,15,"{""42"": 0.32416666666666666, ""43"": 0.31716666666666665}",0.32066666666666666,"{""m_exploration"": 437}",0.12499999999999734,1,19228,0,0,{},{},2024,50000,0.31896
"U(0.01,pi/2), eps=1e-03",broad_pi2_e3,0.01,1.5707963267948966,uniform,0.001,brute,qmetrology.algorithms.find_phi_fixed_budget_brute_force,26207,{},False,"42,43",,,0,0,0,{},,,,,,0,0,{},{},2024,50000,0.25426
"U(0.01,pi/2), eps=1e-03",broad_pi2_e3,0.01,1.5707963267948966,uniform,0.001,linear,qmetrology.algorithms.find_phi_fixed_budget_linear_search,26207,"{""inc"": 1, ""lookback_window"": 3, ""m_exploration"": 3, ""mean_window"": 3, ""safeguard"": 2}",True,"42,43",700,6000,1863,32400,216,"{""42"": 0.32716666666666666, ""43"": 0.32416666666666666}",0.32566666666666666,"{""m_exploration"": 3, ""lookback_window"": 3, ""safeguard"": 4, ""inc"": 1, ""mean_window"": 6}",0.050000000000000044,1,26207,0,0,"{""inc"": ""min""}","{""inc"": [1, 2, 3, 5, 8], ""lookback_window"": [1, 2, 3, 4, 5, 6, 8, 12, 20], ""mean_window"": [0, 1, 2, 3, 4, 6, 8, 12], ""safeguard"": [0, 1, 2, 3, 4, 6, 8, 12, 16, 24]}",2024,50000,0.3239
"U(0.01,pi/2), eps=1e-03",broad_pi2_e3,0.01,1.5707963267948966,uniform,0.001,binary_deep,qmetrology.algorithms.find_phi_fixed_budget_binary_search_deep,26207,"{""conf"": 0.5, ""m_exploration"": 838}",True,"42,43",700,6000,69,130,30,"{""42"": 0.37366666666666665, ""43"": 0.3621666666666667}",0.36791666666666667,"{""m_exploration"": 838, ""conf"": 0.5}",0.0,1,26207,0,0,"{""conf"": ""min""}","{""conf"": [0.5, 0.52, 0.55, 0.58, 0.62, 0.66, 0.7, 0.75, 0.8, 0.85, 0.9, 0.95, 0.99]}",2024,50000,0.36368
"U(0.01,pi/2), eps=1e-03",broad_pi2_e3,0.01,1.5707963267948966,uniform,0.001,reverse_eng_risk,qmetrology.algorithms.find_phi_fixed_budget_reverse_engineering_risk,26207,"{""m_exploration"": 838}",True,"42,43",700,6000,23,10,15,"{""42"": 0.373, ""43"": 0.36183333333333334}",0.36741666666666667,"{""m_exploration"": 758}",0.16666666666666496,1,26207,0,0,{},{},2024,50000,0.36374
"U(0.01,pi/2), eps=1e-03",broad_pi2_e3,0.01,1.5707963267948966,uniform,0.001,brute,qmetrology.algorithms.find_phi_fixed_budget_brute_force,35718,{},False,"42,43",,,0,0,0,{},,,,,,0,0,{},{},2024,50000,0.2953
"U(0.01,pi/2), eps=1e-03",broad_pi2_e3,0.01,1.5707963267948966,uniform,0.001,linear,qmetrology.algorithms.find_phi_fixed_budget_linear_search,35718,"{""inc"": 1, ""lookback_window"": 5, ""m_exploration"": 27, ""mean_window"": 0, ""safeguard"": 1}",True,"42,43",700,6000,1863,36000,540,"{""42"": 0.3546666666666667, ""43"": 0.35983333333333334}",0.35725,"{""m_exploration"": 30, ""lookback_window"": 5, ""safeguard"": 1, ""inc"": 1, ""mean_window"": 0}",0.008333333333337967,1,35718,0,0,"{""inc"": ""min"", ""mean_window"": ""min""}","{""inc"": [1, 2, 3, 5, 8], ""lookback_window"": [1, 2, 3, 4, 5, 6, 8, 12, 20], ""mean_window"": [0, 1, 2, 3, 4, 6, 8, 12], ""safeguard"": [0, 1, 2, 3, 4, 6, 8, 12, 16, 24]}",2024,50000,0.3553
"U(0.01,pi/2), eps=1e-03",broad_pi2_e3,0.01,1.5707963267948966,uniform,0.001,binary_deep,qmetrology.algorithms.find_phi_fixed_budget_binary_search_deep,35718,"{""conf"": 0.5, ""m_exploration"": 961}",True,"42,43",700,6000,69,130,30,"{""42"": 0.421, ""43"": 0.41583333333333333}",0.41841666666666666,"{""m_exploration"": 961, ""conf"": 0.52}",0.0,1,35718,0,0,"{""conf"": ""min""}","{""conf"": [0.5, 0.52, 0.55, 0.58, 0.62, 0.66, 0.7, 0.75, 0.8, 0.85, 0.9, 0.95, 0.99]}",2024,50000,0.41892
"U(0.01,pi/2), eps=1e-03",broad_pi2_e3,0.01,1.5707963267948966,uniform,0.001,reverse_eng_risk,qmetrology.algorithms.find_phi_fixed_budget_reverse_engineering_risk,35718,"{""m_exploration"": 914}",True,"42,43",700,6000,23,10,15,"{""42"": 0.42133333333333334, ""43"": 0.41333333333333333}",0.41733333333333333,"{""m_exploration"": 750}",0.01666666666666483,1,35718,0,0,{},{},2024,50000,0.41846
"U(0.01,pi/2), eps=1e-03",broad_pi2_e3,0.01,1.5707963267948966,uniform,0.001,brute,qmetrology.algorithms.find_phi_fixed_budget_brute_force,48681,{},False,"42,43",,,0,0,0,{},,,,,,0,0,{},{},2024,50000,0.34168
"U(0.01,pi/2), eps=1e-03",broad_pi2_e3,0.01,1.5707963267948966,uniform,0.001,linear,qmetrology.algorithms.find_phi_fixed_budget_linear_search,48681,"{""inc"": 1, ""lookback_window"": 3, ""m_exploration"": 40, ""mean_window"": 4, ""safeguard"": 1}",True,"42,43",700,6000,1863,36000,1215,"{""42"": 0.41433333333333333, ""43"": 0.41783333333333333}",0.41608333333333336,"{""m_exploration"": 53, ""lookback_window"": 3, ""safeguard"": 1, ""inc"": 1, ""mean_window"": 4}",0.04166666666666763,1,48681,0,0,"{""inc"": ""min""}","{""inc"": [1, 2, 3, 5, 8], ""lookback_window"": [1, 2, 3, 4, 5, 6, 8, 12, 20], ""mean_window"": [0, 1, 2, 3, 4, 6, 8, 12], ""safeguard"": [0, 1, 2, 3, 4, 6, 8, 12, 16, 24]}",2024,50000,0.4168
"U(0.01,pi/2), eps=1e-03",broad_pi2_e3,0.01,1.5707963267948966,uniform,0.001,binary_deep,qmetrology.algorithms.find_phi_fixed_budget_binary_search_deep,48681,"{""conf"": 0.5, ""m_exploration"": 1002}",True,"42,43",700,6000,69,130,30,"{""42"": 0.475, ""43"": 0.4728333333333333}",0.47391666666666665,"{""m_exploration"": 1002, ""conf"": 0.52}",0.0,1,48681,0,0,"{""conf"": ""min""}","{""conf"": [0.5, 0.52, 0.55, 0.58, 0.62, 0.66, 0.7, 0.75, 0.8, 0.85, 0.9, 0.95, 0.99]}",2024,50000,0.47318
"U(0.01,pi/2), eps=1e-03",broad_pi2_e3,0.01,1.5707963267948966,uniform,0.001,reverse_eng_risk,qmetrology.algorithms.find_phi_fixed_budget_reverse_engineering_risk,48681,"{""m_exploration"": 764}",True,"42,43",700,6000,23,10,15,"{""42"": 0.48, ""43"": 0.4676666666666667}",0.47383333333333333,"{""m_exploration"": 691}",0.28333333333333544,1,48681,0,0,{},{},2024,50000,0.47304
"U(0.01,pi/2), eps=1e-03",broad_pi2_e3,0.01,1.5707963267948966,uniform,0.001,brute,qmetrology.algorithms.find_phi_fixed_budget_brute_force,66349,{},False,"42,43",,,0,0,0,{},,,,,,0,0,{},{},2024,50000,0.39404
"U(0.01,pi/2), eps=1e-03",broad_pi2_e3,0.01,1.5707963267948966,uniform,0.001,linear,qmetrology.algorithms.find_phi_fixed_budget_linear_search,66349,"{""inc"": 1, ""lookback_window"": 2, ""m_exploration"": 96, ""mean_window"": 3, ""safeguard"": 0}",True,"42,43",700,6000,1863,36000,360,"{""42"": 0.4618333333333333, ""43"": 0.47}",0.46591666666666665,"{""m_exploration"": 87, ""lookback_window"": 2, ""safeguard"": 0, ""inc"": 1, ""mean_window"": 4}",0.06666666666665932,1,66349,0,0,"{""inc"": ""min"", ""safeguard"": ""min""}","{""inc"": [1, 2, 3, 5, 8], ""lookback_window"": [1, 2, 3, 4, 5, 6, 8, 12, 20], ""mean_window"": [0, 1, 2, 3, 4, 6, 8, 12], ""safeguard"": [0, 1, 2, 3, 4, 6, 8, 12, 16, 24]}",2024,50000,0.46268
"U(0.01,pi/2), eps=1e-03",broad_pi2_e3,0.01,1.5707963267948966,uniform,0.001,binary_deep,qmetrology.algorithms.find_phi_fixed_budget_binary_search_deep,66349,"{""conf"": 0.5, ""m_exploration"": 1318}",True,"42,43",700,6000,69,130,30,"{""42"": 0.5306666666666666, ""43"": 0.5318333333333334}",0.53125,"{""m_exploration"": 1318, ""conf"": 0.52}",0.0,1,66349,0,0,"{""conf"": ""min""}","{""conf"": [0.5, 0.52, 0.55, 0.58, 0.62, 0.66, 0.7, 0.75, 0.8, 0.85, 0.9, 0.95, 0.99]}",2024,50000,0.53252
"U(0.01,pi/2), eps=1e-03",broad_pi2_e3,0.01,1.5707963267948966,uniform,0.001,reverse_eng_risk,qmetrology.algorithms.find_phi_fixed_budget_reverse_engineering_risk,66349,"{""m_exploration"": 762}",True,"42,43",700,6000,23,10,15,"{""42"": 0.5355, ""43"": 0.5321666666666667}",0.5338333333333334,"{""m_exploration"": 690}",0.22500000000000853,1,66349,0,0,{},{},2024,50000,0.5308
"U(0.01,pi/2), eps=1e-03",broad_pi2_e3,0.01,1.5707963267948966,uniform,0.001,brute,qmetrology.algorithms.find_phi_fixed_budget_brute_force,90429,{},False,"42,43",,,0,0,0,{},,,,,,0,0,{},{},2024,50000,0.45346
"U(0.01,pi/2), eps=1e-03",broad_pi2_e3,0.01,1.5707963267948966,uniform,0.001,linear,qmetrology.algorithms.find_phi_fixed_budget_linear_search,90429,"{""inc"": 1, ""lookback_window"": 2, ""m_exploration"": 100, ""mean_window"": 3, ""safeguard"": 0}",True,"42,43",700,6000,1863,36000,540,"{""42"": 0.5303333333333333, ""43"": 0.5246666666666666}",0.5275,"{""m_exploration"": 100, ""lookback_window"": 2, ""safeguard"": 0, ""inc"": 1, ""mean_window"": 4}",0.0,1,90429,0,0,"{""inc"": ""min"", ""safeguard"": ""min""}","{""inc"": [1, 2, 3, 5, 8], ""lookback_window"": [1, 2, 3, 4, 5, 6, 8, 12, 20], ""mean_window"": [0, 1, 2, 3, 4, 6, 8, 12], ""safeguard"": [0, 1, 2, 3, 4, 6, 8, 12, 16, 24]}",2024,50000,0.52226
"U(0.01,pi/2), eps=1e-03",broad_pi2_e3,0.01,1.5707963267948966,uniform,0.001,binary_deep,qmetrology.algorithms.find_phi_fixed_budget_binary_search_deep,90429,"{""conf"": 0.5, ""m_exploration"": 1339}",True,"42,43",700,6000,69,130,30,"{""42"": 0.5966666666666667, ""43"": 0.5938333333333333}",0.5952500000000001,"{""m_exploration"": 1339, ""conf"": 0.52}",0.0,1,90429,0,0,"{""conf"": ""min""}","{""conf"": [0.5, 0.52, 0.55, 0.58, 0.62, 0.66, 0.7, 0.75, 0.8, 0.85, 0.9, 0.95, 0.99]}",2024,50000,0.59308
"U(0.01,pi/2), eps=1e-03",broad_pi2_e3,0.01,1.5707963267948966,uniform,0.001,reverse_eng_risk,qmetrology.algorithms.find_phi_fixed_budget_reverse_engineering_risk,90429,"{""m_exploration"": 813}",True,"42,43",700,6000,23,10,15,"{""42"": 0.5985, ""43"": 0.5925}",0.5955,"{""m_exploration"": 898}",0.016666666666675933,1,90429,0,0,{},{},2024,50000,0.5916
"U(0.01,pi/2), eps=1e-03",broad_pi2_e3,0.01,1.5707963267948966,uniform,0.001,brute,qmetrology.algorithms.find_phi_fixed_budget_brute_force,123248,{},False,"42,43",,,0,0,0,{},,,,,,0,0,{},{},2024,50000,0.51876
"U(0.01,pi/2), eps=1e-03",broad_pi2_e3,0.01,1.5707963267948966,uniform,0.001,linear,qmetrology.algorithms.find_phi_fixed_budget_linear_search,123248,"{""inc"": 1, ""lookback_window"": 1, ""m_exploration"": 2, ""mean_window"": 3, ""safeguard"": 2}",True,"42,43",700,6000,1863,36000,486,"{""42"": 0.5965, ""43"": 0.6093333333333333}",0.6029166666666667,"{""m_exploration"": 7, ""lookback_window"": 3, ""safeguard"": 1, ""inc"": 1, ""mean_window"": 3}",0.024999999999997247,1,123248,0,0,"{""inc"": ""min"", ""lookback_window"": ""min""}","{""inc"": [1, 2, 3, 5, 8], ""lookback_window"": [1, 2, 3, 4, 5, 6, 8, 12, 20], ""mean_window"": [0, 1, 2, 3, 4, 6, 8, 12], ""safeguard"": [0, 1, 2, 3, 4, 6, 8, 12, 16, 24]}",2024,50000,0.597
"U(0.01,pi/2), eps=1e-03",broad_pi2_e3,0.01,1.5707963267948966,uniform,0.001,binary_deep,qmetrology.algorithms.find_phi_fixed_budget_binary_search_deep,123248,"{""conf"": 0.5, ""m_exploration"": 1639}",True,"42,43",700,6000,69,130,30,"{""42"": 0.6548333333333334, ""43"": 0.6598333333333334}",0.6573333333333333,"{""m_exploration"": 1639, ""conf"": 0.52}",0.0,1,123248,0,0,"{""conf"": ""min""}","{""conf"": [0.5, 0.52, 0.55, 0.58, 0.62, 0.66, 0.7, 0.75, 0.8, 0.85, 0.9, 0.95, 0.99]}",2024,50000,0.65698
"U(0.01,pi/2), eps=1e-03",broad_pi2_e3,0.01,1.5707963267948966,uniform,0.001,reverse_eng_risk,qmetrology.algorithms.find_phi_fixed_budget_reverse_engineering_risk,123248,"{""m_exploration"": 774}",True,"42,43",700,6000,23,10,15,"{""42"": 0.6596666666666666, ""43"": 0.6621666666666667}",0.6609166666666666,"{""m_exploration"": 701}",0.29166666666665675,1,123248,0,0,{},{},2024,50000,0.65482
"U(0.01,pi/2), eps=1e-03",broad_pi2_e3,0.01,1.5707963267948966,uniform,0.001,brute,qmetrology.algorithms.find_phi_fixed_budget_brute_force,167979,{},False,"42,43",,,0,0,0,{},,,,,,0,0,{},{},2024,50000,0.58806
"U(0.01,pi/2), eps=1e-03",broad_pi2_e3,0.01,1.5707963267948966,uniform,0.001,linear,qmetrology.algorithms.find_phi_fixed_budget_linear_search,167979,"{""inc"": 1, ""lookback_window"": 3, ""m_exploration"": 417, ""mean_window"": 4, ""safeguard"": 0}",True,"42,43",700,6000,1863,36000,540,"{""42"": 0.6581666666666667, ""43"": 0.66}",0.6590833333333334,"{""m_exploration"": 310, ""lookback_window"": 3, ""safeguard"": 0, ""inc"": 1, ""mean_window"": 4}",0.17500000000000293,1,167979,0,0,"{""inc"": ""min"", ""safeguard"": ""min""}","{""inc"": [1, 2, 3, 5, 8], ""lookback_window"": [1, 2, 3, 4, 5, 6, 8, 12, 20], ""mean_window"": [0, 1, 2, 3, 4, 6, 8, 12], ""safeguard"": [0, 1, 2, 3, 4, 6, 8, 12, 16, 24]}",2024,50000,0.65594
"U(0.01,pi/2), eps=1e-03",broad_pi2_e3,0.01,1.5707963267948966,uniform,0.001,binary_deep,qmetrology.algorithms.find_phi_fixed_budget_binary_search_deep,167979,"{""conf"": 0.5, ""m_exploration"": 2488}",True,"42,43",700,6000,69,130,30,"{""42"": 0.7175, ""43"": 0.7246666666666667}",0.7210833333333333,"{""m_exploration"": 2488, ""conf"": 0.52}",0.0,1,167979,0,0,"{""conf"": ""min""}","{""conf"": [0.5, 0.52, 0.55, 0.58, 0.62, 0.66, 0.7, 0.75, 0.8, 0.85, 0.9, 0.95, 0.99]}",2024,50000,0.72118
"U(0.01,pi/2), eps=1e-03",broad_pi2_e3,0.01,1.5707963267948966,uniform,0.001,reverse_eng_risk,qmetrology.algorithms.find_phi_fixed_budget_reverse_engineering_risk,167979,"{""m_exploration"": 825}",True,"42,43",700,6000,23,10,15,"{""42"": 0.7225, ""43"": 0.7243333333333334}",0.7234166666666667,"{""m_exploration"": 1111}",0.13333333333332975,1,167979,0,0,{},{},2024,50000,0.71878
"U(0.01,pi/2), eps=1e-03",broad_pi2_e3,0.01,1.5707963267948966,uniform,0.001,brute,qmetrology.algorithms.find_phi_fixed_budget_brute_force,228942,{},False,"42,43",,,0,0,0,{},,,,,,0,0,{},{},2024,50000,0.66308
"U(0.01,pi/2), eps=1e-03",broad_pi2_e3,0.01,1.5707963267948966,uniform,0.001,linear,qmetrology.algorithms.find_phi_fixed_budget_linear_search,228942,"{""inc"": 1, ""lookback_window"": 3, ""m_exploration"": 653, ""mean_window"": 4, ""safeguard"": 0}",True,"42,43",700,6000,1863,36000,540,"{""42"": 0.7255, ""43"": 0.7315}",0.7285,"{""m_exploration"": 721, ""lookback_window"": 3, ""safeguard"": 0, ""inc"": 1, ""mean_window"": 4}",0.2666666666666706,1,228942,0,0,"{""inc"": ""min"", ""safeguard"": ""min""}","{""inc"": [1, 2, 3, 5, 8], ""lookback_window"": [1, 2, 3, 4, 5, 6, 8, 12, 20], ""mean_window"": [0, 1, 2, 3, 4, 6, 8, 12], ""safeguard"": [0, 1, 2, 3, 4, 6, 8, 12, 16, 24]}",2024,50000,0.72244
"U(0.01,pi/2), eps=1e-03",broad_pi2_e3,0.01,1.5707963267948966,uniform,0.001,binary_deep,qmetrology.algorithms.find_phi_fixed_budget_binary_search_deep,228942,"{""conf"": 0.5, ""m_exploration"": 5338}",True,"42,43",700,6000,69,130,30,"{""42"": 0.7811666666666667, ""43"": 0.7798333333333334}",0.7805,"{""m_exploration"": 5338, ""conf"": 0.52}",0.0,1,228942,0,0,"{""conf"": ""min""}","{""conf"": [0.5, 0.52, 0.55, 0.58, 0.62, 0.66, 0.7, 0.75, 0.8, 0.85, 0.9, 0.95, 0.99]}",2024,50000,0.78108
"U(0.01,pi/2), eps=1e-03",broad_pi2_e3,0.01,1.5707963267948966,uniform,0.001,reverse_eng_risk,qmetrology.algorithms.find_phi_fixed_budget_reverse_engineering_risk,228942,"{""m_exploration"": 1155}",True,"42,43",700,6000,23,10,15,"{""42"": 0.7826666666666666, ""43"": 0.7881666666666667}",0.7854166666666667,"{""m_exploration"": 1408}",0.23333333333332984,1,228942,0,0,{},{},2024,50000,0.77898
"U(0.01,pi/2), eps=1e-03",broad_pi2_e3,0.01,1.5707963267948966,uniform,0.001,brute,qmetrology.algorithms.find_phi_fixed_budget_brute_force,312031,{},False,"42,43",,,0,0,0,{},,,,,,0,0,{},{},2024,50000,0.7367
"U(0.01,pi/2), eps=1e-03",broad_pi2_e3,0.01,1.5707963267948966,uniform,0.001,linear,qmetrology.algorithms.find_phi_fixed_budget_linear_search,312031,"{""inc"": 1, ""lookback_window"": 3, ""m_exploration"": 734, ""mean_window"": 4, ""safeguard"": 0}",True,"42,43",700,6000,1863,36000,540,"{""42"": 0.7928333333333333, ""43"": 0.7876666666666666}",0.7902499999999999,"{""m_exploration"": 895, ""lookback_window"": 3, ""safeguard"": 0, ""inc"": 1, ""mean_window"": 4}",0.03333333333332966,1,312031,0,0,"{""inc"": ""min"", ""safeguard"": ""min""}","{""inc"": [1, 2, 3, 5, 8], ""lookback_window"": [1, 2, 3, 4, 5, 6, 8, 12, 20], ""mean_window"": [0, 1, 2, 3, 4, 6, 8, 12], ""safeguard"": [0, 1, 2, 3, 4, 6, 8, 12, 16, 24]}",2024,50000,0.78472
"U(0.01,pi/2), eps=1e-03",broad_pi2_e3,0.01,1.5707963267948966,uniform,0.001,binary_deep,qmetrology.algorithms.find_phi_fixed_budget_binary_search_deep,312031,"{""conf"": 0.5, ""m_exploration"": 4001}",True,"42,43",700,6000,69,130,30,"{""42"": 0.8368333333333333, ""43"": 0.8408333333333333}",0.8388333333333333,"{""m_exploration"": 4001, ""conf"": 0.5}",0.0,1,312031,0,0,"{""conf"": ""min""}","{""conf"": [0.5, 0.52, 0.55, 0.58, 0.62, 0.66, 0.7, 0.75, 0.8, 0.85, 0.9, 0.95, 0.99]}",2024,50000,0.83624
"U(0.01,pi/2), eps=1e-03",broad_pi2_e3,0.01,1.5707963267948966,uniform,0.001,reverse_eng_risk,qmetrology.algorithms.find_phi_fixed_budget_reverse_engineering_risk,312031,"{""m_exploration"": 4044}",True,"42,43",700,6000,23,10,15,"{""42"": 0.8378333333333333, ""43"": 0.842}",0.8399166666666666,"{""m_exploration"": 1116}",0.05833333333333801,1,312031,0,0,{},{},2024,50000,0.8361
"U(0.01,pi/2), eps=1e-03",broad_pi2_e3,0.01,1.5707963267948966,uniform,0.001,brute,qmetrology.algorithms.find_phi_fixed_budget_brute_force,425275,{},False,"42,43",,,0,0,0,{},,,,,,0,0,{},{},2024,50000,0.81054
"U(0.01,pi/2), eps=1e-03",broad_pi2_e3,0.01,1.5707963267948966,uniform,0.001,linear,qmetrology.algorithms.find_phi_fixed_budget_linear_search,425275,"{""inc"": 1, ""lookback_window"": 3, ""m_exploration"": 817, ""mean_window"": 4, ""safeguard"": 0}",True,"42,43",700,6000,1863,36000,540,"{""42"": 0.848, ""43"": 0.8485}",0.84825,"{""m_exploration"": 1340, ""lookback_window"": 2, ""safeguard"": 0, ""inc"": 1, ""mean_window"": 3}",0.01666666666666483,1,425275,0,0,"{""inc"": ""min"", ""safeguard"": ""min""}","{""inc"": [1, 2, 3, 5, 8], ""lookback_window"": [1, 2, 3, 4, 5, 6, 8, 12, 20], ""mean_window"": [0, 1, 2, 3, 4, 6, 8, 12], ""safeguard"": [0, 1, 2, 3, 4, 6, 8, 12, 16, 24]}",2024,50000,0.8471
"U(0.01,pi/2), eps=1e-03",broad_pi2_e3,0.01,1.5707963267948966,uniform,0.001,binary_deep,qmetrology.algorithms.find_phi_fixed_budget_binary_search_deep,425275,"{""conf"": 0.5, ""m_exploration"": 6064}",True,"42,43",700,6000,69,130,30,"{""42"": 0.8886666666666667, ""43"": 0.89}",0.8893333333333333,"{""m_exploration"": 6064, ""conf"": 0.52}",0.0,1,425275,0,0,"{""conf"": ""min""}","{""conf"": [0.5, 0.52, 0.55, 0.58, 0.62, 0.66, 0.7, 0.75, 0.8, 0.85, 0.9, 0.95, 0.99]}",2024,50000,0.88668
"U(0.01,pi/2), eps=1e-03",broad_pi2_e3,0.01,1.5707963267948966,uniform,0.001,reverse_eng_risk,qmetrology.algorithms.find_phi_fixed_budget_reverse_engineering_risk,425275,"{""m_exploration"": 3696}",True,"42,43",700,6000,23,10,15,"{""42"": 0.8876666666666667, ""43"": 0.8913333333333333}",0.8895,"{""m_exploration"": 6064}",0.01666666666666483,1,425275,0,0,{},{},2024,50000,0.8865
"U(0.01,pi/2), eps=1e-03",broad_pi2_e3,0.01,1.5707963267948966,uniform,0.001,brute,qmetrology.algorithms.find_phi_fixed_budget_brute_force,579619,{},False,"42,43",,,0,0,0,{},,,,,,0,0,{},{},2024,50000,0.87354
"U(0.01,pi/2), eps=1e-03",broad_pi2_e3,0.01,1.5707963267948966,uniform,0.001,linear,qmetrology.algorithms.find_phi_fixed_budget_linear_search,579619,"{""inc"": 1, ""lookback_window"": 5, ""m_exploration"": 234, ""mean_window"": 6, ""safeguard"": 1}",True,"42,43",700,6000,1863,36000,810,"{""42"": 0.9018333333333334, ""43"": 0.9026666666666666}",0.90225,"{""m_exploration"": 234, ""lookback_window"": 5, ""safeguard"": 1, ""inc"": 1, ""mean_window"": 8}",0.13333333333334085,1,579619,0,0,"{""inc"": ""min""}","{""inc"": [1, 2, 3, 5, 8], ""lookback_window"": [1, 2, 3, 4, 5, 6, 8, 12, 20], ""mean_window"": [0, 1, 2, 3, 4, 6, 8, 12], ""safeguard"": [0, 1, 2, 3, 4, 6, 8, 12, 16, 24]}",2024,50000,0.89638
"U(0.01,pi/2), eps=1e-03",broad_pi2_e3,0.01,1.5707963267948966,uniform,0.001,binary_deep,qmetrology.algorithms.find_phi_fixed_budget_binary_search_deep,579619,"{""conf"": 0.5, ""m_exploration"": 9665}",True,"42,43",700,6000,69,130,30,"{""42"": 0.9253333333333333, ""43"": 0.9273333333333333}",0.9263333333333333,"{""m_exploration"": 9665, ""conf"": 0.5}",0.0,1,579619,0,0,"{""conf"": ""min""}","{""conf"": [0.5, 0.52, 0.55, 0.58, 0.62, 0.66, 0.7, 0.75, 0.8, 0.85, 0.9, 0.95, 0.99]}",2024,50000,0.92702
"U(0.01,pi/2), eps=1e-03",broad_pi2_e3,0.01,1.5707963267948966,uniform,0.001,reverse_eng_risk,qmetrology.algorithms.find_phi_fixed_budget_reverse_engineering_risk,579619,"{""m_exploration"": 512}",True,"42,43",700,6000,23,10,15,"{""42"": 0.9235, ""43"": 0.9313333333333333}",0.9274166666666667,"{""m_exploration"": 232}",0.09166666666666767,1,579619,0,0,{},{},2024,50000,0.92562
"U(0.01,pi/2), eps=1e-03",broad_pi2_e3,0.01,1.5707963267948966,uniform,0.001,brute,qmetrology.algorithms.find_phi_fixed_budget_brute_force,789977,{},False,"42,43",,,0,0,0,{},,,,,,0,0,{},{},2024,50000,0.92562
"U(0.01,pi/2), eps=1e-03",broad_pi2_e3,0.01,1.5707963267948966,uniform,0.001,linear,qmetrology.algorithms.find_phi_fixed_budget_linear_search,789977,"{""inc"": 1, ""lookback_window"": 2, ""m_exploration"": 1481, ""mean_window"": 3, ""safeguard"": 0}",True,"42,43",700,6000,1863,36000,1215,"{""42"": 0.9445, ""43"": 0.9388333333333333}",0.9416666666666667,"{""m_exploration"": 1481, ""lookback_window"": 2, ""safeguard"": 0, ""inc"": 1, ""mean_window"": 4}",0.01666666666666483,1,789977,0,0,"{""inc"": ""min"", ""safeguard"": ""min""}","{""inc"": [1, 2, 3, 5, 8], ""lookback_window"": [1, 2, 3, 4, 5, 6, 8, 12, 20], ""mean_window"": [0, 1, 2, 3, 4, 6, 8, 12], ""safeguard"": [0, 1, 2, 3, 4, 6, 8, 12, 16, 24]}",2024,50000,0.93862
"U(0.01,pi/2), eps=1e-03",broad_pi2_e3,0.01,1.5707963267948966,uniform,0.001,binary_deep,qmetrology.algorithms.find_phi_fixed_budget_binary_search_deep,789977,"{""conf"": 0.5, ""m_exploration"": 10857}",True,"42,43",700,6000,69,130,30,"{""42"": 0.9585, ""43"": 0.956}",0.9572499999999999,"{""m_exploration"": 10857, ""conf"": 0.5}",0.0,1,789977,0,0,"{""conf"": ""min""}","{""conf"": [0.5, 0.52, 0.55, 0.58, 0.62, 0.66, 0.7, 0.75, 0.8, 0.85, 0.9, 0.95, 0.99]}",2024,50000,0.95862
"U(0.01,pi/2), eps=1e-03",broad_pi2_e3,0.01,1.5707963267948966,uniform,0.001,reverse_eng_risk,qmetrology.algorithms.find_phi_fixed_budget_reverse_engineering_risk,789977,"{""m_exploration"": 260}",True,"42,43",700,6000,23,10,15,"{""42"": 0.9561666666666667, ""43"": 0.9593333333333334}",0.9577500000000001,"{""m_exploration"": 213}",0.016666666666675933,1,789977,0,0,{},{},2024,50000,0.95662
"U(0.01,pi/2), eps=1e-03",broad_pi2_e3,0.01,1.5707963267948966,uniform,0.001,brute,qmetrology.algorithms.find_phi_fixed_budget_brute_force,1076679,{},False,"42,43",,,0,0,0,{},,,,,,0,0,{},{},2024,50000,0.96188
"U(0.01,pi/2), eps=1e-03",broad_pi2_e3,0.01,1.5707963267948966,uniform,0.001,linear,qmetrology.algorithms.find_phi_fixed_budget_linear_search,1076679,"{""inc"": 1, ""lookback_window"": 2, ""m_exploration"": 88, ""mean_window"": 3, ""safeguard"": 1}",True,"42,43",700,6000,1863,36000,810,"{""42"": 0.9745, ""43"": 0.9706666666666667}",0.9725833333333334,"{""m_exploration"": 216, ""lookback_window"": 1, ""safeguard"": 1, ""inc"": 1, ""mean_window"": 2}",0.04999999999999449,1,1076679,0,0,"{""inc"": ""min""}","{""inc"": [1, 2, 3, 5, 8], ""lookback_window"": [1, 2, 3, 4, 5, 6, 8, 12, 20], ""mean_window"": [0, 1, 2, 3, 4, 6, 8, 12], ""safeguard"": [0, 1, 2, 3, 4, 6, 8, 12, 16, 24]}",2024,50000,0.9698
"U(0.01,pi/2), eps=1e-03",broad_pi2_e3,0.01,1.5707963267948966,uniform,0.001,binary_deep,qmetrology.algorithms.find_phi_fixed_budget_binary_search_deep,1076679,"{""conf"": 0.5, ""m_exploration"": 294}",True,"42,43",700,6000,69,130,30,"{""42"": 0.973, ""43"": 0.9745}",0.97375,"{""m_exploration"": 294, ""conf"": 0.52}",0.050000000000005596,1,1076679,0,0,"{""conf"": ""min""}","{""conf"": [0.5, 0.52, 0.55, 0.58, 0.62, 0.66, 0.7, 0.75, 0.8, 0.85, 0.9, 0.95, 0.99]}",2024,50000,0.97074
"U(0.01,pi/2), eps=1e-03",broad_pi2_e3,0.01,1.5707963267948966,uniform,0.001,reverse_eng_risk,qmetrology.algorithms.find_phi_fixed_budget_reverse_engineering_risk,1076679,"{""m_exploration"": 241}",True,"42,43",700,6000,23,10,15,"{""42"": 0.9786666666666667, ""43"": 0.9821666666666666}",0.9804166666666667,"{""m_exploration"": 219}",0.06666666666667043,1,1076679,0,0,{},{},2024,50000,0.97856
"U(0.01,pi/2), eps=1e-03",broad_pi2_e3,0.01,1.5707963267948966,uniform,0.001,brute,qmetrology.algorithms.find_phi_fixed_budget_brute_force,1467432,{},False,"42,43",,,0,0,0,{},,,,,,0,0,{},{},2024,50000,0.98454
"U(0.01,pi/2), eps=1e-03",broad_pi2_e3,0.01,1.5707963267948966,uniform,0.001,linear,qmetrology.algorithms.find_phi_fixed_budget_linear_search,1467432,"{""inc"": 1, ""lookback_window"": 8, ""m_exploration"": 135, ""mean_window"": 0, ""safeguard"": 2}",True,"42,43",700,6000,1863,36000,540,"{""42"": 0.9901666666666666, ""43"": 0.9873333333333333}",0.98875,"{""m_exploration"": 135, ""lookback_window"": 8, ""safeguard"": 2, ""inc"": 1, ""mean_window"": 0}",0.0,1,1467432,0,0,"{""inc"": ""min"", ""mean_window"": ""min""}","{""inc"": [1, 2, 3, 5, 8], ""lookback_window"": [1, 2, 3, 4, 5, 6, 8, 12, 20], ""mean_window"": [0, 1, 2, 3, 4, 6, 8, 12], ""safeguard"": [0, 1, 2, 3, 4, 6, 8, 12, 16, 24]}",2024,50000,0.98712
"U(0.01,pi/2), eps=1e-03",broad_pi2_e3,0.01,1.5707963267948966,uniform,0.001,binary_deep,qmetrology.algorithms.find_phi_fixed_budget_binary_search_deep,1467432,"{""conf"": 0.5, ""m_exploration"": 244}",True,"42,43",700,6000,69,130,30,"{""42"": 0.9885, ""43"": 0.9906666666666667}",0.9895833333333334,"{""m_exploration"": 244, ""conf"": 0.52}",0.008333333333332416,1,1467432,0,0,"{""conf"": ""min""}","{""conf"": [0.5, 0.52, 0.55, 0.58, 0.62, 0.66, 0.7, 0.75, 0.8, 0.85, 0.9, 0.95, 0.99]}",2024,50000,0.98808
"U(0.01,pi/2), eps=1e-03",broad_pi2_e3,0.01,1.5707963267948966,uniform,0.001,reverse_eng_risk,qmetrology.algorithms.find_phi_fixed_budget_reverse_engineering_risk,1467432,"{""m_exploration"": 269}",True,"42,43",700,6000,23,10,15,"{""42"": 0.9938333333333333, ""43"": 0.9938333333333333}",0.9938333333333333,"{""m_exploration"": 362}",0.008333333333332416,1,1467432,0,0,{},{},2024,50000,0.99094
"U(0.01,pi/2), eps=1e-03",broad_pi2_e3,0.01,1.5707963267948966,uniform,0.001,brute,qmetrology.algorithms.find_phi_fixed_budget_brute_force,2000000,{},False,"42,43",,,0,0,0,{},,,,,,0,0,{},{},2024,50000,0.99584
"U(0.01,pi/2), eps=1e-03",broad_pi2_e3,0.01,1.5707963267948966,uniform,0.001,linear,qmetrology.algorithms.find_phi_fixed_budget_linear_search,2000000,"{""inc"": 2, ""lookback_window"": 1, ""m_exploration"": 3, ""mean_window"": 0, ""safeguard"": 16}",True,"42,43",700,6000,1863,32400,216,"{""42"": 0.9966666666666667, ""43"": 0.996}",0.9963333333333333,"{""m_exploration"": 3, ""lookback_window"": 1, ""safeguard"": 24, ""inc"": 2, ""mean_window"": 0}",0.008333333333321313,1,2000000,0,0,"{""lookback_window"": ""min"", ""mean_window"": ""min""}","{""inc"": [1, 2, 3, 5, 8], ""lookback_window"": [1, 2, 3, 4, 5, 6, 8, 12, 20], ""mean_window"": [0, 1, 2, 3, 4, 6, 8, 12], ""safeguard"": [0, 1, 2, 3, 4, 6, 8, 12, 16, 24]}",2024,50000,0.99536
"U(0.01,pi/2), eps=1e-03",broad_pi2_e3,0.01,1.5707963267948966,uniform,0.001,binary_deep,qmetrology.algorithms.find_phi_fixed_budget_binary_search_deep,2000000,"{""conf"": 0.5, ""m_exploration"": 28614}",True,"42,43",700,6000,69,130,30,"{""42"": 0.9981666666666666, ""43"": 0.9973333333333333}",0.9977499999999999,"{""m_exploration"": 28614, ""conf"": 0.5}",0.0,1,2000000,0,0,"{""conf"": ""min""}","{""conf"": [0.5, 0.52, 0.55, 0.58, 0.62, 0.66, 0.7, 0.75, 0.8, 0.85, 0.9, 0.95, 0.99]}",2024,50000,0.99762
"U(0.01,pi/2), eps=1e-03",broad_pi2_e3,0.01,1.5707963267948966,uniform,0.001,reverse_eng_risk,qmetrology.algorithms.find_phi_fixed_budget_reverse_engineering_risk,2000000,"{""m_exploration"": 202}",True,"42,43",700,6000,23,10,15,"{""42"": 0.9986666666666667, ""43"": 0.9981666666666666}",0.9984166666666667,"{""m_exploration"": 246}",0.0,1,2000000,0,0,{},{},2024,50000,0.99714
"U(0.01,pi/2), eps=1e-03",broad_pi2_e3,0.01,1.5707963267948966,uniform,0.001,separable,qmetrology.algorithms.find_phi_fixed_budget_separable,3000,{},False,"42,43",,,0,0,0,{},,,,,,,,{},{},2024,50000,0.08792
"U(0.01,pi/2), eps=1e-03",broad_pi2_e3,0.01,1.5707963267948966,uniform,0.001,separable,qmetrology.algorithms.find_phi_fixed_budget_separable,4088,{},False,"42,43",,,0,0,0,{},,,,,,,,{},{},2024,50000,0.10216
"U(0.01,pi/2), eps=1e-03",broad_pi2_e3,0.01,1.5707963267948966,uniform,0.001,separable,qmetrology.algorithms.find_phi_fixed_budget_separable,5572,{},False,"42,43",,,0,0,0,{},,,,,,,,{},{},2024,50000,0.11962
"U(0.01,pi/2), eps=1e-03",broad_pi2_e3,0.01,1.5707963267948966,uniform,0.001,separable,qmetrology.algorithms.find_phi_fixed_budget_separable,7595,{},False,"42,43",,,0,0,0,{},,,,,,,,{},{},2024,50000,0.14094
"U(0.01,pi/2), eps=1e-03",broad_pi2_e3,0.01,1.5707963267948966,uniform,0.001,separable,qmetrology.algorithms.find_phi_fixed_budget_separable,10351,{},False,"42,43",,,0,0,0,{},,,,,,,,{},{},2024,50000,0.16444
"U(0.01,pi/2), eps=1e-03",broad_pi2_e3,0.01,1.5707963267948966,uniform,0.001,separable,qmetrology.algorithms.find_phi_fixed_budget_separable,14108,{},False,"42,43",,,0,0,0,{},,,,,,,,{},{},2024,50000,0.19176
"U(0.01,pi/2), eps=1e-03",broad_pi2_e3,0.01,1.5707963267948966,uniform,0.001,separable,qmetrology.algorithms.find_phi_fixed_budget_separable,19228,{},False,"42,43",,,0,0,0,{},,,,,,,,{},{},2024,50000,0.22154
"U(0.01,pi/2), eps=1e-03",broad_pi2_e3,0.01,1.5707963267948966,uniform,0.001,separable,qmetrology.algorithms.find_phi_fixed_budget_separable,26207,{},False,"42,43",,,0,0,0,{},,,,,,,,{},{},2024,50000,0.25426
"U(0.01,pi/2), eps=1e-03",broad_pi2_e3,0.01,1.5707963267948966,uniform,0.001,separable,qmetrology.algorithms.find_phi_fixed_budget_separable,35718,{},False,"42,43",,,0,0,0,{},,,,,,,,{},{},2024,50000,0.2953
"U(0.01,pi/2), eps=1e-03",broad_pi2_e3,0.01,1.5707963267948966,uniform,0.001,separable,qmetrology.algorithms.find_phi_fixed_budget_separable,48681,{},False,"42,43",,,0,0,0,{},,,,,,,,{},{},2024,50000,0.34168
"U(0.01,pi/2), eps=1e-03",broad_pi2_e3,0.01,1.5707963267948966,uniform,0.001,separable,qmetrology.algorithms.find_phi_fixed_budget_separable,66349,{},False,"42,43",,,0,0,0,{},,,,,,,,{},{},2024,50000,0.39404
"U(0.01,pi/2), eps=1e-03",broad_pi2_e3,0.01,1.5707963267948966,uniform,0.001,separable,qmetrology.algorithms.find_phi_fixed_budget_separable,90429,{},False,"42,43",,,0,0,0,{},,,,,,,,{},{},2024,50000,0.45346
"U(0.01,pi/2), eps=1e-03",broad_pi2_e3,0.01,1.5707963267948966,uniform,0.001,separable,qmetrology.algorithms.find_phi_fixed_budget_separable,123248,{},False,"42,43",,,0,0,0,{},,,,,,,,{},{},2024,50000,0.51876
"U(0.01,pi/2), eps=1e-03",broad_pi2_e3,0.01,1.5707963267948966,uniform,0.001,separable,qmetrology.algorithms.find_phi_fixed_budget_separable,167979,{},False,"42,43",,,0,0,0,{},,,,,,,,{},{},2024,50000,0.58806
"U(0.01,pi/2), eps=1e-03",broad_pi2_e3,0.01,1.5707963267948966,uniform,0.001,separable,qmetrology.algorithms.find_phi_fixed_budget_separable,228942,{},False,"42,43",,,0,0,0,{},,,,,,,,{},{},2024,50000,0.66308
"U(0.01,pi/2), eps=1e-03",broad_pi2_e3,0.01,1.5707963267948966,uniform,0.001,separable,qmetrology.algorithms.find_phi_fixed_budget_separable,312031,{},False,"42,43",,,0,0,0,{},,,,,,,,{},{},2024,50000,0.7367
"U(0.01,pi/2), eps=1e-03",broad_pi2_e3,0.01,1.5707963267948966,uniform,0.001,separable,qmetrology.algorithms.find_phi_fixed_budget_separable,425275,{},False,"42,43",,,0,0,0,{},,,,,,,,{},{},2024,50000,0.81054
"U(0.01,pi/2), eps=1e-03",broad_pi2_e3,0.01,1.5707963267948966,uniform,0.001,separable,qmetrology.algorithms.find_phi_fixed_budget_separable,579619,{},False,"42,43",,,0,0,0,{},,,,,,,,{},{},2024,50000,0.87354
"U(0.01,pi/2), eps=1e-03",broad_pi2_e3,0.01,1.5707963267948966,uniform,0.001,separable,qmetrology.algorithms.find_phi_fixed_budget_separable,789977,{},False,"42,43",,,0,0,0,{},,,,,,,,{},{},2024,50000,0.92562
"U(0.01,pi/2), eps=1e-03",broad_pi2_e3,0.01,1.5707963267948966,uniform,0.001,separable,qmetrology.algorithms.find_phi_fixed_budget_separable,1076679,{},False,"42,43",,,0,0,0,{},,,,,,,,{},{},2024,50000,0.96188
"U(0.01,pi/2), eps=1e-03",broad_pi2_e3,0.01,1.5707963267948966,uniform,0.001,separable,qmetrology.algorithms.find_phi_fixed_budget_separable,1467432,{},False,"42,43",,,0,0,0,{},,,,,,,,{},{},2024,50000,0.98454
"U(0.01,pi/2), eps=1e-03",broad_pi2_e3,0.01,1.5707963267948966,uniform,0.001,separable,qmetrology.algorithms.find_phi_fixed_budget_separable,2000000,{},False,"42,43",,,0,0,0,{},,,,,,,,{},{},2024,50000,0.99584
"U(0.01,pi/4), eps=1e-03",broad_pi4_e3,0.01,0.7853981633974483,uniform,0.001,separable,qmetrology.algorithms.find_phi_fixed_budget_separable,3000,{},False,"42,43",,,0,0,0,{},,,,,,,,{},{},2024,50000,0.08722
"U(0.01,pi/4), eps=1e-03",broad_pi4_e3,0.01,0.7853981633974483,uniform,0.001,separable,qmetrology.algorithms.find_phi_fixed_budget_separable,4088,{},False,"42,43",,,0,0,0,{},,,,,,,,{},{},2024,50000,0.10214
"U(0.01,pi/4), eps=1e-03",broad_pi4_e3,0.01,0.7853981633974483,uniform,0.001,separable,qmetrology.algorithms.find_phi_fixed_budget_separable,5572,{},False,"42,43",,,0,0,0,{},,,,,,,,{},{},2024,50000,0.1195
"U(0.01,pi/4), eps=1e-03",broad_pi4_e3,0.01,0.7853981633974483,uniform,0.001,separable,qmetrology.algorithms.find_phi_fixed_budget_separable,7595,{},False,"42,43",,,0,0,0,{},,,,,,,,{},{},2024,50000,0.13942
"U(0.01,pi/4), eps=1e-03",broad_pi4_e3,0.01,0.7853981633974483,uniform,0.001,separable,qmetrology.algorithms.find_phi_fixed_budget_separable,10351,{},False,"42,43",,,0,0,0,{},,,,,,,,{},{},2024,50000,0.16166
"U(0.01,pi/4), eps=1e-03",broad_pi4_e3,0.01,0.7853981633974483,uniform,0.001,separable,qmetrology.algorithms.find_phi_fixed_budget_separable,14108,{},False,"42,43",,,0,0,0,{},,,,,,,,{},{},2024,50000,0.18962
"U(0.01,pi/4), eps=1e-03",broad_pi4_e3,0.01,0.7853981633974483,uniform,0.001,separable,qmetrology.algorithms.find_phi_fixed_budget_separable,19228,{},False,"42,43",,,0,0,0,{},,,,,,,,{},{},2024,50000,0.21976
"U(0.01,pi/4), eps=1e-03",broad_pi4_e3,0.01,0.7853981633974483,uniform,0.001,separable,qmetrology.algorithms.find_phi_fixed_budget_separable,26207,{},False,"42,43",,,0,0,0,{},,,,,,,,{},{},2024,50000,0.25432
"U(0.01,pi/4), eps=1e-03",broad_pi4_e3,0.01,0.7853981633974483,uniform,0.001,separable,qmetrology.algorithms.find_phi_fixed_budget_separable,35718,{},False,"42,43",,,0,0,0,{},,,,,,,,{},{},2024,50000,0.29576
"U(0.01,pi/4), eps=1e-03",broad_pi4_e3,0.01,0.7853981633974483,uniform,0.001,separable,qmetrology.algorithms.find_phi_fixed_budget_separable,48681,{},False,"42,43",,,0,0,0,{},,,,,,,,{},{},2024,50000,0.34126
"U(0.01,pi/4), eps=1e-03",broad_pi4_e3,0.01,0.7853981633974483,uniform,0.001,separable,qmetrology.algorithms.find_phi_fixed_budget_separable,66349,{},False,"42,43",,,0,0,0,{},,,,,,,,{},{},2024,50000,0.3941
"U(0.01,pi/4), eps=1e-03",broad_pi4_e3,0.01,0.7853981633974483,uniform,0.001,separable,qmetrology.algorithms.find_phi_fixed_budget_separable,90429,{},False,"42,43",,,0,0,0,{},,,,,,,,{},{},2024,50000,0.45314
"U(0.01,pi/4), eps=1e-03",broad_pi4_e3,0.01,0.7853981633974483,uniform,0.001,separable,qmetrology.algorithms.find_phi_fixed_budget_separable,123248,{},False,"42,43",,,0,0,0,{},,,,,,,,{},{},2024,50000,0.51796
"U(0.01,pi/4), eps=1e-03",broad_pi4_e3,0.01,0.7853981633974483,uniform,0.001,separable,qmetrology.algorithms.find_phi_fixed_budget_separable,167979,{},False,"42,43",,,0,0,0,{},,,,,,,,{},{},2024,50000,0.58888
"U(0.01,pi/4), eps=1e-03",broad_pi4_e3,0.01,0.7853981633974483,uniform,0.001,separable,qmetrology.algorithms.find_phi_fixed_budget_separable,228942,{},False,"42,43",,,0,0,0,{},,,,,,,,{},{},2024,50000,0.66396
"U(0.01,pi/4), eps=1e-03",broad_pi4_e3,0.01,0.7853981633974483,uniform,0.001,separable,qmetrology.algorithms.find_phi_fixed_budget_separable,312031,{},False,"42,43",,,0,0,0,{},,,,,,,,{},{},2024,50000,0.7367
"U(0.01,pi/4), eps=1e-03",broad_pi4_e3,0.01,0.7853981633974483,uniform,0.001,separable,qmetrology.algorithms.find_phi_fixed_budget_separable,425275,{},False,"42,43",,,0,0,0,{},,,,,,,,{},{},2024,50000,0.8113
"U(0.01,pi/4), eps=1e-03",broad_pi4_e3,0.01,0.7853981633974483,uniform,0.001,separable,qmetrology.algorithms.find_phi_fixed_budget_separable,579619,{},False,"42,43",,,0,0,0,{},,,,,,,,{},{},2024,50000,0.8736
"U(0.01,pi/4), eps=1e-03",broad_pi4_e3,0.01,0.7853981633974483,uniform,0.001,separable,qmetrology.algorithms.find_phi_fixed_budget_separable,789977,{},False,"42,43",,,0,0,0,{},,,,,,,,{},{},2024,50000,0.92582
"U(0.01,pi/4), eps=1e-03",broad_pi4_e3,0.01,0.7853981633974483,uniform,0.001,separable,qmetrology.algorithms.find_phi_fixed_budget_separable,1076679,{},False,"42,43",,,0,0,0,{},,,,,,,,{},{},2024,50000,0.96182
"U(0.01,pi/4), eps=1e-03",broad_pi4_e3,0.01,0.7853981633974483,uniform,0.001,separable,qmetrology.algorithms.find_phi_fixed_budget_separable,1467432,{},False,"42,43",,,0,0,0,{},,,,,,,,{},{},2024,50000,0.98444
"U(0.01,pi/4), eps=1e-03",broad_pi4_e3,0.01,0.7853981633974483,uniform,0.001,separable,qmetrology.algorithms.find_phi_fixed_budget_separable,2000000,{},False,"42,43",,,0,0,0,{},,,,,,,,{},{},2024,50000,0.99584
"U(0.01,0.1), eps=1e-03",narrow_e3,0.01,0.1,uniform,0.001,separable,qmetrology.algorithms.find_phi_fixed_budget_separable,896,{},False,"42,43",,,0,0,0,{},,,,,,,,{},{},2024,50000,0.0377
"U(0.01,0.1), eps=1e-03",narrow_e3,0.01,0.1,uniform,0.001,separable,qmetrology.algorithms.find_phi_fixed_budget_separable,1270,{},False,"42,43",,,0,0,0,{},,,,,,,,{},{},2024,50000,0.04798
"U(0.01,0.1), eps=1e-03",narrow_e3,0.01,0.1,uniform,0.001,separable,qmetrology.algorithms.find_phi_fixed_budget_separable,1799,{},False,"42,43",,,0,0,0,{},,,,,,,,{},{},2024,50000,0.05938
"U(0.01,0.1), eps=1e-03",narrow_e3,0.01,0.1,uniform,0.001,separable,qmetrology.algorithms.find_phi_fixed_budget_separable,2548,{},False,"42,43",,,0,0,0,{},,,,,,,,{},{},2024,50000,0.0736
"U(0.01,0.1), eps=1e-03",narrow_e3,0.01,0.1,uniform,0.001,separable,qmetrology.algorithms.find_phi_fixed_budget_separable,3610,{},False,"42,43",,,0,0,0,{},,,,,,,,{},{},2024,50000,0.09108
"U(0.01,0.1), eps=1e-03",narrow_e3,0.01,0.1,uniform,0.001,separable,qmetrology.algorithms.find_phi_fixed_budget_separable,5114,{},False,"42,43",,,0,0,0,{},,,,,,,,{},{},2024,50000,0.11302
"U(0.01,0.1), eps=1e-03",narrow_e3,0.01,0.1,uniform,0.001,separable,qmetrology.algorithms.find_phi_fixed_budget_separable,7244,{},False,"42,43",,,0,0,0,{},,,,,,,,{},{},2024,50000,0.1378
"U(0.01,0.1), eps=1e-03",narrow_e3,0.01,0.1,uniform,0.001,separable,qmetrology.algorithms.find_phi_fixed_budget_separable,10000,{},False,"42,43",,,0,0,0,{},,,,,,,,{},{},2024,50000,0.15678
"U(0.01,0.1), eps=1e-03",narrow_e3,0.01,0.1,uniform,0.001,separable,qmetrology.algorithms.find_phi_fixed_budget_separable,10262,{},False,"42,43",,,0,0,0,{},,,,,,,,{},{},2024,50000,0.1568
"U(0.01,0.1), eps=1e-03",narrow_e3,0.01,0.1,uniform,0.001,separable,qmetrology.algorithms.find_phi_fixed_budget_separable,14538,{},False,"42,43",,,0,0,0,{},,,,,,,,{},{},2024,50000,0.18846
"U(0.01,0.1), eps=1e-03",narrow_e3,0.01,0.1,uniform,0.001,separable,qmetrology.algorithms.find_phi_fixed_budget_separable,20594,{},False,"42,43",,,0,0,0,{},,,,,,,,{},{},2024,50000,0.22592
"U(0.01,0.1), eps=1e-03",narrow_e3,0.01,0.1,uniform,0.001,separable,qmetrology.algorithms.find_phi_fixed_budget_separable,29173,{},False,"42,43",,,0,0,0,{},,,,,,,,{},{},2024,50000,0.26768
"U(0.01,0.1), eps=1e-03",narrow_e3,0.01,0.1,uniform,0.001,separable,qmetrology.algorithms.find_phi_fixed_budget_separable,41326,{},False,"42,43",,,0,0,0,{},,,,,,,,{},{},2024,50000,0.31876
"U(0.01,0.1), eps=1e-03",narrow_e3,0.01,0.1,uniform,0.001,separable,qmetrology.algorithms.find_phi_fixed_budget_separable,58543,{},False,"42,43",,,0,0,0,{},,,,,,,,{},{},2024,50000,0.3745
"U(0.01,0.1), eps=1e-03",narrow_e3,0.01,0.1,uniform,0.001,separable,qmetrology.algorithms.find_phi_fixed_budget_separable,82931,{},False,"42,43",,,0,0,0,{},,,,,,,,{},{},2024,50000,0.4389
"U(0.01,0.1), eps=1e-03",narrow_e3,0.01,0.1,uniform,0.001,separable,qmetrology.algorithms.find_phi_fixed_budget_separable,117479,{},False,"42,43",,,0,0,0,{},,,,,,,,{},{},2024,50000,0.50896
"U(0.01,0.1), eps=1e-03",narrow_e3,0.01,0.1,uniform,0.001,separable,qmetrology.algorithms.find_phi_fixed_budget_separable,166419,{},False,"42,43",,,0,0,0,{},,,,,,,,{},{},2024,50000,0.5884
"U(0.01,0.1), eps=1e-03",narrow_e3,0.01,0.1,uniform,0.001,separable,qmetrology.algorithms.find_phi_fixed_budget_separable,235746,{},False,"42,43",,,0,0,0,{},,,,,,,,{},{},2024,50000,0.67014
"U(0.01,0.1), eps=1e-03",narrow_e3,0.01,0.1,uniform,0.001,separable,qmetrology.algorithms.find_phi_fixed_budget_separable,333954,{},False,"42,43",,,0,0,0,{},,,,,,,,{},{},2024,50000,0.75446
"U(0.01,0.1), eps=1e-03",narrow_e3,0.01,0.1,uniform,0.001,separable,qmetrology.algorithms.find_phi_fixed_budget_separable,473075,{},False,"42,43",,,0,0,0,{},,,,,,,,{},{},2024,50000,0.83064
"U(0.01,0.1), eps=1e-03",narrow_e3,0.01,0.1,uniform,0.001,separable,qmetrology.algorithms.find_phi_fixed_budget_separable,670151,{},False,"42,43",,,0,0,0,{},,,,,,,,{},{},2024,50000,0.89784
"U(0.01,0.1), eps=1e-03",narrow_e3,0.01,0.1,uniform,0.001,separable,qmetrology.algorithms.find_phi_fixed_budget_separable,949325,{},False,"42,43",,,0,0,0,{},,,,,,,,{},{},2024,50000,0.94818
"U(0.01,0.1), eps=1e-03",narrow_e3,0.01,0.1,uniform,0.001,separable,qmetrology.algorithms.find_phi_fixed_budget_separable,1344800,{},False,"42,43",,,0,0,0,{},,,,,,,,{},{},2024,50000,0.97974
"U(0.01,0.1), eps=1e-04",narrow_e4,0.01,0.1,uniform,0.0001,separable,qmetrology.algorithms.find_phi_fixed_budget_separable,89653,{},False,"42,43",,,0,0,0,{},,,,,,,,{},{},2024,50000,0.04792
"U(0.01,0.1), eps=1e-04",narrow_e4,0.01,0.1,uniform,0.0001,separable,qmetrology.algorithms.find_phi_fixed_budget_separable,127001,{},False,"42,43",,,0,0,0,{},,,,,,,,{},{},2024,50000,0.05708
"U(0.01,0.1), eps=1e-04",narrow_e4,0.01,0.1,uniform,0.0001,separable,qmetrology.algorithms.find_phi_fixed_budget_separable,179908,{},False,"42,43",,,0,0,0,{},,,,,,,,{},{},2024,50000,0.06806
"U(0.01,0.1), eps=1e-04",narrow_e4,0.01,0.1,uniform,0.0001,separable,qmetrology.algorithms.find_phi_fixed_budget_separable,254855,{},False,"42,43",,,0,0,0,{},,,,,,,,{},{},2024,50000,0.08218
"U(0.01,0.1), eps=1e-04",narrow_e4,0.01,0.1,uniform,0.0001,separable,qmetrology.algorithms.find_phi_fixed_budget_separable,361024,{},False,"42,43",,,0,0,0,{},,,,,,,,{},{},2024,50000,0.09874
"U(0.01,0.1), eps=1e-04",narrow_e4,0.01,0.1,uniform,0.0001,separable,qmetrology.algorithms.find_phi_fixed_budget_separable,511421,{},False,"42,43",,,0,0,0,{},,,,,,,,{},{},2024,50000,0.1157
"U(0.01,0.1), eps=1e-04",narrow_e4,0.01,0.1,uniform,0.0001,separable,qmetrology.algorithms.find_phi_fixed_budget_separable,724471,{},False,"42,43",,,0,0,0,{},,,,,,,,{},{},2024,50000,0.13708
"U(0.01,0.1), eps=1e-04",narrow_e4,0.01,0.1,uniform,0.0001,separable,qmetrology.algorithms.find_phi_fixed_budget_separable,1026274,{},False,"42,43",,,0,0,0,{},,,,,,,,{},{},2024,50000,0.16306
"U(0.01,0.1), eps=1e-04",narrow_e4,0.01,0.1,uniform,0.0001,separable,qmetrology.algorithms.find_phi_fixed_budget_separable,1453804,{},False,"42,43",,,0,0,0,{},,,,,,,,{},{},2024,50000,0.19328
"U(0.01,0.1), eps=1e-04",narrow_e4,0.01,0.1,uniform,0.0001,separable,qmetrology.algorithms.find_phi_fixed_budget_separable,2059436,{},False,"42,43",,,0,0,0,{},,,,,,,,{},{},2024,50000,0.22794
"U(0.01,0.1), eps=1e-04",narrow_e4,0.01,0.1,uniform,0.0001,separable,qmetrology.algorithms.find_phi_fixed_budget_separable,2917365,{},False,"42,43",,,0,0,0,{},,,,,,,,{},{},2024,50000,0.26818
"U(0.01,0.1), eps=1e-04",narrow_e4,0.01,0.1,uniform,0.0001,separable,qmetrology.algorithms.find_phi_fixed_budget_separable,4132694,{},False,"42,43",,,0,0,0,{},,,,,,,,{},{},2024,50000,0.3167
"U(0.01,0.1), eps=1e-04",narrow_e4,0.01,0.1,uniform,0.0001,separable,qmetrology.algorithms.find_phi_fixed_budget_separable,5854310,{},False,"42,43",,,0,0,0,{},,,,,,,,{},{},2024,50000,0.37218
"U(0.01,0.1), eps=1e-04",narrow_e4,0.01,0.1,uniform,0.0001,separable,qmetrology.algorithms.find_phi_fixed_budget_separable,8293124,{},False,"42,43",,,0,0,0,{},,,,,,,,{},{},2024,50000,0.43656
"U(0.01,0.1), eps=1e-04",narrow_e4,0.01,0.1,uniform,0.0001,separable,qmetrology.algorithms.find_phi_fixed_budget_separable,11747910,{},False,"42,43",,,0,0,0,{},,,,,,,,{},{},2024,50000,0.50764
"U(0.01,0.1), eps=1e-04",narrow_e4,0.01,0.1,uniform,0.0001,separable,qmetrology.algorithms.find_phi_fixed_budget_separable,16641905,{},False,"42,43",,,0,0,0,{},,,,,,,,{},{},2024,50000,0.58656
"U(0.01,0.1), eps=1e-04",narrow_e4,0.01,0.1,uniform,0.0001,separable,qmetrology.algorithms.find_phi_fixed_budget_separable,23574663,{},False,"42,43",,,0,0,0,{},,,,,,,,{},{},2024,50000,0.6696
"U(0.01,0.1), eps=1e-04",narrow_e4,0.01,0.1,uniform,0.0001,separable,qmetrology.algorithms.find_phi_fixed_budget_separable,33395498,{},False,"42,43",,,0,0,0,{},,,,,,,,{},{},2024,50000,0.75408
"U(0.01,0.1), eps=1e-04",narrow_e4,0.01,0.1,uniform,0.0001,separable,qmetrology.algorithms.find_phi_fixed_budget_separable,47307541,{},False,"42,43",,,0,0,0,{},,,,,,,,{},{},2024,50000,0.8332
"U(0.01,0.1), eps=1e-04",narrow_e4,0.01,0.1,uniform,0.0001,separable,qmetrology.algorithms.find_phi_fixed_budget_separable,67015122,{},False,"42,43",,,0,0,0,{},,,,,,,,{},{},2024,50000,0.89964
"U(0.01,0.1), eps=1e-04",narrow_e4,0.01,0.1,uniform,0.0001,separable,qmetrology.algorithms.find_phi_fixed_budget_separable,94932574,{},False,"42,43",,,0,0,0,{},,,,,,,,{},{},2024,50000,0.94948
"U(0.01,0.1), eps=1e-04",narrow_e4,0.01,0.1,uniform,0.0001,separable,qmetrology.algorithms.find_phi_fixed_budget_separable,134480000,{},False,"42,43",,,0,0,0,{},,,,,,,,{},{},2024,50000,0.97966
"U(0.01,0.1), eps=1e-05",narrow_e5,0.01,0.1,uniform,1e-05,separable,qmetrology.algorithms.find_phi_fixed_budget_separable,8965333,{},False,"42,43",,,0,0,0,{},,,,,,,,{},{},2024,50000,0.04968
"U(0.01,0.1), eps=1e-05",narrow_e5,0.01,0.1,uniform,1e-05,separable,qmetrology.algorithms.find_phi_fixed_budget_separable,12700150,{},False,"42,43",,,0,0,0,{},,,,,,,,{},{},2024,50000,0.05896
"U(0.01,0.1), eps=1e-05",narrow_e5,0.01,0.1,uniform,1e-05,separable,qmetrology.algorithms.find_phi_fixed_budget_separable,17990835,{},False,"42,43",,,0,0,0,{},,,,,,,,{},{},2024,50000,0.07032
"U(0.01,0.1), eps=1e-05",narrow_e5,0.01,0.1,uniform,1e-05,separable,qmetrology.algorithms.find_phi_fixed_budget_separable,25485535,{},False,"42,43",,,0,0,0,{},,,,,,,,{},{},2024,50000,0.08394
"U(0.01,0.1), eps=1e-05",narrow_e5,0.01,0.1,uniform,1e-05,separable,qmetrology.algorithms.find_phi_fixed_budget_separable,36102410,{},False,"42,43",,,0,0,0,{},,,,,,,,{},{},2024,50000,0.09964
"U(0.01,0.1), eps=1e-05",narrow_e5,0.01,0.1,uniform,1e-05,separable,qmetrology.algorithms.find_phi_fixed_budget_separable,51142110,{},False,"42,43",,,0,0,0,{},,,,,,,,{},{},2024,50000,0.11802
"U(0.01,0.1), eps=1e-05",narrow_e5,0.01,0.1,uniform,1e-05,separable,qmetrology.algorithms.find_phi_fixed_budget_separable,72447113,{},False,"42,43",,,0,0,0,{},,,,,,,,{},{},2024,50000,0.13882
"U(0.01,0.1), eps=1e-05",narrow_e5,0.01,0.1,uniform,1e-05,separable,qmetrology.algorithms.find_phi_fixed_budget_separable,102627447,{},False,"42,43",,,0,0,0,{},,,,,,,,{},{},2024,50000,0.16382
"U(0.01,0.1), eps=1e-05",narrow_e5,0.01,0.1,uniform,1e-05,separable,qmetrology.algorithms.find_phi_fixed_budget_separable,145380436,{},False,"42,43",,,0,0,0,{},,,,,,,,{},{},2024,50000,0.1947
"U(0.01,0.1), eps=1e-05",narrow_e5,0.01,0.1,uniform,1e-05,separable,qmetrology.algorithms.find_phi_fixed_budget_separable,205943651,{},False,"42,43",,,0,0,0,{},,,,,,,,{},{},2024,50000,0.22948
"U(0.01,0.1), eps=1e-05",narrow_e5,0.01,0.1,uniform,1e-05,separable,qmetrology.algorithms.find_phi_fixed_budget_separable,291736555,{},False,"42,43",,,0,0,0,{},,,,,,,,{},{},2024,50000,0.27018
"U(0.01,0.1), eps=1e-05",narrow_e5,0.01,0.1,uniform,1e-05,separable,qmetrology.algorithms.find_phi_fixed_budget_separable,413269439,{},False,"42,43",,,0,0,0,{},,,,,,,,{},{},2024,50000,0.31864
"U(0.01,0.1), eps=1e-05",narrow_e5,0.01,0.1,uniform,1e-05,separable,qmetrology.algorithms.find_phi_fixed_budget_separable,585431022,{},False,"42,43",,,0,0,0,{},,,,,,,,{},{},2024,50000,0.37306
"U(0.01,0.1), eps=1e-05",narrow_e5,0.01,0.1,uniform,1e-05,separable,qmetrology.algorithms.find_phi_fixed_budget_separable,829312426,{},False,"42,43",,,0,0,0,{},,,,,,,,{},{},2024,50000,0.4368
"U(0.01,0.1), eps=1e-05",narrow_e5,0.01,0.1,uniform,1e-05,separable,qmetrology.algorithms.find_phi_fixed_budget_separable,1174791008,{},False,"42,43",,,0,0,0,{},,,,,,,,{},{},2024,50000,0.50844
"U(0.01,0.1), eps=1e-05",narrow_e5,0.01,0.1,uniform,1e-05,separable,qmetrology.algorithms.find_phi_fixed_budget_separable,1664190563,{},False,"42,43",,,0,0,0,{},,,,,,,,{},{},2024,50000,0.58652
"U(0.01,0.1), eps=1e-05",narrow_e5,0.01,0.1,uniform,1e-05,separable,qmetrology.algorithms.find_phi_fixed_budget_separable,2357466314,{},False,"42,43",,,0,0,0,{},,,,,,,,{},{},2024,50000,0.6704
"U(0.01,0.1), eps=1e-05",narrow_e5,0.01,0.1,uniform,1e-05,separable,qmetrology.algorithms.find_phi_fixed_budget_separable,3339549897,{},False,"42,43",,,0,0,0,{},,,,,,,,{},{},2024,50000,0.75382
"U(0.01,0.1), eps=1e-05",narrow_e5,0.01,0.1,uniform,1e-05,separable,qmetrology.algorithms.find_phi_fixed_budget_separable,4730754135,{},False,"42,43",,,0,0,0,{},,,,,,,,{},{},2024,50000,0.83304
"U(0.01,0.1), eps=1e-05",narrow_e5,0.01,0.1,uniform,1e-05,separable,qmetrology.algorithms.find_phi_fixed_budget_separable,6701512293,{},False,"42,43",,,0,0,0,{},,,,,,,,{},{},2024,50000,0.89974
"U(0.01,0.1), eps=1e-05",narrow_e5,0.01,0.1,uniform,1e-05,separable,qmetrology.algorithms.find_phi_fixed_budget_separable,9493257466,{},False,"42,43",,,0,0,0,{},,,,,,,,{},{},2024,50000,0.94936
"U(0.01,0.1), eps=1e-05",narrow_e5,0.01,0.1,uniform,1e-05,separable,qmetrology.algorithms.find_phi_fixed_budget_separable,13447999999,{},False,"42,43",,,0,0,0,{},,,,,,,,{},{},2024,50000,0.97992
"U(0.01,0.1), eps=1e-06",narrow_e6,0.01,0.1,uniform,1e-06,separable,qmetrology.algorithms.find_phi_fixed_budget_separable,896533333,{},False,"42,43",,,0,0,0,{},,,,,,,,{},{},2024,50000,0.0496
"U(0.01,0.1), eps=1e-06",narrow_e6,0.01,0.1,uniform,1e-06,separable,qmetrology.algorithms.find_phi_fixed_budget_separable,1270015093,{},False,"42,43",,,0,0,0,{},,,,,,,,{},{},2024,50000,0.05914
"U(0.01,0.1), eps=1e-06",narrow_e6,0.01,0.1,uniform,1e-06,separable,qmetrology.algorithms.find_phi_fixed_budget_separable,1799083511,{},False,"42,43",,,0,0,0,{},,,,,,,,{},{},2024,50000,0.07054
"U(0.01,0.1), eps=1e-06",narrow_e6,0.01,0.1,uniform,1e-06,separable,qmetrology.algorithms.find_phi_fixed_budget_separable,2548553554,{},False,"42,43",,,0,0,0,{},,,,,,,,{},{},2024,50000,0.0841
"U(0.01,0.1), eps=1e-06",narrow_e6,0.01,0.1,uniform,1e-06,separable,qmetrology.algorithms.find_phi_fixed_budget_separable,3610241091,{},False,"42,43",,,0,0,0,{},,,,,,,,{},{},2024,50000,0.10002
"U(0.01,0.1), eps=1e-06",narrow_e6,0.01,0.1,uniform,1e-06,separable,qmetrology.algorithms.find_phi_fixed_budget_separable,5114211046,{},False,"42,43",,,0,0,0,{},,,,,,,,{},{},2024,50000,0.11796
"U(0.01,0.1), eps=1e-06",narrow_e6,0.01,0.1,uniform,1e-06,separable,qmetrology.algorithms.find_phi_fixed_budget_separable,7244711353,{},False,"42,43",,,0,0,0,{},,,,,,,,{},{},2024,50000,0.13906
"U(0.01,0.1), eps=1e-06",narrow_e6,0.01,0.1,uniform,1e-06,separable,qmetrology.algorithms.find_phi_fixed_budget_separable,10262744755,{},False,"42,43",,,0,0,0,{},,,,,,,,{},{},2024,50000,0.16396
"U(0.01,0.1), eps=1e-06",narrow_e6,0.01,0.1,uniform,1e-06,separable,qmetrology.algorithms.find_phi_fixed_budget_separable,14538043655,{},False,"42,43",,,0,0,0,{},,,,,,,,{},{},2024,50000,0.19438
"U(0.01,0.1), eps=1e-06",narrow_e6,0.01,0.1,uniform,1e-06,separable,qmetrology.algorithms.find_phi_fixed_budget_separable,20594365186,{},False,"42,43",,,0,0,0,{},,,,,,,,{},{},2024,50000,0.22916
"U(0.01,0.1), eps=1e-06",narrow_e6,0.01,0.1,uniform,1e-06,separable,qmetrology.algorithms.find_phi_fixed_budget_separable,29173655514,{},False,"42,43",,,0,0,0,{},,,,,,,,{},{},2024,50000,0.2697
"U(0.01,0.1), eps=1e-06",narrow_e6,0.01,0.1,uniform,1e-06,separable,qmetrology.algorithms.find_phi_fixed_budget_separable,41326943964,{},False,"42,43",,,0,0,0,{},,,,,,,,{},{},2024,50000,0.31844
"U(0.01,0.1), eps=1e-06",narrow_e6,0.01,0.1,uniform,1e-06,separable,qmetrology.algorithms.find_phi_fixed_budget_separable,58543102238,{},False,"42,43",,,0,0,0,{},,,,,,,,{},{},2024,50000,0.37316
"U(0.01,0.1), eps=1e-06",narrow_e6,0.01,0.1,uniform,1e-06,separable,qmetrology.algorithms.find_phi_fixed_budget_separable,82931242693,{},False,"42,43",,,0,0,0,{},,,,,,,,{},{},2024,50000,0.43678
"U(0.01,0.1), eps=1e-06",narrow_e6,0.01,0.1,uniform,1e-06,separable,qmetrology.algorithms.find_phi_fixed_budget_separable,117479100897,{},False,"42,43",,,0,0,0,{},,,,,,,,{},{},2024,50000,0.50864
"U(0.01,0.1), eps=1e-06",narrow_e6,0.01,0.1,uniform,1e-06,separable,qmetrology.algorithms.find_phi_fixed_budget_separable,166419056310,{},False,"42,43",,,0,0,0,{},,,,,,,,{},{},2024,50000,0.58666
"U(0.01,0.1), eps=1e-06",narrow_e6,0.01,0.1,uniform,1e-06,separable,qmetrology.algorithms.find_phi_fixed_budget_separable,235746631456,{},False,"42,43",,,0,0,0,{},,,,,,,,{},{},2024,50000,0.67058
"U(0.01,0.1), eps=1e-06",narrow_e6,0.01,0.1,uniform,1e-06,separable,qmetrology.algorithms.find_phi_fixed_budget_separable,333954989743,{},False,"42,43",,,0,0,0,{},,,,,,,,{},{},2024,50000,0.75368
"U(0.01,0.1), eps=1e-06",narrow_e6,0.01,0.1,uniform,1e-06,separable,qmetrology.algorithms.find_phi_fixed_budget_separable,473075413571,{},False,"42,43",,,0,0,0,{},,,,,,,,{},{},2024,50000,0.83302
"U(0.01,0.1), eps=1e-06",narrow_e6,0.01,0.1,uniform,1e-06,separable,qmetrology.algorithms.find_phi_fixed_budget_separable,670151229355,{},False,"42,43",,,0,0,0,{},,,,,,,,{},{},2024,50000,0.89972
"U(0.01,0.1), eps=1e-06",narrow_e6,0.01,0.1,uniform,1e-06,separable,qmetrology.algorithms.find_phi_fixed_budget_separable,949325746642,{},False,"42,43",,,0,0,0,{},,,,,,,,{},{},2024,50000,0.94946
"U(0.01,0.1), eps=1e-06",narrow_e6,0.01,0.1,uniform,1e-06,separable,qmetrology.algorithms.find_phi_fixed_budget_separable,1344800000000,{},False,"42,43",,,0,0,0,{},,,,,,,,{},{},2024,50000,0.97994
"U(0.01,0.1), eps=1e-07",narrow_e7,0.01,0.1,uniform,1e-07,separable,qmetrology.algorithms.find_phi_fixed_budget_separable,89653333333,{},False,"42,43",,,0,0,0,{},,,,,,,,{},{},2024,50000,0.04956
"U(0.01,0.1), eps=1e-07",narrow_e7,0.01,0.1,uniform,1e-07,separable,qmetrology.algorithms.find_phi_fixed_budget_separable,127001509327,{},False,"42,43",,,0,0,0,{},,,,,,,,{},{},2024,50000,0.05916
"U(0.01,0.1), eps=1e-07",narrow_e7,0.01,0.1,uniform,1e-07,separable,qmetrology.algorithms.find_phi_fixed_budget_separable,179908351108,{},False,"42,43",,,0,0,0,{},,,,,,,,{},{},2024,50000,0.0705
"U(0.01,0.1), eps=1e-07",narrow_e7,0.01,0.1,uniform,1e-07,separable,qmetrology.algorithms.find_phi_fixed_budget_separable,254855355420,{},False,"42,43",,,0,0,0,{},,,,,,,,{},{},2024,50000,0.08414
"U(0.01,0.1), eps=1e-07",narrow_e7,0.01,0.1,uniform,1e-07,separable,qmetrology.algorithms.find_phi_fixed_budget_separable,361024109144,{},False,"42,43",,,0,0,0,{},,,,,,,,{},{},2024,50000,0.10006
"U(0.01,0.1), eps=1e-07",narrow_e7,0.01,0.1,uniform,1e-07,separable,qmetrology.algorithms.find_phi_fixed_budget_separable,511421104605,{},False,"42,43",,,0,0,0,{},,,,,,,,{},{},2024,50000,0.11796
"U(0.01,0.1), eps=1e-07",narrow_e7,0.01,0.1,uniform,1e-07,separable,qmetrology.algorithms.find_phi_fixed_budget_separable,724471135335,{},False,"42,43",,,0,0,0,{},,,,,,,,{},{},2024,50000,0.1391
"U(0.01,0.1), eps=1e-07",narrow_e7,0.01,0.1,uniform,1e-07,separable,qmetrology.algorithms.find_phi_fixed_budget_separable,1026274475590,{},False,"42,43",,,0,0,0,{},,,,,,,,{},{},2024,50000,0.16398
"U(0.01,0.1), eps=1e-07",narrow_e7,0.01,0.1,uniform,1e-07,separable,qmetrology.algorithms.find_phi_fixed_budget_separable,1453804365525,{},False,"42,43",,,0,0,0,{},,,,,,,,{},{},2024,50000,0.19442
"U(0.01,0.1), eps=1e-07",narrow_e7,0.01,0.1,uniform,1e-07,separable,qmetrology.algorithms.find_phi_fixed_budget_separable,2059436518680,{},False,"42,43",,,0,0,0,{},,,,,,,,{},{},2024,50000,0.2292
"U(0.01,0.1), eps=1e-07",narrow_e7,0.01,0.1,uniform,1e-07,separable,qmetrology.algorithms.find_phi_fixed_budget_separable,2917365551411,{},False,"42,43",,,0,0,0,{},,,,,,,,{},{},2024,50000,0.26972
"U(0.01,0.1), eps=1e-07",narrow_e7,0.01,0.1,uniform,1e-07,separable,qmetrology.algorithms.find_phi_fixed_budget_separable,4132694396433,{},False,"42,43",,,0,0,0,{},,,,,,,,{},{},2024,50000,0.31846
"U(0.01,0.1), eps=1e-07",narrow_e7,0.01,0.1,uniform,1e-07,separable,qmetrology.algorithms.find_phi_fixed_budget_separable,5854310223842,{},False,"42,43",,,0,0,0,{},,,,,,,,{},{},2024,50000,0.37316
"U(0.01,0.1), eps=1e-07",narrow_e7,0.01,0.1,uniform,1e-07,separable,qmetrology.algorithms.find_phi_fixed_budget_separable,8293124269377,{},False,"42,43",,,0,0,0,{},,,,,,,,{},{},2024,50000,0.4368
"U(0.01,0.1), eps=1e-07",narrow_e7,0.01,0.1,uniform,1e-07,separable,qmetrology.algorithms.find_phi_fixed_budget_separable,11747910089773,{},False,"42,43",,,0,0,0,{},,,,,,,,{},{},2024,50000,0.50868
"U(0.01,0.1), eps=1e-07",narrow_e7,0.01,0.1,uniform,1e-07,separable,qmetrology.algorithms.find_phi_fixed_budget_separable,16641905631032,{},False,"42,43",,,0,0,0,{},,,,,,,,{},{},2024,50000,0.58664
"U(0.01,0.1), eps=1e-07",narrow_e7,0.01,0.1,uniform,1e-07,separable,qmetrology.algorithms.find_phi_fixed_budget_separable,23574663145682,{},False,"42,43",,,0,0,0,{},,,,,,,,{},{},2024,50000,0.6706
"U(0.01,0.1), eps=1e-07",narrow_e7,0.01,0.1,uniform,1e-07,separable,qmetrology.algorithms.find_phi_fixed_budget_separable,33395498974351,{},False,"42,43",,,0,0,0,{},,,,,,,,{},{},2024,50000,0.75366
"U(0.01,0.1), eps=1e-07",narrow_e7,0.01,0.1,uniform,1e-07,separable,qmetrology.algorithms.find_phi_fixed_budget_separable,47307541357178,{},False,"42,43",,,0,0,0,{},,,,,,,,{},{},2024,50000,0.83296
"U(0.01,0.1), eps=1e-07",narrow_e7,0.01,0.1,uniform,1e-07,separable,qmetrology.algorithms.find_phi_fixed_budget_separable,67015122935579,{},False,"42,43",,,0,0,0,{},,,,,,,,{},{},2024,50000,0.8997
"U(0.01,0.1), eps=1e-07",narrow_e7,0.01,0.1,uniform,1e-07,separable,qmetrology.algorithms.find_phi_fixed_budget_separable,94932574664214,{},False,"42,43",,,0,0,0,{},,,,,,,,{},{},2024,50000,0.94944
"U(0.01,0.1), eps=1e-07",narrow_e7,0.01,0.1,uniform,1e-07,separable,qmetrology.algorithms.find_phi_fixed_budget_separable,134480000000000,{},False,"42,43",,,0,0,0,{},,,,,,,,{},{},2024,50000,0.9799
"U(0.01,0.1), eps=1e-08",narrow_e8,0.01,0.1,uniform,1e-08,separable,qmetrology.algorithms.find_phi_fixed_budget_separable,8965333333333,{},False,"42,43",,,0,0,0,{},,,,,,,,{},{},2024,50000,0.04958
"U(0.01,0.1), eps=1e-08",narrow_e8,0.01,0.1,uniform,1e-08,separable,qmetrology.algorithms.find_phi_fixed_budget_separable,12700150932713,{},False,"42,43",,,0,0,0,{},,,,,,,,{},{},2024,50000,0.05916
"U(0.01,0.1), eps=1e-08",narrow_e8,0.01,0.1,uniform,1e-08,separable,qmetrology.algorithms.find_phi_fixed_budget_separable,17990835110839,{},False,"42,43",,,0,0,0,{},,,,,,,,{},{},2024,50000,0.0705
"U(0.01,0.1), eps=1e-08",narrow_e8,0.01,0.1,uniform,1e-08,separable,qmetrology.algorithms.find_phi_fixed_budget_separable,25485535542077,{},False,"42,43",,,0,0,0,{},,,,,,,,{},{},2024,50000,0.08416
"U(0.01,0.1), eps=1e-08",narrow_e8,0.01,0.1,uniform,1e-08,separable,qmetrology.algorithms.find_phi_fixed_budget_separable,36102410914495,{},False,"42,43",,,0,0,0,{},,,,,,,,{},{},2024,50000,0.10006
"U(0.01,0.1), eps=1e-08",narrow_e8,0.01,0.1,uniform,1e-08,separable,qmetrology.algorithms.find_phi_fixed_budget_separable,51142110460546,{},False,"42,43",,,0,0,0,{},,,,,,,,{},{},2024,50000,0.11796
"U(0.01,0.1), eps=1e-08",narrow_e8,0.01,0.1,uniform,1e-08,separable,qmetrology.algorithms.find_phi_fixed_budget_separable,72447113533589,{},False,"42,43",,,0,0,0,{},,,,,,,,{},{},2024,50000,0.13912
"U(0.01,0.1), eps=1e-08",narrow_e8,0.01,0.1,uniform,1e-08,separable,qmetrology.algorithms.find_phi_fixed_budget_separable,102627447559047,{},False,"42,43",,,0,0,0,{},,,,,,,,{},{},2024,50000,0.16398
"U(0.01,0.1), eps=1e-08",narrow_e8,0.01,0.1,uniform,1e-08,separable,qmetrology.algorithms.find_phi_fixed_budget_separable,145380436552546,{},False,"42,43",,,0,0,0,{},,,,,,,,{},{},2024,50000,0.19446
"U(0.01,0.1), eps=1e-08",narrow_e8,0.01,0.1,uniform,1e-08,separable,qmetrology.algorithms.find_phi_fixed_budget_separable,205943651868068,{},False,"42,43",,,0,0,0,{},,,,,,,,{},{},2024,50000,0.2292
"U(0.01,0.1), eps=1e-08",narrow_e8,0.01,0.1,uniform,1e-08,separable,qmetrology.algorithms.find_phi_fixed_budget_separable,291736555141147,{},False,"42,43",,,0,0,0,{},,,,,,,,{},{},2024,50000,0.26972
"U(0.01,0.1), eps=1e-08",narrow_e8,0.01,0.1,uniform,1e-08,separable,qmetrology.algorithms.find_phi_fixed_budget_separable,413269439643361,{},False,"42,43",,,0,0,0,{},,,,,,,,{},{},2024,50000,0.31846
"U(0.01,0.1), eps=1e-08",narrow_e8,0.01,0.1,uniform,1e-08,separable,qmetrology.algorithms.find_phi_fixed_budget_separable,585431022384237,{},False,"42,43",,,0,0,0,{},,,,,,,,{},{},2024,50000,0.37316
"U(0.01,0.1), eps=1e-08",narrow_e8,0.01,0.1,uniform,1e-08,separable,qmetrology.algorithms.find_phi_fixed_budget_separable,829312426937782,{},False,"42,43",,,0,0,0,{},,,,,,,,{},{},2024,50000,0.43678
"U(0.01,0.1), eps=1e-08",narrow_e8,0.01,0.1,uniform,1e-08,separable,qmetrology.algorithms.find_phi_fixed_budget_separable,1174791008977376,{},False,"42,43",,,0,0,0,{},,,,,,,,{},{},2024,50000,0.50866
"U(0.01,0.1), eps=1e-08",narrow_e8,0.01,0.1,uniform,1e-08,separable,qmetrology.algorithms.find_phi_fixed_budget_separable,1664190563103208,{},False,"42,43",,,0,0,0,{},,,,,,,,{},{},2024,50000,0.58664
"U(0.01,0.1), eps=1e-08",narrow_e8,0.01,0.1,uniform,1e-08,separable,qmetrology.algorithms.find_phi_fixed_budget_separable,2357466314568226,{},False,"42,43",,,0,0,0,{},,,,,,,,{},{},2024,50000,0.6706
"U(0.01,0.1), eps=1e-08",narrow_e8,0.01,0.1,uniform,1e-08,separable,qmetrology.algorithms.find_phi_fixed_budget_separable,3339549897435170,{},False,"42,43",,,0,0,0,{},,,,,,,,{},{},2024,50000,0.75366
"U(0.01,0.1), eps=1e-08",narrow_e8,0.01,0.1,uniform,1e-08,separable,qmetrology.algorithms.find_phi_fixed_budget_separable,4730754135717893,{},False,"42,43",,,0,0,0,{},,,,,,,,{},{},2024,50000,0.83294
"U(0.01,0.1), eps=1e-08",narrow_e8,0.01,0.1,uniform,1e-08,separable,qmetrology.algorithms.find_phi_fixed_budget_separable,6701512293557939,{},False,"42,43",,,0,0,0,{},,,,,,,,{},{},2024,50000,0.89968
"U(0.01,0.1), eps=1e-08",narrow_e8,0.01,0.1,uniform,1e-08,separable,qmetrology.algorithms.find_phi_fixed_budget_separable,9493257466421480,{},False,"42,43",,,0,0,0,{},,,,,,,,{},{},2024,50000,0.94944
"U(0.01,0.1), eps=1e-08",narrow_e8,0.01,0.1,uniform,1e-08,separable,qmetrology.algorithms.find_phi_fixed_budget_separable,13447999999999998,{},False,"42,43",,,0,0,0,{},,,,,,,,{},{},2024,50000,0.9799
"U(0.001,0.01), eps=1e-04",small_e4,0.001,0.01,uniform,0.0001,separable,qmetrology.algorithms.find_phi_fixed_budget_separable,8565,{},False,"42,43",,,0,0,0,{},,,,,,,,{},{},2024,50000,0.0
"U(0.001,0.01), eps=1e-04",small_e4,0.001,0.01,uniform,0.0001,separable,qmetrology.algorithms.find_phi_fixed_budget_separable,12133,{},False,"42,43",,,0,0,0,{},,,,,,,,{},{},2024,50000,0.00802
"U(0.001,0.01), eps=1e-04",small_e4,0.001,0.01,uniform,0.0001,separable,qmetrology.algorithms.find_phi_fixed_budget_separable,17188,{},False,"42,43",,,0,0,0,{},,,,,,,,{},{},2024,50000,0.00842
"U(0.001,0.01), eps=1e-04",small_e4,0.001,0.01,uniform,0.0001,separable,qmetrology.algorithms.find_phi_fixed_budget_separable,24349,{},False,"42,43",,,0,0,0,{},,,,,,,,{},{},2024,50000,0.01382
"U(0.001,0.01), eps=1e-04",small_e4,0.001,0.01,uniform,0.0001,separable,qmetrology.algorithms.find_phi_fixed_budget_separable,34492,{},False,"42,43",,,0,0,0,{},,,,,,,,{},{},2024,50000,0.01944
"U(0.001,0.01), eps=1e-04",small_e4,0.001,0.01,uniform,0.0001,separable,qmetrology.algorithms.find_phi_fixed_budget_separable,48861,{},False,"42,43",,,0,0,0,{},,,,,,,,{},{},2024,50000,0.02406
"U(0.001,0.01), eps=1e-04",small_e4,0.001,0.01,uniform,0.0001,separable,qmetrology.algorithms.find_phi_fixed_budget_separable,69216,{},False,"42,43",,,0,0,0,{},,,,,,,,{},{},2024,50000,0.03042
"U(0.001,0.01), eps=1e-04",small_e4,0.001,0.01,uniform,0.0001,separable,qmetrology.algorithms.find_phi_fixed_budget_separable,98051,{},False,"42,43",,,0,0,0,{},,,,,,,,{},{},2024,50000,0.04066
"U(0.001,0.01), eps=1e-04",small_e4,0.001,0.01,uniform,0.0001,separable,qmetrology.algorithms.find_phi_fixed_budget_separable,138898,{},False,"42,43",,,0,0,0,{},,,,,,,,{},{},2024,50000,0.05044
"U(0.001,0.01), eps=1e-04",small_e4,0.001,0.01,uniform,0.0001,separable,qmetrology.algorithms.find_phi_fixed_budget_separable,196761,{},False,"42,43",,,0,0,0,{},,,,,,,,{},{},2024,50000,0.06444
"U(0.001,0.01), eps=1e-04",small_e4,0.001,0.01,uniform,0.0001,separable,qmetrology.algorithms.find_phi_fixed_budget_separable,278729,{},False,"42,43",,,0,0,0,{},,,,,,,,{},{},2024,50000,0.0785
"U(0.001,0.01), eps=1e-04",small_e4,0.001,0.01,uniform,0.0001,separable,qmetrology.algorithms.find_phi_fixed_budget_separable,394843,{},False,"42,43",,,0,0,0,{},,,,,,,,{},{},2024,50000,0.09842
"U(0.001,0.01), eps=1e-04",small_e4,0.001,0.01,uniform,0.0001,separable,qmetrology.algorithms.find_phi_fixed_budget_separable,559329,{},False,"42,43",,,0,0,0,{},,,,,,,,{},{},2024,50000,0.1175
"U(0.001,0.01), eps=1e-04",small_e4,0.001,0.01,uniform,0.0001,separable,qmetrology.algorithms.find_phi_fixed_budget_separable,792336,{},False,"42,43",,,0,0,0,{},,,,,,,,{},{},2024,50000,0.14178
"U(0.001,0.01), eps=1e-04",small_e4,0.001,0.01,uniform,0.0001,separable,qmetrology.algorithms.find_phi_fixed_budget_separable,1122411,{},False,"42,43",,,0,0,0,{},,,,,,,,{},{},2024,50000,0.16506
"U(0.001,0.01), eps=1e-04",small_e4,0.001,0.01,uniform,0.0001,separable,qmetrology.algorithms.find_phi_fixed_budget_separable,1589990,{},False,"42,43",,,0,0,0,{},,,,,,,,{},{},2024,50000,0.19966
"U(0.001,0.01), eps=1e-04",small_e4,0.001,0.01,uniform,0.0001,separable,qmetrology.algorithms.find_phi_fixed_budget_separable,2252356,{},False,"42,43",,,0,0,0,{},,,,,,,,{},{},2024,50000,0.2357
"U(0.001,0.01), eps=1e-04",small_e4,0.001,0.01,uniform,0.0001,separable,qmetrology.algorithms.find_phi_fixed_budget_separable,3190652,{},False,"42,43",,,0,0,0,{},,,,,,,,{},{},2024,50000,0.28016
"U(0.001,0.01), eps=1e-04",small_e4,0.001,0.01,uniform,0.0001,separable,qmetrology.algorithms.find_phi_fixed_budget_separable,4519828,{},False,"42,43",,,0,0,0,{},,,,,,,,{},{},2024,50000,0.33362
"U(0.001,0.01), eps=1e-04",small_e4,0.001,0.01,uniform,0.0001,separable,qmetrology.algorithms.find_phi_fixed_budget_separable,6402718,{},False,"42,43",,,0,0,0,{},,,,,,,,{},{},2024,50000,0.39078
"U(0.001,0.01), eps=1e-04",small_e4,0.001,0.01,uniform,0.0001,separable,qmetrology.algorithms.find_phi_fixed_budget_separable,9069991,{},False,"42,43",,,0,0,0,{},,,,,,,,{},{},2024,50000,0.45574
"U(0.001,0.01), eps=1e-04",small_e4,0.001,0.01,uniform,0.0001,separable,qmetrology.algorithms.find_phi_fixed_budget_separable,12848407,{},False,"42,43",,,0,0,0,{},,,,,,,,{},{},2024,50000,0.52804
"U(0.001,0.1), eps=1e-04",wide_e4,0.001,0.1,uniform,0.0001,separable,qmetrology.algorithms.find_phi_fixed_budget_separable,89653,{},False,"42,43",,,0,0,0,{},,,,,,,,{},{},2024,50000,0.0474
"U(0.001,0.1), eps=1e-04",wide_e4,0.001,0.1,uniform,0.0001,separable,qmetrology.algorithms.find_phi_fixed_budget_separable,127001,{},False,"42,43",,,0,0,0,{},,,,,,,,{},{},2024,50000,0.05604
"U(0.001,0.1), eps=1e-04",wide_e4,0.001,0.1,uniform,0.0001,separable,qmetrology.algorithms.find_phi_fixed_budget_separable,179908,{},False,"42,43",,,0,0,0,{},,,,,,,,{},{},2024,50000,0.0671
"U(0.001,0.1), eps=1e-04",wide_e4,0.001,0.1,uniform,0.0001,separable,qmetrology.algorithms.find_phi_fixed_budget_separable,254855,{},False,"42,43",,,0,0,0,{},,,,,,,,{},{},2024,50000,0.08056
"U(0.001,0.1), eps=1e-04",wide_e4,0.001,0.1,uniform,0.0001,separable,qmetrology.algorithms.find_phi_fixed_budget_separable,361024,{},False,"42,43",,,0,0,0,{},,,,,,,,{},{},2024,50000,0.09818
"U(0.001,0.1), eps=1e-04",wide_e4,0.001,0.1,uniform,0.0001,separable,qmetrology.algorithms.find_phi_fixed_budget_separable,511421,{},False,"42,43",,,0,0,0,{},,,,,,,,{},{},2024,50000,0.1162
"U(0.001,0.1), eps=1e-04",wide_e4,0.001,0.1,uniform,0.0001,separable,qmetrology.algorithms.find_phi_fixed_budget_separable,724471,{},False,"42,43",,,0,0,0,{},,,,,,,,{},{},2024,50000,0.13648
"U(0.001,0.1), eps=1e-04",wide_e4,0.001,0.1,uniform,0.0001,separable,qmetrology.algorithms.find_phi_fixed_budget_separable,1026274,{},False,"42,43",,,0,0,0,{},,,,,,,,{},{},2024,50000,0.16192
"U(0.001,0.1), eps=1e-04",wide_e4,0.001,0.1,uniform,0.0001,separable,qmetrology.algorithms.find_phi_fixed_budget_separable,1453804,{},False,"42,43",,,0,0,0,{},,,,,,,,{},{},2024,50000,0.193
"U(0.001,0.1), eps=1e-04",wide_e4,0.001,0.1,uniform,0.0001,separable,qmetrology.algorithms.find_phi_fixed_budget_separable,2059436,{},False,"42,43",,,0,0,0,{},,,,,,,,{},{},2024,50000,0.22728
"U(0.001,0.1), eps=1e-04",wide_e4,0.001,0.1,uniform,0.0001,separable,qmetrology.algorithms.find_phi_fixed_budget_separable,2917365,{},False,"42,43",,,0,0,0,{},,,,,,,,{},{},2024,50000,0.26932
"U(0.001,0.1), eps=1e-04",wide_e4,0.001,0.1,uniform,0.0001,separable,qmetrology.algorithms.find_phi_fixed_budget_separable,4132694,{},False,"42,43",,,0,0,0,{},,,,,,,,{},{},2024,50000,0.31714
"U(0.001,0.1), eps=1e-04",wide_e4,0.001,0.1,uniform,0.0001,separable,qmetrology.algorithms.find_phi_fixed_budget_separable,5854310,{},False,"42,43",,,0,0,0,{},,,,,,,,{},{},2024,50000,0.37182
"U(0.001,0.1), eps=1e-04",wide_e4,0.001,0.1,uniform,0.0001,separable,qmetrology.algorithms.find_phi_fixed_budget_separable,8293124,{},False,"42,43",,,0,0,0,{},,,,,,,,{},{},2024,50000,0.43536
"U(0.001,0.1), eps=1e-04",wide_e4,0.001,0.1,uniform,0.0001,separable,qmetrology.algorithms.find_phi_fixed_budget_separable,11747910,{},False,"42,43",,,0,0,0,{},,,,,,,,{},{},2024,50000,0.50808
"U(0.001,0.1), eps=1e-04",wide_e4,0.001,0.1,uniform,0.0001,separable,qmetrology.algorithms.find_phi_fixed_budget_separable,16641905,{},False,"42,43",,,0,0,0,{},,,,,,,,{},{},2024,50000,0.5865
"U(0.001,0.1), eps=1e-04",wide_e4,0.001,0.1,uniform,0.0001,separable,qmetrology.algorithms.find_phi_fixed_budget_separable,23574663,{},False,"42,43",,,0,0,0,{},,,,,,,,{},{},2024,50000,0.66978
"U(0.001,0.1), eps=1e-04",wide_e4,0.001,0.1,uniform,0.0001,separable,qmetrology.algorithms.find_phi_fixed_budget_separable,33395498,{},False,"42,43",,,0,0,0,{},,,,,,,,{},{},2024,50000,0.75334
"U(0.001,0.1), eps=1e-04",wide_e4,0.001,0.1,uniform,0.0001,separable,qmetrology.algorithms.find_phi_fixed_budget_separable,47307541,{},False,"42,43",,,0,0,0,{},,,,,,,,{},{},2024,50000,0.83314
"U(0.001,0.1), eps=1e-04",wide_e4,0.001,0.1,uniform,0.0001,separable,qmetrology.algorithms.find_phi_fixed_budget_separable,67015122,{},False,"42,43",,,0,0,0,{},,,,,,,,{},{},2024,50000,0.89942
"U(0.001,0.1), eps=1e-04",wide_e4,0.001,0.1,uniform,0.0001,separable,qmetrology.algorithms.find_phi_fixed_budget_separable,94932574,{},False,"42,43",,,0,0,0,{},,,,,,,,{},{},2024,50000,0.94942
"U(0.001,0.1), eps=1e-04",wide_e4,0.001,0.1,uniform,0.0001,separable,qmetrology.algorithms.find_phi_fixed_budget_separable,134480000,{},False,"42,43",,,0,0,0,{},,,,,,,,{},{},2024,50000,0.97978
